ticker,name,exchange,financial_status,status,first_seen,last_seen
A,"Agilent Technologies, Inc. Common Stock",NYSE,N,active,2026-07-11,2026-10-08
AA,Alcoa Corporation Common Stock ,NYSE,N,active,2026-07-11,2026-10-08
AAAP,Pacer Barings CLO Market Flex ETF,NASDAQ,N,active,2026-07-11,2026-10-08
AACB,Artius II Acquisition Inc. - Class A Ordinary Shares,NASDAQ,D,removed,2026-07-11,2026-08-19
AACG,"ATA Creativity Global - American Depositary Shares, each representing two common shares",NASDAQ,D,active,2026-07-11,2026-10-08
AACI,Armada Acquisition Corp. III - Class A Ordinary Share,NASDAQ,N,active,2026-07-11,2026-10-08
AACO,Abony Acquisition Corp. I - Class A Ordinary Share,NASDAQ,N,active,2026-07-11,2026-10-08
AACP,Apogee Acquisition Corp - Class A Ordinary Shares,NASDAQ,N,active,2026-07-11,2026-10-08
AADR,AdvisorShares Dorsey Wright ADR ETF,NASDAQ,N,active,2026-07-11,2026-10-08
AADX,"Applied Aerospace & Defense, Inc. Common Stock",NYSE,N,active,2026-07-11,2026-10-08
AAEQ,Alpha Architect US Equity 2 ETF,NASDAQ,N,active,2026-07-11,2026-10-08
AAL,"American Airlines Group, Inc. - Common Stock",NASDAQ,N,active,2026-07-11,2026-10-08
AALG,Leverage Shares 2X Long AAL Daily ETF,NASDAQ,N,active,2026-07-11,2026-10-08
AAME,Atlantic American Corporation - Common Stock,NASDAQ,E,active,2026-07-11,2026-10-08
AAMI,Acadian Asset Management Inc. Common Stock,NYSE,N,active,2026-07-11,2026-10-08
AAOI,"Applied Optoelectronics, Inc. - Common Stock",NASDAQ,N,active,2026-07-11,2026-10-08
AAON,"AAON, Inc. - Common Stock",NASDAQ,N,active,2026-07-11,2026-10-08
AAP,Advance Auto Parts Inc.,NYSE,N,active,2026-07-11,2026-10-08
AAPB,GraniteShares 2x Long AAPL Daily ETF,NASDAQ,N,active,2026-07-11,2026-10-08
AAPD,Direxion Daily AAPL Bear 1X ETF,NASDAQ,N,active,2026-07-11,2026-10-08
AAPG,Ascentage Pharma Group International - American Depository Shares,NASDAQ,N,active,2026-07-11,2026-10-08
AAPL,Apple Inc. - Common Stock,NASDAQ,N,active,2026-07-11,2026-10-08
AAPU,Direxion Daily AAPL Bull 2X ETF,NASDAQ,N,active,2026-07-11,2026-10-08
AARD,"Aardvark Therapeutics, Inc. - Common Stock",NASDAQ,N,active,2026-07-11,2026-10-08
AAT,"American Assets Trust, Inc. Common Stock",NYSE,N,active,2026-07-11,2026-10-08
AAUC,Allied Gold Corporation Common Shares,NYSE,N,active,2026-07-11,2026-10-08
AAUS,Alpha Architect US Equity ETF,NASDAQ,N,active,2026-07-11,2026-10-08
AAVM,Alpha Architect Global Factor Equity ETF,NASDAQ,N,active,2026-07-11,2026-10-08
AAXJ,iShares MSCI All Country Asia ex Japan ETF,NASDAQ,N,active,2026-07-11,2026-10-08
ABAT,American Battery Technology Company - Common Stock,NASDAQ,N,active,2026-07-11,2026-10-08
ABBV,AbbVie Inc. Common Stock,NYSE,N,active,2026-07-11,2026-10-08
ABCB,Ameris Bancorp Common Stock,NYSE,N,active,2026-07-11,2026-10-08
ABCL,AbCellera Biologics Inc. - Common Shares,NASDAQ,N,active,2026-07-11,2026-10-08
ABCS,Alpha Blue Capital US Small-Mid Cap Dynamic ETF,NASDAQ,N,active,2026-07-11,2026-10-08
ABEO,Abeona Therapeutics Inc. - Common Stock,NASDAQ,N,active,2026-07-11,2026-10-08
ABEV,Ambev S.A. American Depositary Shares (Each representing 1 Common Share),NYSE,N,active,2026-07-11,2026-10-08
ABG,Asbury Automotive Group Inc Common Stock,NYSE,N,active,2026-07-11,2026-10-08
ABI,VictoryShares Pioneer Asset-Based Income ETF,NASDAQ,N,active,2026-07-11,2026-10-08
ABIG,Argent Large Cap ETF,NASDAQ,N,active,2026-07-11,2026-10-08
ABLV,Able View Global Inc. - Class B Ordinary Shares,NASDAQ,N,active,2026-07-11,2026-10-08
ABM,ABM Industries Incorporated Common Stock,NYSE,N,active,2026-07-11,2026-10-08
ABNB,"Airbnb, Inc. - Class A Common Stock",NASDAQ,N,active,2026-07-11,2026-10-08
ABNG,Leverage Shares 2x Long ABNB Daily ETF,NASDAQ,N,removed,2026-07-11,2026-07-28
ABOS,"Acumen Pharmaceuticals, Inc. - Common Stock",NASDAQ,N,active,2026-07-11,2026-10-08
ABR,Arbor Realty Trust Common Stock,NYSE,N,active,2026-07-11,2026-10-08
ABSI,Absci Corporation - Common Stock,NASDAQ,N,active,2026-07-11,2026-10-08
ABT,Abbott Laboratories Common Stock,NYSE,N,active,2026-07-11,2026-10-08
ABTC,American Bitcoin Corp. - Class A Common Stock,NASDAQ,N,active,2026-07-11,2026-10-08
ABTS,Abits Group Inc - Ordinary Shares,NASDAQ,N,active,2026-07-11,2026-10-08
ABUS,Arbutus Biopharma Corporation - Common Stock,NASDAQ,N,active,2026-07-11,2026-10-08
ABVC,"ABVC BioPharma, Inc. - Common Stock",NASDAQ,N,active,2026-07-11,2026-10-08
ABVX,Abivax SA - American Depositary Shares,NASDAQ,N,active,2026-07-11,2026-10-08
ABX,"Abacus Global Management, Inc. Class A Common Stock",NYSE,N,active,2026-07-11,2026-10-08
ACA,"Arcosa, Inc. Common Stock ",NYSE,N,active,2026-07-11,2026-10-08
ACAA,Averin Capital Acquisition Corp. - Class A Ordinary Shares,NASDAQ,N,active,2026-07-11,2026-10-08
ACAD,ACADIA Pharmaceuticals Inc. - Common Stock,NASDAQ,N,active,2026-07-11,2026-10-08
ACB,Aurora Cannabis Inc. - Common Shares,NASDAQ,N,active,2026-07-11,2026-10-08
ACCL,Acco Group Holdings Limited - Class A Ordinary Shares,NASDAQ,N,active,2026-07-11,2026-10-08
ACCO,Acco Brands Corporation Common Stock,NYSE,N,active,2026-07-11,2026-10-08
ACCS,ACCESS Newswire Inc. Common Stock,NYSE American,N,active,2026-07-11,2026-10-08
ACDC,ProFrac Holding Corp. - Class A Common Stock,NASDAQ,N,active,2026-07-11,2026-10-08
ACEL,"Accel Entertainment, Inc. ",NYSE,N,active,2026-07-11,2026-10-08
ACEP,ARS Core Equity Portfolio ETF,NASDAQ,N,active,2026-07-11,2026-10-08
ACET,"Adicet Bio, Inc. - Common Stock",NASDAQ,N,active,2026-07-11,2026-10-08
ACFN,"Acorn Energy, Inc. - Common Stock",NASDAQ,N,active,2026-07-11,2026-10-08
ACGC,ACP Holdings Acquisition Corp. - Class A Ordinary Shares,NASDAQ,N,active,2026-07-11,2026-10-08
ACGL,Arch Capital Group Ltd. - Common Stock,NASDAQ,N,active,2026-07-11,2026-10-08
ACH,"Accendra Health, Inc. Common Stock",NYSE,N,active,2026-07-11,2026-10-08
ACHC,"Acadia Healthcare Company, Inc. - Common Stock",NASDAQ,N,active,2026-07-11,2026-10-08
ACHR,Archer Aviation Inc. Class A Common Stock,NYSE,N,active,2026-07-11,2026-10-08
ACHV,"Achieve Life Sciences, Inc.  - Common Shares",NASDAQ,N,active,2026-07-11,2026-10-08
ACI,"Albertsons Companies, Inc. Class A Common Stock",NYSE,N,active,2026-07-11,2026-10-08
ACIC,American Coastal Insurance Corporation - Common Stock,NASDAQ,N,active,2026-07-11,2026-10-08
ACIU,AC Immune SA - Common Stock,NASDAQ,N,active,2026-07-11,2026-10-08
ACIW,"ACI Worldwide, Inc. - Common Stock",NASDAQ,N,active,2026-07-11,2026-10-08
ACLO,TCW AAA CLO ETF,NYSE,N,active,2026-07-11,2026-10-08
ACLS,"Axcelis Technologies, Inc. - Common Stock",NASDAQ,N,active,2026-07-11,2026-10-08
ACM,AECOM Common Stock,NYSE,N,active,2026-07-11,2026-10-08
ACMR,"ACM Research, Inc. - Class A Common Stock",NASDAQ,N,active,2026-07-11,2026-10-08
ACN,Accenture plc Class A Ordinary Shares (Ireland),NYSE,N,active,2026-07-11,2026-10-08
ACNB,ACNB Corporation - Common Stock,NASDAQ,N,active,2026-07-11,2026-10-08
ACNT,Ascent Industries Co. - Common Stock,NASDAQ,N,active,2026-07-11,2026-10-08
ACOG,Alpha Cognition Inc. - Common Stock,NASDAQ,N,active,2026-07-11,2026-10-08
ACON,"Aclarion, Inc. - Common Stock",NASDAQ,N,active,2026-07-11,2026-10-08
ACP,abrdn Income Credit Strategies Fund Common Shares,NYSE,N,active,2026-07-11,2026-10-08
ACR,ACRES Commercial Realty Corp. Common Stock,NYSE,N,active,2026-07-11,2026-10-08
ACRE,Ares Commercial Real Estate Corporation Common Stock,NYSE,N,active,2026-07-11,2026-10-08
ACRS,"Aclaris Therapeutics, Inc. - Common Stock",NASDAQ,N,active,2026-07-11,2026-10-08
ACRV,"Acrivon Therapeutics, Inc. - Common Stock",NASDAQ,N,active,2026-07-11,2026-10-08
ACT,"Enact Holdings, Inc. - Common Stock",NASDAQ,N,active,2026-07-11,2026-10-08
ACTG,Acacia Research Corporation - Common Stock,NASDAQ,N,active,2026-07-11,2026-10-08
ACTU,"Actuate Therapeutics, Inc. - Common stock",NASDAQ,D,active,2026-07-11,2026-10-08
ACU,Acme United Corporation. Common Stock,NYSE American,N,active,2026-07-11,2026-10-08
ACV,Virtus Diversified Income & Convertible Fund Common Shares of Beneficial Interest,NYSE,N,active,2026-07-11,2026-10-08
ACVA,ACV Auctions Inc. Class A Common Stock,NYSE,N,active,2026-07-11,2026-10-08
ACWI,iShares MSCI ACWI ETF,NASDAQ,N,active,2026-07-11,2026-10-08
ACWX,iShares MSCI ACWI ex U.S. ETF,NASDAQ,N,active,2026-07-11,2026-10-08
ACXP,"Acurx Pharmaceuticals, Inc. - Common Stock",NASDAQ,N,active,2026-07-11,2026-10-08
AD,"Array Digital Infrastructure, Inc. Common Shares",NYSE,N,active,2026-07-11,2026-10-08
ADAC,American Drive Acquisition Company - Class A Ordinary Shares,NASDAQ,N,active,2026-07-11,2026-10-08
ADAG,"Adagene Inc. - ADS, each representing 1.25 ordinary shares",NASDAQ,N,active,2026-07-11,2026-10-08
ADAM,"Adamas Trust, Inc. - Common Stock",NASDAQ,N,active,2026-07-11,2026-10-08
ADBE,Adobe Inc. - Common Stock,NASDAQ,N,active,2026-07-11,2026-10-08
ADBG,Leverage Shares 2X Long ADBE Daily ETF,NASDAQ,N,active,2026-07-11,2026-10-08
ADC,Agree Realty Corporation Common Stock,NYSE,N,active,2026-07-11,2026-10-08
ADCT,ADC Therapeutics SA Common Shares,NYSE,N,active,2026-07-11,2026-10-08
ADEA,Adeia Inc.  - Common Stock,NASDAQ,N,active,2026-07-11,2026-10-08
ADGM,"Adagio Medical Holdings, Inc - Common Stock",NASDAQ,D,active,2026-07-11,2026-10-08
ADI,"Analog Devices, Inc. - Common Stock",NASDAQ,N,active,2026-07-11,2026-10-08
ADIL,"Adial Pharmaceuticals, Inc - Common Stock",NASDAQ,D,active,2026-07-11,2026-10-08
ADM,Archer-Daniels-Midland Company Common Stock,NYSE,N,active,2026-07-11,2026-10-08
ADMA,ADMA Biologics Inc - Common Stock,NASDAQ,N,active,2026-07-11,2026-10-08
ADNT,Adient plc Ordinary Shares ,NYSE,N,active,2026-07-11,2026-10-08
ADP,"Automatic Data Processing, Inc. - Common Stock",NASDAQ,N,active,2026-07-11,2026-10-08
ADPT,Adaptive Biotechnologies Corporation - Common Stock,NASDAQ,N,active,2026-07-11,2026-10-08
ADSE,ADS-TEC ENERGY PLC - Ordinary Shares,NASDAQ,N,active,2026-07-11,2026-10-08
ADSK,"Autodesk, Inc. - Common Stock",NASDAQ,N,active,2026-07-11,2026-10-08
ADT,ADT Inc. Common Stock,NYSE,N,active,2026-07-11,2026-10-08
ADTN,"ADTRAN Holdings, Inc. - Common Stock",NASDAQ,N,active,2026-07-11,2026-10-08
ADUR,Aduro Clean Technologies Inc. - Common Stock,NASDAQ,N,active,2026-07-11,2026-10-08
ADUS,Addus HomeCare Corporation - Common Stock,NASDAQ,N,active,2026-07-11,2026-10-08
ADV,Advantage Solutions Inc.  - Class A Common Stock,NASDAQ,N,active,2026-07-11,2026-10-08
ADVB,Advanced Biomed Inc. - Common Stock,NASDAQ,N,active,2026-07-11,2026-10-08
ADX,Adams Diversified Equity Fund Inc.,NYSE,N,active,2026-07-11,2026-10-08
ADXN,Addex Therapeutics Ltd - American Depositary Shares,NASDAQ,N,active,2026-07-11,2026-10-08
AEAQ,Activate Energy Acquisition Corp. - Class A Ordinary Share,NASDAQ,N,active,2026-07-11,2026-10-08
AEBI,Aebi Schmidt Holding AG - Common Stock,NASDAQ,N,active,2026-07-11,2026-10-08
AEC,Anfield Energy Inc. - Common Shares,NASDAQ,N,active,2026-07-11,2026-10-08
AEE,Ameren Corporation Common Stock,NYSE,N,active,2026-07-11,2026-10-08
AEF,"abrdn Emerging Markets ex-China Fund, Inc. Common Stock",NYSE American,N,active,2026-07-11,2026-10-08
AEG,Aegon Ltd. New York Registry Shares,NYSE,N,active,2026-07-11,2026-10-08
AEHL,Antelope Enterprise Holdings Limited - Class A Ordinary Shares,NASDAQ,N,active,2026-07-11,2026-10-08
AEHR,Aehr Test Systems - Common Stock,NASDAQ,N,active,2026-07-11,2026-10-08
AEI,Alset Inc. - Common Stock,NASDAQ,N,active,2026-07-11,2026-10-08
AEIS,"Advanced Energy Industries, Inc. - Common Stock",NASDAQ,N,active,2026-07-11,2026-10-08
AEM,Agnico Eagle Mines Limited Common Stock,NYSE,N,active,2026-07-11,2026-10-08
AEMD,"Aethlon Medical, Inc. - Common Stock",NASDAQ,N,active,2026-07-11,2026-10-08
AENT,Alliance Entertainment Holding Corporation - common stock,NASDAQ,N,active,2026-07-11,2026-10-08
AEO,"American Eagle Outfitters, Inc. Common Stock",NYSE,N,active,2026-07-11,2026-10-08
AEON,"AEON Biopharma, Inc. Class A Common Stock",NYSE American,N,active,2026-07-11,2026-10-08
AEP,"American Electric Power Company, Inc. - Common Stock",NASDAQ,N,active,2026-07-11,2026-10-08
AER,AerCap Holdings N.V. Ordinary Shares,NYSE,N,active,2026-07-11,2026-10-08
AERO,"Grupo Aeromexico, S.A.B. de C.V. American Depositary Shares (each representing ten (10) Common Shares)",NYSE,N,active,2026-07-11,2026-10-08
AERT,"Aeries Technology, Inc. - Class A Ordinary Share",NASDAQ,N,active,2026-07-11,2026-10-08
AES,The AES Corporation Common Stock,NYSE,N,active,2026-07-11,2026-10-08
AESI,Atlas Energy Solutions Inc. Common Stock,NYSE,N,active,2026-07-11,2026-10-08
AESP,Aeon Acquisition I Corp. - Class A Ordinary Shares,NASDAQ,N,active,2026-07-11,2026-10-08
AEVA,"Aeva Technologies, Inc. - Common Stock",NASDAQ,N,active,2026-07-11,2026-10-08
AEXA,American Exceptionalism Acquisition Corp. A Class A Ordinary Shares,NYSE,N,active,2026-07-11,2026-10-08
AEYE,"AudioEye, Inc. - Common Stock",NASDAQ,N,active,2026-07-11,2026-10-08
AFB,AllianceBernstein National Municipal Income Fund Inc,NYSE,N,active,2026-07-11,2026-10-08
AFBI,"Affinity Bancshares, Inc. - Common Stock",NASDAQ,N,removed,2026-07-11,2026-07-31
AFCG,Advanced Flower Capital Inc. - Common Stock,NASDAQ,N,active,2026-07-11,2026-10-08
AFG,"American Financial Group, Inc. Common Stock",NYSE,N,active,2026-07-11,2026-10-08
AFJK,"Aimei Health Technology Co., Ltd - Ordinary Share",NASDAQ,D,active,2026-07-11,2026-10-08
AFL,AFLAC Incorporated Common Stock,NYSE,N,active,2026-07-11,2026-10-08
AFOS,ARS Focused Opportunity Strategy ETF,NASDAQ,N,active,2026-07-11,2026-10-08
AFRI,Forafric Global PLC - Ordinary Shares,NASDAQ,N,active,2026-07-11,2026-10-08
AFRM,"Affirm Holdings, Inc. - Class A Common Stock",NASDAQ,N,active,2026-07-11,2026-10-08
AFSC,abrdn Focused U.S. Small Cap Active ETF,NASDAQ,N,active,2026-07-11,2026-10-08
AFYA,Afya Limited - Class A Common Shares,NASDAQ,N,active,2026-07-11,2026-10-08
AG,First Majestic Silver Corp. Ordinary Shares (Canada),NYSE,N,active,2026-07-11,2026-10-08
AGBK,AGI Inc Class A Common Shares,NYSE,N,active,2026-07-11,2026-10-08
AGCC,Agencia Comercial Spirits Ltd - Class A Ordinary Share,NASDAQ,N,active,2026-07-11,2026-10-08
AGCO,AGCO Corporation Common Stock,NYSE,N,active,2026-07-11,2026-10-08
AGD,abrdn Global Dynamic Dividend Fund Common Shares of Beneficial Interest,NYSE,N,active,2026-07-11,2026-10-08
AGEM,abrdn Emerging Markets Dividend Active ETF,NASDAQ,N,active,2026-07-11,2026-10-08
AGEN,Agenus Inc. - Common Stock,NASDAQ,N,active,2026-07-11,2026-10-08
AGGA,EA Astoria Beacon Dynamic Core US Fixed Income ETF,NASDAQ,N,active,2026-07-11,2026-10-08
AGI,Alamos Gold Inc. Class A Common Shares,NYSE,N,active,2026-07-11,2026-10-08
AGIG,Abundia Global Impact Group Inc. Common stock,NYSE American,N,active,2026-07-11,2026-10-08
AGIO,"Agios Pharmaceuticals, Inc. - Common Stock",NASDAQ,N,active,2026-07-11,2026-10-08
AGIX,KraneShares Public-Private AI & Technology ETF,NASDAQ,N,active,2026-07-11,2026-10-08
AGL,"agilon health, inc. Common Stock",NYSE,N,active,2026-07-11,2026-10-08
AGM,Federal Agricultural Mortgage Corporation Common Stock,NYSE,N,active,2026-07-11,2026-10-08
AGM-A,Federal Agricultural Mortgage Corporation Common Stock,NYSE,N,active,2026-07-11,2026-10-08
AGMB,AgomAb Therapeutics NV - ADRs representing one common share.,NASDAQ,N,active,2026-07-11,2026-10-08
AGMH,AGM Group Holdings Inc. - Class A Ordinary Shares,NASDAQ,N,active,2026-07-11,2026-10-08
AGMI,Themes Silver Miners ETF,NASDAQ,N,active,2026-07-11,2026-10-08
AGNC,AGNC Investment Corp. - Common Stock,NASDAQ,N,active,2026-07-11,2026-10-08
AGNG,Global X Aging Population ETF,NASDAQ,N,active,2026-07-11,2026-10-08
AGNT,"AGNT, Inc. - Common Stock",NASDAQ,N,active,2026-07-11,2026-10-08
AGO,Assured Guaranty Ltd. Common Stock,NYSE,N,active,2026-07-11,2026-10-08
AGPU,Axe Compute Inc. - Common Stock,NASDAQ,N,active,2026-07-11,2026-10-08
AGRO,Adecoagro S.A. Common Shares,NYSE,N,active,2026-07-11,2026-10-08
AGRZ,Agroz Inc. - Ordinary Shares,NASDAQ,H,active,2026-07-11,2026-10-08
AGX,"Argan, Inc. Common Stock",NYSE,N,active,2026-07-11,2026-10-08
AGYS,"Agilysys, Inc. - Common Stock",NASDAQ,N,active,2026-07-11,2026-10-08
AGZD,WisdomTree Interest Rate Hedged U.S. Aggregate Bond Fund,NASDAQ,N,active,2026-07-11,2026-10-08
AHCO,AdaptHealth Corp.  - Common Stock,NASDAQ,N,active,2026-07-11,2026-10-08
AHD,GraniteShares Autocallable HOOD ETF,NASDAQ,N,active,2026-07-11,2026-10-08
AHG,Akso Health Group - American Depositary Shares,NASDAQ,N,active,2026-07-11,2026-10-08
AHL$D,Aspen Insurance Holdings Limited 5.625% Perpetual Non-Cumulative Preference Shares,NYSE,N,active,2026-07-11,2026-10-08
AHL$E,"Aspen Insurance Holdings Limited Depositary Shares, each representing a 1/1000th interest in a share of 5.625% Perpetual Non-Cumulative Preference Shares",NYSE,N,active,2026-07-11,2026-10-08
AHL$F,"Aspen Insurance Holdings Limited Depositary Shares, each representing a 1/1,000th Interest in a 7.00% Perpetual Non-Cumulative Preference Share",NYSE,N,active,2026-07-11,2026-10-08
AHMA,Ambitions Enterprise Management Co. L.L.C - Class A Ordinary Shares,NASDAQ,N,active,2026-07-11,2026-10-08
AHR,"American Healthcare REIT, Inc. Common Stock",NYSE,N,active,2026-07-11,2026-10-08
AHRT,"AH Realty Trust, Inc. Common Stock",NYSE,N,active,2026-07-11,2026-10-08
AHT,Ashford Hospitality Trust Inc Common Stock,NYSE,N,active,2026-07-11,2026-10-08
AI,"C3.ai, Inc. Class A Common Stock",NYSE,N,active,2026-07-11,2026-10-08
AIA,iShares Asia 50 ETF,NASDAQ,N,active,2026-07-11,2026-10-08
AIAI,AIAI Holdings Corporation - Class A common stock,NASDAQ,N,active,2026-07-11,2026-10-08
AIB,AIB Data Centers Inc. Common Stock,NYSE American,N,active,2026-07-11,2026-10-08
AIBZ,Bitzero Holdings Inc. - Common Shares,NASDAQ,N,active,2026-07-11,2026-10-08
AIDX,"20/20 Biolabs, Inc. - Common Stock",NASDAQ,D,active,2026-07-11,2026-10-08
AIFA,"All In FutureTech Alliance, Inc. - Common Stock",NASDAQ,N,active,2026-07-11,2026-10-08
AIFC,AI Financial Corporation - Common Stock,NASDAQ,D,active,2026-07-11,2026-10-08
AIFD,TCW Artificial Intelligence ETF,NASDAQ,N,active,2026-07-11,2026-10-08
AIFF,"Firefly Neuroscience, Inc.  - Common Stock",NASDAQ,N,active,2026-07-11,2026-10-08
AIFU,AIFU Inc. - Class A Ordinary Share,NASDAQ,N,active,2026-07-11,2026-10-08
AIG,"American International Group, Inc. New Common Stock",NYSE,N,active,2026-07-11,2026-10-08
AIHS,Senmiao Technology Limited - Common Stock,NASDAQ,N,removed,2026-07-11,2026-08-27
AII,"American Integrity Insurance Group, Inc. Common Stock",NYSE,N,active,2026-07-11,2026-10-08
AIIA,AI Infrastructure Acquisition Corp. Class A Ordinary Shares,NYSE,N,active,2026-07-11,2026-10-08
AIIO,Robo.ai Inc. - Class B Ordinary Shares,NASDAQ,N,active,2026-07-11,2026-10-08
AIIR,Air Global PLC - Ordinary shares,NASDAQ,N,active,2026-07-11,2026-10-08
AIM,AIM ImmunoTech Inc. Common Stock,NYSE American,N,active,2026-07-11,2026-10-08
AIMD,"Ainos, Inc. - Common Stock",NASDAQ,N,active,2026-07-11,2026-10-08
AIMS,Acuitas Small Cap Active ETF,NASDAQ,N,active,2026-07-11,2026-10-08
AIN,Albany International Corporation Common Stock,NYSE,N,active,2026-07-11,2026-10-08
AIO,Virtus Artificial Intelligence & Technology Opportunities Fund Common Shares of Beneficial Interest,NYSE,N,active,2026-07-11,2026-10-08
AIOS,AIOS Tech Inc. - Class A Common Shares,NASDAQ,N,active,2026-07-11,2026-10-08
AIOT,"PowerFleet, Inc. - Common Stock",NASDAQ,N,active,2026-07-11,2026-10-08
AIP,"Arteris, Inc.  - Common Stock",NASDAQ,N,active,2026-07-11,2026-10-08
AIPI,REX AI Equity Premium Income ETF,NASDAQ,N,active,2026-07-11,2026-10-08
AIPO,Defiance AI & Power Infrastructure ETF,NASDAQ,N,active,2026-07-11,2026-10-08
AIQ,Global X Artificial Intelligence & Technology ETF,NASDAQ,N,active,2026-07-11,2026-10-08
AIR,AAR Corp. Common Stock,NYSE,N,active,2026-07-11,2026-10-08
AIRE,reAlpha Tech Corp. - Common Stock,NASDAQ,N,active,2026-07-11,2026-10-08
AIRG,"Airgain, Inc. - Common Stock",NASDAQ,N,active,2026-07-11,2026-10-08
AIRI,Air Industries Group Common Stock,NYSE American,N,active,2026-07-11,2026-10-08
AIRJ,AirJoule Technologies Corporation - Class A Common Stock,NASDAQ,N,active,2026-07-11,2026-10-08
AIRO,"AIRO Group Holdings, Inc. - Common Stock",NASDAQ,N,active,2026-07-11,2026-10-08
AIRR,First Trust RBA American Industrial Renaissance ETF,NASDAQ,N,active,2026-07-11,2026-10-08
AIRS,"AirSculpt Technologies, Inc. - Common Stock",NASDAQ,N,active,2026-07-11,2026-10-08
AIRT,"Air T, Inc. - Common Stock",NASDAQ,N,active,2026-07-11,2026-10-08
AISP,"Airship AI Holdings, Inc - Class A Common Stock",NASDAQ,N,active,2026-07-11,2026-10-08
AIT,"Applied Industrial Technologies, Inc. Common Stock",NYSE,N,active,2026-07-11,2026-10-08
AIV,Apartment Investment and Management Company Common Stock,NYSE,N,active,2026-07-11,2026-10-08
AIX,Defiance US 100 Tech AI Moat ETF,NASDAQ,N,active,2026-07-11,2026-10-08
AIXC,"AIxCrypto Holdings, Inc. - Common Stock",NASDAQ,N,removed,2026-07-11,2026-09-30
AIXI,XIAO-I Corporation - American Depositary Shares,NASDAQ,D,active,2026-07-11,2026-10-08
AIZ,"Assurant, Inc. Common Stock",NYSE,N,active,2026-07-11,2026-10-08
AJG,Arthur J. Gallagher & Co. Common Stock,NYSE,N,active,2026-07-11,2026-10-08
AKA,a.k.a. Brands Holding Corp. Common Stock,NYSE,N,active,2026-07-11,2026-10-08
AKAF,The Frontier Economic Fund,NYSE,N,active,2026-07-11,2026-10-08
AKAM,"Akamai Technologies, Inc. - Common Stock",NASDAQ,N,active,2026-07-11,2026-10-08
AKAN,Akanda Corp. - Common Shares,NASDAQ,D,active,2026-07-11,2026-10-08
AKBA,"Akebia Therapeutics, Inc. - Common Stock",NASDAQ,N,active,2026-07-11,2026-10-08
AKO-A,Embotelladora Andina S.A. Common Stock,NYSE,N,active,2026-07-11,2026-10-08
AKO-B,Embotelladora Andina S.A. Common Stock,NYSE,N,active,2026-07-11,2026-10-08
AKR,Acadia Realty Trust Common Stock,NYSE,N,active,2026-07-11,2026-10-08
AKTS,"Aktis Oncology, Inc. - Common stock",NASDAQ,N,active,2026-07-11,2026-10-08
AKTX,Akari Therapeutics Plc - American Depositary Shares,NASDAQ,N,active,2026-07-11,2026-10-08
ALAB,"Astera Labs, Inc. - Common Stock",NASDAQ,N,active,2026-07-11,2026-10-08
ALAR,Alarum Technologies Ltd. - American Depositary Shares,NASDAQ,N,active,2026-07-11,2026-10-08
ALB,Albemarle Corporation Common Stock,NYSE,N,active,2026-07-11,2026-10-08
ALBG,Leverage Shares 2X Long ALB Daily ETF,NASDAQ,N,active,2026-07-11,2026-10-08
ALBT,Avalon GloboCare Corp. - Common Stock,NASDAQ,D,removed,2026-07-11,2026-07-21
ALC,Alcon Inc. Ordinary Shares,NYSE,N,active,2026-07-11,2026-10-08
ALCO,"Alico, Inc. - Common Stock",NASDAQ,N,active,2026-07-11,2026-10-08
ALDF,Aldel Financial II Inc. - Class A Ordinary Shares,NASDAQ,D,active,2026-07-11,2026-10-08
ALDX,"Aldeyra Therapeutics, Inc. - Common Stock",NASDAQ,N,active,2026-07-11,2026-10-08
ALEC,"Alector, Inc. - Common Stock",NASDAQ,N,active,2026-07-11,2026-10-08
ALF,Centurion Acquisition Corp. - Class A Ordinary Shares,NASDAQ,N,active,2026-07-11,2026-10-08
ALG,"Alamo Group, Inc. Common Stock",NYSE,N,active,2026-07-11,2026-10-08
ALGM,"Allegro MicroSystems, Inc. - Common Stock",NASDAQ,N,active,2026-07-11,2026-10-08
ALGN,"Align Technology, Inc. - Common Stock",NASDAQ,N,active,2026-07-11,2026-10-08
ALGS,"Aligos Therapeutics, Inc. - Common stock",NASDAQ,N,active,2026-07-11,2026-10-08
ALGT,Allegiant Travel Company - Common Stock,NASDAQ,N,active,2026-07-11,2026-10-08
ALH,Alliance Laundry Holdings Inc. Common Stock,NYSE,N,active,2026-07-11,2026-10-08
ALHC,"Alignment Healthcare, Inc. - Common Stock",NASDAQ,N,active,2026-07-11,2026-10-08
ALIL,Argent Focused Small Cap ETF,NASDAQ,N,active,2026-07-11,2026-10-08
ALIS,Calisa Acquisition Corp - Ordinary shares,NASDAQ,D,active,2026-07-11,2026-10-08
ALIT,"Alight, Inc. Class A Common Stock",NYSE,N,active,2026-07-11,2026-10-08
ALK,"Alaska Air Group, Inc. Common Stock",NYSE,N,active,2026-07-11,2026-10-08
ALKS,Alkermes plc - Ordinary Shares,NASDAQ,N,active,2026-07-11,2026-10-08
ALKT,"Alkami Technology, Inc. - Common Stock",NASDAQ,N,active,2026-07-11,2026-10-08
ALL,Allstate Corporation (The) Common Stock,NYSE,N,active,2026-07-11,2026-10-08
ALLE,Allegion plc Ordinary Shares,NYSE,N,active,2026-07-11,2026-10-08
ALLO,"Allogene Therapeutics, Inc. - Common Stock",NASDAQ,N,active,2026-07-11,2026-10-08
ALLR,"Allarity Therapeutics, Inc. - Common stock",NASDAQ,N,active,2026-07-11,2026-10-08
ALLT,Allot Ltd. - Ordinary Shares,NASDAQ,N,active,2026-07-11,2026-10-08
ALLW,State Street Bridgewater All Weather ETF,NASDAQ,N,active,2026-07-11,2026-10-08
ALLY,Ally Financial Inc. Common Stock,NYSE,N,active,2026-07-11,2026-10-08
ALM,Almonty Industries Inc. - Common Shares,NASDAQ,N,active,2026-07-11,2026-10-08
ALMR,"Alamar Biosciences, Inc. - Class A common stock",NASDAQ,N,active,2026-07-11,2026-10-08
ALMS,Alumis Inc. - Common Stock,NASDAQ,N,active,2026-07-11,2026-10-08
ALMU,"Aeluma, Inc. - Common Stock",NASDAQ,N,active,2026-07-11,2026-10-08
ALNT,Allient Inc. - Common Stock,NASDAQ,N,active,2026-07-11,2026-10-08
ALNY,"Alnylam Pharmaceuticals, Inc. - Common Stock",NASDAQ,N,active,2026-07-11,2026-10-08
ALOT,"AstroNova, Inc. - Common Stock",NASDAQ,N,removed,2026-07-11,2026-08-28
ALOV,"Aldabra 4 Liquidity Opportunity Vehicle, Inc. - Class A Ordinary Shares",NASDAQ,N,active,2026-07-11,2026-10-08
ALOY,REalloys Inc. - Common Stock,NASDAQ,N,active,2026-07-11,2026-10-08
ALP,Alpha Compute Corp  - Common Stock,NASDAQ,N,active,2026-07-11,2026-10-08
ALPS,ALPS Group Inc - Ordinary Share,NASDAQ,D,active,2026-07-11,2026-10-08
ALPX,Alpex Acquisition Corporation - Class A Ordinary Shares,NASDAQ,N,active,2026-07-11,2026-10-08
ALRM,"Alarm.com Holdings, Inc. - Common Stock",NASDAQ,N,active,2026-07-11,2026-10-08
ALRS,Alerus Financial Corporation - Common Stock,NASDAQ,N,active,2026-07-11,2026-10-08
ALSN,"Allison Transmission Holdings, Inc. Common Stock",NYSE,N,active,2026-07-11,2026-10-08
ALT,"Altimmune, Inc. - Common Stock",NASDAQ,N,active,2026-07-11,2026-10-08
ALTG,Alta Equipment Group Inc. Class A Common Stock,NYSE,N,active,2026-07-11,2026-10-08
ALTI,"AlTi Global, Inc. - Class A Common Stock",NASDAQ,N,active,2026-07-11,2026-10-08
ALTO,"Alto Ingredients, Inc. - Common Stock",NASDAQ,N,active,2026-07-11,2026-10-08
ALTY,Global X Alternative Income ETF,NASDAQ,N,active,2026-07-11,2026-10-08
ALUB,Alussa Energy Acquisition Corp. II Class A Ordinary Shares,NYSE,N,active,2026-07-11,2026-10-08
ALV,"Autoliv, Inc. Common Stock",NYSE,N,active,2026-07-11,2026-10-08
ALVO,Alvotech - Ordinary Shares,NASDAQ,N,active,2026-07-11,2026-10-08
ALX,"Alexander's, Inc. Common Stock",NYSE,N,active,2026-07-11,2026-10-08
ALXO,ALX Oncology Holdings Inc. - Common Stock,NASDAQ,N,active,2026-07-11,2026-10-08
ALZN,"Alzamend Neuro, Inc. - Common Stock",NASDAQ,D,active,2026-07-11,2026-10-08
AM,Antero Midstream Corporation Common Stock,NYSE,N,active,2026-07-11,2026-10-08
AMA,Defiance Daily Target 2X Long AMAT ETF,NASDAQ,N,active,2026-07-11,2026-10-08
AMAL,Amalgamated Financial Corp. - Common Stock,NASDAQ,N,active,2026-07-11,2026-10-08
AMAN,Amanat Acquisition Corp - Class A Ordinary Shares,NASDAQ,N,active,2026-07-11,2026-10-08
AMAT,"Applied Materials, Inc. - Common Stock",NASDAQ,N,active,2026-07-11,2026-10-08
AMBA,"Ambarella, Inc. - Ordinary Shares",NASDAQ,N,active,2026-07-11,2026-10-08
AMBO,Ambow Education Holding Ltd. American Depository Shares (each representing twenty (20) Class A Ordinary Shares),NYSE American,N,active,2026-07-11,2026-10-08
AMBP,Ardagh Metal Packaging S.A. Ordinary Shares,NYSE,N,active,2026-07-11,2026-10-08
AMBQ,"Ambiq Micro, Inc. Common Stock",NYSE,N,active,2026-07-11,2026-10-08
AMBR,Amber International Holding Limited - American Depositary Shares,NASDAQ,N,active,2026-07-11,2026-10-08
AMC,"AMC Entertainment Holdings, Inc. Class A Common Stock",NYSE,N,active,2026-07-11,2026-10-08
AMCI,AMC Robotics Corporation - Common Stock,NASDAQ,N,active,2026-07-11,2026-10-08
AMCR,Amcor plc Ordinary Shares,NYSE,N,active,2026-07-11,2026-10-08
AMCX,AMC Global Media Inc. - Class A Common Stock,NASDAQ,N,active,2026-07-11,2026-10-08
AMD,"Advanced Micro Devices, Inc. - Common Stock",NASDAQ,N,active,2026-07-11,2026-10-08
AMDD,Direxion Daily AMD Bear 1X ETF,NASDAQ,N,active,2026-07-11,2026-10-08
AMDG,Leverage Shares 2X Long AMD Daily ETF,NASDAQ,N,active,2026-07-11,2026-10-08
AMDL,GraniteShares 2x Long AMD Daily ETF,NASDAQ,N,active,2026-07-11,2026-10-08
AME,"AMETEK, Inc.",NYSE,N,active,2026-07-11,2026-10-08
AMEI,Amana Equity Income ETF,NASDAQ,N,active,2026-07-11,2026-10-08
AMEM,Amana Developing World ETF,NASDAQ,N,active,2026-07-11,2026-10-08
AMG,"Affiliated Managers Group, Inc. Common Stock",NYSE,N,active,2026-07-11,2026-10-08
AMGN,Amgen Inc. - Common Stock,NASDAQ,N,active,2026-07-11,2026-10-08
AMGR,Amana Growth ETF,NASDAQ,N,active,2026-07-11,2026-10-08
AMH,American Homes 4 Rent Common Shares of Beneficial Interest,NYSE,N,active,2026-07-11,2026-10-08
AMID,Argent Mid Cap ETF,NASDAQ,N,active,2026-07-11,2026-10-08
AMIX,"Autonomix Medical, Inc. - Common Stock",NASDAQ,N,active,2026-07-11,2026-10-08
AMKR,"Amkor Technology, Inc. - Common Stock",NASDAQ,N,active,2026-07-11,2026-10-08
AMLX,"Amylyx Pharmaceuticals, Inc. - Common Stock",NASDAQ,N,active,2026-07-11,2026-10-08
AMN,AMN Healthcare Services Inc,NYSE,N,active,2026-07-11,2026-10-08
AMOD,"Alpha Modus Holdings, Inc. - Class A Common Stock",NASDAQ,N,active,2026-07-11,2026-10-08
AMP,"Ameriprise Financial, Inc. Common Stock",NYSE,N,active,2026-07-11,2026-10-08
AMPG,"Amplitech Group, Inc. - Common Stock",NASDAQ,N,active,2026-07-11,2026-10-08
AMPH,"Amphastar Pharmaceuticals, Inc. - Common Stock",NASDAQ,N,active,2026-07-11,2026-10-08
AMPL,"Amplitude, Inc. - Class A Common Stock",NASDAQ,N,active,2026-07-11,2026-10-08
AMPX,"Amprius Technologies, Inc. Common Stock",NYSE,N,active,2026-07-11,2026-10-08
AMPY,Amplify Energy Corp. Common Stock,NYSE,N,active,2026-07-11,2026-10-08
AMR,"Alpha Metallurgical Resources, Inc. Common Stock",NYSE,N,active,2026-07-11,2026-10-08
AMRC,"Ameresco, Inc. Class A Common Stock",NYSE,N,active,2026-07-11,2026-10-08
AMRN,Amarin Corporation plc - American Depositary Shares,NASDAQ,N,active,2026-07-11,2026-10-08
AMRX,"Amneal Pharmaceuticals, Inc. - Class A Common Stock",NASDAQ,N,active,2026-07-11,2026-10-08
AMRZ,Amrize Ltd Ordinary Shares,NYSE,N,active,2026-07-11,2026-10-08
AMS,American Shared Hospital Services Common Stock,NYSE American,N,active,2026-07-11,2026-10-08
AMSC,American Superconductor Corporation - Common Stock,NASDAQ,N,active,2026-07-11,2026-10-08
AMSF,"AMERISAFE, Inc. - Common Stock",NASDAQ,N,active,2026-07-11,2026-10-08
AMSS,AMASS Brands Inc. - Common Stock,NASDAQ,D,active,2026-07-11,2026-10-08
AMST,Amesite Inc. - Common Stock,NASDAQ,N,active,2026-07-11,2026-10-08
AMT,American Tower Corporation (REIT) Common Stock,NYSE,N,active,2026-07-11,2026-10-08
AMTB,Amerant Bancorp Inc. Class A Common Stock,NYSE,N,active,2026-07-11,2026-10-08
AMTD,"AMTD IDEA Group American Depositary Shares, each representing six (6) Class A Ordinary Shares",NYSE,N,active,2026-07-11,2026-10-08
AMTM,"Amentum Holdings, Inc. Common Stock",NYSE,N,active,2026-07-11,2026-10-08
AMTX,"Aemetis, Inc - Common Stock",NASDAQ,N,active,2026-07-11,2026-10-08
AMUN,abrdn Ultra Short Municipal Income Active ETF,NASDAQ,N,active,2026-07-11,2026-10-08
AMUU,Direxion Daily AMD Bull 2X ETF,NASDAQ,N,active,2026-07-11,2026-10-08
AMWL,American Well Corporation Class A Common Stock,NYSE,N,active,2026-07-11,2026-10-08
AMYY,GraniteShares YieldBOOST AMD ETF,NASDAQ,N,active,2026-07-11,2026-10-08
AMZD,Direxion Daily AMZN Bear 1X ETF,NASDAQ,N,active,2026-07-11,2026-10-08
AMZE,"Amaze Holdings, Inc. Common Stock",NYSE American,N,removed,2026-07-11,2026-09-30
AMZN,"Amazon.com, Inc. - Common Stock",NASDAQ,N,active,2026-07-11,2026-10-08
AMZU,Direxion Daily AMZN Bull 2X ETF,NASDAQ,N,active,2026-07-11,2026-10-08
AMZZ,GraniteShares 2x Long AMZN Daily ETF,NASDAQ,N,active,2026-07-11,2026-10-08
AN,"AutoNation, Inc. Common Stock",NYSE,N,active,2026-07-11,2026-10-08
ANAB,"AnaptysBio, Inc. - Common Stock",NASDAQ,N,active,2026-07-11,2026-10-08
ANDE,"The Andersons, Inc. - Common Stock",NASDAQ,N,active,2026-07-11,2026-10-08
ANDG,Andersen Group Inc. Class A Common Stock,NYSE,N,active,2026-07-11,2026-10-08
ANEL,Defiance Daily Target 2x Long ANET ETF,NASDAQ,N,active,2026-07-11,2026-10-08
ANET,"Arista Networks, Inc. Common Stock",NYSE,N,active,2026-07-11,2026-10-08
ANF,Abercrombie & Fitch Company Common Stock,NYSE,N,active,2026-07-11,2026-10-08
ANGH,Anghami Inc. - Ordinary Shares,NASDAQ,N,active,2026-07-11,2026-10-08
ANGI,Angi Inc. - Class A Common Stock,NASDAQ,N,active,2026-07-11,2026-10-08
ANGL,VanEck Fallen Angel High Yield Bond ETF,NASDAQ,N,active,2026-07-11,2026-10-08
ANGO,"AngioDynamics, Inc. - Common Stock",NASDAQ,N,active,2026-07-11,2026-10-08
ANGX,"Angel Studios, Inc. Class A Common Stock",NYSE,N,active,2026-07-11,2026-10-08
ANIK,Anika Therapeutics Inc. - Common Stock,NASDAQ,N,active,2026-07-11,2026-10-08
ANIP,"ANI Pharmaceuticals, Inc. - Common Stock",NASDAQ,N,active,2026-07-11,2026-10-08
ANIX,"Anixa Biosciences, Inc. - Common Stock",NASDAQ,N,active,2026-07-11,2026-10-08
ANL,Adlai Nortye Ltd. - American Depositary Shares,NASDAQ,N,active,2026-07-11,2026-10-08
ANNA,"AleAnna, Inc. - Class A Common Stock",NASDAQ,N,active,2026-07-11,2026-10-08
ANNX,"Annexon, Inc. - common stock",NASDAQ,N,active,2026-07-11,2026-10-08
ANPA,Rich Sparkle Holdings Limited - Ordinary Shares,NASDAQ,N,active,2026-07-11,2026-10-08
ANRO,"Alto Neuroscience, Inc. Common Stock",NYSE,N,active,2026-07-11,2026-10-08
ANSC,Agriculture & Natural Solutions Acquisition Corporation - Class A Ordinary Shares,NASDAQ,N,removed,2026-07-11,2026-08-12
ANTA,Antalpha Platform Holding Company - Class A Ordinary Shares,NASDAQ,N,active,2026-07-11,2026-10-08
ANTX,"AN2 Therapeutics, Inc. - Common Stock",NASDAQ,N,active,2026-07-11,2026-10-08
ANV,GraniteShares Autocallable NVDA ETF,NASDAQ,N,active,2026-07-11,2026-10-08
ANVS,"Annovis Bio, Inc. Common Stock",NYSE,N,active,2026-07-11,2026-10-08
ANY,Sphere 3D Corp. - Common Shares,NASDAQ,N,removed,2026-07-11,2026-09-16
AOD,abrdn Total Dynamic Dividend Fund Common Shares of Beneficial Interest,NYSE,N,active,2026-07-11,2026-10-08
AOHY,Angel Oak High Yield Opportunities ETF,NASDAQ,N,active,2026-07-11,2026-10-08
AOMR,"Angel Oak Mortgage REIT, Inc. Common Stock",NYSE,N,active,2026-07-11,2026-10-08
AON,Aon plc Class A Ordinary Shares (Ireland),NYSE,N,active,2026-07-11,2026-10-08
AORT,"Artivion, Inc. Common Stock",NYSE,N,active,2026-07-11,2026-10-08
AOS,A.O. Smith Corporation Common Stock,NYSE,N,active,2026-07-11,2026-10-08
AOSL,Alpha and Omega Semiconductor Limited - Common Shares,NASDAQ,N,active,2026-07-11,2026-10-08
AOTG,AOT Growth and Innovation ETF,NASDAQ,N,active,2026-07-11,2026-10-08
AOUT,"American Outdoor Brands, Inc. - Common Stock",NASDAQ,N,active,2026-07-11,2026-10-08
AP,Ampco-Pittsburgh Corporation Common Stock,NYSE,N,active,2026-07-11,2026-10-08
APA,APA Corporation - Common Stock,NASDAQ,N,active,2026-07-11,2026-10-08
APAC,StoneBridge Acquisition II Corporation - Class A Ordinary Shares,NASDAQ,N,active,2026-07-11,2026-10-08
APAM,Artisan Partners Asset Management Inc. Class A Common Stock,NYSE,N,active,2026-07-11,2026-10-08
APC,ARKO Petroleum Corp. - Class A Common Stock,NASDAQ,N,active,2026-07-11,2026-10-08
APD,"Air Products and Chemicals, Inc. Common Stock",NYSE,N,active,2026-07-11,2026-10-08
APEI,"American Public Education, Inc. - Common Stock",NASDAQ,N,active,2026-07-11,2026-10-08
APG,APi Group Corporation Common Stock,NYSE,N,active,2026-07-11,2026-10-08
APGE,"Apogee Therapeutics, Inc. - Common Stock",NASDAQ,N,removed,2026-07-11,2026-09-03
APH,Amphenol Corporation Common Stock,NYSE,N,active,2026-07-11,2026-10-08
API,"Agora, Inc. - ADS",NASDAQ,N,active,2026-07-11,2026-10-08
APLD,Applied Digital Corporation - Common Stock,NASDAQ,N,active,2026-07-11,2026-10-08
APLE,"Apple Hospitality REIT, Inc. Common Shares",NYSE,N,active,2026-07-11,2026-10-08
APLM,Apollomics Inc. - Class A Ordinary Shares,NASDAQ,N,active,2026-07-11,2026-10-08
APM,Aptorum Group Limited - Class A Ordinary Shares,NASDAQ,D,removed,2026-07-11,2026-07-17
APMC,AmperCap Acquisition Company - Ordinary Shares,NASDAQ,N,active,2026-07-11,2026-10-08
APO,"Apollo Global Management, Inc. (New) Common Stock",NYSE,N,active,2026-07-11,2026-10-08
APOG,"Apogee Enterprises, Inc. - Common Stock",NASDAQ,N,active,2026-07-11,2026-10-08
APP,Applovin Corporation - Class A Common Stock,NASDAQ,N,active,2026-07-11,2026-10-08
APPF,"AppFolio, Inc. - Class A Common Stock",NASDAQ,N,active,2026-07-11,2026-10-08
APPN,Appian Corporation - Class A Common Stock,NASDAQ,N,active,2026-07-11,2026-10-08
APPS,"Digital Turbine, Inc. - Common Stock",NASDAQ,N,active,2026-07-11,2026-10-08
APPX,Tradr 2X Long APP Daily ETF,NASDAQ,N,active,2026-07-11,2026-10-08
APRE,"Aprea Therapeutics, Inc. - Common Stock",NASDAQ,D,active,2026-07-11,2026-10-08
APT,"Alpha Pro Tech, Ltd. Common Stock",NYSE American,N,active,2026-07-11,2026-10-08
APTV,Aptiv PLC Ordinary Shares,NYSE,N,active,2026-07-11,2026-10-08
APUR,Aperture AC - Class A Ordinary Shares,NASDAQ,N,active,2026-07-11,2026-10-08
APUS,"Apimeds Pharmaceuticals US, Inc. Common Stock",NYSE American,N,active,2026-07-11,2026-10-08
APVO,Aptevo Therapeutics Inc. - Common Stock,NASDAQ,N,active,2026-07-11,2026-10-08
APWC,"Asia Pacific Wire & Cable Corporation Limited  - Common shares, Par value .01 per share",NASDAQ,N,active,2026-07-11,2026-10-08
APXT,Apex Treasury Corporation - Class A Ordinary Share,NASDAQ,N,active,2026-07-11,2026-10-08
APYX,Apyx Medical Corporation - Common Stock,NASDAQ,N,active,2026-07-11,2026-10-08
AQB,"AquaBounty Technologies, Inc. - Common Stock",NASDAQ,N,active,2026-07-11,2026-10-08
AQLG,HCM Large Cap Growth ETF,NASDAQ,N,active,2026-07-11,2026-10-08
AQMS,"Aqua Metals, Inc. - Common Stock",NASDAQ,N,active,2026-07-11,2026-10-08
AQN,Algonquin Power & Utilities Corp. Common Shares,NYSE,N,active,2026-07-11,2026-10-08
AQST,"Aquestive Therapeutics, Inc. - Common Stock",NASDAQ,N,active,2026-07-11,2026-10-08
AQWA,Global X Clean Water ETF,NASDAQ,N,active,2026-07-11,2026-10-08
AR,Antero Resources Corporation Common Stock,NYSE,N,active,2026-07-11,2026-10-08
ARAI,Arrive AI Inc. - Common Stock,NASDAQ,D,active,2026-07-11,2026-10-08
ARAY,Accuray Incorporated - Common Stock,NASDAQ,D,active,2026-07-11,2026-10-08
ARBB,ARB IOT Group Limited - Ordinary Shares,NASDAQ,N,active,2026-07-11,2026-10-08
ARBE,Arbe Robotics Ltd. - Ordinary Shares,NASDAQ,D,active,2026-07-11,2026-10-08
ARBK,Argo Blockchain plc - American Depositary Shares,NASDAQ,N,active,2026-07-11,2026-10-08
ARCB,ArcBest Corporation - Common Stock,NASDAQ,N,active,2026-07-11,2026-10-08
ARCC,Ares Capital Corporation - Closed End Fund,NASDAQ,N,active,2026-07-11,2026-10-08
ARCI,Archimedes Tech SPAC Partners III Co. - Ordinary Share,NASDAQ,N,active,2026-07-11,2026-10-08
ARCL,ARC Group Acquisition I Corp - Class A Ordinary Shares,NASDAQ,N,active,2026-07-11,2026-10-08
ARCO,Arcos Dorados Holdings Inc. Class A Shares,NYSE,N,active,2026-07-11,2026-10-08
ARCT,Arcturus Therapeutics Holdings Inc. - Common Stock,NASDAQ,N,active,2026-07-11,2026-10-08
ARDC,"Ares Dynamic Credit Allocation Fund, Inc. Common Shares",NYSE,N,active,2026-07-11,2026-10-08
ARDT,"Ardent Health, Inc. Common Stock",NYSE,N,active,2026-07-11,2026-10-08
ARDX,"Ardelyx, Inc. - Common Stock",NASDAQ,N,active,2026-07-11,2026-10-08
ARE,"Alexandria Real Estate Equities, Inc. Common Stock",NYSE,N,active,2026-07-11,2026-10-08
AREC,American Resources Corporation - Class A Common Stock,NASDAQ,E,active,2026-07-11,2026-10-08
AREN,"The Arena Group Holdings, Inc. Common Stock",NYSE American,N,removed,2026-07-11,2026-08-29
ARES,Ares Management Corporation Class A Common Stock,NYSE,N,active,2026-07-11,2026-10-08
ARGX,argenx SE - American Depositary Shares,NASDAQ,N,active,2026-07-11,2026-10-08
ARHS,"Arhaus, Inc. - Class A Common Stock",NASDAQ,N,active,2026-07-11,2026-10-08
ARI,"Apollo Commercial Real Estate Finance, Inc",NYSE,N,active,2026-07-11,2026-10-08
ARIS,Aris Mining Corporation Common Shares,NYSE,N,active,2026-07-11,2026-10-08
ARKO,ARKO Corp. - Common Stock,NASDAQ,N,active,2026-07-11,2026-10-08
ARKR,Ark Restaurants Corp. - Common Stock,NASDAQ,N,active,2026-07-11,2026-10-08
ARL,"American Realty Investors, Inc. Common Stock",NYSE,N,active,2026-07-11,2026-10-08
ARLO,"Arlo Technologies, Inc. Common Stock",NYSE,N,active,2026-07-11,2026-10-08
ARM,Arm Holdings plc - American Depositary Shares,NASDAQ,N,active,2026-07-11,2026-10-08
ARMG,Leverage Shares 2X Long ARM Daily ETF,NASDAQ,N,active,2026-07-11,2026-10-08
ARMK,Aramark Common Stock,NYSE,N,active,2026-07-11,2026-10-08
ARMP,"Armata Pharmaceuticals, Inc. Common Stock",NYSE American,N,active,2026-07-11,2026-10-08
ARMY,Tema International Defense ETF,NASDAQ,N,active,2026-07-11,2026-10-08
AROC,"Archrock, Inc. Common Stock",NYSE,N,active,2026-07-11,2026-10-08
AROW,Arrow Financial Corporation - Common Stock,NASDAQ,N,active,2026-07-11,2026-10-08
ARQ,"Arq, Inc. - Common Stock",NASDAQ,N,active,2026-07-11,2026-10-08
ARQQ,Arqit Quantum Inc. - Ordinary Shares,NASDAQ,N,active,2026-07-11,2026-10-08
ARQT,"Arcutis Biotherapeutics, Inc. - Common stock",NASDAQ,N,active,2026-07-11,2026-10-08
ARR,"ARMOUR Residential REIT, Inc.",NYSE,N,active,2026-07-11,2026-10-08
ARRY,"Array Technologies, Inc. - Common Stock",NASDAQ,N,active,2026-07-11,2026-10-08
ARTC,Art Technology Acquisition Corp. - Class A Ordinary Shares,NASDAQ,N,active,2026-07-11,2026-10-08
ARTL,"Artelo Biosciences, Inc. - Common Stock",NASDAQ,N,active,2026-07-11,2026-10-08
ARTNA,Artesian Resources Corporation - Class A Non-Voting Common Stock,NASDAQ,N,active,2026-07-11,2026-10-08
ARTV,"Artiva Biotherapeutics, Inc. - Common Stock",NASDAQ,N,active,2026-07-11,2026-10-08
ARTW,"Art's-Way Manufacturing Co., Inc. - Common Stock",NASDAQ,N,active,2026-07-11,2026-10-08
ARVN,"Arvinas, Inc. - Common Stock",NASDAQ,N,active,2026-07-11,2026-10-08
ARVR,First Trust Indxx Metaverse ETF,NASDAQ,N,active,2026-07-11,2026-10-08
ARW,"Arrow Electronics, Inc. Common Stock",NYSE,N,active,2026-07-11,2026-10-08
ARWR,"Arrowhead Pharmaceuticals, Inc. - Common Stock",NASDAQ,N,active,2026-07-11,2026-10-08
ARX,Accelerant Holdings Class A Common Shares,NYSE,N,active,2026-07-11,2026-10-08
ARXS,"Arxis, Inc. - Class A Common Stock",NASDAQ,N,active,2026-07-11,2026-10-08
AS,"Amer Sports, Inc. Ordinary Shares",NYSE,N,active,2026-07-11,2026-10-08
ASA,ASA  Gold and Precious Metals Limited,NYSE,N,active,2026-07-11,2026-10-08
ASAN,"Asana, Inc. Class A Common Stock",NYSE,N,active,2026-07-11,2026-10-08
ASB,Associated Banc-Corp Common Stock,NYSE,N,active,2026-07-11,2026-10-08
ASBP,"Aspire Biopharma Holdings, Inc.  - Common Stock",NASDAQ,N,active,2026-07-11,2026-10-08
ASC,Ardmore Shipping Corporation Common Stock,NYSE,N,active,2026-07-11,2026-10-08
ASCI,abrdn International Small Cap Active ETF,NASDAQ,N,active,2026-07-11,2026-10-08
ASD,Defiance Autism Impact ETF,NASDAQ,N,active,2026-07-11,2026-10-08
ASEC,American Century Securitized Credit ETF,NASDAQ,N,active,2026-07-11,2026-10-08
ASG,"Liberty All-Star Growth Fund, Inc.",NYSE,N,active,2026-07-11,2026-10-08
ASGI,abrdn Global Infrastructure Income Fund Common Shares of Beneficial Interest,NYSE,N,active,2026-07-11,2026-10-08
ASH,Ashland Inc. Common Stock,NYSE,N,active,2026-07-11,2026-10-08
ASIC,Ategrity Specialty Insurance Company Holdings Common Stock,NYSE,N,active,2026-07-11,2026-10-08
ASIX,AdvanSix Inc. Common Stock ,NYSE,N,active,2026-07-11,2026-10-08
ASLE,AerSale Corporation - Common Stock,NASDAQ,N,active,2026-07-11,2026-10-08
ASM,Avino Silver & Gold Mines Ltd. Common Shares (Canada),NYSE American,N,active,2026-07-11,2026-10-08
ASMB,"Assembly Biosciences, Inc. - Common Stock",NASDAQ,N,active,2026-07-11,2026-10-08
ASMG,Leverage Shares 2X Long ASML Daily ETF,NASDAQ,N,active,2026-07-11,2026-10-08
ASML,ASML Holding N.V. - New York Registry Shares,NASDAQ,N,active,2026-07-11,2026-10-08
ASMU,Direxion Daily ASML Bull 2X ETF,NASDAQ,N,active,2026-07-11,2026-10-08
ASND,Ascendis Pharma A/S - Ordinary Share,NASDAQ,N,active,2026-07-11,2026-10-08
ASO,"Academy Sports and Outdoors, Inc. - Common Stock",NASDAQ,N,active,2026-07-11,2026-10-08
ASPC,A SPAC III Acquisition Corp. - Class A Ordinary Shares,NASDAQ,D,active,2026-07-11,2026-10-08
ASPI,ASP Isotopes Inc. - Common Stock,NASDAQ,N,active,2026-07-11,2026-10-08
ASPN,"Aspen Aerogels, Inc. Common Stock",NYSE,N,active,2026-07-11,2026-10-08
ASPS,Altisource Portfolio Solutions S.A. - Common Stock,NASDAQ,N,active,2026-07-11,2026-10-08
ASR,"Grupo Aeroportuario del Sureste, S.A. de C.V. Common Stock",NYSE,N,active,2026-07-11,2026-10-08
ASRV,AmeriServ Financial Inc. - Common Stock,NASDAQ,N,active,2026-07-11,2026-10-08
ASST,"Strive, Inc. - Class A Common Stock",NASDAQ,N,active,2026-07-11,2026-10-08
ASTC,Astrotech Corporation - Common Stock,NASDAQ,N,active,2026-07-11,2026-10-08
ASTE,"Astec Industries, Inc. - Common Stock",NASDAQ,N,active,2026-07-11,2026-10-08
ASTH,Astrana Health Inc. - Common Stock,NASDAQ,N,active,2026-07-11,2026-10-08
ASTI,"Ascent Solar Technologies, Inc - Common Stock",NASDAQ,N,active,2026-07-11,2026-10-08
ASTL,Algoma Steel Group Inc. - Common Shares,NASDAQ,N,active,2026-07-11,2026-10-08
ASTS,"AST SpaceMobile, Inc. - Class A Common Stock",NASDAQ,N,active,2026-07-11,2026-10-08
ASUR,Asure Software Inc - Common Stock,NASDAQ,N,active,2026-07-11,2026-10-08
ASX,"ASE Technology Holding Co., Ltd. American Depositary Shares (each representing Two Common Shares) ",NYSE,N,active,2026-07-11,2026-10-08
ASYS,"Amtech Systems, Inc. - Common Stock",NASDAQ,N,active,2026-07-11,2026-10-08
ATAI,AtaiBeckley Inc. - Common Stock,NASDAQ,N,removed,2026-07-11,2026-09-11
ATAT,Atour Lifestyle Holdings Limited - American Depositary Shares,NASDAQ,N,active,2026-07-11,2026-10-08
ATC,GraniteShares Autocallable COIN ETF,NASDAQ,N,active,2026-07-11,2026-10-08
ATCH,"AtlasClear Holdings, Inc. Common Stock",NYSE American,N,active,2026-07-11,2026-10-08
ATCX,Atlas Critical Minerals Corporation - Common Stock,NASDAQ,N,active,2026-07-11,2026-10-08
ATEC,"Alphatec Holdings, Inc. - Common Stock",NASDAQ,N,active,2026-07-11,2026-10-08
ATEN,"A10 Networks, Inc. Common Stock",NYSE,N,active,2026-07-11,2026-10-08
ATER,"Aterian, Inc. - Common Stock",NASDAQ,D,active,2026-07-11,2026-10-08
ATEX,Anterix Inc. - Common Stock,NASDAQ,N,active,2026-07-11,2026-10-08
ATGL,Alpha Technology Group Limited - Class A Ordinary Shares,NASDAQ,N,active,2026-07-11,2026-10-08
ATH$A,"Athene Holding Ltd. Depositary Shares, Each Representing a 1/1,000th Interest in a 6.35% Fixed-to-Floating Rate Perpetual Non-Cumulative Preference Share, Series A",NYSE,N,active,2026-07-11,2026-10-08
ATH$B,"Athene Holding Ltd. Depositary Shares, Each Representing a 1/1,000th Interest in a 5.625% Fixed Rate Perpetual Non- Cumulative Preference Share, Series B, par value $1.00 per share",NYSE,N,active,2026-07-11,2026-10-08
ATH$D,"Athene Holding Ltd. Depositary Shares, Each Representing a 1/1,000th Interest in a 4.875% Fixed-Rate Perpetual Non-Cumulative Preference Share, Series D",NYSE,N,active,2026-07-11,2026-10-08
ATH$E,"Athene Holding Ltd. Depositary Shares, Each Representing a 1/1,000th Interest in a 7.750% Fixed-Rate Reset Perpetual Non-Cumulative Preference Share, Series E",NYSE,N,active,2026-07-11,2026-10-08
ATHE,Alterity Therapeutics Limited - American Depositary Shares,NASDAQ,N,active,2026-07-11,2026-10-08
ATHM,"Autohome Inc. American Depositary Shares, each representing four class A ordinary shares.",NYSE,N,active,2026-07-11,2026-10-08
ATHR,"Aether Holdings, Inc. - Common Stock",NASDAQ,N,active,2026-07-11,2026-10-08
ATI,ATI Inc. Common Stock,NYSE,N,active,2026-07-11,2026-10-08
ATII,Archimedes Tech SPAC Partners II Co. - Ordinary Shares,NASDAQ,N,active,2026-07-11,2026-10-08
ATKR,Atkore Inc. Common Stock,NYSE,N,active,2026-07-11,2026-10-08
ATLC,Atlanticus Holdings Corporation - Common Stock,NASDAQ,N,active,2026-07-11,2026-10-08
ATLO,Ames National Corporation - Common Stock,NASDAQ,N,active,2026-07-11,2026-10-08
ATLX,Atlas Lithium Corporation - Common Stock,NASDAQ,N,active,2026-07-11,2026-10-08
ATMU,Atmus Filtration Technologies Inc. Common Stock,NYSE,N,active,2026-07-11,2026-10-08
ATNI,"ATN International, Inc. - Common Stock",NASDAQ,N,active,2026-07-11,2026-10-08
ATNM,"Actinium Pharmaceuticals, Inc. (Delaware) Common Stock",NYSE American,N,active,2026-07-11,2026-10-08
ATO,Atmos Energy Corporation Common Stock,NYSE,N,active,2026-07-11,2026-10-08
ATOM,Atomera Incorporated - Common Stock,NASDAQ,N,active,2026-07-11,2026-10-08
ATOS,"Atossa Therapeutics, Inc. - Common Stock",NASDAQ,N,active,2026-07-11,2026-10-08
ATPC,Agape ATP Corporation - Common Stock,NASDAQ,N,active,2026-07-11,2026-10-08
ATR,"AptarGroup, Inc. Common Stock",NYSE,N,active,2026-07-11,2026-10-08
ATRA,"Atara Biotherapeutics, Inc. - Common Stock",NASDAQ,N,active,2026-07-11,2026-10-08
ATRC,"AtriCure, Inc. - Common Stock",NASDAQ,N,active,2026-07-11,2026-10-08
ATRO,Astronics Corporation - Common Stock,NASDAQ,N,active,2026-07-11,2026-10-08
ATS,ATS Corporation Common Shares,NYSE,N,active,2026-07-11,2026-10-08
ATXG,Addentax Group Corp. - Common Stock,NASDAQ,N,active,2026-07-11,2026-10-08
ATYR,"aTyr Pharma, Inc. - Common Stock",NASDAQ,D,active,2026-07-11,2026-10-08
AU,AngloGold Ashanti PLC Ordinary Shares,NYSE,N,active,2026-07-11,2026-10-08
AUB,Atlantic Union Bankshares Corporation Common Stock,NYSE,N,active,2026-07-11,2026-10-08
AUBN,"Auburn National Bancorporation, Inc. - Common Stock",NASDAQ,N,active,2026-07-11,2026-10-08
AUC,ATIF Holdings Limited - Ordinary Shares,NASDAQ,N,active,2026-07-11,2026-10-08
AUDC,AudioCodes Ltd. - Ordinary Shares,NASDAQ,N,active,2026-07-11,2026-10-08
AUGO,Aura Minerals Inc. - Common Shares,NASDAQ,N,active,2026-07-11,2026-10-08
AUID,authID Inc. - Common Stock,NASDAQ,D,active,2026-07-11,2026-10-08
AUMI,Themes Gold Miners ETF,NASDAQ,N,active,2026-07-11,2026-10-08
AUNA,Auna SA Class A Ordinary Shares,NYSE,N,active,2026-07-11,2026-10-08
AUPH,Aurinia Pharmaceuticals Inc - Common Shares,NASDAQ,N,active,2026-07-11,2026-10-08
AUR,"Aurora Innovation, Inc.  - Class A Common Stock",NASDAQ,N,active,2026-07-11,2026-10-08
AURA,"Aura Biosciences, Inc. - Common Stock",NASDAQ,N,active,2026-07-11,2026-10-08
AURE,Aurelion Inc.  - Class A Ordinary Shares,NASDAQ,N,active,2026-07-11,2026-10-08
AUST,Austin Gold Corp. Common Shares,NYSE American,N,active,2026-07-11,2026-10-08
AUTL,Autolus Therapeutics plc - American Depositary Shares,NASDAQ,N,active,2026-07-11,2026-10-08
AUUD,Auddia Inc. - Common Stock,NASDAQ,D,active,2026-07-11,2026-10-08
AVA,Avista Corporation Common Stock,NYSE,N,active,2026-07-11,2026-10-08
AVAH,Aveanna Healthcare Holdings Inc. - Common Stock,NASDAQ,N,active,2026-07-11,2026-10-08
AVAT,Avalanche Treasury Corporation - Class A Common Stock,NASDAQ,D,active,2026-07-11,2026-10-08
AVAV,"AeroVironment, Inc. - Common Stock",NASDAQ,N,active,2026-07-11,2026-10-08
AVB,"AvalonBay Communities, Inc. Common Stock",NYSE,N,removed,2026-07-11,2026-08-14
AVBC,"Avidia Bancorp, Inc. Common Stock",NYSE,N,active,2026-07-11,2026-10-08
AVBH,"Avidbank Holdings, Inc. - Common Stock",NASDAQ,N,active,2026-07-11,2026-10-08
AVBP,"ArriVent BioPharma, Inc. - Common Stock",NASDAQ,N,active,2026-07-11,2026-10-08
AVD,American Vanguard Corporation Common Stock ($0.10 Par Value),NYSE,N,active,2026-07-11,2026-10-08
AVEX,AEVEX Corp. Class A Common Stock,NYSE,N,active,2026-07-11,2026-10-08
AVGB,Avantis Credit ETF,NASDAQ,N,active,2026-07-11,2026-10-08
AVGG,Leverage Shares 2X Long AVGO Daily ETF,NASDAQ,N,active,2026-07-11,2026-10-08
AVGO,Broadcom Inc. - Common Stock,NASDAQ,N,active,2026-07-11,2026-10-08
AVGU,GraniteShares 2x Long AVGO Daily ETF,NASDAQ,N,active,2026-07-11,2026-10-08
AVGX,Defiance Daily Target 2X Long AVGO ETF,NASDAQ,N,active,2026-07-11,2026-10-08
AVIR,"Atea Pharmaceuticals, Inc. - common stock",NASDAQ,N,active,2026-07-11,2026-10-08
AVK,Advent Convertible and Income Fund,NYSE,N,active,2026-07-11,2026-10-08
AVL,Direxion Daily AVGO Bull 2X ETF,NASDAQ,N,active,2026-07-11,2026-10-08
AVLN,Avalyn Pharma Inc. - common stock,NASDAQ,N,active,2026-07-11,2026-10-08
AVNS,"Avanos Medical, Inc. Common Stock",NYSE,N,removed,2026-07-11,2026-07-24
AVNT,Avient Corporation Common Stock,NYSE,N,active,2026-07-11,2026-10-08
AVNW,"Aviat Networks, Inc. - Common Stock",NASDAQ,N,active,2026-07-11,2026-10-08
AVO,"Mission Produce, Inc. - Common Stock",NASDAQ,N,active,2026-07-11,2026-10-08
AVOS,Avos Global Equities ETF,NASDAQ,N,active,2026-07-11,2026-10-08
AVPT,"AvePoint, Inc. - Class A Common Stock",NASDAQ,N,active,2026-07-11,2026-10-08
AVR,Anteris Technologies Global Corp. - Common Stock,NASDAQ,N,active,2026-07-11,2026-10-08
AVS,Direxion Daily AVGO Bear 1X ETF,NASDAQ,N,active,2026-07-11,2026-10-08
AVT,"Avnet, Inc. - Common Stock",NASDAQ,N,active,2026-07-11,2026-10-08
AVTR,"Avantor, Inc. Common Stock",NYSE,N,active,2026-07-11,2026-10-08
AVTX,"Avalo Therapeutics, Inc. - Common Stock",NASDAQ,N,active,2026-07-11,2026-10-08
AVUQ,Avantis U.S. Quality ETF,NASDAQ,N,active,2026-07-11,2026-10-08
AVX,Avax One Technology Ltd. - Common Shares,NASDAQ,N,active,2026-07-11,2026-10-08
AVXC,Avantis Emerging Markets ex-China Equity ETF,NASDAQ,N,active,2026-07-11,2026-10-08
AVXL,Anavex Life Sciences Corp. - Common Stock,NASDAQ,N,active,2026-07-11,2026-10-08
AVXX,Defiance Daily Target 2x Long AVAV ETF,NASDAQ,N,active,2026-07-11,2026-10-08
AVY,Avery Dennison Corporation Common Stock,NYSE,N,active,2026-07-11,2026-10-08
AWF,Alliancebernstein Global High Income Fund,NYSE,N,active,2026-07-11,2026-10-08
AWI,Armstrong World Industries Inc Common Stock,NYSE,N,active,2026-07-11,2026-10-08
AWK,"American Water Works Company, Inc. Common Stock",NYSE,N,active,2026-07-11,2026-10-08
AWP,abrdn Global Premier Properties Fund Common Shares of Beneficial Interest,NYSE,N,active,2026-07-11,2026-10-08
AWR,American States Water Company Common Stock,NYSE,N,active,2026-07-11,2026-10-08
AWRE,"Aware, Inc. - Common Stock",NASDAQ,N,active,2026-07-11,2026-10-08
AWX,Avalon Holdings Corporation Common Stock,NYSE American,N,active,2026-07-11,2026-10-08
AX,"Axos Financial, Inc. Common Stock",NYSE,N,active,2026-07-11,2026-10-08
AXG,Solowin Holdings - Class A Ordinary Share,NASDAQ,N,active,2026-07-11,2026-10-08
AXGN,"Axogen, Inc. - Common Stock",NASDAQ,N,active,2026-07-11,2026-10-08
AXIA,AXIA Energia American Depositary Shares (Each representing one Common Share),NYSE,N,removed,2026-07-11,2026-08-07
AXIL,"AXIL Brands, Inc. Common Stock",NYSE American,N,active,2026-07-11,2026-10-08
AXIN,Axiom Intelligence Acquisition Corp 1 - Class A Ordinary Shares,NASDAQ,N,active,2026-07-11,2026-10-08
AXON,"Axon Enterprise, Inc. - Common Stock",NASDAQ,N,active,2026-07-11,2026-10-08
AXP,American Express Company Common Stock,NYSE,N,active,2026-07-11,2026-10-08
AXPG,Leverage Shares 2x Long AXP Daily ETF,NASDAQ,N,removed,2026-07-11,2026-07-28
AXR,AMREP Corporation Common Stock,NYSE,N,active,2026-07-11,2026-10-08
AXS,Axis Capital Holdings Limited Common Stock,NYSE,N,active,2026-07-11,2026-10-08
AXSM,"Axsome Therapeutics, Inc. - Common Stock",NASDAQ,N,active,2026-07-11,2026-10-08
AXTA,Axalta Coating Systems Ltd. Common Shares,NYSE,N,active,2026-07-11,2026-10-08
AXTI,AXT Inc - Common Stock,NASDAQ,N,active,2026-07-11,2026-10-08
AYA,Aya Gold & Silver Inc. - Common Shares,NASDAQ,N,active,2026-07-11,2026-10-08
AYI,Acuity Inc. Common Stock,NYSE,N,active,2026-07-11,2026-10-08
AYTU,"Aytu BioPharma, Inc.  - Common Stock",NASDAQ,N,active,2026-07-11,2026-10-08
AZ,A2Z Cust2Mate Solutions Corp. - Common Shares,NASDAQ,N,active,2026-07-11,2026-10-08
AZI,Autozi Internet Technology (Global) Ltd. - Class A Ordinary Shares,NASDAQ,N,active,2026-07-11,2026-10-08
AZN,AstraZeneca PLC Ordinary Shares,NYSE,N,active,2026-07-11,2026-10-08
AZO,"AutoZone, Inc. Common Stock",NYSE,N,active,2026-07-11,2026-10-08
AZTA,"Azenta, Inc. - Common Stock",NASDAQ,N,active,2026-07-11,2026-10-08
AZTR,Azitra Inc Common Stock,NYSE American,N,active,2026-07-11,2026-10-08
AZUL,"Azul S.A. American Depositary Shares, each representing two (2) Common Shares",NYSE,N,active,2026-07-11,2026-10-08
AZYY,GraniteShares YieldBoost AMZN ETF,NASDAQ,N,active,2026-07-11,2026-10-08
AZZ,AZZ Inc.,NYSE,N,active,2026-07-11,2026-10-08
B,Barrick Mining Corporation Common Shares,NYSE,N,active,2026-07-11,2026-10-08
BA,Boeing Company (The) Common Stock,NYSE,N,active,2026-07-11,2026-10-08
BABA,Alibaba Group Holding Limited American Depositary Shares each representing eight Ordinary share,NYSE,N,active,2026-07-11,2026-10-08
BABU,Direxion Daily BABA Bull 2X ETF,NASDAQ,N,active,2026-07-11,2026-10-08
BABX,GraniteShares 2x Long BABA Daily ETF,NASDAQ,N,active,2026-07-11,2026-10-08
BAC,Bank of America Corporation Common Stock,NYSE,N,active,2026-07-11,2026-10-08
BAC$E,Bank of America Corporation Depositary Sh repstg 1/1000th Perp Pfd Ser E,NYSE,N,active,2026-07-11,2026-10-08
BAC$L,Bank of America Corporation Non Cumulative Perpetual Conv Pfd Ser L,NYSE,N,active,2026-07-11,2026-10-08
BACC,Blue Acquisition Corp. - Class A Ordinary Shares,NASDAQ,N,active,2026-07-11,2026-10-08
BAER,"Bridger Aerospace Group Holdings, Inc. - Common Stock",NASDAQ,N,active,2026-07-11,2026-10-08
BAFE,Brown Advisory Flexible Equity ETF,NASDAQ,N,active,2026-07-11,2026-10-08
BAFN,BayFirst Financial Corp. - Common Stock,NASDAQ,N,active,2026-07-11,2026-10-08
BAH,Booz Allen Hamilton Holding Corporation Common Stock,NYSE,N,active,2026-07-11,2026-10-08
BAIG,Leverage Shares 2X Long BBAI Daily ETF,NASDAQ,N,active,2026-07-11,2026-10-08
BAIV,Brown Advisory International Value Select ETF,NASDAQ,N,active,2026-07-11,2026-10-08
BAK,Braskem SA ADR,NYSE,N,active,2026-07-11,2026-10-08
BALL,Ball Corporation Common Stock,NYSE,N,active,2026-07-11,2026-10-08
BALQ,iShares Nasdaq Premium Income Active ETF,NASDAQ,N,active,2026-07-11,2026-10-08
BALY,Bally's Corporation Common Stock,NYSE,N,active,2026-07-11,2026-10-08
BAM,Brookfield Asset Management Inc Class A Limited Voting Shares,NYSE,N,active,2026-07-11,2026-10-08
BANC,"Banc of California, Inc. Common Stock",NYSE,N,active,2026-07-11,2026-10-08
BAND,Bandwidth Inc. - Class A Common Stock,NASDAQ,N,active,2026-07-11,2026-10-08
BANF,BancFirst Corporation - Common Stock,NASDAQ,N,active,2026-07-11,2026-10-08
BANL,CBL International Limited - Class B Ordinary Shares,NASDAQ,N,active,2026-07-11,2026-10-08
BANR,Banner Corporation - Common Stock,NASDAQ,N,active,2026-07-11,2026-10-08
BANX,ArrowMark Financial Corp. - Closed End Fund,NASDAQ,N,active,2026-07-11,2026-10-08
BAOS,Baosheng Media Group Holdings Limited - Ordinary shares,NASDAQ,D,active,2026-07-11,2026-10-08
BAP,Credicorp Ltd. Common Stock,NYSE,N,active,2026-07-11,2026-10-08
BARK,"BARK, Inc. Class A Common Stock",NYSE,N,active,2026-07-11,2026-10-08
BASG,Brown Advisory Sustainable Growth ETF,NASDAQ,N,active,2026-07-11,2026-10-08
BASV,Brown Advisory Sustainable Value ETF,NASDAQ,N,active,2026-07-11,2026-10-08
BATL,Battalion Oil Corporation Common Stock,NYSE American,N,active,2026-07-11,2026-10-08
BATRA,"Atlanta Braves Holdings, Inc. - Series A Common Stock",NASDAQ,N,active,2026-07-11,2026-10-08
BATRK,"Atlanta Braves Holdings, Inc. - Series C Common Stock",NASDAQ,N,active,2026-07-11,2026-10-08
BAX,Baxter International Inc. Common Stock,NYSE,N,active,2026-07-11,2026-10-08
BB,BlackBerry Limited Common Stock,NYSE,N,active,2026-07-11,2026-10-08
BBAI,"BigBear.ai, Inc. Common Stock",NYSE,N,active,2026-07-11,2026-10-08
BBAR,Banco BBVA Argentina S.A. ADS,NYSE,N,active,2026-07-11,2026-10-08
BBB,CYBER HORNET S&P 500 and Bitcoin 75/25 Strategy ETF,NASDAQ,N,active,2026-07-11,2026-10-08
BBBY,"Bed Bath & Beyond, Inc. Common Stock",NYSE,N,removed,2026-07-11,2026-08-14
BBCP,"Concrete Pumping Holdings, Inc.  - Common Stock",NASDAQ,N,active,2026-07-11,2026-10-08
BBCQ,Bleichroeder Acquisition Corp. II - Class A Ordinary Shares,NASDAQ,N,removed,2026-07-11,2026-08-28
BBD,Banco Bradesco Sa American Depositary Shares,NYSE,N,active,2026-07-11,2026-10-08
BBDC,"Barings BDC, Inc. Common Stock",NYSE,N,active,2026-07-11,2026-10-08
BBDO,Banco Bradesco Sa American Depositary Shares (each representing one Common Share),NYSE,N,active,2026-07-11,2026-10-08
BBGI,"Beasley Broadcast Group, Inc. - Class A Common Stock",NASDAQ,D,active,2026-07-11,2026-10-08
BBH,VanEck Biotech ETF,NASDAQ,N,active,2026-07-11,2026-10-08
BBIO,"BridgeBio Pharma, Inc. - Common Stock",NASDAQ,N,active,2026-07-11,2026-10-08
BBLG,Bone Biologics Corp - Common Stock,NASDAQ,D,active,2026-07-11,2026-10-08
BBNX,"Beta Bionics, Inc. - Common Stock",NASDAQ,N,active,2026-07-11,2026-10-08
BBOT,"BridgeBio Oncology Therapeutics, Inc. - Common Stock",NASDAQ,N,active,2026-07-11,2026-10-08
BBSI,"Barrett Business Services, Inc. - Common Stock",NASDAQ,N,active,2026-07-11,2026-10-08
BBT,Beacon Financial Corporation Common stock,NYSE,N,active,2026-07-11,2026-10-08
BBUC,Brookfield Business Corporation Class A Subordinate Voting Shares,NYSE,N,active,2026-07-11,2026-10-08
BBUL,GraniteShares 2x Long BB Daily ETF,NASDAQ,N,active,2026-07-11,2026-10-08
BBVA,Banco Bilbao Vizcaya Argentaria S.A. Common Stock,NYSE,N,active,2026-07-11,2026-10-08
BBW,"Build-A-Bear Workshop, Inc. Common Stock",NYSE,N,active,2026-07-11,2026-10-08
BBWI,"Bath & Body Works, Inc.",NYSE,N,active,2026-07-11,2026-10-08
BBY,"Best Buy Co., Inc. Common Stock",NYSE,N,active,2026-07-11,2026-10-08
BBYY,GraniteShares YieldBOOST BABA ETF,NASDAQ,N,active,2026-07-11,2026-10-08
BC,Brunswick Corporation Common Stock,NYSE,N,active,2026-07-11,2026-10-08
BCAB,"BioAtla, Inc. - Common Stock",NASDAQ,N,removed,2026-07-11,2026-08-29
BCAL,California BanCorp - Common Stock,NASDAQ,N,active,2026-07-11,2026-10-08
BCAR,D. Boral ARC Acquisition I Corp. - Class A Ordinary Shares,NASDAQ,N,removed,2026-07-11,2026-08-28
BCAT,BlackRock Capital Allocation Term Trust Common Shares of Beneficial Interest,NYSE,N,active,2026-07-11,2026-10-08
BCAX,Bicara Therapeutics Inc. - Common Stock,NASDAQ,N,active,2026-07-11,2026-10-08
BCBP,"BCB Bancorp, Inc. (NJ) - Common Stock",NASDAQ,N,active,2026-07-11,2026-10-08
BCC,"Boise Cascade, L.L.C. Common Stock",NYSE,N,active,2026-07-11,2026-10-08
BCDA,"BioCardia, Inc. - Common Stock",NASDAQ,N,active,2026-07-11,2026-10-08
BCE,"BCE, Inc. Common Stock",NYSE,N,active,2026-07-11,2026-10-08
BCEM,Baron Emerging Markets Select ETF,NYSE,N,active,2026-07-11,2026-10-08
BCFN,Baron Financials ETF,NASDAQ,N,active,2026-07-11,2026-10-08
BCG,"Binah Capital Group, Inc. - Common Stock",NASDAQ,N,active,2026-07-11,2026-10-08
BCGD,Baron Global Durable Advantage ETF,NYSE,N,active,2026-07-11,2026-10-08
BCH,Banco De Chile ADS,NYSE,N,active,2026-07-11,2026-10-08
BCHT,Birchtech Corp. Common Stock,NYSE American,N,active,2026-07-11,2026-10-08
BCIC,BCP Investment Corporation - Closed End Fund,NASDAQ,N,active,2026-07-11,2026-10-08
BCLO,iShares BBB-B CLO Active ETF,NASDAQ,N,active,2026-07-11,2026-10-08
BCML,BayCom Corp - Common Stock,NASDAQ,N,active,2026-07-11,2026-10-08
BCO,Brinks Company (The) Common Stock,NYSE,N,active,2026-07-11,2026-10-08
BCPC,Balchem Corporation - Common Stock,NASDAQ,N,active,2026-07-11,2026-10-08
BCRX,"BioCryst Pharmaceuticals, Inc. - Common Stock",NASDAQ,N,active,2026-07-11,2026-10-08
BCS,Barclays PLC Common Stock,NYSE,N,active,2026-07-11,2026-10-08
BCSF,"Bain Capital Specialty Finance, Inc. Common Stock",NYSE,N,active,2026-07-11,2026-10-08
BCSM,Baron SMID Cap ETF,NYSE,N,active,2026-07-11,2026-10-08
BCSS,Bain Capital GSS Investment Corp. Class A Ordinary Shares,NYSE,N,active,2026-07-11,2026-10-08
BCTK,Baron Technology ETF,NASDAQ,N,active,2026-07-11,2026-10-08
BCTX,BriaCell Therapeutics Corp. - Common Shares,NASDAQ,N,active,2026-07-11,2026-10-08
BCV,"Bancroft Fund, Ltd.",NYSE American,N,active,2026-07-11,2026-10-08
BCX,BlackRock Resources Common Shares of Beneficial Interest,NYSE,N,active,2026-07-11,2026-10-08
BCYC,Bicycle Therapeutics plc - American Depositary Shares,NASDAQ,N,active,2026-07-11,2026-10-08
BDC,Belden Inc Common Stock,NYSE,N,active,2026-07-11,2026-10-08
BDCI,BTC Development Corp. - Class A Ordinary Shares,NASDAQ,N,active,2026-07-11,2026-10-08
BDGS,Bridges Capital Tactical ETF,NASDAQ,N,active,2026-07-11,2026-10-08
BDJ,Blackrock Enhanced Equity Dividend Trust,NYSE,N,active,2026-07-11,2026-10-08
BDL,"Flanigan's Enterprises, Inc. Common Stock",NYSE American,N,active,2026-07-11,2026-10-08
BDMD,Baird Medical Investment Holdings Ltd - Ordinary Share,NASDAQ,N,active,2026-07-11,2026-10-08
BDN,Brandywine Realty Trust Common Stock,NYSE,N,active,2026-07-11,2026-10-08
BDRX,Biodexa Pharmaceuticals plc - American Depositary Shares,NASDAQ,N,active,2026-07-11,2026-10-08
BDSX,"Biodesix, Inc. - Common Stock",NASDAQ,N,active,2026-07-11,2026-10-08
BDTX,"Black Diamond Therapeutics, Inc. - Common Stock",NASDAQ,N,active,2026-07-11,2026-10-08
BDVL,iShares Disciplined Volatility Equity Active ETF,NASDAQ,N,active,2026-07-11,2026-10-08
BDX,"Becton, Dickinson and Company Common Stock",NYSE,N,active,2026-07-11,2026-10-08
BDYN,iShares Dynamic Equity Active ETF,NASDAQ,N,active,2026-07-11,2026-10-08
BE,Bloom Energy Corporation Class A Common Stock,NYSE,N,active,2026-07-11,2026-10-08
BEAG,Bold Eagle Acquisition Corp. - Class A Ordinary Shares,NASDAQ,N,active,2026-07-11,2026-10-08
BEAM,Beam Therapeutics Inc. - Common Stock,NASDAQ,N,active,2026-07-11,2026-10-08
BEAT,"Heartbeam, Inc. - Common Stock",NASDAQ,D,active,2026-07-11,2026-10-08
BEBE,TGE Value Creative Solutions Corp Class A Ordinary Shares,NYSE,N,active,2026-07-11,2026-10-08
BEDY,BNY Mellon Enhanced Dividend and Income ETF,NASDAQ,N,active,2026-07-11,2026-10-08
BEEM,Beam Global - Common Stock,NASDAQ,N,active,2026-07-11,2026-10-08
BEEP,Mobile Infrastructure Corporation - Common Stock,NASDAQ,N,active,2026-07-11,2026-10-08
BEEX,The Beehive ETF,NASDAQ,N,active,2026-07-11,2026-10-08
BEEZ,Honeytree U.S. Equity ETF,NASDAQ,N,active,2026-07-11,2026-10-08
BEG,Leverage Shares 2x Long BE Daily ETF,NASDAQ,N,active,2026-07-11,2026-10-08
BEKE,KE Holdings Inc American Depositary Shares (each representing three Class A Ordinary Shares),NYSE,N,active,2026-07-11,2026-10-08
BELFA,Bel Fuse Inc. - Class A Common Stock,NASDAQ,N,active,2026-07-11,2026-10-08
BELFB,Bel Fuse Inc. - Class B Common Stock,NASDAQ,N,active,2026-07-11,2026-10-08
BELT,iShares U.S. Select Equity Active ETF,NASDAQ,N,removed,2026-07-11,2026-08-12
BEN,"Franklin Resources, Inc. Common Stock",NYSE,N,active,2026-07-11,2026-10-08
BENF,Beneficient - Class A Common Stock,NASDAQ,N,active,2026-07-11,2026-10-08
BEPC,Brookfield Renewable Corporation Brookfield Renewable Corporation Class A Subordinate Voting Shares,NYSE,N,active,2026-07-11,2026-10-08
BESO,GSR Crypto Core3 ETF,NASDAQ,N,active,2026-07-11,2026-10-08
BESS,Bimergen Energy Corporation Common Stock,NYSE American,N,active,2026-07-11,2026-10-08
BETA,"Beta Technologies, Inc. Class A Common Stock",NYSE,N,active,2026-07-11,2026-10-08
BETR,Better Home & Finance Holding Company - Class A Common Stock,NASDAQ,N,active,2026-07-11,2026-10-08
BF-A,Brown Forman Inc Class A Common Stock,NYSE,N,active,2026-07-11,2026-10-08
BF-B,Brown Forman Inc Class B Common Stock,NYSE,N,active,2026-07-11,2026-10-08
BFAM,Bright Horizons Family Solutions Inc. Common Stock,NYSE,N,active,2026-07-11,2026-10-08
BFC,Bank First Corporation - Common Stock,NASDAQ,N,active,2026-07-11,2026-10-08
BFH,"Bread Financial Holdings, Inc. Common Stock",NYSE,N,active,2026-07-11,2026-10-08
BFLX,iShares Flexible Equity Active ETF,NASDAQ,N,active,2026-07-11,2026-10-08
BFLY,"Butterfly Network, Inc. Class A Common Stock",NYSE,N,active,2026-07-11,2026-10-08
BFRG,"Bullfrog AI Holdings, Inc. - Common Stock",NASDAQ,D,active,2026-07-11,2026-10-08
BFRI,Biofrontera Inc. - Common Stock,NASDAQ,N,active,2026-07-11,2026-10-08
BFS,"Saul Centers, Inc. Common Stock",NYSE,N,active,2026-07-11,2026-10-08
BFST,"Business First Bancshares, Inc. - Common Stock",NASDAQ,N,active,2026-07-11,2026-10-08
BG,Bunge Limited Common Shares,NYSE,N,active,2026-07-11,2026-10-08
BGB,Blackstone Strategic Credit 2027 Term Fund Common Shares of Beneficial Interest,NYSE,N,active,2026-07-11,2026-10-08
BGC,"BGC Group, Inc. - Class A Common Stock",NASDAQ,N,active,2026-07-11,2026-10-08
BGCG,Baillie Gifford International Concentrated Growth ETF,NASDAQ,N,active,2026-07-11,2026-10-08
BGDE,"Big Digital Energy, Inc. - Common Stock",NASDAQ,N,active,2026-07-11,2026-10-08
BGEG,Baillie Gifford Emerging Markets ETF,NASDAQ,N,active,2026-07-11,2026-10-08
BGGG,Baillie Gifford Long Term Global Growth ETF,NASDAQ,N,active,2026-07-11,2026-10-08
BGH,Barings Global Short Duration High Yield Fund Common Shares of Beneficial Interests,NYSE,N,active,2026-07-11,2026-10-08
BGI,Birks Group Inc. Common Stock,NYSE American,N,removed,2026-07-11,2026-08-28
BGIA,Baillie Gifford International Alpha ETF,NASDAQ,N,active,2026-07-11,2026-10-08
BGIN,Bgin Blockchain Limited - Class A Ordinary Shares,NASDAQ,N,active,2026-07-11,2026-10-08
BGL,Blue Gold Limited - Class A ordinary shares,NASDAQ,D,active,2026-07-11,2026-10-08
BGLC,BioNexus Gene Lab Corp - Common stock,NASDAQ,N,active,2026-07-11,2026-10-08
BGM,BGM Group Ltd. - Class A Ordinary Shares,NASDAQ,D,active,2026-07-11,2026-10-08
BGMS,"Bio Green Med Solution, Inc. - Common Stock",NASDAQ,N,active,2026-07-11,2026-10-08
BGR,BlackRock Energy and Resources Trust,NYSE,N,active,2026-07-11,2026-10-08
BGRN,iShares USD Green Bond ETF,NASDAQ,N,active,2026-07-11,2026-10-08
BGRO,iShares Large Cap Growth Active ETF,NASDAQ,N,active,2026-07-11,2026-10-08
BGS,"B&G Foods, Inc. Common Stock",NYSE,N,active,2026-07-11,2026-10-08
BGSF,"BGSF, Inc. Common Stock",NYSE,N,active,2026-07-11,2026-10-08
BGSI,Boyd Group Services Inc. Common Shares,NYSE,N,active,2026-07-11,2026-10-08
BGT,BlackRock Floating Rate Income Trust,NYSE,N,active,2026-07-11,2026-10-08
BGX,Blackstone Long Short Credit Income Fund Common Shares,NYSE,N,active,2026-07-11,2026-10-08
BGY,Blackrock Enhanced International Dividend Trust,NYSE,N,active,2026-07-11,2026-10-08
BH,Biglari Holdings Inc. Class B Common Stock,NYSE,N,active,2026-07-11,2026-10-08
BH-A,Biglari Holdings Inc. Class A Common Stock,NYSE,N,active,2026-07-11,2026-10-08
BHAV,BHAV Acquisition Corp - Class A Ordinary Shares,NASDAQ,N,active,2026-07-11,2026-10-08
BHB,"Bar Harbor Bankshares, Inc. Common Stock",NYSE American,N,active,2026-07-11,2026-10-08
BHC,Bausch Health Companies Inc. Common Stock,NYSE,N,active,2026-07-11,2026-10-08
BHDG,Nicholas Bitcoin Tail ETF,NASDAQ,N,active,2026-07-11,2026-10-08
BHE,"Benchmark Electronics, Inc. Common Stock",NYSE,N,active,2026-07-11,2026-10-08
BHF,"Brighthouse Financial, Inc. - Common Stock",NASDAQ,N,active,2026-07-11,2026-10-08
BHM,"Bluerock Homes Trust, Inc. Class A Common Stock",NYSE American,N,active,2026-07-11,2026-10-08
BHP,BHP Group Limited American Depositary Shares (Each representing two Ordinary Shares),NYSE,N,active,2026-07-11,2026-10-08
BHR,Braemar Hotels & Resorts Inc. Common Stock,NYSE,N,active,2026-07-11,2026-10-08
BHRB,Burke & Herbert Financial Services Corp. - Common Stock,NASDAQ,N,active,2026-07-11,2026-10-08
BHST,BioHarvest Sciences Inc. - Common Stock,NASDAQ,N,active,2026-07-11,2026-10-08
BHVN,Biohaven Ltd. Common Shares ,NYSE,N,active,2026-07-11,2026-10-08
BIAF,"bioAffinity Technologies, Inc. - Common Stock",NASDAQ,N,active,2026-07-11,2026-10-08
BIB,ProShares Ultra Nasdaq Biotechnology,NASDAQ,N,active,2026-07-11,2026-10-08
BIDG,Leverage Shares 2X Long BIDU Daily ETF,NASDAQ,N,active,2026-07-11,2026-10-08
BIDU,"Baidu, Inc. - American Depositary Shares, each representing 8 ordinary share",NASDAQ,N,active,2026-07-11,2026-10-08
BIIB,Biogen Inc. - Common Stock,NASDAQ,N,active,2026-07-11,2026-10-08
BIII,Black Spade Acquisition III Co Class A Ordinary Shares,NYSE,N,active,2026-07-11,2026-10-08
BILI,Bilibili Inc. - American Depositary Shares,NASDAQ,N,active,2026-07-11,2026-10-08
BILL,"BILL Holdings, Inc. Common Stock",NYSE,N,active,2026-07-11,2026-10-08
BIO,"Bio-Rad Laboratories, Inc. Class A Common Stock",NYSE,N,active,2026-07-11,2026-10-08
BIO-B,"Bio-Rad Laboratories, Inc. Class B  Common Stock",NYSE,N,active,2026-07-11,2026-10-08
BIOA,"BioAge Labs, Inc. - Common Stock",NASDAQ,N,active,2026-07-11,2026-10-08
BIOX,Bioceres Crop Solutions Corp. - Ordinary Shares,NASDAQ,D,active,2026-07-11,2026-10-08
BIOY,GraniteShares YieldBOOST Biotech ETF,NASDAQ,N,active,2026-07-11,2026-10-08
BIPC,Brookfield Infrastructure Corporation Brookfield Infrastructure Corporation,NYSE,N,active,2026-07-11,2026-10-08
BIRD,"Smartbird, Inc. - Class A Common Stock",NASDAQ,N,active,2026-07-11,2026-10-08
BIRK,Birkenstock Holding plc Ordinary Shares,NYSE,N,active,2026-07-11,2026-10-08
BIS,ProShares UltraShort Nasdaq Biotechnology,NASDAQ,N,active,2026-07-11,2026-10-08
BIT,BlackRock Multi-Sector Income Trust Common Shares of Beneficial Interest,NYSE,N,active,2026-07-11,2026-10-08
BITA,iShares Bitcoin Premium Income ETF,NASDAQ,N,active,2026-07-11,2026-10-08
BITS,Global X Blockchain & Bitcoin Strategy ETF,NASDAQ,N,active,2026-07-11,2026-10-08
BIVI,BioVie Inc. - Common stock,NASDAQ,N,active,2026-07-11,2026-10-08
BIXI,Bitcoin Infrastructure Acquisition Corp Ltd. - Class A Ordinary Shares,NASDAQ,N,active,2026-07-11,2026-10-08
BIYA,Baiya International Group Inc.  - Ordinary Shares,NASDAQ,N,active,2026-07-11,2026-10-08
BJ,"BJ's Wholesale Club Holdings, Inc. Common Stock",NYSE,N,active,2026-07-11,2026-10-08
BJDX,"Bluejay Diagnostics, Inc. - Common Stock",NASDAQ,N,active,2026-07-11,2026-10-08
BJRI,"BJ's Restaurants, Inc. - Common Stock",NASDAQ,N,active,2026-07-11,2026-10-08
BKCH,Global X Blockchain ETF,NASDAQ,N,active,2026-07-11,2026-10-08
BKD,Brookdale Senior Living Inc. Common Stock,NYSE,N,active,2026-07-11,2026-10-08
BKE,"Buckle, Inc. (The) Common Stock",NYSE,N,active,2026-07-11,2026-10-08
BKH,Black Hills Corporation Common Stock,NYSE,N,active,2026-07-11,2026-10-08
BKHA,Black Hawk Acquisition Corporation - Class A Ordinary Shares,NASDAQ,N,active,2026-07-11,2026-10-08
BKKT,"Bakkt, Inc. Class A Common Stock",NYSE,N,active,2026-07-11,2026-10-08
BKMI,BNY Mellon Municipal Intermediate ETF,NASDAQ,N,active,2026-07-11,2026-10-08
BKMS,BNY Mellon Municipal Short Duration ETF,NASDAQ,N,active,2026-07-11,2026-10-08
BKNG,Booking Holdings Inc. - Common Stock,NASDAQ,N,active,2026-07-11,2026-10-08
BKR,Baker Hughes Company - Common Stock,NASDAQ,N,active,2026-07-11,2026-10-08
BKSY,BlackSky Technology Inc. Class A Common Stock,NYSE,N,active,2026-07-11,2026-10-08
BKT,BlackRock Income Trust Inc. (The),NYSE,N,active,2026-07-11,2026-10-08
BKTI,BK Technologies Corporation Common Stock,NYSE American,N,active,2026-07-11,2026-10-08
BKU,"BankUnited, Inc. Common Stock",NYSE,N,active,2026-07-11,2026-10-08
BKV,BKV Corporation Common Stock,NYSE,N,active,2026-07-11,2026-10-08
BKYI,"BIO-key International, Inc. - Common Stock",NASDAQ,N,active,2026-07-11,2026-10-08
BL,"BlackLine, Inc. - Common Stock",NASDAQ,N,active,2026-07-11,2026-10-08
BLBD,Blue Bird Corporation - Common Stock,NASDAQ,N,active,2026-07-11,2026-10-08
BLCN,Siren NexGen Economy ETF,NASDAQ,N,removed,2026-07-11,2026-07-14
BLCO,Bausch + Lomb Corporation Common Shares,NYSE,N,active,2026-07-11,2026-10-08
BLCR,iShares Large Cap Core Active ETF,NASDAQ,N,active,2026-07-11,2026-10-08
BLDP,"Ballard Power Systems, Inc. - Common Shares",NASDAQ,N,active,2026-07-11,2026-10-08
BLDR,"Builders FirstSource, Inc. Common Stock",NYSE,N,active,2026-07-11,2026-10-08
BLFS,"BioLife Solutions, Inc. - Common Stock",NASDAQ,N,removed,2026-07-11,2026-10-07
BLIN,"Bridgeline Digital, Inc. - Common Stock",NASDAQ,N,active,2026-07-11,2026-10-08
BLIV,BeLive Holdings - ordinary shares,NASDAQ,N,active,2026-07-11,2026-10-08
BLK,"BlackRock, Inc. Common Stock",NYSE,N,active,2026-07-11,2026-10-08
BLKB,"Blackbaud, Inc. - Common Stock",NASDAQ,N,active,2026-07-11,2026-10-08
BLLN,"BillionToOne, Inc. - Class A common stock",NASDAQ,N,active,2026-07-11,2026-10-08
BLMN,"Bloomin' Brands, Inc. - Common Stock",NASDAQ,N,active,2026-07-11,2026-10-08
BLND,"Blend Labs, Inc. Class A Common Stock",NYSE,N,active,2026-07-11,2026-10-08
BLNE,"Beeline Holdings, Inc. - Common Stock",NASDAQ,N,active,2026-07-11,2026-10-08
BLNK,Blink Charging Co. - Common Stock,NASDAQ,D,active,2026-07-11,2026-10-08
BLRK,Bluerock Acquisition Corp. - Class A Ordinary Shares,NASDAQ,N,active,2026-07-11,2026-10-08
BLRX,BioLineRx Ltd. - American Depositary Shares,NASDAQ,N,active,2026-07-11,2026-10-08
BLSG,Leverage Shares 2X Long BLSH Daily ETF,NASDAQ,N,active,2026-07-11,2026-10-08
BLSH,Bullish Ordinary Shares,NYSE,N,active,2026-07-11,2026-10-08
BLTE,"Belite Bio, Inc - American Depositary Shares",NASDAQ,N,active,2026-07-11,2026-10-08
BLUW,Blue Water Acquisition Corp. III - Class A Ordinary Shares,NASDAQ,N,active,2026-07-11,2026-10-08
BLW,Blackrock Limited Duration Income Trust,NYSE,N,active,2026-07-11,2026-10-08
BLX,"Bladex, Inc. Class E Common Stock",NYSE,N,active,2026-07-11,2026-10-08
BLZE,"Backblaze, Inc. - Common Stock",NASDAQ,N,active,2026-07-11,2026-10-08
BLZR,Trailblazer Acquisition Corp. - Class A Ordinary Shares,NASDAQ,N,active,2026-07-11,2026-10-08
BMA,Banco Macro S.A.  ADR (representing Ten Class B Common Shares),NYSE,N,active,2026-07-11,2026-10-08
BMBL,Bumble Inc. - common stock,NASDAQ,N,active,2026-07-11,2026-10-08
BME,Blackrock Health Sciences Trust,NYSE,N,active,2026-07-11,2026-10-08
BMEA,"Biomea Fusion, Inc. - Common Stock",NASDAQ,N,active,2026-07-11,2026-10-08
BMEZ,BlackRock Health Sciences Term Trust Common Shares of Beneficial Interest,NYSE,N,active,2026-07-11,2026-10-08
BMGL,Basel Medical Group Ltd - ordinary shares,NASDAQ,N,active,2026-07-11,2026-10-08
BMHL,Bluemount Holdings Limited - Class B Ordinary Shares,NASDAQ,N,active,2026-07-11,2026-10-08
BMI,"Badger Meter, Inc. Common Stock",NYSE,N,active,2026-07-11,2026-10-08
BMM,Blue Moon Metals Inc. - Common Shares,NASDAQ,N,active,2026-07-11,2026-10-08
BMN,BlackRock 2037 Municipal Target Term Trust Common Shares of Beneficial Interest,NYSE,N,active,2026-07-11,2026-10-08
BMNG,Leverage Shares 2X Long BMNR Daily ETF,NASDAQ,N,active,2026-07-11,2026-10-08
BMNR,"BitMine Immersion Technologies, Inc. Common Stock",NYSE,N,active,2026-07-11,2026-10-08
BMO,Bank Of Montreal Common Stock,NYSE,N,active,2026-07-11,2026-10-08
BMOP,BNY Mellon Municipal Opportunities ETF,NASDAQ,N,active,2026-07-11,2026-10-08
BMR,Beamr Imaging Ltd. - Ordinary Share,NASDAQ,N,active,2026-07-11,2026-10-08
BMRA,"Biomerica, Inc. - Common Stock",NASDAQ,N,active,2026-07-11,2026-10-08
BMRC,Bank of Marin Bancorp - Common Stock,NASDAQ,N,active,2026-07-11,2026-10-08
BMRN,BioMarin Pharmaceutical Inc. - Common Stock,NASDAQ,N,active,2026-07-11,2026-10-08
BMY,Bristol-Myers Squibb Company Common Stock,NYSE,N,active,2026-07-11,2026-10-08
BN,Brookfield Corporation Class A Limited Voting Shares,NYSE,N,active,2026-07-11,2026-10-08
BNAI,Brand Engagement Network Inc. - Common Stock,NASDAQ,N,active,2026-07-11,2026-10-08
BNBX,BNB Plus Corp. - Common Stock,NASDAQ,D,removed,2026-07-11,2026-07-13
BNC,CEA Industries Inc. - Common Stock,NASDAQ,N,active,2026-07-11,2026-10-08
BND,Vanguard Total Bond Market ETF,NASDAQ,N,active,2026-07-11,2026-10-08
BNDP,Vanguard Core-Plus Bond Index ETF,NASDAQ,N,active,2026-07-11,2026-10-08
BNDW,Vanguard Total World Bond ETF,NASDAQ,N,active,2026-07-11,2026-10-08
BNDX,Vanguard Total International Bond ETF,NASDAQ,N,active,2026-07-11,2026-10-08
BNED,"Barnes & Noble Education, Inc Common Stock",NYSE,N,active,2026-07-11,2026-10-08
BNGO,"Bionano Genomics, Inc. - Common Stock",NASDAQ,N,active,2026-07-11,2026-10-08
BNKK,"Bonk, Inc. - Common Stock",NASDAQ,N,active,2026-07-11,2026-10-08
BNL,"Broadstone Net Lease, Inc. Common Stock",NYSE,N,active,2026-07-11,2026-10-08
BNR,Burning Rock Biotech Limited - American Depositary Shares,NASDAQ,N,active,2026-07-11,2026-10-08
BNRG,Brenmiller Energy Ltd - Ordinary Shares,NASDAQ,N,removed,2026-07-11,2026-08-13
BNS,Bank Nova Scotia Halifax Pfd 3 Ordinary Shares,NYSE,N,active,2026-07-11,2026-10-08
BNT,Brookfield Wealth Solutions Ltd. Class A Exchangeable Limited Voting Shares,NYSE,N,active,2026-07-11,2026-10-08
BNTC,Benitec Biopharma Inc. - Common Stock,NASDAQ,N,active,2026-07-11,2026-10-08
BNTX,BioNTech SE - American Depositary Shares,NASDAQ,N,active,2026-07-11,2026-10-08
BNY,The Bank of New York Mellon Corporation Common Stock,NYSE,N,active,2026-07-11,2026-10-08
BNZI,"Banzai International, Inc. - Class A Common Stock",NASDAQ,N,removed,2026-07-11,2026-08-07
BOBS,"Bob's Discount Furniture, Inc. Common Stock",NYSE,N,active,2026-07-11,2026-10-08
BOC,Boston Omaha Corporation Class A Common Stock,NYSE,N,active,2026-07-11,2026-10-08
BODI,"The Beachbody Company, Inc. - Class A Common Stock",NASDAQ,N,active,2026-07-11,2026-10-08
BOE,Blackrock Enhanced Global Dividend Trust Common Shares of Beneficial Interest,NYSE,N,active,2026-07-11,2026-10-08
BOEG,Leverage Shares 2X Long BA Daily ETF,NASDAQ,N,active,2026-07-11,2026-10-08
BOEU,Direxion Daily BA Bull 2X ETF,NASDAQ,N,active,2026-07-11,2026-10-08
BOF,BranchOut Food Inc. - Common Stock,NASDAQ,N,active,2026-07-11,2026-10-08
BOH,Bank of Hawaii Corporation Common Stock,NYSE,N,active,2026-07-11,2026-10-08
BOKF,BOK Financial Corporation - Common Stock,NASDAQ,N,active,2026-07-11,2026-10-08
BOLD,"Boundless Bio, Inc. - Common Stock",NASDAQ,N,active,2026-07-11,2026-10-08
BOLT,"Bolt Biotherapeutics, Inc. - Common Stock",NASDAQ,N,active,2026-07-11,2026-10-08
BON,Bon Natural Life Limited - Class A Ordinary Shares,NASDAQ,N,active,2026-07-11,2026-10-08
BOND,PIMCO Active Bond Exchange-Traded Fund Exchange-Traded Fund,NYSE,N,active,2026-07-11,2026-10-08
BOOM,DMC Global Inc. - Common Stock,NASDAQ,N,active,2026-07-11,2026-10-08
BOOT,"Boot Barn Holdings, Inc. Common Stock",NYSE,N,active,2026-07-11,2026-10-08
BORR,Borr Drilling Limited Common Shares,NYSE,N,active,2026-07-11,2026-10-08
BOSC,B.O.S. Better Online Solutions - Ordinary Shares,NASDAQ,N,active,2026-07-11,2026-10-08
BOT,"RoboStrategy, Inc. - Common Stock",NASDAQ,N,active,2026-07-11,2026-10-08
BOTJ,"Bank of the James Financial Group, Inc. - Common Stock",NASDAQ,N,active,2026-07-11,2026-10-08
BOTT,Themes Humanoid Robotics ETF,NASDAQ,N,active,2026-07-11,2026-10-08
BOTZ,Global X Robotics & Artificial Intelligence ETF,NASDAQ,N,active,2026-07-11,2026-10-08
BOW,Bowhead Specialty Holdings Inc. Common Stock,NYSE,N,active,2026-07-11,2026-10-08
BOX,"Box, Inc. Class A Common Stock",NYSE,N,active,2026-07-11,2026-10-08
BOXL,Boxlight Corporation - Class A Common Stock,NASDAQ,N,active,2026-07-11,2026-10-08
BP,BP p.l.c. Common Stock,NYSE,N,active,2026-07-11,2026-10-08
BPAC,Blueport Acquisition Ltd - Class A Ordinary Shares,NASDAQ,N,active,2026-07-11,2026-10-08
BPOP,"Popular, Inc. - Common Stock",NASDAQ,N,active,2026-07-11,2026-10-08
BPRE,Bluerock Private Real Estate Fund Common Shares of Beneficial Interest,NYSE,N,active,2026-07-11,2026-10-08
BPRN,"Princeton Bancorp, Inc. - Common Stock",NASDAQ,N,active,2026-07-11,2026-10-08
BQ,Boqii Holding Limited Class A Ordinary Shares,NYSE American,N,active,2026-07-11,2026-10-08
BR,"Broadridge Financial Solutions, Inc. Common Stock",NYSE,N,active,2026-07-11,2026-10-08
BRAG,Bragg Gaming Group Inc. - Common Shares,NASDAQ,N,active,2026-07-11,2026-10-08
BRAI,Braiin Limited - Common Stock,NASDAQ,N,active,2026-07-11,2026-10-08
BRBI,BRBI BR Partners S.A. - ADSs,NASDAQ,N,active,2026-07-11,2026-10-08
BRBR,"BellRing Brands, Inc. Common Stock ",NYSE,N,active,2026-07-11,2026-10-08
BRBS,"Blue Ridge Bankshares, Inc. Common Stock",NYSE American,N,active,2026-07-11,2026-10-08
BRC,Brady Corporation Common Stock,NYSE,N,active,2026-07-11,2026-10-08
BRCB,"Black Rock Coffee Bar, Inc. - Class A Common Stock",NASDAQ,N,active,2026-07-11,2026-10-08
BRCC,BRC Inc. Class A Common Stock,NYSE,N,active,2026-07-11,2026-10-08
BRCE,MFS Blended Research Core Equity ETF,NYSE,N,active,2026-07-11,2026-10-08
BREE,MFS Blended Research Emerging Markets Equity ETF,NYSE,N,active,2026-07-11,2026-10-08
BREM,iShares Emerging Markets Bond Active ETF,NASDAQ,N,active,2026-07-11,2026-10-08
BRES,Burney U.S. Equity Select ETF,NASDAQ,N,active,2026-07-11,2026-10-08
BREZ,Breeze Acquisition Corp. II - Ordinary Shares,NASDAQ,E,active,2026-07-11,2026-10-08
BRFH,Barfresh Food Group Inc. - Common Stock,NASDAQ,D,active,2026-07-11,2026-10-08
BRHY,iShares High Yield Active ETF,NASDAQ,N,active,2026-07-11,2026-10-08
BRIA,BrilliA Inc Class A Ordinary Shares,NYSE American,N,active,2026-07-11,2026-10-08
BRID,Bridgford Foods Corporation - Common Stock,NASDAQ,N,active,2026-07-11,2026-10-08
BRIE,MFS Blended Research International Equity ETF,NYSE,N,active,2026-07-11,2026-10-08
BRK-A,Berkshire Hathaway Inc. Common Stock,NYSE,N,active,2026-07-11,2026-10-08
BRK-B,Berkshire Hathaway Inc. New Common Stock,NYSE,N,active,2026-07-11,2026-10-08
BRKR,Bruker Corporation - Common Stock,NASDAQ,N,active,2026-07-11,2026-10-08
BRKU,Direxion Daily BRKB Bull 2X ETF,NASDAQ,N,active,2026-07-11,2026-10-08
BRLS,Borealis Foods Inc. - Class A Common Shares,NASDAQ,H,active,2026-07-11,2026-10-08
BRLT,"Brilliant Earth Group, Inc. - Class A Common Stock",NASDAQ,N,active,2026-07-11,2026-10-08
BRN,"Barnwell Industries, Inc. Common Stock",NYSE American,N,active,2026-07-11,2026-10-08
BRNS,Barinthus Biotherapeutics plc - American Depositary Shares,NASDAQ,D,removed,2026-07-11,2026-09-08
BRNY,Burney U.S. Factor Rotation ETF,NASDAQ,N,active,2026-07-11,2026-10-08
BRO,"Brown & Brown, Inc. Common Stock",NYSE,N,active,2026-07-11,2026-10-08
BROL,Baron Risk Optimized Large Cap ETF,NYSE,N,active,2026-07-11,2026-10-08
BROS,Dutch Bros Inc. Class A Common Stock,NYSE,N,active,2026-07-11,2026-10-08
BRR,"ProCap Financial, Inc. - Common Stock",NASDAQ,N,removed,2026-07-11,2026-09-22
BRRR,Coinshares Bitcoin ETF,NASDAQ,N,active,2026-07-11,2026-10-08
BRSL,"Brightstar Lottery PLC Trading under the Legal Name to begin at the market open on July 21, 2025. Ordinary Shares",NYSE,N,active,2026-07-11,2026-10-08
BRSP,"BrightSpire Capital, Inc. Class A Common Stock",NYSE,N,active,2026-07-11,2026-10-08
BRT,BRT Apartments Corp. (MD) Common Stock,NYSE,N,active,2026-07-11,2026-10-08
BRTR,iShares Total Return Active ETF,NASDAQ,N,active,2026-07-11,2026-10-08
BRTX,"BioRestorative Therapies, Inc. - Common Stock",NASDAQ,E,active,2026-07-11,2026-10-08
BRUN,Boost Run Inc. - Class A Common Stock,NASDAQ,N,active,2026-07-11,2026-10-08
BRW,Saba Capital Income & Opportunities Fund SBI,NYSE,N,active,2026-07-11,2026-10-08
BRX,Brixmor Property Group Inc. Common Stock,NYSE,N,active,2026-07-11,2026-10-08
BRZE,"Braze, Inc. - Class A Common Stock",NASDAQ,N,active,2026-07-11,2026-10-08
BSAA,BEST SPAC I Acquisition Corp. - Class A Ordinary Shares,NASDAQ,D,active,2026-07-11,2026-10-08
BSAC,Banco Santander - Chile ADS,NYSE,N,active,2026-07-11,2026-10-08
BSBK,Bogota Financial Corp. - Common Stock,NASDAQ,N,active,2026-07-11,2026-10-08
BSCA,Invesco BulletShares 2036 Corporate Bond ETF,NASDAQ,N,active,2026-07-11,2026-10-08
BSCQ,Invesco BulletShares 2026 Corporate Bond ETF,NASDAQ,N,active,2026-07-11,2026-10-08
BSCR,Invesco BulletShares 2027 Corporate Bond ETF,NASDAQ,N,active,2026-07-11,2026-10-08
BSCS,Invesco BulletShares 2028 Corporate Bond ETF,NASDAQ,N,active,2026-07-11,2026-10-08
BSCT,Invesco BulletShares 2029 Corporate Bond ETF,NASDAQ,N,active,2026-07-11,2026-10-08
BSCU,Invesco BulletShares 2030 Corporate Bond ETF,NASDAQ,N,active,2026-07-11,2026-10-08
BSCV,Invesco BulletShares 2031 Corporate Bond ETF,NASDAQ,N,active,2026-07-11,2026-10-08
BSCW,Invesco BulletShares 2032 Corporate Bond ETF,NASDAQ,N,active,2026-07-11,2026-10-08
BSCX,Invesco BulletShares 2033 Corporate Bond ETF,NASDAQ,N,active,2026-07-11,2026-10-08
BSCY,Invesco BulletShares 2034 Corporate Bond ETF,NASDAQ,N,active,2026-07-11,2026-10-08
BSCZ,Invesco BulletShares 2035 Corporate Bond ETF,NASDAQ,N,active,2026-07-11,2026-10-08
BSET,"Bassett Furniture Industries, Incorporated - Common Stock",NASDAQ,N,active,2026-07-11,2026-10-08
BSGR,Invesco BulletShares 2027 Treasury Bond ETF,NASDAQ,N,active,2026-07-11,2026-10-08
BSGT,Invesco BulletShares 2029 Treasury Bond ETF,NASDAQ,N,active,2026-07-11,2026-10-08
BSIN,Big Sky Industrial Inc. - Common Stock,NASDAQ,N,active,2026-07-11,2026-10-08
BSJQ,Invesco BulletShares 2026 High Yield Corporate Bond ETF,NASDAQ,N,active,2026-07-11,2026-10-08
BSJR,Invesco BulletShares 2027 High Yield Corporate Bond ETF,NASDAQ,N,active,2026-07-11,2026-10-08
BSJS,Invesco BulletShares 2028 High Yield Corporate Bond ETF,NASDAQ,N,active,2026-07-11,2026-10-08
BSJT,Invesco BulletShares 2029 High Yield Corporate Bond ETF,NASDAQ,N,active,2026-07-11,2026-10-08
BSJU,Invesco BulletShares 2030 High Yield Corporate Bond ETF,NASDAQ,N,active,2026-07-11,2026-10-08
BSJV,Invesco BulletShares 2031 High Yield Corporate Bond ETF,NASDAQ,N,active,2026-07-11,2026-10-08
BSJW,Invesco BulletShares 2032 High Yield Corporate Bond ETF,NASDAQ,N,active,2026-07-11,2026-10-08
BSJX,Invesco BulletShares 2033 High Yield Corporate Bond ETF,NASDAQ,N,active,2026-07-11,2026-10-08
BSJY,Invesco BulletShares 2034 High Yield Corporate Bond ETF,NASDAQ,N,active,2026-07-11,2026-10-08
BSL,Blackstone Senior Floating Rate 2027 Term Fund Common Shares of Beneficial Interest,NYSE,N,active,2026-07-11,2026-10-08
BSMQ,Invesco BulletShares 2026 Municipal Bond ETF,NASDAQ,N,active,2026-07-11,2026-10-08
BSMR,Invesco BulletShares 2027 Municipal Bond ETF,NASDAQ,N,active,2026-07-11,2026-10-08
BSMS,Invesco BulletShares 2028 Municipal Bond ETF,NASDAQ,N,active,2026-07-11,2026-10-08
BSMT,Invesco BulletShares 2029 Municipal Bond ETF,NASDAQ,N,active,2026-07-11,2026-10-08
BSMU,Invesco BulletShares 2030 Municipal Bond ETF,NASDAQ,N,active,2026-07-11,2026-10-08
BSMV,Invesco BulletShares 2031 Municipal Bond ETF,NASDAQ,N,active,2026-07-11,2026-10-08
BSMW,Invesco BulletShares 2032 Municipal Bond ETF,NASDAQ,N,active,2026-07-11,2026-10-08
BSMY,Invesco BulletShares 2034 Municipal Bond ETF,NASDAQ,N,active,2026-07-11,2026-10-08
BSMZ,Invesco BulletShares 2035 Municipal Bond ETF,NASDAQ,N,active,2026-07-11,2026-10-08
BSP,Bending Spoons S.p.A. - Ordinary Shares,NASDAQ,N,active,2026-07-11,2026-10-08
BSRR,Sierra Bancorp - Common Stock,NASDAQ,N,active,2026-07-11,2026-10-08
BSSX,Invesco BulletShares 2033 Municipal Bond ETF,NASDAQ,N,active,2026-07-11,2026-10-08
BST,BlackRock Science and Technology Trust Common Shares of Beneficial Interest,NYSE,N,active,2026-07-11,2026-10-08
BSTS,Invesco BulletShares 2028 Treasury Bond ETF,NASDAQ,N,active,2026-07-11,2026-10-08
BSTU,Invesco BulletShares 2030 Treasury Bond ETF,NASDAQ,N,active,2026-07-11,2026-10-08
BSTV,Invesco BulletShares 2031 Treasury Bond ETF,NASDAQ,N,active,2026-07-11,2026-10-08
BSTZ,BlackRock Science and Technology Term Trust Common Shares of Beneficial Interest,NYSE,N,active,2026-07-11,2026-10-08
BSVN,Bank7 Corp. - Common stock,NASDAQ,N,active,2026-07-11,2026-10-08
BSVO,EA Bridgeway Omni Small-Cap Value ETF,NASDAQ,N,active,2026-07-11,2026-10-08
BSX,Boston Scientific Corporation Common Stock,NYSE,N,active,2026-07-11,2026-10-08
BSY,"Bentley Systems, Incorporated - Class B Common Stock",NASDAQ,N,active,2026-07-11,2026-10-08
BTAI,"BioXcel Therapeutics, Inc. - Common Stock",NASDAQ,N,removed,2026-07-11,2026-09-07
BTBD,"BT Brands, Inc. - Common Stock",NASDAQ,N,active,2026-07-11,2026-10-08
BTBT,"Bit Digital, Inc. - Ordinary Share",NASDAQ,N,active,2026-07-11,2026-10-08
BTCS,BTCS Inc. - Common Stock,NASDAQ,N,active,2026-07-11,2026-10-08
BTCT,BTC Digital Ltd. - Ordinary Shares,NASDAQ,N,active,2026-07-11,2026-10-08
BTDR,Bitdeer Technologies Group - Ordinary Shares,NASDAQ,N,active,2026-07-11,2026-10-08
BTE,Baytex Energy Corp Common Shares,NYSE,N,active,2026-07-11,2026-10-08
BTF,CoinShares Bitcoin and Ether ETF,NASDAQ,N,active,2026-07-11,2026-10-08
BTG,B2Gold Corp Common shares (Canada),NYSE American,N,active,2026-07-11,2026-10-08
BTGD,STKd 100% Bitcoin & 100% Gold ETF,NASDAQ,N,active,2026-07-11,2026-10-08
BTGO,"BitGo Holdings, Inc. Class A Common Stock",NYSE,N,active,2026-07-11,2026-10-08
BTI,"British American Tobacco  Industries, p.l.c. Common Stock ADR",NYSE,N,active,2026-07-11,2026-10-08
BTMD,Biote Corp. - Class A common stock,NASDAQ,N,active,2026-07-11,2026-10-08
BTO,John Hancock Financial Opportunities Fund Common Stock,NYSE,N,active,2026-07-11,2026-10-08
BTOC,Armlogi Holding Corp. - common stock,NASDAQ,D,active,2026-07-11,2026-10-08
BTOG,Bit Origin Limited - Class A Ordinary Shares,NASDAQ,N,removed,2026-07-11,2026-09-03
BTQ,BTQ Technologies Corp. - Common Stock,NASDAQ,N,active,2026-07-11,2026-10-08
BTSG,"BrightSpring Health Services, Inc. - Common Stock",NASDAQ,N,active,2026-07-11,2026-10-08
BTT,BlackRock Municipal 2030 Target Term Trust,NYSE,N,active,2026-07-11,2026-10-08
BTTC,Black Titan Corp - Ordinary Shares,NASDAQ,D,active,2026-07-11,2026-10-08
BTU,Peabody Energy Corporation Common Stock ,NYSE,N,active,2026-07-11,2026-10-08
BTX,BlackRock Technology and Private Equity Term Trust Common Shares of Beneficial Interest,NYSE,N,active,2026-07-11,2026-10-08
BTZ,BlackRock Credit Allocation Income Trust,NYSE,N,active,2026-07-11,2026-10-08
BUD,Anheuser-Busch Inbev SA Sponsored ADR (Belgium),NYSE,N,active,2026-07-11,2026-10-08
BUDA,"Buda Juice, Inc. Common Stock",NYSE American,N,active,2026-07-11,2026-10-08
BUFC,AB Conservative Buffer ETF,NASDAQ,N,active,2026-07-11,2026-10-08
BUFI,AB International Buffer ETF,NASDAQ,N,active,2026-07-11,2026-10-08
BUFM,AB Moderate Buffer ETF,NASDAQ,N,active,2026-07-11,2026-10-08
BUG,Global X Cybersecurity ETF,NASDAQ,N,active,2026-07-11,2026-10-08
BUI,"BlackRock Utility, Infrastructure & Power Opportunities Trust",NYSE,N,active,2026-07-11,2026-10-08
BULD,Pacer BlueStar Engineering the Future ETF,NASDAQ,N,active,2026-07-11,2026-10-08
BULG,Leverage Shares 2X Long BULL Daily ETF,NASDAQ,N,active,2026-07-11,2026-10-08
BULL,Webull Corporation - Class A Ordinary Shares,NASDAQ,N,active,2026-07-11,2026-10-08
BUR,Burford Capital Limited Ordinary Shares,NYSE,N,active,2026-07-11,2026-10-08
BURL,"Burlington Stores, Inc. Common Stock",NYSE,N,active,2026-07-11,2026-10-08
BURU,"Nuburu, Inc. Common Stock",NYSE American,N,active,2026-07-11,2026-10-08
BUSE,First Busey Corporation - Common Stock,NASDAQ,N,active,2026-07-11,2026-10-08
BUUU,BUUU Group Limited - Class A Ordinary Share,NASDAQ,N,active,2026-07-11,2026-10-08
BUXX,Strive Enhanced Income Short Maturity ETF,NYSE,N,active,2026-07-11,2026-10-08
BV,"BrightView Holdings, Inc. Common Stock",NYSE,N,active,2026-07-11,2026-10-08
BVC,BitVentures Limited - Ordinary Share,NASDAQ,N,active,2026-07-11,2026-10-08
BVFL,"BV Financial, Inc. - Common Stock",NASDAQ,N,active,2026-07-11,2026-10-08
BVN,Buenaventura Mining Company Inc.,NYSE,N,active,2026-07-11,2026-10-08
BVS,Bioventus Inc. - Class A Common Stock,NASDAQ,N,active,2026-07-11,2026-10-08
BW,"Babcock & Wilcox Enterprises, Inc. Common Stock",NYSE,N,active,2026-07-11,2026-10-08
BWA,BorgWarner Inc. Common Stock,NYSE,N,active,2026-07-11,2026-10-08
BWAY,BrainsWay Ltd. - American Depositary Shares,NASDAQ,N,active,2026-07-11,2026-10-08
BWB,"Bridgewater Bancshares, Inc. - Common Stock",NASDAQ,N,active,2026-07-11,2026-10-08
BWEN,"Broadwind, Inc. - Common Stock",NASDAQ,N,active,2026-07-11,2026-10-08
BWFG,"Bankwell Financial Group, Inc. - Common Stock",NASDAQ,N,active,2026-07-11,2026-10-08
BWG,BrandywineGLOBAL Global Income Opportunities Fund Inc.,NYSE,N,active,2026-07-11,2026-10-08
BWIN,"The Baldwin Insurance Group, Inc. - Class A Common Stock",NASDAQ,N,active,2026-07-11,2026-10-08
BWIV,Blue Water Acquisition Corp. IV Class A Ordinary Shares,NYSE,N,active,2026-07-11,2026-10-08
BWLP,BW LPG Limited Common Shares,NYSE,N,active,2026-07-11,2026-10-08
BWMN,Bowman Consulting Group Ltd. - Common Stock,NASDAQ,N,active,2026-07-11,2026-10-08
BWMX,"Betterware de Mexico, S.A.P.I. de C.V. Ordinary Shares",NYSE,N,active,2026-07-11,2026-10-08
BWXT,"BWX Technologies, Inc. Common Stock",NYSE,N,active,2026-07-11,2026-10-08
BX,Blackstone Inc. Common Stock,NYSE,N,active,2026-07-11,2026-10-08
BXC,Bluelinx Holdings Inc. Common Stock,NYSE,N,active,2026-07-11,2026-10-08
BXDC,Blackstone Digital Infrastructure Trust Inc. Common Stock,NYSE,N,active,2026-07-11,2026-10-08
BXMT,"Blackstone Mortgage Trust, Inc. Common Stock",NYSE,N,active,2026-07-11,2026-10-08
BXP,"BXP, Inc. Common Stock",NYSE,N,active,2026-07-11,2026-10-08
BXSL,Blackstone Secured Lending Fund Common Shares of Beneficial Interest,NYSE,N,active,2026-07-11,2026-10-08
BY,"Byline Bancorp, Inc. Common Stock",NYSE,N,active,2026-07-11,2026-10-08
BYAH,"Park Ha Biological Technology Co., Ltd. - Class A Ordinary Shares",NASDAQ,N,active,2026-07-11,2026-10-08
BYD,Boyd Gaming Corporation Common Stock,NYSE,N,active,2026-07-11,2026-10-08
BYFC,Broadway Financial Corporation - Class A Common Stock,NASDAQ,N,active,2026-07-11,2026-10-08
BYND,"Beyond Meat, Inc. - Common stock",NASDAQ,N,active,2026-07-11,2026-10-08
BYRN,"Byrna Technologies, Inc. - Common Stock",NASDAQ,N,active,2026-07-11,2026-10-08
BYSI,"BeyondSpring, Inc. - Ordinary Shares",NASDAQ,D,active,2026-07-11,2026-10-08
BZ,KANZHUN LIMITED - American Depository Shares,NASDAQ,N,active,2026-07-11,2026-10-08
BZAI,"Blaize Holdings, Inc. - Common Stock",NASDAQ,D,active,2026-07-11,2026-10-08
BZFD,"BuzzFeed, Inc. - Class A Common Stock",NASDAQ,N,active,2026-07-11,2026-10-08
BZH,"Beazer Homes USA, Inc. Common Stock",NYSE,N,active,2026-07-11,2026-10-08
BZUN,Baozun Inc. - American Depositary Shares,NASDAQ,N,active,2026-07-11,2026-10-08
C,"Citigroup, Inc. Common Stock",NYSE,N,active,2026-07-11,2026-10-08
CAAP,Corporacion America Airports SA Common Shares,NYSE,N,active,2026-07-11,2026-10-08
CAAS,"China Automotive Systems, Inc. - Ordinary Share",NASDAQ,N,active,2026-07-11,2026-10-08
CABA,"Cabaletta Bio, Inc. - Common Stock",NASDAQ,N,active,2026-07-11,2026-10-08
CABO,"Cable One, Inc. Common Stock",NYSE,N,active,2026-07-11,2026-10-08
CABR,"Caring Brands, Inc. - Common Stock",NASDAQ,D,active,2026-07-11,2026-10-08
CAC,Camden National Corporation - Common Stock,NASDAQ,N,active,2026-07-11,2026-10-08
CACC,Credit Acceptance Corporation - Common Stock,NASDAQ,N,active,2026-07-11,2026-10-08
CACI,"CACI International, Inc. Class A Common Stock",NYSE,N,active,2026-07-11,2026-10-08
CADL,"Candel Therapeutics, Inc. - Common Stock",NASDAQ,N,active,2026-07-11,2026-10-08
CAE,CAE Inc. Ordinary Shares,NASDAQ,N,active,2026-07-11,2026-10-08
CAES,"Cantor Equity Partners VII, Inc. - Class A Ordinary Shares",NASDAQ,N,active,2026-07-11,2026-10-08
CAF,Morgan Stanley China A Share Fund Inc. Common Stock,NYSE,N,active,2026-07-11,2026-10-08
CAFG,Pacer US Small Cap Cash Cows Growth Leaders ETF,NASDAQ,N,active,2026-07-11,2026-10-08
CAG,"ConAgra Brands, Inc. Common Stock",NYSE,N,active,2026-07-11,2026-10-08
CAH,"Cardinal Health, Inc. Common Stock",NYSE,N,active,2026-07-11,2026-10-08
CAI,"Caris Life Sciences, Inc. - Common Stock",NASDAQ,N,active,2026-07-11,2026-10-08
CAII,Collective Acquisition Corp. II - Class A Ordinary Shares,NASDAQ,N,active,2026-07-11,2026-10-08
CAIQ,Calamos Nasdaq Autocallable Income ETF,NASDAQ,N,active,2026-07-11,2026-10-08
CAKE,The Cheesecake Factory Incorporated - Common Stock,NASDAQ,N,active,2026-07-11,2026-10-08
CAL,"Caleres, Inc. Common Stock",NYSE,N,active,2026-07-11,2026-10-08
CALC,"CalciMedica, Inc. - Common Stock",NASDAQ,N,active,2026-07-11,2026-10-08
CALI,iShares Short-Term California Muni Active ETF,NASDAQ,N,active,2026-07-11,2026-10-08
CALM,"Cal-Maine Foods, Inc. - Common Stock",NASDAQ,N,active,2026-07-11,2026-10-08
CALX,"Calix, Inc Common Stock",NYSE,N,active,2026-07-11,2026-10-08
CALY,Callaway Golf Company Common Stock,NYSE,N,active,2026-07-11,2026-10-08
CAMP,CAMP4 Therapeutics Corporation - Common Stock,NASDAQ,N,active,2026-07-11,2026-10-08
CAMT,Camtek Ltd. - Ordinary Shares,NASDAQ,N,active,2026-07-11,2026-10-08
CAN,Canaan Inc. - American Depositary Shares,NASDAQ,D,active,2026-07-11,2026-10-08
CANC,Tema Oncology ETF,NASDAQ,N,active,2026-07-11,2026-10-08
CANF,"Can-Fite Biopharma Ltd American Depositary Shares, each representing two (2) Ordinary Shares",NYSE American,N,active,2026-07-11,2026-10-08
CANG,Cango Inc. Class A Ordinary Shares,NYSE,N,active,2026-07-11,2026-10-08
CANQ,Calamos Nasdaq Equity & Income ETF,NASDAQ,N,active,2026-07-11,2026-10-08
CAPN,Cayson Acquisition Corp - Ordinary Shares,NASDAQ,D,active,2026-07-11,2026-10-08
CAPR,"Capricor Therapeutics, Inc. - Common Stock",NASDAQ,N,active,2026-07-11,2026-10-08
CAPS,Capstone Holding Corp. - Common Stock,NASDAQ,D,active,2026-07-11,2026-10-08
CAQ,Cambridge Acquisition Corp. - Class A Ordinary Shares,NASDAQ,N,active,2026-07-11,2026-10-08
CAR,"Avis Budget Group, Inc. - Common Stock",NASDAQ,N,active,2026-07-11,2026-10-08
CARE,"Carter Bankshares, Inc. - Common Stock",NASDAQ,N,active,2026-07-11,2026-10-08
CARG,"CarGurus, Inc. - Class A Common Stock",NASDAQ,N,active,2026-07-11,2026-10-08
CARL,"Carlsmed, Inc. - Common Stock",NASDAQ,N,active,2026-07-11,2026-10-08
CARR,Carrier Global Corporation Common Stock ,NYSE,N,active,2026-07-11,2026-10-08
CARS,Cars.com Inc. Common Stock ,NYSE,N,active,2026-07-11,2026-10-08
CART,Maplebear Inc. - Common Stock,NASDAQ,N,active,2026-07-11,2026-10-08
CARY,Angel Oak Income ETF,NASDAQ,N,active,2026-07-11,2026-10-08
CARZ,First Trust S-Network Future Vehicles & Technology ETF,NASDAQ,N,active,2026-07-11,2026-10-08
CASH,"Pathward Financial, Inc. - Common Stock",NASDAQ,N,active,2026-07-11,2026-10-08
CASS,"Cass Information Systems, Inc - Common Stock",NASDAQ,N,active,2026-07-11,2026-10-08
CAST,"FreeCast, Inc. - Class A common stock",NASDAQ,N,active,2026-07-11,2026-10-08
CASY,"Caseys General Stores, Inc. - Common Stock",NASDAQ,N,active,2026-07-11,2026-10-08
CAT,"Caterpillar, Inc. Common Stock",NYSE,N,active,2026-07-11,2026-10-08
CATH,Global X S&P 500 Catholic Values ETF,NASDAQ,N,active,2026-07-11,2026-10-08
CATO,Cato Corporation (The) Class A Common Stock,NYSE,N,active,2026-07-11,2026-10-08
CATX,"Perspective Therapeutics, Inc. Common Stock",NYSE American,N,active,2026-07-11,2026-10-08
CATY,Cathay General Bancorp - Common Stock,NASDAQ,N,active,2026-07-11,2026-10-08
CAVA,"CAVA Group, Inc. Common Stock",NYSE,N,active,2026-07-11,2026-10-08
CB,Chubb Limited  Common Stock,NYSE,N,active,2026-07-11,2026-10-08
CBAN,"Colony Bankcorp, Inc. Common Stock",NYSE,N,active,2026-07-11,2026-10-08
CBAT,CBAK Energy Technology Limited - Ordinary Shares,NASDAQ,N,active,2026-07-11,2026-10-08
CBC,"Central Bancompany, Inc. - Class A Common Stock",NASDAQ,N,active,2026-07-11,2026-10-08
CBFV,"CB Financial Services, Inc. - Common Stock",NASDAQ,N,active,2026-07-11,2026-10-08
CBIO,"Crescent Biopharma, Inc. - Common Stock",NASDAQ,N,active,2026-07-11,2026-10-08
CBK,"Commercial Bancgroup, Inc. - Common Stock",NASDAQ,N,active,2026-07-11,2026-10-08
CBL,"CBL & Associates Properties, Inc. Common Stock",NYSE,N,active,2026-07-11,2026-10-08
CBLL,"CeriBell, Inc. - Common Stock",NASDAQ,N,active,2026-07-11,2026-10-08
CBNA,"Chain Bridge Bancorp, Inc. Class A Common Stock",NYSE,N,active,2026-07-11,2026-10-08
CBNK,"Capital Bancorp, Inc. - Common Stock",NASDAQ,N,active,2026-07-11,2026-10-08
CBRE,CBRE Group Inc Common Stock Class A,NYSE,N,active,2026-07-11,2026-10-08
CBRL,"Cracker Barrel Old Country Store, Inc. - Common Stock",NASDAQ,N,active,2026-07-11,2026-10-08
CBRS,Cerebras Systems Inc. - Class A Common Stock,NASDAQ,N,active,2026-07-11,2026-10-08
CBSH,"Commerce Bancshares, Inc. - Common Stock",NASDAQ,N,active,2026-07-11,2026-10-08
CBT,Cabot Corporation Common Stock,NYSE,N,active,2026-07-11,2026-10-08
CBU,"Community Financial System, Inc. Common Stock",NYSE,N,active,2026-07-11,2026-10-08
CBUS,"Cibus, Inc. - Class A Common Stock",NASDAQ,N,active,2026-07-11,2026-10-08
CBZ,"CBIZ, Inc. Common Stock",NYSE,N,active,2026-07-11,2026-10-08
CC,Chemours Company (The) Common Stock,NYSE,N,active,2026-07-11,2026-10-08
CCAP,"Crescent Capital BDC, Inc. - Common Stock",NASDAQ,N,active,2026-07-11,2026-10-08
CCAQ,Collective Acquisition Corp. - Class A ordinary shares,NASDAQ,N,active,2026-07-11,2026-10-08
CCB,Coastal Financial Corporation - Common Stock,NASDAQ,N,active,2026-07-11,2026-10-08
CCBG,Capital City Bank Group - Common Stock,NASDAQ,N,active,2026-07-11,2026-10-08
CCC,CCC Intelligent Solutions Holdings Inc. - Common Stock,NASDAQ,N,active,2026-07-11,2026-10-08
CCCC,"C4 Therapeutics, Inc. - Common Stock",NASDAQ,N,active,2026-07-11,2026-10-08
CCD,Calamos Dynamic Convertible & Income Fund - Closed End Fund,NASDAQ,N,active,2026-07-11,2026-10-08
CCEC,Capital Clean Energy Carriers Corp. - Common Share,NASDAQ,N,active,2026-07-11,2026-10-08
CCEL,"Cryo-Cell International, Inc. Common Stock",NYSE American,N,active,2026-07-11,2026-10-08
CCEP,Coca-Cola Europacific Partners plc - Ordinary Shares,NASDAQ,N,active,2026-07-11,2026-10-08
CCFE,Concourse Capital Focused Equity ETF,NASDAQ,N,active,2026-07-11,2026-10-08
CCG,Cheche Group Inc. - Class A Ordinary Shares,NASDAQ,N,active,2026-07-11,2026-10-08
CCHH,CCH Holdings Ltd - Class A Ordinary Shares,NASDAQ,N,active,2026-07-11,2026-10-08
CCI,Crown Castle Inc. Common Stock,NYSE,N,active,2026-07-11,2026-10-08
CCIF,Carlyle Credit Income Fund Shares of Beneficial Interest,NYSE,N,active,2026-07-11,2026-10-08
CCII,Cohen Circle Acquisition Corp. II - Class A Ordinary Shares,NASDAQ,N,active,2026-07-11,2026-10-08
CCIX,Churchill Capital Corp IX - Ordinary Shares,NASDAQ,N,removed,2026-07-11,2026-07-27
CCJ,Cameco Corporation Common Stock,NYSE,N,active,2026-07-11,2026-10-08
CCK,"Crown Holdings, Inc.",NYSE,N,active,2026-07-11,2026-10-08
CCL,Carnival Corporation Ltd. Common Shares,NYSE,N,active,2026-07-11,2026-10-08
CCLD,"CareCloud, Inc. - Common Stock",NASDAQ,N,active,2026-07-11,2026-10-08
CCM,Concord Medical Services Holdings Limited American Depositary Shares (Each represents thirty (30) Class A ordinary shares),NYSE,N,active,2026-07-11,2026-10-08
CCNE,CNB Financial Corporation - Common Stock,NASDAQ,N,active,2026-07-11,2026-10-08
CCNR,ALPS/CoreCommodity Natural Resources ETF,NASDAQ,N,active,2026-07-11,2026-10-08
CCO,"Clear Channel Outdoor Holdings, Inc. Common Stock",NYSE,N,active,2026-07-11,2026-10-08
CCOI,"Cogent Communications Holdings, Inc. - Common Stock",NASDAQ,N,active,2026-07-11,2026-10-08
CCRN,"Cross Country Healthcare, Inc. - Common Stock",NASDAQ,N,removed,2026-07-11,2026-07-21
CCS,"Century Communities, Inc. Common Stock",NYSE,N,active,2026-07-11,2026-10-08
CCSB,Carbon Collective Short Duration Green Bond ETF,NASDAQ,N,active,2026-07-11,2026-10-08
CCSI,"Consensus Cloud Solutions, Inc. - Common Stock",NASDAQ,N,active,2026-07-11,2026-10-08
CCSO,Carbon Collective Climate Solutions U.S. Equity ETF,NASDAQ,N,active,2026-07-11,2026-10-08
CCTG,CCSC Technology International Holdings Limited - Class A Ordinary Shares,NASDAQ,D,active,2026-07-11,2026-10-08
CCU,"Compania Cervecerias Unidas, S.A. Common Stock",NYSE,N,active,2026-07-11,2026-10-08
CCXI,Churchill Capital Corp XI - Class A Ordinary Shares,NASDAQ,N,active,2026-07-11,2026-10-08
CCZ,Comcast Holdings ZONES,NYSE,N,active,2026-07-11,2026-10-08
CD,Chaince Digital Holdings Inc. - American Ordinary Shares,NASDAQ,N,active,2026-07-11,2026-10-08
CDC,VictoryShares US EQ Income Enhanced Volatility Wtd ETF,NASDAQ,N,active,2026-07-11,2026-10-08
CDE,"Coeur Mining, Inc. Common Stock",NYSE,N,active,2026-07-11,2026-10-08
CDIG,City Different Investments Global Equity ETF,NASDAQ,N,active,2026-07-11,2026-10-08
CDIO,Cardio Diagnostics Holdings Inc. - Common stock,NASDAQ,N,active,2026-07-11,2026-10-08
CDL,VictoryShares US Large Cap High Div Volatility Wtd ETF,NASDAQ,N,active,2026-07-11,2026-10-08
CDLR,Cadeler A/S American Depositary Share (each representing four (4) Ordinary Shares),NYSE,N,active,2026-07-11,2026-10-08
CDLX,"Cardlytics, Inc. - Common Stock",NASDAQ,N,active,2026-07-11,2026-10-08
CDNA,"CareDx, Inc. - Common Stock",NASDAQ,N,active,2026-07-11,2026-10-08
CDNL,Cardinal Infrastructure Group Inc. - Class A Common Stock,NASDAQ,N,active,2026-07-11,2026-10-08
CDNS,"Cadence Design Systems, Inc. - Common Stock",NASDAQ,N,active,2026-07-11,2026-10-08
CDP,COPT Defense Properties Common Shares of Beneficial Interest,NYSE,N,active,2026-07-11,2026-10-08
CDRE,"Cadre Holdings, Inc. Common Stock",NYSE,N,active,2026-07-11,2026-10-08
CDRO,"Codere Online Luxembourg, S.A. - Ordinary Shares",NASDAQ,N,active,2026-07-11,2026-10-08
CDT,CDT Equity Inc. - Common Stock,NASDAQ,N,active,2026-07-11,2026-10-08
CDTG,CDT Environmental Technology Investment Holdings Limited - ordinary shares,NASDAQ,N,active,2026-07-11,2026-10-08
CDW,CDW Corporation - Common Stock,NASDAQ,N,active,2026-07-11,2026-10-08
CDXS,"Codexis, Inc. - Common Stock",NASDAQ,N,active,2026-07-11,2026-10-08
CDZI,"Cadiz, Inc. - Common Stock",NASDAQ,N,active,2026-07-11,2026-10-08
CDZIP,"Cadiz, Inc. - Depositary Shares",NASDAQ,N,active,2026-07-11,2026-10-08
CE,Celanese Corporation Common Stock,NYSE,N,active,2026-07-11,2026-10-08
CECO,CECO Environmental Corp. - Common Stock,NASDAQ,N,active,2026-07-11,2026-10-08
CEE,"The Central and Eastern Europe Fund, Inc. (The) Common Stock",NYSE,N,active,2026-07-11,2026-10-08
CEFA,Global X S&P Catholic Values Developed ex-U.S. ETF,NASDAQ,N,active,2026-07-11,2026-10-08
CEG,Constellation Energy Corporation - Common Stock When-Issued,NASDAQ,N,active,2026-07-11,2026-10-08
CELC,Celcuity Inc. - Common Stock,NASDAQ,N,active,2026-07-11,2026-10-08
CELH,"Celsius Holdings, Inc. - Common Stock",NASDAQ,N,active,2026-07-11,2026-10-08
CELU,Celularity Inc. - Class A Common Stock,NASDAQ,E,active,2026-07-11,2026-10-08
CELZ,"Creative Medical Technology Holdings, Inc. - Common Stock",NASDAQ,N,active,2026-07-11,2026-10-08
CENN,Cenntro Inc. - Common Stock,NASDAQ,N,active,2026-07-11,2026-10-08
CENT,Central Garden & Pet Company - Common Stock,NASDAQ,N,active,2026-07-11,2026-10-08
CENTA,Central Garden & Pet Company - Class A Common Stock Nonvoting,NASDAQ,N,active,2026-07-11,2026-10-08
CENX,Century Aluminum Company - Common Stock,NASDAQ,N,active,2026-07-11,2026-10-08
CEPF,"Cantor Equity Partners IV, Inc. - Class A Ordinary Shares",NASDAQ,N,active,2026-07-11,2026-10-08
CEPI,REX Crypto Equity Premium Income ETF,NASDAQ,N,active,2026-07-11,2026-10-08
CEPL,"Capstone Energy Plus, Inc. - Common Stock",NASDAQ,N,active,2026-07-11,2026-10-08
CEPO,"Cantor Equity Partners I, Inc. - Class A Ordinary Shares",NASDAQ,N,active,2026-07-11,2026-10-08
CEPS,"Cantor Equity Partners VI, Inc. - Class A Ordinary Shares",NASDAQ,N,active,2026-07-11,2026-10-08
CEPU,Central Puerto S.A. American Depositary Shares (each represents ten Common Shares),NYSE,N,active,2026-07-11,2026-10-08
CEPV,"Cantor Equity Partners V, Inc. - Class A Ordinary Shares",NASDAQ,N,active,2026-07-11,2026-10-08
CERS,Cerus Corporation - Common Stock,NASDAQ,N,active,2026-07-11,2026-10-08
CERT,"Certara, Inc. - Common Stock",NASDAQ,N,active,2026-07-11,2026-10-08
CET,Central Securities Corporation Common Stock,NYSE American,N,active,2026-07-11,2026-10-08
CETX,Cemtrex Inc. - Common Stock,NASDAQ,N,active,2026-07-11,2026-10-08
CETY,"Clean Energy Technologies, Inc. - Common Stock",NASDAQ,N,active,2026-07-11,2026-10-08
CEV,Eaton Vance California Municipal Income Trust Shares of Beneficial Interest,NYSE American,N,active,2026-07-11,2026-10-08
CEVA,"CEVA, Inc. - Common Stock",NASDAQ,N,active,2026-07-11,2026-10-08
CF,"CF Industries Holdings, Inc. Common Stock",NYSE,N,active,2026-07-11,2026-10-08
CFA,VictoryShares US 500 Volatility Wtd ETF,NASDAQ,N,active,2026-07-11,2026-10-08
CFBK,CF Bankshares Inc. - Common Stock,NASDAQ,N,active,2026-07-11,2026-10-08
CFFI,C&F Financial Corporation - Common Stock,NASDAQ,N,active,2026-07-11,2026-10-08
CFFN,"Capitol Federal Financial, Inc. - Common Stock",NASDAQ,N,active,2026-07-11,2026-10-08
CFG,"Citizens Financial Group, Inc. Common Stock",NYSE,N,active,2026-07-11,2026-10-08
CFND,C1 Fund Inc. Common Stock,NYSE,N,active,2026-07-11,2026-10-08
CFO,VictoryShares US 500 Enhanced Volatility Wtd ETF,NASDAQ,N,active,2026-07-11,2026-10-08
CFR,"Cullen/Frost Bankers, Inc. Common Stock",NYSE,N,active,2026-07-11,2026-10-08
CG,The Carlyle Group Inc. - Common Stock,NASDAQ,N,active,2026-07-11,2026-10-08
CGAU,Centerra Gold Inc. Common Shares,NYSE,N,active,2026-07-11,2026-10-08
CGBD,"Carlyle Secured Lending, Inc. - Closed End Fund",NASDAQ,N,active,2026-07-11,2026-10-08
CGC,Canopy Growth Corporation - Common Shares,NASDAQ,N,active,2026-07-11,2026-10-08
CGEM,"Cullinan Therapeutics, Inc. - Common Stock",NASDAQ,N,active,2026-07-11,2026-10-08
CGEN,Compugen Ltd. - Ordinary Shares,NASDAQ,N,active,2026-07-11,2026-10-08
CGNT,Cognyte Software Ltd. - Ordinary Shares,NASDAQ,N,active,2026-07-11,2026-10-08
CGNX,Cognex Corporation - Common Stock,NASDAQ,N,active,2026-07-11,2026-10-08
CGO,Calamos Global Total Return Fund - Closed End Fund,NASDAQ,N,active,2026-07-11,2026-10-08
CGON,"CG Oncology, Inc. - Common stock",NASDAQ,N,active,2026-07-11,2026-10-08
CGTL,Creative Global Technology Holdings Limited - Class A Ordinary Shares,NASDAQ,N,active,2026-07-11,2026-10-08
CGTX,"Cognition Therapeutics, Inc. - Common Stock",NASDAQ,N,active,2026-07-11,2026-10-08
CGV,Conductor Global Equity Value ETF,NYSE,N,active,2026-07-11,2026-10-08
CHA,"Chagee Holdings Limited - American Depositary Shares, each representing 1 Class A ordinary share",NASDAQ,N,active,2026-07-11,2026-10-08
CHAI,"Core AI Holdings, Inc. - Common Shares",NASDAQ,D,active,2026-07-11,2026-10-08
CHAR,Charlton Aria Acquisition Corporation - Class A Ordinary Shares,NASDAQ,N,active,2026-07-11,2026-10-08
CHCI,"Comstock Holding Companies, Inc. - Class A Common Stock",NASDAQ,N,active,2026-07-11,2026-10-08
CHCO,City Holding Company - Common Stock,NASDAQ,N,active,2026-07-11,2026-10-08
CHCT,Community Healthcare Trust Incorporated Common Stock,NYSE,N,active,2026-07-11,2026-10-08
CHD,"Church & Dwight Company, Inc. Common Stock",NYSE,N,active,2026-07-11,2026-10-08
CHDN,"Churchill Downs, Incorporated - Common Stock",NASDAQ,N,active,2026-07-11,2026-10-08
CHE,Chemed Corp,NYSE,N,active,2026-07-11,2026-10-08
CHEC,Chenghe Acquisition III Co. - Class A Ordinary Shares,NASDAQ,N,active,2026-07-11,2026-10-08
CHEF,"The Chefs' Warehouse, Inc. - Common Stock",NASDAQ,N,active,2026-07-11,2026-10-08
CHGG,"Chegg, Inc. Common Stock",NYSE,N,active,2026-07-11,2026-10-08
CHGX,Stance Sustainable Beta ETF,NASDAQ,N,active,2026-07-11,2026-10-08
CHH,"Choice Hotels International, Inc. Common Stock",NYSE,N,active,2026-07-11,2026-10-08
CHI,Calamos Convertible Opportunities and Income Fund - Closed End Fund,NASDAQ,N,active,2026-07-11,2026-10-08
CHKP,Check Point Software Technologies Ltd. - Ordinary Shares,NASDAQ,N,active,2026-07-11,2026-10-08
CHMG,Chemung Financial Corp  - Common Stock,NASDAQ,N,active,2026-07-11,2026-10-08
CHMI,Cherry Hill Mortgage Investment Corporation Common Stock,NYSE,N,active,2026-07-11,2026-10-08
CHNR,"China Natural Resources, Inc. - Common Shares",NASDAQ,N,active,2026-07-11,2026-10-08
CHOW,ChowChow Cloud International Holdings Limited Ordinary Shares,NYSE American,N,active,2026-07-11,2026-10-08
CHPG,ChampionsGate Acquisition Corporation - Class A Ordinary Share,NASDAQ,N,active,2026-07-11,2026-10-08
CHPS,Xtrackers Semiconductor Select Equity ETF,NASDAQ,N,active,2026-07-11,2026-10-08
CHPT,"ChargePoint Holdings, Inc. Common Stock",NYSE,N,active,2026-07-11,2026-10-08
CHPX,Global X AI Semiconductor & Quantum ETF,NASDAQ,N,active,2026-07-11,2026-10-08
CHR,"Cheer Holding, Inc.  - Class A Ordinary Share",NASDAQ,N,active,2026-07-11,2026-10-08
CHRD,Chord Energy Corporation - Common Stock,NASDAQ,N,active,2026-07-11,2026-10-08
CHRI,Global X S&P 500 Christian Values ETF,NASDAQ,N,active,2026-07-11,2026-10-08
CHRN,ChronoScale Holdings Corporation - Common Stock,NASDAQ,N,active,2026-07-11,2026-10-08
CHRS,"Coherus Oncology, Inc. - Common Stock",NASDAQ,N,active,2026-07-11,2026-10-08
CHRW,"C.H. Robinson Worldwide, Inc. - Common Stock",NASDAQ,N,active,2026-07-11,2026-10-08
CHSN,Chanson International Holding - Class A Ordinary Shares,NASDAQ,N,active,2026-07-11,2026-10-08
CHT,"Chunghwa Telecom Co., Ltd.",NYSE,N,active,2026-07-11,2026-10-08
CHTR,"Charter Communications, Inc. - Class A Common Stock",NASDAQ,N,active,2026-07-11,2026-10-08
CHW,Calamos Global Dynamic Income Fund - Closed End Fund,NASDAQ,N,active,2026-07-11,2026-10-08
CHWY,"Chewy, Inc. Class A Common Stock",NYSE,N,active,2026-07-11,2026-10-08
CHY,Calamos Convertible and High Income Fund - Closed End Fund,NASDAQ,N,active,2026-07-11,2026-10-08
CHYM,"Chime Financial, Inc. - Class A Common Stock",NASDAQ,N,active,2026-07-11,2026-10-08
CI,The Cigna Group Common Stock,NYSE,N,active,2026-07-11,2026-10-08
CIA,"Citizens, Inc. Class A Common Stock ($1.00 Par)",NYSE,N,active,2026-07-11,2026-10-08
CIBR,First Trust NASDAQ Cybersecurity ETF,NASDAQ,N,active,2026-07-11,2026-10-08
CIEN,Ciena Corporation Common Stock,NYSE,N,active,2026-07-11,2026-10-08
CIFG,Leverage Shares 2X Long CIFR Daily ETF,NASDAQ,N,active,2026-07-11,2026-10-08
CIFR,Cipher Digital Inc. - Common Stock,NASDAQ,N,active,2026-07-11,2026-10-08
CIG,Comp En De Mn Cemig ADS American Depositary Shares,NYSE,N,active,2026-07-11,2026-10-08
CIG-C,Comp En De Mn Cemig ADS American Depositary Receipts,NYSE,N,active,2026-07-11,2026-10-08
CIGI,Colliers International Group Inc.  - Subordinate Voting Shares,NASDAQ,N,active,2026-07-11,2026-10-08
CII,"BlackRock Enhanced Large Cap Core Fund, Inc. Common Stock",NYSE,N,active,2026-07-11,2026-10-08
CIIT,"Tianci International, Inc. - Common Stock",NASDAQ,N,active,2026-07-11,2026-10-08
CIK,"Credit Suisse Asset Management Income Fund, Inc. Common Stock",NYSE American,N,active,2026-07-11,2026-10-08
CIM,Chimera Investment Corporation Common Stock,NYSE,N,active,2026-07-11,2026-10-08
CINF,Cincinnati Financial Corporation - Common Stock,NASDAQ,N,active,2026-07-11,2026-10-08
CING,Cingulate Inc. - Common Stock,NASDAQ,N,active,2026-07-11,2026-10-08
CINT,CI&T Inc Class A Common Shares,NYSE,N,active,2026-07-11,2026-10-08
CION,CION Investment Corporation Common Stock,NYSE,N,active,2026-07-11,2026-10-08
CIRC,"Circle8 Group, Inc. - Common Stock",NASDAQ,D,active,2026-07-11,2026-10-08
CISO,"CISO Global, Inc. - Common Stock",NASDAQ,D,active,2026-07-11,2026-10-08
CISS,C3is Inc. - Common Stock,NASDAQ,N,active,2026-07-11,2026-10-08
CITR,CitroTech Inc. Common Stock,NYSE American,N,active,2026-07-11,2026-10-08
CIVB,"Civista Bancshares, Inc.  - Common Stock",NASDAQ,N,active,2026-07-11,2026-10-08
CIX,CompX International Inc. Common Stock,NYSE American,N,active,2026-07-11,2026-10-08
CJMB,Callan JMB Inc. - Common Stock,NASDAQ,D,active,2026-07-11,2026-10-08
CKX,"CKX Lands, Inc. Common Stock",NYSE American,N,active,2026-07-11,2026-10-08
CL,Colgate-Palmolive Company Common Stock,NYSE,N,active,2026-07-11,2026-10-08
CLAR,Clarus Corporation - Common Stock,NASDAQ,N,active,2026-07-11,2026-10-08
CLB,Core Laboratories Inc. Common Stock,NYSE,N,active,2026-07-11,2026-10-08
CLBK,"Columbia Financial, Inc. - Common Stock",NASDAQ,N,active,2026-07-11,2026-10-08
CLBR,Colombier Acquisition Corp. III Class A Ordinary Shares,NYSE,N,active,2026-07-11,2026-10-08
CLBT,Cellebrite DI Ltd. - Ordinary Shares,NASDAQ,N,active,2026-07-11,2026-10-08
CLDI,"Calidi Biotherapeutics, Inc. Common Stock",NYSE American,N,active,2026-07-11,2026-10-08
CLDT,Chatham Lodging Trust (REIT) Common Shares of Beneficial Interest,NYSE,N,active,2026-07-11,2026-10-08
CLDX,"Celldex Therapeutics, Inc. - Common Stock",NASDAQ,N,active,2026-07-11,2026-10-08
CLF,Cleveland-Cliffs Inc. Common Stock,NYSE,N,active,2026-07-11,2026-10-08
CLFD,"Clearfield, Inc. - Common Stock",NASDAQ,N,active,2026-07-11,2026-10-08
CLGN,CollPlant Biotechnologies Ltd. - Ordinary Shares,NASDAQ,N,active,2026-07-11,2026-10-08
CLH,"Clean Harbors, Inc. Common Stock",NYSE,N,active,2026-07-11,2026-10-08
CLIK,Click Holdings Limited - Ordinary Share,NASDAQ,N,active,2026-07-11,2026-10-08
CLIR,ClearSign Technologies Corporation - Common Stock,NASDAQ,N,active,2026-07-11,2026-10-08
CLLS,Cellectis S.A. - American Depositary Shares,NASDAQ,N,active,2026-07-11,2026-10-08
CLM,"Cornerstone Strategic Investment Fund, Inc. Common Shares",NYSE American,N,active,2026-07-11,2026-10-08
CLMB,"Climb Global Solutions, Inc. - Common Stock",NASDAQ,N,active,2026-07-11,2026-10-08
CLMT,"Calumet, Inc - Common Stock",NASDAQ,N,active,2026-07-11,2026-10-08
CLNE,Clean Energy Fuels Corp. - Common Stock,NASDAQ,N,active,2026-07-11,2026-10-08
CLNN,Clene Inc. - Common Stock,NASDAQ,N,active,2026-07-11,2026-10-08
CLOA,iShares AAA CLO Active ETF,NASDAQ,N,active,2026-07-11,2026-10-08
CLOD,Themes Cloud Computing ETF,NASDAQ,N,active,2026-07-11,2026-10-08
CLOU,Global X Cloud Computing ETF,NASDAQ,N,active,2026-07-11,2026-10-08
CLOV,"Clover Health Investments, Corp.  - Class A Common stock",NASDAQ,N,active,2026-07-11,2026-10-08
CLPR,Clipper Realty Inc. Common Stock,NYSE,N,active,2026-07-11,2026-10-08
CLPS,CLPS Incorporation - Common Stock,NASDAQ,N,active,2026-07-11,2026-10-08
CLPT,ClearPoint Neuro Inc. - Common Stock,NASDAQ,N,active,2026-07-11,2026-10-08
CLRB,"Cellectar Biosciences, Inc. - Common Stock",NASDAQ,N,active,2026-07-11,2026-10-08
CLRO,"ClearOne, Inc. - Common Stock",NASDAQ,D,active,2026-07-11,2026-10-08
CLS,"Celestica, Inc. Common Stock",NYSE,N,active,2026-07-11,2026-10-08
CLSK,"CleanSpark, Inc. - Common Stock",NASDAQ,N,active,2026-07-11,2026-10-08
CLSM,ETC Cabana Target Leading Sector Moderate ETF,NASDAQ,N,active,2026-07-11,2026-10-08
CLST,"Catalyst Bancorp, Inc. - common stock",NASDAQ,N,active,2026-07-11,2026-10-08
CLVT,Clarivate Plc Ordinary Shares,NYSE,N,active,2026-07-11,2026-10-08
CLW,Clearwater Paper Corporation Common Stock,NYSE,N,active,2026-07-11,2026-10-08
CLWT,Euro Tech Holdings Company Limited - Ordinary Shares,NASDAQ,N,active,2026-07-11,2026-10-08
CLX,Clorox Company (The) Common Stock,NYSE,N,active,2026-07-11,2026-10-08
CLYM,"Climb Bio, Inc. - Common Stock",NASDAQ,N,active,2026-07-11,2026-10-08
CM,Canadian Imperial Bank of Commerce Common Stock,NYSE,N,active,2026-07-11,2026-10-08
CMBO,Wayfinder Dynamic U.S. Interest Rate ETF,NASDAQ,N,active,2026-07-11,2026-10-08
CMBT,CMB.TECH NV Ordinary Shares,NYSE,N,active,2026-07-11,2026-10-08
CMC,Commercial Metals Company Common Stock,NYSE,N,active,2026-07-11,2026-10-08
CMCL,Caledonia Mining Corporation Plc Common Shares,NYSE American,N,active,2026-07-11,2026-10-08
CMCM,"Cheetah Mobile Inc. American Depositary Shares, each representing fifty (50) Class A Ordinary Shares",NYSE,N,active,2026-07-11,2026-10-08
CMCO,Columbus McKinnon Corporation - Common Stock,NASDAQ,N,active,2026-07-11,2026-10-08
CMCSA,Comcast Corporation - Class A Common Stock,NASDAQ,N,active,2026-07-11,2026-10-08
CMCT,Creative Media  - Common Stock,NASDAQ,N,active,2026-07-11,2026-10-08
CMDB,Costamare Bulkers Holdings Limited Common Stock,NYSE,N,active,2026-07-11,2026-10-08
CME,CME Group Inc. - Class A Common Stock,NASDAQ,N,active,2026-07-11,2026-10-08
CMG,"Chipotle Mexican Grill, Inc. Common Stock",NYSE,N,active,2026-07-11,2026-10-08
CMGG,Leverage Shares 2X Long CMG Daily ETF,NASDAQ,N,removed,2026-07-11,2026-07-28
CMI,Cummins Inc. Common Stock,NYSE,N,active,2026-07-11,2026-10-08
CMII,Columbus Circle Capital Corp II - Class A Ordinary Shares,NASDAQ,N,removed,2026-07-11,2026-08-27
CMMB,Chemomab Therapeutics Ltd.  - American Depositary Shares,NASDAQ,N,active,2026-07-11,2026-10-08
CMND,Clearmind Medicine Inc. - Common Shares,NASDAQ,N,active,2026-07-11,2026-10-08
CMP,Compass Minerals Intl Inc Common Stock,NYSE,N,active,2026-07-11,2026-10-08
CMPR,Cimpress plc - Ordinary Shares,NASDAQ,N,active,2026-07-11,2026-10-08
CMPS,COMPASS Pathways Plc - American Depository Shares,NASDAQ,N,active,2026-07-11,2026-10-08
CMPX,"Compass Therapeutics, Inc. - Common Stock",NASDAQ,N,active,2026-07-11,2026-10-08
CMRC,"Commerce.com, Inc. - Series 1 Common Stock",NASDAQ,N,active,2026-07-11,2026-10-08
CMRE,Costamare Inc. Common Stock $0.0001 par value,NYSE,N,active,2026-07-11,2026-10-08
CMS,CMS Energy Corporation Common Stock,NYSE,N,active,2026-07-11,2026-10-08
CMT,Core Molding Technologies Inc Common Stock,NYSE American,N,active,2026-07-11,2026-10-08
CMTG,"Claros Mortgage Trust, Inc. Common Stock",NYSE,N,active,2026-07-11,2026-10-08
CMTL,Comtech Telecommunications Corp. - Common Stock,NASDAQ,N,active,2026-07-11,2026-10-08
CMTV,Community Bancorp.  - Common stock,NASDAQ,N,active,2026-07-11,2026-10-08
CNA,CNA Financial Corporation Common Stock,NYSE,N,active,2026-07-11,2026-10-08
CNC,Centene Corporation Common Stock,NYSE,N,active,2026-07-11,2026-10-08
CNCG,Leverage Shares 2X Long CNC Daily ETF,NASDAQ,N,removed,2026-07-11,2026-07-28
CNCK,Coincheck Group N.V. - Ordinary Shares,NASDAQ,N,active,2026-07-11,2026-10-08
CNDT,Conduent Incorporated - Common Stock,NASDAQ,N,active,2026-07-11,2026-10-08
CNET,ZW Data Action Technologies Inc. - Common Stock,NASDAQ,N,active,2026-07-11,2026-10-08
CNEY,CN Energy Group Inc. - Class A Ordinary Shares,NASDAQ,D,active,2026-07-11,2026-10-08
CNF,"CNFinance Holdings Limited American Depositary Shares, each representing two hundred (200) Ordinary Shares",NYSE,N,active,2026-07-11,2026-10-08
CNH,CNH Industrial N.V. Common Shares,NYSE,N,active,2026-07-11,2026-10-08
CNI,Canadian National Railway Company Common Stock,NYSE,N,active,2026-07-11,2026-10-08
CNK,"Cinemark Holdings Inc Cinemark Holdings, Inc. Common Stock",NYSE,N,active,2026-07-11,2026-10-08
CNL,Collective Mining Ltd. Common Shares,NASDAQ,N,active,2026-07-11,2026-10-08
CNM,"Core & Main, Inc. Class A Common Stock",NYSE,N,active,2026-07-11,2026-10-08
CNMD,CONMED Corporation Common Stock,NYSE,N,active,2026-07-11,2026-10-08
CNNE,"Cannae Holdings, Inc. Common Stock",NYSE,N,active,2026-07-11,2026-10-08
CNO,"CNO Financial Group, Inc. Common Stock",NYSE,N,active,2026-07-11,2026-10-08
CNOB,"ConnectOne Bancorp, Inc. - Common Stock",NASDAQ,N,active,2026-07-11,2026-10-08
CNP,"CenterPoint Energy, Inc (Holding Co) Common Stock",NYSE,N,active,2026-07-11,2026-10-08
CNQ,Canadian Natural Resources Limited Common Stock,NYSE,N,active,2026-07-11,2026-10-08
CNQQ,Rayliant-ChinaAMC Transformative China Tech ETF,NASDAQ,N,active,2026-07-11,2026-10-08
CNR,"Core Natural Resources, Inc. Common Stock",NYSE,N,active,2026-07-11,2026-10-08
CNS,Cohen & Steers Inc Common Stock,NYSE,N,active,2026-07-11,2026-10-08
CNSP,"CNS Pharmaceuticals, Inc. - Common Stock",NASDAQ,N,active,2026-07-11,2026-10-08
CNTB,Connect Biopharma Holdings Limited - Ordinary Shares,NASDAQ,N,active,2026-07-11,2026-10-08
CNTN,"Canton Strategic Holdings, Inc. - Common Stock",NASDAQ,N,active,2026-07-11,2026-10-08
CNTX,Context Therapeutics Inc. - Common Stock,NASDAQ,D,active,2026-07-11,2026-10-08
CNTY,"Century Casinos, Inc. - Common Stock",NASDAQ,N,active,2026-07-11,2026-10-08
CNVS,Cineverse Corp. - Class A Common Stock,NASDAQ,N,active,2026-07-11,2026-10-08
CNX,CNX Resources Corporation Common Stock,NYSE,N,active,2026-07-11,2026-10-08
CNXC,Concentrix Corporation - Common Stock,NASDAQ,N,active,2026-07-11,2026-10-08
CNXN,"PC Connection, Inc. - Common Stock",NASDAQ,N,active,2026-07-11,2026-10-08
CNXU,Conexeu Sciences Inc. - Common Stock,NASDAQ,N,active,2026-07-11,2026-10-08
COAG,"Hemab Therapeutics Holdings, Inc. - Common Stock",NASDAQ,N,active,2026-07-11,2026-10-08
COCH,"Envoy Medical, Inc. - Class A Common Stock",NASDAQ,D,active,2026-07-11,2026-10-08
COCO,"The Vita Coco Company, Inc. - Common Stock",NASDAQ,N,active,2026-07-11,2026-10-08
COCP,"Cocrystal Pharma, Inc. - Common Stock",NASDAQ,N,active,2026-07-11,2026-10-08
CODA,"Coda Octopus Group, Inc. - Common stock",NASDAQ,N,active,2026-07-11,2026-10-08
CODI,D/B/A Compass Diversified Holdings Shares of Beneficial Interest,NYSE,N,active,2026-07-11,2026-10-08
CODX,"Co-Diagnostics, Inc. - Common Stock",NASDAQ,N,active,2026-07-11,2026-10-08
COE,"51Talk Online Education Group American depositary shares, each representing 60 Class A ordinary shares",NYSE American,N,active,2026-07-11,2026-10-08
COF,Capital One Financial Corporation Common Stock,NYSE,N,active,2026-07-11,2026-10-08
COFS,"ChoiceOne Financial Services, Inc. - Common Stock",NASDAQ,N,active,2026-07-11,2026-10-08
COGT,"Cogent Biosciences, Inc. - Common Stock",NASDAQ,N,active,2026-07-11,2026-10-08
COHN,Cohen & Company Inc.,NYSE American,N,active,2026-07-11,2026-10-08
COHR,Coherent Corp. Common Stock,NYSE,N,active,2026-07-11,2026-10-08
COHU,"Cohu, Inc. - Common Stock",NASDAQ,N,active,2026-07-11,2026-10-08
COIG,Leverage Shares 2X Long COIN Daily ETF,NASDAQ,N,active,2026-07-11,2026-10-08
COIN,"Coinbase Global, Inc. - Class A Common Stock",NASDAQ,N,active,2026-07-11,2026-10-08
COKE,"Coca-Cola Consolidated, Inc. - Common Stock",NASDAQ,N,active,2026-07-11,2026-10-08
COLA,Columbus Acquisition Corp - Ordinary Shares,NASDAQ,D,removed,2026-07-11,2026-10-02
COLB,"Columbia Banking System, Inc. - Common Stock",NASDAQ,N,active,2026-07-11,2026-10-08
COLD,"Americold Realty Trust, Inc. Common Stock",NYSE,N,active,2026-07-11,2026-10-08
COLL,"Collegium Pharmaceutical, Inc. - Common Stock",NASDAQ,N,active,2026-07-11,2026-10-08
COLM,Columbia Sportswear Company - Common Stock,NASDAQ,N,active,2026-07-11,2026-10-08
COMP,"Compass, Inc. Class A Common Stock",NYSE,N,active,2026-07-11,2026-10-08
COMT,iShares GSCI Commodity Dynamic Roll Strategy ETF,NASDAQ,N,active,2026-07-11,2026-10-08
CON,"Concentra Group Holdings Parent, Inc. Common Stock",NYSE,N,active,2026-07-11,2026-10-08
CONI,GraniteShares 2x Short COIN Daily ETF,NASDAQ,N,active,2026-07-11,2026-10-08
CONL,GraniteShares 2x Long COIN Daily ETF,NASDAQ,N,active,2026-07-11,2026-10-08
CONX,Direxion Daily COIN Bull 2X ETF,NASDAQ,N,active,2026-07-11,2026-10-08
COO,"The Cooper Companies, Inc.  - Common Stock",NASDAQ,N,active,2026-07-11,2026-10-08
COOK,"Traeger, Inc. Common Stock",NYSE,N,active,2026-07-11,2026-10-08
COOT,Australian Oilseeds Holdings Limited - Ordinary Shares,NASDAQ,D,active,2026-07-11,2026-10-08
COP,ConocoPhillips Common Stock,NYSE,N,active,2026-07-11,2026-10-08
COPJ,Sprott Junior Copper Miners ETF,NASDAQ,N,active,2026-07-11,2026-10-08
COPL,Copley Acquisition Corp Ordinary Shares,NYSE,N,active,2026-07-11,2026-10-08
COPP,Sprott Copper Miners ETF,NASDAQ,N,active,2026-07-11,2026-10-08
COPR,Idaho Copper Corporation Common Stock,NYSE American,N,active,2026-07-11,2026-10-08
COR,"Cencora, Inc. Common Stock",NYSE,N,active,2026-07-11,2026-10-08
CORO,iShares International Country Rotation Active ETF,NASDAQ,N,active,2026-07-11,2026-10-08
CORT,Corcept Therapeutics Incorporated - Common Stock,NASDAQ,N,active,2026-07-11,2026-10-08
CORZ,"Core Scientific, Inc. - Common Stock",NASDAQ,N,active,2026-07-11,2026-10-08
COSM,Cosmos Health Inc. - Common Stock,NASDAQ,D,active,2026-07-11,2026-10-08
COSO,"CoastalSouth Bancshares, Inc. Common Stock",NYSE,N,active,2026-07-11,2026-10-08
COST,Costco Wholesale Corporation - Common Stock,NASDAQ,N,active,2026-07-11,2026-10-08
COTG,Leverage Shares 2X Long COST Daily ETF,NASDAQ,N,active,2026-07-11,2026-10-08
COTY,Coty Inc. Class A Common Stock,NYSE,N,active,2026-07-11,2026-10-08
COUR,"Coursera, Inc. Common Stock",NYSE,N,active,2026-07-11,2026-10-08
COWG,Pacer US Large Cap Cash Cows Growth Leaders ETF,NASDAQ,N,active,2026-07-11,2026-10-08
COWS,Amplify Cash Flow Dividend Leaders ETF,NASDAQ,N,active,2026-07-11,2026-10-08
COYA,"Coya Therapeutics, Inc. - Common Stock",NASDAQ,N,active,2026-07-11,2026-10-08
COYY,GraniteShares YieldBOOST COIN ETF,NASDAQ,N,active,2026-07-11,2026-10-08
CP,Canadian Pacific Kansas City Limited Common Shares,NYSE,N,active,2026-07-11,2026-10-08
CPA,"Copa Holdings, S.A. Class A Common Stock",NYSE,N,active,2026-07-11,2026-10-08
CPAC,Cementos Pacasmayo S.A.A. American Depositary Shares (Each representing five Common Shares),NYSE,N,active,2026-07-11,2026-10-08
CPAG,F/m Compoundr U.S. Aggregate Bond ETF,NASDAQ,N,active,2026-07-11,2026-10-08
CPAI,Counterpoint Quantitative Equity ETF,NYSE,N,active,2026-07-11,2026-10-08
CPAY,"Corpay, Inc. Common Stock",NYSE,N,active,2026-07-11,2026-10-08
CPB,The Campbell's Company - Common Stock,NASDAQ,N,active,2026-07-11,2026-10-08
CPBI,"Central Plains Bancshares, Inc. - Common Stock",NASDAQ,N,active,2026-07-11,2026-10-08
CPF,Central Pacific Financial Corp New,NYSE,N,active,2026-07-11,2026-10-08
CPHC,Canterbury Park Holding Corporation - Common Stock,NASDAQ,N,active,2026-07-11,2026-10-08
CPHI,"China Pharma Holdings, Inc. Common Stock",NYSE American,N,active,2026-07-11,2026-10-08
CPHY,F/m Compoundr High Yield Bond ETF,NASDAQ,N,active,2026-07-11,2026-10-08
CPIX,Cumberland Pharmaceuticals Inc. - Common Stock,NASDAQ,N,active,2026-07-11,2026-10-08
CPK,Chesapeake Utilities Corporation Common Stock,NYSE,N,active,2026-07-11,2026-10-08
CPLS,AB Core Plus Bond ETF,NASDAQ,N,active,2026-07-11,2026-10-08
CPNG,"Coupang, Inc. Class A Common Stock",NYSE,N,active,2026-07-11,2026-10-08
CPOP,"Pop Culture Group Co., Ltd - Class A Ordinary Shares",NASDAQ,N,active,2026-07-11,2026-10-08
CPRI,Capri Holdings Limited Ordinary Shares,NYSE,N,active,2026-07-11,2026-10-08
CPRT,"Copart, Inc. - Common Stock",NASDAQ,N,active,2026-07-11,2026-10-08
CPRX,"Catalyst Pharmaceuticals, Inc. - Common Stock",NASDAQ,N,removed,2026-07-11,2026-07-15
CPS,Cooper-Standard Holdings Inc. Common Stock,NYSE,N,active,2026-07-11,2026-10-08
CPSH,CPS Technologies Corp. - Common Stock,NASDAQ,N,active,2026-07-11,2026-10-08
CPSS,"Consumer Portfolio Services, Inc. - Common Stock",NASDAQ,N,active,2026-07-11,2026-10-08
CPT,Camden Property Trust Common Stock,NYSE,N,active,2026-07-11,2026-10-08
CPZ,Calamos Long/Short Equity & Dynamic Income Trust - Closed End Fund,NASDAQ,N,active,2026-07-11,2026-10-08
CR,Crane Company Common Stock,NYSE,N,active,2026-07-11,2026-10-08
CRAC,Crown Reserve Acquisition Corp. I - Class A Ordinary Shares,NASDAQ,N,active,2026-07-11,2026-10-08
CRAI,"CRA International,Inc. - Common Stock",NASDAQ,N,active,2026-07-11,2026-10-08
CRAN,Crane Harbor Acquisition Corp. II - Class A Ordinary Shares,NASDAQ,N,active,2026-07-11,2026-10-08
CRAQ,Cal Redwood Acquisition Corp. - Class A Ordinary Shares,NASDAQ,N,active,2026-07-11,2026-10-08
CRBG,Corebridge Financial Inc. Common Stock,NYSE,N,active,2026-07-11,2026-10-08
CRBP,"Corbus Pharmaceuticals Holdings, Inc. - Common Stock",NASDAQ,N,active,2026-07-11,2026-10-08
CRBU,"Caribou Biosciences, Inc. - Common Stock",NASDAQ,N,active,2026-07-11,2026-10-08
CRC,California Resources Corporation Common Stock,NYSE,N,active,2026-07-11,2026-10-08
CRCG,Leverage Shares 2X Long CRCL Daily ETF,NASDAQ,N,active,2026-07-11,2026-10-08
CRCL,"Circle Internet Group, Inc. Class A Common Stock",NYSE,N,active,2026-07-11,2026-10-08
CRCT,"Cricut, Inc. - Class A common stock",NASDAQ,N,active,2026-07-11,2026-10-08
CRD-A,Crawford & Company Common Stock,NYSE,N,active,2026-07-11,2026-10-08
CRD-B,Crawford & Company Common Stock,NYSE,N,active,2026-07-11,2026-10-08
CRDF,"Cardiff Oncology, Inc. - Common Stock",NASDAQ,N,active,2026-07-11,2026-10-08
CRDL,Cardiol Therapeutics Inc. - Class A Common Shares,NASDAQ,N,active,2026-07-11,2026-10-08
CRDO,Credo Technology Group Holding Ltd - Ordinary Shares,NASDAQ,N,active,2026-07-11,2026-10-08
CRE,Cre8 Enterprise Limited - Class A Ordinary Shares,NASDAQ,N,active,2026-07-11,2026-10-08
CREG,Smart Powerr Corp. - Common Stock,NASDAQ,D,removed,2026-07-11,2026-07-20
CRESY,"Cresud S.A.C.I.F. y A. - American Depositary Shares, each representing ten shares of Common Stock",NASDAQ,N,active,2026-07-11,2026-10-08
CREX,"Creative Realities, Inc. - Common Stock",NASDAQ,N,active,2026-07-11,2026-10-08
CRF,"Cornerstone Total Return Fund, Inc. (The) Common Stock",NYSE American,N,active,2026-07-11,2026-10-08
CRGO,Freightos Limited - Ordinary shares,NASDAQ,N,active,2026-07-11,2026-10-08
CRGY,Crescent Energy Company Class A Common Stock,NYSE,N,active,2026-07-11,2026-10-08
CRH,CRH PLC Ordinary Shares,NYSE,N,active,2026-07-11,2026-10-08
CRI,"Carter's, Inc. Common Stock",NYSE,N,active,2026-07-11,2026-10-08
CRIS,"Curis, Inc. - Common Stock",NASDAQ,N,active,2026-07-11,2026-10-08
CRK,"Comstock Resources, Inc. Common Stock",NYSE,N,active,2026-07-11,2026-10-08
CRL,"Charles River Laboratories International, Inc. Common Stock",NYSE,N,active,2026-07-11,2026-10-08
CRM,"Salesforce, Inc. Common Stock",NYSE,N,active,2026-07-11,2026-10-08
CRMD,CorMedix Inc. - Common Stock,NASDAQ,N,active,2026-07-11,2026-10-08
CRMG,Leverage Shares 2X Long CRM Daily ETF,NASDAQ,N,active,2026-07-11,2026-10-08
CRML,Critical Metals Corp. - Ordinary Shares,NASDAQ,N,active,2026-07-11,2026-10-08
CRMT,"America's Car-Mart, Inc. - Common Stock",NASDAQ,N,active,2026-07-11,2026-10-08
CRMU,Leverage Shares 2x Long CRML Daily ETF,NASDAQ,N,active,2026-07-11,2026-10-08
CRNC,Cerence Inc. - Common Stock,NASDAQ,N,active,2026-07-11,2026-10-08
CRNT,Ceragon Networks Ltd. - Ordinary Shares,NASDAQ,N,active,2026-07-11,2026-10-08
CRNX,"Crinetics Pharmaceuticals, Inc. - Common Stock",NASDAQ,N,removed,2026-07-11,2026-09-01
CRON,Cronos Group Inc. - Common Share,NASDAQ,N,active,2026-07-11,2026-10-08
CROX,"Crocs, Inc. - Common Stock",NASDAQ,N,active,2026-07-11,2026-10-08
CRS,Carpenter Technology Corporation Common Stock,NYSE,N,active,2026-07-11,2026-10-08
CRSP,CRISPR Therapeutics AG - Common Shares,NASDAQ,N,active,2026-07-11,2026-10-08
CRSR,"Corsair Gaming, Inc. - Common Stock",NASDAQ,N,active,2026-07-11,2026-10-08
CRT,Cross Timbers Royalty Trust Common Stock,NYSE,N,active,2026-07-11,2026-10-08
CRTO,Criteo S.A. - American Depositary Shares,NASDAQ,N,active,2026-07-11,2026-10-08
CRUS,"Cirrus Logic, Inc. - Common Stock",NASDAQ,N,active,2026-07-11,2026-10-08
CRVL,CorVel Corp. - Common Stock,NASDAQ,N,active,2026-07-11,2026-10-08
CRVO,CervoMed Inc. - Common Stock,NASDAQ,N,active,2026-07-11,2026-10-08
CRVS,"Corvus Pharmaceuticals, Inc. - Common Stock",NASDAQ,N,active,2026-07-11,2026-10-08
CRWD,"CrowdStrike Holdings, Inc. - Class A Common Stock",NASDAQ,N,active,2026-07-11,2026-10-08
CRWG,Leverage Shares 2X Long CRWV Daily ETF,NASDAQ,N,active,2026-07-11,2026-10-08
CRWL,GraniteShares 2x Long CRWD Daily ETF,NASDAQ,N,active,2026-07-11,2026-10-08
CRWS,"Crown Crafts, Inc. - Common Stock",NASDAQ,N,active,2026-07-11,2026-10-08
CRWV,"CoreWeave, Inc. - Class A Common Stock",NASDAQ,N,active,2026-07-11,2026-10-08
CRY,GraniteShares YieldBOOST CRCL ETF,NASDAQ,N,active,2026-07-11,2026-10-08
CSAI,"Cloudastructure, Inc. - Class A Common Stock",NASDAQ,N,active,2026-07-11,2026-10-08
CSAN,Cosan S.A. ADS,NYSE,N,removed,2026-07-11,2026-09-18
CSB,VictoryShares US Small Cap High Div Volatility Wtd ETF,NASDAQ,N,active,2026-07-11,2026-10-08
CSBR,"Champions Oncology, Inc. - Common Stock",NASDAQ,N,active,2026-07-11,2026-10-08
CSCL,Direxion Daily CSCO Bull 2X ETF,NASDAQ,N,active,2026-07-11,2026-10-08
CSCO,"Cisco Systems, Inc. - Common Stock",NASDAQ,N,active,2026-07-11,2026-10-08
CSCS,Direxion Daily CSCO Bear 1X ETF,NASDAQ,N,active,2026-07-11,2026-10-08
CSEN,Cohen & Steers Future of Energy Active ETF,NASDAQ,N,active,2026-07-11,2026-10-08
CSGP,"CoStar Group, Inc. - Common Stock",NASDAQ,N,active,2026-07-11,2026-10-08
CSHR,CoinShares PLC - Ordinary Shares,NASDAQ,N,active,2026-07-11,2026-10-08
CSIQ,Canadian Solar Inc. - Common Shares,NASDAQ,N,active,2026-07-11,2026-10-08
CSL,Carlisle Companies Incorporated Common Stock,NYSE,N,active,2026-07-11,2026-10-08
CSPI,CSP Inc. - Common Stock,NASDAQ,N,active,2026-07-11,2026-10-08
CSQ,Calamos Strategic Total Return Fund - Closed End Fund,NASDAQ,N,active,2026-07-11,2026-10-08
CSR,D/B/A Centerspace Common Stock,NYSE,N,active,2026-07-11,2026-10-08
CSTE,Caesarstone Ltd. - Ordinary Shares,NASDAQ,N,active,2026-07-11,2026-10-08
CSTL,"Castle Biosciences, Inc. - Common stock",NASDAQ,N,active,2026-07-11,2026-10-08
CSTM,Constellium SE Ordinary Shares (France),NYSE,N,active,2026-07-11,2026-10-08
CSV,"Carriage Services, Inc. Common Stock",NYSE,N,active,2026-07-11,2026-10-08
CSW,"CSW Industrials, Inc. Common Stock",NYSE,N,active,2026-07-11,2026-10-08
CSWC,Capital Southwest Corporation - Common Stock,NASDAQ,N,active,2026-07-11,2026-10-08
CSX,CSX Corporation - Common Stock,NASDAQ,N,active,2026-07-11,2026-10-08
CTAA,ClearThink 1 Acquisition Corp. - Class A Ordinary Shares,NASDAQ,N,active,2026-07-11,2026-10-08
CTAS,Cintas Corporation - Common Stock,NASDAQ,N,active,2026-07-11,2026-10-08
CTBI,"Community Trust Bancorp, Inc. - Common Stock",NASDAQ,N,active,2026-07-11,2026-10-08
CTEC,Global X ClimateTech ETF,NASDAQ,N,active,2026-07-11,2026-10-08
CTEV,Claritev Corporation Class A Common Stock,NYSE,N,active,2026-07-11,2026-10-08
CTGO,Contango Silver & Gold Inc. Common Stock,NYSE American,N,active,2026-07-11,2026-10-08
CTKB,"Cytek Biosciences, Inc. - Common Stock",NASDAQ,N,active,2026-07-11,2026-10-08
CTM,"Castellum, Inc. Common Stock",NYSE American,N,active,2026-07-11,2026-10-08
CTMX,"CytomX Therapeutics, Inc. - Common Stock",NASDAQ,N,active,2026-07-11,2026-10-08
CTNM,"Contineum Therapeutics, Inc. - Common stock",NASDAQ,N,active,2026-07-11,2026-10-08
CTNT,Cheetah Net Supply Chain Service Inc. - Class A Common Stock,NASDAQ,N,active,2026-07-11,2026-10-08
CTO,"CTO Realty Growth, Inc. Common Stock",NYSE,N,active,2026-07-11,2026-10-08
CTOR,"Citius Oncology, Inc.  - Common Stock",NASDAQ,D,active,2026-07-11,2026-10-08
CTOS,"Custom Truck One Source, Inc. Common Stock",NYSE,N,active,2026-07-11,2026-10-08
CTRE,"CareTrust REIT, Inc. Common Stock",NYSE,N,active,2026-07-11,2026-10-08
CTRI,"Centuri Holdings, Inc. Common Stock",NYSE,N,active,2026-07-11,2026-10-08
CTRM,Castor Maritime Inc. - Common Shares,NASDAQ,N,active,2026-07-11,2026-10-08
CTRN,"Citi Trends, Inc. - Common Stock",NASDAQ,N,active,2026-07-11,2026-10-08
CTS,CTS Corporation Common Stock,NYSE,N,active,2026-07-11,2026-10-08
CTSH,Cognizant Technology Solutions Corporation - Class A Common Stock,NASDAQ,N,active,2026-07-11,2026-10-08
CTSO,Cytosorbents Corporation - Common Stock,NASDAQ,D,active,2026-07-11,2026-10-08
CTVA,"Corteva, Inc. Common Stock ",NYSE,N,active,2026-07-11,2026-10-08
CTW,CTW - Class A Ordinary Shares,NASDAQ,N,active,2026-07-11,2026-10-08
CTXR,"Citius Pharmaceuticals, Inc. - Common Stock",NASDAQ,D,active,2026-07-11,2026-10-08
CUB,Lionheart Holdings - Class A Ordinary Shares,NASDAQ,N,active,2026-07-11,2026-10-08
CUBE,CubeSmart Common Shares,NYSE,N,active,2026-07-11,2026-10-08
CUBI,"Customers Bancorp, Inc Common Stock",NYSE,N,active,2026-07-11,2026-10-08
CUE,"Cue Biopharma, Inc. - Common Stock",NASDAQ,N,active,2026-07-11,2026-10-08
CULP,"Culp, Inc. - Common Shares",NASDAQ,N,active,2026-07-11,2026-10-08
CUPR,Cuprina Holdings (Cayman) Limited - Class A Ordinary shares,NASDAQ,N,active,2026-07-11,2026-10-08
CURB,Curbline Properties Corp. Common Stock,NYSE,N,active,2026-07-11,2026-10-08
CURI,CuriosityStream Inc.  - Class A Common Stock,NASDAQ,N,active,2026-07-11,2026-10-08
CURR,Currenc Group Inc. - Ordinary Shares,NASDAQ,N,active,2026-07-11,2026-10-08
CURV,Torrid Holdings Inc. Common Stock,NYSE,N,active,2026-07-11,2026-10-08
CURX,Curanex Pharmaceuticals Inc - Common Stock,NASDAQ,N,active,2026-07-11,2026-10-08
CUSD,CrossingBridge Ultra-Short Duration ETF,NASDAQ,N,removed,2026-07-11,2026-07-13
CUZ,Cousins Properties Incorporated Common Stock,NYSE,N,active,2026-07-11,2026-10-08
CV,"CapsoVision, Inc. - Common Stock",NASDAQ,N,active,2026-07-11,2026-10-08
CVBF,CVB Financial Corporation - Common Stock,NASDAQ,N,active,2026-07-11,2026-10-08
CVCO,"Cavco Industries, Inc. - Common Stock",NASDAQ,N,active,2026-07-11,2026-10-08
CVE,Cenovus Energy Inc Common Stock,NYSE,N,active,2026-07-11,2026-10-08
CVEO,Civeo Corporation (Canada) Common Shares,NYSE,N,active,2026-07-11,2026-10-08
CVGI,"Commercial Vehicle Group, Inc. - Common Stock",NASDAQ,N,active,2026-07-11,2026-10-08
CVI,CVR Energy Inc. Common Stock,NYSE,N,active,2026-07-11,2026-10-08
CVKD,"Cadrenal Therapeutics, Inc. - Common Stock",NASDAQ,N,active,2026-07-11,2026-10-08
CVLG,"Covenant Logistics Group, Inc. Class A Common Stock",NYSE,N,active,2026-07-11,2026-10-08
CVLT,"Commvault Systems, Inc. - Common Stock",NASDAQ,N,active,2026-07-11,2026-10-08
CVM,Cel-Sci Corporation Common Stock,NYSE American,N,active,2026-07-11,2026-10-08
CVNA,Carvana Co. Class A Common Stock,NYSE,N,active,2026-07-11,2026-10-08
CVR,Chicago Rivet & Machine Co. Common Stock,NYSE American,N,active,2026-07-11,2026-10-08
CVRX,"CVRx, Inc. - Common Stock",NASDAQ,N,active,2026-07-11,2026-10-08
CVS,CVS Health Corporation Common Stock,NYSE,N,active,2026-07-11,2026-10-08
CVSA,Covista Inc. Common Shares,NYSE,N,active,2026-07-11,2026-10-08
CVU,"CPI Aerostructures, Inc. Common Stock",NYSE American,N,active,2026-07-11,2026-10-08
CVV,CVD Equipment Corporation - Common Stock,NASDAQ,N,active,2026-07-11,2026-10-08
CVX,Chevron Corporation Common Stock,NYSE,N,active,2026-07-11,2026-10-08
CW,Curtiss-Wright Corporation Common Stock,NYSE,N,active,2026-07-11,2026-10-08
CWBC,Community West Bancshares - Common Stock,NASDAQ,N,active,2026-07-11,2026-10-08
CWCO,Consolidated Water Co. Ltd. - Ordinary Shares,NASDAQ,N,active,2026-07-11,2026-10-08
CWD,CaliberCos Inc. - Class A Common Stock,NASDAQ,D,active,2026-07-11,2026-10-08
CWEN,"Clearway Energy, Inc. Class C Common Stock",NYSE,N,active,2026-07-11,2026-10-08
CWH,"Camping World Holdings, Inc. Class A Common Stock",NYSE,N,active,2026-07-11,2026-10-08
CWK,Cushman & Wakefield Ltd. Common Shares,NYSE,N,active,2026-07-11,2026-10-08
CWST,"Casella Waste Systems, Inc. - Class A Common Stock",NASDAQ,N,active,2026-07-11,2026-10-08
CWT,California Water Service Group Common Stock,NYSE,N,active,2026-07-11,2026-10-08
CWY,GraniteShares YieldBOOST CRWV ETF,NASDAQ,N,active,2026-07-11,2026-10-08
CX,"Cemex, S.A.B. de C.V. Sponsored ADR",NYSE,N,active,2026-07-11,2026-10-08
CXAI,CXApp Inc. - Class A Common Stock,NASDAQ,N,active,2026-07-11,2026-10-08
CXDO,"Crexendo, Inc. - Common Stock",NASDAQ,N,active,2026-07-11,2026-10-08
CXII,Churchill Capital Corp XII - Class A Ordinary Shares,NASDAQ,N,active,2026-07-11,2026-10-08
CXM,"Sprinklr, Inc. Class A Common Stock",NYSE,N,active,2026-07-11,2026-10-08
CXSE,WisdomTree China ex-State-Owned Enterprises Fund,NASDAQ,N,active,2026-07-11,2026-10-08
CXT,"Crane NXT, Co. Common Stock",NYSE,N,active,2026-07-11,2026-10-08
CXW,"CoreCivic, Inc. Common Stock",NYSE,N,active,2026-07-11,2026-10-08
CYAB,"Cyabra, Inc. - Common Stock",NASDAQ,D,active,2026-07-11,2026-10-08
CYCN,"Cyclerion Therapeutics, Inc. - Common Stock",NASDAQ,N,removed,2026-07-11,2026-09-08
CYCU,"Cycurion, Inc. - Common Stock",NASDAQ,N,active,2026-07-11,2026-10-08
CYD,China Yuchai International Limited Common Stock,NYSE,N,active,2026-07-11,2026-10-08
CYH,"Community Health Systems, Inc. Common Stock",NYSE,N,active,2026-07-11,2026-10-08
CYN,Cyngn Inc. - Common stock,NASDAQ,N,active,2026-07-11,2026-10-08
CYPH,Cypherpunk Technologies Inc. - Common Stock,NASDAQ,N,active,2026-07-11,2026-10-08
CYRX,"CryoPort, Inc. - Common Stock",NASDAQ,N,active,2026-07-11,2026-10-08
CYTK,"Cytokinetics, Incorporated - Common Stock",NASDAQ,N,active,2026-07-11,2026-10-08
CZAR,Themes Natural Monopoly ETF,NASDAQ,N,removed,2026-07-11,2026-07-28
CZFS,"Citizens Financial Services, Inc. - Common Stock",NASDAQ,N,active,2026-07-11,2026-10-08
CZNC,Citizens & Northern Corp - Common Stock,NASDAQ,N,active,2026-07-11,2026-10-08
CZR,"Caesars Entertainment, Inc. - Common Stock",NASDAQ,N,active,2026-07-11,2026-10-08
CZWI,"Citizens Community Bancorp, Inc. - Common Stock",NASDAQ,N,active,2026-07-11,2026-10-08
D,"Dominion Energy, Inc. Common Stock",NYSE,N,active,2026-07-11,2026-10-08
DAAQ,Digital Asset Acquisition Corp. - Class A Ordinary shares,NASDAQ,N,active,2026-07-11,2026-10-08
DAC,Danaos Corporation Common Stock,NYSE,N,active,2026-07-11,2026-10-08
DADS,Digital Asset Debt Strategy ETF,NASDAQ,N,active,2026-07-11,2026-10-08
DAIC,"CID HoldCo, Inc. - Common Stock",NASDAQ,H,active,2026-07-11,2026-10-08
DAIO,Data I/O Corporation - Common Stock,NASDAQ,N,active,2026-07-11,2026-10-08
DAK,Dakota Active Equity ETF,NASDAQ,N,active,2026-07-11,2026-10-08
DAKT,"Daktronics, Inc. - Common Stock",NASDAQ,N,active,2026-07-11,2026-10-08
DAL,"Delta Air Lines, Inc. Common Stock",NYSE,N,active,2026-07-11,2026-10-08
DALI,First Trust Dorsey Wright DALI Equity ETF,NASDAQ,N,active,2026-07-11,2026-10-08
DAN,Dana Incorporated Common Stock ,NYSE,N,active,2026-07-11,2026-10-08
DAO,"Youdao, Inc. American Depositary Shares, each representing one Class A Ordinary Share",NYSE,N,active,2026-07-11,2026-10-08
DAPP,VanEck Digital Transformation ETF,NASDAQ,N,active,2026-07-11,2026-10-08
DAR,Darling Ingredients Inc. Common Stock,NYSE,N,active,2026-07-11,2026-10-08
DARE,"Dare Bioscience, Inc. - Common Stock",NASDAQ,D,active,2026-07-11,2026-10-08
DASH,"DoorDash, Inc. - Common Stock",NASDAQ,N,active,2026-07-11,2026-10-08
DAVA,Endava plc American Depositary Shares (each representing one Class A Ordinary Share),NYSE,N,active,2026-07-11,2026-10-08
DAVE,Dave Inc.  - Class A Common Stock,NASDAQ,N,active,2026-07-11,2026-10-08
DAX,Global X DAX Germany ETF,NASDAQ,N,active,2026-07-11,2026-10-08
DB,Deutsche Bank AG Common Stock,NYSE,N,active,2026-07-11,2026-10-08
DBCA,D. Boral Acquisition I Corp. - Class A Ordinary Shares,NASDAQ,N,active,2026-07-11,2026-10-08
DBD,Diebold Nixdorf Incorporated Common stock,NYSE,N,active,2026-07-11,2026-10-08
DBGI,"Digital Brands Group, Inc. - Common Stock",NASDAQ,N,active,2026-07-11,2026-10-08
DBI,Designer Brands Inc. Class A Common Stock,NYSE,N,active,2026-07-11,2026-10-08
DBL,DoubleLine Opportunistic Credit Fund Common Shares of Beneficial Interest,NYSE,N,active,2026-07-11,2026-10-08
DBRG,"DigitalBridge Group, Inc.",NYSE,N,removed,2026-07-11,2026-09-30
DBRG$H,"DigitalBridge Group, Inc. 7.125% Series H ",NYSE,N,removed,2026-07-11,2026-10-03
DBRG$I,"DigitalBridge Group, Inc. 7.15% Series I ",NYSE,N,removed,2026-07-11,2026-10-03
DBRG$J,"DigitalBridge Group, Inc. 7.125% Series J ",NYSE,N,removed,2026-07-11,2026-10-03
DBVT,DBV Technologies S.A. - American Depositary Shares,NASDAQ,N,active,2026-07-11,2026-10-08
DBX,"Dropbox, Inc. - Class A Common Stock",NASDAQ,N,active,2026-07-11,2026-10-08
DC,Dakota Gold Corp. Common Stock,NYSE American,N,active,2026-07-11,2026-10-08
DCBO,Docebo Inc. - Common Shares,NASDAQ,N,active,2026-07-11,2026-10-08
DCGO,DocGo Inc. - Common Stock,NASDAQ,D,active,2026-07-11,2026-10-08
DCH,Dauch Corporation Common Stock,NYSE,N,active,2026-07-11,2026-10-08
DCI,"Donaldson Company, Inc. Common Stock",NYSE,N,active,2026-07-11,2026-10-08
DCO,Ducommun Incorporated Common Stock,NYSE,N,active,2026-07-11,2026-10-08
DCOM,"Dime Commercial Bancshares, Inc. Common Stock",NYSE,N,active,2026-07-11,2026-10-08
DCOY,Decoy Therapeutics Inc. - Common Stock,NASDAQ,N,active,2026-07-11,2026-10-08
DCTH,"Delcath Systems, Inc. - Common Stock",NASDAQ,N,active,2026-07-11,2026-10-08
DCX,Digital Currency X Technology Inc. - Class A Ordinary Shares,NASDAQ,N,active,2026-07-11,2026-10-08
DD,"DuPont de Nemours, Inc. Common Stock",NYSE,N,active,2026-07-11,2026-10-08
DDC,DDC Enterprise Limited Class A Ordinary Shares,NYSE American,N,active,2026-07-11,2026-10-08
DDD,3D Systems Corporation Common Stock,NYSE,N,active,2026-07-11,2026-10-08
DDI,"DoubleDown Interactive Co., Ltd. - American Depository Shares",NASDAQ,N,active,2026-07-11,2026-10-08
DDIV,First Trust Dorsey Wright Momentum & Dividend ETF,NASDAQ,N,active,2026-07-11,2026-10-08
DDL,Dingdong (Cayman) Limited American Depositary Shares (each two representing three Ordinary Shares),NYSE,N,active,2026-07-11,2026-10-08
DDOG,"Datadog, Inc. - Class A Common Stock",NASDAQ,N,active,2026-07-11,2026-10-08
DDS,"Dillard's, Inc. Common Stock",NYSE,N,removed,2026-07-11,2026-10-03
DDT,Dillard's Capital Trust I,NYSE,N,removed,2026-07-11,2026-10-03
DE,Deere & Company Common Stock,NYSE,N,active,2026-07-11,2026-10-08
DEA,"Easterly Government Properties, Inc. Common Stock",NYSE,N,active,2026-07-11,2026-10-08
DEC,Diversified Energy Company Common Stock,NYSE,N,active,2026-07-11,2026-10-08
DECK,Deckers Outdoor Corporation Common Stock,NYSE,N,active,2026-07-11,2026-10-08
DECO,State Street Galaxy Digital Asset Ecosystem ETF,NASDAQ,N,active,2026-07-11,2026-10-08
DEFT,"Defi Technologies, Inc. - Common Stock",NASDAQ,D,active,2026-07-11,2026-10-08
DEI,"Douglas Emmett, Inc. Common Stock",NYSE,N,active,2026-07-11,2026-10-08
DELL,Dell Technologies Inc. Class C Common Stock ,NYSE,N,active,2026-07-11,2026-10-08
DEMZ,Democratic Large Cap Core ETF,NASDAQ,N,active,2026-07-11,2026-10-08
DEO,Diageo plc Common Stock,NYSE,N,active,2026-07-11,2026-10-08
DERM,Journey Medical Corporation - Common Stock,NASDAQ,N,active,2026-07-11,2026-10-08
DETX,"Liberty Defense Holdings, Ltd. - Common Shares",NASDAQ,N,active,2026-07-11,2026-10-08
DFDV,DeFi Development Corp. - Common Stock,NASDAQ,N,active,2026-07-11,2026-10-08
DFGP,Dimensional Global Core Plus Fixed Income ETF,NASDAQ,N,active,2026-07-11,2026-10-08
DFGX,Dimensional International Core Fixed Income ETF,NASDAQ,N,active,2026-07-11,2026-10-08
DFH,"Dream Finders Homes, Inc. Class A Common Stock",NYSE,N,active,2026-07-11,2026-10-08
DFIN,"Donnelley Financial Solutions, Inc. Common Stock ",NYSE,N,active,2026-07-11,2026-10-08
DFLI,Dragonfly Energy Holdings Corp - Common Stock,NASDAQ,D,active,2026-07-11,2026-10-08
DFNS,T3 Defense Inc. - Common Stock,NASDAQ,D,active,2026-07-11,2026-10-08
DFSC,"DEFSEC Technologies Inc. - common stock, no R/S concurrent with offering",NASDAQ,N,active,2026-07-11,2026-10-08
DFTX,"Definium Therapeutics, Inc.  - Common Shares",NASDAQ,N,active,2026-07-11,2026-10-08
DG,Dollar General Corporation Common Stock,NYSE,N,active,2026-07-11,2026-10-08
DGCB,Dimensional Global Credit ETF,NASDAQ,N,active,2026-07-11,2026-10-08
DGICA,"Donegal Group, Inc. - Class A Common Stock",NASDAQ,N,active,2026-07-11,2026-10-08
DGICB,"Donegal Group, Inc. - Class B Common Stock",NASDAQ,N,active,2026-07-11,2026-10-08
DGII,Digi International Inc. - Common Stock,NASDAQ,N,active,2026-07-11,2026-10-08
DGLO,First Trust RBA Deglobalization ETF,NASDAQ,N,active,2026-07-11,2026-10-08
DGNX,Diginex Limited - Ordinary Shares,NASDAQ,N,active,2026-07-11,2026-10-08
DGRE,WisdomTree Emerging Markets Quality Dividend Growth Fund,NASDAQ,N,active,2026-07-11,2026-10-08
DGRS,WisdomTree U.S. SmallCap Quality Dividend Growth Fund,NASDAQ,N,active,2026-07-11,2026-10-08
DGRW,WisdomTree U.S. Quality Dividend Growth Fund,NASDAQ,N,active,2026-07-11,2026-10-08
DGX,Quest Diagnostics Incorporated Common Stock,NYSE,N,active,2026-07-11,2026-10-08
DGXX,Digi Power X Inc. - Common Subordinate Voting Shares,NASDAQ,N,active,2026-07-11,2026-10-08
DH,Definitive Healthcare Corp. - Class A Common Stock,NASDAQ,D,active,2026-07-11,2026-10-08
DHC,Diversified Healthcare Trust  - Common Shares of Beneficial Interest,NASDAQ,N,active,2026-07-11,2026-10-08
DHF,BNY Mellon High Yield Strategies Fund Common Stock,NYSE,N,active,2026-07-11,2026-10-08
DHI,"D.R. Horton, Inc. Common Stock",NYSE,N,active,2026-07-11,2026-10-08
DHR,Danaher Corporation Common Stock,NYSE,N,active,2026-07-11,2026-10-08
DHT,"DHT Holdings, Inc.",NYSE,N,active,2026-07-11,2026-10-08
DHX,"DHI Group, Inc. Common Stock",NYSE,N,active,2026-07-11,2026-10-08
DHY,Credit Suisse High Yield Credit Fund Common Stock,NYSE American,N,active,2026-07-11,2026-10-08
DIBS,"1stdibs.com, Inc. - Common Stock",NASDAQ,N,active,2026-07-11,2026-10-08
DIME,CoinShares Altcoins ETF,NASDAQ,N,active,2026-07-11,2026-10-08
DIN,"Dine Brands Global, Inc. Common Stock",NYSE,N,active,2026-07-11,2026-10-08
DINE,Simplify Tax Aware Diversified Income Strategy ETF,NASDAQ,N,active,2026-07-11,2026-10-08
DINO,HF Sinclair Corporation Common Stock,NYSE,N,active,2026-07-11,2026-10-08
DIOD,Diodes Incorporated - Common Stock,NASDAQ,N,active,2026-07-11,2026-10-08
DIS,Walt Disney Company (The) Common Stock,NYSE,N,active,2026-07-11,2026-10-08
DIT,AMCON Distributing Company Common Stock,NYSE American,N,active,2026-07-11,2026-10-08
DIVD,Altrius Global Dividend ETF,NASDAQ,N,active,2026-07-11,2026-10-08
DIVY,Sound Equity Dividend Income ETF,NYSE,N,active,2026-07-11,2026-10-08
DJCO,Daily Journal Corp. (S.C.) - Common Stock,NASDAQ,N,active,2026-07-11,2026-10-08
DJT,Trump Media & Technology Group Corp. - Common Stock,NASDAQ,N,active,2026-07-11,2026-10-08
DK,"Delek US Holdings, Inc. Common Stock",NYSE,N,active,2026-07-11,2026-10-08
DKI,DarkIris Inc. - Class A Ordinary Shares,NASDAQ,N,active,2026-07-11,2026-10-08
DKNG,DraftKings Inc. - Class A Common Stock,NASDAQ,N,active,2026-07-11,2026-10-08
DKNX,Defiance Daily Target 2X Long DKNG ETF,NASDAQ,N,removed,2026-07-11,2026-08-28
DKS,Dick's Sporting Goods Inc Common Stock,NYSE,N,active,2026-07-11,2026-10-08
DLB,Dolby Laboratories Common Stock,NYSE,N,active,2026-07-11,2026-10-08
DLHC,DLH Holdings Corp. - Common Stock,NASDAQ,N,active,2026-07-11,2026-10-08
DLLL,GraniteShares 2x Long DELL Daily ETF,NASDAQ,N,active,2026-07-11,2026-10-08
DLO,DLocal Limited - Class A Common Shares,NASDAQ,N,active,2026-07-11,2026-10-08
DLPN,"Dolphin Entertainment, Inc. - Common Stock",NASDAQ,N,active,2026-07-11,2026-10-08
DLR,"Digital Realty Trust, Inc. Common Stock",NYSE,N,active,2026-07-11,2026-10-08
DLTH,Duluth Holdings Inc. - Class B Common Stock,NASDAQ,N,active,2026-07-11,2026-10-08
DLTR,"Dollar Tree, Inc. - Common Stock",NASDAQ,N,active,2026-07-11,2026-10-08
DLX,Deluxe Corporation Common Stock,NYSE,N,active,2026-07-11,2026-10-08
DLXY,Delixy Holdings Limited - Class A Ordinary Shares,NASDAQ,D,active,2026-07-11,2026-10-08
DLY,DoubleLine Yield Opportunities Fund Common Shares of Beneficial Interest,NYSE,N,active,2026-07-11,2026-10-08
DMA,Destra Multi-Alternative Fund Common Stock,NYSE,N,active,2026-07-11,2026-10-08
DMAA,Drugs Made In America Acquisition Corp. - Ordinary Shares,NASDAQ,N,active,2026-07-11,2026-10-08
DMAC,DiaMedica Therapeutics Inc. - Common Stock,NASDAQ,N,active,2026-07-11,2026-10-08
DMC,Del Monte Corporation Ordinary Shares,NYSE,N,active,2026-07-11,2026-10-08
DMII,Drugs Made In America Acquisition II Corp. - Ordinary Shares,NASDAQ,N,active,2026-07-11,2026-10-08
DMO,Western Asset Mortgage Opportunity Fund Inc. Common Stock,NYSE,N,active,2026-07-11,2026-10-08
DMRA,"Damora Therapeutics, Inc. - Common Stock",NASDAQ,N,active,2026-07-11,2026-10-08
DMRC,Digimarc Corporation - Common Stock,NASDAQ,N,active,2026-07-11,2026-10-08
DMXF,iShares ESG Advanced MSCI EAFE ETF,NASDAQ,N,active,2026-07-11,2026-10-08
DNA,"Ginkgo Bioworks Holdings, Inc. Class A Common Stock",NYSE,N,active,2026-07-11,2026-10-08
DNLI,Denali Therapeutics Inc. - Common Stock,NASDAQ,N,active,2026-07-11,2026-10-08
DNMX,Dynamix Corporation III - Class A Ordinary Shares,NASDAQ,N,active,2026-07-11,2026-10-08
DNN,Denison Mines Corp Ordinary Shares (Canada),NYSE American,N,active,2026-07-11,2026-10-08
DNNG,Leverage Shares 2x Long DNN Daily ETF,NASDAQ,N,removed,2026-07-11,2026-07-28
DNOW,DNOW Inc. Common Stock,NYSE,N,active,2026-07-11,2026-10-08
DNP,"DNP Select Income Fund, Inc. Common Stock",NYSE,N,active,2026-07-11,2026-10-08
DNTH,"Dianthus Therapeutics, Inc. - Common Stock",NASDAQ,N,active,2026-07-11,2026-10-08
DNUT,"Krispy Kreme, Inc. - Common Stock",NASDAQ,N,active,2026-07-11,2026-10-08
DOC,"Healthpeak Properties, Inc. Common Stock",NYSE,N,active,2026-07-11,2026-10-08
DOCN,"DigitalOcean Holdings, Inc. Common Stock",NYSE,N,active,2026-07-11,2026-10-08
DOCS,"Doximity, Inc. Class A Common Stock",NYSE,N,active,2026-07-11,2026-10-08
DOCU,"DocuSign, Inc. - Common Stock",NASDAQ,N,active,2026-07-11,2026-10-08
DOGZ,Dogness (International) Corporation - Class A Common Stock,NASDAQ,N,active,2026-07-11,2026-10-08
DOLE,Dole plc Ordinary Shares,NYSE,N,active,2026-07-11,2026-10-08
DOMH,Dominari Holdings Inc. - Common Stock,NASDAQ,N,active,2026-07-11,2026-10-08
DOMO,"Domo, Inc. - Class B Common Stock",NASDAQ,N,removed,2026-07-11,2026-09-24
DOO,BRP Inc. - Common Subordinate Voting Shares,NASDAQ,N,active,2026-07-11,2026-10-08
DORM,"Dorman Products, Inc. - Common Stock",NASDAQ,N,active,2026-07-11,2026-10-08
DOUG,Douglas Elliman Inc. Common Stock,NYSE,N,active,2026-07-11,2026-10-08
DOV,Dover Corporation Common Stock,NYSE,N,active,2026-07-11,2026-10-08
DOW,Dow Inc. Common Stock ,NYSE,N,active,2026-07-11,2026-10-08
DOX,Amdocs Limited - Ordinary Shares,NASDAQ,N,active,2026-07-11,2026-10-08
DOYU,DouYu International Holdings Limited - American Depositary Shares,NASDAQ,N,active,2026-07-11,2026-10-08
DPC,DPC Holdings PLC Ordinary Shares,NYSE,N,active,2026-07-11,2026-10-08
DPG,Duff & Phelps Utility and Infrastructure Fund Inc.,NYSE,N,active,2026-07-11,2026-10-08
DPRO,Draganfly Inc. - Common Shares,NASDAQ,N,active,2026-07-11,2026-10-08
DPZ,Domino's Pizza Inc - Common Stock,NASDAQ,N,active,2026-07-11,2026-10-08
DQ,"DAQO New Energy Corp. American Depositary Shares, each representing five ordinary shares",NYSE,N,active,2026-07-11,2026-10-08
DRCT,"Direct Digital Holdings, Inc. - Class A Common Stock",NASDAQ,D,removed,2026-07-11,2026-10-03
DRD,DRDGOLD Limited American Depositary Shares,NYSE,N,active,2026-07-11,2026-10-08
DRDB,Roman DBDR Acquisition Corp. II - Ordinary shares,NASDAQ,D,active,2026-07-11,2026-10-08
DRH,Diamondrock Hospitality Company - Common Stock,NASDAQ,N,active,2026-07-11,2026-10-08
DRI,"Darden Restaurants, Inc. Common Stock",NYSE,N,active,2026-07-11,2026-10-08
DRIO,DarioHealth Corp. - Common Stock,NASDAQ,N,active,2026-07-11,2026-10-08
DRIV,Global X Autonomous & Electric Vehicles ETF,NASDAQ,N,active,2026-07-11,2026-10-08
DRLL,Strive U.S. Energy ETF,NYSE,N,active,2026-07-11,2026-10-08
DRMA,"Dermata Therapeutics, Inc. - Common Stock",NASDAQ,N,active,2026-07-11,2026-10-08
DRNZ,REX Drone ETF,NASDAQ,N,active,2026-07-11,2026-10-08
DRS,"Leonardo DRS, Inc. - Common Stock",NASDAQ,N,active,2026-07-11,2026-10-08
DRTS,Alpha Tau Medical Ltd. - Ordinary Shares,NASDAQ,N,active,2026-07-11,2026-10-08
DRUG,Bright Minds Biosciences Inc. - common stock,NASDAQ,N,active,2026-07-11,2026-10-08
DRVN,Driven Brands Holdings Inc. - Common Stock,NASDAQ,N,active,2026-07-11,2026-10-08
DSAC,Daedalus Special Acquisition Corp. - Class A Ordinary Shares,NASDAQ,N,active,2026-07-11,2026-10-08
DSC,DSC Holdings Ltd. - American Depositary Shares,NASDAQ,N,active,2026-07-11,2026-10-08
DSGN,"Design Therapeutics, Inc. - Common Stock",NASDAQ,N,active,2026-07-11,2026-10-08
DSGR,"Distribution Solutions Group, Inc. - Common Stock",NASDAQ,N,active,2026-07-11,2026-10-08
DSGX,The Descartes Systems Group Inc. - Common Stock,NASDAQ,N,active,2026-07-11,2026-10-08
DSL,DoubleLine Income Solutions Fund Common Shares of Beneficial Interests,NYSE,N,active,2026-07-11,2026-10-08
DSMC,Distillate Small/Mid Cash Flow ETF,NYSE,N,active,2026-07-11,2026-10-08
DSP,Viant Technology Inc. - common stock,NASDAQ,N,active,2026-07-11,2026-10-08
DSS,"DSS, Inc. Common Stock",NYSE American,N,active,2026-07-11,2026-10-08
DSTX,Distillate International Fundamental Stability & Value ETF,NYSE,N,active,2026-07-11,2026-10-08
DSU,"Blackrock Debt Strategies Fund, Inc. Common Stock",NYSE,N,active,2026-07-11,2026-10-08
DSWL,"Deswell Industries, Inc. - Common Shares",NASDAQ,N,active,2026-07-11,2026-10-08
DSX,Diana Shipping inc. common stock,NYSE,N,active,2026-07-11,2026-10-08
DSY,Big Tree Cloud Holdings Limited - Class A Ordinary Shares,NASDAQ,N,active,2026-07-11,2026-10-08
DT,"Dynatrace, Inc. Common Stock",NYSE,N,active,2026-07-11,2026-10-08
DTCR,Global X Data Center & Digital Infrastructure ETF,NASDAQ,N,active,2026-07-11,2026-10-08
DTCX,"Datacentrex, Inc. - Common Stock",NASDAQ,N,active,2026-07-11,2026-10-08
DTE,DTE Energy Company Common Stock,NYSE,N,active,2026-07-11,2026-10-08
DTF,DTF Tax-Free Income 2028 Term Fund Inc. Common Stock,NYSE,N,active,2026-07-11,2026-10-08
DTI,Drilling Tools International Corporation  - Common Stock,NASDAQ,N,active,2026-07-11,2026-10-08
DTIL,"Precision BioSciences, Inc. - Common Stock",NASDAQ,N,active,2026-07-11,2026-10-08
DTM,"DT Midstream, Inc. Common Stock ",NYSE,N,active,2026-07-11,2026-10-08
DTSQ,DT Cloud Star Acquisition Corporation - Ordinary Shares,NASDAQ,N,active,2026-07-11,2026-10-08
DTSS,Datasea Intelligent Technology Ltd. - Class A Ordinary Shares,NASDAQ,D,active,2026-07-11,2026-10-08
DTST,Data Storage Corporation - Common Stock,NASDAQ,N,active,2026-07-11,2026-10-08
DUK,Duke Energy Corporation (Holding Company) Common Stock,NYSE,N,active,2026-07-11,2026-10-08
DUKH,Ocean Park High Income ETF,NASDAQ,N,active,2026-07-11,2026-10-08
DUKR,DUKE Robotics Corp. - Common Stock,NASDAQ,N,active,2026-07-11,2026-10-08
DUKX,Ocean Park International ETF,NASDAQ,N,active,2026-07-11,2026-10-08
DUO,Fangdd Network Group Ltd. - Class A Ordinary Shares,NASDAQ,D,active,2026-07-11,2026-10-08
DUOG,Leverage Shares 2X Long DUOL Daily ETF,NASDAQ,N,active,2026-07-11,2026-10-08
DUOL,"Duolingo, Inc. - Class A Common Stock",NASDAQ,N,active,2026-07-11,2026-10-08
DUOT,"Duos Technologies Group, Inc. - Common Stock",NASDAQ,N,active,2026-07-11,2026-10-08
DUSG,U.S. Small Cap Growth Portfolio: ETF Class Shares,NASDAQ,N,active,2026-07-11,2026-10-08
DV,"DoubleVerify Holdings, Inc. Common Stock",NYSE,N,active,2026-07-11,2026-10-08
DVA,DaVita Inc. Common Stock,NYSE,N,active,2026-07-11,2026-10-08
DVAL,BrandywineGLOBAL-Dynamic US Large Cap Value ETF,NASDAQ,N,active,2026-07-11,2026-10-08
DVGR,DAC 3D Dividend Growth ETF,NASDAQ,N,active,2026-07-11,2026-10-08
DVIN,WEBs Industrials XLI Defined Volatility ETF,NASDAQ,N,removed,2026-07-11,2026-08-27
DVLT,Datavault AI Inc. - Common Stock,NASDAQ,D,active,2026-07-11,2026-10-08
DVLU,First Trust Dorsey Wright Momentum & Value ETF,NASDAQ,N,active,2026-07-11,2026-10-08
DVN,Devon Energy Corporation Common Stock,NYSE,N,active,2026-07-11,2026-10-08
DVOL,First Trust Dorsey Wright Momentum & Low Volatility ETF,NASDAQ,N,active,2026-07-11,2026-10-08
DVQQ,WEBs QQQ Defined Volatility ETF,NASDAQ,N,active,2026-07-11,2026-10-08
DVRE,WEBs Real Estate XLRE Defined Volatility ETF,NASDAQ,N,removed,2026-07-11,2026-08-27
DVSP,WEBs SPY Defined Volatility ETF,NASDAQ,N,active,2026-07-11,2026-10-08
DVUT,WEBs Utilities XLU Defined Volatility ETF,NASDAQ,N,removed,2026-07-11,2026-08-27
DVXB,WEBs Materials XLB Defined Volatility ETF,NASDAQ,N,removed,2026-07-11,2026-08-27
DVXC,WEBs Communication Services XLC Defined Volatility ETF,NASDAQ,N,removed,2026-07-11,2026-08-27
DVXE,WEBs Energy XLE Defined Volatility ETF,NASDAQ,N,removed,2026-07-11,2026-08-27
DVXF,WEBs Financial XLF Defined Volatility ETF,NASDAQ,N,removed,2026-07-11,2026-08-27
DVXK,WEBs Technology XLK Defined Volatility ETF,NASDAQ,N,removed,2026-07-11,2026-08-27
DVXP,WEBs Consumer Staples XLP Defined Volatility ETF,NASDAQ,N,removed,2026-07-11,2026-08-27
DVXV,WEBs Health Care XLV Defined Volatility ETF,NASDAQ,N,removed,2026-07-11,2026-08-27
DVXY,WEBs Consumer Discretionary XLY Defined Volatility ETF,NASDAQ,N,removed,2026-07-11,2026-08-27
DVY,iShares Select Dividend ETF,NASDAQ,N,active,2026-07-11,2026-10-08
DWAS,Invesco Dorsey Wright SmallCap Momentum ETF,NASDAQ,N,active,2026-07-11,2026-10-08
DWAW,AdvisorShares Dorsey Wright FSM All Cap World ETF,NASDAQ,N,active,2026-07-11,2026-10-08
DWSH,AdvisorShares Dorsey Wright Short ETF,NASDAQ,N,active,2026-07-11,2026-10-08
DWSN,Dawson Geophysical Company - Common Stock,NASDAQ,N,active,2026-07-11,2026-10-08
DWTX,"Dogwood Therapeutics, Inc.  - Common Stock",NASDAQ,N,active,2026-07-11,2026-10-08
DWUS,AdvisorShares Dorsey Wright FSM US Core ETF,NASDAQ,N,active,2026-07-11,2026-10-08
DX,"Dynex Capital, Inc. Common Stock",NYSE,N,active,2026-07-11,2026-10-08
DXC,DXC Technology Company Common Stock ,NYSE,N,active,2026-07-11,2026-10-08
DXCM,"DexCom, Inc. - Common Stock",NASDAQ,N,active,2026-07-11,2026-10-08
DXF,"Eason Technology Limited American Depositary Shares (each representing sixty-thousand (60,000) Ordinary Shares)",NYSE American,N,active,2026-07-11,2026-10-08
DXLG,"Destination XL Group, Inc. - Common Stock",NASDAQ,D,active,2026-07-11,2026-10-08
DXPE,"DXP Enterprises, Inc. - Common Stock",NASDAQ,N,active,2026-07-11,2026-10-08
DXR,Daxor Corporation - Closed End Fund,NASDAQ,N,active,2026-07-11,2026-10-08
DXST,Decent Holding Inc. - Class A Ordinary Shares,NASDAQ,N,active,2026-07-11,2026-10-08
DXYZ,Destiny Tech100 Inc. Common Stock,NYSE,N,active,2026-07-11,2026-10-08
DY,"Dycom Industries, Inc. Common Stock",NYSE,N,active,2026-07-11,2026-10-08
DYAI,"Dyadic International, Inc. - Common Stock",NASDAQ,D,active,2026-07-11,2026-10-08
DYFI,IDX Dynamic Fixed Income ETF,NASDAQ,N,active,2026-07-11,2026-10-08
DYN,"Dyne Therapeutics, Inc. - Common Stock",NASDAQ,N,active,2026-07-11,2026-10-08
DYNB,Hartford Dynamic Bond ETF,NASDAQ,N,active,2026-07-11,2026-10-08
DYNC,Dynamix Corporation - Class A Ordinary Share,NASDAQ,N,active,2026-07-11,2026-10-08
DYOR,Insight Digital Partners II - Class A Ordinary Shares,NASDAQ,N,active,2026-07-11,2026-10-08
DYTA,SGI Dynamic Tactical ETF,NASDAQ,N,active,2026-07-11,2026-10-08
E,ENI S.p.A. Common Stock,NYSE,N,active,2026-07-11,2026-10-08
EA,Electronic Arts Inc. - Common Stock,NASDAQ,N,removed,2026-07-11,2026-08-04
EAD,Allspring Income Opportunities Fund Common Shares,NYSE American,N,active,2026-07-11,2026-10-08
EAF,GrafTech International Ltd. Common Stock,NYSE,N,active,2026-07-11,2026-10-08
EARN,Ellington Credit Company Common Shares of Beneficial Interest,NYSE,N,active,2026-07-11,2026-10-08
EART,Global X Rare Earth & Critical Materials ETF,NASDAQ,N,active,2026-07-11,2026-10-08
EASY,Liberty One Defensive Dividend Growth ETF,NASDAQ,N,active,2026-07-11,2026-10-08
EAT,"Brinker International, Inc. Common Stock",NYSE,N,active,2026-07-11,2026-10-08
EBAY,eBay Inc. - Common Stock,NASDAQ,N,active,2026-07-11,2026-10-08
EBC,"Eastern Bankshares, Inc. - Common Stock",NASDAQ,N,active,2026-07-11,2026-10-08
EBF,"Ennis, Inc. Common Stock",NYSE,N,active,2026-07-11,2026-10-08
EBI,Longview Advantage ETF,NASDAQ,N,active,2026-07-11,2026-10-08
EBIZ,Global X E-commerce ETF,NASDAQ,N,active,2026-07-11,2026-10-08
EBMT,"Eagle Bancorp Montana, Inc. - Common Stock",NASDAQ,N,active,2026-07-11,2026-10-08
EBON,Ebang International Holdings Inc. - Class A Ordinary Shares,NASDAQ,N,active,2026-07-11,2026-10-08
EBS,Emergent BioSolutions Inc. Common Stock,NYSE,N,active,2026-07-11,2026-10-08
EC,Ecopetrol S.A. American Depositary Shares,NYSE,N,active,2026-07-11,2026-10-08
ECAT,BlackRock ESG Capital Allocation Term Trust Common Shares of Beneficial Interest,NYSE,N,active,2026-07-11,2026-10-08
ECBK,"ECB Bancorp, Inc. - Common Stock",NASDAQ,N,active,2026-07-11,2026-10-08
ECC,Eagle Point Credit Company Common Share of Beneficial Interest,NYSE,N,active,2026-07-11,2026-10-08
ECF,Ellsworth Growth and Income Fund Ltd.,NYSE American,N,active,2026-07-11,2026-10-08
ECG,"Everus Construction Group, Inc. Common Stock",NYSE,N,active,2026-07-11,2026-10-08
ECHO,EchoStar Corporation - Common stock,NASDAQ,N,active,2026-07-11,2026-10-08
ECHX,Leverage Shares 2X Long ECHO Daily ETF,NASDAQ,N,active,2026-07-11,2026-10-08
ECL,Ecolab Inc. Common Stock,NYSE,N,active,2026-07-11,2026-10-08
ECO,Okeanis Eco Tankers Corp. Common Stock,NYSE,N,active,2026-07-11,2026-10-08
ECOR,"electroCore, Inc. - Common Stock",NASDAQ,N,active,2026-07-11,2026-10-08
ECOW,Pacer Emerging Markets Cash Cows 100 ETF,NASDAQ,N,active,2026-07-11,2026-10-08
ECPG,Encore Capital Group Inc - Common Stock,NASDAQ,N,active,2026-07-11,2026-10-08
ECVT,Ecovyst Inc. Common Stock,NYSE,N,active,2026-07-11,2026-10-08
ECX,ECARX Holdings Inc. - Class A Ordinary shares,NASDAQ,N,active,2026-07-11,2026-10-08
ED,"Consolidated Edison, Inc. Common Stock",NYSE,N,active,2026-07-11,2026-10-08
EDBL,Edible Garden AG Incorporated - Common Stock,NASDAQ,N,active,2026-07-11,2026-10-08
EDD,"Morgan Stanley Emerging Markets Domestic Debt Fund, Inc. Common Stock",NYSE,N,active,2026-07-11,2026-10-08
EDF,Virtus Stone Harbor Emerging Markets Income Fund Common Shares of Beneficial Interest,NYSE,N,active,2026-07-11,2026-10-08
EDHL,Everbright Digital Holding Limited - Ordinary Shares,NASDAQ,N,active,2026-07-11,2026-10-08
EDIT,"Editas Medicine, Inc. - Common Stock",NASDAQ,N,active,2026-07-11,2026-10-08
EDN,Empresa Distribuidora Y Comercializadora Norte S.A. (Edenor) American Depositary Shares,NYSE,N,active,2026-07-11,2026-10-08
EDRY,EuroDry Ltd. - Common Shares,NASDAQ,N,active,2026-07-11,2026-10-08
EDSA,"Edesa Biotech, Inc. - Common Shares",NASDAQ,N,active,2026-07-11,2026-10-08
EDTK,Skillful Craftsman Education Technology Limited - Ordinary Share,NASDAQ,N,active,2026-07-11,2026-10-08
EDU,"New Oriental Education & Technology Group, Inc. Sponsored ADR representing 10 Ordinary Share (Cayman Islands)",NYSE,N,active,2026-07-11,2026-10-08
EDUC,Educational Development Corporation - Common Stock,NASDAQ,N,active,2026-07-11,2026-10-08
EE,"Excelerate Energy, Inc. Class A Common Stock",NYSE,N,active,2026-07-11,2026-10-08
EEA,"The European Equity Fund, Inc. Common Stock",NYSE,N,active,2026-07-11,2026-10-08
EEE,CYBER HORNET S&P 500 and Ethereum 75/25 Strategy ETF,NASDAQ,N,active,2026-07-11,2026-10-08
EEFT,"Euronet Worldwide, Inc. - Common Stock",NASDAQ,N,active,2026-07-11,2026-10-08
EEIQ,EpicQuest Education Group International Limited - Common Stock,NASDAQ,N,active,2026-07-11,2026-10-08
EEMA,iShares MSCI Emerging Markets Asia ETF,NASDAQ,N,active,2026-07-11,2026-10-08
EEX,"Emerald Holding, Inc. Common Stock",NYSE,N,removed,2026-07-11,2026-07-13
EFAS,Global X MSCI SuperDividend EAFE ETF,NASDAQ,N,active,2026-07-11,2026-10-08
EFC,Ellington Financial Inc. Common Stock ,NYSE,N,active,2026-07-11,2026-10-08
EFOI,"Energy Focus, Inc. - Common Stock",NASDAQ,N,active,2026-07-11,2026-10-08
EFOR,"Everforth, Inc. Common Stock",NYSE,N,active,2026-07-11,2026-10-08
EFR,Eaton Vance Senior Floating-Rate Fund Common Shares of Beneficial Interest,NYSE,N,active,2026-07-11,2026-10-08
EFRA,iShares Environmental Infrastructure and Industrials ETF,NASDAQ,N,active,2026-07-11,2026-10-08
EFSC,Enterprise Financial Services Corporation - Common Stock,NASDAQ,N,active,2026-07-11,2026-10-08
EFSI,Eagle Financial Services Inc - Common Stock,NASDAQ,N,active,2026-07-11,2026-10-08
EFT,Eaton Vance Floating Rate Income Trust Common Shares of Beneficial Interest,NYSE,N,active,2026-07-11,2026-10-08
EFTY,"Etoiles Capital Group Co., Ltd. - Class A Ordinary Shares",NASDAQ,N,active,2026-07-11,2026-10-08
EFX,"Equifax, Inc. Common Stock",NYSE,N,active,2026-07-11,2026-10-08
EFXT,Enerflex Ltd Common Shares,NYSE,N,active,2026-07-11,2026-10-08
EG,"Everest Group, Ltd. Common Stock",NYSE,N,active,2026-07-11,2026-10-08
EGAN,eGain Corporation - Common Stock,NASDAQ,N,active,2026-07-11,2026-10-08
EGBN,"Eagle Bancorp, Inc. - Common Stock",NASDAQ,N,active,2026-07-11,2026-10-08
EGG,Enigmatig Limited Class A Ordinary Shares,NYSE American,N,active,2026-07-11,2026-10-08
EGGQ,NestYield Visionary ETF,NASDAQ,N,active,2026-07-11,2026-10-08
EGHA,EGH Acquisition Corp. - Class A ordinary shares,NASDAQ,N,active,2026-07-11,2026-10-08
EGHT,8x8 Inc - Common stock,NASDAQ,N,active,2026-07-11,2026-10-08
EGO,Eldorado Gold Corporation Ordinary Shares,NYSE,N,active,2026-07-11,2026-10-08
EGP,"EastGroup Properties, Inc. Common Stock",NYSE,N,active,2026-07-11,2026-10-08
EGY,"VAALCO Energy, Inc.  Common Stock",NYSE,N,active,2026-07-11,2026-10-08
EH,EHang Holdings Limited - ADS,NASDAQ,N,active,2026-07-11,2026-10-08
EHC,Encompass Health Corporation Common Stock,NYSE,N,active,2026-07-11,2026-10-08
EHGO,Eshallgo Inc. - Class A Ordinary Shares,NASDAQ,N,active,2026-07-11,2026-10-08
EHI,Western Asset Global High Income Fund Inc Common Stock,NYSE,N,active,2026-07-11,2026-10-08
EHLD,Euroholdings Ltd. - Common Stock,NASDAQ,N,active,2026-07-11,2026-10-08
EHLS,Even Herd Long Short ETF,NASDAQ,N,active,2026-07-11,2026-10-08
EHTH,"eHealth, Inc. - Common Stock",NASDAQ,N,active,2026-07-11,2026-10-08
EIC,Eagle Point Income Company Inc. Common Stock,NYSE,N,active,2026-07-11,2026-10-08
EIG,Employers Holdings Inc Common Stock,NYSE,N,active,2026-07-11,2026-10-08
EIKN,"Eikon Therapeutics, Inc. - Common Stock",NASDAQ,N,active,2026-07-11,2026-10-08
EIX,Edison International Common Stock,NYSE,N,active,2026-07-11,2026-10-08
EJH,E-Home Household Service Holdings Limited - Ordinary shares,NASDAQ,N,active,2026-07-11,2026-10-08
EKG,First Trust Nasdaq Lux Digital Health Solutions ETF,NASDAQ,N,active,2026-07-11,2026-10-08
EL,"Estee Lauder Companies, Inc. (The) Common Stock",NYSE,N,active,2026-07-11,2026-10-08
ELA,Envela Corporation Common Stock,NYSE American,N,active,2026-07-11,2026-10-08
ELAB,PMGC Holdings Inc. - Common Stock,NASDAQ,N,active,2026-07-11,2026-10-08
ELAN,Elanco Animal Health Incorporated Common Stock,NYSE,N,active,2026-07-11,2026-10-08
ELBM,Electra Battery Materials Corporation - Common Stock,NASDAQ,D,active,2026-07-11,2026-10-08
ELDN,"Eledon Pharmaceuticals, Inc. - Common Stock",NASDAQ,N,active,2026-07-11,2026-10-08
ELE,Elemental Royalty Corporation - Common Stock,NASDAQ,N,active,2026-07-11,2026-10-08
ELF,"e.l.f. Beauty, Inc. Common Stock",NYSE,N,active,2026-07-11,2026-10-08
ELFY,ALPS Electrification Infrastructure ETF,NASDAQ,N,active,2026-07-11,2026-10-08
ELIL,Direxion Daily LLY Bull 2X ETF,NASDAQ,N,active,2026-07-11,2026-10-08
ELLO,Ellomay Capital Ltd Ordinary Shares (Israel),NYSE American,N,active,2026-07-11,2026-10-08
ELMD,"Electromed, Inc. Common Stock",NYSE American,N,active,2026-07-11,2026-10-08
ELME,Elme Communities Common Stock,NYSE,N,active,2026-07-11,2026-10-08
ELMT,The Elmet Group Co. - Common Stock,NASDAQ,N,active,2026-07-11,2026-10-08
ELOG,Eastern International Ltd. - Ordinary Shares,NASDAQ,D,active,2026-07-11,2026-10-08
ELOX,"Eloxx Pharmaceuticals, Inc. - Common Stock",NASDAQ,N,active,2026-07-11,2026-10-08
ELPC,Companhia Paranaense de Energia (COPEL) American Depositary Shares (each representing four (4) Common Shares),NYSE,N,active,2026-07-11,2026-10-08
ELPW,Elong Power Holding Limited - Class A Ordinary Shares,NASDAQ,N,active,2026-07-11,2026-10-08
ELS,"Equity Lifestyle Properties, Inc. Common Stock",NYSE,N,active,2026-07-11,2026-10-08
ELSE,"Electro-Sensors, Inc. - Common Stock",NASDAQ,N,removed,2026-07-11,2026-07-31
ELTK,Eltek Ltd. - Ordinary Shares,NASDAQ,N,active,2026-07-11,2026-10-08
ELTX,"Elicio Therapeutics, Inc. - Common Stock",NASDAQ,N,active,2026-07-11,2026-10-08
ELUT,"Elutia, Inc. - Class A Common Stock",NASDAQ,D,active,2026-07-11,2026-10-08
ELV,"Elevance Health, Inc. Common Stock",NYSE,N,active,2026-07-11,2026-10-08
ELVA,Electrovaya Inc. - Common Shares,NASDAQ,N,active,2026-07-11,2026-10-08
ELVN,"Enliven Therapeutics, Inc.  - Common Stock",NASDAQ,N,active,2026-07-11,2026-10-08
ELVR,Elevra Lithium Limited - American Depository Shares,NASDAQ,N,active,2026-07-11,2026-10-08
ELWT,"Elauwit Connection, Inc. - Common Stock",NASDAQ,N,active,2026-07-11,2026-10-08
EMA,Emera Incorporated Common Shares,NYSE,N,active,2026-07-11,2026-10-08
EMAT,Evolution Metals & Technologies Corp. - Common Stock,NASDAQ,N,active,2026-07-11,2026-10-08
EMB,iShares J.P. Morgan USD Emerging Markets Bond ETF,NASDAQ,N,active,2026-07-11,2026-10-08
EMBC,Embecta Corp. - Common Stock,NASDAQ,N,active,2026-07-11,2026-10-08
EMBJ,Embraer S.A. Common Stock,NYSE,N,active,2026-07-11,2026-10-08
EMCB,WisdomTree Emerging Markets Corporate Bond Fund,NASDAQ,N,active,2026-07-11,2026-10-08
EMD,Western Asset Emerging Markets Debt Fund Inc Common Stock,NYSE,N,active,2026-07-11,2026-10-08
EME,"EMCOR Group, Inc. Common Stock",NYSE,N,active,2026-07-11,2026-10-08
EMEM,Sophus Capital Emerging Market ETF,NASDAQ,N,active,2026-07-11,2026-10-08
EMEQ,Nomura Focused Emerging Markets Equity ETF,NASDAQ,N,active,2026-07-11,2026-10-08
EMF,Templeton Emerging Markets Fund Common Stock,NYSE,N,active,2026-07-11,2026-10-08
EMIF,iShares Emerging Markets Infrastructure ETF,NASDAQ,N,active,2026-07-11,2026-10-08
EMIS,Emmis Acquisition Corp. - Class A Ordinary Share,NASDAQ,N,active,2026-07-11,2026-10-08
EML,Eastern Company (The) - Common Stock,NASDAQ,N,active,2026-07-11,2026-10-08
EMN,Eastman Chemical Company Common Stock,NYSE,N,active,2026-07-11,2026-10-08
EMO,ClearBridge Energy Midstream Opportunity Fund Inc. Common Stock,NYSE,N,active,2026-07-11,2026-10-08
EMPD,Empery Digital Inc. - Common stock,NASDAQ,N,active,2026-07-11,2026-10-08
EMPG,Empro Group Inc. - Ordinary shares,NASDAQ,E,removed,2026-07-11,2026-07-24
EMR,Emerson Electric Company Common Stock,NYSE,N,active,2026-07-11,2026-10-08
EMSC,Sophus Capital Emerging Market Small Cap ETF,NASDAQ,N,active,2026-07-11,2026-10-08
EMXC,iShares MSCI Emerging Markets ex China ETF,NASDAQ,N,active,2026-07-11,2026-10-08
EMXF,iShares ESG Advanced MSCI EM ETF,NASDAQ,N,active,2026-07-11,2026-10-08
ENB,Enbridge Inc Common Stock,NYSE,N,active,2026-07-11,2026-10-08
ENDW,Cambria Endowment Style ETF,NASDAQ,N,active,2026-07-11,2026-10-08
ENGN,enGene Therapeutics Inc. - Common Stock,NASDAQ,N,active,2026-07-11,2026-10-08
ENGS,Energys Group Limited - Ordinary Shares,NASDAQ,N,active,2026-07-11,2026-10-08
ENHA,Enhanced Group Inc. Class A Common Stock,NYSE,N,active,2026-07-11,2026-10-08
ENHI,iShares Enhanced International Active ETF,NASDAQ,N,active,2026-07-11,2026-10-08
ENHU,iShares Enhanced Large Cap Core Active ETF,NASDAQ,N,active,2026-07-11,2026-10-08
ENIC,Enel Chile S.A. American Depositary Shares (Each representing 50 shares of Common Stock),NYSE,N,active,2026-07-11,2026-10-08
ENLT,Enlight Renewable Energy Ltd. - Ordinary Shares,NASDAQ,N,active,2026-07-11,2026-10-08
ENLV,Enlivex Ltd. - Ordinary Shares,NASDAQ,N,active,2026-07-11,2026-10-08
ENOV,Enovis Corporation Common Stock,NYSE,N,active,2026-07-11,2026-10-08
ENPH,"Enphase Energy, Inc. - Common Stock",NASDAQ,N,active,2026-07-11,2026-10-08
ENR,"Energizer Holdings, Inc. Common Stock",NYSE,N,active,2026-07-11,2026-10-08
ENRD,Einride AB - American Depositary Shares,NASDAQ,N,active,2026-07-11,2026-10-08
ENS,EnerSys Common Stock,NYSE,N,active,2026-07-11,2026-10-08
ENSC,"Ensysce Biosciences, Inc. - Common Stock",NASDAQ,D,active,2026-07-11,2026-10-08
ENSG,"The Ensign Group, Inc. - Common Stock",NASDAQ,N,active,2026-07-11,2026-10-08
ENTA,"Enanta Pharmaceuticals, Inc. - Common Stock",NASDAQ,N,active,2026-07-11,2026-10-08
ENTG,"Entegris, Inc. - Common Stock",NASDAQ,N,active,2026-07-11,2026-10-08
ENTX,Entera Bio Ltd. - Ordinary Shares,NASDAQ,N,active,2026-07-11,2026-10-08
ENVA,"Enova International, Inc. Common Stock",NYSE,N,active,2026-07-11,2026-10-08
ENVB,"Enveric Biosciences, Inc.  - Common Stock",NASDAQ,N,active,2026-07-11,2026-10-08
ENVX,Enovix Corporation - Common Stock,NASDAQ,N,active,2026-07-11,2026-10-08
ENZL,iShares MSCI New Zealand ETF,NASDAQ,N,active,2026-07-11,2026-10-08
EOD,Allspring Global Dividend Opportunity Fund Common Shares of Beneficial Interest,NYSE,N,active,2026-07-11,2026-10-08
EOG,"EOG Resources, Inc. Common Stock",NYSE,N,active,2026-07-11,2026-10-08
EOI,Eaton Vance Enhance Equity Income Fund Eaton Vance Enhanced Equity Income Fund Shares of Beneficial Interest,NYSE,N,active,2026-07-11,2026-10-08
EOLS,"Evolus, Inc. - Common Stock",NASDAQ,N,active,2026-07-11,2026-10-08
EONR,EON Resources Inc. Class A Common Stock,NYSE American,N,active,2026-07-11,2026-10-08
EOS,Eaton Vance Enhance Equity Income Fund II Common Stock,NYSE,N,active,2026-07-11,2026-10-08
EOSE,"Eos Energy Enterprises, Inc. - Common Stock",NASDAQ,N,active,2026-07-11,2026-10-08
EOT,Eaton Vance Municipal Income Trust EATON VANCE NATIONAL MUNICIPAL OPPORTUNITIES TRUST,NYSE,N,active,2026-07-11,2026-10-08
EP,Empire Petroleum Corporation Common Stock,NYSE American,N,active,2026-07-11,2026-10-08
EPAC,Enerpac Tool Group Corp. Common Stock,NYSE,N,active,2026-07-11,2026-10-08
EPAM,"EPAM Systems, Inc. Common Stock",NYSE,N,active,2026-07-11,2026-10-08
EPC,Edgewell Personal Care Company Common Stock,NYSE,N,active,2026-07-11,2026-10-08
EPD,Enterprise Products Partners L.P. Common Stock,NYSE,N,active,2026-07-11,2026-10-08
EPM,"Evolution Petroleum Corporation, Inc. Common Stock",NYSE American,N,active,2026-07-11,2026-10-08
EPOW,E-Power Inc. - Class A Ordinary Shares,NASDAQ,N,active,2026-07-11,2026-10-08
EPR,EPR Properties Common Stock,NYSE,N,active,2026-07-11,2026-10-08
EPR$E,EPR Properties Series E Cumulative Conv Pfd Shs Ser E,NYSE,N,active,2026-07-11,2026-10-08
EPRT,"Essential Properties Realty Trust, Inc. Common Stock",NYSE,N,active,2026-07-11,2026-10-08
EPRX,Eupraxia Pharmaceuticals Inc. - Common Stock,NASDAQ,N,active,2026-07-11,2026-10-08
EPSM,Epsium Enterprise Limited - Class A Ordinary Shares,NASDAQ,N,active,2026-07-11,2026-10-08
EPSN,Epsilon Energy Ltd. - Common Shares,NASDAQ,N,active,2026-07-11,2026-10-08
EQ,"Equillium, Inc. - Common Stock",NASDAQ,N,active,2026-07-11,2026-10-08
EQBK,"Equity Bancshares, Inc. Class A Common Stock",NYSE,N,active,2026-07-11,2026-10-08
EQH,"Equitable Holdings, Inc. Common Stock",NYSE,N,active,2026-07-11,2026-10-08
EQH$A,"Equitable Holdings, Inc. Depositary Shares",NYSE,N,active,2026-07-11,2026-10-08
EQIX,"Equinix, Inc. - Common Stock",NASDAQ,N,active,2026-07-11,2026-10-08
EQNR,Equinor ASA,NYSE,N,active,2026-07-11,2026-10-08
EQPT,EquipmentShare.com Inc - Class A Common Stock,NASDAQ,N,active,2026-07-11,2026-10-08
EQR,Equity Residential Common Shares of Beneficial Interest,NYSE,N,removed,2026-07-11,2026-08-17
EQRR,ProShares Equities for Rising Rates ETF,NASDAQ,N,active,2026-07-11,2026-10-08
EQS,"Equus Total Return, Inc. Common Stock",NYSE,N,active,2026-07-11,2026-10-08
EQT,EQT Corporation Common Stock,NYSE,N,active,2026-07-11,2026-10-08
EQX,Equinox Gold Corp. Common Shares,NYSE American,N,active,2026-07-11,2026-10-08
ERAS,"Erasca, Inc. - Common Stock",NASDAQ,N,active,2026-07-11,2026-10-08
ERC,Allspring Multi-Sector Income Fund Common Stock,NYSE American,N,active,2026-07-11,2026-10-08
ERET,iShares Environmentally Aware Real Estate ETF,NASDAQ,N,active,2026-07-11,2026-10-08
ERH,Allspring Utilities and High Income Fund Common Shares,NYSE American,N,active,2026-07-11,2026-10-08
ERIC,Ericsson - American Depositary Shares each representing 1 underlying Class B share,NASDAQ,N,active,2026-07-11,2026-10-08
ERIE,Erie Indemnity Company - Class A Common Stock,NASDAQ,N,active,2026-07-11,2026-10-08
ERII,"Energy Recovery, Inc. - Common Stock",NASDAQ,N,active,2026-07-11,2026-10-08
ERNA,Ernexa Therapeutics Inc. - Common Stock,NASDAQ,N,active,2026-07-11,2026-10-08
ERO,Ero Copper Corp. Common Shares,NYSE,N,active,2026-07-11,2026-10-08
EROC,"ERock, Inc. Class A Common Stock",NYSE,N,active,2026-07-11,2026-10-08
EROK,"EagleRock Land, LLC Class A shares representing limited liability company interests",NYSE,N,active,2026-07-11,2026-10-08
ES,Eversource Energy (D/B/A) Common Stock,NYSE,N,active,2026-07-11,2026-10-08
ESAB,ESAB Corporation Common Stock,NYSE,N,active,2026-07-11,2026-10-08
ESCA,"Escalade, Incorporated - Common Stock",NASDAQ,N,active,2026-07-11,2026-10-08
ESE,ESCO Technologies Inc. Common Stock,NYSE,N,active,2026-07-11,2026-10-08
ESEA,Euroseas Ltd. - Common Stock,NASDAQ,N,active,2026-07-11,2026-10-08
ESGD,iShares ESG Aware MSCI EAFE ETF,NASDAQ,N,active,2026-07-11,2026-10-08
ESGE,iShares ESG Aware MSCI EM ETF,NASDAQ,N,active,2026-07-11,2026-10-08
ESGU,iShares ESG Aware MSCI USA ETF,NASDAQ,N,active,2026-07-11,2026-10-08
ESI,Element Solutions Inc. Common Stock,NYSE,N,active,2026-07-11,2026-10-08
ESLA,"Estrella Immunopharma, Inc. - Common Stock",NASDAQ,D,active,2026-07-11,2026-10-08
ESLT,Elbit Systems Ltd. - Ordinary Shares,NASDAQ,N,active,2026-07-11,2026-10-08
ESMV,iShares ESG Optimized MSCI USA Min Vol Factor ETF,NASDAQ,N,active,2026-07-11,2026-10-08
ESN,Essential 40 Stock ETF,NASDAQ,N,active,2026-07-11,2026-10-08
ESNT,Essent Group Ltd. Common Shares,NYSE,N,active,2026-07-11,2026-10-08
ESOA,Energy Services of America Corporation - Common Stock,NASDAQ,N,active,2026-07-11,2026-10-08
ESP,Espey Mfg. & Electronics Corp. Common Stock,NYSE American,N,active,2026-07-11,2026-10-08
ESPO,VanEck Video Gaming and eSports ETF,NASDAQ,N,active,2026-07-11,2026-10-08
ESPR,"Esperion Therapeutics, Inc. - Common Stock",NASDAQ,N,removed,2026-07-11,2026-07-13
ESQ,"Esquire Financial Holdings, Inc. - Common Stock",NASDAQ,N,active,2026-07-11,2026-10-08
ESRT,"Empire State Realty Trust, Inc. Class A Common Stock",NYSE,N,active,2026-07-11,2026-10-08
ESS,"Essex Property Trust, Inc. Common Stock",NYSE,N,active,2026-07-11,2026-10-08
ESTA,Establishment Labs Holdings Inc. - Common Shares,NASDAQ,N,active,2026-07-11,2026-10-08
ESTC,Elastic N.V. Ordinary Shares,NYSE,N,active,2026-07-11,2026-10-08
ETB,Eaton Vance Tax-Managed Buy-Write Income Fund Eaton Vance Tax-Managed Buy-Write Income Fund Common Shares of Beneficial Interest,NYSE,N,active,2026-07-11,2026-10-08
ETD,Ethan Allen Interiors Inc. Common Stock,NYSE,N,active,2026-07-11,2026-10-08
ETEC,iShares Breakthrough Environmental Solutions ETF,NASDAQ,N,active,2026-07-11,2026-10-08
ETG,Eaton Vance Tax-Advantaged Global Dividend Income Fund Common Shares of Beneficial Interest,NYSE,N,active,2026-07-11,2026-10-08
ETHA,iShares Ethereum Trust ETF,NASDAQ,N,active,2026-07-11,2026-10-08
ETHB,iShares Staked Ethereum Trust ETF,NASDAQ,N,active,2026-07-11,2026-10-08
ETJ,Eaton Vance Risk-Managed Diversified Equity Income Fund Common Shares of Beneficial Interest,NYSE,N,active,2026-07-11,2026-10-08
ETN,"Eaton Corporation, PLC Ordinary Shares",NYSE,N,active,2026-07-11,2026-10-08
ETO,Eaton Vance Tax-Advantage Global Dividend Opp Common Stock,NYSE,N,active,2026-07-11,2026-10-08
ETON,"Eton Pharmaceuticals, Inc. - Common Stock",NASDAQ,N,active,2026-07-11,2026-10-08
ETOR,eToro Group Ltd. - Class A Common Shares,NASDAQ,N,active,2026-07-11,2026-10-08
ETR,Entergy Corporation Common Stock,NYSE,N,active,2026-07-11,2026-10-08
ETS,Elite Express Holding Inc. - Class A Common Stock,NASDAQ,N,active,2026-07-11,2026-10-08
ETSS,Energy Transition Special Opportunities Class A Ordinary Shares,NYSE,N,active,2026-07-11,2026-10-08
ETSY,"Etsy, Inc. Common Stock",NYSE,N,active,2026-07-11,2026-10-08
ETV,Eaton Vance Corporation Eaton Vance Tax-Managed Buy-Write Opportunities Fund Common Shares of Beneficial Interest,NYSE,N,active,2026-07-11,2026-10-08
ETW,Eaton Vance Corporation Eaton Vance Tax-Managed Global Buy-Write Opportunites Fund Common Shares of Beneficial Interest,NYSE,N,active,2026-07-11,2026-10-08
ETX,Eaton Vance Municipal Income 2028 Term Trust Common Shares of Beneficial Interest,NYSE,N,active,2026-07-11,2026-10-08
ETY,"Eaton Vance Tax-Managed Diversified Equity Income Fund Common Shares of Beneficial Interest,",NYSE,N,active,2026-07-11,2026-10-08
EU,enCore Energy Corp. - Common Stock,NASDAQ,N,active,2026-07-11,2026-10-08
EUDA,Euda Health Holdings Limited - Ordinary Shares,NASDAQ,N,active,2026-07-11,2026-10-08
EUFN,iShares MSCI Europe Financials ETF,NASDAQ,N,active,2026-07-11,2026-10-08
EURK,Eureka Acquisition Corp - Class A Ordinary Share,NASDAQ,D,active,2026-07-11,2026-10-08
EVAC,EQV Ventures Acquisition Corp. II Class A Ordinary Shares,NYSE,N,active,2026-07-11,2026-10-08
EVAX,Evaxion A/S - American Depositary Share,NASDAQ,N,active,2026-07-11,2026-10-08
EVC,Entravision Communications Corporation Common Stock,NYSE,N,active,2026-07-11,2026-10-08
EVCM,EverCommerce Inc. - Common Stock,NASDAQ,N,active,2026-07-11,2026-10-08
EVER,"EverQuote, Inc. - Class A Common Stock",NASDAQ,N,active,2026-07-11,2026-10-08
EVEX,"Eve Holding, Inc. Common Stock",NYSE,N,active,2026-07-11,2026-10-08
EVF,Eaton Vance Senior Income Trust Common Stock,NYSE,N,active,2026-07-11,2026-10-08
EVG,Eaton Vance Short Diversified Income Fund Eaton Vance Short Duration Diversified Income Fund Common Shares of Beneficial Interest,NYSE,N,active,2026-07-11,2026-10-08
EVGN,Evogene Ltd. - Ordinary Shares,NASDAQ,D,active,2026-07-11,2026-10-08
EVGO,EVgo Inc. - Common Stock,NASDAQ,N,active,2026-07-11,2026-10-08
EVH,"Evolent Health, Inc Class A Common Stock",NYSE,N,active,2026-07-11,2026-10-08
EVI,"EVI Industries, Inc.  Common Stock",NYSE American,N,active,2026-07-11,2026-10-08
EVLV,"Evolv Technologies Holdings, Inc. - Class A Common Stock",NASDAQ,N,active,2026-07-11,2026-10-08
EVMN,"Evommune, Inc. Common Stock",NYSE,N,active,2026-07-11,2026-10-08
EVMT,Invesco Electric Vehicle Metals Commodity Strategy No K-1 ETF,NASDAQ,N,active,2026-07-11,2026-10-08
EVN,Eaton Vance Municipal Income Trust Common Stock,NYSE,N,active,2026-07-11,2026-10-08
EVO,Evotec SE - American Depositary Shares each representing 1/2 of one ordinary share,NASDAQ,N,active,2026-07-11,2026-10-08
EVOX,Evolution Global Acquisition Corp - Class A Ordinary Shares,NASDAQ,N,active,2026-07-11,2026-10-08
EVPF,Eaton Vance Preferred Securities and Income ETF,NASDAQ,N,active,2026-07-11,2026-10-08
EVR,Evercore Inc. Class A Common Stock,NYSE,N,active,2026-07-11,2026-10-08
EVRG,"Evergy, Inc. - Common Stock",NASDAQ,N,active,2026-07-11,2026-10-08
EVSD,Eaton Vance Short Duration Income ETF,NASDAQ,N,active,2026-07-11,2026-10-08
EVT,Eaton Vance Tax Advantaged Dividend Income Fund Common Shares of Beneficial Interest,NYSE,N,active,2026-07-11,2026-10-08
EVTC,"Evertec, Inc. Common Stock",NYSE,N,active,2026-07-11,2026-10-08
EVTL,Vertical Aerospace Ltd. Ordinary Shares,NYSE,N,active,2026-07-11,2026-10-08
EVTR,Eaton Vance Total Return Bond ETF,NYSE,N,active,2026-07-11,2026-10-08
EVTV,"Azio AI Holdings, Inc. - Common stock",NASDAQ,D,removed,2026-07-11,2026-07-12
EVV,Eaton Vance Limited Duration Income Fund Common Shares of Beneficial Interest,NYSE American,N,active,2026-07-11,2026-10-08
EVYM,Eaton Vance High Income Municipal ETF,NASDAQ,N,active,2026-07-11,2026-10-08
EW,Edwards Lifesciences Corporation Common Stock,NYSE,N,active,2026-07-11,2026-10-08
EWBC,"East West Bancorp, Inc. - Common Stock",NASDAQ,N,active,2026-07-11,2026-10-08
EWJV,iShares MSCI Japan Value ETF,NASDAQ,N,active,2026-07-11,2026-10-08
EWTX,"Edgewise Therapeutics, Inc. - Common Stock",NASDAQ,N,active,2026-07-11,2026-10-08
EWZS,iShares MSCI Brazil Small-Cap ETF,NASDAQ,N,active,2026-07-11,2026-10-08
EXC,Exelon Corporation - Common Stock,NASDAQ,N,active,2026-07-11,2026-10-08
EXE,Expand Energy Corporation - Common Stock,NASDAQ,N,active,2026-07-11,2026-10-08
EXEL,"Exelixis, Inc. - Common Stock",NASDAQ,N,active,2026-07-11,2026-10-08
EXFY,"Expensify, Inc. - Class A Common Stock",NASDAQ,N,active,2026-07-11,2026-10-08
EXG,Eaton Vance Tax-Managed Global Diversified Equity Income Fund Common Shares of Beneficial Interest,NYSE,N,active,2026-07-11,2026-10-08
EXK,Endeavour Silver Corporation Ordinary Shares (Canada),NYSE,N,active,2026-07-11,2026-10-08
EXLS,"ExlService Holdings, Inc. - Common Stock",NASDAQ,N,active,2026-07-11,2026-10-08
EXOD,"Exodus Movement, Inc. Class A Common Stock",NYSE American,N,active,2026-07-11,2026-10-08
EXOZ,eXoZymes Inc. - Common Stock,NASDAQ,N,active,2026-07-11,2026-10-08
EXP,Eagle Materials Inc Common Stock,NYSE,N,active,2026-07-11,2026-10-08
EXPD,"Expeditors International of Washington, Inc. Common Stock",NYSE,N,active,2026-07-11,2026-10-08
EXPE,"Expedia Group, Inc. - Common Stock",NASDAQ,N,active,2026-07-11,2026-10-08
EXPO,"Exponent, Inc. - Common Stock",NASDAQ,N,active,2026-07-11,2026-10-08
EXR,Extra Space Storage Inc Common Stock,NYSE,N,active,2026-07-11,2026-10-08
EXTR,"Extreme Networks, Inc. - Common Stock",NASDAQ,N,active,2026-07-11,2026-10-08
EXUS,Nomura Focused International Core ETF,NASDAQ,N,active,2026-07-11,2026-10-08
EXYN,"Exyn Technologies, Inc. - Common Stock",NASDAQ,N,active,2026-07-11,2026-10-08
EYE,"National Vision Holdings, Inc. - Common Stock",NASDAQ,N,active,2026-07-11,2026-10-08
EYEG,AB Corporate Bond ETF,NASDAQ,N,active,2026-07-11,2026-10-08
EYPT,"EyePoint, Inc. - Common Stock",NASDAQ,N,active,2026-07-11,2026-10-08
EZGO,EZGO Technologies Ltd. - Ordinary Shares,NASDAQ,N,active,2026-07-11,2026-10-08
EZMO,AlphaDroid Broad Markets Momentum ETF,NASDAQ,N,active,2026-07-11,2026-10-08
EZPW,"EZCORP, Inc. - Class A Non-Voting Common Stock",NASDAQ,N,active,2026-07-11,2026-10-08
EZRA,"Reliance Global Group, Inc. - Common Stock",NASDAQ,N,active,2026-07-11,2026-10-08
EZRO,AlphaDroid Defensive Sector Rotation ETF,NASDAQ,N,active,2026-07-11,2026-10-08
F,Ford Motor Company Common Stock,NYSE,N,active,2026-07-11,2026-10-08
FA,First Advantage Corporation - Common Stock,NASDAQ,N,active,2026-07-11,2026-10-08
FAAA,Fidelity AAA CLO ETF,NASDAQ,N,active,2026-07-11,2026-10-08
FAAR,First Trust Alternative Absolute Return Strategy ETF,NASDAQ,N,active,2026-07-11,2026-10-08
FAB,First Trust Multi Cap Value AlphaDEX Fund,NASDAQ,N,active,2026-07-11,2026-10-08
FABC,"Fabric.AI, Inc. - Common Stock",NASDAQ,N,active,2026-07-11,2026-10-08
FAC,Factorial Energy Inc. - Class A Common Stock,NASDAQ,N,active,2026-07-11,2026-10-08
FACT,FACT II Acquisition Corp. - Class A Ordinary Shares,NASDAQ,N,active,2026-07-11,2026-10-08
FAD,First Trust Multi Cap Growth AlphaDEX Fund,NASDAQ,N,active,2026-07-11,2026-10-08
FAF,First American Corporation (New) Common Stock,NYSE,N,active,2026-07-11,2026-10-08
FALN,iShares Fallen Angels USD Bond ETF,NASDAQ,N,active,2026-07-11,2026-10-08
FAMI,"Farmmi, Inc. - Class A Ordinary Shares",NASDAQ,D,active,2026-07-11,2026-10-08
FANG,"Diamondback Energy, Inc. - Common Stock",NASDAQ,N,active,2026-07-11,2026-10-08
FAST,Fastenal Company - Common Stock,NASDAQ,N,active,2026-07-11,2026-10-08
FATE,"Fate Therapeutics, Inc. - Common Stock",NASDAQ,N,active,2026-07-11,2026-10-08
FATN,"FatPipe, Inc. - common stock",NASDAQ,N,active,2026-07-11,2026-10-08
FAX,"abrdn Asia-Pacific Income Fund, Inc. Common Stock",NYSE American,N,active,2026-07-11,2026-10-08
FBGL,FBS Global Limited - Ordinary Shares,NASDAQ,D,active,2026-07-11,2026-10-08
FBIN,"Fortune Brands Innovations, Inc. Common Stock",NYSE,N,active,2026-07-11,2026-10-08
FBIO,"Fortress Biotech, Inc. - Common Stock",NASDAQ,N,active,2026-07-11,2026-10-08
FBIZ,"First Business Financial Services, Inc. - Common Stock",NASDAQ,N,active,2026-07-11,2026-10-08
FBK,FB Financial Corporation Common Stock,NYSE,N,active,2026-07-11,2026-10-08
FBL,GraniteShares 2x Long META Daily ETF,NASDAQ,N,active,2026-07-11,2026-10-08
FBLA,"FB Bancorp, Inc. - Common Stock",NASDAQ,N,active,2026-07-11,2026-10-08
FBLG,"FibroBiologics, Inc. - Common Stock",NASDAQ,N,active,2026-07-11,2026-10-08
FBNC,First Bancorp - Common Stock,NASDAQ,N,active,2026-07-11,2026-10-08
FBOT,Fidelity Disruptive Automation ETF,NASDAQ,N,active,2026-07-11,2026-10-08
FBP,First BanCorp. New Common Stock,NYSE,N,active,2026-07-11,2026-10-08
FBRT,"Franklin BSP Realty Trust, Inc. Common Stock",NYSE,N,active,2026-07-11,2026-10-08
FBRX,"Forte Biosciences, Inc.  - Common Stock",NASDAQ,N,removed,2026-07-11,2026-08-28
FBYD,"Falcon's Beyond Global, Inc. - Class A Common Stock",NASDAQ,N,active,2026-07-11,2026-10-08
FBYY,GraniteShares YieldBOOST META ETF,NASDAQ,N,active,2026-07-11,2026-10-08
FC,Franklin Covey Company Common Stock,NYSE,N,active,2026-07-11,2026-10-08
FCA,First Trust China AlphaDEX Fund,NASDAQ,N,active,2026-07-11,2026-10-08
FCAL,First Trust California Municipal High income ETF,NASDAQ,N,active,2026-07-11,2026-10-08
FCAP,"First Capital, Inc. - Common Stock",NASDAQ,N,active,2026-07-11,2026-10-08
FCBC,"First Community Bankshares, Inc. - Common Stock",NASDAQ,N,active,2026-07-11,2026-10-08
FCBM,"First Carolina Financial Services, Inc. Common Stock",NYSE,N,active,2026-07-11,2026-10-08
FCCO,First Community Corporation - Common Stock,NASDAQ,N,active,2026-07-11,2026-10-08
FCEF,First Trust Income Opportunities ETF,NASDAQ,N,active,2026-07-11,2026-10-08
FCEL,"FuelCell Energy, Inc. - Common Stock",NASDAQ,N,active,2026-07-11,2026-10-08
FCF,First Commonwealth Financial Corporation Common Stock,NYSE,N,active,2026-07-11,2026-10-08
FCFS,"FirstCash Holdings, Inc. - Common Stock",NASDAQ,N,active,2026-07-11,2026-10-08
FCHL,Fitness Champs Holdings Limited - Ordinary Shares,NASDAQ,D,active,2026-07-11,2026-10-08
FCLO,Fidelity CLO ETF,NASDAQ,N,active,2026-07-11,2026-10-08
FCN,"FTI Consulting, Inc. Common Stock",NYSE,N,active,2026-07-11,2026-10-08
FCNCA,"First Citizens BancShares, Inc. - Class A Common Stock",NASDAQ,N,active,2026-07-11,2026-10-08
FCPT,"Four Corners Property Trust, Inc. Common Stock",NYSE,N,active,2026-07-11,2026-10-08
FCRS,FutureCrest Acquisition Corp. Class A Ordinary Shares,NYSE,N,active,2026-07-11,2026-10-08
FCT,First Trust Senior Floating Rate Income Fund II Common Shares of Beneficial Interest,NYSE,N,removed,2026-07-11,2026-08-07
FCTE,SMI 3Fourteen Full-Cycle Trend ETF,NASDAQ,N,active,2026-07-11,2026-10-08
FCUV,Focus Universal Inc. - Common Stock,NASDAQ,N,active,2026-07-11,2026-10-08
FCVT,First Trust SSI Strategic Convertible Securities ETF,NASDAQ,N,active,2026-07-11,2026-10-08
FCX,"Freeport-McMoRan, Inc. Common Stock",NYSE,N,active,2026-07-11,2026-10-08
FCXG,Leverage Shares 2x Long FCX Daily ETF,NASDAQ,N,active,2026-07-11,2026-10-08
FDBC,"Fidelity D & D Bancorp, Inc. - Common Stock",NASDAQ,N,active,2026-07-11,2026-10-08
FDCF,Fidelity Disruptive Communications ETF,NASDAQ,N,active,2026-07-11,2026-10-08
FDFF,Fidelity Disruptive Finance ETF,NASDAQ,N,active,2026-07-11,2026-10-08
FDIF,Fidelity Disruptors ETF,NASDAQ,N,active,2026-07-11,2026-10-08
FDIG,Fidelity Crypto Industry and Digital Payments ETF,NASDAQ,N,active,2026-07-11,2026-10-08
FDIQ,Invesco Bloomberg Financial Data Providers ETF,NASDAQ,N,active,2026-07-11,2026-10-08
FDIV,MarketDesk Focused U.S. Dividend ETF,NASDAQ,N,active,2026-07-11,2026-10-08
FDMT,"4D Molecular Therapeutics, Inc. - Common Stock",NASDAQ,N,active,2026-07-11,2026-10-08
FDNI,First Trust Dow Jones International Internet ETF,NASDAQ,N,active,2026-07-11,2026-10-08
FDRS,Founder-Led ETF,NASDAQ,N,active,2026-07-11,2026-10-08
FDRX,Founder-Led 2X Daily ETF,NASDAQ,N,active,2026-07-11,2026-10-08
FDS,FactSet Research Systems Inc. Common Stock,NYSE,N,active,2026-07-11,2026-10-08
FDSB,"Fifth District Bancorp, Inc. - Common Stock",NASDAQ,N,active,2026-07-11,2026-10-08
FDT,First Trust Developed Markets Ex-US AlphaDEX Fund,NASDAQ,N,active,2026-07-11,2026-10-08
FDTS,First Trust Developed Markets ex-US Small Cap AlphaDEX Fund,NASDAQ,N,active,2026-07-11,2026-10-08
FDTX,Fidelity Disruptive Technology ETF,NASDAQ,N,active,2026-07-11,2026-10-08
FDUS,Fidus Investment Corporation - Closed End Fund,NASDAQ,N,active,2026-07-11,2026-10-08
FDX,FedEx Corporation Common Stock,NYSE,N,active,2026-07-11,2026-10-08
FDXF,"FedEx Freight Holding Company, Inc. Common Stock",NYSE,N,active,2026-07-11,2026-10-08
FE,FirstEnergy Corp. Common Stock,NYSE,N,active,2026-07-11,2026-10-08
FEAM,"5E Advanced Materials, Inc. - Common Stock",NASDAQ,N,active,2026-07-11,2026-10-08
FEBO,Fenbo Holdings Limited - Class A Ordinary Shares,NASDAQ,D,active,2026-07-11,2026-10-08
FEDU,"Four Seasons Education (Cayman) Inc. American Depositary Shares, each ADS representing 10 ordinary shares",NYSE,N,active,2026-07-11,2026-10-08
FEED,"ENvue Medical, Inc. - Common Stock",NASDAQ,D,removed,2026-07-11,2026-09-15
FEGE,First Eagle Global Equity ETF,NYSE,N,active,2026-07-11,2026-10-08
FEIM,"Frequency Electronics, Inc. - Common Stock",NASDAQ,N,active,2026-07-11,2026-10-08
FELE,"Franklin Electric Co., Inc. - Common Stock",NASDAQ,N,active,2026-07-11,2026-10-08
FEM,First Trust Emerging Markets AlphaDEX Fund,NASDAQ,N,active,2026-07-11,2026-10-08
FEMB,First Trust Emerging Markets Local Currency Bond ETF,NASDAQ,N,active,2026-07-11,2026-10-08
FEMS,First Trust Emerging Markets Small Cap AlphaDEX Fund,NASDAQ,N,active,2026-07-11,2026-10-08
FEMY,Femasys Inc. - Common Stock,NASDAQ,N,active,2026-07-11,2026-10-08
FENC,Fennec Pharmaceuticals Inc. - Common Stock,NASDAQ,N,active,2026-07-11,2026-10-08
FENG,"Phoenix New Media Limited American Depositary Shares, each representing 48 Class A ordinary shares.",NYSE,N,active,2026-07-11,2026-10-08
FEOE,First Eagle Overseas Equity ETF,NYSE,N,active,2026-07-11,2026-10-08
FEP,First Trust Europe AlphaDEX Fund,NASDAQ,N,active,2026-07-11,2026-10-08
FEPI,REX FANG & Innovation Equity Premium Income ETF,NASDAQ,N,active,2026-07-11,2026-10-08
FER,Ferrovial N.V. - Ordinary Shares,NASDAQ,N,active,2026-07-11,2026-10-08
FERA,Fifth Era Acquisition Corp I - Class A Ordinary Shares,NASDAQ,D,active,2026-07-11,2026-10-08
FERG,Ferguson Enterprises Inc. Common Stock,NYSE,N,active,2026-07-11,2026-10-08
FET,"Forum Energy Technologies, Inc. Common Stock",NYSE,N,active,2026-07-11,2026-10-08
FEUZ,First Trust Eurozone AlphaDEX ETF,NASDAQ,N,active,2026-07-11,2026-10-08
FEX,First Trust Large Cap Core AlphaDEX Fund,NASDAQ,N,active,2026-07-11,2026-10-08
FF,FutureFuel Corp.  Common shares,NYSE,N,active,2026-07-11,2026-10-08
FFA,First Trust Enhanced Equity Income Fund Common Shares of Beneficial Interest,NYSE,N,active,2026-07-11,2026-10-08
FFAI,Faraday Future Intelligent Electric Inc. - Class A Common Stock,NASDAQ,N,active,2026-07-11,2026-10-08
FFBC,First Financial Bancorp. - Common Stock,NASDAQ,N,active,2026-07-11,2026-10-08
FFIN,"First Financial Bankshares, Inc. - Common Stock",NASDAQ,N,active,2026-07-11,2026-10-08
FFIV,"F5, Inc. - Common Stock",NASDAQ,N,active,2026-07-11,2026-10-08
FFUT,Fidelity Managed Futures ETF,NASDAQ,N,active,2026-07-11,2026-10-08
FG,"F&G Annuities & Life, Inc. Common Stock",NYSE,N,active,2026-07-11,2026-10-08
FGBI,"First Guaranty Bancshares, Inc. - Common Stock",NASDAQ,N,active,2026-07-11,2026-10-08
FGI,FGI Industries Ltd. - Ordinary Shares,NASDAQ,N,active,2026-07-11,2026-10-08
FGII,FG Imperii Acquisition Corp. - Class A Ordinary Shares,NASDAQ,N,active,2026-07-11,2026-10-08
FGL,Founder Group Limited - Class A Ordinary Shares,NASDAQ,D,active,2026-07-11,2026-10-08
FGM,First Trust Germany AlphaDEX Fund,NASDAQ,N,active,2026-07-11,2026-10-08
FGMC,FG Merger II Corp. - Common stock,NASDAQ,N,removed,2026-07-11,2026-07-17
FGNX,FG Nexus Inc. - Common Stock,NASDAQ,N,removed,2026-07-11,2026-09-26
FGSI,FT Vest Growth Strength & Target Income ETF,NASDAQ,N,active,2026-07-11,2026-10-08
FHB,"First Hawaiian, Inc. - Common Stock",NASDAQ,N,active,2026-07-11,2026-10-08
FHI,"Federated Hermes, Inc. Common Stock",NYSE,N,active,2026-07-11,2026-10-08
FHN,First Horizon Corporation Common Stock,NYSE,N,active,2026-07-11,2026-10-08
FHTX,Foghorn Therapeutics Inc. - Common Stock,NASDAQ,N,active,2026-07-11,2026-10-08
FIBK,"First Interstate BancSystem, Inc. - Common Stock",NASDAQ,N,active,2026-07-11,2026-10-08
FICO,Fair Isaac Corporation Common Stock,NYSE,N,active,2026-07-11,2026-10-08
FICS,First Trust International Developed Capital Strength ETF,NASDAQ,N,active,2026-07-11,2026-10-08
FID,First Trust S&P International Dividend Aristocrats ETF,NASDAQ,N,active,2026-07-11,2026-10-08
FIEE,"FiEE, Inc - Common Stock",NASDAQ,N,active,2026-07-11,2026-10-08
FIG,"Figma, Inc. Class A Common Stock",NYSE,N,active,2026-07-11,2026-10-08
FIGG,Leverage Shares 2x Long FIG Daily ETF,NASDAQ,N,active,2026-07-11,2026-10-08
FIGR,"Figure Technology Solutions, Inc. - Class A Common Stock",NASDAQ,N,active,2026-07-11,2026-10-08
FIGS,"FIGS, Inc. Class A Common Stock",NYSE,N,active,2026-07-11,2026-10-08
FIGX,FIGX Capital Acquisition Corp. - Class A ordinary share,NASDAQ,N,active,2026-07-11,2026-10-08
FIMU,Fidelity Intermediate Municipal Income ETF,NASDAQ,N,active,2026-07-11,2026-10-08
FINS,Angel Oak Financial Strategies Income Term Trust Common Shares of Beneficial Interest,NYSE,N,active,2026-07-11,2026-10-08
FINV,FinVolution Group American Depositary Shares,NYSE,N,active,2026-07-11,2026-10-08
FINW,FinWise Bancorp - Common Stock,NASDAQ,N,active,2026-07-11,2026-10-08
FINX,Global X FinTech ETF,NASDAQ,N,active,2026-07-11,2026-10-08
FINY,GraniteShares YieldBOOST Financials ETF,NASDAQ,N,active,2026-07-11,2026-10-08
FIP,FTAI Infrastructure Inc. - Common Stock,NASDAQ,N,active,2026-07-11,2026-10-08
FIRY,Firy Inc. Class A Common Stock,NYSE,N,active,2026-07-11,2026-10-08
FIS,"Fidelity National Information Services, Inc. Common Stock",NYSE,N,active,2026-07-11,2026-10-08
FISI,"Financial Institutions, Inc. - Common Stock",NASDAQ,N,active,2026-07-11,2026-10-08
FISN,"Deep Fission, Inc. - Common Stock",NASDAQ,N,active,2026-07-11,2026-10-08
FISV,"Fiserv, Inc. - Common Stock",NASDAQ,N,active,2026-07-11,2026-10-08
FITB,Fifth Third Bancorp Common Stock,NYSE,N,active,2026-07-11,2026-10-08
FITB$I,Fifth Third Bancorp Depositary Share repstg 1/1000th Ownership Interest Perp Pfd Series I,NYSE,N,active,2026-07-11,2026-10-08
FIVE,"Five Below, Inc. - Common Stock",NASDAQ,N,active,2026-07-11,2026-10-08
FIVN,"Five9, Inc. - Common Stock",NASDAQ,N,active,2026-07-11,2026-10-08
FIX,"Comfort Systems USA, Inc. Common Stock",NYSE,N,active,2026-07-11,2026-10-08
FIXD,First Trust Smith Opportunistic Fixed Income ETF,NASDAQ,N,active,2026-07-11,2026-10-08
FIXT,TCW Core Plus Bond ETF,NYSE,N,active,2026-07-11,2026-10-08
FIYY,GraniteShares YieldBOOST 20Y Treasuries ETF,NASDAQ,N,active,2026-07-11,2026-10-08
FIZZ,National Beverage Corp. - Common Stock,NASDAQ,N,active,2026-07-11,2026-10-08
FJET,"Starfighters Space, Inc. Common Stock",NYSE American,N,active,2026-07-11,2026-10-08
FJP,First Trust Japan AlphaDEX Fund,NASDAQ,N,active,2026-07-11,2026-10-08
FKU,First Trust United Kingdom AlphaDEX Fund,NASDAQ,N,active,2026-07-11,2026-10-08
FKWL,Franklin Wireless Corp. - common stock,NASDAQ,N,active,2026-07-11,2026-10-08
FLC,Flaherty & Crumrine Total Return Fund Inc Common Stock,NYSE,N,active,2026-07-11,2026-10-08
FLD,"Fold Holdings, Inc. - Class A Common Stock",NASDAQ,D,active,2026-07-11,2026-10-08
FLDB,Fidelity Low Duration Bond ETF,NASDAQ,N,active,2026-07-11,2026-10-08
FLEX,Flex Ltd. - Ordinary Shares,NASDAQ,N,active,2026-07-11,2026-10-08
FLG,"Flagstar Bank, N.A. Common Stock",NYSE,N,active,2026-07-11,2026-10-08
FLGT,"Fulgent Genetics, Inc. - Common Stock",NASDAQ,N,active,2026-07-11,2026-10-08
FLL,"Full House Resorts, Inc. - Common Stock",NASDAQ,N,active,2026-07-11,2026-10-08
FLN,First Trust Latin America AlphaDEX Fund,NASDAQ,N,active,2026-07-11,2026-10-08
FLNA,"Filana Therapeutics, Inc. - Common Stock",NASDAQ,D,active,2026-07-11,2026-10-08
FLNC,"Fluence Energy, Inc. - Class A Common Stock",NASDAQ,N,active,2026-07-11,2026-10-08
FLNG,FLEX LNG Ltd. Ordinary Shares,NYSE,N,active,2026-07-11,2026-10-08
FLNT,"Fluent, Inc. - Common Stock",NASDAQ,N,active,2026-07-11,2026-10-08
FLO,"Flowers Foods, Inc. Common Stock",NYSE,N,active,2026-07-11,2026-10-08
FLOC,Flowco Holdings Inc. Class A Common Stock,NYSE,N,active,2026-07-11,2026-10-08
FLR,Fluor Corporation Common Stock,NYSE,N,active,2026-07-11,2026-10-08
FLS,Flowserve Corporation Common Stock,NYSE,N,active,2026-07-11,2026-10-08
FLUT,Flutter Entertainment plc Ordinary Shares,NYSE,N,active,2026-07-11,2026-10-08
FLUX,"Flux Power Holdings, Inc. - Common Stock",NASDAQ,D,active,2026-07-11,2026-10-08
FLWS,"1-800-FLOWERS.COM, Inc. - Class A Common Stock",NASDAQ,N,active,2026-07-11,2026-10-08
FLX,BingEx Limited - American Depositary Shares,NASDAQ,N,active,2026-07-11,2026-10-08
FLXR,TCW Flexible Income ETF,NYSE,N,active,2026-07-11,2026-10-08
FLXS,"Flexsteel Industries, Inc. - Common Stock",NASDAQ,N,active,2026-07-11,2026-10-08
FLY,Firefly Aerospace Inc. - Common Stock,NASDAQ,N,active,2026-07-11,2026-10-08
FLYE,"Fly-E Group, Inc. - Common Stock",NASDAQ,N,active,2026-07-11,2026-10-08
FLYW,Flywire Corporation - Voting Common Stock,NASDAQ,N,active,2026-07-11,2026-10-08
FLYX,"flyExclusive, Inc. Class A Common Stock",NYSE American,N,active,2026-07-11,2026-10-08
FLZH,"Flash Sports & Media Holdings, Inc. - Common Stock",NASDAQ,N,removed,2026-07-11,2026-08-25
FMAC,Future Money Acquisition Corporation - Ordinary Shares,NASDAQ,E,active,2026-07-11,2026-10-08
FMAO,"Farmers & Merchants Bancorp, Inc. - Common Stock",NASDAQ,N,active,2026-07-11,2026-10-08
FMB,First Trust Managed Municipal ETF,NASDAQ,N,active,2026-07-11,2026-10-08
FMBH,"First Mid Bancshares, Inc. - Common Stock",NASDAQ,N,active,2026-07-11,2026-10-08
FMC,FMC Corporation Common Stock,NYSE,N,active,2026-07-11,2026-10-08
FMED,Fidelity Disruptive Medicine ETF,NASDAQ,N,active,2026-07-11,2026-10-08
FMET,Fidelity Metaverse ETF,NASDAQ,N,active,2026-07-11,2026-10-08
FMFC,Kandal M Venture Limited - Class A ordinary Shares,NASDAQ,D,active,2026-07-11,2026-10-08
FMHI,First Trust Municipal High Income ETF,NASDAQ,N,active,2026-07-11,2026-10-08
FMN,Federated Hermes Premier Municipal Income Fund,NYSE,N,active,2026-07-11,2026-10-08
FMNB,Farmers National Banc Corp. - Common Stock,NASDAQ,N,active,2026-07-11,2026-10-08
FMS,Fresenius Medical Care AG American Depositary Shares (Each representing 1/2 of an Ordinary Share),NYSE,N,active,2026-07-11,2026-10-08
FMST,Foremost Clean Energy Ltd. - Common Shares,NASDAQ,N,active,2026-07-11,2026-10-08
FMTM,MarketDesk Focused U.S. Momentum ETF,NASDAQ,N,active,2026-07-11,2026-10-08
FMUB,Fidelity Municipal Bond Opportunities ETF,NASDAQ,N,active,2026-07-11,2026-10-08
FMUN,Fidelity Systematic Municipal Bond Index ETF,NASDAQ,N,active,2026-07-11,2026-10-08
FMX,Fomento Economico Mexicano S.A.B. de C.V. Common Stock,NYSE,N,active,2026-07-11,2026-10-08
FMY,First Trust Mortgage Income Fund Common Shares of Beneficial Interest,NYSE,N,active,2026-07-11,2026-10-08
FN,Fabrinet Ordinary Shares,NYSE,N,active,2026-07-11,2026-10-08
FNB,F.N.B. Corporation Common Stock,NYSE,N,active,2026-07-11,2026-10-08
FND,"Floor & Decor Holdings, Inc. Common Stock",NYSE,N,active,2026-07-11,2026-10-08
FNF,"Fidelity National Financial, Inc. Common Stock",NYSE,N,active,2026-07-11,2026-10-08
FNGR,"FingerMotion, Inc. - common stock",NASDAQ,D,active,2026-07-11,2026-10-08
FNK,First Trust Mid Cap Value AlphaDEX Fund,NASDAQ,N,active,2026-07-11,2026-10-08
FNKO,"Funko, Inc. - Class A Common Stock",NASDAQ,N,active,2026-07-11,2026-10-08
FNLC,"First Bancorp, Inc (ME) - Common Stock",NASDAQ,N,active,2026-07-11,2026-10-08
FNRN,First Northern Community Bancorp - Common stock,NASDAQ,N,active,2026-07-11,2026-10-08
FNUC,Frontier Nuclear and Minerals Inc. - Common Shares,NASDAQ,E,active,2026-07-11,2026-10-08
FNV,Franco-Nevada Corporation,NYSE,N,active,2026-07-11,2026-10-08
FNWB,First Northwest Bancorp - Common Stock,NASDAQ,N,active,2026-07-11,2026-10-08
FNWD,Finward Bancorp - common stock,NASDAQ,N,active,2026-07-11,2026-10-08
FNX,First Trust Mid Cap Core AlphaDEX Fund,NASDAQ,N,active,2026-07-11,2026-10-08
FNY,First Trust Mid Cap Growth AlphaDEX Fund,NASDAQ,N,active,2026-07-11,2026-10-08
FOA,Finance of America Companies Inc. Class A Common Stock,NYSE,N,active,2026-07-11,2026-10-08
FOCL,"EDAP TMS S.A. - American Depositary Shares, each representing One Ordinary Share",NASDAQ,N,active,2026-07-11,2026-10-08
FOF,"Cohen & Steers Closed-End Opportunity Fund, Inc. Common Stock",NYSE,N,active,2026-07-11,2026-10-08
FOFO,"Hang Feng Technology Innovation Co., Ltd. - Ordinary Shares",NASDAQ,N,active,2026-07-11,2026-10-08
FOR,Forestar Group Inc Common Stock ,NYSE,N,active,2026-07-11,2026-10-08
FORM,"FormFactor, Inc. - Common Stock",NASDAQ,N,active,2026-07-11,2026-10-08
FORR,"Forrester Research, Inc. - Common Stock",NASDAQ,N,active,2026-07-11,2026-10-08
FORTY,Formula Systems (1985) Ltd. - American Depositary Shares,NASDAQ,N,active,2026-07-11,2026-10-08
FOSL,"Fossil Group, Inc. - Common Stock",NASDAQ,N,active,2026-07-11,2026-10-08
FOUR,"Shift4 Payments, Inc. Class A Common Stock",NYSE,N,active,2026-07-11,2026-10-08
FOX,Fox Corporation - Class B Common Stock,NASDAQ,N,active,2026-07-11,2026-10-08
FOXA,Fox Corporation - Class A Common Stock,NASDAQ,N,active,2026-07-11,2026-10-08
FOXF,Fox Factory Holding Corp. - Common Stock,NASDAQ,N,active,2026-07-11,2026-10-08
FOXX,Foxx Development Holdings Inc. - Common Stock,NASDAQ,D,active,2026-07-11,2026-10-08
FPA,First Trust Asia Pacific Ex-Japan AlphaDEX Fund,NASDAQ,N,active,2026-07-11,2026-10-08
FPH,"Five Point Holdings, LLC Class A Common Shares",NYSE,N,active,2026-07-11,2026-10-08
FPI,Farmland Partners Inc. Common Stock,NYSE,N,active,2026-07-11,2026-10-08
FPS,"Forgent Power Solutions, Inc. Class A Common Stock",NYSE,N,active,2026-07-11,2026-10-08
FPXE,First Trust IPOX Europe Equity Opportunities ETF,NASDAQ,N,active,2026-07-11,2026-10-08
FPXI,First Trust International Equity Opportunities ETF,NASDAQ,N,active,2026-07-11,2026-10-08
FR,"First Industrial Realty Trust, Inc. Common Stock",NYSE,N,active,2026-07-11,2026-10-08
FRA,Blackrock Floating Rate Income Strategies Fund Inc  Common Stock,NYSE,N,active,2026-07-11,2026-10-08
FRAF,Franklin Financial Services Corporation - Common Stock,NASDAQ,N,active,2026-07-11,2026-10-08
FRBA,First Bank  - Common Stock,NASDAQ,N,active,2026-07-11,2026-10-08
FRBT,"Forbright, Inc. - Class A Common Stock",NASDAQ,N,active,2026-07-11,2026-10-08
FRD,Friedman Industries Inc. - Common Stock,NASDAQ,N,active,2026-07-11,2026-10-08
FREI,Fidelity Real Estate Income ETF,NASDAQ,N,active,2026-07-11,2026-10-08
FRGT,"Freight Technologies, Inc. - Ordinary Shares",NASDAQ,N,active,2026-07-11,2026-10-08
FRHC,Freedom Holding Corp. - Common Stock,NASDAQ,N,active,2026-07-11,2026-10-08
FRME,First Merchants Corporation - Common Stock,NASDAQ,N,active,2026-07-11,2026-10-08
FRMI,Fermi Inc. - Common Stock,NASDAQ,N,active,2026-07-11,2026-10-08
FRMM,"Forum Markets, Incorporated - Common Stock",NASDAQ,N,active,2026-07-11,2026-10-08
FRO,Frontline Plc Ordinary Shares,NYSE,N,active,2026-07-11,2026-10-08
FROG,JFrog Ltd. - Ordinary shares,NASDAQ,N,active,2026-07-11,2026-10-08
FRPH,"FRP Holdings, Inc. - Common Stock",NASDAQ,N,active,2026-07-11,2026-10-08
FRPT,"Freshpet, Inc. - Common Stock",NASDAQ,N,active,2026-07-11,2026-10-08
FRSH,Freshworks Inc. - Class A Common Stock,NASDAQ,N,active,2026-07-11,2026-10-08
FRST,Primis Financial Corp. - Common Stock,NASDAQ,N,active,2026-07-11,2026-10-08
FRSX,Foresight Autonomous Holdings Ltd. - American Depositary Shares,NASDAQ,N,active,2026-07-11,2026-10-08
FRT,Federal Realty Investment Trust Common Stock,NYSE,N,active,2026-07-11,2026-10-08
FRTT,Fort Technology Inc. - Common Shares,NASDAQ,N,active,2026-07-11,2026-10-08
FRVO,Fervo Energy Company - Class A common stock,NASDAQ,N,active,2026-07-11,2026-10-08
FRWD,Nomura Transformational Technologies ETF,NASDAQ,N,active,2026-07-11,2026-10-08
FSBC,Five Star Bancorp - Common Stock,NASDAQ,N,active,2026-07-11,2026-10-08
FSBW,"FS Bancorp, Inc. - Common Stock",NASDAQ,N,active,2026-07-11,2026-10-08
FSCO,FS Credit Opportunities Corp. Common Stock,NYSE,N,active,2026-07-11,2026-10-08
FSCS,First Trust SMID Capital Strength ETF,NASDAQ,N,active,2026-07-11,2026-10-08
FSEA,"First Seacoast Bancorp, Inc. - Common Stock",NASDAQ,N,removed,2026-07-11,2026-10-02
FSGS,First Trust SMID Growth Strength ETF,NASDAQ,N,active,2026-07-11,2026-10-08
FSHP,Flag Ship Acquisition Corp. - Ordinary Shares,NASDAQ,N,active,2026-07-11,2026-10-08
FSI,Flexible Solutions International Inc. Common Stock (CDA),NYSE American,N,active,2026-07-11,2026-10-08
FSK,FS KKR Capital Corp. Common Stock,NYSE,N,active,2026-07-11,2026-10-08
FSLR,"First Solar, Inc. - Common Stock",NASDAQ,N,active,2026-07-11,2026-10-08
FSLY,"Fastly, Inc. - Class A Common Stock",NASDAQ,N,active,2026-07-11,2026-10-08
FSM,Fortuna Mining Corp. Common Shares,NYSE,N,active,2026-07-11,2026-10-08
FSP,Franklin Street Properties Corp. Common Stock,NYSE American,N,active,2026-07-11,2026-10-08
FSS,Federal Signal Corporation Common Stock,NYSE,N,active,2026-07-11,2026-10-08
FSSL,FS Specialty Lending Fund Common Shares of Beneficial Interest,NYSE,N,active,2026-07-11,2026-10-08
FSTB,Fidelity Short-Term Bond ETF,NASDAQ,N,active,2026-07-11,2026-10-08
FSTR,L.B. Foster Company - Common Stock,NASDAQ,N,active,2026-07-11,2026-10-08
FSUN,FirstSun Capital Bancorp - Common Stock,NASDAQ,N,active,2026-07-11,2026-10-08
FSV,FirstService Corporation - Common Shares,NASDAQ,N,active,2026-07-11,2026-10-08
FSZ,First Trust Switzerland AlphaDEX Fund,NASDAQ,N,active,2026-07-11,2026-10-08
FT,Franklin Universal Trust Common Stock,NYSE,N,active,2026-07-11,2026-10-08
FTA,First Trust Large Cap Value AlphaDEX Fund,NASDAQ,N,active,2026-07-11,2026-10-08
FTAG,First Trust Indxx Global Agriculture ETF,NASDAQ,N,active,2026-07-11,2026-10-08
FTAI,FTAI Aviation Ltd. - Common Stock,NASDAQ,N,active,2026-07-11,2026-10-08
FTC,First Trust Large Cap Growth AlphaDEX Fund,NASDAQ,N,active,2026-07-11,2026-10-08
FTCI,"FTC Solar, Inc. - Common Stock",NASDAQ,N,active,2026-07-11,2026-10-08
FTCS,First Trust Capital Strength ETF,NASDAQ,N,active,2026-07-11,2026-10-08
FTDR,"Frontdoor, Inc. - Common Stock",NASDAQ,N,active,2026-07-11,2026-10-08
FTDS,First Trust Dividend Strength ETF,NASDAQ,N,active,2026-07-11,2026-10-08
FTEK,"Fuel Tech, Inc. - Common Stock",NASDAQ,N,active,2026-07-11,2026-10-08
FTF,Franklin Limited Duration Income Trust Common Shares of Beneficial Interest,NYSE American,N,active,2026-07-11,2026-10-08
FTFT,Future FinTech Group Inc. - Common Stock,NASDAQ,N,active,2026-07-11,2026-10-08
FTGC,First Trust Global Tactical Commodity Strategy Fund,NASDAQ,N,active,2026-07-11,2026-10-08
FTGS,First Trust Growth Strength ETF,NASDAQ,N,active,2026-07-11,2026-10-08
FTH,"Faeth Therapeutics, Inc.  - Common Stock",NASDAQ,N,active,2026-07-11,2026-10-08
FTHA,Forefront Tech Holdings Acquisition Corp - Class A Ordinary Shares,NASDAQ,N,active,2026-07-11,2026-10-08
FTHI,First Trust BuyWrite Income ETF,NASDAQ,N,active,2026-07-11,2026-10-08
FTHM,Fathom Holdings Inc. - Common Stock,NASDAQ,D,active,2026-07-11,2026-10-08
FTHY,First Trust High Yield Opportunities 2027 Term Fund Common Stock,NYSE,N,active,2026-07-11,2026-10-08
FTI,TechnipFMC plc Ordinary Share,NYSE,N,active,2026-07-11,2026-10-08
FTK,"Flotek Industries, Inc. Common Stock",NYSE,N,active,2026-07-11,2026-10-08
FTLF,"FitLife Brands, Inc. - Common Stock",NASDAQ,N,active,2026-07-11,2026-10-08
FTNT,"Fortinet, Inc. - Common Stock",NASDAQ,N,active,2026-07-11,2026-10-08
FTQI,First Trust Nasdaq BuyWrite Income ETF,NASDAQ,N,active,2026-07-11,2026-10-08
FTRE,Fortrea Holdings Inc. - Common Stock,NASDAQ,N,active,2026-07-11,2026-10-08
FTRI,First Trust Indxx Global Natural Resources Income ETF,NASDAQ,N,active,2026-07-11,2026-10-08
FTRK,FAST TRACK GROUP - Ordinary shares,NASDAQ,D,removed,2026-07-11,2026-08-17
FTS,Fortis Inc. Common Shares,NYSE,N,active,2026-07-11,2026-10-08
FTSL,First Trust Senior Loan Fund,NASDAQ,N,active,2026-07-11,2026-10-08
FTSM,First Trust Enhanced Short Maturity ETF,NASDAQ,N,active,2026-07-11,2026-10-08
FTV,Fortive Corporation Common Stock ,NYSE,N,active,2026-07-11,2026-10-08
FTW,Presidio Production Company Class A Common Stock,NYSE,N,active,2026-07-11,2026-10-08
FTWO,Strive Natural Resources and Security ETF,NYSE,N,active,2026-07-11,2026-10-08
FTXG,First Trust Nasdaq Food & Beverage ETF,NASDAQ,N,active,2026-07-11,2026-10-08
FTXH,First Trust Nasdaq Pharmaceuticals ETF,NASDAQ,N,active,2026-07-11,2026-10-08
FTXL,First Trust Nasdaq Semiconductor ETF,NASDAQ,N,active,2026-07-11,2026-10-08
FTXN,First Trust Nasdaq Oil & Gas ETF,NASDAQ,N,active,2026-07-11,2026-10-08
FTXO,First Trust Nasdaq Bank ETF,NASDAQ,N,active,2026-07-11,2026-10-08
FTXR,First Trust Nasdaq Transportation ETF,NASDAQ,N,active,2026-07-11,2026-10-08
FUBO,FuboTV Inc. Class A Common Stock,NYSE,N,active,2026-07-11,2026-10-08
FUFU,BitFuFu Inc. - Class A Ordinary Shares,NASDAQ,N,active,2026-07-11,2026-10-08
FUL,H. B. Fuller Company Common Stock,NYSE,N,active,2026-07-11,2026-10-08
FULC,"Fulcrum Therapeutics, Inc. - Common Stock",NASDAQ,N,active,2026-07-11,2026-10-08
FULT,Fulton Financial Corporation - Common Stock,NASDAQ,N,active,2026-07-11,2026-10-08
FUN,Six Flags Entertainment Corporation Common Stock New,NYSE,N,active,2026-07-11,2026-10-08
FUNC,First United Corporation - Common Stock,NASDAQ,N,active,2026-07-11,2026-10-08
FUND,"Sprott Focus Trust, Inc. - Closed End Fund",NASDAQ,N,active,2026-07-11,2026-10-08
FURY,Fury Gold Mines Limited Common Shares,NYSE American,N,active,2026-07-11,2026-10-08
FUSB,"First US Bancshares, Inc. - Common Stock",NASDAQ,N,active,2026-07-11,2026-10-08
FUSE,Fusemachines Inc. - Common stock,NASDAQ,D,active,2026-07-11,2026-10-08
FUTG,Leverage Shares 2x Long FUTU Daily ETF,NASDAQ,N,active,2026-07-11,2026-10-08
FUTU,Futu Holdings Limited - American Depositary Shares,NASDAQ,N,active,2026-07-11,2026-10-08
FV,First Trust Dorsey Wright Focus 5 ETF,NASDAQ,N,active,2026-07-11,2026-10-08
FVAV,Fortress Value Acquisition Corp. V - Class A Ordinary Shares,NASDAQ,N,active,2026-07-11,2026-10-08
FVC,First Trust Dorsey Wright Dynamic Focus 5 ETF,NASDAQ,N,active,2026-07-11,2026-10-08
FVCB,"FVCBankcorp, Inc. - Common Stock",NASDAQ,N,active,2026-07-11,2026-10-08
FVN,Future Vision II Acquisition Corporation - Ordinary Shares,NASDAQ,D,active,2026-07-11,2026-10-08
FVR,"FrontView REIT, Inc. Common Stock",NYSE,N,active,2026-07-11,2026-10-08
FVRR,"Fiverr International Ltd. Ordinary Shares, no par value",NYSE,N,active,2026-07-11,2026-10-08
FWDI,"Forward Industries, Inc. - Common Stock",NASDAQ,N,active,2026-07-11,2026-10-08
FWONA,Liberty Media Corporation - Series A Liberty Formula One Common Stock,NASDAQ,N,active,2026-07-11,2026-10-08
FWONK,Liberty Media Corporation - Series C Liberty Formula One Common Stock,NASDAQ,N,active,2026-07-11,2026-10-08
FWRD,Forward Air Corporation - Common Stock,NASDAQ,N,active,2026-07-11,2026-10-08
FWRG,"First Watch Restaurant Group, Inc. - Common Stock",NASDAQ,N,active,2026-07-11,2026-10-08
FXAC,FortuneX Acquisition Corporation - Ordinary shares,NASDAQ,N,active,2026-07-11,2026-10-08
FXED,Sound Enhanced Fixed Income ETF,NYSE,N,active,2026-07-11,2026-10-08
FXHO,UTime Limited - Class A Ordinary Shares,NASDAQ,N,active,2026-07-11,2026-10-08
FXNC,First National Corporation - Common Stock,NASDAQ,N,active,2026-07-11,2026-10-08
FYC,First Trust Small Cap Growth AlphaDEX Fund,NASDAQ,N,active,2026-07-11,2026-10-08
FYT,First Trust Small Cap Value AlphaDEX Fund,NASDAQ,N,active,2026-07-11,2026-10-08
FYX,First Trust Small Cap Core AlphaDEX Fund,NASDAQ,N,active,2026-07-11,2026-10-08
G,Genpact Limited Common Stock,NYSE,N,active,2026-07-11,2026-10-08
GAB,"Gabelli Equity Trust, Inc. (The) Common Stock",NYSE,N,active,2026-07-11,2026-10-08
GAB$H,"Gabelli Equity Trust, Inc. (The) Pfd Ser H",NYSE,N,active,2026-07-11,2026-10-08
GABC,"German American Bancorp, Inc. - Common Stock",NASDAQ,N,active,2026-07-11,2026-10-08
GAIA,"Gaia, Inc. - Class A Common Stock",NASDAQ,N,active,2026-07-11,2026-10-08
GAIN,Gladstone Investment Corporation - Business Development Company,NASDAQ,N,active,2026-07-11,2026-10-08
GALT,Galectin Therapeutics Inc. - Common Stock,NASDAQ,N,active,2026-07-11,2026-10-08
GAM,"General American Investors, Inc. Common Stock",NYSE,N,active,2026-07-11,2026-10-08
GAMB,Gambling.com Group Limited - Ordinary Shares,NASDAQ,N,removed,2026-07-11,2026-07-22
GAME,"GameSquare Holdings, Inc. - Common stock",NASDAQ,N,active,2026-07-11,2026-10-08
GANX,"Gain Therapeutics, Inc. - Common Stock",NASDAQ,N,active,2026-07-11,2026-10-08
GAP,"Gap, Inc. (The) Common Stock",NYSE,N,active,2026-07-11,2026-10-08
GARY,Mango Growth ETF,NASDAQ,N,active,2026-07-11,2026-10-08
GASS,"StealthGas, Inc. - common stock",NASDAQ,N,active,2026-07-11,2026-10-08
GATX,GATX Corporation Common Stock,NYSE,N,active,2026-07-11,2026-10-08
GAU,Galiano Gold Inc.,NYSE American,N,active,2026-07-11,2026-10-08
GAUZ,Gauzy Ltd. - Ordinary Shares,NASDAQ,H,active,2026-07-11,2026-10-08
GAVA,Grayscale Avalanche Staking ETF,NASDAQ,N,active,2026-07-11,2026-10-08
GBCI,"Glacier Bancorp, Inc. Common Stock",NYSE,N,active,2026-07-11,2026-10-08
GBDC,"Golub Capital BDC, Inc. - Closed End Fund",NASDAQ,N,active,2026-07-11,2026-10-08
GBFH,GBank Financial Holdings Inc. - Common Stock,NASDAQ,N,active,2026-07-11,2026-10-08
GBLI,"Global Indemnity Group, LLC - Class A Common Shares",NASDAQ,N,active,2026-07-11,2026-10-08
GBR,"New Concept Energy, Inc Common Stock",NYSE American,N,active,2026-07-11,2026-10-08
GBTG,"Global Business Travel Group, Inc. Class A Common Stock",NYSE,N,removed,2026-07-11,2026-09-29
GBUG,Sprott Active Gold & Silver Miners ETF,NASDAQ,N,active,2026-07-11,2026-10-08
GBX,"Greenbrier Companies, Inc. (The) Common Stock",NYSE,N,active,2026-07-11,2026-10-08
GCBC,"Greene County Bancorp, Inc. - Common Stock",NASDAQ,N,active,2026-07-11,2026-10-08
GCDT,Green Circle Decarbonize Technology Limited Ordinary Shares,NYSE American,N,active,2026-07-11,2026-10-08
GCGR,General Catalyst Global Resilience Merger Corp. - Class A Ordinary Shares,NASDAQ,N,active,2026-07-11,2026-10-08
GCL,GCL Global Holdings Ltd - Ordinary Shares,NASDAQ,D,active,2026-07-11,2026-10-08
GCMG,GCM Grosvenor Inc. - Class A Common Stock,NASDAQ,N,active,2026-07-11,2026-10-08
GCO,Genesco Inc. Common Stock,NYSE,N,active,2026-07-11,2026-10-08
GCT,GigaCloud Technology Inc - Class A Ordinary Shares,NASDAQ,N,active,2026-07-11,2026-10-08
GCTK,"GlucoTrack, Inc. - Common Stock",NASDAQ,D,active,2026-07-11,2026-10-08
GCTS,"GCT Semiconductor Holding, Inc. Common Stock",NYSE,N,active,2026-07-11,2026-10-08
GCV,"Gabelli Convertible and Income Securities Fund, Inc. (The) Common Stock",NYSE,N,active,2026-07-11,2026-10-08
GD,General Dynamics Corporation Common Stock,NYSE,N,active,2026-07-11,2026-10-08
GDC,GD Culture Group Limited - Common Stock,NASDAQ,N,active,2026-07-11,2026-10-08
GDDY,GoDaddy Inc. Class A Common Stock,NYSE,N,active,2026-07-11,2026-10-08
GDEV,GDEV Inc. - Ordinary Shares,NASDAQ,N,active,2026-07-11,2026-10-08
GDHG,Golden Heaven Group Holdings Ltd.  - Class A Ordinary Shares,NASDAQ,N,active,2026-07-11,2026-10-08
GDIV,Harbor Dividend Growth Leaders ETF,NYSE,N,active,2026-07-11,2026-10-08
GDL,"GDL Fund, The Common Shares of Beneficial Interest",NYSE,N,active,2026-07-11,2026-10-08
GDO,Western Asset Global Corporate Opportunity Fund Inc. Common Stock,NYSE,N,active,2026-07-11,2026-10-08
GDOT,"Green Dot Corporation Class A Common Stock, $0.001 par value",NYSE,N,active,2026-07-11,2026-10-08
GDRX,"GoodRx Holdings, Inc. - Class A Common Stock",NASDAQ,N,active,2026-07-11,2026-10-08
GDS,GDS Holdings Limited - American Depositary Shares,NASDAQ,N,active,2026-07-11,2026-10-08
GDTC,CytoMed Therapeutics Limited - Ordinary Shares,NASDAQ,N,active,2026-07-11,2026-10-08
GDV,Gabelli Dividend & Income Trust Common Shares of Beneficial Interest,NYSE,N,active,2026-07-11,2026-10-08
GDYN,"Grid Dynamics Holdings, Inc. - Class A Common Stock",NASDAQ,N,active,2026-07-11,2026-10-08
GE,GE Aerospace Common Stock,NYSE,N,active,2026-07-11,2026-10-08
GECC,Great Elm Capital Corp. - Closed End Fund,NASDAQ,N,active,2026-07-11,2026-10-08
GEF,Greif Inc. Class A Common Stock,NYSE,N,active,2026-07-11,2026-10-08
GEF-B,"Greif, Inc. Corporation Class B Common Stock",NYSE,N,active,2026-07-11,2026-10-08
GEG,"Great Elm Group, Inc.  - Common Stock",NASDAQ,N,active,2026-07-11,2026-10-08
GEHC,GE HealthCare Technologies Inc. - Common Stock,NASDAQ,N,active,2026-07-11,2026-10-08
GELS,Gelteq Limited - Ordinary Shares,NASDAQ,D,active,2026-07-11,2026-10-08
GEME,Pacific North of South EM Equity Active ETF,NASDAQ,N,active,2026-07-11,2026-10-08
GEMG,Leverage Shares 2X Long GEMI Daily ETF,NASDAQ,N,active,2026-07-11,2026-10-08
GEMI,"Gemini Space Station, Inc. - Class A Common Stock",NASDAQ,N,active,2026-07-11,2026-10-08
GEN,Gen Digital Inc. - Common Stock,NASDAQ,N,active,2026-07-11,2026-10-08
GENB,"Generate Biomedicines, Inc. - Common Stock",NASDAQ,N,active,2026-07-11,2026-10-08
GENC,"Gencor Industries, Inc. Common Stock",NYSE American,N,active,2026-07-11,2026-10-08
GENI,Genius Sports Limited Ordinary Shares,NYSE,N,active,2026-07-11,2026-10-08
GENK,"GEN Restaurant Group, Inc. - Class A Common Stock",NASDAQ,N,active,2026-07-11,2026-10-08
GENZ,VanEck Digital Native Economy ETF,NASDAQ,N,active,2026-07-11,2026-10-08
GEO,Geo Group Inc (The) REIT,NYSE,N,active,2026-07-11,2026-10-08
GEOS,Geospace Technologies Corporation - Common Stock,NASDAQ,N,active,2026-07-11,2026-10-08
GEQ,Cambria Global EW 2 ETF,NASDAQ,N,active,2026-07-11,2026-10-08
GERN,Geron Corporation - Common Stock,NASDAQ,N,active,2026-07-11,2026-10-08
GETY,"Getty Images Holdings, Inc. Class A Common Stock",NYSE,N,removed,2026-07-11,2026-09-30
GEV,GE Vernova Inc. Common Stock,NYSE,N,active,2026-07-11,2026-10-08
GEVG,Leverage Shares 2X Long GEV Daily ETF,NASDAQ,N,active,2026-07-11,2026-10-08
GEVO,"Gevo, Inc. - Common Stock",NASDAQ,N,active,2026-07-11,2026-10-08
GEW,Cambria Global EW ETF,NASDAQ,N,active,2026-07-11,2026-10-08
GF,"New Germany Fund, Inc. (The) Common Stock",NYSE,N,active,2026-07-11,2026-10-08
GFAI,"Guardforce AI Co., Limited - Ordinary Shares",NASDAQ,D,active,2026-07-11,2026-10-08
GFF,Griffon Corporation Common Stock,NYSE,N,active,2026-07-11,2026-10-08
GFGF,Guru Favorite Stocks ETF,NASDAQ,N,active,2026-07-11,2026-10-08
GFI,Gold Fields Limited American Depositary Shares,NYSE,N,active,2026-07-11,2026-10-08
GFL,"GFL Environmental Inc. Subordinate voting shares, no par value",NYSE,N,active,2026-07-11,2026-10-08
GFLW,VictoryShares Free Cash Flow Growth ETF,NASDAQ,N,active,2026-07-11,2026-10-08
GFR,Greenfire Resources Ltd. Common Shares,NYSE,N,active,2026-07-11,2026-10-08
GFS,GlobalFoundries Inc. - Ordinary Share,NASDAQ,N,active,2026-07-11,2026-10-08
GGAL,"Grupo Financiero Galicia S.A. - American Depositary Shares, Class B Shares underlying",NASDAQ,N,active,2026-07-11,2026-10-08
GGB,Gerdau S.A. Common Stock,NYSE,N,active,2026-07-11,2026-10-08
GGG,Graco Inc. Common Stock,NYSE,N,active,2026-07-11,2026-10-08
GGLL,Direxion Daily GOOGL Bull 2X ETF,NASDAQ,N,active,2026-07-11,2026-10-08
GGLS,Direxion Daily GOOGL Bear 1X ETF,NASDAQ,N,active,2026-07-11,2026-10-08
GGN,"GAMCO Global Gold, Natural Resources & Income Trust",NYSE American,N,active,2026-07-11,2026-10-08
GGN$B,"GAMCO Global Gold, Natural Reources & Income Trust 5.00% Series B Cumulative 25.00 Liquidation Preference",NYSE American,N,active,2026-07-11,2026-10-08
GGR,Gogoro Inc. - Ordinary Shares,NASDAQ,N,active,2026-07-11,2026-10-08
GGRP,"The Glimpse Group, Inc. - Common Stock",NASDAQ,D,removed,2026-07-11,2026-08-19
GGT,"Gabelli Multi-Media Trust, Inc. (The) Common Stock",NYSE,N,active,2026-07-11,2026-10-08
GGZ,Gabelli Global Small and Mid Cap Value Trust (The) Common Shares of Beneficial Interest,NYSE,N,active,2026-07-11,2026-10-08
GH,"Guardant Health, Inc. - Common Stock",NASDAQ,N,active,2026-07-11,2026-10-08
GHC,Graham Holdings Company Common Stock,NYSE,N,active,2026-07-11,2026-10-08
GHG,"GreenTree Hospitality Group Ltd. American depositary shares, each representing one Class A ordinary share",NYSE,N,active,2026-07-11,2026-10-08
GHM,Graham Corporation Common Stock,NYSE,N,active,2026-07-11,2026-10-08
GHRS,GH Research PLC - Ordinary Shares,NASDAQ,N,active,2026-07-11,2026-10-08
GHY,"PGIM Global High Yield Fund, Inc.",NYSE,N,active,2026-07-11,2026-10-08
GIB,CGI Inc. Common Stock,NYSE,N,active,2026-07-11,2026-10-08
GIBO,GIBO Holdings Limited - Class A Ordinary Shares,NASDAQ,N,active,2026-07-11,2026-10-08
GIC,Global Industrial Company Common Stock,NYSE,N,active,2026-07-11,2026-10-08
GIEQ,Goldman Sachs Data Enhanced International Equity ETF,NASDAQ,N,active,2026-07-11,2026-10-08
GIFT,"Giftify, Inc. - Common Stock",NASDAQ,D,active,2026-07-11,2026-10-08
GIGM,GigaMedia Limited - Ordinary Shares,NASDAQ,N,active,2026-07-11,2026-10-08
GIII,"G-III Apparel Group, LTD. - Common Stock",NASDAQ,N,active,2026-07-11,2026-10-08
GIL,"Gildan Activewear, Inc. Class A Sub. Vot. Common Stock",NYSE,N,active,2026-07-11,2026-10-08
GILD,"Gilead Sciences, Inc. - Common Stock",NASDAQ,N,active,2026-07-11,2026-10-08
GILT,Gilat Satellite Networks Ltd. - Ordinary Shares,NASDAQ,N,active,2026-07-11,2026-10-08
GIND,Goldman Sachs India Equity ETF,NASDAQ,N,active,2026-07-11,2026-10-08
GINX,SGI Enhanced Global Income ETF,NASDAQ,N,active,2026-07-11,2026-10-08
GIPR,Generation Income Properties Inc. - Common stock,NASDAQ,D,active,2026-07-11,2026-10-08
GIS,"General Mills, Inc. Common Stock",NYSE,N,active,2026-07-11,2026-10-08
GITS,"Global Interactive Technologies, Inc. Common Stock - Common Stock",NASDAQ,N,active,2026-07-11,2026-10-08
GIW,GigCapital8 Corp. - Class A Ordinary Shares,NASDAQ,N,active,2026-07-11,2026-10-08
GIX,GigCapital9 Corp. - Class A Ordinary Share,NASDAQ,N,active,2026-07-11,2026-10-08
GJH,Synthetic Fixed-Income Securities Inc 6.375% (STRATS) Cl A-1,NYSE,N,active,2026-07-11,2026-10-08
GJO,"Synthetic Fixed-Income Securities, Inc. on behalf of STRATS(SM) Trust for Wal-Mart Stores, Inc. Securities, Series 2004-5",NYSE,N,active,2026-07-11,2026-10-08
GJP,"Synthetic Fixed-Income Securities, Inc. on behalf of STRATS (SM) Trust for Dominion Resources, Inc. Securities, Series 2005-6, Floating Rate Structured Repackaged Asset-Backed Trust Securities (STRATS) Certificates",NYSE,N,active,2026-07-11,2026-10-08
GJR,"Synthetic Fixed-Income Securities, Inc. STRATS Trust for Procter&Gamble Securities, Series 2006-1",NYSE,N,active,2026-07-11,2026-10-08
GJS,"Goldman Sachs Group Securities STRATS Trust for Goldman Sachs Group Securities, Series 2006-2",NYSE,N,active,2026-07-11,2026-10-08
GJT,"Synthetic Fixed-Income Securities, Inc. Floating Rate Structured Repackaged Asset-Backed Trust Securities Certificates, Series 2006-3",NYSE,N,active,2026-07-11,2026-10-08
GKAT,Scharf Global Opportunity ETF,NASDAQ,N,active,2026-07-11,2026-10-08
GKOS,Glaukos Corporation Common Stock,NYSE,N,active,2026-07-11,2026-10-08
GL,Globe Life Inc. Common Stock,NYSE,N,active,2026-07-11,2026-10-08
GLAD,Gladstone Capital Corporation - Closed End Fund,NASDAQ,N,active,2026-07-11,2026-10-08
GLAS,Glass House Brands Inc. Subordinate Voting Shares,NYSE,N,active,2026-07-11,2026-10-08
GLBE,Global-E Online Ltd. - ordinary shares,NASDAQ,N,active,2026-07-11,2026-10-08
GLBS,Globus Maritime Limited - Common Stock,NASDAQ,N,active,2026-07-11,2026-10-08
GLCR,GlacierShares Nasdaq Iceland ETF,NASDAQ,N,active,2026-07-11,2026-10-08
GLDB,IDX Alternative FIAT ETF,NASDAQ,N,active,2026-07-11,2026-10-08
GLDG,GoldMining Inc. Common Shares,NYSE American,N,active,2026-07-11,2026-10-08
GLDI,"ETRACS Gold Shares Covered Call ETNs due February 2, 2033",NASDAQ,N,active,2026-07-11,2026-10-08
GLE,Global Engine Group Holding Limited - Class A Ordinary Shares,NASDAQ,D,active,2026-07-11,2026-10-08
GLED,GalaxyEdge Acquisition Corporation Ordinary Shares,NYSE,N,active,2026-07-11,2026-10-08
GLGG,Leverage Shares 2X Long GLXY Daily ETF,NASDAQ,N,active,2026-07-11,2026-10-08
GLIBA,Liberty Capital Corporation - Series A GCI Group Common Stock,NASDAQ,N,active,2026-07-11,2026-10-08
GLIBK,Liberty Capital Corporation - Series C GCI Group Common Stock,NASDAQ,N,active,2026-07-11,2026-10-08
GLMD,Galmed Pharmaceuticals Ltd. - Ordinary Shares,NASDAQ,N,removed,2026-07-11,2026-09-09
GLND,Greenland Energy Company - Common Stock,NASDAQ,N,active,2026-07-11,2026-10-08
GLNG,Golar LNG Limited - Common Shares,NASDAQ,N,active,2026-07-11,2026-10-08
GLO,Clough Global Opportunities Fund Common Stock,NYSE American,N,active,2026-07-11,2026-10-08
GLOB,Globant S.A. Common Shares,NYSE,N,active,2026-07-11,2026-10-08
GLOO,"Gloo Holdings, Inc. - Common Stock",NASDAQ,N,active,2026-07-11,2026-10-08
GLOW,VictoryShares WestEnd Global Equity ETF,NASDAQ,N,active,2026-07-11,2026-10-08
GLPI,"Gaming and Leisure Properties, Inc. - Common Stock",NASDAQ,N,active,2026-07-11,2026-10-08
GLQ,Clough Global Equity Fund Clough Global Equity Fund Common Shares of Beneficial Interest,NYSE American,N,active,2026-07-11,2026-10-08
GLRE,"Greenlight Reinsurance, Ltd. - Class A Ordinary Shares",NASDAQ,N,active,2026-07-11,2026-10-08
GLSI,"Greenwich LifeSciences, Inc. - Common stock",NASDAQ,N,active,2026-07-11,2026-10-08
GLU,Gabelli Global Utility Common Shares of Beneficial Ownership,NYSE American,N,active,2026-07-11,2026-10-08
GLUE,"Monte Rosa Therapeutics, Inc. - Common Stock",NASDAQ,N,active,2026-07-11,2026-10-08
GLV,Clough Global Dividend and Income Fund Common Shares of beneficial interest,NYSE American,N,active,2026-07-11,2026-10-08
GLW,Corning Incorporated Common Stock,NYSE,N,active,2026-07-11,2026-10-08
GLWG,Leverage Shares 2X Long GLW Daily ETF,NASDAQ,N,active,2026-07-11,2026-10-08
GLXG,Galaxy Payroll Group Limited - Class A Ordinary Shares,NASDAQ,N,active,2026-07-11,2026-10-08
GLXY,Galaxy Digital Inc. - Class A common stock,NASDAQ,N,active,2026-07-11,2026-10-08
GM,General Motors Company Common Stock,NYSE,N,active,2026-07-11,2026-10-08
GMAB,Genmab A/S - American Depositary Shares,NASDAQ,N,active,2026-07-11,2026-10-08
GME,GameStop Corporation Common Stock,NYSE,N,active,2026-07-11,2026-10-08
GMED,"Globus Medical, Inc. Class A Common Stock",NYSE,N,active,2026-07-11,2026-10-08
GMEX,GMEX ROBOTICS CORPORATION - Class A Ordinary Shares,NASDAQ,N,active,2026-07-11,2026-10-08
GMHS,Gamehaus Holdings Inc. - Class A Ordinary Shares,NASDAQ,D,active,2026-07-11,2026-10-08
GMM,Global Mofy AI Limited  - Class A Ordinary Shares,NASDAQ,N,active,2026-07-11,2026-10-08
GMMF,iShares Government Money Market ETF,NYSE,N,active,2026-07-11,2026-10-08
GMRS,GMR Solutions Inc. Class A Common Stock,NYSE,N,active,2026-07-11,2026-10-08
GMTL,Guardian Metal Resources PLC ADS,NYSE American,N,active,2026-07-11,2026-10-08
GNE,Genie Energy Ltd. Class B Common Stock Stock,NYSE,N,active,2026-07-11,2026-10-08
GNK,Genco Shipping & Trading Limited Ordinary Shares New (Marshall Islands),NYSE,N,active,2026-07-11,2026-10-08
GNL,"Global Net Lease, Inc. Common Stock",NYSE,N,active,2026-07-11,2026-10-08
GNLN,"Greenlane Holdings, Inc. - Class A Common Stock",NASDAQ,N,active,2026-07-11,2026-10-08
GNLX,Genelux Corporation - Common Stock,NASDAQ,N,active,2026-07-11,2026-10-08
GNMA,iShares GNMA Bond ETF,NASDAQ,N,active,2026-07-11,2026-10-08
GNOM,Global X Genomics & Biotechnology ETF,NASDAQ,N,active,2026-07-11,2026-10-08
GNPX,"Genprex, Inc. - Common Stock",NASDAQ,N,active,2026-07-11,2026-10-08
GNRC,Generac Holdlings Inc. Common Stock,NYSE,N,active,2026-07-11,2026-10-08
GNS,Genius Group Limited Ordinary Shares,NYSE American,N,active,2026-07-11,2026-10-08
GNSS,Genasys Inc. - Common Stock,NASDAQ,N,active,2026-07-11,2026-10-08
GNT,"GAMCO Natural Resources, Gold & Income Trust",NYSE,N,active,2026-07-11,2026-10-08
GNTA,Genenta Science S.p.A. - American Depositary Shares,NASDAQ,N,active,2026-07-11,2026-10-08
GNTX,Gentex Corporation - Common Stock,NASDAQ,N,active,2026-07-11,2026-10-08
GNW,Genworth Financial Inc Common Stock,NYSE,N,active,2026-07-11,2026-10-08
GO,Grocery Outlet Holding Corp. - Common Stock,NASDAQ,N,active,2026-07-11,2026-10-08
GOAI,Eva Live Inc. - Common Stock,NASDAQ,N,active,2026-07-11,2026-10-08
GOF,Guggenheim Strategic Opportunities Fund Common Shares of Beneficial Interest,NYSE,N,active,2026-07-11,2026-10-08
GOGO,Gogo Inc. - Common Stock,NASDAQ,N,active,2026-07-11,2026-10-08
GOLD,"Gold.com, Inc. Common Stock",NYSE,N,active,2026-07-11,2026-10-08
GOLF,Acushnet Holdings Corp. Common Stock,NYSE,N,active,2026-07-11,2026-10-08
GOLI,Defiance Gold Enhanced Options Income ETF,NASDAQ,N,active,2026-07-11,2026-10-08
GOOD,Gladstone Commercial Corporation - Real Estate Investment Trust,NASDAQ,N,active,2026-07-11,2026-10-08
GOOG,Alphabet Inc. - Class C Capital Stock,NASDAQ,N,active,2026-07-11,2026-10-08
GOOGL,Alphabet Inc. - Class A Common Stock,NASDAQ,N,active,2026-07-11,2026-10-08
GOOS,Canada Goose Holdings Inc. Subordinate Voting Shares,NYSE,N,active,2026-07-11,2026-10-08
GORO,Gold Resource Corporation Common Stock,NYSE American,N,active,2026-07-11,2026-10-08
GOSS,"Gossamer Bio, Inc. - Common Stock",NASDAQ,N,active,2026-07-11,2026-10-08
GOTU,Gaotu Techedu Inc. American Depositary Shares,NYSE,N,active,2026-07-11,2026-10-08
GOU,GraniteShares 2x Long GOOGL Daily ETF,NASDAQ,N,active,2026-07-11,2026-10-08
GOVI,Invesco Equal Weight 0-30 Year Treasury ETF,NASDAQ,N,active,2026-07-11,2026-10-08
GOVX,"GeoVax Labs, Inc. - Common Stock",NASDAQ,D,active,2026-07-11,2026-10-08
GP,GreenPower Motor Company Inc. - Common Shares,NASDAQ,N,active,2026-07-11,2026-10-08
GPAC,General Purpose Acquisition Corp. - Class A Ordinary Shares,NASDAQ,N,active,2026-07-11,2026-10-08
GPAT,GP-Act III Acquisition Corp. - Class A Ordinary Share,NASDAQ,N,active,2026-07-11,2026-10-08
GPC,Genuine Parts Company Common Stock,NYSE,N,active,2026-07-11,2026-10-08
GPCR,Structure Therapeutics Inc. - American Depositary Shares,NASDAQ,N,active,2026-07-11,2026-10-08
GPGI,"GPGI, Inc. Class A Common Stock",NYSE,N,active,2026-07-11,2026-10-08
GPI,"Group 1 Automotive, Inc. Common Stock",NYSE,N,active,2026-07-11,2026-10-08
GPIQ,Goldman Sachs Nasdaq-100 Premium Income ETF,NASDAQ,N,active,2026-07-11,2026-10-08
GPIX,Goldman Sachs S&P 500 Premium Income ETF,NASDAQ,N,active,2026-07-11,2026-10-08
GPK,Graphic Packaging Holding Company,NYSE,N,active,2026-07-11,2026-10-08
GPMT,Granite Point Mortgage Trust Inc. Common Stock,NYSE,N,active,2026-07-11,2026-10-08
GPN,Global Payments Inc. Common Stock,NYSE,N,active,2026-07-11,2026-10-08
GPOR,Gulfport Energy Corporation Common Shares,NYSE,N,active,2026-07-11,2026-10-08
GPRE,"Green Plains, Inc. - Common Stock",NASDAQ,N,active,2026-07-11,2026-10-08
GPRF,Goldman Sachs Access U.S. Preferred Stock and Hybrid Securities ETF,NASDAQ,N,active,2026-07-11,2026-10-08
GPRK,Geopark Ltd Common Shares,NYSE,N,active,2026-07-11,2026-10-08
GPRO,"GoPro, Inc. - Class A Common Stock",NASDAQ,N,active,2026-07-11,2026-10-08
GPT,Intelligent Alpha Atlas ETF,NASDAQ,N,active,2026-07-11,2026-10-08
GPUS,"Hyperscale Data, Inc. Common Stock",NYSE American,N,active,2026-07-11,2026-10-08
GQQQ,Astoria US Quality Growth Kings ETF,NASDAQ,N,active,2026-07-11,2026-10-08
GRAB,Grab Holdings Limited - Class A Ordinary Shares,NASDAQ,N,active,2026-07-11,2026-10-08
GRAF,Graf Global Corp. Class A ordinary shares,NYSE American,N,removed,2026-07-11,2026-07-24
GRAG,Leverage Shares 2X Long GRAB Daily ETF,NASDAQ,N,active,2026-07-11,2026-10-08
GRAL,"GRAIL, Inc. - Common Stock",NASDAQ,N,active,2026-07-11,2026-10-08
GRAN,Grande Group Limited - Class A Ordinary Shares,NASDAQ,N,active,2026-07-11,2026-10-08
GRBK,"Green Brick Partners, Inc. Common Stock",NYSE,N,active,2026-07-11,2026-10-08
GRC,Gorman-Rupp Company (The) Common Stock,NYSE,N,active,2026-07-11,2026-10-08
GRCE,"Grace Therapeutics, Inc. - Common Stock",NASDAQ,N,active,2026-07-11,2026-10-08
GRDN,"Guardian Pharmacy Services, Inc. Class A Common Stock",NYSE,N,active,2026-07-11,2026-10-08
GRDX,GridAI Technologies Corp.  - Common Stock,NASDAQ,N,active,2026-07-11,2026-10-08
GREE,Greenidge Generation Holdings Inc. - Class A Common Stock,NASDAQ,D,removed,2026-07-11,2026-07-23
GRF,"Eagle Capital Growth Fund, Inc. Common Stock",NYSE American,N,active,2026-07-11,2026-10-08
GRFS,"Grifols, S.A. - American Depositary Shares",NASDAQ,N,active,2026-07-11,2026-10-08
GRI,"GRI Bio, Inc. - Common Stock",NASDAQ,N,active,2026-07-11,2026-10-08
GRID,First Trust NASDAQ Clean Edge Smart Grid Infrastructure Index Fund,NASDAQ,N,active,2026-07-11,2026-10-08
GRIN,VictoryShares International Free Cash Flow Growth ETF,NASDAQ,N,active,2026-07-11,2026-10-08
GRML,Greenland Mines Ltd - Common Stock,NASDAQ,N,active,2026-07-11,2026-10-08
GRMN,Garmin Ltd. Common Stock (Switzerland),NYSE,N,active,2026-07-11,2026-10-08
GRND,Grindr Inc. Common Stock,NYSE,N,active,2026-07-11,2026-10-08
GRNQ,Greenpro Capital Corp. - Common Stock,NASDAQ,N,active,2026-07-11,2026-10-08
GRNT,"Granite Ridge Resources, Inc. Common Stock",NYSE,N,active,2026-07-11,2026-10-08
GRO,Brazil Potash Corp. Common Shares,NYSE American,N,active,2026-07-11,2026-10-08
GROV,"Grove Collaborative Holdings, Inc. Class A Common Stock",NYSE,N,active,2026-07-11,2026-10-08
GROW,"U.S. Global Investors, Inc. - Class A Common Stock",NASDAQ,N,active,2026-07-11,2026-10-08
GROY,Gold Royalty Corp. Common Shares,NYSE American,N,active,2026-07-11,2026-10-08
GRPN,"Groupon, Inc. - Common Stock",NASDAQ,N,active,2026-07-11,2026-10-08
GRRR,Gorilla Technology Group Inc. - Ordinary shares,NASDAQ,N,active,2026-07-11,2026-10-08
GRVY,"GRAVITY Co., Ltd. - American depositary shares, each representing one common share.",NASDAQ,N,active,2026-07-11,2026-10-08
GRW,TCW Durable Growth ETF,NASDAQ,N,active,2026-07-11,2026-10-08
GRWG,GrowGeneration Corp. - Common Stock,NASDAQ,N,active,2026-07-11,2026-10-08
GRX,The Gabelli Healthcare & Wellness Trust Common Shares of Beneficial Interest,NYSE,N,active,2026-07-11,2026-10-08
GS,"Goldman Sachs Group, Inc. (The) Common Stock",NYSE,N,active,2026-07-11,2026-10-08
GS$D,"Goldman Sachs Group, Inc. (The) Dep Shs repstg 1/1000 Pfd Ser D Fltg",NYSE,N,active,2026-07-11,2026-10-08
GSAT,"Globalstar, Inc. - Common Stock",NASDAQ,N,active,2026-07-11,2026-10-08
GSBC,"Great Southern Bancorp, Inc. - Common Stock",NASDAQ,N,active,2026-07-11,2026-10-08
GSBD,"Goldman Sachs BDC, Inc. Common Stock",NYSE,N,active,2026-07-11,2026-10-08
GSGO,Goldman Sachs Growth Opportunities ETF,NASDAQ,N,active,2026-07-11,2026-10-08
GSHD,"Goosehead Insurance, Inc. - Class A Common Stock",NASDAQ,N,active,2026-07-11,2026-10-08
GSHR,Gesher Acquisition Corp. II - Class A Ordinary Shares,NASDAQ,N,active,2026-07-11,2026-10-08
GSIB,Themes Global Systemically Important Banks ETF,NASDAQ,N,active,2026-07-11,2026-10-08
GSIT,"GSI Technology, Inc. - Common Stock",NASDAQ,N,active,2026-07-11,2026-10-08
GSIW,Garden Stage Limited - Class A Ordinary Shares,NASDAQ,N,active,2026-07-11,2026-10-08
GSK,GSK plc American Depositary Shares (Each representing two Ordinary Shares),NYSE,N,active,2026-07-11,2026-10-08
GSL,Global Ship Lease Inc New Class A Common Shares,NYSE,N,active,2026-07-11,2026-10-08
GSM,Ferroglobe PLC - Ordinary Shares,NASDAQ,N,active,2026-07-11,2026-10-08
GSRF,GSR IV Acquisition Corp. - Class A ordinary share,NASDAQ,N,active,2026-07-11,2026-10-08
GSRV,GSR V Acquisition Corp. - Class A ordinary shares,NASDAQ,N,active,2026-07-11,2026-10-08
GSUN,Golden Sun Technology Group Limited - Class A Ordinary Shares,NASDAQ,D,active,2026-07-11,2026-10-08
GT,The Goodyear Tire & Rubber Company - Common Stock,NASDAQ,N,active,2026-07-11,2026-10-08
GTBP,"GT Biopharma, Inc. - Common Stock",NASDAQ,N,active,2026-07-11,2026-10-08
GTE,Gran Tierra Energy Inc. Common Stock,NYSE American,N,active,2026-07-11,2026-10-08
GTEC,Greenland Technologies Holding Corporation - Class A Ordinary Shares,NASDAQ,N,active,2026-07-11,2026-10-08
GTEN,"Gores Holdings X, Inc. - Class A ordinary shares",NASDAQ,N,active,2026-07-11,2026-10-08
GTERA,Globa Terra Acquisition Corporation - Class A Ordinary Shares,NASDAQ,N,active,2026-07-11,2026-10-08
GTES,Gates Industrial Corporation plc Ordinary Shares,NYSE,N,active,2026-07-11,2026-10-08
GTIM,Good Times Restaurants Inc. - Common Stock,NASDAQ,N,active,2026-07-11,2026-10-08
GTLB,GitLab Inc. - Class A Common Stock,NASDAQ,N,active,2026-07-11,2026-10-08
GTLS,"Chart Industries, Inc. Common Stock",NYSE,N,removed,2026-07-11,2026-07-15
GTM,ZoomInfo Technologies Inc. - Common Stock,NASDAQ,N,active,2026-07-11,2026-10-08
GTN,"Gray Media, Inc. Common Stock",NYSE,N,active,2026-07-11,2026-10-08
GTN-A,"Gray Media, Inc. Class A Common Stock",NYSE,N,active,2026-07-11,2026-10-08
GTOP,Goldman Sachs Technology Opportunities ETF,NASDAQ,N,active,2026-07-11,2026-10-08
GTOQ,Invesco High Yield Systematic Bond ETF,NASDAQ,N,active,2026-07-11,2026-10-08
GTPE,Goldman Sachs MSCI World Private Equity Return Tracker ETF,NASDAQ,N,active,2026-07-11,2026-10-08
GTR,WisdomTree Target Range Fund,NASDAQ,N,active,2026-07-11,2026-10-08
GTX,Garrett Motion Inc. - Common Stock,NASDAQ,N,active,2026-07-11,2026-10-08
GTY,Getty Realty Corporation Common Stock,NYSE,N,active,2026-07-11,2026-10-08
GUAC,Berto Acquisition Corp. II - Ordinary Shares,NASDAQ,N,active,2026-07-11,2026-10-08
GUG,Guggenheim Active Allocation Fund Common Shares of Beneficial Interest,NYSE,N,active,2026-07-11,2026-10-08
GURE,"Gulf Resources, Inc. - Common Stock",NASDAQ,N,active,2026-07-11,2026-10-08
GUSE,Goldman Sachs Enhanced U.S. Equity ETF,NASDAQ,N,active,2026-07-11,2026-10-08
GUT,Gabelli Utility Trust (The) Common Stock,NYSE,N,active,2026-07-11,2026-10-08
GUTS,"Fractyl Health, Inc. - Common Stock",NASDAQ,D,active,2026-07-11,2026-10-08
GV,Visionary Holdings Inc. - Common Shares,NASDAQ,H,removed,2026-07-11,2026-07-30
GVA,Granite Construction Incorporated Common Stock,NYSE,N,active,2026-07-11,2026-10-08
GVH,Globavend Holdings Limited - Ord Shares,NASDAQ,N,active,2026-07-11,2026-10-08
GVLE,Goldman Sachs Value Opportunities ETF,NASDAQ,N,active,2026-07-11,2026-10-08
GWAV,"Greenwave Technology Solutions, Inc. - Common Stock",NASDAQ,N,active,2026-07-11,2026-10-08
GWH,"ESS Tech, Inc. Common Stock",NYSE,N,removed,2026-07-11,2026-10-03
GWRE,"Guidewire Software, Inc. Common Stock",NYSE,N,active,2026-07-11,2026-10-08
GWRS,"Global Water Resources, Inc. - common stock",NASDAQ,N,active,2026-07-11,2026-10-08
GWW,"W.W. Grainger, Inc. Common Stock",NYSE,N,active,2026-07-11,2026-10-08
GXAI,Gaxos.ai Inc. - Common Stock,NASDAQ,D,active,2026-07-11,2026-10-08
GXDW,Global X Dorsey Wright Thematic ETF,NASDAQ,N,active,2026-07-11,2026-10-08
GXO,"GXO Logistics, Inc. Common Stock ",NYSE,N,active,2026-07-11,2026-10-08
GYLD,Arrow Dow Jones Global Yield ETF ETF,NYSE,N,active,2026-07-11,2026-10-08
GYRE,"Gyre Therapeutics, Inc. - Common Stock",NASDAQ,N,active,2026-07-11,2026-10-08
GYRO,"Gyrodyne , LLC - Common Stock",NASDAQ,N,active,2026-07-11,2026-10-08
H,Hyatt Hotels Corporation Class A Common Stock,NYSE,N,active,2026-07-11,2026-10-08
HACQ,HCM IV Acquisition Corp. - Class A Ordinary Share,NASDAQ,N,active,2026-07-11,2026-10-08
HAE,Haemonetics Corporation Common Stock,NYSE,N,active,2026-07-11,2026-10-08
HAFC,Hanmi Financial Corporation - Common Stock,NASDAQ,N,active,2026-07-11,2026-10-08
HAFN,Hafnia Limited Common Shares,NYSE,N,active,2026-07-11,2026-10-08
HAIN,"The Hain Celestial Group, Inc. - Common Stock",NASDAQ,D,active,2026-07-11,2026-10-08
HAL,Halliburton Company Common Stock,NYSE,N,active,2026-07-11,2026-10-08
HALO,"Halozyme Therapeutics, Inc. - Common Stock",NASDAQ,N,active,2026-07-11,2026-10-08
HAO,Haoxi Health Technology Limited - Class A Ord Share,NASDAQ,N,active,2026-07-11,2026-10-08
HAPN,"Happen, Inc. - Common Stock",NASDAQ,N,active,2026-07-11,2026-10-08
HAS,"Hasbro, Inc. - Common Stock",NASDAQ,N,active,2026-07-11,2026-10-08
HASI,"HA Sustainable Infrastructure Capital, Inc. Common Stock",NYSE,N,active,2026-07-11,2026-10-08
HAVA,Harvard Ave Acquisition Corporation - Class A Ordinary Share,NASDAQ,N,active,2026-07-11,2026-10-08
HAWK,"HawkEye 360, Inc. Common Stock",NYSE,N,active,2026-07-11,2026-10-08
HAYW,"Hayward Holdings, Inc. Common Stock",NYSE,N,active,2026-07-11,2026-10-08
HBAN,Huntington Bancshares Incorporated - Common Stock,NASDAQ,N,active,2026-07-11,2026-10-08
HBB,Hamilton Beach Brands Holding Company Class A Common Stock ,NYSE,N,active,2026-07-11,2026-10-08
HBCP,"Home Bancorp, Inc. - Common Stock",NASDAQ,N,active,2026-07-11,2026-10-08
HBDC,Hilton BDC Corporate Bond ETF,NASDAQ,N,active,2026-07-11,2026-10-08
HBIO,"Harvard Bioscience, Inc. - Common Stock",NASDAQ,N,active,2026-07-11,2026-10-08
HBM,Hudbay Minerals Inc. Ordinary Shares (Canada),NYSE,N,active,2026-07-11,2026-10-08
HBNB,Hotel101 Global Holdings Corp. - Class A Ordinary Shares,NASDAQ,N,active,2026-07-11,2026-10-08
HBNC,"Horizon Bancorp, Inc. - Common Stock",NASDAQ,N,active,2026-07-11,2026-10-08
HBR,Canary HBAR ETF,NASDAQ,N,active,2026-07-11,2026-10-08
HBT,"HBT Financial, Inc. - Common Stock",NASDAQ,N,active,2026-07-11,2026-10-08
HCA,"HCA Healthcare, Inc. Common Stock",NYSE,N,active,2026-07-11,2026-10-08
HCAC,Hall Chadwick Acquisition Corp. - Class A Ordinary Shares,NASDAQ,N,active,2026-07-11,2026-10-08
HCAI,"Huachen AI Parking Management Technology Holding Co., Ltd. - Class A Ordinary Shares",NASDAQ,N,active,2026-07-11,2026-10-08
HCAT,"Health Catalyst, Inc - Common stock",NASDAQ,N,active,2026-07-11,2026-10-08
HCC,"Warrior Met Coal, Inc. Common Stock",NYSE,N,active,2026-07-11,2026-10-08
HCHL,Happy City Holdings Limited - Class A Ordinary shares,NASDAQ,N,active,2026-07-11,2026-10-08
HCI,"HCI Group, Inc. Common Stock",NYSE,N,active,2026-07-11,2026-10-08
HCIC,Hennessy Capital Investment Corp. VIII - Class A Ordinary Shares,NASDAQ,N,active,2026-07-11,2026-10-08
HCKT,"The Hackett Group, Inc. - Common Stock",NASDAQ,N,active,2026-07-11,2026-10-08
HCM,HUTCHMED (China) Limited - American Depositary Shares,NASDAQ,N,active,2026-07-11,2026-10-08
HCMA,HCM III Acquisition Corp. - Class A Ordinary Share,NASDAQ,N,active,2026-07-11,2026-10-08
HCOW,Amplify COWS Covered Call ETF,NASDAQ,N,active,2026-07-11,2026-10-08
HCSG,"Healthcare Services Group, Inc. - Common Stock",NASDAQ,N,active,2026-07-11,2026-10-08
HCTI,"Healthcare Triangle, Inc. - Common Stock",NASDAQ,N,active,2026-07-11,2026-10-08
HCWB,HCW Biologics Inc. - Common Stock,NASDAQ,N,active,2026-07-11,2026-10-08
HCWC,Healthy Choice Wellness Corp. Class A Common Stock,NYSE American,N,removed,2026-07-11,2026-09-17
HD,"Home Depot, Inc. (The) Common Stock",NYSE,N,active,2026-07-11,2026-10-08
HDB,HDFC Bank Limited Common Stock,NYSE,N,active,2026-07-11,2026-10-08
HDL,SUPER HI INTERNATIONAL HOLDING LTD. - American Depositary Shares,NASDAQ,N,active,2026-07-11,2026-10-08
HDRN,"Hadron Energy, Inc. - Common Stock",NASDAQ,N,active,2026-07-11,2026-10-08
HDSN,"Hudson Technologies, Inc. - Common Stock",NASDAQ,N,active,2026-07-11,2026-10-08
HE,"Hawaiian Electric Industries, Inc. Common Stock",NYSE,N,active,2026-07-11,2026-10-08
HEAL,Global X HealthTech ETF,NASDAQ,N,active,2026-07-11,2026-10-08
HECO,State Street Galaxy Hedged Digital Asset Ecosystem ETF,NASDAQ,N,active,2026-07-11,2026-10-08
HEI,Heico Corporation Common Stock,NYSE,N,active,2026-07-11,2026-10-08
HEI-A,Heico Corporation Common Stock,NYSE,N,active,2026-07-11,2026-10-08
HELE,Helen of Troy Limited - Common Stock,NASDAQ,N,active,2026-07-11,2026-10-08
HELP,Cybin Inc. - Common Stock,NASDAQ,N,active,2026-07-11,2026-10-08
HEPS,D-Market Electronic Services & Trading - American Depositary Shares,NASDAQ,N,active,2026-07-11,2026-10-08
HEQ,John Hancock Diversified Income Fund Common Shares of Beneficial Interest,NYSE,N,active,2026-07-11,2026-10-08
HEQQ,JPMorgan Nasdaq Hedged Equity Laddered Overlay ETF,NASDAQ,N,active,2026-07-11,2026-10-08
HERD,Pacer Cash Cows Fund of Funds ETF,NASDAQ,N,active,2026-07-11,2026-10-08
HERE,Here Group Limited - American Depositary Shares,NASDAQ,N,active,2026-07-11,2026-10-08
HERO,Global X Video Games & Esports ETF,NASDAQ,N,active,2026-07-11,2026-10-08
HERZ,"Herzfeld Credit Income Fund, Inc.  - Closed End Fund",NASDAQ,N,active,2026-07-11,2026-10-08
HESM,Hess Midstream LP Class A Representing Limited Partner Interests,NYSE,N,active,2026-07-11,2026-10-08
HF,DGA Core Plus Absolute Return ETF,NYSE,N,active,2026-07-11,2026-10-08
HFBL,"Home Federal Bancorp, Inc. of Louisiana - Common Stock",NASDAQ,N,active,2026-07-11,2026-10-08
HFEQ,Unlimited HFEQ Equity Long/Short ETF,NYSE,N,active,2026-07-11,2026-10-08
HFFG,HF Foods Group Inc. - Common Stock,NASDAQ,N,active,2026-07-11,2026-10-08
HFGM,Unlimited HFGM Global Macro ETF,NYSE,N,active,2026-07-11,2026-10-08
HFMF,Unlimited HFMF Managed Futures ETF,NYSE,N,active,2026-07-11,2026-10-08
HFND,Unlimited HFND Multi-Strategy Return Tracker ETF,NYSE,N,active,2026-07-11,2026-10-08
HFRO,Highland Opportunities and Income Fund Common Shares of Beneficial Interest,NYSE,N,active,2026-07-11,2026-10-08
HFSP,TradersAI Large Cap Equity & Cash ETF,NASDAQ,N,active,2026-07-11,2026-10-08
HFWA,Heritage Financial Corporation - Common Stock,NASDAQ,N,active,2026-07-11,2026-10-08
HG,"Hamilton Insurance Group, Ltd. Class B Common Shares",NYSE,N,active,2026-07-11,2026-10-08
HGBL,Heritage Global Inc. - Common Stock,NASDAQ,N,active,2026-07-11,2026-10-08
HGER,Harbor Commodity All-Weather Strategy ETF,NYSE,N,active,2026-07-11,2026-10-08
HGLB,Highland Global Allocation Fund Common Stock,NYSE,N,active,2026-07-11,2026-10-08
HGTY,"Hagerty, Inc. Class A Common Stock",NYSE,N,active,2026-07-11,2026-10-08
HGV,Hilton Grand Vacations Inc. Common Stock ,NYSE,N,active,2026-07-11,2026-10-08
HHH,Howard Hughes Holdings Inc. Common Stock,NYSE,N,active,2026-07-11,2026-10-08
HHS,"Harte Hanks, Inc. - Common Stock",NASDAQ,N,active,2026-07-11,2026-10-08
HIDE,Alpha Architect High Inflation and Deflation ETF,NASDAQ,N,active,2026-07-11,2026-10-08
HIFS,Hingham Institution for Savings - Common Stock,NASDAQ,N,active,2026-07-11,2026-10-08
HIG,"The Hartford Insurance Group, Inc. Common Stock",NYSE,N,active,2026-07-11,2026-10-08
HIHO,Highway Holdings Limited - Common Stock,NASDAQ,D,active,2026-07-11,2026-10-08
HII,"Huntington Ingalls Industries, Inc. Common Stock",NYSE,N,active,2026-07-11,2026-10-08
HIMS,"Hims & Hers Health, Inc. Class A Common Stock",NYSE,N,active,2026-07-11,2026-10-08
HIMX,"Himax Technologies, Inc. - American depositary shares, each of which represents two ordinary shares.",NASDAQ,N,active,2026-07-11,2026-10-08
HIMZ,Defiance Daily Target 2X Long HIMS ETF,NASDAQ,N,active,2026-07-11,2026-10-08
HIND,"Vyome Holdings, Inc. - Common Stock",NASDAQ,N,active,2026-07-11,2026-10-08
HIO,"Western Asset High Income Opportunity Fund, Inc. Common Stock",NYSE,N,active,2026-07-11,2026-10-08
HIPO,Hippo Holdings Inc. Common Stock,NYSE,N,active,2026-07-11,2026-10-08
HIS,Humilis US Focused Opportunities ETF,NASDAQ,N,active,2026-07-11,2026-10-08
HISF,First Trust High Income Strategic Focus ETF,NASDAQ,N,active,2026-07-11,2026-10-08
HIT,"Health In Tech, Inc. - Class A Common Stock",NASDAQ,N,active,2026-07-11,2026-10-08
HITI,High Tide Inc. - Common Shares,NASDAQ,N,active,2026-07-11,2026-10-08
HIVE,HIVE Digital Technologies Ltd - Common Shares,NASDAQ,N,active,2026-07-11,2026-10-08
HIW,"Highwoods Properties, Inc. Common Stock",NYSE,N,active,2026-07-11,2026-10-08
HIX,Western Asset High Income Fund II Inc. Common Stock,NYSE,N,active,2026-07-11,2026-10-08
HKD,AMTD Digital Inc. American Depositary Shares (every five of which represent two Class A Ordinary Shares),NYSE,N,active,2026-07-11,2026-10-08
HKIT,Hitek Global Inc. - Class A Ordinary Share,NASDAQ,N,active,2026-07-11,2026-10-08
HKPD,"Cellyan Biotechnology Co., Ltd  - Class A Ordinary Shares",NASDAQ,D,active,2026-07-11,2026-10-08
HL,Hecla Mining Company Common Stock,NYSE,N,active,2026-07-11,2026-10-08
HLAL,Wahed FTSE USA Shariah ETF,NASDAQ,N,active,2026-07-11,2026-10-08
HLF,Herbalife Ltd. Common Shares,NYSE,N,active,2026-07-11,2026-10-08
HLI,"Houlihan Lokey, Inc. Class A Common Stock",NYSE,N,active,2026-07-11,2026-10-08
HLIO,"Helios Technologies, Inc. Common Stock",NYSE,N,active,2026-07-11,2026-10-08
HLIT,Harmonic Inc. - Common Stock,NASDAQ,N,active,2026-07-11,2026-10-08
HLLY,Holley Inc. Common Stock,NYSE,N,active,2026-07-11,2026-10-08
HLMN,Hillman Solutions Corp. - Common Stock,NASDAQ,N,active,2026-07-11,2026-10-08
HLN,Haleon plc American Depositary Shares (Each representing two Ordinary Shares),NYSE,N,active,2026-07-11,2026-10-08
HLNE,Hamilton Lane Incorporated - Class A Common Stock,NASDAQ,N,active,2026-07-11,2026-10-08
HLP,Hongli Group Inc. - Ordinary Shares,NASDAQ,N,active,2026-07-11,2026-10-08
HLT,Hilton Worldwide Holdings Inc. Common Stock ,NYSE,N,active,2026-07-11,2026-10-08
HLX,"Helix Energy Solutions Group, Inc. Common Stock",NYSE,N,removed,2026-07-11,2026-09-01
HLXC,Helix Acquisition Corp. III - Class A Ordinary Shares,NASDAQ,D,active,2026-07-11,2026-10-08
HMC,"Honda Motor Company, Ltd. Common Stock",NYSE,N,active,2026-07-11,2026-10-08
HMH,HMH Holding Inc. - Common Stock,NASDAQ,N,active,2026-07-11,2026-10-08
HMN,Horace Mann Educators Corporation Common Stock,NYSE,N,active,2026-07-11,2026-10-08
HMR,Heidmar Maritime Holdings Corp. - Common Stock,NASDAQ,N,active,2026-07-11,2026-10-08
HMY,Harmony Gold Mining Company Limited,NYSE,N,active,2026-07-11,2026-10-08
HMYY,GraniteShares YieldBoost HIMS ETF,NASDAQ,N,active,2026-07-11,2026-10-08
HNDL,Strategy Shares Nasdaq 7HANDL Index ETF,NASDAQ,N,active,2026-07-11,2026-10-08
HNGE,"Hinge Health, Inc. Class A Common Stock",NYSE,N,active,2026-07-11,2026-10-08
HNI,HNI Corporation Common Stock,NYSE,N,active,2026-07-11,2026-10-08
HNNA,"Hennessy Advisors, Inc. - Common Stock",NASDAQ,N,active,2026-07-11,2026-10-08
HNRG,Hallador Energy Company - Common Stock,NASDAQ,N,active,2026-07-11,2026-10-08
HNST,"The Honest Company, Inc. - Common Stock",NASDAQ,N,active,2026-07-11,2026-10-08
HNVR,"Hanover Bancorp, Inc. - Common Stock",NASDAQ,N,active,2026-07-11,2026-10-08
HODO,House of Doge Inc. - Common Stock,NASDAQ,D,active,2026-07-11,2026-10-08
HODU,Direxion Daily HOOD Bull 2X ETF,NASDAQ,N,active,2026-07-11,2026-10-08
HOFT,Hooker Furnishings Corporation - Common Stock,NASDAQ,N,active,2026-07-11,2026-10-08
HOG,"Harley-Davidson, Inc. Common Stock",NYSE,N,active,2026-07-11,2026-10-08
HOLO,MicroCloud Hologram Inc. - Ordinary Shares,NASDAQ,N,active,2026-07-11,2026-10-08
HOMB,"Home BancShares, Inc. Common Stock",NYSE,N,active,2026-07-11,2026-10-08
HON,Honeywell International Inc. - Common Stock,NASDAQ,N,active,2026-07-11,2026-10-08
HONA,Honeywell Aerospace Inc. - Common Stock,NASDAQ,N,active,2026-07-11,2026-10-08
HOOD,"Robinhood Markets, Inc. - Class A Common Stock",NASDAQ,N,active,2026-07-11,2026-10-08
HOOG,Leverage Shares 2X Long HOOD Daily ETF,NASDAQ,N,active,2026-07-11,2026-10-08
HOOX,Defiance Daily Target 2X Long HOOD ETF,NASDAQ,N,active,2026-07-11,2026-10-08
HOPE,"Hope Bancorp, Inc. - Common Stock",NASDAQ,N,active,2026-07-11,2026-10-08
HOUR,"Hour Loop, Inc. - common stock",NASDAQ,N,active,2026-07-11,2026-10-08
HOV,"Hovnanian Enterprises, Inc. Class A Common Stock",NYSE,N,active,2026-07-11,2026-10-08
HOVR,New Horizon Aircraft Ltd. - Class A Ordinary Shares,NASDAQ,N,active,2026-07-11,2026-10-08
HOWL,"Werewolf Therapeutics, Inc. - Common Stock",NASDAQ,D,active,2026-07-11,2026-10-08
HOYY,GraniteShares YieldBOOST HOOD ETF,NASDAQ,N,active,2026-07-11,2026-10-08
HP,"Helmerich & Payne, Inc. Common Stock",NYSE,N,active,2026-07-11,2026-10-08
HPAI,Helport AI Limited - Ordinary Shares,NASDAQ,D,active,2026-07-11,2026-10-08
HPE,Hewlett Packard Enterprise Company Common Stock,NYSE,N,active,2026-07-11,2026-10-08
HPF,John Hancock Pfd Income Fund II Pfd Income Fund II,NYSE,N,active,2026-07-11,2026-10-08
HPK,"HighPeak Energy, Inc. - Common Stock",NASDAQ,N,active,2026-07-11,2026-10-08
HPP,"Hudson Pacific Properties, Inc. Common Stock",NYSE,N,active,2026-07-11,2026-10-08
HPQ,HP Inc. Common Stock,NYSE,N,active,2026-07-11,2026-10-08
HQ,Horizon Quantum Holdings Ltd. - Class A Ordinary Shares,NASDAQ,N,active,2026-07-11,2026-10-08
HQGO,Hartford US Quality Growth ETF,NASDAQ,N,active,2026-07-11,2026-10-08
HQH,abrdn Healthcare Investors Shares of Beneficial Interest,NYSE,N,active,2026-07-11,2026-10-08
HQI,"HireQuest, Inc. - Common Stock",NASDAQ,N,active,2026-07-11,2026-10-08
HQL,abrdn Life Sciences Investors Shares of Beneficial Interest,NYSE,N,active,2026-07-11,2026-10-08
HQY,"HealthEquity, Inc. - Common Stock",NASDAQ,N,active,2026-07-11,2026-10-08
HR,Healthcare Realty Trust Incorporated Common Stock,NYSE,N,active,2026-07-11,2026-10-08
HRB,"H&R Block, Inc. Common Stock",NYSE,N,active,2026-07-11,2026-10-08
HRI,Herc Holdings Inc. Common Stock ,NYSE,N,active,2026-07-11,2026-10-08
HRL,Hormel Foods Corporation Common Stock,NYSE,N,active,2026-07-11,2026-10-08
HRMY,"Harmony Biosciences Holdings, Inc. - Common Stock",NASDAQ,N,active,2026-07-11,2026-10-08
HROW,"Harrow, Inc. - Common Stock",NASDAQ,N,active,2026-07-11,2026-10-08
HRTG,"Heritage Insurance Holdings, Inc. Common Stock",NYSE,N,active,2026-07-11,2026-10-08
HRTS,Tema Heart & Health ETF,NASDAQ,N,active,2026-07-11,2026-10-08
HRTX,"Heron Therapeutics, Inc.   - Common Stock",NASDAQ,D,active,2026-07-11,2026-10-08
HRZN,Horizon Technology Finance Corporation - Common Stock,NASDAQ,N,active,2026-07-11,2026-10-08
HSAI,Hesai Group - American Depositary Share,NASDAQ,N,active,2026-07-11,2026-10-08
HSBC,"HSBC Holdings, plc. Common Stock",NYSE,N,active,2026-07-11,2026-10-08
HSCS,HeartSciences Inc. - Common Stock,NASDAQ,D,active,2026-07-11,2026-10-08
HSDT,Solana Company - Class A Common Stock,NASDAQ,N,active,2026-07-11,2026-10-08
HSHP,Himalaya Shipping Ltd. Common Shares,NYSE,N,active,2026-07-11,2026-10-08
HSIC,"Henry Schein, Inc. - Common Stock",NASDAQ,N,active,2026-07-11,2026-10-08
HSLV,Highlander Silver Corp. Common Shares,NYSE American,N,active,2026-07-11,2026-10-08
HST,"Host Hotels & Resorts, Inc. - Common Stock",NASDAQ,N,active,2026-07-11,2026-10-08
HSTM,"HealthStream, Inc. - Common Stock",NASDAQ,N,active,2026-07-11,2026-10-08
HSY,The Hershey Company Common Stock,NYSE,N,active,2026-07-11,2026-10-08
HTB,"HomeTrust Bancshares, Inc. Common Stock",NYSE,N,active,2026-07-11,2026-10-08
HTCO,High-Trend International Group - Class A Ordinary Shares,NASDAQ,N,active,2026-07-11,2026-10-08
HTCR,"Heartcore Enterprises, Inc. - Common Stock",NASDAQ,N,active,2026-07-11,2026-10-08
HTD,John Hancock Tax Advantaged Dividend Income Fund Common Shares of Beneficial Interest,NYSE,N,active,2026-07-11,2026-10-08
HTFL,"Heartflow, Inc. - Common Stock",NASDAQ,N,active,2026-07-11,2026-10-08
HTGC,"Hercules Capital, Inc. Common Stock",NYSE,N,active,2026-07-11,2026-10-08
HTH,Hilltop Holdings Inc.,NYSE,N,active,2026-07-11,2026-10-08
HTHT,H World Group Limited - American Depositary Shares,NASDAQ,N,active,2026-07-11,2026-10-08
HTLD,"Heartland Express, Inc. - Common Stock",NASDAQ,N,active,2026-07-11,2026-10-08
HTLM,HomesToLife Ltd - Ordinary Shares,NASDAQ,N,active,2026-07-11,2026-10-08
HTO,H2O America  - Common Stock,NASDAQ,N,active,2026-07-11,2026-10-08
HTOO,Fusion Fuel Green PLC - Ordinary Shares,NASDAQ,N,active,2026-07-11,2026-10-08
HTT,"High Templar Tech Limited American depositary shares, each representing one Class A ordinary share",NYSE,N,active,2026-07-11,2026-10-08
HTZ,"Hertz Global Holdings, Inc - Common Stock",NASDAQ,N,active,2026-07-11,2026-10-08
HUBB,Hubbell Inc Common Stock,NYSE,N,active,2026-07-11,2026-10-08
HUBC,Hub Cyber Security Ltd. - Ordinary Shares,NASDAQ,D,active,2026-07-11,2026-10-08
HUBG,"Hub Group, Inc. - Class A Common Stock",NASDAQ,E,active,2026-07-11,2026-10-08
HUBS,"HubSpot, Inc. Common Stock",NYSE,N,active,2026-07-11,2026-10-08
HUDI,"Huadi International Group Co., Ltd. - Ordinary Shares",NASDAQ,D,active,2026-07-11,2026-10-08
HUHU,HUHUTECH International Group Inc. - Ordinary Shares,NASDAQ,N,active,2026-07-11,2026-10-08
HUIZ,Huize Holding Limited - American Depositary Shares,NASDAQ,N,active,2026-07-11,2026-10-08
HUM,Humana Inc. Common Stock,NYSE,N,active,2026-07-11,2026-10-08
HUMA,"Humacyte, Inc. - Common Stock",NASDAQ,D,active,2026-07-11,2026-10-08
HUN,Huntsman Corporation Common Stock,NYSE,N,active,2026-07-11,2026-10-08
HURA,"TuHURA Biosciences, Inc. - Common Stock",NASDAQ,N,active,2026-07-11,2026-10-08
HURC,"Hurco Companies, Inc. - Common Stock",NASDAQ,N,active,2026-07-11,2026-10-08
HURN,Huron Consulting Group Inc. - Common Stock,NASDAQ,N,active,2026-07-11,2026-10-08
HUT,Hut 8 Corp. - Common Stock,NASDAQ,N,active,2026-07-11,2026-10-08
HUTG,Leverage Shares 2X Long HUT Daily ETF,NASDAQ,N,active,2026-07-11,2026-10-08
HUYA,"HUYA Inc. American depositary shares, each  representing one Class A ordinary share",NYSE,N,active,2026-07-11,2026-10-08
HVII,Hennessy Capital Investment Corp. VII - Ordinary Shares,NASDAQ,N,removed,2026-07-11,2026-09-24
HVMC,Highview Merger Corp. - Class A Ordinary Share,NASDAQ,N,active,2026-07-11,2026-10-08
HVT,"Haverty Furniture Companies, Inc. Common Stock",NYSE,N,active,2026-07-11,2026-10-08
HVT-A,"Haverty Furniture Companies, Inc. Common Stock",NYSE,N,active,2026-07-11,2026-10-08
HWAY,Themes US Infrastructure ETF,NASDAQ,N,removed,2026-07-11,2026-07-28
HWBK,"Hawthorn Bancshares, Inc. - Common Stock",NASDAQ,N,active,2026-07-11,2026-10-08
HWC,Hancock Whitney Corporation - Common Stock,NASDAQ,N,active,2026-07-11,2026-10-08
HWH,HWH International Inc. - Common Stock,NASDAQ,N,removed,2026-07-11,2026-09-22
HWKN,"Hawkins, Inc. - Common Stock",NASDAQ,N,active,2026-07-11,2026-10-08
HWM,Howmet Aerospace Inc. Common Stock,NYSE,N,active,2026-07-11,2026-10-08
HWSM,Hotchkis & Wiley SMID Cap Diversified Value Fund,NASDAQ,N,active,2026-07-11,2026-10-08
HXHX,Haoxin Holdings Limited - Class A Ordinary Shares,NASDAQ,D,active,2026-07-11,2026-10-08
HXL,Hexcel Corporation Common Stock,NYSE,N,active,2026-07-11,2026-10-08
HY,"Hyster-Yale, Inc. Class A common stock",NYSE,N,active,2026-07-11,2026-10-08
HYBI,NEOS Enhanced Income Credit Select ETF,NASDAQ,N,active,2026-07-11,2026-10-08
HYBX,TCW High Yield Bond ETF,NYSE,N,active,2026-07-11,2026-10-08
HYDR,Global X Hydrogen ETF,NASDAQ,N,active,2026-07-11,2026-10-08
HYFM,"Hydrofarm Holdings Group, Inc. - Common Stock",NASDAQ,D,active,2026-07-11,2026-10-08
HYFT,MindWalk Holdings Corp. - Common Stock,NASDAQ,N,active,2026-07-11,2026-10-08
HYI,Western Asset High Yield Opportunity Fund Inc. Common Stock,NYSE,N,active,2026-07-11,2026-10-08
HYLN,Hyliion Holdings Corp. Class A Common Stock,NYSE American,N,active,2026-07-11,2026-10-08
HYLS,First Trust Tactical High Yield ETF,NASDAQ,N,active,2026-07-11,2026-10-08
HYMC,Hycroft Mining Holding Corporation - Class A Common Stock,NASDAQ,N,active,2026-07-11,2026-10-08
HYNE,"Hoyne Bancorp, Inc. - Common Stock",NASDAQ,N,active,2026-07-11,2026-10-08
HYP,Golden Eagle Dynamic Hypergrowth ETF,NASDAQ,N,active,2026-07-11,2026-10-08
HYPD,"Hyperion DeFi, Inc. - Common Stock",NASDAQ,N,active,2026-07-11,2026-10-08
HYPG,Grayscale Hyperliquid Staking ETF,NASDAQ,N,active,2026-07-11,2026-10-08
HYPR,"Hyperfine, Inc.  - Class A Common Stock",NASDAQ,D,active,2026-07-11,2026-10-08
HYT,"Blackrock Corporate High Yield Fund, Inc. Common Stock",NYSE,N,active,2026-07-11,2026-10-08
HYTR,Counterpoint High Yield Trend ETF,NYSE,N,active,2026-07-11,2026-10-08
HYXF,iShares ESG Advanced High Yield Corporate Bond ETF,NASDAQ,N,active,2026-07-11,2026-10-08
HYZD,WisdomTree Interest Rate Hedged High Yield Bond Fund,NASDAQ,N,active,2026-07-11,2026-10-08
HZO,"MarineMax, Inc.  (FL) Common Stock",NYSE,N,active,2026-07-11,2026-10-08
IACO,Idea Acquisition Corp. - Class A Ordinary Shares,NASDAQ,N,active,2026-07-11,2026-10-08
IACQ,Irenic Acquisition Corp. - Class A Ordinary Shares,NASDAQ,N,active,2026-07-11,2026-10-08
IAE,Voya Asia Pacific High Dividend Equity Income Fund ING Asia Pacific High Dividend Equity Income Fund Common Shares of Beneficial Interest,NYSE,N,active,2026-07-11,2026-10-08
IAF,"abrdn Australia Equity Fund, Inc. Common Stock",NYSE American,N,active,2026-07-11,2026-10-08
IAG,Iamgold Corporation Ordinary Shares,NYSE,N,active,2026-07-11,2026-10-08
IALT,iShares Systematic Alternatives Active ETF,NASDAQ,N,active,2026-07-11,2026-10-08
IART,Integra LifeSciences Holdings Corporation - Common Stock,NASDAQ,N,active,2026-07-11,2026-10-08
IAUX,i-80 Gold Corp. Common Shares,NYSE American,N,active,2026-07-11,2026-10-08
IBAC,IB Acquisition Corp. - Common Stock,NASDAQ,N,active,2026-07-11,2026-10-08
IBAT,iShares Energy Storage & Materials ETF,NASDAQ,N,active,2026-07-11,2026-10-08
IBB,iShares Biotechnology ETF,NASDAQ,N,active,2026-07-11,2026-10-08
IBBQ,Invesco Nasdaq Biotechnology ETF,NASDAQ,N,active,2026-07-11,2026-10-08
IBCP,Independent Bank Corporation - Common Stock,NASDAQ,N,active,2026-07-11,2026-10-08
IBEX,IBEX Limited - Common Share,NASDAQ,N,active,2026-07-11,2026-10-08
IBG,Innovation Beverage Group Limited - Ordinary Shares,NASDAQ,D,active,2026-07-11,2026-10-08
IBGA,iShares iBonds Dec 2044 Term Treasury ETF,NASDAQ,N,active,2026-07-11,2026-10-08
IBGB,iShares iBonds Dec 2045 Term Treasury ETF,NASDAQ,N,active,2026-07-11,2026-10-08
IBGC,iShares iBonds Dec 2046 Term Treasury ETF,NASDAQ,N,active,2026-07-11,2026-10-08
IBGK,iShares iBonds Dec 2054 Term Treasury ETF,NASDAQ,N,active,2026-07-11,2026-10-08
IBGL,iShares iBonds Dec 2055 Term Treasury ETF,NASDAQ,N,active,2026-07-11,2026-10-08
IBGM,iShares iBonds Dec 2056 Term Treasury ETF,NASDAQ,N,active,2026-07-11,2026-10-08
IBIO,"iBio, Inc. - Common Stock",NASDAQ,N,active,2026-07-11,2026-10-08
IBIT,iShares Bitcoin Trust ETF,NASDAQ,N,active,2026-07-11,2026-10-08
IBKR,"Interactive Brokers Group, Inc. - Class A Common Stock",NASDAQ,N,active,2026-07-11,2026-10-08
IBM,International Business Machines Corporation Common Stock,NYSE,N,active,2026-07-11,2026-10-08
IBN,ICICI Bank Limited Common Stock,NYSE,N,active,2026-07-11,2026-10-08
IBO,"Impact BioMedical, Inc. Common Stock",NYSE American,N,active,2026-07-11,2026-10-08
IBOC,International Bancshares Corporation - Common Stock,NASDAQ,N,active,2026-07-11,2026-10-08
IBOT,VanEck Robotics ETF,NASDAQ,N,active,2026-07-11,2026-10-08
IBP,"Installed Building Products, Inc. Common Stock",NYSE,N,active,2026-07-11,2026-10-08
IBRX,"ImmunityBio, Inc. - Common Stock",NASDAQ,N,active,2026-07-11,2026-10-08
IBTA,"Ibotta, Inc. Class A Common Stock",NYSE,N,active,2026-07-11,2026-10-08
IBTG,iShares iBonds Dec 2026 Term Treasury ETF,NASDAQ,N,active,2026-07-11,2026-10-08
IBTH,iShares iBonds Dec 2027 Term Treasury ETF,NASDAQ,N,active,2026-07-11,2026-10-08
IBTI,iShares iBonds Dec 2028 Term Treasury ETF,NASDAQ,N,active,2026-07-11,2026-10-08
IBTJ,iShares iBonds Dec 2029 Term Treasury ETF,NASDAQ,N,active,2026-07-11,2026-10-08
IBTK,iShares iBonds Dec 2030 Term Treasury ETF,NASDAQ,N,active,2026-07-11,2026-10-08
IBTL,iShares iBonds Dec 2031 Term Treasury ETF,NASDAQ,N,active,2026-07-11,2026-10-08
IBTM,iShares iBonds Dec 2032 Term Treasury ETF,NASDAQ,N,active,2026-07-11,2026-10-08
IBTO,iShares iBonds Dec 2033 Term Treasury ETF,NASDAQ,N,active,2026-07-11,2026-10-08
IBTP,iShares iBonds Dec 2034 Term Treasury ETF,NASDAQ,N,active,2026-07-11,2026-10-08
IBTQ,iShares iBonds Dec 2035 Term Treasury ETF,NASDAQ,N,active,2026-07-11,2026-10-08
IBTR,iShares iBonds Dec 2036 Term Treasury ETF,NASDAQ,N,active,2026-07-11,2026-10-08
ICCC,ImmuCell Corporation - Common Stock,NASDAQ,N,active,2026-07-11,2026-10-08
ICCM,IceCure Medical Ltd. - Ordinary Shares,NASDAQ,N,active,2026-07-11,2026-10-08
ICE,Intercontinental Exchange Inc. Common Stock,NYSE,N,active,2026-07-11,2026-10-08
ICFI,"ICF International, Inc. - Common Stock",NASDAQ,N,active,2026-07-11,2026-10-08
ICG,Intchains Group Limited - American Depositary Shares,NASDAQ,N,active,2026-07-11,2026-10-08
ICHR,Ichor Holdings - Ordinary Shares,NASDAQ,N,active,2026-07-11,2026-10-08
ICL,ICL Group Ltd. Ordinary Shares,NYSE,N,active,2026-07-11,2026-10-08
ICLN,iShares Global Clean Energy ETF,NASDAQ,N,active,2026-07-11,2026-10-08
ICLR,ICON plc - Ordinary Shares,NASDAQ,N,active,2026-07-11,2026-10-08
ICMB,"Investcorp Credit Management BDC, Inc. - Common Stock",NASDAQ,D,active,2026-07-11,2026-10-08
ICON,Icon Energy Corp. - Common stock,NASDAQ,N,active,2026-07-11,2026-10-08
ICOP,iShares Copper and Metals Mining ETF,NASDAQ,N,active,2026-07-11,2026-10-08
ICU,SeaStar Medical Holding Corporation - Common Stock,NASDAQ,N,active,2026-07-11,2026-10-08
ICUI,"ICU Medical, Inc. - Common Stock",NASDAQ,N,active,2026-07-11,2026-10-08
IDA,"IDACORP, Inc. Common Stock",NYSE,N,active,2026-07-11,2026-10-08
IDAC,Iron Dome Acquisition I Corp. - Class A Ordinary Shares,NASDAQ,N,active,2026-07-11,2026-10-08
IDAI,T Stamp Inc. - Class A Common Stock,NASDAQ,N,active,2026-07-11,2026-10-08
IDCC,"InterDigital, Inc. - Common Stock",NASDAQ,N,active,2026-07-11,2026-10-08
IDE,"Voya Infrastructure, Industrials and Materials Fund Common Shares of Beneficial Interest",NYSE,N,active,2026-07-11,2026-10-08
IDEF,iShares Defense Industrials Active ETF,NASDAQ,N,active,2026-07-11,2026-10-08
IDN,"Intellicheck, Inc. - Common Stock",NASDAQ,N,active,2026-07-11,2026-10-08
IDR,"Idaho Strategic Resources, Inc. Common Stock",NYSE American,N,active,2026-07-11,2026-10-08
IDT,IDT Corporation Class B Common Stock,NYSE,N,active,2026-07-11,2026-10-08
IDVY,First Trust International Rising Dividend Achievers ETF,NASDAQ,N,active,2026-07-11,2026-10-08
IDXX,"IDEXX Laboratories, Inc. - Common Stock",NASDAQ,N,active,2026-07-11,2026-10-08
IDYA,"IDEAYA Biosciences, Inc. - Common Stock",NASDAQ,N,active,2026-07-11,2026-10-08
IE,Ivanhoe Electric Inc. Common Stock,NYSE American,N,active,2026-07-11,2026-10-08
IEAG,Infinite Eagle Acquisition Corp. - Class A Ordinary Shares,NASDAQ,N,active,2026-07-11,2026-10-08
IEF,iShares 7-10 Year Treasury Bond ETF,NASDAQ,N,active,2026-07-11,2026-10-08
IEI,iShares 3-7 Year Treasury Bond ETF,NASDAQ,N,active,2026-07-11,2026-10-08
IESC,"IES Holdings, Inc. - Common Stock",NASDAQ,N,active,2026-07-11,2026-10-08
IEUS,iShares MSCI Europe Small-Cap ETF,NASDAQ,N,active,2026-07-11,2026-10-08
IEX,IDEX Corporation Common Stock,NYSE,N,active,2026-07-11,2026-10-08
IFBD,"Infobird Co., Ltd - Ordinary Shares",NASDAQ,N,active,2026-07-11,2026-10-08
IFF,"International Flavors & Fragrances, Inc. Common Stock",NYSE,N,active,2026-07-11,2026-10-08
IFGL,iShares International Developed Real Estate ETF,NASDAQ,N,active,2026-07-11,2026-10-08
IFLO,VictoryShares International Free Cash Flow ETF,NASDAQ,N,active,2026-07-11,2026-10-08
IFN,"Aberdeen India Fund, Inc. Common Stock",NYSE,N,active,2026-07-11,2026-10-08
IFRX,InflaRx N.V. - Common Stock,NASDAQ,N,active,2026-07-11,2026-10-08
IFS,Intercorp Financial Services Inc. Common Shares,NYSE,N,active,2026-07-11,2026-10-08
IFV,First Trust Dorsey Wright International Focus 5 ETF,NASDAQ,N,active,2026-07-11,2026-10-08
IGA,Voya Global Advantage and Premium Opportunity Fund Common Shares of Beneficial Interest,NYSE,N,active,2026-07-11,2026-10-08
IGAC,Invest Green Acquisition Corporation - Class A Ordinary Shares,NASDAQ,N,active,2026-07-11,2026-10-08
IGC,"IGC Pharma, Inc. Common Stock",NYSE American,N,active,2026-07-11,2026-10-08
IGCB,TCW Corporate Bond ETF,NYSE,N,active,2026-07-11,2026-10-08
IGD,Voya Global Equity Dividend and Premium Opportunity Fund,NYSE,N,active,2026-07-11,2026-10-08
IGF,iShares Global Infrastructure ETF,NASDAQ,N,active,2026-07-11,2026-10-08
IGI,Western Asset Investment Grade Opportunity Trust Inc. Common Stock,NYSE,N,active,2026-07-11,2026-10-08
IGIB,iShares 5-10 Year Investment Grade Corporate Bond ETF,NASDAQ,N,active,2026-07-11,2026-10-08
IGIC,International General Insurance Holdings Ltd. - Ordinary Shares,NASDAQ,N,active,2026-07-11,2026-10-08
IGOV,iShares International Treasury Bond ETF,NASDAQ,N,active,2026-07-11,2026-10-08
IGR,CBRE Global Real Estate Income Fund Common Shares of Beneficial Interest,NYSE,N,active,2026-07-11,2026-10-08
IGSB,iShares 1-5 Year Investment Grade Corporate Bond ETF,NASDAQ,N,active,2026-07-11,2026-10-08
IH,"iHuman Inc. American depositary shares, each representing five Class A ordinary shares",NYSE,N,active,2026-07-11,2026-10-08
IHD,Voya Emerging Markets High Income Dividend Equity Fund Common Shares,NYSE,N,active,2026-07-11,2026-10-08
IHG,Intercontinental Hotels Group American Depositary Shares (Each representing one Ordinary Share),NYSE,N,active,2026-07-11,2026-10-08
IHRT,"iHeartMedia, Inc. - Class A Common Stock",NASDAQ,N,active,2026-07-11,2026-10-08
IHS,IHS Holding Limited Ordinary Shares,NYSE,N,active,2026-07-11,2026-10-08
IHT,InnSuites Hospitality Trust Shares of Beneficial Interest,NYSE American,N,active,2026-07-11,2026-10-08
IIF,"Morgan Stanley India Investment Fund, Inc. Common Stock",NYSE,N,active,2026-07-11,2026-10-08
III,"Information Services Group, Inc. - Common Stock",NASDAQ,N,active,2026-07-11,2026-10-08
IIIN,"Insteel Industries, Inc. Common Stock",NYSE,N,active,2026-07-11,2026-10-08
IIIV,"i3 Verticals, Inc. - Common Stock",NASDAQ,N,active,2026-07-11,2026-10-08
IIM,Invesco Value Municipal Income Trust Common Stock,NYSE,N,active,2026-07-11,2026-10-08
IIPR,"Innovative Industrial Properties, Inc. Common Stock",NYSE,N,active,2026-07-11,2026-10-08
IJT,iShares S&P SmallCap 600 Growth ETF,NASDAQ,N,active,2026-07-11,2026-10-08
IKT,"Inhibikase Therapeutics, Inc. - Common Stock",NASDAQ,N,active,2026-07-11,2026-10-08
ILAG,Intelligent Living Application Group Inc. - Ordinary Shares,NASDAQ,N,active,2026-07-11,2026-10-08
ILIT,iShares Lithium Miners and Producers ETF,NASDAQ,N,active,2026-07-11,2026-10-08
ILLR,Triller Group Inc. - Common Stock,NASDAQ,D,removed,2026-07-11,2026-10-07
ILLU,Illumination Acquisition Corp I - Class A Ordinary Shares,NASDAQ,N,active,2026-07-11,2026-10-08
ILMN,"Illumina, Inc. - Common Stock",NASDAQ,N,active,2026-07-11,2026-10-08
ILPT,Industrial Logistics Properties Trust - Common Shares of Beneficial Interest,NASDAQ,N,active,2026-07-11,2026-10-08
IMA,"ImageneBio, Inc. - Common Stock",NASDAQ,N,active,2026-07-11,2026-10-08
IMAX,Imax Corporation Common Stock,NYSE,N,active,2026-07-11,2026-10-08
IMCC,IM Cannabis Corp. - Common Shares,NASDAQ,N,active,2026-07-11,2026-10-08
IMCR,Immunocore Holdings plc - American Depositary Shares,NASDAQ,N,active,2026-07-11,2026-10-08
IMCV,iShares Morningstar Mid-Cap Value ETF,NASDAQ,N,active,2026-07-11,2026-10-08
IMDX,Insight Molecular Diagnostics Inc. - Common Stock,NASDAQ,N,active,2026-07-11,2026-10-08
IMKTA,"Ingles Markets, Incorporated - Class A Common Stock",NASDAQ,N,active,2026-07-11,2026-10-08
IMMP,Immutep Limited - American Depositary Shares,NASDAQ,D,active,2026-07-11,2026-10-08
IMMR,Immersion Corporation - Common Stock,NASDAQ,N,active,2026-07-11,2026-10-08
IMMX,"Immix Biopharma, Inc. - Common Stock",NASDAQ,N,active,2026-07-11,2026-10-08
IMNM,"Immunome, Inc. - Common Stock",NASDAQ,N,active,2026-07-11,2026-10-08
IMNN,"Imunon, Inc. - Common Stock",NASDAQ,N,active,2026-07-11,2026-10-08
IMO,Imperial Oil Limited Common Stock,NYSE American,N,active,2026-07-11,2026-10-08
IMOM,Alpha Architect International Quantitative Momentum ETF,NASDAQ,N,active,2026-07-11,2026-10-08
IMOS,ChipMOS TECHNOLOGIES INC. - American Depositary Shares,NASDAQ,N,active,2026-07-11,2026-10-08
IMPP,Imperial Petroleum Inc. - Common Shares,NASDAQ,N,active,2026-07-11,2026-10-08
IMRN,Immuron Limited - American Depositary Shares,NASDAQ,N,active,2026-07-11,2026-10-08
IMRX,Immuneering Corporation - Class A Common Stock,NASDAQ,N,active,2026-07-11,2026-10-08
IMSR,Terrestrial Energy Inc. - Common Stock,NASDAQ,N,active,2026-07-11,2026-10-08
IMTE,Integrated Media Technology Limited - Ordinary Shares,NASDAQ,D,active,2026-07-11,2026-10-08
IMTX,Immatics N.V. - Ordinary Shares,NASDAQ,N,active,2026-07-11,2026-10-08
IMUX,"Immunic, Inc.  - Common Stock",NASDAQ,N,active,2026-07-11,2026-10-08
IMVT,"Immunovant, Inc.  - Common Stock",NASDAQ,N,active,2026-07-11,2026-10-08
IMXI,"International Money Express, Inc. - Common Stock",NASDAQ,N,active,2026-07-11,2026-10-08
INAB,"IN8bio, Inc. - Common Stock",NASDAQ,N,active,2026-07-11,2026-10-08
INAC,Indigo Acquisition Corp. - Ordinary Shares,NASDAQ,N,active,2026-07-11,2026-10-08
INBK,First Internet Bancorp - Common Stock,NASDAQ,N,active,2026-07-11,2026-10-08
INBS,Intelligent Bio Solutions Inc.  - Common Stock,NASDAQ,N,active,2026-07-11,2026-10-08
INBX,"Inhibrx Biosciences, Inc. - Common Stock",NASDAQ,N,active,2026-07-11,2026-10-08
INCR,Intercure Ltd. - ordinary shares,NASDAQ,N,active,2026-07-11,2026-10-08
INCY,Incyte Corporation - Common Stock,NASDAQ,N,active,2026-07-11,2026-10-08
IND,Xtrackers Nifty 500 India ETF,NASDAQ,N,active,2026-07-11,2026-10-08
INDB,Independent Bank Corp. - Common Stock,NASDAQ,N,active,2026-07-11,2026-10-08
INDH,WisdomTree India Hedged Equity Fund,NASDAQ,N,active,2026-07-11,2026-10-08
INDI,"indie Semiconductor, Inc. - Class A Common Stock",NASDAQ,N,active,2026-07-11,2026-10-08
INDO,Indonesia Energy Corporation Limited Ordinary Shares,NYSE American,N,active,2026-07-11,2026-10-08
INDP,"Indaptus Therapeutics, Inc. - Common Stock",NASDAQ,N,active,2026-07-11,2026-10-08
INDQ,Pacer ActiveAlpha India Quality ETF,NASDAQ,N,active,2026-07-11,2026-10-08
INDV,"Indivior Pharmaceuticals, Inc.  - Common Stock",NASDAQ,N,active,2026-07-11,2026-10-08
INDY,iShares India 50 ETF,NASDAQ,N,active,2026-07-11,2026-10-08
INEO,INNEOVA Holdings Limited - Class A Ordinary Shares,NASDAQ,D,active,2026-07-11,2026-10-08
INFO,Harbor PanAgora Dynamic Large Cap Core ETF,NYSE,N,active,2026-07-11,2026-10-08
INFQ,"Infleqtion, Inc. Common Stock",NYSE,N,active,2026-07-11,2026-10-08
INFU,"InfuSystems Holdings, Inc. Common Stock",NYSE American,N,active,2026-07-11,2026-10-08
INFY,Infosys Limited American Depositary Shares,NYSE,N,active,2026-07-11,2026-10-08
ING,"ING Group, N.V. Common Stock",NYSE,N,active,2026-07-11,2026-10-08
INGM,Ingram Micro Holding Corporation Common Stock,NYSE,N,active,2026-07-11,2026-10-08
INGN,"Inogen, Inc - Common Stock",NASDAQ,N,active,2026-07-11,2026-10-08
INGR,Ingredion Incorporated Common Stock,NYSE,N,active,2026-07-11,2026-10-08
INHD,Inno Holdings Inc. - Common Stock,NASDAQ,N,active,2026-07-11,2026-10-08
INIO,INNIO N.V. - Ordinary Shares,NASDAQ,N,active,2026-07-11,2026-10-08
INKT,"MiNK Therapeutics, Inc. - Common Stock",NASDAQ,N,active,2026-07-11,2026-10-08
INLF,INLIF LIMITED - Class A Ordinary shares,NASDAQ,N,active,2026-07-11,2026-10-08
INLX,"Intellinetics, Inc. Common Stock",NYSE American,N,active,2026-07-11,2026-10-08
INM,InMed Pharmaceuticals Inc. - Common Shares,NASDAQ,D,active,2026-07-11,2026-10-08
INMB,INmune Bio Inc. - Common stock,NASDAQ,N,active,2026-07-11,2026-10-08
INMD,InMode Ltd.  - Ordinary Shares,NASDAQ,N,active,2026-07-11,2026-10-08
INN,"Summit Hotel Properties, Inc. Common Stock",NYSE,N,active,2026-07-11,2026-10-08
INNV,InnovAge Holding Corp. - Common Stock,NASDAQ,N,active,2026-07-11,2026-10-08
INO,"Inovio Pharmaceuticals, Inc. - Common Stock",NASDAQ,N,active,2026-07-11,2026-10-08
INOD,Innodata Inc. - Common Stock,NASDAQ,N,active,2026-07-11,2026-10-08
INR,"Infinity Natural Resources, Inc. Class A Common Stock",NYSE,N,active,2026-07-11,2026-10-08
INRO,iShares U.S. Industry Rotation Active ETF,NASDAQ,N,active,2026-07-11,2026-10-08
INSE,"Inspired Entertainment, Inc. - Common Stock",NASDAQ,N,active,2026-07-11,2026-10-08
INSG,Inseego Corp. - Common Stock,NASDAQ,N,active,2026-07-11,2026-10-08
INSM,Insmed Incorporated - Common Stock,NASDAQ,N,active,2026-07-11,2026-10-08
INSP,"Inspire Medical Systems, Inc. Common Stock",NYSE,N,active,2026-07-11,2026-10-08
INSW,"International Seaways, Inc. Common Stock ",NYSE,N,active,2026-07-11,2026-10-08
INTA,"Intapp, Inc. - Common Stock",NASDAQ,N,active,2026-07-11,2026-10-08
INTC,Intel Corporation - Common Stock,NASDAQ,N,active,2026-07-11,2026-10-08
INTG,The Intergroup Corporation - Common Stock,NASDAQ,N,active,2026-07-11,2026-10-08
INTJ,Intelligent Group Limited - Class A Ordinary Shares,NASDAQ,N,active,2026-07-11,2026-10-08
INTR,Inter & Co. Inc. - Class A Common Shares,NASDAQ,N,active,2026-07-11,2026-10-08
INTS,"Intensity Therapeutics, Inc. - Common Stock",NASDAQ,N,active,2026-07-11,2026-10-08
INTT,inTest Corporation Common Stock,NYSE American,N,active,2026-07-11,2026-10-08
INTU,Intuit Inc. - Common Stock,NASDAQ,N,active,2026-07-11,2026-10-08
INTW,GraniteShares 2x Long INTC Daily ETF,NASDAQ,N,active,2026-07-11,2026-10-08
INTZ,Intrusion Inc. - Common Stock,NASDAQ,D,active,2026-07-11,2026-10-08
INUV,"Inuvo, Inc.",NYSE American,N,active,2026-07-11,2026-10-08
INV,"Innventure, Inc. - Common Stock",NASDAQ,N,active,2026-07-11,2026-10-08
INVA,"Innoviva, Inc. - Common Stock",NASDAQ,N,active,2026-07-11,2026-10-08
INVE,"Identiv, Inc. - Common Stock",NASDAQ,N,active,2026-07-11,2026-10-08
INVH,Invitation Homes Inc. Common Stock,NYSE,N,active,2026-07-11,2026-10-08
INVX,"Innovex International, Inc. Common Stock",NYSE,N,active,2026-07-11,2026-10-08
INVZ,Innoviz Technologies Ltd. - Ordinary shares,NASDAQ,D,active,2026-07-11,2026-10-08
IONL,GraniteShares 2x Long IONQ Daily ETF,NASDAQ,N,active,2026-07-11,2026-10-08
IONQ,"IonQ, Inc. Common Stock",NYSE,N,active,2026-07-11,2026-10-08
IONR,ioneer Ltd - American Depositary Shares,NASDAQ,N,active,2026-07-11,2026-10-08
IONS,"Ionis Pharmaceuticals, Inc. - Common Stock",NASDAQ,N,active,2026-07-11,2026-10-08
IONX,Defiance Daily Target 2X Long IONQ ETF,NASDAQ,N,active,2026-07-11,2026-10-08
IONZ,Defiance Daily Target 2x Short IONQ ETF,NASDAQ,N,active,2026-07-11,2026-10-08
IOR,"Income Opportunity Realty Investors, Inc. Common Stock",NYSE American,N,active,2026-07-11,2026-10-08
IOSP,Innospec Inc. - Common Stock,NASDAQ,N,active,2026-07-11,2026-10-08
IOT,Samsara Inc. Class A Common Stock,NYSE,N,active,2026-07-11,2026-10-08
IOTR,iOThree Limited - Ordinary Shares,NASDAQ,N,active,2026-07-11,2026-10-08
IOVA,"Iovance Biotherapeutics, Inc. - Common Stock",NASDAQ,N,active,2026-07-11,2026-10-08
IOYY,GraniteShares YieldBOOST IONQ ETF,NASDAQ,N,active,2026-07-11,2026-10-08
IP,International Paper Company Common Stock,NYSE,N,active,2026-07-11,2026-10-08
IPAR,"Interparfums, Inc. - Common Stock",NASDAQ,N,active,2026-07-11,2026-10-08
IPB,"Merrill Lynch & Co., Inc. 6.0518% Index Plus Trust Certificates Series 2003-1",NYSE,N,active,2026-07-11,2026-10-08
IPCX,Inflection Point Acquisition Corp. III - Class A ordinary shares,NASDAQ,N,removed,2026-07-11,2026-08-14
IPDN,"Professional Diversity Network, Inc. - Common Stock",NASDAQ,N,active,2026-07-11,2026-10-08
IPEX,Inflection Point Acquisition Corp. - Class A Ordinary Shares,NASDAQ,N,removed,2026-07-11,2026-09-26
IPFX,Inflection Point Acquisition Corp. VI - Class A Ordinary Shares,NASDAQ,N,active,2026-07-11,2026-10-08
IPGP,IPG Photonics Corporation - Common Stock,NASDAQ,N,active,2026-07-11,2026-10-08
IPHA,Innate Pharma S.A. - American Depositary Shares,NASDAQ,N,active,2026-07-11,2026-10-08
IPI,"Intrepid Potash, Inc Common Stock",NYSE,N,active,2026-07-11,2026-10-08
IPKW,Invesco International BuyBack Achievers ETF,NASDAQ,N,active,2026-07-11,2026-10-08
IPM,Intelligent Protection Management Corp.  - Common Stock,NASDAQ,N,active,2026-07-11,2026-10-08
IPSC,"Century Therapeutics, Inc. - Common Stock",NASDAQ,N,active,2026-07-11,2026-10-08
IPST,"IP Strategy Holdings, Inc. - Common Stock",NASDAQ,E,active,2026-07-11,2026-10-08
IPW,iPower Inc. - Common Stock,NASDAQ,N,active,2026-07-11,2026-10-08
IPWR,Ideal Power Inc. - Common Stock,NASDAQ,N,active,2026-07-11,2026-10-08
IPX,IperionX Limited - American Depositary Share,NASDAQ,N,active,2026-07-11,2026-10-08
IQ,"iQIYI, Inc. - American Depositary Shares",NASDAQ,N,active,2026-07-11,2026-10-08
IQI,Invesco Quality Municipal Income Trust Common Stock,NYSE,N,active,2026-07-11,2026-10-08
IQMX,IQM Quantum Computers Oyj - American Depositary Shares,NASDAQ,N,active,2026-07-11,2026-10-08
IQQ,iShares Nasdaq 100 ETF,NASDAQ,N,active,2026-07-11,2026-10-08
IQQQ,ProShares Nasdaq-100 High Income ETF,NASDAQ,N,active,2026-07-11,2026-10-08
IQST,iQSTEL Inc. - Common Stock,NASDAQ,N,active,2026-07-11,2026-10-08
IQV,"IQVIA Holdings, Inc. Common Stock",NYSE,N,active,2026-07-11,2026-10-08
IR,Ingersoll Rand Inc. Common Stock,NYSE,N,active,2026-07-11,2026-10-08
IRAB,Iris Acquisition Corp II Class A Ordinary Shares,NYSE,N,active,2026-07-11,2026-10-08
IRD,"Opus Genetics, Inc. - Common Stock",NASDAQ,N,active,2026-07-11,2026-10-08
IRDM,Iridium Communications Inc - Common Stock,NASDAQ,N,active,2026-07-11,2026-10-08
IREG,Leverage Shares 2X Long IREN Daily ETF,NASDAQ,N,active,2026-07-11,2026-10-08
IREN,IREN Limited - Ordinary Shares,NASDAQ,N,active,2026-07-11,2026-10-08
IRHO,Iron Horse Acquisitions II Corp. - Common Stock,NASDAQ,N,active,2026-07-11,2026-10-08
IRIX,IRIDEX Corporation - Common Stock,NASDAQ,D,active,2026-07-11,2026-10-08
IRM,Iron Mountain Incorporated (Delaware)Common Stock REIT,NYSE,N,active,2026-07-11,2026-10-08
IRMD,iRadimed Corporation - Common Stock,NASDAQ,N,active,2026-07-11,2026-10-08
IRON,"Disc Medicine, Inc. - Common Stock",NASDAQ,N,active,2026-07-11,2026-10-08
IRS,IRSA Inversiones Y Representaciones S.A. Global Depositary Shares (Each representing ten shares of Common Stock),NYSE,N,active,2026-07-11,2026-10-08
IRT,"Independence Realty Trust, Inc. Common Stock",NYSE,N,active,2026-07-11,2026-10-08
IRTC,"iRhythm Holdings, Inc.  - Common Stock",NASDAQ,N,active,2026-07-11,2026-10-08
IRWD,"Ironwood Pharmaceuticals, Inc. - Class A Common Stock",NASDAQ,N,active,2026-07-11,2026-10-08
ISBA,Isabella Bank Corporation - Common stock,NASDAQ,N,active,2026-07-11,2026-10-08
ISHG,iShares 1-3 Year International Treasury Bond ETF,NASDAQ,N,active,2026-07-11,2026-10-08
ISHP,First Trust S-Network E-Commerce ETF,NASDAQ,N,active,2026-07-11,2026-10-08
ISOU,IsoEnergy Ltd. Common Shares,NYSE American,N,active,2026-07-11,2026-10-08
ISPC,iSpecimen Inc. - Common Stock,NASDAQ,D,active,2026-07-11,2026-10-08
ISPR,Ispire Technology Inc. - Common Stock,NASDAQ,N,active,2026-07-11,2026-10-08
ISRG,"Intuitive Surgical, Inc. - Common Stock",NASDAQ,N,active,2026-07-11,2026-10-08
ISSC,"Innovative Solutions and Support, Inc. - Common Stock",NASDAQ,N,removed,2026-07-11,2026-08-17
ISTB,iShares Core 1-5 Year USD Bond ETF,NASDAQ,N,active,2026-07-11,2026-10-08
ISTM,iShares Strategic Metals ETF,NASDAQ,N,active,2026-07-11,2026-10-08
ISTR,Investar Holding Corporation - Common Stock,NASDAQ,N,active,2026-07-11,2026-10-08
ISUL,GraniteShares 2x Long ISRG Daily ETF,NASDAQ,N,active,2026-07-11,2026-10-08
IT,"Gartner, Inc. Common Stock",NYSE,N,active,2026-07-11,2026-10-08
ITG,"ITG, Inc. - Class A Common Stock",NASDAQ,N,active,2026-07-11,2026-10-08
ITGR,Integer Holdings Corporation Common Stock,NYSE,N,active,2026-07-11,2026-10-08
ITHA,ITHAX Acquisition Corp III - Class A Ordinary Shares,NASDAQ,N,active,2026-07-11,2026-10-08
ITIC,Investors Title Company - Common Stock,NASDAQ,N,active,2026-07-11,2026-10-08
ITOC,iTonic Holdings Ltd - Class A Ordinary Shares,NASDAQ,D,active,2026-07-11,2026-10-08
ITP,"IT Tech Packaging, Inc. Common Stock",NYSE American,N,active,2026-07-11,2026-10-08
ITRG,Integra Resources Corp. Common Shares,NYSE American,N,active,2026-07-11,2026-10-08
ITRI,"Itron, Inc. - Common Stock",NASDAQ,N,active,2026-07-11,2026-10-08
ITRN,Ituran Location and Control Ltd. - Ordinary Shares,NASDAQ,N,active,2026-07-11,2026-10-08
ITT,ITT Inc. Common Stock ,NYSE,N,active,2026-07-11,2026-10-08
ITW,Illinois Tool Works Inc. Common Stock,NYSE,N,active,2026-07-11,2026-10-08
IUS,Invesco RAFI Strategic US ETF,NASDAQ,N,active,2026-07-11,2026-10-08
IUSB,iShares Core Universal USD Bond ETF,NASDAQ,N,active,2026-07-11,2026-10-08
IUSG,iShares Core S&P U.S. Growth ETF,NASDAQ,N,active,2026-07-11,2026-10-08
IUSV,iShares Core S&P U.S. Value ETF,NASDAQ,N,active,2026-07-11,2026-10-08
IVA,Inventiva S.A. - American Depository Shares,NASDAQ,N,active,2026-07-11,2026-10-08
IVAL,Alpha Architect International Quantitative Value ETF,NASDAQ,N,active,2026-07-11,2026-10-08
IVDA,"Iveda Solutions, Inc. - Common Stock",NASDAQ,D,active,2026-07-11,2026-10-08
IVF,"INVO Fertility, Inc. - Common Stock",NASDAQ,N,active,2026-07-11,2026-10-08
IVR,INVESCO MORTGAGE CAPITAL INC Common Stock,NYSE,N,active,2026-07-11,2026-10-08
IVSI,Applied Finance IVS International Large ETF,NASDAQ,N,active,2026-07-11,2026-10-08
IVSS,Applied Finance IVS US SMID ETF,NASDAQ,N,active,2026-07-11,2026-10-08
IVSX,Applied Finance IVS International SMID ETF,NASDAQ,N,active,2026-07-11,2026-10-08
IVT,InvenTrust Properties Corp. Common Stock,NYSE,N,active,2026-07-11,2026-10-08
IVVD,"Invivyd, Inc. - Common Stock",NASDAQ,D,active,2026-07-11,2026-10-08
IVZ,Invesco Ltd Common Stock,NYSE,N,active,2026-07-11,2026-10-08
IX,ORIX Corporation American Depositary Shares,NYSE,N,active,2026-07-11,2026-10-08
IXHL,Incannex Healthcare Inc. - Common Stock,NASDAQ,N,active,2026-07-11,2026-10-08
IXUS,iShares Core MSCI Total International Stock ETF,NASDAQ,N,active,2026-07-11,2026-10-08
IZEA,"IZEA Worldwide, Inc. - Common Stock",NASDAQ,N,active,2026-07-11,2026-10-08
IZM,ICZOOM Group Inc. - Class A Ordinary Shares,NASDAQ,E,active,2026-07-11,2026-10-08
J,Jacobs Solutions Inc. Common Stock,NYSE,N,active,2026-07-11,2026-10-08
JACK,Jack In The Box Inc. - Common Stock,NASDAQ,N,active,2026-07-11,2026-10-08
JACS,Jackson Acquisition Company II Class A Ordinary Shares,NYSE,N,active,2026-07-11,2026-10-08
JAGU,Jaguar Uranium Corp. Class A Common Shares,NYSE American,N,active,2026-07-11,2026-10-08
JAGX,"Jaguar Health, Inc. - Common Stock",NASDAQ,N,active,2026-07-11,2026-10-08
JAKK,"JAKKS Pacific, Inc. - Common Stock",NASDAQ,N,active,2026-07-11,2026-10-08
JAN,"Janus Living, Inc. Class A-1 Common Stock",NYSE,N,active,2026-07-11,2026-10-08
JANX,"Janux Therapeutics, Inc. - Common Stock",NASDAQ,N,active,2026-07-11,2026-10-08
JAPN,Horizon Kinetics Japan Owner Operator ETF,NASDAQ,N,active,2026-07-11,2026-10-08
JATT,JATT II Acquisition Corp - Ordinary Shares,NASDAQ,N,active,2026-07-11,2026-10-08
JAZZ,Jazz Pharmaceuticals plc - Ordinary Shares,NASDAQ,N,active,2026-07-11,2026-10-08
JBDI,JBDI Holdings Limited - Ordinary Shares,NASDAQ,N,active,2026-07-11,2026-10-08
JBGS,JBG SMITH Properties Common Shares ,NYSE,N,active,2026-07-11,2026-10-08
JBHT,"J.B. Hunt Transport Services, Inc. - Common Stock",NASDAQ,N,active,2026-07-11,2026-10-08
JBI,"Janus International Group, Inc. Common Stock",NYSE,N,active,2026-07-11,2026-10-08
JBIO,"Jade Biosciences, Inc. - Common Stock",NASDAQ,N,active,2026-07-11,2026-10-08
JBK,Lehman ABS 3.50 3.50% Adjustable Corp Backed Tr Certs GS Cap I,NYSE,N,active,2026-07-11,2026-10-08
JBL,Jabil Inc. Common Stock,NYSE,N,active,2026-07-11,2026-10-08
JBLU,JetBlue Airways Corporation - Common Stock,NASDAQ,N,active,2026-07-11,2026-10-08
JBND,JPMorgan Active Bond ETF,NYSE,N,active,2026-07-11,2026-10-08
JBS,JBS N.V. Class A Common Shares,NYSE,N,active,2026-07-11,2026-10-08
JBSS,"John B. Sanfilippo & Son, Inc. - Common Stock",NASDAQ,N,active,2026-07-11,2026-10-08
JBTM,JBT Marel Corporation Common Stock,NYSE,N,active,2026-07-11,2026-10-08
JCAP,"Jefferson Capital, Inc. - Common Stock",NASDAQ,N,active,2026-07-11,2026-10-08
JCE,Nuveen Core Equity Alpha Fund Common Shares of Beneficial Interest,NYSE,N,active,2026-07-11,2026-10-08
JCI,Johnson Controls International plc Ordinary Share,NYSE,N,active,2026-07-11,2026-10-08
JCSE,JE Cleantech Holdings Limited - Ordinary Shares,NASDAQ,N,active,2026-07-11,2026-10-08
JCTC,Jewett-Cameron Trading Company - Common Shares,NASDAQ,N,active,2026-07-11,2026-10-08
JD,"JD.com, Inc. - American Depositary Shares",NASDAQ,N,active,2026-07-11,2026-10-08
JDOC,JPMorgan Healthcare Leaders ETF,NASDAQ,N,active,2026-07-11,2026-10-08
JDZG,JIADE LIMITED - Class A Ordinary Shares,NASDAQ,N,active,2026-07-11,2026-10-08
JEF,Jefferies Financial Group Inc. Common Stock,NYSE,N,active,2026-07-11,2026-10-08
JELD,"JELD-WEN Holding, Inc. Common Stock",NYSE,N,active,2026-07-11,2026-10-08
JEM,707 Cayman Holdings Limited - Ordinary Shares,NASDAQ,N,active,2026-07-11,2026-10-08
JEMA,JPMorgan ActiveBuilders Emerging Markets Equity ETF,NASDAQ,N,active,2026-07-11,2026-10-08
JENA,Jena Acquisition Corporation II Class A Ordinary Shares,NYSE,N,active,2026-07-11,2026-10-08
JEPQ,JPMorgan Nasdaq Equity Premium Income ETF,NASDAQ,N,active,2026-07-11,2026-10-08
JF,J and Friends Holdings Limited - American Depositary Shares,NASDAQ,N,active,2026-07-11,2026-10-08
JFB,JFB Construction Holdings - Class A Common Stock,NASDAQ,N,removed,2026-07-11,2026-09-03
JFIN,Jiayin Group Inc. - American Depositary Shares,NASDAQ,N,active,2026-07-11,2026-10-08
JFR,Nuveen Floating Rate Income Fund Common Stock,NYSE,N,active,2026-07-11,2026-10-08
JFU,9F Inc. - American Depositary Shares,NASDAQ,N,active,2026-07-11,2026-10-08
JG,Aurora Mobile Limited - American Depositary Shares,NASDAQ,N,active,2026-07-11,2026-10-08
JGH,Nuveen Global High Income Fund Common Shares of Beneficial Interest,NYSE,N,active,2026-07-11,2026-10-08
JGLO,JPMorgan Global Select Equity ETF,NASDAQ,N,active,2026-07-11,2026-10-08
JHAI,Janus Henderson Global Artificial Intelligence ETF,NASDAQ,N,active,2026-07-11,2026-10-08
JHI,John Hancock Investors Trust Common Stock,NYSE,N,active,2026-07-11,2026-10-08
JHS,John Hancock Income Securities Trust Common Stock,NYSE,N,active,2026-07-11,2026-10-08
JHX,James Hardie Industries plc. Ordinary Shares,NYSE,N,active,2026-07-11,2026-10-08
JILL,"J. Jill, Inc. Common Stock",NYSE,N,active,2026-07-11,2026-10-08
JIVE,JPMorgan International Value ETF,NASDAQ,N,active,2026-07-11,2026-10-08
JJSF,J & J Snack Foods Corp. - Common Stock,NASDAQ,N,active,2026-07-11,2026-10-08
JKHY,"Jack Henry & Associates, Inc. - Common Stock",NASDAQ,N,active,2026-07-11,2026-10-08
JKS,JinkoSolar Holding Company Limited American Depositary Shares (each representing 4 Common Shares),NYSE,N,active,2026-07-11,2026-10-08
JL,J-Long Group Limited - Class A Ordinary Shares,NASDAQ,N,active,2026-07-11,2026-10-08
JLHL,Julong Holding Limited - Class A Ordinary Shares,NASDAQ,N,active,2026-07-11,2026-10-08
JLL,Jones Lang LaSalle Incorporated Common Stock,NYSE,N,active,2026-07-11,2026-10-08
JLS,Nuveen Mortgage and Income Fund,NYSE,N,active,2026-07-11,2026-10-08
JMIA,"Jumia Technologies AG American Depositary Shares, each representing two Ordinary Shares",NYSE,N,active,2026-07-11,2026-10-08
JMID,Janus Henderson Mid Cap Growth Alpha ETF,NASDAQ,N,active,2026-07-11,2026-10-08
JMM,Nuveen Multi-Market Income Fund (MA),NYSE,N,active,2026-07-11,2026-10-08
JMSB,"John Marshall Bancorp, Inc. - Common Stock",NASDAQ,N,active,2026-07-11,2026-10-08
JNJ,Johnson & Johnson Common Stock,NYSE,N,active,2026-07-11,2026-10-08
JOB,GEE Group Inc. Common Stock,NYSE American,N,active,2026-07-11,2026-10-08
JOBY,"Joby Aviation, Inc. Common Stock",NYSE,N,active,2026-07-11,2026-10-08
JOE,St. Joe Company (The) Common Stock,NYSE,N,active,2026-07-11,2026-10-08
JOF,Japan Smaller Capitalization Fund Inc Common Stock,NYSE,N,active,2026-07-11,2026-10-08
JOUT,Johnson Outdoors Inc. - Class A Common Stock,NASDAQ,N,active,2026-07-11,2026-10-08
JOYT,JPMorgan Equity and Options Total Return ETF,NASDAQ,N,active,2026-07-11,2026-10-08
JOYY,JOYY Inc. - American Depositary Shares,NASDAQ,N,active,2026-07-11,2026-10-08
JPEF,JPMorgan Equity Focus ETF,NASDAQ,N,active,2026-07-11,2026-10-08
JPFP,JPMorgan Managed Futures Plus ETF,NASDAQ,N,active,2026-07-11,2026-10-08
JPM,JP Morgan Chase & Co. Common Stock,NYSE,N,active,2026-07-11,2026-10-08
JPY,Lazard Japanese Equity ETF,NASDAQ,N,active,2026-07-11,2026-10-08
JQC,Nuveen Credit Strategies Income Fund Shares of Beneficial Interest,NYSE,N,active,2026-07-11,2026-10-08
JRI,Nuveen Real Asset Income and Growth Fund Common Shares of Beneficial Interest,NYSE,N,active,2026-07-11,2026-10-08
JRS,Nuveen Real Estate Income Fund Common Shares of Beneficial Interest,NYSE,N,active,2026-07-11,2026-10-08
JRSH,"Jerash Holdings (US), Inc. - Common Stock",NASDAQ,N,active,2026-07-11,2026-10-08
JRVR,"James River Group Holdings, Inc. - Common Stock",NASDAQ,N,active,2026-07-11,2026-10-08
JSMD,Janus Henderson Small/Mid Cap Growth Alpha ETF,NASDAQ,N,active,2026-07-11,2026-10-08
JSML,Janus Henderson Small Cap Growth Alpha ETF,NASDAQ,N,active,2026-07-11,2026-10-08
JSPR,"Jasper Therapeutics, Inc. - Class A Common Stock",NASDAQ,D,active,2026-07-11,2026-10-08
JTAI,Jet.AI Inc. - Common Stock,NASDAQ,N,active,2026-07-11,2026-10-08
JTEK,JPMorgan U.S. Tech Leaders ETF,NASDAQ,N,active,2026-07-11,2026-10-08
JUNS,"Jupiter Neurosciences, Inc. - Common Stock",NASDAQ,D,active,2026-07-11,2026-10-08
JVA,"Coffee Holding Co., Inc. - Common Stock",NASDAQ,N,active,2026-07-11,2026-10-08
JWEL,Jowell Global Ltd. - Ordinary Shares,NASDAQ,N,active,2026-07-11,2026-10-08
JXG,JX Luxventure Group Inc. - Common Stock,NASDAQ,N,active,2026-07-11,2026-10-08
JXN,Jackson Financial Inc. Class A Common Stock ,NYSE,N,active,2026-07-11,2026-10-08
JYD,Jayud Global Logistics Limited - Class A Ordinary Shares,NASDAQ,N,active,2026-07-11,2026-10-08
JYNT,The Joint Corp. - Common Stock,NASDAQ,N,active,2026-07-11,2026-10-08
JZ,Jianzhi Education Technology Group Company Limited - American Depositary Shares,NASDAQ,N,active,2026-07-11,2026-10-08
JZXN,"Jiuzi Holdings, Inc. - Ordinary Shares",NASDAQ,N,active,2026-07-11,2026-10-08
KAI,Kadant Inc Common Stock,NYSE,N,active,2026-07-11,2026-10-08
KALA,"KALA BIO, Inc. - Common Stock",NASDAQ,D,active,2026-07-11,2026-10-08
KALU,Kaiser Aluminum Corporation - Common Stock,NASDAQ,N,active,2026-07-11,2026-10-08
KAPA,"Kairos Pharma, Ltd. Common Stock",NYSE American,N,active,2026-07-11,2026-10-08
KARD,"Kardigan, Inc. - Common Stock",NASDAQ,N,active,2026-07-11,2026-10-08
KARO,Karooooo Ltd. - Ordinary shares,NASDAQ,N,active,2026-07-11,2026-10-08
KAT,Scharf ETF,NASDAQ,N,active,2026-07-11,2026-10-08
KAZR,Skyline Builders Group Holding Limited - Class A Ordinary Shares,NASDAQ,N,active,2026-07-11,2026-10-08
KB,KB Financial Group Inc,NYSE,N,active,2026-07-11,2026-10-08
KBAB,KraneShares 2x Long BABA Daily ETF,NASDAQ,N,active,2026-07-11,2026-10-08
KBDC,"Kayne Anderson BDC, Inc. Common Stock",NYSE,N,active,2026-07-11,2026-10-08
KBDU,KraneShares 2x Long BIDU Daily ETF,NASDAQ,N,active,2026-07-11,2026-10-08
KBH,KB Home Common Stock,NYSE,N,active,2026-07-11,2026-10-08
KBON,Karbon Capital Partners Corp. - Class A Ordinary Shares,NASDAQ,N,active,2026-07-11,2026-10-08
KBR,"KBR, Inc. Common Stock",NYSE,N,active,2026-07-11,2026-10-08
KBSX,FST Corp. - Ordinary Shares,NASDAQ,N,active,2026-07-11,2026-10-08
KBWB,Invesco KBW Bank ETF,NASDAQ,N,active,2026-07-11,2026-10-08
KBWD,Invesco KBW High Dividend Yield Financial ETF,NASDAQ,N,active,2026-07-11,2026-10-08
KBWP,Invesco KBW Property & Casualty Insurance ETF,NASDAQ,N,active,2026-07-11,2026-10-08
KBWY,Invesco KBW Premium Yield Equity REIT ETF,NASDAQ,N,active,2026-07-11,2026-10-08
KC,Kingsoft Cloud Holdings Limited - American Depositary Shares,NASDAQ,N,active,2026-07-11,2026-10-08
KCHV,Kochav Defense Acquisition Corp. - Class A Ordinary Shares,NASDAQ,N,active,2026-07-11,2026-10-08
KD,"Kyndryl Holdings, Inc. Common Stock",NYSE,N,active,2026-07-11,2026-10-08
KDK,"Kodiak AI, Inc. - Common Stock",NASDAQ,N,active,2026-07-11,2026-10-08
KDP,Keurig Dr Pepper Inc. - Common Stock,NASDAQ,N,active,2026-07-11,2026-10-08
KE,"Kimball Electronics, Inc. - Common Stock",NASDAQ,N,active,2026-07-11,2026-10-08
KEAT,Keating Active ETF,NASDAQ,N,active,2026-07-11,2026-10-08
KEEL,Keel Infrastructure Corp. - Common Stock,NASDAQ,N,active,2026-07-11,2026-10-08
KELYA,"Kelly Services, Inc. - Class A Common Stock",NASDAQ,N,active,2026-07-11,2026-10-08
KELYB,"Kelly Services, Inc. - Class B Common Stock",NASDAQ,N,active,2026-07-11,2026-10-08
KEN,Kenon Holdings Ltd. Ordinary Shares,NYSE,N,active,2026-07-11,2026-10-08
KEP,Korea Electric Power Corporation Common Stock,NYSE,N,active,2026-07-11,2026-10-08
KEQU,Kewaunee Scientific Corporation - Common Stock,NASDAQ,N,active,2026-07-11,2026-10-08
KEX,Kirby Corporation Common Stock,NYSE,N,active,2026-07-11,2026-10-08
KEY,KeyCorp Common Stock,NYSE,N,active,2026-07-11,2026-10-08
KEYS,Keysight Technologies Inc. Common Stock,NYSE,N,active,2026-07-11,2026-10-08
KEYY,Keystone Acquisition Corp. - Class A Ordinary Shares,NASDAQ,N,active,2026-07-11,2026-10-08
KF,"Korea Fund, Inc. (The) New Common Stock",NYSE,N,active,2026-07-11,2026-10-08
KFFB,Kentucky First Federal Bancorp - Common Stock,NASDAQ,N,active,2026-07-11,2026-10-08
KFII,K&F Growth Acquisition Corp. II - Class A Ordinary shares,NASDAQ,N,active,2026-07-11,2026-10-08
KFRC,"Kforce, Inc. Common Stock",NYSE,N,active,2026-07-11,2026-10-08
KFY,Korn Ferry Common Stock,NYSE,N,active,2026-07-11,2026-10-08
KG,"Kestrel Group, Ltd. - Common Stock",NASDAQ,N,active,2026-07-11,2026-10-08
KGC,Kinross Gold Corporation Common Stock,NYSE,N,active,2026-07-11,2026-10-08
KGEI,Kolibri Global Energy Inc. - Common stock,NASDAQ,N,active,2026-07-11,2026-10-08
KGS,"Kodiak Gas Services, Inc. Common Stock",NYSE,N,active,2026-07-11,2026-10-08
KHC,The Kraft Heinz Company - Common Stock,NYSE,N,active,2026-07-11,2026-10-08
KIDS,OrthoPediatrics Corp. - Common Stock,NASDAQ,N,active,2026-07-11,2026-10-08
KIDZ,KIDZ AI Inc. - Class B Common Stock,NASDAQ,N,active,2026-07-11,2026-10-08
KIM,Kimco Realty Corporation (HC) Common Stock,NYSE,N,active,2026-07-11,2026-10-08
KINS,"Kingstone Companies, Inc - Common Stock",NASDAQ,N,active,2026-07-11,2026-10-08
KIO,KKR Income Opportunities Fund Common Shares,NYSE,N,active,2026-07-11,2026-10-08
KIQQ,KraneShares InspereX Nasdaq Dynamic Buffered High Income Index ETF,NASDAQ,N,active,2026-07-11,2026-10-08
KITT,"Nauticus Robotics, Inc. - Common stock",NASDAQ,D,active,2026-07-11,2026-10-08
KJD,KraneShares 2x Long JD Daily ETF,NASDAQ,N,active,2026-07-11,2026-10-08
KKR,KKR & Co. Inc. Common Stock,NYSE,N,active,2026-07-11,2026-10-08
KLAC,KLA Corporation  - Common Stock,NASDAQ,N,active,2026-07-11,2026-10-08
KLAG,Leverage Shares 2x Long KLAC Daily ETF,NASDAQ,N,active,2026-07-11,2026-10-08
KLAR,Klarna Group plc Ordinary Shares,NYSE,N,active,2026-07-11,2026-10-08
KLC,"KinderCare Learning Companies, Inc. Common Stock",NYSE,N,active,2026-07-11,2026-10-08
KLIC,"Kulicke and Soffa Industries, Inc. - Common Stock",NASDAQ,N,active,2026-07-11,2026-10-08
KLRA,"Kailera Therapeutics, Inc. - Common stock",NASDAQ,N,active,2026-07-11,2026-10-08
KLRS,"Kalaris Therapeutics, Inc.  - Common Stock",NASDAQ,N,active,2026-07-11,2026-10-08
KLTR,"Kaltura, Inc. - Common Stock",NASDAQ,N,active,2026-07-11,2026-10-08
KLXE,"KLX Energy Services Holdings, Inc.  - Common Stock",NASDAQ,N,active,2026-07-11,2026-10-08
KMB,Kimberly-Clark Corporation - Common Stock,NASDAQ,N,active,2026-07-11,2026-10-08
KMDA,Kamada Ltd. - Ordinary Shares,NASDAQ,N,active,2026-07-11,2026-10-08
KMI,"Kinder Morgan, Inc. Common Stock",NYSE,N,active,2026-07-11,2026-10-08
KMLI,KraneShares 2x Long MELI Daily ETF,NASDAQ,N,active,2026-07-11,2026-10-08
KMPR,Kemper Corporation,NYSE,N,active,2026-07-11,2026-10-08
KMRK,K-Tech Solutions Company Limited - Class A Ordinary Shares,NASDAQ,N,active,2026-07-11,2026-10-08
KMT,Kennametal Inc. Common Stock,NYSE,N,active,2026-07-11,2026-10-08
KMTS,"Kestra Medical Technologies, Ltd. - Common Stock",NASDAQ,N,active,2026-07-11,2026-10-08
KMX,CarMax Inc,NYSE,N,active,2026-07-11,2026-10-08
KN,Knowles Corporation Common Stock,NYSE,N,active,2026-07-11,2026-10-08
KNDI,"Kandi Technologies Group, Inc. - Ordinary Shares",NASDAQ,D,active,2026-07-11,2026-10-08
KNF,Knife Riv Holding Co. Common Stock,NYSE,N,active,2026-07-11,2026-10-08
KNGZ,First Trust S&P 500 Diversified Dividend Aristocrats ETF,NASDAQ,N,active,2026-07-11,2026-10-08
KNRX,KNOREX LTD. Class A Ordinary Shares,NYSE American,N,active,2026-07-11,2026-10-08
KNSA,"Kiniksa Pharmaceuticals International, plc - Class A Ordinary Shares",NASDAQ,N,active,2026-07-11,2026-10-08
KNSL,"Kinsale Capital Group, Inc. Common Stock",NYSE,N,active,2026-07-11,2026-10-08
KNTK,Kinetik Holdings Inc. Class A Common Stock,NYSE,N,active,2026-07-11,2026-10-08
KNX,Knight-Swift Transportation Holdings Inc.,NYSE,N,active,2026-07-11,2026-10-08
KO,Coca-Cola Company (The) Common Stock,NYSE,N,active,2026-07-11,2026-10-08
KOD,Kodiak Sciences Inc - Common Stock,NASDAQ,N,active,2026-07-11,2026-10-08
KODK,Eastman Kodak Company Common New,NYSE,N,active,2026-07-11,2026-10-08
KOID,KraneShares Global Humanoid Robotics and Physical AI Index ETF,NASDAQ,N,active,2026-07-11,2026-10-08
KOP,Koppers Holdings Inc. Common Stock,NYSE,N,active,2026-07-11,2026-10-08
KOPN,Kopin Corporation - Common Stock,NASDAQ,N,active,2026-07-11,2026-10-08
KORE,"KORE Group Holdings, Inc. Common Stock",NYSE,N,removed,2026-07-11,2026-07-20
KOS,Kosmos Energy Ltd. Common Shares (DE),NYSE,N,active,2026-07-11,2026-10-08
KOSS,Koss Corporation - Common Stock,NASDAQ,N,active,2026-07-11,2026-10-08
KOYN,CSLM Digital Asset Acquisition Corp III - Class A Ordinary Shares,NASDAQ,N,active,2026-07-11,2026-10-08
KPDD,KraneShares 2x Long PDD Daily ETF,NASDAQ,N,active,2026-07-11,2026-10-08
KPET,KPET Ultra Paceline Corporation Class A Ordinary Shares,NYSE,N,active,2026-07-11,2026-10-08
KPLT,"Katapult Holdings, Inc. - Common Stock",NASDAQ,N,active,2026-07-11,2026-10-08
KPRX,"Kiora Pharmaceuticals, Inc.  - Common Stock",NASDAQ,N,active,2026-07-11,2026-10-08
KPTI,Karyopharm Therapeutics Inc. - Common Stock,NASDAQ,N,active,2026-07-11,2026-10-08
KQQQ,Kurv Technology Titans Select ETF,NASDAQ,N,active,2026-07-11,2026-10-08
KR,Kroger Company (The) Common Stock,NYSE,N,active,2026-07-11,2026-10-08
KRAQ,KRAKacquisition Corp - Class A Ordinary Shares,NASDAQ,N,active,2026-07-11,2026-10-08
KRC,Kilroy Realty Corporation Common Stock,NYSE,N,active,2026-07-11,2026-10-08
KREF,KKR Real Estate Finance Trust Inc. Common Stock,NYSE,N,active,2026-07-11,2026-10-08
KRG,Kite Realty Group Trust Common Stock,NYSE,N,active,2026-07-11,2026-10-08
KRKR,36Kr Holdings Inc. - American Depositary Shares,NASDAQ,N,active,2026-07-11,2026-10-08
KRMA,Global X Conscious Companies ETF,NASDAQ,N,removed,2026-07-11,2026-07-21
KRMD,"KORU Medical Systems, Inc. - Common Stock",NASDAQ,N,active,2026-07-11,2026-10-08
KRMN,Karman Holdings Inc. Common Stock,NYSE,N,active,2026-07-11,2026-10-08
KRNT,Kornit Digital Ltd. - Ordinary Shares,NASDAQ,N,active,2026-07-11,2026-10-08
KRNY,Kearny Financial - Common Stock,NASDAQ,N,active,2026-07-11,2026-10-08
KRO,Kronos Worldwide Inc Common Stock,NYSE,N,active,2026-07-11,2026-10-08
KROP,Global X AgTech & Food Innovation ETF,NASDAQ,N,active,2026-07-11,2026-10-08
KROS,"Keros Therapeutics, Inc. - common stock",NASDAQ,N,active,2026-07-11,2026-10-08
KRRO,"Korro Bio, Inc. - Common Stock",NASDAQ,N,active,2026-07-11,2026-10-08
KRSP,Rice Acquisition Corporation 3 Class A Ordinary Shares,NYSE,N,active,2026-07-11,2026-10-08
KRT,Karat Packaging Inc. - Common Stock,NASDAQ,N,active,2026-07-11,2026-10-08
KRUS,"Kura Sushi USA, Inc. - Class A Common Stock",NASDAQ,N,active,2026-07-11,2026-10-08
KRYS,"Krystal Biotech, Inc. - Common Stock",NASDAQ,N,active,2026-07-11,2026-10-08
KSCP,"Knightscope, Inc. - Class A Common Stock",NASDAQ,N,active,2026-07-11,2026-10-08
KSPI,Joint Stock Company Kaspi.kz - American Depository Shares,NASDAQ,N,active,2026-07-11,2026-10-08
KSS,Kohl's Corporation Common Stock,NYSE,N,active,2026-07-11,2026-10-08
KT,KT Corporation Common Stock,NYSE,N,active,2026-07-11,2026-10-08
KTB,"Kontoor Brands, Inc. Common Stock ",NYSE,N,active,2026-07-11,2026-10-08
KTCC,Key Tronic Corporation - Common Stock,NASDAQ,N,active,2026-07-11,2026-10-08
KTF,DWS Municipal Income Trust,NYSE,N,active,2026-07-11,2026-10-08
KTN,Structured Products Corp 8.205% CorTS 8.205% Corporate Backed Trust Securities (CorTS),NYSE,N,active,2026-07-11,2026-10-08
KTOS,"Kratos Defense & Security Solutions, Inc. - Common Stock",NASDAQ,N,active,2026-07-11,2026-10-08
KTTA,Pasithea Therapeutics Corp. - Common Stock,NASDAQ,D,active,2026-07-11,2026-10-08
KTWO,K2 Capital Acquisition Corporation - Class A Ordinary Share,NASDAQ,N,active,2026-07-11,2026-10-08
KULR,"KULR Technology Group, Inc. Common Stock",NYSE American,N,active,2026-07-11,2026-10-08
KURA,"Kura Oncology, Inc. - Common Stock",NASDAQ,N,active,2026-07-11,2026-10-08
KUST,"Kustom Entertainment, Inc. - Common Stock",NASDAQ,N,active,2026-07-11,2026-10-08
KVAC,Keen Vision Acquisition Corporation - Ordinary Shares,NASDAQ,N,removed,2026-07-11,2026-07-31
KVHI,"KVH Industries, Inc. - Common Stock",NASDAQ,N,active,2026-07-11,2026-10-08
KVUE,Kenvue Inc. Common Stock,NYSE,N,active,2026-07-11,2026-10-08
KVYO,"Klaviyo, Inc. Series A Common Stock",NYSE,N,active,2026-07-11,2026-10-08
KWM,"K Wave Media, Ltd. - Ordinary Shares",NASDAQ,N,removed,2026-07-11,2026-09-08
KWR,Quaker Houghton Common Stock,NYSE,N,active,2026-07-11,2026-10-08
KWY,Kingsway Corporation Common Stock,NYSE,N,active,2026-07-11,2026-10-08
KXIN,Kaixin Holdings - Ordinary Shares,NASDAQ,N,active,2026-07-11,2026-10-08
KYIV,Kyivstar Group Ltd. - Common Shares,NASDAQ,N,active,2026-07-11,2026-10-08
KYMR,"Kymera Therapeutics, Inc. - Common Stock",NASDAQ,N,active,2026-07-11,2026-10-08
KYN,"Kayne Anderson Energy Infrastructure Fund, Inc.",NYSE,N,active,2026-07-11,2026-10-08
KYNB,"Kyntra Bio, Inc. - Common Stock",NASDAQ,D,active,2026-07-11,2026-10-08
KYTX,"Kyverna Therapeutics, Inc. - Common Stock",NASDAQ,N,active,2026-07-11,2026-10-08
KZIA,Kazia Therapeutics Limited - American Depositary Shares,NASDAQ,N,active,2026-07-11,2026-10-08
L,Loews Corporation Common Stock,NYSE,N,active,2026-07-11,2026-10-08
LAB,Standard BioTools Inc. - Common Stock,NASDAQ,D,active,2026-07-11,2026-10-08
LABT,Lakewood-Amedex Biotherapeutics Inc. - Common Stock,NASDAQ,N,active,2026-07-11,2026-10-08
LAC,Lithium Americas Corp. Common Shares,NYSE,N,active,2026-07-11,2026-10-08
LACG,Leverage Shares 2X Long LAC Daily ETF,NASDAQ,N,removed,2026-07-11,2026-07-28
LAD,"Lithia Motors, Inc. Common Stock",NYSE,N,active,2026-07-11,2026-10-08
LADR,Ladder Capital Corp Class A Common Stock,NYSE,N,active,2026-07-11,2026-10-08
LAES,SEALSQ Corp - Ordinary Shares,NASDAQ,N,active,2026-07-11,2026-10-08
LAFA,LaFayette Acquisition Corp. - Ordinary Share,NASDAQ,N,active,2026-07-11,2026-10-08
LAKE,"Lakeland Industries, Inc. - Common Stock",NASDAQ,N,active,2026-07-11,2026-10-08
LAMR,Lamar Advertising Company - Class A Common Stock,NASDAQ,N,active,2026-07-11,2026-10-08
LAND,Gladstone Land Corporation - Common Stock,NASDAQ,N,active,2026-07-11,2026-10-08
LANV,Lanvin Group Holdings Limited Ordinary Shares,NYSE,N,active,2026-07-11,2026-10-08
LAR,Lithium Argentina AG Common Shares,NYSE,N,active,2026-07-11,2026-10-08
LARK,Landmark Bancorp Inc. - Common Stock,NASDAQ,N,active,2026-07-11,2026-10-08
LASE,Laser Photonics Corporation - Common Stock,NASDAQ,N,active,2026-07-11,2026-10-08
LASR,"nLIGHT, Inc. - Common Stock",NASDAQ,N,active,2026-07-11,2026-10-08
LATA,Galata Acquisition Corp. II - Class A Ordinary Shares,NASDAQ,N,active,2026-07-11,2026-10-08
LAUR,"Laureate Education, Inc. - Common Stock",NASDAQ,N,active,2026-07-11,2026-10-08
LAW,"CS Disco, Inc. Common Stock",NYSE,N,active,2026-07-11,2026-10-08
LAWR,"Robot Consulting Co., Ltd. - ADS",NASDAQ,N,active,2026-07-11,2026-10-08
LAZ,"Lazard, Inc. Common Stock",NYSE,N,active,2026-07-11,2026-10-08
LB,LandBridge Company LLC Class A Shares Representing Limited Liability Company Interests,NYSE,N,active,2026-07-11,2026-10-08
LBGJ,Li Bang International Corporation Inc. - Class A Ordinary Shares,NASDAQ,N,active,2026-07-11,2026-10-08
LBRDA,Liberty Broadband Corporation - Class A Common Stock,NASDAQ,N,removed,2026-07-11,2026-08-20
LBRDK,Liberty Broadband Corporation - Class C Common Stock,NASDAQ,N,removed,2026-07-11,2026-08-20
LBRT,Liberty Energy Inc. Class A common stock,NYSE,N,active,2026-07-11,2026-10-08
LBRX,LB Pharmaceuticals Inc - Common Stock,NASDAQ,N,active,2026-07-11,2026-10-08
LBTYA,Liberty Global Ltd. - Class A Common Shares,NASDAQ,N,active,2026-07-11,2026-10-08
LBTYB,Liberty Global Ltd. - Class B Common Shares,NASDAQ,N,active,2026-07-11,2026-10-08
LBTYK,Liberty Global Ltd. - Class C Common Shares,NASDAQ,N,active,2026-07-11,2026-10-08
LCCC,Lakeshore Acquisition III Corp. - Ordinary Shares,NASDAQ,N,active,2026-07-11,2026-10-08
LCDL,GraniteShares 2x Long LCID Daily ETF,NASDAQ,N,removed,2026-07-11,2026-07-15
LCDS,JPMorgan Fundamental Data Science Large Core ETF,NASDAQ,N,active,2026-07-11,2026-10-08
LCFY,Locafy Limited - Ordinary Share,NASDAQ,N,active,2026-07-11,2026-10-08
LCID,"Lucid Group, Inc. - Common Stock",NASDAQ,N,active,2026-07-11,2026-10-08
LCII,LCI Industries,NYSE,N,active,2026-07-11,2026-10-08
LCLN,"Lincoln International, Inc. Class A Common Stock",NYSE,N,active,2026-07-11,2026-10-08
LCNB,LCNB Corporation - Common Stock,NASDAQ,N,active,2026-07-11,2026-10-08
LCTX,"Lineage Cell Therapeutics, Inc. Common Stock",NYSE American,N,active,2026-07-11,2026-10-08
LCUT,"Lifetime Brands, Inc. - Common Stock",NASDAQ,N,active,2026-07-11,2026-10-08
LDEM,iShares ESG MSCI EM Leaders ETF,NASDAQ,N,active,2026-07-11,2026-10-08
LDI,"loanDepot, Inc. Class A Common Stock",NYSE,N,active,2026-07-11,2026-10-08
LDOS,"Leidos Holdings, Inc. Common Stock",NYSE,N,active,2026-07-11,2026-10-08
LDRX,SGI Enhanced Market Leaders ETF,NASDAQ,N,active,2026-07-11,2026-10-08
LDSF,First Trust Low Duration Strategic Focus ETF,NASDAQ,N,active,2026-07-11,2026-10-08
LE,"Lands' End, Inc. - Common Stock",NASDAQ,N,active,2026-07-11,2026-10-08
LEA,Lear Corporation Common Stock,NYSE,N,active,2026-07-11,2026-10-08
LECO,"Lincoln Electric Holdings, Inc. - Common Shares",NASDAQ,N,active,2026-07-11,2026-10-08
LEDS,SemiLEDS Corporation - Common Stock,NASDAQ,N,active,2026-07-11,2026-10-08
LEE,"Lee Enterprises, Incorporated - Common Stock",NASDAQ,N,active,2026-07-11,2026-10-08
LEG,"Leggett & Platt, Incorporated Common Stock",NYSE,N,removed,2026-07-11,2026-08-27
LEGH,Legacy Housing Corporation - Common Stock,NASDAQ,N,active,2026-07-11,2026-10-08
LEGN,Legend Biotech Corporation - American Depositary Shares,NASDAQ,N,active,2026-07-11,2026-10-08
LEGO,Legato Merger Corp. IV Ordinary Shares,NYSE American,N,active,2026-07-11,2026-10-08
LEGR,First Trust Indxx Innovative Transaction & Process ETF,NASDAQ,N,active,2026-07-11,2026-10-08
LEN,Lennar Corporation Class A Common Stock,NYSE,N,active,2026-07-11,2026-10-08
LEN-B,Lennar Corporation Class B,NYSE,N,active,2026-07-11,2026-10-08
LEND,SEI High Yield Bond & Alternative Credit ETF,NASDAQ,N,active,2026-07-11,2026-10-08
LENZ,"LENZ Therapeutics, Inc. - Common Stock",NASDAQ,N,active,2026-07-11,2026-10-08
LEO,"BNY Mellon Strategic Municipals, Inc. Common Stock",NYSE,N,active,2026-07-11,2026-10-08
LESL,"Leslie's, Inc. - Common Stock",NASDAQ,N,removed,2026-07-11,2026-10-06
LEU,Centrus Energy Corp. Class A Common Stock,NYSE,N,active,2026-07-11,2026-10-08
LEVI,Levi Strauss & Co Class A Common Stock,NYSE,N,active,2026-07-11,2026-10-08
LEXI,Alexis Practical Tactical ETF,NASDAQ,N,active,2026-07-11,2026-10-08
LEXX,Lexaria Bioscience Corp. - Common Stock,NASDAQ,N,active,2026-07-11,2026-10-08
LFAC,Leapfrog Acquisition Corporation - Class A Ordinary Shares,NASDAQ,N,active,2026-07-11,2026-10-08
LFCR,"Lifecore Biomedical, Inc. - Common Stock",NASDAQ,N,active,2026-07-11,2026-10-08
LFMD,"LifeMD, Inc. - Common Stock",NASDAQ,N,active,2026-07-11,2026-10-08
LFS,"LEIFRAS Co., Ltd. - American Depositary Shares",NASDAQ,N,active,2026-07-11,2026-10-08
LFSC,F/m Emerald Life Sciences Innovation ETF,NASDAQ,N,active,2026-07-11,2026-10-08
LFST,"LifeStance Health Group, Inc. - Common Stock",NASDAQ,N,active,2026-07-11,2026-10-08
LFT,"Lument Finance Trust, Inc. Common Stock",NYSE,N,active,2026-07-11,2026-10-08
LFTO,"Liftoff Mobile, Inc. - Common Stock",NASDAQ,N,active,2026-07-11,2026-10-08
LFUS,"Littelfuse, Inc. - Common Stock",NASDAQ,N,active,2026-07-11,2026-10-08
LFVN,Lifevantage Corporation - Common Stock,NASDAQ,N,active,2026-07-11,2026-10-08
LFWD,Lifeward Ltd. - Ordinary Shares,NASDAQ,N,active,2026-07-11,2026-10-08
LGCF,Themes US Cash Flow Champions ETF,NASDAQ,N,removed,2026-07-11,2026-09-22
LGCL,Lucas GC Limited - Class A Ordinary Shares,NASDAQ,N,active,2026-07-11,2026-10-08
LGCY,Legacy Education Inc. Common Stock,NYSE American,N,active,2026-07-11,2026-10-08
LGHL,Lion Group Holding Ltd. - American Depositary Share,NASDAQ,N,active,2026-07-11,2026-10-08
LGI,Lazard Global Total Return and Income Fund Common Stock,NYSE,N,active,2026-07-11,2026-10-08
LGIH,"LGI Homes, Inc. - Common Stock",NASDAQ,N,active,2026-07-11,2026-10-08
LGL,"LGL Group, Inc. (The) Common Stock",NYSE American,N,active,2026-07-11,2026-10-08
LGN,Legence Corp. - Class A Common stock,NASDAQ,N,active,2026-07-11,2026-10-08
LGND,Ligand Pharmaceuticals Incorporated - Common Stock,NASDAQ,N,active,2026-07-11,2026-10-08
LGO,Largo Inc. - Common Shares,NASDAQ,D,active,2026-07-11,2026-10-08
LGPS,LogProstyle Inc. Common Shares,NYSE American,N,active,2026-07-11,2026-10-08
LGRO,Level Four Large Cap Growth Active ETF,NASDAQ,N,active,2026-07-11,2026-10-08
LGVN,Longeveron Inc. - Class A Common stock,NASDAQ,N,active,2026-07-11,2026-10-08
LH,Labcorp Holdings Inc. Common Stock,NYSE,N,active,2026-07-11,2026-10-08
LHAI,Linkhome Holdings Inc. - Common stock,NASDAQ,N,active,2026-07-11,2026-10-08
LHSW,Lianhe Sowell International Group Ltd - Class A Ordinary Shares,NASDAQ,N,active,2026-07-11,2026-10-08
LHX,"L3Harris Technologies, Inc. Common Stock",NYSE,N,active,2026-07-11,2026-10-08
LI,Li Auto Inc. - American Depositary Shares,NASDAQ,N,active,2026-07-11,2026-10-08
LICN,Lichen International Limited - Class A Ordinary Shares,NASDAQ,N,active,2026-07-11,2026-10-08
LIDR,"AEye, Inc. - Class A Common Stock",NASDAQ,N,active,2026-07-11,2026-10-08
LIEN,"Chicago Atlantic BDC, Inc. - Common Stock",NASDAQ,N,active,2026-07-11,2026-10-08
LIF,"Life360, Inc. - Common Stock",NASDAQ,N,active,2026-07-11,2026-10-08
LIFE,Ethos Technologies Inc. - Class A Common Stock,NASDAQ,N,active,2026-07-11,2026-10-08
LII,"Lennox International, Inc. Common Stock",NYSE,N,active,2026-07-11,2026-10-08
LILA,Liberty Latin America Ltd. - Class A Common Stock,NASDAQ,N,active,2026-07-11,2026-10-08
LILAK,Liberty Latin America Ltd. - Class C Common Stock,NASDAQ,N,active,2026-07-11,2026-10-08
LILAP,Liberty Latin America Ltd. - 9.0% Fixed Rate Cumulative Perpetual Redeemable Series A Preference Shares,NASDAQ,N,active,2026-07-11,2026-10-08
LIME,"Neutron Holdings, Inc. - Common Stock",NASDAQ,N,active,2026-07-11,2026-10-08
LIMN,"Liminatus Pharma, Inc. - Class A Common Stock",NASDAQ,N,active,2026-07-11,2026-10-08
LIN,Linde plc - Ordinary Shares,NASDAQ,N,active,2026-07-11,2026-10-08
LINC,Lincoln Educational Services Corporation - Common Stock,NASDAQ,N,active,2026-07-11,2026-10-08
LIND,Lindblad Expeditions Holdings Inc.  - Common Stock,NASDAQ,N,active,2026-07-11,2026-10-08
LINE,"Lineage, Inc. - Common Stock",NASDAQ,N,active,2026-07-11,2026-10-08
LINK,"Interlink Electronics, Inc. - Common Stock",NASDAQ,N,active,2026-07-11,2026-10-08
LINT,Direxion Daily INTC Bull 2X ETF,NASDAQ,N,active,2026-07-11,2026-10-08
LION,Lionsgate Studios Corp Common Shares,NYSE,N,active,2026-07-11,2026-10-08
LIQT,"LiqTech International, Inc. - Common Stock",NASDAQ,D,active,2026-07-11,2026-10-08
LITB,"LightInTheBox Holding Co., Ltd. American Depositary Shares, each representing twelve ordinary shares",NYSE,N,active,2026-07-11,2026-10-08
LITE,Lumentum Holdings Inc. - Common Stock,NASDAQ,N,active,2026-07-11,2026-10-08
LITP,Sprott Lithium Miners ETF,NASDAQ,N,active,2026-07-11,2026-10-08
LITS,"Lite Strategy, Inc. - Common Stock",NASDAQ,N,active,2026-07-11,2026-10-08
LIVE,Live Ventures Incorporated - Common Stock,NASDAQ,N,active,2026-07-11,2026-10-08
LIVN,LivaNova PLC - Ordinary Shares,NASDAQ,N,active,2026-07-11,2026-10-08
LKFN,Lakeland Financial Corporation - Common Stock,NASDAQ,N,active,2026-07-11,2026-10-08
LKFT,Lakefront Biotherapeutics - American Depositary Shares,NASDAQ,N,active,2026-07-11,2026-10-08
LKQ,LKQ Corporation - Common Stock,NASDAQ,N,active,2026-07-11,2026-10-08
LKSP,Lake Superior Acquisition Corp. - Class A Ordinary Shares,NASDAQ,N,active,2026-07-11,2026-10-08
LLY,Eli Lilly and Company Common Stock,NYSE,N,active,2026-07-11,2026-10-08
LLYVA,"Liberty Live Holdings, Inc. - Series A Liberty Live Group Common Stock",NASDAQ,N,active,2026-07-11,2026-10-08
LLYVK,"Liberty Live Holdings, Inc. - Series C Liberty Live Group Common Stock",NASDAQ,N,active,2026-07-11,2026-10-08
LMAT,"LeMaitre Vascular, Inc. - Common Stock",NASDAQ,N,active,2026-07-11,2026-10-08
LMB,"Limbach Holdings, Inc. - Common Stock",NASDAQ,N,active,2026-07-11,2026-10-08
LMBS,First Trust Low Duration Opportunities ETF,NASDAQ,N,active,2026-07-11,2026-10-08
LMFA,"LM Funding America, Inc. - Common Stock",NASDAQ,D,removed,2026-07-11,2026-07-21
LMND,"Lemonade, Inc. Common Stock",NYSE,N,active,2026-07-11,2026-10-08
LMNR,Limoneira Co - Common Stock,NASDAQ,N,active,2026-07-11,2026-10-08
LMNX,Defiance Daily Target 2x Long LMND ETF,NASDAQ,N,removed,2026-07-11,2026-08-28
LMRI,"Lumexa Imaging Holdings, Inc. - Common Stock",NASDAQ,N,active,2026-07-11,2026-10-08
LMT,Lockheed Martin Corporation Common Stock,NYSE,N,active,2026-07-11,2026-10-08
LMTL,Direxion Daily LMT Bull 2X ETF,NASDAQ,N,active,2026-07-11,2026-10-08
LNAI,Lunai Bioworks Inc. - Common Stock,NASDAQ,N,active,2026-07-11,2026-10-08
LNC,Lincoln National Corporation Common Stock,NYSE,N,active,2026-07-11,2026-10-08
LND,Brasilagro Brazilian Agric Real Estate Co Sponsored ADR (Brazil),NYSE,N,active,2026-07-11,2026-10-08
LNG,"Cheniere Energy, Inc. Common Stock",NYSE,N,active,2026-07-11,2026-10-08
LNKS,Linkers Industries Limited - Class A Ordinary Shares,NASDAQ,N,active,2026-07-11,2026-10-08
LNN,Lindsay Corporation Common Stock,NYSE,N,active,2026-07-11,2026-10-08
LNSR,"LENSAR, Inc. - Common Stock",NASDAQ,N,active,2026-07-11,2026-10-08
LNT,Alliant Energy Corporation - Common Stock,NASDAQ,N,active,2026-07-11,2026-10-08
LNTH,"Lantheus Holdings, Inc. - Common Stock",NASDAQ,N,active,2026-07-11,2026-10-08
LNZA,"LanzaTech Global, Inc. - Common Stock",NASDAQ,N,active,2026-07-11,2026-10-08
LOAN,"Manhattan Bridge Capital, Inc - Common Stock",NASDAQ,N,active,2026-07-11,2026-10-08
LOAR,Loar Holdings Inc. Common Stock,NYSE,N,active,2026-07-11,2026-10-08
LOB,"Live Oak Bancshares, Inc. Common Stock",NYSE,N,active,2026-07-11,2026-10-08
LOBO,LOBO TECHNOLOGIES LTD. - Class A Ordinary Shares,NASDAQ,D,active,2026-07-11,2026-10-08
LOCL,Local Bounti Corporation Common Stock,NYSE,N,active,2026-07-11,2026-10-08
LOCO,"El Pollo Loco Holdings, Inc. - Common Stock",NASDAQ,N,active,2026-07-11,2026-10-08
LODE,Comstock Inc. Common Stock,NYSE American,N,active,2026-07-11,2026-10-08
LOGI,Logitech International S.A. - Registered Shares,NASDAQ,N,active,2026-07-11,2026-10-08
LOGO,Alpha Brands Consumption Leaders ETF,NASDAQ,N,active,2026-07-11,2026-10-08
LOMA,Loma Negra Compania Industrial Argentina Sociedad Anonima ADS,NYSE,N,active,2026-07-11,2026-10-08
LONA,"LeonaBio, Inc. - Common Stock",NASDAQ,N,active,2026-07-11,2026-10-08
LOOP,"Loop Industries, Inc. - Common Stock",NASDAQ,D,active,2026-07-11,2026-10-08
LOPE,"Grand Canyon Education, Inc. - Common Stock",NASDAQ,N,active,2026-07-11,2026-10-08
LOT,Lotus Technology Inc. - American Depositary Shares,NASDAQ,N,active,2026-07-11,2026-10-08
LOTI,Liberty One Tactical Income ETF,NASDAQ,N,active,2026-07-11,2026-10-08
LOVE,The Lovesac Company - Common Stock,NASDAQ,N,active,2026-07-11,2026-10-08
LOW,"Lowe's Companies, Inc. Common Stock",NYSE,N,active,2026-07-11,2026-10-08
LPA,Logistic Properties of the Americas Ordinary Shares,NYSE American,N,active,2026-07-11,2026-10-08
LPAA,Launch One Acquisition Corp. - Class A Ordinary Shares,NASDAQ,N,active,2026-07-11,2026-10-08
LPBB,Launch Two Acquisition Corp. - Class A Ordinary Shares,NASDAQ,N,active,2026-07-11,2026-10-08
LPCN,Lipocine Inc. - Common Stock,NASDAQ,N,active,2026-07-11,2026-10-08
LPCV,Launchpad Cadenza Acquisition Corp I - Class A Ordinary Share,NASDAQ,N,active,2026-07-11,2026-10-08
LPG,Dorian LPG Ltd. Common Stock,NYSE,N,active,2026-07-11,2026-10-08
LPL,"LG Display Co, Ltd AMERICAN DEPOSITORY SHARES",NYSE,N,active,2026-07-11,2026-10-08
LPLA,LPL Financial Holdings Inc. - Common Stock,NASDAQ,N,active,2026-07-11,2026-10-08
LPRO,Open Lending Corporation - Common Stock,NASDAQ,N,removed,2026-07-11,2026-07-30
LPSN,"LivePerson, Inc. - Common Stock",NASDAQ,N,removed,2026-07-11,2026-09-07
LPTH,"LightPath Technologies, Inc. - Class A Common Stock",NASDAQ,N,active,2026-07-11,2026-10-08
LPX,Louisiana-Pacific Corporation Common Stock,NYSE,N,active,2026-07-11,2026-10-08
LQ,Simplify Tax Aware Alternatives ETF,NASDAQ,N,active,2026-07-11,2026-10-08
LQDA,Liquidia Corporation - Common Stock,NASDAQ,N,active,2026-07-11,2026-10-08
LQDT,"Liquidity Services, Inc. - Common Stock",NASDAQ,N,active,2026-07-11,2026-10-08
LRCX,Lam Research Corporation - Common Stock,NASDAQ,N,active,2026-07-11,2026-10-08
LRE,"Lead Real Estate Co., Ltd - American Depositary Shares",NASDAQ,N,active,2026-07-11,2026-10-08
LRGE,ClearBridge Large Cap Growth Select ETF,NASDAQ,N,active,2026-07-11,2026-10-08
LRHC,La Rosa Holdings Corp. - Common Stock,NASDAQ,D,active,2026-07-11,2026-10-08
LRMR,"Larimar Therapeutics, Inc. - Common Stock",NASDAQ,N,active,2026-07-11,2026-10-08
LRN,"Stride, Inc. Common Stock",NYSE,N,active,2026-07-11,2026-10-08
LRND,NYLI U.S. Large Cap R&D Leaders ETF,NASDAQ,N,active,2026-07-11,2026-10-08
LSAK,"Lesaka Technologies, Inc. - Common Stock",NASDAQ,N,active,2026-07-11,2026-10-08
LSBK,"Lake Shore Bancorp, Inc. - Common Stock",NASDAQ,N,active,2026-07-11,2026-10-08
LSCC,Lattice Semiconductor Corporation - Common Stock,NASDAQ,N,active,2026-07-11,2026-10-08
LSE,"Leishen Energy Holding Co., Ltd. - Class A Ordinary Shares",NASDAQ,N,active,2026-07-11,2026-10-08
LSF,"Laird Superfood, Inc. Common Stock",NYSE American,N,active,2026-07-11,2026-10-08
LSH,Lakeside Holding Limited - Common Stock,NASDAQ,D,removed,2026-07-11,2026-08-03
LSPD,Lightspeed Commerce Inc. Subordinate Voting Shares,NYSE,N,active,2026-07-11,2026-10-08
LSTA,"Lisata Therapeutics, Inc. - Common Stock",NASDAQ,N,active,2026-07-11,2026-10-08
LSTR,"Landstar System, Inc. - Common Stock",NASDAQ,N,active,2026-07-11,2026-10-08
LTBR,Lightbridge Corporation - Common Stock,NASDAQ,N,active,2026-07-11,2026-10-08
LTC,"LTC Properties, Inc. Common Stock",NYSE,N,active,2026-07-11,2026-10-08
LTCC,Canary Litecoin ETF,NASDAQ,N,active,2026-07-11,2026-10-08
LTH,"Life Time Group Holdings, Inc. Common Stock",NYSE,N,active,2026-07-11,2026-10-08
LTM,"LATAM Airlines Group S.A. American Depositary Shares (each representing two thousand (2,000) shares of Common Stock)",NYSE,N,active,2026-07-11,2026-10-08
LTRN,Lantern Pharma Inc. - Common Stock,NASDAQ,D,active,2026-07-11,2026-10-08
LTRX,"Lantronix, Inc. - Common Stock",NASDAQ,N,active,2026-07-11,2026-10-08
LU,"Lufax Holding Ltd American Depositary Shares, each representing two (2) Ordinary Shares",NYSE,N,active,2026-07-11,2026-10-08
LUCD,Lucid Diagnostics Inc. - Common Stock,NASDAQ,N,active,2026-07-11,2026-10-08
LUCK,Lucky Strike Entertainment Corporation Class A Common Stock,NYSE,N,active,2026-07-11,2026-10-08
LUCY,"Innovative Eyewear, Inc. - Common Stock",NASDAQ,N,active,2026-07-11,2026-10-08
LUD,Luda Technology Group Limited Ordinary Shares,NYSE American,N,active,2026-07-11,2026-10-08
LULG,Leverage Shares 2X Long LULU Daily ETF,NASDAQ,N,active,2026-07-11,2026-10-08
LULU,lululemon athletica inc. - Common Stock,NASDAQ,N,active,2026-07-11,2026-10-08
LUMN,"Lumen Technologies, Inc. Common Stock",NASDAQ,N,active,2026-07-11,2026-10-08
LUNG,Pulmonx Corporation - Common Stock,NASDAQ,N,active,2026-07-11,2026-10-08
LUNR,"Intuitive Machines, Inc. - Class A Common Stock",NASDAQ,N,active,2026-07-11,2026-10-08
LUV,Southwest Airlines Company Common Stock,NYSE,N,active,2026-07-11,2026-10-08
LUXE,"LuxExperience B.V. American Depositary Shares, each representing one Ordinary Share",NYSE,N,active,2026-07-11,2026-10-08
LVDS,JPMorgan Fundamental Data Science Large Value ETF,NASDAQ,N,active,2026-07-11,2026-10-08
LVHD,Franklin U.S. Low Volatility High Dividend Index ETF,NASDAQ,N,active,2026-07-11,2026-10-08
LVIG,Longview Advantage Fixed Income ETF,NASDAQ,N,active,2026-07-11,2026-10-08
LVLU,"Lulu's Fashion Lounge Holdings, Inc. - Common Stock",NASDAQ,N,active,2026-07-11,2026-10-08
LVO,"LiveOne, Inc. - Common Stock",NASDAQ,N,active,2026-07-11,2026-10-08
LVS,Las Vegas Sands Corp. Common Stock,NYSE,N,active,2026-07-11,2026-10-08
LVWR,"LiveWire Group, Inc. Common Stock",NYSE,N,active,2026-07-11,2026-10-08
LW,"Lamb Weston Holdings, Inc. Common Stock ",NYSE,N,active,2026-07-11,2026-10-08
LWAC,LightWave Acquisition Corp. - Class A Ordinary Shares,NASDAQ,N,active,2026-07-11,2026-10-08
LWAY,"Lifeway Foods, Inc. - Common Stock",NASDAQ,N,active,2026-07-11,2026-10-08
LWLG,"Lightwave Logic, Inc. - Common Stock",NASDAQ,N,active,2026-07-11,2026-10-08
LX,LexinFintech Holdings Ltd. - American Depositary Shares,NASDAQ,N,active,2026-07-11,2026-10-08
LXEH,"Lixiang Education Holding Co., Ltd. - American Depositary Shares",NASDAQ,N,active,2026-07-11,2026-10-08
LXEO,"Lexeo Therapeutics, Inc. - Common Stock",NASDAQ,N,active,2026-07-11,2026-10-08
LXFR,Luxfer Holdings PLC Ordinary Shares,NYSE,N,active,2026-07-11,2026-10-08
LXP,LXP Industrial Trust Common Stock (Maryland REIT),NYSE,N,active,2026-07-11,2026-10-08
LXRX,"Lexicon Pharmaceuticals, Inc. - Common Stock",NASDAQ,N,active,2026-07-11,2026-10-08
LXU,"LSB Industries, Inc. Common Stock",NYSE,N,active,2026-07-11,2026-10-08
LYB,LyondellBasell Industries NV Ordinary Shares Class A (Netherlands),NYSE,N,active,2026-07-11,2026-10-08
LYEL,"Lyell Immunopharma, Inc. - Common Stock",NASDAQ,N,active,2026-07-11,2026-10-08
LYFT,"Lyft, Inc. - Class A Common Stock",NASDAQ,N,active,2026-07-11,2026-10-08
LYG,Lloyds Banking Group Plc American Depositary Shares,NYSE,N,active,2026-07-11,2026-10-08
LYTS,LSI Industries Inc. - Common Stock,NASDAQ,N,active,2026-07-11,2026-10-08
LYV,"Live Nation Entertainment, Inc. Common Stock",NYSE,N,active,2026-07-11,2026-10-08
LZ,"LegalZoom.com, Inc. - Common Stock",NASDAQ,N,active,2026-07-11,2026-10-08
LZB,La-Z-Boy Incorporated Common Stock,NYSE,N,active,2026-07-11,2026-10-08
LZM,Lifezone Metals Limited Ordinary Shares,NYSE,N,active,2026-07-11,2026-10-08
LZMH,LZ Technology Holdings Limited - Class B Ordinary Shares,NASDAQ,N,active,2026-07-11,2026-10-08
M,Macy's Inc Common Stock,NYSE,N,active,2026-07-11,2026-10-08
MA,Mastercard Incorporated Common Stock,NYSE,N,active,2026-07-11,2026-10-08
MAA,"Mid-America Apartment Communities, Inc. Common Stock",NYSE,N,active,2026-07-11,2026-10-08
MAAS,Maase Inc. - Class A Ordinary Shares,NASDAQ,N,active,2026-07-11,2026-10-08
MAAY,GraniteShares YieldBOOST MARA ETF,NASDAQ,N,active,2026-07-11,2026-10-08
MAC,Macerich Company (The) Common Stock,NYSE,N,active,2026-07-11,2026-10-08
MACI,Melar Acquisition Corp. I - Class A Ordinary Shares,NASDAQ,N,active,2026-07-11,2026-10-08
MAGH,Magnitude International Ltd - Ordinary Shares,NASDAQ,D,active,2026-07-11,2026-10-08
MAGN,Magnera Corporation Common Stock,NYSE,N,active,2026-07-11,2026-10-08
MAIA,"MAIA Biotechnology, Inc. Common Stock",NYSE American,N,active,2026-07-11,2026-10-08
MAIN,Main Street Capital Corporation Common Stock,NYSE,N,active,2026-07-11,2026-10-08
MAIR,Madison Air Solutions Corporation Class A Common Stock,NYSE,N,active,2026-07-11,2026-10-08
MAKO,Mako Mining Corp - Common Stock,NASDAQ,N,active,2026-07-11,2026-10-08
MAMA,"Mama's Creations, Inc. - Common Stock",NASDAQ,N,active,2026-07-11,2026-10-08
MAMK,MaxsMaking Inc. - Class A Ordinary Shares,NASDAQ,D,active,2026-07-11,2026-10-08
MAMO,Massimo Group - Common Stock,NASDAQ,N,active,2026-07-11,2026-10-08
MAN,ManpowerGroup Common Stock,NYSE,N,active,2026-07-11,2026-10-08
MANE,"Veradermics, Incorporated Common Stock",NYSE,N,active,2026-07-11,2026-10-08
MANH,"Manhattan Associates, Inc. - Common Stock",NASDAQ,N,active,2026-07-11,2026-10-08
MANU,Manchester United Ltd. Class A Ordinary Shares,NYSE,N,active,2026-07-11,2026-10-08
MAR,Marriott International - Class A Common Stock,NASDAQ,N,active,2026-07-11,2026-10-08
MARA,"MARA Holdings, Inc. - Common Stock",NASDAQ,N,active,2026-07-11,2026-10-08
MAS,Masco Corporation Common Stock,NYSE,N,active,2026-07-11,2026-10-08
MASK,3 E Network Technology Group Ltd - Class A Ordinary Shares,NASDAQ,N,active,2026-07-11,2026-10-08
MASS,908 Devices Inc. - Common Stock,NASDAQ,N,active,2026-07-11,2026-10-08
MAT,"Mattel, Inc. - Common Stock",NASDAQ,N,active,2026-07-11,2026-10-08
MATE,Man Active Trend Enhanced ETF,NASDAQ,N,active,2026-07-11,2026-10-08
MATH,Metalpha Technology Holding Limited - Ordinary Shares,NASDAQ,N,active,2026-07-11,2026-10-08
MATV,"Mativ Holdings, Inc. Common Stock",NYSE,N,active,2026-07-11,2026-10-08
MATW,Matthews International Corporation - Class A Common Stock,NASDAQ,N,active,2026-07-11,2026-10-08
MATX,"Matson, Inc. Common Stock",NYSE,N,active,2026-07-11,2026-10-08
MAX,"MediaAlpha, Inc. Class A Common Stock",NYSE,N,active,2026-07-11,2026-10-08
MAXI,Simplify Bitcoin Strategy PLUS Income ETF,NASDAQ,N,active,2026-07-11,2026-10-08
MAYS,"J. W. Mays, Inc. - Common Stock",NASDAQ,N,active,2026-07-11,2026-10-08
MAZE,"Maze Therapeutics, Inc. - Common Stock",NASDAQ,N,active,2026-07-11,2026-10-08
MB,MasterBeef Group - Ordinary Shares,NASDAQ,N,active,2026-07-11,2026-10-08
MBAI,Check-Cap Ltd. - Ordinary Share,NASDAQ,N,active,2026-07-11,2026-10-08
MBAV,M3-Brigade Acquisition V Corp. - Class A Ordinary shares,NASDAQ,N,removed,2026-07-11,2026-07-22
MBB,iShares MBS ETF,NASDAQ,N,active,2026-07-11,2026-10-08
MBBC,"Marathon Bancorp, Inc. - Common Stock",NASDAQ,N,active,2026-07-11,2026-10-08
MBC,"MasterBrand, Inc. Common Stock",NYSE,N,active,2026-07-11,2026-10-08
MBGL,Mobility Global Inc. Common Stock,NYSE,N,active,2026-07-11,2026-10-08
MBI,MBIA Inc. Common Stock,NYSE,N,active,2026-07-11,2026-10-08
MBIN,Merchants Bancorp - Common Stock,NASDAQ,N,active,2026-07-11,2026-10-08
MBIO,"Mustang Bio, Inc. - Common Stock",NASDAQ,D,active,2026-07-11,2026-10-08
MBLY,Mobileye Global Inc. - Class A Common Stock,NASDAQ,N,active,2026-07-11,2026-10-08
MBOT,Microbot Medical Inc.  - Common Stock,NASDAQ,N,active,2026-07-11,2026-10-08
MBRX,"Moleculin Biotech, Inc. - Common Stock",NASDAQ,D,active,2026-07-11,2026-10-08
MBS,Angel Oak Mortgage-Backed Securities ETF,NASDAQ,N,active,2026-07-11,2026-10-08
MBUU,"Malibu Boats, Inc. - Common Stock",NASDAQ,N,active,2026-07-11,2026-10-08
MBVI,M3-Brigade Acquisition VI Corp. - Class A Ordinary Shares,NASDAQ,N,active,2026-07-11,2026-10-08
MBWM,Mercantile Bank Corporation - Common Stock,NASDAQ,N,active,2026-07-11,2026-10-08
MBX,"MBX Biosciences, Inc. - Common Stock",NASDAQ,N,active,2026-07-11,2026-10-08
MC,Moelis & Company Class A Common Stock,NYSE,N,active,2026-07-11,2026-10-08
MCAH,Mountain Crest Acquisition 6 Corp. - Ordinary Shares,NASDAQ,N,active,2026-07-11,2026-10-08
MCB,Metropolitan Bank Holding Corp. Common Stock,NYSE,N,active,2026-07-11,2026-10-08
MCBS,"MetroCity Bankshares, Inc. - Common Stock",NASDAQ,N,active,2026-07-11,2026-10-08
MCD,McDonald's Corporation Common Stock,NYSE,N,active,2026-07-11,2026-10-08
MCDS,JPMorgan Fundamental Data Science Mid Core ETF,NASDAQ,N,active,2026-07-11,2026-10-08
MCFT,"MasterCraft Boat Holdings, Inc. - Common Stock",NASDAQ,N,active,2026-07-11,2026-10-08
MCGA,Yorkville Acquisition Corp. - Class A Ordinary Share,NASDAQ,N,active,2026-07-11,2026-10-08
MCHB,Mechanics Bancorp - Class A Common Stock,NASDAQ,N,active,2026-07-11,2026-10-08
MCHI,iShares MSCI China ETF,NASDAQ,N,active,2026-07-11,2026-10-08
MCHP,Microchip Technology Incorporated - Common Stock,NASDAQ,N,active,2026-07-11,2026-10-08
MCHS,Matthews China Innovators Active ETF,NASDAQ,N,active,2026-07-11,2026-10-08
MCHX,"Marchex, Inc. - Class B Common Stock",NASDAQ,N,active,2026-07-11,2026-10-08
MCI,Barings Corporate Investors Common Stock,NYSE,N,active,2026-07-11,2026-10-08
MCK,McKesson Corporation Common Stock,NYSE,N,active,2026-07-11,2026-10-08
MCN,XAI Madison Equity Premium Income Fund Common Shares,NYSE,N,active,2026-07-11,2026-10-08
MCO,Moody's Corporation Common Stock,NYSE,N,active,2026-07-11,2026-10-08
MCRB,"Seres Therapeutics, Inc. - Common Stock",NASDAQ,N,active,2026-07-11,2026-10-08
MCRI,"Monarch Casino & Resort, Inc. - Common Stock",NASDAQ,N,active,2026-07-11,2026-10-08
MCRP,Micropolis AI Robotics Ordinary Shares,NYSE American,N,active,2026-07-11,2026-10-08
MCS,Marcus Corporation (The) Common Stock,NYSE,N,active,2026-07-11,2026-10-08
MCTA,Charming Medical Limited - Class A Ordinary Shares,NASDAQ,N,active,2026-07-11,2026-10-08
MCY,Mercury General Corporation Common Stock,NYSE,N,active,2026-07-11,2026-10-08
MD,"Pediatrix Medical Group, Inc. Common Stock",NYSE,N,active,2026-07-11,2026-10-08
MDA,MDA Space Ltd. Common Shares,NYSE,N,active,2026-07-11,2026-10-08
MDAI,"Spectral AI, Inc. - Class A Common Stock",NASDAQ,N,active,2026-07-11,2026-10-08
MDB,"MongoDB, Inc. - Class A Common Stock",NASDAQ,N,active,2026-07-11,2026-10-08
MDBH,"MDB Capital Holdings, LLC - Class A common ",NASDAQ,N,active,2026-07-11,2026-10-08
MDCX,Medicus Pharma Ltd. - Common Stock,NASDAQ,D,active,2026-07-11,2026-10-08
MDGL,"Madrigal Pharmaceuticals, Inc. - Common Stock",NASDAQ,N,active,2026-07-11,2026-10-08
MDIA,Mediaco Holding Inc. - Class A Common Stock,NASDAQ,N,active,2026-07-11,2026-10-08
MDIV,Multi-Asset Diversified Income Index Fund,NASDAQ,N,active,2026-07-11,2026-10-08
MDLN,Medline Inc. - Class A common stock,NASDAQ,N,active,2026-07-11,2026-10-08
MDLZ,"Mondelez International, Inc. - Class A Common Stock",NASDAQ,N,active,2026-07-11,2026-10-08
MDRR,"Medalist Diversified, Inc. - Common Stock",NASDAQ,N,active,2026-07-11,2026-10-08
MDST,Westwood Salient Enhanced Midstream Income ETF,NYSE,N,active,2026-07-11,2026-10-08
MDT,Medtronic plc. Ordinary Shares,NYSE,N,active,2026-07-11,2026-10-08
MDU,"MDU Resources Group, Inc. Common Stock (Holding Company)",NYSE,N,active,2026-07-11,2026-10-08
MDV,"Modiv Industrial, Inc. Class C Common Stock",NYSE,N,removed,2026-07-11,2026-08-11
MDWD,MediWound Ltd. - Ordinary Shares,NASDAQ,N,active,2026-07-11,2026-10-08
MDXG,"MiMedx Group, Inc - Common Stock",NASDAQ,N,active,2026-07-11,2026-10-08
MDXH,MDxHealth SA - Ordinary Shares,NASDAQ,D,active,2026-07-11,2026-10-08
MEC,"Mayville Engineering Company, Inc. Common Stock",NYSE,N,active,2026-07-11,2026-10-08
MED,MEDIFAST INC Common Stock,NYSE,N,active,2026-07-11,2026-10-08
MEDP,"Medpace Holdings, Inc. - Common Stock",NASDAQ,N,active,2026-07-11,2026-10-08
MEDX,Horizon Kinetics Medical ETF,NASDAQ,N,active,2026-07-11,2026-10-08
MEGI,NYLI CBRE Global Infrastructure Megatrends Term Fund Common Shares,NYSE,N,active,2026-07-11,2026-10-08
MEGL,Magic Empire Global Limited - Class A Ordinary Shares,NASDAQ,N,active,2026-07-11,2026-10-08
MEI,"Methode Electronics, Inc. Common Stock",NYSE,N,active,2026-07-11,2026-10-08
MELI,"MercadoLibre, Inc. - Common Stock",NASDAQ,N,active,2026-07-11,2026-10-08
MEMA,Man Active Emerging Markets Alternative ETF,NASDAQ,N,active,2026-07-11,2026-10-08
MEMS,Matthews Emerging Markets Discovery Active ETF,NASDAQ,N,active,2026-07-11,2026-10-08
MENS,Jyong Biotech Ltd. - Ordinary shares,NASDAQ,N,active,2026-07-11,2026-10-08
MEOH,Methanex Corporation - Common Stock,NASDAQ,N,active,2026-07-11,2026-10-08
MERC,Mercer International Inc. - Common Stock,NASDAQ,D,active,2026-07-11,2026-10-08
MESH,Meshflow Acquisition Corp. - Class A Ordinary Shares,NASDAQ,N,active,2026-07-11,2026-10-08
MESO,Mesoblast Limited - American Depositary Shares,NASDAQ,N,active,2026-07-11,2026-10-08
MET,"MetLife, Inc. Common Stock",NYSE,N,active,2026-07-11,2026-10-08
MET$E,"MetLife, Inc. Depositary Shares ",NYSE,N,active,2026-07-11,2026-10-08
META,"Meta Platforms, Inc. - Class A Common Stock",NASDAQ,N,active,2026-07-11,2026-10-08
METC,"Ramaco Resources, Inc. - Class A Common Stock",NASDAQ,N,active,2026-07-11,2026-10-08
METCB,"Ramaco Resources, Inc. - Class B Common Stock",NASDAQ,N,active,2026-07-11,2026-10-08
METD,Direxion Daily META Bear 1X ETF,NASDAQ,N,active,2026-07-11,2026-10-08
METL,Sprott Active Metals & Miners ETF,NASDAQ,N,active,2026-07-11,2026-10-08
METU,Direxion Daily META Bull 2X ETF,NASDAQ,N,active,2026-07-11,2026-10-08
MEVO,M Evo Global Acquisition Corp II - Class A Ordinary Shares,NASDAQ,N,active,2026-07-11,2026-10-08
MFA,"MFA Financial, Inc.",NYSE,N,active,2026-07-11,2026-10-08
MFC,Manulife Financial Corporation Common Stock,NYSE,N,active,2026-07-11,2026-10-08
MFG,"Mizuho Financial Group, Inc. Sponosred ADR (Japan)",NYSE,N,active,2026-07-11,2026-10-08
MFI,mF International Limited - Class A Ordinary Shares,NASDAQ,N,active,2026-07-11,2026-10-08
MFIC,MidCap Financial Investment Corporation - Closed End Fund,NASDAQ,N,active,2026-07-11,2026-10-08
MFIG,Motley Fool Innovative Growth ETF,NASDAQ,N,active,2026-07-11,2026-10-08
MFIN,Medallion Financial Corp. - Common Stock,NASDAQ,N,active,2026-07-11,2026-10-08
MFLX,First Trust Flexible Municipal High Income ETF,NASDAQ,N,active,2026-07-11,2026-10-08
MFM,Aberdeen Municipal Income Fund Common Shares of Beneficial Interest,NYSE,N,active,2026-07-11,2026-10-08
MFMO,Motley Fool Momentum Factor ETF,NASDAQ,N,active,2026-07-11,2026-10-08
MFP,"Midera Food Processing, Inc. - Common Stock",NASDAQ,N,active,2026-07-11,2026-10-08
MFSB,MFS Active Core Plus Bond ETF,NYSE,N,active,2026-07-11,2026-10-08
MFSG,MFS Active Growth ETF,NYSE,N,active,2026-07-11,2026-10-08
MFSI,MFS Active International ETF,NYSE,N,active,2026-07-11,2026-10-08
MFSM,MFS Active Intermediate Muni Bond ETF,NYSE,N,active,2026-07-11,2026-10-08
MFSV,MFS Active Value ETF,NYSE,N,active,2026-07-11,2026-10-08
MFVL,Motley Fool Value Factor ETF,NASDAQ,N,active,2026-07-11,2026-10-08
MG,Mistras Group Inc Common Stock,NYSE,N,active,2026-07-11,2026-10-08
MGA,"Magna International, Inc. Common Stock",NYSE,N,active,2026-07-11,2026-10-08
MGEE,MGE Energy Inc. - Common Stock,NASDAQ,N,active,2026-07-11,2026-10-08
MGF,Aberdeen Government Markets Income Fund Common Shares of Beneficial Interest,NYSE,N,active,2026-07-11,2026-10-08
MGIH,Millennium Group International Holdings Limited - Ordinary Shares,NASDAQ,N,active,2026-07-11,2026-10-08
MGLD,"The Marygold Companies, Inc. Common Stock",NYSE American,N,active,2026-07-11,2026-10-08
MGM,MGM Resorts International Common Stock,NYSE,N,active,2026-07-11,2026-10-08
MGN,Megan Holdings Limited - Class A Ordinary Shares,NASDAQ,N,active,2026-07-11,2026-10-08
MGNI,"Magnite, Inc. - Common Stock",NASDAQ,N,active,2026-07-11,2026-10-08
MGNX,"MacroGenics, Inc. - Common Stock",NASDAQ,N,active,2026-07-11,2026-10-08
MGPI,"MGP Ingredients, Inc. - Common Stock",NASDAQ,N,active,2026-07-11,2026-10-08
MGRC,McGrath RentCorp - Common Stock,NASDAQ,N,active,2026-07-11,2026-10-08
MGRT,Mega Fortune Company Limited - Ordinary Shares,NASDAQ,N,active,2026-07-11,2026-10-08
MGRX,"Mangoceuticals, Inc. - Common Stock",NASDAQ,D,active,2026-07-11,2026-10-08
MGTX,MeiraGTx Holdings plc - Ordinary Shares,NASDAQ,N,active,2026-07-11,2026-10-08
MGX,"Metagenomi Therapeutics, Inc. - Common Stock",NASDAQ,N,active,2026-07-11,2026-10-08
MGY,Magnolia Oil & Gas Corporation Class A Common Stock,NYSE,N,active,2026-07-11,2026-10-08
MGYR,"Magyar Bancorp, Inc. - Common Stock",NASDAQ,N,active,2026-07-11,2026-10-08
MH,"McGraw Hill, Inc. Common Stock",NYSE,N,active,2026-07-11,2026-10-08
MHD,"Blackrock MuniHoldings Fund, Inc. Common Stock",NYSE,N,active,2026-07-11,2026-10-08
MHF,"Western Asset Municipal High Income Fund, Inc. Common Stock",NYSE,N,active,2026-07-11,2026-10-08
MHH,"Mastech Digital, Inc Common Stock",NYSE American,N,active,2026-07-11,2026-10-08
MHK,"Mohawk Industries, Inc. Common Stock",NYSE,N,active,2026-07-11,2026-10-08
MHO,"M/I Homes, Inc. Common Stock",NYSE,N,active,2026-07-11,2026-10-08
MI,NFT Limited Class A Ordinary Share,NYSE American,N,active,2026-07-11,2026-10-08
MIAX,"Miami International Holdings, Inc. Common Stock",NYSE,N,active,2026-07-11,2026-10-08
MICC,The Magnum Ice Cream Company N.V. Ordinary Shares,NYSE,N,active,2026-07-11,2026-10-08
MIDD,The Middleby Corporation - Common Stock,NASDAQ,N,active,2026-07-11,2026-10-08
MILN,Global X Millennial Consumer ETF,NASDAQ,N,active,2026-07-11,2026-10-08
MIMI,Mint Incorporation Limited - Class A Ordinary Shares,NASDAQ,N,active,2026-07-11,2026-10-08
MIN,Aberdeen Intermediate Income Fund Common Shares of Beneficial Interest,NYSE,N,active,2026-07-11,2026-10-08
MIND,"MIND Technology, Inc. - Common Stock",NASDAQ,N,active,2026-07-11,2026-10-08
MINE,Mayfair Gold Corp. Common Shares,NYSE American,N,active,2026-07-11,2026-10-08
MIR,"Mirion Technologies, Inc. Class A Common Stock",NYSE,N,active,2026-07-11,2026-10-08
MIRA,"MIRA Pharmaceuticals, Inc. - Common Stock",NASDAQ,D,active,2026-07-11,2026-10-08
MIRM,"Mirum Pharmaceuticals, Inc. - common stock",NASDAQ,N,active,2026-07-11,2026-10-08
MIST,Milestone Pharmaceuticals Inc. - Common Shares,NASDAQ,N,active,2026-07-11,2026-10-08
MITK,"Mitek Systems, Inc. - Common Stock",NASDAQ,N,active,2026-07-11,2026-10-08
MITQ,"Moving iMage Technologies, Inc. Common Stock",NYSE American,N,active,2026-07-11,2026-10-08
MITT,"TPG Mortgage Investment Trust, Inc. Common Stock",NYSE,N,active,2026-07-11,2026-10-08
MIY,"Blackrock MuniYield Michigan Quality Fund, Inc. Common Stock",NYSE,N,active,2026-07-11,2026-10-08
MKAM,MKAM ETF,NASDAQ,N,active,2026-07-11,2026-10-08
MKC,"McCormick & Company, Incorporated Common Stock",NYSE,N,active,2026-07-11,2026-10-08
MKC-V,"McCormick & Company, Incorporated Common Stock",NYSE,N,active,2026-07-11,2026-10-08
MKDW,MKDWELL Tech Inc. - Ordinary Shares,NASDAQ,N,active,2026-07-11,2026-10-08
MKL,Markel Group Inc. Common Stock,NYSE,N,active,2026-07-11,2026-10-08
MKLY,McKinley Acquisition Corporation - Class A Ordinary Shares,NASDAQ,N,active,2026-07-11,2026-10-08
MKSI,MKS Inc. - Common Stock,NASDAQ,N,active,2026-07-11,2026-10-08
MKTW,"MarketWise, Inc. - Class A Common Stock",NASDAQ,N,active,2026-07-11,2026-10-08
MKTX,"MarketAxess Holdings, Inc. - Common Stock",NASDAQ,N,active,2026-07-11,2026-10-08
MKZR,"MacKenzie Realty Capital, Inc. - Common Stock",NASDAQ,N,active,2026-07-11,2026-10-08
MLAA,Mountain Lake Acquisition Corp. II - Class A Ordinary Shares,NASDAQ,N,active,2026-07-11,2026-10-08
MLAB,"Mesa Laboratories, Inc. - Common Stock",NASDAQ,N,active,2026-07-11,2026-10-08
MLCI,Mount Logan Capital Inc. - Common Stock,NASDAQ,N,active,2026-07-11,2026-10-08
MLCO,Melco Resorts & Entertainment Limited - American Depositary Shares ,NASDAQ,N,active,2026-07-11,2026-10-08
MLEC,Moolec Science SA - Ordinary Shares,NASDAQ,N,active,2026-07-11,2026-10-08
MLGO,"MicroAlgo, Inc. - Ordinary Shares",NASDAQ,N,active,2026-07-11,2026-10-08
MLI,"Mueller Industries, Inc. Common Stock",NYSE,N,active,2026-07-11,2026-10-08
MLKN,"MillerKnoll, Inc. - Common Stock",NASDAQ,N,active,2026-07-11,2026-10-08
MLM,"Martin Marietta Materials, Inc. Common Stock",NYSE,N,active,2026-07-11,2026-10-08
MLP,"Maui Land & Pineapple Company, Inc. Common Stock",NYSE,N,active,2026-07-11,2026-10-08
MLR,"Miller Industries, Inc. Common Stock",NYSE,N,active,2026-07-11,2026-10-08
MLSS,"Milestone Scientific, Inc. Common Stock",NYSE American,N,active,2026-07-11,2026-10-08
MLTX,MoonLake Immunotherapeutics - Class A Ordinary Shares,NASDAQ,N,active,2026-07-11,2026-10-08
MLYS,"Mineralys Therapeutics, Inc. - Common Stock",NASDAQ,N,active,2026-07-11,2026-10-08
MMA,Mixed Martial Arts Group Limited Ordinary Shares,NYSE American,N,active,2026-07-11,2026-10-08
MMD,NYLI MacKay DefinedTerm Muni Opportunities Fund Common Shares,NYSE,N,active,2026-07-11,2026-10-08
MMED,"MiniMed Group, Inc. - Common Stock",NASDAQ,N,active,2026-07-11,2026-10-08
MMI,"Marcus & Millichap, Inc. Common Stock",NYSE,N,active,2026-07-11,2026-10-08
MMID,MFS Active Mid Cap ETF,NYSE,N,active,2026-07-11,2026-10-08
MMK,State Street Prime Money Market ETF,NYSE,N,active,2026-07-11,2026-10-08
MMKT,Texas Capital Government Money Market ETF,NYSE,N,active,2026-07-11,2026-10-08
MMM,3M Company Common Stock,NYSE,N,active,2026-07-11,2026-10-08
MMS,"Maximus, Inc. Common Stock",NYSE,N,active,2026-07-11,2026-10-08
MMSI,"Merit Medical Systems, Inc. - Common Stock",NASDAQ,N,active,2026-07-11,2026-10-08
MMT,Aberdeen Multi-Market Income Fund Common Shares of Beneficial Interest,NYSE,N,active,2026-07-11,2026-10-08
MMTX,Miluna Acquisition Corp - Class A Ordinary Shares,NASDAQ,N,active,2026-07-11,2026-10-08
MMU,"Western Asset Managed Municipals Fund, Inc. Common Stock",NYSE,N,active,2026-07-11,2026-10-08
MMYT,MakeMyTrip Limited - Ordinary Shares,NASDAQ,N,active,2026-07-11,2026-10-08
MNDO,MIND C.T.I. Ltd. - Ordinary Shares,NASDAQ,D,active,2026-07-11,2026-10-08
MNDR,Mobile-health Network Solutions - Class A Ordinary Shares,NASDAQ,N,active,2026-07-11,2026-10-08
MNDY,monday.com Ltd. - Ordinary Shares,NASDAQ,N,active,2026-07-11,2026-10-08
MNKD,MannKind Corporation - Common Stock,NASDAQ,N,active,2026-07-11,2026-10-08
MNOV,"MediciNova, Inc. - Common Stock",NASDAQ,N,active,2026-07-11,2026-10-08
MNPR,Monopar Therapeutics Inc. - Common Stock,NASDAQ,N,active,2026-07-11,2026-10-08
MNRO,"Monro, Inc.  - Common Stock",NASDAQ,N,active,2026-07-11,2026-10-08
MNSB,"MainStreet Bancshares, Inc. - Common Stock",NASDAQ,N,active,2026-07-11,2026-10-08
MNSBP,"MainStreet Bancshares, Inc. - Depositary Shares",NASDAQ,N,active,2026-07-11,2026-10-08
MNSO,"MINISO Group Holding Limited American Depositary Shares, each representing four Ordinary Shares",NYSE,N,active,2026-07-11,2026-10-08
MNST,Monster Beverage Corporation - Common Stock,NASDAQ,N,active,2026-07-11,2026-10-08
MNTK,"Montauk Renewables, Inc. - Common Stock",NASDAQ,N,active,2026-07-11,2026-10-08
MNTN,"MNTN, Inc. Class A Common Stock",NYSE,N,active,2026-07-11,2026-10-08
MNTS,Momentus Inc. - Class A Common Stock,NASDAQ,N,active,2026-07-11,2026-10-08
MNVT,Moonvest ETF,NASDAQ,N,active,2026-07-11,2026-10-08
MNY,MoneyHero Limited - Class A Ordinary Shares,NASDAQ,D,active,2026-07-11,2026-10-08
MNZL,Manzil Russell Halal USA Broad Market ETF,NASDAQ,N,active,2026-07-11,2026-10-08
MO,"Altria Group, Inc.",NYSE,N,active,2026-07-11,2026-10-08
MOB,Mobilicom Limited - Ordinary Shares,NASDAQ,N,active,2026-07-11,2026-10-08
MOBI,"Mobia Medical, Inc. - Common Stock",NASDAQ,N,active,2026-07-11,2026-10-08
MOBX,"Mobix Labs, Inc. - Class A Common Stock",NASDAQ,N,active,2026-07-11,2026-10-08
MOD,Modine Manufacturing Company Common Stock,NYSE,N,active,2026-07-11,2026-10-08
MODD,"Modular Medical, Inc. - common stock",NASDAQ,N,active,2026-07-11,2026-10-08
MODL,VictoryShares WestEnd U.S. Sector ETF,NASDAQ,N,active,2026-07-11,2026-10-08
MOG-A,Moog Inc. Class A Common Stock,NYSE,N,active,2026-07-11,2026-10-08
MOG-B,Moog Inc. Class B Common Stock,NYSE,N,active,2026-07-11,2026-10-08
MOGU,MOGU Inc. American Depositary Shares (each  representing 25 Class A Ordinary Shares),NYSE,N,active,2026-07-11,2026-10-08
MOH,Molina Healthcare Inc Common Stock,NYSE,N,active,2026-07-11,2026-10-08
MOLN,Molecular Partners AG - American Depositary Shares,NASDAQ,N,active,2026-07-11,2026-10-08
MOMO,Hello Group Inc.  - American Depositary Shares,NASDAQ,N,active,2026-07-11,2026-10-08
MOOD,Relative Sentiment Tactical Allocation ETF,NASDAQ,N,active,2026-07-11,2026-10-08
MORN,"Morningstar, Inc. - Common Stock",NASDAQ,N,active,2026-07-11,2026-10-08
MOS,Mosaic Company (The) Common Stock,NYSE,N,active,2026-07-11,2026-10-08
MOV,Movado Group Inc. Common Stock,NYSE,N,active,2026-07-11,2026-10-08
MOVE,"Corvex, Inc. - Common Stock",NASDAQ,N,active,2026-07-11,2026-10-08
MP,MP Materials Corp. Common Stock,NYSE,N,active,2026-07-11,2026-10-08
MPA,Blackrock MuniYield Pennsylvania Quality Fund Common Stock,NYSE,N,active,2026-07-11,2026-10-08
MPAA,"Motorcar Parts of America, Inc. - Common Stock",NASDAQ,N,active,2026-07-11,2026-10-08
MPB,Mid Penn Bancorp - Common Stock,NASDAQ,N,active,2026-07-11,2026-10-08
MPC,Marathon Petroleum Corporation Common Stock,NYSE,N,active,2026-07-11,2026-10-08
MPG,Leverage Shares 2X Long MP Daily ETF,NASDAQ,N,active,2026-07-11,2026-10-08
MPLT,"MapLight Therapeutics, Inc. - Common Stock",NASDAQ,N,active,2026-07-11,2026-10-08
MPT,"Medical Properties Trust, Inc. common stock",NYSE,N,active,2026-07-11,2026-10-08
MPTI,"M-tron Industries, Inc. Common Stock",NYSE American,N,active,2026-07-11,2026-10-08
MPU,Mega Matrix Inc. Class A Ordinary Shares,NYSE American,N,active,2026-07-11,2026-10-08
MPV,Barings Participation Investors Common Stock,NYSE,N,active,2026-07-11,2026-10-08
MPWR,"Monolithic Power Systems, Inc. - Common Stock",NASDAQ,N,active,2026-07-11,2026-10-08
MQ,"Marqeta, Inc. - Class A Common Stock",NASDAQ,N,active,2026-07-11,2026-10-08
MQQQ,Tradr 2X Long Innovation 100 Monthly ETF,NASDAQ,N,active,2026-07-11,2026-10-08
MQY,"Blackrock MuniYield Quality Fund, Inc. Common Stock",NYSE,N,active,2026-07-11,2026-10-08
MRA,GraniteShares Autocallable MARA ETF,NASDAQ,N,active,2026-07-11,2026-10-08
MRAL,GraniteShares 2x Long MARA Daily ETF,NASDAQ,N,active,2026-07-11,2026-10-08
MRAM,"Everspin Technologies, Inc. - Common Stock",NASDAQ,N,active,2026-07-11,2026-10-08
MRBK,Meridian Corporation - Common Stock,NASDAQ,N,active,2026-07-11,2026-10-08
MRCY,Mercury Systems Inc - Common Stock,NASDAQ,N,active,2026-07-11,2026-10-08
MRDN,Meridian Holdings Inc. - Common Stock,NASDAQ,N,active,2026-07-11,2026-10-08
MREO,Mereo BioPharma Group plc - American Depositary Shares,NASDAQ,D,active,2026-07-11,2026-10-08
MRK,"Merck & Company, Inc. Common Stock (new)",NYSE,N,active,2026-07-11,2026-10-08
MRKR,"Marker Therapeutics, Inc. - Common Stock",NASDAQ,N,active,2026-07-11,2026-10-08
MRLN,"Merlin, Inc. - Common Stock",NASDAQ,N,active,2026-07-11,2026-10-08
MRM,MEDIROM Healthcare Technologies Inc. - American Depositary Share,NASDAQ,E,active,2026-07-11,2026-10-08
MRNA,"Moderna, Inc. - Common Stock",NASDAQ,N,active,2026-07-11,2026-10-08
MRNO,Murano Global Investments PLC - Ordinary Shares,NASDAQ,D,active,2026-07-11,2026-10-08
MRP,"Millrose Properties, Inc. Class A Common Stock",NYSE,N,active,2026-07-11,2026-10-08
MRSH,Marsh Common Stock,NYSE,N,active,2026-07-11,2026-10-08
MRT,"Marti Technologies, Inc. Class A Ordinary Shares",NYSE American,N,active,2026-07-11,2026-10-08
MRTN,"Marten Transport, Ltd. - Common Stock",NASDAQ,N,active,2026-07-11,2026-10-08
MRVI,"Maravai LifeSciences Holdings, Inc. - Class A common stock",NASDAQ,N,active,2026-07-11,2026-10-08
MRVL,"Marvell Technology, Inc. - Common Stock",NASDAQ,N,active,2026-07-11,2026-10-08
MRVU,Direxion Daily MRVL Bull 2X ETF,NASDAQ,N,active,2026-07-11,2026-10-08
MRX,Marex Group plc - Ordinary Shares,NASDAQ,N,active,2026-07-11,2026-10-08
MS,Morgan Stanley Common Stock,NYSE,N,active,2026-07-11,2026-10-08
MS$A,Morgan Stanley Dep Shs repstg 1/1000 Pfd Ser A,NYSE,N,active,2026-07-11,2026-10-08
MS$F,Morgan Stanley Dep Shs Rpstg 1/1000th Int Prd Ser F Fxd to Flag,NYSE,N,active,2026-07-11,2026-10-08
MSA,MSA Safety Incorporated Common Stock,NYSE,N,active,2026-07-11,2026-10-08
MSAI,"MultiSensor AI Holdings, Inc. - Common Stock",NASDAQ,N,active,2026-07-11,2026-10-08
MSB,Mesabi Trust Common Stock,NYSE,N,active,2026-07-11,2026-10-08
MSBI,"Midland States Bancorp, Inc. - Common Stock",NASDAQ,N,active,2026-07-11,2026-10-08
MSC,"Studio City International Holdings Limited American depositary shares, each representing four  Class A ordinary shares",NYSE,N,active,2026-07-11,2026-10-08
MSCI,MSCI Inc. Common Stock,NYSE,N,active,2026-07-11,2026-10-08
MSD,"Morgan Stanley Emerging Markets Debt Fund, Inc. Common Stock",NYSE,N,active,2026-07-11,2026-10-08
MSDL,Morgan Stanley Direct Lending Fund Common Stock,NYSE,N,active,2026-07-11,2026-10-08
MSEX,Middlesex Water Company - Common Stock,NASDAQ,N,active,2026-07-11,2026-10-08
MSFD,Direxion Daily MSFT Bear 1X ETF,NASDAQ,N,active,2026-07-11,2026-10-08
MSFL,GraniteShares 2x Long MSFT Daily ETF,NASDAQ,N,active,2026-07-11,2026-10-08
MSFT,Microsoft Corporation - Common Stock,NASDAQ,N,active,2026-07-11,2026-10-08
MSFU,Direxion Daily MSFT Bull 2X ETF,NASDAQ,N,active,2026-07-11,2026-10-08
MSGE,Madison Square Garden Entertainment Corp. Class A Common Stock,NYSE,N,active,2026-07-11,2026-10-08
MSGM,Motorsport Games Inc. - Class A Common Stock,NASDAQ,N,active,2026-07-11,2026-10-08
MSGS,Madison Square Garden Sports Corp. Class A Common Stock (New),NYSE,N,active,2026-07-11,2026-10-08
MSGY,Masonglory Limited - Ordinary Shares,NASDAQ,N,active,2026-07-11,2026-10-08
MSI,"Motorola Solutions, Inc. Common Stock",NYSE,N,active,2026-07-11,2026-10-08
MSIF,"MSC Income Fund, Inc. Common Stock",NYSE,N,active,2026-07-11,2026-10-08
MSLE,Satellos Bioscience Inc. - Common Stock,NASDAQ,N,active,2026-07-11,2026-10-08
MSM,"MSC Industrial Direct Company, Inc. Common Stock",NYSE,N,active,2026-07-11,2026-10-08
MSN,Emerson Radio Corporation Common Stock,NYSE American,N,active,2026-07-11,2026-10-08
MSR,GraniteShares Autocallable MSTR ETF,NASDAQ,N,active,2026-07-11,2026-10-08
MSS,Maison Solutions Inc. - Class A Common Stock,NASDAQ,E,active,2026-07-11,2026-10-08
MST,Defiance Leveraged Long + Income MSTR ETF,NASDAQ,N,active,2026-07-11,2026-10-08
MSTP,GraniteShares 2x Long MSTR Daily ETF,NASDAQ,N,active,2026-07-11,2026-10-08
MSTR,Strategy Inc - Class A Common Stock,NASDAQ,N,active,2026-07-11,2026-10-08
MSTX,Defiance Daily Target 2x Long MSTR ETF,NASDAQ,N,active,2026-07-11,2026-10-08
MT,Arcelor Mittal NY Registry Shares NEW,NYSE,N,active,2026-07-11,2026-10-08
MTA,Metalla Royalty & Streaming Ltd. Common Shares,NYSE American,N,active,2026-07-11,2026-10-08
MTAL,Metals Acquisition Corp. II Class A Ordinary Shares,NYSE,N,active,2026-07-11,2026-10-08
MTB,M&T Bank Corporation Common Stock,NYSE,N,active,2026-07-11,2026-10-08
MTC,"MMTec, Inc. - Common Shares",NASDAQ,N,active,2026-07-11,2026-10-08
MTCH,"Match Group, Inc. - Common Stock",NASDAQ,N,active,2026-07-11,2026-10-08
MTD,"Mettler-Toledo International, Inc. Common Stock",NYSE,N,active,2026-07-11,2026-10-08
MTDR,Matador Resources Company Common Stock,NYSE,N,active,2026-07-11,2026-10-08
MTEK,Maris-Tech Ltd. - ordinary shares,NASDAQ,N,active,2026-07-11,2026-10-08
MTEN,Mingteng International Corporation Inc. - Class A Ordinary Shares,NASDAQ,N,active,2026-07-11,2026-10-08
MTEX,"Mannatech, Incorporated - Common Stock",NASDAQ,D,active,2026-07-11,2026-10-08
MTG,MGIC Investment Corporation Common Stock,NYSE,N,active,2026-07-11,2026-10-08
MTH,Meritage Homes Corporation Common Stock,NYSE,N,active,2026-07-11,2026-10-08
MTLS,Materialise NV - American Depositary Shares,NASDAQ,N,active,2026-07-11,2026-10-08
MTN,"Vail Resorts, Inc. Common Stock",NYSE,N,active,2026-07-11,2026-10-08
MTNB,"Matinas Biopharma Holdings, Inc. Common Stock",NYSE American,N,active,2026-07-11,2026-10-08
MTNE,CH4 Natural Solutions Corporation Class A Ordinary Shares,NYSE,N,active,2026-07-11,2026-10-08
MTR,Mesa Royalty Trust Common Stock,NYSE,N,active,2026-07-11,2026-10-08
MTRN,Materion Corporation,NYSE,N,active,2026-07-11,2026-10-08
MTRX,Matrix Service Company - Common Stock,NASDAQ,N,active,2026-07-11,2026-10-08
MTSI,"MACOM Technology Solutions Holdings, Inc. - Common Stock",NASDAQ,N,active,2026-07-11,2026-10-08
MTUS,Metallus Inc. Common Shares,NYSE,N,active,2026-07-11,2026-10-08
MTVA,MetaVia Inc.  - Common Stock,NASDAQ,N,active,2026-07-11,2026-10-08
MTW,"Manitowoc Company, Inc. (The) Common Stock",NYSE,N,active,2026-07-11,2026-10-08
MTX,Minerals Technologies Inc. Common Stock,NYSE,N,active,2026-07-11,2026-10-08
MTYY,GraniteShares YieldBOOST MSTR ETF,NASDAQ,N,active,2026-07-11,2026-10-08
MTZ,"MasTec, Inc. Common Stock",NYSE,N,active,2026-07-11,2026-10-08
MU,"Micron Technology, Inc. - Common Stock",NASDAQ,N,active,2026-07-11,2026-10-08
MUA,"Blackrock MuniAssets Fund, Inc Common Stock",NYSE,N,active,2026-07-11,2026-10-08
MUC,"Blackrock MuniHoldings California Quality Fund, Inc.  Common Stock",NYSE,N,active,2026-07-11,2026-10-08
MUD,Direxion Daily MU Bear 1X ETF,NASDAQ,N,active,2026-07-11,2026-10-08
MUFG,"Mitsubishi UFJ Financial Group, Inc. Common Stock",NYSE,N,active,2026-07-11,2026-10-08
MUJ,"Blackrock MuniHoldings New Jersey Quality Fund, Inc. Common Stock",NYSE,N,active,2026-07-11,2026-10-08
MULL,GraniteShares 2x Long MU Daily ETF,NASDAQ,N,active,2026-07-11,2026-10-08
MULT,Franklin Multisector Income ETF,NASDAQ,N,active,2026-07-11,2026-10-08
MUR,Murphy Oil Corporation Common Stock,NYSE,N,active,2026-07-11,2026-10-08
MUSA,Murphy USA Inc. Common Stock,NYSE,N,active,2026-07-11,2026-10-08
MUSE,TCW Multisector Credit Income ETF,NYSE,N,active,2026-07-11,2026-10-08
MUU,Direxion Daily MU Bull 2X ETF,NASDAQ,N,active,2026-07-11,2026-10-08
MUX,McEwen Inc. Common Stock,NYSE,N,active,2026-07-11,2026-10-08
MUYY,GraniteShares YieldBOOST MU ETF,NASDAQ,N,active,2026-07-11,2026-10-08
MUZE,Muzero Acquisition Corp - Class A Ordinary Shares,NASDAQ,N,active,2026-07-11,2026-10-08
MVBF,MVB Financial Corp. - Common Stock,NASDAQ,N,active,2026-07-11,2026-10-08
MVIS,"MicroVision, Inc. - Common Stock",NASDAQ,N,active,2026-07-11,2026-10-08
MVLL,GraniteShares 2x Long MRVL Daily ETF,NASDAQ,N,active,2026-07-11,2026-10-08
MVST,"Microvast Holdings, Inc. - Common Stock",NASDAQ,D,active,2026-07-11,2026-10-08
MWA,MUELLER WATER PRODUCTS Common Stock,NYSE,N,active,2026-07-11,2026-10-08
MWC,"Micware Co., Ltd. - American Depositary Shares",NASDAQ,N,active,2026-07-11,2026-10-08
MWG,Multi Ways Holdings Limited Class A Ordinary Shares,NYSE American,N,active,2026-07-11,2026-10-08
MWH,"SOLV Energy, Inc. - Class A common stock",NASDAQ,N,active,2026-07-11,2026-10-08
MWYN,"Marwynn Holdings, Inc. - Common stock",NASDAQ,N,active,2026-07-11,2026-10-08
MX,Magnachip Semiconductor Corporation Common Stock,NYSE,N,active,2026-07-11,2026-10-08
MXC,Mexco Energy Corporation Common Stock,NYSE American,N,active,2026-07-11,2026-10-08
MXCT,"MaxCyte, Inc. - Common Stock",NASDAQ,N,active,2026-07-11,2026-10-08
MXE,"Mexico Equity and Income Fund, Inc. (The) Common Stock",NYSE,N,active,2026-07-11,2026-10-08
MXF,"Mexico Fund, Inc. (The) Common Stock",NYSE,N,active,2026-07-11,2026-10-08
MXL,"MaxLinear, Inc - Common Stock",NASDAQ,N,active,2026-07-11,2026-10-08
MYCF,State Street My2026 Corporate Bond ETF,NASDAQ,N,active,2026-07-11,2026-10-08
MYCG,State Street My2027 Corporate Bond ETF,NASDAQ,N,active,2026-07-11,2026-10-08
MYCH,State Street My2028 Corporate Bond ETF,NASDAQ,N,active,2026-07-11,2026-10-08
MYCI,State Street My2029 Corporate Bond ETF,NASDAQ,N,active,2026-07-11,2026-10-08
MYCJ,State Street My2030 Corporate Bond ETF,NASDAQ,N,active,2026-07-11,2026-10-08
MYCK,State Street My2031 Corporate Bond ETF,NASDAQ,N,active,2026-07-11,2026-10-08
MYCL,State Street My2032 Corporate Bond ETF,NASDAQ,N,active,2026-07-11,2026-10-08
MYCM,State Street My2033 Corporate Bond ETF,NASDAQ,N,active,2026-07-11,2026-10-08
MYCN,State Street My2034 Corporate Bond ETF,NASDAQ,N,active,2026-07-11,2026-10-08
MYCO,State Street My2035 Corporate Bond ETF,NASDAQ,N,active,2026-07-11,2026-10-08
MYE,"Myers Industries, Inc. Common Stock",NYSE,N,active,2026-07-11,2026-10-08
MYFW,"First Western Financial, Inc. - Common Stock",NASDAQ,N,active,2026-07-11,2026-10-08
MYGN,"Myriad Genetics, Inc. - Common Stock",NASDAQ,N,active,2026-07-11,2026-10-08
MYHA,State Street My2027 High Yield Corporate Bond ETF,NASDAQ,N,active,2026-07-11,2026-10-08
MYHB,State Street My2028 High Yield Corporate Bond ETF,NASDAQ,N,active,2026-07-11,2026-10-08
MYHC,State Street My2029 High Yield Corporate Bond ETF,NASDAQ,N,active,2026-07-11,2026-10-08
MYHD,State Street My2030 High Yield Corporate Bond ETF,NASDAQ,N,active,2026-07-11,2026-10-08
MYHE,State Street My2031 High Yield Corporate Bond ETF,NASDAQ,N,active,2026-07-11,2026-10-08
MYI,"Blackrock MuniYield Quality Fund III, Inc Common Stock",NYSE,N,active,2026-07-11,2026-10-08
MYMF,State Street My2026 Municipal Bond ETF,NASDAQ,N,active,2026-07-11,2026-10-08
MYMG,State Street My2027 Municipal Bond ETF,NASDAQ,N,active,2026-07-11,2026-10-08
MYMH,State Street My2028 Municipal Bond ETF,NASDAQ,N,active,2026-07-11,2026-10-08
MYMI,State Street My2029 Municipal Bond ETF,NASDAQ,N,active,2026-07-11,2026-10-08
MYMJ,State Street My2030 Municipal Bond ETF,NASDAQ,N,active,2026-07-11,2026-10-08
MYMK,State Street My2031 Municipal Bond ETF,NASDAQ,N,active,2026-07-11,2026-10-08
MYN,"Blackrock MuniYield New York Quality Fund, Inc.Common Stock",NYSE,N,active,2026-07-11,2026-10-08
MYND,"Mynd.ai, Inc. American Depositary Shares",NYSE American,N,active,2026-07-11,2026-10-08
MYO,Myomo Inc. Common Stock,NYSE American,N,active,2026-07-11,2026-10-08
MYPS,"PLAYSTUDIOS, Inc.  - Class A Common Stock",NASDAQ,D,active,2026-07-11,2026-10-08
MYRG,"MYR Group, Inc. - Common Stock",NASDAQ,N,active,2026-07-11,2026-10-08
MYSE,"Myseum.AI, Inc. - Common Stock",NASDAQ,N,active,2026-07-11,2026-10-08
MYSZ,"My Size, Inc. - Common Stock",NASDAQ,D,active,2026-07-11,2026-10-08
MYX,Maywood Acquisition Corp. 2 - Class A Ordinary Share,NASDAQ,N,active,2026-07-11,2026-10-08
MZTI,The Marzetti Company - Common Stock,NASDAQ,N,active,2026-07-11,2026-10-08
MZYX,MOZAYYX Acquisition Corp. Class A Ordinary Shares,NYSE,N,active,2026-07-11,2026-10-08
NA,Nano Labs Ltd - Class A Ordinary Shares,NASDAQ,N,active,2026-07-11,2026-10-08
NAAS,NaaS Technology Inc. - American Depositary Shares,NASDAQ,N,active,2026-07-11,2026-10-08
NABL,"N-able, Inc. Common Stock",NYSE,N,active,2026-07-11,2026-10-08
NAC,Nuveen California Quality Municipal Income Fund,NYSE,N,active,2026-07-11,2026-10-08
NAD,Nuveen Quality Municipal Income Fund Common Stock,NYSE,N,active,2026-07-11,2026-10-08
NAGE,"Niagen Bioscience, Inc. - Common Stock",NASDAQ,N,active,2026-07-11,2026-10-08
NAII,"Natural Alternatives International, Inc. - Common Stock",NASDAQ,N,active,2026-07-11,2026-10-08
NAK,"Northern Dynasty Minerals, Ltd. Common Stock",NYSE American,N,active,2026-07-11,2026-10-08
NAKA,Nakamoto Inc. - Common Stock,NASDAQ,N,active,2026-07-11,2026-10-08
NAMI,Jinxin Technology Holding Company - American Depositary Shares,NASDAQ,N,active,2026-07-11,2026-10-08
NAMM,Namib Minerals - Ordinary Shares,NASDAQ,N,active,2026-07-11,2026-10-08
NAMS,NewAmsterdam Pharma Company N.V. - Ordinary Shares,NASDAQ,N,active,2026-07-11,2026-10-08
NAN,Nuveen New York Quality Municipal Income Fund Common Stock,NYSE,N,active,2026-07-11,2026-10-08
NAT,Nordic American Tankers Limited Common Stock,NYSE,N,active,2026-07-11,2026-10-08
NATH,"Nathan's Famous, Inc. - Common Stock",NASDAQ,N,active,2026-07-11,2026-10-08
NATL,NCR Atleos Corporation Common Stock,NYSE,N,active,2026-07-11,2026-10-08
NATO,Themes Transatlantic Defense ETF,NASDAQ,N,active,2026-07-11,2026-10-08
NATR,"Nature's Sunshine Products, Inc. - Common Stock",NASDAQ,N,active,2026-07-11,2026-10-08
NAUT,"Nautilus Biotechnology, Inc. - Common Stock",NASDAQ,N,active,2026-07-11,2026-10-08
NAVI,Navient Corporation - Common Stock,NASDAQ,N,active,2026-07-11,2026-10-08
NAVN,"Navan, Inc. - Class A Common Stock",NASDAQ,N,active,2026-07-11,2026-10-08
NAZ,Nuveen Arizona Quality Municipal Income Fund Common Stock,NYSE,N,active,2026-07-11,2026-10-08
NB,NioCorp Developments Ltd. - Common Stock,NASDAQ,N,active,2026-07-11,2026-10-08
NBB,Nuveen Taxable Municipal Income Fund Common Shares of Beneficial Interest,NYSE,N,active,2026-07-11,2026-10-08
NBBK,"NB Bancorp, Inc. - Common Stock",NASDAQ,N,active,2026-07-11,2026-10-08
NBH,Neuberger Municipal Fund Inc. Common Stock,NYSE American,N,active,2026-07-11,2026-10-08
NBHC,National Bank Holdings Corporation Common Stock,NYSE,N,active,2026-07-11,2026-10-08
NBIG,Leverage Shares 2X Long NBIS Daily ETF,NASDAQ,N,active,2026-07-11,2026-10-08
NBIL,GraniteShares 2x Long NBIS Daily ETF,NASDAQ,N,active,2026-07-11,2026-10-08
NBIS,Nebius Group N.V. - Class A Ordinary Shares,NASDAQ,N,active,2026-07-11,2026-10-08
NBIX,"Neurocrine Biosciences, Inc. - Common Stock",NASDAQ,N,active,2026-07-11,2026-10-08
NBN,Northeast Bank - Common Stock,NASDAQ,N,active,2026-07-11,2026-10-08
NBP,NovaBridge Biosciences - American Depositary Shares,NASDAQ,N,active,2026-07-11,2026-10-08
NBR,Nabors Industries Ltd.,NYSE,N,active,2026-07-11,2026-10-08
NBRG,Newbridge Acquisition Limited - Class A Ordinary Share,NASDAQ,N,active,2026-07-11,2026-10-08
NBTB,NBT Bancorp Inc. - Common Stock,NASDAQ,N,active,2026-07-11,2026-10-08
NBTX,Nanobiotix S.A. - ADSs,NASDAQ,N,active,2026-07-11,2026-10-08
NBXG,Neuberger Next Generation Connectivity Fund Inc. Common Stock,NYSE,N,active,2026-07-11,2026-10-08
NC,"NACCO Industries, Inc. Common Stock",NYSE,N,active,2026-07-11,2026-10-08
NCA,Nuveen California Municipal Value Fund,NYSE,N,active,2026-07-11,2026-10-08
NCDL,Nuveen Churchill Direct Lending Corp. Common Stock,NYSE,N,active,2026-07-11,2026-10-08
NCEL,NewcelX Ltd. - Ordinary Shares,NASDAQ,N,active,2026-07-11,2026-10-08
NCEW,New Century Logistics (BVI) Limited - Ordinary Shares,NASDAQ,N,active,2026-07-11,2026-10-08
NCI,Neo-Concept International Group Holdings Limited - Class A Ordinary Shares,NASDAQ,N,active,2026-07-11,2026-10-08
NCIQ,Hashdex Nasdaq CME Crypto Index ETF,NASDAQ,N,active,2026-07-11,2026-10-08
NCL,Northann Corp. Common Stock,NYSE American,N,removed,2026-07-11,2026-08-21
NCLH,Norwegian Cruise Line Holdings Ltd. Ordinary Shares,NYSE,N,active,2026-07-11,2026-10-08
NCMI,"National CineMedia, Inc. - Common Stock",NASDAQ,N,active,2026-07-11,2026-10-08
NCNA,NuCana plc - American Depositary Shares,NASDAQ,N,active,2026-07-11,2026-10-08
NCNO,"nCino, Inc. - Common Stock",NASDAQ,N,active,2026-07-11,2026-10-08
NCPB,Nuveen Core Plus Bond ETF,NASDAQ,N,active,2026-07-11,2026-10-08
NCPL,Netcapital Inc. - Common Stock,NASDAQ,H,active,2026-07-11,2026-10-08
NCRA,"Nocera, Inc. - common stock",NASDAQ,N,active,2026-07-11,2026-10-08
NCSM,"NCS Multistage Holdings, Inc. - Common Stock",NASDAQ,N,removed,2026-07-11,2026-09-01
NCT,Intercont (Cayman) Limited - Class A Ordinary shares,NASDAQ,N,active,2026-07-11,2026-10-08
NCTY,The9 Limited - American Depository Shares,NASDAQ,N,active,2026-07-11,2026-10-08
NCV,Virtus Convertible & Income Fund Common Shares of Beneficial Interest,NYSE,N,active,2026-07-11,2026-10-08
NCZ,Virtus Convertible & Income Fund II Common Shares of Beneficial Interest,NYSE,N,active,2026-07-11,2026-10-08
NDAA,Ned Davis Research 360 Dynamic Allocation ETF,NASDAQ,N,active,2026-07-11,2026-10-08
NDAQ,"Nasdaq, Inc. - Common Stock",NASDAQ,N,active,2026-07-11,2026-10-08
NDLS,Noodles & Company - Class A Common Stock,NASDAQ,N,active,2026-07-11,2026-10-08
NDMO,Nuveen Dynamic Municipal Opportunities Fund Common Shares of Beneficial Interest,NYSE,N,active,2026-07-11,2026-10-08
NDRA,ENDRA Life Sciences Inc. - Common Stock,NASDAQ,N,active,2026-07-11,2026-10-08
NDSN,Nordson Corporation - Common Stock,NASDAQ,N,active,2026-07-11,2026-10-08
NE,Noble Corporation plc A Ordinary Shares,NYSE,N,active,2026-07-11,2026-10-08
NEA,Nuveen AMT-Free Quality Municipal Income Fund Common Shares of Beneficial Interest Par Value $.01,NYSE,N,active,2026-07-11,2026-10-08
NECB,"NorthEast Community Bancorp, Inc. - Common Stock",NASDAQ,N,active,2026-07-11,2026-10-08
NEE,"NextEra Energy, Inc. Common Stock",NYSE,N,active,2026-07-11,2026-10-08
NEGG,"Newegg Commerce, Inc. - Common Shares",NASDAQ,N,active,2026-07-11,2026-10-08
NEM,Newmont Corporation,NYSE,N,active,2026-07-11,2026-10-08
NEMG,Leverage Shares 2x Long NEM Daily ETF,NASDAQ,N,active,2026-07-11,2026-10-08
NEO,"NeoGenomics, Inc. - Common Stock",NASDAQ,N,active,2026-07-11,2026-10-08
NEOG,Neogen Corporation - Common Stock,NASDAQ,N,active,2026-07-11,2026-10-08
NEON,Neonode Inc. - Common Stock,NASDAQ,D,active,2026-07-11,2026-10-08
NEOV,NeoVolta Inc. - Common Stock,NASDAQ,N,active,2026-07-11,2026-10-08
NEPH,"Nephros, Inc. - Common Stock",NASDAQ,N,active,2026-07-11,2026-10-08
NERV,"Minerva Neurosciences, Inc - Common Stock",NASDAQ,N,active,2026-07-11,2026-10-08
NESR,National Energy Services Reunited Corp - Ordinary Shares,NASDAQ,N,active,2026-07-11,2026-10-08
NET,"Cloudflare, Inc. Class A Common Stock",NYSE,N,active,2026-07-11,2026-10-08
NETG,Leverage Shares 2X Long NET Daily ETF,NASDAQ,N,active,2026-07-11,2026-10-08
NEU,NewMarket Corp Common Stock,NYSE,N,active,2026-07-11,2026-10-08
NEUP,Neuphoria Therapeutics Inc. - Common Stock,NASDAQ,N,active,2026-07-11,2026-10-08
NEWP,New Pacific Metals Corp. Common Shares,NYSE American,N,active,2026-07-11,2026-10-08
NEWT,"NewtekOne, Inc. - Common Stock",NASDAQ,N,active,2026-07-11,2026-10-08
NEWZ,StockSnips AI-Powered Sentiment US All Cap ETF,NASDAQ,N,active,2026-07-11,2026-10-08
NEXA,Nexa Resources S.A. Common Shares,NYSE,N,active,2026-07-11,2026-10-08
NEXM,NexMetals Mining Corp. - Common Stock,NASDAQ,N,active,2026-07-11,2026-10-08
NEXN,Nexxen International Ltd. - Ordinary Shares,NASDAQ,N,active,2026-07-11,2026-10-08
NEXR,Nexera Technologies Ltd - Ordinary Shares,NASDAQ,N,active,2026-07-11,2026-10-08
NEXT,NextDecade Corporation - Common Stock,NASDAQ,N,active,2026-07-11,2026-10-08
NFBK,"Northfield Bancorp, Inc. - Common Stock",NASDAQ,N,removed,2026-07-11,2026-07-20
NFE,New Fortress Energy Inc. - Class A Common Stock,NASDAQ,N,active,2026-07-11,2026-10-08
NFG,National Fuel Gas Company Common Stock,NYSE,N,active,2026-07-11,2026-10-08
NFGC,New Found Gold Corp Common Shares,NYSE American,N,active,2026-07-11,2026-10-08
NFJ,"Virtus Dividend, Interest & Premium Strategy Fund Common Shares of Beneficial Interest",NYSE,N,active,2026-07-11,2026-10-08
NFLX,"Netflix, Inc. - Common Stock",NASDAQ,N,active,2026-07-11,2026-10-08
NFRX,Harrison Street Infrastructure Active ETF,NASDAQ,N,active,2026-07-11,2026-10-08
NFTY,First Trust India Nifty 50 Equal Weight ETF,NASDAQ,N,active,2026-07-11,2026-10-08
NFXL,Direxion Daily NFLX Bull 2X ETF,NASDAQ,N,active,2026-07-11,2026-10-08
NFXS,Direxion Daily NFLX Bear 1X ETF,NASDAQ,N,active,2026-07-11,2026-10-08
NG,Novagold Resources Inc.,NYSE American,N,active,2026-07-11,2026-10-08
NGEN,NervGen Pharma Corp. - Common stock,NASDAQ,N,active,2026-07-11,2026-10-08
NGG,"National Grid Transco, PLC National Grid PLC (NEW) American Depositary Shares",NYSE,N,active,2026-07-11,2026-10-08
NGHT,Nicholas Bitcoin and Treasuries AfterDark ETF,NASDAQ,N,active,2026-07-11,2026-10-08
NGNE,Neurogene Inc. - Common Stock,NASDAQ,N,active,2026-07-11,2026-10-08
NGS,"Natural Gas Services Group, Inc. Common Stock",NYSE,N,active,2026-07-11,2026-10-08
NGVC,"Natural Grocers by Vitamin Cottage, Inc. Common Stock",NYSE,N,active,2026-07-11,2026-10-08
NGVT,Ingevity Corporation Common Stock ,NYSE,N,active,2026-07-11,2026-10-08
NHC,National HealthCare Corporation Common Stock,NYSE American,N,active,2026-07-11,2026-10-08
NHI,"National Health Investors, Inc. Common Stock",NYSE,N,active,2026-07-11,2026-10-08
NHIC,NewHold Investment Corp III - Class A Ordinary shares,NASDAQ,N,removed,2026-07-11,2026-09-22
NHIV,NewHold Investment Corp IV - Class A Ordinary Shares,NASDAQ,N,active,2026-07-11,2026-10-08
NHP,"National Healthcare Properties, Inc. - Class A Common Stock",NASDAQ,N,active,2026-07-11,2026-10-08
NHS,Neuberger High Yield Strategies Fund Inc. Common Stock,NYSE American,N,active,2026-07-11,2026-10-08
NHTC,Natural Health Trends Corp. - Common Stock,NASDAQ,N,active,2026-07-11,2026-10-08
NI,NiSource Inc Common Stock,NYSE,N,active,2026-07-11,2026-10-08
NIC,Nicolet Bankshares Inc. Common Stock,NYSE,N,active,2026-07-11,2026-10-08
NICE,NICE Ltd - American Depositary Shares each representing one Ordinary Share,NASDAQ,N,active,2026-07-11,2026-10-08
NICM,Nicola Mining Inc. - American Depositary Shares,NASDAQ,N,active,2026-07-11,2026-10-08
NIE,Virtus Equity & Convertible Income Fund Common Shares of Beneficial Interest,NYSE,N,active,2026-07-11,2026-10-08
NIKL,Sprott Nickel Miners ETF,NASDAQ,N,active,2026-07-11,2026-10-08
NIM,Nuveen Select Maturities Municipal Fund Common Stock,NYSE,N,active,2026-07-11,2026-10-08
NINE,"Nine Energy Service, Inc. Common Stock",NYSE American,N,active,2026-07-11,2026-10-08
NIO,"NIO Inc. American depositary shares, each  representing one Class A ordinary share",NYSE,N,active,2026-07-11,2026-10-08
NIOG,Leverage Shares 2X Long NIO Daily ETF,NASDAQ,N,active,2026-07-11,2026-10-08
NIPG,NIP Group Inc. - American Depositary Shares,NASDAQ,N,active,2026-07-11,2026-10-08
NIQ,NIQ Global Intelligence plc Ordinary Shares,NYSE,N,active,2026-07-11,2026-10-08
NIU,Niu Technologies - American Depositary Shares,NASDAQ,N,active,2026-07-11,2026-10-08
NIVF,NewGenIvf Group Limited - Class A Ordinary Shares,NASDAQ,N,active,2026-07-11,2026-10-08
NIXT,Research Affiliates Deletions ETF,NASDAQ,N,active,2026-07-11,2026-10-08
NIXX,"Nixxy, Inc. - Common Stock",NASDAQ,D,active,2026-07-11,2026-10-08
NJR,NewJersey Resources Corporation Common Stock,NYSE,N,active,2026-07-11,2026-10-08
NKE,"Nike, Inc. Common Stock",NYSE,N,active,2026-07-11,2026-10-08
NKLR,Terra Innovatum Global N.V. - Ordinary shares,NASDAQ,N,active,2026-07-11,2026-10-08
NKSH,"National Bankshares, Inc. - Common Stock",NASDAQ,N,active,2026-07-11,2026-10-08
NKTR,Nektar Therapeutics - Common Stock,NASDAQ,N,active,2026-07-11,2026-10-08
NKTX,"Nkarta, Inc. - Common Stock",NASDAQ,N,active,2026-07-11,2026-10-08
NKX,Nuveen California AMT-Free Quality Municipal Income Fund,NYSE,N,active,2026-07-11,2026-10-08
NL,"NLI Holdings, Inc. Common Stock",NYSE,N,active,2026-07-11,2026-10-08
NLOP,Net Lease Office Properties Common Shares of Beneficial Interest,NYSE,N,active,2026-07-11,2026-10-08
NLY,Annaly Capital Management Inc. Common Stock,NYSE,N,active,2026-07-11,2026-10-08
NLY$F,Annaly Capital Management Inc 6.95% Series F,NYSE,N,active,2026-07-11,2026-10-08
NMAD,"Nomad Power Solutions, Inc. - Common Stock",NASDAQ,N,active,2026-07-11,2026-10-08
NMAI,Nuveen Multi-Asset Income Fund Common Shares of Beneficial Interest,NYSE,N,active,2026-07-11,2026-10-08
NMAX,"Newsmax, Inc. Class B Common Stock",NYSE,N,active,2026-07-11,2026-10-08
NMCO,Nuveen Municipal Credit Opportunities Fund Common Shares,NYSE,N,active,2026-07-11,2026-10-08
NMFC,New Mountain Finance Corporation - Common Stock,NASDAQ,N,active,2026-07-11,2026-10-08
NMG,Nouveau Monde Graphite Inc. Common Shares,NYSE,N,active,2026-07-11,2026-10-08
NMI,"Nuveen Municipal Income Fund, Inc. Common Stock",NYSE,N,active,2026-07-11,2026-10-08
NMIH,NMI Holdings Inc - Common Stock,NASDAQ,N,active,2026-07-11,2026-10-08
NML,Neuberger Energy Infrastructure and Income Fund Inc. Common Stock,NYSE American,N,active,2026-07-11,2026-10-08
NMP,NMP Acquisition Corp. - Class A Ordinary Shares,NASDAQ,N,active,2026-07-11,2026-10-08
NMR,Nomura Holdings Inc ADR American Depositary Shares,NYSE,N,active,2026-07-11,2026-10-08
NMRA,"Neumora Therapeutics, Inc. - Common Stock",NASDAQ,N,active,2026-07-11,2026-10-08
NMRK,"Newmark Group, Inc. - Class A Common Stock",NASDAQ,N,active,2026-07-11,2026-10-08
NMS,Nuveen Minnesota Quality Municipal Income Fund ,NYSE,N,active,2026-07-11,2026-10-08
NMT,Nuveen Massachusetts Quality Municipal Income Fund Common Stock,NYSE,N,active,2026-07-11,2026-10-08
NMTC,NeuroOne Medical Technologies Corporation - Common Stock,NASDAQ,N,active,2026-07-11,2026-10-08
NMZ,"Nuveen Municipal High Income Opportunity Fund Common Stock, $0.01 par value, per share",NYSE,N,active,2026-07-11,2026-10-08
NN,NextNav Inc. - Common stock,NASDAQ,N,active,2026-07-11,2026-10-08
NNBR,"NN, Inc. - Common Stock",NASDAQ,N,active,2026-07-11,2026-10-08
NNDM,Nano Dimension Ltd. - American Depositary Shares,NASDAQ,N,active,2026-07-11,2026-10-08
NNE,Nano Nuclear Energy Inc. - common stock,NASDAQ,N,active,2026-07-11,2026-10-08
NNI,"Nelnet, Inc. Common Stock",NYSE,N,active,2026-07-11,2026-10-08
NNN,"NNN REIT, Inc. Common Stock",NYSE,N,active,2026-07-11,2026-10-08
NNNN,Anbio Biotechnology - Class A Ordinary Shares,NASDAQ,N,active,2026-07-11,2026-10-08
NNOX,NANO-X IMAGING LTD - Ordinary Shares,NASDAQ,D,active,2026-07-11,2026-10-08
NNVC,"NanoViricides, Inc. Common Stock",NYSE American,N,active,2026-07-11,2026-10-08
NNY,Nuveen New York Municipal Value Fund Common Stock,NYSE,N,active,2026-07-11,2026-10-08
NOA,North American Construction Group Ltd. Common Shares (no par),NYSE,N,active,2026-07-11,2026-10-08
NOAH,Noah Holdings Limited American Depositary Shares,NYSE,N,active,2026-07-11,2026-10-08
NOC,Northrop Grumman Corporation Common Stock,NYSE,N,active,2026-07-11,2026-10-08
NODK,"NI Holdings, Inc. - Common Stock",NASDAQ,N,active,2026-07-11,2026-10-08
NOEM,CO2 Energy Transition Corp. - Common Stock,NASDAQ,N,active,2026-07-11,2026-10-08
NOG,"Northern Oil and Gas, Inc. Common Stock",NYSE,N,active,2026-07-11,2026-10-08
NOK,Nokia Corporation Sponsored American Depositary Shares,NYSE,N,active,2026-07-11,2026-10-08
NOMA,NOMADAR Corp. - Class A Common Stock,NASDAQ,N,active,2026-07-11,2026-10-08
NOMD,Nomad Foods Limited Ordinary Shares,NYSE,N,active,2026-07-11,2026-10-08
NOV,NOV Inc. Common Stock,NYSE,N,active,2026-07-11,2026-10-08
NOVT,Novanta Inc. - Common Shares,NASDAQ,N,active,2026-07-11,2026-10-08
NOW,"ServiceNow, Inc. Common Stock",NYSE,N,active,2026-07-11,2026-10-08
NOWL,GraniteShares 2x Long NOW Daily ETF,NASDAQ,N,active,2026-07-11,2026-10-08
NP,Neptune Insurance Holdings Inc. Class A Common Stock,NYSE,N,active,2026-07-11,2026-10-08
NPAC,New Providence Acquisition Corp. III - Ordinary Shares,NASDAQ,N,active,2026-07-11,2026-10-08
NPB,"Northpointe Bancshares, Inc. Common Stock",NYSE,N,active,2026-07-11,2026-10-08
NPCE,"Neuropace, Inc. - Common Stock",NASDAQ,N,active,2026-07-11,2026-10-08
NPCT,Nuveen Core Plus Impact Fund Common Shares of Beneficial Interest,NYSE,N,active,2026-07-11,2026-10-08
NPFI,Nuveen Preferred and Income ETF,NASDAQ,N,active,2026-07-11,2026-10-08
NPK,"National Presto Industries, Inc. Common Stock",NYSE,N,active,2026-07-11,2026-10-08
NPKI,NPK International Inc. Common Stock,NYSE,N,active,2026-07-11,2026-10-08
NPO,Enpro Inc. Common Stock,NYSE,N,active,2026-07-11,2026-10-08
NPT,Texxon Holding Limited - Ordinary shares,NASDAQ,N,active,2026-07-11,2026-10-08
NPV,Nuveen Virginia Quality Municipal Income Fund Common Stock,NYSE,N,active,2026-07-11,2026-10-08
NPWR,NET Power Inc. Class A Common Stock,NYSE,N,active,2026-07-11,2026-10-08
NRC,NRC Health - Common Stock,NASDAQ,N,active,2026-07-11,2026-10-08
NRDS,"NerdWallet, Inc. - Class A Common Stock",NASDAQ,N,active,2026-07-11,2026-10-08
NRDY,Nerdy Inc. Class A Common Stock,NYSE,N,active,2026-07-11,2026-10-08
NREF,"NexPoint Real Estate Finance, Inc. Common Stock",NYSE,N,active,2026-07-11,2026-10-08
NRES,Xtrackers RREEF Global Natural Resources ETF,NASDAQ,N,active,2026-07-11,2026-10-08
NRG,"NRG Energy, Inc. Common Stock",NYSE,N,active,2026-07-11,2026-10-08
NRGV,"Energy Vault Holdings, Inc. Common Stock",NYSE,N,active,2026-07-11,2026-10-08
NRIM,Northrim BanCorp Inc - Common Stock,NASDAQ,N,active,2026-07-11,2026-10-08
NRIX,"Nurix Therapeutics, Inc. - Common stock",NASDAQ,N,active,2026-07-11,2026-10-08
NRK,Nuveen New York AMT-Free Quality Municipal Income Fund ,NYSE,N,active,2026-07-11,2026-10-08
NRO,Neuberger Real Estate Securities Income Fund Inc. Common Stock,NYSE American,N,active,2026-07-11,2026-10-08
NRP,Natural Resource Partners LP Limited Partnership,NYSE,N,active,2026-07-11,2026-10-08
NRSN,NeuroSense Therapeutics Ltd. - Ordinary Shares,NASDAQ,D,active,2026-07-11,2026-10-08
NRT,North European Oil Royality Trust Common Stock,NYSE,N,active,2026-07-11,2026-10-08
NRXP,"NRX Pharmaceuticals, Inc. - Common Stock",NASDAQ,N,active,2026-07-11,2026-10-08
NRXS,"Neuraxis, Inc. Common Stock",NYSE American,N,active,2026-07-11,2026-10-08
NSA,National Storage Affiliates Trust Common Shares of Beneficial Interest,NYSE,N,removed,2026-07-11,2026-07-21
NSC,Norfolk Southern Corporation Common Stock,NYSE,N,active,2026-07-11,2026-10-08
NSI,National Security Emerging Markets Index ETF,NASDAQ,N,active,2026-07-11,2026-10-08
NSIT,"Insight Enterprises, Inc. - Common Stock",NASDAQ,N,active,2026-07-11,2026-10-08
NSLR,Neostellar Capital Corp. - Closed End Fund,NASDAQ,N,active,2026-07-11,2026-10-08
NSP,"Insperity, Inc. Common Stock",NYSE,N,active,2026-07-11,2026-10-08
NSPR,InspireMD Inc. - Common Stock,NASDAQ,D,active,2026-07-11,2026-10-08
NSRX,Nasus Pharma Ltd. Ordinary Shares,NYSE American,N,active,2026-07-11,2026-10-08
NSSC,"NAPCO Security Technologies, Inc. - Common Stock",NASDAQ,N,active,2026-07-11,2026-10-08
NSTS,"NSTS Bancorp, Inc. - Common Stock",NASDAQ,N,removed,2026-07-11,2026-10-02
NSYS,Nortech Systems Incorporated - Common Stock,NASDAQ,N,active,2026-07-11,2026-10-08
NTAP,"NetApp, Inc. - Common Stock",NASDAQ,N,active,2026-07-11,2026-10-08
NTB,Bank of N.T. Butterfield & Son Limited (The) Voting Ordinary Shares,NYSE,N,active,2026-07-11,2026-10-08
NTCL,NETCLASS TECHNOLOGY INC - Class A Ordinary Shares,NASDAQ,N,active,2026-07-11,2026-10-08
NTCT,"NetScout Systems, Inc. - Common Stock",NASDAQ,N,active,2026-07-11,2026-10-08
NTES,"NetEase, Inc. - American Depositary Shares, each representing 5 ordinary shares",NASDAQ,N,active,2026-07-11,2026-10-08
NTGR,"NETGEAR, Inc. - Common Stock",NASDAQ,N,active,2026-07-11,2026-10-08
NTHI,"NeOnc Technologies Holdings, Inc. - Common Stock",NASDAQ,N,active,2026-07-11,2026-10-08
NTIC,Northern Technologies International Corporation - Common Stock,NASDAQ,N,active,2026-07-11,2026-10-08
NTIP,"Network-1 Technologies, Inc. Common Stock",NYSE American,N,active,2026-07-11,2026-10-08
NTLA,"Intellia Therapeutics, Inc. - Common Stock",NASDAQ,N,active,2026-07-11,2026-10-08
NTNX,"Nutanix, Inc. - Class A Common Stock",NASDAQ,N,active,2026-07-11,2026-10-08
NTR,Nutrien Ltd. Common Shares,NYSE,N,active,2026-07-11,2026-10-08
NTRA,"Natera, Inc. - Common Stock",NASDAQ,N,active,2026-07-11,2026-10-08
NTRB,Nutriband Inc. - Common Stock,NASDAQ,N,active,2026-07-11,2026-10-08
NTRP,"NextTrip, Inc. - Common Stock",NASDAQ,N,active,2026-07-11,2026-10-08
NTRS,Northern Trust Corporation - Common Stock,NASDAQ,N,active,2026-07-11,2026-10-08
NTSK,"Netskope, Inc. - Class A Common Stock",NASDAQ,N,active,2026-07-11,2026-10-08
NTST,NetSTREIT Corp. Common Stock,NYSE,N,active,2026-07-11,2026-10-08
NTWK,NETSOL Technologies Inc. - Common Stock,NASDAQ,N,active,2026-07-11,2026-10-08
NTWO,Newbury Street II Acquisition Corp - Class A Ordinary Shares,NASDAQ,N,active,2026-07-11,2026-10-08
NTZ,"Natuzzi, S.p.A.",NYSE,N,removed,2026-07-11,2026-08-27
NU,Nu Holdings Ltd. Class A Ordinary Shares,NYSE,N,active,2026-07-11,2026-10-08
NUAI,"New Era Energy & Digital, Inc. - Common Stock",NASDAQ,N,active,2026-07-11,2026-10-08
NUCL,Eagle Nuclear Energy Corp. - Common stock,NASDAQ,N,active,2026-07-11,2026-10-08
NUE,Nucor Corporation Common Stock,NYSE,N,active,2026-07-11,2026-10-08
NUG,Leverage Shares 2X Long NU Daily ETF,NASDAQ,N,active,2026-07-11,2026-10-08
NUGY,GraniteShares YieldBOOST Gold Miners ETF,NASDAQ,N,active,2026-07-11,2026-10-08
NUIF,Nuveen US Infrastructure ETF,NASDAQ,N,active,2026-07-11,2026-10-08
NUS,"Nu Skin Enterprises, Inc. Common Stock",NYSE,N,active,2026-07-11,2026-10-08
NUSB,Nuveen Ultra Short Income ETF,NASDAQ,N,active,2026-07-11,2026-10-08
NUTR,Nusatrip Incorporated - Common Stock,NASDAQ,H,removed,2026-07-11,2026-08-11
NUTX,Nutex Health Inc. - Common Stock,NASDAQ,N,active,2026-07-11,2026-10-08
NUV,"Nuveen Municipal Value Fund, Inc. Common Stock",NYSE,N,active,2026-07-11,2026-10-08
NUVB,Nuvation Bio Inc. Class A Common Stock,NYSE,N,active,2026-07-11,2026-10-08
NUVL,"Nuvalent, Inc. - Class A Common Stock",NASDAQ,N,removed,2026-07-11,2026-07-15
NUW,Nuveen AMT-Free Municipal Value Fund,NYSE,N,active,2026-07-11,2026-10-08
NUWE,"Nuwellis, Inc. - Common Stock",NASDAQ,N,active,2026-07-11,2026-10-08
NVA,Nova Minerals Corp Common Stock,NYSE American,N,active,2026-07-11,2026-10-08
NVAX,"Novavax, Inc. - Common Stock",NASDAQ,N,active,2026-07-11,2026-10-08
NVCR,NovoCure Limited - Ordinary Shares,NASDAQ,N,active,2026-07-11,2026-10-08
NVCT,"Nuvectis Pharma, Inc. - Common Stock",NASDAQ,N,active,2026-07-11,2026-10-08
NVD,GraniteShares 2x Short NVDA Daily ETF,NASDAQ,N,active,2026-07-11,2026-10-08
NVDA,NVIDIA Corporation - Common Stock,NASDAQ,N,active,2026-07-11,2026-10-08
NVDD,Direxion Daily NVDA Bear 1X ETF,NASDAQ,N,active,2026-07-11,2026-10-08
NVDG,Leverage Shares 2X Long NVDA Daily ETF,NASDAQ,N,active,2026-07-11,2026-10-08
NVDL,GraniteShares 2x Long NVDA Daily ETF,NASDAQ,N,active,2026-07-11,2026-10-08
NVDS,Tradr 1.5X Short NVDA Daily ETF,NASDAQ,N,active,2026-07-11,2026-10-08
NVDU,Direxion Daily NVDA Bull 2X ETF,NASDAQ,N,active,2026-07-11,2026-10-08
NVEC,NVE Corporation - Common Stock,NASDAQ,N,active,2026-07-11,2026-10-08
NVG,Nuveen AMT-Free Municipal Credit Income Fund ,NYSE,N,active,2026-07-11,2026-10-08
NVGS,Navigator Holdings Ltd. Ordinary Shares (Marshall Islands),NYSE,N,active,2026-07-11,2026-10-08
NVMI,Nova Ltd. - Ordinary Shares,NASDAQ,N,active,2026-07-11,2026-10-08
NVNI,Nvni Group Limited - Ordinary Shares,NASDAQ,D,active,2026-07-11,2026-10-08
NVNO,enVVeno Medical Corporation - Common Stock,NASDAQ,N,active,2026-07-11,2026-10-08
NVO,Novo Nordisk A/S Common Stock,NYSE,N,active,2026-07-11,2026-10-08
NVPS,PurePlay Nvidia Ecosystem Picks & Shovels Index ETF,NASDAQ,N,active,2026-07-11,2026-10-08
NVR,"NVR, Inc. Common Stock",NYSE,N,active,2026-07-11,2026-10-08
NVRI,Enviri Corporation Common Stock,NYSE,N,active,2026-07-11,2026-10-08
NVS,Novartis AG Common Stock,NYSE,N,active,2026-07-11,2026-10-08
NVST,Envista Holdings Corporation Common Stock,NYSE,N,active,2026-07-11,2026-10-08
NVT,nVent Electric plc Ordinary Shares ,NYSE,N,active,2026-07-11,2026-10-08
NVTS,Navitas Semiconductor Corporation - Common Stock,NASDAQ,N,active,2026-07-11,2026-10-08
NVVE,Nuvve Holding Corp. - Common Stock,NASDAQ,H,removed,2026-07-11,2026-07-23
NVX,NOVONIX Limited - American Depository Shares,NASDAQ,N,active,2026-07-11,2026-10-08
NVYY,GraniteShares YieldBOOST NVDA ETF,NASDAQ,N,active,2026-07-11,2026-10-08
NWAX,New America Acquisition I Corp. Class A Common Stock,NYSE,N,active,2026-07-11,2026-10-08
NWBI,"Northwest Bancshares, Inc. - Common Stock",NASDAQ,N,active,2026-07-11,2026-10-08
NWE,"NorthWestern Energy Group, Inc.  - Common Stock",NASDAQ,N,active,2026-07-11,2026-10-08
NWFL,Norwood Financial Corp. - Common Stock,NASDAQ,N,active,2026-07-11,2026-10-08
NWG,"NatWest Group plc American Depositary Shares, (each representing two (2) Ordinary Shares)",NYSE,N,active,2026-07-11,2026-10-08
NWGL,CL Workshop Group Limited - American Depositary Shares,NASDAQ,N,active,2026-07-11,2026-10-08
NWL,Newell Brands Inc. - Common Stock,NASDAQ,N,active,2026-07-11,2026-10-08
NWN,Northwest Natural Holding Company Common Stock,NYSE,N,active,2026-07-11,2026-10-08
NWPX,"NWPX Infrastructure, Inc. - Common Stock",NASDAQ,N,active,2026-07-11,2026-10-08
NWS,News Corporation - Class B Common Stock,NASDAQ,N,active,2026-07-11,2026-10-08
NWSA,News Corporation - Class A Common Stock,NASDAQ,N,active,2026-07-11,2026-10-08
NWTG,"Newton Golf Company, Inc. - Common Stock",NASDAQ,D,active,2026-07-11,2026-10-08
NX,Quanex Building Products Corporation Common Stock,NYSE,N,active,2026-07-11,2026-10-08
NXB,NextBoat Inc. Common Stcok,NYSE American,N,active,2026-07-11,2026-10-08
NXDR,"Nextdoor Holdings, Inc. Class A Common Stock",NYSE,N,active,2026-07-11,2026-10-08
NXDT,NexPoint Diversified Real Estate Trust Common Stock,NYSE,N,active,2026-07-11,2026-10-08
NXE,Nexgen Energy Ltd. Common Shares,NYSE,N,active,2026-07-11,2026-10-08
NXG,NXG NextGen Infrastructure Income Fund Common Shares of Beneficial Interest,NYSE,N,active,2026-07-11,2026-10-08
NXGL,"NexGel, Inc - Common Stock",NASDAQ,D,active,2026-07-11,2026-10-08
NXL,"Nexalin Technology, Inc. - Common Stock",NASDAQ,D,active,2026-07-11,2026-10-08
NXP,Nuveen Select Tax Free Income Portfolio Common Stock,NYSE,N,active,2026-07-11,2026-10-08
NXPI,NXP Semiconductors N.V. - Common Stock,NASDAQ,N,active,2026-07-11,2026-10-08
NXPL,NextPlat Corp - Common Stock,NASDAQ,N,active,2026-07-11,2026-10-08
NXRT,"NexPoint Residential Trust, Inc. Common Stock",NYSE,N,active,2026-07-11,2026-10-08
NXST,"Nexstar Media Group, Inc. - Common Stock",NASDAQ,N,active,2026-07-11,2026-10-08
NXT,Nextpower Inc. - Class A Common Stock,NASDAQ,N,active,2026-07-11,2026-10-08
NXTC,"NextCure, Inc. - Common Stock",NASDAQ,N,active,2026-07-11,2026-10-08
NXTG,First Trust Indxx NextG ETF,NASDAQ,N,active,2026-07-11,2026-10-08
NXTS,Nexentis Technologies Inc. - Common Stock,NASDAQ,D,active,2026-07-11,2026-10-08
NXTT,Next Technology Holding Inc. - Ordinary Shares,NASDAQ,N,active,2026-07-11,2026-10-08
NXXT,"NextNRG, Inc. - Common Stock",NASDAQ,D,active,2026-07-11,2026-10-08
NYAX,Nayax Ltd. - Ordinary Shares,NASDAQ,N,active,2026-07-11,2026-10-08
NYC,American Strategic Investment Co. Class A Common Stock,NYSE,N,active,2026-07-11,2026-10-08
NYT,New York Times Company (The) Common Stock,NYSE,N,active,2026-07-11,2026-10-08
NYXH,Nyxoah SA - Ordinary Shares,NASDAQ,N,active,2026-07-11,2026-10-08
NZAC,State Street SPDR MSCI ACWI Climate Paris Aligned ETF,NASDAQ,N,active,2026-07-11,2026-10-08
NZF,Nuveen Municipal Credit Income Fund ,NYSE,N,active,2026-07-11,2026-10-08
O,Realty Income Corporation Common Stock,NYSE,N,active,2026-07-11,2026-10-08
OABI,"OmniAb, Inc. - Common Stock",NASDAQ,N,active,2026-07-11,2026-10-08
OACC,Oaktree Acquisition Corp. III Life Sciences - Class A Ordinary Share,NASDAQ,N,active,2026-07-11,2026-10-08
OBA,Oxley Bridge Acquisition Limited - Class A Ordinary Shares,NASDAQ,N,active,2026-07-11,2026-10-08
OBDC,Blue Owl Capital Corporation Common Stock,NYSE,N,active,2026-07-11,2026-10-08
OBE,Obsidian Energy Ltd. Common Shares,NYSE American,N,active,2026-07-11,2026-10-08
OBIL,US Treasury 12 Month Bill ETF,NASDAQ,N,active,2026-07-11,2026-10-08
OBIO,"Orchestra BioMed Holdings, Inc. - Ordinary Shares",NASDAQ,N,active,2026-07-11,2026-10-08
OBK,"Origin Bancorp, Inc. Common Stock",NYSE,N,active,2026-07-11,2026-10-08
OBT,"Orange County Bancorp, Inc. - Common Stock",NASDAQ,N,active,2026-07-11,2026-10-08
OBTC,Osprey Bitcoin Trust,NASDAQ,N,active,2026-07-11,2026-10-08
OC,Owens Corning Inc Common Stock New,NYSE,N,active,2026-07-11,2026-10-08
OCC,Optical Cable Corporation - Common Stock,NASDAQ,N,active,2026-07-11,2026-10-08
OCCI,"OFS Credit Company, Inc. - Closed End Fund",NASDAQ,N,active,2026-07-11,2026-10-08
OCFC,OceanFirst Financial Corp. - Common Stock,NASDAQ,N,active,2026-07-11,2026-10-08
OCG,Oriental Culture Holding LTD - Ordinary Shares,NASDAQ,N,active,2026-07-11,2026-10-08
OCGN,"Ocugen, Inc. - Common Stock",NASDAQ,N,active,2026-07-11,2026-10-08
OCS,Oculis Holding AG - Ordinary shares,NASDAQ,N,active,2026-07-11,2026-10-08
OCSL,Oaktree Specialty Lending Corporation - Closed End Fund,NASDAQ,N,active,2026-07-11,2026-10-08
OCTV,Octave Intelligence plc - Class B Ordinary Shares,NASDAQ,N,active,2026-07-11,2026-10-08
OCUL,"Ocular Therapeutix, Inc. - Common Stock",NASDAQ,N,active,2026-07-11,2026-10-08
ODC,Oil-Dri Corporation Of America Common Stock,NYSE,N,active,2026-07-11,2026-10-08
ODD,ODDITY Tech Ltd. - Class A Ordinary Shares,NASDAQ,N,active,2026-07-11,2026-10-08
ODDS,Pacer BlueStar Digital Entertainment ETF,NASDAQ,N,active,2026-07-11,2026-10-08
ODFL,"Old Dominion Freight Line, Inc. - Common Stock",NASDAQ,N,active,2026-07-11,2026-10-08
ODTE,VegaShares SPX NDX RTY Premium Income ETF,NASDAQ,N,active,2026-07-11,2026-10-08
ODTX,"Odyssey Therapeutics, Inc. - Common Stock",NASDAQ,N,active,2026-07-11,2026-10-08
ODV,Osisko Development Corp. Common Shares,NYSE,N,removed,2026-07-11,2026-07-17
ODYS,Odysight.ai Inc. - Common Stock,NASDAQ,N,active,2026-07-11,2026-10-08
OEC,Orion S.A. Common Shares,NYSE,N,active,2026-07-11,2026-10-08
OESX,"Orion Energy Systems, Inc. - Common Stock",NASDAQ,N,active,2026-07-11,2026-10-08
OFAL,OFA Group - Class A Ordinary Shares,NASDAQ,D,active,2026-07-11,2026-10-08
OFG,OFG Bancorp Common Stock,NYSE,N,active,2026-07-11,2026-10-08
OFIX,Orthofix Medical Inc.  - Common Stock,NASDAQ,N,active,2026-07-11,2026-10-08
OFLX,"Omega Flex, Inc. - Common Stock",NASDAQ,N,active,2026-07-11,2026-10-08
OFRM,"Once Upon a Farm, PBC Common Stock",NYSE,N,active,2026-07-11,2026-10-08
OFS,OFS Capital Corporation - Closed End Fund,NASDAQ,N,active,2026-07-11,2026-10-08
OGC,OceanaGold Corporation Common Shares,NYSE,N,active,2026-07-11,2026-10-08
OGE,OGE Energy Corp Common Stock,NYSE,N,active,2026-07-11,2026-10-08
OGEN,Oragenics Inc. Common Stock,NYSE American,N,active,2026-07-11,2026-10-08
OGI,Organigram Global Inc. - Common Shares,NASDAQ,N,active,2026-07-11,2026-10-08
OGN,Organon & Co. Common Stock ,NYSE,N,active,2026-07-11,2026-10-08
OGS,"ONE Gas, Inc. Common Stock",NYSE,N,active,2026-07-11,2026-10-08
OHAC,Oceanhawk Acquisition Corp. - Class A Ordinary Shares,NASDAQ,N,active,2026-07-11,2026-10-08
OHI,"Omega Healthcare Investors, Inc. Common Stock",NYSE,N,active,2026-07-11,2026-10-08
OI,"O-I Glass, Inc. Common Stock",NYSE,N,active,2026-07-11,2026-10-08
OIA,Invesco Municipal Income Opportunities Trust Common Stock,NYSE,N,active,2026-07-11,2026-10-08
OII,"Oceaneering International, Inc. Common Stock",NYSE,N,active,2026-07-11,2026-10-08
OIM,OneIM Acquisition Corp. - Class A Ordinary Shares,NASDAQ,N,active,2026-07-11,2026-10-08
OIO,OIO Group - Ordinary Shares,NASDAQ,N,active,2026-07-11,2026-10-08
OIS,"Oil States International, Inc. Common Stock",NYSE,N,active,2026-07-11,2026-10-08
OKE,"ONEOK, Inc. Common Stock",NYSE,N,active,2026-07-11,2026-10-08
OKLL,Defiance Daily Target 2x Long OKLO ETF,NASDAQ,N,active,2026-07-11,2026-10-08
OKLO,Oklo Inc. Class A common stock,NYSE,N,active,2026-07-11,2026-10-08
OKTA,"Okta, Inc. - Class A Common Stock",NASDAQ,N,active,2026-07-11,2026-10-08
OKTG,Leverage Shares 2X Long OKTA Daily ETF,NASDAQ,N,active,2026-07-11,2026-10-08
OKUR,"OnKure Therapeutics, Inc. - Class A Common Stock",NASDAQ,N,active,2026-07-11,2026-10-08
OKYO,OKYO Pharma Limited - Ordinary Shares,NASDAQ,N,active,2026-07-11,2026-10-08
OLB,"The OLB Group, Inc. - Common Stock",NASDAQ,D,active,2026-07-11,2026-10-08
OLED,Universal Display Corporation - Common Stock,NASDAQ,N,active,2026-07-11,2026-10-08
OLLI,"Ollie's Bargain Outlet Holdings, Inc. - Common Stock",NASDAQ,N,active,2026-07-11,2026-10-08
OLMA,"Olema Pharmaceuticals, Inc. - Common Stock",NASDAQ,N,active,2026-07-11,2026-10-08
OLN,Olin Corporation Common Stock,NYSE,N,active,2026-07-11,2026-10-08
OLOX,Olenox Industries Inc. - Common Stock,NASDAQ,N,active,2026-07-11,2026-10-08
OLP,"One Liberty Properties, Inc. Common Stock",NYSE,N,active,2026-07-11,2026-10-08
OM,"Outset Medical, Inc. - Common Stock",NASDAQ,N,active,2026-07-11,2026-10-08
OMAB,Grupo Aeroportuario del Centro Norte S.A.B. de C.V. - American Depositary Shares each representing 8 Series B shares,NASDAQ,N,active,2026-07-11,2026-10-08
OMC,Omnicom Group Inc. Common Stock,NYSE,N,active,2026-07-11,2026-10-08
OMCL,"Omnicell, Inc. - Common Stock",NASDAQ,N,active,2026-07-11,2026-10-08
OMDA,"Omada Health, Inc. - Common Stock",NASDAQ,N,active,2026-07-11,2026-10-08
OMER,Omeros Corporation - Common Stock,NASDAQ,N,active,2026-07-11,2026-10-08
OMEX,"Odyssey Marine Exploration, Inc. - Common Stock",NASDAQ,D,active,2026-07-11,2026-10-08
OMF,"OneMain Holdings, Inc. Common Stock",NYSE,N,active,2026-07-11,2026-10-08
OMH,Ohmyhome Limited - Class A Ordinary Shares,NASDAQ,N,active,2026-07-11,2026-10-08
OMSE,OMS Energy Technologies Inc. - Ordinary Shares,NASDAQ,N,active,2026-07-11,2026-10-08
ON,ON Semiconductor Corporation - Common Stock,NASDAQ,N,active,2026-07-11,2026-10-08
ONB,Old National Bancorp - Common Stock,NASDAQ,N,active,2026-07-11,2026-10-08
ONC,BeOne Medicines Ltd. - American Depositary Shares,NASDAQ,N,active,2026-07-11,2026-10-08
ONCH,1RT Acquisition Corp. - Class A Ordinary Share,NASDAQ,N,active,2026-07-11,2026-10-08
ONCO,"Onconetix, Inc.  - Common Stock",NASDAQ,N,active,2026-07-11,2026-10-08
ONCY,Oncolytics Biotech Inc. - Common Stock,NASDAQ,D,active,2026-07-11,2026-10-08
ONDG,Leverage Shares 2X Long ONDS Daily ETF,NASDAQ,N,active,2026-07-11,2026-10-08
ONDS,Ondas Inc - Common Stock,NASDAQ,N,active,2026-07-11,2026-10-08
ONEG,OneConstruction Group Limited - Ordinary Shares,NASDAQ,N,active,2026-07-11,2026-10-08
ONEQ,Fidelity Nasdaq Composite Index ETF,NASDAQ,N,active,2026-07-11,2026-10-08
ONEW,OneWater Marine Inc. - Class A Common Stock,NASDAQ,N,active,2026-07-11,2026-10-08
ONFO,Onfolio Holdings Inc. - Common Stock,NASDAQ,D,active,2026-07-11,2026-10-08
ONIT,Onity Group Inc. Common Stock,NYSE,N,active,2026-07-11,2026-10-08
ONL,Orion Properties Inc. Common Stock,NYSE,N,active,2026-07-11,2026-10-08
ONMD,OneMedNet Corp - Class A Common Stock,NASDAQ,D,active,2026-07-11,2026-10-08
ONON,On Holding AG Class A Ordinary Shares,NYSE,N,active,2026-07-11,2026-10-08
ONT,"Onterris, Inc. Common Stock",NYSE,N,active,2026-07-11,2026-10-08
ONTO,Onto Innovation Inc. Common Stock,NYSE,N,active,2026-07-11,2026-10-08
OOMA,"Ooma, Inc. Common Stock",NYSE,N,active,2026-07-11,2026-10-08
OPAD,Offerpad Solutions Inc. Class A Common Stock,NASDAQ,N,active,2026-07-11,2026-10-08
OPAL,OPAL Fuels Inc. - Class A Common Stock,NASDAQ,N,active,2026-07-11,2026-10-08
OPBK,OP Bancorp - Common Stock,NASDAQ,N,active,2026-07-11,2026-10-08
OPCH,"Option Care Health, Inc. - Common Stock",NASDAQ,N,active,2026-07-11,2026-10-08
OPEG,Leverage Shares 2X Long OPEN Daily ETF,NASDAQ,N,active,2026-07-11,2026-10-08
OPEN,Opendoor Technologies Inc  - Common Stock,NASDAQ,N,active,2026-07-11,2026-10-08
OPFI,OppFi Inc. Class A Common Stock,NYSE,N,active,2026-07-11,2026-10-08
OPHC,"OptimumBank Holdings, Inc. Common Stock",NYSE American,N,active,2026-07-11,2026-10-08
OPI,Office Properties Income Trust - Common shares of beneficial interest,NASDAQ,N,active,2026-07-11,2026-10-08
OPK,"Opko Health, Inc. - Common Stock",NASDAQ,N,active,2026-07-11,2026-10-08
OPLN,"OPENLANE, Inc. Common Stock",NYSE,N,active,2026-07-11,2026-10-08
OPP,"RiverNorth/DoubleLine Strategic Opportunity Fund, Inc. Common Stock",NYSE,N,active,2026-07-11,2026-10-08
OPPJ,WisdomTree Japan Opportunities Fund,NASDAQ,N,active,2026-07-11,2026-10-08
OPRA,Opera Limited - American Depositary Shares,NASDAQ,N,active,2026-07-11,2026-10-08
OPRT,Oportun Financial Corporation - common stock,NASDAQ,N,active,2026-07-11,2026-10-08
OPRX,OptimizeRx Corporation - Common Stock,NASDAQ,N,active,2026-07-11,2026-10-08
OPTH,Optimi Health Corp. - Common Shares,NASDAQ,N,active,2026-07-11,2026-10-08
OPTT,"Ocean Power Technologies, Inc. Common Stock",NYSE American,N,active,2026-07-11,2026-10-08
OPTU,"Optimum Communications, Inc. Class A common stock",NYSE,N,active,2026-07-11,2026-10-08
OPTX,"Syntec Optics Holdings, Inc. - Class A Common Stock",NASDAQ,N,active,2026-07-11,2026-10-08
OPTZ,Optimize Strategy Index ETF,NASDAQ,N,active,2026-07-11,2026-10-08
OPXS,"Optex Systems Holdings, Inc. - Common Stock",NASDAQ,N,active,2026-07-11,2026-10-08
OPY,"Oppenheimer Holdings, Inc. Class A Common Stock (DE)",NYSE,N,active,2026-07-11,2026-10-08
OR,OR Royalties Inc. Common Shares,NYSE,N,active,2026-07-11,2026-10-08
ORA,"Ormat Technologies, Inc. Common Stock",NYSE,N,active,2026-07-11,2026-10-08
ORBS,Eightco Holdings Inc. - Common Stock,NASDAQ,D,active,2026-07-11,2026-10-08
ORBX,Global X Space Tech ETF,NASDAQ,N,active,2026-07-11,2026-10-08
ORC,"Orchid Island Capital, Inc. Common Stock",NYSE,N,active,2026-07-11,2026-10-08
ORCL,Oracle Corporation Common Stock,NYSE,N,active,2026-07-11,2026-10-08
ORCS,Direxion Daily ORCL Bear 1X ETF,NASDAQ,N,active,2026-07-11,2026-10-08
ORCU,Direxion Daily ORCL Bull 2X ETF,NASDAQ,N,active,2026-07-11,2026-10-08
ORCX,Defiance Daily Target 2X Long ORCL ETF,NASDAQ,N,active,2026-07-11,2026-10-08
ORGO,Organogenesis Holdings Inc.  - Class A ,NASDAQ,N,active,2026-07-11,2026-10-08
ORI,Old Republic International Corporation Common Stock,NYSE,N,active,2026-07-11,2026-10-08
ORIC,"Oric Pharmaceuticals, Inc. - Common Stock",NASDAQ,N,active,2026-07-11,2026-10-08
ORIO,Orion Digital Corp. - Common Shares,NASDAQ,N,active,2026-07-11,2026-10-08
ORIQ,Origin Investment Corp I - Ordinary Shares,NASDAQ,N,active,2026-07-11,2026-10-08
ORKA,"Oruka Therapeutics, Inc. - Common Stock",NASDAQ,N,active,2026-07-11,2026-10-08
ORKT,Orangekloud Technology Inc. - Class A Ordinary Shares,NASDAQ,N,active,2026-07-11,2026-10-08
ORLA,Orla Mining Ltd. Common Shares,NYSE American,N,removed,2026-07-11,2026-07-30
ORLG,Leverage Shares 2X Long ORLY Daily ETF,NASDAQ,N,removed,2026-07-11,2026-07-28
ORLY,"O'Reilly Automotive, Inc. - Common Stock",NASDAQ,N,active,2026-07-11,2026-10-08
ORMP,Oramed Pharmaceuticals Inc. - Common Stock,NASDAQ,N,active,2026-07-11,2026-10-08
ORN,"Orion Group Holdings, Inc. Common",NYSE,N,active,2026-07-11,2026-10-08
ORR,Militia Long/Short Equity ETF,NASDAQ,N,active,2026-07-11,2026-10-08
ORRF,"Orrstown Financial Services, Inc. - Common Stock",NASDAQ,N,active,2026-07-11,2026-10-08
OSBC,"Old Second Bancorp, Inc. - Common Stock",NASDAQ,N,active,2026-07-11,2026-10-08
OSCG,Leverage Shares 2X Long OSCR Daily ETF,NASDAQ,N,removed,2026-07-11,2026-07-28
OSCR,"Oscar Health, Inc. Class A Common Stock",NYSE,N,active,2026-07-11,2026-10-08
OSCX,Defiance Daily Target 2x Long OSCR ETF,NASDAQ,N,active,2026-07-11,2026-10-08
OSG,"Octave Specialty Group, Inc. Common Stock",NYSE,N,active,2026-07-11,2026-10-08
OSIS,"OSI Systems, Inc. - Common Stock",NASDAQ,N,active,2026-07-11,2026-10-08
OSK,Oshkosh Corporation (Holding Company)Common Stock,NYSE,N,active,2026-07-11,2026-10-08
OSPN,OneSpan Inc. - Common Stock,NASDAQ,N,active,2026-07-11,2026-10-08
OSRH,"OSR Health, Inc. - Common Stock",NASDAQ,D,removed,2026-07-11,2026-08-25
OSS,"One Stop Systems, Inc. - Common Stock",NASDAQ,N,active,2026-07-11,2026-10-08
OST,"Ostin Technology Group Co., Ltd. - Class A Ordinary Shares",NASDAQ,N,active,2026-07-11,2026-10-08
OSTX,OS Therapies Incorporated Common Stock,NYSE American,N,active,2026-07-11,2026-10-08
OSUR,"OraSure Technologies, Inc. - Common Stock",NASDAQ,N,active,2026-07-11,2026-10-08
OSW,OneSpaWorld Holdings Limited - Common Shares,NASDAQ,N,active,2026-07-11,2026-10-08
OTAI,Starlink AI Acquisition Corporation Ordinary Shares,NYSE,N,active,2026-07-11,2026-10-08
OTEX,Open Text Corporation - Common Shares,NASDAQ,N,active,2026-07-11,2026-10-08
OTF,Blue Owl Technology Finance Corp. Common Stock,NYSE,N,active,2026-07-11,2026-10-08
OTGA,OTG Acquisition Corp. I - Class A Ordinary Share,NASDAQ,N,active,2026-07-11,2026-10-08
OTGL,OTG Latin America ETF,NASDAQ,N,active,2026-07-11,2026-10-08
OTIS,Otis Worldwide Corporation Common Stock ,NYSE,N,active,2026-07-11,2026-10-08
OTLK,"Outlook Therapeutics, Inc. - Common Stock",NASDAQ,D,active,2026-07-11,2026-10-08
OTLY,Oatly Group AB - American Depositary Shares,NASDAQ,N,active,2026-07-11,2026-10-08
OTTR,Otter Tail Corporation - Common Stock,NASDAQ,N,active,2026-07-11,2026-10-08
OUST,"Ouster, Inc. - Common Stock",NASDAQ,N,active,2026-07-11,2026-10-08
OUT,OUTFRONT Media Inc. Common Stock,NYSE,N,active,2026-07-11,2026-10-08
OVBC,Ohio Valley Banc Corp. - Common Stock,NASDAQ,N,active,2026-07-11,2026-10-08
OVID,Ovid Therapeutics Inc. - Common Stock,NASDAQ,N,active,2026-07-11,2026-10-08
OVLY,Oak Valley Bancorp (CA) - Common Stock,NASDAQ,N,active,2026-07-11,2026-10-08
OVV,Ovintiv Inc. (DE),NYSE,N,active,2026-07-11,2026-10-08
OWL,Blue Owl Capital Inc. Class A Common Stock,NYSE,N,active,2026-07-11,2026-10-08
OWLS,OBOOK Holdings Inc. - Class A Common Shares,NASDAQ,N,active,2026-07-11,2026-10-08
OWLT,"Owlet, Inc. Class A Common Stock",NYSE,N,active,2026-07-11,2026-10-08
OXBR,Oxbridge Re Holdings Limited - Ordinary Shares,NASDAQ,N,active,2026-07-11,2026-10-08
OXLC,Oxford Lane Capital Corp. - Closed End Fund,NASDAQ,N,active,2026-07-11,2026-10-08
OXM,"Oxford Industries, Inc. Common Stock",NYSE,N,active,2026-07-11,2026-10-08
OXSQ,Oxford Square Capital Corp. - Closed End Fund,NASDAQ,N,active,2026-07-11,2026-10-08
OXY,Occidental Petroleum Corporation Common Stock,NYSE,N,active,2026-07-11,2026-10-08
OYSE,Oyster Enterprises II Acquisition Corp - Class A Ordinary Shares,NASDAQ,N,active,2026-07-11,2026-10-08
OZEM,Roundhill GLP-1 & Weight Loss ETF,NASDAQ,N,active,2026-07-11,2026-10-08
OZK,Bank OZK - Common Stock,NASDAQ,N,active,2026-07-11,2026-10-08
P,"Everpure, Inc. Class A common stock",NYSE,N,active,2026-07-11,2026-10-08
PAAC,Proem Acquisition Corp I - Ordinary Shares,NASDAQ,N,active,2026-07-11,2026-10-08
PAAS,Pan American Silver Corp. Common Stock,NYSE,N,active,2026-07-11,2026-10-08
PABD,iShares Paris-Aligned Climate Optimized MSCI World ex USA ETF,NASDAQ,N,active,2026-07-11,2026-10-08
PABU,iShares Paris-Aligned Climate Optimized MSCI USA ETF,NASDAQ,N,active,2026-07-11,2026-10-08
PAC,"Grupo Aeroportuario Del Pacifico, S.A. B. de C.V. Grupo Aeroportuario Del Pacifico, S.A. de C.V. (each representing 10 Series B shares)",NYSE,N,active,2026-07-11,2026-10-08
PACB,"Pacific Biosciences of California, Inc. - Common Stock",NASDAQ,N,active,2026-07-11,2026-10-08
PACH,Pioneer Acquisition I Corp - Class A Ordinary Shares,NASDAQ,N,active,2026-07-11,2026-10-08
PACK,Ranpak Holdings Corp Class A Common Stock,NYSE,N,active,2026-07-11,2026-10-08
PACS,"PACS Group, Inc. Common Stock",NYSE,N,active,2026-07-11,2026-10-08
PAG,"Penske Automotive Group, Inc. Common Stock",NYSE,N,active,2026-07-11,2026-10-08
PAGP,"Plains GP Holdings, L.P. - Class A Shares representing limited partner interests",NASDAQ,N,active,2026-07-11,2026-10-08
PAGS,PagSeguro Digital Ltd. Class A Common Shares,NYSE,N,active,2026-07-11,2026-10-08
PAHC,Phibro Animal Health Corporation - Class A Common Stock,NASDAQ,N,active,2026-07-11,2026-10-08
PAI,Western Asset Investment Grade Income Fund Inc.,NYSE,N,active,2026-07-11,2026-10-08
PAII,Pyrophyte Acquisition Corp. II Class A Ordinary Shares,NYSE,N,active,2026-07-11,2026-10-08
PAL,"Proficient Auto Logistics, Inc. - Common Stock",NASDAQ,N,active,2026-07-11,2026-10-08
PALD,Direxion Daily PANW Bear 1X ETF,NASDAQ,N,active,2026-07-11,2026-10-08
PALI,"Palisade Bio, Inc. - Common Stock",NASDAQ,N,active,2026-07-11,2026-10-08
PALO,Paloma Acquisition Corp I - Class A Ordinary Shares,NASDAQ,N,active,2026-07-11,2026-10-08
PALU,Direxion Daily PANW Bull 2X ETF,NASDAQ,N,active,2026-07-11,2026-10-08
PAM,Pampa Energia S.A.,NYSE,N,active,2026-07-11,2026-10-08
PAMT,PAMT CORP - Common Stock,NASDAQ,N,active,2026-07-11,2026-10-08
PANG,Leverage Shares 2X Long PANW Daily ETF,NASDAQ,N,active,2026-07-11,2026-10-08
PANL,Pangaea Logistics Solutions Ltd. - Common Stock,NASDAQ,N,active,2026-07-11,2026-10-08
PANW,"Palo Alto Networks, Inc. - Common Stock",NASDAQ,N,active,2026-07-11,2026-10-08
PAPL,Pineapple Financial Inc. Common Stock,NYSE American,N,active,2026-07-11,2026-10-08
PAR,PAR Technology Corporation Common Stock,NYSE,N,active,2026-07-11,2026-10-08
PARK,"Park Dental Partners, Inc. - Common Stock",NASDAQ,N,active,2026-07-11,2026-10-08
PARR,"Par Pacific Holdings, Inc.  Common Stock",NYSE,N,active,2026-07-11,2026-10-08
PASG,"Passage Bio, Inc. - Common Stock",NASDAQ,N,active,2026-07-11,2026-10-08
PASW,"Ping An Biomedical Co., Ltd. - Class A Ordinary Shares",NASDAQ,D,active,2026-07-11,2026-10-08
PATH,"UiPath, Inc. Class A Common Stock",NYSE,N,active,2026-07-11,2026-10-08
PATK,"Patrick Industries, Inc. - Common Stock",NASDAQ,N,active,2026-07-11,2026-10-08
PATN,Pacer Nasdaq International Patent Leaders ETF,NASDAQ,N,active,2026-07-11,2026-10-08
PAVM,PAVmed Inc. - Common Stock,NASDAQ,N,active,2026-07-11,2026-10-08
PAVS,Paranovus Entertainment Technology Ltd. - Class A Ordinary Shares,NASDAQ,N,active,2026-07-11,2026-10-08
PAX,Patria Investments Limited - Class A Common Shares,NASDAQ,N,active,2026-07-11,2026-10-08
PAXS,PIMCO Access Income Fund Common Shares of Beneficial Interest,NYSE,N,active,2026-07-11,2026-10-08
PAY,"Paymentus Holdings, Inc. Class A Common Stock",NYSE,N,active,2026-07-11,2026-10-08
PAYC,"Paycom Software, Inc. Common Stock",NYSE,N,active,2026-07-11,2026-10-08
PAYO,Payoneer Global Inc. - Common Stock,NASDAQ,N,active,2026-07-11,2026-10-08
PAYP,PayPay Corporation - American Depository Shares,NASDAQ,N,active,2026-07-11,2026-10-08
PAYS,"Paysign, Inc. - Common Stock",NASDAQ,N,active,2026-07-11,2026-10-08
PAYX,"Paychex, Inc. - Common Stock",NASDAQ,N,active,2026-07-11,2026-10-08
PB,"Prosperity Bancshares, Inc. Common Stock",NYSE,N,active,2026-07-11,2026-10-08
PBA,Pembina Pipeline Corp. Ordinary Shares (Canada),NYSE,N,active,2026-07-11,2026-10-08
PBEU,Portfolio Building Block European Banks Index ETF,NASDAQ,N,active,2026-07-11,2026-10-08
PBF,PBF Energy Inc. Class A Common Stock,NYSE,N,active,2026-07-11,2026-10-08
PBFS,"Pioneer Bancorp, Inc. - Common Stock",NASDAQ,N,active,2026-07-11,2026-10-08
PBH,Prestige Consumer Healthcare Inc. Common Stock,NYSE,N,active,2026-07-11,2026-10-08
PBHC,"Pathfinder Bancorp, Inc. - Common Stock",NASDAQ,N,active,2026-07-11,2026-10-08
PBI,Pitney Bowes Inc. Common Stock,NYSE,N,active,2026-07-11,2026-10-08
PBK,PowerBank Corporation - Common Stock,NASDAQ,D,active,2026-07-11,2026-10-08
PBLS,"Parabilis Medicines, Inc. - Common Stock",NASDAQ,N,active,2026-07-11,2026-10-08
PBM,Psyence Biomedical Ltd. - Common Shares,NASDAQ,N,active,2026-07-11,2026-10-08
PBOG,Portfolio Building Block Integrated Oil and Gas and Exploration and Production Index ETF,NASDAQ,N,active,2026-07-11,2026-10-08
PBPH,Portfolio Building Block World Pharma and Biotech Index ETF,NASDAQ,N,active,2026-07-11,2026-10-08
PBQQ,PGIM Laddered Nasdaq-100 Buffer 12 ETF,NASDAQ,N,active,2026-07-11,2026-10-08
PBR,Petroleo Brasileiro S.A. Petrobras ADS,NYSE,N,active,2026-07-11,2026-10-08
PBRG,Leverage Shares 2X Long PBR Daily ETF,NASDAQ,N,active,2026-07-11,2026-10-08
PBSC,Pacer Barings Secured Credit Flex ETF,NASDAQ,N,active,2026-07-11,2026-10-08
PBT,Permian Basin Royalty Trust Common Stock,NYSE,N,active,2026-07-11,2026-10-08
PBYI,Puma Biotechnology Inc - Common Stock,NASDAQ,N,active,2026-07-11,2026-10-08
PC,Premium Catering (Holdings) Limited - Ordinary Shares,NASDAQ,D,active,2026-07-11,2026-10-08
PCAP,ProCap Acquisition Corp - Class A Ordinary Shares,NASDAQ,N,active,2026-07-11,2026-10-08
PCAR,PACCAR Inc. - Common Stock,NASDAQ,N,active,2026-07-11,2026-10-08
PCB,PCB Bancorp - Common Stock,NASDAQ,N,active,2026-07-11,2026-10-08
PCF,High Income Securities Fund Common Stock,NYSE,N,active,2026-07-11,2026-10-08
PCG,Pacific Gas & Electric Co. Common Stock,NYSE,N,active,2026-07-11,2026-10-08
PCLA,PicoCELA Inc. - American Depositary Shares,NASDAQ,N,active,2026-07-11,2026-10-08
PCM,"PCM Fund, Inc. Common Stock",NYSE,N,active,2026-07-11,2026-10-08
PCMM,BondBloxx Private Credit CLO ETF,NASDAQ,N,active,2026-07-11,2026-10-08
PCN,Pimco Corporate & Income Strategy Fund Common Stock,NYSE,N,active,2026-07-11,2026-10-08
PCOR,"Procore Technologies, Inc. Common Stock",NYSE,N,active,2026-07-11,2026-10-08
PCPI,PIMCO Inflation PLUS Active Exchange-Traded Fund,NASDAQ,N,active,2026-07-11,2026-10-08
PCQ,PIMCO California Municipal Income Fund Common Stock,NYSE,N,active,2026-07-11,2026-10-08
PCRX,"Pacira BioSciences, Inc. - Common Stock",NASDAQ,N,active,2026-07-11,2026-10-08
PCSA,"Processa Pharmaceuticals, Inc. - Common Stock",NASDAQ,N,active,2026-07-11,2026-10-08
PCSC,Perceptive Capital Solutions Corp - Class A Ordinary Shares,NASDAQ,N,removed,2026-07-11,2026-07-20
PCT,"PureCycle Technologies, Inc. - Common stock",NASDAQ,N,active,2026-07-11,2026-10-08
PCTY,Paylocity Holding Corporation - Common Stock,NASDAQ,N,active,2026-07-11,2026-10-08
PCVX,"Vaxcyte, Inc. - Common Stock",NASDAQ,N,active,2026-07-11,2026-10-08
PCYO,Pure Cycle Corporation - Common Stock,NASDAQ,N,active,2026-07-11,2026-10-08
PD,"PagerDuty, Inc. Common Stock",NYSE,N,active,2026-07-11,2026-10-08
PDBA,Invesco Agriculture Commodity Strategy No K-1 ETF,NASDAQ,N,active,2026-07-11,2026-10-08
PDBC,Invesco Optimum Yield Diversified Commodity Strategy No K-1 ETF,NASDAQ,N,active,2026-07-11,2026-10-08
PDC,Perpetuals.com Ltd - American Depositary Shares,NASDAQ,N,active,2026-07-11,2026-10-08
PDCC,Pearl Diver Credit Company Inc. Common Stock,NYSE,N,active,2026-07-11,2026-10-08
PDD,PDD Holdings Inc. - American Depositary Shares,NASDAQ,N,active,2026-07-11,2026-10-08
PDDL,GraniteShares 2x Long PDD Daily ETF,NASDAQ,N,active,2026-07-11,2026-10-08
PDEX,"Pro-Dex, Inc. - Common Stock",NASDAQ,N,active,2026-07-11,2026-10-08
PDFS,"PDF Solutions, Inc. - Common Stock",NASDAQ,N,active,2026-07-11,2026-10-08
PDI,PIMCO Dynamic Income Fund Common Stock,NYSE,N,active,2026-07-11,2026-10-08
PDLB,"Ponce Financial Group, Inc. - Common Stock",NASDAQ,N,active,2026-07-11,2026-10-08
PDM,"Piedmont Realty Trust, Inc. Class A Common Stock",NYSE,N,active,2026-07-11,2026-10-08
PDO,PIMCO Dynamic Income Opportunities Fund Common Shares of Beneficial Interest,NYSE,N,active,2026-07-11,2026-10-08
PDP,Invesco Dorsey Wright Momentum ETF,NASDAQ,N,active,2026-07-11,2026-10-08
PDS,Precision Drilling Corporation Common Stock,NYSE,N,active,2026-07-11,2026-10-08
PDSB,PDS Biotechnology Corporation - Common Stock,NASDAQ,D,active,2026-07-11,2026-10-08
PDT,John Hancock Premium Dividend Fund,NYSE,N,active,2026-07-11,2026-10-08
PDX,PIMCO Dynamic Income Strategy Fund Common Shares of Beneficial Interest,NYSE,N,active,2026-07-11,2026-10-08
PDYN,Palladyne AI Corp. - Common stock,NASDAQ,N,active,2026-07-11,2026-10-08
PEB,Pebblebrook Hotel Trust Common Shares of Beneficial Interest,NYSE,N,active,2026-07-11,2026-10-08
PEBK,"Peoples Bancorp of North Carolina, Inc. - Common Stock",NASDAQ,N,active,2026-07-11,2026-10-08
PEBO,Peoples Bancorp Inc. - Common Stock,NASDAQ,N,active,2026-07-11,2026-10-08
PECE,Peace Acquisition Corp - Ordinary Shares,NASDAQ,N,active,2026-07-11,2026-10-08
PECO,"Phillips Edison & Company, Inc. - Common Stock",NASDAQ,N,active,2026-07-11,2026-10-08
PED,Pedevco Corp. Common Stock,NYSE American,N,active,2026-07-11,2026-10-08
PEG,Public Service Enterprise Group Incorporated Common Stock,NYSE,N,active,2026-07-11,2026-10-08
PEGA,Pegasystems Inc. - Common Stock,NASDAQ,N,active,2026-07-11,2026-10-08
PEN,"Penumbra, Inc. Common Stock",NYSE,N,active,2026-07-11,2026-10-08
PENG,"Penguin Solutions, Inc. - Common Stock",NASDAQ,N,active,2026-07-11,2026-10-08
PENN,"PENN Entertainment, Inc. - Common Stock",NASDAQ,N,active,2026-07-11,2026-10-08
PEO,"Adams Natural Resources Fund, Inc. Common Stock",NYSE,N,active,2026-07-11,2026-10-08
PEP,"PepsiCo, Inc. - Common Stock",NASDAQ,N,active,2026-07-11,2026-10-08
PEPG,PepGen Inc. - Common Stock,NASDAQ,N,active,2026-07-11,2026-10-08
PEPS,Parametric Equity Plus ETF,NASDAQ,N,active,2026-07-11,2026-10-08
PERF,Perfect Corp. Class A Ordinary Share,NYSE,N,active,2026-07-11,2026-10-08
PERI,Perion Network Ltd - Ordinary Shares,NASDAQ,N,active,2026-07-11,2026-10-08
PESI,"Perma-Fix Environmental Services, Inc. - Common Stock",NASDAQ,N,active,2026-07-11,2026-10-08
PETS,"PetMed Express, Inc. - Common Stock",NASDAQ,N,active,2026-07-11,2026-10-08
PETZ,"TDH Holdings, Inc. - Common Shares",NASDAQ,N,active,2026-07-11,2026-10-08
PEW,GrabAGun Digital Holdings Inc. Common Stock,NYSE,N,active,2026-07-11,2026-10-08
PEY,Invesco High Yield Equity Dividend Achievers ETF,NASDAQ,N,active,2026-07-11,2026-10-08
PEZ,Invesco Dorsey Wright Consumer Cyclicals Momentum ETF,NASDAQ,N,active,2026-07-11,2026-10-08
PFAI,Pinnacle Food Group Limited - Class A Common Shares,NASDAQ,N,active,2026-07-11,2026-10-08
PFDE,Pathfinder Disciplined US Equity ETF,NASDAQ,N,active,2026-07-11,2026-10-08
PFE,"Pfizer, Inc. Common Stock",NYSE,N,active,2026-07-11,2026-10-08
PFF,iShares Preferred and Income Securities ETF,NASDAQ,N,active,2026-07-11,2026-10-08
PFG,Principal Financial Group Inc - Common Stock,NASDAQ,N,active,2026-07-11,2026-10-08
PFGC,Performance Food Group Company Common Stock,NYSE,N,active,2026-07-11,2026-10-08
PFI,Invesco Dorsey Wright Financial Momentum ETF,NASDAQ,N,active,2026-07-11,2026-10-08
PFIS,Peoples Financial Services Corp.  - Common Stock,NASDAQ,N,active,2026-07-11,2026-10-08
PFL,PIMCO Income Strategy Fund Shares of Beneficial Interest,NYSE,N,active,2026-07-11,2026-10-08
PFLT,PennantPark Floating Rate Capital Ltd. Common Stock,NYSE,N,active,2026-07-11,2026-10-08
PFM,Invesco Dividend Achievers ETF,NASDAQ,N,active,2026-07-11,2026-10-08
PFN,PIMCO Income Strategy Fund II,NYSE,N,active,2026-07-11,2026-10-08
PFOE,Pathfinder Focused Opportunities ETF,NASDAQ,N,active,2026-07-11,2026-10-08
PFS,"Provident Financial Services, Inc Common Stock",NYSE,N,active,2026-07-11,2026-10-08
PFSA,"Profusa, Inc. - Common Stock",NASDAQ,N,active,2026-07-11,2026-10-08
PFSI,"PennyMac Financial Services, Inc. Common Stock",NYSE,N,active,2026-07-11,2026-10-08
PFX,PhenixFIN Corporation  - Common Stock,NASDAQ,N,active,2026-07-11,2026-10-08
PG,Procter & Gamble Company (The) Common Stock,NYSE,N,active,2026-07-11,2026-10-08
PGAC,Pantages Capital Acquisition Corporation - Class A Ordinary Shares,NASDAQ,D,active,2026-07-11,2026-10-08
PGC,Peapack-Gladstone Financial Corporation - Common Stock,NASDAQ,N,active,2026-07-11,2026-10-08
PGEN,"Precigen, Inc. - Common Stock",NASDAQ,N,active,2026-07-11,2026-10-08
PGJ,Invesco Golden Dragon China ETF,NASDAQ,N,active,2026-07-11,2026-10-08
PGNY,"Progyny, Inc. - Common Stock",NASDAQ,N,active,2026-07-11,2026-10-08
PGP,Pimco Global StocksPlus & Income Fund Common Shares of Beneficial Interest,NYSE,N,active,2026-07-11,2026-10-08
PGR,Progressive Corporation (The) Common Stock,NYSE,N,active,2026-07-11,2026-10-08
PGY,Pagaya Technologies Ltd. - Class A Ordinary Shares,NASDAQ,N,active,2026-07-11,2026-10-08
PGZ,Principal Real Estate Income Fund Common Shares of Beneficial Interest,NYSE,N,active,2026-07-11,2026-10-08
PH,Parker-Hannifin Corporation Common Stock,NYSE,N,active,2026-07-11,2026-10-08
PHAR,"Pharming Group N.V. - ADS, each representing 10 ordinary shares",NASDAQ,N,active,2026-07-11,2026-10-08
PHAT,"Phathom Pharmaceuticals, Inc. - Common Stock",NASDAQ,N,active,2026-07-11,2026-10-08
PHG,Koninklijke Philips N.V. NY Registry Shares,NYSE,N,active,2026-07-11,2026-10-08
PHGE,BiomX Inc. COmmon Stock,NYSE American,N,removed,2026-07-11,2026-09-10
PHI,PLDT Inc. Sponsored ADR,NYSE,N,active,2026-07-11,2026-10-08
PHIN,PHINIA Inc. Common Stock,NYSE,N,active,2026-07-11,2026-10-08
PHIO,Phio Pharmaceuticals Corp. - Common Stock,NASDAQ,N,active,2026-07-11,2026-10-08
PHK,Pimco High Income Fund,NYSE,N,active,2026-07-11,2026-10-08
PHM,"PulteGroup, Inc. Common Stock",NYSE,N,active,2026-07-11,2026-10-08
PHO,Invesco Water Resources ETF,NASDAQ,N,active,2026-07-11,2026-10-08
PHOE,Phoenix Asia Holdings Limited - Ordinary Shares,NASDAQ,N,active,2026-07-11,2026-10-08
PHR,"Phreesia, Inc. Common Stock",NYSE,N,active,2026-07-11,2026-10-08
PHUN,"Phunware, Inc. - Common Stock",NASDAQ,N,active,2026-07-11,2026-10-08
PHVS,Pharvaris N.V. - Ordinary Shares,NASDAQ,N,active,2026-07-11,2026-10-08
PI,"Impinj, Inc. - Common Stock",NASDAQ,N,active,2026-07-11,2026-10-08
PICS,PicS N.V. - Class A Common Shares,NASDAQ,N,active,2026-07-11,2026-10-08
PID,Invesco International Dividend Achievers ETF,NASDAQ,N,active,2026-07-11,2026-10-08
PIE,Invesco Dorsey Wright Emerging Markets Momentum ETF,NASDAQ,N,active,2026-07-11,2026-10-08
PII,Polaris Inc. Common Stock,NYSE,N,active,2026-07-11,2026-10-08
PIII,P3 Health Partners Inc. - Class A Common Stock,NASDAQ,N,active,2026-07-11,2026-10-08
PIM,Putnam Master Intermediate Income Trust Common Stock,NYSE,N,active,2026-07-11,2026-10-08
PINE,"Alpine Income Property Trust, Inc. Common Stock",NYSE,N,active,2026-07-11,2026-10-08
PINS,"Pinterest, Inc. Class A Common Stock",NYSE,N,active,2026-07-11,2026-10-08
PIO,Invesco Global Water ETF,NASDAQ,N,active,2026-07-11,2026-10-08
PIPR,Piper Sandler Companies Common Stock,NYSE,N,active,2026-07-11,2026-10-08
PIZ,Invesco Dorsey Wright Developed Markets Momentum ETF,NASDAQ,N,active,2026-07-11,2026-10-08
PJT,PJT Partners Inc. Class A Common Stock,NYSE,N,active,2026-07-11,2026-10-08
PK,Park Hotels & Resorts Inc. Common Stock ,NYSE,N,active,2026-07-11,2026-10-08
PKBK,"Parke Bancorp, Inc. - Common Stock",NASDAQ,N,active,2026-07-11,2026-10-08
PKE,Park Aerospace Corp. Common Stock,NYSE,N,active,2026-07-11,2026-10-08
PKG,Packaging Corporation of America Common Stock,NYSE,N,active,2026-07-11,2026-10-08
PKOH,Park-Ohio Holdings Corp. - Common Stock,NASDAQ,N,active,2026-07-11,2026-10-08
PKW,Invesco BuyBack Achievers ETF,NASDAQ,N,active,2026-07-11,2026-10-08
PKX,POSCO HOLDINGS INC. American Depositary Shares (Each representing 1/4th of a share of Common Stock),NYSE,N,active,2026-07-11,2026-10-08
PL,Planet Labs PBC Class A Common Stock,NYSE,N,active,2026-07-11,2026-10-08
PLA,GraniteShares Autocallable PLTR ETF,NASDAQ,N,active,2026-07-11,2026-10-08
PLAB,"Photronics, Inc. - Common Stock",NASDAQ,N,active,2026-07-11,2026-10-08
PLAG,Planet Green Holdings Corp. Common Stock,NYSE American,N,active,2026-07-11,2026-10-08
PLAY,"Dave & Buster's Entertainment, Inc. - Common Stock",NASDAQ,N,active,2026-07-11,2026-10-08
PLBC,Plumas Bancorp - Common Stock,NASDAQ,N,active,2026-07-11,2026-10-08
PLBL,Polibeli Group Ltd - Class A Ordinary Shares,NASDAQ,N,active,2026-07-11,2026-10-08
PLBY,"Playboy, Inc. - Common Stock",NASDAQ,N,active,2026-07-11,2026-10-08
PLCE,"Children's Place, Inc. (The) - Common Stock",NASDAQ,N,active,2026-07-11,2026-10-08
PLD,"Prologis, Inc. Common Stock",NYSE,N,active,2026-07-11,2026-10-08
PLG,Platinum Group Metals Ltd. Ordinary Shares (Canada),NYSE American,N,active,2026-07-11,2026-10-08
PLGO,Pelagos Insurance Capital Limited Common Shares,NYSE,N,active,2026-07-11,2026-10-08
PLMK,Plum Acquisition Corp. IV - Class A Ordinary Shares,NASDAQ,N,active,2026-07-11,2026-10-08
PLMR,"Palomar Holdings, Inc. - Common stock",NASDAQ,N,active,2026-07-11,2026-10-08
PLNT,"Planet Fitness, Inc. Common Stock",NYSE,N,active,2026-07-11,2026-10-08
PLOW,"Douglas Dynamics, Inc. Common Stock",NYSE,N,active,2026-07-11,2026-10-08
PLPC,Preformed Line Products Company - Common Stock,NASDAQ,N,active,2026-07-11,2026-10-08
PLRX,"Pliant Therapeutics, Inc. - Common Stock",NASDAQ,N,active,2026-07-11,2026-10-08
PLRZ,Polyrizon Ltd. - Ordinary Shares,NASDAQ,N,active,2026-07-11,2026-10-08
PLSE,"Pulse Biosciences, Inc - Common Stock",NASDAQ,N,active,2026-07-11,2026-10-08
PLSM,Pulsenmore Ltd. - Ordinary Shares,NASDAQ,N,active,2026-07-11,2026-10-08
PLTD,Direxion Daily PLTR Bear 1X ETF,NASDAQ,N,active,2026-07-11,2026-10-08
PLTG,Leverage Shares 2X Long PLTR Daily ETF,NASDAQ,N,active,2026-07-11,2026-10-08
PLTK,Playtika Holding Corp. - Common Stock,NASDAQ,N,active,2026-07-11,2026-10-08
PLTR,Palantir Technologies Inc. - Class A Common Stock,NASDAQ,N,active,2026-07-11,2026-10-08
PLTS,Platinum Analytics Cayman Limited - Class A Ordinary Shares,NASDAQ,D,removed,2026-07-11,2026-09-22
PLTU,Direxion Daily PLTR Bull 2X ETF,NASDAQ,N,active,2026-07-11,2026-10-08
PLTZ,Defiance Daily Target 2x Short PLTR ETF,NASDAQ,N,active,2026-07-11,2026-10-08
PLUG,"Plug Power, Inc. - Common Stock",NASDAQ,N,active,2026-07-11,2026-10-08
PLUL,Leverage Shares 2X Long PLUG Daily ETF,NASDAQ,N,active,2026-07-11,2026-10-08
PLUN,Plutonian Acquisition Corp II Class A Ordinary Shares,NYSE,N,active,2026-07-11,2026-10-08
PLUR,Pluri Inc. - Common Stock,NASDAQ,D,active,2026-07-11,2026-10-08
PLUS,ePlus inc. - Common Stock,NASDAQ,N,active,2026-07-11,2026-10-08
PLUT,Plutus Financial Group Limited - Ordinary Shares,NASDAQ,N,active,2026-07-11,2026-10-08
PLX,"Protalix BioTherapeutics, Inc. (DE) Common Stock",NYSE American,N,active,2026-07-11,2026-10-08
PLXS,Plexus Corp. - Common Stock,NASDAQ,N,active,2026-07-11,2026-10-08
PLYX,"Polaryx Therapeutics, Inc. - Common Stock",NASDAQ,N,active,2026-07-11,2026-10-08
PLYY,GraniteShares YieldBOOST PLTR ETF,NASDAQ,N,active,2026-07-11,2026-10-08
PM,Philip Morris International Inc Common Stock,NYSE,N,active,2026-07-11,2026-10-08
PMA,Ming Shing Group Holdings Limited - Ordinary Shares,NASDAQ,D,active,2026-07-11,2026-10-08
PMAX,Powell Max Limited - Class A Ordinary Shares,NASDAQ,N,active,2026-07-11,2026-10-08
PMBS,PIMCO Mortgage-Backed Securities Active Exchange-Traded Fund,NASDAQ,N,active,2026-07-11,2026-10-08
PMCB,"PharmaCyte  Biotech, Inc. - Common Stock",NASDAQ,D,active,2026-07-11,2026-10-08
PMEC,Primech Holdings Ltd. - Ordinary Shares,NASDAQ,D,active,2026-07-11,2026-10-08
PMI,"Picard Medical, Inc. Common Stock",NYSE American,N,active,2026-07-11,2026-10-08
PML,Pimco Municipal Income Fund II Common Shares of Beneficial Interest,NYSE,N,active,2026-07-11,2026-10-08
PMM,Putnam Managed Municipal Income Trust Common Stock,NYSE,N,active,2026-07-11,2026-10-08
PMMF,iShares Prime Money Market ETF,NYSE,N,active,2026-07-11,2026-10-08
PMN,ProMIS Neurosciences Inc. - Common Shares,NASDAQ,N,active,2026-07-11,2026-10-08
PMO,Putnam Municipal Opportunities Trust Common Stock,NYSE,N,active,2026-07-11,2026-10-08
PMT,PennyMac Mortgage Investment Trust Common Shares of Beneficial Interest,NYSE,N,active,2026-07-11,2026-10-08
PMTR,Perimeter Acquisition Corp. I - Class A Ordinary Shares,NASDAQ,N,active,2026-07-11,2026-10-08
PMTS,CPI Card Group Inc. - Common Stock,NASDAQ,N,active,2026-07-11,2026-10-08
PMVP,"PMV Pharmaceuticals, Inc. - Common Stock",NASDAQ,N,active,2026-07-11,2026-10-08
PN,PN Smart Energy Limited - Class A Ordinary Shares,NASDAQ,N,active,2026-07-11,2026-10-08
PNBK,Patriot National Bancorp Inc. - Common Stock,NASDAQ,N,active,2026-07-11,2026-10-08
PNC,"PNC Financial Services Group, Inc. (The) Common Stock",NYSE,N,active,2026-07-11,2026-10-08
PNFP,"Pinnacle Financial Partners, Inc. Common stock",NYSE,N,active,2026-07-11,2026-10-08
PNI,Pimco New York Municipal Income Fund II Common Shares of Beneficial Interest,NYSE,N,active,2026-07-11,2026-10-08
PNNT,PennantPark Investment Corporation Common Stock,NYSE,N,active,2026-07-11,2026-10-08
PNQI,Invesco Nasdaq Internet ETF,NASDAQ,N,active,2026-07-11,2026-10-08
PNR,Pentair plc. Ordinary Share,NYSE,N,active,2026-07-11,2026-10-08
PNRG,PrimeEnergy Resources Corporation - Common Stock,NASDAQ,N,active,2026-07-11,2026-10-08
PNTG,"The Pennant Group, Inc. - Common Stock",NASDAQ,N,active,2026-07-11,2026-10-08
PNW,Pinnacle West Capital Corporation Common Stock,NYSE,N,active,2026-07-11,2026-10-08
POAS,Phaos Technology Holdings (Cayman) Limited Class A Ordinary Shares,NYSE American,N,active,2026-07-11,2026-10-08
POCI,"Precision Optics Corporation, Inc. - Common stock",NASDAQ,N,active,2026-07-11,2026-10-08
PODC,"PodcastOne, Inc. - Common Stock",NASDAQ,N,active,2026-07-11,2026-10-08
PODD,Insulet Corporation - Common Stock,NASDAQ,N,active,2026-07-11,2026-10-08
POET,POET Technologies Inc. - Common Shares,NASDAQ,N,active,2026-07-11,2026-10-08
POLA,"Polar Power, Inc. - Common Stock",NASDAQ,D,active,2026-07-11,2026-10-08
POLE,Andretti Acquisition Corp. II - Class A Ordinary Shares,NASDAQ,N,active,2026-07-11,2026-10-08
POM,POMDOCTOR LIMITED - American Depositary Shares,NASDAQ,N,active,2026-07-11,2026-10-08
PONO,"Pono Capital Four, Inc. - Class A Ordinary Shares",NASDAQ,N,active,2026-07-11,2026-10-08
PONY,Pony AI Inc. - American Depositary Shares,NASDAQ,N,active,2026-07-11,2026-10-08
POOL,Pool Corporation - Common Stock,NASDAQ,N,active,2026-07-11,2026-10-08
POR,Portland General Electric Co Common Stock,NYSE,N,active,2026-07-11,2026-10-08
POST,"Post Holdings, Inc. Common Stock",NYSE,N,active,2026-07-11,2026-10-08
POWI,"Power Integrations, Inc. - Common Stock",NASDAQ,N,active,2026-07-11,2026-10-08
POWL,"Powell Industries, Inc. - Common Stock",NASDAQ,N,active,2026-07-11,2026-10-08
POWW,Outdoor Holding Company - Common Stock,NASDAQ,N,active,2026-07-11,2026-10-08
PPBT,Purple Biotech Ltd. - American Depositary Shares,NASDAQ,N,active,2026-07-11,2026-10-08
PPC,Pilgrim's Pride Corporation - Common Stock,NASDAQ,N,active,2026-07-11,2026-10-08
PPCB,"Propanc Biopharma, Inc. - Common Stock",NASDAQ,N,active,2026-07-11,2026-10-08
PPG,"PPG Industries, Inc. Common Stock",NYSE,N,active,2026-07-11,2026-10-08
PPH,VanEck Pharmaceutical ETF,NASDAQ,N,active,2026-07-11,2026-10-08
PPHC,"Public Policy Holding Company, Inc. - Common Stock",NASDAQ,N,active,2026-07-11,2026-10-08
PPI,Astoria Real Assets ETF,NASDAQ,N,active,2026-07-11,2026-10-08
PPIH,"Perma-Pipe International Holdings, Inc. - Common Stock",NASDAQ,N,active,2026-07-11,2026-10-08
PPL,PPL Corporation Common Stock,NYSE,N,active,2026-07-11,2026-10-08
PPLI,People Incorporated - Common Stock,NASDAQ,N,active,2026-07-11,2026-10-08
PPSI,"Pioneer Power Solutions, Inc. - Common Stock",NASDAQ,N,active,2026-07-11,2026-10-08
PPT,Putnam Premier Income Trust Common Stock,NYSE,N,active,2026-07-11,2026-10-08
PPTA,Perpetua Resources Corp. - Common Shares,NASDAQ,N,active,2026-07-11,2026-10-08
PQAP,PGIM Nasdaq-100 Buffer 12 ETF - April,NASDAQ,N,active,2026-07-11,2026-10-08
PQJA,PGIM Nasdaq-100 Buffer 12 ETF - January,NASDAQ,N,active,2026-07-11,2026-10-08
PQJL,PGIM Nasdaq-100 Buffer 12 ETF - July,NASDAQ,N,active,2026-07-11,2026-10-08
PQOC,PGIM Nasdaq-100 Buffer 12 ETF - October,NASDAQ,N,active,2026-07-11,2026-10-08
PR,Permian Resources Corporation Class A Common Stock,NYSE,N,active,2026-07-11,2026-10-08
PRAA,"PRA Group, Inc. - Common Stock",NASDAQ,N,active,2026-07-11,2026-10-08
PRAX,"Praxis Precision Medicines, Inc. - Common Stock",NASDAQ,N,active,2026-07-11,2026-10-08
PRCH,"Porch Group, Inc. - Common Stock",NASDAQ,N,active,2026-07-11,2026-10-08
PRCS,Parnassus Core Select ETF,NYSE,N,active,2026-07-11,2026-10-08
PRCT,PROCEPT BioRobotics Corporation - Common Stock,NASDAQ,N,active,2026-07-11,2026-10-08
PRDO,Perdoceo Education Corporation - Common Stock,NASDAQ,N,active,2026-07-11,2026-10-08
PRE,Prenetics Global Limited - Class A Ordinary Share,NASDAQ,N,active,2026-07-11,2026-10-08
PRFX,PRF Technologies Ltd. - Ordinary Shares,NASDAQ,N,active,2026-07-11,2026-10-08
PRFZ,Invesco RAFI US 1500 Small-Mid ETF,NASDAQ,N,active,2026-07-11,2026-10-08
PRG,"PROG Holdings, Inc. Common Stock",NYSE,N,active,2026-07-11,2026-10-08
PRGO,Perrigo Company plc Ordinary Shares,NYSE,N,active,2026-07-11,2026-10-08
PRGS,Progress Software Corporation - Common Stock,NASDAQ,N,active,2026-07-11,2026-10-08
PRHI,"Presurance Holdings, Inc. - Common Stock",NASDAQ,N,active,2026-07-11,2026-10-08
PRI,"Primerica, Inc. Common Stock",NYSE,N,active,2026-07-11,2026-10-08
PRIM,Primoris Services Corporation Common Stock,NYSE,N,active,2026-07-11,2026-10-08
PRK,Park National Corporation Common Stock,NYSE American,N,active,2026-07-11,2026-10-08
PRKS,United Parks & Resorts Inc. Common Stock,NYSE,N,active,2026-07-11,2026-10-08
PRLB,"Proto Labs, Inc. Common stock",NYSE,N,active,2026-07-11,2026-10-08
PRLD,Prelude Therapeutics Incorporated - Common Stock,NASDAQ,N,active,2026-07-11,2026-10-08
PRM,"Perimeter Solutions, SA Common Stock",NYSE,N,active,2026-07-11,2026-10-08
PRMB,Primo Brands Corporation Class A Common Stock,NYSE,N,active,2026-07-11,2026-10-08
PRME,"Prime Medicine, Inc. - Common Stock",NASDAQ,N,active,2026-07-11,2026-10-08
PRMR,PeakShares RMR Prime Equity ETF,NASDAQ,N,active,2026-07-11,2026-10-08
PRN,Invesco Dorsey Wright Industrials Momentum ETF,NASDAQ,N,active,2026-07-11,2026-10-08
PROF,Profound Medical Corp. - common stock,NASDAQ,N,active,2026-07-11,2026-10-08
PROK,ProKidney Corp. - Class A Ordinary Shares,NASDAQ,N,active,2026-07-11,2026-10-08
PROP,Prairie Operating Co. - Common Stock,NASDAQ,D,active,2026-07-11,2026-10-08
PROV,"Provident Financial Holdings, Inc. - Common Stock",NASDAQ,N,active,2026-07-11,2026-10-08
PRPL,"Purple Innovation, Inc. - Common Stock",NASDAQ,N,active,2026-07-11,2026-10-08
PRPO,"Precipio, Inc. - Common Stock",NASDAQ,N,active,2026-07-11,2026-10-08
PRQR,ProQR Therapeutics N.V. - Ordinary Shares,NASDAQ,N,active,2026-07-11,2026-10-08
PRSO,Peraso Inc. - Common Stock,NASDAQ,D,active,2026-07-11,2026-10-08
PRSU,"Pursuit Attractions and Hospitality, Inc. Common Stock",NYSE,N,active,2026-07-11,2026-10-08
PRTA,Prothena Corporation plc - Ordinary Shares,NASDAQ,N,active,2026-07-11,2026-10-08
PRTH,"Priority Technology Holdings, Inc. - Common Stock",NASDAQ,N,active,2026-07-11,2026-10-08
PRTS,"CarParts.com, Inc. - Common Stock",NASDAQ,N,active,2026-07-11,2026-10-08
PRU,"Prudential Financial, Inc. Common Stock",NYSE,N,active,2026-07-11,2026-10-08
PRVA,"Privia Health Group, Inc. - Common Stock",NASDAQ,N,active,2026-07-11,2026-10-08
PRVS,Parnassus Value Select ETF,NYSE,N,active,2026-07-11,2026-10-08
PRZO,ParaZero Technologies Ltd. - Ordinary Shares,NASDAQ,D,active,2026-07-11,2026-10-08
PS,Pershing Square Inc. Common Stock,NYSE,N,active,2026-07-11,2026-10-08
PSA,Public Storage Common Stock,NYSE,N,active,2026-07-11,2026-10-08
PSBD,Palmer Square Capital BDC Inc. Common Stock,NYSE,N,active,2026-07-11,2026-10-08
PSC,Principal U.S. Small-Cap ETF,NASDAQ,N,active,2026-07-11,2026-10-08
PSCC,Invesco S&P SmallCap Consumer Staples ETF,NASDAQ,N,active,2026-07-11,2026-10-08
PSCD,Invesco S&P SmallCap Consumer Discretionary ETF,NASDAQ,N,active,2026-07-11,2026-10-08
PSCE,Invesco S&P SmallCap Energy ETF,NASDAQ,N,active,2026-07-11,2026-10-08
PSCF,Invesco S&P SmallCap Financials ETF,NASDAQ,N,active,2026-07-11,2026-10-08
PSCH,Invesco S&P SmallCap Health Care ETF,NASDAQ,N,active,2026-07-11,2026-10-08
PSCI,Invesco S&P SmallCap Industrials ETF,NASDAQ,N,active,2026-07-11,2026-10-08
PSCM,Invesco S&P SmallCap Materials ETF,NASDAQ,N,active,2026-07-11,2026-10-08
PSCT,Invesco S&P SmallCap Information Technology ETF,NASDAQ,N,active,2026-07-11,2026-10-08
PSCU,Invesco S&P SmallCap Utilities & Communication Services ETF,NASDAQ,N,active,2026-07-11,2026-10-08
PSEC,Prospect Capital Corporation - Closed End Fund,NASDAQ,N,active,2026-07-11,2026-10-08
PSET,Principal Quality ETF,NASDAQ,N,active,2026-07-11,2026-10-08
PSFE,Paysafe Limited Common Shares,NYSE,N,active,2026-07-11,2026-10-08
PSHG,Performance Shipping Inc. - Common Shares,NASDAQ,N,active,2026-07-11,2026-10-08
PSIG,PS International Group Ltd. - Ordinary Shares,NASDAQ,N,active,2026-07-11,2026-10-08
PSIX,"Power Solutions International, Inc. - Common Stock",NASDAQ,N,active,2026-07-11,2026-10-08
PSKY,Paramount Skydance Corporation - Class B Common Stock,NASDAQ,N,removed,2026-07-11,2026-10-06
PSL,Invesco Dorsey Wright Consumer Staples Momentum ETF,NASDAQ,N,active,2026-07-11,2026-10-08
PSMT,"PriceSmart, Inc. - Common Stock",NASDAQ,N,active,2026-07-11,2026-10-08
PSN,Parsons Corporation Common Stock,NYSE,N,active,2026-07-11,2026-10-08
PSNL,"Personalis, Inc. - Common Stock",NASDAQ,N,active,2026-07-11,2026-10-08
PSNY,Polestar Automotive Holding UK Limited - Class A ADS,NASDAQ,N,active,2026-07-11,2026-10-08
PSNYW,Polestar Automotive Holding UK Limited - Class C-1 ADS (ADW),NASDAQ,N,active,2026-07-11,2026-10-08
PSO,"Pearson, Plc Common Stock",NYSE,N,active,2026-07-11,2026-10-08
PSQH,"PSQ Holdings, Inc. Class A Common Stock",NYSE,N,active,2026-07-11,2026-10-08
PSTL,"Postal Realty Trust, Inc. Class A Common Stock",NYSE,N,active,2026-07-11,2026-10-08
PSTR,PeakShares Sector Rotation ETF,NASDAQ,N,active,2026-07-11,2026-10-08
PSTV,"PLUS THERAPEUTICS, Inc. - Common Stock",NASDAQ,N,removed,2026-07-11,2026-07-31
PSUS,"Pershing Square USA, Ltd. Common Shares",NYSE,N,active,2026-07-11,2026-10-08
PSWD,Xtrackers Cybersecurity Select Equity ETF,NASDAQ,N,active,2026-07-11,2026-10-08
PSX,Phillips 66 Common Stock,NYSE,N,active,2026-07-11,2026-10-08
PTAC,Patriot Acquisition Corp. - Class A Ordinary Shares,NASDAQ,N,active,2026-07-11,2026-10-08
PTC,PTC Inc. - Common Stock,NASDAQ,N,active,2026-07-11,2026-10-08
PTCT,"PTC Therapeutics, Inc. - Common Stock",NASDAQ,N,active,2026-07-11,2026-10-08
PTEN,"Patterson-UTI Energy, Inc. - Common Stock",NASDAQ,N,active,2026-07-11,2026-10-08
PTF,Invesco Dorsey Wright Technology Momentum ETF,NASDAQ,N,active,2026-07-11,2026-10-08
PTGX,"Protagonist Therapeutics, Inc. - Common Stock",NASDAQ,N,active,2026-07-11,2026-10-08
PTH,Invesco Dorsey Wright Healthcare Momentum ETF,NASDAQ,N,active,2026-07-11,2026-10-08
PTHS,Pelthos Therapeutics Inc. Common Stock,NYSE American,N,active,2026-07-11,2026-10-08
PTIR,GraniteShares 2x Long PLTR Daily ETF,NASDAQ,N,active,2026-07-11,2026-10-08
PTLE,PTL LTD - Class A Ordinary Shares,NASDAQ,N,active,2026-07-11,2026-10-08
PTLO,Portillo's Inc. - Class A Common Stock,NASDAQ,N,active,2026-07-11,2026-10-08
PTN,"Palatin Technologies, Inc. - Common Stock",NASDAQ,N,active,2026-07-11,2026-10-08
PTNM,Pitanium Limited - Class A Ordinary Shares,NASDAQ,D,removed,2026-07-11,2026-07-15
PTNQ,Pacer Trendpilot 100 ETF,NASDAQ,N,active,2026-07-11,2026-10-08
PTON,"Peloton Interactive, Inc. - Common Stock",NASDAQ,N,active,2026-07-11,2026-10-08
PTOR,Praetorian Acquisition Corp. - Class A Ordinary Shares,NASDAQ,N,active,2026-07-11,2026-10-08
PTRN,Pattern Group Inc. - Series A Common Stock,NASDAQ,N,active,2026-07-11,2026-10-08
PTY,Pimco Corporate & Income Opportunity Fund,NYSE,N,active,2026-07-11,2026-10-08
PUBM,"PubMatic, Inc. - Class A Common Stock",NASDAQ,N,active,2026-07-11,2026-10-08
PUI,Invesco Dorsey Wright Utilities Momentum ETF,NASDAQ,N,active,2026-07-11,2026-10-08
PUK,Prudential Public Limited Company Common Stock,NYSE,N,active,2026-07-11,2026-10-08
PUL,GraniteShares 2x Long P Daily ETF,NASDAQ,N,active,2026-07-11,2026-10-08
PULM,"Pulmatrix, Inc. - Common Stock",NASDAQ,N,active,2026-07-11,2026-10-08
PUMP,ProPetro Holding Corp. Common Stock,NYSE,N,active,2026-07-11,2026-10-08
PUR,Defiance Daily Target 2X Long PURR ETF,NASDAQ,N,active,2026-07-11,2026-10-08
PURR,Hyperliquid Strategies Inc - Common Stock,NASDAQ,N,active,2026-07-11,2026-10-08
PUSA,Aureus Greenway Holdings Inc. - Common Stock,NASDAQ,N,active,2026-07-11,2026-10-08
PVH,PVH Corp. Common Stock,NYSE,N,active,2026-07-11,2026-10-08
PVLA,"Palvella Therapeutics, Inc. - Common Stock",NASDAQ,N,active,2026-07-11,2026-10-08
PW,Power REIT (MD) Common Stock,NYSE American,N,active,2026-07-11,2026-10-08
PWP,Perella Weinberg Partners - Class A Common Stock,NASDAQ,N,active,2026-07-11,2026-10-08
PWR,"Quanta Services, Inc. Common Stock",NYSE,N,active,2026-07-11,2026-10-08
PWRD,TCW Transform Systems ETF,NASDAQ,N,active,2026-07-11,2026-10-08
PWRL,Powerlaw Corp. - Common Stock,NASDAQ,N,active,2026-07-11,2026-10-08
PXED,"Phoenix Education Partners, Inc. Common Stock",NYSE,N,active,2026-07-11,2026-10-08
PXI,Invesco Dorsey Wright Energy Momentum ETF,NASDAQ,N,active,2026-07-11,2026-10-08
PXLW,"Pixelworks, Inc. - Common Stock",NASDAQ,N,active,2026-07-11,2026-10-08
PXS,Pyxis Tankers Inc. - Common Stock,NASDAQ,N,active,2026-07-11,2026-10-08
PY,Principal Value ETF,NASDAQ,N,active,2026-07-11,2026-10-08
PYPD,PolyPid Ltd. - Ordinary Shares,NASDAQ,N,active,2026-07-11,2026-10-08
PYPG,Leverage Shares 2X Long PYPL Daily ETF,NASDAQ,N,active,2026-07-11,2026-10-08
PYPL,"PayPal Holdings, Inc. - Common Stock",NASDAQ,N,active,2026-07-11,2026-10-08
PYT,PPlus Tr GSC-2 Tr Ctf Fltg Rate,NYSE,N,active,2026-07-11,2026-10-08
PYXS,"Pyxis Oncology, Inc. - Common Stock",NASDAQ,N,active,2026-07-11,2026-10-08
PYZ,Invesco Dorsey Wright Basic Materials Momentum ETF,NASDAQ,N,active,2026-07-11,2026-10-08
PZG,Paramount Gold Nevada Corp. Common Stock,NYSE American,N,active,2026-07-11,2026-10-08
PZZA,"Papa John's International, Inc. - Common Stock",NASDAQ,N,active,2026-07-11,2026-10-08
Q,"Qnity Electronics, Inc. Common Stock",NYSE,N,active,2026-07-11,2026-10-08
QABA,First Trust NASDAQ ABA Community Bank Index Fund,NASDAQ,N,active,2026-07-11,2026-10-08
QADR,QDRO Acquisition Corp. - Class A Ordinary Shares,NASDAQ,N,active,2026-07-11,2026-10-08
QALT,SEI DBi Multi-Strategy Alternative ETF,NASDAQ,N,active,2026-07-11,2026-10-08
QAT,iShares MSCI Qatar ETF,NASDAQ,N,active,2026-07-11,2026-10-08
QB,ProShares Nasdaq-100 Dynamic Buffer ETF,NASDAQ,N,active,2026-07-11,2026-10-08
QBIG,Invesco Top QQQ ETF,NASDAQ,N,active,2026-07-11,2026-10-08
QBTS,D-Wave Quantum Inc. Common Shares,NASDAQ,N,active,2026-07-11,2026-10-08
QBTZ,Defiance Daily Target 2x Short QBTS ETF,NASDAQ,N,active,2026-07-11,2026-10-08
QBUF,Innovator Nasdaq-100 10 Buffer ETF Quarterly,NASDAQ,N,active,2026-07-11,2026-10-08
QBY,GraniteShares YieldBoost QBTS ETF,NASDAQ,N,active,2026-07-11,2026-10-08
QCLN,First Trust NASDAQ Clean Edge Green Energy Index Fund,NASDAQ,N,active,2026-07-11,2026-10-08
QCLR,Global X NASDAQ 100 Collar 95-110 ETF,NASDAQ,N,active,2026-07-11,2026-10-08
QCLS,"Q/C Technologies, Inc. - Common Stock",NASDAQ,N,active,2026-07-11,2026-10-08
QCMD,Direxion Daily QCOM Bear 1X ETF,NASDAQ,N,active,2026-07-11,2026-10-08
QCML,GraniteShares 2x Long QCOM Daily ETF,NASDAQ,N,active,2026-07-11,2026-10-08
QCMU,Direxion Daily QCOM Bull 2X ETF,NASDAQ,N,active,2026-07-11,2026-10-08
QCOM,QUALCOMM Incorporated - Common Stock,NASDAQ,N,active,2026-07-11,2026-10-08
QCRH,"QCR Holdings, Inc. - Common Stock",NASDAQ,N,active,2026-07-11,2026-10-08
QDEL,QuidelOrtho Corporation - Common Stock,NASDAQ,N,active,2026-07-11,2026-10-08
QDTY,YieldMax Nasdaq 100 0DTE Covered Call Strategy ETF,NASDAQ,N,active,2026-07-11,2026-10-08
QETA,Quetta Acquisition Corporation - Common Stock,NASDAQ,D,active,2026-07-11,2026-10-08
QEW,Invesco QQQ Equal Weight ETF,NASDAQ,N,active,2026-07-11,2026-10-08
QFIN,"Qfin Holdings, Inc.  - American Depositary Shares",NASDAQ,N,active,2026-07-11,2026-10-08
QGEN,Qiagen N.V. Common Shares,NYSE,N,active,2026-07-11,2026-10-08
QGRD,Horizon Nasdaq-100 Defined Risk ETF,NASDAQ,N,active,2026-07-11,2026-10-08
QH,Quhuo Limited - American Depository Shares,NASDAQ,N,active,2026-07-11,2026-10-08
QHDG,Innovator Hedged Nasdaq-100 ETF,NASDAQ,N,removed,2026-07-11,2026-07-12
QLDY,Defiance Nasdaq 100 LightningSpread Income ETF,NASDAQ,N,active,2026-07-11,2026-10-08
QLEP,Quantum Leap Acquisition Corp Class A Ordinary Shares,NYSE,N,active,2026-07-11,2026-10-08
QLYS,"Qualys, Inc. - Common Stock",NASDAQ,N,active,2026-07-11,2026-10-08
QMCO,Quantum Corporation - Common Stock,NASDAQ,N,active,2026-07-11,2026-10-08
QMID,WisdomTree U.S. MidCap Quality Growth Fund,NASDAQ,N,active,2026-07-11,2026-10-08
QMMM,QMMM Holdings Limited - Class A Ordinary Shares,NASDAQ,H,removed,2026-07-11,2026-08-13
QMOM,Alpha Architect U.S. Quantitative Momentum ETF,NASDAQ,N,active,2026-07-11,2026-10-08
QNC,Quantum eMotion Corp. Common Shares,NYSE American,N,active,2026-07-11,2026-10-08
QNCX,"Quince Therapeutics, Inc. - Common Stock",NASDAQ,D,active,2026-07-11,2026-10-08
QNDX,State Street SPDR Portfolio Nasdaq 100 ETF,NASDAQ,N,active,2026-07-11,2026-10-08
QNRX,"Quoin Pharmaceuticals, Ltd. - American Depositary Shares",NASDAQ,N,active,2026-07-11,2026-10-08
QNST,"QuinStreet, Inc. - Common Stock",NASDAQ,N,active,2026-07-11,2026-10-08
QNT,Quantinuum Inc. - Class A Common Stock,NASDAQ,N,active,2026-07-11,2026-10-08
QNTM,Quantum Biopharma Ltd. - Class B Subordinate Voting Shares,NASDAQ,N,active,2026-07-11,2026-10-08
QNXT,iShares Nasdaq-100 ex Top 30 ETF,NASDAQ,N,active,2026-07-11,2026-10-08
QOWZ,Invesco Nasdaq Free Cash Flow Achievers ETF,NASDAQ,N,active,2026-07-11,2026-10-08
QPUX,Defiance 2X Daily Long Pure Quantum ETF,NASDAQ,N,active,2026-07-11,2026-10-08
QQA,Invesco QQQ Income Advantage ETF,NASDAQ,N,active,2026-07-11,2026-10-08
QQDN,ProShares UltraShort QQQ Mega,NASDAQ,N,active,2026-07-11,2026-10-08
QQEW,First Trust Nasdaq-100 Select Equal Weight ETF,NASDAQ,N,active,2026-07-11,2026-10-08
QQHG,Invesco QQQ Hedged Advantage ETF,NASDAQ,N,active,2026-07-11,2026-10-08
QQLV,Invesco QQQ Low Volatility ETF,NASDAQ,N,active,2026-07-11,2026-10-08
QQMG,Invesco ESG NASDAQ 100 ETF,NASDAQ,N,active,2026-07-11,2026-10-08
QQQ,"Invesco QQQ Trust, Series 1",NASDAQ,N,active,2026-07-11,2026-10-08
QQQA,ProShares Nasdaq-100 Dorsey Wright Momentum ETF,NASDAQ,N,active,2026-07-11,2026-10-08
QQQE,Direxion NASDAQ-100 Equal Weighted Index ETF,NASDAQ,N,active,2026-07-11,2026-10-08
QQQG,Pacer Nasdaq 100 Top 50 Cash Cows Growth Leaders ETF,NASDAQ,N,active,2026-07-11,2026-10-08
QQQH,NEOS Nasdaq-100 Hedged Equity Income ETF,NASDAQ,N,active,2026-07-11,2026-10-08
QQQI,NEOS Nasdaq 100 High Income ETF,NASDAQ,N,active,2026-07-11,2026-10-08
QQQJ,Invesco NASDAQ Next Gen 100 ETF,NASDAQ,N,active,2026-07-11,2026-10-08
QQQM,Invesco NASDAQ 100 ETF,NASDAQ,N,active,2026-07-11,2026-10-08
QQQP,Tradr 2X Long Innovation 100 Quarterly ETF,NASDAQ,N,active,2026-07-11,2026-10-08
QQQS,Invesco NASDAQ Future Gen 200 ETF,NASDAQ,N,active,2026-07-11,2026-10-08
QQQT,Defiance Nasdaq 100 Income Target ETF,NASDAQ,N,active,2026-07-11,2026-10-08
QQQX,Nuveen NASDAQ 100 Dynamic Overwrite Fund - Closed End Fund,NASDAQ,N,active,2026-07-11,2026-10-08
QQQY,Defiance Nasdaq 100 Weekly Distribution ETF,NASDAQ,N,active,2026-07-11,2026-10-08
QQUP,ProShares Ultra QQQ Mega,NASDAQ,N,active,2026-07-11,2026-10-08
QQWZ,Pacer Cash COWZ 100-Nasdaq 100 Rotator ETF,NASDAQ,N,active,2026-07-11,2026-10-08
QQXL,ProShares Ultra QQQ Top 30,NASDAQ,N,active,2026-07-11,2026-10-08
QQXT,First Trust NASDAQ-100 Ex-Technology Sector Index Fund,NASDAQ,N,active,2026-07-11,2026-10-08
QRED,QuasarEdge Acquisition Corporation Ordinary Shares,NYSE,N,active,2026-07-11,2026-10-08
QRHC,Quest Resource Holding Corporation - Common Stock,NASDAQ,N,active,2026-07-11,2026-10-08
QRMI,Global X NASDAQ 100 Risk Managed Income ETF,NASDAQ,N,active,2026-07-11,2026-10-08
QRVO,"Qorvo, Inc. - Common Stock",NASDAQ,N,removed,2026-07-11,2026-10-06
QS,QuantumScape Corporation - Common Stock,NASDAQ,N,active,2026-07-11,2026-10-08
QSEA,Quartzsea Acquisition Corporation - Ordinary Shares,NASDAQ,N,active,2026-07-11,2026-10-08
QSI,Quantum-Si Incorporated - Class A Common Stock,NASDAQ,D,active,2026-07-11,2026-10-08
QSIX,Pacer Metaurus Nasdaq 100 Dividend Multiplier 600 ETF,NASDAQ,N,active,2026-07-11,2026-10-08
QSML,WisdomTree U.S. SmallCap Quality Growth Fund,NASDAQ,N,active,2026-07-11,2026-10-08
QSR,Restaurant Brands International Inc. Common Shares,NYSE,N,active,2026-07-11,2026-10-08
QTEC,First Trust NASDAQ-100-Technology Sector Index Fund,NASDAQ,N,active,2026-07-11,2026-10-08
QTEX,QTREX Quantum Ltd. - Ordinary Shares,NASDAQ,N,active,2026-07-11,2026-10-08
QTI,"QT Imaging Holdings, Inc. - Common Stock",NASDAQ,N,active,2026-07-11,2026-10-08
QTOP,iShares Nasdaq Top 30 Stocks ETF,NASDAQ,N,active,2026-07-11,2026-10-08
QTR,Global X NASDAQ 100 Tail Risk ETF,NASDAQ,N,active,2026-07-11,2026-10-08
QTRX,Quanterix Corporation - Common Stock,NASDAQ,N,active,2026-07-11,2026-10-08
QTTB,Q32 Bio Inc. - Common Stock,NASDAQ,N,active,2026-07-11,2026-10-08
QTUM,Defiance Quantum ETF,NASDAQ,N,active,2026-07-11,2026-10-08
QTWO,"Q2 Holdings, Inc. Common Stock",NYSE,N,active,2026-07-11,2026-10-08
QUAD,"Quad Graphics, Inc Class A Common Stock",NYSE,N,active,2026-07-11,2026-10-08
QUBT,Quantum Computing Inc. - Common Stock,NASDAQ,N,active,2026-07-11,2026-10-08
QUCY,Quantum Cyber N.V. - Ordinary Shares,NASDAQ,N,active,2026-07-11,2026-10-08
QUIK,QuickLogic Corporation - Common Stock,NASDAQ,N,active,2026-07-11,2026-10-08
QUMS,Quantumsphere Acquisition Corp. - Ordinary Shares,NASDAQ,N,active,2026-07-11,2026-10-08
QURE,uniQure N.V. - Ordinary Shares,NASDAQ,N,active,2026-07-11,2026-10-08
QVAL,Alpha Architect U.S. Quantitative Value ETF,NASDAQ,N,active,2026-07-11,2026-10-08
QVOL,Infrastructure Capital Nasdaq Option Income ETF,NASDAQ,N,active,2026-07-11,2026-10-08
QXL,Quantum X Labs Inc. - Common Stock,NASDAQ,N,active,2026-07-11,2026-10-08
QXO,"QXO, Inc. Common Stock",NYSE,N,active,2026-07-11,2026-10-08
QXQ,SGI Enhanced Nasdaq-100 ETF,NASDAQ,N,active,2026-07-11,2026-10-08
QYLD,Global X NASDAQ 100 Covered Call ETF,NASDAQ,N,active,2026-07-11,2026-10-08
QYLG,Global X Nasdaq 100 Covered Call & Growth ETF,NASDAQ,N,active,2026-07-11,2026-10-08
R,"Ryder System, Inc. Common Stock",NYSE,N,active,2026-07-11,2026-10-08
RA,Brookfield Real Assets Income Fund Inc. Common Stock,NYSE,N,active,2026-07-11,2026-10-08
RAA,SMI 3Fourteen REAL Asset Allocation ETF,NASDAQ,N,active,2026-07-11,2026-10-08
RAC,Rithm Acquisition Corp. Class A Ordinary Shares,NYSE,N,active,2026-07-11,2026-10-08
RACC,Research Alliance Corporation III - Class A Ordinary Shares,NASDAQ,N,active,2026-07-11,2026-10-08
RACE,Ferrari N.V. Common Shares,NYSE,N,active,2026-07-11,2026-10-08
RADX,Radiopharm Theranostics Limited - American Depositary Shares,NASDAQ,N,active,2026-07-11,2026-10-08
RAIL,"Freightcar America, Inc. - Common Stock",NASDAQ,N,active,2026-07-11,2026-10-08
RAIN,"Rain Enhancement Technologies Holdco, Inc. - Class A Common Stock",NASDAQ,D,active,2026-07-11,2026-10-08
RAL,Ralliant Corporation Common Stock,NYSE,N,active,2026-07-11,2026-10-08
RAMP,"LiveRamp Holdings, Inc. Common Stock",NYSE,N,active,2026-07-11,2026-10-08
RAND,Rand Capital Corporation - Closed End Fund,NASDAQ,N,active,2026-07-11,2026-10-08
RANG,Range Capital Acquisition Corp. - Ordinary Shares,NASDAQ,D,active,2026-07-11,2026-10-08
RANI,"Rani Therapeutics Holdings, Inc. - Class A Common Stock",NASDAQ,D,active,2026-07-11,2026-10-08
RAPP,"Rapport Therapeutics, Inc. - Common Stock",NASDAQ,N,active,2026-07-11,2026-10-08
RARE,Ultragenyx Pharmaceutical Inc. - Common Stock,NASDAQ,N,active,2026-07-11,2026-10-08
RAUS,RACWI US ETF,NASDAQ,N,active,2026-07-11,2026-10-08
RAVE,"Rave Restaurant Group, Inc. - Common Stock",NASDAQ,N,active,2026-07-11,2026-10-08
RAY,Raytech Holding Limited - Ordinary Shares,NASDAQ,N,removed,2026-07-11,2026-09-09
RAYA,Erayak Power Solution Group Inc. - Class A Ordinary Shares,NASDAQ,N,active,2026-07-11,2026-10-08
RBA,"RB Global, Inc. Common Stock",NYSE,N,active,2026-07-11,2026-10-08
RBB,RBB Bancorp - Common Stock,NASDAQ,N,active,2026-07-11,2026-10-08
RBBN,Ribbon Communications Inc.  - Common Stock,NASDAQ,N,active,2026-07-11,2026-10-08
RBC,RBC Bearings Incorporated Common Stock,NYSE,N,active,2026-07-11,2026-10-08
RBCAA,"Republic Bancorp, Inc. - Class A Common Stock",NASDAQ,N,active,2026-07-11,2026-10-08
RBIL,F/m Ultrashort Treasury Inflation-Protected Security (TIPS) ETF,NASDAQ,N,active,2026-07-11,2026-10-08
RBKB,"Rhinebeck Bancorp, Inc. - Common Stock",NASDAQ,N,active,2026-07-11,2026-10-08
RBLX,Roblox Corporation Class A Common Stock,NYSE,N,active,2026-07-11,2026-10-08
RBNE,Robin Energy Ltd. - Common Stock,NASDAQ,N,active,2026-07-11,2026-10-08
RBRK,"Rubrik, Inc. Class A Common Stock",NYSE,N,active,2026-07-11,2026-10-08
RC,Ready Capital Corporation Common Stock,NYSE,N,active,2026-07-11,2026-10-08
RCAT,"Red Cat Holdings, Inc. - Common Stock",NASDAQ,N,active,2026-07-11,2026-10-08
RCAX,Defiance Daily Target 2x Long RCAT ETF,NASDAQ,N,active,2026-07-11,2026-10-08
RCEL,"Avita Medical, Inc. - Common Stock",NASDAQ,N,active,2026-07-11,2026-10-08
RCG,"RENN Fund, Inc Common Stock",NYSE American,N,active,2026-07-11,2026-10-08
RCGE,RockCreek Global Equality ETF,NASDAQ,N,active,2026-07-11,2026-10-08
RCI,"Rogers Communication, Inc. Common Stock",NYSE,N,active,2026-07-11,2026-10-08
RCKT,"Rocket Pharmaceuticals, Inc. - Common Stock",NASDAQ,N,active,2026-07-11,2026-10-08
RCKY,"Rocky Brands, Inc. - Common Stock",NASDAQ,N,active,2026-07-11,2026-10-08
RCL,Royal Caribbean Cruises Ltd. Common Stock,NYSE,N,active,2026-07-11,2026-10-08
RCMT,"RCM Technologies, Inc. - Common Stock",NASDAQ,N,active,2026-07-11,2026-10-08
RCON,"Recon Technology, Ltd. - Class A Ordinary Shares",NASDAQ,N,active,2026-07-11,2026-10-08
RCS,"PIMCO Strategic Income Fund, Inc.",NYSE,N,active,2026-07-11,2026-10-08
RCT,RedCloud Holdings plc - Ordinary Shares,NASDAQ,D,active,2026-07-11,2026-10-08
RCUS,"Arcus Biosciences, Inc. Common Stock",NYSE,N,active,2026-07-11,2026-10-08
RDAC,Rising Dragon Acquisition Corp. - Ordinary Shares,NASDAQ,D,active,2026-07-11,2026-10-08
RDAG,Republic Digital Acquisition Company - Class A Ordinary Shares,NASDAQ,N,active,2026-07-11,2026-10-08
RDCM,Radcom Ltd. - Ordinary Shares,NASDAQ,N,active,2026-07-11,2026-10-08
RDDT,"Reddit, Inc. Class A Common Stock",NYSE,N,active,2026-07-11,2026-10-08
RDGT,"Ridgetech, Inc. - Ordinary Shares",NASDAQ,N,active,2026-07-11,2026-10-08
RDHL,Redhill Biopharma Ltd. - American Depositary Shares,NASDAQ,D,active,2026-07-11,2026-10-08
RDI,Reading International Inc - Class A Non-voting Common Stock,NASDAQ,N,active,2026-07-11,2026-10-08
RDIB,Reading International Inc - Class B Voting Common Stock,NASDAQ,N,active,2026-07-11,2026-10-08
RDN,Radian Group Inc. Common Stock,NYSE,N,active,2026-07-11,2026-10-08
RDNT,"RadNet, Inc. - Common Stock",NASDAQ,N,active,2026-07-11,2026-10-08
RDNW,"RideNow Group, Inc. - Class B Common Stock",NASDAQ,N,active,2026-07-11,2026-10-08
RDTL,GraniteShares 2x Long RDDT Daily ETF,NASDAQ,N,active,2026-07-11,2026-10-08
RDTY,YieldMax R2000 0DTE Covered Strategy ETF,NASDAQ,N,active,2026-07-11,2026-10-08
RDVT,"Red Violet, Inc. - Common Stock ",NASDAQ,N,active,2026-07-11,2026-10-08
RDVY,First Trust Rising Dividend Achievers ETF,NASDAQ,N,active,2026-07-11,2026-10-08
RDW,Redwire Corporation Common Stock,NYSE,N,active,2026-07-11,2026-10-08
RDWR,Radware Ltd. - Ordinary Shares,NASDAQ,N,active,2026-07-11,2026-10-08
RDY,Dr. Reddy's Laboratories Ltd Common Stock,NYSE,N,active,2026-07-11,2026-10-08
RDZN,"Roadzen, Inc. - Ordinary Shares",NASDAQ,N,active,2026-07-11,2026-10-08
REA,"Rare Earths Americas, Inc. Common Stock",NYSE American,N,active,2026-07-11,2026-10-08
REAI,Intelligent Real Estate ETF,NASDAQ,N,active,2026-07-11,2026-10-08
REAL,"The RealReal, Inc. - Common Stock",NASDAQ,N,active,2026-07-11,2026-10-08
REAX,"The Real Brokerage, Inc. - Common Shares",NASDAQ,N,active,2026-07-11,2026-10-08
REBN,"Reborn Coffee, Inc. - Common Stock",NASDAQ,D,active,2026-07-11,2026-10-08
RECT,Rectitude Holdings Ltd - Ordinary Shares,NASDAQ,N,active,2026-07-11,2026-10-08
REED,"Reed's, Inc. Common Stock",NYSE American,N,active,2026-07-11,2026-10-08
REFI,"Chicago Atlantic Real Estate Finance, Inc. - Common Stock",NASDAQ,N,active,2026-07-11,2026-10-08
REFR,Research Frontiers Incorporated - Common Stock,NASDAQ,D,active,2026-07-11,2026-10-08
REG,Regency Centers Corporation - Common Stock,NASDAQ,N,active,2026-07-11,2026-10-08
REGN,"Regeneron Pharmaceuticals, Inc. - Common Stock",NASDAQ,N,active,2026-07-11,2026-10-08
REI,"Ring Energy, Inc. Common Stock",NYSE American,N,active,2026-07-11,2026-10-08
REIT,ALPS Active REIT ETF,NASDAQ,N,active,2026-07-11,2026-10-08
REKR,"Rekor Systems, Inc. - Common Stock",NASDAQ,D,active,2026-07-11,2026-10-08
RELL,"Richardson Electronics, Ltd. - Common Stock",NASDAQ,N,active,2026-07-11,2026-10-08
RELX,RELX PLC PLC American Depositary Shares (Each representing One Ordinary Share),NYSE,N,active,2026-07-11,2026-10-08
RELY,"Remitly Global, Inc. - Common stock",NASDAQ,N,active,2026-07-11,2026-10-08
REMG,Russell Investments Emerging Markets Equity ETF,NASDAQ,N,active,2026-07-11,2026-10-08
RENT,"Rent the Runway, Inc. - Class A Common Stock",NASDAQ,N,active,2026-07-11,2026-10-08
RENX,RenX Enterprises Corp. - Common Stock,NASDAQ,N,active,2026-07-11,2026-10-08
REPL,"Replimune Group, Inc. - Common Stock",NASDAQ,N,active,2026-07-11,2026-10-08
REPX,"Riley Exploration Permian, Inc. Common Stock",NYSE American,N,active,2026-07-11,2026-10-08
RERE,ATRenew Inc. American Depositary Shares (every three of which representing two Class A ordinary shares),NYSE,N,active,2026-07-11,2026-10-08
RES,"RPC, Inc. Common Stock",NYSE,N,active,2026-07-11,2026-10-08
RETO,"ReTo Eco-Solutions, Inc. - Class A Shares",NASDAQ,N,active,2026-07-11,2026-10-08
REVB,"Revelation Biosciences, Inc. - Common Stock",NASDAQ,N,active,2026-07-11,2026-10-08
REX,REX American Resources Corporation,NYSE,N,active,2026-07-11,2026-10-08
REXC,Sprott Rare Earths Ex-China ETF,NASDAQ,N,active,2026-07-11,2026-10-08
REXR,"Rexford Industrial Realty, Inc. Common Stock",NYSE,N,active,2026-07-11,2026-10-08
REYN,Reynolds Consumer Products Inc. - Common Stock,NASDAQ,N,active,2026-07-11,2026-10-08
REZI,"Resideo Technologies, Inc. Common Stock ",NYSE,N,active,2026-07-11,2026-10-08
RF,Regions Financial Corporation Common Stock,NYSE,N,active,2026-07-11,2026-10-08
RFAI,RF Acquisition Corp II - Ordinary Shares,NASDAQ,N,active,2026-07-11,2026-10-08
RFAM,RF Acquisition Corp III - Ordinary Shares,NASDAQ,N,active,2026-07-11,2026-10-08
RFDI,First Trust RiverFront Dynamic Developed International ETF,NASDAQ,N,removed,2026-07-11,2026-09-11
RFEM,First Trust RiverFront Dynamic Emerging Markets ETF,NASDAQ,N,removed,2026-07-11,2026-09-11
RFI,"Cohen & Steers Total Return Realty Fund, Inc. Common Stock",NYSE,N,active,2026-07-11,2026-10-08
RFIL,"RF Industries, Ltd. - Common Stock",NASDAQ,N,active,2026-07-11,2026-10-08
RFL,"Rafael Holdings, Inc. Class B Common Stock",NYSE,N,active,2026-07-11,2026-10-08
RFM,"RiverNorth Flexible Municipal Income Fund, Inc. Common Stock",NYSE,N,active,2026-07-11,2026-10-08
RFMZ,"RiverNorth Flexible Municipal Income Fund II, Inc. Common Stock",NYSE,N,active,2026-07-11,2026-10-08
RGA,"Reinsurance Group of America, Incorporated Common Stock",NYSE,N,active,2026-07-11,2026-10-08
RGC,Regencell Bioscience Holdings Limited - Ordinary Shares,NASDAQ,N,active,2026-07-11,2026-10-08
RGCO,RGC Resources Inc. - Common Stock,NASDAQ,N,active,2026-07-11,2026-10-08
RGEN,Repligen Corporation - Common Stock,NASDAQ,N,active,2026-07-11,2026-10-08
RGLD,"Royal Gold, Inc. - Common Stock",NASDAQ,N,active,2026-07-11,2026-10-08
RGLO,Russell Investments Global Equity ETF,NASDAQ,N,active,2026-07-11,2026-10-08
RGNT,Regentis Biomaterials Ltd. Ordinary Shares,NYSE American,N,active,2026-07-11,2026-10-08
RGNX,REGENXBIO Inc. - Common Stock,NASDAQ,N,active,2026-07-11,2026-10-08
RGP,"Resources Connection, Inc. - Common Stock",NASDAQ,N,active,2026-07-11,2026-10-08
RGR,"Sturm, Ruger & Company, Inc. Common Stock",NYSE,N,active,2026-07-11,2026-10-08
RGS,Regis Corporation - Common Stock,NASDAQ,N,active,2026-07-11,2026-10-08
RGT,"Royce Global Trust, Inc. Common Stock",NYSE,N,active,2026-07-11,2026-10-08
RGTI,"Rigetti Computing, Inc.  - Common stock",NASDAQ,N,active,2026-07-11,2026-10-08
RGTX,Defiance Daily Target 2X Long RGTI ETF,NASDAQ,N,active,2026-07-11,2026-10-08
RGTZ,Defiance Daily Target 2x Short RGTI ETF,NASDAQ,N,active,2026-07-11,2026-10-08
RGYY,GraniteShares YieldBoost RGTI ETF,NASDAQ,N,active,2026-07-11,2026-10-08
RH,RH Common Stock,NYSE,N,active,2026-07-11,2026-10-08
RHI,Robert Half Inc. Common Stock,NYSE,N,active,2026-07-11,2026-10-08
RHLD,Resolute Holdings Management Common Stock ,NYSE,N,active,2026-07-11,2026-10-08
RHP,"Ryman Hospitality Properties, Inc. (REIT)",NYSE,N,active,2026-07-11,2026-10-08
RIBB,Ribbon Acquisition Corp - Class A Ordinary Shares,NASDAQ,N,active,2026-07-11,2026-10-08
RICK,"RCI Hospitality Holdings, Inc. - Common Stock",NASDAQ,N,active,2026-07-11,2026-10-08
RIFR,Russell Investments Global Infrastructure ETF,NASDAQ,N,active,2026-07-11,2026-10-08
RIG,Transocean Ltd (Switzerland) Common Stock,NYSE,N,active,2026-07-11,2026-10-08
RIGL,"Rigel Pharmaceuticals, Inc. - Common Stock",NASDAQ,N,active,2026-07-11,2026-10-08
RILY,"BRC Group Holdings, Inc. - Common Stock",NASDAQ,N,active,2026-07-11,2026-10-08
RIME,"Algorhythm Holdings, Inc. - Common Stock",NASDAQ,D,active,2026-07-11,2026-10-08
RING,iShares MSCI Global Gold Miners ETF,NASDAQ,N,active,2026-07-11,2026-10-08
RINT,Russell Investments International Developed Equity ETF,NASDAQ,N,active,2026-07-11,2026-10-08
RIO,Rio Tinto Plc Common Stock,NYSE,N,active,2026-07-11,2026-10-08
RIOT,"Riot Platforms, Inc. - Common Stock",NASDAQ,N,active,2026-07-11,2026-10-08
RITM,Rithm Capital Corp. Common Stock,NYSE,N,active,2026-07-11,2026-10-08
RITR,Reitar Logtech Holdings Limited - Ordinary shares,NASDAQ,D,removed,2026-07-11,2026-09-16
RIV,"RiverNorth Opportunities Fund, Inc. Common Stock",NYSE,N,active,2026-07-11,2026-10-08
RIVN,"Rivian Automotive, Inc. - Class A Common Stock",NASDAQ,N,active,2026-07-11,2026-10-08
RJET,Republic Airways Holdings Inc. - Common Stock,NASDAQ,N,active,2026-07-11,2026-10-08
RJF,"Raymond James Financial, Inc. Common Stock",NYSE,N,active,2026-07-11,2026-10-08
RKDA,"Arcadia Biosciences, Inc. - Common Stock",NASDAQ,D,active,2026-07-11,2026-10-08
RKLB,Rocket Lab Corporation - Common Stock,NASDAQ,N,active,2026-07-11,2026-10-08
RKLX,Defiance Daily Target 2X Long RKLB ETF,NASDAQ,N,active,2026-07-11,2026-10-08
RKLZ,Defiance Daily Target 2x Short RKLB ETF,NASDAQ,N,active,2026-07-11,2026-10-08
RKNG,Defiance Retail Kings ETF,NASDAQ,N,active,2026-07-11,2026-10-08
RKT,"Rocket Companies, Inc. Class A Common Stock",NYSE,N,active,2026-07-11,2026-10-08
RKTO,Rocket One Inc. - Common Stock,NASDAQ,D,active,2026-07-11,2026-10-08
RL,Ralph Lauren Corporation Common Stock,NYSE,N,active,2026-07-11,2026-10-08
RLAY,"Relay Therapeutics, Inc. - Common Stock",NASDAQ,N,active,2026-07-11,2026-10-08
RLGT,"Radiant Logistics, Inc. Common Stock",NYSE American,N,active,2026-07-11,2026-10-08
RLI,RLI Corp. Common Stock (DE),NYSE,N,active,2026-07-11,2026-10-08
RLJ,RLJ Lodging Trust Common Shares of Beneficial Interest $0.01 par value,NYSE,N,active,2026-07-11,2026-10-08
RLMD,"Relmada Therapeutics, Inc. - Common Stock",NASDAQ,N,active,2026-07-11,2026-10-08
RLTY,Cohen & Steers Real Estate Opportunities and Income Fund Common Shares of Beneficial Interest,NYSE,N,active,2026-07-11,2026-10-08
RLYB,Rallybio Corporation - Common Stock,NASDAQ,N,active,2026-07-11,2026-10-08
RM,Regional Management Corp. Common Stock,NYSE,N,active,2026-07-11,2026-10-08
RMAX,"RE/MAX Holdings, Inc. Class A Common Stock",NYSE,N,removed,2026-07-11,2026-08-24
RMBI,"Richmond Mutual Bancorporation, Inc. - Common Stock",NASDAQ,N,active,2026-07-11,2026-10-08
RMBS,"Rambus, Inc. - Common Stock",NASDAQ,N,active,2026-07-11,2026-10-08
RMCF,"Rocky Mountain Chocolate Factory, Inc. - Common Stock",NASDAQ,N,active,2026-07-11,2026-10-08
RMCO,Royalty Management Holding Corporation - Class A Common Stock,NASDAQ,N,active,2026-07-11,2026-10-08
RMD,ResMed Inc. Common Stock,NYSE,N,active,2026-07-11,2026-10-08
RMI,"RiverNorth Opportunistic Municipal Income Fund, Inc. Common Stock",NYSE,N,active,2026-07-11,2026-10-08
RMIX,"Suncrete, Inc. - Class A Common Stock",NASDAQ,N,active,2026-07-11,2026-10-08
RMM,"RiverNorth Managed Duration Municipal Income Fund, Inc. Common Stock",NYSE,N,active,2026-07-11,2026-10-08
RMMZ,"RiverNorth Managed Duration Municipal Income Fund II, Inc. Common Stock",NYSE,N,active,2026-07-11,2026-10-08
RMNI,"Rimini Street, Inc. - Common Stock",NASDAQ,N,active,2026-07-11,2026-10-08
RMR,The RMR Group Inc. - Class A Common Stock,NASDAQ,N,active,2026-07-11,2026-10-08
RMSG,Real Messenger Corporation - Ordinary Shares,NASDAQ,D,active,2026-07-11,2026-10-08
RMT,"Royce Micro-Cap Trust, Inc. Common Stock",NYSE,N,active,2026-07-11,2026-10-08
RMTI,"Rockwell Medical, Inc. - Common Stock",NASDAQ,N,active,2026-07-11,2026-10-08
RNA,"Atrium Therapeutics, Inc. - Common Stock",NASDAQ,N,active,2026-07-11,2026-10-08
RNAC,"Cartesian Therapeutics, Inc. - Common Stock",NASDAQ,N,active,2026-07-11,2026-10-08
RNAZ,"TransCode Therapeutics, Inc. - Common Stock",NASDAQ,N,active,2026-07-11,2026-10-08
RNEM,Emerging Markets Equity Select ETF,NASDAQ,N,active,2026-07-11,2026-10-08
RNG,"RingCentral, Inc. Class A Common Stock",NYSE,N,active,2026-07-11,2026-10-08
RNGR,"Ranger Energy Services, Inc. Class A Common Stock",NYSE,N,active,2026-07-11,2026-10-08
RNGT,Range Capital Acquisition Corp II - Class A Ordinary Shares,NASDAQ,N,active,2026-07-11,2026-10-08
RNIN,Bushido Capital US SMID Cap Equity ETF,NASDAQ,N,active,2026-07-11,2026-10-08
RNR,RenaissanceRe Holdings Ltd. Common Stock,NYSE,N,active,2026-07-11,2026-10-08
RNR$F,"RenaissanceRe Holdings Ltd. Depositary Shares, each Representing a 1/1,000th Interest in a 5.750% Series F Preference Share",NYSE,N,active,2026-07-11,2026-10-08
RNR$G,"RenaissanceRe Holdings Ltd. Depositary Shares, each representing a 1/1,000th interest in a share of 4.20% Series G Preference Shares",NYSE,N,active,2026-07-11,2026-10-08
RNRG,Global X Renewable Energy Producers ETF,NASDAQ,N,active,2026-07-11,2026-10-08
RNST,Renasant Corporation Common Stock,NYSE,N,active,2026-07-11,2026-10-08
RNTX,"Rein Therapeutics, Inc. - Common Stock",NASDAQ,D,active,2026-07-11,2026-10-08
RNW,ReNew Energy Global plc - Class A Shares,NASDAQ,N,active,2026-07-11,2026-10-08
RNXT,"RenovoRx, Inc. - Common Stock",NASDAQ,N,active,2026-07-11,2026-10-08
ROAD,"Construction Partners, Inc. - Common Stock",NASDAQ,D,active,2026-07-11,2026-10-08
ROBT,First Trust Nasdaq Artificial Intelligence and Robotics ETF,NASDAQ,N,active,2026-07-11,2026-10-08
ROC,Rank One Computing Corporation - Common stock,NASDAQ,N,active,2026-07-11,2026-10-08
ROCK,"Gibraltar Industries, Inc. - Common Stock",NASDAQ,N,active,2026-07-11,2026-10-08
ROCQ,JPMorgan Nasdaq Equity Premium Yield ETF,NASDAQ,N,active,2026-07-11,2026-10-08
ROCY,JPMorgan Equity Premium Yield ETF,NASDAQ,N,active,2026-07-11,2026-10-08
ROE,Astoria US Equal Weight Quality Kings ETF,NASDAQ,N,active,2026-07-11,2026-10-08
ROG,Rogers Corporation Common Stock,NYSE,N,active,2026-07-11,2026-10-08
ROIV,Roivant Sciences Ltd. - Common Shares,NASDAQ,N,active,2026-07-11,2026-10-08
ROK,"Rockwell Automation, Inc. Common Stock",NYSE,N,active,2026-07-11,2026-10-08
ROKU,"Roku, Inc. - Class A Common Stock",NASDAQ,N,active,2026-07-11,2026-10-08
ROL,"Rollins, Inc. Common Stock",NYSE,N,active,2026-07-11,2026-10-08
ROLR,"High Roller Technologies, Inc. Common Stock",NYSE American,N,active,2026-07-11,2026-10-08
ROMA,Roma Green Finance Limited - Class A Ordinary Shares,NASDAQ,N,active,2026-07-11,2026-10-08
RONB,Baron First Principles ETF,NYSE,N,active,2026-07-11,2026-10-08
ROOT,"Root, Inc. - Common Stock",NASDAQ,N,active,2026-07-11,2026-10-08
ROP,"Roper Technologies, Inc. - Common Stock",NASDAQ,N,active,2026-07-11,2026-10-08
ROST,"Ross Stores, Inc. - Common Stock",NASDAQ,N,active,2026-07-11,2026-10-08
RPAY,Repay Holdings Corporation - Class A Common Stock,NASDAQ,N,active,2026-07-11,2026-10-08
RPC,"Ridgepost Capital, Inc. Class A Common Stock",NYSE,N,active,2026-07-11,2026-10-08
RPD,"Rapid7, Inc. - Common Stock",NASDAQ,N,active,2026-07-11,2026-10-08
RPGL,Republic Power Group Limited - Class A Ordinary Shares,NASDAQ,N,active,2026-07-11,2026-10-08
RPID,"Rapid Micro Biosystems, Inc. - Class A Common Stock",NASDAQ,N,active,2026-07-11,2026-10-08
RPM,RPM International Inc. Common Stock,NYSE,N,active,2026-07-11,2026-10-08
RPRX,Royalty Pharma plc - Class A Ordinary Shares,NASDAQ,N,active,2026-07-11,2026-10-08
RPT,Rithm Property Trust Inc. Common stock,NYSE,N,active,2026-07-11,2026-10-08
RQI,Cohen & Steers Quality Income Realty Fund Inc Common Shares,NYSE,N,active,2026-07-11,2026-10-08
RR,Richtech Robotics Inc. - Class B Common Stock,NASDAQ,N,active,2026-07-11,2026-10-08
RRBI,"Red River Bancshares, Inc. - Common Stock",NASDAQ,N,active,2026-07-11,2026-10-08
RRC,Range Resources Corporation Common Stock,NYSE,N,active,2026-07-11,2026-10-08
RREV,RRE Ventures Acquisition Corp. - Class A Ordinary Shares,NASDAQ,N,active,2026-07-11,2026-10-08
RRGB,"Red Robin Gourmet Burgers, Inc. - Common Stock",NASDAQ,N,active,2026-07-11,2026-10-08
RRR,"Red Rock Resorts, Inc. - Class A Common Stock",NASDAQ,N,active,2026-07-11,2026-10-08
RRX,Regal Rexnord Corporation Common Stock,NYSE,N,active,2026-07-11,2026-10-08
RS,"Reliance, Inc. Common Stock",NYSE,N,active,2026-07-11,2026-10-08
RSF,RiverNorth Capital and Income Fund Common Stock,NYSE,N,active,2026-07-11,2026-10-08
RSG,"Republic Services, Inc. Common Stock",NYSE,N,active,2026-07-11,2026-10-08
RSI,"Rush Street Interactive, Inc. Class A Common Stock",NYSE,N,active,2026-07-11,2026-10-08
RSKD,Riskified Ltd. Class A Ordinary Shares,NYSE,N,active,2026-07-11,2026-10-08
RSSS,"Research Solutions, Inc - Common Stock",NASDAQ,N,active,2026-07-11,2026-10-08
RSVR,"Reservoir Media, Inc.. - Common Stock",NASDAQ,N,active,2026-07-11,2026-10-08
RTAC,Renatus Tactical Acquisition Corp I - Class A Ordinary Shares,NASDAQ,D,active,2026-07-11,2026-10-08
RTB,"RTB Digital, Inc. - Common Stock",NASDAQ,N,active,2026-07-11,2026-10-08
RTH,VanEck Retail ETF,NASDAQ,N,active,2026-07-11,2026-10-08
RTO,Rentokil Initial plc American Depositary Shares (each representing five (5) Ordinary Shares),NYSE,N,active,2026-07-11,2026-10-08
RTX,RTX Corporation Common Stock,NYSE,N,active,2026-07-11,2026-10-08
RTXG,Leverage Shares 2X Long RTX Daily ETF,NASDAQ,N,active,2026-07-11,2026-10-08
RTYY,GraniteShares YieldBoost RIOT ETF,NASDAQ,N,active,2026-07-11,2026-10-08
RUBI,Rubico Inc. - Common Stock,NASDAQ,N,active,2026-07-11,2026-10-08
RUM,RUM Group Inc. - Class A Common Stock,NASDAQ,N,active,2026-07-11,2026-10-08
RUN,Sunrun Inc. - Common Stock,NASDAQ,N,active,2026-07-11,2026-10-08
RUNN,Running Oak Efficient Growth ETF,NASDAQ,N,active,2026-07-11,2026-10-08
RUSC,Russell Investments U.S. Small Cap Equity ETF,NASDAQ,N,active,2026-07-11,2026-10-08
RUSHA,"Rush Enterprises, Inc. - Class A Common Stock",NASDAQ,N,active,2026-07-11,2026-10-08
RUSHB,"Rush Enterprises, Inc. - Class B Common Stock",NASDAQ,N,active,2026-07-11,2026-10-08
RVI,Robinhood Ventures Fund I Common Shares of Beneficial Interest,NYSE,N,active,2026-07-11,2026-10-08
RVLV,"Revolve Group, Inc. Class A Common Stock",NYSE,N,active,2026-07-11,2026-10-08
RVMD,"Revolution Medicines, Inc. - Common Stock",NASDAQ,N,active,2026-07-11,2026-10-08
RVNL,GraniteShares 2x Long RIVN Daily ETF,NASDAQ,N,active,2026-07-11,2026-10-08
RVP,"Retractable Technologies, Inc. Common Stock",NYSE American,N,active,2026-07-11,2026-10-08
RVSB,Riverview Bancorp Inc - Common Stock,NASDAQ,N,active,2026-07-11,2026-10-08
RVSN,Rail Vision Ltd. - Ordinary Shares,NASDAQ,N,active,2026-07-11,2026-10-08
RVT,"Royce Small-Cap Trust, Inc. Common Stock",NYSE,N,active,2026-07-11,2026-10-08
RVTY,"Revvity, Inc. Common Stock",NYSE,N,active,2026-07-11,2026-10-08
RWAY,Runway Growth Finance Corp. - Common Stock,NASDAQ,N,active,2026-07-11,2026-10-08
RWIN,Rayliant NxtGen Multifactor International Equity ETF,NASDAQ,N,active,2026-07-11,2026-10-08
RWT,"Redwood Trust, Inc. Common Stock",NYSE,N,active,2026-07-11,2026-10-08
RXO,"RXO, Inc. Common Stock",NYSE,N,active,2026-07-11,2026-10-08
RXRX,"Recursion Pharmaceuticals, Inc. - Class A Common Stock",NASDAQ,N,active,2026-07-11,2026-10-08
RXST,"RxSight, Inc. - Common Stock",NASDAQ,N,active,2026-07-11,2026-10-08
RXT,"Rackspace Technology, Inc. - Common Stock",NASDAQ,N,active,2026-07-11,2026-10-08
RY,Royal Bank Of Canada Common Stock,NYSE,N,active,2026-07-11,2026-10-08
RYAAY,"Ryanair Holdings plc - American Depositary Shares, each representing five Ordinary Shares",NASDAQ,N,active,2026-07-11,2026-10-08
RYAM,Rayonier Advanced Materials Inc. Common Stock,NYSE,N,active,2026-07-11,2026-10-08
RYAN,"Ryan Specialty Holdings, Inc. Class A Common Stock",NYSE,N,active,2026-07-11,2026-10-08
RYDE,Ryde Group Ltd. Class A Ordinary Shares,NYSE American,N,active,2026-07-11,2026-10-08
RYET,Ruanyun Edai Technology Inc. - Ordinary shares,NASDAQ,N,active,2026-07-11,2026-10-08
RYM,"RYTHM, Inc. - Common Stock",NASDAQ,N,active,2026-07-11,2026-10-08
RYN,Rayonier Inc. REIT Common Stock,NYSE,N,active,2026-07-11,2026-10-08
RYOJ,"rYojbaba Co., Ltd. - Common Shares",NASDAQ,N,active,2026-07-11,2026-10-08
RYTM,"Rhythm Pharmaceuticals, Inc. - Common Stock",NASDAQ,N,active,2026-07-11,2026-10-08
RYZ,Ryerson Holding Corporation Common Stock,NYSE,N,active,2026-07-11,2026-10-08
RZLT,"Rezolute, Inc. - Common Stock (NV)",NASDAQ,N,active,2026-07-11,2026-10-08
RZLV,Rezolve AI PLC - Ordinary Shares,NASDAQ,N,active,2026-07-11,2026-10-08
S,"SentinelOne, Inc. Class A Common Stock",NYSE,N,active,2026-07-11,2026-10-08
SA,"Seabridge Gold, Inc. Common Shares New",NYSE,N,active,2026-07-11,2026-10-08
SAAQ,Space Asset Acquisition Corp. - Class A Ordinary Shares,NASDAQ,N,active,2026-07-11,2026-10-08
SABA,Saba Capital Income & Opportunities Fund II Shares of Beneficial Interest,NYSE,N,active,2026-07-11,2026-10-08
SABR,Sabre Corporation - Common Stock,NASDAQ,N,active,2026-07-11,2026-10-08
SABS,"SAB Biotherapeutics, Inc. - Common Stock",NASDAQ,N,active,2026-07-11,2026-10-08
SAC,Safeguard Acquisition Corp. Class A Ordinary Shares,NYSE,N,active,2026-07-11,2026-10-08
SACH,Sachem Capital Corp. Common Shares,NYSE American,N,active,2026-07-11,2026-10-08
SAFE,Safehold Inc. New Common Stock ,NYSE,N,active,2026-07-11,2026-10-08
SAFT,"Safety Insurance Group, Inc. - Common Stock",NASDAQ,N,active,2026-07-11,2026-10-08
SAFX,"XCF Global, Inc. - Class A Common Stock",NASDAQ,D,active,2026-07-11,2026-10-08
SAGT,SAGTEC GLOBAL LIMITED - Class A Ordinary shares,NASDAQ,D,active,2026-07-11,2026-10-08
SAGU,Shreya Acquisition Group Class A Ordinary Shares,NYSE,N,active,2026-07-11,2026-10-08
SAH,"Sonic Automotive, Inc. Common Stock",NYSE,N,active,2026-07-11,2026-10-08
SAIA,"Saia, Inc. - Common Stock",NASDAQ,N,active,2026-07-11,2026-10-08
SAIC,Science Applications International Corporation - Common Stock,NASDAQ,N,active,2026-07-11,2026-10-08
SAIH,SAIHEAT Limited - Class A Ordinary Shares,NASDAQ,N,active,2026-07-11,2026-10-08
SAIL,"SailPoint, Inc. - Common Stock",NASDAQ,N,active,2026-07-11,2026-10-08
SAM,"Boston Beer Company, Inc. (The) Common Stock",NYSE,N,active,2026-07-11,2026-10-08
SAMG,Silvercrest Asset Management Group Inc. - Common Stock,NASDAQ,N,active,2026-07-11,2026-10-08
SAN,"Banco Santander, S.A. Sponsored ADR (Spain)",NYSE,N,active,2026-07-11,2026-10-08
SANA,"Sana Biotechnology, Inc. - Common Stock",NASDAQ,N,active,2026-07-11,2026-10-08
SANG,Sangoma Technologies Corporation - Common Shares,NASDAQ,N,active,2026-07-11,2026-10-08
SANM,Sanmina Corporation - Common Stock,NASDAQ,N,active,2026-07-11,2026-10-08
SAP,SAP  SE ADS,NYSE,N,active,2026-07-11,2026-10-08
SAR,Saratoga Investment Corp New,NYSE,N,active,2026-07-11,2026-10-08
SARK,Tradr 1X Short Innovation Daily ETF,NASDAQ,N,active,2026-07-11,2026-10-08
SARO,"StandardAero, Inc. Common Stock",NYSE,N,active,2026-07-11,2026-10-08
SATL,Satellogic Inc. - Class A Common Stock,NASDAQ,N,active,2026-07-11,2026-10-08
SB,"Safe Bulkers, Inc Common Stock ($0.001 par value)",NYSE,N,active,2026-07-11,2026-10-08
SBAC,SBA Communications Corporation - Class A Common Stock,NASDAQ,N,active,2026-07-11,2026-10-08
SBC,SBC Medical Group Holdings Incorporated - Common Stock,NASDAQ,D,active,2026-07-11,2026-10-08
SBCF,Seacoast Banking Corporation of Florida - Common Stock,NASDAQ,N,active,2026-07-11,2026-10-08
SBET,"Sharplink, Inc. - Common Stock",NASDAQ,N,active,2026-07-11,2026-10-08
SBEV,"Splash Beverage Group, Inc. (NV) Common Stock",NYSE American,N,removed,2026-07-11,2026-08-21
SBFG,"SB Financial Group, Inc. - Common Stock",NASDAQ,N,active,2026-07-11,2026-10-08
SBFM,Sunshine Biopharma Inc. - Common stock,NASDAQ,N,active,2026-07-11,2026-10-08
SBGI,"Sinclair, Inc. - Class A Common Stock",NASDAQ,N,active,2026-07-11,2026-10-08
SBH,"Sally Beauty Holdings, Inc. (Name to be changed from Sally Holdings, Inc.) Common Stock",NYSE,N,active,2026-07-11,2026-10-08
SBI,Western Asset Intermediate Muni Fund Inc Common Stock,NYSE,N,active,2026-07-11,2026-10-08
SBLK,Star Bulk Carriers Corp. - Common Shares,NASDAQ,N,active,2026-07-11,2026-10-08
SBMT,Silver Bow Mining Corp. Common Shares,NYSE American,N,active,2026-07-11,2026-10-08
SBR,Sabine Royalty Trust Common Stock,NYSE,N,active,2026-07-11,2026-10-08
SBRA,"Sabra Health Care REIT, Inc. - Common Stock",NASDAQ,N,active,2026-07-11,2026-10-08
SBS,Companhia de saneamento Basico Do Estado De Sao Paulo - Sabesp American Depositary Shares (Each repstg 250 Common Shares),NYSE,N,active,2026-07-11,2026-10-08
SBSI,"Southside Bancshares, Inc. Common Stock",NYSE,N,active,2026-07-11,2026-10-08
SBSW,D/B/A Sibanye-Stillwater Limited ADS,NYSE,N,active,2026-07-11,2026-10-08
SBU,Leverage Shares 2X Long SBUX Daily ETF,NASDAQ,N,removed,2026-07-11,2026-07-28
SBUX,Starbucks Corporation - Common Stock,NASDAQ,N,active,2026-07-11,2026-10-08
SBXD,SilverBox Corp IV Class A Ordinary Shares,NYSE,N,removed,2026-07-11,2026-09-26
SBXE,SilverBox Corp V Class A Ordinary Shares,NYSE,N,active,2026-07-11,2026-10-08
SCA,GraniteShares Autocallable SMCI ETF,NASDAQ,N,active,2026-07-11,2026-10-08
SCAG,Scage Future - American Depositary Shares,NASDAQ,D,active,2026-07-11,2026-10-08
SCCO,Southern Copper Corporation Common Stock,NYSE,N,active,2026-07-11,2026-10-08
SCD,LMP Capital and Income Fund Inc. Common Stock,NYSE,N,active,2026-07-11,2026-10-08
SCDS,JPMorgan Fundamental Data Science Small Core ETF,NASDAQ,N,active,2026-07-11,2026-10-08
SCE$L,SCE TRUST VI,NYSE,N,active,2026-07-11,2026-10-08
SCE$M,SCE Trust VII 7.50% Trust Preference Securities,NYSE,N,active,2026-07-11,2026-10-08
SCE$N,SCE Trust VIII 6.95% Trust Preference Securities,NYSE,N,active,2026-07-11,2026-10-08
SCHL,Scholastic Corporation - Common Stock,NASDAQ,N,active,2026-07-11,2026-10-08
SCHW,Charles Schwab Corporation (The) Common Stock,NYSE,N,active,2026-07-11,2026-10-08
SCI,Service Corporation International Common Stock,NYSE,N,active,2026-07-11,2026-10-08
SCII,SC II Acquisition Corp. - Class A ordinary share,NASDAQ,N,active,2026-07-11,2026-10-08
SCKT,"Socket Mobile, Inc. - Common Stock",NASDAQ,D,active,2026-07-11,2026-10-08
SCL,Stepan Company Common Stock,NYSE,N,active,2026-07-11,2026-10-08
SCLX,Scilex Holding Company - Common Stock,NASDAQ,N,active,2026-07-11,2026-10-08
SCM,Stellus Capital Investment Corporation Common Stock,NYSE,N,active,2026-07-11,2026-10-08
SCNI,Scinai Immunotherapeutics Ltd. - American Depositary Shares,NASDAQ,N,active,2026-07-11,2026-10-08
SCNX,"Scienture Holdings, Inc. - Common Stock",NASDAQ,D,active,2026-07-11,2026-10-08
SCOR,"comScore, Inc. - Common Stock",NASDAQ,N,active,2026-07-11,2026-10-08
SCPQ,Social Commerce Partners Corporation - Class A Ordinary Shares,NASDAQ,N,active,2026-07-11,2026-10-08
SCSC,"ScanSource, Inc. - Common Stock",NASDAQ,N,active,2026-07-11,2026-10-08
SCWO,374Water Inc. - common stock,NASDAQ,N,active,2026-07-11,2026-10-08
SCYX,"SCYNEXIS, Inc. - Common Stock",NASDAQ,N,active,2026-07-11,2026-10-08
SCZ,iShares MSCI EAFE Small-Cap ETF,NASDAQ,N,active,2026-07-11,2026-10-08
SCZM,Santacruz Silver Mining Ltd. - Common Shares,NASDAQ,N,active,2026-07-11,2026-10-08
SD,"SandRidge Energy, Inc. Common Stock",NYSE,N,active,2026-07-11,2026-10-08
SDA,SunCar Technology Group Inc. - Ordinary Shares,NASDAQ,D,active,2026-07-11,2026-10-08
SDEV,Stablecoin Development Corporation Common Stock,NYSE American,N,active,2026-07-11,2026-10-08
SDG,iShares MSCI Global Sustainable Development Goals ETF,NASDAQ,N,active,2026-07-11,2026-10-08
SDGR,"Schrodinger, Inc. - Common Stock",NASDAQ,N,active,2026-07-11,2026-10-08
SDHC,Smith Douglas Homes Corp. Class A Common Stock,NYSE,N,active,2026-07-11,2026-10-08
SDHI,Siddhi Acquisition Corp - Class A Common stock,NASDAQ,N,active,2026-07-11,2026-10-08
SDHY,PGIM Short Duration High Yield Opportunities Fund Common Shares,NYSE,N,active,2026-07-11,2026-10-08
SDOT,Sadot Group Inc. - Common Stock,NASDAQ,N,active,2026-07-11,2026-10-08
SDRL,Seadrill Limited Common Shares,NYSE,N,active,2026-07-11,2026-10-08
SDSI,American Century Short Duration Strategic Income ETF,NASDAQ,N,active,2026-07-11,2026-10-08
SDST,Stardust Power Inc. - Common Stock,NASDAQ,D,active,2026-07-11,2026-10-08
SDTY,YieldMax S&P 500 0DTE Covered Call Strategy ETF,NASDAQ,N,active,2026-07-11,2026-10-08
SDVY,First Trust SMID Cap Rising Dividend Achievers ETF,NASDAQ,N,active,2026-07-11,2026-10-08
SE,"Sea Limited American Depositary Shares, each representing one Class A Ordinary Share",NYSE,N,active,2026-07-11,2026-10-08
SEAT,Vivid Seats Inc. - Class A common stock,NASDAQ,N,active,2026-07-11,2026-10-08
SEB,Seaboard Corporation Common Stock,NYSE American,N,active,2026-07-11,2026-10-08
SECZ,Securitize Corp. Common Stock,NYSE,N,active,2026-07-11,2026-10-08
SEDG,"SolarEdge Technologies, Inc. - Common Stock",NASDAQ,N,active,2026-07-11,2026-10-08
SEED,Origin Agritech Limited - Ordinary Shares,NASDAQ,N,active,2026-07-11,2026-10-08
SEEM,SEI Select Emerging Markets Equity ETF,NASDAQ,N,active,2026-07-11,2026-10-08
SEER,"Seer, Inc. - Class A Common Stock",NASDAQ,N,active,2026-07-11,2026-10-08
SEG,Seaport Entertainment Group Inc. Common Stock,NYSE,N,active,2026-07-11,2026-10-08
SEGG,Sports Entertainment Gaming Global Corporation  - Common Stock,NASDAQ,E,active,2026-07-11,2026-10-08
SEI,"Solaris Energy Infrastructure, Inc. Class A Common Stock",NYSE,N,active,2026-07-11,2026-10-08
SEIC,SEI Investments Company - Common Stock,NASDAQ,N,active,2026-07-11,2026-10-08
SEIE,SEI Select International Equity ETF,NASDAQ,N,active,2026-07-11,2026-10-08
SEIS,SEI Select Small Cap ETF,NASDAQ,N,active,2026-07-11,2026-10-08
SELF,"Global Self Storage, Inc. - Common Stock",NASDAQ,N,active,2026-07-11,2026-10-08
SEMY,GraniteShares YieldBOOST Semiconductor ETF,NASDAQ,N,active,2026-07-11,2026-10-08
SENEA,Seneca Foods Corp. - Class A Common Stock,NASDAQ,N,active,2026-07-11,2026-10-08
SENEB,Seneca Foods Corp. - Class B Common Stock,NASDAQ,N,active,2026-07-11,2026-10-08
SENS,"Senseonics Holdings, Inc. - Common Stock",NASDAQ,N,active,2026-07-11,2026-10-08
SEPN,"Septerna, Inc. - Common Stock",NASDAQ,N,active,2026-07-11,2026-10-08
SER,"Serina Therapeutics, Inc. Common Stock",NYSE American,N,active,2026-07-11,2026-10-08
SERA,"Sera Prognostics, Inc. - Class A Common Stock",NASDAQ,N,active,2026-07-11,2026-10-08
SERV,Serve Robotics Inc. - Common Stock,NASDAQ,N,active,2026-07-11,2026-10-08
SES,SES AI Corporation Class A Common Stock,NYSE,N,active,2026-07-11,2026-10-08
SETM,Sprott Critical Materials ETF,NASDAQ,N,active,2026-07-11,2026-10-08
SEV,Aptera Motors Corp. - Class B Common Stock,NASDAQ,N,active,2026-07-11,2026-10-08
SEVN,Seven Hills Realty Trust  - Common Stock,NASDAQ,N,active,2026-07-11,2026-10-08
SEZL,Sezzle Inc. - Common Stock,NASDAQ,N,active,2026-07-11,2026-10-08
SF,Stifel Financial Corporation Common Stock,NYSE,N,active,2026-07-11,2026-10-08
SFBC,"Sound Financial Bancorp, Inc. - Common Stock",NASDAQ,N,active,2026-07-11,2026-10-08
SFBS,"ServisFirst Bancshares, Inc. Common Stock",NYSE,N,active,2026-07-11,2026-10-08
SFD,"Smithfield Foods, Inc. - Common Stock",NASDAQ,N,active,2026-07-11,2026-10-08
SFHG,Samfine Creation Holdings Group Limited - Class A Ordinary Share,NASDAQ,N,active,2026-07-11,2026-10-08
SFIX,"Stitch Fix, Inc. - Class A Common Stock",NASDAQ,N,active,2026-07-11,2026-10-08
SFL,SFL Corporation Ltd,NYSE,N,active,2026-07-11,2026-10-08
SFLO,VictoryShares Small Cap Free Cash Flow ETF,NASDAQ,N,active,2026-07-11,2026-10-08
SFM,"Sprouts Farmers Market, Inc. - Common Stock",NASDAQ,N,active,2026-07-11,2026-10-08
SFNC,Simmons First National Corporation - Common Stock,NASDAQ,N,active,2026-07-11,2026-10-08
SFST,"Southern First Bancshares, Inc. - Common Stock",NASDAQ,N,active,2026-07-11,2026-10-08
SFWL,Shengfeng Development Limited - Class A Ordinary Shares,NASDAQ,N,active,2026-07-11,2026-10-08
SG,"Sweetgreen, Inc. Class A Common Stock",NYSE,N,active,2026-07-11,2026-10-08
SGA,"Saga Communications, Inc. - Class A Common Stock",NASDAQ,N,active,2026-07-11,2026-10-08
SGC,"Superior Group of Companies, Inc. - Common Stock",NASDAQ,N,active,2026-07-11,2026-10-08
SGHC,Super Group (SGHC) Limited Ordinary Shares,NYSE,N,active,2026-07-11,2026-10-08
SGHT,"Sight Sciences, Inc. - Common Stock",NASDAQ,N,active,2026-07-11,2026-10-08
SGI,Somnigroup International Inc. Common Stock,NYSE,N,active,2026-07-11,2026-10-08
SGLY,Singularity Future Technology Ltd. - Common Stock,NASDAQ,N,active,2026-07-11,2026-10-08
SGML,Sigma Lithium Corporation - common shares,NASDAQ,N,active,2026-07-11,2026-10-08
SGMT,Sagimet Biosciences Inc. - Series A Common Stock,NASDAQ,N,active,2026-07-11,2026-10-08
SGOV,iShares 0-3 Month Treasury Bond ETF,NYSE,N,active,2026-07-11,2026-10-08
SGP,"SpyGlass Pharma, Inc. - Common Stock",NASDAQ,N,active,2026-07-11,2026-10-08
SGRP,"SPAR Group, Inc. - Common Stock",NASDAQ,D,removed,2026-07-11,2026-07-22
SGRY,"Surgery Partners, Inc. - Common Stock",NASDAQ,N,active,2026-07-11,2026-10-08
SGU,Star Group L.P. Common Stock,NYSE,N,active,2026-07-11,2026-10-08
SGVA,F/m Accumulator Ultrashort Treasury Fund,NASDAQ,N,active,2026-07-11,2026-10-08
SHAK,"Shake Shack, Inc. Class A Common Stock",NYSE,N,active,2026-07-11,2026-10-08
SHAZ,"SharonAI Holdings, Inc. - Class A Common Stock",NASDAQ,N,active,2026-07-11,2026-10-08
SHBI,"Shore Bancshares, Inc. - Common Stock",NASDAQ,N,active,2026-07-11,2026-10-08
SHC,Sotera Health Company - Common Stock,NASDAQ,N,active,2026-07-11,2026-10-08
SHEL,Shell PLC American Depositary Shares (each representing two (2) Ordinary Shares) ,NYSE,N,active,2026-07-11,2026-10-08
SHEN,Shenandoah Telecommunications Co - Common Stock,NASDAQ,N,active,2026-07-11,2026-10-08
SHFS,"SHF Holdings, Inc. - Class A Common Stock",NASDAQ,D,active,2026-07-11,2026-10-08
SHG,Shinhan Financial Group Co Ltd American Depositary Shares,NYSE,N,active,2026-07-11,2026-10-08
SHIM,Shimmick Corporation - Common Stock,NASDAQ,N,active,2026-07-11,2026-10-08
SHIP,Seanergy Maritime Holdings Corp. - Common Stock,NASDAQ,N,active,2026-07-11,2026-10-08
SHLS,"Shoals Technologies Group, Inc. - Class A Common Stock",NASDAQ,N,active,2026-07-11,2026-10-08
SHMD,SCHMID Group N.V. - Class A Ordinary Shares,NASDAQ,N,active,2026-07-11,2026-10-08
SHO,"Sunstone Hotel Investors, Inc. Sunstone Hotel Investors, Inc. Common Shares",NYSE,N,active,2026-07-11,2026-10-08
SHOC,Strive U.S. Semiconductor ETF,NYSE,N,active,2026-07-11,2026-10-08
SHOE,"Shoe Station Group, Inc. - Common Stock",NASDAQ,N,active,2026-07-11,2026-10-08
SHOO,"Steven Madden, Ltd. - Common Stock",NASDAQ,N,active,2026-07-11,2026-10-08
SHOP,Shopify Inc. - Class A Subordinate Voting Shares,NASDAQ,N,active,2026-07-11,2026-10-08
SHPH,"Shuttle Pharmaceuticals Holdings, Inc. - common stock",NASDAQ,N,active,2026-07-11,2026-10-08
SHPU,Direxion Daily SHOP Bull 2X ETF,NASDAQ,N,active,2026-07-11,2026-10-08
SHRY,First Trust Bloomberg Shareholder Yield ETF,NASDAQ,N,active,2026-07-11,2026-10-08
SHV,iShares 0-1 Year Treasury Bond ETF,NYSE,N,active,2026-07-11,2026-10-08
SHW,Sherwin-Williams Company (The) Common Stock,NYSE,N,active,2026-07-11,2026-10-08
SHY,iShares 1-3 Year Treasury Bond ETF,NASDAQ,N,active,2026-07-11,2026-10-08
SI,"Shoulder Innovations, Inc. Common Stock",NYSE,N,active,2026-07-11,2026-10-08
SIBN,"SI-BONE, Inc. - Common Stock",NASDAQ,N,active,2026-07-11,2026-10-08
SID,Companhia Siderurgica Nacional S.A. Common Stock,NYSE,N,active,2026-07-11,2026-10-08
SIDU,"Sidus Space, Inc. - Class A Common Stock",NASDAQ,N,active,2026-07-11,2026-10-08
SIEB,Siebert Financial Corp. - Common Stock,NASDAQ,N,active,2026-07-11,2026-10-08
SIF,"SIFCO Industries, Inc. Common Stock",NYSE American,N,active,2026-07-11,2026-10-08
SIFY,Sify Technologies Limited - American Depository Shares,NASDAQ,N,active,2026-07-11,2026-10-08
SIG,Signet Jewelers Limited Common Shares,NYSE,N,active,2026-07-11,2026-10-08
SIGA,SIGA Technologies Inc. - Common Stock,NASDAQ,N,active,2026-07-11,2026-10-08
SIGI,"Selective Insurance Group, Inc. - Common Stock",NASDAQ,N,active,2026-07-11,2026-10-08
SII,Sprott Inc. Common Shares,NYSE,N,active,2026-07-11,2026-10-08
SILC,Silicom Ltd - Ordinary Shares,NASDAQ,N,active,2026-07-11,2026-10-08
SILO,"Silo Pharma, Inc. - Common Stock",NASDAQ,N,active,2026-07-11,2026-10-08
SIM,"Grupo Simec, S.A.B. de C.V. American Depositary Shares",NYSE American,N,active,2026-07-11,2026-10-08
SIMA,SIM Acquisition Corp. I - Class A Ordinary Shares,NASDAQ,N,active,2026-07-11,2026-10-08
SIMO,"Silicon Motion Technology Corporation - American Depositary Shares, each representing four ordinary shares",NASDAQ,N,active,2026-07-11,2026-10-08
SIND,Sinda Ltd. Common Stock,NYSE,N,active,2026-07-11,2026-10-08
SINT,"SiNtx Technologies, Inc. - Common Stock",NASDAQ,N,active,2026-07-11,2026-10-08
SION,"Sionna Therapeutics, Inc. - Common Stock",NASDAQ,N,active,2026-07-11,2026-10-08
SIRI,SiriusXM Holdings Inc. - Common Stock,NASDAQ,N,active,2026-07-11,2026-10-08
SITC,SITE Centers Corp. Common Stock,NYSE,N,active,2026-07-11,2026-10-08
SITE,"SiteOne Landscape Supply, Inc. Common Stock",NYSE,N,active,2026-07-11,2026-10-08
SITM,SiTime Corporation - Common Stock,NASDAQ,N,active,2026-07-11,2026-10-08
SJ,Scienjoy Holding Corporation - Class A Ordinary Shares,NASDAQ,N,active,2026-07-11,2026-10-08
SJCP,SanJac Alpha Core Plus Bond ETF,NASDAQ,N,active,2026-07-11,2026-10-08
SJLD,SanJac Alpha Low Duration ETF,NASDAQ,N,active,2026-07-11,2026-10-08
SJM,The J.M. Smucker Company Common Stock,NYSE,N,active,2026-07-11,2026-10-08
SJT,San Juan Basin Royalty Trust Common Stock,NYSE,N,active,2026-07-11,2026-10-08
SKE,Skeena Resources Limited Common Shares,NYSE,N,active,2026-07-11,2026-10-08
SKHYV,SK hynix Inc. - American Depository Shares,NASDAQ,N,removed,2026-07-11,2026-07-12
SKIL,Skillsoft Corp. Class A Common Stock,NYSE,N,active,2026-07-11,2026-10-08
SKIN,SkinHealth Systems Inc. - Class A Common Stock,NASDAQ,D,active,2026-07-11,2026-10-08
SKK,SKK Holdings Limited - Class A Ordinary Shares,NASDAQ,N,active,2026-07-11,2026-10-08
SKM,"SK Telecom Co., Ltd. Common Stock",NYSE,N,active,2026-07-11,2026-10-08
SKOR,FlexShares Credit-Scored US Corporate Bond Index Fund,NASDAQ,N,active,2026-07-11,2026-10-08
SKRE,Tuttle Capital Daily 2X Inverse Regional Banks ETF,NASDAQ,N,active,2026-07-11,2026-10-08
SKT,Tanger Inc. Common Stock,NYSE,N,active,2026-07-11,2026-10-08
SKWD,"Skyward Specialty Insurance Group, Inc. - Common Stock",NASDAQ,N,active,2026-07-11,2026-10-08
SKY,"Champion Homes, Inc. Common Stock",NYSE,N,active,2026-07-11,2026-10-08
SKYA,"SkyAI, Inc. - Common Stock",NASDAQ,N,active,2026-07-11,2026-10-08
SKYE,"Skye Bioscience, Inc. - Common Stock",NASDAQ,D,active,2026-07-11,2026-10-08
SKYH,Sky Harbour Group Corporation Class A Common Stock,NYSE,N,active,2026-07-11,2026-10-08
SKYQ,Sky Quarry Inc. - Common Stock,NASDAQ,N,active,2026-07-11,2026-10-08
SKYT,"SkyWater Technology, Inc. - Common Stock",NASDAQ,N,removed,2026-07-11,2026-07-31
SKYU,ProShares Ultra Cloud Computing,NASDAQ,N,active,2026-07-11,2026-10-08
SKYW,"SkyWest, Inc. - Common Stock",NASDAQ,N,active,2026-07-11,2026-10-08
SKYX,SKYX Platforms Corp. - Common Stock,NASDAQ,N,active,2026-07-11,2026-10-08
SKYY,First Trust Cloud Computing ETF,NASDAQ,N,active,2026-07-11,2026-10-08
SLAB,"Silicon Laboratories, Inc. - Common Stock",NASDAQ,N,active,2026-07-11,2026-10-08
SLAI,SOLAI Limited American Depositary Shares (each representing seven hundred (700) Class A Ordinary Shares),NYSE,N,removed,2026-07-11,2026-07-16
SLB,SLB Limited Common Shares,NYSE,N,active,2026-07-11,2026-10-08
SLBT,SL Science Holding Limited - Ordinary Shares,NASDAQ,N,active,2026-07-11,2026-10-08
SLDB,Solid Biosciences Inc. - Common Stock,NASDAQ,N,active,2026-07-11,2026-10-08
SLDE,"Slide Insurance Holdings, Inc. - Common Stock",NASDAQ,N,active,2026-07-11,2026-10-08
SLDP,"Solid Power, Inc. - Class A Common Stock",NASDAQ,N,active,2026-07-11,2026-10-08
SLE,"Super League Enterprise, Inc. - Common Stock",NASDAQ,N,active,2026-07-11,2026-10-08
SLF,Sun Life Financial Inc. Common Stock,NYSE,N,active,2026-07-11,2026-10-08
SLG,SL Green Realty Corp Common Stock,NYSE,N,active,2026-07-11,2026-10-08
SLGB,Smart Logistics Global Limited - Class A Ordinary Shares,NASDAQ,D,active,2026-07-11,2026-10-08
SLGL,Sol-Gel Technologies Ltd. - Ordinary Shares,NASDAQ,N,active,2026-07-11,2026-10-08
SLGN,Silgan Holdings Inc. Common Stock,NYSE,N,active,2026-07-11,2026-10-08
SLI,Standard Lithium Ltd. Common Shares,NYSE American,N,active,2026-07-11,2026-10-08
SLM,SLM Corporation - Common Stock,NASDAQ,N,active,2026-07-11,2026-10-08
SLMT,Brera Holdings PLC - Class B Ordinary Shares,NASDAQ,N,active,2026-07-11,2026-10-08
SLN,Silence Therapeutics Plc - American Depository Share,NASDAQ,N,active,2026-07-11,2026-10-08
SLND,"Southland Holdings, Inc. Common Stock",NYSE American,N,active,2026-07-11,2026-10-08
SLNG,"Stabilis Solutions, Inc. - Common Stock",NASDAQ,N,active,2026-07-11,2026-10-08
SLNH,"Soluna Holdings, Inc. - Common Stock",NASDAQ,N,active,2026-07-11,2026-10-08
SLNZ,TCW Senior Loan ETF,NYSE,N,active,2026-07-11,2026-10-08
SLP,"Simulations Plus, Inc. - Common Stock",NASDAQ,N,removed,2026-07-11,2026-10-07
SLQD,iShares 0-5 Year Investment Grade Corporate Bond ETF,NASDAQ,N,active,2026-07-11,2026-10-08
SLQT,"SelectQuote, Inc. Common Stock",NYSE,N,active,2026-07-11,2026-10-08
SLRC,SLR Investment Corp. - Closed End Fund,NASDAQ,N,active,2026-07-11,2026-10-08
SLS,"SELLAS Life Sciences Group, Inc.  - Common Stock",NASDAQ,N,active,2026-07-11,2026-10-08
SLSN,"Solesence, Inc. - Common stock",NASDAQ,D,active,2026-07-11,2026-10-08
SLSR,Solaris Resources Inc. Common Shares,NYSE American,N,active,2026-07-11,2026-10-08
SLVM,Sylvamo Corporation Common Stock,NYSE,N,active,2026-07-11,2026-10-08
SLVO,"ETRACS Silver Shares Covered Call ETNs due April 21, 2033",NASDAQ,N,active,2026-07-11,2026-10-08
SLVR,Sprott Silver Miners & Physical Silver ETF,NASDAQ,N,active,2026-07-11,2026-10-08
SLXN,Silexion Therapeutics Corp - Ordinary Shares,NASDAQ,D,active,2026-07-11,2026-10-08
SM,SM Energy Company Common Stock,NYSE,N,active,2026-07-11,2026-10-08
SMA,"SmartStop Self Storage REIT, Inc. Common Stock",NYSE,N,active,2026-07-11,2026-10-08
SMBC,"Southern Missouri Bancorp, Inc. - Common Stock",NASDAQ,N,active,2026-07-11,2026-10-08
SMBK,"SmartFinancial, Inc. Common Stock",NYSE,N,active,2026-07-11,2026-10-08
SMC,Summit Midstream Corporation Common Stock,NYSE,N,active,2026-07-11,2026-10-08
SMCF,Themes US Small Cap Cash Flow Champions ETF,NASDAQ,N,removed,2026-07-11,2026-09-22
SMCI,"Super Micro Computer, Inc. - Common Stock",NASDAQ,N,active,2026-07-11,2026-10-08
SMCL,GraniteShares 2x Long SMCI Daily ETF,NASDAQ,N,active,2026-07-11,2026-10-08
SMCO,Hilton Small-MidCap Opportunity ETF,NASDAQ,N,active,2026-07-11,2026-10-08
SMCX,Defiance Daily Target 2X Long SMCI ETF,NASDAQ,N,active,2026-07-11,2026-10-08
SMCZ,Defiance Daily Target 2X Short SMCI ETF,NASDAQ,N,active,2026-07-11,2026-10-08
SMFG,Sumitomo Mitsui Financial Group Inc Unsponsored American Depositary Shares (Japan),NYSE,N,active,2026-07-11,2026-10-08
SMG,Scotts Miracle-Gro Company (The) Common Stock,NYSE,N,active,2026-07-11,2026-10-08
SMH,VanEck Semiconductor ETF,NASDAQ,N,active,2026-07-11,2026-10-08
SMHC,VanEck China Semiconductor ETF,NASDAQ,N,active,2026-07-11,2026-10-08
SMHI,SEACOR Marine Holdings Inc. Common Stock ,NYSE,N,active,2026-07-11,2026-10-08
SMHX,VanEck Fabless Semiconductor ETF,NASDAQ,N,active,2026-07-11,2026-10-08
SMID,Smith-Midland Corporation - Common Stock,NASDAQ,N,active,2026-07-11,2026-10-08
SMJF,SMJ International Holdings Inc. Class A Ordinary Shares,NYSE American,N,active,2026-07-11,2026-10-08
SMMT,Summit Therapeutics Inc.  - Common Stock,NASDAQ,N,active,2026-07-11,2026-10-08
SMOM,Symmetry Panoramic Sector Momentum ETF,NASDAQ,N,active,2026-07-11,2026-10-08
SMP,"Standard Motor Products, Inc. Common Stock",NYSE,N,active,2026-07-11,2026-10-08
SMPL,The Simply Good Foods Company - Common Stock,NASDAQ,N,active,2026-07-11,2026-10-08
SMR,NuScale Power Corporation Class A Common Stock,NYSE,N,active,2026-07-11,2026-10-08
SMRI,Bushido Capital US Equity ETF,NASDAQ,N,active,2026-07-11,2026-10-08
SMRT,"SmartRent, Inc. Class A Common Stock",NYSE,N,active,2026-07-11,2026-10-08
SMSI,"Smith Micro Software, Inc. - Common Stock",NASDAQ,N,active,2026-07-11,2026-10-08
SMST,Defiance Daily Target 2x Short MSTR ETF,NASDAQ,N,active,2026-07-11,2026-10-08
SMTC,Semtech Corporation - Common Stock,NASDAQ,N,active,2026-07-11,2026-10-08
SMTI,Sanara MedTech Inc. - Common Stock,NASDAQ,N,active,2026-07-11,2026-10-08
SMTK,"SmartKem, Inc. - Common Stock",NASDAQ,N,active,2026-07-11,2026-10-08
SMWB,Similarweb Ltd. Ordinary Shares,NYSE,N,active,2026-07-11,2026-10-08
SMX,SMX (Security Matters) Public Limited Company - Ordinary Shares,NASDAQ,N,active,2026-07-11,2026-10-08
SMXT,Solarmax Technology Inc. - Common Stock,NASDAQ,H,active,2026-07-11,2026-10-08
SMYY,GraniteShares YieldBOOST SMCI ETF,NASDAQ,N,active,2026-07-11,2026-10-08
SN,"SharkNinja, Inc. Ordinary Shares",NYSE,N,active,2026-07-11,2026-10-08
SNA,Snap-On Incorporated Common Stock,NYSE,N,active,2026-07-11,2026-10-08
SNAG,Leverage Shares 2x Long SNAP Daily ETF,NASDAQ,N,active,2026-07-11,2026-10-08
SNAL,"Snail, Inc. - Class A Common Stock",NASDAQ,D,active,2026-07-11,2026-10-08
SNAP,Snap Inc. Class A Common Stock,NYSE,N,active,2026-07-11,2026-10-08
SND,"Smart Sand, Inc. - Common Stock",NASDAQ,N,active,2026-07-11,2026-10-08
SNDA,"Sonida Senior Living, Inc. Common Stock",NYSE,N,active,2026-07-11,2026-10-08
SNDK,Sandisk Corporation - Common Stock When-Issued,NASDAQ,N,active,2026-07-11,2026-10-08
SNDL,SNDL Inc. - Common Shares,NASDAQ,N,active,2026-07-11,2026-10-08
SNDR,"Schneider National, Inc. Common Stock",NYSE,N,active,2026-07-11,2026-10-08
SNDX,"Syndax Pharmaceuticals, Inc. - Common Stock",NASDAQ,N,active,2026-07-11,2026-10-08
SNES,"SenesTech, Inc. - Common Stock",NASDAQ,N,active,2026-07-11,2026-10-08
SNEX,StoneX Group Inc. - Common Stock,NASDAQ,N,active,2026-07-11,2026-10-08
SNFCA,Security National Financial Corporation - Class A Common Stock,NASDAQ,N,active,2026-07-11,2026-10-08
SNGX,"Soligenix, Inc. - Common Stock",NASDAQ,D,active,2026-07-11,2026-10-08
SNN,"Smith & Nephew SNATS, Inc. Common Stock",NYSE,N,active,2026-07-11,2026-10-08
SNOA,"Sonoma Pharmaceuticals, Inc. - Common Stock",NASDAQ,N,active,2026-07-11,2026-10-08
SNOW,Snowflake Inc. Common Stock,NYSE,N,active,2026-07-11,2026-10-08
SNPS,"Synopsys, Inc. - Common Stock",NASDAQ,N,active,2026-07-11,2026-10-08
SNSR,Global X Internet of Things ETF,NASDAQ,N,active,2026-07-11,2026-10-08
SNT,Senstar Technologies Corporation - Common Shares,NASDAQ,N,active,2026-07-11,2026-10-08
SNTG,Sentage Holdings Inc. - Class A Ordinary Shares,NASDAQ,N,active,2026-07-11,2026-10-08
SNTI,"Senti Biosciences Holdings, Inc. - Common Stock",NASDAQ,D,active,2026-07-11,2026-10-08
SNWV,"SANUWAVE Health, Inc. - Common Stock",NASDAQ,D,active,2026-07-11,2026-10-08
SNX,TD SYNNEX Corporation Common Stock,NYSE,N,active,2026-07-11,2026-10-08
SNY,Sanofi - American Depositary Shares,NASDAQ,N,active,2026-07-11,2026-10-08
SNYR,Synergy CHC Corp. - Common Stock,NASDAQ,H,removed,2026-07-11,2026-09-17
SO,Southern Company (The) Common Stock,NYSE,N,active,2026-07-11,2026-10-08
SOAR,"Volato Group, Inc. Class A Common Stock",NYSE American,N,active,2026-07-11,2026-10-08
SOBO,South Bow Corporation Common Shares,NYSE,N,active,2026-07-11,2026-10-08
SOBR,"SOBR Safe, Inc. - Common Stock",NASDAQ,D,removed,2026-07-11,2026-09-15
SOC,Sable Offshore Corp. Common Stock,NYSE,N,active,2026-07-11,2026-10-08
SOCA,Solarius Capital Acquisition Corp. - Class A Ordinary Share,NASDAQ,N,active,2026-07-11,2026-10-08
SOCL,Global X Social Media ETF,NASDAQ,N,active,2026-07-11,2026-10-08
SOFA,Direxion Daily SOFI Bull 2X ETF,NASDAQ,N,active,2026-07-11,2026-10-08
SOFI,"SoFi Technologies, Inc.  - Common Stock",NASDAQ,N,active,2026-07-11,2026-10-08
SOFX,Defiance Daily Target 2X Long SOFI ETF,NASDAQ,N,active,2026-07-11,2026-10-08
SOGP,Sound Group Inc. - American Depositary Shares,NASDAQ,N,active,2026-07-11,2026-10-08
SOHU,Sohu.com Limited  - American Depositary Shares,NASDAQ,N,active,2026-07-11,2026-10-08
SOLC,Canary Marinade Solana ETF,NASDAQ,N,active,2026-07-11,2026-10-08
SOLS,Solstice Advanced Materials Inc. - Common Stock,NASDAQ,N,active,2026-07-11,2026-10-08
SOLT,2x Solana ETF,NASDAQ,N,active,2026-07-11,2026-10-08
SOLV,Solventum Corporation Common Stock,NYSE,N,active,2026-07-11,2026-10-08
SOLZ,Solana ETF,NASDAQ,N,active,2026-07-11,2026-10-08
SON,Sonoco Products Company Common Stock,NYSE,N,active,2026-07-11,2026-10-08
SONM,"DNA X, Inc. - Common Stock",NASDAQ,D,active,2026-07-11,2026-10-08
SONO,"Sonos, Inc. - Common Stock",NASDAQ,N,active,2026-07-11,2026-10-08
SONY,Sony Group Corporation American Depositary Shares ,NYSE,N,active,2026-07-11,2026-10-08
SOPH,SOPHiA GENETICS SA - Ordinary Shares,NASDAQ,N,active,2026-07-11,2026-10-08
SOR,"Source Capital, Inc. Cmn Shs of BI",NYSE,N,active,2026-07-11,2026-10-08
SORA,AsiaStrategy - Ordinary Shares,NASDAQ,N,active,2026-07-11,2026-10-08
SORN,Soren Acquisition Corp. - Class A Ordinary Shares,NASDAQ,N,active,2026-07-11,2026-10-08
SOS,SOS Limited Class A Ordinary Shares,NYSE,N,active,2026-07-11,2026-10-08
SOTK,Sono-Tek Corporation - Common Stock,NASDAQ,N,active,2026-07-11,2026-10-08
SOUL,Soulpower Acquisition Corporation Class A Ordinary Shares,NYSE,N,active,2026-07-11,2026-10-08
SOUN,"SoundHound AI, Inc. - Class A Common Stock",NASDAQ,N,active,2026-07-11,2026-10-08
SOUX,Defiance Daily Target 2X Long SOUN ETF,NASDAQ,N,active,2026-07-11,2026-10-08
SOWG,Sow Good Inc. - Common Stock,NASDAQ,N,active,2026-07-11,2026-10-08
SOXQ,Invesco PHLX Semiconductor ETF,NASDAQ,N,active,2026-07-11,2026-10-08
SOXX,iShares PHLX SOX Semiconductor Sector Index Fund,NASDAQ,N,active,2026-07-11,2026-10-08
SPAI,Safe Pro Group Inc. - Common Stock,NASDAQ,N,active,2026-07-11,2026-10-08
SPAM,Themes Cybersecurity ETF,NASDAQ,N,active,2026-07-11,2026-10-08
SPAQ,Horizon Kinetics SPAC Active ETF,NASDAQ,N,active,2026-07-11,2026-10-08
SPB,"Spectrum Brands Holdings, Inc. Common Stock",NYSE,N,active,2026-07-11,2026-10-08
SPBC,Simplify US Equity PLUS Bitcoin Strategy ETF,NASDAQ,N,active,2026-07-11,2026-10-08
SPCB,"SuperCom, Ltd. - Ordinary Shares",NASDAQ,N,active,2026-07-11,2026-10-08
SPCE,"Virgin Galactic Holdings, Inc. Common Stock",NYSE,N,active,2026-07-11,2026-10-08
SPCK,SPAC and New Issue ETF,NASDAQ,N,active,2026-07-11,2026-10-08
SPCT,Liberty One Spectrum ETF,NASDAQ,N,active,2026-07-11,2026-10-08
SPCX,Space Exploration Technologies Corp. - Class A Common Stock,NASDAQ,N,active,2026-07-11,2026-10-08
SPE,"Special Opportunities Fund, Inc Common Stock",NYSE,N,active,2026-07-11,2026-10-08
SPEG,Silver Pegasus Acquisition Corp - Class A Ordinary Shares,NASDAQ,N,active,2026-07-11,2026-10-08
SPFI,"South Plains Financial, Inc. - Common Stock",NASDAQ,N,active,2026-07-11,2026-10-08
SPG,"Simon Property Group, Inc. Common Stock",NYSE,N,active,2026-07-11,2026-10-08
SPGI,S&P Global Inc. Common Stock,NYSE,N,active,2026-07-11,2026-10-08
SPH,"Suburban Propane Partners, L.P. Common Stock",NYSE,N,active,2026-07-11,2026-10-08
SPHL,Springview Holdings Ltd - Ordinary shares,NASDAQ,N,active,2026-07-11,2026-10-08
SPHR,Sphere Entertainment Co. Class A Common Stock,NYSE,N,active,2026-07-11,2026-10-08
SPIR,"Spire Global, Inc. Class A Common Stock",NYSE,N,active,2026-07-11,2026-10-08
SPIT,F/m Emerald Special Situations ETF,NASDAQ,N,active,2026-07-11,2026-10-08
SPKL,Spark I Acquisition Corp. - Class A Ordinary Share,NASDAQ,D,removed,2026-07-11,2026-10-07
SPMC,"Sound Point Meridian Capital, Inc. Common Stock",NYSE,N,active,2026-07-11,2026-10-08
SPNT,SiriusPoint Ltd. Common Shares,NYSE,N,active,2026-07-11,2026-10-08
SPOG,Leverage Shares 2X Long SPOT Daily ETF,NASDAQ,N,active,2026-07-11,2026-10-08
SPOK,"Spok Holdings, Inc. - Common Stock",NASDAQ,N,active,2026-07-11,2026-10-08
SPOT,Spotify Technology S.A. Ordinary Shares,NYSE,N,active,2026-07-11,2026-10-08
SPPL,SIMPPLE LTD. - Ordinary Shares,NASDAQ,N,active,2026-07-11,2026-10-08
SPRB,"Spruce Biosciences, Inc. - Common Stock",NASDAQ,N,active,2026-07-11,2026-10-08
SPRC,SciSparc Ltd. - Ordinary Shares,NASDAQ,N,active,2026-07-11,2026-10-08
SPRO,"Spero Therapeutics, Inc. - Common Stock",NASDAQ,N,active,2026-07-11,2026-10-08
SPRU,Spruce Power Holding Corporation Class A Common Stock,NYSE,N,active,2026-07-11,2026-10-08
SPRX,Spear Alpha ETF,NASDAQ,N,active,2026-07-11,2026-10-08
SPRY,"ARS Pharmaceuticals, Inc. - Common Stock",NASDAQ,N,active,2026-07-11,2026-10-08
SPSC,"SPS Commerce, Inc. - Common Stock",NASDAQ,N,active,2026-07-11,2026-10-08
SPT,"Sprout Social, Inc - Class A Common Stock",NASDAQ,N,active,2026-07-11,2026-10-08
SPTX,"Seaport Therapeutics, Inc. - Common Stock",NASDAQ,N,active,2026-07-11,2026-10-08
SPWH,"Sportsman's Warehouse Holdings, Inc. - Common Stock",NASDAQ,N,active,2026-07-11,2026-10-08
SPWR,SunPower Inc. - Common Stock,NASDAQ,D,active,2026-07-11,2026-10-08
SPXC,"SPX Technologies, Inc. Common Stock",NYSE,N,active,2026-07-11,2026-10-08
SPXD,Xtrackers S&P 500 Diversified Sector Weight ETF,NASDAQ,N,active,2026-07-11,2026-10-08
SPXX,Nuveen S&P 500 Dynamic Overwrite Fund,NYSE,N,active,2026-07-11,2026-10-08
SPYQ,Tradr 2X Long SPY Quarterly ETF,NASDAQ,N,active,2026-07-11,2026-10-08
SQFT,"Presidio Property Trust, Inc. - Class A Common Stock",NASDAQ,N,active,2026-07-11,2026-10-08
SQLV,Royce Quant Small-Cap Quality Value ETF,NASDAQ,N,active,2026-07-11,2026-10-08
SQM,Sociedad Quimica y Minera S.A. Common Stock,NYSE,N,active,2026-07-11,2026-10-08
SQNS,Sequans Communications S.A. American Depositary Shares (each representing one hundred (100) Ordinary Shares),NYSE,N,active,2026-07-11,2026-10-08
SQQQ,ProShares UltraPro Short QQQ,NASDAQ,N,active,2026-07-11,2026-10-08
SQS,Sapient Quality Select ETF,NASDAQ,N,active,2026-07-11,2026-10-08
SR,Spire Inc. Common Stock,NYSE,N,active,2026-07-11,2026-10-08
SRAD,Sportradar Group AG - Class A Ordinary Shares,NASDAQ,N,active,2026-07-11,2026-10-08
SRBK,"SR Bancorp, Inc. - Common stock",NASDAQ,N,active,2026-07-11,2026-10-08
SRCE,1st Source Corporation - Common Stock,NASDAQ,N,active,2026-07-11,2026-10-08
SRE,DBA Sempra Common Stock,NYSE,N,active,2026-07-11,2026-10-08
SRET,Global X SuperDividend REIT ETF,NASDAQ,N,active,2026-07-11,2026-10-08
SRFM,Surf Air Mobility Inc. Common Stock,NYSE,N,active,2026-07-11,2026-10-08
SRG,Seritage Growth Properties Class A Common Stock,NYSE,N,active,2026-07-11,2026-10-08
SRI,"Stoneridge, Inc. Common Stock",NYSE,N,active,2026-07-11,2026-10-08
SRL,Scully Royalty Ltd.,NYSE,N,active,2026-07-11,2026-10-08
SRPT,"Sarepta Therapeutics, Inc. - Common Stock",NASDAQ,N,active,2026-07-11,2026-10-08
SRRK,Scholar Rock Holding Corporation - Common Stock,NASDAQ,N,active,2026-07-11,2026-10-08
SRTA,"Strata Critical Medical, Inc. - Class A Common Stock",NASDAQ,N,active,2026-07-11,2026-10-08
SRTS,"Sensus Healthcare, Inc. - Common Stock",NASDAQ,N,active,2026-07-11,2026-10-08
SRV,NXG Cushing Midstream Energy Fund Common Shares of Beneficial Interest,NYSE,N,active,2026-07-11,2026-10-08
SRXH,SRX Global Inc. Common Stock,NYSE American,N,active,2026-07-11,2026-10-08
SRZN,"Surrozen, Inc. - Common Stock",NASDAQ,N,active,2026-07-11,2026-10-08
SSAC,SPACSphere Acquisition Corp. - Class A Ordinary Shares,NASDAQ,N,active,2026-07-11,2026-10-08
SSB,SouthState Bank Corporation Common Stock,NYSE,N,active,2026-07-11,2026-10-08
SSBI,Summit State Bank - Common Stock,NASDAQ,N,active,2026-07-11,2026-10-08
SSD,"Simpson Manufacturing Company, Inc. Common Stock",NYSE,N,active,2026-07-11,2026-10-08
SSEA,Starry Sea Acquisition Corp - Ordinary Shares,NASDAQ,N,active,2026-07-11,2026-10-08
SSII,SS Innovations International Inc. - Common Stock,NASDAQ,N,active,2026-07-11,2026-10-08
SSL,Sasol Ltd. American Depositary Shares,NYSE,N,active,2026-07-11,2026-10-08
SSM,Sono Group N.V. - Ordinary Shares,NASDAQ,N,active,2026-07-11,2026-10-08
SSMR,Sunshine Silver Mining & Refining Company Common Stock,NYSE,N,active,2026-07-11,2026-10-08
SSNC,"SS&C Technologies Holdings, Inc. - Common Stock",NASDAQ,N,active,2026-07-11,2026-10-08
SSP,E.W. Scripps Company (The) - Class A Common Stock,NASDAQ,N,active,2026-07-11,2026-10-08
SSRM,SSR Mining Inc. - Common Stock,NASDAQ,N,active,2026-07-11,2026-10-08
SSS,CYBER HORNET S&P 500 and Solana 75/25 Strategy ETF,NASDAQ,N,active,2026-07-11,2026-10-08
SST,"System1, Inc. Class A Common Stock",NYSE,N,active,2026-07-11,2026-10-08
SSTI,"SoundThinking, Inc. - Common Stock",NASDAQ,N,active,2026-07-11,2026-10-08
SSTK,"Shutterstock, Inc. Common Stock",NYSE,N,active,2026-07-11,2026-10-08
SSYS,"Stratasys, Ltd. - Common Stock",NASDAQ,N,active,2026-07-11,2026-10-08
ST,Sensata Technologies Holding plc Ordinary Shares,NYSE,N,active,2026-07-11,2026-10-08
STAA,STAAR Surgical Company - Common Stock,NASDAQ,N,active,2026-07-11,2026-10-08
STAG,"Stag Industrial, Inc. Common Stock",NYSE,N,active,2026-07-11,2026-10-08
STAK,STAK Inc. - Class A Ordinary Shares,NASDAQ,N,active,2026-07-11,2026-10-08
STBA,"S&T Bancorp, Inc. - Common Stock",NASDAQ,N,active,2026-07-11,2026-10-08
STC,Stewart Information Services Corporation Common Stock,NYSE,N,active,2026-07-11,2026-10-08
STE,STERIS plc (Ireland) Ordinary Shares,NYSE,N,active,2026-07-11,2026-10-08
STEM,"Stem, Inc. Class A Common Stock",NYSE,N,active,2026-07-11,2026-10-08
STEP,StepStone Group Inc. - Class A Common Stock,NASDAQ,N,active,2026-07-11,2026-10-08
STEW,"SRH Total Return Fund, Inc. Common Stock",NYSE,N,active,2026-07-11,2026-10-08
STEX,Streamex Corp. - Common Stock,NASDAQ,N,active,2026-07-11,2026-10-08
STFS,Star Fashion Culture Holdings Limited - Class A Ordinary Shares,NASDAQ,N,active,2026-07-11,2026-10-08
STG,"Sunlands Technology Group American Depositary Shares, representing Class A ordinary shares",NYSE,N,active,2026-07-11,2026-10-08
STGW,Stagwell Inc. - Class A Common Stock,NASDAQ,N,active,2026-07-11,2026-10-08
STHO,Star Holdings - Shares of Beneficial Interest,NASDAQ,N,active,2026-07-11,2026-10-08
STI,"Solidion Technology, Inc. - Common Stock",NASDAQ,N,active,2026-07-11,2026-10-08
STIM,"Neuronetics, Inc. - Common Stock",NASDAQ,N,active,2026-07-11,2026-10-08
STK,Columbia Seligman Premium Technology Growth Fund Inc,NYSE,N,active,2026-07-11,2026-10-08
STKE,Sol Strategies Inc. - Common Shares,NASDAQ,N,active,2026-07-11,2026-10-08
STKH,Steakholder Foods Ltd. - American Depositary Shares,NASDAQ,N,active,2026-07-11,2026-10-08
STKS,"The ONE Group Hospitality, Inc. - Common Stock",NASDAQ,N,active,2026-07-11,2026-10-08
STLA,Stellantis N.V. Common Shares,NYSE,N,active,2026-07-11,2026-10-08
STLD,"Steel Dynamics, Inc. - Common Stock",NASDAQ,N,active,2026-07-11,2026-10-08
STM,STMicroelectronics N.V. Common Stock,NYSE,N,active,2026-07-11,2026-10-08
STN,Stantec Inc Common Stock,NYSE,N,active,2026-07-11,2026-10-08
STNC,Hennessy Sustainable ETF,NASDAQ,N,active,2026-07-11,2026-10-08
STNE,StoneCo Ltd. - Class A Common Share,NASDAQ,N,active,2026-07-11,2026-10-08
STNG,Scorpio Tankers Inc. Common Shares,NYSE,N,active,2026-07-11,2026-10-08
STOK,"Stoke Therapeutics, Inc. - Common Stock",NASDAQ,N,active,2026-07-11,2026-10-08
STRA,"Strategic Education, Inc. - Common Stock",NASDAQ,N,active,2026-07-11,2026-10-08
STRL,"Sterling Infrastructure, Inc. - Common Stock",NASDAQ,N,active,2026-07-11,2026-10-08
STRO,"Sutro Biopharma, Inc. - Common Stock",NASDAQ,N,active,2026-07-11,2026-10-08
STRR,"Star Equity Holdings, Inc. - Common Stock",NASDAQ,N,active,2026-07-11,2026-10-08
STRS,Stratus Properties Inc. - Common Stock,NASDAQ,N,removed,2026-07-11,2026-08-07
STRT,STRATTEC SECURITY CORPORATION - Common Stock,NASDAQ,N,active,2026-07-11,2026-10-08
STRW,"Strawberry Fields REIT, Inc. Common Stock",NYSE American,N,active,2026-07-11,2026-10-08
STRZ,Starz Entertainment Corp. - Common Shares,NASDAQ,N,active,2026-07-11,2026-10-08
STT,State Street Corporation Common Stock,NYSE,N,active,2026-07-11,2026-10-08
STT$G,"State Street Corporation Depositary shares, each representing a 1/4,000th ownership interest in a share of Fixed-to-Floating Rate Non-Cumulative",NYSE,N,active,2026-07-11,2026-10-08
STTK,"Shattuck Labs, Inc. - Common Stock",NASDAQ,N,active,2026-07-11,2026-10-08
STUB,"StubHub Holdings, Inc. Class A Common Stock",NYSE,N,active,2026-07-11,2026-10-08
STVN,Stevanato Group S.p.A. Ordinary Shares,NYSE,N,active,2026-07-11,2026-10-08
STWD,"STARWOOD PROPERTY TRUST, INC. Starwood Property Trust Inc.",NYSE,N,active,2026-07-11,2026-10-08
STX,Seagate Technology Holdings PLC - Ordinary Shares (Ireland),NASDAQ,N,active,2026-07-11,2026-10-08
STXD,Strive 1000 Dividend Growth ETF,NYSE,N,active,2026-07-11,2026-10-08
STXE,Strive Emerging Markets Ex-China ETF,NYSE,N,active,2026-07-11,2026-10-08
STXF,Strive 500 ETF,NYSE,N,active,2026-07-11,2026-10-08
STXG,Strive 1000 Growth ETF,NYSE,N,active,2026-07-11,2026-10-08
STXK,Strive Small-Cap ETF,NYSE,N,active,2026-07-11,2026-10-08
STXS,"Stereotaxis, Inc. Common Stock",NYSE American,N,active,2026-07-11,2026-10-08
STXT,Strive Total Return Bond ETF,NYSE,N,active,2026-07-11,2026-10-08
STXV,Strive 1000 Value ETF,NYSE,N,active,2026-07-11,2026-10-08
STZ,"Constellation Brands, Inc. Common Stock",NYSE,N,active,2026-07-11,2026-10-08
SU,Suncor Energy  Inc. Common Stock,NYSE,N,active,2026-07-11,2026-10-08
SUGP,SU Group Holdings Limited - Class A Ordinary Shares,NASDAQ,N,active,2026-07-11,2026-10-08
SUI,"Sun Communities, Inc. Common Stock",NYSE,N,active,2026-07-11,2026-10-08
SUIG,Sui Group Holdings Limited - Common Stock,NASDAQ,N,active,2026-07-11,2026-10-08
SUIS,Canary Staked SUI ETF,NASDAQ,N,active,2026-07-11,2026-10-08
SUJA,"Suja Life, Inc. - Class A Common Stock",NASDAQ,N,active,2026-07-11,2026-10-08
SUMA,SUMA Acquisition Corporation - Class A Ordinary Shares,NASDAQ,N,active,2026-07-11,2026-10-08
SUNB,"Sunbelt Rentals Holdings, Inc. Common Stock",NYSE,N,active,2026-07-11,2026-10-08
SUNE,"SUNation Energy, Inc. - Common Stock",NASDAQ,N,active,2026-07-11,2026-10-08
SUNS,"Sunrise Realty Trust, Inc. - Common Stock",NASDAQ,N,active,2026-07-11,2026-10-08
SUPN,"Supernus Pharmaceuticals, Inc. - Common Stock",NASDAQ,N,active,2026-07-11,2026-10-08
SUPP,TCW Transform Supply Chain ETF,NASDAQ,N,active,2026-07-11,2026-10-08
SUPV,Grupo Supervielle S.A. American Depositary Shares each Representing five Class B shares,NYSE,N,active,2026-07-11,2026-10-08
SUPX,SuperX AI Technology Limited - Ordinary Shares,NASDAQ,N,active,2026-07-11,2026-10-08
SURG,"SurgePays, Inc. - Common Stock",NASDAQ,D,active,2026-07-11,2026-10-08
SUSB,iShares ESG Aware 1-5 Year USD Corporate Bond ETF,NASDAQ,N,active,2026-07-11,2026-10-08
SUSC,iShares ESG Aware USD Corporate Bond ETF,NASDAQ,N,active,2026-07-11,2026-10-08
SUSL,iShares ESG MSCI USA Leaders ETF,NASDAQ,N,active,2026-07-11,2026-10-08
SUZ,Suzano S.A. American Depositary Shares (each representing One Ordinary Share),NYSE,N,active,2026-07-11,2026-10-08
SVA,"Sinovac Biotech, Ltd. - Ordinary Shares (Antigua/Barbudo)",NASDAQ,N,active,2026-07-11,2026-10-08
SVAC,Spring Valley Acquisition Corp. III - Class A Ordinary Shares,NASDAQ,N,removed,2026-07-11,2026-07-12
SVAQ,Silicon Valley Acquisition Corp. - Class A Ordinary Shares,NASDAQ,N,active,2026-07-11,2026-10-08
SVC,Service Properties Trust - Common Shares of Beneficial Interest,NASDAQ,N,active,2026-07-11,2026-10-08
SVCC,Stellar V Capital Corp. - Class A Ordinary Shares,NASDAQ,N,active,2026-07-11,2026-10-08
SVCO,"Silvaco Group, Inc. - Common Stock",NASDAQ,N,active,2026-07-11,2026-10-08
SVIV,Spring Valley Acquisition Corp. IV - Class A Ordinary Shares,NASDAQ,N,active,2026-07-11,2026-10-08
SVM,Silvercorp Metals Inc. Common Shares,NYSE American,N,active,2026-07-11,2026-10-08
SVRA,"Savara, Inc. - Common Stock",NASDAQ,N,active,2026-07-11,2026-10-08
SVRE,SaverOne 2014 Ltd. - American Depositary Shares,NASDAQ,N,active,2026-07-11,2026-10-08
SVRN,OceanPal Inc. - Common Stock,NASDAQ,E,active,2026-07-11,2026-10-08
SVV,"Savers Value Village, Inc. Common Stock",NYSE,N,active,2026-07-11,2026-10-08
SW,Smurfit WestRock plc Ordinary Shares,NYSE,N,active,2026-07-11,2026-10-08
SWAG,"Stran & Company, Inc. - Common Stock",NASDAQ,N,active,2026-07-11,2026-10-08
SWBI,"Smith & Wesson Brands, Inc. - Common Stock",NASDAQ,N,active,2026-07-11,2026-10-08
SWIM,"Latham Group, Inc. - Common Stock",NASDAQ,N,active,2026-07-11,2026-10-08
SWK,"Stanley Black & Decker, Inc. Common Stock",NYSE,N,active,2026-07-11,2026-10-08
SWKS,"Skyworks Solutions, Inc. - Common Stock",NASDAQ,N,active,2026-07-11,2026-10-08
SWMR,"Swarmer, Inc - common stock",NASDAQ,N,active,2026-07-11,2026-10-08
SWP,SWP Growth & Income ETF,NASDAQ,N,active,2026-07-11,2026-10-08
SWVL,Swvl Holdings Corp - Ordinary Shares,NASDAQ,N,active,2026-07-11,2026-10-08
SWX,"Southwest Gas Holdings, Inc. Common Stock (DE)",NYSE,N,active,2026-07-11,2026-10-08
SWZ,Total Return Securities Fund Common Stock,NYSE,N,active,2026-07-11,2026-10-08
SXC,"SunCoke Energy, Inc. Common Stock",NYSE,N,active,2026-07-11,2026-10-08
SXI,Standex International Corporation Common Stock,NYSE,N,active,2026-07-11,2026-10-08
SXT,Sensient Technologies Corporation Common Stock,NYSE,N,active,2026-07-11,2026-10-08
SXTC,"China SXT Pharmaceuticals, Inc. - Class A Ordinary Shares",NASDAQ,N,active,2026-07-11,2026-10-08
SXTP,"60 Degrees Pharmaceuticals, Inc. - Common Stock",NASDAQ,N,active,2026-07-11,2026-10-08
SY,So-Young International Inc. - American Depository Shares,NASDAQ,N,active,2026-07-11,2026-10-08
SYBT,"Stock Yards Bancorp, Inc. - Common Stock",NASDAQ,N,active,2026-07-11,2026-10-08
SYF,Synchrony Financial Common Stock,NYSE,N,active,2026-07-11,2026-10-08
SYK,Stryker Corporation Common Stock,NYSE,N,active,2026-07-11,2026-10-08
SYM,Symbotic Inc. - Class A Common Stock,NASDAQ,N,active,2026-07-11,2026-10-08
SYNA,Synaptics Incorporated - Common Stock,NASDAQ,N,active,2026-07-11,2026-10-08
SYNX,Silynxcom Ltd. Ordinary Shares,NYSE American,N,active,2026-07-11,2026-10-08
SYPR,"Sypris Solutions, Inc. - Common Stock",NASDAQ,N,active,2026-07-11,2026-10-08
SYRE,"Spyre Therapeutics, Inc. - Common Stock",NASDAQ,N,active,2026-07-11,2026-10-08
SYY,Sysco Corporation Common Stock,NYSE,N,active,2026-07-11,2026-10-08
SYZ,Lazard US Systematic Small Cap Equity ETF,NASDAQ,N,active,2026-07-11,2026-10-08
SZZL,Sizzle Acquisition Corp. II - Class A ordinary shares,NASDAQ,N,active,2026-07-11,2026-10-08
T,AT&T Inc.,NYSE,N,active,2026-07-11,2026-10-08
TAC,TransAlta Corporation Ordinary Shares,NYSE,N,active,2026-07-11,2026-10-08
TACH,Titan Acquisition Corp. - Class A Ordinary Shares,NASDAQ,N,active,2026-07-11,2026-10-08
TACO,Berto Acquisition Corp. - Ordinary Shares,NASDAQ,N,active,2026-07-11,2026-10-08
TACT,TransAct Technologies Incorporated - Common Stock,NASDAQ,N,active,2026-07-11,2026-10-08
TAK,Takeda Pharmaceutical Company Limited American Depositary Shares (each representing 1/2 of a share of Common Stock),NYSE,N,active,2026-07-11,2026-10-08
TAL,TAL Education Group American Depositary Shares,NYSE,N,active,2026-07-11,2026-10-08
TALK,"Talkspace, Inc. - Common Stock",NASDAQ,N,removed,2026-07-11,2026-08-17
TALO,"Talos Energy, Inc. Common Stock",NYSE,N,active,2026-07-11,2026-10-08
TANH,Tantech Holdings Ltd. - Class A Common Shares,NASDAQ,N,active,2026-07-11,2026-10-08
TAOP,Taoping Inc. - Ordinary Shares,NASDAQ,N,active,2026-07-11,2026-10-08
TAOX,Tao Synergies Inc. - Common Stock,NASDAQ,N,active,2026-07-11,2026-10-08
TAOZ,Thornburg American Opportunities Fund,NASDAQ,N,active,2026-07-11,2026-10-08
TAP,Molson Coors Beverage Company Class B Common Stock,NYSE,N,active,2026-07-11,2026-10-08
TAP-A,Molson Coors Beverage Company Class A Common Stock,NYSE,N,active,2026-07-11,2026-10-08
TARA,"Protara Therapeutics, Inc.  - Common Stock",NASDAQ,N,active,2026-07-11,2026-10-08
TARK,Tradr 2X Long Innovation ETF,NASDAQ,N,active,2026-07-11,2026-10-08
TARS,"Tarsus Pharmaceuticals, Inc. - Common Stock",NASDAQ,N,active,2026-07-11,2026-10-08
TASK,"TaskUs, Inc. - Class A Common Stock",NASDAQ,N,active,2026-07-11,2026-10-08
TATT,TAT Technologies Ltd. - Ordinary Shares,NASDAQ,N,active,2026-07-11,2026-10-08
TAVI,Tavia Acquisition Corp. - Ordinary Shares,NASDAQ,N,active,2026-07-11,2026-10-08
TAX,Cambria Tax Aware ETF,NASDAQ,N,active,2026-07-11,2026-10-08
TAXE,Intermediate Municipal Income ETF,NASDAQ,N,active,2026-07-11,2026-10-08
TAXI,Northern Trust Intermediate Tax-Exempt Bond ETF,NASDAQ,N,active,2026-07-11,2026-10-08
TAXS,Northern Trust Short-Term Tax-Exempt Bond ETF,NASDAQ,N,active,2026-07-11,2026-10-08
TAXT,Northern Trust Tax-Exempt Bond ETF,NASDAQ,N,active,2026-07-11,2026-10-08
TAYD,"Taylor Devices, Inc. - Common Stock",NASDAQ,N,active,2026-07-11,2026-10-08
TBBB,BBB Foods Inc. Class A Common Shares,NYSE,N,active,2026-07-11,2026-10-08
TBBK,"The Bancorp, Inc. - Common Stock",NASDAQ,N,active,2026-07-11,2026-10-08
TBCH,Turtle Beach Corporation - Common Stock,NASDAQ,N,active,2026-07-11,2026-10-08
TBI,"TrueBlue, Inc. Common Stock",NYSE,N,active,2026-07-11,2026-10-08
TBIL,F/m US Treasury 3 Month Bill Fund,NASDAQ,N,active,2026-07-11,2026-10-08
TBLA,Taboola.com Ltd. - Ordinary Shares,NASDAQ,N,active,2026-07-11,2026-10-08
TBLD,Thornburg Income Builder Opportunities Trust - Closed End Fund,NASDAQ,N,active,2026-07-11,2026-10-08
TBLU,Tortoise Global Water ETF,NYSE,N,active,2026-07-11,2026-10-08
TBN,Tamboran Resources Corporation Common stock,NYSE,N,active,2026-07-11,2026-10-08
TBPH,"Theravance Biopharma, Inc. - Ordinary Shares",NASDAQ,N,removed,2026-07-11,2026-09-24
TC,Token Cat Limited - American Depositary Shares,NASDAQ,N,active,2026-07-11,2026-10-08
TCAI,Tortoise AI Infrastructure ETF,NYSE,N,active,2026-07-11,2026-10-08
TCAN,21Shares Canton Network ETF,NASDAQ,N,active,2026-07-11,2026-10-08
TCBI,"Texas Capital Bancshares, Inc. - Common Stock",NASDAQ,N,active,2026-07-11,2026-10-08
TCBK,TriCo Bancshares - Common Stock,NASDAQ,N,active,2026-07-11,2026-10-08
TCBS,"Texas Community Bancshares, Inc. - Common Stock",NASDAQ,N,active,2026-07-11,2026-10-08
TCBX,"Third Coast Bancshares, Inc. Common Stock",NYSE,N,active,2026-07-11,2026-10-08
TCHI,iShares MSCI China Multisector Tech ETF,NASDAQ,N,active,2026-07-11,2026-10-08
TCI,"Transcontinental Realty Investors, Inc. Common Stock",NYSE,N,active,2026-07-11,2026-10-08
TCMD,"Tactile Systems Technology, Inc. - Common Stock",NASDAQ,N,active,2026-07-11,2026-10-08
TCOM,Trip.com Group Limited - American Depositary Shares,NASDAQ,N,active,2026-07-11,2026-10-08
TCPC,BlackRock TCP Capital Corp. - Closed End Fund,NASDAQ,N,active,2026-07-11,2026-10-08
TCRT,"Alaunos Therapeutics, Inc. - Common Stock",NASDAQ,D,active,2026-07-11,2026-10-08
TCRX,"TScan Therapeutics, Inc. - Common Stock",NASDAQ,D,active,2026-07-11,2026-10-08
TCX,Tucows Inc. - Common Stock,NASDAQ,N,active,2026-07-11,2026-10-08
TD,Toronto Dominion Bank (The) Common Stock,NYSE,N,active,2026-07-11,2026-10-08
TDAC,Translational Development Acquisition Corp. - Ordinary Shares,NASDAQ,N,active,2026-07-11,2026-10-08
TDAY,"USA TODAY Co., Inc. Common Stock",NYSE,N,active,2026-07-11,2026-10-08
TDC,Teradata Corporation Common Stock,NYSE,N,active,2026-07-11,2026-10-08
TDF,"Templeton Dragon Fund, Inc. Common Stock",NYSE,N,active,2026-07-11,2026-10-08
TDG,Transdigm Group Incorporated Common Stock,NYSE,N,active,2026-07-11,2026-10-08
TDI,Touchstone Dynamic International ETF,NASDAQ,N,active,2026-07-11,2026-10-08
TDIC,Dreamland Limited - Class A Ordinary Shares,NASDAQ,N,active,2026-07-11,2026-10-08
TDIV,First Trust NASDAQ Technology Dividend Index Fund,NASDAQ,N,active,2026-07-11,2026-10-08
TDOC,"Teladoc Health, Inc. Common Stock",NYSE,N,active,2026-07-11,2026-10-08
TDOG,21shares Dogecoin ETF,NASDAQ,N,active,2026-07-11,2026-10-08
TDOT,21shares Polkadot ETF,NASDAQ,N,active,2026-07-11,2026-10-08
TDS,"Telephone and Data Systems, Inc. Common Shares",NYSE,N,active,2026-07-11,2026-10-08
TDSB,ETC Cabana Target Beta ETF,NASDAQ,N,active,2026-07-11,2026-10-08
TDSC,ETC Cabana Target Drawdown 10 ETF,NASDAQ,N,active,2026-07-11,2026-10-08
TDTH,Trident Digital Tech Holdings Ltd - American Depository Shares,NASDAQ,N,active,2026-07-11,2026-10-08
TDUP,ThredUp Inc. - Class A Common Stock,NASDAQ,N,active,2026-07-11,2026-10-08
TDW,Tidewater Inc. Common Stock,NYSE,N,active,2026-07-11,2026-10-08
TDWD,Tailwind 2.0 Acquisition Corp. - Class A Ordinary Shares,NASDAQ,N,active,2026-07-11,2026-10-08
TDY,Teledyne Technologies Incorporated Common Stock,NYSE,N,active,2026-07-11,2026-10-08
TE,T1 Energy Inc. Common Stock,NYSE,N,active,2026-07-11,2026-10-08
TEAD,Teads Holding Co. - Common Stock,NASDAQ,D,active,2026-07-11,2026-10-08
TEAM,Atlassian Corporation  - Class A Common Stock,NASDAQ,N,active,2026-07-11,2026-10-08
TECH,Bio-Techne Corp - Common Stock,NASDAQ,N,active,2026-07-11,2026-10-08
TECK,Teck Resources Ltd Ordinary Shares,NYSE,N,active,2026-07-11,2026-10-08
TECX,"Tectonic Therapeutic, Inc. - Common Stock",NASDAQ,N,active,2026-07-11,2026-10-08
TECY,GraniteShares YieldBOOST Technology ETF,NASDAQ,N,active,2026-07-11,2026-10-08
TEI,"Templeton Emerging Markets Income Fund, Inc. Common Stock",NYSE,N,active,2026-07-11,2026-10-08
TEKX,State Street Galaxy Transformative Tech Accelerators ETF,NASDAQ,N,active,2026-07-11,2026-10-08
TEKY,Lazard Next Gen Technologies ETF,NASDAQ,N,active,2026-07-11,2026-10-08
TEL,TE Connectivity plc Ordinary Shares,NYSE,N,active,2026-07-11,2026-10-08
TELA,"TELA Bio, Inc. - Common stock",NASDAQ,D,active,2026-07-11,2026-10-08
TELO,"Telomir Pharmaceuticals, Inc. - Common Stock",NASDAQ,N,active,2026-07-11,2026-10-08
TEM,"Tempus AI, Inc. - Class A Common Stock",NASDAQ,N,active,2026-07-11,2026-10-08
TEN,Tsakos Energy Navigation Ltd Common Shares,NYSE,N,active,2026-07-11,2026-10-08
TENB,"Tenable Holdings, Inc. - Common Stock",NASDAQ,N,active,2026-07-11,2026-10-08
TENX,"Tenax Therapeutics, Inc. - Common Stock",NASDAQ,N,active,2026-07-11,2026-10-08
TEO,Telecom Argentina SA,NYSE,N,active,2026-07-11,2026-10-08
TER,"Teradyne, Inc. - Common Stock",NASDAQ,N,active,2026-07-11,2026-10-08
TERG,Leverage Shares 2X Long TER Daily ETF,NASDAQ,N,active,2026-07-11,2026-10-08
TEVA,Teva Pharmaceutical Industries Limited American Depositary Shares,NYSE,N,active,2026-07-11,2026-10-08
TEX,Terex Corporation Common Stock,NYSE,N,active,2026-07-11,2026-10-08
TEXN,iShares Texas Equity ETF,NASDAQ,N,active,2026-07-11,2026-10-08
TEXX,Horizon Kinetics Texas ETF,NASDAQ,N,active,2026-07-11,2026-10-08
TFC,Truist Financial Corporation Common Stock,NYSE,N,active,2026-07-11,2026-10-08
TFC$I,Truist Financial Corporation Depositary Shares,NYSE,N,active,2026-07-11,2026-10-08
TFGZ,Thornburg Focus Growth Fund,NASDAQ,N,active,2026-07-11,2026-10-08
TFII,TFI International Inc. Common Shares,NYSE,N,active,2026-07-11,2026-10-08
TFIN,"Triumph Financial, Inc. Common Stock",NYSE,N,active,2026-07-11,2026-10-08
TFNS,T. Rowe Price Financials ETF,NASDAQ,N,active,2026-07-11,2026-10-08
TFPM,Triple Flag Precious Metals Corp. Common Shares,NYSE,N,active,2026-07-11,2026-10-08
TFSL,TFS Financial Corporation - Common Stock,NASDAQ,N,active,2026-07-11,2026-10-08
TFX,Teleflex Incorporated Common Stock,NYSE,N,active,2026-07-11,2026-10-08
TG,Tredegar Corporation Common Stock,NYSE,N,active,2026-07-11,2026-10-08
TGB,Trekor Metals Limited Common Shares,NYSE American,N,active,2026-07-11,2026-10-08
TGE,The Generation Essentials Group Class A Ordinary Shares,NYSE,N,active,2026-07-11,2026-10-08
TGEN,Tecogen Inc. Common Stock,NYSE American,N,active,2026-07-11,2026-10-08
TGHL,The GrowHub Limited - Class A Ordinary Shares,NASDAQ,D,active,2026-07-11,2026-10-08
TGL,Treasure Global Inc. - Common Stock,NASDAQ,N,active,2026-07-11,2026-10-08
TGLS,Tecnoglass Inc. Common Stock,NYSE,N,active,2026-07-11,2026-10-08
TGS,Transportadora de Gas del Sur SA TGS Common Stock,NYSE,N,active,2026-07-11,2026-10-08
TGT,Target Corporation Common Stock,NYSE,N,active,2026-07-11,2026-10-08
TGTX,"TG Therapeutics, Inc. - Common Stock",NASDAQ,N,active,2026-07-11,2026-10-08
TH,Target Hospitality Corp. - Common Stock,NASDAQ,N,active,2026-07-11,2026-10-08
THC,Tenet Healthcare Corporation Common Stock,NYSE,N,active,2026-07-11,2026-10-08
THCH,TH International Limited - Ordinary shares,NASDAQ,N,active,2026-07-11,2026-10-08
THFF,First Financial Corporation  - Common Stock,NASDAQ,N,active,2026-07-11,2026-10-08
THG,Hanover Insurance Group Inc,NYSE,N,active,2026-07-11,2026-10-08
THH,TryHard Holdings Limited - Ordinary Shares,NASDAQ,N,active,2026-07-11,2026-10-08
THIR,THOR Index Rotation ETF,NYSE,N,active,2026-07-11,2026-10-08
THLV,THOR Equal Weight Low Volatility ETF,NYSE,N,active,2026-07-11,2026-10-08
THM,"International Tower Hill Mines, Ltd. Ordinary Shares (Canada)",NYSE American,N,active,2026-07-11,2026-10-08
THMR,THOR AdaptiveRisk Dynamic ETF,NYSE,N,active,2026-07-11,2026-10-08
THMZ,Lazard Equity Megatrends ETF,NASDAQ,N,active,2026-07-11,2026-10-08
THO,"Thor Industries, Inc. Common Stock",NYSE,N,active,2026-07-11,2026-10-08
THQ,abrdn Healthcare Opportunities Fund Shares of Beneficial Interest,NYSE,N,active,2026-07-11,2026-10-08
THRM,Gentherm Inc - Common Stock,NASDAQ,N,active,2026-07-11,2026-10-08
THRV,Prospera Income ETF,NASDAQ,N,active,2026-07-11,2026-10-08
THRY,"Thryv Holdings, Inc. - Common Stock",NASDAQ,N,active,2026-07-11,2026-10-08
THW,abrdn World Healthcare Fund Shares of Beneficial Interest,NYSE,N,active,2026-07-11,2026-10-08
THYM,T. Rowe Price High Income Municipal ETF,NASDAQ,N,active,2026-07-11,2026-10-08
THYP,21shares Hyperliquid ETF,NASDAQ,N,active,2026-07-11,2026-10-08
TIC,"TIC Solutions, Inc. Common Stock",NYSE,N,active,2026-07-11,2026-10-08
TIGO,Millicom International Cellular S.A. - Common Stock,NASDAQ,N,active,2026-07-11,2026-10-08
TIGR,UP Fintech Holding Limited - American Depositary Shares representing fifteen Class A Ordinary Shares,NASDAQ,N,active,2026-07-11,2026-10-08
TII,Titan Mining Corporation Common Shares,NYSE American,N,active,2026-07-11,2026-10-08
TIL,"Instil Bio, Inc. - Common Stock",NASDAQ,N,active,2026-07-11,2026-10-08
TILC,Thrivent International Large Cap ETF,NASDAQ,N,active,2026-07-11,2026-10-08
TILE,"Interface, Inc. - Common Stock",NASDAQ,N,active,2026-07-11,2026-10-08
TIMB,TIM S.A. American Depositary Shares (Each representing 5 Common Shares) ,NYSE,N,active,2026-07-11,2026-10-08
TIPT,Tiptree Inc. - Common Stock,NASDAQ,N,active,2026-07-11,2026-10-08
TISC,Thrivent International Small Cap ETF,NASDAQ,N,active,2026-07-11,2026-10-08
TISI,"Team, Inc. Common Stock",NYSE,N,active,2026-07-11,2026-10-08
TITN,Titan Machinery Inc. - Common Stock,NASDAQ,N,active,2026-07-11,2026-10-08
TJGC,TJGC Group Limited - ordinary shares,NASDAQ,N,active,2026-07-11,2026-10-08
TJX,"TJX Companies, Inc. (The) Common Stock",NYSE,N,active,2026-07-11,2026-10-08
TK,Teekay Corporation Ltd. Common Stock,NYSE,N,active,2026-07-11,2026-10-08
TKC,Turkcell Iletisim Hizmetleri AS Common Stock,NYSE,N,active,2026-07-11,2026-10-08
TKLF,"Tokyo Lifestyle Co., Ltd. - American Depositary Shares",NASDAQ,N,active,2026-07-11,2026-10-08
TKNO,"Alpha Teknova, Inc. - Common Stock",NASDAQ,N,active,2026-07-11,2026-10-08
TKNS,21Shares Active Crypto ETF,NASDAQ,N,active,2026-07-11,2026-10-08
TKO,"TKO Group Holdings, Inc. Class A Common Stock",NYSE,N,active,2026-07-11,2026-10-08
TKR,Timken Company (The) Common Stock,NYSE,N,active,2026-07-11,2026-10-08
TLA,GraniteShares Autocallable TSLA ETF,NASDAQ,N,active,2026-07-11,2026-10-08
TLF,"Tandy Leather Factory, Inc. - common stock",NASDAQ,N,active,2026-07-11,2026-10-08
TLG,Touchstone Large Company Growth ETF,NASDAQ,N,active,2026-07-11,2026-10-08
TLIH,Ten-League International Holdings Limited - Ordinary Shares,NASDAQ,N,active,2026-07-11,2026-10-08
TLK,"PT Telekomunikasi Indonesia, Tbk",NYSE,N,active,2026-07-11,2026-10-08
TLN,Talen Energy Corporation - Common Stock,NASDAQ,N,active,2026-07-11,2026-10-08
TLNC,Talon Capital Corp. - Class A Ordinary Shares,NASDAQ,N,active,2026-07-11,2026-10-08
TLPH,"Talphera, Inc. - Common Stock",NASDAQ,N,active,2026-07-11,2026-10-08
TLRY,"Tilray Brands, Inc. - Common Stock",NASDAQ,N,active,2026-07-11,2026-10-08
TLS,Telos Corporation - Common Stock,NASDAQ,N,active,2026-07-11,2026-10-08
TLSA,Tiziana Life Sciences Ltd - Common Shares,NASDAQ,N,active,2026-07-11,2026-10-08
TLSI,"TriSalus Life Sciences, Inc. - Common Stock",NASDAQ,N,active,2026-07-11,2026-10-08
TLT,iShares 20+ Year Treasury Bond ETF,NASDAQ,N,active,2026-07-11,2026-10-08
TLX,Telix Pharmaceuticals Limited - American Depositary Shares,NASDAQ,N,active,2026-07-11,2026-10-08
TLYS,"Tilly's, Inc. Common Stock",NYSE,N,active,2026-07-11,2026-10-08
TM,Toyota Motor Corporation Common Stock,NYSE,N,active,2026-07-11,2026-10-08
TMB,Thornburg Multi Sector Bond ETF,NASDAQ,N,active,2026-07-11,2026-10-08
TMC,TMC the metals company Inc. - Common Stock,NASDAQ,N,active,2026-07-11,2026-10-08
TMCI,"Treace Medical Concepts, Inc. - Common Stock",NASDAQ,N,active,2026-07-11,2026-10-08
TMCR,The Metals Royalty Company Inc. - Common Stock,NASDAQ,N,active,2026-07-11,2026-10-08
TMDE,TMD Energy Limited Ordinary Shares,NYSE American,N,active,2026-07-11,2026-10-08
TMDX,"TransMedics Group, Inc. - Common Stock",NASDAQ,N,active,2026-07-11,2026-10-08
TME,"Tencent Music Entertainment Group American Depositary Shares, each representing two Class A Ordinary Shares",NYSE,N,active,2026-07-11,2026-10-08
TMED,T. Rowe Price Health Care ETF,NASDAQ,N,active,2026-07-11,2026-10-08
TMHC,Taylor Morrison Home Corporation Common Stock,NYSE,N,removed,2026-07-11,2026-07-23
TMNL,T. Rowe Price Long Municipal Income ETF,NASDAQ,N,active,2026-07-11,2026-10-08
TMNS,T. Rowe Price Short Municipal Income ETF,NASDAQ,N,active,2026-07-11,2026-10-08
TMO,Thermo Fisher Scientific Inc Common Stock,NYSE,N,active,2026-07-11,2026-10-08
TMP,Tompkins Financial Corporation Common Stock,NYSE American,N,active,2026-07-11,2026-10-08
TMQ,Trilogy Metals Inc. Common Stock,NYSE American,N,active,2026-07-11,2026-10-08
TMS,Teamshares Inc. - Common Stock,NASDAQ,N,active,2026-07-11,2026-10-08
TMSF,T. Rowe Price Multi-Sector Income ETF,NASDAQ,N,active,2026-07-11,2026-10-08
TMTS,Spartacus Acquisition Corp. II - Class A Ordinary Shares,NASDAQ,N,active,2026-07-11,2026-10-08
TMUS,"T-Mobile US, Inc. - Common Stock",NASDAQ,N,active,2026-07-11,2026-10-08
TMYY,GraniteShares YieldBOOST TSM ETF,NASDAQ,N,active,2026-07-11,2026-10-08
TNC,Tennant Company Common Stock,NYSE,N,active,2026-07-11,2026-10-08
TNDM,"Tandem Diabetes Care, Inc. - Common Stock",NASDAQ,N,active,2026-07-11,2026-10-08
TNET,"TriNet Group, Inc. Common Stock",NYSE,N,active,2026-07-11,2026-10-08
TNGX,"Tango Therapeutics, Inc. - Common Stock",NASDAQ,N,active,2026-07-11,2026-10-08
TNGY,Tortoise Energy ETF,NYSE,N,active,2026-07-11,2026-10-08
TNK,Teekay Tankers Ltd.,NYSE,N,active,2026-07-11,2026-10-08
TNL,Travel   Leisure Co. Common  Stock,NYSE,N,active,2026-07-11,2026-10-08
TNMG,TNL Mediagene - Ordinary Shares,NASDAQ,D,active,2026-07-11,2026-10-08
TNON,"Tenon Medical, Inc. - Common Stock",NASDAQ,N,active,2026-07-11,2026-10-08
TNXP,Tonix Pharmaceuticals Holding Corp. - Common Stock,NASDAQ,N,active,2026-07-11,2026-10-08
TNXT,T. Rowe Price Innovation Leaders ETF,NASDAQ,N,active,2026-07-11,2026-10-08
TNYA,"Tenaya Therapeutics, Inc. - Common Stock",NASDAQ,D,active,2026-07-11,2026-10-08
TOI,"The Oncology Institute, Inc. - Common Stock",NASDAQ,N,removed,2026-07-11,2026-08-03
TOL,"Toll Brothers, Inc. Common Stock",NYSE,N,active,2026-07-11,2026-10-08
TOMZ,"TOMI Environmental Solutions, Inc. - Common Stock",NASDAQ,D,active,2026-07-11,2026-10-08
TONX,TON Strategy Company - Common Stock,NASDAQ,N,active,2026-07-11,2026-10-08
TOON,"Kartoon Studios, Inc. Common Stock",NYSE American,N,active,2026-07-11,2026-10-08
TOP,TOP Financial Group Limited - Class A Ordinary Shares,NASDAQ,N,active,2026-07-11,2026-10-08
TOPP,Toppoint Holdings Inc. Common Stock,NYSE American,N,active,2026-07-11,2026-10-08
TOPS,"TOP Ships, Inc. Common Stock",NYSE American,N,active,2026-07-11,2026-10-08
TORO,Toro Corp. - Common stock,NASDAQ,N,active,2026-07-11,2026-10-08
TOST,"Toast, Inc. Class A Common Stock",NYSE,N,active,2026-07-11,2026-10-08
TOUR,Tuniu Corporation - American Depositary Shares,NASDAQ,N,active,2026-07-11,2026-10-08
TOVX,"Theriva Biologics, Inc. Common Stock",NYSE American,N,active,2026-07-11,2026-10-08
TOWN,Towne Bank - Common Stock,NASDAQ,N,active,2026-07-11,2026-10-08
TOYO,"TOYO Co., Ltd - Ordinary Shares",NASDAQ,N,active,2026-07-11,2026-10-08
TPB,"Turning Point Brands, Inc. Common Stock",NYSE,N,active,2026-07-11,2026-10-08
TPC,Tutor Perini Corporation Common Stock,NYSE,N,active,2026-07-11,2026-10-08
TPCS,TechPrecision Corporation - Common stock,NASDAQ,N,active,2026-07-11,2026-10-08
TPET,Trio Petroleum Corp. Common Stock,NYSE American,N,active,2026-07-11,2026-10-08
TPG,TPG Inc. - Class A Common Stock,NASDAQ,N,active,2026-07-11,2026-10-08
TPL,Texas Pacific Land Corporation Common Stock,NYSE,N,active,2026-07-11,2026-10-08
TPLS,Thornburg Core Plus Bond ETF,NASDAQ,N,active,2026-07-11,2026-10-08
TPR,"Tapestry, Inc. Common Stock",NYSE,N,active,2026-07-11,2026-10-08
TPST,"Tempest Therapeutics, Inc. - Common Stock",NASDAQ,D,active,2026-07-11,2026-10-08
TPVG,TriplePoint Venture Growth BDC Corp. Common Stock,NYSE,N,active,2026-07-11,2026-10-08
TPYP,Tortoise North American Pipeline ETF,NYSE,N,active,2026-07-11,2026-10-08
TPZ,Tortoise Electrification Infrastructure ETF,NYSE,N,active,2026-07-11,2026-10-08
TQQQ,ProShares UltraPro QQQ,NASDAQ,N,active,2026-07-11,2026-10-08
TQQY,GraniteShares YieldBOOST QQQ ETF,NASDAQ,N,active,2026-07-11,2026-10-08
TR,"Tootsie Roll Industries, Inc. Common Stock",NYSE,N,active,2026-07-11,2026-10-08
TRAD,APEX Tech Acquisition Inc. Ordinary Shares,NYSE,N,active,2026-07-11,2026-10-08
TRAK,"ReposiTrak, Inc. Common Stock",NYSE,N,active,2026-07-11,2026-10-08
TRAW,"Traws Pharma, Inc. - Common Stock",NASDAQ,D,active,2026-07-11,2026-10-08
TRAX,"First Tracks Biotherapeutics, Inc. - Ordinary Shares",NASDAQ,N,active,2026-07-11,2026-10-08
TRBF,Angel Oak Total Return ETF,NASDAQ,N,active,2026-07-11,2026-10-08
TRC,Tejon Ranch Co Common Stock,NYSE,N,active,2026-07-11,2026-10-08
TRDA,"Entrada Therapeutics, Inc. - Common Stock",NASDAQ,N,active,2026-07-11,2026-10-08
TREE,"LendingTree, Inc. - Common Stock",NASDAQ,N,active,2026-07-11,2026-10-08
TREX,"Trex Company, Inc. Common Stock",NYSE,N,active,2026-07-11,2026-10-08
TRGP,"Targa Resources, Inc. Common Stock",NYSE,N,active,2026-07-11,2026-10-08
TRGS,TRG Latin America Acquisitions Corp. - Class A Ordinary Shares,NASDAQ,N,active,2026-07-11,2026-10-08
TRI,Thomson Reuters Corp - Common Shares,NASDAQ,N,active,2026-07-11,2026-10-08
TRIB,Trinity Biotech plc - American Depositary Shares,NASDAQ,D,active,2026-07-11,2026-10-08
TRIN,Trinity Capital Inc. - Common Stock,NYSE,N,active,2026-07-11,2026-10-08
TRIP,"TripAdvisor, Inc. - Common Stock",NASDAQ,N,active,2026-07-11,2026-10-08
TRLV,Trulieve Cannabis Corp. Subordinate Voting Shares,NYSE,N,active,2026-07-11,2026-10-08
TRMB,Trimble Inc. - Common Stock,NASDAQ,N,active,2026-07-11,2026-10-08
TRMD,TORM plc - Class A Common Stock,NASDAQ,N,active,2026-07-11,2026-10-08
TRMK,Trustmark Corporation - Common Stock,NASDAQ,N,active,2026-07-11,2026-10-08
TRN,"Trinity Industries, Inc. Common Stock",NYSE,N,active,2026-07-11,2026-10-08
TRNO,Terreno Realty Corporation Common Stock,NYSE,N,active,2026-07-11,2026-10-08
TRNR,Interactive Strength Inc. - Common Stock,NASDAQ,N,active,2026-07-11,2026-10-08
TRNS,"Transcat, Inc. - Common Stock",NASDAQ,N,active,2026-07-11,2026-10-08
TRON,Tron Inc. - Common Stock,NASDAQ,N,active,2026-07-11,2026-10-08
TROO,"TROOPS, Inc.  - Ordinary Shares",NASDAQ,N,active,2026-07-11,2026-10-08
TROW,"T. Rowe Price Group, Inc. - Common Stock",NASDAQ,N,active,2026-07-11,2026-10-08
TROX,Tronox Holdings plc Ordinary Shares (UK),NYSE,N,active,2026-07-11,2026-10-08
TRP,TC Energy Corporation Common Stock,NYSE,N,active,2026-07-11,2026-10-08
TRS,TriMas Corporation - Common Stock,NASDAQ,N,active,2026-07-11,2026-10-08
TRSG,Tungray Technologies Inc - Class A Ordinary Shares,NASDAQ,N,active,2026-07-11,2026-10-08
TRST,TrustCo Bank Corp NY - Common Stock,NASDAQ,N,active,2026-07-11,2026-10-08
TRT,Trio-Tech International Common Stock,NASDAQ,N,active,2026-07-11,2026-10-08
TRTN$A,Triton International Limited 8.50% Series A Cumulative Redeemable Perpetual  Preference Shares,NYSE,N,active,2026-07-11,2026-10-08
TRTN$B,Triton International Limited 8.00% Series B Cumulative Redeemable Perpetual Preference Shares,NYSE,N,active,2026-07-11,2026-10-08
TRTN$C,Triton International Limited 7.375% Series C Cumulative Redeemable Perpetual Preference Shares,NYSE,N,active,2026-07-11,2026-10-08
TRTN$D,Triton International Limited 6.875% Series D Cumulative Redeemable Perpetual Preference Shares,NYSE,N,active,2026-07-11,2026-10-08
TRTN$E,Triton International Limited 5.75% Series E Cumulative Redeemable Perpetual Preference Shares,NYSE,N,active,2026-07-11,2026-10-08
TRTN$F,Triton International Limited 7.625% Series F Cumulative Redeemable Perpetual Preference Shares,NYSE,N,active,2026-07-11,2026-10-08
TRTN$G,Triton International Limited 7.500% Series G Cumulative Redeemable Perpetual Preference Shares,NYSE,N,active,2026-07-11,2026-10-08
TRTX,"TPG RE Finance Trust, Inc. Common Stock",NYSE,N,active,2026-07-11,2026-10-08
TRU,TransUnion Common Stock,NYSE,N,active,2026-07-11,2026-10-08
TRUC,VanEck Communication Services TruSector ETF,NASDAQ,N,active,2026-07-11,2026-10-08
TRUD,VanEck Consumer Discretionary TruSector ETF,NASDAQ,N,active,2026-07-11,2026-10-08
TRUF,VanEck Financials TruSector ETF,NASDAQ,N,active,2026-07-11,2026-10-08
TRUG,"TruGolf Holdings, Inc. - Class A Common Stock",NASDAQ,D,active,2026-07-11,2026-10-08
TRUH,VanEck Healthcare TruSector ETF,NASDAQ,N,active,2026-07-11,2026-10-08
TRUI,VanEck Industrials TruSector ETF,NASDAQ,N,active,2026-07-11,2026-10-08
TRUM,VanEck Materials TruSector ETF,NASDAQ,N,active,2026-07-11,2026-10-08
TRUN,VanEck Energy TruSector ETF,NASDAQ,N,active,2026-07-11,2026-10-08
TRUO,VanEck Consumer Staples TruSector ETF,NASDAQ,N,active,2026-07-11,2026-10-08
TRUP,"Trupanion, Inc. - Common Stock",NASDAQ,N,active,2026-07-11,2026-10-08
TRUR,VanEck Real Estate TruSector ETF,NASDAQ,N,active,2026-07-11,2026-10-08
TRUT,VanEck Technology TruSector ETF,NASDAQ,N,active,2026-07-11,2026-10-08
TRUU,VanEck Utilities TruSector ETF,NASDAQ,N,active,2026-07-11,2026-10-08
TRV,"The Travelers Companies, Inc. Common Stock",NYSE,N,active,2026-07-11,2026-10-08
TRVG,trivago N.V. - American Depositary Shares,NASDAQ,N,active,2026-07-11,2026-10-08
TRVI,"Trevi Therapeutics, Inc. - Common Stock",NASDAQ,N,active,2026-07-11,2026-10-08
TRX,TRX Gold Corporation Common Stock,NYSE American,N,active,2026-07-11,2026-10-08
TS,Tenaris S.A. American Depositary Shares,NYSE,N,active,2026-07-11,2026-10-08
TSAT,Telesat Corporation - Class A Common Shares and Class B Variable Voting Shares,NASDAQ,N,active,2026-07-11,2026-10-08
TSBK,"Timberland Bancorp, Inc. - Common Stock",NASDAQ,N,active,2026-07-11,2026-10-08
TSCM,TimesSquare Quality Mid Cap Growth ETF,NASDAQ,N,active,2026-07-11,2026-10-08
TSCO,Tractor Supply Company - Common Stock,NASDAQ,N,active,2026-07-11,2026-10-08
TSDD,GraniteShares 2x Short TSLA Daily ETF,NASDAQ,N,active,2026-07-11,2026-10-08
TSEL,Touchstone Sands Capital US Select Growth ETF,NASDAQ,N,active,2026-07-11,2026-10-08
TSEM,Tower Semiconductor Ltd. - Ordinary Shares,NASDAQ,N,active,2026-07-11,2026-10-08
TSHA,"Taysha Gene Therapies, Inc. - Common Stock",NASDAQ,N,active,2026-07-11,2026-10-08
TSI,"TCW Strategic Income Fund, Inc. Common Stock",NYSE,N,active,2026-07-11,2026-10-08
TSL,GraniteShares 1.25x Long TSLA Daily ETF,NASDAQ,N,active,2026-07-11,2026-10-08
TSLA,"Tesla, Inc.  - Common Stock",NASDAQ,N,active,2026-07-11,2026-10-08
TSLG,Leverage Shares 2X Long TSLA Daily ETF,NASDAQ,N,active,2026-07-11,2026-10-08
TSLL,Direxion Daily TSLA Bull 2X ETF,NASDAQ,N,active,2026-07-11,2026-10-08
TSLQ,Tradr 2X Short TSLA Daily ETF,NASDAQ,N,active,2026-07-11,2026-10-08
TSLR,GraniteShares 2x Long TSLA Daily ETF,NASDAQ,N,active,2026-07-11,2026-10-08
TSLS,Direxion Daily TSLA Bear 1X ETF,NASDAQ,N,active,2026-07-11,2026-10-08
TSLX,"Sixth Street Specialty Lending, Inc. Common Stock",NYSE,N,active,2026-07-11,2026-10-08
TSM,Taiwan Semiconductor Manufacturing Company Ltd.,NYSE,N,active,2026-07-11,2026-10-08
TSMG,Leverage Shares 2X Long TSM Daily ETF,NASDAQ,N,active,2026-07-11,2026-10-08
TSMU,GraniteShares 2x Long TSM Daily ETF,NASDAQ,N,active,2026-07-11,2026-10-08
TSMX,Direxion Daily TSM Bull 2X ETF,NASDAQ,N,active,2026-07-11,2026-10-08
TSMZ,Direxion Daily TSM Bear 1X ETF,NASDAQ,N,active,2026-07-11,2026-10-08
TSN,"Tyson Foods, Inc. Common Stock",NYSE,N,active,2026-07-11,2026-10-08
TSPY,TappAlpha S&P 500 Growth & Daily Income ETF,NASDAQ,N,active,2026-07-11,2026-10-08
TSQ,"Townsquare Media, Inc. Class A Common Stock",NYSE,N,active,2026-07-11,2026-10-08
TSSI,"TSS, Inc. - Common Stock",NASDAQ,N,active,2026-07-11,2026-10-08
TSUI,21Shares Sui ETF,NASDAQ,N,active,2026-07-11,2026-10-08
TSYX,TSPY Lift ETF,NASDAQ,N,active,2026-07-11,2026-10-08
TSYY,GraniteShares YieldBOOST TSLA ETF,NASDAQ,N,active,2026-07-11,2026-10-08
TT,Trane Technologies plc,NYSE,N,active,2026-07-11,2026-10-08
TTAM,Titan America SA Common Shares,NYSE,N,active,2026-07-11,2026-10-08
TTAN,"ServiceTitan, Inc. - Class A Common Stock",NASDAQ,N,active,2026-07-11,2026-10-08
TTC,Toro Company (The) Common Stock,NYSE,N,active,2026-07-11,2026-10-08
TTD,"The Trade Desk, Inc. - Class A Common Stock",NASDAQ,N,active,2026-07-11,2026-10-08
TTE,TotalEnergies SE Ordinary Shares,NYSE,N,active,2026-07-11,2026-10-08
TTEC,"TTEC Holdings, Inc. - Common Stock",NASDAQ,N,active,2026-07-11,2026-10-08
TTEK,"Tetra Tech, Inc. - Common Stock",NASDAQ,N,active,2026-07-11,2026-10-08
TTEQ,T. Rowe Price Technology ETF,NASDAQ,N,active,2026-07-11,2026-10-08
TTGT,"TechTarget, Inc. - Common Stock",NASDAQ,N,active,2026-07-11,2026-10-08
TTI,"Tetra Technologies, Inc. Common Stock",NYSE,N,active,2026-07-11,2026-10-08
TTMI,"TTM Technologies, Inc. - Common Stock",NASDAQ,N,active,2026-07-11,2026-10-08
TTRX,Turn Therapeutics Inc. - Common Stock,NASDAQ,N,active,2026-07-11,2026-10-08
TTWO,"Take-Two Interactive Software, Inc. - Common Stock",NASDAQ,N,active,2026-07-11,2026-10-08
TU,Telus Corporation Ordinary Shares,NYSE,N,active,2026-07-11,2026-10-08
TUG,STF Tactical Growth ETF,NASDAQ,N,active,2026-07-11,2026-10-08
TUGN,STF Tactical Growth & Income ETF,NASDAQ,N,removed,2026-07-11,2026-08-20
TULP,"Bloomia Holdings, Inc. - Common Stock",NASDAQ,N,active,2026-07-11,2026-10-08
TUR,iShares MSCI Turkey ETF,NASDAQ,N,active,2026-07-11,2026-10-08
TURB,"Turbo Energy, S.A. - American Depositary Shares",NASDAQ,N,active,2026-07-11,2026-10-08
TURF,T. Rowe Price Natural Resources ETF,NASDAQ,N,active,2026-07-11,2026-10-08
TUSK,"Mammoth Energy Services, Inc. - Common Stock",NASDAQ,N,active,2026-07-11,2026-10-08
TUYA,"Tuya Inc. American Depositary Shares, each representing one Class A Ordinary Share",NYSE,N,active,2026-07-11,2026-10-08
TV,Grupo Televisa S.A.B. Common Stock,NYSE,N,active,2026-07-11,2026-10-08
TVA,Texas Ventures Acquisition III Corp - Class A Ordinary Share,NASDAQ,N,active,2026-07-11,2026-10-08
TVAI,Thayer Ventures Acquisition Corporation II - Class A Ordinary Shares,NASDAQ,N,active,2026-07-11,2026-10-08
TVC,Tennessee Valley Authority Common Stock,NYSE,N,active,2026-07-11,2026-10-08
TVE,Tennessee Valley Authority,NYSE,N,active,2026-07-11,2026-10-08
TVGN,Tevogen Bio Holdings Inc. - Common Stock,NASDAQ,N,active,2026-07-11,2026-10-08
TVRD,"Tvardi Therapeutics, Inc. - Common Stock",NASDAQ,N,active,2026-07-11,2026-10-08
TVTX,"Travere Therapeutics, Inc. - Common Stock",NASDAQ,N,active,2026-07-11,2026-10-08
TW,Tradeweb Markets Inc. - Class A Common Stock,NASDAQ,N,active,2026-07-11,2026-10-08
TWAV,"TaoWeave, Inc. - Common Stock",NASDAQ,N,active,2026-07-11,2026-10-08
TWFG,"TWFG, Inc. - Common Stock",NASDAQ,N,active,2026-07-11,2026-10-08
TWG,Top Wealth Group Holding Limited - Class A Ordinary Shares,NASDAQ,N,active,2026-07-11,2026-10-08
TWI,"Titan International, Inc. (DE) Common Stock",NYSE,N,active,2026-07-11,2026-10-08
TWIN,"Twin Disc, Incorporated - Common Stock",NASDAQ,N,active,2026-07-11,2026-10-08
TWLO,Twilio Inc. Class A Common Stock,NYSE,N,active,2026-07-11,2026-10-08
TWLV,Twelve Seas Investment Company III - Class A Ordinary Shares,NASDAQ,N,active,2026-07-11,2026-10-08
TWN,"Taiwan Fund, Inc. (The) Common Stock",NYSE,N,active,2026-07-11,2026-10-08
TWO,Two Harbors Investment Corp,NYSE,N,removed,2026-07-11,2026-08-24
TWST,Twist Bioscience Corporation - Common Stock,NASDAQ,N,active,2026-07-11,2026-10-08
TX,"Ternium S.A. Ternium S.A. American Depositary Shares (each representing ten shares, USD1.00 par value)",NYSE,N,active,2026-07-11,2026-10-08
TXG,"10x Genomics, Inc. - Common Stock",NASDAQ,N,active,2026-07-11,2026-10-08
TXMD,"TherapeuticsMD, Inc. - Common Stock",NASDAQ,N,active,2026-07-11,2026-10-08
TXN,Texas Instruments Incorporated - Common Stock,NASDAQ,N,active,2026-07-11,2026-10-08
TXNM,"TXNM Energy, Inc. Common Stock",NYSE,N,active,2026-07-11,2026-10-08
TXRH,"Texas Roadhouse, Inc. - Common Stock",NASDAQ,N,active,2026-07-11,2026-10-08
TXT,Textron Inc. Common Stock,NYSE,N,active,2026-07-11,2026-10-08
TXUE,Thornburg International Equity ETF,NASDAQ,N,active,2026-07-11,2026-10-08
TXUG,Thornburg International Growth Fund ETF,NASDAQ,N,active,2026-07-11,2026-10-08
TXXD,21Shares 2x Long Dogecoin ETF,NASDAQ,N,active,2026-07-11,2026-10-08
TXXH,21Shares 2x Long HYPE ETF,NASDAQ,N,active,2026-07-11,2026-10-08
TXXS,21Shares 2x Long Sui ETF,NASDAQ,N,active,2026-07-11,2026-10-08
TY,Tri Continental Corporation Common Stock,NYSE,N,active,2026-07-11,2026-10-08
TYG,Tortoise Energy Infrastructure Corporation Common Stock,NYSE,N,active,2026-07-11,2026-10-08
TYGO,"Tigo Energy, Inc. - Common Stock",NASDAQ,N,active,2026-07-11,2026-10-08
TYL,"Tyler Technologies, Inc. Common Stock",NYSE,N,active,2026-07-11,2026-10-08
TYRA,"Tyra Biosciences, Inc. - Common Stock",NASDAQ,N,active,2026-07-11,2026-10-08
TZOO,Travelzoo - Common Stock,NASDAQ,N,active,2026-07-11,2026-10-08
U,Unity Software Inc. Common Stock,NYSE,N,active,2026-07-11,2026-10-08
UA,"Under Armour, Inc. Class C Common Stock",NYSE,N,active,2026-07-11,2026-10-08
UAA,"Under Armour, Inc. Class A Common Stock",NYSE,N,active,2026-07-11,2026-10-08
UAC,United Acquisition Corp. I Class A Ordinary Shares,NYSE American,N,active,2026-07-11,2026-10-08
UAE,iShares MSCI UAE ETF,NASDAQ,N,active,2026-07-11,2026-10-08
UAL,"United Airlines Holdings, Inc. - Common Stock",NASDAQ,N,active,2026-07-11,2026-10-08
UAMY,United States Antimony Corporation Common Stock,NYSE,N,active,2026-07-11,2026-10-08
UAVS,"AgEagle Aerial Systems, Inc. Common Stock",NYSE American,N,active,2026-07-11,2026-10-08
UBCP,"United Bancorp, Inc. - Common Stock",NASDAQ,N,active,2026-07-11,2026-10-08
UBER,"Uber Technologies, Inc. Common Stock",NYSE,N,active,2026-07-11,2026-10-08
UBND,VictoryShares Core Plus Bond ETF,NASDAQ,N,active,2026-07-11,2026-10-08
UBRL,GraniteShares 2x Long UBER Daily ETF,NASDAQ,N,active,2026-07-11,2026-10-08
UBS,UBS Group AG Registered Ordinary Shares,NYSE,N,active,2026-07-11,2026-10-08
UBSI,"United Bankshares, Inc. - Common Stock",NASDAQ,N,active,2026-07-11,2026-10-08
UBXG,U-BX Technology Ltd. - Class A Ordinary Shares,NASDAQ,N,removed,2026-07-11,2026-07-17
UCAR,U Power Limited - Class A Ordinary Shares,NASDAQ,N,active,2026-07-11,2026-10-08
UCB,"United Community Banks, Inc. Common Stock",NYSE,N,active,2026-07-11,2026-10-08
UCFI,CN Healthy Food Tech Group Corp. - Common Stock,NASDAQ,D,active,2026-07-11,2026-10-08
UCL,uCloudlink Group Inc. - American Depositary Shares,NASDAQ,D,active,2026-07-11,2026-10-08
UCRD,VictoryShares Corporate Bond ETF,NASDAQ,N,active,2026-07-11,2026-10-08
UCTT,"Ultra Clean Holdings, Inc. - Common Stock",NASDAQ,N,active,2026-07-11,2026-10-08
UCYB,ProShares Ultra Nasdaq Cybersecurity,NASDAQ,N,active,2026-07-11,2026-10-08
UDR,"UDR, Inc. Common Stock",NYSE,N,active,2026-07-11,2026-10-08
UE,Urban Edge Properties Common Shares of Beneficial Interest,NYSE,N,active,2026-07-11,2026-10-08
UEC,Uranium Energy Corp. Common Stock,NYSE American,N,active,2026-07-11,2026-10-08
UECG,Leverage Shares 2x Long UEC Daily ETF,NASDAQ,N,active,2026-07-11,2026-10-08
UEIC,Universal Electronics Inc. - Common Stock,NASDAQ,N,active,2026-07-11,2026-10-08
UEVM,VictoryShares Emerging Markets Value Momentum ETF,NASDAQ,N,active,2026-07-11,2026-10-08
UFCS,"United Fire Group, Inc - Common Stock",NASDAQ,N,active,2026-07-11,2026-10-08
UFG,Uni-Fuels Holdings Limited - Class A Ordinary Shares,NASDAQ,D,active,2026-07-11,2026-10-08
UFI,"Unifi, Inc. New Common Stock",NYSE,N,active,2026-07-11,2026-10-08
UFIV,US Treasury 5 Year Note ETF,NASDAQ,N,active,2026-07-11,2026-10-08
UFO,Procure Space ETF,NASDAQ,N,active,2026-07-11,2026-10-08
UFOX,Defiance Space and Connective Tech ETF,NASDAQ,N,active,2026-07-11,2026-10-08
UFPI,"UFP Industries, Inc. - Common Stock",NASDAQ,N,active,2026-07-11,2026-10-08
UFPT,"UFP Technologies, Inc. - Common Stock",NASDAQ,N,active,2026-07-11,2026-10-08
UG,"United-Guardian, Inc. - Common Stock",NASDAQ,N,active,2026-07-11,2026-10-08
UGI,UGI Corporation Common Stock,NYSE,N,active,2026-07-11,2026-10-08
UGP,Ultrapar Participacoes S.A. (New) American Depositary Shares (Each representing one Common Share),NYSE,N,active,2026-07-11,2026-10-08
UHAL,U-Haul Holding Company Common Stock,NYSE,N,active,2026-07-11,2026-10-08
UHAL-B,U-Haul Holding Company Series N Non-Voting Common Stock ,NYSE,N,active,2026-07-11,2026-10-08
UHS,"Universal Health Services, Inc. Common Stock",NYSE,N,active,2026-07-11,2026-10-08
UHT,Universal Health Realty Income Trust Common Stock,NYSE,N,active,2026-07-11,2026-10-08
UI,Ubiquiti Inc. Common Stock,NYSE,N,active,2026-07-11,2026-10-08
UIS,Unisys Corporation New Common Stock,NYSE,N,active,2026-07-11,2026-10-08
UITB,VictoryShares Core Intermediate Bond ETF,NASDAQ,N,active,2026-07-11,2026-10-08
UIVM,VictoryShares International Value Momentum ETF,NASDAQ,N,active,2026-07-11,2026-10-08
UK,Ucommune International Ltd  - Class A Ordinary Shares,NASDAQ,N,active,2026-07-11,2026-10-08
UL,Unilever PLC American Depositary Shares (each representing One Ordinary Share),NYSE,N,active,2026-07-11,2026-10-08
ULBI,Ultralife Corporation - Common Stock,NASDAQ,N,active,2026-07-11,2026-10-08
ULCC,"Frontier Group Holdings, Inc. - Common Stock",NASDAQ,N,active,2026-07-11,2026-10-08
ULH,"Universal Logistics Holdings, Inc. - Common Stock",NASDAQ,N,active,2026-07-11,2026-10-08
ULS,UL Solutions Inc. Class A Common Stock,NYSE,N,active,2026-07-11,2026-10-08
ULTA,"Ulta Beauty, Inc. - Common Stock",NASDAQ,N,active,2026-07-11,2026-10-08
ULTI,REX IncomeMax Option Strategy ETF,NASDAQ,N,active,2026-07-11,2026-10-08
ULVM,VictoryShares US Value Momentum ETF,NASDAQ,N,active,2026-07-11,2026-10-08
UMAC,"Unusual Machines, Inc. Common Stock",NYSE American,N,active,2026-07-11,2026-10-08
UMBF,UMB Financial Corporation - Common Stock,NASDAQ,N,active,2026-07-11,2026-10-08
UMC,United Microelectronics Corporation (NEW) Common Stock,NYSE,N,active,2026-07-11,2026-10-08
UMH,"UMH Properties, Inc. Common Stock",NYSE,N,active,2026-07-11,2026-10-08
UMMA,Wahed Dow Jones Islamic World ETF,NASDAQ,N,active,2026-07-11,2026-10-08
UNB,"Union Bankshares, Inc. - Common Stock",NASDAQ,N,active,2026-07-11,2026-10-08
UNCY,"Unicycive Therapeutics, Inc. - Common Stock",NASDAQ,N,active,2026-07-11,2026-10-08
UNF,Unifirst Corporation Common Stock,NYSE,N,active,2026-07-11,2026-10-08
UNFI,"United Natural Foods, Inc. Common Stock",NYSE,N,active,2026-07-11,2026-10-08
UNH,UnitedHealth Group Incorporated Common Stock (DE),NYSE,N,active,2026-07-11,2026-10-08
UNHG,Leverage Shares 2X Long UNH Daily ETF,NASDAQ,N,active,2026-07-11,2026-10-08
UNIT,Uniti Group Inc. - Common Stock,NASDAQ,N,active,2026-07-11,2026-10-08
UNIY,WisdomTree Voya Yield Enhanced USD Universal Bond Fund,NASDAQ,N,active,2026-07-11,2026-10-08
UNM,Unum Group Common Stock,NYSE,N,active,2026-07-11,2026-10-08
UNP,Union Pacific Corporation Common Stock,NYSE,N,active,2026-07-11,2026-10-08
UNTY,"Unity Bancorp, Inc. - Common Stock",NASDAQ,N,active,2026-07-11,2026-10-08
UONE,"Urban One, Inc.  - Class A Common Stock",NASDAQ,N,active,2026-07-11,2026-10-08
UONEK,"Urban One, Inc.  - Class D Common Stock",NASDAQ,N,active,2026-07-11,2026-10-08
UP,Wheels Up Experience Inc. Class A Common Stock,NYSE,N,active,2026-07-11,2026-10-08
UPB,"Upstream Bio, Inc. - Common Stock",NASDAQ,N,active,2026-07-11,2026-10-08
UPBD,"Upbound Group, Inc. - Common Stock",NASDAQ,N,active,2026-07-11,2026-10-08
UPC,Universe Pharmaceuticals Inc - Class A Ordinary Shares,NASDAQ,N,active,2026-07-11,2026-10-08
UPGR,Xtrackers US Green Infrastructure Select Equity ETF,NASDAQ,N,active,2026-07-11,2026-10-08
UPLD,"Upland Software, Inc. - Common Stock",NASDAQ,D,active,2026-07-11,2026-10-08
UPS,"United Parcel Service, Inc. Common Stock",NYSE,N,active,2026-07-11,2026-10-08
UPSG,Leverage Shares 2X Long UPS Daily ETF,NASDAQ,N,removed,2026-07-11,2026-07-28
UPST,"Upstart Holdings, Inc. - Common stock",NASDAQ,N,active,2026-07-11,2026-10-08
UPWK,Upwork Inc. - Common Stock,NASDAQ,N,active,2026-07-11,2026-10-08
UPXI,"Upexi, Inc. - Common Stock",NASDAQ,D,active,2026-07-11,2026-10-08
URBN,"Urban Outfitters, Inc. - Common Stock",NASDAQ,N,active,2026-07-11,2026-10-08
URG,Ur Energy Inc Common Shares (Canada),NYSE American,N,active,2026-07-11,2026-10-08
URGN,UroGen Pharma Ltd. - Ordinary Shares,NASDAQ,N,active,2026-07-11,2026-10-08
URI,"United Rentals, Inc. Common Stock",NYSE,N,active,2026-07-11,2026-10-08
URNJ,Sprott Junior Uranium Miners ETF,NASDAQ,N,active,2026-07-11,2026-10-08
UROY,Uranium Royalty Corp. - Common Stock,NASDAQ,N,active,2026-07-11,2026-10-08
USA,Liberty All-Star Equity Fund Common Stock,NYSE,N,active,2026-07-11,2026-10-08
USAF,Atlas America Fund,NASDAQ,N,active,2026-07-11,2026-10-08
USAR,"USA Rare Earth, Inc. - Common Stock",NASDAQ,N,active,2026-07-11,2026-10-08
USAS,"Americas Gold and Silver Corporation Common Shares, no par value",NYSE American,N,active,2026-07-11,2026-10-08
USAU,U.S. Gold Corp. - Common Stock,NASDAQ,N,active,2026-07-11,2026-10-08
USB,U.S. Bancorp Common Stock,NYSE,N,active,2026-07-11,2026-10-08
USB$A,"U.S. Bancorp Depositary Shares, Each representing a 1/100th interest in a share of Series A Non-CumulativePerpetual Pfd Stock",NYSE,N,active,2026-07-11,2026-10-08
USB$H,U.S. Bancorp Depositary Shares repstg 1/1000th Pfd Ser B,NYSE,N,active,2026-07-11,2026-10-08
USBC,"USBC, Inc. Common Stock",NYSE American,N,active,2026-07-11,2026-10-08
USCB,"USCB Financial Holdings, Inc.  - Class A Common Stock",NASDAQ,N,active,2026-07-11,2026-10-08
USCL,iShares Climate Conscious & Transition MSCI USA ETF,NASDAQ,N,active,2026-07-11,2026-10-08
USDE,StablecoinX Inc. - Class A Common Stock,NASDAQ,N,active,2026-07-11,2026-10-08
USDX,SGI Enhanced Core ETF,NASDAQ,N,active,2026-07-11,2026-10-08
USEA,United Maritime Corporation - Common Stock,NASDAQ,N,active,2026-07-11,2026-10-08
USFD,US Foods Holding Corp. Common Stock,NYSE,N,active,2026-07-11,2026-10-08
USFI,BrandywineGLOBAL - U.S. Fixed Income ETF,NASDAQ,N,active,2026-07-11,2026-10-08
USGG,Leverage Shares 2X Long USAR Daily ETF,NASDAQ,N,active,2026-07-11,2026-10-08
USGO,U.S. GoldMining Inc. - Common stock,NASDAQ,D,active,2026-07-11,2026-10-08
USIG,iShares Broad USD Investment Grade Corporate Bond ETF,NASDAQ,N,active,2026-07-11,2026-10-08
USIN,WisdomTree 7-10 Year Laddered Treasury Fund,NASDAQ,N,active,2026-07-11,2026-10-08
USIO,"Usio, Inc. - Common Stock",NASDAQ,N,active,2026-07-11,2026-10-08
USLM,"United States Lime & Minerals, Inc. - Common Stock",NASDAQ,N,active,2026-07-11,2026-10-08
USMC,Principal U.S. Mega-Cap ETF,NASDAQ,N,active,2026-07-11,2026-10-08
USNA,"USANA Health Sciences, Inc. Common Stock",NYSE,N,active,2026-07-11,2026-10-08
USOI,"ETRACS Crude Oil Shares Covered Call ETNs due April 24, 2037",NASDAQ,N,active,2026-07-11,2026-10-08
USOY,Defiance Oil Enhanced Options Income ETF,NASDAQ,N,active,2026-07-11,2026-10-08
USPH,"U.S. Physical Therapy, Inc. Common Stock",NYSE,N,active,2026-07-11,2026-10-08
USRD,Themes US R&D Champions ETF,NASDAQ,N,removed,2026-07-11,2026-07-28
USSH,WisdomTree 1-3 Year Laddered Treasury Fund,NASDAQ,N,active,2026-07-11,2026-10-08
USTB,VictoryShares Short-Term Bond ETF,NASDAQ,N,active,2026-07-11,2026-10-08
USVM,VictoryShares US Small Mid Cap Value Momentum ETF,NASDAQ,N,active,2026-07-11,2026-10-08
USVN,US Treasury 7 Year Note ETF,NASDAQ,N,active,2026-07-11,2026-10-08
USXF,iShares ESG Advanced MSCI USA ETF,NASDAQ,N,active,2026-07-11,2026-10-08
UTEN,US Treasury 10 Year Note ETF,NASDAQ,N,active,2026-07-11,2026-10-08
UTF,"Cohen & Steers Infrastructure Fund, Inc Common Stock",NYSE,N,active,2026-07-11,2026-10-08
UTG,Reaves Utility Income Fund Common Shares of Beneficial Interest,NYSE American,N,active,2026-07-11,2026-10-08
UTHR,United Therapeutics Corporation - Common Stock,NASDAQ,N,active,2026-07-11,2026-10-08
UTHY,US Treasury 30 Year Bond ETF,NASDAQ,N,active,2026-07-11,2026-10-08
UTI,Universal Technical Institute Inc Common Stock,NYSE,N,active,2026-07-11,2026-10-08
UTL,UNITIL Corporation Common Stock,NYSE,N,active,2026-07-11,2026-10-08
UTMD,"Utah Medical Products, Inc. - Common Stock",NASDAQ,N,active,2026-07-11,2026-10-08
UTRE,US Treasury 3 Year Note ETF,NASDAQ,N,active,2026-07-11,2026-10-08
UTSI,UTStarcom Holdings Corp - Ordinary Shares,NASDAQ,N,active,2026-07-11,2026-10-08
UTWO,US Treasury 2 Year Note ETF,NASDAQ,N,active,2026-07-11,2026-10-08
UTWY,US Treasury 20 Year Bond ETF,NASDAQ,N,active,2026-07-11,2026-10-08
UTZ,Utz Brands Inc Class A Common Stock ,NYSE,N,active,2026-07-11,2026-10-08
UUU,"Universal Safety Products, Inc. Common Stock",NYSE American,N,active,2026-07-11,2026-10-08
UUUG,Leverage Shares 2X Long UUUU Daily ETF,NASDAQ,N,active,2026-07-11,2026-10-08
UUUU,Energy Fuels Inc Ordinary Shares (Canada),NYSE American,N,active,2026-07-11,2026-10-08
UVE,UNIVERSAL INSURANCE HOLDINGS INC Common Stock,NYSE,N,active,2026-07-11,2026-10-08
UVSP,Univest Financial Corporation - Common Stock,NASDAQ,N,active,2026-07-11,2026-10-08
UVV,Universal Corporation Common Stock,NYSE,N,active,2026-07-11,2026-10-08
UWMC,UWM Holdings Corporation Class A Common Stock,NYSE,N,active,2026-07-11,2026-10-08
UXIN,Uxin Limited - American Depositary Shares,NASDAQ,N,active,2026-07-11,2026-10-08
UYLD,Angel Oak UltraShort Income ETF,NASDAQ,N,active,2026-07-11,2026-10-08
UYSC,UY Scuti Acquisition Corp. - Ordinary Shares,NASDAQ,N,active,2026-07-11,2026-10-08
UZX,Linkage Global Inc - Class A Ordinary Shares,NASDAQ,D,active,2026-07-11,2026-10-08
V,Visa Inc.,NYSE,N,active,2026-07-11,2026-10-08
VABK,Virginia National Bankshares Corporation - Common Stock,NASDAQ,N,active,2026-07-11,2026-10-08
VAC,Marriott Vacations Worldwide Corporation Common Stock,NYSE,N,active,2026-07-11,2026-10-08
VACI,Viking Acquisition Corp. I Class A Ordinary Shares,NYSE,N,removed,2026-07-11,2026-10-02
VAL,Valaris Limited Common Shares,NYSE,N,active,2026-07-11,2026-10-08
VALE,VALE S.A.  American Depositary Shares Each Representing one common share,NYSE,N,active,2026-07-11,2026-10-08
VALG,Leverage Shares 2X Long VALE Daily ETF,NASDAQ,N,active,2026-07-11,2026-10-08
VALN,Valneva SE - American Depositary Shares,NASDAQ,N,active,2026-07-11,2026-10-08
VALU,"Value Line, Inc. - Common Stock",NASDAQ,N,active,2026-07-11,2026-10-08
VANI,"Vivani Medical, Inc.  - Common Stock",NASDAQ,N,active,2026-07-11,2026-10-08
VATE,INNOVATE Corp. Common Stock,NYSE,N,active,2026-07-11,2026-10-08
VAVX,VanEck Avalanche ETF,NASDAQ,N,active,2026-07-11,2026-10-08
VBCA,Vanguard Target Maturity 2027 Corporate Bond ETF,NASDAQ,N,active,2026-07-11,2026-10-08
VBCB,Vanguard Target Maturity 2028 Corporate Bond ETF,NASDAQ,N,active,2026-07-11,2026-10-08
VBCC,Vanguard Target Maturity 2029 Corporate Bond ETF,NASDAQ,N,active,2026-07-11,2026-10-08
VBCD,Vanguard Target Maturity 2030 Corporate Bond ETF,NASDAQ,N,active,2026-07-11,2026-10-08
VBCE,Vanguard Target Maturity 2031 Corporate Bond ETF,NASDAQ,N,active,2026-07-11,2026-10-08
VBCF,Vanguard Target Maturity 2032 Corporate Bond ETF,NASDAQ,N,active,2026-07-11,2026-10-08
VBCG,Vanguard Target Maturity 2033 Corporate Bond ETF,NASDAQ,N,active,2026-07-11,2026-10-08
VBCH,Vanguard Target Maturity 2034 Corporate Bond ETF,NASDAQ,N,active,2026-07-11,2026-10-08
VBCI,Vanguard Target Maturity 2035 Corporate Bond ETF,NASDAQ,N,active,2026-07-11,2026-10-08
VBCJ,Vanguard Target Maturity 2036 Corporate Bond ETF,NASDAQ,N,active,2026-07-11,2026-10-08
VBIL,Vanguard 0-3 Month Treasury Bill ETF,NASDAQ,N,active,2026-07-11,2026-10-08
VBIO,"Valion Bio, Inc. - Common stock",NASDAQ,N,active,2026-07-11,2026-10-08
VBNB,VanEck BNB ETF,NASDAQ,N,active,2026-07-11,2026-10-08
VBNK,VersaBank - Common Shares,NASDAQ,N,active,2026-07-11,2026-10-08
VC,Visteon Corporation - Common Stock,NASDAQ,N,active,2026-07-11,2026-10-08
VCEL,Vericel Corporation - Common Stock,NASDAQ,N,active,2026-07-11,2026-10-08
VCIG,VCI Global Limited - Ordinary Share,NASDAQ,N,active,2026-07-11,2026-10-08
VCIT,Vanguard Intermediate-Term Corporate Bond ETF,NASDAQ,N,active,2026-07-11,2026-10-08
VCLT,Vanguard Long-Term Corporate Bond ETF,NASDAQ,N,active,2026-07-11,2026-10-08
VCRB,Vanguard Core Bond ETF,NASDAQ,N,active,2026-07-11,2026-10-08
VCRE,Vicore Pharma Holding AB - American Depositary Shares,NASDAQ,N,active,2026-07-11,2026-10-08
VCSH,Vanguard Short-Term Corporate Bond ETF,NASDAQ,N,active,2026-07-11,2026-10-08
VCTR,"Victory Capital Holdings, Inc. - Common Stock",NASDAQ,N,active,2026-07-11,2026-10-08
VCV,Invesco California Value Municipal Income Trust Common Stock,NYSE,N,active,2026-07-11,2026-10-08
VCX,"Fundrise Innovation Fund, LLC Common Shares of Limited Liability Company Interests",NYSE,N,active,2026-07-11,2026-10-08
VCYT,"Veracyte, Inc. - Common Stock",NASDAQ,N,active,2026-07-11,2026-10-08
VECA,Vernal Capital Acquisition Corp. Ordinary Shares,NYSE,N,active,2026-07-11,2026-10-08
VECO,Veeco Instruments Inc. - Common Stock,NASDAQ,N,active,2026-07-11,2026-10-08
VEEA,Veea Inc. - Common Stock,NASDAQ,D,active,2026-07-11,2026-10-08
VEEE,Twin Vee PowerCats Co. - Common Stock,NASDAQ,N,active,2026-07-11,2026-10-08
VEEV,Veeva Systems Inc. Class A Common Stock,NYSE,N,active,2026-07-11,2026-10-08
VEFA,VanEck MSCI EAFE Analyst Sentiment ETF,NASDAQ,N,active,2026-07-11,2026-10-08
VEL,"Velocity Financial, Inc. Common Stock",NYSE,N,active,2026-07-11,2026-10-08
VELO,"Velo3D, Inc. - Common stock",NASDAQ,N,active,2026-07-11,2026-10-08
VENU,Venu Holding Corporation Common Stock,NYSE American,N,active,2026-07-11,2026-10-08
VEON,VEON Ltd. - American Depositary Shares,NASDAQ,N,active,2026-07-11,2026-10-08
VERA,"Vera Therapeutics, Inc. - Class A Common Stock",NASDAQ,N,active,2026-07-11,2026-10-08
VERI,"Veritone, Inc. - Common Stock",NASDAQ,N,active,2026-07-11,2026-10-08
VERU,Veru Inc. - Common Stock,NASDAQ,N,active,2026-07-11,2026-10-08
VERX,"Vertex, Inc. - Class A Common Stock",NASDAQ,N,active,2026-07-11,2026-10-08
VET,Vermilion Energy Inc. Common (Canada),NYSE,N,active,2026-07-11,2026-10-08
VFC,V.F. Corporation Common Stock,NYSE,N,active,2026-07-11,2026-10-08
VFF,"Village Farms International, Inc. - Common Shares",NASDAQ,N,active,2026-07-11,2026-10-08
VFL,abrdn National Municipal Income Fund Common Stock,NYSE American,N,removed,2026-07-11,2026-07-12
VFLO,VictoryShares Free Cash Flow ETF,NASDAQ,N,active,2026-07-11,2026-10-08
VFS,VinFast Auto Ltd. - Ordinary Shares,NASDAQ,N,active,2026-07-11,2026-10-08
VG,"Venture Global, Inc. Class A common stock",NYSE,N,active,2026-07-11,2026-10-08
VGAS,"Verde Clean Fuels, Inc. - Class A Common Stock",NASDAQ,N,active,2026-07-11,2026-10-08
VGI,Virtus Global Multi-Sector Income Fund Common Shares of Beneficial Interest,NYSE,N,active,2026-07-11,2026-10-08
VGIT,Vanguard Intermediate-Term Treasury ETF,NASDAQ,N,active,2026-07-11,2026-10-08
VGLT,Vanguard Long-Term Treasury ETF,NASDAQ,N,active,2026-07-11,2026-10-08
VGM,Invesco Trust for Investment Grade Municipals Common Stock (DE),NYSE,N,active,2026-07-11,2026-10-08
VGNT,Versigent PLC Ordinary Shares,NYSE,N,active,2026-07-11,2026-10-08
VGSH,Vanguard Short-Term Treasury ETF,NASDAQ,N,active,2026-07-11,2026-10-08
VGSR,Vert Global Sustainable Real Estate ETF,NASDAQ,N,active,2026-07-11,2026-10-08
VGUS,Vanguard Ultra-Short Treasury ETF,NASDAQ,N,active,2026-07-11,2026-10-08
VGZ,Vista Gold Corp Common Stock,NYSE American,N,active,2026-07-11,2026-10-08
VHC,VirnetX Holding Corp - Common Stock,NASDAQ,N,active,2026-07-11,2026-10-08
VHCP,Vine Hill Capital Investment Corp. II - Class A Ordinary Shares,NASDAQ,N,active,2026-07-11,2026-10-08
VHI,"Valhi, Inc. Common Stock",NYSE,N,active,2026-07-11,2026-10-08
VHUB,"VenHub Global, Inc. - Common Stock",NASDAQ,D,active,2026-07-11,2026-10-08
VIA,"Via Transportation, Inc. Class A Common Stock",NYSE,N,active,2026-07-11,2026-10-08
VIAV,Viavi Solutions Inc. - Common Stock,NASDAQ,N,active,2026-07-11,2026-10-08
VICI,VICI Properties Inc. Common Stock,NYSE,N,active,2026-07-11,2026-10-08
VICR,Vicor Corporation - Common Stock,NASDAQ,N,active,2026-07-11,2026-10-08
VIDA,VIDA Global Inc. Class A Common Stock,NYSE American,N,active,2026-07-11,2026-10-08
VIGI,Vanguard International Dividend Appreciation ETF,NASDAQ,N,active,2026-07-11,2026-10-08
VIK,Viking Holdings Ltd Ordinary Shares,NYSE,N,active,2026-07-11,2026-10-08
VINP,Vinci Compass Investments Ltd. - Class A Common Shares,NASDAQ,N,active,2026-07-11,2026-10-08
VIOT,"Viomi Technology Co., Ltd - American Depositary Shares",NASDAQ,N,active,2026-07-11,2026-10-08
VIPS,"Vipshop Holdings Limited American Depositary Shares, each representing two ordinary shares",NYSE,N,active,2026-07-11,2026-10-08
VIR,"Vir Biotechnology, Inc. - Common Stock",NASDAQ,N,active,2026-07-11,2026-10-08
VIRC,Virco Manufacturing Corporation - Common Stock,NASDAQ,N,active,2026-07-11,2026-10-08
VIRT,"Virtu Financial, Inc. Class A Common Stock",NYSE,N,active,2026-07-11,2026-10-08
VISN,"Vistance Networks, Inc.  - Common Stock",NASDAQ,N,active,2026-07-11,2026-10-08
VIST,"Vista Energy S.A.B. de C.V. American Depositary Shares, each representing one series A share, with no par value",NYSE,N,active,2026-07-11,2026-10-08
VITL,"Vital Farms, Inc. - Common Stock",NASDAQ,N,active,2026-07-11,2026-10-08
VIV,Telefonica Brasil S.A. American Depositary Shares (Each representing One Common Share),NYSE,N,active,2026-07-11,2026-10-08
VIVK,"Vivakor, Inc. - Common Stock",NASDAQ,N,active,2026-07-11,2026-10-08
VIVO,VivoPower PLC - Class A Ordinary Shares,NASDAQ,N,active,2026-07-11,2026-10-08
VIVS,"VivoSim Labs, Inc. - Common Stock",NASDAQ,D,active,2026-07-11,2026-10-08
VKI,Invesco Advantage Municipal Income Trust II Common Shares of Beneficial Interest (DE),NYSE American,N,active,2026-07-11,2026-10-08
VKQ,Invesco Municipal Trust Common Stock,NYSE,N,active,2026-07-11,2026-10-08
VKTX,"Viking Therapeutics, Inc. - Common Stock",NASDAQ,N,active,2026-07-11,2026-10-08
VLGEA,"Village Super Market, Inc. - Class A Common Stock",NASDAQ,N,active,2026-07-11,2026-10-08
VLN,Valens Semiconductor Ltd. Ordinary Shares,NYSE,N,active,2026-07-11,2026-10-08
VLO,Valero Energy Corporation Common Stock,NYSE,N,active,2026-07-11,2026-10-08
VLRS,"Controladora Vuela Compania de Aviacion, S.A.B. de C.V. American Depositary Shares, each representing ten (10) Ordinary Participation Certificates",NYSE,N,active,2026-07-11,2026-10-08
VLT,Invesco High Income Trust II,NYSE,N,active,2026-07-11,2026-10-08
VLTO,Veralto Corp Common Stock ,NYSE,N,active,2026-07-11,2026-10-08
VLY,Valley National Bancorp - Common Stock,NASDAQ,N,active,2026-07-11,2026-10-08
VMAR,Vision Marine Technologies Inc. - Common Shares,NASDAQ,N,active,2026-07-11,2026-10-08
VMBS,Vanguard Mortgage-Backed Securities ETF,NASDAQ,N,active,2026-07-11,2026-10-08
VMC,Vulcan Materials Company (Holding Company) Common Stock,NYSE,N,active,2026-07-11,2026-10-08
VMD,"Viemed Healthcare, Inc. - Common Shares",NASDAQ,N,active,2026-07-11,2026-10-08
VMET,Versamet Royalties Corporation - Common Stock,NASDAQ,N,active,2026-07-11,2026-10-08
VMI,"Valmont Industries, Inc. Common Stock",NYSE,N,active,2026-07-11,2026-10-08
VMO,Invesco Municipal Opportunity Trust Common Stock,NYSE,N,active,2026-07-11,2026-10-08
VNCE,Vince Holding Corp. - Common Stock,NASDAQ,N,active,2026-07-11,2026-10-08
VNDA,Vanda Pharmaceuticals Inc. - Common Stock,NASDAQ,N,active,2026-07-11,2026-10-08
VNET,"VNET Group, Inc. - American Depositary Shares",NASDAQ,N,active,2026-07-11,2026-10-08
VNME,Vendome Acquisition Corporation I - Class A Ordinary Shares,NASDAQ,N,active,2026-07-11,2026-10-08
VNO,Vornado Realty Trust Common Stock,NYSE,N,active,2026-07-11,2026-10-08
VNO$L,Vornado Realty Trust Pfd Ser L %,NYSE,N,active,2026-07-11,2026-10-08
VNOM,"Viper Energy, Inc.  - Class A Common Stock",NASDAQ,N,active,2026-07-11,2026-10-08
VNQI,Vanguard Global ex-U.S. Real Estate ETF,NASDAQ,N,active,2026-07-11,2026-10-08
VNRX,VolitionRX Limited Common Stock,NYSE American,N,active,2026-07-11,2026-10-08
VNT,Vontier Corporation Common Stock ,NYSE,N,active,2026-07-11,2026-10-08
VNTG,Vantage Corp Class A Ordinary Shares,NYSE American,N,active,2026-07-11,2026-10-08
VOD,Vodafone Group Plc - American Depositary Shares each representing ten Ordinary Shares,NASDAQ,N,active,2026-07-11,2026-10-08
VOLT,Tema Electrification ETF,NASDAQ,N,active,2026-07-11,2026-10-08
VONE,Vanguard Russell 1000 ETF,NASDAQ,N,active,2026-07-11,2026-10-08
VONG,Vanguard Russell 1000 Growth ETF,NASDAQ,N,active,2026-07-11,2026-10-08
VONV,Vanguard Russell 1000 Value ETF,NASDAQ,N,active,2026-07-11,2026-10-08
VOR,Vor Biopharma Inc. - Common Stock,NASDAQ,N,active,2026-07-11,2026-10-08
VOTE,TCW Transform 500 ETF,NASDAQ,N,active,2026-07-11,2026-10-08
VOXR,Vox Royalty Corp. - common stock,NASDAQ,N,active,2026-07-11,2026-10-08
VOYA,"Voya Financial, Inc. Common Stock",NYSE,N,active,2026-07-11,2026-10-08
VOYG,"Voyager Technologies, Inc. Class A Common Stock",NYSE,N,active,2026-07-11,2026-10-08
VPG,"Vishay Precision Group, Inc. Common Stock",NYSE,N,active,2026-07-11,2026-10-08
VPLS,Vanguard Core Plus Bond ETF,NASDAQ,N,active,2026-07-11,2026-10-08
VPV,Invesco Pennsylvania Value Municipal Income Trust Common Stock (DE),NYSE,N,active,2026-07-11,2026-10-08
VRA,"Vera Bradley, Inc. - Common Stock",NASDAQ,N,active,2026-07-11,2026-10-08
VRAX,Virax Biolabs Group Limited - Ordinary Shares,NASDAQ,N,active,2026-07-11,2026-10-08
VRCA,Verrica Pharmaceuticals Inc. - Common Stock,NASDAQ,N,active,2026-07-11,2026-10-08
VRDN,"Viridian Therapeutics, Inc.  - Common Stock",NASDAQ,N,active,2026-07-11,2026-10-08
VREX,Varex Imaging Corporation - Common Stock,NASDAQ,N,active,2026-07-11,2026-10-08
VRIG,Invesco Variable Rate Investment Grade ETF,NASDAQ,N,active,2026-07-11,2026-10-08
VRM,"Vroom, Inc. - Common Stock",NASDAQ,N,active,2026-07-11,2026-10-08
VRME,"VerifyMe, Inc. - Common Stock",NASDAQ,D,removed,2026-07-11,2026-10-01
VRNS,"Varonis Systems, Inc. - Common Stock",NASDAQ,N,active,2026-07-11,2026-10-08
VRRM,Verra Mobility Corporation - Class A Common Stock,NASDAQ,N,active,2026-07-11,2026-10-08
VRSK,"Verisk Analytics, Inc. - Common Stock",NASDAQ,N,active,2026-07-11,2026-10-08
VRSN,"VeriSign, Inc. - Common Stock",NASDAQ,N,active,2026-07-11,2026-10-08
VRT,"Vertiv Holdings, LLC Class A Common Stock",NYSE,N,active,2026-07-11,2026-10-08
VRTL,GraniteShares 2x Long VRT Daily ETF,NASDAQ,N,active,2026-07-11,2026-10-08
VRTS,"Virtus Investment Partners, Inc. Common Stock",NYSE,N,active,2026-07-11,2026-10-08
VRTX,Vertex Pharmaceuticals Incorporated - Common Stock,NASDAQ,N,active,2026-07-11,2026-10-08
VRXA,Veraxa Biotech AG - Ordinary Shares,NASDAQ,N,active,2026-07-11,2026-10-08
VS,Versus Systems Inc. - Common Stock,NASDAQ,N,active,2026-07-11,2026-10-08
VSA,VisionSys AI Inc. - American Depositary Shares,NASDAQ,N,active,2026-07-11,2026-10-08
VSAT,"ViaSat, Inc. - Common Stock",NASDAQ,N,active,2026-07-11,2026-10-08
VSDA,VictoryShares Dividend Accelerator ETF,NASDAQ,N,active,2026-07-11,2026-10-08
VSEC,VSE Corporation - Common Stock,NASDAQ,N,active,2026-07-11,2026-10-08
VSEE,"VSee Health, Inc. - Common Stock",NASDAQ,D,removed,2026-07-11,2026-08-05
VSH,"Vishay Intertechnology, Inc. Common Stock",NYSE,N,active,2026-07-11,2026-10-08
VSME,VS Media Holdings Limited - Class A Ordinary Shares,NASDAQ,N,active,2026-07-11,2026-10-08
VSMV,VictoryShares US Multi-Factor Minimum Volatility ETF,NASDAQ,N,active,2026-07-11,2026-10-08
VSNT,"Versant Media Group, Inc. - Class A Common Stock",NASDAQ,N,active,2026-07-11,2026-10-08
VSOL,VanEck Solana ETF,NASDAQ,N,active,2026-07-11,2026-10-08
VST,Vistra Corp. Common Stock,NYSE,N,active,2026-07-11,2026-10-08
VSTD,Vestand Inc.  - Class A Common Stock,NASDAQ,H,removed,2026-07-11,2026-07-24
VSTL,Defiance Daily Target 2X Long VST ETF,NASDAQ,N,active,2026-07-11,2026-10-08
VSTM,"Verastem, Inc. - Common Stock",NASDAQ,N,active,2026-07-11,2026-10-08
VSTS,Vestis Corporation Common Stock,NYSE,N,active,2026-07-11,2026-10-08
VSXY,Victorias Secret & Co. Common Stock ,NYSE,N,active,2026-07-11,2026-10-08
VTAK,"Catheter Precision, Inc. Common Stock",NYSE American,N,removed,2026-07-11,2026-10-03
VTC,Vanguard Total Corporate Bond ETF,NASDAQ,N,active,2026-07-11,2026-10-08
VTEX,VTEX Class A Common Shares,NYSE,N,active,2026-07-11,2026-10-08
VTGN,"Vistagen Therapeutics, Inc. - Common Stock",NASDAQ,D,active,2026-07-11,2026-10-08
VTHR,Vanguard Russell 3000 ETF,NASDAQ,N,active,2026-07-11,2026-10-08
VTIP,Vanguard Short-Term Inflation-Protected Securities Index Fund ETF Shares,NASDAQ,N,active,2026-07-11,2026-10-08
VTIX,Virtuix Holdings Inc. - Class A Common Stock,NASDAQ,N,active,2026-07-11,2026-10-08
VTMX,"Corporacion Inmobiliaria Vesta, S.A.B de C.V. American Depositary Shares, each representing ten (10) Common Shares",NYSE,N,active,2026-07-11,2026-10-08
VTN,Invesco Trust for Investment Grade New York Municipals Common Stock,NYSE,N,active,2026-07-11,2026-10-08
VTOL,"Bristow Group, Inc. Common Stock",NYSE,N,active,2026-07-11,2026-10-08
VTR,"Ventas, Inc. Common Stock",NYSE,N,active,2026-07-11,2026-10-08
VTRS,Viatris Inc. - Common Stock,NASDAQ,N,active,2026-07-11,2026-10-08
VTS,"Vitesse Energy, Inc. Common Stock",NYSE,N,active,2026-07-11,2026-10-08
VTSI,"VirTra, Inc. - Common Stock",NASDAQ,N,active,2026-07-11,2026-10-08
VTVT,vTv Therapeutics Inc. - Class A Common Stock,NASDAQ,N,active,2026-07-11,2026-10-08
VTWG,Vanguard Russell 2000 Growth ETF,NASDAQ,N,active,2026-07-11,2026-10-08
VTWO,Vanguard Russell 2000 ETF,NASDAQ,N,active,2026-07-11,2026-10-08
VTWV,Vanguard Russell 2000 Value ETF,NASDAQ,N,active,2026-07-11,2026-10-08
VUZI,Vuzix Corporation  - Common Stock,NASDAQ,N,active,2026-07-11,2026-10-08
VVOS,"Vivos Therapeutics, Inc. - Common Stock",NASDAQ,D,active,2026-07-11,2026-10-08
VVR,Invesco Senior Income Trust Common Stock (DE),NYSE,N,active,2026-07-11,2026-10-08
VVV,Valvoline Inc. Common Stock,NYSE,N,active,2026-07-11,2026-10-08
VVX,"V2X, Inc. Common Stock",NYSE,N,active,2026-07-11,2026-10-08
VWAV,"VisionWave Holdings, Inc. - Common Stock",NASDAQ,N,active,2026-07-11,2026-10-08
VWOB,Vanguard Emerging Markets Government Bond ETF,NASDAQ,N,active,2026-07-11,2026-10-08
VXUS,Vanguard Total International Stock ETF,NASDAQ,N,active,2026-07-11,2026-10-08
VYGR,"Voyager Therapeutics, Inc. - Common Stock",NASDAQ,N,active,2026-07-11,2026-10-08
VYMI,Vanguard International High Dividend Yield ETF,NASDAQ,N,active,2026-07-11,2026-10-08
VYNE,VYNE Therapeutics Inc. - Common Stock,NASDAQ,D,removed,2026-07-11,2026-07-27
VYX,NCR Voyix Corporation Common Stock,NYSE,N,active,2026-07-11,2026-10-08
VZ,Verizon Communications Inc. Common Stock,NYSE,N,active,2026-07-11,2026-10-08
VZLA,Vizsla Silver Corp. Common Shares,NYSE American,N,active,2026-07-11,2026-10-08
W,Wayfair Inc. Class A Common Stock,NYSE,N,active,2026-07-11,2026-10-08
WAB,Westinghouse Air Brake Technologies Corporation Common Stock,NYSE,N,active,2026-07-11,2026-10-08
WABC,Westamerica Bancorporation - Common Stock,NASDAQ,N,active,2026-07-11,2026-10-08
WABF,Western Asset Bond ETF,NASDAQ,N,active,2026-07-11,2026-10-08
WAFD,"WaFd, Inc. - Common Stock",NASDAQ,N,active,2026-07-11,2026-10-08
WAFDP,"WaFd, Inc. - Depositary Shares",NASDAQ,N,active,2026-07-11,2026-10-08
WAFU,Wah Fu Education Group Limited - Ordinary Shares,NASDAQ,N,active,2026-07-11,2026-10-08
WAI,Top KingWin Ltd - Class A Ordinary Shares,NASDAQ,N,removed,2026-07-11,2026-07-15
WAL,Western Alliance Bancorporation Common Stock (DE),NYSE,N,active,2026-07-11,2026-10-08
WALD,Waldencast plc - Class A Ordinary Share,NASDAQ,N,removed,2026-07-11,2026-10-03
WAMA,WisdomTree US Adaptive Moving Average Fund,NASDAQ,N,active,2026-07-11,2026-10-08
WARP,VanEck Space ETF,NASDAQ,N,active,2026-07-11,2026-10-08
WASH,"Washington Trust Bancorp, Inc. - Common Stock",NASDAQ,N,active,2026-07-11,2026-10-08
WAT,Waters Corporation Common Stock,NYSE,N,active,2026-07-11,2026-10-08
WATT,Energous Corporation - Common Stock,NASDAQ,N,active,2026-07-11,2026-10-08
WAVE,Eco Wave Power Global AB (publ) - American Depositary Shares,NASDAQ,N,active,2026-07-11,2026-10-08
WAY,Waystar Holding Corp. - Common Stock,NASDAQ,N,active,2026-07-11,2026-10-08
WB,Weibo Corporation - American Depositary Shares,NASDAQ,N,active,2026-07-11,2026-10-08
WBD,"Warner Bros. Discovery, Inc. - Series A Common Stock",NASDAQ,N,removed,2026-07-11,2026-10-07
WBI,WaterBridge Infrastructure LLC Class A Shares Representing Limited Liability Company Interests,NYSE,N,active,2026-07-11,2026-10-08
WBIY,WBI Power Factor High Dividend ETF,NYSE,N,active,2026-07-11,2026-10-08
WBS,Webster Financial Corporation Common Stock,NYSE,N,removed,2026-07-11,2026-08-19
WBTN,WEBTOON Entertainment Inc. - Common stock,NASDAQ,N,active,2026-07-11,2026-10-08
WBUY,WEBUY GLOBAL LTD. - Class A Ordinary Shares,NASDAQ,D,active,2026-07-11,2026-10-08
WBX,Wallbox N.V. Class A Ordinary Shares,NYSE,N,active,2026-07-11,2026-10-08
WCBR,WisdomTree Cybersecurity Fund,NASDAQ,N,active,2026-07-11,2026-10-08
WCC,"WESCO International, Inc. Common Stock",NYSE,N,active,2026-07-11,2026-10-08
WCLD,WisdomTree Cloud Computing Fund,NASDAQ,N,active,2026-07-11,2026-10-08
WCN,"Waste Connections, Inc. Common Shares",NYSE,N,active,2026-07-11,2026-10-08
WCT,Wellchange Holdings Company Limited - Class A Ordinary shares,NASDAQ,N,active,2026-07-11,2026-10-08
WD,"Walker & Dunlop, Inc Common Stock",NYSE,N,active,2026-07-11,2026-10-08
WDAF,WisdomTree Asia Defense Fund,NASDAQ,N,active,2026-07-11,2026-10-08
WDAY,"Workday, Inc. - Class A Common Stock",NASDAQ,N,active,2026-07-11,2026-10-08
WDC,Western Digital Corporation - Common Stock,NASDAQ,N,active,2026-07-11,2026-10-08
WDFC,WD-40 Company - Common Stock,NASDAQ,N,active,2026-07-11,2026-10-08
WDGF,WisdomTree Global Defense Fund,NASDAQ,N,active,2026-07-11,2026-10-08
WDI,Western Asset Diversified Income Fund Common Shares of Beneficial Interest,NYSE,N,active,2026-07-11,2026-10-08
WDS,"Woodside Energy Group Limited American Depositary Shares, each representing one Ordinary Share",NYSE,N,active,2026-07-11,2026-10-08
WEAV,"Weave Communications, Inc. Common Stock",NYSE,N,active,2026-07-11,2026-10-08
WEC,"WEC Energy Group, Inc. Common Stock",NYSE,N,active,2026-07-11,2026-10-08
WEEI,Westwood Salient Enhanced Energy Income ETF,NASDAQ,N,active,2026-07-11,2026-10-08
WELL,Welltower Inc. Common Stock,NYSE,N,active,2026-07-11,2026-10-08
WEN,Wendy's Company (The) - Common Stock,NASDAQ,N,active,2026-07-11,2026-10-08
WENC,West Enclave Merger Corp. Ordinary Shares,NYSE,N,active,2026-07-11,2026-10-08
WENN,Wen Acquisition Corp - Class A Ordinary Shares,NASDAQ,N,active,2026-07-11,2026-10-08
WERN,"Werner Enterprises, Inc. - Common Stock",NASDAQ,N,active,2026-07-11,2026-10-08
WEST,Westrock Coffee Company - Common Stock,NASDAQ,N,active,2026-07-11,2026-10-08
WETH,Wetouch Technology Inc. - Common Stock,NASDAQ,N,active,2026-07-11,2026-10-08
WETO,Wetour Robotics Limited - Ordinary Shares,NASDAQ,N,active,2026-07-11,2026-10-08
WEX,WEX Inc. common stock,NYSE,N,active,2026-07-11,2026-10-08
WEYS,"Weyco Group, Inc. - Common Stock",NASDAQ,N,active,2026-07-11,2026-10-08
WF,Woori Financial Group Inc. American Depositary Shares (each representing three (3) shares of Common Stock),NYSE,N,active,2026-07-11,2026-10-08
WFC,Wells Fargo & Company Common Stock,NYSE,N,active,2026-07-11,2026-10-08
WFCF,"Where Food Comes From, Inc. - Common Stock",NASDAQ,N,active,2026-07-11,2026-10-08
WFF,WF Holding Limited - Ordinary Shares,NASDAQ,N,active,2026-07-11,2026-10-08
WFG,West Fraser Timber Co. Ltd Common stock,NYSE,N,active,2026-07-11,2026-10-08
WFRD,Weatherford International plc - Ordinary shares,NASDAQ,N,active,2026-07-11,2026-10-08
WGMI,CoinShares Bitcoin Mining ETF,NASDAQ,N,active,2026-07-11,2026-10-08
WGO,"Winnebago Industries, Inc. Common Stock",NYSE,N,active,2026-07-11,2026-10-08
WGRX,"Wellgistics Health, Inc. - Common Stock",NASDAQ,D,removed,2026-07-11,2026-07-21
WGS,GeneDx Holdings Corp. - Class A Common Stock,NASDAQ,N,active,2026-07-11,2026-10-08
WH,"Wyndham Hotels & Resorts, Inc. Common Stock ",NYSE,N,active,2026-07-11,2026-10-08
WHD,"Cactus, Inc. Class A Common Stock",NYSE,N,active,2026-07-11,2026-10-08
WHF,"WhiteHorse Finance, Inc. - Closed End Fund",NASDAQ,N,active,2026-07-11,2026-10-08
WHG,Westwood Holdings Group Inc Common Stock,NYSE,N,active,2026-07-11,2026-10-08
WHK,WhiteHawk Minerals Corp Class A Common Stock,NYSE,N,active,2026-07-11,2026-10-08
WHLR,"Wheeler Real Estate Investment Trust, Inc. - Common Stock",NASDAQ,N,active,2026-07-11,2026-10-08
WHR,Whirlpool Corporation Common Stock,NYSE,N,active,2026-07-11,2026-10-08
WHWK,"Whitehawk Therapeutics, Inc. - Common Stock",NASDAQ,N,active,2026-07-11,2026-10-08
WIA,Western Asset Inflation-Linked Income Fund,NYSE,N,active,2026-07-11,2026-10-08
WILC,"G. Willi-Food International,  Ltd. - Ordinary Shares",NASDAQ,N,removed,2026-07-11,2026-08-27
WIMA,WisdomTree International Adaptive Moving Average Fund,NASDAQ,N,active,2026-07-11,2026-10-08
WIMI,WiMi Hologram Cloud Inc. - Class B Ordinary Shares,NASDAQ,N,active,2026-07-11,2026-10-08
WINA,Winmark Corporation - Common Stock,NASDAQ,N,active,2026-07-11,2026-10-08
WING,Wingstop Inc. - Common Stock,NASDAQ,N,active,2026-07-11,2026-10-08
WINN,Harbor Long-Term Growers ETF,NYSE,N,active,2026-07-11,2026-10-08
WISE,Themes Generative Artificial Intelligence ETF,NASDAQ,N,active,2026-07-11,2026-10-08
WIT,Wipro Limited Common Stock,NYSE,N,active,2026-07-11,2026-10-08
WIW,Western Asset Inflation-Linked Opportunities & Income Fund,NYSE,N,active,2026-07-11,2026-10-08
WIX,Wix.com Ltd. - Ordinary Shares,NASDAQ,N,active,2026-07-11,2026-10-08
WK,Workiva Inc. Class A Common Stock,NYSE,N,active,2026-07-11,2026-10-08
WKC,World Kinect Corporation Common Stock,NYSE,N,active,2026-07-11,2026-10-08
WKEY,WISeKey International Holding Ltd - American Depositary Shares,NASDAQ,N,removed,2026-07-11,2026-10-03
WKHS,"Workhorse Group, Inc. - Common Stock",NASDAQ,N,active,2026-07-11,2026-10-08
WKSP,"Worksport, Ltd. - Common Stock",NASDAQ,D,active,2026-07-11,2026-10-08
WLDN,"Willdan Group, Inc. - Common Stock",NASDAQ,N,active,2026-07-11,2026-10-08
WLDS,Wearable Devices Ltd. - Ordinary Share,NASDAQ,N,active,2026-07-11,2026-10-08
WLFC,Willis Lease Finance Corporation - Common Stock,NASDAQ,N,active,2026-07-11,2026-10-08
WLII,Willow Lane Acquisition Corp. II - Class A Ordinary Shares,NASDAQ,N,active,2026-07-11,2026-10-08
WLK,Westlake Corporation Common Stock,NYSE,N,active,2026-07-11,2026-10-08
WLTG,WealthTrust DBS Long Term Growth ETF,NYSE,N,active,2026-07-11,2026-10-08
WLTH,Wealthfront Corporation - Common Stock,NASDAQ,N,active,2026-07-11,2026-10-08
WLY,"John Wiley & Sons, Inc. Common Stock",NYSE,N,active,2026-07-11,2026-10-08
WLYB,"John Wiley & Sons, Inc. Common Stock",NYSE,N,active,2026-07-11,2026-10-08
WM,"Waste Management, Inc. Common Stock",NYSE,N,active,2026-07-11,2026-10-08
WMB,"Williams Companies, Inc. (The) Common Stock",NYSE,N,active,2026-07-11,2026-10-08
WMG,Warner Music Group Corp. - Class A Common Stock,NASDAQ,N,active,2026-07-11,2026-10-08
WMK,"Weis Markets, Inc. Common Stock",NYSE,N,active,2026-07-11,2026-10-08
WMS,"Advanced Drainage Systems, Inc. Common Stock",NYSE,N,active,2026-07-11,2026-10-08
WMT,Walmart Inc. - Common Stock,NASDAQ,N,active,2026-07-11,2026-10-08
WNC,Wabash National Corporation Common Stock,NYSE,N,active,2026-07-11,2026-10-08
WNEB,"Western New England Bancorp, Inc. - Common Stock",NASDAQ,N,active,2026-07-11,2026-10-08
WNW,Meiwu Technology Company Limited - Ordinary Shares,NASDAQ,N,active,2026-07-11,2026-10-08
WOK,WORK Medical Technology Group LTD - Class A Ordinary Shares,NASDAQ,N,active,2026-07-11,2026-10-08
WOLF,"Wolfspeed, Inc. Common Stock New",NYSE,N,active,2026-07-11,2026-10-08
WOOD,iShares Global Timber & Forestry ETF,NASDAQ,N,active,2026-07-11,2026-10-08
WOOF,"Petco Health and Wellness Company, Inc. - Class A Common Stock",NASDAQ,N,active,2026-07-11,2026-10-08
WOR,"Worthington Enterprises, Inc. Common Shares",NYSE,N,active,2026-07-11,2026-10-08
WPAC,White Pearl Acquisition Corp. Class A Ordinary Shares,NYSE,N,active,2026-07-11,2026-10-08
WPC,W. P. Carey Inc. REIT,NYSE,N,active,2026-07-11,2026-10-08
WPM,Wheaton Precious Metals Corp Common Shares (Canada),NYSE,N,active,2026-07-11,2026-10-08
WPP,WPP plc American Depositary Shares,NYSE,N,active,2026-07-11,2026-10-08
WPRT,Westport Fuel Systems Inc - Common Shares,NASDAQ,N,active,2026-07-11,2026-10-08
WRAP,"Wrap Technologies, Inc. - Common Stock",NASDAQ,N,active,2026-07-11,2026-10-08
WRB,W.R. Berkley Corporation Common Stock,NYSE,N,active,2026-07-11,2026-10-08
WRBY,Warby Parker Inc. Class A Common Stock,NYSE,N,active,2026-07-11,2026-10-08
WRD,WeRide Inc. - American Depositary Shares,NASDAQ,N,active,2026-07-11,2026-10-08
WRLD,World Acceptance Corporation - Common Stock,NASDAQ,N,active,2026-07-11,2026-10-08
WRN,Western Copper and Gold Corporation Common Stock,NYSE American,N,active,2026-07-11,2026-10-08
WRND,NYLI Global Equity R&D Leaders ETF,NASDAQ,N,active,2026-07-11,2026-10-08
WRTH,Worth Charting Options Income ETF,NASDAQ,N,active,2026-07-11,2026-10-08
WS,"Worthington Steel, Inc. Common Shares",NYSE,N,active,2026-07-11,2026-10-08
WSBC,"WesBanco, Inc. - Common Stock",NASDAQ,N,active,2026-07-11,2026-10-08
WSBF,"Waterstone Financial, Inc. - Common Stock",NASDAQ,N,active,2026-07-11,2026-10-08
WSBK,"Winchester Bancorp, Inc. - Common Stock",NASDAQ,N,active,2026-07-11,2026-10-08
WSC,WillScot Holdings Corporation - Class A Common Stock,NASDAQ,N,active,2026-07-11,2026-10-08
WSE,Wise Group plc - Class A Ordinary Shares,NASDAQ,N,active,2026-07-11,2026-10-08
WSFS,WSFS Financial Corporation - Common Stock,NASDAQ,N,active,2026-07-11,2026-10-08
WSGE,Warren Street Global Equity ETF,NASDAQ,N,active,2026-07-11,2026-10-08
WSHP,WeShop Holdings Limited - Class A Ordinary Shares,NASDAQ,N,active,2026-07-11,2026-10-08
WSM,"Williams-Sonoma, Inc. Common Stock (DE)",NYSE,N,active,2026-07-11,2026-10-08
WSML,iShares MSCI World Small-Cap ETF,NASDAQ,N,active,2026-07-11,2026-10-08
WSO,"Watsco, Inc. Common Stock",NYSE,N,active,2026-07-11,2026-10-08
WSO-B,"Watsco, Inc. Class B Common Stock",NYSE,N,active,2026-07-11,2026-10-08
WSPC,WisdomTree Space Economy Fund,NASDAQ,N,active,2026-07-11,2026-10-08
WSR,Whitestone REIT Common Shares,NYSE,N,removed,2026-07-11,2026-07-13
WST,"West Pharmaceutical Services, Inc. Common Stock",NYSE,N,active,2026-07-11,2026-10-08
WSTN,Westin Acquisition Corp - Class A Ordinary Share,NASDAQ,N,active,2026-07-11,2026-10-08
WT,"WisdomTree, Inc. Common Stock",NYSE,N,active,2026-07-11,2026-10-08
WTBA,West Bancorporation - Common Stock,NASDAQ,N,active,2026-07-11,2026-10-08
WTBN,WisdomTree Bianco Total Return Fund,NASDAQ,N,active,2026-07-11,2026-10-08
WTF,Waton Financial Limited - Ordinary Shares,NASDAQ,N,active,2026-07-11,2026-10-08
WTFC,Wintrust Financial Corporation - Common Stock,NASDAQ,N,active,2026-07-11,2026-10-08
WTG,Wintergreen Acquisition Corp. - Ordinary Shares,NASDAQ,N,active,2026-07-11,2026-10-08
WTI,"W&T Offshore, Inc. Common Stock",NYSE,N,active,2026-07-11,2026-10-08
WTIP,WisdomTree Inflation Plus Fund,NASDAQ,N,active,2026-07-11,2026-10-08
WTM,"White Mountains Insurance Group, Ltd. Common Stock",NYSE,N,active,2026-07-11,2026-10-08
WTMU,WisdomTree Core Laddered Municipal Fund,NASDAQ,N,active,2026-07-11,2026-10-08
WTMY,WisdomTree High Income Laddered Municipal Fund,NASDAQ,N,active,2026-07-11,2026-10-08
WTRG,"Essential Utilities, Inc. Common Stock",NYSE,N,active,2026-07-11,2026-10-08
WTS,"Watts Water Technologies, Inc. Class A Common Stock",NYSE,N,active,2026-07-11,2026-10-08
WTTR,"Select Water Solutions, Inc. Class A common stock",NYSE,N,active,2026-07-11,2026-10-08
WTW,Willis Towers Watson Public Limited Company - Ordinary Shares,NASDAQ,N,active,2026-07-11,2026-10-08
WU,Western Union Company (The) Common Stock,NYSE,N,active,2026-07-11,2026-10-08
WULF,TeraWulf Inc. - Common Stock,NASDAQ,N,active,2026-07-11,2026-10-08
WVE,Wave Life Sciences Ltd. - Ordinary Shares,NASDAQ,N,active,2026-07-11,2026-10-08
WVVI,"Willamette Valley Vineyards, Inc. - Common Stock",NASDAQ,N,active,2026-07-11,2026-10-08
WW,"WW International, Inc.  - Common Stock",NASDAQ,N,active,2026-07-11,2026-10-08
WWD,"Woodward, Inc. - Common Stock",NASDAQ,N,active,2026-07-11,2026-10-08
WWR,"Westwater Resources, Inc. Common Stock",NYSE American,N,active,2026-07-11,2026-10-08
WWW,"Wolverine World Wide, Inc. Common Stock",NYSE,N,active,2026-07-11,2026-10-08
WXM,WF International Limited - Ordinary Shares,NASDAQ,N,active,2026-07-11,2026-10-08
WY,Weyerhaeuser Company Common Stock,NYSE,N,active,2026-07-11,2026-10-08
WYFI,"WhiteFiber, Inc. - Ordinary Shares",NASDAQ,N,active,2026-07-11,2026-10-08
WYHG,Wing Yip Food Holdings Group Limited - American Depositary Shares,NASDAQ,N,active,2026-07-11,2026-10-08
WYNN,"Wynn Resorts, Limited - Common Stock",NASDAQ,N,active,2026-07-11,2026-10-08
WYY,WidePoint Corporation Common Stock,NYSE American,N,active,2026-07-11,2026-10-08
XAIR,"Beyond Air, Inc. - Common Stock",NASDAQ,N,active,2026-07-11,2026-10-08
XAIX,Xtrackers Artificial Intelligence and Big Data ETF,NASDAQ,N,active,2026-07-11,2026-10-08
XBCI,NEOS Boosted Bitcoin High Income ETF,NASDAQ,N,active,2026-07-11,2026-10-08
XBIL,US Treasury 6 Month Bill ETF,NASDAQ,N,active,2026-07-11,2026-10-08
XBIO,"Xenetic Biosciences, Inc. - Common Stock",NASDAQ,N,active,2026-07-11,2026-10-08
XBIT,XBiotech Inc. - Common Stock,NASDAQ,N,active,2026-07-11,2026-10-08
XBP,"XBP Global Holdings, Inc. - Common Stock",NASDAQ,N,active,2026-07-11,2026-10-08
XBTY,GraniteShares YieldBOOST Bitcoin ETF,NASDAQ,N,active,2026-07-11,2026-10-08
XCBE,X3 Acquisition Corp. Ltd. - Class A Ordinary Shares,NASDAQ,N,active,2026-07-11,2026-10-08
XCH,XCHG Limited - ADS,NASDAQ,N,active,2026-07-11,2026-10-08
XCNY,State Street SPDR S&P Emerging Markets ex-China ETF,NASDAQ,N,active,2026-07-11,2026-10-08
XCUR,"Exicure, Inc. - Common Stock",NASDAQ,D,active,2026-07-11,2026-10-08
XDEF,Xtrackers Europe Defense Technologies ETF,NASDAQ,N,active,2026-07-11,2026-10-08
XE,"X-Energy, Inc. - Class A Common Stock",NASDAQ,N,active,2026-07-11,2026-10-08
XEL,Xcel Energy Inc. - Common Stock,NASDAQ,N,active,2026-07-11,2026-10-08
XELB,"Xcel Brands, Inc - Common Stock",NASDAQ,D,active,2026-07-11,2026-10-08
XENE,Xenon Pharmaceuticals Inc. - Common Shares,NASDAQ,N,active,2026-07-11,2026-10-08
XERS,"Xeris Biopharma Holdings, Inc. - Common Stock",NASDAQ,N,active,2026-07-11,2026-10-08
XEY,GraniteShares YieldBOOST Ether ETF,NASDAQ,N,active,2026-07-11,2026-10-08
XFLH,XFLH Capital Corporation Ordinary Shares,NYSE,N,active,2026-07-11,2026-10-08
XFLT,XAI Floating Rate & Alternative Income Trust Common Shares of Beneficial Interest,NYSE,N,active,2026-07-11,2026-10-08
XFOR,"X4 Pharmaceuticals, Inc. - Common Stock",NASDAQ,N,active,2026-07-11,2026-10-08
XGN,Exagen Inc. - Common Stock,NASDAQ,N,active,2026-07-11,2026-10-08
XHG,XChange TEC.INC - American Depositary Shares,NASDAQ,N,active,2026-07-11,2026-10-08
XHLD,"TEN Holdings, Inc. - Common Stock",NASDAQ,N,active,2026-07-11,2026-10-08
XHR,"Xenia Hotels & Resorts, Inc. Common Stock",NYSE,N,active,2026-07-11,2026-10-08
XLO,"Xilio Therapeutics, Inc. - Common Stock",NASDAQ,N,active,2026-07-11,2026-10-08
XMAG,Defiance Large Cap ex-Mag 7 ETF,NASDAQ,N,active,2026-07-11,2026-10-08
XMAX,"XMAX, Inc. - Common Stock",NASDAQ,D,active,2026-07-11,2026-10-08
XMTR,"Xometry, Inc. - Class A Common Stock",NASDAQ,N,active,2026-07-11,2026-10-08
XNCR,"Xencor, Inc. - Common Stock",NASDAQ,N,active,2026-07-11,2026-10-08
XNDU,Xanadu Quantum Technologies Limited - Class B Subordinate Voting Shares,NASDAQ,N,active,2026-07-11,2026-10-08
XNET,Xunlei Limited - American Depositary Shares,NASDAQ,N,active,2026-07-11,2026-10-08
XOM,ExxonMobil Holdings Corporation Common Stock,NYSE,N,active,2026-07-11,2026-10-08
XOMA,XOMA Royalty Corporation - Common Stock,NASDAQ,N,removed,2026-07-11,2026-07-14
XOMX,Direxion Daily XOM Bull 2X ETF,NASDAQ,N,active,2026-07-11,2026-10-08
XOS,"Xos, Inc. - Common Stock",NASDAQ,N,active,2026-07-11,2026-10-08
XOVR,ERShares Private-Public Crossover ETF,NASDAQ,N,active,2026-07-11,2026-10-08
XP,XP Inc. - Class A Common Stock,NASDAQ,N,active,2026-07-11,2026-10-08
XPEG,Leverage Shares 2X Long XPEV Daily ETF,NASDAQ,N,active,2026-07-11,2026-10-08
XPEL,"XPEL, Inc. - Common Stock",NASDAQ,N,active,2026-07-11,2026-10-08
XPER,Xperi Inc. Common Stock ,NYSE,N,active,2026-07-11,2026-10-08
XPEV,"XPeng Inc. American depositary shares, each representing two Class A ordinary shares",NYSE,N,active,2026-07-11,2026-10-08
XPL,Solitario Resources Corp. Common Stock,NYSE American,N,active,2026-07-11,2026-10-08
XPO,"XPO, Inc. Common Stock",NYSE,N,active,2026-07-11,2026-10-08
XPOF,"Xponential Fitness, Inc. Class A Common Stock",NYSE,N,active,2026-07-11,2026-10-08
XPON,Expion360 Inc. - Common Stock,NASDAQ,N,active,2026-07-11,2026-10-08
XPRO,Expro Group Holdings N.V. Common Stock,NYSE,N,active,2026-07-11,2026-10-08
XQQI,NEOS Boosted Nasdaq-100 High Income ETF,NASDAQ,N,active,2026-07-11,2026-10-08
XRAY,DENTSPLY SIRONA Inc. - Common Stock,NASDAQ,N,active,2026-07-11,2026-10-08
XRN,Chiron Real Estate Inc. Common Stock,NYSE,N,active,2026-07-11,2026-10-08
XRPC,Canary XRP ETF,NASDAQ,N,active,2026-07-11,2026-10-08
XRPI,Volatility Shares Trust XRP ETF,NASDAQ,N,active,2026-07-11,2026-10-08
XRPN,Armada Acquisition Corp. II - Class A Ordinary Shares,NASDAQ,N,active,2026-07-11,2026-10-08
XRPT,Volatility Shares Trust XRP 2X ETF,NASDAQ,N,active,2026-07-11,2026-10-08
XRTX,XORTX Therapeutics Inc. - Common Shares,NASDAQ,N,active,2026-07-11,2026-10-08
XRX,Xerox Holdings Corporation - Common Stock,NASDAQ,N,active,2026-07-11,2026-10-08
XSLL,Xsolla SPAC 1 - Class A Ordinary Shares,NASDAQ,N,active,2026-07-11,2026-10-08
XSPC,VegaShares SpaceX & Beyond Earth ETF,NASDAQ,N,active,2026-07-11,2026-10-08
XSPI,NEOS Boosted S&P 500 High Income ETF,NASDAQ,N,active,2026-07-11,2026-10-08
XT,iShares Future Exponential Technologies ETF,NASDAQ,N,active,2026-07-11,2026-10-08
XTIA,"XTI Aerospace, Inc. Common Stock  - Common Stock",NASDAQ,E,active,2026-07-11,2026-10-08
XTLB,XTL Biopharmaceuticals Ltd. - American Depositary Shares,NASDAQ,N,active,2026-07-11,2026-10-08
XTNT,"Xtant Medical Holdings, Inc. Common Stock",NYSE American,N,active,2026-07-11,2026-10-08
XWEL,"XWELL, Inc. - Common Stock",NASDAQ,N,active,2026-07-11,2026-10-08
XXI,"Twenty One Capital, Inc. Class A Common Stock",NYSE,N,active,2026-07-11,2026-10-08
XXII,"22nd Century Group, Inc - Common Stock",NASDAQ,N,active,2026-07-11,2026-10-08
XXX,CYBER HORNET S&P 500 and XRP 75/25 Strategy ETF,NASDAQ,N,active,2026-07-11,2026-10-08
XYF,"X Financial American Depositary Shares, each representing six Class A Ordinary Shares",NYSE,N,active,2026-07-11,2026-10-08
XYL,Xylem Inc. Common Stock New,NYSE,N,active,2026-07-11,2026-10-08
XYZ,"Block, Inc. Class A Common Stock,",NYSE,N,active,2026-07-11,2026-10-08
XYZG,Leverage Shares 2X Long XYZ Daily ETF,NASDAQ,N,active,2026-07-11,2026-10-08
XZO,"Exzeo Group, Inc. Common Stock",NYSE,N,active,2026-07-11,2026-10-08
YAAS,Youxin Technology Ltd - Class A Ordinary shares,NASDAQ,N,active,2026-07-11,2026-10-08
YALA,"Yalla Group Limited American Depositary Shares, each representing one Class A Ordinary Share",NYSE,N,active,2026-07-11,2026-10-08
YB,Yuanbao Inc. - American Depositary Shares,NASDAQ,N,active,2026-07-11,2026-10-08
YBMN,Defiance BMNR Option Income ETF,NASDAQ,N,removed,2026-07-11,2026-08-20
YBST,GraniteShares YieldBoost Single Stock Universe ETF,NASDAQ,N,active,2026-07-11,2026-10-08
YBTY,GraniteShares YieldBoost TopYielders ETF,NASDAQ,N,active,2026-07-11,2026-10-08
YCBD,"cbdMD, Inc. Common Stock",NYSE American,N,active,2026-07-11,2026-10-08
YCY,AA Mission Acquisition Corp. II Class A Ordinary Shares,NYSE,N,active,2026-07-11,2026-10-08
YDDL,One and One Green Technologies. INC - Class A Ordinary Shares,NASDAQ,N,active,2026-07-11,2026-10-08
YDES,YD Bio Limited - Ordinary Shares,NASDAQ,N,active,2026-07-11,2026-10-08
YDKG,Yueda Digital Holding - Class A Ordinary Share,NASDAQ,N,active,2026-07-11,2026-10-08
YELP,Yelp Inc. Common Stock,NYSE,N,active,2026-07-11,2026-10-08
YETI,"YETI Holdings, Inc. Common Stock",NYSE,N,active,2026-07-11,2026-10-08
YEXT,"Yext, Inc. Common Stock",NYSE,N,active,2026-07-11,2026-10-08
YHC,LQR House Inc. - Common Stock,NASDAQ,N,active,2026-07-11,2026-10-08
YHGJ,Yunhong Green CTI Ltd. - Common Stock,NASDAQ,N,active,2026-07-11,2026-10-08
YHNA,YHN Acquisition I Limited - Ordinary Shares,NASDAQ,D,active,2026-07-11,2026-10-08
YI,"111, Inc. - American Depositary Shares",NASDAQ,N,active,2026-07-11,2026-10-08
YIBO,Planet Image International Limited - Class A Ordinary Shares,NASDAQ,N,active,2026-07-11,2026-10-08
YJ,Yunji Inc. - American Depository Shares,NASDAQ,N,active,2026-07-11,2026-10-08
YLDE,Franklin ClearBridge Enhanced Income ETF,NASDAQ,N,active,2026-07-11,2026-10-08
YMAT,"J-Star Holding Co., Ltd. - Class A Ordinary Shares",NASDAQ,N,active,2026-07-11,2026-10-08
YMM,Full Truck Alliance Co. Ltd. American Depositary Shares (each representing 20 Class A Ordinary Shares),NYSE,N,active,2026-07-11,2026-10-08
YMT,Yimutian Inc. - American Depositary Shares; each representing 25 Class A ordinary shares,NASDAQ,D,active,2026-07-11,2026-10-08
YNOT,Horizon Digital Frontier ETF,NASDAQ,N,active,2026-07-11,2026-10-08
YOKE,YOKE Core ETF,NASDAQ,N,active,2026-07-11,2026-10-08
YOOV,Concorde International Group Ltd - Class A Ordinary Shares,NASDAQ,D,removed,2026-07-11,2026-07-20
YORW,The York Water Company - Common Stock,NASDAQ,N,active,2026-07-11,2026-10-08
YOU,"Clear Secure, Inc. Class A Common Stock",NYSE,N,active,2026-07-11,2026-10-08
YOUL,Youlife Group Inc. - American Depositary Shares,NASDAQ,D,active,2026-07-11,2026-10-08
YPF,YPF Sociedad Anonima Common Stock,NYSE,N,active,2026-07-11,2026-10-08
YQ,17 Education & Technology Group Inc. - American Depositary Shares,NASDAQ,N,active,2026-07-11,2026-10-08
YQQQ,YieldMax Short N100 Option Income Strategy ETF,NASDAQ,N,active,2026-07-11,2026-10-08
YRD,"Yiren Digital Ltd. American Depositary Shares, each representing two ordinary shares",NYSE,N,active,2026-07-11,2026-10-08
YSG,"Yatsen Holding Limited American Depositary Shares, each representing twenty (20) Class A Ordinary Shares",NYSE,N,active,2026-07-11,2026-10-08
YSPY,GraniteShares YieldBOOST SPY ETF,NASDAQ,N,active,2026-07-11,2026-10-08
YSS,York Space Systems Inc. Common Stock,NYSE,N,active,2026-07-11,2026-10-08
YSWY,"Yesway, Inc. - Class A Common Stock",NASDAQ,N,active,2026-07-11,2026-10-08
YSXT,"YSX Tech. Co., Ltd  - Class A Ordinary Shares",NASDAQ,N,active,2026-07-11,2026-10-08
YTRA,"Yatra Online, Inc. - Ordinary Shares",NASDAQ,N,active,2026-07-11,2026-10-08
YUM,"Yum! Brands, Inc.",NYSE,N,active,2026-07-11,2026-10-08
YUMC,"Yum China Holdings, Inc. Common Stock",NYSE,N,active,2026-07-11,2026-10-08
YXT,YXT.COM GROUP HOLDING LIMITED - American Depository Shares,NASDAQ,N,active,2026-07-11,2026-10-08
YYAI,AiRWA Inc. - Common Stock,NASDAQ,N,active,2026-07-11,2026-10-08
YYGH,YY Group Holding Limited - Class A Ordinary Shares,NASDAQ,N,removed,2026-07-11,2026-09-01
Z,"Zillow Group, Inc. - Class C Capital Stock",NASDAQ,N,active,2026-07-11,2026-10-08
ZAP,Global X U.S. Electrification ETF,NASDAQ,N,active,2026-07-11,2026-10-08
ZBAO,Zhibao Technology Inc. - Class A Ordinary Shares,NASDAQ,D,active,2026-07-11,2026-10-08
ZBH,"Zimmer Biomet Holdings, Inc. Common Stock",NYSE,N,active,2026-07-11,2026-10-08
ZBIO,"Zenas BioPharma, Inc. - Common Stock",NASDAQ,N,active,2026-07-11,2026-10-08
ZBRA,Zebra Technologies Corporation - Class A Common Stock,NASDAQ,N,active,2026-07-11,2026-10-08
ZCMD,Zhongchao Inc. - Class A Ordinary Shares,NASDAQ,N,active,2026-07-11,2026-10-08
ZD,"Ziff Davis, Inc. - Common Stock",NASDAQ,N,active,2026-07-11,2026-10-08
ZDAI,"DirectBooking Technology Co., Ltd. - Class A Ordinary Shares",NASDAQ,N,active,2026-07-11,2026-10-08
ZDGE,"Zedge, Inc. Class B Common Stock ",NYSE American,N,active,2026-07-11,2026-10-08
ZENA,"ZenaTech, Inc. - Common Stock",NASDAQ,N,active,2026-07-11,2026-10-08
ZEO,Zeo Energy Corporation - Class A Common Stock,NASDAQ,D,active,2026-07-11,2026-10-08
ZEPP,"Zepp Health Corporation American depositary shares, each representing sixteen Class A ordinary shares",NYSE,N,active,2026-07-11,2026-10-08
ZETA,Zeta Global Holdings Corp. Class A Common Stock,NYSE,N,active,2026-07-11,2026-10-08
ZG,"Zillow Group, Inc. - Class A Common Stock",NASDAQ,N,active,2026-07-11,2026-10-08
ZGN,Ermenegildo Zegna N.V. Ordinary Shares,NYSE,N,active,2026-07-11,2026-10-08
ZH,"Zhihu Inc. American Depositary Shares, each representing three (3) Class A Ordinary Shares",NYSE,N,active,2026-07-11,2026-10-08
ZHOG,F/m Opportunistic Income ETF,NASDAQ,N,active,2026-07-11,2026-10-08
ZIM,ZIM Integrated Shipping Services Ltd. Ordinary Shares,NYSE,N,active,2026-07-11,2026-10-08
ZION,Zions Bancorporation N.A. - Common Stock,NASDAQ,N,active,2026-07-11,2026-10-08
ZIP,"ZipRecruiter, Inc. Class A Common Stock",NYSE,N,active,2026-07-11,2026-10-08
ZJK,"ZJK Industrial Co., Ltd. - Class A Ordinary Shares",NASDAQ,N,active,2026-07-11,2026-10-08
ZJYL,JIN MEDICAL INTERNATIONAL LTD. - Class A Ordinary Shares,NASDAQ,N,active,2026-07-11,2026-10-08
ZKH,"ZKH Group Limited American Depositary Shares, each representing thirty-five (35) Class A Ordinary Shares",NYSE,N,active,2026-07-11,2026-10-08
ZKIN,"ZK International Group Co., Ltd - Ordinary Share",NASDAQ,N,active,2026-07-11,2026-10-08
ZKP,Lafayette Digital Acquisition Corp. I - Class A Ordinary Shares,NASDAQ,N,active,2026-07-11,2026-10-08
ZLAB,Zai Lab Limited - American Depositary Shares,NASDAQ,N,active,2026-07-11,2026-10-08
ZM,"Zoom Communications, Inc. - Class A Common Stock",NASDAQ,N,active,2026-07-11,2026-10-08
ZMUN,F/m Ultrashort Tax-Free Municipal ETF,NASDAQ,N,active,2026-07-11,2026-10-08
ZNB,Zeta Network Group - Class A Ordinary Shares,NASDAQ,N,active,2026-07-11,2026-10-08
ZNTL,"Zentalis Pharmaceuticals, Inc. - common stock",NASDAQ,N,active,2026-07-11,2026-10-08
ZONE,CleanCore Solutions Inc. Class B Common Stock,NYSE American,N,active,2026-07-11,2026-10-08
ZOOZ,ZOOZ Strategy Ltd. - Ordinary Shares,NASDAQ,N,active,2026-07-11,2026-10-08
ZS,"Zscaler, Inc. - Common Stock",NASDAQ,N,active,2026-07-11,2026-10-08
ZSQR,Z Squared Inc. - Common Stock,NASDAQ,N,active,2026-07-11,2026-10-08
ZSTK,ZeroStack Corp. - Common Stock,NASDAQ,N,active,2026-07-11,2026-10-08
ZTEK,Zentek Ltd. - common stock,NASDAQ,D,removed,2026-07-11,2026-09-01
ZTEN,F/m 10-Year Investment Grade Corporate Bond ETF,NASDAQ,N,active,2026-07-11,2026-10-08
ZTG,Zenta Group Company Limited - Class A Ordinary Shares,NASDAQ,N,active,2026-07-11,2026-10-08
ZTO,"ZTO Express (Cayman) Inc. American Depositary Shares, each representing one Class A ordinary share.",NYSE,N,active,2026-07-11,2026-10-08
ZTOP,F/m High Yield 100 ETF,NASDAQ,N,active,2026-07-11,2026-10-08
ZTR,Virtus Total Return Fund Inc.,NYSE,N,active,2026-07-11,2026-10-08
ZTRE,F/m 3-Year Investment Grade Corporate Bond ETF,NASDAQ,N,active,2026-07-11,2026-10-08
ZTS,Zoetis Inc. Class A Common Stock,NYSE,N,active,2026-07-11,2026-10-08
ZTWO,F/m 2-Year Investment Grade Corporate Bond ETF,NASDAQ,N,active,2026-07-11,2026-10-08
ZUMZ,Zumiez Inc. - Common Stock,NASDAQ,N,active,2026-07-11,2026-10-08
ZURA,Zura Bio Limited - Class A Ordinary shares,NASDAQ,N,active,2026-07-11,2026-10-08
ZVIA,Zevia PBC Class A Common Stock,NYSE,N,active,2026-07-11,2026-10-08
ZVRA,"Zevra Therapeutics, Inc.  - Common Stock",NASDAQ,N,active,2026-07-11,2026-10-08
ZWS,Zurn Elkay Water Solutions Corporation Common Stock,NYSE,N,active,2026-07-11,2026-10-08
ZYBT,Zhengye Biotechnology Holding Limited - Class A Ordinary Shares,NASDAQ,N,active,2026-07-11,2026-10-08
ZYME,Zymeworks Inc. - Common Stock,NASDAQ,N,active,2026-07-11,2026-10-08
AZIO,"Azio AI Holdings, Inc. - Common stock",NASDAQ,D,active,2026-07-13,2026-10-08
GFUZ,General Fusion Group Ltd. - Common Shares,NASDAQ,N,active,2026-07-13,2026-10-08
LGDS,JPMorgan Fundamental Data Science Large Growth ETF,NASDAQ,N,active,2026-07-13,2026-10-08
RACD,Research Alliance Corporation IV - Class A Ordinary Shares,NASDAQ,N,active,2026-07-13,2026-10-08
SKHY,SK hynix Inc. - American Depositary Shares,NASDAQ,N,active,2026-07-13,2026-10-08
TVIV,Texas Ventures Acquisition IV Corp - Class A Ordinary Shares,NASDAQ,N,active,2026-07-13,2026-10-08
YICC,Yorkville International Capital Corp. - Class A Ordinary Shares,NASDAQ,N,active,2026-07-13,2026-10-08
BRKH,Burtech Acquisition Corp II - Class A Ordinary Shares,NASDAQ,N,active,2026-07-14,2026-10-08
BTDL,GraniteShares 2x Long BTDR Daily ETF,NASDAQ,N,active,2026-07-14,2026-10-08
NTAL,GraniteShares 2x Long NTAP Daily ETF,NASDAQ,N,active,2026-07-14,2026-10-08
QFF,Qualivian Focus Fund ETF,NASDAQ,N,active,2026-07-14,2026-10-08
SEUS,SEI QiM U.S. Equity Factor Allocation Active ETF,NASDAQ,N,active,2026-07-14,2026-10-08
SKDD,GraniteShares 2x Short SK Hynix Daily ETF,NASDAQ,N,active,2026-07-14,2026-10-08
SKUU,GraniteShares 2x Long SK Hynix Daily ETF,NASDAQ,N,active,2026-07-14,2026-10-08
TDCL,GraniteShares 2x Long TDC Daily ETF,NASDAQ,N,active,2026-07-14,2026-10-08
YSAG,Y'all Street Physical Silver ETF,NASDAQ,N,active,2026-07-15,2026-10-08
YSAU,Y'all Street Physical Gold ETF,NASDAQ,N,active,2026-07-15,2026-10-08
DPU,Top KingWin Ltd - Class A Ordinary Shares,NASDAQ,N,active,2026-07-16,2026-10-08
QMLS,"QumulusAI, Inc. - Common Stock",NASDAQ,N,active,2026-07-16,2026-10-08
CSQR,"Csquare, Inc. Common Stock",NYSE,N,active,2026-07-16,2026-10-08
STDN,"Standard Nuclear, Inc. Class A Common Stock",NYSE,N,active,2026-07-16,2026-10-08
SHOT,RMG ML Sports Holdings - Class A Ordinary Shares,NASDAQ,N,active,2026-07-17,2026-10-08
DGAC,Disciplined Growth Acquisition Corporation Class A Ordinary Shares,NYSE,N,active,2026-07-17,2026-10-08
BID,Tribeca Strategic Acquisition Corp. - Class A Ordinary Shares,NASDAQ,N,active,2026-07-20,2026-10-08
BXBL,"BOXABL, Inc.  - Common stock",NASDAQ,N,active,2026-07-20,2026-10-08
CUVL,Clinuvel Pharmaceuticals Limited - American Depositary Shares,NASDAQ,N,active,2026-07-20,2026-10-08
MF,MindForge Inc. - Class A Ordinary Shares,NASDAQ,N,active,2026-07-20,2026-10-08
NIKI,"Niki BioSolutions, Inc. - Common Stock",NASDAQ,N,active,2026-07-20,2026-10-08
OGG,Osisko Gold Group Inc. Common Shares,NYSE,N,active,2026-07-20,2026-10-08
VII,Viking Acquisition Corp. II Class A Ordinary Shares,NYSE,N,active,2026-07-20,2026-10-08
CIGL,Concorde International Group Ltd - Class A Ordinary Shares,NASDAQ,D,active,2026-07-21,2026-10-08
FRNM,"Freenome, Inc. - Common stock",NASDAQ,N,active,2026-07-21,2026-10-08
HLTH,Tema Healthcare AI ETF,NASDAQ,N,active,2026-07-21,2026-10-08
CHGA,Change Agents Corporation  - Common Stock,NASDAQ,N,active,2026-07-22,2026-10-08
CPTL,Global X Morningstar Capital Allocation Leaders ETF,NASDAQ,N,active,2026-07-22,2026-10-08
HWIV,Hotchkis & Wiley International Value Fund,NASDAQ,N,active,2026-07-22,2026-10-08
HWO,Hotchkis & Wiley Opportunities Fund,NASDAQ,N,active,2026-07-22,2026-10-08
MEDS,"DataMeds AI, Inc. - Common Stock",NASDAQ,D,active,2026-07-22,2026-10-08
PWCM,"PowerCompute, Inc. - Common Stock",NASDAQ,N,active,2026-07-22,2026-10-08
AAUB,Alpha Architect US Equity 4 ETF,NASDAQ,N,active,2026-07-23,2026-10-08
EQQQ,ProShares Ultra QQQ Equal Weight,NASDAQ,N,active,2026-07-23,2026-10-08
GRSD,Grandstand Limited - Ordinary Shares,NASDAQ,N,active,2026-07-23,2026-10-08
VLOS,Velos Acquisition I Corp. - Class A Ordinary shares,NASDAQ,N,active,2026-07-23,2026-10-08
BIOT,Instinct Bio Technical Company Holdings Inc. - Common stock,NASDAQ,D,active,2026-07-24,2026-10-08
SCTX,Scribe Therapeutics Inc. - Common Stock,NASDAQ,N,active,2026-07-24,2026-10-08
VIP,Vulcan Infrastructure and Power Inc. - Class A Common Stock,NASDAQ,D,active,2026-07-24,2026-10-08
IPVV,"InterPrivate Investment Partners V, Inc. - Class A Ordinary Shares",NASDAQ,N,active,2026-07-27,2026-10-08
FTRA,FutureCorp Space Acquisition 1 Class A Ordinary Shares,NYSE,N,active,2026-07-27,2026-10-08
TONT,Graf Global Corp. Class A ordinary shares,NYSE American,N,active,2026-07-27,2026-10-08
BGUS,Baillie Gifford U.S. Equity Growth ETF,NASDAQ,N,active,2026-07-28,2026-10-08
IOND,Ionic Digital Inc. - Class A Common Stock,NASDAQ,N,active,2026-07-28,2026-10-08
LTGR,Long Table Growth Corp. - Class A Ordinary Shares,NASDAQ,N,active,2026-07-28,2026-10-08
YARW,"Yarrow Bioscience, Inc. - Common Stock",NASDAQ,N,active,2026-07-28,2026-10-08
ADIG-V,ADI Global Distribution Inc. Common Stock When-Issued,NYSE,N,removed,2026-07-29,2026-08-03
IMC,IMC Rare Earths Ltd Ordinary Shares,NYSE American,N,active,2026-07-29,2026-10-08
REZI-V,"Resideo Technologies, Inc. Common Stock When-Issued",NYSE,N,removed,2026-07-29,2026-08-03
ELOL,Leverage Shares 100% TSLA AND 100% SPCX Daily ETF,NASDAQ,N,active,2026-07-30,2026-10-08
GYGY,"Game Your Game, Inc. - Common Stock",NASDAQ,N,active,2026-07-30,2026-10-08
ISNR,Snow Rothschild Acquisition Corp. - Class A Ordinary Shares,NASDAQ,N,active,2026-07-30,2026-10-08
PBAM,"Private Bancorp of America, Inc. - Common Stock",NASDAQ,N,active,2026-07-30,2026-10-08
JMKE,Jersey Mike's Subs Inc. Class A Common Stock,NYSE,N,active,2026-07-30,2026-10-08
REF,Reformation Inc. Common Stock,NYSE,N,active,2026-07-30,2026-10-08
APMD,"Apnimed, Inc. - Common Stock",NASDAQ,N,active,2026-07-31,2026-10-08
CCCT,Columbus Circle Capital Corp III - Class A Ordinary Shares,NASDAQ,N,active,2026-07-31,2026-10-08
FWAC,Futurewave Acquisition Corporation - Ordinary Shares,NASDAQ,N,active,2026-07-31,2026-10-08
JLVP,JPMorgan U.S. Large Cap Value Plus ETF,NASDAQ,N,active,2026-07-31,2026-10-08
NCO,Southern Cross Acquisition I Corp. - Ordinary Shares,NASDAQ,N,active,2026-07-31,2026-10-08
BCCQ,Bleichroeder Acquisition Corp. III - Class A Ordinary Shares,NASDAQ,N,active,2026-08-03,2026-10-08
CNSY,"Cerenome, Inc. - Common Stock",NASDAQ,N,active,2026-08-03,2026-10-08
OCAC,Ocean Capital Acquisition Corporation Ordinary Shares,NYSE,N,active,2026-08-03,2026-10-08
FDMM,Freedom Metals Acquisition Corp. - Class A Ordinary Shares,NASDAQ,N,active,2026-08-04,2026-10-08
OBX,"Obsidian Therapeutics, Inc. - Common Stock",NASDAQ,N,active,2026-08-04,2026-10-08
QNME,"Quanome Technologies, Inc. - Common Stock",NASDAQ,D,active,2026-08-04,2026-10-08
STLN,"Starling Oncology Institute, Inc. - Common Stock",NASDAQ,N,active,2026-08-04,2026-10-08
ADIG,ADI Global Distribution Inc. Common Stock,NYSE,N,active,2026-08-04,2026-10-08
ATTO,"Attovia Therapeutics, Inc. - Common Stock",NASDAQ,N,active,2026-08-05,2026-10-08
DLCU,U.S. Large Company Portfolio: ETF Class Shares,NASDAQ,N,active,2026-08-05,2026-10-08
JAB,JAB Acquisition Corp I - Class A Ordinary Shares,NASDAQ,N,removed,2026-08-05,2026-08-29
TCGX,TCGX Acquisition Corp. - Class A Ordinary Shares,NASDAQ,N,active,2026-08-05,2026-10-08
ANGU,SEI Ang Research Enhanced U.S. Large Cap ETF,NASDAQ,N,active,2026-08-07,2026-10-08
BRVE,"Braveheart Bio, Inc. - Common Stock",NASDAQ,N,active,2026-08-07,2026-10-08
NCLD,Roundhill Neocloud ETF,NASDAQ,N,active,2026-08-07,2026-10-08
RCBC,River City Bank - Common stock,NASDAQ,N,active,2026-08-07,2026-10-08
TIH,The Investment House ETF,NASDAQ,N,active,2026-08-07,2026-10-08
BLSM,"BlossomHill Therapeutics, Inc. - Common Stock",NASDAQ,N,active,2026-08-07,2026-10-08
BSEM,"BioStem Technologies, Inc. - Common Stock",NASDAQ,N,active,2026-08-07,2026-10-08
LTGO,"Latigo Biotherapeutics, Inc. - Common Stock",NASDAQ,N,active,2026-08-07,2026-10-08
PARA,"Banzai International, Inc. - Class A Common Stock",NASDAQ,N,active,2026-08-07,2026-10-08
QVC,"QVC Group, Inc. - Common Stock",NASDAQ,N,removed,2026-08-07,2026-08-07
TP,Ticketplus Ltd. Ordinary Shares,NYSE American,N,active,2026-08-07,2026-10-08
PHOS,First Phosphate Corp. - American Depositary Shares,NASDAQ,N,active,2026-08-10,2026-10-08
QVCG,"QVC Group, Inc. - Common Stock",NASDAQ,N,active,2026-08-10,2026-10-08
WLCO,Wilco 63 Corporation - Class A Ordinary Shares,NASDAQ,N,active,2026-08-10,2026-10-08
GCPB,Goldman Sachs Core Plus Bond ETF,NYSE,N,active,2026-08-10,2026-10-08
MPIA,m+ Nasdaq-100 Accelerator Autocall ETF,NASDAQ,N,active,2026-08-12,2026-10-08
PLCI,Pelican Acquisition II Corporation - Ordinary Shares,NASDAQ,N,active,2026-08-12,2026-10-08
VOGX,Vogenx Inc - Common Stock,NASDAQ,N,active,2026-08-12,2026-10-08
FOIL,"Londian Wason New Energy Tech Inc. American Depositary Shares, each representing five Ordinary Shares",NYSE,N,active,2026-08-12,2026-10-08
SNSC,SunScout Holding Limited Class A Ordinary Shares,NYSE American,N,active,2026-08-12,2026-10-08
CGPT,VegaShares AI Inference ETF,NASDAQ,N,active,2026-08-13,2026-10-08
COOL,"VegaShares AI Thermal, Cooling & Power Management ETF",NASDAQ,N,active,2026-08-13,2026-10-08
GHXI,"Gores Holdings XI, Inc. - Class A Ordinary Shares",NASDAQ,N,active,2026-08-13,2026-10-08
RVII,Robinhood Ventures Fund II Common Shares of Beneficial Interest,NYSE,N,active,2026-08-13,2026-10-08
ACQQ,ProShares Nasdaq-100 Autocallable Income ETF,NASDAQ,N,active,2026-08-14,2026-10-08
ACRT,ProShares Russell 2000 Autocallable Income ETF,NASDAQ,N,active,2026-08-14,2026-10-08
ACSP,ProShares S&P 500 Autocallable Income ETF,NASDAQ,N,active,2026-08-14,2026-10-08
BRNX,BrenX Ltd. - Ordinary Shares,NASDAQ,N,active,2026-08-14,2026-10-08
EWAV,East West Ave Acquisition Corp. - Common Stock,NASDAQ,N,active,2026-08-14,2026-10-08
THEO,BOA Acquisition Corp. II - Class A Ordinary Shares,NASDAQ,N,active,2026-08-14,2026-10-08
CGCF,Cartesian Growth Corporation IV - Class A Ordinary Shares,NASDAQ,N,active,2026-08-17,2026-10-08
MRCO,Mercator Acquisition Corp. - Class A Ordinary Shares,NASDAQ,N,active,2026-08-17,2026-10-08
NUR,Nuran Wireless Inc. - Common Shares,NASDAQ,N,active,2026-08-17,2026-10-08
NXH,Bed Bath  - Common Stock,NASDAQ,N,active,2026-08-17,2026-10-08
WATR,Air Water Ventures Limited - Ordinary Shares,NASDAQ,N,active,2026-08-17,2026-10-08
AINF,Defiance Inference AI Chip ETF,NASDAQ,N,active,2026-08-18,2026-10-08
CROB,Defiance China Robotics ETF,NASDAQ,N,active,2026-08-18,2026-10-08
FTG,FullerThaler Behavioral Growth ETF,NASDAQ,N,active,2026-08-18,2026-10-08
IA,"Innovative Solutions and Support, Inc. - Common Stock",NASDAQ,N,active,2026-08-18,2026-10-08
XCSH,XFUNDS 1-3 Month BOX ETF,NASDAQ,N,active,2026-08-18,2026-10-08
VMRK,Vivmark Residential Common Shares of Beneficial Interest,NYSE,N,active,2026-08-18,2026-10-08
KSMH,xETFs Korea AI Semiconductor,NASDAQ,N,active,2026-08-19,2026-10-08
LYNX,Lyntris Inc. Common Stock,NYSE,N,active,2026-08-19,2026-10-08
BTLN,"Brightline Interactive, Inc. - Common Stock",NASDAQ,D,active,2026-08-20,2026-10-08
FBDT,First Breach Inc. - Common Stock,NASDAQ,N,active,2026-08-20,2026-10-08
QNBC,QNB Corp. - Common Stock,NASDAQ,N,active,2026-08-20,2026-10-08
TREO,Tactical Resources Corp. - Common Shares,NASDAQ,N,active,2026-08-20,2026-10-08
OSPR,Osprey Acquisition Corp. III - Class A Ordinary Shares,NASDAQ,N,active,2026-08-21,2026-10-08
SEPQ,STF Tactical Growth & Income ETF,NASDAQ,N,active,2026-08-21,2026-10-08
MIAC,Meridian3 Industrials Acquisition Corp - Class A Ordinary Shares,NASDAQ,N,active,2026-08-24,2026-10-08
EDVA,"Endovia Health Sciences, Inc. Common Stock",NYSE American,N,active,2026-08-24,2026-10-08
ADBT,"Advasa Holdings, Inc. - Common stock",NASDAQ,N,active,2026-08-25,2026-10-08
YRAM,YieldMax Memory and Storage Portfolio Option Income ETF,NASDAQ,N,active,2026-08-25,2026-10-08
JTTT,JATT III Acquisition Corp - Ordinary Shares,NASDAQ,N,active,2026-08-27,2026-10-08
TGRZ,China AI Tigers LLM ETF,NASDAQ,N,active,2026-08-27,2026-10-08
OTAX,Optimal Tax Managed Equity ETF,NYSE,N,active,2026-08-27,2026-10-08
HWGV,Hotchkis & Wiley Global Value Fund,NASDAQ,N,active,2026-08-28,2026-10-08
IPXG,Inection Point Acquisition Corp. VII  - Class A Ordinary Shares,NASDAQ,N,active,2026-08-28,2026-10-08
VAI,Valor Energy Incorporated - Common Stock,NASDAQ,D,active,2026-08-28,2026-10-08
XTER,Karman Line Acquisition Corp. - Class A Ordinary Shares,NASDAQ,N,active,2026-08-28,2026-10-08
AAC,Ares Acquisition Corporation III Class A Ordinary Shares,NYSE,N,active,2026-08-28,2026-10-08
PSQL,Pasqal Holding SA - Ordinary Shares,NASDAQ,N,active,2026-08-29,2026-10-08
XLAB,Exascale Labs Holdings Inc. - Class A Common Stock,NASDAQ,N,active,2026-08-29,2026-10-08
ATLQ,JAB Acquisition Corp I - Class A Ordinary Shares,NASDAQ,N,active,2026-09-01,2026-10-08
TRBG,TurboGen Ltd. - Ordinary Shares,NASDAQ,N,active,2026-09-01,2026-10-08
PAAI,"Paradium.AI, Inc. Common Stock",NYSE American,N,active,2026-09-01,2026-10-08
SAMO,Samos Energy Acquisition Corporation Class A Ordinary Shares,NYSE,N,active,2026-09-01,2026-10-08
GIXI,Gix Internet Ltd. - Ordinary Shares,NASDAQ,N,active,2026-09-01,2026-10-08
ISRL,Defiance KSM Israel 120 ETF,NASDAQ,N,active,2026-09-01,2026-10-08
SGLD,Scorpio Gold Corporation - Common Stock,NASDAQ,N,active,2026-09-01,2026-10-08
MVPA,Miller Value Partners Appreciation ETF,NYSE,N,active,2026-09-01,2026-10-08
NSAI,NorthStrive Acquisition Corp I. - Class A Ordinary Shares,NASDAQ,N,active,2026-09-02,2026-10-08
YFOR,YYForce Inc. - Class A Ordinary Shares,NASDAQ,N,active,2026-09-02,2026-10-08
HOS,"Hornbeck Offshore Services, Inc. Common Stock",NYSE,N,active,2026-09-02,2026-10-08
JONE,Jones Ventures INTL Acquisition1 Corp - Class A Ordinary Shares,NASDAQ,N,active,2026-09-03,2026-10-08
HQDG,Raub Brock Dividend Growth ETF,NASDAQ,N,active,2026-09-04,2026-10-08
SGRX,SANGRIX INC. - Class A Ordinary Shares,NASDAQ,N,active,2026-09-04,2026-10-08
XTND,"Xtend AI Robotics, Inc. Common Stock",NYSE,N,active,2026-09-04,2026-10-08
AMAC,AMR Resources Acquisition Corp - Class A Ordinary Shares,NASDAQ,N,active,2026-09-08,2026-10-08
AUXX,Gold X2 Mining Inc. Common Shares,NYSE American,N,active,2026-09-08,2026-10-08
CCML,Roundhill MLCC & Electronic Components ETF,NASDAQ,N,active,2026-09-09,2026-10-08
KRSA,"Korsana Biosciences, Inc. - Common Stock",NASDAQ,N,active,2026-09-09,2026-10-08
NXAT,Nexus Advanced Technologies Inc. - Ordinary Shares,NASDAQ,N,active,2026-09-09,2026-10-08
RML,Resolution Minerals Ltd - American Depositary Shares,NASDAQ,N,active,2026-09-09,2026-10-08
ACBE,Pacer Metaurus Enhanced Core Income Autocallable ETF ,NASDAQ,N,active,2026-09-10,2026-10-08
ACBH,Pacer Metaurus High Income Autocallable ETF ,NASDAQ,N,active,2026-09-10,2026-10-08
AIFR,Defiance Global Foundries ETF,NASDAQ,N,active,2026-09-10,2026-10-08
AIMG,Defiance AI Magnificent 10 ETF,NASDAQ,N,active,2026-09-10,2026-10-08
ATTT,Atlas Trinity Tech Limited - Ordinary Shares,NASDAQ,N,active,2026-09-10,2026-10-08
BRTM,B&R Technology Merger Corp. - Class A Ordinary Shares,NASDAQ,N,active,2026-09-10,2026-10-08
CRAM,Defiance China Memory ETF,NASDAQ,N,active,2026-09-10,2026-10-08
EOCN,Eocene Ltd. - Ordinary Shares,NASDAQ,N,active,2026-09-10,2026-10-08
SWRD,Stewards Inc - Common Stock,NASDAQ,N,active,2026-09-10,2026-10-08
VEEM,VanEck MSCI EM Analyst Sentiment ETF,NASDAQ,N,active,2026-09-10,2026-10-08
GEMQ,Goldman Sachs Data Enhanced Emerging Markets Equity ETF,NASDAQ,N,active,2026-09-11,2026-10-08
OCLT,OceanLight Acquisition Corporation - Ordinary Shares,NASDAQ,N,active,2026-09-11,2026-10-08
HLSQ,Tessera Defense and Homeland Security Inc. Common Stock,NYSE American,N,active,2026-09-11,2026-10-08
AFDM,First Trust Active Factor International ETF,NASDAQ,N,active,2026-09-15,2026-10-08
AFEM,First Trust Active Factor Emerging Markets ETF,NASDAQ,N,active,2026-09-15,2026-10-08
NUIB,Nuveen Impact Bond ETF,NASDAQ,N,active,2026-09-15,2026-10-08
RNAQ,Rainier Acquisition Corporation - Class A Ordinary Shares,NASDAQ,N,active,2026-09-15,2026-10-08
XUSM,MarketDesk International Momentum ETF,NASDAQ,N,active,2026-09-15,2026-10-08
AICH,China AI ETF,NASDAQ,N,active,2026-09-16,2026-10-08
BSMA,Invesco BulletShares 2036 Municipal Bond ETF,NASDAQ,N,active,2026-09-16,2026-10-08
IQGR,Astoria International Quality Growth Kings ETF,NASDAQ,N,active,2026-09-16,2026-10-08
JINT,Janus Henderson International Core Alpha ETF,NASDAQ,N,active,2026-09-16,2026-10-08
WCCB,West Coast Community Bancorp - Common Stock,NASDAQ,N,active,2026-09-16,2026-10-08
ASBH,"American Savings Bank, N.A. Common Stock",NYSE,N,active,2026-09-16,2026-10-08
CATL,Catalyst Acquisition Corp. - Class A Ordinary Share,NASDAQ,N,active,2026-09-17,2026-10-08
DRK,DarkHorse Technologies Inc. - Common Shares,NASDAQ,N,active,2026-09-17,2026-10-08
MTAK,Market Technology Acquisition Corp - Class A Ordinary Shares,NASDAQ,N,active,2026-09-17,2026-10-08
TDNA,T. Rowe Price Biotech ETF,NASDAQ,N,active,2026-09-17,2026-10-08
TLAC,Three Lions Acquisition Corp. - Ordinary Shares,NASDAQ,N,active,2026-09-17,2026-10-08
TMID,T. Rowe Price Mid Cap Equity Research ETF,NASDAQ,N,active,2026-09-17,2026-10-08
TSEE,T. Rowe Price Small Cap ETF,NASDAQ,N,active,2026-09-17,2026-10-08
ETRA,"Electra Therapeutics, Inc. - Common stock",NASDAQ,N,active,2026-09-18,2026-10-08
OIG,Orion180 Insurance Group Inc. - Class A Common Stock,NASDAQ,N,active,2026-09-18,2026-10-08
XIII,Churchill Capital Corp XIII - Class A Ordinary Shares,NASDAQ,N,active,2026-09-18,2026-10-08
HOST,Host Digital Inc. Class A Common Stock,NYSE American,N,active,2026-09-18,2026-10-08
ESYN,EnerSyn Global Inc. - Common Stock,NASDAQ,N,active,2026-09-22,2026-10-08
NWCL,newcleo plc - Ordinary Shares,NASDAQ,N,active,2026-09-22,2026-10-08
QQQB,VistaShares Shield Nasdaq 100 Enhanced Protection ETF,NASDAQ,N,active,2026-09-22,2026-10-08
SVIA,"Silvia, Inc. - Common Stock",NASDAQ,N,active,2026-09-22,2026-10-08
VOOB,VistaShares Shield S&P 500 Enhanced Protection ETF,NASDAQ,N,active,2026-09-22,2026-10-08
CHIP,REX AI Chipmaking ETF,NASDAQ,N,active,2026-09-24,2026-10-08
MYCP,State Street My2036 Corporate Bond ETF,NASDAQ,N,active,2026-09-24,2026-10-08
MYHF,State Street My2032 High Yield Corporate Bond ETF,NASDAQ,N,active,2026-09-24,2026-10-08
MYML,State Street My2032 Municipal Bond ETF,NASDAQ,N,active,2026-09-24,2026-10-08
QQI,Invesco Nasdaq International Innovators 100 ETF,NASDAQ,N,active,2026-09-24,2026-10-08
TXCA,Northern Trust California Intermediate Tax-Exempt Bond ETF,NASDAQ,N,active,2026-09-24,2026-10-08
TXNY,Northern Trust New York Intermediate Tax-Exempt Bond ETF,NASDAQ,N,active,2026-09-24,2026-10-08
VMHY,VictoryShares Municipal High Yield ETF,NASDAQ,N,active,2026-09-24,2026-10-08
VMSD,VictoryShares Short-Duration Municipal ETF,NASDAQ,N,active,2026-09-24,2026-10-08
FJDI,ARC Group Securities Acquisition I - Class A Ordinary Shares,NASDAQ,N,active,2026-09-25,2026-10-08
HUCK,"Huckleberry.ai, Inc. - Class B Common Stock",NASDAQ,N,active,2026-09-25,2026-10-08
HWMV,Hotchkis & Wiley Mid-Cap Value Fund,NASDAQ,N,active,2026-09-25,2026-10-08
ONEN,ONE Nuclear Energy Inc. - Common Stock,NASDAQ,N,active,2026-09-25,2026-10-08
TORK,KraneShares Actuator ETF,NASDAQ,N,active,2026-09-25,2026-10-08
ADRX,"ADARx Pharmaceuticals, Inc. - Common stock",NASDAQ,N,active,2026-09-26,2026-10-08
PBCS,Portfolio Building Block World Consumer Staples ETF,NASDAQ,N,active,2026-09-26,2026-10-08
PBUB,Portfolio Building Block US Banks ETF,NASDAQ,N,active,2026-09-26,2026-10-08
PBWN,Portfolio Building Block World Ex US Industrials ETF,NASDAQ,N,active,2026-09-26,2026-10-08
PNAQ,Pinnacle Acquisition Corporation Class A Ordinary Shares,NYSE,N,active,2026-09-26,2026-10-08
FGC,FG Communities Holdings Inc. - Common Stock,NASDAQ,N,active,2026-09-29,2026-10-08
GOW,GOWell Energy Technology - Ordinary shares,NASDAQ,N,active,2026-09-29,2026-10-08
THRMV,Gentherm Inc - Gentherm Inc Common Stock When-Issued,NASDAQ,N,removed,2026-09-29,2026-10-02
LCIV,Logan Capital International ETF,NYSE,N,active,2026-09-29,2026-10-08
ICMO,Symmetry Panoramic International Country Momentum ETF,NASDAQ,N,active,2026-09-30,2026-10-08
MUY,YieldMax MU Option Income Strategy ETF,NASDAQ,N,active,2026-09-30,2026-10-08
RZAI,Roze AI Inc. - Common Shares,NASDAQ,N,active,2026-09-30,2026-10-08
ACCV,Accelevation Holdings Corp. - Class A ordinary shares,NASDAQ,N,active,2026-10-01,2026-10-08
ENHE,iShares Enhanced Emerging Markets Active ETF,NASDAQ,N,active,2026-10-01,2026-10-08
FFR,FF EAI Robotics Ecosystem Inc. - Common Stock,NASDAQ,N,active,2026-10-01,2026-10-08
IVAI,Ives Ultra AI Opportunities Inc. Common Stock,NYSE,N,active,2026-10-01,2026-10-08
CHWM,Chilwa Minerals Limited - American Depository Shares,NASDAQ,N,active,2026-10-02,2026-10-08
MMEDV,"MiniMed Group, Inc. - Common Stock When Issued",NASDAQ,N,active,2026-10-02,2026-10-08
OPNW,"OpenWorld, Inc. - Common Stock",NASDAQ,N,active,2026-10-02,2026-10-08
TDEM,T. Rowe Price Dynamic Emerging Markets Bond ETF,NASDAQ,N,active,2026-10-02,2026-10-08
VYLR,Vylor Inc. Common Stock,NYSE,N,active,2026-10-02,2026-10-08
SAIQ,WISeSat.Space Holdings Corp. - Ordinary Shares,NASDAQ,N,active,2026-10-03,2026-10-08
NSTR,"NorthStar Earth & Space Enterprises, Inc. Common Shares",NYSE American,N,active,2026-10-03,2026-10-08
IPHX,Inflection Point Acquisition Corp. VIII - Class A Ordinary Shares,NASDAQ,N,active,2026-10-06,2026-10-08
TBCV,"Thunder Bridge Capital Partners V, Ltd. - Class A Ordinary Shares",NASDAQ,N,active,2026-10-06,2026-10-08
WQEY,WISeQey Corp - Ordinary Shares,NASDAQ,N,active,2026-10-06,2026-10-08
VJET,"Flyte Aviation, Inc. Common Stock",NYSE American,N,active,2026-10-06,2026-10-08
SKYD,Skydance Corporation Class B Common Stock,NYSE,N,active,2026-10-07,2026-10-08
BBCI,Bradbury Capital Inc. - Ordinary Shares,NASDAQ,N,active,2026-10-08,2026-10-08
WORX,SCWorx Corp. - Common Stock,NASDAQ,N,active,2026-10-08,2026-10-08
