Date,Open,High,Low,Close,Adj Close,Volume,Dividends,Stock Splits
2015-03-17,2.53,3.99,2.53,3.6,3.6,5300,0.0,0.0
2015-03-18,3.6,3.75,3.1,3.75,3.75,1000,0.0,0.0
2015-03-19,3.6,3.6,3.6,3.6,3.6,400,0.0,0.0
2015-03-20,3.0,3.2,2.45,3.2,3.2,1400,0.0,0.0
2015-03-23,3.35,3.35,3.2,3.35,3.35,600,0.0,0.0
2015-03-24,3.2,3.2,3.2,3.2,3.2,700,0.0,0.0
2015-03-25,3.01,3.01,2.76,2.76,2.76,1000,0.0,0.0
2015-03-26,2.75,2.75,2.49,2.49,2.49,1200,0.0,0.0
2015-03-27,2.49,2.49,2.45,2.45,2.45,1000,0.0,0.0
2015-03-30,2.49,2.73,2.49,2.73,2.73,800,0.0,0.0
2015-03-31,2.73,2.73,2.73,2.73,2.73,0,0.0,0.0
2015-04-01,2.73,2.73,2.73,2.73,2.73,0,0.0,0.0
2015-04-02,2.73,2.73,2.73,2.73,2.73,0,0.0,0.0
2015-04-06,2.5,2.58,2.5,2.58,2.58,400,0.0,0.0
2015-04-07,2.0,2.2,1.8,2.03,2.03,4400,0.0,0.0
2015-04-08,2.0,2.05,1.95,1.95,1.95,1600,0.0,0.0
2015-04-09,1.99,2.2,1.98,2.2,2.2,10000,0.0,0.0
2015-04-10,2.14,2.2,2.1,2.14,2.14,4100,0.0,0.0
2015-04-13,2.11,2.11,2.0,2.0,2.0,600,0.0,0.0
2015-04-14,1.98,2.14,1.98,2.14,2.14,500,0.0,0.0
2015-04-15,1.98,2.07,1.95,2.07,2.07,700,0.0,0.0
2015-04-16,1.85,2.5,1.85,2.195,2.195,15000,0.0,0.0
2015-04-17,2.5,2.5,2.5,2.5,2.5,2500,0.0,0.0
2015-04-20,2.11,2.5,2.11,2.5,2.5,300,0.0,0.0
2015-04-21,2.428,2.5,2.35,2.5,2.5,700,0.0,0.0
2015-04-22,2.5,2.5,2.5,2.5,2.5,0,0.0,0.0
2015-04-23,2.5,2.99,2.5,2.5,2.5,600,0.0,0.0
2015-04-24,2.9,2.9,2.9,2.9,2.9,200,0.0,0.0
2015-04-27,2.6,2.6,2.6,2.6,2.6,700,0.0,0.0
2015-04-28,2.6,2.6,2.6,2.6,2.6,0,0.0,0.0
2015-04-29,2.52,2.52,2.52,2.52,2.52,400,0.0,0.0
2015-04-30,2.54,2.54,2.5,2.5,2.5,300,0.0,0.0
2015-05-01,2.5,2.5,2.5,2.5,2.5,0,0.0,0.0
2015-05-04,2.51,2.51,2.26,2.26,2.26,400,0.0,0.0
2015-05-05,2.55,3.0,2.55,3.0,3.0,2100,0.0,0.0
2015-05-06,3.25,3.25,3.0,3.0,3.0,7100,0.0,0.0
2015-05-07,3.0,3.0,3.0,3.0,3.0,0,0.0,0.0
2015-05-08,3.0,3.0,3.0,3.0,3.0,0,0.0,0.0
2015-05-11,3.0,3.0,3.0,3.0,3.0,0,0.0,0.0
2015-05-12,3.25,3.49,3.25,3.49,3.49,400,0.0,0.0
2015-05-13,2.91,3.45,2.91,3.45,3.45,3300,0.0,0.0
2015-05-14,3.45,3.45,3.45,3.45,3.45,200,0.0,0.0
2015-05-15,3.45,3.5,3.45,3.5,3.5,300,0.0,0.0
2015-05-18,3.5,3.5,3.5,3.5,3.5,0,0.0,0.0
2015-05-19,3.6,3.6,2.91,3.49,3.49,700,0.0,0.0
2015-05-20,3.35,3.75,2.91,3.68,3.68,16100,0.0,0.0
2015-05-21,3.06,3.06,3.01,3.01,3.01,4800,0.0,0.0
2015-05-22,3.1,3.1,3.1,3.1,3.1,300,0.0,0.0
2015-05-26,2.9,3.23,2.75,2.75,2.75,1600,0.0,0.0
2015-05-27,2.4,2.4,2.1,2.2,2.2,2400,0.0,0.0
2015-05-28,2.2,2.22,2.11,2.11,2.11,8700,0.0,0.0
2015-05-29,2.24,3.5,2.2,3.5,3.5,10600,0.0,0.0
2015-06-01,3.4,3.4,3.4,3.4,3.4,200,0.0,0.0
2015-06-02,3.4,3.4,3.4,3.4,3.4,500,0.0,0.0
2015-06-03,3.0,3.24,3.0,3.24,3.24,2300,0.0,0.0
2015-06-04,3.2,3.2,3.2,3.2,3.2,100,0.0,0.0
2015-06-05,3.5,3.5,3.5,3.5,3.5,700,0.0,0.0
2015-06-08,3.5,3.5,3.5,3.5,3.5,100,0.0,0.0
2015-06-09,3.5,3.5,3.5,3.5,3.5,0,0.0,0.0
2015-06-10,3.0,3.0,3.0,3.0,3.0,200,0.0,0.0
2015-06-11,3.05,3.44,3.05,3.44,3.44,300,0.0,0.0
2015-06-12,3.44,3.44,3.44,3.44,3.44,0,0.0,0.0
2015-06-15,3.44,3.44,3.44,3.44,3.44,0,0.0,0.0
2015-06-16,3.2,3.2,3.2,3.2,3.2,100,0.0,0.0
2015-06-17,3.2,3.2,3.16,3.19,3.19,500,0.0,0.0
2015-06-18,3.1,3.1,3.1,3.1,3.1,500,0.0,0.0
2015-06-19,3.1,3.1,3.1,3.1,3.1,0,0.0,0.0
2015-06-22,3.05,3.05,3.05,3.05,3.05,400,0.0,0.0
2015-06-23,3.44,3.44,3.05,3.44,3.44,500,0.0,0.0
2015-06-24,3.05,3.06,2.99,3.0,3.0,4900,0.0,0.0
2015-06-25,3.0,3.44,3.0,3.44,3.44,700,0.0,0.0
2015-06-26,3.1,3.1,3.1,3.1,3.1,200,0.0,0.0
2015-06-29,3.25,3.25,3.25,3.25,3.25,1000,0.0,0.0
2015-06-30,3.25,3.25,3.25,3.25,3.25,0,0.0,0.0
2015-07-01,3.0,3.0,3.0,3.0,3.0,3400,0.0,0.0
2015-07-02,3.0,3.0,3.0,3.0,3.0,100,0.0,0.0
2015-07-06,3.0,3.0,3.0,3.0,3.0,0,0.0,0.0
2015-07-07,3.32,3.32,3.32,3.32,3.32,500,0.0,0.0
2015-07-08,3.44,3.44,2.9,2.9,2.9,1100,0.0,0.0
2015-07-09,3.0,3.43,3.0,3.43,3.43,200,0.0,0.0
2015-07-10,3.3,3.39,2.75,2.75,2.75,1000,0.0,0.0
2015-07-13,3.43,3.43,2.76,2.76,2.76,3800,0.0,0.0
2015-07-14,3.24,3.24,3.24,3.24,3.24,300,0.0,0.0
2015-07-15,3.0,3.12,2.75,3.04,3.04,11500,0.0,0.0
2015-07-16,2.0,3.44,2.0,3.0,3.0,4300,0.0,0.0
2015-07-17,3.03,3.03,2.81,3.03,3.03,9100,0.0,0.0
2015-07-20,3.03,3.03,3.03,3.03,3.03,0,0.0,0.0
2015-07-21,3.0,3.5,3.0,3.45,3.45,10200,0.0,0.0
2015-07-22,3.48,3.49,3.38,3.45,3.45,3000,0.0,0.0
2015-07-23,3.48,3.55,3.25,3.55,3.55,5800,0.0,0.0
2015-07-24,3.55,3.55,3.55,3.55,3.55,100,0.0,0.0
2015-07-27,3.35,3.35,3.2,3.2,3.2,2400,0.0,0.0
2015-07-28,3.25,3.5,3.25,3.25,3.25,3100,0.0,0.0
2015-07-29,3.45,3.5,3.0,3.43,3.43,13100,0.0,0.0
2015-07-30,2.99,3.23,2.99,3.2,3.2,2200,0.0,0.0
2015-07-31,3.2,3.2,3.2,3.2,3.2,0,0.0,0.0
2015-08-03,3.2,3.2,3.2,3.2,3.2,100,0.0,0.0
2015-08-04,3.1,3.2,2.8,3.15,3.15,9100,0.0,0.0
2015-08-05,3.2,3.25,3.2,3.25,3.25,2600,0.0,0.0
2015-08-06,3.19,3.19,2.8,2.8,2.8,2400,0.0,0.0
2015-08-07,2.85,3.4,2.8,3.39,3.39,8200,0.0,0.0
2015-08-10,2.99,3.38,2.99,3.38,3.38,1100,0.0,0.0
2015-08-11,3.3,3.3,2.99,3.0,3.0,3900,0.0,0.0
2015-08-12,3.01,3.01,3.01,3.01,3.01,200,0.0,0.0
2015-08-13,2.98,3.21,2.98,3.21,3.21,600,0.0,0.0
2015-08-14,3.2,3.4,2.95,2.99,2.99,4300,0.0,0.0
2015-08-17,3.49,3.49,2.96,3.01,3.01,1400,0.0,0.0
2015-08-18,3.44,3.44,3.01,3.01,3.01,2200,0.0,0.0
2015-08-19,3.0,3.0,3.0,3.0,3.0,300,0.0,0.0
2015-08-20,2.98,3.0,2.98,3.0,3.0,600,0.0,0.0
2015-08-21,3.0,3.05,3.0,3.05,3.05,800,0.0,0.0
2015-08-24,3.0,3.05,3.0,3.0,3.0,1400,0.0,0.0
2015-08-25,2.95,3.0,2.95,3.0,3.0,500,0.0,0.0
2015-08-26,3.0,3.0,3.0,3.0,3.0,0,0.0,0.0
2015-08-27,3.0,3.0,2.9,2.9,2.9,900,0.0,0.0
2015-08-28,2.9,2.9,2.9,2.9,2.9,0,0.0,0.0
2015-08-31,2.9,2.9,2.9,2.9,2.9,0,0.0,0.0
2015-09-01,3.0,3.0,3.0,3.0,3.0,200,0.0,0.0
2015-09-02,3.0,3.0,3.0,3.0,3.0,0,0.0,0.0
2015-09-03,3.0,3.0,3.0,3.0,3.0,0,0.0,0.0
2015-09-04,2.9,3.0,2.9,3.0,3.0,200,0.0,0.0
2015-09-08,2.86,3.3,2.85,3.3,3.3,3800,0.0,0.0
2015-09-09,3.3,3.3,3.3,3.3,3.3,200,0.0,0.0
2015-09-10,2.85,3.2,2.85,3.2,3.2,500,0.0,0.0
2015-09-11,2.98,2.98,2.95,2.95,2.95,4300,0.0,0.0
2015-09-14,3.3,3.3,3.3,3.3,3.3,400,0.0,0.0
2015-09-15,3.2,3.2,2.98,3.1,3.1,2800,0.0,0.0
2015-09-16,3.1,3.1,3.1,3.1,3.1,0,0.0,0.0
2015-09-17,2.81,3.3,2.76,2.8,2.8,2000,0.0,0.0
2015-09-18,2.79,2.79,2.75,2.75,2.75,600,0.0,0.0
2015-09-21,2.67,3.24,2.67,2.85,2.85,4500,0.0,0.0
2015-09-22,2.7,2.9,2.7,2.9,2.9,8400,0.0,0.0
2015-09-23,2.1,3.0,2.1,2.7,2.7,8500,0.0,0.0
2015-09-24,2.8,2.8,2.8,2.8,2.8,900,0.0,0.0
2015-09-25,2.95,3.0,2.95,3.0,3.0,200,0.0,0.0
2015-09-28,3.0,3.0,3.0,3.0,3.0,0,0.0,0.0
2015-09-29,3.0,3.0,3.0,3.0,3.0,200,0.0,0.0
2015-09-30,2.9,2.9,2.9,2.9,2.9,200,0.0,0.0
2015-10-01,3.0,3.0,3.0,3.0,3.0,100,0.0,0.0
2015-10-02,3.0,3.0,3.0,3.0,3.0,0,0.0,0.0
2015-10-05,3.0,3.0,3.0,3.0,3.0,200,0.0,0.0
2015-10-06,2.95,2.95,2.95,2.95,2.95,200,0.0,0.0
2015-10-07,2.95,2.95,2.911,2.94,2.94,2700,0.0,0.0
2015-10-08,2.94,2.94,2.94,2.94,2.94,0,0.0,0.0
2015-10-09,2.94,2.94,2.94,2.94,2.94,200,0.0,0.0
2015-10-12,2.94,2.94,2.94,2.94,2.94,1000,0.0,0.0
2015-10-13,2.75,2.95,2.75,2.95,2.95,4100,0.0,0.0
2015-10-14,2.95,2.95,2.95,2.95,2.95,0,0.0,0.0
2015-10-15,2.95,2.95,2.95,2.95,2.95,200,0.0,0.0
2015-10-16,2.95,2.95,2.95,2.95,2.95,0,0.0,0.0
2015-10-19,2.95,2.95,2.95,2.95,2.95,200,0.0,0.0
2015-10-20,2.95,3.0,2.95,3.0,3.0,2300,0.0,0.0
2015-10-21,3.0,3.0,3.0,3.0,3.0,200,0.0,0.0
2015-10-22,3.0,3.0,3.0,3.0,3.0,0,0.0,0.0
2015-10-23,3.0,3.0,3.0,3.0,3.0,0,0.0,0.0
2015-10-26,3.0,3.0,3.0,3.0,3.0,400,0.0,0.0
2015-10-27,3.0,3.0,3.0,3.0,3.0,0,0.0,0.0
2015-10-28,3.0,3.25,2.9,3.25,3.25,2500,0.0,0.0
2015-10-29,3.25,3.25,3.25,3.25,3.25,0,0.0,0.0
2015-10-30,3.25,3.25,3.25,3.25,3.25,0,0.0,0.0
2015-11-02,3.25,3.25,2.89,3.11,3.11,1400,0.0,0.0
2015-11-03,3.11,3.11,3.11,3.11,3.11,0,0.0,0.0
2015-11-04,3.24,3.25,3.24,3.25,3.25,500,0.0,0.0
2015-11-05,3.25,3.55,3.25,3.5,3.5,1800,0.0,0.0
2015-11-06,3.5,9.05,3.5,7.85,7.85,30900,0.0,0.0
2015-11-09,7.85,7.95,7.635,7.95,7.95,1900,0.0,0.0
2015-11-10,7.95,7.95,7.95,7.95,7.95,1100,0.0,0.0
2015-11-11,7.51,7.51,7.51,7.51,7.51,200,0.0,0.0
2015-11-12,7.5,7.5,7.5,7.5,7.5,1100,0.0,0.0
2015-11-13,8.0,8.15,7.5,8.15,8.15,5600,0.0,0.0
2015-11-16,8.0,9.0,8.0,8.0,8.0,2200,0.0,0.0
2015-11-17,8.0,8.001,8.0,8.0,8.0,1900,0.0,0.0
2015-11-18,8.4,8.5,8.0,8.5,8.5,1000,0.0,0.0
2015-11-19,9.0,9.0,8.0,8.0,8.0,1100,0.0,0.0
2015-11-20,7.0,8.75,4.5,8.75,8.75,6200,0.0,0.0
2015-11-23,8.75,8.75,8.75,8.75,8.75,0,0.0,0.0
2015-11-24,8.75,11.85,8.75,11.85,11.85,3400,0.0,0.0
2015-11-25,11.85,11.85,11.85,11.85,11.85,0,0.0,0.0
2015-11-27,11.85,11.85,11.2,11.2,11.2,700,0.0,0.0
2015-11-30,11.2,18.0,11.2,18.0,18.0,9000,0.0,0.0
2015-12-01,18.0,23.0,15.0,18.0,18.0,4500,0.0,0.0
2015-12-02,19.4,19.5,16.5,16.5,16.5,700,0.0,0.0
2015-12-03,17.5,19.0,17.25,17.5,17.5,2100,0.0,0.0
2015-12-04,18.25,18.25,17.200001,17.200001,17.200001,1000,0.0,0.0
2015-12-07,19.0,20.25,17.0,20.25,20.25,2200,0.0,0.0
2015-12-08,20.25,20.25,20.25,20.25,20.25,0,0.0,0.0
2015-12-09,20.25,20.25,20.25,20.25,20.25,300,0.0,0.0
2015-12-10,16.75,16.75,15.0,15.01,15.01,900,0.0,0.0
2015-12-11,15.26,15.26,15.26,15.26,15.26,100,0.0,0.0
2015-12-14,15.25,15.25,15.25,15.25,15.25,400,0.0,0.0
2015-12-15,15.25,15.25,15.25,15.25,15.25,0,0.0,0.0
2015-12-16,12.0,19.0,12.0,19.0,19.0,1700,0.0,0.0
2015-12-17,19.0,19.0,19.0,19.0,19.0,0,0.0,0.0
2015-12-18,15.0,15.0,15.0,15.0,15.0,200,0.0,0.0
2015-12-21,15.0,15.0,15.0,15.0,15.0,300,0.0,0.0
2015-12-22,15.0,15.0,15.0,15.0,15.0,0,0.0,0.0
2015-12-23,15.0,16.0,15.0,16.0,16.0,600,0.0,0.0
2015-12-24,18.5,18.5,18.1,18.139999,18.139999,500,0.0,0.0
2015-12-28,18.5,18.75,18.25,18.25,18.25,1100,0.0,0.0
2015-12-29,18.25,18.25,18.25,18.25,18.25,0,0.0,0.0
2015-12-30,18.0,18.0,12.0,14.55,14.55,1800,0.0,0.0
2015-12-31,15.05,15.05,14.25,14.25,14.25,500,0.0,0.0
2016-01-04,14.25,14.25,14.25,14.25,14.25,0,0.0,0.0
2016-01-05,14.25,14.25,14.25,14.25,14.25,0,0.0,0.0
2016-01-06,14.25,14.25,14.25,14.25,14.25,100,0.0,0.0
2016-01-07,15.25,15.5,15.25,15.5,15.5,1400,0.0,0.0
2016-01-08,15.5,15.5,15.5,15.5,15.5,0,0.0,0.0
2016-01-11,15.5,15.5,15.5,15.5,15.5,0,0.0,0.0
2016-01-12,12.0,13.5,12.0,12.0,12.0,900,0.0,0.0
2016-01-13,14.38,14.38,14.38,14.38,14.38,600,0.0,0.0
2016-01-14,14.14,14.38,14.14,14.38,14.38,500,0.0,0.0
2016-01-15,14.38,14.38,14.38,14.38,14.38,0,0.0,0.0
2016-01-19,14.0,14.0,14.0,14.0,14.0,400,0.0,0.0
2016-01-20,14.07,14.51,14.07,14.38,14.38,1200,0.0,0.0
2016-01-21,17.200001,17.5,16.0,17.4,17.4,600,0.0,0.0
2016-01-22,16.5,17.4,16.5,17.4,17.4,900,0.0,0.0
2016-01-25,17.25,17.25,17.25,17.25,17.25,400,0.0,0.0
2016-01-26,17.0,17.26,16.0,16.5,16.5,2700,0.0,0.0
2016-01-27,16.049999,16.051001,15.98,15.98,15.98,1100,0.0,0.0
2016-01-28,16.0,16.950001,16.0,16.799999,16.799999,900,0.0,0.0
2016-01-29,16.200001,16.700001,16.0,16.0,16.0,1100,0.0,0.0
2016-02-01,15.775,16.35,15.775,16.25,16.25,2600,0.0,0.0
2016-02-02,16.1,16.1,16.0,16.0,16.0,4800,0.0,0.0
2016-02-03,14.0,16.0,11.76,11.77,11.77,5200,0.0,0.0
2016-02-04,13.7,13.7,12.0,13.0,13.0,2100,0.0,0.0
2016-02-05,13.0,13.0,13.0,13.0,13.0,0,0.0,0.0
2016-02-08,13.0,13.0,13.0,13.0,13.0,200,0.0,0.0
2016-02-09,13.0,13.0,13.0,13.0,13.0,900,0.0,0.0
2016-02-10,13.5,13.5,12.0,12.0,12.0,1400,0.0,0.0
2016-02-11,12.0,12.0,12.0,12.0,12.0,0,0.0,0.0
2016-02-12,12.0,12.0,12.0,12.0,12.0,0,0.0,0.0
2016-02-16,12.43,12.43,10.94,11.98,11.98,1000,0.0,0.0
2016-02-17,11.98,11.98,11.98,11.98,11.98,0,0.0,0.0
2016-02-18,9.59,11.49,9.59,10.99,10.99,500,0.0,0.0
2016-02-19,10.75,10.75,10.75,10.75,10.75,100,0.0,0.0
2016-02-22,10.49,10.49,10.49,10.49,10.49,200,0.0,0.0
2016-02-23,10.25,10.25,10.05,10.05,10.05,1500,0.0,0.0
2016-02-24,10.05,10.05,10.05,10.05,10.05,800,0.0,0.0
2016-02-25,10.05,10.05,10.05,10.05,10.05,200,0.0,0.0
2016-02-26,10.05,10.05,7.73,7.73,7.73,1900,0.0,0.0
2016-02-29,10.0,14.0,10.0,10.0,10.0,400,0.0,0.0
2016-03-01,12.0,12.0,12.0,12.0,12.0,200,0.0,0.0
2016-03-02,12.0,12.0,12.0,12.0,12.0,0,0.0,0.0
2016-03-03,8.51,11.69,8.51,11.69,11.69,900,0.0,0.0
2016-03-04,8.99,11.68,8.99,8.99,8.99,2300,0.0,0.0
2016-03-07,11.0,11.0,10.15,10.15,10.15,400,0.0,0.0
2016-03-08,11.2,11.2,11.2,11.2,11.2,200,0.0,0.0
2016-03-09,11.2,11.2,11.2,11.2,11.2,0,0.0,0.0
2016-03-10,9.99,10.0,9.75,9.75,9.75,1000,0.0,0.0
2016-03-11,11.6,11.6,11.6,11.6,11.6,100,0.0,0.0
2016-03-14,11.6,11.6,11.6,11.6,11.6,0,0.0,0.0
2016-03-15,11.6,11.6,11.6,11.6,11.6,0,0.0,0.0
2016-03-16,8.5,11.75,8.5,8.5,8.5,400,0.0,0.0
2016-03-17,11.5,11.5,11.5,11.5,11.5,200,0.0,0.0
2016-03-18,11.5,11.5,11.5,11.5,11.5,0,0.0,0.0
2016-03-21,11.5,11.5,11.5,11.5,11.5,0,0.0,0.0
2016-03-22,11.5,11.5,11.5,11.5,11.5,0,0.0,0.0
2016-03-23,11.5,11.5,11.5,11.5,11.5,0,0.0,0.0
2016-03-24,11.5,11.5,11.5,11.5,11.5,0,0.0,0.0
2016-03-28,11.0,11.0,11.0,11.0,11.0,100,0.0,0.0
2016-03-29,11.0,11.0,11.0,11.0,11.0,0,0.0,0.0
2016-03-30,11.0,11.0,11.0,11.0,11.0,0,0.0,0.0
2016-03-31,11.0,11.0,11.0,11.0,11.0,0,0.0,0.0
2016-04-01,11.0,11.0,11.0,11.0,11.0,0,0.0,0.0
2016-04-04,11.25,11.74,11.25,11.25,11.25,200,0.0,0.0
2016-04-05,10.9,11.5,8.15,11.5,11.5,3000,0.0,0.0
2016-04-06,10.8,10.9,10.8,10.8,10.8,1200,0.0,0.0
2016-04-07,10.8,10.8,10.8,10.8,10.8,0,0.0,0.0
2016-04-08,10.8,10.8,10.8,10.8,10.8,0,0.0,0.0
2016-04-11,10.8,10.8,10.8,10.8,10.8,0,0.0,0.0
2016-04-12,11.0,11.0,11.0,11.0,11.0,300,0.0,0.0
2016-04-13,11.0,11.0,8.3,8.3,8.3,1800,0.0,0.0
2016-04-14,10.0,10.0,10.0,10.0,10.0,100,0.0,0.0
2016-04-15,8.55,10.0,8.55,10.0,10.0,300,0.0,0.0
2016-04-18,10.0,10.0,10.0,10.0,10.0,0,0.0,0.0
2016-04-19,10.0,10.0,10.0,10.0,10.0,0,0.0,0.0
2016-04-20,10.0,10.35,10.0,10.35,10.35,900,0.0,0.0
2016-04-21,10.35,10.35,10.35,10.35,10.35,0,0.0,0.0
2016-04-22,10.315,10.35,10.315,10.35,10.35,200,0.0,0.0
2016-04-25,10.32,10.32,10.32,10.32,10.32,100,0.0,0.0
2016-04-26,10.1,10.34,10.05,10.34,10.34,1100,0.0,0.0
2016-04-27,10.35,10.35,10.35,10.35,10.35,300,0.0,0.0
2016-04-28,10.35,10.5,10.35,10.5,10.5,700,0.0,0.0
2016-04-29,11.5,11.75,11.0,11.75,11.75,1300,0.0,0.0
2016-05-02,11.75,11.75,11.75,11.75,11.75,0,0.0,0.0
2016-05-03,13.5,14.0,13.5,14.0,14.0,1600,0.0,0.0
2016-05-04,12.99,14.0,12.99,14.0,14.0,1000,0.0,0.0
2016-05-05,14.0,14.0,14.0,14.0,14.0,0,0.0,0.0
2016-05-06,14.95,14.95,14.5,14.95,14.95,400,0.0,0.0
2016-05-09,14.95,14.95,14.5,14.95,14.95,1200,0.0,0.0
2016-05-10,14.95,14.95,14.95,14.95,14.95,0,0.0,0.0
2016-05-11,14.95,15.0,14.9,14.9,14.9,1600,0.0,0.0
2016-05-12,14.9,14.9,14.9,14.9,14.9,0,0.0,0.0
2016-05-13,14.3,14.3,14.3,14.3,14.3,100,0.0,0.0
2016-05-16,14.3,14.3,14.3,14.3,14.3,0,0.0,0.0
2016-05-17,12.02,15.0,11.02,15.0,15.0,1300,0.0,0.0
2016-05-18,15.0,15.0,15.0,15.0,15.0,0,0.0,0.0
2016-05-19,14.0,15.0,11.5,15.0,15.0,1900,0.0,0.0
2016-05-20,14.75,14.75,13.5,14.74,14.74,800,0.0,0.0
2016-05-23,14.74,14.74,14.74,14.74,14.74,0,0.0,0.0
2016-05-24,14.7,16.0,14.7,15.65,15.65,700,0.0,0.0
2016-05-25,16.549999,17.25,16.049999,17.25,17.25,600,0.0,0.0
2016-05-26,17.25,17.25,17.25,17.25,17.25,0,0.0,0.0
2016-05-27,17.25,17.25,17.25,17.25,17.25,0,0.0,0.0
2016-05-31,17.25,17.25,17.25,17.25,17.25,0,0.0,0.0
2016-06-01,17.5,17.5,17.5,17.5,17.5,100,0.0,0.0
2016-06-02,15.5,17.25,15.0,17.25,17.25,700,0.0,0.0
2016-06-03,17.25,17.5,14.0,14.0,14.0,2300,0.0,0.0
2016-06-06,14.0,16.0,14.0,15.48,15.48,1000,0.0,0.0
2016-06-07,15.48,15.48,15.48,15.48,15.48,0,0.0,0.0
2016-06-08,15.5,15.5,15.5,15.5,15.5,300,0.0,0.0
2016-06-09,16.0,16.5,15.85,15.85,15.85,1300,0.0,0.0
2016-06-10,15.85,15.85,15.85,15.85,15.85,0,0.0,0.0
2016-06-13,13.53,15.74,13.53,15.74,15.74,200,0.0,0.0
2016-06-14,15.69,15.69,15.69,15.69,15.69,100,0.0,0.0
2016-06-15,15.69,15.69,15.69,15.69,15.69,0,0.0,0.0
2016-06-16,15.0,15.1,15.0,15.1,15.1,200,0.0,0.0
2016-06-17,15.1,15.1,15.1,15.1,15.1,400,0.0,0.0
2016-06-20,16.5,16.5,16.5,16.5,16.5,200,0.0,0.0
2016-06-21,16.5,16.5,16.5,16.5,16.5,0,0.0,0.0
2016-06-22,16.5,16.5,16.5,16.5,16.5,0,0.0,0.0
2016-06-23,16.5,16.5,16.5,16.5,16.5,0,0.0,0.0
2016-06-24,16.5,16.5,16.5,16.5,16.5,0,0.0,0.0
2016-06-27,16.5,16.5,16.5,16.5,16.5,0,0.0,0.0
2016-06-28,16.5,16.5,16.5,16.5,16.5,0,0.0,0.0
2016-06-29,16.5,16.5,16.5,16.5,16.5,0,0.0,0.0
2016-06-30,16.5,16.5,16.5,16.5,16.5,0,0.0,0.0
2016-07-01,16.5,16.5,16.5,16.5,16.5,0,0.0,0.0
2016-07-05,16.5,16.5,16.5,16.5,16.5,0,0.0,0.0
2016-07-06,14.5,14.5,14.5,14.5,14.5,100,0.0,0.0
2016-07-07,14.5,14.5,14.5,14.5,14.5,0,0.0,0.0
2016-07-08,11.635,15.0,11.635,12.02,12.02,700,0.0,0.0
2016-07-11,15.0,15.0,15.0,15.0,15.0,200,0.0,0.0
2016-07-12,12.02,14.0,12.02,14.0,14.0,800,0.0,0.0
2016-07-13,14.0,14.0,14.0,14.0,14.0,0,0.0,0.0
2016-07-14,14.0,14.0,14.0,14.0,14.0,0,0.0,0.0
2016-07-15,14.0,14.0,14.0,14.0,14.0,0,0.0,0.0
2016-07-18,14.0,14.0,14.0,14.0,14.0,0,0.0,0.0
2016-07-19,14.0,14.0,14.0,14.0,14.0,0,0.0,0.0
2016-07-20,14.0,14.0,14.0,14.0,14.0,0,0.0,0.0
2016-07-21,14.0,14.0,14.0,14.0,14.0,0,0.0,0.0
2016-07-22,14.0,14.0,14.0,14.0,14.0,0,0.0,0.0
2016-07-25,14.0,14.0,14.0,14.0,14.0,0,0.0,0.0
2016-07-26,14.0,14.0,14.0,14.0,14.0,0,0.0,0.0
2016-07-27,14.0,14.0,14.0,14.0,14.0,0,0.0,0.0
2016-07-28,14.0,14.0,14.0,14.0,14.0,0,0.0,0.0
2016-07-29,14.0,14.0,14.0,14.0,14.0,0,0.0,0.0
2016-08-01,14.0,14.0,14.0,14.0,14.0,0,0.0,0.0
2016-08-02,14.0,14.0,14.0,14.0,14.0,0,0.0,0.0
2016-08-03,14.0,14.0,14.0,14.0,14.0,0,0.0,0.0
2016-08-04,10.5,10.5,10.5,10.5,10.5,1000,0.0,0.0
2016-08-05,14.0,14.0,13.25,14.0,14.0,200,0.0,0.0
2016-08-08,14.0,14.0,14.0,14.0,14.0,0,0.0,0.0
2016-08-09,14.0,14.0,14.0,14.0,14.0,0,0.0,0.0
2016-08-10,14.0,14.0,14.0,14.0,14.0,0,0.0,0.0
2016-08-11,10.0,13.9,10.0,13.9,13.9,3900,0.0,0.0
2016-08-12,13.9,13.9,13.9,13.9,13.9,0,0.0,0.0
2016-08-15,13.9,13.9,13.9,13.9,13.9,0,0.0,0.0
2016-08-16,13.9,13.9,13.9,13.9,13.9,0,0.0,0.0
2016-08-17,13.9,13.9,13.9,13.9,13.9,0,0.0,0.0
2016-08-18,13.0,13.0,13.0,13.0,13.0,400,0.0,0.0
2016-08-19,13.0,13.0,13.0,13.0,13.0,0,0.0,0.0
2016-08-22,13.0,13.0,13.0,13.0,13.0,0,0.0,0.0
2016-08-23,13.0,13.0,13.0,13.0,13.0,0,0.0,0.0
2016-08-24,13.0,13.0,13.0,13.0,13.0,0,0.0,0.0
2016-08-25,13.0,13.0,13.0,13.0,13.0,0,0.0,0.0
2016-08-26,13.0,13.0,13.0,13.0,13.0,0,0.0,0.0
2016-08-29,13.0,13.0,13.0,13.0,13.0,0,0.0,0.0
2016-08-30,13.0,13.0,13.0,13.0,13.0,0,0.0,0.0
2016-08-31,13.0,13.0,13.0,13.0,13.0,0,0.0,0.0
2016-09-01,13.0,13.0,13.0,13.0,13.0,0,0.0,0.0
2016-09-02,13.0,13.0,13.0,13.0,13.0,0,0.0,0.0
2016-09-06,12.0,12.0,12.0,12.0,12.0,300,0.0,0.0
2016-09-07,12.0,12.0,12.0,12.0,12.0,0,0.0,0.0
2016-09-08,12.0,12.0,12.0,12.0,12.0,0,0.0,0.0
2016-09-09,10.0,11.95,10.0,11.95,11.95,2400,0.0,0.0
2016-09-12,11.7,12.0,11.5,12.0,12.0,1200,0.0,0.0
2016-09-13,12.0,12.0,12.0,12.0,12.0,0,0.0,0.0
2016-09-14,11.2,11.2,11.2,11.2,11.2,100,0.0,0.0
2016-09-15,11.2,11.7,11.2,11.5,11.5,1500,0.0,0.0
2016-09-16,12.0,12.0,12.0,12.0,12.0,100,0.0,0.0
2016-09-19,12.0,12.0,12.0,12.0,12.0,0,0.0,0.0
2016-09-20,12.0,12.0,12.0,12.0,12.0,0,0.0,0.0
2016-09-21,12.0,12.0,12.0,12.0,12.0,0,0.0,0.0
2016-09-22,12.0,12.0,12.0,12.0,12.0,0,0.0,0.0
2016-09-23,10.0,11.49,10.0,11.49,11.49,300,0.0,0.0
2016-09-26,11.49,11.49,11.49,11.49,11.49,0,0.0,0.0
2016-09-27,11.49,11.49,11.49,11.49,11.49,0,0.0,0.0
2016-09-28,10.05,11.25,9.95,10.68,10.68,2300,0.0,0.0
2016-09-29,10.5,10.5,10.5,10.5,10.5,500,0.0,0.0
2016-09-30,10.5,10.5,10.5,10.5,10.5,0,0.0,0.0
2016-10-03,10.5,10.5,10.5,10.5,10.5,0,0.0,0.0
2016-10-04,10.0,10.3,10.0,10.0,10.0,800,0.0,0.0
2016-10-05,10.0,10.0,10.0,10.0,10.0,0,0.0,0.0
2016-10-06,10.0,10.0,10.0,10.0,10.0,0,0.0,0.0
2016-10-07,9.5,9.75,8.05,9.0,9.0,5800,0.0,0.0
2016-10-10,8.99,8.99,5.0,8.5,8.5,1700,0.0,0.0
2016-10-11,8.0,8.25,8.0,8.25,8.25,700,0.0,0.0
2016-10-12,8.2,9.68,8.2,9.4,9.4,7600,0.0,0.0
2016-10-13,9.4,9.4,9.4,9.4,9.4,0,0.0,0.0
2016-10-14,9.7,9.9,9.69,9.9,9.9,2400,0.0,0.0
2016-10-17,9.0,9.0,9.0,9.0,9.0,400,0.0,0.0
2016-10-18,8.7,8.7,8.7,8.7,8.7,200,0.0,0.0
2016-10-19,8.0,8.0,8.0,8.0,8.0,300,0.0,0.0
2016-10-20,7.8,8.2,7.8,8.2,8.2,1100,0.0,0.0
2016-10-21,7.01,7.5,7.01,7.5,7.5,1500,0.0,0.0
2016-10-24,7.5,7.5,7.5,7.5,7.5,0,0.0,0.0
2016-10-25,7.64,7.64,7.01,7.01,7.01,1500,0.0,0.0
2016-10-26,7.01,7.01,7.01,7.01,7.01,0,0.0,0.0
2016-10-27,7.01,7.01,7.01,7.01,7.01,0,0.0,0.0
2016-10-28,6.99,6.99,6.99,6.99,6.99,200,0.0,0.0
2016-10-31,7.0,7.7,7.0,7.7,7.7,3200,0.0,0.0
2016-11-01,7.75,8.39,7.75,8.39,8.39,3200,0.0,0.0
2016-11-02,8.39,8.39,8.39,8.39,8.39,0,0.0,0.0
2016-11-03,8.59,8.89,8.5,8.89,8.89,900,0.0,0.0
2016-11-04,9.29,10.25,9.29,9.8,9.8,2100,0.0,0.0
2016-11-07,9.8,12.5,9.8,9.8,9.8,1700,0.0,0.0
2016-11-08,10.15,10.15,10.15,10.15,10.15,300,0.0,0.0
2016-11-09,9.0,10.0,9.0,10.0,10.0,500,0.0,0.0
2016-11-10,10.0,10.0,10.0,10.0,10.0,0,0.0,0.0
2016-11-11,9.99,10.0,9.99,10.0,10.0,500,0.0,0.0
2016-11-14,10.0,10.0,10.0,10.0,10.0,0,0.0,0.0
2016-11-15,10.0,10.0,10.0,10.0,10.0,0,0.0,0.0
2016-11-16,10.0,10.0,10.0,10.0,10.0,600,0.0,0.0
2016-11-17,10.0,10.0,10.0,10.0,10.0,0,0.0,0.0
2016-11-18,10.0,12.49,10.0,10.15,10.15,500,0.0,0.0
2016-11-21,12.5,12.5,12.5,12.5,12.5,100,0.0,0.0
2016-11-22,12.5,12.5,12.5,12.5,12.5,0,0.0,0.0
2016-11-23,12.5,12.5,12.5,12.5,12.5,0,0.0,0.0
2016-11-25,12.5,12.5,12.5,12.5,12.5,100,0.0,0.0
2016-11-28,9.0,12.75,9.0,12.75,12.75,900,0.0,0.0
2016-11-29,12.75,12.75,12.75,12.75,12.75,0,0.0,0.0
2016-11-30,12.75,12.75,12.75,12.75,12.75,0,0.0,0.0
2016-12-01,12.0,12.0,12.0,12.0,12.0,100,0.0,0.0
2016-12-02,12.0,12.0,12.0,12.0,12.0,0,0.0,0.0
2016-12-05,10.0,12.5,10.0,10.0,10.0,500,0.0,0.0
2016-12-06,10.0,12.0,10.0,12.0,12.0,200,0.0,0.0
2016-12-07,12.0,12.0,12.0,12.0,12.0,0,0.0,0.0
2016-12-08,10.0,10.95,10.0,10.0,10.0,6100,0.0,0.0
2016-12-09,10.75,10.75,10.75,10.75,10.75,200,0.0,0.0
2016-12-12,10.0,11.5,10.0,11.5,11.5,300,0.0,0.0
2016-12-13,10.0,10.9,10.0,10.9,10.9,1100,0.0,0.0
2016-12-14,10.0,10.9,10.0,10.9,10.9,700,0.0,0.0
2016-12-15,10.0,10.89,7.75,10.75,10.75,1000,0.0,0.0
2016-12-16,10.75,10.75,10.75,10.75,10.75,100,0.0,0.0
2016-12-19,10.75,10.75,10.75,10.75,10.75,0,0.0,0.0
2016-12-20,10.25,10.25,10.25,10.25,10.25,200,0.0,0.0
2016-12-21,10.25,10.25,10.25,10.25,10.25,0,0.0,0.0
2016-12-22,10.0,10.5,10.0,10.5,10.5,500,0.0,0.0
2016-12-23,10.5,10.5,10.5,10.5,10.5,0,0.0,0.0
2016-12-27,7.75,11.0,7.75,11.0,11.0,1200,0.0,0.0
2016-12-28,11.0,11.0,11.0,11.0,11.0,0,0.0,0.0
2016-12-29,9.26,10.05,9.25,10.05,10.05,1500,0.0,0.0
2016-12-30,10.05,10.05,10.05,10.05,10.05,0,0.0,0.0
2017-01-03,9.25,9.25,9.25,9.25,9.25,400,0.0,0.0
2017-01-04,10.0,10.0,10.0,10.0,10.0,100,0.0,0.0
2017-01-05,10.0,10.0,10.0,10.0,10.0,0,0.0,0.0
2017-01-06,10.0,10.0,10.0,10.0,10.0,0,0.0,0.0
2017-01-09,10.0,10.0,10.0,10.0,10.0,0,0.0,0.0
2017-01-10,10.0,10.0,10.0,10.0,10.0,0,0.0,0.0
2017-01-11,10.0,10.0,10.0,10.0,10.0,0,0.0,0.0
2017-01-12,9.0,9.0,9.0,9.0,9.0,400,0.0,0.0
2017-01-13,10.0,10.0,10.0,10.0,10.0,100,0.0,0.0
2017-01-17,9.0,9.0,9.0,9.0,9.0,200,0.0,0.0
2017-01-18,9.0,9.0,9.0,9.0,9.0,0,0.0,0.0
2017-01-19,9.0,9.0,9.0,9.0,9.0,500,0.0,0.0
2017-01-20,10.0,10.0,10.0,10.0,10.0,200,0.0,0.0
2017-01-23,9.0,9.0,9.0,9.0,9.0,100,0.0,0.0
2017-01-24,9.0,9.0,9.0,9.0,9.0,100,0.0,0.0
2017-01-25,9.0,9.0,9.0,9.0,9.0,0,0.0,0.0
2017-01-26,9.0,9.0,9.0,9.0,9.0,0,0.0,0.0
2017-01-27,9.0,9.0,9.0,9.0,9.0,0,0.0,0.0
2017-01-30,9.0,9.0,9.0,9.0,9.0,300,0.0,0.0
2017-01-31,9.0,9.0,9.0,9.0,9.0,300,0.0,0.0
2017-02-01,9.0,9.0,9.0,9.0,9.0,0,0.0,0.0
2017-02-02,9.0,9.0,9.0,9.0,9.0,0,0.0,0.0
2017-02-03,8.1,9.0,8.1,9.0,9.0,300,0.0,0.0
2017-02-06,9.0,10.0,9.0,10.0,10.0,500,0.0,0.0
2017-02-07,10.0,10.0,10.0,10.0,10.0,0,0.0,0.0
2017-02-08,10.0,10.0,10.0,10.0,10.0,0,0.0,0.0
2017-02-09,8.3,10.0,8.3,10.0,10.0,400,0.0,0.0
2017-02-10,9.0,9.0,9.0,9.0,9.0,200,0.0,0.0
2017-02-13,8.3,10.0,8.3,9.5,9.5,1400,0.0,0.0
2017-02-14,9.5,9.5,9.5,9.5,9.5,0,0.0,0.0
2017-02-15,9.0,9.0,9.0,9.0,9.0,200,0.0,0.0
2017-02-16,8.5,10.0,8.5,10.0,10.0,400,0.0,0.0
2017-02-17,9.0,10.0,9.0,10.0,10.0,400,0.0,0.0
2017-02-21,8.25,9.99,8.25,9.99,9.99,900,0.0,0.0
2017-02-22,9.9,9.9,9.9,9.9,9.9,1000,0.0,0.0
2017-02-23,10.0,10.0,9.0,9.95,9.95,500,0.0,0.0
2017-02-24,9.0,9.0,9.0,9.0,9.0,200,0.0,0.0
2017-02-27,8.5,10.0,8.5,9.2,9.2,600,0.0,0.0
2017-02-28,8.5,9.4,8.5,9.4,9.4,400,0.0,0.0
2017-03-01,9.0,9.4,9.0,9.0,9.0,600,0.0,0.0
2017-03-02,9.0,9.0,9.0,9.0,9.0,0,0.0,0.0
2017-03-03,8.55,10.0,8.5,10.0,10.0,1000,0.0,0.0
2017-03-06,8.25,10.0,8.25,8.25,8.25,300,0.0,0.0
2017-03-07,10.0,10.0,10.0,10.0,10.0,100,0.0,0.0
2017-03-08,9.0,9.0,8.25,9.0,9.0,600,0.0,0.0
2017-03-09,8.75,9.4,8.37,9.4,9.4,1000,0.0,0.0
2017-03-10,8.37,9.0,8.37,9.0,9.0,600,0.0,0.0
2017-03-13,8.75,9.4,8.75,9.25,9.25,400,0.0,0.0
2017-03-14,9.0,9.96,9.0,9.96,9.96,500,0.0,0.0
2017-03-15,9.96,9.96,9.96,9.96,9.96,0,0.0,0.0
2017-03-16,8.5,9.0,8.5,9.0,9.0,200,0.0,0.0
2017-03-17,9.0,9.0,9.0,9.0,9.0,0,0.0,0.0
2017-03-20,8.38,9.25,8.38,9.25,9.25,200,0.0,0.0
2017-03-21,9.25,9.25,9.25,9.25,9.25,0,0.0,0.0
2017-03-22,9.25,9.25,9.25,9.25,9.25,0,0.0,0.0
2017-03-23,9.25,9.25,9.25,9.25,9.25,0,0.0,0.0
2017-03-24,8.28,9.1,8.28,9.1,9.1,800,0.0,0.0
2017-03-27,8.25,9.1,8.25,9.1,9.1,400,0.0,0.0
2017-03-28,8.25,9.8,8.25,9.8,9.8,1000,0.0,0.0
2017-03-29,9.75,9.75,8.0,8.0,8.0,400,0.0,0.0
2017-03-30,9.0,9.7,8.2,9.49,9.49,500,0.0,0.0
2017-03-31,9.45,9.45,9.45,9.45,9.45,500,0.0,0.0
2017-04-03,8.0,9.45,8.0,9.45,9.45,400,0.0,0.0
2017-04-04,8.0,9.0,8.0,9.0,9.0,300,0.0,0.0
2017-04-05,8.2,9.2,8.2,9.2,9.2,300,0.0,0.0
2017-04-06,9.2,9.75,9.2,9.75,9.75,1100,0.0,0.0
2017-04-07,9.75,9.75,9.2,9.2,9.2,300,0.0,0.0
2017-04-10,8.27,9.0,8.27,9.0,9.0,700,0.0,0.0
2017-04-11,8.5,9.75,8.5,9.75,9.75,1000,0.0,0.0
2017-04-12,9.0,9.5,8.5,9.5,9.5,1100,0.0,0.0
2017-04-13,8.5,9.75,8.5,9.75,9.75,1300,0.0,0.0
2017-04-17,8.5,9.0,8.5,9.0,9.0,300,0.0,0.0
2017-04-18,9.75,9.75,8.5,9.75,9.75,500,0.0,0.0
2017-04-19,9.25,9.25,9.25,9.25,9.25,300,0.0,0.0
2017-04-20,9.25,9.25,9.25,9.25,9.25,0,0.0,0.0
2017-04-21,8.31,9.25,8.31,9.25,9.25,400,0.0,0.0
2017-04-24,8.27,9.0,8.27,9.0,9.0,500,0.0,0.0
2017-04-25,8.3,9.75,8.3,9.75,9.75,600,0.0,0.0
2017-04-26,8.75,8.75,8.75,8.75,8.75,100,0.0,0.0
2017-04-27,9.7,9.7,8.75,8.75,8.75,400,0.0,0.0
2017-04-28,8.75,8.75,8.75,8.75,8.75,0,0.0,0.0
2017-05-01,8.75,8.75,8.75,8.75,8.75,0,0.0,0.0
2017-05-02,8.75,9.69,8.75,9.69,9.69,900,0.0,0.0
2017-05-03,9.7,9.75,9.0,9.0,9.0,1200,0.0,0.0
2017-05-04,8.75,9.5,8.75,9.5,9.5,200,0.0,0.0
2017-05-05,9.5,9.5,9.5,9.5,9.5,0,0.0,0.0
2017-05-08,9.5,9.5,9.5,9.5,9.5,0,0.0,0.0
2017-05-09,9.5,9.75,8.25,9.0,9.0,1400,0.0,0.0
2017-05-10,8.5,9.0,8.5,9.0,9.0,200,0.0,0.0
2017-05-11,9.25,9.5,9.25,9.5,9.5,500,0.0,0.0
2017-05-12,8.08,9.0,7.0,7.0,7.0,1200,0.0,0.0
2017-05-15,8.0,10.15,8.0,9.25,9.25,6000,0.0,0.0
2017-05-16,9.25,9.25,9.25,9.25,9.25,0,0.0,0.0
2017-05-17,8.25,8.5,8.25,8.35,8.35,700,0.0,0.0
2017-05-18,8.0,9.45,7.25,9.45,9.45,4700,0.0,0.0
2017-05-19,9.45,9.45,9.45,9.45,9.45,0,0.0,0.0
2017-05-22,9.45,9.45,9.45,9.45,9.45,0,0.0,0.0
2017-05-23,7.25,10.25,7.25,10.25,10.25,2900,0.0,0.0
2017-05-24,10.0,10.5,9.95,10.25,10.25,3800,0.0,0.0
2017-05-25,10.25,10.25,10.25,10.25,10.25,0,0.0,0.0
2017-05-26,8.55,11.0,8.52,10.49,10.49,1900,0.0,0.0
2017-05-30,9.25,10.0,9.25,10.0,10.0,200,0.0,0.0
2017-05-31,10.0,10.0,10.0,10.0,10.0,0,0.0,0.0
2017-06-01,8.52,10.0,8.52,10.0,10.0,500,0.0,0.0
2017-06-02,10.0,10.9,10.0,10.9,10.9,700,0.0,0.0
2017-06-05,8.61,11.25,8.61,11.25,11.25,1600,0.0,0.0
2017-06-06,10.0,12.25,10.0,11.85,11.85,2200,0.0,0.0
2017-06-07,11.0,11.0,11.0,11.0,11.0,200,0.0,0.0
2017-06-08,10.01,11.85,10.01,11.85,11.85,500,0.0,0.0
2017-06-09,11.5,13.0,11.5,13.0,13.0,2100,0.0,0.0
2017-06-12,13.0,13.5,10.02,12.5,12.5,2300,0.0,0.0
2017-06-13,11.75,13.29,11.01,12.5,12.5,1600,0.0,0.0
2017-06-14,12.25,13.0,10.03,12.49,12.49,5500,0.0,0.0
2017-06-15,12.25,12.5,12.25,12.5,12.5,400,0.0,0.0
2017-06-16,10.1,12.5,10.1,12.5,12.5,800,0.0,0.0
2017-06-19,12.75,13.0,10.1,13.0,13.0,900,0.0,0.0
2017-06-20,12.5,13.5,8.15,13.5,13.5,8200,0.0,0.0
2017-06-21,12.01,13.25,12.01,13.25,13.25,400,0.0,0.0
2017-06-22,11.0,13.0,11.0,13.0,13.0,600,0.0,0.0
2017-06-23,12.0,13.1,12.0,13.1,13.1,3600,0.0,0.0
2017-06-26,12.5,13.0,12.5,13.0,13.0,1500,0.0,0.0
2017-06-27,12.95,13.0,12.95,13.0,13.0,500,0.0,0.0
2017-06-28,12.47,13.0,12.47,13.0,13.0,400,0.0,0.0
2017-06-29,12.7,13.0,12.7,13.0,13.0,500,0.0,0.0
2017-06-30,12.75,13.25,10.52,10.52,10.52,1800,0.0,0.0
2017-07-03,13.45,13.45,13.45,13.45,13.45,100,0.0,0.0
2017-07-05,10.52,13.75,10.52,10.52,10.52,600,0.0,0.0
2017-07-06,10.52,10.52,10.52,10.52,10.52,0,0.0,0.0
2017-07-07,10.52,13.1,10.52,10.52,10.52,400,0.0,0.0
2017-07-10,12.75,13.5,12.75,13.5,13.5,800,0.0,0.0
2017-07-11,11.5,13.0,11.5,13.0,13.0,900,0.0,0.0
2017-07-12,13.1,13.1,13.1,13.1,13.1,200,0.0,0.0
2017-07-13,13.1,13.1,13.1,13.1,13.1,0,0.0,0.0
2017-07-14,11.5,12.75,11.5,12.75,12.75,200,0.0,0.0
2017-07-17,11.5,11.5,11.5,11.5,11.5,200,0.0,0.0
2017-07-18,12.75,13.2,10.53,13.2,13.2,1400,0.0,0.0
2017-07-19,13.2,13.2,10.51,13.2,13.2,300,0.0,0.0
2017-07-20,12.25,13.05,12.25,13.05,13.05,1800,0.0,0.0
2017-07-21,12.0,13.0,12.0,13.0,13.0,300,0.0,0.0
2017-07-24,13.0,13.0,13.0,13.0,13.0,0,0.0,0.0
2017-07-25,13.0,13.0,13.0,13.0,13.0,0,0.0,0.0
2017-07-26,13.0,13.0,13.0,13.0,13.0,0,0.0,0.0
2017-07-27,12.5,12.75,12.5,12.75,12.75,200,0.0,0.0
2017-07-28,12.75,12.75,12.75,12.75,12.75,0,0.0,0.0
2017-07-31,11.5,12.0,11.5,12.0,12.0,500,0.0,0.0
2017-08-01,12.0,12.0,12.0,12.0,12.0,0,0.0,0.0
2017-08-02,10.53,11.99,10.53,11.99,11.99,200,0.0,0.0
2017-08-03,12.0,13.45,12.0,13.45,13.45,1000,0.0,0.0
2017-08-04,11.05,14.0,11.05,11.05,11.05,400,0.0,0.0
2017-08-07,14.25,14.25,10.55,13.75,13.75,400,0.0,0.0
2017-08-08,14.0,14.0,14.0,14.0,14.0,100,0.0,0.0
2017-08-09,14.0,14.0,14.0,14.0,14.0,0,0.0,0.0
2017-08-10,12.25,14.0,12.25,14.0,14.0,400,0.0,0.0
2017-08-11,14.0,14.0,14.0,14.0,14.0,0,0.0,0.0
2017-08-14,11.5,13.4,11.5,13.4,13.4,500,0.0,0.0
2017-08-15,10.55,12.0,10.55,12.0,12.0,400,0.0,0.0
2017-08-16,12.0,12.0,12.0,12.0,12.0,0,0.0,0.0
2017-08-17,11.01,11.5,10.96,11.5,11.5,300,0.0,0.0
2017-08-18,10.6,12.45,10.6,11.0,11.0,700,0.0,0.0
2017-08-21,11.0,13.0,11.0,13.0,13.0,800,0.0,0.0
2017-08-22,13.0,13.0,13.0,13.0,13.0,0,0.0,0.0
2017-08-23,10.58,12.5,9.27,11.9,11.9,1800,0.0,0.0
2017-08-24,11.9,11.9,11.9,11.9,11.9,0,0.0,0.0
2017-08-25,11.0,11.0,11.0,11.0,11.0,100,0.0,0.0
2017-08-28,11.0,13.0,11.0,13.0,13.0,500,0.0,0.0
2017-08-29,12.75,12.75,12.75,12.75,12.75,200,0.0,0.0
2017-08-30,9.63,13.0,9.63,12.5,12.5,1100,0.0,0.0
2017-08-31,12.5,12.5,12.5,12.5,12.5,0,0.0,0.0
2017-09-01,12.0,12.0,12.0,12.0,12.0,1700,0.0,0.0
2017-09-05,12.4,12.5,12.25,12.5,12.5,4900,0.0,0.0
2017-09-06,12.5,12.5,12.5,12.5,12.5,100,0.0,0.0
2017-09-07,12.5,12.5,12.5,12.5,12.5,0,0.0,0.0
2017-09-08,11.0,11.0,11.0,11.0,11.0,100,0.0,0.0
2017-09-11,11.0,11.0,11.0,11.0,11.0,300,0.0,0.0
2017-09-12,11.0,11.0,11.0,11.0,11.0,0,0.0,0.0
2017-09-13,11.5,11.5,11.5,11.5,11.5,100,0.0,0.0
2017-09-14,11.5,11.5,11.5,11.5,11.5,0,0.0,0.0
2017-09-15,11.5,11.5,11.5,11.5,11.5,0,0.0,0.0
2017-09-18,11.5,11.5,11.5,11.5,11.5,0,0.0,0.0
2017-09-19,10.95,11.5,10.95,11.5,11.5,700,0.0,0.0
2017-09-20,11.5,11.5,11.5,11.5,11.5,0,0.0,0.0
2017-09-21,11.5,11.5,11.5,11.5,11.5,0,0.0,0.0
2017-09-22,10.26,11.5,10.26,11.5,11.5,1100,0.0,0.0
2017-09-25,10.5,11.48,10.5,11.48,11.48,200,0.0,0.0
2017-09-26,11.48,11.48,11.48,11.48,11.48,0,0.0,0.0
2017-09-27,11.48,11.48,11.48,11.48,11.48,0,0.0,0.0
2017-09-28,11.48,11.48,11.48,11.48,11.48,0,0.0,0.0
2017-09-29,11.48,11.48,11.48,11.48,11.48,0,0.0,0.0
2017-10-02,11.48,11.48,11.48,11.48,11.48,0,0.0,0.0
2017-10-03,11.48,11.48,11.48,11.48,11.48,0,0.0,0.0
2017-10-04,11.48,11.48,11.48,11.48,11.48,0,0.0,0.0
2017-10-05,11.48,11.48,11.48,11.48,11.48,0,0.0,0.0
2017-10-06,11.48,11.48,11.48,11.48,11.48,0,0.0,0.0
2017-10-09,11.48,11.48,11.48,11.48,11.48,0,0.0,0.0
2017-10-10,9.5,11.99,9.5,11.99,11.99,1400,0.0,0.0
2017-10-11,11.99,11.99,11.99,11.99,11.99,0,0.0,0.0
2017-10-12,11.99,11.99,11.99,11.99,11.99,0,0.0,0.0
2017-10-13,11.99,11.99,11.99,11.99,11.99,0,0.0,0.0
2017-10-16,11.99,11.99,11.99,11.99,11.99,0,0.0,0.0
2017-10-17,11.99,11.99,11.99,11.99,11.99,0,0.0,0.0
2017-10-18,11.99,11.99,11.99,11.99,11.99,0,0.0,0.0
2017-10-19,11.99,11.99,11.99,11.99,11.99,0,0.0,0.0
2017-10-20,11.99,11.99,11.99,11.99,11.99,0,0.0,0.0
2017-10-23,10.25,11.45,10.25,11.45,11.45,400,0.0,0.0
2017-10-24,11.45,11.45,11.45,11.45,11.45,0,0.0,0.0
2017-10-25,11.45,11.45,11.45,11.45,11.45,0,0.0,0.0
2017-10-26,11.45,11.45,11.45,11.45,11.45,0,0.0,0.0
2017-10-27,11.45,11.45,11.45,11.45,11.45,0,0.0,0.0
2017-10-30,11.45,11.45,11.45,11.45,11.45,0,0.0,0.0
2017-10-31,8.52,10.99,8.52,8.52,8.52,800,0.0,0.0
2017-11-01,10.99,11.0,10.99,11.0,11.0,200,0.0,0.0
2017-11-02,11.0,11.0,11.0,11.0,11.0,0,0.0,0.0
2017-11-03,11.0,11.0,11.0,11.0,11.0,0,0.0,0.0
2017-11-06,11.0,11.0,11.0,11.0,11.0,0,0.0,0.0
2017-11-07,10.02,10.49,10.02,10.49,10.49,300,0.0,0.0
2017-11-08,10.49,10.49,10.49,10.49,10.49,0,0.0,0.0
2017-11-09,10.49,10.49,10.49,10.49,10.49,0,0.0,0.0
2017-11-10,10.49,10.49,10.49,10.49,10.49,0,0.0,0.0
2017-11-13,10.49,10.49,10.49,10.49,10.49,0,0.0,0.0
2017-11-14,10.49,10.49,10.49,10.49,10.49,0,0.0,0.0
2017-11-15,10.5,11.99,10.5,11.99,11.99,200,0.0,0.0
2017-11-16,11.99,11.99,11.99,11.99,11.99,0,0.0,0.0
2017-11-17,11.99,11.99,11.99,11.99,11.99,0,0.0,0.0
2017-11-20,11.99,11.99,11.99,11.99,11.99,0,0.0,0.0
2017-11-21,11.99,11.99,11.99,11.99,11.99,0,0.0,0.0
2017-11-22,11.99,11.99,11.99,11.99,11.99,0,0.0,0.0
2017-11-24,11.99,11.99,11.99,11.99,11.99,0,0.0,0.0
2017-11-27,11.99,11.99,11.99,11.99,11.99,0,0.0,0.0
2017-11-28,8.92,11.49,8.92,11.49,11.49,600,0.0,0.0
2017-11-29,11.49,11.49,11.49,11.49,11.49,0,0.0,0.0
2017-11-30,11.49,11.49,11.49,11.49,11.49,0,0.0,0.0
2017-12-01,11.49,11.49,11.49,11.49,11.49,0,0.0,0.0
2017-12-04,11.49,11.49,11.49,11.49,11.49,0,0.0,0.0
2017-12-05,11.49,11.49,11.49,11.49,11.49,0,0.0,0.0
2017-12-06,9.21,10.5,9.2,9.98,9.98,1900,0.0,0.0
2017-12-07,9.5,10.45,9.5,10.45,10.45,800,0.0,0.0
2017-12-08,10.45,10.45,10.45,10.45,10.45,0,0.0,0.0
2017-12-11,10.45,10.45,10.45,10.45,10.45,0,0.0,0.0
2017-12-12,10.45,10.45,10.45,10.45,10.45,0,0.0,0.0
2017-12-13,10.45,12.0,10.35,12.0,12.0,2100,0.0,0.0
2017-12-14,11.0,12.15,11.0,12.15,12.15,1900,0.0,0.0
2017-12-15,12.0,12.0,12.0,12.0,12.0,600,0.0,0.0
2017-12-18,12.0,12.0,12.0,12.0,12.0,1500,0.0,0.0
2017-12-19,12.0,12.0,12.0,12.0,12.0,0,0.0,0.0
2017-12-20,12.0,12.0,12.0,12.0,12.0,0,0.0,0.0
2017-12-21,12.0,12.0,12.0,12.0,12.0,0,0.0,0.0
2017-12-22,12.0,12.0,12.0,12.0,12.0,200,0.0,0.0
2017-12-26,12.0,12.0,12.0,12.0,12.0,800,0.0,0.0
2017-12-27,12.0,12.0,12.0,12.0,12.0,0,0.0,0.0
2017-12-28,12.0,12.0,12.0,12.0,12.0,0,0.0,0.0
2017-12-29,12.0,12.0,12.0,12.0,12.0,0,0.0,0.0
2018-01-02,11.01,12.5,11.0,12.5,12.5,1000,0.0,0.0
2018-01-03,12.5,12.5,12.5,12.5,12.5,0,0.0,0.0
2018-01-04,12.5,12.5,12.5,12.5,12.5,0,0.0,0.0
2018-01-05,12.5,12.5,12.5,12.5,12.5,200,0.0,0.0
2018-01-08,12.25,12.5,12.25,12.5,12.5,300,0.0,0.0
2018-01-09,12.5,12.5,12.5,12.5,12.5,200,0.0,0.0
2018-01-10,8.75,12.05,8.75,11.75,11.75,2500,0.0,0.0
2018-01-11,12.75,12.75,11.75,11.75,11.75,200,0.0,0.0
2018-01-12,11.6,12.15,11.6,12.15,12.15,900,0.0,0.0
2018-01-16,11.95,11.95,11.75,11.95,11.95,2500,0.0,0.0
2018-01-17,11.95,11.95,11.95,11.95,11.95,0,0.0,0.0
2018-01-18,11.6,12.0,11.6,12.0,12.0,700,0.0,0.0
2018-01-19,12.0,12.0,12.0,12.0,12.0,0,0.0,0.0
2018-01-22,11.85,11.85,11.0,11.0,11.0,400,0.0,0.0
2018-01-23,11.65,11.69,10.11,11.69,11.69,500,0.0,0.0
2018-01-24,10.17,11.7,10.17,11.69,11.69,600,0.0,0.0
2018-01-25,11.25,11.69,10.2,11.0,11.0,1400,0.0,0.0
2018-01-26,11.2,11.2,11.2,11.2,11.2,100,0.0,0.0
2018-01-29,11.75,13.15,11.5,12.5,12.5,20100,0.0,0.0
2018-01-30,12.5,12.5,11.76,12.0,12.0,3900,0.0,0.0
2018-01-31,11.45,11.45,11.0,11.0,11.0,1300,0.0,0.0
2018-02-01,10.99,10.99,9.61,10.93,10.93,3300,0.0,0.0
2018-02-02,9.01,10.84,9.01,10.0,10.0,4300,0.0,0.0
2018-02-05,11.0,11.0,9.7,10.0,10.0,1500,0.0,0.0
2018-02-06,9.7,9.99,9.2,9.75,9.75,2400,0.0,0.0
2018-02-07,9.635,10.5,9.635,10.5,10.5,2100,0.0,0.0
2018-02-08,9.32,10.0,9.32,10.0,10.0,1300,0.0,0.0
2018-02-09,10.25,10.98,10.25,10.98,10.98,800,0.0,0.0
2018-02-12,10.27,10.27,10.25,10.25,10.25,500,0.0,0.0
2018-02-13,10.25,10.25,10.25,10.25,10.25,1400,0.0,0.0
2018-02-14,10.5,10.5,10.0,10.0,10.0,1200,0.0,0.0
2018-02-15,9.33,10.2,9.33,10.2,10.2,400,0.0,0.0
2018-02-16,10.25,10.25,9.4,10.15,10.15,4700,0.0,0.0
2018-02-20,10.0,10.0,10.0,10.0,10.0,900,0.0,0.0
2018-02-21,10.0,10.0,10.0,10.0,10.0,0,0.0,0.0
2018-02-22,9.5,9.5,9.04,9.2,9.2,1400,0.0,0.0
2018-02-23,9.05,9.2,9.05,9.05,9.05,2000,0.0,0.0
2018-02-26,9.0,9.0,9.0,9.0,9.0,500,0.0,0.0
2018-02-27,9.1,9.1,8.75,8.99,8.99,1000,0.0,0.0
2018-02-28,9.19,9.19,8.75,8.75,8.75,900,0.0,0.0
2018-03-01,9.18,9.18,9.18,9.18,9.18,300,0.0,0.0
2018-03-02,9.18,9.2,9.18,9.2,9.2,400,0.0,0.0
2018-03-05,8.56,9.04,8.3,9.04,9.04,3100,0.0,0.0
2018-03-06,9.15,9.25,9.15,9.25,9.25,900,0.0,0.0
2018-03-07,8.53,8.53,8.5,8.5,8.5,11300,0.0,0.0
2018-03-08,8.5,9.22,8.5,9.0,9.0,800,0.0,0.0
2018-03-09,8.51,8.52,8.41,8.41,8.41,1800,0.0,0.0
2018-03-12,8.94,8.94,8.94,8.94,8.94,600,0.0,0.0
2018-03-13,8.21,8.21,8.21,8.21,8.21,200,0.0,0.0
2018-03-14,8.21,8.21,8.21,8.21,8.21,0,0.0,0.0
2018-03-15,8.426,8.426,8.426,8.426,8.426,100,0.0,0.0
2018-03-16,8.38,8.4,8.38,8.4,8.4,800,0.0,0.0
2018-03-19,8.21,8.25,8.21,8.25,8.25,1400,0.0,0.0
2018-03-20,7.8,8.94,5.21,8.94,8.94,2000,0.0,0.0
2018-03-21,8.75,8.75,8.75,8.75,8.75,200,0.0,0.0
2018-03-22,8.75,8.75,8.75,8.75,8.75,0,0.0,0.0
2018-03-23,8.0,8.5,8.0,8.5,8.5,1300,0.0,0.0
2018-03-26,8.0,8.48,8.0,8.48,8.48,3100,0.0,0.0
2018-03-27,8.48,8.48,8.48,8.48,8.48,0,0.0,0.0
2018-03-28,7.6,7.6,7.5,7.5,7.5,1200,0.0,0.0
2018-03-29,7.15,7.58,6.8,7.5,7.5,1700,0.0,0.0
2018-04-02,6.99,7.95,5.551,7.47,7.47,6100,0.0,0.0
2018-04-03,6.35,7.47,6.32,6.36,6.36,1400,0.0,0.0
2018-04-04,6.36,6.85,6.0,6.85,6.85,4000,0.0,0.0
2018-04-05,6.84,6.85,6.84,6.85,6.85,1100,0.0,0.0
2018-04-06,6.89,8.99,6.89,8.99,8.99,6700,0.0,0.0
2018-04-09,8.99,9.0,8.99,9.0,9.0,2000,0.0,0.0
2018-04-10,9.0,9.0,9.0,9.0,9.0,0,0.0,0.0
2018-04-11,8.49,10.0,8.49,9.99,9.99,6400,0.0,0.0
2018-04-12,10.0,10.25,10.0,10.25,10.25,600,0.0,0.0
2018-04-13,10.25,10.25,9.5,10.0,10.0,2800,0.0,0.0
2018-04-16,10.0,10.0,10.0,10.0,10.0,0,0.0,0.0
2018-04-17,9.8,10.0,9.8,10.0,10.0,300,0.0,0.0
2018-04-18,10.0,10.0,9.0,10.0,10.0,400,0.0,0.0
2018-04-19,10.0,10.0,10.0,10.0,10.0,0,0.0,0.0
2018-04-20,10.0,10.0,10.0,10.0,10.0,0,0.0,0.0
2018-04-23,9.4,10.05,9.4,10.0,10.0,900,0.0,0.0
2018-04-24,9.75,10.2,9.75,10.2,10.2,2200,0.0,0.0
2018-04-25,9.99,9.99,9.99,9.99,9.99,2700,0.0,0.0
2018-04-26,9.99,9.99,9.99,9.99,9.99,0,0.0,0.0
2018-04-27,9.99,10.0,9.99,10.0,10.0,600,0.0,0.0
2018-04-30,10.03,10.06,10.03,10.06,10.06,400,0.0,0.0
2018-05-01,10.06,10.2,10.06,10.06,10.06,5000,0.0,0.0
2018-05-02,10.06,10.06,10.06,10.06,10.06,0,0.0,0.0
2018-05-03,10.06,10.06,10.06,10.06,10.06,0,0.0,0.0
2018-05-04,10.06,10.06,10.06,10.06,10.06,0,0.0,0.0
2018-05-07,10.0,10.0,9.99,9.99,9.99,1000,0.0,0.0
2018-05-08,9.75,9.75,9.75,9.75,9.75,300,0.0,0.0
2018-05-09,9.75,9.75,9.75,9.75,9.75,100,0.0,0.0
2018-05-10,9.75,9.75,9.75,9.75,9.75,0,0.0,0.0
2018-05-11,9.75,9.75,9.75,9.75,9.75,0,0.0,0.0
2018-05-14,9.925,9.925,8.25,8.25,8.25,33000,0.0,0.0
2018-05-15,8.75,9.68,8.75,9.23,9.23,1300,0.0,0.0
2018-05-16,9.23,9.23,9.23,9.23,9.23,0,0.0,0.0
2018-05-17,9.0,9.75,8.75,9.75,9.75,2800,0.0,0.0
2018-05-18,9.75,10.0,8.75,8.75,8.75,2900,0.0,0.0
2018-05-21,9.5,9.5,9.5,9.5,9.5,700,0.0,0.0
2018-05-22,9.5,9.5,9.5,9.5,9.5,0,0.0,0.0
2018-05-23,9.5,9.5,9.5,9.5,9.5,0,0.0,0.0
2018-05-24,9.5,9.5,9.5,9.5,9.5,0,0.0,0.0
2018-05-25,7.63,8.0,7.63,8.0,8.0,400,0.0,0.0
2018-05-29,7.63,9.15,7.53,7.6,7.6,1600,0.0,0.0
2018-05-30,7.6,7.6,7.6,7.6,7.6,0,0.0,0.0
2018-05-31,7.75,7.75,7.6,7.6,7.6,500,0.0,0.0
2018-06-01,7.6,7.6,7.6,7.6,7.6,100,0.0,0.0
2018-06-04,7.5,7.6,7.5,7.6,7.6,200,0.0,0.0
2018-06-05,7.8,7.85,7.5,7.85,7.85,2500,0.0,0.0
2018-06-06,8.24,8.52,8.0,8.5,8.5,3300,0.0,0.0
2018-06-07,8.5,8.5,8.0,8.0,8.0,4900,0.0,0.0
2018-06-08,8.0,9.0,8.0,9.0,9.0,2600,0.0,0.0
2018-06-11,7.88,7.88,7.01,7.2,7.2,3500,0.0,0.0
2018-06-12,7.2,7.22,6.51,7.2,7.2,1800,0.0,0.0
2018-06-13,7.2,7.48,6.51,7.48,7.48,1700,0.0,0.0
2018-06-14,7.4,7.95,7.2,7.75,7.75,2700,0.0,0.0
2018-06-15,7.75,7.75,7.02,7.02,7.02,1100,0.0,0.0
2018-06-18,7.02,7.1,7.0,7.0,7.0,2200,0.0,0.0
2018-06-19,7.0,7.75,7.0,7.2,7.2,8900,0.0,0.0
2018-06-20,8.95,8.95,7.2,7.49,7.49,16400,0.0,0.0
2018-06-21,7.6,7.9,7.6,7.6,7.6,800,0.0,0.0
2018-06-22,7.5,7.5,7.1,7.5,7.5,2200,0.0,0.0
2018-06-25,7.1,7.5,6.85,7.5,7.5,800,0.0,0.0
2018-06-26,6.75,7.1,6.06,7.0,7.0,5300,0.0,0.0
2018-06-27,6.51,7.5,6.08,6.6,6.6,7500,0.0,0.0
2018-06-28,6.59,7.135,6.0,6.5,6.5,18200,0.0,0.0
2018-06-29,6.49,6.49,5.92,6.0,6.0,8100,0.0,0.0
2018-07-02,5.51,6.24,5.03,6.24,6.24,7500,0.0,0.0
2018-07-03,6.24,6.25,5.27,5.27,5.27,1800,0.0,0.0
2018-07-05,6.25,6.25,6.25,6.25,6.25,5700,0.0,0.0
2018-07-06,6.26,6.26,6.07,6.2,6.2,11800,0.0,0.0
2018-07-09,6.275,6.275,5.27,6.09,6.09,2300,0.0,0.0
2018-07-10,6.09,6.2,6.0,6.1,6.1,2400,0.0,0.0
2018-07-11,5.5,6.2,5.5,6.0,6.0,2400,0.0,0.0
2018-07-12,6.1,6.2,5.635,5.99,5.99,4100,0.0,0.0
2018-07-13,6.04,6.04,5.9,5.9,5.9,500,0.0,0.0
2018-07-16,5.9,5.9,5.9,5.9,5.9,500,0.0,0.0
2018-07-17,5.29,5.89,5.28,5.89,5.89,2100,0.0,0.0
2018-07-18,5.89,6.04,5.28,5.5,5.5,4000,0.0,0.0
2018-07-19,5.75,5.99,5.5,5.8,5.8,3500,0.0,0.0
2018-07-20,5.8,6.49,5.8,6.1,6.1,23200,0.0,0.0
2018-07-23,6.29,6.5,6.0,6.33,6.33,10300,0.0,0.0
2018-07-24,6.32,6.35,5.27,5.75,5.75,6200,0.0,0.0
2018-07-25,5.27,5.88,4.95,5.84,5.84,8000,0.0,0.0
2018-07-26,5.5,5.5,5.05,5.07,5.07,3500,0.0,0.0
2018-07-27,5.07,5.23,5.07,5.15,5.15,7500,0.0,0.0
2018-07-30,5.19,5.753,5.0,5.25,5.25,3700,0.0,0.0
2018-07-31,5.5,6.64,5.5,6.0,6.0,10700,0.0,0.0
2018-08-01,5.64,6.01,5.38,5.969,5.969,2600,0.0,0.0
2018-08-02,5.6,5.61,5.6,5.6,5.6,2700,0.0,0.0
2018-08-03,5.5,5.5,5.5,5.5,5.5,300,0.0,0.0
2018-08-06,6.0,6.0,6.0,6.0,6.0,400,0.0,0.0
2018-08-07,5.5,5.5,5.5,5.5,5.5,1000,0.0,0.0
2018-08-08,5.5,5.5,5.06,5.241,5.241,3100,0.0,0.0
2018-08-09,5.07,5.85,5.07,5.45,5.45,2900,0.0,0.0
2018-08-10,5.46,5.72,4.95,5.72,5.72,2900,0.0,0.0
2018-08-13,5.08,5.08,4.01,4.9,4.9,4700,0.0,0.0
2018-08-14,4.58,5.438,4.06,5.0,5.0,1900,0.0,0.0
2018-08-15,5.42,5.45,5.0,5.242,5.242,800,0.0,0.0
2018-08-16,5.25,5.25,5.08,5.08,5.08,300,0.0,0.0
2018-08-17,5.23,5.23,5.05,5.08,5.08,1100,0.0,0.0
2018-08-20,5.05,5.05,5.0,5.05,5.05,1800,0.0,0.0
2018-08-21,5.073,5.073,5.05,5.05,5.05,1700,0.0,0.0
2018-08-22,5.048,5.05,4.05,5.05,5.05,2600,0.0,0.0
2018-08-23,5.01,5.25,4.995,5.05,5.05,1300,0.0,0.0
2018-08-24,5.05,5.05,4.5,5.0,5.0,1800,0.0,0.0
2018-08-27,4.75,4.75,4.22,4.55,4.55,3600,0.0,0.0
2018-08-28,4.25,4.5,3.9,4.25,4.25,7700,0.0,0.0
2018-08-29,4.1,4.25,4.09,4.25,4.25,4700,0.0,0.0
2018-08-30,4.1,4.1,4.09,4.09,4.09,700,0.0,0.0
2018-08-31,4.09,4.155,4.09,4.155,4.155,2900,0.0,0.0
2018-09-04,4.25,4.25,4.0,4.15,4.15,5500,0.0,0.0
2018-09-05,4.1,4.24,3.95,4.1,4.1,5500,0.0,0.0
2018-09-06,4.23,4.23,3.95,4.043,4.043,3200,0.0,0.0
2018-09-07,4.02,4.02,3.857,3.89,3.89,1800,0.0,0.0
2018-09-10,3.5,4.15,3.5,4.1,4.1,5800,0.0,0.0
2018-09-11,3.76,4.048,3.5,3.898,3.898,4600,0.0,0.0
2018-09-12,3.725,3.98,3.725,3.98,3.98,4400,0.0,0.0
2018-09-13,3.97,3.97,3.5,3.953,3.953,4300,0.0,0.0
2018-09-14,3.76,3.76,3.5,3.5,3.5,3600,0.0,0.0
2018-09-17,3.59,3.76,3.5,3.51,3.51,12200,0.0,0.0
2018-09-18,3.76,3.99,3.53,3.99,3.99,1900,0.0,0.0
2018-09-19,3.9,3.9,3.49,3.9,3.9,2400,0.0,0.0
2018-09-20,4.0,4.05,4.0,4.03,4.03,1800,0.0,0.0
2018-09-21,4.05,4.14,4.05,4.14,4.14,1000,0.0,0.0
2018-09-24,4.14,4.35,4.14,4.3,4.3,3300,0.0,0.0
2018-09-25,5.0,5.0,4.9,4.9,4.9,2800,0.0,0.0
2018-09-26,4.9,5.0,4.9,4.95,4.95,2200,0.0,0.0
2018-09-27,4.51,4.84,3.5,4.34,4.34,5000,0.0,0.0
2018-09-28,4.1,4.48,4.1,4.48,4.48,1200,0.0,0.0
2018-10-01,4.65,4.65,4.1,4.25,4.25,1800,0.0,0.0
2018-10-02,4.5,4.5,3.77,4.5,4.5,6900,0.0,0.0
2018-10-03,3.9,4.24,3.06,4.05,4.05,5900,0.0,0.0
2018-10-04,4.05,4.05,4.05,4.05,4.05,2000,0.0,0.0
2018-10-05,4.05,4.05,4.05,4.05,4.05,0,0.0,0.0
2018-10-08,4.03,4.03,4.016,4.016,4.016,1600,0.0,0.0
2018-10-09,4.05,4.05,4.05,4.05,4.05,500,0.0,0.0
2018-10-10,4.05,4.05,4.05,4.05,4.05,0,0.0,0.0
2018-10-11,4.05,4.05,4.05,4.05,4.05,0,0.0,0.0
2018-10-12,3.99,4.1,3.99,4.09,4.09,8400,0.0,0.0
2018-10-15,4.35,4.52,4.15,4.4,4.4,1900,0.0,0.0
2018-10-16,4.4,4.4,4.4,4.4,4.4,1100,0.0,0.0
2018-10-17,4.3,4.3,4.3,4.3,4.3,200,0.0,0.0
2018-10-18,4.35,4.4,4.33,4.35,4.35,1200,0.0,0.0
2018-10-19,4.33,4.33,4.305,4.305,4.305,300,0.0,0.0
2018-10-22,4.4,4.55,4.4,4.53,4.53,1200,0.0,0.0
2018-10-23,4.5,5.25,4.5,4.7,4.7,3000,0.0,0.0
2018-10-24,4.9,4.9,4.9,4.9,4.9,300,0.0,0.0
2018-10-25,5.25,5.25,4.05,4.65,4.65,1300,0.0,0.0
2018-10-26,4.75,5.5,4.75,4.85,4.85,1500,0.0,0.0
2018-10-29,4.55,5.14,4.55,4.55,4.55,3100,0.0,0.0
2018-10-30,4.67,4.69,4.26,4.26,4.26,1200,0.0,0.0
2018-10-31,4.4,4.4,4.05,4.05,4.05,3300,0.0,0.0
2018-11-01,4.05,4.401,4.05,4.39,4.39,1700,0.0,0.0
2018-11-02,4.39,4.39,4.39,4.39,4.39,100,0.0,0.0
2018-11-05,4.0,4.1,3.95,3.95,3.95,5300,0.0,0.0
2018-11-06,4.04,4.04,4.0,4.0,4.0,1200,0.0,0.0
2018-11-07,3.98,4.009,3.81,4.009,4.009,600,0.0,0.0
2018-11-08,3.75,3.75,3.5,3.5,3.5,1700,0.0,0.0
2018-11-09,3.997,3.997,3.997,3.997,3.997,200,0.0,0.0
2018-11-12,3.45,4.03,3.45,4.03,4.03,2600,0.0,0.0
2018-11-13,4.03,4.03,4.03,4.03,4.03,0,0.0,0.0
2018-11-14,3.555,3.555,3.5,3.5,3.5,2200,0.0,0.0
2018-11-15,3.973,3.973,3.8,3.8,3.8,200,0.0,0.0
2018-11-16,3.45,3.45,3.45,3.45,3.45,100,0.0,0.0
2018-11-19,3.45,3.45,3.45,3.45,3.45,100,0.0,0.0
2018-11-20,3.3,3.956,3.3,3.9,3.9,1300,0.0,0.0
2018-11-21,3.9,4.35,3.9,4.0,4.0,8100,0.0,0.0
2018-11-23,4.0,4.0,4.0,4.0,4.0,100,0.0,0.0
2018-11-26,4.0,4.0,4.0,4.0,4.0,100,0.0,0.0
2018-11-27,3.52,3.98,3.5,3.6,3.6,1000,0.0,0.0
2018-11-28,3.195,3.585,3.195,3.5,3.5,900,0.0,0.0
2018-11-29,3.5,3.5,3.5,3.5,3.5,500,0.0,0.0
2018-11-30,3.3,3.55,3.3,3.55,3.55,2000,0.0,0.0
2018-12-03,3.535,3.55,3.535,3.55,3.55,800,0.0,0.0
2018-12-04,3.55,4.0,3.08,4.0,4.0,1900,0.0,0.0
2018-12-06,3.9,3.9,3.9,3.9,3.9,200,0.0,0.0
2018-12-07,3.9,3.99,3.85,3.99,3.99,1200,0.0,0.0
2018-12-10,3.99,3.99,3.99,3.99,3.99,100,0.0,0.0
2018-12-11,3.65,3.863,3.15,3.85,3.85,1000,0.0,0.0
2018-12-12,3.65,3.65,3.65,3.65,3.65,200,0.0,0.0
2018-12-13,3.5,3.85,3.5,3.85,3.85,1100,0.0,0.0
2018-12-14,3.75,3.75,3.75,3.75,3.75,300,0.0,0.0
2018-12-17,3.6,3.6,3.3,3.3,3.3,1300,0.0,0.0
2018-12-18,3.4,3.4,3.2,3.3,3.3,2100,0.0,0.0
2018-12-19,3.3,3.3,3.3,3.3,3.3,100,0.0,0.0
2018-12-20,3.3,3.3,3.3,3.3,3.3,900,0.0,0.0
2018-12-21,3.3,3.3,3.2,3.2,3.2,1300,0.0,0.0
2018-12-24,3.09,3.24,2.83,3.1,3.1,3200,0.0,0.0
2018-12-26,3.1,3.18,2.81,3.18,3.18,2700,0.0,0.0
2018-12-27,3.18,3.18,3.18,3.18,3.18,200,0.0,0.0
2018-12-28,3.183,3.2,3.183,3.2,3.2,1800,0.0,0.0
2018-12-31,3.2,3.2,3.2,3.2,3.2,100,0.0,0.0
2019-01-02,3.2,3.2,3.2,3.2,3.2,100,0.0,0.0
2019-01-03,3.03,3.25,3.0,3.25,3.25,1000,0.0,0.0
2019-01-04,3.0,3.3,3.0,3.0,3.0,600,0.0,0.0
2019-01-07,3.29,3.3,3.29,3.29,3.29,500,0.0,0.0
2019-01-08,3.1,3.3,3.1,3.3,3.3,400,0.0,0.0
2019-01-09,3.3,3.3,3.3,3.3,3.3,100,0.0,0.0
2019-01-10,3.25,3.3,3.1,3.3,3.3,500,0.0,0.0
2019-01-11,3.3,3.3,3.2,3.2,3.2,300,0.0,0.0
2019-01-14,3.2,3.2,3.2,3.2,3.2,300,0.0,0.0
2019-01-15,3.2,3.2,3.2,3.2,3.2,900,0.0,0.0
2019-01-16,3.2,3.2,3.05,3.2,3.2,900,0.0,0.0
2019-01-17,3.2,3.2,3.2,3.2,3.2,300,0.0,0.0
2019-01-18,3.2,3.2,3.2,3.2,3.2,100,0.0,0.0
2019-01-22,3.2,3.2,3.2,3.2,3.2,600,0.0,0.0
2019-01-23,3.008,3.18,3.008,3.18,3.18,700,0.0,0.0
2019-01-24,2.5,3.176,2.5,3.05,3.05,2200,0.0,0.0
2019-01-25,3.01,3.05,2.75,3.05,3.05,2800,0.0,0.0
2019-01-28,3.05,3.05,3.0,3.05,3.05,2900,0.0,0.0
2019-01-29,3.05,3.05,3.05,3.05,3.05,100,0.0,0.0
2019-01-30,3.05,3.05,3.05,3.05,3.05,100,0.0,0.0
2019-01-31,3.05,3.05,3.05,3.05,3.05,100,0.0,0.0
2019-02-01,3.05,3.05,3.05,3.05,3.05,0,0.0,0.0
2019-02-04,3.05,3.05,3.05,3.05,3.05,100,0.0,0.0
2019-02-05,2.7,2.99,2.7,2.99,2.99,1400,0.0,0.0
2019-02-06,2.75,2.938,2.5,2.938,2.938,3500,0.0,0.0
2019-02-07,2.94,2.94,2.94,2.94,2.94,300,0.0,0.0
2019-02-08,2.94,2.94,2.94,2.94,2.94,0,0.0,0.0
2019-02-11,2.92,2.92,2.9,2.9,2.9,600,0.0,0.0
2019-02-12,2.89,2.89,2.8,2.8,2.8,1300,0.0,0.0
2019-02-13,2.9,2.9,2.9,2.9,2.9,100,0.0,0.0
2019-02-14,2.9,2.9,2.9,2.9,2.9,0,0.0,0.0
2019-02-15,2.52,2.87,2.52,2.87,2.87,400,0.0,0.0
2019-02-19,2.52,2.6,2.03,2.03,2.03,1600,0.0,0.0
2019-02-20,2.452,2.452,2.452,2.452,2.452,100,0.0,0.0
2019-02-21,2.4,2.4,2.06,2.4,2.4,2200,0.0,0.0
2019-02-22,2.06,2.696,2.04,2.04,2.04,1800,0.0,0.0
2019-02-25,2.04,2.696,2.04,2.09,2.09,10000,0.0,0.0
2019-02-26,2.73,2.73,2.25,2.67,2.67,2500,0.0,0.0
2019-02-27,2.67,2.67,2.67,2.67,2.67,0,0.0,0.0
2019-02-28,2.25,2.649,2.25,2.649,2.649,2400,0.0,0.0
2019-03-01,2.649,2.649,2.649,2.649,2.649,0,0.0,0.0
2019-03-04,2.25,2.66,1.86,2.14,2.14,4100,0.0,0.0
2019-03-05,2.15,2.15,2.15,2.15,2.15,1200,0.0,0.0
2019-03-06,2.15,2.15,2.15,2.15,2.15,0,0.0,0.0
2019-03-07,2.1,2.15,2.1,2.15,2.15,200,0.0,0.0
2019-03-08,2.13,2.13,2.1,2.1,2.1,1100,0.0,0.0
2019-03-11,2.1,2.15,2.0,2.0,2.0,2400,0.0,0.0
2019-03-12,2.0,2.1,2.0,2.05,2.05,1200,0.0,0.0
2019-03-13,1.9,2.029,1.61,2.02,2.02,5000,0.0,0.0
2019-03-14,1.95,2.0,1.9,2.0,2.0,1600,0.0,0.0
2019-03-15,1.91,2.02,1.75,2.02,2.02,3200,0.0,0.0
2019-03-18,2.02,2.02,2.02,2.02,2.02,100,0.0,0.0
2019-03-19,2.02,2.02,1.95,1.95,1.95,1600,0.0,0.0
2019-03-20,2.05,2.16,2.05,2.15,2.15,1900,0.0,0.0
2019-03-21,2.15,2.63,2.15,2.63,2.63,2300,0.0,0.0
2019-03-22,2.63,2.63,2.22,2.22,2.22,700,0.0,0.0
2019-03-25,2.25,2.25,2.25,2.25,2.25,1000,0.0,0.0
2019-03-26,2.25,2.25,2.25,2.25,2.25,500,0.0,0.0
2019-03-27,2.25,2.26,2.0,2.26,2.26,2000,0.0,0.0
2019-03-28,2.25,2.25,2.25,2.25,2.25,600,0.0,0.0
2019-03-29,2.25,2.25,2.25,2.25,2.25,0,0.0,0.0
2019-04-01,2.35,2.35,2.25,2.25,2.25,1500,0.0,0.0
2019-04-02,2.39,2.39,2.39,2.39,2.39,200,0.0,0.0
2019-04-03,2.3,2.35,2.25,2.35,2.35,1000,0.0,0.0
2019-04-04,2.35,2.35,2.35,2.35,2.35,100,0.0,0.0
2019-04-05,2.35,2.35,2.35,2.35,2.35,0,0.0,0.0
2019-04-08,2.35,2.35,2.35,2.35,2.35,0,0.0,0.0
2019-04-09,2.3,2.3,2.3,2.3,2.3,300,0.0,0.0
2019-04-10,2.31,2.64,2.16,2.16,2.16,4200,0.0,0.0
2019-04-11,2.16,2.16,2.16,2.16,2.16,100,0.0,0.0
2019-04-12,2.16,2.16,2.16,2.16,2.16,0,0.0,0.0
2019-04-15,2.0,2.0,2.0,2.0,2.0,400,0.0,0.0
2019-04-16,2.0,2.0,2.0,2.0,2.0,100,0.0,0.0
2019-04-17,1.725,1.89,0.11,1.89,1.89,11000,0.0,0.0
2019-04-18,1.94,1.94,1.94,1.94,1.94,1500,0.0,0.0
2019-04-22,1.67,1.9,1.67,1.9,1.9,200,0.0,0.0
2019-04-23,1.9,2.2,1.15,1.96,1.96,3700,0.0,0.0
2019-04-24,1.96,1.96,1.96,1.96,1.96,0,0.0,0.0
2019-04-25,1.96,1.96,1.96,1.96,1.96,0,0.0,0.0
2019-04-26,1.96,1.96,1.96,1.96,1.96,0,0.0,0.0
2019-04-29,1.96,1.96,1.96,1.96,1.96,0,0.0,0.0
2019-04-30,1.96,1.96,1.96,1.96,1.96,0,0.0,0.0
2019-05-01,1.96,1.96,1.96,1.96,1.96,0,0.0,0.0
2019-05-02,1.75,2.2,1.75,2.15,2.15,4700,0.0,0.0
2019-05-03,2.01,2.01,2.01,2.01,2.01,400,0.0,0.0
2019-05-06,2.01,2.01,2.01,2.01,2.01,0,0.0,0.0
2019-05-07,2.01,2.01,2.01,2.01,2.01,0,0.0,0.0
2019-05-08,2.01,2.01,2.01,2.01,2.01,0,0.0,0.0
2019-05-09,2.15,2.15,2.15,2.15,2.15,100,0.0,0.0
2019-05-10,2.15,2.15,2.15,2.15,2.15,0,0.0,0.0
2019-05-13,2.1,2.1,2.1,2.1,2.1,300,0.0,0.0
2019-05-14,1.75,2.14,1.75,2.114,2.114,800,0.0,0.0
2019-05-15,1.8,2.113,1.8,2.09,2.09,600,0.0,0.0
2019-05-16,2.08,2.08,1.972,2.0,2.0,800,0.0,0.0
2019-05-17,1.96,1.96,1.96,1.96,1.96,100,0.0,0.0
2019-05-20,1.96,1.96,1.96,1.96,1.96,100,0.0,0.0
2019-05-21,1.8,2.15,1.26,2.15,2.15,1700,0.0,0.0
2019-05-22,1.8,2.1,1.3,2.05,2.05,800,0.0,0.0
2019-05-23,2.05,2.05,2.05,2.05,2.05,100,0.0,0.0
2019-05-24,2.05,2.05,2.05,2.05,2.05,0,0.0,0.0
2019-05-28,2.05,2.05,2.05,2.05,2.05,100,0.0,0.0
2019-05-29,1.745,1.98,1.745,1.98,1.98,300,0.0,0.0
2019-05-30,1.98,1.98,1.98,1.98,1.98,0,0.0,0.0
2019-05-31,1.74,1.9,1.13,1.9,1.9,2200,0.0,0.0
2019-06-03,1.9,1.9,1.9,1.9,1.9,100,0.0,0.0
2019-06-04,1.7,1.7,1.7,1.7,1.7,200,0.0,0.0
2019-06-05,1.7,1.75,1.21,1.75,1.75,2300,0.0,0.0
2019-06-06,1.75,1.75,1.75,1.75,1.75,100,0.0,0.0
2019-06-07,1.7,1.7,1.66,1.66,1.66,300,0.0,0.0
2019-06-10,1.66,1.66,1.66,1.66,1.66,0,0.0,0.0
2019-06-11,1.743,1.743,1.743,1.743,1.743,100,0.0,0.0
2019-06-12,1.75,1.75,1.75,1.75,1.75,100,0.0,0.0
2019-06-13,1.75,1.87,1.75,1.75,1.75,300,0.0,0.0
2019-06-14,1.755,1.755,1.52,1.7,1.7,800,0.0,0.0
2019-06-17,1.7,1.7,1.7,1.7,1.7,0,0.0,0.0
2019-06-18,1.5,1.5,1.33,1.33,1.33,700,0.0,0.0
2019-06-19,1.33,1.33,1.33,1.33,1.33,0,0.0,0.0
2019-06-20,1.22,1.64,1.22,1.5,1.5,1600,0.0,0.0
2019-06-21,1.5,1.5,1.5,1.5,1.5,0,0.0,0.0
2019-06-24,1.45,1.61,0.855,1.52,1.52,3900,0.0,0.0
2019-06-25,1.52,1.52,1.52,1.52,1.52,0,0.0,0.0
2019-06-26,1.4,1.4,1.4,1.4,1.4,100,0.0,0.0
2019-06-27,1.4,1.4,1.4,1.4,1.4,0,0.0,0.0
2019-06-28,1.4,1.4,1.4,1.4,1.4,0,0.0,0.0
2019-07-01,1.14,1.2,1.13,1.13,1.13,2000,0.0,0.0
2019-07-02,1.0,1.0,1.0,1.0,1.0,1000,0.0,0.0
2019-07-03,1.0,1.0,1.0,1.0,1.0,0,0.0,0.0
2019-07-05,1.0,1.119,0.99,0.99,0.99,1600,0.0,0.0
2019-07-08,1.13,1.13,0.854,1.05,1.05,5500,0.0,0.0
2019-07-09,1.07,1.295,0.87,1.05,1.05,5500,0.0,0.0
2019-07-10,1.05,1.05,1.05,1.05,1.05,0,0.0,0.0
2019-07-11,1.05,1.05,1.05,1.05,1.05,100,0.0,0.0
2019-07-12,1.05,1.05,1.05,1.05,1.05,0,0.0,0.0
2019-07-15,0.9,1.033,0.9,1.033,1.033,700,0.0,0.0
2019-07-16,1.033,1.033,1.033,1.033,1.033,0,0.0,0.0
2019-07-17,1.0,1.0,1.0,1.0,1.0,1800,0.0,0.0
2019-07-18,1.0,1.07,1.0,1.0,1.0,3500,0.0,0.0
2019-07-19,1.0,1.0,1.0,1.0,1.0,100,0.0,0.0
2019-07-22,1.0,1.0,0.638,1.0,1.0,900,0.0,0.0
2019-07-23,1.0,1.0,1.0,1.0,1.0,200,0.0,0.0
2019-07-24,1.0,1.0,1.0,1.0,1.0,0,0.0,0.0
2019-07-25,1.0,1.0,1.0,1.0,1.0,100,0.0,0.0
2019-07-26,0.945,0.945,0.945,0.945,0.945,300,0.0,0.0
2019-07-29,0.95,1.0,0.9,1.0,1.0,2600,0.0,0.0
2019-07-30,0.95,1.0,0.9,1.0,1.0,100,0.0,0.0
2019-07-31,0.95,1.0,0.9,1.0,1.0,100,0.0,0.0
2019-08-01,0.95,1.0,0.9,1.0,1.0,100,0.0,0.0
2019-08-02,1.0,1.05,1.0,1.05,1.05,1100,0.0,0.0
2019-08-05,1.05,1.05,1.0,1.0,1.0,900,0.0,0.0
2019-08-06,1.05,1.05,1.05,1.05,1.05,500,0.0,0.0
2019-08-07,1.0,1.0,1.0,1.0,1.0,500,0.0,0.0
2019-08-08,1.0,1.0,1.0,1.0,1.0,0,0.0,0.0
2019-08-09,1.0,1.0,1.0,1.0,1.0,200,0.0,0.0
2019-08-12,1.0,1.0,1.0,1.0,1.0,200,0.0,0.0
2019-08-13,1.1,1.1,0.75,0.75,0.75,2400,0.0,0.0
2019-08-14,1.08,1.1,1.08,1.1,1.1,200,0.0,0.0
2019-08-15,1.08,1.1,1.08,1.1,1.1,200,0.0,0.0
2019-08-16,1.1,1.1,1.1,1.1,1.1,0,0.0,0.0
2019-08-19,1.1,1.1,1.1,1.1,1.1,0,0.0,0.0
2019-08-20,1.1,1.1,1.1,1.1,1.1,0,0.0,0.0
2019-08-21,1.137,1.137,1.137,1.137,1.137,100,0.0,0.0
2019-08-22,1.14,1.14,1.13,1.13,1.13,500,0.0,0.0
2019-08-23,1.137,1.137,1.135,1.135,1.135,1100,0.0,0.0
2019-08-26,1.135,1.135,1.135,1.135,1.135,0,0.0,0.0
2019-08-27,1.08,1.196,1.08,1.196,1.196,1700,0.0,0.0
2019-08-28,1.179,1.2,1.165,1.2,1.2,1300,0.0,0.0
2019-08-29,1.2,1.2,1.2,1.2,1.2,0,0.0,0.0
2019-08-30,1.2,1.2,1.2,1.2,1.2,0,0.0,0.0
2019-09-03,1.25,1.25,1.25,1.25,1.25,600,0.0,0.0
2019-09-04,1.25,1.25,1.25,1.25,1.25,0,0.0,0.0
2019-09-05,1.25,1.25,1.25,1.25,1.25,0,0.0,0.0
2019-09-06,1.25,1.25,1.25,1.25,1.25,200,0.0,0.0
2019-09-09,1.25,1.25,1.25,1.25,1.25,0,0.0,0.0
2019-09-10,1.2,1.2,1.2,1.2,1.2,2500,0.0,0.0
2019-09-11,1.15,1.2,1.1,1.1,1.1,1300,0.0,0.0
2019-09-12,1.08,1.08,1.08,1.08,1.08,500,0.0,0.0
2019-09-13,1.08,1.08,1.08,1.08,1.08,0,0.0,0.0
2019-09-16,1.08,1.08,1.08,1.08,1.08,0,0.0,0.0
2019-09-17,1.0,1.0,1.0,1.0,1.0,400,0.0,0.0
2019-09-18,1.0,1.0,1.0,1.0,1.0,100,0.0,0.0
2019-09-19,0.86,0.86,0.82,0.82,0.82,200,0.0,0.0
2019-09-20,0.7,1.1,0.7,1.1,1.1,400,0.0,0.0
2019-09-23,1.07,1.07,1.07,1.07,1.07,500,0.0,0.0
2019-09-24,1.1,1.1,1.1,1.1,1.1,2000,0.0,0.0
2019-09-25,1.1,1.1,1.1,1.1,1.1,0,0.0,0.0
2019-09-26,1.1,1.1,1.1,1.1,1.1,0,0.0,0.0
2019-09-27,1.105,1.12,1.07,1.12,1.12,1200,0.0,0.0
2019-09-30,1.12,1.12,1.12,1.12,1.12,0,0.0,0.0
2019-10-01,1.12,1.12,1.12,1.12,1.12,0,0.0,0.0
2019-10-02,1.03,1.089,0.9,1.089,1.089,600,0.0,0.0
2019-10-03,1.05,1.05,1.05,1.05,1.05,100,0.0,0.0
2019-10-04,1.1,1.1,1.0,1.0,1.0,1300,0.0,0.0
2019-10-07,1.0,1.0,1.0,1.0,1.0,100,0.0,0.0
2019-10-08,1.06,1.13,1.06,1.1,1.1,2200,0.0,0.0
2019-10-09,1.1,1.1,1.1,1.1,1.1,100,0.0,0.0
2019-10-10,1.1,1.1,1.1,1.1,1.1,100,0.0,0.0
2019-10-11,1.1,1.1,1.1,1.1,1.1,0,0.0,0.0
2019-10-14,1.0,1.04,1.0,1.0,1.0,1200,0.0,0.0
2019-10-15,1.06,1.1,1.06,1.1,1.1,1000,0.0,0.0
2019-10-16,1.1,1.1,1.1,1.1,1.1,100,0.0,0.0
2019-10-17,1.1,1.1,1.1,1.1,1.1,0,0.0,0.0
2019-10-18,1.1,1.1,1.1,1.1,1.1,0,0.0,0.0
2019-10-21,1.07,1.07,1.07,1.07,1.07,200,0.0,0.0
2019-10-22,1.07,1.07,1.07,1.07,1.07,0,0.0,0.0
2019-10-23,1.07,1.07,1.07,1.07,1.07,100,0.0,0.0
2019-10-24,1.07,1.07,1.07,1.07,1.07,0,0.0,0.0
2019-10-25,0.886,0.989,0.721,0.989,0.989,11900,0.0,0.0
2019-10-28,1.0,1.0,1.0,1.0,1.0,1000,0.0,0.0
2019-10-29,1.0,1.0,1.0,1.0,1.0,0,0.0,0.0
2019-10-30,1.0,1.0,1.0,1.0,1.0,0,0.0,0.0
2019-10-31,1.0,1.0,1.0,1.0,1.0,0,0.0,0.0
2019-11-01,0.95,0.99,0.95,0.99,0.99,200,0.0,0.0
2019-11-04,1.055,1.055,1.0,1.0,1.0,1400,0.0,0.0
2019-11-05,1.0,1.0,1.0,1.0,1.0,0,0.0,0.0
2019-11-06,1.0,1.0,1.0,1.0,1.0,0,0.0,0.0
2019-11-07,1.0,1.0,1.0,1.0,1.0,0,0.0,0.0
2019-11-08,0.722,0.722,0.722,0.722,0.722,300,0.0,0.0
2019-11-11,0.722,0.722,0.722,0.722,0.722,0,0.0,0.0
2019-11-12,1.09,1.09,1.09,1.09,1.09,100,0.0,0.0
2019-11-13,1.09,1.09,1.09,1.09,1.09,0,0.0,0.0
2019-11-14,1.09,1.09,1.09,1.09,1.09,0,0.0,0.0
2019-11-15,1.09,1.09,1.09,1.09,1.09,0,0.0,0.0
2019-11-18,1.09,2.0,1.09,1.6,1.6,25800,0.0,0.0
2019-11-19,2.1,2.15,2.0,2.09,2.09,6300,0.0,0.0
2019-11-20,2.05,2.15,2.05,2.1,2.1,4800,0.0,0.0
2019-11-21,2.0,2.0,1.0,2.0,2.0,2100,0.0,0.0
2019-11-22,2.2,2.62,2.2,2.62,2.62,3300,0.0,0.0
2019-11-25,2.66,3.45,2.0,2.0,2.0,4800,0.0,0.0
2019-11-26,2.99,2.99,2.99,2.99,2.99,200,0.0,0.0
2019-11-27,2.99,2.99,2.99,2.99,2.99,0,0.0,0.0
2019-11-29,2.88,2.88,2.88,2.88,2.88,400,0.0,0.0
2019-12-02,2.04,2.04,2.0,2.0,2.0,300,0.0,0.0
2019-12-03,2.0,2.0,2.0,2.0,2.0,1000,0.0,0.0
2019-12-04,2.5,2.5,2.3,2.5,2.5,1900,0.0,0.0
2019-12-05,2.5,2.5,2.5,2.5,2.5,0,0.0,0.0
2019-12-06,2.0,2.59,1.9,2.59,2.59,2200,0.0,0.0
2019-12-09,2.59,2.59,2.59,2.59,2.59,0,0.0,0.0
2019-12-10,2.28,2.49,2.28,2.49,2.49,1400,0.0,0.0
2019-12-11,2.6,2.65,2.5,2.5,2.5,1200,0.0,0.0
2019-12-12,2.42,2.61,2.42,2.61,2.61,2100,0.0,0.0
2019-12-13,2.04,2.04,2.0,2.0,2.0,300,0.0,0.0
2019-12-16,2.04,2.65,1.51,1.51,1.51,5700,0.0,0.0
2019-12-17,2.65,2.85,2.5,2.85,2.85,2500,0.0,0.0
2019-12-18,2.9,3.4,2.51,3.25,3.25,8100,0.0,0.0
2019-12-19,3.24,3.24,3.24,3.24,3.24,200,0.0,0.0
2019-12-20,2.7,2.7,2.7,2.7,2.7,200,0.0,0.0
2019-12-23,2.01,2.7,2.01,2.65,2.65,8500,0.0,0.0
2019-12-24,2.5,2.5,2.5,2.5,2.5,100,0.0,0.0
2019-12-26,2.5,2.5,2.5,2.5,2.5,0,0.0,0.0
2019-12-27,2.5,2.5,2.5,2.5,2.5,0,0.0,0.0
2019-12-30,2.5,2.5,2.5,2.5,2.5,0,0.0,0.0
2019-12-31,2.2,2.5,2.2,2.5,2.5,1700,0.0,0.0
2020-01-02,2.24,2.85,2.21,2.85,2.85,600,0.0,0.0
2020-01-03,2.15,2.85,2.15,2.2,2.2,1500,0.0,0.0
2020-01-06,2.05,2.5,2.0,2.5,2.5,5400,0.0,0.0
2020-01-07,2.4,2.5,2.21,2.5,2.5,10000,0.0,0.0
2020-01-08,2.5,2.5,2.5,2.5,2.5,34000,0.0,0.0
2020-01-09,2.64,2.64,2.6,2.6,2.6,1100,0.0,0.0
2020-01-10,2.637,3.0,2.637,3.0,3.0,2800,0.0,0.0
2020-01-13,3.0,3.0,2.83,3.0,3.0,12800,0.0,0.0
2020-01-14,2.75,3.0,2.5,3.0,3.0,1200,0.0,0.0
2020-01-15,2.52,3.0,2.52,3.0,3.0,3500,0.0,0.0
2020-01-16,3.0,3.0,3.0,3.0,3.0,300,0.0,0.0
2020-01-17,3.0,3.0,3.0,3.0,3.0,0,0.0,0.0
2020-01-21,3.0,3.0,3.0,3.0,3.0,500,0.0,0.0
2020-01-22,2.7,3.0,2.66,3.0,3.0,2400,0.0,0.0
2020-01-23,2.66,2.66,2.65,2.65,2.65,700,0.0,0.0
2020-01-24,2.5,2.5,2.43,2.43,2.43,600,0.0,0.0
2020-01-27,2.425,2.43,2.42,2.42,2.42,600,0.0,0.0
2020-01-28,2.5,2.5,2.5,2.5,2.5,200,0.0,0.0
2020-01-29,2.5,2.5,2.5,2.5,2.5,0,0.0,0.0
2020-01-30,2.5,2.5,2.5,2.5,2.5,0,0.0,0.0
2020-01-31,2.5,2.5,2.5,2.5,2.5,300,0.0,0.0
2020-02-03,2.5,2.5,2.5,2.5,2.5,0,0.0,0.0
2020-02-04,2.45,2.52,2.45,2.5,2.5,26300,0.0,0.0
2020-02-05,2.5,2.5,2.5,2.5,2.5,200,0.0,0.0
2020-02-06,2.5,2.5,2.5,2.5,2.5,0,0.0,0.0
2020-02-07,2.16,2.16,2.15,2.15,2.15,1200,0.0,0.0
2020-02-10,2.15,2.15,2.15,2.15,2.15,0,0.0,0.0
2020-02-11,2.15,2.15,2.15,2.15,2.15,0,0.0,0.0
2020-02-12,2.15,2.15,2.0,2.0,2.0,700,0.0,0.0
2020-02-13,2.0,2.0,2.0,2.0,2.0,100,0.0,0.0
2020-02-14,1.5,1.5,1.5,1.5,1.5,300,0.0,0.0
2020-02-18,1.55,1.55,1.5,1.5,1.5,900,0.0,0.0
2020-02-19,1.45,1.5,1.4,1.5,1.5,2700,0.0,0.0
2020-02-20,1.5,1.5,1.5,1.5,1.5,100,0.0,0.0
2020-02-21,1.5,1.5,1.5,1.5,1.5,0,0.0,0.0
2020-02-24,1.5,1.5,1.5,1.5,1.5,0,0.0,0.0
2020-02-25,1.4,1.4,1.4,1.4,1.4,100,0.0,0.0
2020-02-26,1.375,1.375,1.3,1.3,1.3,1000,0.0,0.0
2020-02-27,1.3,1.3,1.3,1.3,1.3,0,0.0,0.0
2020-02-28,1.3,1.3,1.3,1.3,1.3,0,0.0,0.0
2020-03-02,1.278,1.3,1.278,1.3,1.3,2000,0.0,0.0
2020-03-03,1.295,1.39,1.295,1.39,1.39,1000,0.0,0.0
2020-03-04,1.39,1.39,1.39,1.39,1.39,0,0.0,0.0
2020-03-05,1.39,1.39,1.39,1.39,1.39,700,0.0,0.0
2020-03-06,1.4,1.4,1.4,1.4,1.4,200,0.0,0.0
2020-03-09,1.4,1.4,1.4,1.4,1.4,0,0.0,0.0
2020-03-10,1.4,1.4,1.4,1.4,1.4,900,0.0,0.0
2020-03-11,1.04,1.04,1.04,1.04,1.04,400,0.0,0.0
2020-03-12,1.06,1.06,0.115,1.01,1.01,4200,0.0,0.0
2020-03-13,1.05,1.05,1.05,1.05,1.05,1000,0.0,0.0
2020-03-16,1.1,1.1,1.1,1.1,1.1,2200,0.0,0.0
2020-03-17,1.1,1.1,1.1,1.1,1.1,0,0.0,0.0
2020-03-18,1.1,1.1,1.1,1.1,1.1,0,0.0,0.0
2020-03-19,1.1,1.1,1.1,1.1,1.1,0,0.0,0.0
2020-03-20,1.1,1.1,1.1,1.1,1.1,0,0.0,0.0
2020-03-23,1.1,1.1,1.1,1.1,1.1,0,0.0,0.0
2020-03-24,1.1,1.1,1.1,1.1,1.1,0,0.0,0.0
2020-03-25,1.1,1.1,1.1,1.1,1.1,400,0.0,0.0
2020-03-26,1.1,1.1,1.1,1.1,1.1,0,0.0,0.0
2020-03-27,1.1,1.1,1.1,1.1,1.1,0,0.0,0.0
2020-03-30,1.1,1.1,1.1,1.1,1.1,0,0.0,0.0
2020-03-31,1.1,1.1,1.1,1.1,1.1,0,0.0,0.0
2020-04-01,1.1,1.1,1.0,1.0,1.0,800,0.0,0.0
2020-04-02,1.0,1.0,1.0,1.0,1.0,0,0.0,0.0
2020-04-03,1.045,1.045,0.7,1.0,1.0,2500,0.0,0.0
2020-04-06,1.0,1.0,1.0,1.0,1.0,0,0.0,0.0
2020-04-07,1.0,1.0,1.0,1.0,1.0,0,0.0,0.0
2020-04-08,1.0,1.0,1.0,1.0,1.0,0,0.0,0.0
2020-04-09,1.0,1.0,1.0,1.0,1.0,0,0.0,0.0
2020-04-13,1.0,1.0,1.0,1.0,1.0,0,0.0,0.0
2020-04-14,1.39,1.4,1.39,1.4,1.4,800,0.0,0.0
2020-04-15,1.4,1.98,1.2,1.7,1.7,2500,0.0,0.0
2020-04-16,1.68,1.7,1.67,1.7,1.7,1400,0.0,0.0
2020-04-17,1.7,1.7,1.7,1.7,1.7,0,0.0,0.0
2020-04-20,1.69,1.7,1.69,1.7,1.7,300,0.0,0.0
2020-04-21,1.7,1.9,1.7,1.9,1.9,300,0.0,0.0
2020-04-22,1.97,1.97,1.95,1.95,1.95,200,0.0,0.0
2020-04-23,1.97,1.97,1.97,1.97,1.97,400,0.0,0.0
2020-04-24,1.97,1.97,1.97,1.97,1.97,0,0.0,0.0
2020-04-27,1.99,1.99,1.99,1.99,1.99,200,0.0,0.0
2020-04-28,1.99,1.99,1.99,1.99,1.99,0,0.0,0.0
2020-04-29,1.98,2.0,1.5,1.5,1.5,2500,0.0,0.0
2020-04-30,2.5,2.5,2.49,2.5,2.5,3700,0.0,0.0
2020-05-01,2.475,2.475,1.6,2.44,2.44,1900,0.0,0.0
2020-05-04,2.15,2.15,1.12,1.12,1.12,6900,0.0,0.0
2020-05-05,1.5,1.5,1.5,1.5,1.5,3000,0.0,0.0
2020-05-06,2.45,2.45,1.29,1.29,1.29,9600,0.0,0.0
2020-05-07,1.49,1.98,1.35,1.6,1.6,6600,0.0,0.0
2020-05-08,1.6,1.6,1.6,1.6,1.6,6600,0.0,0.0
2020-05-11,1.6,1.6,1.6,1.6,1.6,0,0.0,0.0
2020-05-12,1.45,2.0,1.45,2.0,2.0,1800,0.0,0.0
2020-05-13,1.45,1.45,1.45,1.45,1.45,500,0.0,0.0
2020-05-14,1.45,1.45,1.45,1.45,1.45,0,0.0,0.0
2020-05-15,1.45,1.45,1.45,1.45,1.45,0,0.0,0.0
2020-05-18,1.75,1.75,1.75,1.75,1.75,1000,0.0,0.0
2020-05-19,1.75,1.75,1.75,1.75,1.75,0,0.0,0.0
2020-05-20,1.75,1.75,1.75,1.75,1.75,0,0.0,0.0
2020-05-21,1.75,1.75,1.75,1.75,1.75,0,0.0,0.0
2020-05-22,1.75,1.95,1.75,1.95,1.95,200,0.0,0.0
2020-05-26,1.95,1.95,1.95,1.95,1.95,0,0.0,0.0
2020-05-27,1.95,1.95,1.95,1.95,1.95,0,0.0,0.0
2020-05-28,1.74,1.92,1.26,1.5,1.5,3700,0.0,0.0
2020-05-29,1.5,1.5,1.5,1.5,1.5,0,0.0,0.0
2020-06-01,1.5,1.5,1.5,1.5,1.5,500,0.0,0.0
2020-06-02,1.5,1.5,1.27,1.27,1.27,900,0.0,0.0
2020-06-03,1.28,1.28,1.28,1.28,1.28,500,0.0,0.0
2020-06-04,1.85,1.85,1.28,1.59,1.59,1600,0.0,0.0
2020-06-05,1.6,1.8,1.6,1.75,1.75,2400,0.0,0.0
2020-06-08,1.75,1.75,1.75,1.75,1.75,0,0.0,0.0
2020-06-09,1.75,1.75,1.75,1.75,1.75,0,0.0,0.0
2020-06-10,1.75,1.75,1.75,1.75,1.75,0,0.0,0.0
2020-06-11,1.75,1.75,1.75,1.75,1.75,2000,0.0,0.0
2020-06-12,1.72,1.72,1.4,1.4,1.4,2300,0.0,0.0
2020-06-15,1.4,1.4,1.4,1.4,1.4,600,0.0,0.0
2020-06-16,1.4,1.4,1.4,1.4,1.4,500,0.0,0.0
2020-06-17,1.49,1.5,1.49,1.5,1.5,600,0.0,0.0
2020-06-18,1.5,1.5,1.5,1.5,1.5,0,0.0,0.0
2020-06-19,1.5,1.5,1.5,1.5,1.5,0,0.0,0.0
2020-06-22,1.4,1.45,1.4,1.4,1.4,800,0.0,0.0
2020-06-23,1.4,1.4,1.4,1.4,1.4,0,0.0,0.0
2020-06-24,1.5,1.5,1.44,1.44,1.44,1100,0.0,0.0
2020-06-25,1.44,1.44,1.0,1.0,1.0,9000,0.0,0.0
2020-06-26,1.25,1.5,1.0,1.5,1.5,38600,0.0,0.0
2020-06-29,1.5,1.5,1.0,1.0,1.0,7000,0.0,0.0
2020-06-30,1.0,1.05,0.7,1.0,1.0,15200,0.0,0.0
2020-07-01,1.0,1.05,0.85,1.05,1.05,31000,0.0,0.0
2020-07-02,1.1,1.12,0.95,1.0,1.0,6900,0.0,0.0
2020-07-06,0.9,1.0,0.9,1.0,1.0,2400,0.0,0.0
2020-07-07,1.0,1.0,1.0,1.0,1.0,5100,0.0,0.0
2020-07-08,1.0,1.0,0.95,1.0,1.0,1100,0.0,0.0
2020-07-09,1.0,1.0,1.0,1.0,1.0,0,0.0,0.0
2020-07-10,1.0,1.023,1.0,1.0,1.0,7400,0.0,0.0
2020-07-13,1.0,1.0,1.0,1.0,1.0,100,0.0,0.0
2020-07-14,0.9,1.0,0.9,1.0,1.0,400,0.0,0.0
2020-07-15,1.0,1.0,0.8,0.8,0.8,1700,0.0,0.0
2020-07-16,0.95,1.1,0.95,1.06,1.06,300,0.0,0.0
2020-07-17,0.8,0.99,0.71,0.99,0.99,13800,0.0,0.0
2020-07-20,0.99,0.99,0.99,0.99,0.99,300,0.0,0.0
2020-07-21,0.99,0.99,0.99,0.99,0.99,0,0.0,0.0
2020-07-22,0.89,0.99,0.89,0.99,0.99,27600,0.0,0.0
2020-07-23,0.65,0.99,0.65,0.99,0.99,700,0.0,0.0
2020-07-24,0.99,0.99,0.99,0.99,0.99,4800,0.0,0.0
2020-07-27,0.99,0.99,0.99,0.99,0.99,100,0.0,0.0
2020-07-28,0.99,0.99,0.99,0.99,0.99,200,0.0,0.0
2020-07-29,0.76,0.9,0.76,0.9,0.9,1000,0.0,0.0
2020-07-30,0.51,0.51,0.51,0.51,0.51,600,0.0,0.0
2020-07-31,0.95,0.95,0.95,0.95,0.95,900,0.0,0.0
2020-08-03,0.945,1.5,0.89,0.89,0.89,34700,0.0,0.0
2020-08-04,0.651,0.9,0.651,0.9,0.9,18300,0.0,0.0
2020-08-05,1.02,1.03,1.02,1.03,1.03,300,0.0,0.0
2020-08-06,1.03,1.065,1.03,1.065,1.065,3000,0.0,0.0
2020-08-07,1.07,1.07,1.0,1.0,1.0,1600,0.0,0.0
2020-08-10,1.035,1.1,1.035,1.1,1.1,800,0.0,0.0
2020-08-11,1.11,1.15,1.11,1.15,1.15,2000,0.0,0.0
2020-08-12,1.232,1.241,1.232,1.241,1.241,200,0.0,0.0
2020-08-13,1.4,1.4,1.25,1.4,1.4,5200,0.0,0.0
2020-08-14,1.3,1.3,1.26,1.26,1.26,300,0.0,0.0
2020-08-17,1.2,1.2,1.2,1.2,1.2,200,0.0,0.0
2020-08-18,1.3,1.3,1.225,1.3,1.3,400,0.0,0.0
2020-08-19,1.4,1.4,1.4,1.4,1.4,900,0.0,0.0
2020-08-20,1.4,1.4,1.4,1.4,1.4,400,0.0,0.0
2020-08-21,1.4,1.4,1.4,1.4,1.4,0,0.0,0.0
2020-08-24,1.15,1.33,1.15,1.33,1.33,300,0.0,0.0
2020-08-25,1.33,1.33,1.33,1.33,1.33,0,0.0,0.0
2020-08-26,1.16,1.45,1.16,1.395,1.395,4900,0.0,0.0
2020-08-27,1.16,1.37,1.16,1.37,1.37,300,0.0,0.0
2020-08-28,1.29,1.29,1.29,1.29,1.29,100,0.0,0.0
2020-08-31,1.16,1.29,1.16,1.29,1.29,2500,0.0,0.0
2020-09-01,1.17,1.33,1.17,1.33,1.33,1100,0.0,0.0
2020-09-02,1.3,1.3,1.3,1.3,1.3,200,0.0,0.0
2020-09-03,1.16,1.275,1.16,1.275,1.275,200,0.0,0.0
2020-09-04,1.39,1.39,1.11,1.11,1.11,1100,0.0,0.0
2020-09-08,1.2,1.25,1.16,1.25,1.25,1200,0.0,0.0
2020-09-09,1.21,1.25,1.21,1.25,1.25,200,0.0,0.0
2020-09-10,1.355,1.355,1.26,1.26,1.26,16100,0.0,0.0
2020-09-11,1.3,1.3,1.15,1.15,1.15,500,0.0,0.0
2020-09-14,1.15,1.15,1.15,1.15,1.15,100,0.0,0.0
2020-09-15,1.15,1.275,1.15,1.275,1.275,500,0.0,0.0
2020-09-16,1.4,1.4,1.4,1.4,1.4,100,0.0,0.0
2020-09-17,1.4,1.4,1.4,1.4,1.4,0,0.0,0.0
2020-09-18,1.275,1.275,1.1,1.12,1.12,11300,0.0,0.0
2020-09-21,1.1,1.1,1.1,1.1,1.1,200,0.0,0.0
2020-09-22,1.15,1.15,1.15,1.15,1.15,100,0.0,0.0
2020-09-23,1.2,1.35,1.2,1.35,1.35,200,0.0,0.0
2020-09-24,1.35,1.35,1.35,1.35,1.35,200,0.0,0.0
2020-09-25,1.35,1.35,1.35,1.35,1.35,0,0.0,0.0
2020-09-28,1.2,1.2,1.2,1.2,1.2,100,0.0,0.0
2020-09-29,1.12,1.44,1.12,1.43,1.43,300,0.0,0.0
2020-09-30,1.44,1.44,1.44,1.44,1.44,300,0.0,0.0
2020-10-01,1.1,1.1,1.1,1.1,1.1,2000,0.0,0.0
2020-10-02,1.35,1.44,1.15,1.15,1.15,900,0.0,0.0
2020-10-05,1.12,1.12,1.12,1.12,1.12,400,0.0,0.0
2020-10-06,1.12,1.12,1.12,1.12,1.12,0,0.0,0.0
2020-10-07,1.39,1.39,1.38,1.38,1.38,300,0.0,0.0
2020-10-08,1.16,1.36,1.16,1.36,1.36,700,0.0,0.0
2020-10-09,1.27,1.27,1.16,1.16,1.16,500,0.0,0.0
2020-10-12,1.16,1.16,1.16,1.16,1.16,0,0.0,0.0
2020-10-13,1.38,1.38,1.3,1.3,1.3,8200,0.0,0.0
2020-10-14,1.3,1.3,1.3,1.3,1.3,0,0.0,0.0
2020-10-15,1.17,1.17,1.17,1.17,1.17,100,0.0,0.0
2020-10-16,1.16,1.23,1.16,1.23,1.23,400,0.0,0.0
2020-10-19,1.23,1.23,1.23,1.23,1.23,0,0.0,0.0
2020-10-20,1.17,1.18,1.17,1.18,1.18,200,0.0,0.0
2020-10-21,1.23,1.23,1.23,1.23,1.23,5800,0.0,0.0
2020-10-22,1.23,1.23,1.23,1.23,1.23,0,0.0,0.0
2020-10-23,1.25,1.25,1.25,1.25,1.25,900,0.0,0.0
2020-10-26,1.4,1.4,1.21,1.21,1.21,800,0.0,0.0
2020-10-27,1.285,1.285,1.285,1.285,1.285,100,0.0,0.0
2020-10-28,1.16,1.41,1.16,1.41,1.41,8100,0.0,0.0
2020-10-29,1.2,1.2,1.02,1.2,1.2,3300,0.0,0.0
2020-10-30,1.0,1.0,1.0,1.0,1.0,200,0.0,0.0
2020-11-02,1.1,1.2,1.1,1.2,1.2,3200,0.0,0.0
2020-11-03,1.29,1.29,1.2,1.2,1.2,1500,0.0,0.0
2020-11-04,1.15,1.225,1.15,1.225,1.225,1000,0.0,0.0
2020-11-05,1.225,1.225,1.225,1.225,1.225,0,0.0,0.0
2020-11-06,1.2,1.2,1.2,1.2,1.2,700,0.0,0.0
2020-11-09,1.2,1.2,1.2,1.2,1.2,0,0.0,0.0
2020-11-10,1.2,1.2,1.2,1.2,1.2,0,0.0,0.0
2020-11-11,1.26,1.3,1.16,1.2,1.2,6800,0.0,0.0
2020-11-12,1.2,1.2,1.2,1.2,1.2,500,0.0,0.0
2020-11-13,1.2,1.2,1.2,1.2,1.2,100,0.0,0.0
2020-11-16,1.08,1.08,1.08,1.08,1.08,200,0.0,0.0
2020-11-17,1.29,1.29,1.185,1.185,1.185,200,0.0,0.0
2020-11-18,1.225,1.225,1.225,1.225,1.225,100,0.0,0.0
2020-11-19,1.225,1.225,1.225,1.225,1.225,0,0.0,0.0
2020-11-20,1.225,1.225,1.225,1.225,1.225,0,0.0,0.0
2020-11-23,1.24,1.395,1.24,1.3,1.3,1600,0.0,0.0
2020-11-24,1.3,1.3,1.3,1.3,1.3,100,0.0,0.0
2020-11-25,1.3,1.3,1.3,1.3,1.3,100,0.0,0.0
2020-11-27,1.3,1.3,1.3,1.3,1.3,0,0.0,0.0
2020-11-30,1.3,1.3,1.22,1.22,1.22,1500,0.0,0.0
2020-12-01,1.25,1.25,1.25,1.25,1.25,1000,0.0,0.0
2020-12-02,1.34,1.34,1.34,1.34,1.34,200,0.0,0.0
2020-12-03,1.36,1.38,0.01,0.71,0.71,37400,0.0,0.0
2020-12-04,1.0,1.3,0.97,1.3,1.3,20500,0.0,0.0
2020-12-07,1.37,1.4,1.37,1.4,1.4,1600,0.0,0.0
2020-12-08,1.3,1.5,1.3,1.49,1.49,2200,0.0,0.0
2020-12-09,1.49,1.49,1.49,1.49,1.49,0,0.0,0.0
2020-12-10,1.41,1.75,1.3,1.593,1.593,2500,0.0,0.0
2020-12-11,1.665,1.74,1.49,1.7,1.7,2100,0.0,0.0
2020-12-14,1.49,1.62,1.49,1.5,1.5,1800,0.0,0.0
2020-12-15,1.62,1.62,1.5,1.5,1.5,1200,0.0,0.0
2020-12-16,1.5,1.5,1.5,1.5,1.5,0,0.0,0.0
2020-12-17,1.5,1.5,1.5,1.5,1.5,0,0.0,0.0
2020-12-18,1.5,1.5,1.5,1.5,1.5,0,0.0,0.0
2020-12-21,1.7,1.7,1.605,1.605,1.605,4000,0.0,0.0
2020-12-22,1.5,1.7,1.4,1.7,1.7,2300,0.0,0.0
2020-12-23,1.7,1.7,1.7,1.7,1.7,0,0.0,0.0
2020-12-24,1.4,1.4,1.4,1.4,1.4,500,0.0,0.0
2020-12-28,1.7,1.7,1.7,1.7,1.7,400,0.0,0.0
2020-12-29,1.7,1.7,1.7,1.7,1.7,0,0.0,0.0
2020-12-30,1.69,1.69,1.45,1.53,1.53,5100,0.0,0.0
2020-12-31,1.45,1.475,1.45,1.45,1.45,9400,0.0,0.0
2021-01-04,1.45,1.64,1.45,1.6,1.6,2400,0.0,0.0
2021-01-05,1.45,1.45,1.45,1.45,1.45,8000,0.0,0.0
2021-01-06,1.5,1.5,1.5,1.5,1.5,3000,0.0,0.0
2021-01-07,1.54,1.69,1.54,1.6,1.6,1500,0.0,0.0
2021-01-08,1.4,1.5,1.4,1.49,1.49,2400,0.0,0.0
2021-01-11,1.468,1.468,1.468,1.468,1.468,800,0.0,0.0
2021-01-12,1.468,1.468,1.468,1.468,1.468,0,0.0,0.0
2021-01-13,1.55,1.55,1.5,1.52,1.52,700,0.0,0.0
2021-01-14,1.52,1.55,1.52,1.55,1.55,2500,0.0,0.0
2021-01-15,1.45,1.7,1.45,1.67,1.67,4300,0.0,0.0
2021-01-19,1.75,1.75,1.5,1.7,1.7,2500,0.0,0.0
2021-01-20,1.67,1.67,1.573,1.67,1.67,1600,0.0,0.0
2021-01-21,1.52,1.62,1.52,1.62,1.62,300,0.0,0.0
2021-01-22,1.5,1.5,1.5,1.5,1.5,300,0.0,0.0
2021-01-25,1.59,1.6,1.53,1.6,1.6,400,0.0,0.0
2021-01-26,1.65,1.65,1.0,1.59,1.59,2800,0.0,0.0
2021-01-27,1.53,1.58,1.48,1.53,1.53,6000,0.0,0.0
2021-01-28,1.571,1.571,1.45,1.5,1.5,5200,0.0,0.0
2021-01-29,1.54,1.58,1.51,1.58,1.58,8900,0.0,0.0
2021-02-01,1.58,1.58,1.58,1.58,1.58,0,0.0,0.0
2021-02-02,1.58,1.58,1.58,1.58,1.58,500,0.0,0.0
2021-02-03,1.53,1.53,1.5,1.5,1.5,300,0.0,0.0
2021-02-04,1.495,1.495,1.495,1.495,1.495,100,0.0,0.0
2021-02-05,1.48,1.5,1.48,1.5,1.5,2200,0.0,0.0
2021-02-08,1.55,1.55,1.54,1.54,1.54,8500,0.0,0.0
2021-02-09,1.02,1.5,1.02,1.5,1.5,11800,0.0,0.0
2021-02-10,1.1,1.46,1.1,1.46,1.46,1300,0.0,0.0
2021-02-11,1.35,1.35,1.34,1.34,1.34,700,0.0,0.0
2021-02-12,1.34,1.34,1.34,1.34,1.34,0,0.0,0.0
2021-02-16,1.35,1.49,1.325,1.49,1.49,1600,0.0,0.0
2021-02-17,1.5,1.57,1.5,1.57,1.57,10300,0.0,0.0
2021-02-18,1.57,1.57,1.37,1.37,1.37,400,0.0,0.0
2021-02-19,1.57,1.57,1.495,1.495,1.495,400,0.0,0.0
2021-02-22,1.375,1.6,1.375,1.6,1.6,7800,0.0,0.0
2021-02-23,1.85,1.85,1.24,1.44,1.44,2000,0.0,0.0
2021-02-24,1.5,1.68,1.5,1.68,1.68,400,0.0,0.0
2021-02-25,1.49,1.49,1.49,1.49,1.49,200,0.0,0.0
2021-02-26,1.49,1.49,1.49,1.49,1.49,0,0.0,0.0
2021-03-01,1.49,1.49,1.49,1.49,1.49,0,0.0,0.0
2021-03-02,1.52,1.52,1.52,1.52,1.52,1100,0.0,0.0
2021-03-03,1.51,1.55,1.51,1.52,1.52,6000,0.0,0.0
2021-03-04,1.7,1.7,1.475,1.69,1.69,800,0.0,0.0
2021-03-05,1.69,1.69,1.69,1.69,1.69,0,0.0,0.0
2021-03-08,1.69,1.69,1.69,1.69,1.69,0,0.0,0.0
2021-03-09,1.69,1.69,1.69,1.69,1.69,0,0.0,0.0
2021-03-10,1.3,1.5,1.3,1.3,1.3,1600,0.0,0.0
2021-03-11,1.68,1.68,1.35,1.39,1.39,600,0.0,0.0
2021-03-12,1.65,1.65,1.35,1.35,1.35,200,0.0,0.0
2021-03-15,1.35,1.35,1.35,1.35,1.35,0,0.0,0.0
2021-03-16,1.4,1.4,1.4,1.4,1.4,1000,0.0,0.0
2021-03-17,1.4,1.4,1.4,1.4,1.4,0,0.0,0.0
2021-03-18,1.4,1.4,1.4,1.4,1.4,0,0.0,0.0
2021-03-19,1.4,1.4,1.4,1.4,1.4,0,0.0,0.0
2021-03-22,1.4,1.4,1.4,1.4,1.4,0,0.0,0.0
2021-03-23,1.41,1.41,1.39,1.4,1.4,1000,0.0,0.0
2021-03-24,1.4,1.4,1.4,1.4,1.4,0,0.0,0.0
2021-03-25,1.35,1.7,1.35,1.45,1.45,11200,0.0,0.0
2021-03-26,1.45,1.45,1.45,1.45,1.45,1000,0.0,0.0
2021-03-29,1.02,1.31,1.02,1.31,1.31,700,0.0,0.0
2021-03-30,1.31,1.31,1.31,1.31,1.31,0,0.0,0.0
2021-03-31,1.35,1.35,1.35,1.35,1.35,100,0.0,0.0
2021-04-01,1.35,1.45,1.35,1.38,1.38,700,0.0,0.0
2021-04-05,1.37,1.37,1.37,1.37,1.37,100,0.0,0.0
2021-04-06,1.37,1.37,1.37,1.37,1.37,0,0.0,0.0
2021-04-07,1.37,1.37,1.37,1.37,1.37,0,0.0,0.0
2021-04-08,1.35,1.35,1.35,1.35,1.35,700,0.0,0.0
2021-04-09,1.31,1.66,1.31,1.66,1.66,300,0.0,0.0
2021-04-12,1.56,1.68,1.56,1.65,1.65,900,0.0,0.0
2021-04-13,1.36,1.68,1.36,1.39,1.39,5800,0.0,0.0
2021-04-14,1.39,1.39,1.39,1.39,1.39,0,0.0,0.0
2021-04-15,1.6,1.6,1.6,1.6,1.6,800,0.0,0.0
2021-04-16,1.6,1.61,1.6,1.61,1.61,1000,0.0,0.0
2021-04-19,1.61,1.61,1.61,1.61,1.61,0,0.0,0.0
2021-04-20,1.55,1.55,1.55,1.55,1.55,200,0.0,0.0
2021-04-21,1.5,1.5,1.45,1.45,1.45,1600,0.0,0.0
2021-04-22,1.5,1.5,1.445,1.5,1.5,1900,0.0,0.0
2021-04-23,1.5,1.5,1.5,1.5,1.5,0,0.0,0.0
2021-04-26,1.5,1.5,1.5,1.5,1.5,0,0.0,0.0
2021-04-27,1.39,1.39,1.39,1.39,1.39,500,0.0,0.0
2021-04-28,1.35,1.35,1.25,1.25,1.25,1100,0.0,0.0
2021-04-29,1.45,1.5,1.3,1.3,1.3,5600,0.0,0.0
2021-04-30,1.38,1.5,1.38,1.5,1.5,1900,0.0,0.0
2021-05-03,1.45,1.45,1.26,1.26,1.26,1400,0.0,0.0
2021-05-04,1.26,1.26,1.26,1.26,1.26,0,0.0,0.0
2021-05-05,1.26,1.26,1.26,1.26,1.26,0,0.0,0.0
2021-05-06,1.26,1.26,1.26,1.26,1.26,3000,0.0,0.0
2021-05-07,1.34,1.34,1.27,1.27,1.27,1400,0.0,0.0
2021-05-10,1.27,1.27,1.27,1.27,1.27,0,0.0,0.0
2021-05-11,1.27,1.27,1.27,1.27,1.27,1200,0.0,0.0
2021-05-12,1.27,1.27,1.27,1.27,1.27,0,0.0,0.0
2021-05-13,1.27,1.27,1.25,1.25,1.25,2000,0.0,0.0
2021-05-14,1.35,1.35,1.35,1.35,1.35,4000,0.0,0.0
2021-05-17,1.35,1.35,1.35,1.35,1.35,0,0.0,0.0
2021-05-18,1.25,1.25,1.25,1.25,1.25,200,0.0,0.0
2021-05-19,1.25,1.25,1.17,1.17,1.17,1100,0.0,0.0
2021-05-20,1.205,1.3,1.205,1.3,1.3,200,0.0,0.0
2021-05-21,1.25,1.25,1.25,1.25,1.25,1100,0.0,0.0
2021-05-24,1.25,1.25,1.25,1.25,1.25,0,0.0,0.0
2021-05-25,1.25,1.25,1.25,1.25,1.25,0,0.0,0.0
2021-05-26,1.35,1.35,1.35,1.35,1.35,200,0.0,0.0
2021-05-27,1.4,1.4,1.29,1.37,1.37,800,0.0,0.0
2021-05-28,1.37,1.37,1.37,1.37,1.37,0,0.0,0.0
2021-06-01,1.4,1.41,1.4,1.4,1.4,4900,0.0,0.0
2021-06-02,1.4,1.4,1.4,1.4,1.4,100,0.0,0.0
2021-06-03,1.06,1.06,1.06,1.06,1.06,100,0.0,0.0
2021-06-04,1.25,1.4,1.25,1.4,1.4,400,0.0,0.0
2021-06-07,1.44,1.45,1.42,1.45,1.45,600,0.0,0.0
2021-06-08,1.45,1.45,1.38,1.38,1.38,1600,0.0,0.0
2021-06-09,1.4,1.4,1.4,1.4,1.4,100,0.0,0.0
2021-06-10,1.1,1.1,1.1,1.1,1.1,100,0.0,0.0
2021-06-11,1.38,1.38,1.38,1.38,1.38,400,0.0,0.0
2021-06-14,1.4,1.4,1.4,1.4,1.4,1000,0.0,0.0
2021-06-15,1.4,1.4,1.4,1.4,1.4,0,0.0,0.0
2021-06-16,1.4,1.4,1.4,1.4,1.4,100,0.0,0.0
2021-06-17,1.4,1.4,1.4,1.4,1.4,0,0.0,0.0
2021-06-18,1.4,1.4,1.4,1.4,1.4,0,0.0,0.0
2021-06-21,1.25,1.25,1.25,1.25,1.25,500,0.0,0.0
2021-06-22,1.42,1.42,1.26,1.42,1.42,400,0.0,0.0
2021-06-23,1.26,1.26,1.15,1.2,1.2,5400,0.0,0.0
2021-06-24,1.2,1.2,1.2,1.2,1.2,0,0.0,0.0
2021-06-25,1.35,1.35,1.35,1.35,1.35,200,0.0,0.0
2021-06-28,1.42,1.42,1.42,1.42,1.42,900,0.0,0.0
2021-06-29,1.02,1.44,1.02,1.1,1.1,21700,0.0,0.0
2021-06-30,1.15,1.15,1.15,1.15,1.15,1500,0.0,0.0
2021-07-01,1.15,1.15,1.15,1.15,1.15,0,0.0,0.0
2021-07-02,1.15,1.15,1.15,1.15,1.15,0,0.0,0.0
2021-07-06,1.31,1.31,1.1,1.1,1.1,1200,0.0,0.0
2021-07-07,1.1,1.1,1.1,1.1,1.1,0,0.0,0.0
2021-07-08,1.1,1.1,1.1,1.1,1.1,300,0.0,0.0
2021-07-09,1.1,1.1,1.1,1.1,1.1,0,0.0,0.0
2021-07-12,1.1,1.15,1.09,1.15,1.15,4400,0.0,0.0
2021-07-13,1.15,1.15,1.15,1.15,1.15,0,0.0,0.0
2021-07-14,1.15,1.15,1.15,1.15,1.15,0,0.0,0.0
2021-07-15,1.15,1.15,1.15,1.15,1.15,100,0.0,0.0
2021-07-16,1.15,1.15,1.15,1.15,1.15,0,0.0,0.0
2021-07-19,1.17,1.17,1.01,1.01,1.01,3100,0.0,0.0
2021-07-20,1.01,1.01,1.01,1.01,1.01,500,0.0,0.0
2021-07-21,1.1,1.11,1.1,1.11,1.11,3500,0.0,0.0
2021-07-22,1.11,1.25,1.11,1.25,1.25,3300,0.0,0.0
2021-07-23,1.25,1.4,1.11,1.25,1.25,11200,0.0,0.0
2021-07-26,1.02,1.02,1.0,1.0,1.0,300,0.0,0.0
2021-07-27,1.0,1.0,1.0,1.0,1.0,0,0.0,0.0
2021-07-28,1.02,1.02,1.02,1.02,1.02,100,0.0,0.0
2021-07-29,1.22,1.42,1.03,1.03,1.03,1900,0.0,0.0
2021-07-30,1.03,1.03,1.03,1.03,1.03,0,0.0,0.0
2021-08-02,1.03,1.03,1.03,1.03,1.03,0,0.0,0.0
2021-08-03,1.03,1.03,1.03,1.03,1.03,0,0.0,0.0
2021-08-04,1.04,1.33,1.04,1.047,1.047,2200,0.0,0.0
2021-08-05,1.42,1.42,1.07,1.07,1.07,400,0.0,0.0
2021-08-06,1.33,1.33,1.25,1.25,1.25,3400,0.0,0.0
2021-08-09,1.25,1.25,1.25,1.25,1.25,0,0.0,0.0
2021-08-10,1.25,1.25,1.07,1.07,1.07,1900,0.0,0.0
2021-08-11,1.07,1.07,1.07,1.07,1.07,0,0.0,0.0
2021-08-12,1.07,1.07,1.07,1.07,1.07,200,0.0,0.0
2021-08-13,1.07,1.07,1.07,1.07,1.07,0,0.0,0.0
2021-08-16,1.08,1.08,1.08,1.08,1.08,200,0.0,0.0
2021-08-17,1.08,1.08,1.08,1.08,1.08,0,0.0,0.0
2021-08-18,1.25,1.25,1.25,1.25,1.25,300,0.0,0.0
2021-08-19,1.08,1.08,1.08,1.08,1.08,4400,0.0,0.0
2021-08-20,1.08,1.08,1.08,1.08,1.08,0,0.0,0.0
2021-08-23,1.12,1.155,1.08,1.08,1.08,600,0.0,0.0
2021-08-24,1.08,1.08,1.08,1.08,1.08,0,0.0,0.0
2021-08-25,1.15,1.15,1.1,1.1,1.1,800,0.0,0.0
2021-08-26,1.1,1.1,1.1,1.1,1.1,0,0.0,0.0
2021-08-27,1.1,1.1,1.1,1.1,1.1,0,0.0,0.0
2021-08-30,1.0,1.06,1.0,1.06,1.06,800,0.0,0.0
2021-08-31,0.145,0.91,0.145,0.91,0.91,1700,0.0,0.0
2021-09-01,1.005,1.25,1.0,1.14,1.14,1500,0.0,0.0
2021-09-02,1.145,1.15,1.145,1.15,1.15,700,0.0,0.0
2021-09-03,1.21,1.25,1.21,1.25,1.25,300,0.0,0.0
2021-09-07,1.25,1.25,1.25,1.25,1.25,0,0.0,0.0
2021-09-08,1.15,1.3,1.15,1.3,1.3,1700,0.0,0.0
2021-09-09,1.01,1.01,1.0,1.0,1.0,6500,0.0,0.0
2021-09-10,1.35,1.35,1.175,1.175,1.175,300,0.0,0.0
2021-09-13,1.3,1.3,1.3,1.3,1.3,100,0.0,0.0
2021-09-14,1.25,1.3,1.25,1.3,1.3,1100,0.0,0.0
2021-09-15,1.15,1.15,1.15,1.15,1.15,100,0.0,0.0
2021-09-16,1.15,1.3,1.15,1.3,1.3,1100,0.0,0.0
2021-09-17,1.3,1.3,1.3,1.3,1.3,100,0.0,0.0
2021-09-20,1.3,1.3,1.3,1.3,1.3,0,0.0,0.0
2021-09-21,1.225,1.225,1.225,1.225,1.225,100,0.0,0.0
2021-09-22,1.29,1.3,1.29,1.3,1.3,900,0.0,0.0
2021-09-23,1.3,1.3,1.3,1.3,1.3,0,0.0,0.0
2021-09-24,1.3,1.3,1.3,1.3,1.3,100,0.0,0.0
2021-09-27,1.3,1.3,1.3,1.3,1.3,0,0.0,0.0
2021-09-28,1.32,1.32,1.3,1.3,1.3,1700,0.0,0.0
2021-09-29,1.35,1.35,1.35,1.35,1.35,100,0.0,0.0
2021-09-30,1.34,1.34,1.34,1.34,1.34,500,0.0,0.0
2021-10-01,1.35,1.35,1.0,1.33,1.33,4200,0.0,0.0
2021-10-04,1.33,1.33,1.33,1.33,1.33,0,0.0,0.0
2021-10-05,1.33,1.33,1.33,1.33,1.33,0,0.0,0.0
2021-10-06,1.18,1.18,1.18,1.18,1.18,600,0.0,0.0
2021-10-07,1.15,1.35,1.15,1.35,1.35,1600,0.0,0.0
2021-10-08,1.35,1.35,1.35,1.35,1.35,0,0.0,0.0
2021-10-11,1.36,1.45,0.75,0.81,0.81,6300,0.0,0.0
2021-10-12,1.44,1.44,0.833,0.833,0.833,1200,0.0,0.0
2021-10-13,1.14,1.45,0.85,1.44,1.44,2000,0.0,0.0
2021-10-14,1.15,1.4,1.15,1.4,1.4,1200,0.0,0.0
2021-10-15,1.4,1.45,1.4,1.4,1.4,1000,0.0,0.0
2021-10-18,1.4,1.4,1.4,1.4,1.4,200,0.0,0.0
2021-10-19,1.4,1.4,1.4,1.4,1.4,0,0.0,0.0
2021-10-20,1.44,1.44,1.44,1.44,1.44,100,0.0,0.0
2021-10-21,1.44,1.44,1.44,1.44,1.44,0,0.0,0.0
2021-10-22,1.44,1.44,1.44,1.44,1.44,0,0.0,0.0
2021-10-25,1.44,1.44,1.44,1.44,1.44,100,0.0,0.0
2021-10-26,1.44,1.44,1.44,1.44,1.44,0,0.0,0.0
2021-10-27,1.44,1.44,1.44,1.44,1.44,0,0.0,0.0
2021-10-28,1.15,1.44,1.15,1.44,1.44,300,0.0,0.0
2021-10-29,1.25,1.25,1.18,1.18,1.18,700,0.0,0.0
2021-11-01,1.32,1.44,1.32,1.44,1.44,200,0.0,0.0
2021-11-02,1.44,1.44,1.44,1.44,1.44,0,0.0,0.0
2021-11-03,1.44,1.44,1.44,1.44,1.44,0,0.0,0.0
2021-11-04,1.44,1.44,1.44,1.44,1.44,0,0.0,0.0
2021-11-05,1.18,1.44,1.18,1.18,1.18,800,0.0,0.0
2021-11-08,1.25,1.25,1.21,1.21,1.21,5000,0.0,0.0
2021-11-09,1.38,1.38,1.38,1.38,1.38,2000,0.0,0.0
2021-11-10,1.25,1.25,1.2,1.2,1.2,2600,0.0,0.0
2021-11-11,1.2,1.2,1.2,1.2,1.2,0,0.0,0.0
2021-11-12,1.14,1.14,1.14,1.14,1.14,1000,0.0,0.0
2021-11-15,1.075,1.15,1.075,1.15,1.15,7000,0.0,0.0
2021-11-16,1.14,1.15,1.14,1.15,1.15,1300,0.0,0.0
2021-11-17,1.0,1.05,1.0,1.05,1.05,800,0.0,0.0
2021-11-18,1.05,1.05,1.0,1.0,1.0,800,0.0,0.0
2021-11-19,1.075,1.075,0.85,0.85,0.85,500,0.0,0.0
2021-11-22,1.15,1.41,0.855,1.06,1.06,1800,0.0,0.0
2021-11-23,1.05,1.05,1.05,1.05,1.05,3300,0.0,0.0
2021-11-24,1.064,1.064,1.05,1.05,1.05,500,0.0,0.0
2021-11-26,1.05,1.44,1.05,1.44,1.44,700,0.0,0.0
2021-11-29,1.3,1.3,1.07,1.07,1.07,300,0.0,0.0
2021-11-30,1.07,1.07,1.07,1.07,1.07,0,0.0,0.0
2021-12-01,1.06,1.06,1.06,1.06,1.06,100,0.0,0.0
2021-12-02,1.07,1.11,1.07,1.11,1.11,200,0.0,0.0
2021-12-03,1.11,1.11,1.11,1.11,1.11,0,0.0,0.0
2021-12-06,1.06,1.06,1.06,1.06,1.06,600,0.0,0.0
2021-12-07,1.06,1.06,1.06,1.06,1.06,0,0.0,0.0
2021-12-08,1.06,1.06,1.06,1.06,1.06,0,0.0,0.0
2021-12-09,1.06,1.06,1.06,1.06,1.06,0,0.0,0.0
2021-12-10,1.06,1.06,1.06,1.06,1.06,0,0.0,0.0
2021-12-13,1.06,1.06,1.06,1.06,1.06,0,0.0,0.0
2021-12-14,1.06,1.06,1.06,1.06,1.06,400,0.0,0.0
2021-12-15,1.06,1.06,1.06,1.06,1.06,0,0.0,0.0
2021-12-16,1.06,1.06,1.06,1.06,1.06,0,0.0,0.0
2021-12-17,1.135,1.135,1.05,1.05,1.05,10000,0.0,0.0
2021-12-20,1.05,1.05,1.05,1.05,1.05,0,0.0,0.0
2021-12-21,1.05,1.05,1.05,1.05,1.05,0,0.0,0.0
2021-12-22,1.05,1.05,1.05,1.05,1.05,0,0.0,0.0
2021-12-23,1.075,1.1,1.05,1.1,1.1,2200,0.0,0.0
2021-12-27,1.05,1.05,1.05,1.05,1.05,3000,0.0,0.0
2021-12-28,1.05,1.05,1.05,1.05,1.05,0,0.0,0.0
2021-12-29,1.075,1.1,1.075,1.1,1.1,900,0.0,0.0
2021-12-30,1.04,1.04,1.04,1.04,1.04,100,0.0,0.0
2021-12-31,1.04,1.04,1.04,1.04,1.04,0,0.0,0.0
2022-01-03,1.04,1.04,1.04,1.04,1.04,0,0.0,0.0
2022-01-04,1.1,1.1,0.961,0.961,0.961,2600,0.0,0.0
2022-01-05,1.1,1.1,1.1,1.1,1.1,400,0.0,0.0
2022-01-06,1.1,1.1,1.1,1.1,1.1,0,0.0,0.0
2022-01-07,1.1,1.1,1.1,1.1,1.1,1000,0.0,0.0
2022-01-10,1.1,1.1,1.1,1.1,1.1,0,0.0,0.0
2022-01-11,1.1,1.1,1.1,1.1,1.1,0,0.0,0.0
2022-01-12,1.1,1.1,1.1,1.1,1.1,0,0.0,0.0
2022-01-13,0.961,0.961,0.961,0.961,0.961,300,0.0,0.0
2022-01-14,0.961,0.961,0.961,0.961,0.961,0,0.0,0.0
2022-01-18,1.14,1.14,1.14,1.14,1.14,1000,0.0,0.0
2022-01-19,1.14,1.14,1.14,1.14,1.14,0,0.0,0.0
2022-01-20,1.14,1.15,1.14,1.15,1.15,3500,0.0,0.0
2022-01-21,0.961,1.15,0.961,1.1,1.1,1300,0.0,0.0
2022-01-24,1.1,1.1,1.1,1.1,1.1,0,0.0,0.0
2022-01-25,1.1,1.1,1.1,1.1,1.1,0,0.0,0.0
2022-01-26,1.1,1.1,1.1,1.1,1.1,0,0.0,0.0
2022-01-27,1.1,1.1,1.1,1.1,1.1,0,0.0,0.0
2022-01-28,1.1,1.1,1.1,1.1,1.1,0,0.0,0.0
2022-01-31,1.1,1.1,1.1,1.1,1.1,0,0.0,0.0
2022-02-01,1.1,1.1,1.1,1.1,1.1,0,0.0,0.0
2022-02-02,1.1,1.1,1.1,1.1,1.1,0,0.0,0.0
2022-02-03,1.1,1.1,1.1,1.1,1.1,0,0.0,0.0
2022-02-04,1.35,2.645,1.05,1.05,1.05,8900,0.0,0.0
2022-02-07,1.065,1.1,1.05,1.1,1.1,2400,0.0,0.0
2022-02-08,1.1,1.1,1.1,1.1,1.1,0,0.0,0.0
2022-02-09,1.1,1.1,1.1,1.1,1.1,0,0.0,0.0
2022-02-10,1.13,1.13,1.13,1.13,1.13,5500,0.0,0.0
2022-02-11,1.13,1.13,1.13,1.13,1.13,0,0.0,0.0
2022-02-14,1.15,1.15,1.15,1.15,1.15,3500,0.0,0.0
2022-02-15,1.15,1.15,1.15,1.15,1.15,0,0.0,0.0
2022-02-16,1.24,1.24,1.2,1.2,1.2,5400,0.0,0.0
2022-02-17,1.2,1.2,1.15,1.15,1.15,2100,0.0,0.0
2022-02-18,1.15,1.15,1.15,1.15,1.15,0,0.0,0.0
2022-02-22,1.15,1.15,1.15,1.15,1.15,0,0.0,0.0
2022-02-23,1.15,1.25,1.15,1.15,1.15,3200,0.0,0.0
2022-02-24,1.15,1.15,1.15,1.15,1.15,0,0.0,0.0
2022-02-25,1.07,1.07,1.06,1.06,1.06,1000,0.0,0.0
2022-02-28,1.05,1.17,1.05,1.17,1.17,5200,0.0,0.0
2022-03-01,1.1,1.2,1.1,1.2,1.2,9900,0.0,0.0
2022-03-02,1.2,1.2,1.2,1.2,1.2,0,0.0,0.0
2022-03-03,1.275,1.275,1.2,1.2,1.2,5000,0.0,0.0
2022-03-04,1.2,1.2,1.2,1.2,1.2,0,0.0,0.0
2022-03-07,1.2,1.2,1.2,1.2,1.2,0,0.0,0.0
2022-03-08,1.2,1.2,1.2,1.2,1.2,0,0.0,0.0
2022-03-09,1.2,1.2,1.2,1.2,1.2,0,0.0,0.0
2022-03-10,1.2,1.2,1.2,1.2,1.2,5400,0.0,0.0
2022-03-11,1.2,1.2,1.2,1.2,1.2,0,0.0,0.0
2022-03-14,1.2,1.2,1.2,1.2,1.2,0,0.0,0.0
2022-03-15,1.2,1.2,1.2,1.2,1.2,0,0.0,0.0
2022-03-16,1.2,1.2,1.2,1.2,1.2,0,0.0,0.0
2022-03-17,1.2,1.2,1.2,1.2,1.2,0,0.0,0.0
2022-03-18,1.2,1.2,1.2,1.2,1.2,0,0.0,0.0
2022-03-21,1.2,1.2,1.2,1.2,1.2,0,0.0,0.0
2022-03-22,1.34,1.35,1.34,1.34,1.34,900,0.0,0.0
2022-03-23,1.5,1.5,1.5,1.5,1.5,8100,0.0,0.0
2022-03-24,1.5,1.5,1.5,1.5,1.5,0,0.0,0.0
2022-03-25,1.5,1.5,1.5,1.5,1.5,100,0.0,0.0
2022-03-28,1.4,1.4,1.34,1.34,1.34,2000,0.0,0.0
2022-03-29,1.34,1.34,1.34,1.34,1.34,100,0.0,0.0
2022-03-30,1.55,1.8,1.55,1.8,1.8,3300,0.0,0.0
2022-03-31,1.8,1.8,1.8,1.8,1.8,100,0.0,0.0
2022-04-01,1.55,1.7,1.51,1.7,1.7,10000,0.0,0.0
2022-04-04,1.7,1.7,1.7,1.7,1.7,0,0.0,0.0
2022-04-05,1.7,1.7,1.7,1.7,1.7,0,0.0,0.0
2022-04-06,1.51,1.51,1.51,1.51,1.51,100,0.0,0.0
2022-04-07,1.8,1.8,1.8,1.8,1.8,500,0.0,0.0
2022-04-08,1.5,1.5,1.5,1.5,1.5,600,0.0,0.0
2022-04-11,1.54,1.59,1.5,1.59,1.59,800,0.0,0.0
2022-04-12,1.59,1.59,1.59,1.59,1.59,0,0.0,0.0
2022-04-13,1.5,1.5,1.5,1.5,1.5,100,0.0,0.0
2022-04-14,1.5,1.5,1.5,1.5,1.5,0,0.0,0.0
2022-04-18,1.7,1.8,1.6,1.8,1.8,7000,0.0,0.0
2022-04-19,1.46,1.48,1.46,1.48,1.48,1100,0.0,0.0
2022-04-20,1.48,1.48,1.46,1.46,1.46,200,0.0,0.0
2022-04-21,1.46,1.46,1.46,1.46,1.46,0,0.0,0.0
2022-04-22,1.54,1.54,1.5,1.5,1.5,1500,0.0,0.0
2022-04-25,1.5,1.5,1.5,1.5,1.5,2900,0.0,0.0
2022-04-26,1.5,1.5,1.5,1.5,1.5,0,0.0,0.0
2022-04-27,1.5,1.5,1.5,1.5,1.5,0,0.0,0.0
2022-04-28,1.5,1.5,1.5,1.5,1.5,100,0.0,0.0
2022-04-29,1.723,1.723,1.68,1.68,1.68,12500,0.0,0.0
2022-05-02,1.68,1.68,1.68,1.68,1.68,0,0.0,0.0
2022-05-03,1.68,1.68,1.68,1.68,1.68,0,0.0,0.0
2022-05-04,1.75,1.75,1.75,1.75,1.75,300,0.0,0.0
2022-05-05,1.75,1.75,1.75,1.75,1.75,0,0.0,0.0
2022-05-06,1.75,1.75,1.75,1.75,1.75,0,0.0,0.0
2022-05-09,1.75,1.75,1.75,1.75,1.75,0,0.0,0.0
2022-05-10,1.58,1.58,1.41,1.41,1.41,300,0.0,0.0
2022-05-11,1.6,1.6,1.6,1.6,1.6,100,0.0,0.0
2022-05-12,1.43,1.43,1.43,1.43,1.43,300,0.0,0.0
2022-05-13,1.43,1.43,1.43,1.43,1.43,0,0.0,0.0
2022-05-16,1.43,1.43,1.43,1.43,1.43,0,0.0,0.0
2022-05-17,1.7,3.85,0.8,2.3,2.3,82200,0.0,0.0
2022-05-18,2.3,2.3,2.3,2.3,2.3,0,0.0,0.0
2022-05-19,2.25,2.25,2.2,2.2,2.2,500,0.0,0.0
2022-05-20,2.2,2.2,2.2,2.2,2.2,0,0.0,0.0
2022-05-23,2.24,2.24,2.16,2.16,2.16,300,0.0,0.0
2022-05-24,2.04,2.165,2.0,2.15,2.15,3000,0.0,0.0
2022-05-25,2.12,2.12,2.05,2.05,2.05,300,0.0,0.0
2022-05-26,2.05,2.05,2.05,2.05,2.05,0,0.0,0.0
2022-05-27,2.053,2.07,2.053,2.07,2.07,500,0.0,0.0
2022-05-31,2.05,2.05,1.8,1.9,1.9,800,0.0,0.0
2022-06-01,1.95,2.031,1.9,2.0,2.0,5000,0.0,0.0
2022-06-02,2.01,2.01,1.9,1.9,1.9,700,0.0,0.0
2022-06-03,1.85,1.85,1.8,1.8,1.8,5500,0.0,0.0
2022-06-06,1.89,1.89,1.825,1.89,1.89,2000,0.0,0.0
2022-06-07,1.89,1.89,1.89,1.89,1.89,0,0.0,0.0
2022-06-08,1.89,1.89,1.89,1.89,1.89,0,0.0,0.0
2022-06-09,1.9,1.99,1.9,1.99,1.99,500,0.0,0.0
2022-06-10,1.99,1.99,1.99,1.99,1.99,300,0.0,0.0
2022-06-13,1.775,1.775,1.75,1.75,1.75,200,0.0,0.0
2022-06-14,1.71,1.96,1.7,1.96,1.96,4700,0.0,0.0
2022-06-15,1.96,1.96,1.96,1.96,1.96,0,0.0,0.0
2022-06-16,1.96,1.96,1.96,1.96,1.96,0,0.0,0.0
2022-06-17,1.96,1.96,1.96,1.96,1.96,0,0.0,0.0
2022-06-21,1.96,1.96,1.96,1.96,1.96,0,0.0,0.0
2022-06-22,1.96,1.96,1.96,1.96,1.96,0,0.0,0.0
2022-06-23,1.95,1.95,1.95,1.95,1.95,200,0.0,0.0
2022-06-24,1.96,1.96,1.95,1.95,1.95,300,0.0,0.0
2022-06-27,1.768,1.768,1.75,1.75,1.75,200,0.0,0.0
2022-06-28,1.75,1.75,1.75,1.75,1.75,0,0.0,0.0
2022-06-29,1.95,2.688,1.885,2.05,2.05,3500,0.0,0.0
2022-06-30,2.0,2.0,2.0,2.0,2.0,1800,0.0,0.0
2022-07-01,2.0,2.0,2.0,2.0,2.0,0,0.0,0.0
2022-07-05,1.985,2.025,1.985,2.0,2.0,1500,0.0,0.0
2022-07-06,2.0,2.0,2.0,2.0,2.0,100,0.0,0.0
2022-07-07,2.0,2.0,2.0,2.0,2.0,0,0.0,0.0
2022-07-08,2.0,2.0,2.0,2.0,2.0,0,0.0,0.0
2022-07-11,2.0,2.0,2.0,2.0,2.0,0,0.0,0.0
2022-07-12,2.48,2.48,1.51,2.0,2.0,17300,0.0,0.0
2022-07-13,2.0,2.0,2.0,2.0,2.0,0,0.0,0.0
2022-07-14,2.0,2.0,2.0,2.0,2.0,0,0.0,0.0
2022-07-15,2.0,2.0,2.0,2.0,2.0,0,0.0,0.0
2022-07-18,2.675,2.675,2.0,2.05,2.05,1200,0.0,0.0
2022-07-19,2.07,2.07,2.07,2.07,2.07,100,0.0,0.0
2022-07-20,2.07,2.07,2.07,2.07,2.07,0,0.0,0.0
2022-07-21,2.08,2.08,2.08,2.08,2.08,5000,0.0,0.0
2022-07-22,2.09,2.773,2.09,2.773,2.773,200,0.0,0.0
2022-07-25,2.773,2.773,2.773,2.773,2.773,0,0.0,0.0
2022-07-26,2.773,2.773,2.773,2.773,2.773,0,0.0,0.0
2022-07-27,2.09,2.69,1.82,2.69,2.69,1100,0.0,0.0
2022-07-28,2.69,2.97,2.69,2.97,2.97,300,0.0,0.0
2022-07-29,2.94,2.97,2.94,2.97,2.97,800,0.0,0.0
2022-08-01,2.06,2.95,2.03,2.7,2.7,700,0.0,0.0
2022-08-02,2.25,2.7,2.25,2.7,2.7,600,0.0,0.0
2022-08-03,2.7,2.7,2.7,2.7,2.7,0,0.0,0.0
2022-08-04,2.61,2.61,2.61,2.61,2.61,200,0.0,0.0
2022-08-05,2.7,2.7,2.7,2.7,2.7,1000,0.0,0.0
2022-08-08,2.7,2.7,2.7,2.7,2.7,0,0.0,0.0
2022-08-09,2.86,3.0,2.86,3.0,3.0,1200,0.0,0.0
2022-08-10,2.91,2.91,2.8,2.8,2.8,600,0.0,0.0
2022-08-11,2.8,2.8,2.8,2.8,2.8,0,0.0,0.0
2022-08-12,2.8,2.8,2.8,2.8,2.8,0,0.0,0.0
2022-08-15,2.8,2.8,2.8,2.8,2.8,0,0.0,0.0
2022-08-16,2.8,2.9,2.8,2.9,2.9,800,0.0,0.0
2022-08-17,2.99,2.99,2.81,2.81,2.81,500,0.0,0.0
2022-08-18,2.99,3.0,2.99,3.0,3.0,300,0.0,0.0
2022-08-19,3.0,3.0,3.0,3.0,3.0,100,0.0,0.0
2022-08-22,2.96,3.0,2.91,3.0,3.0,15200,0.0,0.0
2022-08-23,2.32,2.93,2.01,2.9,2.9,5500,0.0,0.0
2022-08-24,2.9,2.9,2.9,2.9,2.9,0,0.0,0.0
2022-08-25,2.54,2.85,2.5,2.7,2.7,600,0.0,0.0
2022-08-26,2.54,2.54,1.85,1.85,1.85,400,0.0,0.0
2022-08-29,2.3,2.99,2.3,2.98,2.98,3200,0.0,0.0
2022-08-30,2.98,2.98,2.793,2.9,2.9,1500,0.0,0.0
2022-08-31,2.9,2.99,2.87,2.99,2.99,600,0.0,0.0
2022-09-01,2.79,2.79,2.4,2.5,2.5,8900,0.0,0.0
2022-09-02,2.84,2.99,2.84,2.99,2.99,200,0.0,0.0
2022-09-06,2.47,2.75,1.86,2.16,2.16,60200,0.0,0.0
2022-09-07,2.15,2.48,2.0,2.285,2.285,48500,0.0,0.0
2022-09-08,2.27,2.27,2.27,2.27,2.27,300,0.0,0.0
2022-09-09,2.39,2.39,2.39,2.39,2.39,100,0.0,0.0
2022-09-12,2.39,2.39,2.39,2.39,2.39,100,0.0,0.0
2022-09-13,2.25,2.25,2.25,2.25,2.25,1400,0.0,0.0
2022-09-14,2.325,2.99,2.325,2.99,2.99,1200,0.0,0.0
2022-09-15,3.35,3.35,2.99,3.15,3.15,1100,0.0,0.0
2022-09-16,3.15,4.34,2.33,4.0,4.0,2900,0.0,0.0
2022-09-19,3.8,3.8,3.8,3.8,3.8,100,0.0,0.0
2022-09-20,3.8,3.8,3.8,3.8,3.8,300,0.0,0.0
2022-09-21,3.24,3.8,3.21,3.21,3.21,400,0.0,0.0
2022-09-22,3.21,3.21,3.21,3.21,3.21,0,0.0,0.0
2022-09-23,3.25,3.8,3.1,3.8,3.8,1700,0.0,0.0
2022-09-26,3.11,3.59,3.11,3.59,3.59,800,0.0,0.0
2022-09-27,3.59,3.59,3.59,3.59,3.59,0,0.0,0.0
2022-09-28,3.39,3.8,3.39,3.8,3.8,1100,0.0,0.0
2022-09-29,3.8,3.8,3.8,3.8,3.8,0,0.0,0.0
2022-09-30,3.8,3.8,3.8,3.8,3.8,0,0.0,0.0
2022-10-03,3.8,3.8,3.8,3.8,3.8,0,0.0,0.0
2022-10-04,3.8,3.8,3.8,3.8,3.8,0,0.0,0.0
2022-10-05,3.8,3.8,3.8,3.8,3.8,0,0.0,0.0
2022-10-06,3.8,3.8,3.8,3.8,3.8,0,0.0,0.0
2022-10-07,3.2,3.2,3.2,3.2,3.2,100,0.0,0.0
2022-10-10,2.28,3.73,2.28,3.2,3.2,2300,0.0,0.0
2022-10-11,3.2,3.2,3.2,3.2,3.2,0,0.0,0.0
2022-10-12,3.35,3.5,3.2,3.5,3.5,600,0.0,0.0
2022-10-13,3.01,3.49,2.25,3.49,3.49,1500,0.0,0.0
2022-10-14,3.49,3.49,3.49,3.49,3.49,0,0.0,0.0
2022-10-17,3.49,3.5,2.27,3.5,3.5,400,0.0,0.0
2022-10-18,3.5,3.5,3.5,3.5,3.5,0,0.0,0.0
2022-10-19,3.005,3.25,3.005,3.25,3.25,600,0.0,0.0
2022-10-20,3.25,3.75,3.25,3.75,3.75,600,0.0,0.0
2022-10-21,3.55,3.55,3.55,3.55,3.55,200,0.0,0.0
2022-10-24,3.55,3.75,3.55,3.75,3.75,300,0.0,0.0
2022-10-25,3.75,3.75,3.75,3.75,3.75,0,0.0,0.0
2022-10-26,3.6,3.6,3.6,3.6,3.6,200,0.0,0.0
2022-10-27,3.55,3.58,3.03,3.58,3.58,400,0.0,0.0
2022-10-28,3.1,3.55,3.1,3.515,3.515,1300,0.0,0.0
2022-10-31,3.515,3.515,3.515,3.515,3.515,0,0.0,0.0
2022-11-01,3.515,3.515,3.515,3.515,3.515,0,0.0,0.0
2022-11-02,3.515,3.515,3.515,3.515,3.515,0,0.0,0.0
2022-11-03,3.515,3.515,3.515,3.515,3.515,0,0.0,0.0
2022-11-04,3.5,3.5,3.5,3.5,3.5,100,0.0,0.0
2022-11-07,3.5,3.5,3.12,3.48,3.48,400,0.0,0.0
2022-11-08,3.48,3.48,3.48,3.48,3.48,0,0.0,0.0
2022-11-09,3.25,3.9,3.25,3.51,3.51,7700,0.0,0.0
2022-11-10,3.5,3.84,3.5,3.733,3.733,500,0.0,0.0
2022-11-11,3.353,3.89,3.28,3.75,3.75,1000,0.0,0.0
2022-11-14,3.75,3.75,3.75,3.75,3.75,0,0.0,0.0
2022-11-15,3.75,3.75,3.75,3.75,3.75,100,0.0,0.0
2022-11-16,3.52,3.52,2.5,2.5,2.5,6500,0.0,0.0
2022-11-17,3.243,3.245,3.243,3.245,3.245,200,0.0,0.0
2022-11-18,3.245,3.245,3.245,3.245,3.245,0,0.0,0.0
2022-11-21,3.49,3.49,3.49,3.49,3.49,300,0.0,0.0
2022-11-22,3.01,3.543,3.01,3.543,3.543,600,0.0,0.0
2022-11-23,3.543,3.543,3.543,3.543,3.543,0,0.0,0.0
2022-11-25,3.543,3.543,3.543,3.543,3.543,0,0.0,0.0
2022-11-28,3.01,3.01,3.0,3.0,3.0,300,0.0,0.0
2022-11-29,3.25,3.5,3.25,3.5,3.5,300,0.0,0.0
2022-11-30,3.5,3.5,3.5,3.5,3.5,0,0.0,0.0
2022-12-01,2.82,2.82,2.82,2.82,2.82,300,0.0,0.0
2022-12-02,3.55,3.55,2.5,3.01,3.01,9700,0.0,0.0
2022-12-05,3.01,3.01,3.01,3.01,3.01,0,0.0,0.0
2022-12-06,3.01,3.01,3.01,3.01,3.01,0,0.0,0.0
2022-12-07,3.03,3.03,3.03,3.03,3.03,300,0.0,0.0
2022-12-08,3.03,3.03,3.03,3.03,3.03,0,0.0,0.0
2022-12-09,2.9,3.5,2.9,3.5,3.5,800,0.0,0.0
2022-12-12,3.5,3.5,3.5,3.5,3.5,0,0.0,0.0
2022-12-13,3.5,3.5,3.5,3.5,3.5,0,0.0,0.0
2022-12-14,3.5,3.5,3.5,3.5,3.5,0,0.0,0.0
2022-12-15,3.5,3.5,3.5,3.5,3.5,100,0.0,0.0
2022-12-16,3.5,3.5,3.5,3.5,3.5,0,0.0,0.0
2022-12-19,3.5,3.5,3.5,3.5,3.5,0,0.0,0.0
2022-12-20,3.5,3.5,3.5,3.5,3.5,0,0.0,0.0
2022-12-21,2.53,3.48,2.53,3.48,3.48,500,0.0,0.0
2022-12-22,3.48,3.48,3.48,3.48,3.48,0,0.0,0.0
2022-12-23,3.48,3.48,3.48,3.48,3.48,0,0.0,0.0
2022-12-27,3.01,3.01,3.01,3.01,3.01,200,0.0,0.0
2022-12-28,3.01,3.01,3.01,3.01,3.01,0,0.0,0.0
2022-12-29,3.01,3.01,3.01,3.01,3.01,0,0.0,0.0
2022-12-30,2.99,3.0,2.5,2.99,2.99,2800,0.0,0.0
2023-01-03,2.99,2.99,2.99,2.99,2.99,300,0.0,0.0
2023-01-04,2.99,2.99,2.99,2.99,2.99,0,0.0,0.0
2023-01-05,2.98,2.98,2.98,2.98,2.98,900,0.0,0.0
2023-01-06,2.98,2.98,2.98,2.98,2.98,0,0.0,0.0
2023-01-09,2.53,2.53,2.53,2.53,2.53,300,0.0,0.0
2023-01-10,2.71,3.0,2.71,3.0,3.0,1100,0.0,0.0
2023-01-11,3.0,3.0,3.0,3.0,3.0,0,0.0,0.0
2023-01-12,3.0,3.0,3.0,3.0,3.0,0,0.0,0.0
2023-01-13,3.0,3.0,3.0,3.0,3.0,600,0.0,0.0
2023-01-17,3.0,3.0,3.0,3.0,3.0,100,0.0,0.0
2023-01-18,3.0,3.0,3.0,3.0,3.0,0,0.0,0.0
2023-01-19,3.0,3.0,3.0,3.0,3.0,0,0.0,0.0
2023-01-20,2.8,2.8,2.8,2.8,2.8,400,0.0,0.0
2023-01-23,2.67,2.735,2.67,2.735,2.735,800,0.0,0.0
2023-01-24,3.19,3.5,3.19,3.5,3.5,700,0.0,0.0
2023-01-25,3.5,3.5,3.5,3.5,3.5,100,0.0,0.0
2023-01-26,2.8,3.25,2.8,3.25,3.25,1200,0.0,0.0
2023-01-27,3.5,3.5,2.8,3.38,3.38,4800,0.0,0.0
2023-01-30,3.5,3.5,3.01,3.25,3.25,6800,0.0,0.0
2023-01-31,3.01,3.12,2.81,3.0,3.0,2700,0.0,0.0
2023-02-01,3.6,3.6,3.59,3.59,3.59,300,0.0,0.0
2023-02-02,3.59,3.59,3.59,3.59,3.59,100,0.0,0.0
2023-02-03,3.6,3.6,2.93,3.55,3.55,2900,0.0,0.0
2023-02-06,3.55,3.55,3.55,3.55,3.55,100,0.0,0.0
2023-02-07,3.5,3.5,3.5,3.5,3.5,300,0.0,0.0
2023-02-08,3.0,3.68,3.0,3.68,3.68,900,0.0,0.0
2023-02-09,3.01,3.01,3.01,3.01,3.01,200,0.0,0.0
2023-02-10,3.68,3.68,3.2,3.2,3.2,300,0.0,0.0
2023-02-13,3.45,3.7,3.45,3.7,3.7,600,0.0,0.0
2023-02-14,3.7,3.7,2.95,2.95,2.95,800,0.0,0.0
2023-02-15,3.5,3.5,3.5,3.5,3.5,100,0.0,0.0
2023-02-16,3.5,3.5,3.5,3.5,3.5,0,0.0,0.0
2023-02-17,3.5,3.5,3.5,3.5,3.5,100,0.0,0.0
2023-02-21,3.5,3.5,3.5,3.5,3.5,1100,0.0,0.0
2023-02-22,3.5,3.5,3.5,3.5,3.5,0,0.0,0.0
2023-02-23,3.5,3.5,3.5,3.5,3.5,0,0.0,0.0
2023-02-24,3.5,3.5,3.5,3.5,3.5,0,0.0,0.0
2023-02-27,3.02,3.02,3.02,3.02,3.02,900,0.0,0.0
2023-02-28,3.0,3.0,2.92,3.0,3.0,3700,0.0,0.0
2023-03-01,3.0,3.0,3.0,3.0,3.0,0,0.0,0.0
2023-03-02,3.0,3.0,3.0,3.0,3.0,0,0.0,0.0
2023-03-03,2.95,3.0,2.91,3.0,3.0,2200,0.0,0.0
2023-03-06,2.9,2.99,2.25,2.99,2.99,2400,0.0,0.0
2023-03-07,2.99,3.05,2.99,3.05,3.05,6100,0.0,0.0
2023-03-08,2.52,2.52,2.52,2.52,2.52,400,0.0,0.0
2023-03-09,2.52,2.745,2.27,2.59,2.59,4300,0.0,0.0
2023-03-10,2.65,2.65,2.63,2.65,2.65,300,0.0,0.0
2023-03-13,2.65,2.65,2.65,2.65,2.65,0,0.0,0.0
2023-03-14,2.5,2.65,2.46,2.65,2.65,1100,0.0,0.0
2023-03-15,2.27,2.4,2.25,2.305,2.305,3200,0.0,0.0
2023-03-16,2.305,2.305,2.305,2.305,2.305,0,0.0,0.0
2023-03-17,2.25,2.25,1.8,2.2,2.2,1200,0.0,0.0
2023-03-20,2.0,3.47,2.0,3.01,3.01,3300,0.0,0.0
2023-03-21,2.75,3.14,2.75,3.14,3.14,2900,0.0,0.0
2023-03-22,2.59,3.14,2.59,3.05,3.05,2900,0.0,0.0
2023-03-23,3.05,3.05,3.05,3.05,3.05,0,0.0,0.0
2023-03-24,2.9,3.1,2.9,3.1,3.1,300,0.0,0.0
2023-03-27,3.1,3.1,3.1,3.1,3.1,0,0.0,0.0
2023-03-28,3.5,3.5,3.5,3.5,3.5,100,0.0,0.0
2023-03-29,3.5,3.5,3.5,3.5,3.5,0,0.0,0.0
2023-03-30,3.5,3.5,3.5,3.5,3.5,0,0.0,0.0
2023-03-31,3.22,3.22,3.2,3.2,3.2,5200,0.0,0.0
2023-04-03,3.2,3.2,3.2,3.2,3.2,0,0.0,0.0
2023-04-04,3.2,3.2,3.2,3.2,3.2,0,0.0,0.0
2023-04-05,3.2,3.2,3.2,3.2,3.2,100,0.0,0.0
2023-04-06,3.2,3.2,3.2,3.2,3.2,0,0.0,0.0
2023-04-10,3.3,3.3,3.2,3.2,3.2,200,0.0,0.0
2023-04-11,2.25,2.26,2.21,2.21,2.21,12000,0.0,0.0
2023-04-12,2.2,2.2,2.2,2.2,2.2,5200,0.0,0.0
2023-04-13,2.2,2.2,2.2,2.2,2.2,0,0.0,0.0
2023-04-14,2.2,2.2,2.2,2.2,2.2,0,0.0,0.0
2023-04-17,2.2,2.2,2.2,2.2,2.2,100,0.0,0.0
2023-04-18,2.05,2.05,1.91,2.0,2.0,3200,0.0,0.0
2023-04-19,2.0,2.0,1.98,2.0,2.0,1100,0.0,0.0
2023-04-20,2.075,2.075,2.075,2.075,2.075,100,0.0,0.0
2023-04-21,2.18,2.18,2.18,2.18,2.18,600,0.0,0.0
2023-04-24,2.18,2.18,2.18,2.18,2.18,0,0.0,0.0
2023-04-25,2.18,2.18,2.18,2.18,2.18,100,0.0,0.0
2023-04-26,2.18,2.18,2.18,2.18,2.18,0,0.0,0.0
2023-04-27,2.18,2.18,2.18,2.18,2.18,0,0.0,0.0
2023-04-28,2.18,2.18,2.18,2.18,2.18,0,0.0,0.0
2023-05-01,2.18,2.18,2.18,2.18,2.18,0,0.0,0.0
2023-05-02,2.18,2.18,2.18,2.18,2.18,0,0.0,0.0
2023-05-03,2.18,2.18,2.18,2.18,2.18,0,0.0,0.0
2023-05-04,2.18,2.18,2.18,2.18,2.18,0,0.0,0.0
2023-05-05,2.0,2.0,1.975,2.0,2.0,2800,0.0,0.0
2023-05-08,2.0,2.0,2.0,2.0,2.0,1500,0.0,0.0
2023-05-09,2.0,2.0,1.975,1.975,1.975,1100,0.0,0.0
2023-05-10,1.975,1.975,1.975,1.975,1.975,0,0.0,0.0
2023-05-11,1.97,2.0,1.94,2.0,2.0,2800,0.0,0.0
2023-05-12,2.0,2.0,2.0,2.0,2.0,0,0.0,0.0
2023-05-15,2.0,2.0,2.0,2.0,2.0,0,0.0,0.0
2023-05-16,2.0,2.0,2.0,2.0,2.0,0,0.0,0.0
2023-05-17,2.0,2.0,2.0,2.0,2.0,0,0.0,0.0
2023-05-18,2.0,2.0,2.0,2.0,2.0,0,0.0,0.0
2023-05-19,2.0,2.0,2.0,2.0,2.0,0,0.0,0.0
2023-05-22,2.0,2.0,2.0,2.0,2.0,0,0.0,0.0
2023-05-23,2.0,2.0,2.0,2.0,2.0,0,0.0,0.0
2023-05-24,2.0,2.0,2.0,2.0,2.0,0,0.0,0.0
2023-05-25,2.0,2.0,2.0,2.0,2.0,0,0.0,0.0
2023-05-26,2.0,2.0,2.0,2.0,2.0,0,0.0,0.0
2023-05-30,2.0,2.0,2.0,2.0,2.0,0,0.0,0.0
2023-05-31,2.0,2.0,2.0,2.0,2.0,0,0.0,0.0
2023-06-01,2.05,2.05,2.05,2.05,2.05,5000,0.0,0.0
2023-06-02,1.94,2.05,1.891,2.05,2.05,2200,0.0,0.0
2023-06-05,2.05,2.05,2.05,2.05,2.05,0,0.0,0.0
2023-06-06,1.3,1.9,1.3,1.9,1.9,3500,0.0,0.0
2023-06-07,1.9,1.9,1.9,1.9,1.9,0,0.0,0.0
2023-06-08,1.904,1.904,1.904,1.904,1.904,100,0.0,0.0
2023-06-09,2.0,2.0,1.75,1.99,1.99,1500,0.0,0.0
2023-06-12,1.99,1.99,1.99,1.99,1.99,600,0.0,0.0
2023-06-13,1.99,1.99,1.99,1.99,1.99,0,0.0,0.0
2023-06-14,1.99,1.99,1.99,1.99,1.99,0,0.0,0.0
2023-06-15,2.0,2.0,2.0,2.0,2.0,1400,0.0,0.0
2023-06-16,2.0,2.0,2.0,2.0,2.0,1000,0.0,0.0
2023-06-20,2.0,2.0,2.0,2.0,2.0,0,0.0,0.0
2023-06-21,1.76,2.0,1.2,2.0,2.0,1300,0.0,0.0
2023-06-22,2.0,2.0,2.0,2.0,2.0,0,0.0,0.0
2023-06-23,2.0,2.0,2.0,2.0,2.0,0,0.0,0.0
2023-06-26,1.95,2.0,1.95,2.0,2.0,9700,0.0,0.0
2023-06-27,2.0,2.0,2.0,2.0,2.0,0,0.0,0.0
2023-06-28,2.0,2.0,2.0,2.0,2.0,0,0.0,0.0
2023-06-29,2.0,2.0,2.0,2.0,2.0,0,0.0,0.0
2023-06-30,2.0,2.0,2.0,2.0,2.0,0,0.0,0.0
2023-07-03,1.336,1.98,1.2,1.98,1.98,15300,0.0,0.0
2023-07-05,1.85,1.98,1.8,1.98,1.98,7800,0.0,0.0
2023-07-06,1.84,1.9,1.7,1.9,1.9,9500,0.0,0.0
2023-07-07,1.92,1.92,1.92,1.92,1.92,700,0.0,0.0
2023-07-10,1.21,1.21,1.21,1.21,1.21,900,0.0,0.0
2023-07-11,1.95,1.95,1.95,1.95,1.95,100,0.0,0.0
2023-07-12,1.8,1.873,1.37,1.39,1.39,5800,0.0,0.0
2023-07-13,1.488,1.75,1.453,1.674,1.674,8400,0.0,0.0
2023-07-14,1.95,1.95,1.95,1.95,1.95,300,0.0,0.0
2023-07-17,1.68,1.68,1.67,1.67,1.67,4000,0.0,0.0
2023-07-18,1.61,1.865,1.61,1.865,1.865,2000,0.0,0.0
2023-07-19,1.865,1.865,1.865,1.865,1.865,0,0.0,0.0
2023-07-20,1.61,1.61,1.61,1.61,1.61,1500,0.0,0.0
2023-07-21,1.95,1.95,1.62,1.62,1.62,3400,0.0,0.0
2023-07-24,1.7,1.75,1.7,1.7,1.7,4500,0.0,0.0
2023-07-25,1.75,1.75,1.71,1.75,1.75,3500,0.0,0.0
2023-07-26,1.75,1.75,1.75,1.75,1.75,1200,0.0,0.0
2023-07-27,1.8,1.8,1.8,1.8,1.8,100,0.0,0.0
2023-07-28,1.9,1.9,1.9,1.9,1.9,1200,0.0,0.0
2023-07-31,1.9,1.9,1.9,1.9,1.9,200,0.0,0.0
2023-08-01,1.75,1.8,1.75,1.8,1.8,5400,0.0,0.0
2023-08-02,1.8,1.8,1.8,1.8,1.8,0,0.0,0.0
2023-08-03,1.95,1.95,1.95,1.95,1.95,100,0.0,0.0
2023-08-04,1.71,1.71,1.71,1.71,1.71,200,0.0,0.0
2023-08-07,1.8,1.8,1.8,1.8,1.8,1000,0.0,0.0
2023-08-08,1.8,1.8,1.8,1.8,1.8,0,0.0,0.0
2023-08-09,1.76,1.76,1.75,1.75,1.75,1000,0.0,0.0
2023-08-10,1.75,1.75,1.75,1.75,1.75,100,0.0,0.0
2023-08-11,1.75,1.75,1.75,1.75,1.75,100,0.0,0.0
2023-08-14,1.99,2.05,1.84,1.84,1.84,13300,0.0,0.0
2023-08-15,1.84,1.84,1.84,1.84,1.84,0,0.0,0.0
2023-08-16,1.84,1.84,1.84,1.84,1.84,0,0.0,0.0
2023-08-17,1.84,1.84,1.84,1.84,1.84,0,0.0,0.0
2023-08-18,2.63,2.63,1.21,1.438,1.438,6200,0.0,0.0
2023-08-21,1.5,1.9,1.5,1.9,1.9,3100,0.0,0.0
2023-08-22,1.9,1.9,1.9,1.9,1.9,0,0.0,0.0
2023-08-23,1.735,1.735,1.71,1.71,1.71,1300,0.0,0.0
2023-08-24,1.61,1.61,1.61,1.61,1.61,600,0.0,0.0
2023-08-25,1.47,1.58,1.47,1.47,1.47,5100,0.0,0.0
2023-08-28,1.47,1.47,1.47,1.47,1.47,0,0.0,0.0
2023-08-29,1.47,1.723,1.47,1.723,1.723,9000,0.0,0.0
2023-08-30,1.723,1.723,1.723,1.723,1.723,0,0.0,0.0
2023-08-31,1.72,1.8,1.72,1.8,1.8,9600,0.0,0.0
2023-09-01,1.8,1.8,1.78,1.78,1.78,300,0.0,0.0
2023-09-05,2.0,2.0,2.0,2.0,2.0,2300,0.0,0.0
2023-09-06,1.99,1.99,1.7,1.99,1.99,6200,0.0,0.0
2023-09-07,1.55,1.9,1.53,1.87,1.87,9700,0.0,0.0
2023-09-08,1.8,1.8,1.75,1.75,1.75,200,0.0,0.0
2023-09-11,1.56,1.61,1.55,1.56,1.56,10100,0.0,0.0
2023-09-12,1.56,1.56,1.56,1.56,1.56,0,0.0,0.0
2023-09-13,1.7,2.65,1.49,2.15,2.15,16000,0.0,0.0
2023-09-14,2.0,2.0,2.0,2.0,2.0,1300,0.0,0.0
2023-09-15,2.0,2.0,2.0,2.0,2.0,0,0.0,0.0
2023-09-18,1.948,2.58,1.948,2.58,2.58,25700,0.0,0.0
2023-09-19,2.2,2.6,2.2,2.6,2.6,26500,0.0,0.0
2023-09-20,2.6,2.6,2.5,2.6,2.6,8700,0.0,0.0
2023-09-21,2.6,2.75,2.6,2.6,2.6,5900,0.0,0.0
2023-09-22,2.575,2.78,2.5,2.6,2.6,5600,0.0,0.0
2023-09-25,2.375,2.8,2.3,2.72,2.72,1500,0.0,0.0
2023-09-26,2.7,2.7,2.5,2.5,2.5,16300,0.0,0.0
2023-09-27,2.7,2.7,2.435,2.45,2.45,1300,0.0,0.0
2023-09-28,2.638,2.7,2.55,2.55,2.55,1300,0.0,0.0
2023-09-29,2.6,2.6,2.5,2.54,2.54,4400,0.0,0.0
2023-10-02,2.55,2.55,2.11,2.453,2.453,3300,0.0,0.0
2023-10-03,2.5,2.74,2.5,2.55,2.55,3600,0.0,0.0
2023-10-04,2.55,2.6,2.55,2.558,2.558,4100,0.0,0.0
2023-10-05,2.59,2.59,2.45,2.52,2.52,2000,0.0,0.0
2023-10-06,2.57,2.57,2.5,2.5,2.5,11700,0.0,0.0
2023-10-09,2.543,2.55,2.45,2.45,2.45,4100,0.0,0.0
2023-10-10,2.26,2.8,2.26,2.75,2.75,8800,0.0,0.0
2023-10-11,2.75,2.9,2.53,2.808,2.808,7100,0.0,0.0
2023-10-12,2.89,3.5,2.85,3.35,3.35,17400,0.0,0.0
2023-10-13,3.35,3.44,2.85,3.375,3.375,3300,0.0,0.0
2023-10-16,3.38,3.5,3.075,3.35,3.35,12400,0.0,0.0
2023-10-17,3.15,3.25,2.81,3.25,3.25,8800,0.0,0.0
2023-10-18,3.25,3.45,3.25,3.4,3.4,9800,0.0,0.0
2023-10-19,3.38,3.75,3.37,3.5,3.5,5300,0.0,0.0
2023-10-20,3.75,3.75,3.25,3.71,3.71,12200,0.0,0.0
2023-10-23,3.25,3.6,3.25,3.45,3.45,11700,0.0,0.0
2023-10-24,3.488,3.68,2.27,3.15,3.15,54600,0.0,0.0
2023-10-25,3.05,3.14,3.0,3.14,3.14,1800,0.0,0.0
2023-10-26,3.12,3.12,2.58,2.9,2.9,16900,0.0,0.0
2023-10-27,3.15,3.15,2.938,3.0,3.0,1500,0.0,0.0
2023-10-30,2.939,2.95,2.6,2.65,2.65,3200,0.0,0.0
2023-10-31,2.53,3.8,2.53,3.05,3.05,34400,0.0,0.0
2023-11-01,3.1,3.3,3.07,3.09,3.09,14400,0.0,0.0
2023-11-02,3.12,3.25,3.12,3.23,3.23,13600,0.0,0.0
2023-11-03,3.1,3.3,3.05,3.16,3.16,11600,0.0,0.0
2023-11-06,3.3,3.39,2.88,3.09,3.09,22100,0.0,0.0
2023-11-07,2.935,2.98,2.26,2.5,2.5,7900,0.0,0.0
2023-11-08,2.5,2.97,2.5,2.97,2.97,8300,0.0,0.0
2023-11-09,2.803,2.84,2.61,2.79,2.79,6600,0.0,0.0
2023-11-10,2.835,2.85,2.835,2.85,2.85,16400,0.0,0.0
2023-11-13,2.96,3.09,2.85,3.09,3.09,5400,0.0,0.0
2023-11-14,3.09,3.28,2.8,3.24,3.24,7000,0.0,0.0
2023-11-15,3.24,3.39,2.91,3.01,3.01,22800,0.0,0.0
2023-11-16,3.01,3.1,2.9,2.9,2.9,10900,0.0,0.0
2023-11-17,2.76,2.959,2.67,2.95,2.95,8300,0.0,0.0
2023-11-20,2.66,3.0,2.342,3.0,3.0,30600,0.0,0.0
2023-11-21,3.1,3.1,2.61,2.77,2.77,6300,0.0,0.0
2023-11-22,2.75,3.01,2.68,3.0,3.0,9900,0.0,0.0
2023-11-24,2.9,2.9,2.78,2.9,2.9,6700,0.0,0.0
2023-11-27,2.99,3.74,2.963,3.26,3.26,53300,0.0,0.0
2023-11-28,3.2,3.352,3.06,3.35,3.35,22800,0.0,0.0
2023-11-29,3.52,3.55,3.05,3.3,3.3,10900,0.0,0.0
2023-11-30,3.31,3.64,3.3,3.63,3.63,13900,0.0,0.0
2023-12-01,3.64,3.64,3.56,3.594,3.594,5800,0.0,0.0
2023-12-04,3.6,3.73,3.43,3.7,3.7,14800,0.0,0.0
2023-12-05,3.68,3.75,3.65,3.725,3.725,9300,0.0,0.0
2023-12-06,3.75,3.75,3.5,3.65,3.65,7600,0.0,0.0
2023-12-07,3.71,3.875,3.71,3.85,3.85,21300,0.0,0.0
2023-12-08,3.89,4.25,3.86,4.175,4.175,30200,0.0,0.0
2023-12-11,4.25,4.25,3.91,4.2,4.2,7200,0.0,0.0
2023-12-12,4.25,4.3,4.14,4.22,4.22,6500,0.0,0.0
2023-12-13,4.2,4.63,3.99,4.63,4.63,20100,0.0,0.0
2023-12-14,4.9,6.5,4.9,5.9,5.9,52600,0.0,0.0
2023-12-15,6.45,6.45,4.28,5.3,5.3,23400,0.0,0.0
2023-12-18,5.0,5.43,4.4,5.19,5.19,28100,0.0,0.0
2023-12-19,5.44,6.5,5.0,5.515,5.515,37900,0.0,0.0
2023-12-20,6.5,6.5,5.55,5.897,5.897,9200,0.0,0.0
2023-12-21,5.95,6.15,5.95,6.15,6.15,19300,0.0,0.0
2023-12-22,6.25,6.25,4.65,5.6,5.6,22600,0.0,0.0
2023-12-26,6.1,7.0,4.96,6.44,6.44,49800,0.0,0.0
2023-12-27,6.9,6.9,6.2,6.3,6.3,22800,0.0,0.0
2023-12-28,6.45,6.78,5.96,6.47,6.47,24000,0.0,0.0
2023-12-29,6.473,6.473,5.765,5.86,5.86,42600,0.0,0.0
2024-01-02,5.83,6.3,5.83,6.075,6.075,11300,0.0,0.0
2024-01-03,6.04,6.2,5.7,6.1,6.1,34200,0.0,0.0
2024-01-04,6.24,6.24,5.76,6.0,6.0,15200,0.0,0.0
2024-01-05,6.1,6.48,5.8,6.29,6.29,49000,0.0,0.0
2024-01-08,6.35,6.47,6.25,6.3,6.3,28700,0.0,0.0
2024-01-09,6.0,6.47,6.0,6.3,6.3,22600,0.0,0.0
2024-01-10,6.43,6.48,6.25,6.3,6.3,10800,0.0,0.0
2024-01-11,6.28,6.49,6.28,6.3,6.3,21600,0.0,0.0
2024-01-12,6.25,6.43,6.0,6.0,6.0,40500,0.0,0.0
2024-01-16,6.0,6.3,6.0,6.26,6.26,7100,0.0,0.0
2024-01-17,6.32,6.42,6.3,6.35,6.35,26800,0.0,0.0
2024-01-18,6.35,6.64,6.35,6.57,6.57,33600,0.0,0.0
2024-01-19,6.75,6.75,6.5,6.5,6.5,19900,0.0,0.0
2024-01-22,6.51,6.6,6.23,6.35,6.35,15400,0.0,0.0
2024-01-23,6.24,6.24,5.0,5.93,5.93,17600,0.0,0.0
2024-01-24,5.55,5.55,4.92,5.42,5.42,35400,0.0,0.0
2024-01-25,5.4,5.4,4.77,5.1,5.1,33300,0.0,0.0
2024-01-26,5.25,5.25,5.08,5.25,5.25,6300,0.0,0.0
2024-01-29,5.25,5.25,4.41,4.58,4.58,55100,0.0,0.0
2024-01-30,4.82,5.98,4.46,5.98,5.98,17400,0.0,0.0
2024-01-31,6.4,8.69,5.99,7.35,7.35,95200,0.0,0.0
2024-02-01,7.61,10.6,7.53,9.05,9.05,120200,0.0,0.0
2024-02-02,8.9,9.59,8.7,8.74,8.74,82200,0.0,0.0
2024-02-05,8.74,9.395,8.5,9.06,9.06,19000,0.0,0.0
2024-02-06,9.12,9.3,8.3,8.88,8.88,58800,0.0,0.0
2024-02-07,8.9,8.9,6.8,7.5,7.5,50400,0.0,0.0
2024-02-08,7.55,8.8,7.55,8.4,8.4,18900,0.0,0.0
2024-02-09,8.4,8.9,8.31,8.74,8.74,15900,0.0,0.0
2024-02-12,8.75,9.185,8.566,8.85,8.85,42500,0.0,0.0
2024-02-13,8.95,9.05,8.8,9.05,9.05,9100,0.0,0.0
2024-02-14,9.14,9.37,8.87,9.19,9.19,36900,0.0,0.0
2024-02-15,9.01,9.39,9.01,9.2,9.2,11700,0.0,0.0
2024-02-16,9.39,9.48,9.235,9.24,9.24,24500,0.0,0.0
2024-02-20,9.25,9.25,9.04,9.15,9.15,9100,0.0,0.0
2024-02-21,9.34,9.34,9.14,9.25,9.25,7600,0.0,0.0
2024-02-22,9.25,9.27,8.55,8.75,8.75,13200,0.0,0.0
2024-02-23,8.8,9.05,8.3,8.65,8.65,41900,0.0,0.0
2024-02-26,8.51,8.7,8.468,8.47,8.47,24200,0.0,0.0
2024-02-27,8.52,8.52,8.25,8.44,8.44,23800,0.0,0.0
2024-02-28,8.52,8.52,8.26,8.52,8.52,13100,0.0,0.0
2024-02-29,8.63,8.69,8.26,8.32,8.32,11900,0.0,0.0
2024-03-01,8.404,9.51,8.32,9.07,9.07,34400,0.0,0.0
2024-03-04,9.3,9.86,9.05,9.37,9.37,48900,0.0,0.0
2024-03-05,9.55,9.6,8.51,8.53,8.53,15000,0.0,0.0
2024-03-06,8.81,9.39,8.75,9.27,9.27,11600,0.0,0.0
2024-03-07,9.39,9.65,9.15,9.65,9.65,42200,0.0,0.0
2024-03-08,9.65,9.65,9.35,9.56,9.56,11400,0.0,0.0
2024-03-11,9.52,9.65,9.0,9.63,9.63,15800,0.0,0.0
2024-03-12,9.3,9.64,9.3,9.45,9.45,4300,0.0,0.0
2024-03-13,9.45,9.65,9.39,9.39,9.39,12700,0.0,0.0
2024-03-14,9.4,9.7,9.4,9.5,9.5,25700,0.0,0.0
2024-03-15,9.59,9.64,9.3,9.62,9.62,11800,0.0,0.0
2024-03-18,9.6,9.6,9.35,9.6,9.6,13200,0.0,0.0
2024-03-19,9.46,9.6,9.34,9.45,9.45,10800,0.0,0.0
2024-03-20,9.51,9.64,9.3,9.5,9.5,14500,0.0,0.0
2024-03-21,9.5,9.64,9.3,9.63,9.63,7700,0.0,0.0
2024-03-22,9.63,9.63,9.379,9.39,9.39,5500,0.0,0.0
2024-03-25,9.45,9.95,9.35,9.5,9.5,36400,0.0,0.0
2024-03-26,9.42,9.79,9.42,9.58,9.58,14700,0.0,0.0
2024-03-27,9.66,9.96,9.64,9.85,9.85,29000,0.0,0.0
2024-03-28,9.94,11.98,9.9,11.98,11.98,111300,0.0,0.0
2024-04-01,11.97,15.5,11.75,15.5,15.5,71000,0.0,0.0
2024-04-02,15.36,15.5,10.76,13.23,13.23,56300,0.0,0.0
2024-04-03,13.23,14.1,13.23,13.89,13.89,23600,0.0,0.0
2024-04-04,13.9,13.9,12.19,13.15,13.15,21800,0.0,0.0
2024-04-05,13.0,14.19,13.0,14.1,14.1,38600,0.0,0.0
2024-04-08,14.19,14.5,14.1,14.34,14.34,36300,0.0,0.0
2024-04-09,14.45,14.49,14.1,14.4,14.4,4800,0.0,0.0
2024-04-10,14.45,14.45,14.31,14.39,14.39,21100,0.0,0.0
2024-04-11,14.41,14.41,13.83,13.85,13.85,38200,0.0,0.0
2024-04-12,13.9,13.9,12.45,12.65,12.65,32600,0.0,0.0
2024-04-15,12.05,12.8,11.6,11.6,11.6,33700,0.0,0.0
2024-04-16,11.6,11.6,9.19,9.46,9.46,77500,0.0,0.0
2024-04-17,10.0,10.1,9.65,10.0,10.0,38700,0.0,0.0
2024-04-18,9.94,10.05,9.56,9.8,9.8,27100,0.0,0.0
2024-04-19,9.7,9.76,9.23,9.7,9.7,20000,0.0,0.0
2024-04-22,9.53,9.79,9.3,9.55,9.55,17000,0.0,0.0
2024-04-23,9.32,9.5,9.036,9.24,9.24,31900,0.0,0.0
2024-04-24,9.24,9.4,9.09,9.355,9.355,24100,0.0,0.0
2024-04-25,9.4,9.6,9.4,9.4,9.4,33600,0.0,0.0
2024-04-26,9.42,9.55,9.105,9.105,9.105,20000,0.0,0.0
2024-04-29,9.25,9.39,9.14,9.3,9.3,25200,0.0,0.0
2024-04-30,9.3,9.35,9.01,9.01,9.01,15800,0.0,0.0
2024-05-01,9.01,9.24,8.96,9.24,9.24,22200,0.0,0.0
2024-05-02,9.0,9.29,8.56,8.99,8.99,23800,0.0,0.0
2024-05-03,8.99,9.0,7.96,8.0,8.0,49400,0.0,0.0
2024-05-06,7.96,8.68,7.96,8.556,8.556,33000,0.0,0.0
2024-05-07,8.65,9.72,8.57,9.3,9.3,69900,0.0,0.0
2024-05-08,9.31,9.5,9.3,9.38,9.38,8600,0.0,0.0
2024-05-09,9.38,9.92,9.35,9.35,9.35,23000,0.0,0.0
2024-05-10,9.35,9.64,8.01,8.05,8.05,33900,0.0,0.0
2024-05-13,8.0,9.2,7.61,8.8,8.8,25600,0.0,0.0
2024-05-14,8.8,9.75,8.57,9.27,9.27,33400,0.0,0.0
2024-05-15,9.8,10.05,9.61,9.7,9.7,43900,0.0,0.0
2024-05-16,9.7,9.99,9.01,9.01,9.01,20400,0.0,0.0
2024-05-17,8.91,9.2,7.65,8.14,8.14,44000,0.0,0.0
2024-05-20,8.09,8.2,7.85,8.08,8.08,23000,0.0,0.0
2024-05-21,8.07,8.08,7.71,7.745,7.745,11800,0.0,0.0
2024-05-22,7.8,7.95,7.75,7.95,7.95,7800,0.0,0.0
2024-05-23,7.95,7.95,7.25,7.45,7.45,12900,0.0,0.0
2024-05-24,7.35,7.73,7.11,7.4,7.4,26500,0.0,0.0
2024-05-28,7.53,7.7,7.0,7.61,7.61,8900,0.0,0.0
2024-05-29,7.65,8.98,7.65,8.41,8.41,15500,0.0,0.0
2024-05-30,8.5,8.5,7.95,7.95,7.95,17400,0.0,0.0
2024-05-31,7.91,8.0,7.65,7.81,7.81,6100,0.0,0.0
2024-06-03,7.62,7.96,7.62,7.85,7.85,3000,0.0,0.0
2024-06-04,7.87,7.87,7.75,7.78,7.78,14200,0.0,0.0
2024-06-05,7.82,7.87,7.5,7.66,7.66,15800,0.0,0.0
2024-06-06,7.52,7.58,7.3,7.35,7.35,7800,0.0,0.0
2024-06-07,7.35,7.566,7.35,7.39,7.39,11700,0.0,0.0
2024-06-10,7.39,7.4,7.26,7.31,7.31,6700,0.0,0.0
2024-06-11,7.39,7.39,7.27,7.35,7.35,5300,0.0,0.0
2024-06-12,7.1,7.42,7.1,7.37,7.37,14100,0.0,0.0
2024-06-13,7.02,7.38,7.02,7.16,7.16,5400,0.0,0.0
2024-06-14,7.06,7.35,7.06,7.35,7.35,13100,0.0,0.0
2024-06-17,7.31,7.39,6.77,7.056,7.056,9700,0.0,0.0
2024-06-18,7.15,7.15,7.045,7.05,7.05,19100,0.0,0.0
2024-06-20,7.05,7.15,6.945,7.0,7.0,12600,0.0,0.0
2024-06-21,7.12,8.521,7.0,8.37,8.37,24800,0.0,0.0
2024-06-24,8.4,9.49,8.3,9.39,9.39,27000,0.0,0.0
2024-06-25,8.72,9.35,8.15,8.81,8.81,20500,0.0,0.0
2024-06-26,9.0,9.75,8.75,9.38,9.38,28500,0.0,0.0
2024-06-27,9.34,9.85,9.34,9.36,9.36,20100,0.0,0.0
2024-06-28,9.36,9.45,8.89,8.9,8.9,7000,0.0,0.0
2024-07-01,9.05,9.78,8.5,8.5,8.5,10600,0.0,0.0
2024-07-02,8.43,9.16,8.301,8.95,8.95,7000,0.0,0.0
2024-07-03,9.1,9.5,8.95,9.5,9.5,7000,0.0,0.0
2024-07-05,9.8,9.8,8.35,9.49,9.49,16800,0.0,0.0
2024-07-08,9.49,10.8,9.49,10.5,10.5,49000,0.0,0.0
2024-07-09,10.69,11.2,9.74,10.9,10.9,33500,0.0,0.0
2024-07-10,11.12,11.12,9.65,9.75,9.75,19500,0.0,0.0
2024-07-11,9.755,10.4,9.7,9.93,9.93,12600,0.0,0.0
2024-07-12,10.3,10.55,9.88,10.2,10.2,42300,0.0,0.0
2024-07-15,10.55,10.55,10.05,10.125,10.125,7400,0.0,0.0
2024-07-16,10.02,10.15,10.02,10.1,10.1,10800,0.0,0.0
2024-07-17,10.1,10.1,9.35,9.93,9.93,16300,0.0,0.0
2024-07-18,10.05,10.05,9.345,9.55,9.55,21300,0.0,0.0
2024-07-19,9.72,9.75,8.85,8.85,8.85,12800,0.0,0.0
2024-07-22,8.85,11.42,8.17,8.17,8.17,67000,0.0,0.0
2024-07-23,8.3,8.89,8.05,8.41,8.41,33700,0.0,0.0
2024-07-24,8.74,9.01,8.6,8.75,8.75,7200,0.0,0.0
2024-07-25,8.34,8.84,8.33,8.8,8.8,8000,0.0,0.0
2024-07-26,8.8,8.8,8.3,8.5,8.5,8400,0.0,0.0
2024-07-29,8.31,8.982,8.31,8.61,8.61,6500,0.0,0.0
2024-07-30,8.61,9.4,8.598,9.15,9.15,11000,0.0,0.0
2024-07-31,9.3,9.3,8.78,8.78,8.78,11500,0.0,0.0
2024-08-01,8.78,9.0,8.78,8.78,8.78,8000,0.0,0.0
2024-08-02,8.8,8.8,8.78,8.78,8.78,13300,0.0,0.0
2024-08-05,8.78,8.78,7.7,8.046,8.046,19700,0.0,0.0
2024-08-06,7.81,9.31,7.81,9.28,9.28,35800,0.0,0.0
2024-08-07,9.3,9.866,9.3,9.64,9.64,8400,0.0,0.0
2024-08-08,9.35,9.95,9.35,9.808,9.808,4800,0.0,0.0
2024-08-09,10.0,12.2,10.0,12.0,12.0,68000,0.0,0.0
2024-08-12,11.51,13.05,11.07,12.5,12.5,65600,0.0,0.0
2024-08-13,13.37,14.32,12.75,13.55,13.55,180200,0.0,0.0
2024-08-14,13.65,13.8,12.2,12.62,12.62,41400,0.0,0.0
2024-08-15,12.51,13.1,11.11,11.99,11.99,51200,0.0,0.0
2024-08-16,11.52,12.49,11.52,11.55,11.55,24000,0.0,0.0
2024-08-19,11.57,11.7,11.02,11.24,11.24,41000,0.0,0.0
2024-08-20,11.2,11.29,10.3,10.5,10.5,39600,0.0,0.0
2024-08-21,10.52,11.65,10.52,11.0,11.0,75900,0.0,0.0
2024-08-22,11.54,11.77,11.01,11.3,11.3,42400,0.0,0.0
2024-08-23,11.36,12.1,11.35,11.49,11.49,76700,0.0,0.0
2024-08-26,11.62,12.2,11.52,11.63,11.63,32800,0.0,0.0
2024-08-27,11.68,11.69,11.43,11.6,11.6,39100,0.0,0.0
2024-08-28,11.5,11.59,11.43,11.459,11.459,8400,0.0,0.0
2024-08-29,11.46,11.59,11.094,11.3,11.3,37700,0.0,0.0
2024-08-30,11.272,11.272,11.0,11.02,11.02,15300,0.0,0.0
2024-09-03,11.0,11.0,10.6,11.0,11.0,22600,0.0,0.0
2024-09-04,10.98,11.0,10.5,10.6,10.6,21700,0.0,0.0
2024-09-05,10.6,10.6,10.05,10.1,10.1,11500,0.0,0.0
2024-09-06,10.02,10.02,9.5,9.57,9.57,34000,0.0,0.0
2024-09-09,9.57,9.94,9.4,9.58,9.58,12700,0.0,0.0
2024-09-10,9.6,10.2,9.45,9.63,9.63,45200,0.0,0.0
2024-09-11,9.95,9.95,9.4,9.43,9.43,86000,0.0,0.0
2024-09-12,9.5,9.97,9.5,9.85,9.85,19400,0.0,0.0
2024-09-13,9.8,10.1,9.7,9.8,9.8,48600,0.0,0.0
2024-09-16,9.84,9.84,9.7,9.73,9.73,35200,0.0,0.0
2024-09-17,9.8,9.8,9.52,9.578,9.578,51100,0.0,0.0
2024-09-18,9.52,10.07,9.46,9.76,9.76,16800,0.0,0.0
2024-09-19,10.02,10.055,10.01,10.035,10.035,7600,0.0,0.0
2024-09-20,10.07,10.75,10.07,10.2,10.2,36600,0.0,0.0
2024-09-23,10.16,10.94,9.85,9.95,9.95,46900,0.0,0.0
2024-09-24,10.0,10.164,9.937,10.164,10.164,27900,0.0,0.0
2024-09-25,10.05,10.55,10.05,10.5,10.5,16800,0.0,0.0
2024-09-26,10.57,10.57,10.16,10.35,10.35,28700,0.0,0.0
2024-09-27,10.5,10.5,9.73,10.0,10.0,32800,0.0,0.0
2024-09-30,9.9,10.15,9.8,9.939,9.939,14300,0.0,0.0
2024-10-01,9.99,10.03,9.95,10.03,10.03,26900,0.0,0.0
2024-10-02,10.01,10.01,9.61,9.71,9.71,10600,0.0,0.0
2024-10-03,9.7,10.33,9.7,10.33,10.33,19900,0.0,0.0
2024-10-04,10.2,10.25,9.9,9.9,9.9,19800,0.0,0.0
2024-10-07,10.0,10.05,9.9,10.05,10.05,6200,0.0,0.0
2024-10-08,10.048,11.0,10.0,10.345,10.345,29800,0.0,0.0
2024-10-09,10.8,11.18,10.55,11.18,11.18,24200,0.0,0.0
2024-10-10,11.19,11.24,10.62,11.14,11.14,25200,0.0,0.0
2024-10-11,11.14,11.14,10.23,10.885,10.885,22000,0.0,0.0
2024-10-14,11.05,12.13,10.98,12.0,12.0,69800,0.0,0.0
2024-10-15,12.05,13.1,12.0,13.1,13.1,80500,0.0,0.0
2024-10-16,13.55,13.88,12.81,13.188,13.188,98600,0.0,0.0
2024-10-17,13.2,13.74,12.2,12.49,12.49,47100,0.0,0.0
2024-10-18,12.25,12.35,10.9,11.95,11.95,78900,0.0,0.0
2024-10-21,11.95,11.95,10.57,11.67,11.67,24500,0.0,0.0
2024-10-22,11.75,12.67,11.25,12.4,12.4,17700,0.0,0.0
2024-10-23,12.475,14.0,12.45,13.954,13.954,93800,0.0,0.0
2024-10-24,13.99,14.35,13.63,13.98,13.98,80500,0.0,0.0
2024-10-25,14.2,14.38,13.67,14.38,14.38,32000,0.0,0.0
2024-10-28,14.35,14.4,14.12,14.348,14.348,23800,0.0,0.0
2024-10-29,14.44,18.1,14.44,16.966,16.966,117800,0.0,0.0
2024-10-30,16.99,18.75,16.5,18.0,18.0,81100,0.0,0.0
2024-10-31,18.24,18.74,16.65,18.5,18.5,53500,0.0,0.0
2024-11-01,18.16,19.190001,17.85,18.549999,18.549999,53000,0.0,0.0
2024-11-04,18.559999,20.93,18.559999,20.93,20.93,106800,0.0,0.0
2024-11-05,21.0,23.719999,20.299999,20.65,20.65,102400,0.0,0.0
2024-11-06,20.51,21.0,18.459999,19.209999,19.209999,62800,0.0,0.0
2024-11-07,19.73,20.5,18.15,20.334,20.334,44400,0.0,0.0
2024-11-08,20.700001,23.49,20.379999,22.799999,22.799999,96900,0.0,0.0
2024-11-11,23.4,24.75,23.07,24.719999,24.719999,130300,0.0,0.0
2024-11-12,25.59,28.257,23.110001,24.98,24.98,171000,0.0,0.0
2024-11-13,25.23,25.950001,22.799999,23.355,23.355,115400,0.0,0.0
2024-11-14,22.549999,23.25,16.51,17.41,17.41,257100,0.0,0.0
2024-11-15,17.9,17.9,12.26,13.9,13.9,259300,0.0,0.0
2024-11-18,13.81,16.040001,13.47,13.6,13.6,240100,0.0,0.0
2024-11-19,13.5,13.84,11.39,12.7,12.7,153600,0.0,0.0
2024-11-20,12.5,12.6,11.95,12.036,12.036,74500,0.0,0.0
2024-11-21,11.99,13.75,11.99,13.49,13.49,112400,0.0,0.0
2024-11-22,13.39,13.95,13.05,13.922,13.922,52700,0.0,0.0
2024-11-25,13.94,15.25,13.35,13.45,13.45,81700,0.0,0.0
2024-11-26,13.4,13.5,13.163,13.5,13.5,84200,0.0,0.0
2024-11-27,13.5,13.55,13.28,13.5,13.5,52900,0.0,0.0
2024-11-29,13.56,13.87,13.02,13.87,13.87,39400,0.0,0.0
2024-12-02,13.86,13.86,13.1,13.455,13.455,94000,0.0,0.0
2024-12-03,13.16,13.46,13.16,13.3,13.3,16300,0.0,0.0
2024-12-04,13.25,13.41,12.95,13.41,13.41,45800,0.0,0.0
2024-12-05,13.35,13.97,13.35,13.67,13.67,22700,0.0,0.0
2024-12-06,13.67,16.129999,13.65,15.38,15.38,152000,0.0,0.0
2024-12-09,15.63,17.940001,15.6,17.59,17.59,93100,0.0,0.0
2024-12-10,17.780001,17.780001,16.0,16.0,16.0,30000,0.0,0.0
2024-12-11,15.95,16.25,15.15,15.15,15.15,30800,0.0,0.0
2024-12-12,15.45,16.25,15.06,16.247,16.247,60100,0.0,0.0
2024-12-13,16.27,17.440001,16.0,17.212999,17.212999,60700,0.0,0.0
2024-12-16,17.299999,17.940001,17.1,17.25,17.25,41000,0.0,0.0
2024-12-17,17.4,17.700001,17.0,17.0,17.0,27200,0.0,0.0
2024-12-18,17.0,17.379999,16.5,16.5,16.5,26400,0.0,0.0
2024-12-19,16.5,16.5,14.15,15.42,15.42,90700,0.0,0.0
2024-12-20,14.58,15.8,13.5,14.44,14.44,47600,0.0,0.0
2024-12-23,14.5,14.5,13.36,13.55,13.55,78100,0.0,0.0
2024-12-24,13.53,13.9,13.18,13.19,13.19,16600,0.0,0.0
2024-12-26,13.19,13.3,12.3,12.825,12.825,51600,0.0,0.0
2024-12-27,12.5,13.1,12.5,12.65,12.65,24800,0.0,0.0
2024-12-30,12.65,12.714,11.8,12.0,12.0,56900,0.0,0.0
2024-12-31,12.2,15.43,12.17,13.84,13.84,81700,0.0,0.0
2025-01-02,14.73,14.73,13.84,14.21,14.21,36500,0.0,0.0
2025-01-03,14.5,14.5,13.745,13.981,13.981,39300,0.0,0.0
2025-01-06,14.0,15.44,13.8,14.9,14.9,44300,0.0,0.0
2025-01-07,14.93,15.45,14.75,15.0,15.0,34300,0.0,0.0
2025-01-08,15.0,16.073,14.99,15.49,15.49,58100,0.0,0.0
2025-01-10,15.88,15.88,14.5,15.0,15.0,40900,0.0,0.0
2025-01-13,15.47,15.47,14.76,15.337,15.337,64500,0.0,0.0
2025-01-14,15.34,15.92,15.34,15.508,15.508,84800,0.0,0.0
2025-01-15,15.82,16.15,15.14,15.6,15.6,91400,0.0,0.0
2025-01-16,15.65,15.94,15.5,15.72,15.72,21200,0.0,0.0
2025-01-17,15.74,16.1,15.36,15.9,15.9,54000,0.0,0.0
2025-01-21,16.25,16.25,15.45,15.72,15.72,55200,0.0,0.0
2025-01-22,15.74,15.75,13.56,14.1,14.1,78500,0.0,0.0
2025-01-23,14.0,14.0,12.51,13.105,13.105,74600,0.0,0.0
2025-01-24,13.11,13.2,12.95,13.1,13.1,33400,0.0,0.0
2025-01-27,13.29,14.0,13.29,13.858,13.858,35100,0.0,0.0
2025-01-28,14.1,15.26,13.76,14.66,14.66,77700,0.0,0.0
2025-01-29,14.75,15.2,14.3,14.95,14.95,63300,0.0,0.0
2025-01-30,15.0,15.75,15.0,15.27,15.27,56500,0.0,0.0
2025-01-31,15.5,15.7,14.55,14.89,14.89,37900,0.0,0.0
2025-02-03,14.17,15.03,12.55,14.81,14.81,111100,0.0,0.0
2025-02-04,14.77,17.82,14.77,17.549999,17.549999,241600,0.0,0.0
2025-02-05,17.75,19.280001,16.700001,18.1,18.1,173600,0.0,0.0
2025-02-06,18.1,18.74,17.25,18.57,18.57,105900,0.0,0.0
2025-02-07,18.6,18.74,17.51,18.6,18.6,94800,0.0,0.0
2025-02-10,18.4,18.6,17.129999,17.129999,17.129999,46900,0.0,0.0
2025-02-11,17.799999,17.799999,15.86,16.15,16.15,86500,0.0,0.0
2025-02-12,15.86,16.245001,15.45,15.7,15.7,41200,0.0,0.0
2025-02-13,15.75,15.75,15.25,15.37,15.37,53600,0.0,0.0
2025-02-14,15.37,15.57,15.02,15.42,15.42,46900,0.0,0.0
2025-02-18,15.5,15.5,14.55,14.9,14.9,53900,0.0,0.0
2025-02-19,15.0,15.24,13.75,13.98,13.98,53400,0.0,0.0
2025-02-20,13.94,15.4,13.75,15.371,15.371,53700,0.0,0.0
2025-02-21,15.44,15.5,12.73,13.8,13.8,174400,0.0,0.0
2025-02-24,13.85,14.03,13.038,13.205,13.205,58900,0.0,0.0
2025-02-25,13.3,13.4,12.75,13.0,13.0,37900,0.0,0.0
2025-02-26,13.0,13.3,12.95,13.19,13.19,46900,0.0,0.0
2025-02-27,13.28,13.5,12.82,13.266,13.266,40200,0.0,0.0
2025-02-28,13.37,13.37,12.21,12.45,12.45,85700,0.0,0.0
2025-03-03,12.49,14.23,12.49,13.0,13.0,72600,0.0,0.0
2025-03-04,13.01,13.05,12.28,12.55,12.55,28700,0.0,0.0
2025-03-05,12.53,13.05,12.53,12.88,12.88,25200,0.0,0.0
2025-03-06,12.57,12.83,12.24,12.48,12.48,35900,0.0,0.0
2025-03-07,12.69,12.8,12.08,12.17,12.17,41100,0.0,0.0
2025-03-10,12.37,12.48,11.58,11.9,11.9,41600,0.0,0.0
2025-03-11,11.61,12.35,10.35,11.45,11.45,44200,0.0,0.0
2025-03-12,11.33,11.75,10.95,11.41,11.41,33400,0.0,0.0
2025-03-13,11.45,11.45,10.24,10.46,10.46,49300,0.0,0.0
2025-03-14,10.72,10.95,9.85,10.75,10.75,67700,0.0,0.0
2025-03-17,10.4,10.69,9.31,10.05,10.05,53100,0.0,0.0
2025-03-18,10.06,10.1,9.31,9.58,9.58,81200,0.0,0.0
2025-03-19,9.46,9.9,9.35,9.65,9.65,13600,0.0,0.0
2025-03-20,9.9,10.4,9.65,10.1,10.1,27500,0.0,0.0
2025-03-21,10.1,11.0,10.07,10.82,10.82,43500,0.0,0.0
2025-03-24,10.95,10.99,10.15,10.3,10.3,41500,0.0,0.0
2025-03-25,10.2,10.2,9.99,9.993,9.993,48300,0.0,0.0
2025-03-26,10.0,10.05,9.405,9.405,9.405,31300,0.0,0.0
2025-03-27,9.66,9.66,9.1,9.1,9.1,30100,0.0,0.0
2025-03-28,9.3,9.58,9.06,9.13,9.13,51500,0.0,0.0
2025-03-31,9.08,9.1,8.37,8.6,8.6,50000,0.0,0.0
2025-04-01,8.99,8.99,7.75,7.75,7.75,55600,0.0,0.0
2025-04-02,7.8,8.87,6.95,8.2,8.2,82900,0.0,0.0
2025-04-03,8.2,8.55,7.35,8.45,8.45,41400,0.0,0.0
2025-04-04,8.71,8.948,7.06,8.29,8.29,73000,0.0,0.0
2025-04-07,7.15,8.2,7.0,7.66,7.66,33000,0.0,0.0
2025-04-08,7.85,7.99,7.25,7.562,7.562,33900,0.0,0.0
2025-04-09,7.35,7.99,7.35,7.97,7.97,56500,0.0,0.0
2025-04-10,7.98,9.31,7.804,9.31,9.31,70200,0.0,0.0
2025-04-11,9.4,13.1,9.4,12.91,12.91,208300,0.0,0.0
2025-04-14,13.69,15.74,11.5,12.89,12.89,186300,0.0,0.0
2025-04-15,12.88,12.88,10.3,10.7,10.7,205000,0.0,0.0
2025-04-16,11.03,12.75,10.9,12.73,12.73,129300,0.0,0.0
2025-04-17,12.61,12.95,11.5,12.17,12.17,96300,0.0,0.0
2025-04-21,12.19,12.25,10.884,11.3,11.3,41100,0.0,0.0
2025-04-22,11.3,11.55,10.75,11.38,11.38,57600,0.0,0.0
2025-04-23,11.38,11.93,11.38,11.7,11.7,42500,0.0,0.0
2025-04-24,11.9,14.87,11.85,14.53,14.53,203800,0.0,0.0
2025-04-25,14.79,15.34,13.13,14.692,14.692,74500,0.0,0.0
2025-04-28,14.9,15.5,14.16,14.65,14.65,70100,0.0,0.0
2025-04-29,14.44,14.77,13.3,14.0,14.0,49400,0.0,0.0
2025-04-30,14.54,14.54,13.5,14.12,14.12,44400,0.0,0.0
2025-05-01,14.2,14.39,13.5,13.96,13.96,50800,0.0,0.0
2025-05-02,14.01,14.32,13.9,14.03,14.03,77700,0.0,0.0
2025-05-05,14.25,14.25,13.28,13.89,13.89,54900,0.0,0.0
2025-05-06,13.8,14.38,13.8,14.15,14.15,39600,0.0,0.0
2025-05-07,14.2,14.39,13.75,14.0,14.0,23000,0.0,0.0
2025-05-08,13.99,14.5,13.658,14.5,14.5,15900,0.0,0.0
2025-05-09,14.5,15.208,14.0,15.113,15.113,80900,0.0,0.0
2025-05-12,15.25,15.448,14.95,15.195,15.195,84700,0.0,0.0
2025-05-13,14.86,14.86,10.41,12.63,12.63,310400,0.0,0.0
2025-05-14,12.26,12.58,11.75,12.09,12.09,74500,0.0,0.0
2025-05-15,12.1,12.3,11.41,12.0,12.0,52600,0.0,0.0
2025-05-16,11.99,12.5,11.628,12.39,12.39,101000,0.0,0.0
2025-05-19,12.43,12.43,11.97,11.97,11.97,62300,0.0,0.0
2025-05-20,12.0,12.25,11.75,12.021,12.021,53300,0.0,0.0
2025-05-21,12.126,12.28,11.61,11.75,11.75,53100,0.0,0.0
2025-05-22,12.0,12.0,11.75,11.998,11.998,15200,0.0,0.0
2025-05-23,11.75,12.0,10.91,11.975,11.975,42000,0.0,0.0
2025-05-27,11.98,11.98,11.0,11.458,11.458,63000,0.0,0.0
2025-05-28,11.5,11.8,11.46,11.645,11.645,32600,0.0,0.0
2025-05-29,11.645,11.645,11.1,11.22,11.22,17800,0.0,0.0
2025-05-30,11.22,11.7,11.066,11.22,11.22,26400,0.0,0.0
2025-06-02,10.7,11.148,10.0,10.7,10.7,73200,0.0,0.0
2025-06-03,10.9,12.47,10.9,12.45,12.45,142600,0.0,0.0
2025-06-04,12.45,13.85,12.45,13.1,13.1,120200,0.0,0.0
2025-06-05,13.23,14.34,12.7,13.65,13.65,152900,0.0,0.0
2025-06-06,13.71,14.35,13.71,14.165,14.165,72800,0.0,0.0
2025-06-09,14.52,14.52,14.15,14.304,14.304,55900,0.0,0.0
2025-06-10,14.3,14.37,13.7,14.02,14.02,44300,0.0,0.0
2025-06-11,14.2,14.2,13.754,13.97,13.97,27600,0.0,0.0
2025-06-12,14.0,14.06,13.66,13.9,13.9,21900,0.0,0.0
2025-06-13,13.75,13.772,13.55,13.75,13.75,14800,0.0,0.0
2025-06-16,13.75,14.0,13.6,13.65,13.65,15700,0.0,0.0
2025-06-17,13.5,14.15,13.4,14.15,14.15,24700,0.0,0.0
2025-06-18,13.26,14.1,13.11,13.11,13.11,25500,0.0,0.0
2025-06-20,13.69,13.8,13.17,13.739,13.739,28300,0.0,0.0
2025-06-23,13.68,13.8,13.0,13.45,13.45,27500,0.0,0.0
2025-06-24,13.28,13.69,13.238,13.55,13.55,19100,0.0,0.0
2025-06-25,13.42,13.67,13.25,13.663,13.663,28900,0.0,0.0
2025-06-26,13.65,13.7,13.0,13.375,13.375,39000,0.0,0.0
2025-06-27,13.28,13.5,12.358,13.5,13.5,53400,0.0,0.0
2025-06-30,13.0,13.0,11.85,12.85,12.85,44600,0.0,0.0
2025-07-01,12.85,12.88,11.95,12.15,12.15,39900,0.0,0.0
2025-07-02,12.07,12.71,11.95,11.99,11.99,34500,0.0,0.0
2025-07-03,12.25,12.25,11.8,11.94,11.94,28000,0.0,0.0
2025-07-07,11.92,12.0,11.38,11.9,11.9,32100,0.0,0.0
2025-07-08,11.7,12.17,11.43,12.004,12.004,45500,0.0,0.0
2025-07-09,12.0,12.25,11.884,12.25,12.25,16700,0.0,0.0
2025-07-10,11.764,12.45,11.73,12.45,12.45,41400,0.0,0.0
2025-07-11,12.3,12.65,11.96,12.524,12.524,16300,0.0,0.0
2025-07-14,12.48,12.65,12.0,12.0,12.0,43800,0.0,0.0
2025-07-15,12.42,12.42,9.55,10.0,10.0,337900,0.0,0.0
2025-07-16,9.77,10.8,9.65,10.45,10.45,91700,0.0,0.0
2025-07-17,10.7,11.5,10.51,11.5,11.5,41400,0.0,0.0
2025-07-18,11.52,11.53,10.55,11.25,11.25,35300,0.0,0.0
2025-07-21,11.13,11.4,10.51,10.75,10.75,64800,0.0,0.0
2025-07-22,10.85,11.08,10.523,10.87,10.87,23400,0.0,0.0
2025-07-23,10.77,11.2,10.53,11.06,11.06,28700,0.0,0.0
2025-07-24,11.16,11.86,10.5,11.86,11.86,38400,0.0,0.0
2025-07-25,11.85,12.0,11.545,11.644,11.644,19600,0.0,0.0
2025-07-28,11.65,11.65,10.71,11.1,11.1,22200,0.0,0.0
2025-07-29,11.11,11.44,11.01,11.36,11.36,34500,0.0,0.0
2025-07-30,11.4,11.86,11.1,11.52,11.52,40700,0.0,0.0
2025-07-31,11.69,12.0,11.5,11.96,11.96,21600,0.0,0.0
2025-08-01,11.97,11.97,11.05,11.262,11.262,11900,0.0,0.0
2025-08-04,11.3,11.54,11.15,11.49,11.49,14000,0.0,0.0
2025-08-05,11.54,11.54,10.76,10.865,10.865,31000,0.0,0.0
2025-08-06,10.99,10.99,10.65,10.66,10.66,22600,0.0,0.0
2025-08-07,10.538,10.598,10.26,10.372,10.372,28200,0.0,0.0
2025-08-08,10.28,10.5,10.0,10.35,10.35,49800,0.0,0.0
2025-08-11,10.2,10.49,9.816,10.05,10.05,54400,0.0,0.0
2025-08-12,9.7,10.49,9.68,10.3,10.3,50800,0.0,0.0
2025-08-13,10.31,10.71,9.95,10.676,10.676,29800,0.0,0.0
2025-08-14,10.65,10.65,10.3,10.375,10.375,24500,0.0,0.0
2025-08-15,8.19,8.19,5.02,7.04,7.04,510300,0.0,0.0
2025-08-18,7.26,7.26,6.53,6.545,6.545,183900,0.0,0.0
2025-08-19,6.6,6.9,6.04,6.48,6.48,112200,0.0,0.0
2025-08-20,6.46,6.461,5.86,6.15,6.15,116500,0.0,0.0
2025-08-21,6.15,6.185,5.68,5.96,5.96,95200,0.0,0.0
2025-08-22,6.05,6.36,5.75,5.8,5.8,149900,0.0,0.0
2025-08-25,5.7,5.98,5.57,5.75,5.75,97700,0.0,0.0
2025-08-26,5.93,6.35,5.72,5.97,5.97,111100,0.0,0.0
2025-08-27,6.38,6.4,5.98,6.38,6.38,68200,0.0,0.0
2025-08-28,6.48,7.34,6.43,7.3,7.3,129700,0.0,0.0
2025-08-29,7.3,7.6,6.82,7.1,7.1,38600,0.0,0.0
2025-09-02,7.1,7.1,6.45,6.564,6.564,57200,0.0,0.0
2025-09-03,6.79,7.426,6.75,7.15,7.15,100500,0.0,0.0
2025-09-04,7.15,7.36,6.58,6.715,6.715,75500,0.0,0.0
2025-09-05,6.69,6.75,6.36,6.7,6.7,27900,0.0,0.0
2025-09-08,6.3,6.55,6.063,6.18,6.18,51200,0.0,0.0
2025-09-09,6.125,6.25,5.67,5.86,5.86,70700,0.0,0.0
2025-09-10,5.86,6.0,5.55,5.83,5.83,81100,0.0,0.0
2025-09-11,5.9,6.194,5.5,5.505,5.505,57000,0.0,0.0
2025-09-12,5.34,5.44,4.79,4.98,4.98,140300,0.0,0.0
2025-09-15,5.0,5.5,4.9,5.25,5.25,106100,0.0,0.0
2025-09-16,5.43,5.74,5.18,5.3,5.3,135800,0.0,0.0
2025-09-17,5.31,5.4,5.1,5.22,5.22,89000,0.0,0.0
2025-09-18,5.18,5.23,4.93,4.96,4.96,101700,0.0,0.0
2025-09-19,5.2,5.24,5.01,5.16,5.16,68400,0.0,0.0
2025-09-22,5.22,5.39,5.03,5.04,5.04,84600,0.0,0.0
2025-09-23,5.0,5.11,5.0,5.06,5.06,45000,0.0,0.0
2025-09-24,5.09,5.1,5.03,5.09,5.09,39300,0.0,0.0
2025-09-25,5.1,5.1,5.02,5.08,5.08,39100,0.0,0.0
2025-09-26,5.08,5.17,4.78,4.965,4.965,66100,0.0,0.0
2025-09-29,4.95,5.0,4.76,4.845,4.845,78700,0.0,0.0
2025-09-30,4.91,5.221,4.5,4.69,4.69,90900,0.0,0.0
2025-10-01,4.685,5.1,4.6,4.993,4.993,82600,0.0,0.0
2025-10-02,5.11,5.11,4.96,5.05,5.05,30600,0.0,0.0
2025-10-03,5.07,5.08,4.74,4.957,4.957,46200,0.0,0.0
2025-10-06,4.8,4.942,4.77,4.78,4.78,29600,0.0,0.0
2025-10-07,4.78,5.0,4.7,4.83,4.83,38900,0.0,0.0
2025-10-08,4.86,4.95,4.766,4.8,4.8,32700,0.0,0.0
2025-10-09,4.78,4.829,4.586,4.6,4.6,37300,0.0,0.0
2025-10-10,4.57,4.625,4.26,4.307,4.307,71000,0.0,0.0
2025-10-13,4.3,4.7,4.065,4.12,4.12,51400,0.0,0.0
2025-10-14,4.23,4.91,4.09,4.7,4.7,133100,0.0,0.0
2025-10-15,4.75,4.9,4.52,4.828,4.828,21600,0.0,0.0
2025-10-16,4.91,4.91,4.5,4.708,4.708,45800,0.0,0.0
2025-10-17,4.75,4.9,4.7,4.87,4.87,58200,0.0,0.0
2025-10-20,4.95,5.349,4.87,5.3,5.3,98000,0.0,0.0
2025-10-21,5.3,5.5,5.3,5.31,5.31,21500,0.0,0.0
2025-10-22,5.35,5.36,4.5,4.89,4.89,47600,0.0,0.0
2025-10-23,4.93,5.28,4.72,4.855,4.855,14900,0.0,0.0
2025-10-24,4.78,4.986,4.3,4.77,4.77,33900,0.0,0.0
2025-10-27,4.88,5.25,4.52,4.7,4.7,71700,0.0,0.0
2025-10-28,4.7,5.04,4.475,4.5,4.5,43500,0.0,0.0
2025-10-29,4.6,4.89,4.6,4.66,4.66,33200,0.0,0.0
2025-10-30,4.73,4.89,4.55,4.637,4.637,35500,0.0,0.0
2025-10-31,4.5,5.09,4.5,4.845,4.845,94600,0.0,0.0
2025-11-03,4.55,4.933,4.3,4.38,4.38,132400,0.0,0.0
2025-11-04,4.33,4.39,3.97,4.02,4.02,97900,0.0,0.0
2025-11-05,3.97,4.29,3.87,4.1,4.1,63400,0.0,0.0
2025-11-06,4.1,4.242,3.85,3.87,3.87,71700,0.0,0.0
2025-11-07,3.79,4.15,3.38,3.72,3.72,67100,0.0,0.0
2025-11-10,3.81,4.75,3.79,4.6,4.6,211100,0.0,0.0
2025-11-11,4.6,4.72,4.25,4.567,4.567,47700,0.0,0.0
2025-11-12,4.65,4.89,4.51,4.65,4.65,110800,0.0,0.0
2025-11-13,4.65,4.693,4.1,4.14,4.14,81200,0.0,0.0
2025-11-14,4.02,4.19,3.82,3.975,3.975,69000,0.0,0.0
2025-11-17,3.75,3.9,3.093,3.35,3.35,86800,0.0,0.0
2025-11-18,3.35,3.4,3.25,3.326,3.326,63300,0.0,0.0
2025-11-19,3.35,3.96,3.3,3.75,3.75,83500,0.0,0.0
2025-11-20,3.8,4.07,3.8,3.85,3.85,67200,0.0,0.0
2025-11-21,3.95,4.0,3.85,3.965,3.965,38600,0.0,0.0
2025-11-24,3.92,4.009,3.58,3.91,3.91,70000,0.0,0.0
2025-11-25,3.98,4.15,3.61,4.105,4.105,71000,0.0,0.0
2025-11-26,4.11,4.92,4.1,4.83,4.83,105400,0.0,0.0
2025-11-28,4.95,4.98,4.47,4.86,4.86,47100,0.0,0.0
2025-12-01,4.9,4.95,4.56,4.56,4.56,32600,0.0,0.0
2025-12-02,4.65,4.95,4.21,4.65,4.65,61200,0.0,0.0
2025-12-03,4.84,4.84,4.26,4.342,4.342,28300,0.0,0.0
2025-12-04,4.32,4.64,4.265,4.28,4.28,50800,0.0,0.0
2025-12-05,4.26,4.28,3.87,3.955,3.955,61700,0.0,0.0
2025-12-08,3.95,4.6,3.86,4.33,4.33,132900,0.0,0.0
2025-12-09,4.4,4.43,4.02,4.188,4.188,51300,0.0,0.0
2025-12-10,4.39,4.74,4.1,4.45,4.45,88300,0.0,0.0
2025-12-11,4.26,4.618,4.16,4.27,4.27,28800,0.0,0.0
2025-12-12,4.25,4.25,4.13,4.14,4.14,29400,0.0,0.0
2025-12-15,4.1,4.2,3.95,3.95,3.95,42800,0.0,0.0
2025-12-16,3.92,4.07,3.56,3.84,3.84,68000,0.0,0.0
2025-12-17,3.78,4.04,3.6,4.0,4.0,39600,0.0,0.0
2025-12-18,3.85,4.4,3.6,4.4,4.4,69200,0.0,0.0
2025-12-19,4.5,4.5,4.02,4.24,4.24,47400,0.0,0.0
2025-12-22,4.05,4.25,3.85,3.99,3.99,55500,0.0,0.0
2025-12-23,4.0,4.05,3.81,3.86,3.86,24800,0.0,0.0
2025-12-24,4.01,4.02,3.88,3.88,3.88,56200,0.0,0.0
2025-12-26,3.91,3.95,3.85,3.87,3.87,27100,0.0,0.0
2025-12-29,3.81,3.98,3.72,3.84,3.84,72800,0.0,0.0
2025-12-30,3.72,3.98,3.72,3.8,3.8,95900,0.0,0.0
2025-12-31,3.82,3.92,3.75,3.81,3.81,82400,0.0,0.0
2026-01-02,3.83,3.99,3.6,3.909,3.909,48200,0.0,0.0
2026-01-05,3.9,4.05,3.8,3.935,3.935,45400,0.0,0.0
2026-01-06,3.93,4.293,3.87,4.259,4.259,104000,0.0,0.0
2026-01-07,4.33,4.75,4.26,4.73,4.73,114700,0.0,0.0
2026-01-08,4.67,4.73,4.25,4.25,4.25,69200,0.0,0.0
2026-01-09,4.64,5.47,4.62,5.0,5.0,261800,0.0,0.0
2026-01-12,5.05,5.543,5.03,5.3,5.3,188800,0.0,0.0
2026-01-13,5.73,5.73,5.02,5.11,5.11,62300,0.0,0.0
2026-01-14,5.25,5.25,4.8,4.99,4.99,41300,0.0,0.0
2026-01-15,5.25,5.25,4.3,4.59,4.59,106100,0.0,0.0
2026-01-16,4.59,4.6,4.03,4.2,4.2,141300,0.0,0.0
2026-01-20,4.2,4.265,3.75,3.839,3.839,191100,0.0,0.0
2026-01-21,4.0,4.9,3.89,4.686,4.686,176700,0.0,0.0
2026-01-22,5.24,5.45,5.0,5.288,5.288,188400,0.0,0.0
2026-01-23,5.35,7.2,5.3,7.15,7.15,605500,0.0,0.0
2026-01-26,7.3,8.01,6.46,6.537,6.537,335600,0.0,0.0
2026-01-27,6.55,8.36,6.46,8.2,8.2,329300,0.0,0.0
2026-01-28,8.36,8.4,7.2,7.69,7.69,193400,0.0,0.0
2026-01-29,7.6,7.64,6.64,7.046,7.046,169300,0.0,0.0
2026-01-30,7.1,7.59,6.1,6.172,6.172,149400,0.0,0.0
2026-02-02,6.15,6.372,5.05,5.37,5.37,165700,0.0,0.0
2026-02-03,5.56,6.51,5.526,6.5,6.5,184500,0.0,0.0
2026-02-04,6.5,7.26,5.83,5.954,5.954,162600,0.0,0.0
2026-02-05,5.81,7.18,5.81,6.72,6.72,268600,0.0,0.0
2026-02-06,6.95,6.95,6.15,6.24,6.24,160300,0.0,0.0
2026-02-09,6.15,6.99,6.15,6.74,6.74,90000,0.0,0.0
2026-02-10,6.8,6.88,5.71,6.28,6.28,154600,0.0,0.0
2026-02-11,6.11,6.2,5.225,5.5,5.5,167500,0.0,0.0
2026-02-12,5.5,5.94,5.4,5.52,5.52,54000,0.0,0.0
2026-02-13,5.57,5.89,5.57,5.8,5.8,29100,0.0,0.0
2026-02-17,5.8,5.89,5.52,5.715,5.715,45200,0.0,0.0
2026-02-18,5.56,6.35,5.52,6.28,6.28,102700,0.0,0.0
2026-02-19,6.26,6.38,6.05,6.22,6.22,44400,0.0,0.0
2026-02-20,6.25,6.32,6.0,6.054,6.054,46400,0.0,0.0
2026-02-23,6.05,6.06,5.59,5.786,5.786,62700,0.0,0.0
2026-02-24,5.94,5.94,5.65,5.8,5.8,79600,0.0,0.0
2026-02-25,5.94,6.24,5.65,5.65,5.65,47300,0.0,0.0
2026-02-26,5.67,5.723,5.26,5.29,5.29,54600,0.0,0.0
2026-02-27,5.35,5.95,5.25,5.638,5.638,110100,0.0,0.0
2026-03-02,5.73,5.9,5.31,5.55,5.55,33100,0.0,0.0
2026-03-03,5.68,5.85,5.33,5.36,5.36,68800,0.0,0.0
2026-03-04,5.4,6.09,5.4,5.783,5.783,173700,0.0,0.0
2026-03-05,5.85,6.074,5.47,5.49,5.49,49700,0.0,0.0
2026-03-06,5.71,5.71,5.16,5.21,5.21,62600,0.0,0.0
2026-03-09,5.16,5.3,5.11,5.144,5.144,31700,0.0,0.0
2026-03-10,5.15,5.3,5.05,5.05,5.05,30800,0.0,0.0
2026-03-11,5.14,5.2,5.05,5.163,5.163,15800,0.0,0.0
2026-03-12,5.19,5.4,5.124,5.242,5.242,45800,0.0,0.0
2026-03-13,5.1,5.3,5.09,5.29,5.29,39500,0.0,0.0
2026-03-16,5.29,5.29,5.02,5.181,5.181,37100,0.0,0.0
2026-03-17,5.25,5.25,5.01,5.126,5.126,34500,0.0,0.0
2026-03-18,5.13,5.298,5.1,5.14,5.14,23800,0.0,0.0
2026-03-19,5.13,5.13,5.0,5.08,5.08,32000,0.0,0.0
2026-03-20,5.09,5.26,5.0,5.07,5.07,8300,0.0,0.0
2026-03-23,5.07,5.67,5.07,5.49,5.49,52900,0.0,0.0
2026-03-24,5.6,5.67,5.08,5.12,5.12,62400,0.0,0.0
2026-03-25,5.05,5.06,4.75,4.92,4.92,148500,0.0,0.0
2026-03-26,4.97,5.35,4.9,4.99,4.99,63800,0.0,0.0
2026-03-27,5.03,5.06,4.21,4.425,4.425,56600,0.0,0.0
2026-03-30,4.74,4.74,4.0,4.11,4.11,54800,0.0,0.0
2026-03-31,4.19,4.19,4.0,4.03,4.03,103400,0.0,0.0
2026-04-01,4.01,4.57,4.01,4.157,4.157,79900,0.0,0.0
2026-04-02,4.53,4.85,4.3,4.567,4.567,75900,0.0,0.0
2026-04-06,4.65,4.935,4.51,4.93,4.93,46300,0.0,0.0
2026-04-07,4.97,6.09,4.85,5.69,5.69,130400,0.0,0.0
2026-04-08,5.75,5.928,5.02,5.13,5.13,107900,0.0,0.0
2026-04-09,5.14,5.3,5.05,5.2,5.2,55100,0.0,0.0
2026-04-10,5.2,5.2,4.548,5.132,5.132,45000,0.0,0.0
2026-04-13,5.13,5.15,4.52,4.83,4.83,41800,0.0,0.0
2026-04-14,4.77,5.15,4.77,4.858,4.858,23600,0.0,0.0
2026-04-15,4.75,4.86,4.54,4.68,4.68,46800,0.0,0.0
2026-04-16,4.6,4.75,4.4,4.6,4.6,74700,0.0,0.0
2026-04-17,4.89,5.14,4.65,4.97,4.97,142800,0.0,0.0
2026-04-20,5.0,5.0,4.52,4.52,4.52,37100,0.0,0.0
2026-04-21,4.52,4.95,4.52,4.64,4.64,46000,0.0,0.0
2026-04-22,4.7,4.88,4.62,4.73,4.73,28000,0.0,0.0
2026-04-23,4.71,4.71,4.35,4.45,4.45,21100,0.0,0.0
2026-04-24,4.6,5.0,4.6,4.83,4.83,39100,0.0,0.0
2026-04-27,4.89,4.94,4.52,4.6,4.6,53900,0.0,0.0
2026-04-28,4.56,4.74,4.55,4.72,4.72,29400,0.0,0.0
2026-04-29,4.74,4.74,4.51,4.548,4.548,27700,0.0,0.0
2026-04-30,4.53,4.72,4.4,4.507,4.507,66100,0.0,0.0
2026-05-01,4.5,4.5,4.4,4.45,4.45,30300,0.0,0.0
2026-05-04,4.36,4.48,4.35,4.4,4.4,19000,0.0,0.0
2026-05-05,4.39,4.49,4.36,4.37,4.37,37000,0.0,0.0
2026-05-06,4.31,4.36,4.07,4.15,4.15,95300,0.0,0.0
2026-05-07,4.17,4.26,4.06,4.11,4.11,64400,0.0,0.0
2026-05-08,4.11,4.51,4.08,4.5,4.5,96400,0.0,0.0
2026-05-11,4.5,4.68,4.3,4.55,4.55,67500,0.0,0.0
2026-05-12,4.6,5.09,4.599,4.97,4.97,118900,0.0,0.0
2026-05-13,5.05,5.24,4.95,5.075,5.075,65700,0.0,0.0
2026-05-14,5.07,5.25,5.0,5.034,5.034,45000,0.0,0.0
2026-05-15,4.52,4.53,4.0,4.32,4.32,135300,0.0,0.0
2026-05-18,4.22,4.62,4.196,4.406,4.406,85700,0.0,0.0
2026-05-19,4.58,4.58,4.09,4.29,4.29,82200,0.0,0.0
2026-05-20,4.11,4.25,3.98,3.995,3.995,104500,0.0,0.0
2026-05-21,3.93,4.33,3.93,4.1,4.1,125300,0.0,0.0
2026-05-22,4.18,4.54,4.05,4.135,4.135,103600,0.0,0.0
2026-05-26,4.19,4.257,3.9,3.91,3.91,106000,0.0,0.0
2026-05-27,3.91,4.142,3.9,3.988,3.988,21000,0.0,0.0
2026-05-28,4.1,4.1,3.72,3.913,3.913,71000,0.0,0.0
2026-05-29,3.91,4.29,3.91,4.14,4.14,41300,0.0,0.0
2026-06-01,4.15,4.45,4.05,4.183,4.183,62000,0.0,0.0
2026-06-02,4.2,4.46,4.16,4.169,4.169,58400,0.0,0.0
2026-06-03,4.16,4.19,4.07,4.117,4.117,19900,0.0,0.0
2026-06-04,4.05,4.18,4.0,4.037,4.037,24200,0.0,0.0
2026-06-05,4.0,4.0,3.72,3.896,3.896,33000,0.0,0.0
2026-06-08,3.75,3.94,3.57,3.68,3.68,28700,0.0,0.0
2026-06-09,3.68,3.73,3.3,3.565,3.565,58400,0.0,0.0
2026-06-10,3.55,3.55,3.38,3.43,3.43,29400,0.0,0.0
2026-06-11,3.38,3.65,3.36,3.36,3.36,31600,0.0,0.0
2026-06-12,3.31,4.09,3.31,4.08,4.08,135700,0.0,0.0
2026-06-15,4.08,4.12,4.08,4.095,4.095,125900,0.0,0.0
2026-06-16,4.12,4.27,4.09,4.154,4.154,104600,0.0,0.0
2026-06-17,4.2,4.2,3.857,3.915,3.915,35400,0.0,0.0
2026-06-18,3.9,4.25,3.9,4.0,4.0,20500,0.0,0.0
2026-06-22,4.06,4.22,3.8,3.892,3.892,46300,0.0,0.0
2026-06-23,3.94,3.94,3.7,3.7,3.7,27000,0.0,0.0
2026-06-24,3.75,3.9,3.65,3.74,3.74,21500,0.0,0.0
2026-06-25,3.89,3.89,3.4,3.44,3.44,56900,0.0,0.0
2026-06-26,3.42,3.621,3.41,3.585,3.585,37200,0.0,0.0
2026-06-29,3.6,3.762,3.39,3.48,3.48,24300,0.0,0.0
2026-06-30,3.47,3.48,3.25,3.3,3.3,61500,0.0,0.0
2026-07-01,3.3,3.35,3.15,3.22,3.22,62400,0.0,0.0
2026-07-02,3.17,3.37,3.15,3.24,3.24,15600,0.0,0.0
2026-07-06,3.23,3.94,3.2,3.66,3.66,70600,0.0,0.0
2026-07-07,3.6,3.695,3.11,3.285,3.285,31500,0.0,0.0
2026-07-08,3.25,3.47,3.136,3.26,3.26,24200,0.0,0.0
2026-07-09,3.24,3.35,3.16,3.216,3.216,12600,0.0,0.0
2026-07-10,3.33,3.88,3.16,3.69,3.69,45500,0.0,0.0
2026-07-13,3.72,4.0,3.72,3.956,3.956,30300,0.0,0.0
2026-07-14,3.95,3.993,3.71,3.8,3.8,25600,0.0,0.0
2026-07-15,3.87,3.95,3.73,3.809,3.809,30600,0.0,0.0
2026-07-16,3.84,4.0,3.66,3.749,3.749,33500,0.0,0.0
2026-07-17,3.7,3.84,3.33,3.77,3.77,22400,0.0,0.0
2026-07-20,3.79,4.0,3.58,3.89,3.89,43200,0.0,0.0
2026-07-21,3.895,4.04,3.512,3.98,3.98,95600,0.0,0.0
2026-07-22,3.99,3.99,3.899,3.93,3.93,21800,0.0,0.0
2026-07-23,3.91,3.98,3.8,3.834,3.834,31400,0.0,0.0
2026-07-24,3.89,4.06,3.8,4.01,4.01,31800,0.0,0.0
2026-07-27,3.88,4.08,3.56,3.82,3.82,39600,0.0,0.0
2026-07-28,3.8,3.81,3.351,3.351,3.351,37300,0.0,0.0
2026-07-29,3.43,3.43,3.29,3.29,3.29,14300,0.0,0.0
2026-07-30,3.28,3.4,3.01,3.21,3.21,56800,0.0,0.0
2026-07-31,3.22,3.85,3.12,3.314,3.314,90000,0.0,0.0
2026-08-03,3.31,3.42,3.01,3.12,3.12,85500,0.0,0.0
2026-08-04,3.21,3.3,3.04,3.258,3.258,59800,0.0,0.0
2026-08-05,3.29,3.37,3.07,3.334,3.334,47500,0.0,0.0
2026-08-06,3.21,4.05,3.09,4.02,4.02,169800,0.0,0.0
2026-08-07,3.936,4.66,3.654,4.093,4.093,253700,0.0,0.0
2026-08-10,4.2,4.2,3.61,3.78,3.78,66600,0.0,0.0
2026-08-11,3.65,3.72,3.562,3.61,3.61,41200,0.0,0.0
2026-08-12,3.69,4.15,3.56,3.8,3.8,159400,0.0,0.0
2026-08-13,2.3,3.3,2.251,3.1,3.1,648000,0.0,0.0
2026-08-14,3.11,3.389,3.05,3.21,3.21,104500,0.0,0.0
2026-08-17,3.05,3.35,3.0,3.0,3.0,94700,0.0,0.0
2026-08-18,3.04,3.328,3.04,3.15,3.15,42800,0.0,0.0
2026-08-19,3.15,3.5,3.0,3.345,3.345,112200,0.0,0.0
2026-08-20,3.51,3.86,3.51,3.68,3.68,155000,0.0,0.0
2026-08-21,3.69,3.8,3.5,3.54,3.54,63400,0.0,0.0
2026-08-24,3.77,3.95,3.55,3.92,3.92,112700,0.0,0.0
2026-08-25,3.87,3.99,3.75,3.81,3.81,62700,0.0,0.0
2026-08-26,3.82,3.91,3.66,3.66,3.66,30400,0.0,0.0
2026-08-27,3.66,3.91,3.66,3.85,3.85,64500,0.0,0.0
