Date,Open,High,Low,Close,Adj Close,Volume,Dividends,Stock Splits
2019-02-05,48.0,244.800003,48.0,244.800003,244.800003,57,0.0,0.0
2019-02-06,288.0,288.0,216.0,216.0,216.0,12,0.0,0.0
2019-02-07,120.0,244.800003,120.0,244.800003,244.800003,3,0.0,0.0
2019-02-08,252.0,252.0,252.0,252.0,252.0,5,0.0,0.0
2019-02-11,261.600006,261.600006,261.600006,261.600006,261.600006,1,0.0,0.0
2019-02-12,264.0,264.0,264.0,264.0,264.0,2,0.0,0.0
2019-02-13,264.0,288.0,259.200012,288.0,288.0,17,0.0,0.0
2019-02-14,309.600006,312.0,309.600006,312.0,312.0,2,0.0,0.0
2019-02-15,312.0,312.0,312.0,312.0,312.0,0,0.0,0.0
2019-02-19,312.0,336.0,312.0,336.0,336.0,4,0.0,0.0
2019-02-20,336.0,336.0,336.0,336.0,336.0,0,0.0,0.0
2019-02-21,336.0,336.0,336.0,336.0,336.0,0,0.0,0.0
2019-02-22,336.0,336.0,336.0,336.0,336.0,0,0.0,0.0
2019-02-25,336.0,336.0,336.0,336.0,336.0,0,0.0,0.0
2019-02-26,336.0,336.0,336.0,336.0,336.0,0,0.0,0.0
2019-02-27,336.0,336.0,336.0,336.0,336.0,0,0.0,0.0
2019-02-28,336.0,336.0,336.0,336.0,336.0,0,0.0,0.0
2019-03-01,336.0,336.0,336.0,336.0,336.0,0,0.0,0.0
2019-03-04,288.0,288.0,288.0,288.0,288.0,0,0.0,0.0
2019-03-05,276.480011,288.0,276.480011,288.0,288.0,1,0.0,0.0
2019-03-06,187.679993,288.0,187.679993,288.0,288.0,3,0.0,0.0
2019-03-07,288.0,288.0,288.0,288.0,288.0,0,0.0,0.0
2019-03-08,288.0,288.0,288.0,288.0,288.0,0,0.0,0.0
2019-03-11,288.0,288.0,288.0,288.0,288.0,0,0.0,0.0
2019-03-12,288.0,288.0,288.0,288.0,288.0,0,0.0,0.0
2019-03-13,288.0,288.0,288.0,288.0,288.0,0,0.0,0.0
2019-03-14,288.0,288.0,288.0,288.0,288.0,0,0.0,0.0
2019-03-15,182.399994,182.399994,182.399994,182.399994,182.399994,5,0.0,0.0
2019-03-18,272.160004,288.0,272.160004,288.0,288.0,1,0.0,0.0
2019-03-19,182.399994,182.399994,182.399994,182.399994,182.399994,0,0.0,0.0
2019-03-20,198.240005,198.240005,198.240005,198.240005,198.240005,2,0.0,0.0
2019-03-21,235.679993,235.679993,235.679993,235.679993,235.679993,1,0.0,0.0
2019-03-22,235.679993,235.679993,235.679993,235.679993,235.679993,0,0.0,0.0
2019-03-25,235.679993,235.679993,235.679993,235.679993,235.679993,0,0.0,0.0
2019-03-26,235.679993,235.679993,235.679993,235.679993,235.679993,0,0.0,0.0
2019-03-27,235.679993,235.679993,235.679993,235.679993,235.679993,0,0.0,0.0
2019-03-28,235.679993,235.679993,235.679993,235.679993,235.679993,0,0.0,0.0
2019-03-29,235.679993,235.679993,235.679993,235.679993,235.679993,0,0.0,0.0
2019-04-01,235.679993,235.679993,235.679993,235.679993,235.679993,0,0.0,0.0
2019-04-02,235.679993,235.679993,235.679993,235.679993,235.679993,0,0.0,0.0
2019-04-03,235.679993,235.679993,235.679993,235.679993,235.679993,0,0.0,0.0
2019-04-04,235.679993,235.679993,235.679993,235.679993,235.679993,0,0.0,0.0
2019-04-05,235.679993,235.679993,235.679993,235.679993,235.679993,0,0.0,0.0
2019-04-08,235.679993,235.679993,235.679993,235.679993,235.679993,0,0.0,0.0
2019-04-09,235.679993,235.679993,235.679993,235.679993,235.679993,0,0.0,0.0
2019-04-10,235.679993,235.679993,235.679993,235.679993,235.679993,0,0.0,0.0
2019-04-11,235.679993,235.679993,235.679993,235.679993,235.679993,0,0.0,0.0
2019-04-12,235.679993,235.679993,235.679993,235.679993,235.679993,0,0.0,0.0
2019-04-15,235.679993,235.679993,235.679993,235.679993,235.679993,0,0.0,0.0
2019-04-16,235.679993,235.679993,235.679993,235.679993,235.679993,0,0.0,0.0
2019-04-17,235.679993,235.679993,235.679993,235.679993,235.679993,0,0.0,0.0
2019-04-18,235.679993,235.679993,235.679993,235.679993,235.679993,0,0.0,0.0
2019-04-22,235.679993,235.679993,235.679993,235.679993,235.679993,0,0.0,0.0
2019-04-23,235.679993,235.679993,235.679993,235.679993,235.679993,0,0.0,0.0
2019-04-24,235.679993,235.679993,235.679993,235.679993,235.679993,0,0.0,0.0
2019-04-25,235.679993,235.679993,235.679993,235.679993,235.679993,0,0.0,0.0
2019-04-26,235.679993,235.679993,235.679993,235.679993,235.679993,0,0.0,0.0
2019-04-29,235.679993,235.679993,235.679993,235.679993,235.679993,0,0.0,0.0
2019-04-30,235.679993,235.679993,235.679993,235.679993,235.679993,0,0.0,0.0
2019-05-01,235.679993,235.679993,235.679993,235.679993,235.679993,0,0.0,0.0
2019-05-02,235.679993,235.679993,235.679993,235.679993,235.679993,0,0.0,0.0
2019-05-03,235.679993,235.679993,235.679993,235.679993,235.679993,0,0.0,0.0
2019-05-06,235.679993,235.679993,235.679993,235.679993,235.679993,0,0.0,0.0
2019-05-07,235.679993,235.679993,235.679993,235.679993,235.679993,0,0.0,0.0
2019-05-08,235.679993,235.679993,235.679993,235.679993,235.679993,0,0.0,0.0
2019-05-09,216.0,408.0,216.0,408.0,408.0,3,0.0,0.0
2019-05-10,480.0,480.0,480.0,480.0,480.0,0,0.0,0.0
2019-05-13,480.0,480.0,480.0,480.0,480.0,0,0.0,0.0
2019-05-14,216.0,595.200012,216.0,595.200012,595.200012,5,0.0,0.0
2019-05-15,595.200012,595.200012,595.200012,595.200012,595.200012,0,0.0,0.0
2019-05-16,595.200012,595.200012,595.200012,595.200012,595.200012,0,0.0,0.0
2019-05-17,595.200012,595.200012,595.200012,595.200012,595.200012,0,0.0,0.0
2019-05-20,595.200012,595.200012,595.200012,595.200012,595.200012,0,0.0,0.0
2019-05-21,595.200012,595.200012,595.200012,595.200012,595.200012,0,0.0,0.0
2019-05-22,595.200012,595.200012,595.200012,595.200012,595.200012,0,0.0,0.0
2019-05-23,595.200012,595.200012,595.200012,595.200012,595.200012,0,0.0,0.0
2019-05-24,595.200012,595.200012,595.200012,595.200012,595.200012,0,0.0,0.0
2019-05-28,595.200012,595.200012,595.200012,595.200012,595.200012,0,0.0,0.0
2019-05-29,595.200012,595.200012,595.200012,595.200012,595.200012,0,0.0,0.0
2019-05-30,595.200012,595.200012,595.200012,595.200012,595.200012,0,0.0,0.0
2019-05-31,451.200012,475.200012,451.200012,475.200012,475.200012,3,0.0,0.0
2019-06-03,475.200012,475.200012,475.200012,475.200012,475.200012,0,0.0,0.0
2019-06-04,475.200012,475.200012,475.200012,475.200012,475.200012,0,0.0,0.0
2019-06-05,451.200012,451.200012,451.200012,451.200012,451.200012,1,0.0,0.0
2019-06-06,475.200012,552.0,475.200012,552.0,552.0,1,0.0,0.0
2019-06-07,552.0,552.0,552.0,552.0,552.0,0,0.0,0.0
2019-06-10,552.0,552.0,552.0,552.0,552.0,0,0.0,0.0
2019-06-11,552.0,552.0,552.0,552.0,552.0,0,0.0,0.0
2019-06-12,552.0,552.0,552.0,552.0,552.0,0,0.0,0.0
2019-06-13,552.0,552.0,552.0,552.0,552.0,0,0.0,0.0
2019-06-14,552.0,552.0,552.0,552.0,552.0,0,0.0,0.0
2019-06-17,552.0,552.0,552.0,552.0,552.0,0,0.0,0.0
2019-06-18,494.399994,494.399994,480.0,480.0,480.0,2,0.0,0.0
2019-06-19,571.200012,571.200012,571.200012,571.200012,571.200012,0,0.0,0.0
2019-06-20,576.0,624.0,480.0,619.200012,619.200012,3,0.0,0.0
2019-06-21,619.200012,619.200012,619.200012,619.200012,619.200012,0,0.0,0.0
2019-06-24,648.0,652.799988,480.0,652.799988,652.799988,2,0.0,0.0
2019-06-25,652.799988,652.799988,652.799988,652.799988,652.799988,0,0.0,0.0
2019-06-26,652.799988,652.799988,480.0,652.799988,652.799988,1,0.0,0.0
2019-06-27,480.0,480.0,480.0,480.0,480.0,0,0.0,0.0
2019-06-28,657.599976,657.599976,336.0,624.0,624.0,3,0.0,0.0
2019-07-01,480.0,600.0,480.0,600.0,600.0,3,0.0,0.0
2019-07-02,374.399994,374.399994,374.399994,374.399994,374.399994,2,0.0,0.0
2019-07-03,600.0,600.0,600.0,600.0,600.0,1,0.0,0.0
2019-07-05,600.0,624.0,600.0,624.0,624.0,1,0.0,0.0
2019-07-08,624.0,624.0,624.0,624.0,624.0,0,0.0,0.0
2019-07-09,624.0,624.0,624.0,624.0,624.0,1,0.0,0.0
2019-07-10,624.0,624.0,624.0,624.0,624.0,1,0.0,0.0
2019-07-11,624.0,624.0,624.0,624.0,624.0,0,0.0,0.0
2019-07-12,528.0,552.0,528.0,552.0,552.0,1,0.0,0.0
2019-07-15,624.0,624.0,624.0,624.0,624.0,0,0.0,0.0
2019-07-16,624.0,624.0,624.0,624.0,624.0,0,0.0,0.0
2019-07-17,624.0,624.0,602.400024,602.400024,602.400024,1,0.0,0.0
2019-07-18,624.0,864.0,624.0,648.0,648.0,13,0.0,0.0
2019-07-19,792.0,864.0,792.0,864.0,864.0,1,0.0,0.0
2019-07-22,888.0,960.0,888.0,960.0,960.0,1,0.0,0.0
2019-07-23,1128.0,1128.0,1128.0,1128.0,1128.0,0,0.0,0.0
2019-07-24,1117.439941,1200.0,1104.0,1200.0,1200.0,1,0.0,0.0
2019-07-25,1111.199951,1200.0,1111.199951,1200.0,1200.0,1,0.0,0.0
2019-07-26,1200.0,1200.0,1200.0,1200.0,1200.0,0,0.0,0.0
2019-07-29,1200.0,1320.0,1200.0,1320.0,1320.0,1,0.0,0.0
2019-07-30,1320.0,1560.0,1320.0,1560.0,1560.0,2,0.0,0.0
2019-07-31,1560.0,1560.0,1512.0,1560.0,1560.0,3,0.0,0.0
2019-08-01,1680.0,1680.0,1680.0,1680.0,1680.0,1,0.0,0.0
2019-08-02,1680.0,1872.0,1680.0,1824.0,1824.0,3,0.0,0.0
2019-08-05,1776.0,1824.0,1536.0,1824.0,1824.0,1,0.0,0.0
2019-08-06,1824.0,1824.0,1824.0,1824.0,1824.0,0,0.0,0.0
2019-08-07,1800.0,1824.0,1545.599976,1545.599976,1545.599976,3,0.0,0.0
2019-08-08,1824.0,1824.0,1728.0,1728.0,1728.0,1,0.0,0.0
2019-08-09,1824.0,1896.0,1824.0,1896.0,1896.0,1,0.0,0.0
2019-08-12,1896.0,1896.0,1896.0,1896.0,1896.0,0,0.0,0.0
2019-08-13,1824.0,1896.0,1552.800049,1896.0,1896.0,3,0.0,0.0
2019-08-14,1584.0,1824.0,1584.0,1824.0,1824.0,0,0.0,0.0
2019-08-15,1824.0,1824.0,1824.0,1824.0,1824.0,0,0.0,0.0
2019-08-16,1891.199951,1891.199951,1891.199951,1891.199951,1891.199951,0,0.0,0.0
2019-08-19,1824.0,1891.199951,1752.0,1891.199951,1891.199951,2,0.0,0.0
2019-08-20,1896.0,1920.0,1824.0,1920.0,1920.0,2,0.0,0.0
2019-08-21,1920.0,1968.0,1920.0,1968.0,1968.0,1,0.0,0.0
2019-08-22,1968.0,2064.0,1968.0,2064.0,2064.0,1,0.0,0.0
2019-08-23,2136.0,2160.0,2136.0,2160.0,2160.0,0,0.0,0.0
2019-08-26,2280.0,2880.0,1324.800049,2640.0,2640.0,3,0.0,0.0
2019-08-27,2640.0,3120.0,2352.0,3120.0,3120.0,2,0.0,0.0
2019-08-28,3360.0,4317.600098,2155.199951,2457.600098,2457.600098,8,0.0,0.0
2019-08-29,2284.800049,2995.199951,2160.0,2448.0,2448.0,6,0.0,0.0
2019-08-30,2472.0,2472.0,1224.0,1224.0,1224.0,5,0.0,0.0
2019-09-03,2208.0,2256.0,1080.0,1368.0,1368.0,9,0.0,0.0
2019-09-04,1224.0,1368.0,960.0,1344.0,1344.0,3,0.0,0.0
2019-09-05,960.0,1320.0,864.0,878.400024,878.400024,5,0.0,0.0
2019-09-06,1200.0,1296.0,600.0,936.0,936.0,49,0.0,0.0
2019-09-09,744.0,888.0,600.0,600.0,600.0,11,0.0,0.0
2019-09-10,720.0,720.0,480.0,481.920013,481.920013,9,0.0,0.0
2019-09-11,436.799988,468.0,398.399994,398.399994,398.399994,11,0.0,0.0
2019-09-12,432.0,432.0,360.0,398.399994,398.399994,30,0.0,0.0
2019-09-13,480.0,480.0,350.399994,350.880005,350.880005,36,0.0,0.0
2019-09-16,391.200012,456.0,331.200012,456.0,456.0,19,0.0,0.0
2019-09-17,460.799988,460.799988,333.600006,432.0,432.0,8,0.0,0.0
2019-09-18,432.0,432.0,432.0,432.0,432.0,0,0.0,0.0
2019-09-19,576.0,576.0,336.0,432.0,432.0,8,0.0,0.0
2019-09-20,427.200012,427.200012,384.0,427.200012,427.200012,2,0.0,0.0
2019-09-23,427.200012,427.200012,384.0,408.0,408.0,20,0.0,0.0
2019-09-24,388.799988,412.799988,388.799988,412.799988,412.799988,1,0.0,0.0
2019-09-25,336.0,426.23999,336.0,426.23999,426.23999,23,0.0,0.0
2019-09-26,398.399994,398.399994,321.600006,355.200012,355.200012,15,0.0,0.0
2019-09-27,417.600006,417.600006,417.600006,417.600006,417.600006,0,0.0,0.0
2019-09-30,288.0,403.679993,288.0,297.600006,297.600006,18,0.0,0.0
2019-10-01,336.0,336.0,297.600006,336.0,336.0,3,0.0,0.0
2019-10-02,432.0,432.0,336.0,336.0,336.0,53,0.0,0.0
2019-10-03,398.399994,398.399994,336.0,398.399994,398.399994,13,0.0,0.0
2019-10-04,398.399994,398.399994,348.0,398.399994,398.399994,7,0.0,0.0
2019-10-07,456.0,456.0,297.600006,384.0,384.0,3,0.0,0.0
2019-10-08,364.799988,432.0,364.799988,432.0,432.0,1,0.0,0.0
2019-10-09,408.0,408.0,408.0,408.0,408.0,0,0.0,0.0
2019-10-10,432.0,432.0,432.0,432.0,432.0,1,0.0,0.0
2019-10-11,432.0,432.0,432.0,432.0,432.0,21,0.0,0.0
2019-10-14,456.0,456.0,297.600006,420.0,420.0,1,0.0,0.0
2019-10-15,432.0,432.0,432.0,432.0,432.0,0,0.0,0.0
2019-10-16,432.0,432.0,432.0,432.0,432.0,0,0.0,0.0
2019-10-17,432.0,432.0,432.0,432.0,432.0,0,0.0,0.0
2019-10-18,432.0,432.0,432.0,432.0,432.0,0,0.0,0.0
2019-10-21,302.399994,379.200012,302.399994,379.200012,379.200012,2,0.0,0.0
2019-10-22,297.600006,411.839996,297.600006,411.839996,411.839996,2,0.0,0.0
2019-10-23,360.0,360.0,360.0,360.0,360.0,1,0.0,0.0
2019-10-24,480.0,600.0,333.600006,333.600006,333.600006,5,0.0,0.0
2019-10-25,324.0,324.0,324.0,324.0,324.0,2,0.0,0.0
2019-10-28,480.0,480.0,321.600006,480.0,480.0,3,0.0,0.0
2019-10-29,321.600006,460.799988,321.600006,460.799988,460.799988,0,0.0,0.0
2019-10-30,403.679993,460.799988,322.079987,460.799988,460.799988,4,0.0,0.0
2019-10-31,508.799988,508.799988,322.079987,398.399994,398.399994,3,0.0,0.0
2019-11-01,484.799988,484.799988,484.799988,484.799988,484.799988,0,0.0,0.0
2019-11-04,600.0,720.0,480.0,720.0,720.0,1,0.0,0.0
2019-11-05,480.0,480.0,384.0,470.399994,470.399994,12,0.0,0.0
2019-11-06,429.600006,429.600006,384.0,384.0,384.0,5,0.0,0.0
2019-11-07,384.0,422.399994,384.0,422.399994,422.399994,4,0.0,0.0
2019-11-08,341.279999,451.200012,312.0,312.0,312.0,1,0.0,0.0
2019-11-11,331.200012,336.0,331.200012,336.0,336.0,5,0.0,0.0
2019-11-12,336.0,434.399994,312.0,336.0,336.0,11,0.0,0.0
2019-11-13,412.799988,436.799988,307.200012,412.799988,412.799988,3,0.0,0.0
2019-11-14,307.200012,398.399994,307.200012,398.399994,398.399994,3,0.0,0.0
2019-11-15,475.200012,475.200012,451.200012,451.200012,451.200012,0,0.0,0.0
2019-11-18,480.0,480.0,307.200012,307.200012,307.200012,3,0.0,0.0
2019-11-19,336.0,408.0,336.0,408.0,408.0,4,0.0,0.0
2019-11-20,312.0,384.0,312.0,384.0,384.0,3,0.0,0.0
2019-11-21,312.0,312.0,312.0,312.0,312.0,2,0.0,0.0
2019-11-22,312.0,312.0,288.0,312.0,312.0,6,0.0,0.0
2019-11-25,312.0,312.0,312.0,312.0,312.0,0,0.0,0.0
2019-11-26,336.0,384.0,288.0,336.0,336.0,7,0.0,0.0
2019-11-27,264.0,336.0,264.0,336.0,336.0,3,0.0,0.0
2019-11-29,360.0,384.0,312.0,360.0,360.0,3,0.0,0.0
2019-12-02,288.0,288.0,288.0,288.0,288.0,4,0.0,0.0
2019-12-03,384.0,456.0,336.0,352.799988,352.799988,11,0.0,0.0
2019-12-04,312.0,360.0,312.0,345.600006,345.600006,11,0.0,0.0
2019-12-05,312.0,403.200012,312.0,384.0,384.0,61,0.0,0.0
2019-12-06,401.76001,401.76001,312.0,336.0,336.0,16,0.0,0.0
2019-12-09,336.0,336.0,336.0,336.0,336.0,0,0.0,0.0
2019-12-10,336.0,336.0,336.0,336.0,336.0,1,0.0,0.0
2019-12-11,370.559998,370.559998,292.799988,309.119995,309.119995,2,0.0,0.0
2019-12-12,309.119995,312.0,292.799988,312.0,312.0,5,0.0,0.0
2019-12-13,312.0,312.0,312.0,312.0,312.0,6,0.0,0.0
2019-12-16,384.0,384.0,268.799988,268.799988,268.799988,3,0.0,0.0
2019-12-17,268.799988,336.0,268.799988,336.0,336.0,3,0.0,0.0
2019-12-18,268.799988,268.799988,268.799988,268.799988,268.799988,2,0.0,0.0
2019-12-19,312.0,312.0,268.799988,312.0,312.0,3,0.0,0.0
2019-12-20,340.799988,340.799988,312.0,312.0,312.0,3,0.0,0.0
2019-12-23,362.880005,362.880005,268.799988,334.079987,334.079987,6,0.0,0.0
2019-12-24,268.799988,288.0,268.799988,288.0,288.0,3,0.0,0.0
2019-12-26,259.200012,345.600006,259.200012,345.600006,345.600006,26,0.0,0.0
2019-12-27,264.0,288.0,264.0,288.0,288.0,19,0.0,0.0
2019-12-30,288.0,325.440002,288.0,325.440002,325.440002,6,0.0,0.0
2019-12-31,336.0,408.0,336.0,408.0,408.0,13,0.0,0.0
2020-01-02,408.0,408.0,408.0,408.0,408.0,0,0.0,0.0
2020-01-03,403.200012,403.200012,403.200012,403.200012,403.200012,1,0.0,0.0
2020-01-06,403.200012,403.200012,403.200012,403.200012,403.200012,0,0.0,0.0
2020-01-07,403.200012,403.200012,403.200012,403.200012,403.200012,4,0.0,0.0
2020-01-08,403.200012,403.200012,403.200012,403.200012,403.200012,0,0.0,0.0
2020-01-09,403.200012,403.200012,403.200012,403.200012,403.200012,0,0.0,0.0
2020-01-10,312.0,403.200012,312.0,403.200012,403.200012,5,0.0,0.0
2020-01-13,403.200012,403.200012,403.200012,403.200012,403.200012,0,0.0,0.0
2020-01-14,403.200012,403.200012,403.200012,403.200012,403.200012,0,0.0,0.0
2020-01-15,403.200012,403.200012,403.200012,403.200012,403.200012,1,0.0,0.0
2020-01-16,403.200012,403.200012,403.200012,403.200012,403.200012,0,0.0,0.0
2020-01-17,403.200012,403.200012,403.200012,403.200012,403.200012,0,0.0,0.0
2020-01-21,264.480011,264.480011,264.480011,264.480011,264.480011,2,0.0,0.0
2020-01-22,259.200012,393.600006,259.200012,393.600006,393.600006,1,0.0,0.0
2020-01-23,393.600006,393.600006,393.600006,393.600006,393.600006,0,0.0,0.0
2020-01-24,393.600006,393.600006,393.600006,393.600006,393.600006,0,0.0,0.0
2020-01-27,393.600006,393.600006,393.600006,393.600006,393.600006,0,0.0,0.0
2020-01-28,250.080002,360.0,250.080002,360.0,360.0,4,0.0,0.0
2020-01-29,360.0,398.399994,360.0,398.399994,398.399994,3,0.0,0.0
2020-01-30,480.0,480.0,264.480011,353.279999,353.279999,6,0.0,0.0
2020-01-31,460.799988,480.0,360.0,460.799988,460.799988,7,0.0,0.0
2020-02-03,336.0,441.600006,336.0,432.0,432.0,4,0.0,0.0
2020-02-04,432.0,432.0,432.0,432.0,432.0,0,0.0,0.0
2020-02-05,480.0,480.0,360.0,396.0,396.0,5,0.0,0.0
2020-02-06,480.0,552.0,360.0,441.600006,441.600006,9,0.0,0.0
2020-02-07,441.600006,480.0,336.0,432.0,432.0,3,0.0,0.0
2020-02-10,432.0,432.0,432.0,432.0,432.0,0,0.0,0.0
2020-02-11,432.0,432.0,432.0,432.0,432.0,0,0.0,0.0
2020-02-12,321.600006,408.0,312.0,408.0,408.0,5,0.0,0.0
2020-02-13,360.0,456.0,360.0,434.399994,434.399994,12,0.0,0.0
2020-02-14,480.0,480.0,360.0,408.0,408.0,8,0.0,0.0
2020-02-18,360.0,384.0,355.200012,355.200012,355.200012,16,0.0,0.0
2020-02-19,432.0,432.0,432.0,432.0,432.0,0,0.0,0.0
2020-02-20,480.0,480.0,384.0,480.0,480.0,7,0.0,0.0
2020-02-21,480.0,480.0,480.0,480.0,480.0,0,0.0,0.0
2020-02-24,388.799988,446.399994,384.0,446.399994,446.399994,10,0.0,0.0
2020-02-25,446.399994,446.399994,446.399994,446.399994,446.399994,0,0.0,0.0
2020-02-26,403.200012,403.200012,403.200012,403.200012,403.200012,3,0.0,0.0
2020-02-27,480.0,480.0,441.600006,451.200012,451.200012,1,0.0,0.0
2020-02-28,470.399994,484.799988,424.799988,484.799988,484.799988,8,0.0,0.0
2020-03-02,600.0,600.0,480.0,480.0,480.0,1,0.0,0.0
2020-03-03,480.0,480.0,480.0,480.0,480.0,0,0.0,0.0
2020-03-04,480.0,480.0,480.0,480.0,480.0,0,0.0,0.0
2020-03-05,480.0,480.0,480.0,480.0,480.0,1,0.0,0.0
2020-03-06,336.0,456.0,336.0,456.0,456.0,3,0.0,0.0
2020-03-09,315.839996,456.0,288.0,456.0,456.0,5,0.0,0.0
2020-03-10,480.0,480.0,372.0,372.0,372.0,1,0.0,0.0
2020-03-11,480.0,480.0,288.0,456.0,456.0,4,0.0,0.0
2020-03-12,288.0,456.0,288.0,456.0,456.0,11,0.0,0.0
2020-03-13,292.799988,292.799988,292.799988,292.799988,292.799988,3,0.0,0.0
2020-03-16,336.0,336.0,288.0,298.079987,298.079987,10,0.0,0.0
2020-03-17,417.600006,480.0,417.600006,456.0,456.0,9,0.0,0.0
2020-03-18,72.0,384.0,72.0,384.0,384.0,1,0.0,0.0
2020-03-19,211.199997,384.0,211.199997,384.0,384.0,12,0.0,0.0
2020-03-20,408.0,432.0,312.0,408.0,408.0,2,0.0,0.0
2020-03-23,432.0,432.0,422.399994,422.399994,422.399994,1,0.0,0.0
2020-03-24,278.399994,350.399994,278.399994,350.399994,350.399994,6,0.0,0.0
2020-03-25,350.399994,350.399994,350.399994,350.399994,350.399994,0,0.0,0.0
2020-03-26,374.399994,374.399994,374.399994,374.399994,374.399994,0,0.0,0.0
2020-03-27,432.0,432.0,408.0,408.0,408.0,10,0.0,0.0
2020-03-30,240.0,393.600006,240.0,393.600006,393.600006,1,0.0,0.0
2020-03-31,288.0,369.600006,264.0,369.600006,369.600006,20,0.0,0.0
2020-04-01,432.0,432.0,333.600006,374.399994,374.399994,5,0.0,0.0
2020-04-02,288.0,360.0,288.0,360.0,360.0,8,0.0,0.0
2020-04-03,355.679993,355.679993,355.200012,355.200012,355.200012,0,0.0,0.0
2020-04-06,273.600006,364.799988,273.600006,364.799988,364.799988,3,0.0,0.0
2020-04-07,364.799988,364.799988,364.799988,364.799988,364.799988,0,0.0,0.0
2020-04-08,364.799988,364.799988,364.799988,364.799988,364.799988,0,0.0,0.0
2020-04-09,172.800003,355.200012,172.800003,355.200012,355.200012,1,0.0,0.0
2020-04-13,336.0,336.0,336.0,336.0,336.0,0,0.0,0.0
2020-04-14,336.0,336.0,336.0,336.0,336.0,0,0.0,0.0
2020-04-15,312.0,312.0,240.0,302.399994,302.399994,3,0.0,0.0
2020-04-16,302.399994,302.399994,302.399994,302.399994,302.399994,0,0.0,0.0
2020-04-17,240.0,307.200012,240.0,307.200012,307.200012,2,0.0,0.0
2020-04-20,288.0,326.399994,288.0,326.399994,326.399994,1,0.0,0.0
2020-04-21,326.399994,326.399994,326.399994,326.399994,326.399994,0,0.0,0.0
2020-04-22,326.399994,326.399994,326.399994,326.399994,326.399994,0,0.0,0.0
2020-04-23,326.399994,326.399994,326.399994,326.399994,326.399994,0,0.0,0.0
2020-04-24,326.399994,326.399994,326.399994,326.399994,326.399994,0,0.0,0.0
2020-04-27,326.399994,326.399994,326.399994,326.399994,326.399994,0,0.0,0.0
2020-04-28,172.800003,235.199997,172.800003,235.199997,235.199997,5,0.0,0.0
2020-04-29,230.399994,230.399994,230.399994,230.399994,230.399994,0,0.0,0.0
2020-04-30,230.399994,230.399994,230.399994,230.399994,230.399994,0,0.0,0.0
2020-05-01,172.800003,216.0,172.800003,216.0,216.0,10,0.0,0.0
2020-05-04,288.0,312.0,288.0,312.0,312.0,1,0.0,0.0
2020-05-05,312.0,312.0,312.0,312.0,312.0,0,0.0,0.0
2020-05-06,312.0,312.0,312.0,312.0,312.0,0,0.0,0.0
2020-05-07,312.0,312.0,312.0,312.0,312.0,0,0.0,0.0
2020-05-08,312.0,312.0,312.0,312.0,312.0,0,0.0,0.0
2020-05-11,288.0,288.0,172.800003,268.799988,268.799988,2,0.0,0.0
2020-05-12,268.799988,268.799988,268.799988,268.799988,268.799988,0,0.0,0.0
2020-05-13,288.0,288.0,288.0,288.0,288.0,0,0.0,0.0
2020-05-14,288.0,288.0,288.0,288.0,288.0,0,0.0,0.0
2020-05-15,288.0,288.0,288.0,288.0,288.0,0,0.0,0.0
2020-05-18,288.0,288.0,288.0,288.0,288.0,0,0.0,0.0
2020-05-19,288.0,288.0,288.0,288.0,288.0,0,0.0,0.0
2020-05-20,288.0,288.0,288.0,288.0,288.0,0,0.0,0.0
2020-05-21,288.0,288.0,288.0,288.0,288.0,0,0.0,0.0
2020-05-22,288.0,288.0,288.0,288.0,288.0,0,0.0,0.0
2020-05-26,288.0,288.0,288.0,288.0,288.0,0,0.0,0.0
2020-05-27,288.0,288.0,288.0,288.0,288.0,0,0.0,0.0
2020-05-28,288.0,288.0,288.0,288.0,288.0,0,0.0,0.0
2020-05-29,288.0,288.0,288.0,288.0,288.0,0,0.0,0.0
2020-06-01,172.800003,264.0,172.800003,249.600006,249.600006,7,0.0,0.0
2020-06-02,249.600006,249.600006,249.600006,249.600006,249.600006,0,0.0,0.0
2020-06-03,172.800003,264.0,172.800003,264.0,264.0,7,0.0,0.0
2020-06-04,264.0,264.0,264.0,264.0,264.0,0,0.0,0.0
2020-06-05,264.0,264.0,264.0,264.0,264.0,0,0.0,0.0
2020-06-08,264.0,264.0,120.0,192.0,192.0,4,0.0,0.0
2020-06-09,244.800003,244.800003,244.800003,244.800003,244.800003,3,0.0,0.0
2020-06-10,264.0,264.0,180.0,247.199997,247.199997,6,0.0,0.0
2020-06-11,264.0,264.0,240.0,264.0,264.0,4,0.0,0.0
2020-06-12,264.0,264.0,264.0,264.0,264.0,0,0.0,0.0
2020-06-15,264.0,264.0,264.0,264.0,264.0,0,0.0,0.0
2020-06-16,244.800003,244.800003,216.0,216.0,216.0,6,0.0,0.0
2020-06-17,165.600006,264.0,165.600006,264.0,264.0,1,0.0,0.0
2020-06-18,264.0,264.0,264.0,264.0,264.0,0,0.0,0.0
2020-06-19,216.0,216.0,100.800003,211.199997,211.199997,13,0.0,0.0
2020-06-22,211.199997,211.199997,211.199997,211.199997,211.199997,0,0.0,0.0
2020-06-23,192.0,192.0,129.600006,129.600006,129.600006,16,0.0,0.0
2020-06-24,192.0,192.0,144.0,192.0,192.0,40,0.0,0.0
2020-06-25,168.0,192.0,168.0,192.0,192.0,1,0.0,0.0
2020-06-26,192.0,192.0,187.199997,189.600006,189.600006,40,0.0,0.0
2020-06-29,249.600006,249.600006,220.800003,249.600006,249.600006,13,0.0,0.0
2020-06-30,249.600006,249.600006,249.600006,249.600006,249.600006,14,0.0,0.0
2020-07-01,249.600006,249.600006,249.600006,249.600006,249.600006,0,0.0,0.0
2020-07-02,249.600006,249.600006,249.600006,249.600006,249.600006,0,0.0,0.0
2020-07-06,249.600006,249.600006,249.600006,249.600006,249.600006,6,0.0,0.0
2020-07-07,249.600006,249.600006,249.600006,249.600006,249.600006,0,0.0,0.0
2020-07-08,249.600006,249.600006,249.600006,249.600006,249.600006,0,0.0,0.0
2020-07-09,201.600006,360.0,201.600006,360.0,360.0,5,0.0,0.0
2020-07-10,432.0,432.0,393.600006,393.600006,393.600006,1,0.0,0.0
2020-07-13,436.799988,436.799988,312.0,336.0,336.0,6,0.0,0.0
2020-07-14,336.0,336.0,336.0,336.0,336.0,0,0.0,0.0
2020-07-15,254.399994,312.0,254.399994,312.0,312.0,2,0.0,0.0
2020-07-16,312.0,312.0,312.0,312.0,312.0,0,0.0,0.0
2020-07-17,384.0,384.0,249.600006,384.0,384.0,5,0.0,0.0
2020-07-20,434.399994,434.399994,434.399994,434.399994,434.399994,0,0.0,0.0
2020-07-21,403.200012,436.799988,403.200012,432.0,432.0,22,0.0,0.0
2020-07-22,432.0,432.0,432.0,432.0,432.0,0,0.0,0.0
2020-07-23,432.0,432.0,432.0,432.0,432.0,0,0.0,0.0
2020-07-24,432.0,432.0,432.0,432.0,432.0,0,0.0,0.0
2020-07-27,432.0,432.0,432.0,432.0,432.0,0,0.0,0.0
2020-07-28,432.0,432.0,432.0,432.0,432.0,0,0.0,0.0
2020-07-29,264.0,422.399994,264.0,422.399994,422.399994,1,0.0,0.0
2020-07-30,422.399994,422.399994,422.399994,422.399994,422.399994,0,0.0,0.0
2020-07-31,427.200012,427.200012,427.200012,427.200012,427.200012,0,0.0,0.0
2020-08-03,427.200012,427.200012,426.720001,426.720001,426.720001,2,0.0,0.0
2020-08-04,480.0,480.0,427.200012,470.399994,470.399994,7,0.0,0.0
2020-08-05,470.399994,552.0,372.0,470.399994,470.399994,24,0.0,0.0
2020-08-06,480.0,494.399994,400.799988,480.0,480.0,7,0.0,0.0
2020-08-07,480.0,480.0,480.0,480.0,480.0,3,0.0,0.0
2020-08-10,576.0,624.0,470.399994,624.0,624.0,20,0.0,0.0
2020-08-11,960.0,960.0,652.799988,936.0,936.0,18,0.0,0.0
2020-08-12,960.0,960.0,672.0,931.200012,931.200012,42,0.0,0.0
2020-08-13,936.0,960.0,720.0,720.0,720.0,10,0.0,0.0
2020-08-14,907.200012,907.200012,720.0,808.799988,808.799988,8,0.0,0.0
2020-08-17,868.799988,936.0,806.400024,864.0,864.0,64,0.0,0.0
2020-08-18,883.200012,883.200012,720.0,854.400024,854.400024,17,0.0,0.0
2020-08-19,835.200012,864.0,744.0,864.0,864.0,5,0.0,0.0
2020-08-20,840.0,1200.0,837.599976,1200.0,1200.0,40,0.0,0.0
2020-08-21,1200.0,1248.0,820.799988,1176.0,1176.0,16,0.0,0.0
2020-08-24,1248.0,1910.400024,1056.0,1632.0,1632.0,111,0.0,0.0
2020-08-25,1632.0,2169.600098,1632.0,2169.600098,2169.600098,69,0.0,0.0
2020-08-26,2160.0,2448.0,2001.599976,2304.0,2304.0,50,0.0,0.0
2020-08-27,2304.0,2448.0,2040.0,2184.0,2184.0,13,0.0,0.0
2020-08-28,2020.800049,2025.599976,1819.199951,2025.599976,2025.599976,13,0.0,0.0
2020-08-31,2400.0,2448.0,2040.0,2400.0,2400.0,32,0.0,0.0
2020-09-01,2188.800049,2419.199951,2188.800049,2376.0,2376.0,38,0.0,0.0
2020-09-02,2376.0,2376.0,2040.0,2371.199951,2371.199951,14,0.0,0.0
2020-09-03,2040.0,2356.800049,1492.800049,2136.0,2136.0,28,0.0,0.0
2020-09-04,1896.0,2155.199951,1320.0,1632.0,1632.0,53,0.0,0.0
2020-09-08,1776.0,1776.0,1320.0,1608.0,1608.0,45,0.0,0.0
2020-09-09,1756.800049,1756.800049,1440.0,1708.800049,1708.800049,30,0.0,0.0
2020-09-10,1872.0,1896.0,1680.0,1867.199951,1867.199951,13,0.0,0.0
2020-09-11,1956.0,1956.0,1444.800049,1800.0,1800.0,10,0.0,0.0
2020-09-14,1800.0,1800.0,1488.0,1488.0,1488.0,4,0.0,0.0
2020-09-15,1776.0,1776.0,1488.0,1684.800049,1684.800049,5,0.0,0.0
2020-09-16,1492.800049,1684.800049,892.799988,1579.199951,1579.199951,32,0.0,0.0
2020-09-17,1593.599976,1593.599976,1368.0,1368.0,1368.0,15,0.0,0.0
2020-09-18,1452.0,1452.0,1368.0,1440.0,1440.0,9,0.0,0.0
2020-09-21,1435.199951,1435.199951,1401.599976,1401.599976,1401.599976,3,0.0,0.0
2020-09-22,1368.0,1368.0,1368.0,1368.0,1368.0,2,0.0,0.0
2020-09-23,1296.0,1296.0,1296.0,1296.0,1296.0,0,0.0,0.0
2020-09-24,1368.0,1416.0,1228.800049,1344.0,1344.0,18,0.0,0.0
2020-09-25,1368.0,1368.0,1363.199951,1363.199951,1363.199951,6,0.0,0.0
2020-09-28,1296.0,1368.0,1296.0,1368.0,1368.0,1,0.0,0.0
2020-09-29,1368.0,1368.0,1248.0,1296.0,1296.0,2,0.0,0.0
2020-09-30,1296.0,1368.0,1275.839966,1368.0,1368.0,8,0.0,0.0
2020-10-01,1368.0,1368.0,1363.199951,1368.0,1368.0,2,0.0,0.0
2020-10-02,1200.0,1344.0,1104.0,1224.0,1224.0,3,0.0,0.0
2020-10-05,1516.800049,1516.800049,960.0,1245.599976,1245.599976,6,0.0,0.0
2020-10-06,1334.400024,1334.400024,1320.0,1320.0,1320.0,3,0.0,0.0
2020-10-07,1320.0,1320.0,1200.0,1200.0,1200.0,2,0.0,0.0
2020-10-08,1214.400024,1214.400024,1214.400024,1214.400024,1214.400024,0,0.0,0.0
2020-10-09,1190.400024,1344.0,1104.0,1248.0,1248.0,19,0.0,0.0
2020-10-12,1320.0,1320.0,933.599976,1008.0,1008.0,10,0.0,0.0
2020-10-13,1080.0,1296.0,1080.0,1152.0,1152.0,9,0.0,0.0
2020-10-14,1200.0,1248.0,888.0,1248.0,1248.0,8,0.0,0.0
2020-10-15,1248.0,1248.0,1248.0,1248.0,1248.0,0,0.0,0.0
2020-10-16,1248.0,1248.0,1248.0,1248.0,1248.0,0,0.0,0.0
2020-10-19,1195.199951,1248.0,1080.0,1248.0,1248.0,4,0.0,0.0
2020-10-20,1248.0,1248.0,1248.0,1248.0,1248.0,0,0.0,0.0
2020-10-21,1200.0,1200.0,1176.0,1176.0,1176.0,23,0.0,0.0
2020-10-22,1200.0,1200.0,818.400024,818.400024,818.400024,24,0.0,0.0
2020-10-23,1027.199951,1027.199951,820.799988,945.599976,945.599976,29,0.0,0.0
2020-10-26,794.400024,900.0,794.400024,900.0,900.0,10,0.0,0.0
2020-10-27,955.200012,955.200012,780.0,816.0,816.0,11,0.0,0.0
2020-10-28,792.0,792.0,684.0,684.0,684.0,7,0.0,0.0
2020-10-29,744.0,792.0,744.0,768.0,768.0,17,0.0,0.0
2020-10-30,768.0,772.799988,768.0,768.0,768.0,14,0.0,0.0
2020-11-02,768.0,768.0,633.599976,633.599976,633.599976,12,0.0,0.0
2020-11-03,624.0,648.0,624.0,624.0,624.0,4,0.0,0.0
2020-11-04,648.0,648.0,556.799988,633.599976,633.599976,16,0.0,0.0
2020-11-05,561.599976,633.599976,561.599976,624.0,624.0,49,0.0,0.0
2020-11-06,619.200012,619.200012,408.0,576.0,576.0,33,0.0,0.0
2020-11-09,576.0,576.0,393.600006,451.200012,451.200012,53,0.0,0.0
2020-11-10,444.0,480.0,408.0,480.0,480.0,28,0.0,0.0
2020-11-11,480.0,528.0,441.600006,528.0,528.0,42,0.0,0.0
2020-11-12,528.0,633.599976,528.0,633.599976,633.599976,49,0.0,0.0
2020-11-13,633.599976,633.599976,542.400024,542.400024,542.400024,19,0.0,0.0
2020-11-16,648.0,648.0,456.0,456.0,456.0,32,0.0,0.0
2020-11-17,480.0,485.279999,441.600006,470.399994,470.399994,103,0.0,0.0
2020-11-18,480.0,513.599976,444.0,446.399994,446.399994,43,0.0,0.0
2020-11-19,444.480011,600.0,408.0,494.399994,494.399994,25,0.0,0.0
2020-11-20,499.200012,528.0,441.600006,516.0,516.0,58,0.0,0.0
2020-11-23,518.400024,580.799988,518.400024,566.400024,566.400024,68,0.0,0.0
2020-11-24,600.0,600.0,489.600006,552.0,552.0,54,0.0,0.0
2020-11-25,552.0,566.400024,504.0,552.0,552.0,24,0.0,0.0
2020-11-27,528.0,537.599976,504.0,513.599976,513.599976,28,0.0,0.0
2020-11-30,513.599976,528.0,494.399994,528.0,528.0,27,0.0,0.0
2020-12-01,504.0,523.200012,494.399994,517.440002,517.440002,24,0.0,0.0
2020-12-02,571.200012,571.200012,513.599976,523.200012,523.200012,28,0.0,0.0
2020-12-03,523.200012,547.200012,494.399994,508.799988,508.799988,33,0.0,0.0
2020-12-04,508.799988,537.599976,499.200012,537.599976,537.599976,23,0.0,0.0
2020-12-07,537.599976,542.400024,494.399994,494.399994,494.399994,45,0.0,0.0
2020-12-08,494.399994,528.0,456.0,499.200012,499.200012,45,0.0,0.0
2020-12-09,499.200012,518.400024,456.0,518.400024,518.400024,29,0.0,0.0
2020-12-10,504.0,504.0,480.0,480.0,480.0,20,0.0,0.0
2020-12-11,480.0,499.200012,475.200012,499.200012,499.200012,8,0.0,0.0
2020-12-14,499.200012,499.200012,470.399994,489.600006,489.600006,21,0.0,0.0
2020-12-15,489.600006,504.0,456.0,504.0,504.0,32,0.0,0.0
2020-12-16,504.0,511.200012,480.0,480.0,480.0,49,0.0,0.0
2020-12-17,456.0,552.0,456.0,508.799988,508.799988,48,0.0,0.0
2020-12-18,513.599976,566.400024,456.0,552.0,552.0,86,0.0,0.0
2020-12-21,537.599976,537.599976,456.0,484.799988,484.799988,79,0.0,0.0
2020-12-22,480.0,543.840027,480.0,519.840027,519.840027,86,0.0,0.0
2020-12-23,523.200012,547.200012,499.200012,513.599976,513.599976,96,0.0,0.0
2020-12-24,513.599976,547.200012,480.0,518.400024,518.400024,76,0.0,0.0
2020-12-28,547.200012,561.599976,518.400024,561.599976,561.599976,71,0.0,0.0
2020-12-29,576.0,792.0,520.799988,576.0,576.0,177,0.0,0.0
2020-12-30,624.0,768.0,576.0,576.0,576.0,205,0.0,0.0
2020-12-31,576.0,576.0,537.599976,561.599976,561.599976,33,0.0,0.0
2021-01-04,559.200012,566.400024,518.400024,530.400024,530.400024,162,0.0,0.0
2021-01-05,547.200012,553.440002,518.400024,547.200012,547.200012,134,0.0,0.0
2021-01-06,532.799988,556.799988,508.799988,556.799988,556.799988,166,0.0,0.0
2021-01-07,542.400024,691.200012,537.599976,638.400024,638.400024,68,0.0,0.0
2021-01-08,652.799988,691.200012,638.400024,686.400024,686.400024,112,0.0,0.0
2021-01-11,693.599976,715.200012,657.599976,710.400024,710.400024,21,0.0,0.0
2021-01-12,696.0,696.0,624.0,643.200012,643.200012,38,0.0,0.0
2021-01-13,696.0,696.0,624.0,638.400024,638.400024,13,0.0,0.0
2021-01-14,696.0,696.0,633.599976,672.0,672.0,29,0.0,0.0
2021-01-15,672.0,675.359985,576.0,619.200012,619.200012,275,0.0,0.0
2021-01-19,624.0,638.400024,561.599976,576.0,576.0,96,0.0,0.0
2021-01-20,619.200012,619.200012,576.0,585.599976,585.599976,20,0.0,0.0
2021-01-21,624.0,628.799988,600.0,624.0,624.0,51,0.0,0.0
2021-01-22,595.200012,624.0,580.799988,624.0,624.0,38,0.0,0.0
2021-01-25,636.0,768.0,607.200012,724.799988,724.799988,192,0.0,0.0
2021-01-26,758.400024,763.200012,686.400024,696.0,696.0,66,0.0,0.0
2021-01-27,688.799988,720.0,518.400024,672.0,672.0,144,0.0,0.0
2021-01-28,648.0,739.200012,628.799988,720.0,720.0,98,0.0,0.0
2021-01-29,720.0,720.0,595.200012,672.0,672.0,193,0.0,0.0
2021-02-01,600.0,715.200012,585.599976,715.200012,715.200012,110,0.0,0.0
2021-02-02,691.200012,720.0,628.799988,672.0,672.0,91,0.0,0.0
2021-02-03,696.0,1430.400024,672.0,792.0,792.0,254,0.0,0.0
2021-02-04,825.599976,856.799988,734.400024,835.200012,835.200012,120,0.0,0.0
2021-02-05,835.200012,1075.199951,825.599976,1008.0,1008.0,262,0.0,0.0
2021-02-08,988.799988,1080.0,969.599976,1010.400024,1010.400024,145,0.0,0.0
2021-02-09,1070.400024,1070.400024,988.799988,1008.0,1008.0,48,0.0,0.0
2021-02-10,1008.0,1430.400024,1008.0,1108.800049,1108.800049,141,0.0,0.0
2021-02-11,1132.800049,1132.800049,868.799988,974.400024,974.400024,193,0.0,0.0
2021-02-12,972.0,1003.200012,950.400024,974.400024,974.400024,195,0.0,0.0
2021-02-16,955.200012,984.0,816.0,960.0,960.0,130,0.0,0.0
2021-02-17,936.0,964.799988,888.0,960.0,960.0,226,0.0,0.0
2021-02-18,960.0,960.0,888.0,960.0,960.0,64,0.0,0.0
2021-02-19,960.0,960.0,816.0,849.599976,849.599976,112,0.0,0.0
2021-02-22,859.200012,960.0,859.200012,892.799988,892.799988,192,0.0,0.0
2021-02-23,932.159973,932.159973,854.400024,859.200012,859.200012,70,0.0,0.0
2021-02-24,854.400024,960.0,854.400024,888.0,888.0,175,0.0,0.0
2021-02-25,916.799988,955.200012,888.0,888.0,888.0,131,0.0,0.0
2021-02-26,864.0,945.599976,854.400024,945.599976,945.599976,59,0.0,0.0
2021-03-01,945.599976,1032.0,936.0,967.200012,967.200012,135,0.0,0.0
2021-03-02,952.799988,993.599976,888.0,912.0,912.0,63,0.0,0.0
2021-03-03,936.0,936.0,876.47998,888.0,888.0,51,0.0,0.0
2021-03-04,864.0,912.0,849.599976,854.400024,854.400024,117,0.0,0.0
2021-03-05,854.400024,917.280029,840.0,840.0,840.0,59,0.0,0.0
2021-03-08,940.799988,1425.599976,816.0,820.799988,820.799988,65,0.0,0.0
2021-03-09,873.599976,878.400024,768.0,768.0,768.0,103,0.0,0.0
2021-03-10,801.599976,830.400024,744.0,787.200012,787.200012,59,0.0,0.0
2021-03-11,816.0,912.0,816.0,912.0,912.0,51,0.0,0.0
2021-03-12,816.0,907.200012,806.400024,840.0,840.0,50,0.0,0.0
2021-03-15,844.799988,912.0,840.0,864.0,864.0,95,0.0,0.0
2021-03-16,866.400024,866.400024,840.0,844.799988,844.799988,104,0.0,0.0
2021-03-17,840.0,844.799988,724.799988,768.0,768.0,159,0.0,0.0
2021-03-18,768.0,816.0,744.0,748.799988,748.799988,132,0.0,0.0
2021-03-19,724.799988,936.0,720.0,830.400024,830.400024,224,0.0,0.0
2021-03-22,883.200012,883.200012,763.200012,768.0,768.0,41,0.0,0.0
2021-03-23,780.47998,782.400024,720.0,768.0,768.0,105,0.0,0.0
2021-03-24,729.599976,729.599976,409.440002,604.799988,604.799988,848,0.0,0.0
2021-03-25,624.0,835.200012,604.799988,777.599976,777.599976,234,0.0,0.0
2021-03-26,777.599976,777.599976,662.400024,662.400024,662.400024,94,0.0,0.0
2021-03-29,667.200012,758.400024,662.400024,753.599976,753.599976,191,0.0,0.0
2021-03-30,758.400024,768.0,696.0,768.0,768.0,111,0.0,0.0
2021-03-31,696.0,768.0,672.0,672.0,672.0,83,0.0,0.0
2021-04-01,681.599976,758.400024,672.0,758.400024,758.400024,92,0.0,0.0
2021-04-05,640.799988,729.599976,640.799988,720.0,720.0,123,0.0,0.0
2021-04-06,720.0,736.799988,662.400024,705.599976,705.599976,42,0.0,0.0
2021-04-07,686.400024,696.0,576.0,662.400024,662.400024,75,0.0,0.0
2021-04-08,739.200012,748.799988,614.400024,652.799988,652.799988,38,0.0,0.0
2021-04-09,667.200012,667.200012,633.599976,648.0,648.0,31,0.0,0.0
2021-04-12,648.0,648.0,590.400024,614.400024,614.400024,32,0.0,0.0
2021-04-13,590.400024,614.400024,576.0,595.200012,595.200012,45,0.0,0.0
2021-04-14,600.0,652.799988,600.0,633.599976,633.599976,40,0.0,0.0
2021-04-15,633.599976,720.0,633.599976,648.0,648.0,107,0.0,0.0
2021-04-16,700.799988,700.799988,648.0,676.799988,676.799988,37,0.0,0.0
2021-04-19,686.400024,686.400024,628.799988,672.0,672.0,21,0.0,0.0
2021-04-20,650.400024,676.799988,624.0,648.0,648.0,16,0.0,0.0
2021-04-21,676.799988,720.0,648.0,676.799988,676.799988,101,0.0,0.0
2021-04-22,676.799988,676.799988,643.200012,643.200012,643.200012,16,0.0,0.0
2021-04-23,667.200012,667.200012,600.0,628.799988,628.799988,29,0.0,0.0
2021-04-26,648.0,648.0,600.0,614.400024,614.400024,25,0.0,0.0
2021-04-27,648.0,648.0,600.0,624.0,624.0,51,0.0,0.0
2021-04-28,542.400024,715.200012,542.400024,652.799988,652.799988,83,0.0,0.0
2021-04-29,624.0,628.799988,576.0,628.799988,628.799988,63,0.0,0.0
2021-04-30,628.799988,628.799988,580.799988,607.200012,607.200012,51,0.0,0.0
2021-05-03,648.0,739.200012,628.799988,648.0,648.0,150,0.0,0.0
2021-05-04,672.0,748.799988,672.0,734.400024,734.400024,106,0.0,0.0
2021-05-05,734.400024,835.200012,720.0,811.200012,811.200012,138,0.0,0.0
2021-05-06,801.599976,811.200012,756.0,811.200012,811.200012,42,0.0,0.0
2021-05-07,813.599976,840.0,801.599976,835.200012,835.200012,89,0.0,0.0
2021-05-10,840.0,936.0,825.599976,888.0,888.0,70,0.0,0.0
2021-05-11,902.400024,936.0,816.0,912.0,912.0,195,0.0,0.0
2021-05-12,933.599976,1075.199951,909.599976,1007.52002,1007.52002,101,0.0,0.0
2021-05-13,998.400024,1051.199951,916.799988,945.599976,945.599976,93,0.0,0.0
2021-05-14,988.799988,1051.199951,950.400024,1046.400024,1046.400024,83,0.0,0.0
2021-05-17,1056.0,1075.199951,964.799988,993.599976,993.599976,72,0.0,0.0
2021-05-18,964.799988,1036.800049,960.0,979.200012,979.200012,68,0.0,0.0
2021-05-19,996.0,996.0,816.0,955.200012,955.200012,136,0.0,0.0
2021-05-20,936.0,1003.200012,912.0,979.200012,979.200012,36,0.0,0.0
2021-05-21,979.200012,984.0,974.400024,979.200012,979.200012,20,0.0,0.0
2021-05-24,988.799988,1003.200012,960.0,993.599976,993.599976,30,0.0,0.0
2021-05-25,993.599976,998.400024,940.799988,960.0,960.0,38,0.0,0.0
2021-05-26,926.400024,988.799988,926.400024,969.599976,969.599976,66,0.0,0.0
2021-05-27,936.0,974.400024,888.0,974.400024,974.400024,73,0.0,0.0
2021-05-28,960.0,960.0,720.0,868.799988,868.799988,109,0.0,0.0
2021-06-01,967.200012,967.200012,720.0,772.799988,772.799988,146,0.0,0.0
2021-06-02,652.799988,816.0,652.799988,768.0,768.0,115,0.0,0.0
2021-06-03,801.599976,902.400024,801.599976,844.799988,844.799988,64,0.0,0.0
2021-06-04,828.0,897.599976,787.200012,897.599976,897.599976,30,0.0,0.0
2021-06-07,840.0,936.0,840.0,936.0,936.0,101,0.0,0.0
2021-06-08,892.799988,1032.0,892.799988,969.599976,969.599976,118,0.0,0.0
2021-06-09,1008.0,1017.599976,943.200012,998.400024,998.400024,264,0.0,0.0
2021-06-10,998.400024,998.400024,854.400024,868.799988,868.799988,467,0.0,0.0
2021-06-11,566.400024,566.400024,491.200012,524.799988,524.799988,13953,0.0,0.333333
2021-06-14,544.0,552.0,528.0,537.440002,537.440002,3339,0.0,0.0
2021-06-15,555.200012,560.0,500.799988,552.0,552.0,3536,0.0,0.0
2021-06-16,536.0,536.0,493.440002,494.880005,494.880005,1746,0.0,0.0
2021-06-17,512.0,524.799988,496.0,507.200012,507.200012,1564,0.0,0.0
2021-06-18,497.600006,504.0,483.200012,502.399994,502.399994,891,0.0,0.0
2021-06-21,502.399994,524.799988,489.600006,523.200012,523.200012,2039,0.0,0.0
2021-06-22,536.0,542.400024,496.0,515.200012,515.200012,3889,0.0,0.0
2021-06-23,520.0,584.0,516.799988,540.799988,540.799988,25217,0.0,0.0
2021-06-24,542.400024,595.200012,540.799988,564.799988,564.799988,9878,0.0,0.0
2021-06-25,579.200012,622.400024,544.0,622.400024,622.400024,8203,0.0,0.0
2021-06-28,616.0,648.0,587.200012,594.400024,594.400024,7164,0.0,0.0
2021-06-29,579.200012,627.200012,577.599976,604.799988,604.799988,7174,0.0,0.0
2021-06-30,608.0,622.400024,580.799988,580.799988,580.799988,2081,0.0,0.0
2021-07-01,592.0,640.0,577.599976,638.400024,638.400024,4780,0.0,0.0
2021-07-02,644.799988,649.599976,600.0,628.799988,628.799988,3151,0.0,0.0
2021-07-06,640.0,648.0,600.0,604.799988,604.799988,2928,0.0,0.0
2021-07-07,616.0,624.0,505.600006,540.799988,540.799988,4748,0.0,0.0
2021-07-08,520.0,574.080017,504.0,545.599976,545.599976,2203,0.0,0.0
2021-07-09,539.200012,558.400024,528.0,547.200012,547.200012,2941,0.0,0.0
2021-07-12,560.0,632.0,544.0,563.200012,563.200012,5851,0.0,0.0
2021-07-13,568.0,592.0,568.0,590.400024,590.400024,1910,0.0,0.0
2021-07-14,596.799988,616.320007,544.0,545.76001,545.76001,3658,0.0,0.0
2021-07-15,545.599976,568.0,516.799988,524.799988,524.799988,2100,0.0,0.0
2021-07-16,536.0,540.799988,456.0,467.200012,467.200012,4738,0.0,0.0
2021-07-19,499.200012,518.400024,416.0,446.399994,446.399994,8187,0.0,0.0
2021-07-20,449.600006,472.0,430.399994,438.399994,438.399994,3258,0.0,0.0
2021-07-21,451.200012,470.399994,440.0,460.799988,460.799988,2878,0.0,0.0
2021-07-22,449.600006,460.799988,440.0,459.200012,459.200012,1398,0.0,0.0
2021-07-23,441.600006,460.799988,433.600006,439.519989,439.519989,1152,0.0,0.0
2021-07-26,438.399994,448.0,435.200012,436.799988,436.799988,378,0.0,0.0
2021-07-27,440.0,442.079987,419.200012,432.0,432.0,746,0.0,0.0
2021-07-28,432.0,457.600006,424.0,446.399994,446.399994,789,0.0,0.0
2021-07-29,456.0,486.399994,448.0,467.200012,467.200012,758,0.0,0.0
2021-07-30,462.399994,476.799988,456.0,470.399994,470.399994,749,0.0,0.0
2021-08-02,500.799988,534.400024,489.600006,510.399994,510.399994,2398,0.0,0.0
2021-08-03,521.599976,534.400024,508.799988,516.799988,516.799988,939,0.0,0.0
2021-08-04,521.599976,574.400024,520.0,528.0,528.0,2184,0.0,0.0
2021-08-05,529.599976,536.0,492.799988,500.799988,500.799988,898,0.0,0.0
2021-08-06,512.0,542.400024,499.200012,537.599976,537.599976,1033,0.0,0.0
2021-08-09,531.200012,552.0,512.0,540.799988,540.799988,636,0.0,0.0
2021-08-10,540.799988,548.799988,520.0,536.0,536.0,965,0.0,0.0
2021-08-11,550.400024,552.0,515.200012,544.0,544.0,835,0.0,0.0
2021-08-12,544.0,548.799988,524.799988,537.599976,537.599976,1325,0.0,0.0
2021-08-13,536.0,536.159973,504.160004,505.600006,505.600006,878,0.0,0.0
2021-08-16,513.599976,514.400024,473.600006,480.0,480.0,661,0.0,0.0
2021-08-17,480.0,480.0,328.0,376.0,376.0,4242,0.0,0.0
2021-08-18,377.600006,399.040009,361.600006,364.799988,364.799988,1726,0.0,0.0
2021-08-19,353.600006,526.400024,350.399994,456.0,456.0,12296,0.0,0.0
2021-08-20,512.0,512.0,408.959991,420.799988,420.799988,2695,0.0,0.0
2021-08-23,448.0,452.799988,424.0,424.0,424.0,666,0.0,0.0
2021-08-24,440.0,440.0,401.600006,411.200012,411.200012,1059,0.0,0.0
2021-08-25,406.399994,417.600006,392.0,404.799988,404.799988,425,0.0,0.0
2021-08-26,400.0,401.920013,368.0,374.399994,374.399994,1039,0.0,0.0
2021-08-27,382.399994,393.600006,374.399994,393.600006,393.600006,403,0.0,0.0
2021-08-30,403.200012,410.079987,392.0,393.600006,393.600006,579,0.0,0.0
2021-08-31,392.0,400.0,384.0,387.200012,387.200012,881,0.0,0.0
2021-09-01,395.200012,398.399994,374.399994,385.600006,385.600006,611,0.0,0.0
2021-09-02,384.0,396.959991,377.600006,396.799988,396.799988,483,0.0,0.0
2021-09-03,392.0,420.799988,384.959991,411.200012,411.200012,988,0.0,0.0
2021-09-07,411.200012,444.799988,406.399994,440.0,440.0,1090,0.0,0.0
2021-09-08,448.0,448.0,408.0,422.399994,422.399994,542,0.0,0.0
2021-09-09,435.200012,444.799988,416.0,436.799988,436.799988,840,0.0,0.0
2021-09-10,448.0,448.0,417.600006,443.200012,443.200012,823,0.0,0.0
2021-09-13,448.0,448.0,416.0,432.0,432.0,923,0.0,0.0
2021-09-14,438.399994,438.399994,417.76001,422.399994,422.399994,424,0.0,0.0
2021-09-15,428.799988,435.200012,409.600006,433.600006,433.600006,621,0.0,0.0
2021-09-16,432.0,448.0,401.600006,416.0,416.0,855,0.0,0.0
2021-09-17,414.399994,430.720001,374.399994,374.399994,374.399994,1884,0.0,0.0
2021-09-20,400.0,400.0,353.600006,355.200012,355.200012,1253,0.0,0.0
2021-09-21,366.399994,371.200012,356.799988,358.399994,358.399994,746,0.0,0.0
2021-09-22,371.200012,371.200012,339.200012,353.600006,353.600006,1727,0.0,0.0
2021-09-23,345.600006,401.600006,345.600006,374.399994,374.399994,3194,0.0,0.0
2021-09-24,355.200012,372.799988,355.200012,356.799988,356.799988,813,0.0,0.0
2021-09-27,360.0,360.0,334.399994,337.600006,337.600006,1573,0.0,0.0
2021-09-28,334.399994,338.399994,323.200012,329.600006,329.600006,1326,0.0,0.0
2021-09-29,316.799988,321.600006,252.800003,276.799988,276.799988,3607,0.0,0.0
2021-09-30,264.0,334.399994,264.0,320.0,320.0,3858,0.0,0.0
2021-10-01,310.399994,324.799988,304.0,315.200012,315.200012,979,0.0,0.0
2021-10-04,320.0,321.600006,296.0,297.600006,297.600006,476,0.0,0.0
2021-10-05,296.0,316.799988,296.0,312.0,312.0,470,0.0,0.0
2021-10-06,296.0,324.799988,296.0,313.600006,313.600006,443,0.0,0.0
2021-10-07,307.200012,321.440002,305.600006,307.200012,307.200012,549,0.0,0.0
2021-10-08,307.200012,323.200012,307.200012,312.0,312.0,461,0.0,0.0
2021-10-11,320.0,326.399994,300.799988,300.799988,300.799988,154,0.0,0.0
2021-10-12,301.600006,307.200012,276.799988,283.200012,283.200012,633,0.0,0.0
2021-10-13,288.0,305.600006,287.679993,302.399994,302.399994,369,0.0,0.0
2021-10-14,304.0,320.799988,296.0,305.600006,305.600006,567,0.0,0.0
2021-10-15,304.0,315.200012,298.559998,307.200012,307.200012,319,0.0,0.0
2021-10-18,307.200012,308.799988,296.0,299.200012,299.200012,136,0.0,0.0
2021-10-19,304.0,305.600006,283.200012,284.799988,284.799988,1001,0.0,0.0
2021-10-20,280.0,288.0,265.600006,268.799988,268.799988,785,0.0,0.0
2021-10-21,272.0,276.799988,264.0,268.799988,268.799988,1125,0.0,0.0
2021-10-22,264.0,297.600006,264.0,281.600006,281.600006,789,0.0,0.0
2021-10-25,288.0,291.040009,278.399994,288.0,288.0,399,0.0,0.0
2021-10-26,283.200012,297.600006,273.600006,297.600006,297.600006,418,0.0,0.0
2021-10-27,294.399994,304.0,292.799988,296.0,296.0,293,0.0,0.0
2021-10-28,304.0,304.0,281.600006,288.0,288.0,601,0.0,0.0
2021-10-29,284.799988,288.0,273.600006,281.600006,281.600006,514,0.0,0.0
2021-11-01,286.399994,296.0,273.600006,286.399994,286.399994,634,0.0,0.0
2021-11-02,281.600006,372.799988,281.600006,329.600006,329.600006,6003,0.0,0.0
2021-11-03,329.600006,336.0,297.600006,318.399994,318.399994,1038,0.0,0.0
2021-11-04,307.200012,320.0,297.600006,310.399994,310.399994,506,0.0,0.0
2021-11-05,326.399994,336.0,310.399994,324.799988,324.799988,759,0.0,0.0
2021-11-08,332.799988,332.799988,307.200012,316.799988,316.799988,415,0.0,0.0
2021-11-09,312.0,318.559998,304.0,304.0,304.0,261,0.0,0.0
2021-11-10,300.799988,309.76001,294.399994,307.200012,307.200012,183,0.0,0.0
2021-11-11,308.799988,320.0,288.0,296.0,296.0,1886,0.0,0.0
2021-11-12,296.0,302.399994,296.0,297.600006,297.600006,470,0.0,0.0
2021-11-15,299.200012,334.399994,299.200012,332.799988,332.799988,1114,0.0,0.0
2021-11-16,328.0,329.600006,264.0,296.0,296.0,2913,0.0,0.0
2021-11-17,296.0,408.0,280.0,336.0,336.0,11508,0.0,0.0
2021-11-18,339.200012,355.200012,305.600006,320.0,320.0,2401,0.0,0.0
2021-11-19,312.0,336.0,310.399994,316.799988,316.799988,2301,0.0,0.0
2021-11-22,318.399994,334.399994,305.600006,334.399994,334.399994,1819,0.0,0.0
2021-11-23,328.0,336.0,309.600006,315.200012,315.200012,808,0.0,0.0
2021-11-24,315.200012,326.399994,307.200012,326.399994,326.399994,362,0.0,0.0
2021-11-26,313.600006,326.399994,311.679993,321.600006,321.600006,364,0.0,0.0
2021-11-29,318.399994,329.600006,305.600006,305.600006,305.600006,746,0.0,0.0
2021-11-30,305.600006,316.799988,292.799988,299.200012,299.200012,648,0.0,0.0
2021-12-01,300.799988,307.200012,264.0,267.200012,267.200012,1268,0.0,0.0
2021-12-02,270.399994,272.0,264.0,267.200012,267.200012,693,0.0,0.0
2021-12-03,264.0,264.0,224.0,232.0,232.0,1616,0.0,0.0
2021-12-06,233.600006,256.0,227.199997,242.399994,242.399994,598,0.0,0.0
2021-12-07,241.600006,249.119995,220.800003,220.800003,220.800003,741,0.0,0.0
2021-12-08,224.0,227.199997,220.800003,224.0,224.0,537,0.0,0.0
2021-12-09,224.0,230.399994,219.199997,222.399994,222.399994,423,0.0,0.0
2021-12-10,222.399994,226.399994,212.800003,214.399994,214.399994,401,0.0,0.0
2021-12-13,211.199997,211.199997,193.600006,196.800003,196.800003,1155,0.0,0.0
2021-12-14,193.600006,208.0,192.0,192.0,192.0,842,0.0,0.0
2021-12-15,193.600006,198.399994,158.399994,166.399994,166.399994,3083,0.0,0.0
2021-12-16,169.600006,200.0,161.600006,195.199997,195.199997,1769,0.0,0.0
2021-12-17,206.399994,206.399994,190.399994,193.600006,193.600006,986,0.0,0.0
2021-12-20,184.0,196.800003,182.399994,185.600006,185.600006,491,0.0,0.0
2021-12-21,182.399994,196.639999,180.800003,182.399994,182.399994,654,0.0,0.0
2021-12-22,180.800003,182.399994,169.759995,174.399994,174.399994,935,0.0,0.0
2021-12-23,172.800003,200.0,172.800003,190.399994,190.399994,873,0.0,0.0
2021-12-27,184.0,195.199997,176.0,185.600006,185.600006,1653,0.0,0.0
2021-12-28,180.800003,184.0,176.0,179.199997,179.199997,784,0.0,0.0
2021-12-29,177.600006,188.800003,176.0,182.399994,182.399994,859,0.0,0.0
2021-12-30,180.800003,192.0,176.320007,187.199997,187.199997,720,0.0,0.0
2021-12-31,184.0,189.919998,179.199997,186.880005,186.880005,1036,0.0,0.0
2022-01-03,184.0,200.0,176.0,200.0,200.0,379,0.0,0.0
2022-01-04,195.199997,200.0,192.0,193.600006,193.600006,168,0.0,0.0
2022-01-05,192.0,192.0,176.0,182.399994,182.399994,668,0.0,0.0
2022-01-06,177.600006,187.199997,164.800003,166.399994,166.399994,834,0.0,0.0
2022-01-07,169.600006,174.399994,166.399994,168.0,168.0,331,0.0,0.0
2022-01-10,163.199997,172.800003,163.199997,168.800003,168.800003,968,0.0,0.0
2022-01-11,259.200012,304.0,230.399994,288.0,288.0,532835,0.0,0.0
2022-01-12,260.799988,299.200012,252.800003,288.0,288.0,32114,0.0,0.0
2022-01-13,283.200012,318.399994,276.799988,305.600006,305.600006,22170,0.0,0.0
2022-01-14,316.799988,694.400024,310.399994,668.799988,668.799988,404868,0.0,0.0
2022-01-18,526.400024,550.400024,446.399994,520.0,520.0,62465,0.0,0.0
2022-01-19,796.799988,819.200012,628.799988,633.599976,633.599976,392884,0.0,0.0
2022-01-20,625.599976,625.599976,489.600006,510.399994,510.399994,42208,0.0,0.0
2022-01-21,489.600006,550.400024,480.0,536.0,536.0,20723,0.0,0.0
2022-01-24,510.399994,611.200012,499.200012,579.200012,579.200012,18468,0.0,0.0
2022-01-25,571.200012,638.400024,553.599976,619.200012,619.200012,10704,0.0,0.0
2022-01-26,616.0,672.0,588.799988,614.400024,614.400024,15968,0.0,0.0
2022-01-27,595.200012,630.400024,561.599976,593.599976,593.599976,7224,0.0,0.0
2022-01-28,593.599976,668.799988,569.599976,638.400024,638.400024,11067,0.0,0.0
2022-01-31,659.200012,696.0,622.400024,680.0,680.0,13352,0.0,0.0
2022-02-01,691.200012,710.400024,624.0,633.599976,633.599976,8443,0.0,0.0
2022-02-02,644.799988,668.799988,592.0,616.0,616.0,5614,0.0,0.0
2022-02-03,608.0,624.0,563.200012,603.200012,603.200012,2786,0.0,0.0
2022-02-04,603.200012,638.400024,576.0,636.799988,636.799988,5099,0.0,0.0
2022-02-07,619.200012,718.400024,608.0,681.599976,681.599976,12029,0.0,0.0
2022-02-08,732.799988,827.200012,673.599976,816.0,816.0,48097,0.0,0.0
2022-02-09,777.599976,880.0,744.0,800.0,800.0,23969,0.0,0.0
2022-02-10,785.599976,844.799988,771.200012,816.0,816.0,5628,0.0,0.0
2022-02-11,809.599976,894.400024,809.599976,857.599976,857.599976,8831,0.0,0.0
2022-02-14,875.200012,896.0,777.599976,803.200012,803.200012,8399,0.0,0.0
2022-02-15,624.0,830.400024,616.0,744.0,744.0,34506,0.0,0.0
2022-02-16,672.0,732.799988,652.799988,652.799988,652.799988,11807,0.0,0.0
2022-02-17,649.599976,734.400024,648.0,712.0,712.0,6688,0.0,0.0
2022-02-18,697.599976,721.599976,632.0,648.0,648.0,5196,0.0,0.0
2022-02-22,622.400024,652.799988,598.400024,619.200012,619.200012,5701,0.0,0.0
2022-02-23,632.0,646.400024,601.599976,630.400024,630.400024,2120,0.0,0.0
2022-02-24,561.599976,608.0,528.0,608.0,608.0,4269,0.0,0.0
2022-02-25,608.0,640.0,601.599976,614.400024,614.400024,2331,0.0,0.0
2022-02-28,609.599976,620.799988,544.0,561.599976,561.599976,4246,0.0,0.0
2022-03-01,556.799988,585.599976,523.200012,528.0,528.0,2338,0.0,0.0
2022-03-02,537.599976,592.0,536.0,547.200012,547.200012,2669,0.0,0.0
2022-03-03,545.599976,560.0,481.600006,486.399994,486.399994,5673,0.0,0.0
2022-03-04,488.0,496.0,432.0,432.0,432.0,4198,0.0,0.0
2022-03-07,440.0,449.600006,388.799988,404.799988,404.799988,4137,0.0,0.0
2022-03-08,424.0,449.600006,416.0,420.799988,420.799988,2656,0.0,0.0
2022-03-09,420.799988,441.600006,420.799988,433.600006,433.600006,1348,0.0,0.0
2022-03-10,420.799988,432.0,406.399994,406.399994,406.399994,976,0.0,0.0
2022-03-11,406.399994,449.600006,406.399994,427.200012,427.200012,2319,0.0,0.0
2022-03-14,436.799988,454.399994,433.600006,440.0,440.0,2204,0.0,0.0
2022-03-15,441.600006,449.600006,409.600006,419.200012,419.200012,923,0.0,0.0
2022-03-16,412.799988,432.0,406.399994,420.799988,420.799988,1640,0.0,0.0
2022-03-17,411.200012,440.0,411.200012,430.399994,430.399994,796,0.0,0.0
2022-03-18,425.600006,435.200012,416.0,416.0,416.0,1054,0.0,0.0
2022-03-21,425.600006,428.0,408.0,416.0,416.0,1138,0.0,0.0
2022-03-22,414.399994,432.0,401.600006,424.0,424.0,2002,0.0,0.0
2022-03-23,416.0,427.200012,411.359985,424.0,424.0,513,0.0,0.0
2022-03-24,420.799988,422.399994,401.600006,411.200012,411.200012,1119,0.0,0.0
2022-03-25,406.399994,424.0,401.600006,414.399994,414.399994,877,0.0,0.0
2022-03-28,377.600006,432.0,377.600006,416.0,416.0,1158,0.0,0.0
2022-03-29,416.0,430.399994,408.0,424.0,424.0,1433,0.0,0.0
2022-03-30,432.0,432.0,417.600006,420.799988,420.799988,1098,0.0,0.0
2022-03-31,420.799988,468.799988,416.0,454.399994,454.399994,4671,0.0,0.0
2022-04-01,448.0,456.0,432.0,438.399994,438.399994,3184,0.0,0.0
2022-04-04,448.0,448.0,411.200012,412.799988,412.799988,1824,0.0,0.0
2022-04-05,412.799988,424.0,400.0,414.399994,414.399994,1358,0.0,0.0
2022-04-06,420.799988,420.799988,396.799988,414.399994,414.399994,1214,0.0,0.0
2022-04-07,417.600006,417.600006,395.200012,396.799988,396.799988,2141,0.0,0.0
2022-04-08,396.799988,411.200012,384.0,390.399994,390.399994,1205,0.0,0.0
2022-04-11,390.399994,398.399994,360.0,376.0,376.0,1134,0.0,0.0
2022-04-12,361.600006,379.200012,355.200012,376.0,376.0,686,0.0,0.0
2022-04-13,376.0,376.0,368.0,369.600006,369.600006,649,0.0,0.0
2022-04-14,372.799988,457.279999,372.799988,416.0,416.0,11401,0.0,0.0
2022-04-18,416.0,416.0,385.600006,408.0,408.0,1815,0.0,0.0
2022-04-19,398.399994,406.399994,385.119995,393.600006,393.600006,671,0.0,0.0
2022-04-20,390.399994,418.23999,387.200012,408.0,408.0,791,0.0,0.0
2022-04-21,408.0,420.640015,401.600006,401.600006,401.600006,729,0.0,0.0
2022-04-22,395.200012,406.23999,387.200012,393.600006,393.600006,314,0.0,0.0
2022-04-25,393.600006,393.600006,360.0,372.799988,372.799988,1396,0.0,0.0
2022-04-26,371.200012,380.799988,364.799988,372.799988,372.799988,568,0.0,0.0
2022-04-27,368.0,382.399994,361.600006,372.799988,372.799988,561,0.0,0.0
2022-04-28,369.600006,376.0,364.799988,371.200012,371.200012,319,0.0,0.0
2022-04-29,369.600006,374.399994,353.600006,366.399994,366.399994,822,0.0,0.0
2022-05-02,382.399994,382.399994,361.600006,369.600006,369.600006,763,0.0,0.0
2022-05-03,387.200012,387.200012,369.600006,377.600006,377.600006,397,0.0,0.0
2022-05-04,380.799988,398.399994,372.799988,398.399994,398.399994,619,0.0,0.0
2022-05-05,411.200012,411.200012,385.600006,396.799988,396.799988,649,0.0,0.0
2022-05-06,385.600006,391.839996,368.0,380.799988,380.799988,1246,0.0,0.0
2022-05-09,403.200012,403.200012,355.200012,355.200012,355.200012,577,0.0,0.0
2022-05-10,363.200012,371.200012,345.600006,350.399994,350.399994,707,0.0,0.0
2022-05-11,363.200012,363.200012,340.799988,348.799988,348.799988,696,0.0,0.0
2022-05-12,337.600006,352.0,315.200012,320.0,320.0,974,0.0,0.0
2022-05-13,320.0,348.959991,320.0,340.799988,340.799988,702,0.0,0.0
2022-05-16,323.200012,372.799988,323.200012,360.0,360.0,894,0.0,0.0
2022-05-17,369.600006,371.200012,337.600006,347.200012,347.200012,968,0.0,0.0
2022-05-18,350.399994,358.399994,329.600006,332.799988,332.799988,1242,0.0,0.0
2022-05-19,376.0,376.0,315.200012,321.600006,321.600006,703,0.0,0.0
2022-05-20,321.600006,334.23999,313.600006,320.0,320.0,406,0.0,0.0
2022-05-23,316.799988,328.0,307.200012,320.0,320.0,949,0.0,0.0
2022-05-24,326.399994,328.799988,312.0,320.0,320.0,181,0.0,0.0
2022-05-25,313.600006,318.399994,288.0,297.600006,297.600006,1214,0.0,0.0
2022-05-26,312.0,322.399994,302.399994,318.399994,318.399994,640,0.0,0.0
2022-05-27,308.799988,342.399994,308.799988,339.200012,339.200012,630,0.0,0.0
2022-05-31,334.399994,347.200012,324.799988,332.799988,332.799988,211,0.0,0.0
2022-06-01,334.399994,337.600006,320.0,328.0,328.0,161,0.0,0.0
2022-06-02,321.600006,328.0,299.200012,318.399994,318.399994,837,0.0,0.0
2022-06-03,324.0,334.399994,318.399994,331.200012,331.200012,144,0.0,0.0
2022-06-06,326.399994,329.600006,320.0,328.0,328.0,220,0.0,0.0
2022-06-07,328.0,329.600006,320.0,323.200012,323.200012,154,0.0,0.0
2022-06-08,324.799988,329.600006,315.200012,324.799988,324.799988,311,0.0,0.0
2022-06-09,321.600006,334.399994,320.0,334.399994,334.399994,258,0.0,0.0
2022-06-10,328.0,332.480011,320.0,328.0,328.0,421,0.0,0.0
2022-06-13,320.0,320.0,300.799988,300.799988,300.799988,592,0.0,0.0
2022-06-14,300.799988,315.200012,283.200012,289.600006,289.600006,419,0.0,0.0
2022-06-15,291.200012,307.200012,283.200012,289.600006,289.600006,442,0.0,0.0
2022-06-16,283.200012,289.600006,259.200012,270.399994,270.399994,579,0.0,0.0
2022-06-17,270.399994,294.399994,265.600006,288.0,288.0,450,0.0,0.0
2022-06-21,296.0,340.799988,294.23999,326.399994,326.399994,945,0.0,0.0
2022-06-22,344.0,346.880005,321.600006,340.799988,340.799988,1996,0.0,0.0
2022-06-23,352.0,355.200012,318.399994,328.0,328.0,1368,0.0,0.0
2022-06-24,328.0,358.399994,328.0,355.200012,355.200012,2468,0.0,0.0
2022-06-27,368.0,440.0,358.399994,416.0,416.0,4219,0.0,0.0
2022-06-28,440.0,503.679993,427.200012,488.0,488.0,6502,0.0,0.0
2022-06-29,521.599976,526.23999,400.0,494.399994,494.399994,6611,0.0,0.0
2022-06-30,520.0,533.119995,468.799988,478.399994,478.399994,5248,0.0,0.0
2022-07-01,464.0,466.399994,428.799988,432.0,432.0,1984,0.0,0.0
2022-07-05,420.799988,432.0,404.799988,416.0,416.0,791,0.0,0.0
2022-07-06,416.0,416.0,342.399994,395.200012,395.200012,2180,0.0,0.0
2022-07-07,393.600006,400.0,384.0,385.600006,385.600006,586,0.0,0.0
2022-07-08,388.799988,435.200012,387.200012,435.200012,435.200012,2116,0.0,0.0
2022-07-11,436.799988,456.959991,424.160004,444.799988,444.799988,1357,0.0,0.0
2022-07-12,444.799988,492.799988,432.0,475.200012,475.200012,2127,0.0,0.0
2022-07-13,468.799988,508.799988,460.799988,505.600006,505.600006,2589,0.0,0.0
2022-07-14,504.0,512.0,476.799988,488.0,488.0,890,0.0,0.0
2022-07-15,484.799988,518.400024,477.920013,512.0,512.0,823,0.0,0.0
2022-07-18,510.399994,518.400024,491.200012,507.200012,507.200012,839,0.0,0.0
2022-07-19,521.599976,523.039978,475.200012,483.200012,483.200012,1974,0.0,0.0
2022-07-20,489.600006,508.799988,480.0,508.799988,508.799988,1164,0.0,0.0
2022-07-21,520.0,552.0,483.200012,492.799988,492.799988,4516,0.0,0.0
2022-07-22,504.0,504.0,449.600006,464.0,464.0,2080,0.0,0.0
2022-07-25,467.200012,472.0,443.200012,449.600006,449.600006,796,0.0,0.0
2022-07-26,457.600006,467.200012,419.519989,464.0,464.0,1418,0.0,0.0
2022-07-27,464.0,470.399994,433.600006,464.0,464.0,706,0.0,0.0
2022-07-28,464.0,464.0,444.799988,451.200012,451.200012,280,0.0,0.0
2022-07-29,448.0,465.600006,440.0,451.200012,451.200012,336,0.0,0.0
2022-08-01,441.600006,473.600006,435.200012,465.600006,465.600006,729,0.0,0.0
2022-08-02,464.0,478.399994,452.799988,475.200012,475.200012,946,0.0,0.0
2022-08-03,475.200012,491.200012,460.799988,480.0,480.0,727,0.0,0.0
2022-08-04,478.399994,480.0,449.600006,467.200012,467.200012,761,0.0,0.0
2022-08-05,468.799988,480.0,453.279999,459.200012,459.200012,953,0.0,0.0
2022-08-08,451.200012,476.799988,446.399994,446.399994,446.399994,673,0.0,0.0
2022-08-09,456.0,467.200012,440.0,464.0,464.0,1003,0.0,0.0
2022-08-10,464.0,468.799988,435.200012,444.799988,444.799988,613,0.0,0.0
2022-08-11,451.200012,457.600006,436.799988,440.0,440.0,632,0.0,0.0
2022-08-12,436.799988,454.399994,418.559998,427.040009,427.040009,984,0.0,0.0
2022-08-15,419.200012,440.0,417.600006,427.200012,427.200012,1076,0.0,0.0
2022-08-16,416.0,436.799988,412.799988,412.799988,412.799988,754,0.0,0.0
2022-08-17,412.799988,422.399994,401.600006,409.600006,409.600006,576,0.0,0.0
2022-08-18,417.600006,417.600006,376.0,387.200012,387.200012,1082,0.0,0.0
2022-08-19,393.600006,393.600006,340.799988,340.799988,340.799988,2426,0.0,0.0
2022-08-22,337.600006,340.640015,320.0,329.600006,329.600006,906,0.0,0.0
2022-08-23,334.399994,334.399994,307.200012,310.399994,310.399994,1805,0.0,0.0
2022-08-24,328.0,344.0,296.0,300.799988,300.799988,2619,0.0,0.0
2022-08-25,316.799988,316.799988,297.600006,305.600006,305.600006,1859,0.0,0.0
2022-08-26,315.200012,318.399994,289.600006,304.0,304.0,1031,0.0,0.0
2022-08-29,307.200012,307.200012,284.799988,284.799988,284.799988,1787,0.0,0.0
2022-08-30,280.0,302.399994,270.399994,297.600006,297.600006,2700,0.0,0.0
2022-08-31,312.0,313.600006,288.480011,296.0,296.0,1098,0.0,0.0
2022-09-01,296.0,305.600006,288.0,300.799988,300.799988,602,0.0,0.0
2022-09-02,302.399994,312.0,292.959991,304.0,304.0,318,0.0,0.0
2022-09-06,308.799988,308.799988,283.200012,300.799988,300.799988,463,0.0,0.0
2022-09-07,299.200012,305.600006,292.799988,305.279999,305.279999,483,0.0,0.0
2022-09-08,302.399994,331.200012,302.399994,313.600006,313.600006,798,0.0,0.0
2022-09-09,310.399994,329.600006,308.799988,324.799988,324.799988,711,0.0,0.0
2022-09-12,328.0,330.399994,315.200012,318.399994,318.399994,387,0.0,0.0
2022-09-13,340.799988,352.0,318.399994,320.0,320.0,1182,0.0,0.0
2022-09-14,348.799988,348.799988,321.600006,331.200012,331.200012,555,0.0,0.0
2022-09-15,329.600006,351.359985,320.0,323.200012,323.200012,684,0.0,0.0
2022-09-16,321.600006,333.119995,313.600006,318.399994,318.399994,849,0.0,0.0
2022-09-19,313.600006,336.0,310.399994,331.200012,331.200012,758,0.0,0.0
2022-09-20,336.0,337.600006,320.0,328.0,328.0,1549,0.0,0.0
2022-09-21,334.399994,347.200012,324.799988,339.200012,339.200012,861,0.0,0.0
2022-09-22,347.200012,350.23999,304.0,310.399994,310.399994,1798,0.0,0.0
2022-09-23,208.0,230.399994,203.199997,209.600006,209.600006,14502,0.0,0.0
2022-09-26,204.800003,244.800003,203.199997,227.199997,227.199997,5609,0.0,0.0
2022-09-27,227.199997,240.0,216.0,228.800003,228.800003,1463,0.0,0.0
2022-09-28,228.800003,232.0,212.800003,217.600006,217.600006,3149,0.0,0.0
2022-09-29,224.0,224.0,208.0,212.800003,212.800003,1030,0.0,0.0
2022-09-30,212.800003,227.199997,200.0,219.199997,219.199997,1146,0.0,0.0
2022-10-03,217.600006,224.0,201.600006,206.399994,206.399994,768,0.0,0.0
2022-10-04,204.800003,221.600006,201.759995,216.0,216.0,1019,0.0,0.0
2022-10-05,219.199997,222.399994,216.0,217.600006,217.600006,593,0.0,0.0
2022-10-06,217.600006,225.759995,216.0,216.0,216.0,411,0.0,0.0
2022-10-07,217.600006,228.800003,217.600006,219.199997,219.199997,835,0.0,0.0
2022-10-10,214.399994,219.199997,204.800003,214.399994,214.399994,465,0.0,0.0
2022-10-11,209.600006,217.600006,201.600006,206.399994,206.399994,448,0.0,0.0
2022-10-12,207.360001,209.600006,201.600006,203.199997,203.199997,149,0.0,0.0
2022-10-13,201.600006,224.0,201.600006,209.600006,209.600006,541,0.0,0.0
2022-10-14,214.399994,216.0,209.600006,211.199997,211.199997,186,0.0,0.0
2022-10-17,211.199997,220.320007,204.800003,208.0,208.0,491,0.0,0.0
2022-10-18,219.199997,219.199997,204.800003,206.399994,206.399994,846,0.0,0.0
2022-10-19,209.600006,211.199997,192.0,195.199997,195.199997,899,0.0,0.0
2022-10-20,192.0,200.0,180.800003,184.0,184.0,693,0.0,0.0
2022-10-21,193.600006,193.600006,176.0,176.0,176.0,629,0.0,0.0
2022-10-24,182.399994,190.399994,176.0,179.199997,179.199997,1191,0.0,0.0
2022-10-25,177.600006,190.399994,176.0,176.0,176.0,1420,0.0,0.0
2022-10-26,179.199997,198.399994,176.0,195.199997,195.199997,1090,0.0,0.0
2022-10-27,193.600006,196.800003,187.199997,196.800003,196.800003,622,0.0,0.0
2022-10-28,196.639999,198.399994,187.199997,195.199997,195.199997,379,0.0,0.0
2022-10-31,188.800003,195.199997,184.0,192.0,192.0,1074,0.0,0.0
2022-11-01,193.600006,196.320007,184.0,187.199997,187.199997,458,0.0,0.0
2022-11-02,184.0,192.0,176.0,177.600006,177.600006,1073,0.0,0.0
2022-11-03,179.199997,188.800003,168.0,169.600006,169.600006,1313,0.0,0.0
2022-11-04,180.800003,187.360001,170.720001,185.600006,185.600006,678,0.0,0.0
2022-11-07,192.0,192.0,172.800003,172.800003,172.800003,566,0.0,0.0
2022-11-08,180.800003,184.0,172.800003,179.199997,179.199997,1074,0.0,0.0
2022-11-09,177.600006,184.0,171.199997,171.199997,171.199997,599,0.0,0.0
2022-11-10,172.800003,196.160004,172.800003,180.800003,180.800003,986,0.0,0.0
2022-11-11,182.399994,198.399994,174.399994,194.399994,194.399994,1416,0.0,0.0
2022-11-14,192.0,193.600006,172.800003,172.800003,172.800003,1776,0.0,0.0
2022-11-15,182.399994,187.039993,164.800003,171.199997,171.199997,2241,0.0,0.0
2022-11-16,179.199997,184.0,168.0,169.600006,169.600006,1273,0.0,0.0
2022-11-17,168.0,169.600006,152.0,162.399994,162.399994,1904,0.0,0.0
2022-11-18,164.800003,171.199997,161.759995,164.800003,164.800003,526,0.0,0.0
2022-11-21,164.800003,172.800003,160.0,164.800003,164.800003,437,0.0,0.0
2022-11-22,166.399994,168.0,160.0,163.199997,163.199997,1386,0.0,0.0
2022-11-23,163.199997,166.399994,156.800003,160.0,160.0,1222,0.0,0.0
2022-11-25,158.399994,164.800003,152.0,163.199997,163.199997,783,0.0,0.0
2022-11-28,164.800003,166.399994,155.679993,160.0,160.0,874,0.0,0.0
2022-11-29,166.399994,168.0,156.800003,163.199997,163.199997,951,0.0,0.0
2022-11-30,161.600006,172.800003,160.0,164.800003,164.800003,854,0.0,0.0
2022-12-01,168.0,168.0,153.440002,158.399994,158.399994,2256,0.0,0.0
2022-12-02,160.0,163.199997,155.199997,160.0,160.0,1514,0.0,0.0
2022-12-05,160.0,174.399994,160.0,161.600006,161.600006,3364,0.0,0.0
2022-12-06,171.199997,179.199997,161.600006,169.600006,169.600006,1395,0.0,0.0
2022-12-07,171.199997,172.800003,161.600006,163.360001,163.360001,334,0.0,0.0
2022-12-08,171.199997,179.199997,158.399994,166.399994,166.399994,3038,0.0,0.0
2022-12-09,160.0,161.600006,156.800003,156.800003,156.800003,1537,0.0,0.0
2022-12-12,156.800003,164.800003,156.800003,159.360001,159.360001,834,0.0,0.0
2022-12-13,158.399994,164.800003,155.360001,161.600006,161.600006,1049,0.0,0.0
2022-12-14,158.399994,163.199997,158.399994,158.399994,158.399994,967,0.0,0.0
2022-12-15,158.399994,163.199997,156.960007,158.399994,158.399994,874,0.0,0.0
2022-12-16,161.600006,163.679993,158.399994,158.399994,158.399994,1118,0.0,0.0
2022-12-19,158.399994,161.600006,147.199997,147.839996,147.839996,1549,0.0,0.0
2022-12-20,147.199997,150.399994,144.0,144.0,144.0,619,0.0,0.0
2022-12-21,148.800003,148.800003,144.0,144.0,144.0,544,0.0,0.0
2022-12-22,144.0,144.960007,128.0,133.600006,133.600006,2309,0.0,0.0
2022-12-23,133.279999,139.199997,130.559998,135.199997,135.199997,643,0.0,0.0
2022-12-27,137.600006,139.199997,136.0,138.399994,138.399994,968,0.0,0.0
2022-12-28,139.199997,145.600006,134.080002,142.399994,142.399994,828,0.0,0.0
2022-12-29,144.0,168.0,144.0,156.800003,156.800003,2397,0.0,0.0
2022-12-30,161.600006,166.399994,140.800003,153.759995,153.759995,2019,0.0,0.0
2023-01-03,156.479996,156.800003,134.399994,136.0,136.0,4199,0.0,0.0
2023-01-04,148.800003,148.800003,129.759995,139.199997,139.199997,2108,0.0,0.0
2023-01-05,136.0,140.800003,130.080002,132.800003,132.800003,1194,0.0,0.0
2023-01-06,132.800003,133.440002,128.0,129.600006,129.600006,1378,0.0,0.0
2023-01-09,129.600006,133.279999,121.599998,121.599998,121.599998,2397,0.0,0.0
2023-01-10,128.639999,131.679993,120.0,127.68,127.68,783,0.0,0.0
2023-01-11,129.600006,131.199997,123.360001,128.0,128.0,739,0.0,0.0
2023-01-12,128.0,133.119995,126.400002,128.0,128.0,1016,0.0,0.0
2023-01-13,136.639999,151.839996,133.600006,146.880005,146.880005,2051,0.0,0.0
2023-01-17,149.119995,150.399994,142.399994,150.399994,150.399994,964,0.0,0.0
2023-01-18,150.399994,158.399994,144.639999,145.600006,145.600006,1078,0.0,0.0
2023-01-19,146.559998,157.440002,145.600006,153.600006,153.600006,547,0.0,0.0
2023-01-20,152.0,160.0,146.559998,160.0,160.0,2198,0.0,0.0
2023-01-23,163.199997,172.800003,153.600006,171.360001,171.360001,1781,0.0,0.0
2023-01-24,172.800003,187.039993,170.880005,184.0,184.0,1156,0.0,0.0
2023-01-25,187.199997,190.399994,177.600006,179.199997,179.199997,802,0.0,0.0
2023-01-26,184.0,192.0,179.199997,187.199997,187.199997,712,0.0,0.0
2023-01-27,192.0,192.0,187.199997,188.800003,188.800003,541,0.0,0.0
2023-01-30,193.600006,193.600006,184.0,184.0,184.0,704,0.0,0.0
2023-01-31,185.600006,188.800003,171.199997,184.0,184.0,895,0.0,0.0
2023-02-01,182.399994,182.399994,164.800003,169.600006,169.600006,1725,0.0,0.0
2023-02-02,169.600006,182.399994,166.399994,174.720001,174.720001,2501,0.0,0.0
2023-02-03,171.199997,179.199997,164.800003,164.800003,164.800003,2346,0.0,0.0
2023-02-06,164.800003,179.199997,164.800003,171.199997,171.199997,950,0.0,0.0
2023-02-07,177.600006,177.600006,164.800003,171.199997,171.199997,871,0.0,0.0
2023-02-08,171.199997,176.0,166.399994,166.399994,166.399994,494,0.0,0.0
2023-02-09,182.399994,182.399994,168.0,171.199997,171.199997,533,0.0,0.0
2023-02-10,169.600006,174.399994,166.399994,174.399994,174.399994,580,0.0,0.0
2023-02-13,168.0,176.0,164.800003,166.399994,166.399994,703,0.0,0.0
2023-02-14,176.0,176.0,168.0,174.399994,174.399994,443,0.0,0.0
2023-02-15,168.0,176.0,168.0,174.399994,174.399994,830,0.0,0.0
2023-02-16,171.199997,199.679993,169.600006,193.600006,193.600006,1962,0.0,0.0
2023-02-17,200.0,214.399994,196.800003,209.600006,209.600006,1663,0.0,0.0
2023-02-21,195.199997,212.800003,195.199997,201.600006,201.600006,419,0.0,0.0
2023-02-22,209.600006,235.199997,208.0,232.0,232.0,1569,0.0,0.0
2023-02-23,238.399994,254.399994,230.399994,236.800003,236.800003,1896,0.0,0.0
2023-02-24,228.800003,236.800003,203.199997,211.199997,211.199997,889,0.0,0.0
2023-02-27,211.199997,228.800003,211.199997,217.600006,217.600006,561,0.0,0.0
2023-02-28,216.0,240.0,212.800003,217.600006,217.600006,699,0.0,0.0
2023-03-01,214.399994,222.399994,198.399994,198.399994,198.399994,886,0.0,0.0
2023-03-02,198.399994,214.399994,198.399994,212.479996,212.479996,636,0.0,0.0
2023-03-03,206.399994,215.199997,205.440002,214.399994,214.399994,567,0.0,0.0
2023-03-06,217.600006,232.0,214.399994,227.199997,227.199997,423,0.0,0.0
2023-03-07,230.399994,240.0,226.880005,232.0,232.0,1113,0.0,0.0
2023-03-08,232.0,252.800003,232.0,240.479996,240.479996,1578,0.0,0.0
2023-03-09,241.600006,272.0,241.600006,265.600006,265.600006,1761,0.0,0.0
2023-03-10,273.600006,280.0,241.600006,254.399994,254.399994,1929,0.0,0.0
2023-03-13,254.399994,273.600006,241.600006,249.600006,249.600006,971,0.0,0.0
2023-03-14,259.200012,264.0,240.0,240.0,240.0,979,0.0,0.0
2023-03-15,241.600006,241.600006,216.0,225.600006,225.600006,996,0.0,0.0
2023-03-16,217.600006,254.399994,217.600006,241.600006,241.600006,1183,0.0,0.0
2023-03-17,233.600006,264.0,225.600006,256.0,256.0,804,0.0,0.0
2023-03-20,272.0,296.0,259.839996,280.0,280.0,3727,0.0,0.0
2023-03-21,283.200012,289.600006,265.920013,280.0,280.0,1194,0.0,0.0
2023-03-22,281.600006,283.200012,260.799988,262.399994,262.399994,1009,0.0,0.0
2023-03-23,270.399994,272.320007,224.0,233.600006,233.600006,2139,0.0,0.0
2023-03-24,244.800003,248.0,214.399994,220.800003,220.800003,1074,0.0,0.0
2023-03-27,224.0,252.800003,224.0,252.800003,252.800003,1008,0.0,0.0
2023-03-28,254.399994,254.399994,243.199997,246.399994,246.399994,551,0.0,0.0
2023-03-29,257.600006,260.799988,248.0,256.0,256.0,734,0.0,0.0
2023-03-30,264.0,264.959991,251.199997,257.600006,257.600006,454,0.0,0.0
2023-03-31,259.200012,275.200012,256.0,262.399994,262.399994,2053,0.0,0.0
2023-04-03,268.799988,270.399994,236.800003,240.0,240.0,1341,0.0,0.0
2023-04-04,241.600006,248.0,216.0,222.399994,222.399994,1808,0.0,0.0
2023-04-05,225.600006,240.0,225.600006,232.0,232.0,1603,0.0,0.0
2023-04-06,241.600006,246.880005,224.0,227.199997,227.199997,699,0.0,0.0
2023-04-10,225.600006,235.199997,225.600006,227.199997,227.199997,878,0.0,0.0
2023-04-11,227.199997,227.199997,202.399994,204.800003,204.800003,1812,0.0,0.0
2023-04-12,204.800003,211.199997,179.199997,187.199997,187.199997,3962,0.0,0.0
2023-04-13,177.600006,206.399994,176.0,185.600006,185.600006,2741,0.0,0.0
2023-04-14,184.0,196.800003,169.600006,174.399994,174.399994,2646,0.0,0.0
2023-04-17,179.199997,184.960007,172.800003,176.0,176.0,1360,0.0,0.0
2023-04-18,176.0,179.199997,172.800003,176.0,176.0,739,0.0,0.0
2023-04-19,188.800003,188.800003,166.399994,172.800003,172.800003,1024,0.0,0.0
2023-04-20,174.399994,180.800003,172.800003,176.0,176.0,498,0.0,0.0
2023-04-21,174.399994,182.399994,168.0,172.800003,172.800003,933,0.0,0.0
2023-04-24,168.0,184.0,168.0,179.199997,179.199997,918,0.0,0.0
2023-04-25,177.600006,206.399994,176.160004,200.0,200.0,1479,0.0,0.0
2023-04-26,192.0,198.399994,184.0,188.800003,188.800003,896,0.0,0.0
2023-04-27,182.399994,188.800003,180.800003,182.399994,182.399994,286,0.0,0.0
2023-04-28,185.600006,196.639999,180.800003,184.0,184.0,872,0.0,0.0
2023-05-01,187.199997,210.399994,185.600006,201.600006,201.600006,914,0.0,0.0
2023-05-02,196.800003,197.119995,188.800003,193.600006,193.600006,728,0.0,0.0
2023-05-03,196.800003,203.199997,190.399994,195.199997,195.199997,1041,0.0,0.0
2023-05-04,199.039993,201.600006,187.199997,193.600006,193.600006,853,0.0,0.0
2023-05-05,196.800003,200.0,192.0,195.199997,195.199997,626,0.0,0.0
2023-05-08,208.0,208.0,192.0,203.199997,203.199997,979,0.0,0.0
2023-05-09,206.399994,208.0,193.600006,200.0,200.0,717,0.0,0.0
2023-05-10,202.399994,204.639999,196.800003,196.800003,196.800003,982,0.0,0.0
2023-05-11,193.600006,200.0,188.800003,198.399994,198.399994,433,0.0,0.0
2023-05-12,198.399994,201.600006,185.600006,188.800003,188.800003,718,0.0,0.0
2023-05-15,195.199997,198.399994,187.199997,196.800003,196.800003,716,0.0,0.0
2023-05-16,198.399994,200.0,185.600006,185.600006,185.600006,873,0.0,0.0
2023-05-17,185.600006,191.839996,182.399994,188.800003,188.800003,772,0.0,0.0
2023-05-18,193.600006,193.600006,185.600006,187.199997,187.199997,749,0.0,0.0
2023-05-19,190.399994,190.399994,179.199997,182.399994,182.399994,727,0.0,0.0
2023-05-22,188.800003,190.399994,180.800003,190.399994,190.399994,999,0.0,0.0
2023-05-23,179.199997,187.199997,176.0,185.600006,185.600006,1096,0.0,0.0
2023-05-24,187.199997,189.600006,182.399994,188.800003,188.800003,420,0.0,0.0
2023-05-25,203.199997,204.800003,180.800003,182.399994,182.399994,897,0.0,0.0
2023-05-26,180.800003,190.720001,179.199997,184.0,184.0,1080,0.0,0.0
2023-05-30,188.800003,190.399994,183.199997,190.399994,190.399994,390,0.0,0.0
2023-05-31,180.800003,187.199997,158.399994,161.600006,161.600006,2411,0.0,0.0
2023-06-01,171.199997,172.800003,164.800003,171.199997,171.199997,914,0.0,0.0
2023-06-02,172.800003,172.800003,168.0,172.800003,172.800003,798,0.0,0.0
2023-06-05,171.199997,182.399994,171.199997,174.399994,174.399994,266,0.0,0.0
2023-06-06,172.800003,192.0,168.0,169.600006,169.600006,1614,0.0,0.0
2023-06-07,164.800003,176.0,164.800003,166.399994,166.399994,850,0.0,0.0
2023-06-08,166.399994,171.199997,163.199997,166.399994,166.399994,722,0.0,0.0
2023-06-09,171.199997,171.199997,163.199997,166.399994,166.399994,509,0.0,0.0
2023-06-12,164.800003,170.240005,144.320007,156.800003,156.800003,2871,0.0,0.0
2023-06-13,161.600006,174.399994,160.0,171.199997,171.199997,1803,0.0,0.0
2023-06-14,174.399994,174.399994,161.600006,166.399994,166.399994,1023,0.0,0.0
2023-06-15,166.399994,169.600006,152.160004,158.399994,158.399994,2575,0.0,0.0
2023-06-16,166.399994,166.399994,139.199997,148.800003,148.800003,4382,0.0,0.0
2023-06-20,148.800003,158.080002,142.399994,152.320007,152.320007,939,0.0,0.0
2023-06-21,151.360001,164.800003,142.399994,151.839996,151.839996,1934,0.0,0.0
2023-06-22,147.199997,161.600006,144.0,153.600006,153.600006,1620,0.0,0.0
2023-06-23,150.559998,157.119995,140.0,154.559998,154.559998,2094,0.0,0.0
2023-06-26,155.199997,156.800003,144.0,155.199997,155.199997,283,0.0,0.0
2023-06-27,164.800003,166.399994,152.0,156.800003,156.800003,1299,0.0,0.0
2023-06-28,161.600006,174.399994,149.119995,169.600006,169.600006,1726,0.0,0.0
2023-06-29,172.800003,179.199997,166.399994,172.800003,172.800003,1211,0.0,0.0
2023-06-30,171.199997,181.600006,166.399994,179.199997,179.199997,1464,0.0,0.0
2023-07-03,188.800003,188.800003,168.0,171.199997,171.199997,641,0.0,0.0
2023-07-05,174.399994,174.399994,164.800003,168.0,168.0,759,0.0,0.0
2023-07-06,168.0,168.0,152.0,158.399994,158.399994,1337,0.0,0.0
2023-07-07,161.600006,164.639999,155.199997,161.600006,161.600006,269,0.0,0.0
2023-07-10,160.0,163.199997,158.399994,160.0,160.0,963,0.0,0.0
2023-07-11,160.0,171.199997,160.0,168.0,168.0,941,0.0,0.0
2023-07-12,166.399994,170.880005,160.0,163.199997,163.199997,1061,0.0,0.0
2023-07-13,161.600006,166.399994,161.600006,161.600006,161.600006,364,0.0,0.0
2023-07-14,160.0,166.399994,160.0,163.199997,163.199997,516,0.0,0.0
2023-07-17,166.080002,166.080002,160.0,160.800003,160.800003,310,0.0,0.0
2023-07-18,160.0,164.800003,160.0,164.800003,164.800003,745,0.0,0.0
2023-07-19,166.399994,168.320007,160.0,161.600006,161.600006,626,0.0,0.0
2023-07-20,161.600006,164.800003,160.0,160.0,160.0,108,0.0,0.0
2023-07-21,160.0,161.600006,152.0,152.0,152.0,523,0.0,0.0
2023-07-24,157.600006,163.199997,153.600006,155.839996,155.839996,359,0.0,0.0
2023-07-25,160.0,161.600006,152.0,152.320007,152.320007,438,0.0,0.0
2023-07-26,153.759995,157.600006,150.559998,152.0,152.0,379,0.0,0.0
2023-07-27,152.0,153.600006,147.199997,147.199997,147.199997,706,0.0,0.0
2023-07-28,152.0,153.600006,147.199997,150.399994,150.399994,424,0.0,0.0
2023-07-31,148.800003,153.600006,147.199997,148.639999,148.639999,527,0.0,0.0
2023-08-01,147.360001,148.800003,144.0,145.600006,145.600006,659,0.0,0.0
2023-08-02,144.0,144.0,136.0,139.199997,139.199997,1203,0.0,0.0
2023-08-03,136.320007,140.800003,133.279999,136.800003,136.800003,937,0.0,0.0
2023-08-04,137.600006,140.0,124.800003,127.839996,127.839996,3526,0.0,0.0
2023-08-07,128.0,132.639999,113.599998,127.839996,127.839996,4455,0.0,0.0
2023-08-08,125.440002,130.399994,115.360001,118.400002,118.400002,3721,0.0,0.0
2023-08-09,120.0,128.0,107.199997,115.360001,115.360001,4187,0.0,0.0
2023-08-10,114.239998,119.040001,103.839996,116.0,116.0,4323,0.0,0.0
2023-08-11,116.0,124.639999,115.199997,123.199997,123.199997,2098,0.0,0.0
2023-08-14,124.800003,148.800003,117.440002,126.400002,126.400002,5062,0.0,0.0
2023-08-15,130.880005,130.880005,115.68,120.0,120.0,1821,0.0,0.0
2023-08-16,115.199997,119.519997,108.800003,116.480003,116.480003,2526,0.0,0.0
2023-08-17,118.400002,124.0,106.239998,116.480003,116.480003,2977,0.0,0.0
2023-08-18,119.839996,140.479996,113.760002,136.160004,136.160004,5253,0.0,0.0
2023-08-21,143.839996,148.800003,107.519997,113.599998,113.599998,6989,0.0,0.0
2023-08-22,118.400002,126.239998,110.400002,111.199997,111.199997,3883,0.0,0.0
2023-08-23,116.800003,116.800003,85.919998,107.040001,107.040001,8430,0.0,0.0
2023-08-24,111.839996,115.199997,108.800003,115.040001,115.040001,2751,0.0,0.0
2023-08-25,114.400002,114.400002,104.32,107.199997,107.199997,2185,0.0,0.0
2023-08-28,113.599998,124.160004,112.0,120.32,120.32,2088,0.0,0.0
2023-08-29,119.040001,120.160004,110.720001,116.800003,116.800003,1298,0.0,0.0
2023-08-30,113.279999,116.480003,108.800003,113.599998,113.599998,919,0.0,0.0
2023-08-31,113.599998,114.720001,107.199997,112.639999,112.639999,857,0.0,0.0
2023-09-01,112.0,114.879997,109.279999,112.160004,112.160004,344,0.0,0.0
2023-09-05,109.919998,112.0,105.599998,112.0,112.0,463,0.0,0.0
2023-09-06,109.760002,112.0,104.639999,104.639999,104.639999,481,0.0,0.0
2023-09-07,105.599998,108.800003,100.800003,107.199997,107.199997,1107,0.0,0.0
2023-09-08,107.199997,113.440002,107.199997,109.919998,109.919998,683,0.0,0.0
2023-09-11,113.599998,118.400002,107.040001,110.720001,110.720001,2226,0.0,0.0
2023-09-12,115.040001,131.199997,111.360001,122.559998,122.559998,2474,0.0,0.0
2023-09-13,118.400002,122.400002,115.360001,120.639999,120.639999,414,0.0,0.0
2023-09-14,121.440002,123.68,119.040001,120.959999,120.959999,464,0.0,0.0
2023-09-15,119.199997,126.400002,115.199997,126.400002,126.400002,449,0.0,0.0
2023-09-18,123.199997,124.800003,118.400002,118.400002,118.400002,663,0.0,0.0
2023-09-19,119.040001,122.879997,113.440002,116.800003,116.800003,428,0.0,0.0
2023-09-20,113.760002,118.400002,110.400002,110.400002,110.400002,1019,0.0,0.0
2023-09-21,109.919998,114.559998,105.599998,108.639999,108.639999,371,0.0,0.0
2023-09-22,107.040001,111.68,106.080002,106.400002,106.400002,548,0.0,0.0
2023-09-25,107.199997,110.239998,100.800003,100.800003,100.800003,1141,0.0,0.0
2023-09-26,100.800003,105.599998,94.400002,96.0,96.0,1439,0.0,0.0
2023-09-27,100.160004,106.559998,100.160004,100.800003,100.800003,443,0.0,0.0
2023-09-28,103.360001,104.0,96.0,96.32,96.32,561,0.0,0.0
2023-09-29,96.160004,97.599998,89.919998,94.400002,94.400002,1216,0.0,0.0
2023-10-02,94.720001,112.0,94.720001,105.120003,105.120003,1951,0.0,0.0
2023-10-03,107.519997,108.800003,100.0,100.959999,100.959999,744,0.0,0.0
2023-10-04,100.800003,104.0,96.800003,97.919998,97.919998,452,0.0,0.0
2023-10-05,97.440002,111.519997,96.32,109.440002,109.440002,1810,0.0,0.0
2023-10-06,111.199997,118.400002,107.199997,109.279999,109.279999,1614,0.0,0.0
2023-10-09,108.800003,112.480003,103.199997,110.400002,110.400002,751,0.0,0.0
2023-10-10,111.199997,116.0,107.68,110.239998,110.239998,1749,0.0,0.0
2023-10-11,111.839996,114.400002,107.040001,109.760002,109.760002,859,0.0,0.0
2023-10-12,115.199997,115.199997,103.360001,108.639999,108.639999,1128,0.0,0.0
2023-10-13,105.440002,107.199997,96.32,101.279999,101.279999,1628,0.0,0.0
2023-10-16,105.919998,110.400002,99.199997,108.480003,108.480003,1086,0.0,0.0
2023-10-17,109.440002,112.0,104.0,108.800003,108.800003,637,0.0,0.0
2023-10-18,111.199997,115.199997,106.239998,108.639999,108.639999,488,0.0,0.0
2023-10-19,107.199997,112.0,102.400002,104.480003,104.480003,766,0.0,0.0
2023-10-20,107.199997,108.800003,104.0,104.0,104.0,538,0.0,0.0
2023-10-23,109.279999,110.400002,102.400002,103.839996,103.839996,435,0.0,0.0
2023-10-24,106.080002,106.080002,96.32,100.480003,100.480003,1098,0.0,0.0
2023-10-25,100.0,100.480003,94.400002,96.959999,96.959999,1158,0.0,0.0
2023-10-26,96.959999,98.879997,94.400002,97.440002,97.440002,975,0.0,0.0
2023-10-27,97.599998,99.199997,93.599998,97.919998,97.919998,2253,0.0,0.0
2023-10-30,97.599998,100.639999,92.800003,96.0,96.0,954,0.0,0.0
2023-10-31,96.480003,96.480003,89.599998,92.639999,92.639999,831,0.0,0.0
2023-11-01,89.919998,92.800003,84.800003,86.239998,86.239998,862,0.0,0.0
2023-11-02,88.0,89.599998,83.199997,83.360001,83.360001,951,0.0,0.0
2023-11-03,83.199997,88.800003,82.559998,88.0,88.0,468,0.0,0.0
2023-11-06,88.959999,88.959999,81.599998,81.599998,81.599998,263,0.0,0.0
2023-11-07,84.959999,84.959999,76.800003,76.959999,76.959999,953,0.0,0.0
2023-11-08,81.440002,81.440002,73.760002,73.760002,73.760002,872,0.0,0.0
2023-11-09,75.199997,78.080002,60.32,76.800003,76.800003,5736,0.0,0.0
2023-11-10,75.040001,76.800003,72.0,76.0,76.0,698,0.0,0.0
2023-11-13,77.120003,77.919998,72.0,76.0,76.0,99,0.0,0.0
2023-11-14,75.199997,81.440002,74.400002,79.199997,79.199997,683,0.0,0.0
2023-11-15,76.800003,89.599998,76.800003,84.32,84.32,2791,0.0,0.0
2023-11-16,88.0,88.0,73.599998,74.080002,74.080002,1534,0.0,0.0
2023-11-17,87.839996,87.839996,78.400002,80.0,80.0,742,0.0,0.0
2023-11-20,85.599998,87.519997,80.0,80.639999,80.639999,217,0.0,0.0
2023-11-21,80.0,86.239998,80.0,83.360001,83.360001,761,0.0,0.0
2023-11-22,80.959999,97.760002,80.959999,95.68,95.68,1006,0.0,0.0
2023-11-24,102.400002,113.599998,97.440002,104.32,104.32,1539,0.0,0.0
2023-11-27,105.440002,106.400002,90.400002,90.400002,90.400002,754,0.0,0.0
2023-11-28,103.199997,104.0,90.400002,96.0,96.0,739,0.0,0.0
2023-11-29,100.639999,103.519997,98.400002,100.800003,100.800003,777,0.0,0.0
2023-11-30,102.400002,102.400002,94.400002,97.919998,97.919998,223,0.0,0.0
2023-12-01,99.199997,99.199997,91.199997,96.0,96.0,616,0.0,0.0
2023-12-04,96.0,100.800003,94.400002,98.559998,98.559998,353,0.0,0.0
2023-12-05,103.519997,104.0,96.480003,99.839996,99.839996,214,0.0,0.0
2023-12-06,97.440002,100.800003,94.239998,99.519997,99.519997,394,0.0,0.0
2023-12-07,99.519997,110.239998,99.519997,102.400002,102.400002,573,0.0,0.0
2023-12-08,104.32,106.720001,102.400002,102.559998,102.559998,274,0.0,0.0
2023-12-11,102.400002,110.400002,96.959999,100.0,100.0,836,0.0,0.0
2023-12-12,98.720001,101.279999,97.760002,97.919998,97.919998,759,0.0,0.0
2023-12-13,101.440002,101.599998,92.800003,96.0,96.0,556,0.0,0.0
2023-12-14,95.839996,100.639999,95.839996,96.0,96.0,1264,0.0,0.0
2023-12-15,95.68,100.0,92.800003,93.599998,93.599998,1020,0.0,0.0
2023-12-18,93.599998,97.599998,92.480003,92.480003,92.480003,907,0.0,0.0
2023-12-19,92.800003,97.279999,92.800003,92.800003,92.800003,450,0.0,0.0
2023-12-20,92.800003,99.199997,88.800003,95.839996,95.839996,1328,0.0,0.0
2023-12-21,96.0,96.0,88.0,93.760002,93.760002,733,0.0,0.0
2023-12-22,92.800003,96.959999,92.160004,96.160004,96.160004,291,0.0,0.0
2023-12-26,94.720001,99.199997,93.760002,96.480003,96.480003,993,0.0,0.0
2023-12-27,97.440002,99.040001,94.559998,96.639999,96.639999,514,0.0,0.0
2023-12-28,96.0,98.239998,92.959999,95.839996,95.839996,1200,0.0,0.0
2023-12-29,98.239998,98.239998,88.0,88.32,88.32,1464,0.0,0.0
2024-01-02,91.519997,91.519997,85.120003,85.279999,85.279999,448,0.0,0.0
2024-01-03,84.0,84.959999,82.559998,84.639999,84.639999,608,0.0,0.0
2024-01-04,84.959999,88.800003,80.639999,83.199997,83.199997,626,0.0,0.0
2024-01-05,83.199997,85.440002,81.440002,81.599998,81.599998,395,0.0,0.0
2024-01-08,81.599998,84.32,81.599998,81.760002,81.760002,1049,0.0,0.0
2024-01-09,83.519997,85.919998,81.599998,82.400002,82.400002,381,0.0,0.0
2024-01-10,82.400002,84.959999,82.400002,84.800003,84.800003,185,0.0,0.0
2024-01-11,84.0,84.0,82.400002,84.0,84.0,364,0.0,0.0
2024-01-12,82.400002,87.68,82.400002,84.959999,84.959999,442,0.0,0.0
2024-01-16,84.639999,87.68,81.760002,82.879997,82.879997,691,0.0,0.0
2024-01-17,83.199997,83.199997,81.599998,81.599998,81.599998,854,0.0,0.0
2024-01-18,81.599998,82.559998,81.599998,82.559998,82.559998,473,0.0,0.0
2024-01-19,81.599998,86.720001,81.599998,81.919998,81.919998,266,0.0,0.0
2024-01-22,81.599998,85.599998,74.239998,78.559998,78.559998,1483,0.0,0.0
2024-01-23,77.919998,77.919998,75.199997,76.160004,76.160004,492,0.0,0.0
2024-01-24,72.0,73.599998,60.639999,64.0,64.0,4390,0.0,0.0
2024-01-25,67.199997,68.0,62.400002,65.120003,65.120003,2475,0.0,0.0
2024-01-26,68.800003,68.800003,61.599998,63.200001,63.200001,2338,0.0,0.0
2024-01-29,62.560001,66.400002,60.799999,64.0,64.0,3391,0.0,0.0
2024-01-30,62.560001,64.800003,62.560001,64.160004,64.160004,241,0.0,0.0
2024-01-31,65.599998,65.599998,62.560001,64.0,64.0,311,0.0,0.0
2024-02-01,65.599998,65.599998,62.400002,64.0,64.0,443,0.0,0.0
2024-02-02,62.400002,62.400002,56.0,59.200001,59.200001,1534,0.0,0.0
2024-02-05,59.200001,62.240002,56.0,56.0,56.0,620,0.0,0.0
2024-02-06,60.799999,62.400002,56.0,58.720001,58.720001,4384,0.0,0.0
2024-02-07,58.880001,60.959999,52.799999,56.0,56.0,1234,0.0,0.0
2024-02-08,59.200001,60.799999,51.68,53.279999,53.279999,971,0.0,0.0
2024-02-09,55.84,63.200001,54.400002,62.880001,62.880001,978,0.0,0.0
2024-02-12,60.959999,64.0,60.0,61.279999,61.279999,875,0.0,0.0
2024-02-13,60.48,68.800003,60.48,67.199997,67.199997,1101,0.0,0.0
2024-02-14,65.599998,79.68,65.120003,79.68,79.68,818,0.0,0.0
2024-02-15,64.480003,94.400002,64.0,88.32,88.32,4183,0.0,0.0
2024-02-16,99.199997,103.839996,91.68,92.0,92.0,2052,0.0,0.0
2024-02-20,91.199997,96.0,86.239998,86.239998,86.239998,766,0.0,0.0
2024-02-21,86.400002,90.720001,83.199997,85.440002,85.440002,438,0.0,0.0
2024-02-22,83.68,87.839996,83.199997,84.160004,84.160004,264,0.0,0.0
2024-02-23,83.199997,90.400002,83.199997,85.760002,85.760002,469,0.0,0.0
2024-02-26,86.400002,88.800003,83.519997,84.480003,84.480003,499,0.0,0.0
2024-02-27,86.400002,86.400002,82.400002,84.639999,84.639999,784,0.0,0.0
2024-02-28,86.400002,88.959999,83.199997,87.199997,87.199997,546,0.0,0.0
2024-02-29,88.639999,106.400002,85.760002,103.519997,103.519997,1705,0.0,0.0
2024-03-01,91.360001,116.800003,89.599998,112.0,112.0,3283,0.0,0.0
2024-03-04,115.199997,115.199997,88.959999,92.800003,92.800003,3133,0.0,0.0
2024-03-05,91.68,98.720001,88.0,94.400002,94.400002,382,0.0,0.0
2024-03-06,94.080002,110.559998,94.080002,105.760002,105.760002,2063,0.0,0.0
2024-03-07,108.800003,111.199997,98.400002,103.68,103.68,956,0.0,0.0
2024-03-08,104.32,109.120003,97.599998,103.68,103.68,1041,0.0,0.0
2024-03-11,105.599998,106.559998,96.959999,100.800003,100.800003,285,0.0,0.0
2024-03-12,102.239998,104.0,89.919998,96.0,96.0,1075,0.0,0.0
2024-03-13,93.120003,100.639999,80.0,84.800003,84.800003,2248,0.0,0.0
2024-03-14,84.160004,86.400002,80.0,80.0,80.0,545,0.0,0.0
2024-03-15,82.080002,91.519997,77.120003,78.559998,78.559998,715,0.0,0.0
2024-03-18,76.959999,81.599998,68.959999,70.720001,70.720001,1746,0.0,0.0
2024-03-19,72.959999,81.599998,72.480003,75.199997,75.199997,559,0.0,0.0
2024-03-20,74.879997,84.800003,74.879997,81.279999,81.279999,663,0.0,0.0
2024-03-21,82.080002,83.68,76.160004,77.760002,77.760002,467,0.0,0.0
2024-03-22,83.199997,83.199997,76.0,80.639999,80.639999,731,0.0,0.0
2024-03-25,80.0,84.800003,74.879997,78.239998,78.239998,469,0.0,0.0
2024-03-26,80.160004,80.160004,74.879997,75.199997,75.199997,451,0.0,0.0
2024-03-27,75.199997,79.199997,73.599998,73.599998,73.599998,468,0.0,0.0
2024-03-28,75.199997,77.279999,72.0,73.599998,73.599998,489,0.0,0.0
2024-04-01,72.639999,72.639999,52.799999,59.200001,59.200001,8172,0.0,0.0
2024-04-02,59.200001,62.400002,55.200001,57.119999,57.119999,847,0.0,0.0
2024-04-03,58.400002,58.400002,54.400002,56.799999,56.799999,1149,0.0,0.0
2024-04-04,60.799999,62.400002,54.880001,56.959999,56.959999,1414,0.0,0.0
2024-04-05,58.560001,59.200001,56.0,56.0,56.0,509,0.0,0.0
2024-04-08,56.16,57.439999,52.799999,54.080002,54.080002,1018,0.0,0.0
2024-04-09,55.52,62.400002,54.400002,55.200001,55.200001,1022,0.0,0.0
2024-04-10,57.919998,57.919998,53.599998,54.560001,54.560001,284,0.0,0.0
2024-04-11,57.279999,57.439999,53.119999,53.599998,53.599998,559,0.0,0.0
2024-04-12,59.360001,59.360001,52.799999,52.799999,52.799999,1239,0.0,0.0
2024-04-15,56.0,56.32,52.799999,52.799999,52.799999,899,0.0,0.0
2024-04-16,54.400002,56.0,52.799999,53.119999,53.119999,456,0.0,0.0
2024-04-17,52.799999,55.200001,51.200001,53.279999,53.279999,909,0.0,0.0
2024-04-18,54.080002,54.560001,52.799999,53.279999,53.279999,311,0.0,0.0
2024-04-19,52.32,55.200001,52.32,54.240002,54.240002,311,0.0,0.0
2024-04-22,54.240002,55.200001,51.68,52.32,52.32,409,0.0,0.0
2024-04-23,54.720001,55.52,51.360001,51.360001,51.360001,479,0.0,0.0
2024-04-24,52.799999,54.720001,51.200001,52.639999,52.639999,485,0.0,0.0
2024-04-25,51.360001,54.880001,51.360001,52.16,52.16,145,0.0,0.0
2024-04-26,51.360001,52.799999,48.0,50.560001,50.560001,519,0.0,0.0
2024-04-29,50.880001,53.119999,44.799999,47.200001,47.200001,1192,0.0,0.0
2024-04-30,46.400002,69.599998,46.400002,52.639999,52.639999,4591,0.0,0.0
2024-05-01,52.799999,54.400002,48.16,51.200001,51.200001,677,0.0,0.0
2024-05-02,52.0,57.599998,50.400002,55.200001,55.200001,436,0.0,0.0
2024-05-03,59.200001,59.200001,51.200001,54.720001,54.720001,1467,0.0,0.0
2024-05-06,55.84,56.0,50.400002,51.200001,51.200001,556,0.0,0.0
2024-05-07,49.759998,52.799999,49.759998,50.240002,50.240002,421,0.0,0.0
2024-05-08,51.200001,51.200001,47.360001,47.68,47.68,1027,0.0,0.0
2024-05-09,50.080002,51.68,48.0,48.32,48.32,778,0.0,0.0
2024-05-10,49.439999,54.400002,48.0,49.599998,49.599998,710,0.0,0.0
2024-05-13,49.439999,52.799999,49.439999,50.560001,50.560001,824,0.0,0.0
2024-05-14,52.639999,52.639999,44.799999,49.439999,49.439999,1479,0.0,0.0
2024-05-15,48.799999,49.599998,44.959999,45.919998,45.919998,626,0.0,0.0
2024-05-16,49.599998,49.599998,43.200001,44.639999,44.639999,1291,0.0,0.0
2024-05-17,46.720001,49.599998,43.360001,45.279999,45.279999,1476,0.0,0.0
2024-05-20,44.0,46.400002,43.200001,44.16,44.16,1005,0.0,0.0
2024-05-21,44.0,48.0,43.200001,43.360001,43.360001,874,0.0,0.0
2024-05-22,43.040001,44.32,39.68,40.0,40.0,1677,0.0,0.0
2024-05-23,40.959999,43.360001,36.959999,40.799999,40.799999,1276,0.0,0.0
2024-05-24,42.720001,46.880001,40.0,45.439999,45.439999,3441,0.0,0.0
2024-05-28,46.400002,48.0,42.880001,45.439999,45.439999,1287,0.0,0.0
2024-05-29,44.16,46.720001,43.360001,45.279999,45.279999,928,0.0,0.0
2024-05-30,44.799999,48.0,42.400002,46.720001,46.720001,988,0.0,0.0
2024-05-31,49.599998,83.360001,38.560001,39.200001,39.200001,86526,0.0,0.0
2024-06-03,48.639999,48.639999,40.0,46.240002,46.240002,27384,0.0,0.0
2024-06-04,46.240002,48.0,39.360001,40.0,40.0,14867,0.0,0.0
2024-06-05,40.799999,40.799999,36.0,40.0,40.0,8926,0.0,0.0
2024-06-06,40.0,43.040001,37.439999,40.799999,40.799999,7517,0.0,0.0
2024-06-07,40.0,42.240002,38.400002,41.279999,41.279999,3208,0.0,0.0
2024-06-10,41.919998,43.200001,40.0,40.0,40.0,1969,0.0,0.0
2024-06-11,38.880001,40.799999,36.799999,40.32,40.32,2032,0.0,0.0
2024-06-12,40.32,41.599998,36.799999,38.880001,38.880001,3496,0.0,0.0
2024-06-13,40.0,40.0,35.360001,36.639999,36.639999,8157,0.0,0.0
2024-06-14,36.799999,36.959999,33.599998,36.799999,36.799999,2836,0.0,0.0
2024-06-17,35.68,37.759998,33.919998,36.48,36.48,2842,0.0,0.0
2024-06-18,36.32,36.799999,32.16,34.880001,34.880001,2929,0.0,0.0
2024-06-20,34.400002,41.599998,33.759998,37.599998,37.599998,7467,0.0,0.0
2024-06-21,36.959999,39.200001,34.400002,34.400002,34.400002,5069,0.0,0.0
2024-06-24,36.0,47.040001,34.560001,38.240002,38.240002,20776,0.0,0.0
2024-06-25,36.0,40.48,36.0,38.400002,38.400002,8859,0.0,0.0
2024-06-26,38.560001,41.759998,38.400002,39.68,39.68,3121,0.0,0.0
2024-06-27,40.32,43.200001,36.16,40.639999,40.639999,4796,0.0,0.0
2024-06-28,40.639999,41.599998,36.799999,36.799999,36.799999,5079,0.0,0.0
2024-07-01,39.360001,41.279999,38.400002,40.16,40.16,2982,0.0,0.0
2024-07-02,39.040001,40.16,36.0,37.279999,37.279999,6048,0.0,0.0
2024-07-03,37.279999,38.400002,36.16,36.639999,36.639999,2221,0.0,0.0
2024-07-05,36.799999,44.799999,36.799999,42.880001,42.880001,6436,0.0,0.0
2024-07-08,44.799999,51.200001,43.200001,48.48,48.48,7928,0.0,0.0
2024-07-09,48.48,55.68,44.799999,47.360001,47.360001,7464,0.0,0.0
2024-07-10,48.799999,50.080002,44.959999,46.560001,46.560001,1343,0.0,0.0
2024-07-11,46.560001,49.439999,41.599998,43.200001,43.200001,4489,0.0,0.0
2024-07-12,44.799999,50.080002,44.0,50.080002,50.080002,3434,0.0,0.0
2024-07-15,46.400002,54.400002,46.400002,52.32,52.32,3190,0.0,0.0
2024-07-16,52.799999,55.360001,50.240002,52.639999,52.639999,2323,0.0,0.0
2024-07-17,52.799999,54.400002,48.48,48.48,48.48,3048,0.0,0.0
2024-07-18,48.0,48.799999,43.200001,43.68,43.68,4136,0.0,0.0
2024-07-19,44.0,50.560001,41.919998,45.119999,45.119999,2915,0.0,0.0
2024-07-22,48.639999,51.200001,45.599998,51.200001,51.200001,3889,0.0,0.0
2024-07-23,51.360001,59.200001,51.360001,57.439999,57.439999,3859,0.0,0.0
2024-07-24,57.599998,62.400002,56.16,57.759998,57.759998,3194,0.0,0.0
2024-07-25,56.0,59.200001,50.560001,51.200001,51.200001,5314,0.0,0.0
2024-07-26,52.16,56.0,51.200001,54.240002,54.240002,1669,0.0,0.0
2024-07-29,54.400002,55.360001,48.16,54.720001,54.720001,1793,0.0,0.0
2024-07-30,53.119999,56.16,48.799999,49.279999,49.279999,3663,0.0,0.0
2024-07-31,49.599998,51.200001,46.880001,47.52,47.52,2916,0.0,0.0
2024-08-01,48.799999,51.040001,48.799999,49.439999,49.439999,855,0.0,0.0
2024-08-02,48.639999,49.439999,43.200001,43.360001,43.360001,3349,0.0,0.0
2024-08-05,43.040001,46.240002,38.400002,43.84,43.84,3783,0.0,0.0
2024-08-06,46.400002,55.68,44.799999,52.799999,52.799999,5146,0.0,0.0
2024-08-07,51.360001,58.720001,51.360001,57.919998,57.919998,3268,0.0,0.0
2024-08-08,58.240002,58.240002,50.560001,57.439999,57.439999,2601,0.0,0.0
2024-08-09,55.68,62.400002,52.799999,62.240002,62.240002,2521,0.0,0.0
2024-08-12,62.400002,72.0,62.400002,68.800003,68.800003,4116,0.0,0.0
2024-08-13,73.599998,73.599998,62.400002,65.760002,65.760002,3515,0.0,0.0
2024-08-14,60.959999,64.160004,60.799999,61.119999,61.119999,1049,0.0,0.0
2024-08-15,60.0,65.279999,53.119999,57.599998,57.599998,7790,0.0,0.0
2024-08-16,59.200001,73.599998,59.040001,71.199997,71.199997,7248,0.0,0.0
2024-08-19,77.279999,83.199997,70.400002,74.080002,74.080002,9586,0.0,0.0
2024-08-20,76.32,76.800003,68.959999,71.199997,71.199997,1902,0.0,0.0
2024-08-21,72.0,83.199997,70.559998,81.919998,81.919998,6160,0.0,0.0
2024-08-22,81.919998,82.559998,67.519997,72.0,72.0,8363,0.0,0.0
2024-08-23,72.480003,73.599998,68.0,70.080002,70.080002,2755,0.0,0.0
2024-08-26,68.959999,76.0,61.759998,64.959999,64.959999,5735,0.0,0.0
2024-08-27,64.0,64.0,54.560001,57.919998,57.919998,4856,0.0,0.0
2024-08-28,60.16,60.16,46.080002,48.48,48.48,6954,0.0,0.0
2024-08-29,48.799999,53.279999,47.040001,47.84,47.84,6850,0.0,0.0
2024-08-30,49.759998,55.84,48.799999,52.32,52.32,7243,0.0,0.0
2024-09-03,52.16,52.16,46.720001,47.200001,47.200001,3573,0.0,0.0
2024-09-04,49.599998,52.48,46.400002,48.0,48.0,1998,0.0,0.0
2024-09-05,48.0,51.040001,45.119999,45.279999,45.279999,2658,0.0,0.0
2024-09-06,44.799999,48.0,43.84,44.639999,44.639999,1903,0.0,0.0
2024-09-09,42.560001,47.040001,42.400002,43.040001,43.040001,3673,0.0,0.0
2024-09-10,42.720001,44.799999,39.52,43.360001,43.360001,5529,0.0,0.0
2024-09-11,44.16,45.599998,40.799999,42.240002,42.240002,1096,0.0,0.0
2024-09-12,42.080002,43.040001,40.959999,41.599998,41.599998,1808,0.0,0.0
2024-09-13,40.799999,45.599998,40.799999,41.599998,41.599998,1918,0.0,0.0
2024-09-16,46.080002,46.080002,40.959999,40.959999,40.959999,1001,0.0,0.0
2024-09-17,41.599998,42.400002,40.32,40.32,40.32,894,0.0,0.0
2024-09-18,41.599998,44.0,40.639999,41.599998,41.599998,2290,0.0,0.0
2024-09-19,41.759998,42.400002,38.560001,38.560001,38.560001,1893,0.0,0.0
2024-09-20,38.400002,41.599998,38.400002,39.360001,39.360001,3000,0.0,0.0
2024-09-23,39.360001,40.799999,38.560001,38.560001,38.560001,1041,0.0,0.0
2024-09-24,38.560001,41.599998,38.400002,39.360001,39.360001,3940,0.0,0.0
2024-09-25,39.360001,41.599998,36.959999,38.560001,38.560001,1159,0.0,0.0
2024-09-26,38.560001,41.439999,37.119999,39.040001,39.040001,1854,0.0,0.0
2024-09-27,40.16,40.639999,37.599998,39.84,39.84,1459,0.0,0.0
2024-09-30,39.84,40.799999,38.400002,40.32,40.32,878,0.0,0.0
2024-10-01,39.84,44.799999,38.080002,42.560001,42.560001,5471,0.0,0.0
2024-10-02,41.759998,46.400002,39.68,40.48,40.48,5736,0.0,0.0
2024-10-03,40.48,44.799999,39.68,39.68,39.68,1434,0.0,0.0
2024-10-04,39.84,43.200001,39.68,42.880001,42.880001,1096,0.0,0.0
2024-10-07,43.200001,44.0,40.0,42.720001,42.720001,2839,0.0,0.0
2024-10-08,43.040001,47.040001,41.279999,46.240002,46.240002,5821,0.0,0.0
2024-10-09,46.400002,49.599998,43.200001,45.919998,45.919998,4179,0.0,0.0
2024-10-10,48.0,48.0,40.959999,41.759998,41.759998,4593,0.0,0.0
2024-10-11,41.599998,44.799999,40.959999,43.200001,43.200001,2096,0.0,0.0
2024-10-14,41.599998,44.799999,41.599998,43.040001,43.040001,1307,0.0,0.0
2024-10-15,43.040001,44.0,41.599998,43.360001,43.360001,1268,0.0,0.0
2024-10-16,42.240002,45.279999,42.080002,44.16,44.16,4076,0.0,0.0
2024-10-17,43.200001,44.639999,41.759998,42.560001,42.560001,2624,0.0,0.0
2024-10-18,41.599998,42.560001,39.200001,40.959999,40.959999,2027,0.0,0.0
2024-10-21,40.48,42.560001,38.720001,38.880001,38.880001,2943,0.0,0.0
2024-10-22,38.880001,41.279999,38.880001,40.48,40.48,1673,0.0,0.0
2024-10-23,39.360001,40.16,36.32,37.759998,37.759998,3633,0.0,0.0
2024-10-24,37.759998,38.560001,32.959999,36.0,36.0,3898,0.0,0.0
2024-10-25,36.0,38.400002,35.200001,37.279999,37.279999,2992,0.0,0.0
2024-10-28,36.48,37.919998,32.0,33.599998,33.599998,9491,0.0,0.0
2024-10-29,33.599998,33.599998,30.559999,33.279999,33.279999,5105,0.0,0.0
2024-10-30,33.279999,33.599998,30.879999,31.360001,31.360001,1971,0.0,0.0
2024-10-31,31.360001,33.919998,27.360001,31.360001,31.360001,5506,0.0,0.0
2024-11-01,30.4,31.360001,28.799999,30.08,30.08,2225,0.0,0.0
2024-11-04,30.24,31.360001,29.120001,31.200001,31.200001,1155,0.0,0.0
2024-11-05,30.879999,32.32,30.4,30.559999,30.559999,2286,0.0,0.0
2024-11-06,30.559999,31.68,28.959999,29.92,29.92,2619,0.0,0.0
2024-11-07,31.52,32.639999,22.4,31.200001,31.200001,5396,0.0,0.0
2024-11-08,29.120001,32.0,27.68,32.0,32.0,2623,0.0,0.0
2024-11-11,32.48,37.919998,32.32,36.959999,36.959999,6017,0.0,0.0
2024-11-12,36.799999,38.880001,30.559999,35.200001,35.200001,3689,0.0,0.0
2024-11-13,34.240002,35.200001,31.040001,32.639999,32.639999,1808,0.0,0.0
2024-11-14,33.279999,36.0,31.040001,31.52,31.52,1402,0.0,0.0
2024-11-15,31.52,32.0,28.16,28.959999,28.959999,2121,0.0,0.0
2024-11-18,29.120001,31.200001,28.48,30.24,30.24,2628,0.0,0.0
2024-11-19,30.559999,33.279999,29.6,31.360001,31.360001,4581,0.0,0.0
2024-11-20,31.360001,34.400002,30.4,34.400002,34.400002,2824,0.0,0.0
2024-11-21,35.68,35.68,32.0,33.599998,33.599998,1960,0.0,0.0
2024-11-22,32.32,36.48,31.84,34.240002,34.240002,2832,0.0,0.0
2024-11-25,33.279999,35.200001,29.6,32.0,32.0,3886,0.0,0.0
2024-11-26,32.0,33.599998,30.4,31.200001,31.200001,927,0.0,0.0
2024-11-27,30.719999,33.599998,29.6,31.68,31.68,1241,0.0,0.0
2024-11-29,30.879999,33.439999,30.08,31.200001,31.200001,843,0.0,0.0
2024-12-02,31.68,31.68,28.959999,30.08,30.08,1809,0.0,0.0
2024-12-03,30.08,30.4,27.360001,29.6,29.6,2922,0.0,0.0
2024-12-04,28.799999,32.32,28.799999,31.040001,31.040001,3024,0.0,0.0
2024-12-05,30.4,32.0,29.6,30.08,30.08,1299,0.0,0.0
2024-12-06,31.040001,31.200001,27.52,29.6,29.6,1783,0.0,0.0
2024-12-09,28.799999,28.799999,24.16,27.360001,27.360001,7557,0.0,0.0
2024-12-10,27.52,27.52,24.16,26.24,26.24,4691,0.0,0.0
2024-12-11,26.08,27.52,24.16,24.799999,24.799999,2394,0.0,0.0
2024-12-12,24.799999,28.0,24.32,24.48,24.48,3025,0.0,0.0
2024-12-13,25.120001,27.040001,24.16,25.120001,25.120001,1811,0.0,0.0
2024-12-16,25.440001,26.559999,24.32,24.32,24.32,2294,0.0,0.0
2024-12-17,25.120001,25.6,24.32,24.32,24.32,2557,0.0,0.0
2024-12-18,24.799999,26.4,24.16,24.16,24.16,1766,0.0,0.0
2024-12-19,24.16,25.6,23.52,23.52,23.52,2493,0.0,0.0
2024-12-20,23.84,25.6,23.52,24.0,24.0,1370,0.0,0.0
2024-12-23,25.6,26.4,24.959999,24.959999,24.959999,2767,0.0,0.0
2024-12-24,25.92,28.639999,24.959999,28.16,28.16,3106,0.0,0.0
2024-12-26,28.0,29.120001,27.200001,27.68,27.68,5737,0.0,0.0
2024-12-27,28.0,29.120001,25.76,28.0,28.0,3282,0.0,0.0
2024-12-30,27.200001,28.799999,26.08,28.32,28.32,2049,0.0,0.0
2024-12-31,26.4,28.16,24.799999,25.76,25.76,5114,0.0,0.0
2025-01-02,26.4,30.08,26.4,28.32,28.32,5836,0.0,0.0
2025-01-03,30.4,43.040001,27.68,38.400002,38.400002,130248,0.0,0.0
2025-01-06,44.799999,54.400002,41.599998,43.200001,43.200001,379524,0.0,0.0
2025-01-07,32.639999,36.48,30.4,32.48,32.48,33443,0.0,0.0
2025-01-08,30.4,30.879999,27.68,28.959999,28.959999,14703,0.0,0.0
2025-01-10,28.48,36.16,28.48,34.400002,34.400002,27704,0.0,0.0
2025-01-13,33.599998,33.599998,30.08,30.879999,30.879999,9804,0.0,0.0
2025-01-14,30.08,32.799999,29.92,31.200001,31.200001,4096,0.0,0.0
2025-01-15,32.0,33.599998,28.639999,30.4,30.4,11528,0.0,0.0
2025-01-16,30.4,35.040001,30.08,33.599998,33.599998,8645,0.0,0.0
2025-01-17,32.0,36.48,32.0,34.400002,34.400002,9452,0.0,0.0
2025-01-21,34.400002,36.16,32.32,36.16,36.16,3040,0.0,0.0
2025-01-22,34.240002,35.040001,33.119999,33.599998,33.599998,1661,0.0,0.0
2025-01-23,33.119999,35.200001,32.0,32.799999,32.799999,5439,0.0,0.0
2025-01-24,33.279999,33.279999,29.76,31.84,31.84,10541,0.0,0.0
2025-01-27,32.0,33.439999,31.200001,31.200001,31.200001,4276,0.0,0.0
2025-01-28,31.84,43.200001,31.360001,35.68,35.68,120251,0.0,0.0
2025-01-29,32.799999,38.400002,32.799999,37.119999,37.119999,15314,0.0,0.0
2025-01-30,35.200001,38.080002,33.919998,36.32,36.32,7411,0.0,0.0
2025-01-31,36.799999,37.599998,34.400002,37.439999,37.439999,9086,0.0,0.0
2025-02-03,36.799999,37.599998,32.0,32.799999,32.799999,57990,0.0,0.0
2025-02-04,32.0,32.0,29.6,32.0,32.0,10830,0.0,0.0
2025-02-05,31.200001,32.0,29.6,30.08,30.08,5154,0.0,0.0
2025-02-06,30.559999,32.799999,30.24,31.040001,31.040001,5523,0.0,0.0
2025-02-07,31.52,32.0,30.08,31.200001,31.200001,6944,0.0,0.0
2025-02-10,31.52,31.52,28.959999,29.92,29.92,4648,0.0,0.0
2025-02-11,29.6,30.08,27.68,29.6,29.6,14460,0.0,0.0
2025-02-12,30.4,30.4,27.52,27.84,27.84,4633,0.0,0.0
2025-02-13,28.799999,28.799999,24.799999,26.08,26.08,8440,0.0,0.0
2025-02-14,26.4,27.200001,25.6,27.200001,27.200001,2739,0.0,0.0
2025-02-18,27.040001,28.639999,24.16,26.559999,26.559999,3764,0.0,0.0
2025-02-19,26.719999,26.879999,25.280001,26.4,26.4,4709,0.0,0.0
2025-02-20,25.76,28.0,24.799999,26.879999,26.879999,10196,0.0,0.0
2025-02-21,27.040001,27.200001,25.76,26.559999,26.559999,4684,0.0,0.0
2025-02-24,27.200001,27.200001,24.0,25.120001,25.120001,6906,0.0,0.0
2025-02-25,25.120001,25.280001,22.719999,23.84,23.84,6072,0.0,0.0
2025-02-26,24.16,24.16,23.200001,23.200001,23.200001,1703,0.0,0.0
2025-02-27,25.92,25.92,23.84,24.16,24.16,9745,0.0,0.0
2025-02-28,24.16,26.4,22.879999,25.6,25.6,20359,0.0,0.0
2025-03-03,26.4,26.4,24.16,24.16,24.16,4174,0.0,0.0
2025-03-04,24.16,24.32,22.4,23.200001,23.200001,4532,0.0,0.0
2025-03-05,22.559999,24.48,22.08,23.68,23.68,7998,0.0,0.0
2025-03-06,23.200001,23.84,22.879999,23.040001,23.040001,2529,0.0,0.0
2025-03-07,23.84,24.48,22.879999,24.16,24.16,2771,0.0,0.0
2025-03-10,24.0,24.0,22.24,22.4,22.4,1616,0.0,0.0
2025-03-11,23.200001,23.84,20.959999,22.08,22.08,3232,0.0,0.0
2025-03-12,21.6,22.879999,19.84,21.440001,21.440001,3946,0.0,0.0
2025-03-13,21.440001,21.440001,19.360001,19.52,19.52,2557,0.0,0.0
2025-03-14,17.76,19.84,10.08,11.2,11.2,11779,0.0,0.0
2025-03-17,11.2,11.2,11.2,11.2,11.2,0,0.0,0.0
2025-03-18,11.2,11.2,11.2,11.2,11.2,0,0.0,0.0
2025-03-19,11.2,11.2,11.2,11.2,11.2,0,0.0,0.0
2025-03-20,11.2,11.2,11.2,11.2,11.2,0,0.0,0.0
2025-03-21,11.2,11.2,11.2,11.2,11.2,0,0.0,0.0
2025-03-24,11.2,11.2,11.2,11.2,11.2,0,0.0,0.0
2025-03-25,11.2,11.2,11.2,11.2,11.2,0,0.0,0.0
2025-03-26,11.2,11.2,11.2,11.2,11.2,0,0.0,0.0
2025-03-27,11.2,11.2,11.2,11.2,11.2,0,0.0,0.0
2025-03-28,12.0,12.0,5.96,6.18,6.18,65350,0.0,0.025
2025-03-31,6.24,6.46,5.2,5.6,5.6,20950,0.0,0.0
2025-04-01,5.6,6.72,5.6,5.892,5.892,31800,0.0,0.0
2025-04-02,5.96,8.2,5.88,6.56,6.56,141650,0.0,0.0
2025-04-03,6.52,6.52,5.32,6.26,6.26,48025,0.0,0.0
2025-04-04,5.84,6.56,5.4,6.5,6.5,38900,0.0,0.0
2025-04-07,6.24,6.32,5.0,5.04,5.04,26125,0.0,0.0
2025-04-08,5.04,5.4,4.84,4.92,4.92,20350,0.0,0.0
2025-04-09,5.04,6.2,3.848,5.88,5.88,88800,0.0,0.0
2025-04-10,5.88,6.2,5.36,5.36,5.36,12575,0.0,0.0
2025-04-11,5.52,6.12,5.36,5.72,5.72,11675,0.0,0.0
2025-04-14,5.76,5.96,5.2,5.52,5.52,1170375,0.0,0.0
2025-04-15,7.72,11.6,7.52,11.28,11.28,12539025,0.0,0.0
2025-04-16,15.96,19.120001,12.52,17.200001,17.200001,10993925,0.0,0.0
2025-04-17,15.04,17.280001,14.36,16.719999,16.719999,290300,0.0,0.0
2025-04-21,15.44,26.6,14.16,26.6,26.6,1222950,0.0,0.0
2025-04-22,32.52,39.16,21.968,27.08,27.08,1046825,0.0,0.0
2025-04-23,25.68,35.52,24.4,32.0,32.0,289150,0.0,0.0
2025-04-24,26.84,31.608,26.68,28.76,28.76,120450,0.0,0.0
2025-04-25,27.08,28.676001,23.92,24.16,24.16,111475,0.0,0.0
2025-04-28,20.0,23.959999,20.0,23.24,23.24,41725,0.0,0.0
2025-04-29,21.040001,24.799999,21.040001,24.6,24.6,94075,0.0,0.0
2025-04-30,23.24,30.959999,23.24,27.360001,27.360001,77150,0.0,0.0
2025-05-01,26.68,31.0,26.68,29.48,29.48,59725,0.0,0.0
2025-05-02,29.719999,33.599998,29.6,31.280001,31.280001,46525,0.0,0.0
2025-05-05,30.16,31.128,26.52,26.52,26.52,82725,0.0,0.0
2025-05-06,25.4,26.327999,22.32,22.84,22.84,93900,0.0,0.0
2025-05-07,23.559999,27.16,23.52,26.4,26.4,35150,0.0,0.0
2025-05-08,26.24,26.4,24.18,24.559999,24.559999,62750,0.0,0.0
2025-05-09,24.200001,25.08,22.360001,23.08,23.08,48275,0.0,0.0
2025-05-12,22.52,22.804001,20.76,20.84,20.84,15550,0.0,0.0
2025-05-13,20.84,22.84,20.200001,22.639999,22.639999,22400,0.0,0.0
2025-05-14,22.040001,22.92,21.200001,21.92,21.92,6875,0.0,0.0
2025-05-15,21.040001,22.0,20.799999,21.0,21.0,6025,0.0,0.0
2025-05-16,20.4,21.903999,20.4,21.24,21.24,5475,0.0,0.0
2025-05-19,20.360001,20.48,18.0,18.52,18.52,33025,0.0,0.0
2025-05-20,17.799999,19.204,16.559999,16.799999,16.799999,9400,0.0,0.0
2025-05-21,16.639999,17.24,16.0,16.16,16.16,4300,0.0,0.0
2025-05-22,15.84,16.120001,13.64,14.36,14.36,12150,0.0,0.0
2025-05-23,14.12,19.16,14.12,15.92,15.92,53125,0.0,0.0
2025-05-27,16.0,16.0,14.088,15.12,15.12,7350,0.0,0.0
2025-05-28,15.0,15.16,14.0,14.88,14.88,4200,0.0,0.0
2025-05-29,15.96,15.96,14.096,14.72,14.72,4025,0.0,0.0
2025-05-30,14.04,15.56,14.04,15.16,15.16,5000,0.0,0.0
2025-06-02,15.76,15.76,14.4,15.12,15.12,1575,0.0,0.0
2025-06-03,15.4,15.8,14.564,15.68,15.68,3675,0.0,0.0
2025-06-04,14.92,15.696,14.8,14.88,14.88,2950,0.0,0.0
2025-06-05,14.36,15.2,14.36,14.88,14.88,1350,0.0,0.0
2025-06-06,15.0,15.8,14.62,14.84,14.84,3700,0.0,0.0
2025-06-09,15.28,15.4,14.8,14.84,14.84,1150,0.0,0.0
2025-06-10,14.76,14.76,14.3,14.76,14.76,2825,0.0,0.0
2025-06-11,14.32,15.592,13.6,13.756,13.756,13750,0.0,0.0
2025-06-12,13.92,13.92,12.056,12.68,12.68,7300,0.0,0.0
2025-06-13,12.72,12.72,11.4,11.52,11.52,4525,0.0,0.0
2025-06-16,11.2,11.5,8.556,9.32,9.32,15275,0.0,0.0
2025-06-17,9.36,10.16,9.36,9.96,9.96,3700,0.0,0.0
2025-06-18,9.968,10.44,9.564,10.44,10.44,2750,0.0,0.0
2025-06-20,9.56,11.732,9.56,11.024,11.024,5125,0.0,0.0
2025-06-23,10.68,10.8,10.192,10.44,10.44,2875,0.0,0.0
2025-06-24,10.46,13.88,10.04,12.2,12.2,23300,0.0,0.0
2025-06-25,12.36,13.24,11.7,12.12,12.12,3000,0.0,0.0
2025-06-26,12.4,20.440001,11.88,16.799999,16.799999,518400,0.0,0.0
2025-06-27,14.8,15.44,14.52,14.88,14.88,29750,0.0,0.0
2025-06-30,15.36,15.36,12.04,15.04,15.04,14025,0.0,0.0
2025-07-01,14.6,14.6,13.612,13.68,13.68,3025,0.0,0.0
2025-07-02,13.72,14.4,13.16,13.52,13.52,3275,0.0,0.0
2025-07-03,13.12,14.04,13.012,13.76,13.76,2450,0.0,0.0
2025-07-07,13.72,13.76,12.388,12.88,12.88,2600,0.0,0.0
2025-07-08,13.32,13.92,12.84,13.6,13.6,8175,0.0,0.0
2025-07-09,13.88,14.04,13.464,13.76,13.76,2250,0.0,0.0
2025-07-10,13.92,15.32,13.848,14.84,14.84,4975,0.0,0.0
2025-07-11,16.0,16.0,13.62,14.08,14.08,2425,0.0,0.0
2025-07-14,14.84,14.84,13.76,14.008,14.008,4250,0.0,0.0
2025-07-15,14.32,14.32,11.96,12.792,12.792,8550,0.0,0.0
2025-07-16,13.08,13.36,12.2,12.24,12.24,5000,0.0,0.0
2025-07-17,12.2,12.2,10.2,10.24,10.24,21550,0.0,0.0
2025-07-18,10.88,10.88,10.04,10.76,10.76,11525,0.0,0.0
2025-07-21,10.04,10.4,8.58,9.28,9.28,25500,0.0,0.0
2025-07-22,9.36,9.92,8.0,8.8,8.8,10625,0.0,0.0
2025-07-23,8.88,9.04,8.24,8.24,8.24,8325,0.0,0.0
2025-07-24,8.36,8.4,7.52,7.68,7.68,12850,0.0,0.0
2025-07-25,7.44,8.4,7.44,8.12,8.12,6000,0.0,0.0
2025-07-28,8.36,9.0,8.32,8.4,8.4,18450,0.0,0.0
2025-07-29,8.6,8.6,7.008,8.08,8.08,19400,0.0,0.0
2025-07-30,8.2,8.44,7.56,7.76,7.76,12350,0.0,0.0
2025-07-31,8.12,8.12,6.88,6.92,6.92,10450,0.0,0.0
2025-08-01,6.92,6.92,6.28,6.4,6.4,8525,0.0,0.0
2025-08-04,6.4,8.28,5.8,8.28,8.28,84650,0.0,0.0
2025-08-05,8.44,10.024,7.348,7.96,7.96,54100,0.0,0.0
2025-08-06,7.92,8.0,7.12,7.62,7.62,19200,0.0,0.0
2025-08-07,7.6,7.6,6.808,6.888,6.888,13200,0.0,0.0
2025-08-08,7.08,7.08,6.8,6.84,6.84,7750,0.0,0.0
2025-08-11,6.92,6.92,6.32,6.44,6.44,6200,0.0,0.0
2025-08-12,6.52,7.52,6.52,7.084,7.084,33025,0.0,0.0
2025-08-13,7.08,7.6,6.52,6.88,6.88,28175,0.0,0.0
2025-08-14,6.92,7.08,6.292,6.44,6.44,28100,0.0,0.0
2025-08-15,6.6,6.92,5.8,6.32,6.32,15950,0.0,0.0
2025-08-18,6.56,6.56,6.112,6.28,6.28,8250,0.0,0.0
2025-08-19,6.36,6.4,6.08,6.08,6.08,387975,0.0,0.0
2025-08-20,6.8,9.6,6.08,7.76,7.76,5305200,0.0,0.0
2025-08-21,6.8,7.84,6.564,6.84,6.84,153600,0.0,0.0
2025-08-22,6.92,7.72,6.6,7.6,7.6,59575,0.0,0.0
2025-08-25,7.08,8.48,6.44,7.84,7.84,90275,0.0,0.0
2025-08-26,7.44,7.84,7.38,7.4,7.4,29475,0.0,0.0
2025-08-27,7.4,7.4,6.76,6.96,6.96,16350,0.0,0.0
2025-08-28,6.96,7.16,6.68,7.16,7.16,11275,0.0,0.0
2025-08-29,7.2,7.2,6.44,6.7,6.7,10100,0.0,0.0
2025-09-02,6.52,6.84,6.52,6.84,6.84,7775,0.0,0.0
2025-09-03,6.48,7.036,6.44,6.68,6.68,40800,0.0,0.0
2025-09-04,6.64,6.68,6.4,6.48,6.48,9150,0.0,0.0
2025-09-05,6.52,6.64,6.44,6.56,6.56,4825,0.0,0.0
2025-09-08,6.6,6.916,6.12,6.36,6.36,17350,0.0,0.0
2025-09-09,6.28,6.96,6.28,6.84,6.84,7075,0.0,0.0
2025-09-10,6.76,7.06,6.76,6.96,6.96,5950,0.0,0.0
2025-09-11,6.88,7.12,6.8,7.08,7.08,6900,0.0,0.0
2025-09-12,6.88,7.12,6.76,6.88,6.88,12200,0.0,0.0
2025-09-15,6.76,7.02,6.72,6.76,6.76,9250,0.0,0.0
2025-09-16,7.04,9.16,6.88,8.8,8.8,137550,0.0,0.0
2025-09-17,8.8,9.28,8.468,8.76,8.76,27200,0.0,0.0
2025-09-18,8.52,9.28,8.52,9.04,9.04,8450,0.0,0.0
2025-09-19,8.96,9.12,8.74,8.76,8.76,9975,0.0,0.0
2025-09-22,8.52,9.24,8.52,8.84,8.84,19975,0.0,0.0
2025-09-23,8.76,9.2,8.66,8.76,8.76,9250,0.0,0.0
2025-09-24,8.84,9.0,8.608,8.76,8.76,2500,0.0,0.0
2025-09-25,8.92,9.036,8.6,8.8,8.8,3375,0.0,0.0
2025-09-26,8.92,11.12,8.92,9.6,9.6,47550,0.0,0.0
2025-09-29,9.24,9.64,8.8,9.16,9.16,10900,0.0,0.0
2025-09-30,9.24,9.6,8.9,9.44,9.44,5525,0.0,0.0
2025-10-01,9.48,9.656,9.36,9.52,9.52,3650,0.0,0.0
2025-10-02,9.68,9.88,9.4,9.64,9.64,6175,0.0,0.0
2025-10-03,9.4,10.16,9.36,10.16,10.16,1975,0.0,0.0
2025-10-06,9.76,10.08,9.56,9.68,9.68,4950,0.0,0.0
2025-10-07,9.68,9.92,9.08,9.32,9.32,9625,0.0,0.0
2025-10-08,9.44,9.44,8.88,9.04,9.04,4900,0.0,0.0
2025-10-09,9.8,9.8,8.92,9.44,9.44,11400,0.0,0.0
2025-10-10,9.24,9.58,7.96,8.44,8.44,32600,0.0,0.0
2025-10-13,8.48,9.28,8.24,8.44,8.44,5450,0.0,0.0
2025-10-14,8.36,8.88,8.0,8.8,8.8,2775,0.0,0.0
2025-10-15,8.8,9.08,8.56,8.76,8.76,2425,0.0,0.0
2025-10-16,8.8,8.8,8.04,8.24,8.24,4250,0.0,0.0
2025-10-17,8.24,8.4,7.04,7.24,7.24,11625,0.0,0.0
2025-10-20,7.44,7.68,7.32,7.68,7.68,2000,0.0,0.0
2025-10-21,7.72,7.86,7.4,7.56,7.56,3116775,0.0,0.0
2025-10-22,9.68,13.4,8.92,9.8,9.8,9652625,0.0,0.0
2025-10-23,9.0,10.28,8.0,8.08,8.08,162650,0.0,0.0
2025-10-24,7.48,9.44,7.48,8.6,8.6,65550,0.0,0.0
2025-10-27,8.0,9.04,7.8,7.8,7.8,64400,0.0,0.0
2025-10-28,8.0,8.6,7.92,8.28,8.28,42675,0.0,0.0
2025-10-29,8.28,8.28,7.44,7.48,7.48,26500,0.0,0.0
2025-10-30,6.84,7.48,6.28,6.56,6.56,50425,0.0,0.0
2025-10-31,6.32,6.8,6.32,6.52,6.52,24250,0.0,0.0
2025-11-03,6.6,6.6,5.84,6.08,6.08,20650,0.0,0.0
2025-11-04,5.92,6.04,4.92,5.28,5.28,21900,0.0,0.0
2025-11-05,5.28,5.56,5.28,5.56,5.56,8325,0.0,0.0
2025-11-06,5.6,5.8,5.12,5.12,5.12,21050,0.0,0.0
2025-11-07,4.6,4.92,4.344,4.36,4.36,28950,0.0,0.0
2025-11-10,4.64,4.64,4.38,4.52,4.52,9425,0.0,0.0
2025-11-11,4.6,4.6,4.308,4.4,4.4,8925,0.0,0.0
2025-11-12,4.84,5.68,4.72,5.0,5.0,72400,0.0,0.0
2025-11-13,5.04,5.12,4.412,4.48,4.48,29500,0.0,0.0
2025-11-14,4.32,4.696,4.28,4.32,4.32,15825,0.0,0.0
2025-11-17,4.12,4.32,4.0,4.12,4.12,16875,0.0,0.0
2025-11-18,4.04,4.16,3.952,3.952,3.952,7025,0.0,0.0
2025-11-19,3.84,3.96,3.404,3.612,3.612,24975,0.0,0.0
2025-11-20,3.52,3.704,2.96,2.976,2.976,413550,0.0,0.0
2025-11-21,3.612,3.84,2.82,3.084,3.084,1125400,0.0,0.0
2025-11-24,3.2,6.68,3.076,4.72,4.72,11794100,0.0,0.0
2025-11-25,4.16,4.76,4.0,4.08,4.08,479550,0.0,0.0
2025-11-26,3.64,5.52,3.36,5.28,5.28,352525,0.0,0.0
2025-11-28,5.12,5.48,4.48,4.96,4.96,59450,0.0,0.0
2025-12-01,5.0,5.68,4.872,5.36,5.36,77925,0.0,0.0
2025-12-02,5.52,6.76,4.88,5.44,5.44,4813500,0.0,0.0
2025-12-03,5.2,6.32,5.2,5.28,5.28,168650,0.0,0.0
2025-12-04,5.36,5.88,5.2,5.88,5.88,42525,0.0,0.0
2025-12-05,5.52,6.272,5.44,6.0,6.0,85725,0.0,0.0
2025-12-08,5.96,6.0,4.96,5.28,5.28,52925,0.0,0.0
2025-12-09,5.32,5.436,4.996,5.4,5.4,42375,0.0,0.0
2025-12-10,5.2,5.6,5.16,5.36,5.36,27525,0.0,0.0
2025-12-11,5.4,5.4,5.08,5.32,5.32,19050,0.0,0.0
2025-12-12,5.28,5.28,5.0,5.1,5.1,16125,0.0,0.0
2025-12-15,4.96,5.024,4.56,4.64,4.64,34400,0.0,0.0
2025-12-16,4.64,4.64,4.28,4.48,4.48,15475,0.0,0.0
2025-12-17,4.52,4.6,4.4,4.48,4.48,10500,0.0,0.0
2025-12-18,4.6,4.6,4.4,4.4,4.4,10650,0.0,0.0
2025-12-19,4.4,4.56,4.28,4.44,4.44,7625,0.0,0.0
2025-12-22,4.56,4.56,4.364,4.52,4.52,4075,0.0,0.0
2025-12-23,4.32,4.52,4.2,4.32,4.32,18100,0.0,0.0
2025-12-24,4.2,4.276,3.8,3.968,3.968,12450,0.0,0.0
2025-12-26,4.24,4.24,3.672,3.844,3.844,7775,0.0,0.0
2025-12-29,3.6,3.84,2.908,3.028,3.028,26300,0.0,0.0
2025-12-30,2.94,3.08,2.828,2.92,2.92,21275,0.0,0.0
2025-12-31,2.856,2.96,2.7,2.76,2.76,17900,0.0,0.0
2026-01-02,2.732,3.084,2.732,2.964,2.964,29150,0.0,0.0
2026-01-05,3.08,3.16,2.86,3.0,3.0,17375,0.0,0.0
2026-01-06,3.252,3.256,2.832,2.936,2.936,10675,0.0,0.0
2026-01-07,3.052,3.06,2.836,2.892,2.892,5225,0.0,0.0
2026-01-08,2.948,3.132,2.896,3.132,3.132,7050,0.0,0.0
2026-01-09,3.18,3.18,2.92,3.0,3.0,8600,0.0,0.0
2026-01-12,3.024,3.024,2.84,2.868,2.868,6225,0.0,0.0
2026-01-13,2.8,3.0,2.8,2.944,2.944,6575,0.0,0.0
2026-01-14,2.848,3.096,2.848,2.92,2.92,4375,0.0,0.0
2026-01-15,2.924,3.12,2.884,3.08,3.08,8775,0.0,0.0
2026-01-16,3.0,5.12,2.96,3.556,3.556,2666275,0.0,0.0
2026-01-20,3.224,3.448,3.04,3.04,3.04,105300,0.0,0.0
2026-01-21,3.06,3.16,2.604,2.648,2.648,81275,0.0,0.0
2026-01-22,2.76,3.06,2.66,2.92,2.92,51750,0.0,0.0
2026-01-23,3.0,3.52,2.84,3.264,3.264,37175,0.0,0.0
2026-01-26,3.24,3.996,2.852,3.92,3.92,160375,0.0,0.0
2026-01-27,3.744,3.8,3.32,3.48,3.48,48025,0.0,0.0
2026-01-28,3.44,3.44,2.812,3.196,3.196,74800,0.0,0.0
2026-01-29,3.196,3.212,2.916,3.08,3.08,35500,0.0,0.0
2026-01-30,3.0,3.08,2.96,2.964,2.964,21725,0.0,0.0
2026-02-02,2.924,2.976,2.688,2.728,2.728,38100,0.0,0.0
2026-02-03,2.84,2.84,2.2,2.308,2.308,70600,0.0,0.0
2026-02-04,2.34,2.36,2.208,2.36,2.36,15675,0.0,0.0
2026-02-05,2.172,2.36,1.992,2.032,2.032,16650,0.0,0.0
2026-02-06,2.22,2.44,1.996,2.232,2.232,25475,0.0,0.0
2026-02-09,2.184,2.292,2.04,2.068,2.068,48950,0.0,0.0
2026-02-10,2.02,2.136,1.808,1.808,1.808,30675,0.0,0.0
2026-02-11,1.9,1.904,1.568,1.584,1.584,31600,0.0,0.0
2026-02-12,1.708,1.8,1.36,1.384,1.384,17900,0.0,0.0
2026-02-13,1.452,2.2,1.416,2.124,2.124,526700,0.0,0.0
2026-02-17,2.4,2.408,1.88,2.016,2.016,199975,0.0,0.0
2026-02-18,1.972,1.972,1.88,1.904,1.904,25525,0.0,0.0
2026-02-19,1.876,1.9,1.72,1.892,1.892,15150,0.0,0.0
2026-02-20,1.8,1.884,1.64,1.74,1.74,47800,0.0,0.0
2026-02-23,1.72,1.72,1.44,1.68,1.68,19750,0.0,0.0
2026-02-24,1.668,1.776,1.668,1.776,1.776,4350,0.0,0.0
2026-02-25,1.78,1.924,1.668,1.88,1.88,7625,0.0,0.0
2026-02-26,1.932,3.04,1.932,2.156,2.156,8343675,0.0,0.0
2026-02-27,1.96,2.12,1.812,2.08,2.08,230250,0.0,0.0
2026-03-02,1.892,2.248,1.82,2.18,2.18,174375,0.0,0.0
2026-03-03,2.06,2.48,1.94,2.432,2.432,287825,0.0,0.0
2026-03-04,2.228,2.712,2.228,2.712,2.712,166150,0.0,0.0
2026-03-05,2.688,2.688,1.748,2.0,2.0,805600,0.0,0.0
2026-03-06,1.96,2.32,1.96,2.16,2.16,75125,0.0,0.0
2026-03-09,2.168,2.24,1.848,2.08,2.08,118475,0.0,0.0
2026-03-10,2.244,2.392,2.14,2.24,2.24,81525,0.0,0.0
2026-03-11,2.256,2.28,2.068,2.164,2.164,43950,0.0,0.0
2026-03-12,2.232,2.368,2.032,2.084,2.084,32075,0.0,0.0
2026-03-13,2.188,2.2,2.084,2.096,2.096,19375,0.0,0.0
2026-03-16,2.156,2.252,1.66,1.8,1.8,76525,0.0,0.0
2026-03-17,1.68,1.864,1.32,1.604,1.604,4580450,0.0,0.0
2026-03-18,1.5,1.736,1.5,1.732,1.732,152500,0.0,0.0
2026-03-19,1.672,1.732,1.556,1.712,1.712,94975,0.0,0.0
2026-03-20,1.668,1.68,1.54,1.668,1.668,50400,0.0,0.0
2026-03-23,1.636,1.696,1.54,1.668,1.668,56250,0.0,0.0
2026-03-24,1.604,1.66,1.54,1.576,1.576,42275,0.0,0.0
2026-03-25,1.56,2.008,1.52,1.676,1.676,364475,0.0,0.0
2026-03-26,1.672,1.672,1.5,1.596,1.596,69350,0.0,0.0
2026-03-27,1.6,1.7,1.504,1.536,1.536,54825,0.0,0.0
2026-03-30,1.504,1.58,1.4,1.408,1.408,48550,0.0,0.0
2026-03-31,1.424,1.48,1.364,1.436,1.436,41400,0.0,0.0
2026-04-01,1.488,1.7,1.44,1.688,1.688,126200,0.0,0.0
2026-04-02,1.6,1.776,1.54,1.704,1.704,70825,0.0,0.0
2026-04-06,1.672,1.928,1.668,1.76,1.76,234000,0.0,0.0
2026-04-07,1.76,1.828,1.56,1.64,1.64,99700,0.0,0.0
2026-04-08,1.652,1.712,1.528,1.568,1.568,123975,0.0,0.0
2026-04-09,1.572,1.64,1.42,1.42,1.42,68975,0.0,0.0
2026-04-10,1.496,1.56,1.44,1.52,1.52,1303700,0.0,0.0
2026-04-13,1.652,1.96,1.48,1.644,1.644,8095525,0.0,0.0
2026-04-14,1.48,1.556,1.396,1.484,1.484,681925,0.0,0.0
2026-04-15,1.292,1.432,1.24,1.368,1.368,340700,0.0,0.0
2026-04-16,1.36,1.428,1.328,1.4,1.4,159100,0.0,0.0
2026-04-17,1.4,1.428,1.344,1.424,1.424,97050,0.0,0.0
2026-04-20,1.372,1.42,1.28,1.42,1.42,218350,0.0,0.0
2026-04-21,1.4,1.404,1.256,1.328,1.328,324825,0.0,0.0
2026-04-22,1.292,1.84,1.216,1.656,1.656,2450325,0.0,0.0
2026-04-23,1.64,1.64,0.908,1.088,1.088,1036675,0.0,0.0
2026-04-24,1.12,1.12,1.008,1.092,1.092,274275,0.0,0.0
2026-04-27,1.06,1.14,1.028,1.068,1.068,174650,0.0,0.0
2026-04-28,1.08,1.144,1.04,1.144,1.144,297600,0.0,0.0
2026-04-29,1.12,1.12,0.964,1.016,1.016,232000,0.0,0.0
2026-04-30,0.984,1.096,0.984,1.044,1.044,99300,0.0,0.0
2026-05-01,1.04,1.072,0.936,0.996,0.996,172900,0.0,0.0
2026-05-04,1.0,1.036,0.956,1.036,1.036,173375,0.0,0.0
2026-05-05,1.004,1.116,1.004,1.064,1.064,115175,0.0,0.0
2026-05-06,1.048,1.048,0.964,1.0,1.0,145175,0.0,0.0
2026-05-07,1.0,1.0,0.892,0.944,0.944,177600,0.0,0.0
2026-05-08,0.972,1.04,0.92,1.0,1.0,261875,0.0,0.0
2026-05-11,0.98,1.068,0.944,1.012,1.012,166675,0.0,0.0
2026-05-12,1.0,1.04,0.96,0.984,0.984,46625,0.0,0.0
2026-05-13,0.968,1.008,0.96,0.98,0.98,54875,0.0,0.0
2026-05-14,0.976,1.04,0.924,0.948,0.948,183250,0.0,0.0
2026-05-15,0.96,0.96,0.816,0.86,0.86,638275,0.0,0.0
2026-05-18,0.824,0.832,0.744,0.804,0.804,225475,0.0,0.0
2026-05-19,0.78,0.792,0.74,0.78,0.78,145600,0.0,0.0
2026-05-20,0.78,0.824,0.76,0.804,0.804,94800,0.0,0.0
2026-05-21,0.8,0.82,0.72,0.768,0.768,299500,0.0,0.0
2026-05-22,0.764,0.792,0.704,0.736,0.736,198975,0.0,0.0
2026-05-26,0.724,0.756,0.664,0.672,0.672,136050,0.0,0.0
2026-05-27,0.672,0.696,0.64,0.648,0.648,259900,0.0,0.0
2026-05-28,0.672,0.74,0.656,0.7,0.7,257950,0.0,0.0
2026-05-29,0.7,0.788,0.664,0.684,0.684,695825,0.0,0.0
2026-06-01,0.68,0.828,0.584,0.648,0.648,32300850,0.0,0.0
2026-06-02,0.524,0.636,0.524,0.568,0.568,1507850,0.0,0.0
2026-06-03,0.564,1.556,0.56,0.968,0.968,124972050,0.0,0.0
2026-06-04,1.56,1.6,1.124,1.34,1.34,85167250,0.0,0.0
2026-06-05,1.06,1.16,0.972,1.0,1.0,3431700,0.0,0.0
2026-06-08,1.04,1.36,0.972,1.264,1.264,4366800,0.0,0.0
2026-06-09,1.04,1.296,0.992,1.264,1.264,1589875,0.0,0.0
2026-06-10,1.176,1.44,1.12,1.148,1.148,943800,0.0,0.0
2026-06-11,1.088,1.136,0.768,0.876,0.876,939000,0.0,0.0
2026-06-12,0.852,0.852,0.728,0.748,0.748,393275,0.0,0.0
2026-06-15,0.708,0.836,0.708,0.748,0.748,8180750,0.0,0.0
2026-06-16,0.74,0.792,0.72,0.792,0.792,580800,0.0,0.0
2026-06-17,0.772,0.78,0.732,0.78,0.78,307600,0.0,0.0
2026-06-18,0.712,0.772,0.712,0.744,0.744,203075,0.0,0.0
2026-06-22,0.736,0.736,0.684,0.72,0.72,209225,0.0,0.0
2026-06-23,0.68,0.7,0.64,0.664,0.664,263150,0.0,0.0
2026-06-24,0.696,0.752,0.624,0.656,0.656,501000,0.0,0.0
2026-06-25,0.644,0.656,0.576,0.628,0.628,195400,0.0,0.0
2026-06-26,0.612,0.64,0.58,0.58,0.58,127250,0.0,0.0
2026-06-29,0.588,0.596,0.564,0.576,0.576,96075,0.0,0.0
2026-06-30,0.624,0.7,0.604,0.62,0.62,1157350,0.0,0.0
2026-07-01,0.596,0.632,0.584,0.632,0.632,260675,0.0,0.0
2026-07-02,0.628,0.632,0.568,0.584,0.584,101150,0.0,0.0
2026-07-06,1.176,1.276,0.732,0.832,0.832,104167275,0.0,0.0
2026-07-07,0.6,0.696,0.572,0.64,0.64,9311200,0.0,0.0
2026-07-08,0.616,0.76,0.6,0.696,0.696,2522750,0.0,0.0
2026-07-09,0.704,0.744,0.632,0.66,0.66,2339900,0.0,0.0
2026-07-10,0.624,0.636,0.568,0.584,0.584,1341575,0.0,0.0
2026-07-13,0.572,0.584,0.492,0.496,0.496,1800925,0.0,0.0
2026-07-14,0.436,0.436,0.38,0.416,0.416,1320475,0.0,0.0
2026-07-15,0.404,0.44,0.404,0.412,0.412,330625,0.0,0.0
2026-07-16,0.412,0.412,0.364,0.376,0.376,281800,0.0,0.0
2026-07-17,0.376,0.376,0.376,0.376,0.376,0,0.0,0.0
2026-07-20,0.376,0.376,0.376,0.376,0.376,0,0.0,0.0
2026-07-21,0.376,0.376,0.376,0.376,0.376,0,0.0,0.0
2026-07-22,0.376,0.376,0.376,0.376,0.376,0,0.0,0.0
2026-07-23,0.376,0.376,0.376,0.376,0.376,0,0.0,0.0
2026-07-24,0.376,0.376,0.376,0.376,0.376,0,0.0,0.0
2026-07-27,,,,,,0,,0.25
2026-07-28,0.321,0.354,0.31,0.353,0.353,526100,0.0,0.0
2026-07-29,0.342,0.382,0.311,0.32,0.32,469900,0.0,0.0
2026-07-30,0.32,0.345,0.315,0.345,0.345,26430300,0.0,0.0
2026-07-31,0.43,0.45,0.328,0.37,0.37,35143500,0.0,0.0
2026-08-03,0.298,0.355,0.291,0.355,0.355,2420500,0.0,0.0
2026-08-04,0.316,0.35,0.316,0.35,0.35,4833200,0.0,0.0
2026-08-05,0.332,0.47,0.332,0.425,0.425,5440200,0.0,0.0
2026-08-06,0.403,0.46,0.387,0.446,0.446,750000,0.0,0.0
2026-08-07,0.444,0.46,0.424,0.432,0.432,417200,0.0,0.0
2026-08-10,0.394,0.412,0.38,0.412,0.412,382100,0.0,0.0
2026-08-11,0.401,0.403,0.316,0.352,0.352,355200,0.0,0.0
2026-08-12,0.347,0.64,0.347,0.41,0.41,49213600,0.0,0.0
2026-08-13,0.395,0.405,0.365,0.394,0.394,1457600,0.0,0.0
2026-08-14,0.39,0.41,0.39,0.405,0.405,479700,0.0,0.0
2026-08-17,0.401,0.401,0.361,0.378,0.378,336400,0.0,0.0
2026-08-18,0.365,0.405,0.365,0.399,0.399,502200,0.0,0.0
2026-08-19,0.4,0.437,0.396,0.41,0.41,1676600,0.0,0.0
2026-08-20,0.404,0.442,0.401,0.425,0.425,459300,0.0,0.0
2026-08-21,0.441,0.474,0.44,0.472,0.472,1624600,0.0,0.0
2026-08-24,0.4,0.408,0.354,0.386,0.386,458000,0.0,0.0
2026-08-25,0.388,0.46,0.388,0.418,0.418,1725600,0.0,0.0
2026-08-26,0.417,0.42,0.365,0.365,0.365,599600,0.0,0.0
2026-08-27,0.39,0.39,0.32,0.32,0.32,472500,0.0,0.0
2026-08-28,0.32,0.326,0.301,0.31,0.31,259000,0.0,0.0
2026-08-31,0.318,0.318,0.263,0.302,0.302,323000,0.0,0.0
2026-09-01,0.2991,0.3199,0.2949,0.2954,0.2954,95764,0.0,0.0
