Date,Open,High,Low,Close,Adj Close,Volume,Dividends,Stock Splits
2014-03-13,24480.0,26971.199219,20304.0,20606.400391,20606.400391,1636,0.0,0.0
2014-03-14,21024.0,22608.0,20736.0,21096.0,21096.0,254,0.0,0.0
2014-03-17,20880.0,22544.640625,20822.400391,21816.0,21816.0,139,0.0,0.0
2014-03-18,22320.0,22320.0,21456.0,21945.599609,21945.599609,78,0.0,0.0
2014-03-19,22104.0,22104.0,20952.0,21182.400391,21182.400391,73,0.0,0.0
2014-03-20,20880.0,21715.199219,19008.0,19339.199219,19339.199219,79,0.0,0.0
2014-03-21,19440.0,20145.599609,18691.199219,19512.0,19512.0,56,0.0,0.0
2014-03-24,20160.0,20160.0,16934.400391,17236.800781,17236.800781,104,0.0,0.0
2014-03-25,17236.800781,17985.599609,16171.200195,16603.199219,16603.199219,127,0.0,0.0
2014-03-26,16977.599609,16977.599609,15912.0,15984.0,15984.0,48,0.0,0.0
2014-03-27,15868.799805,16358.400391,15624.0,15732.0,15732.0,32,0.0,0.0
2014-03-28,15624.0,16272.0,15624.0,16041.599609,16041.599609,48,0.0,0.0
2014-03-31,16560.0,16920.0,15854.400391,16516.800781,16516.800781,30,0.0,0.0
2014-04-01,16833.599609,17913.599609,16430.400391,16632.0,16632.0,61,0.0,0.0
2014-04-02,16444.800781,17870.400391,16444.800781,17294.400391,17294.400391,60,0.0,0.0
2014-04-03,17323.199219,17424.0,15868.799805,16156.799805,16156.799805,34,0.0,0.0
2014-04-04,16560.0,16704.0,15350.400391,15480.0,15480.0,28,0.0,0.0
2014-04-07,15321.599609,15753.599609,14256.0,14457.599609,14457.599609,46,0.0,0.0
2014-04-08,14356.799805,14515.200195,12643.200195,13104.0,13104.0,90,0.0,0.0
2014-04-09,13190.400391,13968.0,13190.400391,13708.799805,13708.799805,15,0.0,0.0
2014-04-10,13680.0,13924.799805,12960.0,12991.679688,12991.679688,33,0.0,0.0
2014-04-11,13075.200195,13939.200195,12672.0,13694.400391,13694.400391,15,0.0,0.0
2014-04-14,14400.0,14601.599609,13248.0,14385.599609,14385.599609,30,0.0,0.0
2014-04-15,14616.0,14961.599609,13104.0,13622.400391,13622.400391,25,0.0,0.0
2014-04-16,14011.200195,14011.200195,12801.599609,12801.599609,12801.599609,24,0.0,0.0
2014-04-17,13291.200195,13392.0,12355.200195,12355.200195,12355.200195,21,0.0,0.0
2014-04-21,12700.799805,12960.0,12355.200195,12772.799805,12772.799805,21,0.0,0.0
2014-04-22,13665.599609,13665.599609,12600.0,13118.400391,13118.400391,15,0.0,0.0
2014-04-23,13896.0,14083.200195,13406.400391,13852.799805,13852.799805,23,0.0,0.0
2014-04-24,14184.0,14342.400391,13104.0,13320.0,13320.0,21,0.0,0.0
2014-04-25,13435.200195,13536.0,12758.400391,12960.0,12960.0,23,0.0,0.0
2014-04-28,13248.0,13248.0,12186.719727,12398.400391,12398.400391,37,0.0,0.0
2014-04-29,12456.0,12672.0,11620.799805,11721.599609,11721.599609,18,0.0,0.0
2014-04-30,11563.200195,11880.0,11217.599609,11592.0,11592.0,13,0.0,0.0
2014-05-01,12096.0,12153.599609,11649.599609,11894.400391,11894.400391,5,0.0,0.0
2014-05-02,11606.400391,12153.599609,11275.200195,11750.400391,11750.400391,10,0.0,0.0
2014-05-05,11404.799805,11793.599609,11220.480469,11664.0,11664.0,11,0.0,0.0
2014-05-06,11664.0,11664.0,11232.0,11232.0,11232.0,7,0.0,0.0
2014-05-07,11318.400391,11318.400391,10468.799805,10684.799805,10684.799805,19,0.0,0.0
2014-05-08,10972.799805,10972.799805,9849.599609,9888.480469,9888.480469,21,0.0,0.0
2014-05-09,10036.799805,11851.200195,9792.0,10094.400391,10094.400391,26,0.0,0.0
2014-05-12,10195.200195,10368.0,10166.400391,10267.200195,10267.200195,13,0.0,0.0
2014-05-13,10296.0,11433.599609,10252.799805,10252.799805,10252.799805,23,0.0,0.0
2014-05-14,10339.200195,10396.799805,9992.160156,10137.599609,10137.599609,4,0.0,0.0
2014-05-15,10137.599609,10137.599609,9511.200195,9662.400391,9662.400391,16,0.0,0.0
2014-05-16,9504.0,9705.599609,9187.200195,9288.0,9288.0,23,0.0,0.0
2014-05-19,9259.200195,10080.0,9259.200195,10065.599609,10065.599609,8,0.0,0.0
2014-05-20,10008.0,10857.599609,9532.799805,9576.0,9576.0,7,0.0,0.0
2014-05-21,9633.599609,10224.0,9630.719727,10036.799805,10036.799805,16,0.0,0.0
2014-05-22,10463.040039,10463.040039,9676.799805,9676.799805,9676.799805,8,0.0,0.0
2014-05-23,9691.200195,10324.799805,9374.400391,9374.400391,9374.400391,4,0.0,0.0
2014-05-27,9288.0,10324.799805,9187.200195,9576.0,9576.0,34,0.0,0.0
2014-05-28,9504.0,9705.599609,9244.799805,9590.400391,9590.400391,9,0.0,0.0
2014-05-29,9604.799805,10080.0,9504.0,9806.400391,9806.400391,28,0.0,0.0
2014-05-30,9662.400391,10094.400391,9648.0,9705.599609,9705.599609,26,0.0,0.0
2014-06-02,9648.0,10080.0,9648.0,10080.0,10080.0,8,0.0,0.0
2014-06-03,9936.0,10584.0,9691.200195,10396.799805,10396.799805,25,0.0,0.0
2014-06-04,10944.0,10944.0,10339.200195,10512.0,10512.0,22,0.0,0.0
2014-06-05,10569.599609,10800.0,10454.400391,10800.0,10800.0,10,0.0,0.0
2014-06-06,10728.0,11275.200195,10526.400391,11001.599609,11001.599609,7,0.0,0.0
2014-06-09,10972.799805,11167.200195,10137.599609,10656.0,10656.0,22,0.0,0.0
2014-06-10,10800.0,12441.599609,10800.0,12441.599609,12441.599609,42,0.0,0.0
2014-06-11,12441.599609,14788.799805,12240.0,14385.599609,14385.599609,88,0.0,0.0
2014-06-12,15840.0,15840.0,13896.0,14356.799805,14356.799805,28,0.0,0.0
2014-06-13,14716.799805,15886.080078,14040.0,14817.599609,14817.599609,13,0.0,0.0
2014-06-16,14832.0,14832.0,13914.719727,14328.0,14328.0,14,0.0,0.0
2014-06-17,14400.0,14486.400391,13852.799805,14428.799805,14428.799805,9,0.0,0.0
2014-06-18,14356.799805,14356.799805,13824.0,13968.0,13968.0,6,0.0,0.0
2014-06-19,13968.0,13970.879883,13032.0,13248.0,13248.0,12,0.0,0.0
2014-06-20,12384.0,13262.400391,12340.799805,12672.0,12672.0,38,0.0,0.0
2014-06-23,12600.0,13881.599609,12600.0,13392.0,13392.0,8,0.0,0.0
2014-06-24,14140.799805,14140.799805,13564.799805,13665.599609,13665.599609,6,0.0,0.0
2014-06-25,14284.799805,14284.799805,13478.400391,13694.400391,13694.400391,12,0.0,0.0
2014-06-26,13780.799805,14356.799805,13780.799805,14112.0,14112.0,6,0.0,0.0
2014-06-27,14256.0,14428.799805,13177.44043,14241.599609,14241.599609,9,0.0,0.0
2014-06-30,14400.0,14400.0,13867.200195,14025.599609,14025.599609,3,0.0,0.0
2014-07-01,14040.0,14788.799805,13982.400391,14169.599609,14169.599609,23,0.0,0.0
2014-07-02,14184.0,14659.200195,13968.0,13968.0,13968.0,11,0.0,0.0
2014-07-03,13752.0,13752.0,13003.200195,13003.200195,13003.200195,10,0.0,0.0
2014-07-07,13032.0,13219.200195,12427.200195,12556.799805,12556.799805,5,0.0,0.0
2014-07-08,12196.799805,12960.0,10857.599609,11217.599609,11217.599609,18,0.0,0.0
2014-07-09,11217.599609,11707.200195,11217.599609,11404.799805,11404.799805,25,0.0,0.0
2014-07-10,11318.400391,11664.0,11318.400391,11534.400391,11534.400391,8,0.0,0.0
2014-07-11,11664.0,11952.0,11664.0,11908.799805,11908.799805,13,0.0,0.0
2014-07-14,11952.0,12326.400391,11908.799805,12024.0,12024.0,14,0.0,0.0
2014-07-15,12312.0,12470.400391,12067.200195,12312.0,12312.0,26,0.0,0.0
2014-07-16,12355.200195,12499.200195,11952.0,12009.599609,12009.599609,30,0.0,0.0
2014-07-17,11894.400391,12096.0,10584.0,11188.799805,11188.799805,20,0.0,0.0
2014-07-18,11131.200195,11160.0,10641.599609,10958.400391,10958.400391,4,0.0,0.0
2014-07-21,10814.400391,10857.599609,10267.200195,10526.400391,10526.400391,16,0.0,0.0
2014-07-22,11894.400391,12024.0,10800.0,10828.799805,10828.799805,31,0.0,0.0
2014-07-23,11203.200195,11505.599609,10915.200195,10944.0,10944.0,22,0.0,0.0
2014-07-24,10814.400391,10944.0,10440.0,10440.0,10440.0,13,0.0,0.0
2014-07-25,10440.0,11448.0,10224.0,10987.200195,10987.200195,38,0.0,0.0
2014-07-28,14241.599609,14241.599609,11620.799805,11779.200195,11779.200195,34,0.0,0.0
2014-07-29,11937.599609,12038.400391,11044.799805,11577.599609,11577.599609,12,0.0,0.0
2014-07-30,11923.200195,11923.200195,10814.400391,11419.200195,11419.200195,10,0.0,0.0
2014-07-31,11001.599609,11721.599609,10958.400391,11404.799805,11404.799805,10,0.0,0.0
2014-08-01,11160.0,11160.0,10800.0,10828.799805,10828.799805,17,0.0,0.0
2014-08-04,10800.0,10800.0,10224.0,10440.0,10440.0,29,0.0,0.0
2014-08-05,10468.799805,10771.200195,10382.400391,10483.200195,10483.200195,4,0.0,0.0
2014-08-06,10252.799805,10298.879883,10252.799805,10298.879883,10298.879883,1,0.0,0.0
2014-08-07,10497.599609,10972.799805,10310.400391,10656.0,10656.0,7,0.0,0.0
2014-08-08,10445.759766,10785.599609,10396.799805,10401.120117,10401.120117,4,0.0,0.0
2014-08-11,10656.0,11217.599609,10656.0,11188.799805,11188.799805,6,0.0,0.0
2014-08-12,11476.799805,11603.519531,10349.280273,10742.400391,10742.400391,27,0.0,0.0
2014-08-13,10252.799805,11793.599609,10252.799805,10742.400391,10742.400391,4,0.0,0.0
2014-08-14,10656.0,11170.080078,10656.0,10699.200195,10699.200195,3,0.0,0.0
2014-08-15,10720.799805,11030.400391,10612.799805,10972.799805,10972.799805,5,0.0,0.0
2014-08-18,10944.0,11088.0,10612.799805,10814.400391,10814.400391,13,0.0,0.0
2014-08-19,10828.799805,10828.799805,10411.200195,10425.599609,10425.599609,10,0.0,0.0
2014-08-20,10238.400391,10454.400391,10224.0,10454.400391,10454.400391,1,0.0,0.0
2014-08-21,9504.0,10915.200195,9504.0,10339.200195,10339.200195,5,0.0,0.0
2014-08-22,10440.0,10440.0,9504.0,10015.200195,10015.200195,57,0.0,0.0
2014-08-25,10080.0,10080.0,9460.799805,9835.200195,9835.200195,94,0.0,0.0
2014-08-26,9835.200195,9993.599609,9590.400391,9792.0,9792.0,33,0.0,0.0
2014-08-27,9907.200195,9936.0,9792.0,9907.200195,9907.200195,13,0.0,0.0
2014-08-28,8395.200195,9921.599609,8395.200195,9835.200195,9835.200195,16,0.0,0.0
2014-08-29,8452.799805,9936.0,8452.799805,9820.799805,9820.799805,16,0.0,0.0
2014-09-02,9806.400391,9820.799805,9691.200195,9691.200195,9691.200195,11,0.0,0.0
2014-09-03,8668.799805,9768.959961,8668.799805,9734.400391,9734.400391,4,0.0,0.0
2014-09-04,9720.0,9835.200195,9691.200195,9705.599609,9705.599609,14,0.0,0.0
2014-09-05,8985.599609,9936.0,8985.599609,9748.799805,9748.799805,33,0.0,0.0
2014-09-08,9720.0,9964.799805,9648.0,9864.0,9864.0,13,0.0,0.0
2014-09-09,9849.599609,9964.799805,9662.400391,9763.200195,9763.200195,34,0.0,0.0
2014-09-10,9518.400391,9921.599609,9374.400391,9691.200195,9691.200195,18,0.0,0.0
2014-09-11,9763.200195,10440.0,9460.799805,10310.400391,10310.400391,15,0.0,0.0
2014-09-12,10296.0,10440.0,10008.0,10094.400391,10094.400391,11,0.0,0.0
2014-09-15,10022.400391,10022.400391,9489.599609,9835.200195,9835.200195,26,0.0,0.0
2014-09-16,9576.0,10080.0,9576.0,10036.799805,10036.799805,32,0.0,0.0
2014-09-17,9720.0,10018.080078,9705.599609,9993.599609,9993.599609,11,0.0,0.0
2014-09-18,9979.200195,9993.599609,9892.799805,9892.799805,9892.799805,4,0.0,0.0
2014-09-19,10094.400391,10094.400391,9489.599609,9489.599609,9489.599609,13,0.0,0.0
2014-09-22,9561.599609,9864.0,9288.0,9331.200195,9331.200195,13,0.0,0.0
2014-09-23,9345.599609,16531.199219,9115.200195,12859.200195,12859.200195,3558,0.0,0.0
2014-09-24,12686.400391,12960.0,11880.0,12369.599609,12369.599609,461,0.0,0.0
2014-09-25,12312.0,12888.0,11390.400391,12657.599609,12657.599609,232,0.0,0.0
2014-09-26,12657.599609,13392.0,12384.0,12888.0,12888.0,128,0.0,0.0
2014-09-29,12873.599609,12888.0,12283.200195,12873.599609,12873.599609,64,0.0,0.0
2014-09-30,12700.799805,12960.0,12183.839844,12384.0,12384.0,62,0.0,0.0
2014-10-01,12312.0,12326.400391,11390.400391,11390.400391,11390.400391,49,0.0,0.0
2014-10-02,11404.799805,11793.599609,10873.44043,10944.0,10944.0,28,0.0,0.0
2014-10-03,11145.599609,11672.639648,10843.200195,11088.0,11088.0,12,0.0,0.0
2014-10-06,11059.200195,11188.799805,10526.400391,10699.200195,10699.200195,23,0.0,0.0
2014-10-07,10656.0,10900.799805,9648.0,9993.599609,9993.599609,37,0.0,0.0
2014-10-08,10008.0,10612.799805,9864.0,9964.799805,9964.799805,25,0.0,0.0
2014-10-09,10008.0,10008.0,9633.599609,9705.599609,9705.599609,22,0.0,0.0
2014-10-10,9820.799805,9820.799805,9288.0,9396.0,9396.0,81,0.0,0.0
2014-10-13,9374.400391,10281.599609,9201.599609,9576.0,9576.0,59,0.0,0.0
2014-10-14,9504.0,9504.0,8827.200195,8856.0,8856.0,62,0.0,0.0
2014-10-15,8841.599609,9676.799805,8769.599609,9158.400391,9158.400391,26,0.0,0.0
2014-10-16,9100.799805,10491.839844,8856.0,9259.200195,9259.200195,30,0.0,0.0
2014-10-17,9748.799805,9979.200195,9230.400391,9446.400391,9446.400391,27,0.0,0.0
2014-10-20,9547.200195,9878.400391,9187.200195,9734.400391,9734.400391,34,0.0,0.0
2014-10-21,9676.799805,9676.799805,8899.200195,9345.599609,9345.599609,38,0.0,0.0
2014-10-22,9505.44043,9662.400391,8985.599609,9417.599609,9417.599609,23,0.0,0.0
2014-10-23,8884.799805,9921.599609,8769.599609,9921.599609,9921.599609,42,0.0,0.0
2014-10-24,9734.400391,9820.799805,9432.0,9590.400391,9590.400391,20,0.0,0.0
2014-10-27,9734.400391,9936.0,9345.599609,9936.0,9936.0,20,0.0,0.0
2014-10-28,9936.0,9979.200195,9705.599609,9763.200195,9763.200195,20,0.0,0.0
2014-10-29,9878.400391,9927.360352,9662.400391,9748.799805,9748.799805,34,0.0,0.0
2014-10-30,9820.799805,9820.799805,9316.799805,9604.799805,9604.799805,23,0.0,0.0
2014-10-31,9763.200195,9892.799805,9504.0,9532.799805,9532.799805,18,0.0,0.0
2014-11-03,9446.400391,9792.0,7992.0,8208.0,8208.0,137,0.0,0.0
2014-11-04,8208.0,8884.799805,7905.600098,8265.599609,8265.599609,86,0.0,0.0
2014-11-05,8496.0,8599.679688,7848.0,7934.399902,7934.399902,17,0.0,0.0
2014-11-06,8020.799805,8236.799805,7679.52002,8136.0,8136.0,97,0.0,0.0
2014-11-07,8356.320312,8640.0,8136.0,8539.200195,8539.200195,21,0.0,0.0
2014-11-10,8539.200195,8784.0,8251.200195,8582.400391,8582.400391,70,0.0,0.0
2014-11-11,8697.599609,8697.599609,8496.0,8654.400391,8654.400391,124,0.0,0.0
2014-11-12,8280.0,8683.200195,8236.799805,8683.200195,8683.200195,43,0.0,0.0
2014-11-13,8683.200195,8831.519531,8496.0,8560.799805,8560.799805,56,0.0,0.0
2014-11-14,8582.400391,8755.200195,8352.0,8496.0,8496.0,24,0.0,0.0
2014-11-17,8520.480469,8520.480469,8107.200195,8395.200195,8395.200195,37,0.0,0.0
2014-11-18,8323.200195,8467.200195,7948.799805,8467.200195,8467.200195,22,0.0,0.0
2014-11-19,8352.0,8432.639648,7848.0,7848.0,7848.0,23,0.0,0.0
2014-11-20,7675.200195,8020.799805,7675.200195,7905.600098,7905.600098,37,0.0,0.0
2014-11-21,7876.799805,8517.599609,7819.200195,8467.200195,8467.200195,20,0.0,0.0
2014-11-24,8611.200195,8640.0,8251.200195,8452.799805,8452.799805,22,0.0,0.0
2014-11-25,8363.519531,8740.799805,8363.519531,8467.200195,8467.200195,9,0.0,0.0
2014-11-26,8395.200195,8568.0,8121.600098,8236.799805,8236.799805,10,0.0,0.0
2014-11-28,8438.400391,8496.0,8064.0,8496.0,8496.0,6,0.0,0.0
2014-12-01,8164.799805,8496.0,7632.0,8164.799805,8164.799805,31,0.0,0.0
2014-12-02,7968.959961,8280.0,7968.959961,8280.0,8280.0,5,0.0,0.0
2014-12-03,8121.600098,8121.600098,7747.200195,7848.0,7848.0,10,0.0,0.0
2014-12-04,7819.200195,8136.0,7747.200195,7747.200195,7747.200195,10,0.0,0.0
2014-12-05,7747.200195,7790.399902,7387.200195,7387.200195,7387.200195,17,0.0,0.0
2014-12-08,7344.0,7473.600098,7185.600098,7300.799805,7300.799805,14,0.0,0.0
2014-12-09,7598.879883,7598.879883,7200.0,7328.160156,7328.160156,8,0.0,0.0
2014-12-10,7171.200195,7416.0,6703.200195,6926.399902,6926.399902,31,0.0,0.0
2014-12-11,6940.799805,7272.0,6940.799805,7200.0,7200.0,19,0.0,0.0
2014-12-12,7056.0,7444.799805,7056.0,7056.0,7056.0,5,0.0,0.0
2014-12-15,7185.600098,7531.200195,6840.0,7070.399902,7070.399902,16,0.0,0.0
2014-12-16,7056.0,7113.600098,6624.0,6768.0,6768.0,12,0.0,0.0
2014-12-17,6825.600098,6912.0,6592.319824,6732.0,6732.0,34,0.0,0.0
2014-12-18,6912.0,7632.0,6883.200195,7632.0,7632.0,34,0.0,0.0
2014-12-19,7776.0,9864.0,7704.0,7948.799805,7948.799805,131,0.0,0.0
2014-12-22,7963.200195,9043.200195,7963.200195,8611.200195,8611.200195,32,0.0,0.0
2014-12-23,8510.400391,8856.0,8337.599609,8352.0,8352.0,30,0.0,0.0
2014-12-24,8092.799805,8985.599609,8092.799805,8568.0,8568.0,8,0.0,0.0
2014-12-26,8524.799805,8798.400391,7790.399902,8222.400391,8222.400391,16,0.0,0.0
2014-12-29,8942.400391,9720.0,8337.599609,8956.799805,8956.799805,89,0.0,0.0
2014-12-30,8928.0,9662.400391,8452.799805,8697.599609,8697.599609,29,0.0,0.0
2014-12-31,8568.0,8870.400391,8064.0,8352.0,8352.0,50,0.0,0.0
2015-01-02,8380.799805,8596.799805,7977.600098,8395.200195,8395.200195,37,0.0,0.0
2015-01-05,9014.400391,10080.0,8510.400391,9936.0,9936.0,86,0.0,0.0
2015-01-06,9979.200195,10584.0,9144.0,9604.799805,9604.799805,48,0.0,0.0
2015-01-07,9979.200195,10180.799805,9331.200195,10166.400391,10166.400391,31,0.0,0.0
2015-01-08,10195.200195,12225.599609,10123.200195,12225.599609,12225.599609,85,0.0,0.0
2015-01-09,12340.799805,12614.400391,11001.599609,12384.0,12384.0,75,0.0,0.0
2015-01-12,12571.200195,12916.799805,12211.200195,12528.0,12528.0,51,0.0,0.0
2015-01-13,12528.0,12945.599609,11577.599609,12614.400391,12614.400391,39,0.0,0.0
2015-01-14,12038.400391,12628.799805,11548.799805,12297.599609,12297.599609,36,0.0,0.0
2015-01-15,11678.400391,12611.519531,11361.599609,11390.400391,11390.400391,20,0.0,0.0
2015-01-16,11160.0,11160.0,10224.0,10856.160156,10856.160156,41,0.0,0.0
2015-01-20,11073.599609,11073.599609,9590.400391,10425.599609,10425.599609,52,0.0,0.0
2015-01-21,10368.0,10800.0,9489.599609,9734.400391,9734.400391,58,0.0,0.0
2015-01-22,9489.599609,10224.0,8611.200195,9273.599609,9273.599609,36,0.0,0.0
2015-01-23,9576.0,9576.0,8496.0,9230.400391,9230.400391,71,0.0,0.0
2015-01-26,9014.400391,9892.799805,8971.200195,9777.599609,9777.599609,13,0.0,0.0
2015-01-27,9662.400391,10267.200195,9662.400391,9875.519531,9875.519531,20,0.0,0.0
2015-01-28,10152.0,10771.200195,9345.599609,9518.400391,9518.400391,44,0.0,0.0
2015-01-29,9432.0,9432.0,8884.799805,9201.599609,9201.599609,25,0.0,0.0
2015-01-30,9086.400391,9964.799805,9086.400391,9388.799805,9388.799805,24,0.0,0.0
2015-02-02,9475.200195,9561.599609,9388.799805,9432.0,9432.0,8,0.0,0.0
2015-02-03,9388.799805,9502.55957,9302.400391,9302.400391,9302.400391,9,0.0,0.0
2015-02-04,9244.799805,9489.599609,9129.599609,9216.0,9216.0,28,0.0,0.0
2015-02-05,9115.200195,9604.799805,9115.200195,9360.0,9360.0,15,0.0,0.0
2015-02-06,9432.0,9561.599609,9273.599609,9360.0,9360.0,36,0.0,0.0
2015-02-09,9504.0,9779.040039,9288.0,9720.0,9720.0,45,0.0,0.0
2015-02-10,9930.240234,9930.240234,9633.599609,9832.320312,9832.320312,24,0.0,0.0
2015-02-11,9907.200195,10224.0,9633.599609,9633.599609,9633.599609,33,0.0,0.0
2015-02-12,9820.799805,9936.0,9662.400391,9754.55957,9754.55957,8,0.0,0.0
2015-02-13,9763.200195,9864.0,9590.400391,9792.0,9792.0,17,0.0,0.0
2015-02-17,9763.200195,10022.400391,9619.200195,9936.0,9936.0,18,0.0,0.0
2015-02-18,10080.0,10252.799805,9892.799805,10036.799805,10036.799805,18,0.0,0.0
2015-02-19,10008.0,11109.599609,10008.0,11088.0,11088.0,52,0.0,0.0
2015-02-20,11332.799805,11577.599609,10843.200195,11577.599609,11577.599609,29,0.0,0.0
2015-02-23,11577.599609,12440.160156,11260.799805,12110.400391,12110.400391,56,0.0,0.0
2015-02-24,12297.599609,13392.0,12268.799805,13104.0,13104.0,98,0.0,0.0
2015-02-25,13147.200195,14400.0,12369.599609,14054.400391,14054.400391,131,0.0,0.0
2015-02-26,14212.799805,14212.799805,13406.400391,13521.599609,13521.599609,75,0.0,0.0
2015-02-27,13392.0,13795.200195,13377.599609,13665.599609,13665.599609,19,0.0,0.0
2015-03-02,14400.0,14400.0,13665.599609,14097.599609,14097.599609,46,0.0,0.0
2015-03-03,14201.280273,14201.280273,13406.400391,13464.0,13464.0,12,0.0,0.0
2015-03-04,13392.0,13392.0,11923.200195,12362.400391,12362.400391,53,0.0,0.0
2015-03-05,12715.200195,13867.200195,12369.599609,13852.799805,13852.799805,45,0.0,0.0
2015-03-06,13924.799805,13924.799805,12729.599609,13377.599609,13377.599609,24,0.0,0.0
2015-03-09,13276.799805,13824.0,12686.400391,12988.799805,12988.799805,24,0.0,0.0
2015-03-10,13406.400391,13406.400391,12211.200195,13017.599609,13017.599609,83,0.0,0.0
2015-03-11,13291.200195,13543.200195,12990.240234,13507.200195,13507.200195,21,0.0,0.0
2015-03-12,13464.0,13464.0,13104.0,13392.0,13392.0,23,0.0,0.0
2015-03-13,13060.799805,13334.400391,12700.799805,13334.400391,13334.400391,47,0.0,0.0
2015-03-16,13219.200195,13723.200195,12988.799805,13536.0,13536.0,14,0.0,0.0
2015-03-17,13536.0,15840.0,13536.0,15724.799805,15724.799805,97,0.0,0.0
2015-03-18,16185.599609,17568.0,15984.0,17092.800781,17092.800781,111,0.0,0.0
2015-03-19,17208.0,17380.800781,16416.0,16776.0,16776.0,48,0.0,0.0
2015-03-20,17035.199219,19440.0,16804.800781,19080.0,19080.0,222,0.0,0.0
2015-03-23,18720.0,19411.199219,16588.800781,16761.599609,16761.599609,81,0.0,0.0
2015-03-24,16646.400391,17064.0,15134.400391,15537.599609,15537.599609,99,0.0,0.0
2015-03-25,15811.200195,15825.599609,14404.320312,14745.599609,14745.599609,65,0.0,0.0
2015-03-26,14241.599609,15033.599609,14198.400391,14846.400391,14846.400391,34,0.0,0.0
2015-03-27,15033.599609,15609.599609,14256.0,14443.200195,14443.200195,26,0.0,0.0
2015-03-30,14443.200195,14688.0,13968.0,14011.200195,14011.200195,48,0.0,0.0
2015-03-31,13636.799805,13881.599609,12931.200195,13564.799805,13564.799805,44,0.0,0.0
2015-04-01,13680.0,13737.599609,12556.799805,12772.799805,12772.799805,49,0.0,0.0
2015-04-02,12888.0,13615.200195,12628.799805,13521.599609,13521.599609,25,0.0,0.0
2015-04-06,13392.0,13521.599609,12686.400391,12844.799805,12844.799805,20,0.0,0.0
2015-04-07,12916.799805,13248.0,12614.400391,13046.400391,13046.400391,16,0.0,0.0
2015-04-08,13017.599609,13046.400391,12441.599609,12643.200195,12643.200195,26,0.0,0.0
2015-04-09,12844.799805,13305.599609,12657.599609,13104.0,13104.0,21,0.0,0.0
2015-04-10,13075.200195,14199.839844,12873.599609,13953.599609,13953.599609,24,0.0,0.0
2015-04-13,13809.599609,14126.400391,13147.200195,13190.400391,13190.400391,20,0.0,0.0
2015-04-14,13118.400391,13320.0,12435.839844,12643.200195,12643.200195,21,0.0,0.0
2015-04-15,13219.200195,16488.0,12916.799805,15120.0,15120.0,183,0.0,0.0
2015-04-16,15134.400391,16905.599609,15120.0,16099.200195,16099.200195,88,0.0,0.0
2015-04-17,16012.799805,16416.0,15480.0,15825.599609,15825.599609,32,0.0,0.0
2015-04-20,15811.200195,16721.279297,14040.0,14356.799805,14356.799805,51,0.0,0.0
2015-04-21,14515.200195,15120.0,14040.0,14572.799805,14572.799805,28,0.0,0.0
2015-04-22,14486.400391,14731.200195,13852.799805,14400.0,14400.0,26,0.0,0.0
2015-04-23,14428.799805,14428.799805,13910.400391,14198.400391,14198.400391,27,0.0,0.0
2015-04-24,14313.599609,14313.599609,13118.400391,13161.599609,13161.599609,72,0.0,0.0
2015-04-27,13190.400391,13464.0,12888.0,13240.799805,13240.799805,20,0.0,0.0
2015-04-28,13176.0,14283.360352,12758.400391,13795.200195,13795.200195,61,0.0,0.0
2015-04-29,13291.200195,13953.599609,13132.799805,13248.0,13248.0,26,0.0,0.0
2015-04-30,13262.400391,13464.0,11808.0,12024.0,12024.0,52,0.0,0.0
2015-05-01,12024.0,12585.599609,11664.0,12412.799805,12412.799805,22,0.0,0.0
2015-05-04,12643.200195,13032.0,11880.0,12657.599609,12657.599609,65,0.0,0.0
2015-05-05,12801.599609,13032.0,12254.400391,12355.200195,12355.200195,20,0.0,0.0
2015-05-06,12830.400391,13674.240234,12600.0,12672.0,12672.0,46,0.0,0.0
2015-05-07,12700.799805,13377.599609,12067.200195,13003.200195,13003.200195,22,0.0,0.0
2015-05-08,13478.400391,13478.400391,12584.160156,12600.0,12600.0,26,0.0,0.0
2015-05-11,12384.0,12600.0,12268.799805,12268.799805,12268.799805,20,0.0,0.0
2015-05-12,12240.0,12412.799805,12024.0,12326.400391,12326.400391,14,0.0,0.0
2015-05-13,12124.799805,12312.0,11880.0,11880.0,11880.0,11,0.0,0.0
2015-05-14,12225.599609,12528.0,11926.080078,12110.400391,12110.400391,11,0.0,0.0
2015-05-15,12168.0,12290.400391,11937.599609,12211.200195,12211.200195,15,0.0,0.0
2015-05-18,11937.599609,12528.0,11937.599609,12420.0,12420.0,5,0.0,0.0
2015-05-19,12254.400391,12254.400391,11908.799805,11952.0,11952.0,11,0.0,0.0
2015-05-20,12024.0,12211.200195,11880.0,11880.0,11880.0,28,0.0,0.0
2015-05-21,12297.599609,12297.599609,11894.400391,12139.200195,12139.200195,5,0.0,0.0
2015-05-22,12297.599609,12787.200195,12297.599609,12614.400391,12614.400391,15,0.0,0.0
2015-05-26,12585.599609,13671.360352,12473.280273,13464.0,13464.0,24,0.0,0.0
2015-05-27,13665.599609,14649.120117,13464.0,14299.200195,14299.200195,22,0.0,0.0
2015-05-28,14443.200195,14976.0,14040.0,14745.599609,14745.599609,42,0.0,0.0
2015-05-29,14803.200195,15220.799805,14356.799805,15220.799805,15220.799805,43,0.0,0.0
2015-06-01,15091.200195,16560.0,14817.599609,16560.0,16560.0,46,0.0,0.0
2015-06-02,16560.0,17078.400391,15955.200195,17064.0,17064.0,78,0.0,0.0
2015-06-03,16992.0,16992.0,15228.0,15494.400391,15494.400391,49,0.0,0.0
2015-06-04,15278.400391,16228.799805,14572.799805,15336.0,15336.0,43,0.0,0.0
2015-06-05,15485.759766,15667.200195,15163.200195,15264.0,15264.0,25,0.0,0.0
2015-06-08,15120.0,15120.0,13752.0,14414.400391,14414.400391,14,0.0,0.0
2015-06-09,14558.400391,14752.799805,14040.0,14544.0,14544.0,18,0.0,0.0
2015-06-10,14630.400391,15104.160156,14068.799805,14227.200195,14227.200195,29,0.0,0.0
2015-06-11,14515.200195,14817.599609,14032.799805,14083.200195,14083.200195,21,0.0,0.0
2015-06-12,14068.799805,14541.120117,13680.0,14198.400391,14198.400391,21,0.0,0.0
2015-06-15,14256.0,15652.799805,13982.400391,14702.400391,14702.400391,21,0.0,0.0
2015-06-16,14702.400391,15681.599609,14443.200195,14500.799805,14500.799805,39,0.0,0.0
2015-06-17,14803.200195,15508.799805,14616.0,14954.400391,14954.400391,28,0.0,0.0
2015-06-18,15091.200195,15523.200195,14760.0,15177.599609,15177.599609,16,0.0,0.0
2015-06-19,15264.0,15768.0,14558.400391,15768.0,15768.0,20,0.0,0.0
2015-06-22,16430.400391,16588.800781,15552.0,15652.799805,15652.799805,33,0.0,0.0
2015-06-23,16300.799805,16560.0,15508.799805,16084.799805,16084.799805,25,0.0,0.0
2015-06-24,16214.400391,16214.400391,15048.0,16128.0,16128.0,28,0.0,0.0
2015-06-25,16992.0,16992.0,15480.0,15782.400391,15782.400391,37,0.0,0.0
2015-06-26,16243.200195,16349.759766,14846.400391,15048.0,15048.0,37,0.0,0.0
2015-06-29,14544.0,14889.599609,13680.0,14112.0,14112.0,26,0.0,0.0
2015-06-30,14486.400391,14774.400391,14198.400391,14486.400391,14486.400391,13,0.0,0.0
2015-07-01,14774.400391,15494.400391,14284.799805,14760.0,14760.0,52,0.0,0.0
2015-07-02,14544.0,14544.0,13435.200195,14011.200195,14011.200195,26,0.0,0.0
2015-07-06,14011.200195,14774.400391,13694.400391,14688.0,14688.0,20,0.0,0.0
2015-07-07,14356.799805,14428.799805,13708.799805,14212.799805,14212.799805,12,0.0,0.0
2015-07-08,14212.799805,14212.799805,13406.400391,13737.599609,13737.599609,26,0.0,0.0
2015-07-09,13867.200195,14688.0,13852.799805,14198.400391,14198.400391,30,0.0,0.0
2015-07-10,14443.200195,14803.200195,14330.879883,14457.599609,14457.599609,12,0.0,0.0
2015-07-13,14500.799805,14644.799805,14184.0,14313.599609,14313.599609,13,0.0,0.0
2015-07-14,14472.0,15264.0,14428.799805,14860.799805,14860.799805,13,0.0,0.0
2015-07-15,14889.599609,15264.0,14184.0,14443.200195,14443.200195,18,0.0,0.0
2015-07-16,15091.200195,15120.0,14457.599609,14659.200195,14659.200195,10,0.0,0.0
2015-07-17,14486.400391,15148.799805,14184.0,15019.200195,15019.200195,60,0.0,0.0
2015-07-20,14760.0,15264.0,14313.599609,15177.599609,15177.599609,25,0.0,0.0
2015-07-21,15120.0,15249.599609,14760.0,15120.0,15120.0,11,0.0,0.0
2015-07-22,15019.200195,15753.599609,14716.799805,15220.799805,15220.799805,31,0.0,0.0
2015-07-23,15105.599609,15105.599609,14587.200195,14774.400391,14774.400391,17,0.0,0.0
2015-07-24,14659.200195,14932.799805,14457.599609,14932.799805,14932.799805,9,0.0,0.0
2015-07-27,14644.799805,14644.799805,13953.599609,14500.799805,14500.799805,35,0.0,0.0
2015-07-28,14644.799805,14976.0,14166.719727,14457.599609,14457.599609,15,0.0,0.0
2015-07-29,14385.599609,14515.200195,14112.0,14169.599609,14169.599609,5,0.0,0.0
2015-07-30,14126.400391,14457.599609,13708.799805,14457.599609,14457.599609,15,0.0,0.0
2015-07-31,14342.400391,14587.200195,13747.679688,14587.200195,14587.200195,14,0.0,0.0
2015-08-03,14659.200195,14745.599609,13752.0,14227.200195,14227.200195,7,0.0,0.0
2015-08-04,14299.200195,14299.200195,13824.0,13924.799805,13924.799805,8,0.0,0.0
2015-08-05,14040.0,14040.0,13723.200195,13795.200195,13795.200195,6,0.0,0.0
2015-08-06,13694.400391,13780.799805,12232.799805,13147.200195,13147.200195,35,0.0,0.0
2015-08-07,13636.799805,13636.799805,12283.200195,12744.0,12744.0,35,0.0,0.0
2015-08-10,12823.200195,13219.200195,12628.799805,12816.0,12816.0,8,0.0,0.0
2015-08-11,12873.599609,12873.599609,12124.799805,12441.599609,12441.599609,18,0.0,0.0
2015-08-12,12441.599609,12931.200195,12268.799805,12600.0,12600.0,20,0.0,0.0
2015-08-13,13075.200195,13464.0,12600.0,13176.0,13176.0,31,0.0,0.0
2015-08-14,12960.0,13608.0,12960.0,13219.200195,13219.200195,12,0.0,0.0
2015-08-17,12873.599609,13089.599609,12384.0,12528.0,12528.0,11,0.0,0.0
2015-08-18,12657.599609,13089.599609,12657.599609,12715.200195,12715.200195,5,0.0,0.0
2015-08-19,12672.0,13003.200195,12456.0,12499.200195,12499.200195,8,0.0,0.0
2015-08-20,12412.799805,12628.799805,12240.0,12254.400391,12254.400391,5,0.0,0.0
2015-08-21,12240.0,12398.400391,12240.0,12258.719727,12258.719727,8,0.0,0.0
2015-08-24,11347.200195,11347.200195,10800.0,10800.0,10800.0,26,0.0,0.0
2015-08-25,10800.0,12895.200195,10080.0,10584.0,10584.0,33,0.0,0.0
2015-08-26,11246.400391,12758.400391,10713.599609,12585.599609,12585.599609,60,0.0,0.0
2015-08-27,13089.599609,13089.599609,12355.200195,12931.200195,12931.200195,12,0.0,0.0
2015-08-28,12960.0,12960.0,12461.759766,12686.400391,12686.400391,12,0.0,0.0
2015-08-31,12657.599609,12931.200195,12409.919922,12916.799805,12916.799805,14,0.0,0.0
2015-09-01,12398.400391,13536.0,11304.0,12859.200195,12859.200195,103,0.0,0.0
2015-09-02,12916.799805,12916.799805,11908.799805,11952.0,11952.0,31,0.0,0.0
2015-09-03,12182.400391,12254.400391,11635.200195,11635.200195,11635.200195,4,0.0,0.0
2015-09-04,11592.0,12211.200195,11534.400391,12168.0,12168.0,8,0.0,0.0
2015-09-08,12139.200195,12657.599609,11664.0,11664.0,11664.0,13,0.0,0.0
2015-09-09,11851.200195,12124.799805,11548.799805,11548.799805,11548.799805,7,0.0,0.0
2015-09-10,11664.0,12283.200195,11664.0,12081.599609,12081.599609,5,0.0,0.0
2015-09-11,12081.599609,12384.0,11592.0,12297.599609,12297.599609,7,0.0,0.0
2015-09-14,11995.200195,12888.0,11779.200195,12888.0,12888.0,12,0.0,0.0
2015-09-15,12744.0,13017.599609,12268.799805,12744.0,12744.0,19,0.0,0.0
2015-09-16,12600.0,12600.0,11520.0,11952.0,11952.0,21,0.0,0.0
2015-09-17,12096.0,12096.0,11865.599609,12009.599609,12009.599609,4,0.0,0.0
2015-09-18,12052.799805,12893.759766,11931.839844,12355.200195,12355.200195,16,0.0,0.0
2015-09-21,12340.799805,13075.200195,12340.799805,12988.799805,12988.799805,10,0.0,0.0
2015-09-22,12960.0,12974.400391,12614.400391,12744.0,12744.0,7,0.0,0.0
2015-09-23,12873.599609,12873.599609,12196.799805,12412.799805,12412.799805,4,0.0,0.0
2015-09-24,12686.400391,12988.799805,12139.200195,12614.400391,12614.400391,7,0.0,0.0
2015-09-25,12153.599609,12801.599609,11980.799805,12585.599609,12585.599609,12,0.0,0.0
2015-09-28,12297.599609,12297.599609,11088.0,11548.799805,11548.799805,15,0.0,0.0
2015-09-29,11332.799805,12571.200195,10425.599609,10670.400391,10670.400391,35,0.0,0.0
2015-09-30,11520.0,11520.0,10440.0,10699.200195,10699.200195,21,0.0,0.0
2015-10-01,10800.0,11044.799805,10166.400391,10857.599609,10857.599609,12,0.0,0.0
2015-10-02,10339.200195,11001.599609,10310.400391,10713.599609,10713.599609,6,0.0,0.0
2015-10-05,10900.799805,11880.0,10843.200195,11836.799805,11836.799805,18,0.0,0.0
2015-10-06,12225.599609,12240.0,11520.0,11520.0,11520.0,8,0.0,0.0
2015-10-07,11534.400391,11851.200195,10972.799805,11260.799805,11260.799805,9,0.0,0.0
2015-10-08,11520.0,13104.0,11520.0,12801.599609,12801.599609,47,0.0,0.0
2015-10-09,13204.799805,13204.799805,12816.0,12974.400391,12974.400391,25,0.0,0.0
2015-10-12,13147.200195,13291.200195,12513.599609,12715.200195,12715.200195,14,0.0,0.0
2015-10-13,12600.0,14688.0,12600.0,14068.799805,14068.799805,27,0.0,0.0
2015-10-14,14385.599609,14385.599609,13127.040039,13665.599609,13665.599609,5,0.0,0.0
2015-10-15,13392.0,14565.599609,13248.0,13766.400391,13766.400391,11,0.0,0.0
2015-10-16,14025.599609,14688.0,13204.799805,14385.599609,14385.599609,59,0.0,0.0
2015-10-19,14385.599609,14601.599609,14097.599609,14140.799805,14140.799805,8,0.0,0.0
2015-10-20,14463.360352,14572.799805,14184.0,14400.0,14400.0,18,0.0,0.0
2015-10-21,14659.200195,14659.200195,13132.799805,13694.400391,13694.400391,23,0.0,0.0
2015-10-22,14184.0,14184.0,13363.200195,13521.599609,13521.599609,30,0.0,0.0
2015-10-23,13694.400391,14616.0,13118.400391,14414.400391,14414.400391,15,0.0,0.0
2015-10-26,14112.0,14688.0,13248.0,13636.799805,13636.799805,22,0.0,0.0
2015-10-27,13651.200195,14385.599609,13636.799805,13636.799805,13636.799805,15,0.0,0.0
2015-10-28,13622.400391,14083.200195,13406.400391,13680.0,13680.0,15,0.0,0.0
2015-10-29,14198.400391,14675.040039,13766.400391,13766.400391,13766.400391,17,0.0,0.0
2015-10-30,13766.400391,14313.599609,13118.400391,13852.799805,13852.799805,27,0.0,0.0
2015-11-02,14356.799805,14587.200195,13824.0,14212.799805,14212.799805,17,0.0,0.0
2015-11-03,14256.0,14500.799805,14054.400391,14299.200195,14299.200195,14,0.0,0.0
2015-11-04,14457.599609,14500.799805,13924.799805,14191.200195,14191.200195,10,0.0,0.0
2015-11-05,13248.0,14270.400391,13219.200195,14155.200195,14155.200195,10,0.0,0.0
2015-11-06,14112.0,14326.55957,13550.400391,13723.200195,13723.200195,17,0.0,0.0
2015-11-09,13694.400391,14184.0,13665.599609,14126.400391,14126.400391,6,0.0,0.0
2015-11-10,13593.599609,14047.200195,12585.599609,14047.200195,14047.200195,22,0.0,0.0
2015-11-11,13608.0,13910.400391,12988.799805,13608.0,13608.0,18,0.0,0.0
2015-11-12,13017.599609,13291.200195,12614.400391,12801.599609,12801.599609,23,0.0,0.0
2015-11-13,12816.0,12945.599609,12283.200195,12686.400391,12686.400391,8,0.0,0.0
2015-11-16,12600.0,12600.0,11736.0,12412.799805,12412.799805,13,0.0,0.0
2015-11-17,12369.599609,13507.200195,12096.0,12355.200195,12355.200195,6,0.0,0.0
2015-11-18,12631.679688,12816.0,12096.0,12312.0,12312.0,10,0.0,0.0
2015-11-19,12326.400391,12398.400391,11520.0,11836.799805,11836.799805,14,0.0,0.0
2015-11-20,11923.200195,12859.200195,11592.0,12456.0,12456.0,23,0.0,0.0
2015-11-23,12441.599609,12898.080078,12441.599609,12600.0,12600.0,12,0.0,0.0
2015-11-24,12600.0,13112.639648,12461.759766,12945.599609,12945.599609,7,0.0,0.0
2015-11-25,12916.799805,13852.799805,12628.799805,13737.599609,13737.599609,9,0.0,0.0
2015-11-27,13636.799805,13636.799805,13262.400391,13536.0,13536.0,0,0.0,0.0
2015-11-30,13780.799805,13968.0,13176.0,13521.599609,13521.599609,14,0.0,0.0
2015-12-01,13608.0,13680.0,12960.0,13219.200195,13219.200195,9,0.0,0.0
2015-12-02,13003.200195,13219.200195,12542.400391,12700.799805,12700.799805,8,0.0,0.0
2015-12-03,12585.599609,12585.599609,11880.0,12124.799805,12124.799805,6,0.0,0.0
2015-12-04,12024.0,12067.200195,11520.0,11880.0,11880.0,7,0.0,0.0
2015-12-07,11721.599609,12024.0,11664.0,11678.400391,11678.400391,9,0.0,0.0
2015-12-08,11592.0,11952.0,11520.0,11721.599609,11721.599609,7,0.0,0.0
2015-12-09,11692.799805,11808.0,11592.0,11808.0,11808.0,2,0.0,0.0
2015-12-10,11880.0,11880.0,11592.0,11793.599609,11793.599609,14,0.0,0.0
2015-12-11,11995.200195,12009.599609,11520.0,11563.200195,11563.200195,16,0.0,0.0
2015-12-14,11592.0,12024.0,11304.0,11563.200195,11563.200195,22,0.0,0.0
2015-12-15,11584.799805,11635.200195,11304.0,11390.400391,11390.400391,1,0.0,0.0
2015-12-16,11448.0,12384.0,11448.0,12168.0,12168.0,6,0.0,0.0
2015-12-17,12312.0,12312.0,11952.0,12168.0,12168.0,5,0.0,0.0
2015-12-18,12398.400391,12600.0,12081.599609,12456.0,12456.0,4,0.0,0.0
2015-12-21,12204.0,13104.0,12204.0,12643.200195,12643.200195,16,0.0,0.0
2015-12-22,12686.400391,12801.599609,11995.200195,12312.0,12312.0,8,0.0,0.0
2015-12-23,12427.200195,12556.799805,11937.599609,12240.0,12240.0,13,0.0,0.0
2015-12-24,12276.0,12314.879883,11563.200195,12268.799805,12268.799805,6,0.0,0.0
2015-12-28,12052.799805,12268.799805,11736.0,11736.0,11736.0,6,0.0,0.0
2015-12-29,11636.639648,11668.320312,10512.0,11116.799805,11116.799805,21,0.0,0.0
2015-12-30,11016.0,11102.400391,10857.599609,11059.200195,11059.200195,10,0.0,0.0
2015-12-31,11131.200195,11131.200195,10872.0,10958.400391,10958.400391,8,0.0,0.0
2016-01-04,10785.599609,11170.080078,10785.599609,10872.0,10872.0,7,0.0,0.0
2016-01-05,10872.0,11145.599609,10857.599609,11016.0,11016.0,3,0.0,0.0
2016-01-06,10958.400391,11099.519531,10814.400391,10987.200195,10987.200195,5,0.0,0.0
2016-01-07,10915.200195,11016.0,10051.200195,10785.599609,10785.599609,23,0.0,0.0
2016-01-08,10872.0,11289.599609,9993.599609,10303.200195,10303.200195,24,0.0,0.0
2016-01-11,10224.0,10368.0,8481.599609,8496.0,8496.0,44,0.0,0.0
2016-01-12,8496.0,8640.0,7709.759766,8496.0,8496.0,58,0.0,0.0
2016-01-13,8222.400391,8323.200195,7541.279785,7632.0,7632.0,13,0.0,0.0
2016-01-14,7401.600098,8301.599609,7200.0,7632.0,7632.0,24,0.0,0.0
2016-01-15,7430.399902,8222.400391,7200.0,7934.399902,7934.399902,19,0.0,0.0
2016-01-19,7948.799805,8467.200195,7911.359863,8323.200195,8323.200195,16,0.0,0.0
2016-01-20,8013.600098,11397.599609,7833.600098,10137.599609,10137.599609,34,0.0,0.0
2016-01-21,10224.0,11196.0,10080.0,10238.400391,10238.400391,27,0.0,0.0
2016-01-22,9115.200195,11160.0,9100.799805,10785.599609,10785.599609,23,0.0,0.0
2016-01-25,10915.200195,11246.400391,10699.200195,10800.0,10800.0,14,0.0,0.0
2016-01-26,10771.200195,10771.200195,10094.400391,10180.799805,10180.799805,25,0.0,0.0
2016-01-27,10209.599609,10370.879883,9259.200195,9259.200195,9259.200195,9,0.0,0.0
2016-01-28,9360.0,9374.400391,8424.0,8712.0,8712.0,21,0.0,0.0
2016-01-29,8913.599609,9239.040039,8568.0,9000.0,9000.0,15,0.0,0.0
2016-02-01,9921.599609,9921.599609,8654.400391,8726.400391,8726.400391,5,0.0,0.0
2016-02-02,8784.0,10080.0,8784.0,8942.400391,8942.400391,6,0.0,0.0
2016-02-03,8985.599609,8985.599609,8280.0,8553.599609,8553.599609,43,0.0,0.0
2016-02-04,8496.0,9302.400391,8366.400391,9244.799805,9244.799805,8,0.0,0.0
2016-02-05,9172.799805,9316.799805,8640.0,8758.080078,8758.080078,9,0.0,0.0
2016-02-08,8683.200195,8683.200195,7790.399902,7920.0,7920.0,7,0.0,0.0
2016-02-09,7630.560059,7632.0,7300.799805,7344.0,7344.0,12,0.0,0.0
2016-02-10,7286.399902,7704.0,7171.200195,7243.200195,7243.200195,9,0.0,0.0
2016-02-11,7056.0,8236.799805,6480.0,6890.399902,6890.399902,17,0.0,0.0
2016-02-12,6825.600098,8193.599609,6825.600098,6883.200195,6883.200195,33,0.0,0.0
2016-02-16,6998.399902,7560.0,6998.399902,7286.399902,7286.399902,7,0.0,0.0
2016-02-17,7488.0,7632.0,7257.600098,7272.0,7272.0,3,0.0,0.0
2016-02-18,8117.279785,8236.799805,7747.200195,7747.200195,7747.200195,6,0.0,0.0
2016-02-19,7171.200195,7934.399902,6883.200195,7444.799805,7444.799805,3,0.0,0.0
2016-02-22,7502.399902,7502.399902,7099.200195,7128.0,7128.0,9,0.0,0.0
2016-02-23,7041.600098,7200.0,6710.399902,6998.399902,6998.399902,17,0.0,0.0
2016-02-24,7416.0,7416.0,6220.799805,6412.319824,6412.319824,26,0.0,0.0
2016-02-25,6465.600098,6494.399902,6364.799805,6408.0,6408.0,12,0.0,0.0
2016-02-26,6101.279785,7776.0,6101.279785,7387.200195,7387.200195,15,0.0,0.0
2016-02-29,7300.799805,7819.200195,6638.399902,6638.399902,6638.399902,11,0.0,0.0
2016-03-01,6782.399902,7142.399902,6480.0,6638.399902,6638.399902,8,0.0,0.0
2016-03-02,7387.200195,7632.0,6696.0,7120.799805,7120.799805,12,0.0,0.0
2016-03-03,7819.200195,7819.200195,6984.0,7156.799805,7156.799805,9,0.0,0.0
2016-03-04,7588.799805,7632.0,7372.799805,7372.799805,7372.799805,6,0.0,0.0
2016-03-07,7646.399902,7848.0,7128.0,7459.200195,7459.200195,8,0.0,0.0
2016-03-08,7156.799805,7156.799805,6724.799805,6724.799805,6724.799805,14,0.0,0.0
2016-03-09,6796.799805,6840.0,6737.759766,6782.399902,6782.399902,2,0.0,0.0
2016-03-10,6868.799805,7012.799805,6422.399902,6609.600098,6609.600098,40,0.0,0.0
2016-03-11,6782.399902,7243.200195,6580.799805,6844.319824,6844.319824,6,0.0,0.0
2016-03-14,6724.799805,7041.600098,6004.799805,6364.799805,6364.799805,27,0.0,0.0
2016-03-15,6422.399902,6696.0,5568.47998,5738.399902,5738.399902,46,0.0,0.0
2016-03-16,5832.0,6062.399902,5414.399902,5587.200195,5587.200195,30,0.0,0.0
2016-03-17,5616.0,5745.600098,5040.0,5414.399902,5414.399902,46,0.0,0.0
2016-03-18,5457.600098,6480.0,5176.799805,6480.0,6480.0,85,0.0,0.0
2016-03-21,6595.200195,6912.0,6480.0,6811.200195,6811.200195,51,0.0,0.0
2016-03-22,6811.200195,7056.0,5112.0,6422.399902,6422.399902,18,0.0,0.0
2016-03-23,6336.0,6451.200195,5860.799805,5860.799805,5860.799805,11,0.0,0.0
2016-03-24,5961.600098,6480.0,5342.399902,6393.600098,6393.600098,14,0.0,0.0
2016-03-28,6523.200195,7401.600098,6523.200195,6897.600098,6897.600098,61,0.0,0.0
2016-03-29,7128.0,7128.0,6523.200195,6696.0,6696.0,29,0.0,0.0
2016-03-30,7200.0,7704.0,6768.0,6912.0,6912.0,76,0.0,0.0
2016-03-31,7142.399902,7545.600098,7012.799805,7099.200195,7099.200195,14,0.0,0.0
2016-04-01,7012.799805,7545.600098,6883.200195,7272.0,7272.0,11,0.0,0.0
2016-04-04,7387.200195,8164.799805,7056.0,7704.0,7704.0,87,0.0,0.0
2016-04-05,7401.600098,7819.200195,6796.799805,7286.399902,7286.399902,16,0.0,0.0
2016-04-06,7545.600098,11116.799805,7156.799805,10555.200195,10555.200195,291,0.0,0.0
2016-04-07,10800.0,10861.919922,9332.639648,10627.200195,10627.200195,109,0.0,0.0
2016-04-08,10540.799805,10540.799805,9360.0,9648.0,9648.0,73,0.0,0.0
2016-04-11,9547.200195,9576.0,8582.400391,8683.200195,8683.200195,39,0.0,0.0
2016-04-12,8928.0,9792.0,8812.799805,9316.799805,9316.799805,51,0.0,0.0
2016-04-13,9460.799805,9748.799805,8884.799805,9244.799805,9244.799805,20,0.0,0.0
2016-04-14,9345.599609,9720.0,8884.799805,9374.400391,9374.400391,20,0.0,0.0
2016-04-15,9573.120117,9748.799805,9220.320312,9676.799805,9676.799805,10,0.0,0.0
2016-04-18,9057.599609,9705.599609,9057.599609,9460.799805,9460.799805,3,0.0,0.0
2016-04-19,9676.799805,10152.0,9086.400391,9576.0,9576.0,11,0.0,0.0
2016-04-20,9172.799805,9502.55957,9158.400391,9187.200195,9187.200195,16,0.0,0.0
2016-04-21,9158.400391,9394.55957,8928.0,9000.0,9000.0,12,0.0,0.0
2016-04-22,9086.400391,9489.599609,8928.0,9259.200195,9259.200195,5,0.0,0.0
2016-04-25,9345.599609,9345.599609,8928.0,8971.200195,8971.200195,12,0.0,0.0
2016-04-26,8784.0,9017.280273,8668.799805,8942.400391,8942.400391,22,0.0,0.0
2016-04-27,9335.519531,9335.519531,8740.799805,8928.0,8928.0,5,0.0,0.0
2016-04-28,8856.0,8928.0,8697.599609,8697.599609,8697.599609,3,0.0,0.0
2016-04-29,8582.400391,9000.0,8582.400391,9000.0,9000.0,5,0.0,0.0
2016-05-02,9043.200195,9043.200195,8308.799805,8467.200195,8467.200195,6,0.0,0.0
2016-05-03,8524.799805,8524.799805,8308.799805,8308.799805,8308.799805,15,0.0,0.0
2016-05-04,8308.799805,8308.799805,7560.0,7560.0,7560.0,13,0.0,0.0
2016-05-05,7502.399902,7560.0,7056.0,7056.0,7056.0,19,0.0,0.0
2016-05-06,7099.200195,7315.200195,7027.200195,7113.600098,7113.600098,11,0.0,0.0
2016-05-09,7200.0,7329.600098,7113.600098,7257.600098,7257.600098,10,0.0,0.0
2016-05-10,7876.799805,7876.799805,7503.839844,7833.600098,7833.600098,5,0.0,0.0
2016-05-11,7891.200195,8179.200195,7632.0,7992.0,7992.0,7,0.0,0.0
2016-05-12,7948.799805,8236.799805,7632.0,7790.399902,7790.399902,7,0.0,0.0
2016-05-13,7632.0,7704.0,7243.200195,7243.200195,7243.200195,3,0.0,0.0
2016-05-16,7300.799805,7862.399902,7243.200195,7747.200195,7747.200195,5,0.0,0.0
2016-05-17,7272.0,7920.0,7257.600098,7617.600098,7617.600098,8,0.0,0.0
2016-05-18,7440.47998,7643.52002,7315.200195,7358.399902,7358.399902,10,0.0,0.0
2016-05-19,7329.600098,7329.600098,7070.399902,7070.399902,7070.399902,4,0.0,0.0
2016-05-20,7200.0,7200.0,6609.600098,6955.200195,6955.200195,10,0.0,0.0
2016-05-23,6969.600098,6998.399902,6523.200195,6552.0,6552.0,10,0.0,0.0
2016-05-24,6840.0,6840.0,6264.0,6436.799805,6436.799805,26,0.0,0.0
2016-05-25,6494.399902,6508.799805,6004.799805,6350.399902,6350.399902,41,0.0,0.0
2016-05-26,6264.0,6274.080078,5875.200195,5940.0,5940.0,43,0.0,0.0
2016-05-27,6033.600098,6321.600098,5587.200195,5644.799805,5644.799805,46,0.0,0.0
2016-05-31,5616.0,6120.0,5616.0,6033.600098,6033.600098,26,0.0,0.0
2016-06-01,5875.200195,6105.600098,5760.0,5918.399902,5918.399902,14,0.0,0.0
2016-06-02,5774.399902,6019.200195,5774.399902,5976.0,5976.0,7,0.0,0.0
2016-06-03,6120.0,6120.0,5904.0,5904.0,5904.0,3,0.0,0.0
2016-06-06,5932.799805,6004.799805,5760.0,5803.200195,5803.200195,19,0.0,0.0
2016-06-07,6105.600098,6278.399902,5918.399902,5961.600098,5961.600098,23,0.0,0.0
2016-06-08,6353.279785,6480.0,6076.799805,6278.399902,6278.399902,6,0.0,0.0
2016-06-09,6163.200195,6418.080078,6163.200195,6279.839844,6279.839844,6,0.0,0.0
2016-06-10,6278.399902,6510.240234,6076.799805,6408.0,6408.0,23,0.0,0.0
2016-06-13,6278.399902,6912.0,6278.399902,6595.200195,6595.200195,15,0.0,0.0
2016-06-14,6566.399902,7063.200195,6566.399902,7056.0,7056.0,12,0.0,0.0
2016-06-15,7257.600098,7372.799805,6876.0,7027.200195,7027.200195,13,0.0,0.0
2016-06-16,6984.0,6984.0,6422.399902,6811.200195,6811.200195,10,0.0,0.0
2016-06-17,6811.200195,7142.399902,6451.200195,6868.799805,6868.799805,9,0.0,0.0
2016-06-20,7128.0,7128.0,6638.399902,6796.799805,6796.799805,6,0.0,0.0
2016-06-21,6710.399902,7099.200195,6710.399902,6984.0,6984.0,9,0.0,0.0
2016-06-22,6727.680176,7041.600098,6580.799805,6897.600098,6897.600098,8,0.0,0.0
2016-06-23,6825.600098,7084.799805,6696.0,7070.399902,7070.399902,7,0.0,0.0
2016-06-24,6809.759766,6955.200195,6624.0,6868.799805,6868.799805,14,0.0,0.0
2016-06-27,6624.0,6624.0,5901.120117,6120.0,6120.0,18,0.0,0.0
2016-06-28,6249.600098,6537.600098,6163.200195,6537.600098,6537.600098,5,0.0,0.0
2016-06-29,6336.0,6609.600098,6321.600098,6595.200195,6595.200195,2,0.0,0.0
2016-06-30,6638.399902,6840.0,6143.040039,6465.600098,6465.600098,9,0.0,0.0
2016-07-01,6465.600098,6840.0,6249.600098,6379.200195,6379.200195,21,0.0,0.0
2016-07-05,6465.600098,6696.0,6264.0,6292.799805,6292.799805,13,0.0,0.0
2016-07-06,6661.439941,6681.600098,6120.0,6206.399902,6206.399902,9,0.0,0.0
2016-07-07,6220.799805,6537.600098,6220.799805,6264.0,6264.0,6,0.0,0.0
2016-07-08,6451.200195,6482.879883,6264.0,6408.0,6408.0,7,0.0,0.0
2016-07-11,6336.0,6624.0,6264.0,6494.399902,6494.399902,9,0.0,0.0
2016-07-12,6436.799805,6537.600098,6336.0,6336.0,6336.0,6,0.0,0.0
2016-07-13,7200.0,7200.0,6206.399902,6220.799805,6220.799805,10,0.0,0.0
2016-07-14,6264.0,6508.799805,6177.600098,6177.600098,6177.600098,21,0.0,0.0
2016-07-15,6148.799805,6451.200195,6120.0,6336.0,6336.0,24,0.0,0.0
2016-07-18,6451.200195,6451.200195,6062.399902,6148.799805,6148.799805,15,0.0,0.0
2016-07-19,6451.200195,6451.200195,6120.0,6120.0,6120.0,8,0.0,0.0
2016-07-20,6105.600098,6120.0,5804.640137,5976.0,5976.0,17,0.0,0.0
2016-07-21,6105.600098,6120.0,5961.600098,5990.399902,5990.399902,6,0.0,0.0
2016-07-22,6120.0,6465.600098,6048.0,6076.799805,6076.799805,36,0.0,0.0
2016-07-25,6179.040039,6264.0,5990.399902,6192.0,6192.0,5,0.0,0.0
2016-07-26,6062.399902,6148.799805,5976.0,5976.0,5976.0,5,0.0,0.0
2016-07-27,6105.600098,6105.600098,5976.0,6004.799805,6004.799805,3,0.0,0.0
2016-07-28,6004.799805,6206.399902,5947.200195,5976.0,5976.0,8,0.0,0.0
2016-07-29,5976.0,6480.0,5788.799805,6148.799805,6148.799805,52,0.0,0.0
2016-08-01,6438.240234,6438.240234,6091.200195,6177.600098,6177.600098,6,0.0,0.0
2016-08-02,6249.600098,6310.080078,5947.200195,5947.200195,5947.200195,17,0.0,0.0
2016-08-03,6048.0,6422.399902,5947.200195,5947.200195,5947.200195,33,0.0,0.0
2016-08-04,5932.799805,6192.0,5889.600098,6105.600098,6105.600098,1,0.0,0.0
2016-08-05,6177.600098,6206.399902,5976.0,5976.0,5976.0,3,0.0,0.0
2016-08-08,5918.399902,6192.0,5918.399902,6004.799805,6004.799805,8,0.0,0.0
2016-08-09,6076.799805,6206.399902,5947.200195,6004.799805,6004.799805,7,0.0,0.0
2016-08-10,5976.0,6134.399902,5947.200195,5961.600098,5961.600098,2,0.0,0.0
2016-08-11,5976.0,5976.0,5918.399902,5947.200195,5947.200195,2,0.0,0.0
2016-08-12,6091.200195,6105.600098,5760.0,5846.399902,5846.399902,24,0.0,0.0
2016-08-15,5788.799805,5990.399902,5630.399902,5803.200195,5803.200195,22,0.0,0.0
2016-08-16,5971.680176,5990.399902,5904.0,5961.600098,5961.600098,5,0.0,0.0
2016-08-17,5961.600098,5990.399902,5601.600098,5875.200195,5875.200195,44,0.0,0.0
2016-08-18,5875.200195,5889.600098,5688.0,5774.399902,5774.399902,9,0.0,0.0
2016-08-19,5803.200195,5832.0,5616.0,5745.600098,5745.600098,8,0.0,0.0
2016-08-22,5832.0,5860.799805,5414.399902,5601.600098,5601.600098,34,0.0,0.0
2016-08-23,5760.0,5832.0,5630.399902,5690.879883,5690.879883,26,0.0,0.0
2016-08-24,5745.600098,5760.0,5486.399902,5544.0,5544.0,17,0.0,0.0
2016-08-25,5486.399902,5600.160156,5328.0,5328.0,5328.0,18,0.0,0.0
2016-08-26,5400.0,5578.560059,5371.200195,5443.200195,5443.200195,6,0.0,0.0
2016-08-29,5500.799805,5745.600098,5385.600098,5716.799805,5716.799805,14,0.0,0.0
2016-08-30,5659.200195,5745.600098,5472.0,5486.399902,5486.399902,12,0.0,0.0
2016-08-31,5544.0,5702.399902,5472.0,5544.0,5544.0,26,0.0,0.0
2016-09-01,5529.600098,5558.399902,5470.560059,5470.560059,5470.560059,8,0.0,0.0
2016-09-02,5515.200195,5673.600098,5443.200195,5544.0,5544.0,20,0.0,0.0
2016-09-06,5544.0,5803.200195,5544.0,5702.399902,5702.399902,21,0.0,0.0
2016-09-07,5544.0,5760.0,5544.0,5659.200195,5659.200195,16,0.0,0.0
2016-09-08,5616.0,5788.799805,5601.600098,5716.799805,5716.799805,15,0.0,0.0
2016-09-09,5616.0,5616.0,5472.0,5472.0,5472.0,4,0.0,0.0
2016-09-12,5443.200195,5443.200195,5184.0,5227.200195,5227.200195,16,0.0,0.0
2016-09-13,5212.799805,5328.0,5112.0,5256.0,5256.0,9,0.0,0.0
2016-09-14,5198.399902,5472.0,5184.0,5184.0,5184.0,3,0.0,0.0
2016-09-15,5097.600098,5385.600098,5083.200195,5212.799805,5212.799805,18,0.0,0.0
2016-09-16,5256.0,5400.0,5198.399902,5299.200195,5299.200195,3,0.0,0.0
2016-09-19,5256.0,5299.200195,5256.0,5292.0,5292.0,2,0.0,0.0
2016-09-20,6840.0,7761.600098,6393.600098,6638.399902,6638.399902,600,0.0,0.0
2016-09-21,6652.799805,6840.0,6076.799805,6681.600098,6681.600098,348,0.0,0.0
2016-09-22,6998.399902,8049.600098,6840.0,7920.0,7920.0,1004,0.0,0.0
2016-09-23,8308.799805,8308.799805,7420.319824,7516.799805,7516.799805,512,0.0,0.0
2016-09-26,7617.600098,7776.0,7272.0,7632.0,7632.0,175,0.0,0.0
2016-09-27,7718.399902,7718.399902,7272.0,7488.0,7488.0,75,0.0,0.0
2016-09-28,7416.0,7617.600098,7027.200195,7070.399902,7070.399902,129,0.0,0.0
2016-09-29,6955.200195,6955.200195,6278.399902,6624.0,6624.0,137,0.0,0.0
2016-09-30,6580.799805,6580.799805,6264.0,6393.600098,6393.600098,36,0.0,0.0
2016-10-03,6292.799805,6782.399902,6264.0,6566.399902,6566.399902,49,0.0,0.0
2016-10-04,6537.600098,6819.839844,6422.399902,6494.399902,6494.399902,14,0.0,0.0
2016-10-05,6523.200195,6825.600098,6264.0,6652.799805,6652.799805,48,0.0,0.0
2016-10-06,6710.399902,6811.200195,6292.799805,6292.799805,6292.799805,22,0.0,0.0
2016-10-07,6566.399902,6638.399902,6192.0,6192.0,6192.0,19,0.0,0.0
2016-10-10,6192.0,6464.160156,5990.399902,6336.0,6336.0,38,0.0,0.0
2016-10-11,6235.200195,6494.399902,6004.799805,6019.200195,6019.200195,22,0.0,0.0
2016-10-12,6048.0,6278.399902,5688.0,5702.399902,5702.399902,50,0.0,0.0
2016-10-13,5788.799805,6062.399902,5270.399902,5529.600098,5529.600098,87,0.0,0.0
2016-10-14,5480.640137,5702.399902,5198.399902,5659.200195,5659.200195,69,0.0,0.0
2016-10-17,5544.0,5745.600098,5211.359863,5544.0,5544.0,20,0.0,0.0
2016-10-18,5523.839844,6033.600098,5523.839844,5918.399902,5918.399902,50,0.0,0.0
2016-10-19,6019.200195,6033.600098,5688.0,5760.0,5760.0,34,0.0,0.0
2016-10-20,5616.0,5889.600098,5112.0,5633.279785,5633.279785,67,0.0,0.0
2016-10-21,5731.200195,5760.0,5428.799805,5587.200195,5587.200195,39,0.0,0.0
2016-10-24,5673.600098,5774.399902,5372.640137,5716.799805,5716.799805,39,0.0,0.0
2016-10-25,5688.0,6004.799805,5400.0,5400.0,5400.0,66,0.0,0.0
2016-10-26,5400.0,5875.200195,5212.799805,5313.600098,5313.600098,16,0.0,0.0
2016-10-27,5342.399902,5515.200195,5198.399902,5212.799805,5212.799805,21,0.0,0.0
2016-10-28,5270.399902,5313.600098,4924.799805,5169.600098,5169.600098,41,0.0,0.0
2016-10-31,5040.0,5097.600098,4680.0,4896.0,4896.0,24,0.0,0.0
2016-11-01,4953.600098,5169.600098,4420.799805,4593.600098,4593.600098,300,0.0,0.0
2016-11-02,4694.399902,4896.0,4060.800049,4406.399902,4406.399902,130,0.0,0.0
2016-11-03,4507.200195,4507.200195,4032.0,4104.0,4104.0,57,0.0,0.0
2016-11-04,4248.0,4505.759766,4003.199951,4435.200195,4435.200195,26,0.0,0.0
2016-11-07,4608.0,4939.200195,4449.600098,4593.600098,4593.600098,50,0.0,0.0
2016-11-08,4924.799805,4953.600098,4593.600098,4939.200195,4939.200195,53,0.0,0.0
2016-11-09,4968.0,5126.399902,4384.799805,4708.799805,4708.799805,112,0.0,0.0
2016-11-10,5068.799805,5312.160156,4665.600098,5025.600098,5025.600098,80,0.0,0.0
2016-11-11,4896.0,5212.799805,4896.0,5112.0,5112.0,27,0.0,0.0
2016-11-14,5040.0,5270.399902,5040.0,5241.600098,5241.600098,24,0.0,0.0
2016-11-15,5558.399902,5875.200195,5184.0,5270.399902,5270.399902,13,0.0,0.0
2016-11-16,5716.799805,6264.0,5198.399902,5313.600098,5313.600098,22,0.0,0.0
2016-11-17,5328.0,5515.200195,5212.799805,5328.0,5328.0,35,0.0,0.0
2016-11-18,5199.839844,5515.200195,5198.399902,5479.200195,5479.200195,25,0.0,0.0
2016-11-21,6048.0,6048.0,5227.200195,5716.799805,5716.799805,53,0.0,0.0
2016-11-22,5745.600098,5774.399902,5222.879883,5313.600098,5313.600098,48,0.0,0.0
2016-11-23,5270.399902,5299.200195,4852.799805,5227.200195,5227.200195,21,0.0,0.0
2016-11-25,5356.799805,5414.399902,5083.200195,5400.0,5400.0,23,0.0,0.0
2016-11-28,5342.399902,5692.319824,5011.200195,5299.200195,5299.200195,26,0.0,0.0
2016-11-29,5256.0,5385.600098,5169.600098,5212.799805,5212.799805,15,0.0,0.0
2016-11-30,5256.0,5371.200195,4867.200195,5054.399902,5054.399902,12,0.0,0.0
2016-12-01,5126.399902,5126.399902,4867.200195,5112.0,5112.0,12,0.0,0.0
2016-12-02,5112.0,5371.200195,5112.0,5358.240234,5358.240234,5,0.0,0.0
2016-12-05,5299.200195,5299.200195,4923.359863,5025.600098,5025.600098,17,0.0,0.0
2016-12-06,4651.200195,5112.0,4651.200195,4989.600098,4989.600098,16,0.0,0.0
2016-12-07,5040.0,5227.200195,4708.799805,4867.200195,4867.200195,7,0.0,0.0
2016-12-08,4939.200195,5299.200195,4901.759766,5054.399902,5054.399902,18,0.0,0.0
2016-12-09,5247.359863,5256.0,4737.600098,4737.600098,4737.600098,12,0.0,0.0
2016-12-12,4838.399902,4995.359863,4665.600098,4665.600098,4665.600098,16,0.0,0.0
2016-12-13,4642.560059,4737.600098,4593.600098,4708.799805,4708.799805,29,0.0,0.0
2016-12-14,4636.799805,4708.799805,4536.0,4622.399902,4622.399902,12,0.0,0.0
2016-12-15,4564.799805,4665.600098,4377.600098,4498.560059,4498.560059,17,0.0,0.0
2016-12-16,4507.200195,4857.120117,4507.200195,4550.399902,4550.399902,14,0.0,0.0
2016-12-19,4550.399902,4896.0,4550.399902,4896.0,4896.0,23,0.0,0.0
2016-12-20,5256.0,5846.399902,5256.0,5457.600098,5457.600098,149,0.0,0.0
2016-12-21,5601.600098,5601.600098,5143.680176,5385.600098,5385.600098,16,0.0,0.0
2016-12-22,5034.240234,5356.799805,5034.240234,5169.600098,5169.600098,10,0.0,0.0
2016-12-23,5155.200195,5290.560059,5097.600098,5284.799805,5284.799805,8,0.0,0.0
2016-12-27,5328.0,5428.799805,5140.799805,5258.879883,5258.879883,25,0.0,0.0
2016-12-28,5328.0,5515.200195,5097.600098,5284.799805,5284.799805,40,0.0,0.0
2016-12-29,5284.799805,5587.200195,5277.600098,5385.600098,5385.600098,33,0.0,0.0
2016-12-30,5385.600098,5385.600098,4852.799805,5054.399902,5054.399902,79,0.0,0.0
2017-01-03,5068.799805,5313.600098,4939.200195,5227.200195,5227.200195,13,0.0,0.0
2017-01-04,5113.439941,5469.120117,5097.600098,5414.399902,5414.399902,45,0.0,0.0
2017-01-05,5340.959961,5472.0,5153.759766,5457.600098,5457.600098,21,0.0,0.0
2017-01-06,5352.47998,5990.399902,5352.47998,5860.799805,5860.799805,57,0.0,0.0
2017-01-09,5342.399902,5832.0,5342.399902,5832.0,5832.0,35,0.0,0.0
2017-01-10,5832.0,5976.0,5803.200195,5976.0,5976.0,42,0.0,0.0
2017-01-11,5904.0,6033.600098,5630.399902,5630.399902,5630.399902,28,0.0,0.0
2017-01-12,5688.0,5932.799805,5587.200195,5716.799805,5716.799805,10,0.0,0.0
2017-01-13,5558.399902,5974.560059,5544.0,5918.399902,5918.399902,7,0.0,0.0
2017-01-17,5990.399902,6048.0,5760.0,5904.0,5904.0,50,0.0,0.0
2017-01-18,5990.399902,6163.200195,5832.0,6033.600098,6033.600098,34,0.0,0.0
2017-01-19,6019.200195,6192.0,5976.0,6076.799805,6076.799805,25,0.0,0.0
2017-01-20,5932.799805,6120.0,5774.399902,6048.0,6048.0,8,0.0,0.0
2017-01-23,5976.0,6032.160156,5832.0,5875.200195,5875.200195,22,0.0,0.0
2017-01-24,5875.200195,5875.200195,5630.399902,5673.600098,5673.600098,27,0.0,0.0
2017-01-25,5616.0,5976.0,5616.0,5659.200195,5659.200195,27,0.0,0.0
2017-01-26,5716.799805,5932.799805,5544.0,5688.0,5688.0,16,0.0,0.0
2017-01-27,5659.200195,5904.0,5659.200195,5875.200195,5875.200195,6,0.0,0.0
2017-01-30,5760.0,5904.0,5688.0,5832.0,5832.0,19,0.0,0.0
2017-01-31,5904.0,5947.200195,5716.799805,5875.200195,5875.200195,13,0.0,0.0
2017-02-01,5932.799805,6105.600098,5932.799805,5947.200195,5947.200195,5,0.0,0.0
2017-02-02,5875.200195,6134.399902,5832.0,6076.799805,6076.799805,12,0.0,0.0
2017-02-03,6163.200195,6516.0,6120.0,6393.600098,6393.600098,33,0.0,0.0
2017-02-06,6379.200195,6825.600098,6379.200195,6710.399902,6710.399902,13,0.0,0.0
2017-02-07,6768.0,6768.0,6408.0,6580.799805,6580.799805,14,0.0,0.0
2017-02-08,6624.0,6624.0,6063.839844,6595.200195,6595.200195,10,0.0,0.0
2017-02-09,6138.720215,6595.200195,6091.200195,6580.799805,6580.799805,5,0.0,0.0
2017-02-10,6120.0,6580.799805,6120.0,6494.399902,6494.399902,19,0.0,0.0
2017-02-13,6552.0,6710.399902,6552.0,6710.399902,6710.399902,12,0.0,0.0
2017-02-14,6697.439941,6753.600098,5644.799805,5976.0,5976.0,51,0.0,0.0
2017-02-15,5904.0,6134.399902,5760.0,5918.399902,5918.399902,12,0.0,0.0
2017-02-16,5860.799805,6048.0,5618.879883,6048.0,6048.0,21,0.0,0.0
2017-02-17,6033.600098,6073.919922,5896.799805,6033.600098,6033.600098,4,0.0,0.0
2017-02-21,6206.399902,6220.799805,5832.0,6120.0,6120.0,20,0.0,0.0
2017-02-22,5932.799805,6089.759766,5774.399902,5889.600098,5889.600098,13,0.0,0.0
2017-02-23,5817.600098,6291.359863,5774.399902,6019.200195,6019.200195,20,0.0,0.0
2017-02-24,5904.0,6192.0,5904.0,6192.0,6192.0,8,0.0,0.0
2017-02-27,6235.200195,7228.799805,6235.200195,7128.0,7128.0,78,0.0,0.0
2017-02-28,6739.200195,7539.839844,6480.0,7486.560059,7486.560059,110,0.0,0.0
2017-03-01,7588.799805,7617.600098,7214.399902,7315.200195,7315.200195,57,0.0,0.0
2017-03-02,7162.560059,7536.959961,6942.240234,7084.799805,7084.799805,43,0.0,0.0
2017-03-03,7243.200195,7545.600098,6926.399902,7200.0,7200.0,20,0.0,0.0
2017-03-06,7056.0,7286.399902,6840.0,6969.600098,6969.600098,54,0.0,0.0
2017-03-07,6883.200195,7028.640137,6739.200195,6739.200195,6739.200195,11,0.0,0.0
2017-03-08,7056.0,7056.0,6840.0,6912.0,6912.0,9,0.0,0.0
2017-03-09,6940.799805,7099.200195,6912.0,6912.0,6912.0,4,0.0,0.0
2017-03-10,6912.0,7171.200195,6854.399902,7171.200195,7171.200195,11,0.0,0.0
2017-03-13,6955.200195,7200.0,6953.759766,6955.200195,6955.200195,13,0.0,0.0
2017-03-14,7027.200195,7056.0,6840.0,7041.600098,7041.600098,4,0.0,0.0
2017-03-15,6984.0,6984.0,6854.399902,6883.200195,6883.200195,11,0.0,0.0
2017-03-16,7012.799805,7200.0,6855.839844,7200.0,7200.0,7,0.0,0.0
2017-03-17,7113.600098,7416.0,7056.0,7243.200195,7243.200195,53,0.0,0.0
2017-03-20,7272.0,8337.599609,7012.799805,7214.399902,7214.399902,97,0.0,0.0
2017-03-21,7488.0,7747.200195,6739.200195,6883.200195,6883.200195,66,0.0,0.0
2017-03-22,6811.200195,6883.200195,6652.799805,6667.200195,6667.200195,22,0.0,0.0
2017-03-23,6796.799805,6840.0,6624.0,6681.600098,6681.600098,6,0.0,0.0
2017-03-24,6552.0,6681.600098,6336.0,6436.799805,6436.799805,12,0.0,0.0
2017-03-27,6292.799805,7191.359863,6192.0,6595.200195,6595.200195,15,0.0,0.0
2017-03-28,6652.799805,7142.399902,6639.839844,6811.200195,6811.200195,19,0.0,0.0
2017-03-29,6840.0,7025.759766,6624.0,6638.399902,6638.399902,8,0.0,0.0
2017-03-30,6696.0,6912.0,6379.200195,6782.399902,6782.399902,12,0.0,0.0
2017-03-31,7179.839844,7179.839844,6667.200195,7041.600098,7041.600098,21,0.0,0.0
2017-04-03,7128.0,7182.720215,6854.399902,6868.799805,6868.799805,3,0.0,0.0
2017-04-04,6912.0,7041.600098,6667.200195,6897.600098,6897.600098,11,0.0,0.0
2017-04-05,6897.600098,7156.799805,6624.0,6710.399902,6710.399902,9,0.0,0.0
2017-04-06,6753.600098,7056.0,6553.439941,7041.600098,7041.600098,9,0.0,0.0
2017-04-07,6825.600098,6939.359863,6753.600098,6840.0,6840.0,2,0.0,0.0
2017-04-10,6912.0,7905.600098,6912.0,7286.399902,7286.399902,136,0.0,0.0
2017-04-11,7459.200195,7459.200195,6984.0,7253.279785,7253.279785,13,0.0,0.0
2017-04-12,7344.0,7344.0,6753.600098,7027.200195,7027.200195,10,0.0,0.0
2017-04-13,7110.720215,7228.799805,6926.399902,7070.399902,7070.399902,11,0.0,0.0
2017-04-17,7473.600098,7473.600098,7125.120117,7397.279785,7397.279785,18,0.0,0.0
2017-04-18,7473.600098,7473.600098,7040.160156,7344.0,7344.0,13,0.0,0.0
2017-04-19,7344.0,7905.600098,7243.200195,7243.200195,7243.200195,99,0.0,0.0
2017-04-20,7286.399902,7516.799805,7084.799805,7200.0,7200.0,11,0.0,0.0
2017-04-21,7257.600098,7358.399902,6926.399902,7315.200195,7315.200195,12,0.0,0.0
2017-04-24,7459.200195,7617.600098,7228.799805,7430.399902,7430.399902,12,0.0,0.0
2017-04-25,7516.799805,7516.799805,6969.600098,7214.399902,7214.399902,22,0.0,0.0
2017-04-26,7200.0,7200.0,7056.0,7200.0,7200.0,16,0.0,0.0
2017-04-27,7315.200195,7401.600098,6984.0,7401.600098,7401.600098,18,0.0,0.0
2017-04-28,7344.0,7488.0,7200.0,7459.200195,7459.200195,10,0.0,0.0
2017-05-01,7459.200195,8323.200195,7286.399902,7286.399902,7286.399902,114,0.0,0.0
2017-05-02,7329.600098,7459.200195,7156.799805,7214.399902,7214.399902,24,0.0,0.0
2017-05-03,7804.799805,7804.799805,7200.0,7329.600098,7329.600098,24,0.0,0.0
2017-05-04,7231.680176,7444.799805,7214.399902,7416.0,7416.0,12,0.0,0.0
2017-05-05,7502.399902,7502.399902,7344.0,7372.799805,7372.799805,12,0.0,0.0
2017-05-08,7344.0,7358.399902,7056.0,7070.399902,7070.399902,19,0.0,0.0
2017-05-09,7113.600098,7171.200195,6480.0,6638.399902,6638.399902,55,0.0,0.0
2017-05-10,6552.0,7027.200195,6552.0,7012.799805,7012.799805,12,0.0,0.0
2017-05-11,6926.399902,7027.200195,6739.200195,7027.200195,7027.200195,5,0.0,0.0
2017-05-12,6969.600098,7041.600098,6847.200195,6969.600098,6969.600098,7,0.0,0.0
2017-05-15,6825.600098,7027.200195,6343.200195,6811.200195,6811.200195,8,0.0,0.0
2017-05-16,7056.0,7272.0,6552.0,7056.0,7056.0,61,0.0,0.0
2017-05-17,6969.600098,7084.799805,6652.799805,6969.600098,6969.600098,42,0.0,0.0
2017-05-18,6940.799805,7084.799805,6863.040039,7070.399902,7070.399902,7,0.0,0.0
2017-05-19,7113.600098,7113.600098,6969.600098,7099.200195,7099.200195,3,0.0,0.0
2017-05-22,6948.0,7344.0,6948.0,7171.200195,7171.200195,21,0.0,0.0
2017-05-23,7295.040039,7329.600098,6996.959961,7200.0,7200.0,16,0.0,0.0
2017-05-24,6984.0,7200.0,6984.0,7200.0,7200.0,7,0.0,0.0
2017-05-25,7329.600098,7344.0,6994.080078,6998.399902,6998.399902,32,0.0,0.0
2017-05-26,7043.040039,7315.200195,7043.040039,7300.799805,7300.799805,2,0.0,0.0
2017-05-30,7329.600098,7329.600098,6912.0,6998.399902,6998.399902,21,0.0,0.0
2017-05-31,7315.200195,7315.200195,7185.600098,7272.0,7272.0,9,0.0,0.0
2017-06-01,7257.600098,7459.200195,7056.0,7228.799805,7228.799805,14,0.0,0.0
2017-06-02,7171.200195,7488.0,6782.399902,7286.399902,7286.399902,18,0.0,0.0
2017-06-05,7228.799805,7272.0,7099.200195,7257.600098,7257.600098,2,0.0,0.0
2017-06-06,7257.600098,7257.600098,7113.600098,7214.399902,7214.399902,1,0.0,0.0
2017-06-07,7156.799805,7171.200195,7070.399902,7142.399902,7142.399902,3,0.0,0.0
2017-06-08,7223.040039,7228.799805,6922.080078,7156.799805,7156.799805,7,0.0,0.0
2017-06-09,7156.799805,7156.799805,6883.200195,7041.600098,7041.600098,11,0.0,0.0
2017-06-12,7012.799805,7200.0,6753.600098,7113.600098,7113.600098,36,0.0,0.0
2017-06-13,7214.399902,7430.399902,7200.0,7430.399902,7430.399902,63,0.0,0.0
2017-06-14,7444.799805,8568.0,7444.799805,8568.0,8568.0,104,0.0,0.0
2017-06-15,8812.799805,8985.599609,7511.040039,8683.200195,8683.200195,32,0.0,0.0
2017-06-16,8683.200195,10065.599609,8683.200195,9964.799805,9964.799805,106,0.0,0.0
2017-06-19,10209.599609,10209.599609,9864.0,9892.799805,9892.799805,50,0.0,0.0
2017-06-20,9993.599609,9993.599609,8848.799805,9216.0,9216.0,40,0.0,0.0
2017-06-21,9115.200195,9360.0,9008.639648,9043.200195,9043.200195,14,0.0,0.0
2017-06-22,8942.400391,8942.400391,8424.0,8452.799805,8452.799805,38,0.0,0.0
2017-06-23,8582.400391,8798.400391,8392.320312,8654.400391,8654.400391,12,0.0,0.0
2017-06-26,9028.799805,9475.200195,8668.799805,8668.799805,8668.799805,25,0.0,0.0
2017-06-27,8884.799805,9216.0,8668.799805,8668.799805,8668.799805,10,0.0,0.0
2017-06-28,8942.400391,9273.599609,8686.080078,9129.599609,9129.599609,20,0.0,0.0
2017-06-29,8971.200195,9201.599609,8856.0,9057.599609,9057.599609,10,0.0,0.0
2017-06-30,9000.0,9446.400391,8867.519531,8929.44043,8929.44043,37,0.0,0.0
2017-07-03,9360.0,9360.0,8985.599609,9360.0,9360.0,11,0.0,0.0
2017-07-05,9288.0,9561.599609,9086.400391,9086.400391,9086.400391,10,0.0,0.0
2017-07-06,9100.799805,9374.400391,8928.0,9244.799805,9244.799805,16,0.0,0.0
2017-07-07,9518.400391,9518.400391,9028.799805,9360.0,9360.0,12,0.0,0.0
2017-07-10,9504.0,9561.599609,9360.0,9532.799805,9532.799805,10,0.0,0.0
2017-07-11,9648.0,9806.400391,9619.200195,9763.200195,9763.200195,17,0.0,0.0
2017-07-12,9691.200195,9792.0,9597.599609,9792.0,9792.0,25,0.0,0.0
2017-07-13,9691.200195,9849.599609,9662.400391,9662.400391,9662.400391,3,0.0,0.0
2017-07-14,9576.0,9878.400391,9475.200195,9864.0,9864.0,12,0.0,0.0
2017-07-17,9705.599609,9864.0,9244.799805,9403.200195,9403.200195,17,0.0,0.0
2017-07-18,9547.200195,9892.799805,9244.799805,9374.400391,9374.400391,27,0.0,0.0
2017-07-19,9720.0,9921.599609,9432.0,9446.400391,9446.400391,13,0.0,0.0
2017-07-20,9686.879883,9763.200195,9460.799805,9460.799805,9460.799805,6,0.0,0.0
2017-07-21,9535.679688,9936.0,9489.599609,9633.599609,9633.599609,24,0.0,0.0
2017-07-24,9446.400391,11145.599609,9446.400391,11145.599609,11145.599609,82,0.0,0.0
2017-07-25,11145.599609,11505.599609,10432.799805,11174.400391,11174.400391,66,0.0,0.0
2017-07-26,11088.0,12384.0,11016.0,11822.400391,11822.400391,95,0.0,0.0
2017-07-27,11736.0,12355.200195,10771.200195,11188.799805,11188.799805,60,0.0,0.0
2017-07-28,11577.599609,11620.799805,10828.799805,11217.599609,11217.599609,20,0.0,0.0
2017-07-31,11232.0,11232.0,10080.0,10152.0,10152.0,29,0.0,0.0
2017-08-01,10296.0,10382.400391,9705.599609,10224.0,10224.0,30,0.0,0.0
2017-08-02,10224.0,10310.400391,9864.0,10281.599609,10281.599609,14,0.0,0.0
2017-08-03,10180.799805,10368.0,9889.919922,10339.200195,10339.200195,12,0.0,0.0
2017-08-04,10166.400391,10569.599609,9878.400391,10238.400391,10238.400391,28,0.0,0.0
2017-08-07,10368.0,10425.599609,10195.200195,10267.200195,10267.200195,15,0.0,0.0
2017-08-08,10411.200195,11808.0,10411.200195,11419.200195,11419.200195,30,0.0,0.0
2017-08-09,11232.0,12182.400391,10742.400391,11880.0,11880.0,49,0.0,0.0
2017-08-10,11764.799805,11937.599609,11332.799805,11649.599609,11649.599609,13,0.0,0.0
2017-08-11,11491.200195,12343.679688,11430.719727,11779.200195,11779.200195,13,0.0,0.0
2017-08-14,11923.200195,12771.360352,11563.200195,12096.0,12096.0,28,0.0,0.0
2017-08-15,12052.799805,12355.200195,11750.400391,11952.0,11952.0,10,0.0,0.0
2017-08-16,11822.400391,12139.200195,11750.400391,11966.400391,11966.400391,9,0.0,0.0
2017-08-17,11851.200195,11952.0,11023.200195,11520.0,11520.0,21,0.0,0.0
2017-08-18,11376.0,11520.0,10396.799805,10972.799805,10972.799805,31,0.0,0.0
2017-08-21,11073.599609,11088.0,9993.599609,10713.599609,10713.599609,15,0.0,0.0
2017-08-22,10641.599609,11160.0,10440.0,10756.799805,10756.799805,5,0.0,0.0
2017-08-23,10915.200195,10987.200195,10382.400391,10641.599609,10641.599609,8,0.0,0.0
2017-08-24,10598.400391,11001.599609,10454.400391,10598.400391,10598.400391,21,0.0,0.0
2017-08-25,10627.200195,11476.799805,10627.200195,11476.799805,11476.799805,14,0.0,0.0
2017-08-28,11548.799805,11851.200195,10962.719727,11779.200195,11779.200195,31,0.0,0.0
2017-08-29,11476.799805,11836.799805,11433.599609,11520.0,11520.0,14,0.0,0.0
2017-08-30,11505.599609,11649.599609,11505.599609,11563.200195,11563.200195,10,0.0,0.0
2017-08-31,11520.0,11736.0,11193.120117,11678.400391,11678.400391,14,0.0,0.0
2017-09-01,11577.599609,11664.0,11520.0,11520.0,11520.0,27,0.0,0.0
2017-09-05,11520.0,11676.959961,11476.799805,11520.0,11520.0,14,0.0,0.0
2017-09-06,11502.719727,11502.719727,10944.0,10944.0,10944.0,8,0.0,0.0
2017-09-07,11283.839844,11491.200195,10828.799805,11203.200195,11203.200195,16,0.0,0.0
2017-09-08,11289.599609,11505.599609,11246.400391,11505.599609,11505.599609,6,0.0,0.0
2017-09-11,11462.400391,11505.599609,11102.400391,11232.0,11232.0,8,0.0,0.0
2017-09-12,11318.400391,11520.0,11232.0,11520.0,11520.0,11,0.0,0.0
2017-09-13,11520.0,11520.0,11260.799805,11275.200195,11275.200195,6,0.0,0.0
2017-09-14,10895.040039,11361.599609,10895.040039,11188.799805,11188.799805,3,0.0,0.0
2017-09-15,11232.0,11404.799805,10958.400391,11275.200195,11275.200195,5,0.0,0.0
2017-09-18,11259.360352,11606.400391,11246.400391,11491.200195,11491.200195,26,0.0,0.0
2017-09-19,11505.599609,12096.0,11404.799805,11750.400391,11750.400391,50,0.0,0.0
2017-09-20,11808.0,13320.0,11520.0,12340.799805,12340.799805,124,0.0,0.0
2017-09-21,12369.599609,12830.400391,12340.799805,12456.0,12456.0,22,0.0,0.0
2017-09-22,12499.200195,13520.160156,12499.200195,13377.599609,13377.599609,46,0.0,0.0
2017-09-25,13104.0,13190.400391,12326.400391,13176.0,13176.0,34,0.0,0.0
2017-09-26,13176.0,13176.0,12467.519531,13176.0,13176.0,21,0.0,0.0
2017-09-27,13281.120117,13320.0,12699.360352,13219.200195,13219.200195,13,0.0,0.0
2017-09-28,13040.639648,13219.200195,13001.759766,13176.0,13176.0,6,0.0,0.0
2017-09-29,13176.0,13176.0,12974.400391,13161.599609,13161.599609,4,0.0,0.0
2017-10-02,13075.200195,13248.0,12988.799805,12988.799805,12988.799805,17,0.0,0.0
2017-10-03,12974.400391,13204.799805,12384.0,12686.400391,12686.400391,39,0.0,0.0
2017-10-04,12585.599609,12746.879883,12283.200195,12657.599609,12657.599609,5,0.0,0.0
2017-10-05,12594.240234,13248.0,12499.200195,13248.0,13248.0,41,0.0,0.0
2017-10-06,13248.0,13651.200195,13063.679688,13420.799805,13420.799805,96,0.0,0.0
2017-10-09,13204.799805,13809.599609,12787.200195,12816.0,12816.0,52,0.0,0.0
2017-10-10,13104.0,13593.599609,12816.0,12816.0,12816.0,20,0.0,0.0
2017-10-11,12844.799805,13494.240234,12830.400391,13032.0,13032.0,10,0.0,0.0
2017-10-12,12974.400391,13291.200195,12830.400391,13104.0,13104.0,12,0.0,0.0
2017-10-13,13233.599609,13392.0,12729.599609,12772.799805,12772.799805,21,0.0,0.0
2017-10-16,12758.400391,13233.599609,12600.0,12614.400391,12614.400391,8,0.0,0.0
2017-10-17,12600.0,12787.200195,11606.400391,11692.799805,11692.799805,23,0.0,0.0
2017-10-18,11995.200195,12003.839844,10987.200195,11203.200195,11203.200195,27,0.0,0.0
2017-10-19,11073.599609,11203.200195,10656.0,10843.200195,10843.200195,29,0.0,0.0
2017-10-20,10800.0,11260.799805,10800.0,10828.799805,10828.799805,16,0.0,0.0
2017-10-23,10656.0,12038.400391,10310.400391,11044.799805,11044.799805,33,0.0,0.0
2017-10-24,11655.360352,11655.360352,10800.0,11606.400391,11606.400391,18,0.0,0.0
2017-10-25,12168.0,12168.0,11361.599609,11880.0,11880.0,29,0.0,0.0
2017-10-26,11779.200195,11865.599609,11347.200195,11678.400391,11678.400391,45,0.0,0.0
2017-10-27,11664.0,12067.200195,10784.160156,11908.799805,11908.799805,5,0.0,0.0
2017-10-30,11808.0,12067.200195,11491.200195,11793.599609,11793.599609,14,0.0,0.0
2017-10-31,11808.0,11822.400391,11736.0,11808.0,11808.0,7,0.0,0.0
2017-11-01,11678.400391,11779.200195,11505.599609,11520.0,11520.0,35,0.0,0.0
2017-11-02,11376.0,11664.0,11260.799805,11260.799805,11260.799805,13,0.0,0.0
2017-11-03,11203.200195,11481.120117,10843.200195,11116.799805,11116.799805,13,0.0,0.0
2017-11-06,11376.0,11376.0,10771.200195,10771.200195,10771.200195,10,0.0,0.0
2017-11-07,10800.0,10800.0,10368.0,10497.599609,10497.599609,16,0.0,0.0
2017-11-08,10483.200195,10483.200195,9619.200195,9835.200195,9835.200195,38,0.0,0.0
2017-11-09,10308.959961,10308.959961,9432.0,9864.0,9864.0,73,0.0,0.0
2017-11-10,9576.0,10267.200195,9576.0,9763.200195,9763.200195,14,0.0,0.0
2017-11-13,9748.799805,11174.400391,9748.799805,10944.0,10944.0,15,0.0,0.0
2017-11-14,11059.200195,11174.400391,10382.400391,10627.200195,10627.200195,23,0.0,0.0
2017-11-15,11131.200195,11131.200195,10108.799805,10382.400391,10382.400391,38,0.0,0.0
2017-11-16,10252.799805,11145.599609,10224.0,11016.0,11016.0,32,0.0,0.0
2017-11-17,11102.400391,11865.599609,10951.200195,11246.400391,11246.400391,32,0.0,0.0
2017-11-20,11304.0,12081.599609,11304.0,11707.200195,11707.200195,15,0.0,0.0
2017-11-21,11701.44043,12124.799805,11505.599609,11520.0,11520.0,15,0.0,0.0
2017-11-22,12096.0,12096.0,11462.400391,11563.200195,11563.200195,13,0.0,0.0
2017-11-24,11563.200195,11664.0,11412.0,11664.0,11664.0,9,0.0,0.0
2017-11-27,11664.0,11664.0,11390.400391,11390.400391,11390.400391,27,0.0,0.0
2017-11-28,11404.799805,11635.200195,11203.200195,11203.200195,11203.200195,22,0.0,0.0
2017-11-29,11491.200195,11649.599609,11160.0,11462.400391,11462.400391,44,0.0,0.0
2017-11-30,11577.599609,11635.200195,11275.200195,11577.599609,11577.599609,18,0.0,0.0
2017-12-01,11606.400391,11664.0,11332.799805,11476.799805,11476.799805,29,0.0,0.0
2017-12-04,11520.0,11649.599609,11419.200195,11448.0,11448.0,10,0.0,0.0
2017-12-05,11664.0,11664.0,11390.400391,11548.799805,11548.799805,12,0.0,0.0
2017-12-06,11553.120117,11808.0,11448.0,11721.599609,11721.599609,99,0.0,0.0
2017-12-07,12067.200195,12067.200195,11563.200195,11664.0,11664.0,17,0.0,0.0
2017-12-08,11662.55957,11720.160156,11390.400391,11649.599609,11649.599609,9,0.0,0.0
2017-12-11,11793.599609,12052.799805,11548.799805,11851.200195,11851.200195,22,0.0,0.0
2017-12-12,11894.400391,12009.599609,11721.599609,11966.400391,11966.400391,77,0.0,0.0
2017-12-13,12024.0,13104.0,11966.400391,12657.599609,12657.599609,305,0.0,0.0
2017-12-14,12844.799805,14083.200195,12758.400391,13017.599609,13017.599609,198,0.0,0.0
2017-12-15,13003.200195,13377.599609,12903.839844,12960.0,12960.0,68,0.0,0.0
2017-12-18,12888.0,13435.200195,12513.599609,12859.200195,12859.200195,25,0.0,0.0
2017-12-19,12844.799805,12945.599609,12355.200195,12556.799805,12556.799805,52,0.0,0.0
2017-12-20,12571.200195,12816.0,12038.400391,12052.799805,12052.799805,23,0.0,0.0
2017-12-21,12225.599609,12700.799805,12182.400391,12398.400391,12398.400391,21,0.0,0.0
2017-12-22,12528.0,12931.200195,12326.400391,12729.599609,12729.599609,16,0.0,0.0
2017-12-26,12744.0,12744.0,12107.519531,12528.0,12528.0,510,0.0,0.0
2017-12-27,12412.799805,12528.0,12297.599609,12297.599609,12297.599609,21,0.0,0.0
2017-12-28,12398.400391,12744.0,12254.400391,12571.200195,12571.200195,16,0.0,0.0
2017-12-29,12859.200195,13176.0,12686.400391,13176.0,13176.0,28,0.0,0.0
2018-01-02,13233.599609,13651.200195,12974.400391,13521.599609,13521.599609,54,0.0,0.0
2018-01-03,13608.0,15415.200195,13564.799805,14515.200195,14515.200195,73,0.0,0.0
2018-01-04,14443.200195,14644.799805,14083.200195,14083.200195,14083.200195,33,0.0,0.0
2018-01-05,14184.0,15408.0,14140.799805,15408.0,15408.0,67,0.0,0.0
2018-01-08,15667.200195,16920.0,15667.200195,16732.800781,16732.800781,95,0.0,0.0
2018-01-09,16560.0,17596.800781,15886.080078,16948.800781,16948.800781,84,0.0,0.0
2018-01-10,16747.199219,17064.0,16143.839844,16560.0,16560.0,25,0.0,0.0
2018-01-11,16848.0,16848.0,16027.200195,16041.599609,16041.599609,50,0.0,0.0
2018-01-12,16056.0,16473.599609,15940.799805,15940.799805,15940.799805,24,0.0,0.0
2018-01-16,15955.200195,17104.320312,14990.400391,15120.0,15120.0,60,0.0,0.0
2018-01-17,15235.200195,16358.400391,15062.400391,15566.400391,15566.400391,20,0.0,0.0
2018-01-18,15552.0,15552.0,15004.799805,15336.0,15336.0,24,0.0,0.0
2018-01-19,15076.799805,15707.519531,15062.400391,15220.799805,15220.799805,20,0.0,0.0
2018-01-22,15451.200195,16315.200195,15451.200195,15624.0,15624.0,38,0.0,0.0
2018-01-23,15048.0,16372.799805,14904.0,15336.0,15336.0,70,0.0,0.0
2018-01-24,15091.200195,15696.0,14616.0,15307.200195,15307.200195,26,0.0,0.0
2018-01-25,15969.599609,16272.0,15095.519531,15840.0,15840.0,20,0.0,0.0
2018-01-26,15998.400391,16272.0,15364.799805,15753.599609,15753.599609,26,0.0,0.0
2018-01-29,15523.200195,15840.0,14745.599609,14767.200195,14767.200195,42,0.0,0.0
2018-01-30,14774.400391,14774.400391,14112.0,14313.599609,14313.599609,46,0.0,0.0
2018-01-31,14616.0,14616.0,14126.400391,14371.200195,14371.200195,9,0.0,0.0
2018-02-01,14112.0,15537.599609,14112.0,15321.599609,15321.599609,32,0.0,0.0
2018-02-02,15292.799805,15292.799805,14544.0,14659.200195,14659.200195,39,0.0,0.0
2018-02-05,14486.400391,14702.400391,13680.0,13680.0,13680.0,36,0.0,0.0
2018-02-06,13680.0,15048.0,13680.0,14097.599609,14097.599609,19,0.0,0.0
2018-02-07,14832.0,14832.0,14184.0,14198.400391,14198.400391,25,0.0,0.0
2018-02-08,14385.599609,14385.599609,13348.799805,13521.599609,13521.599609,39,0.0,0.0
2018-02-09,13478.400391,14241.599609,13003.200195,13968.0,13968.0,27,0.0,0.0
2018-02-12,14241.599609,15387.839844,13881.599609,14068.799805,14068.799805,47,0.0,0.0
2018-02-13,14385.599609,14385.599609,13622.400391,13622.400391,13622.400391,14,0.0,0.0
2018-02-14,5198.399902,7848.0,5198.399902,7848.0,7848.0,609,0.0,0.0
2018-02-15,8064.0,10584.0,8064.0,10022.400391,10022.400391,591,0.0,0.0
2018-02-16,9835.200195,10137.599609,8424.0,8524.799805,8524.799805,166,0.0,0.0
2018-02-20,8222.400391,8496.0,7617.600098,7675.200195,7675.200195,99,0.0,0.0
2018-02-21,7747.200195,8311.679688,7747.200195,8092.799805,8092.799805,54,0.0,0.0
2018-02-22,8251.200195,8251.200195,7632.0,7761.600098,7761.600098,62,0.0,0.0
2018-02-23,7675.200195,8265.599609,7663.680176,8020.799805,8020.799805,37,0.0,0.0
2018-02-26,8193.599609,8265.599609,7934.399902,7977.600098,7977.600098,12,0.0,0.0
2018-02-27,7920.0,8104.319824,7416.0,7473.600098,7473.600098,38,0.0,0.0
2018-02-28,7401.600098,7704.0,6897.600098,7372.799805,7372.799805,62,0.0,0.0
2018-03-01,7372.799805,7686.720215,7230.240234,7588.799805,7588.799805,24,0.0,0.0
2018-03-02,7560.0,8222.400391,7312.319824,7819.200195,7819.200195,16,0.0,0.0
2018-03-05,7863.839844,8386.55957,7863.839844,8049.600098,8049.600098,26,0.0,0.0
2018-03-06,8337.599609,8363.519531,7920.0,8164.799805,8164.799805,33,0.0,0.0
2018-03-07,8195.040039,9475.200195,8020.799805,9014.400391,9014.400391,97,0.0,0.0
2018-03-08,9259.200195,9475.200195,8496.0,8596.799805,8596.799805,72,0.0,0.0
2018-03-09,8582.400391,9345.599609,8496.0,9187.200195,9187.200195,40,0.0,0.0
2018-03-12,9417.599609,9460.799805,8755.200195,9144.0,9144.0,26,0.0,0.0
2018-03-13,8640.0,9201.599609,8640.0,9158.400391,9158.400391,17,0.0,0.0
2018-03-14,9172.799805,9172.799805,8654.400391,8913.599609,8913.599609,27,0.0,0.0
2018-03-15,9950.400391,10008.0,8928.0,9532.799805,9532.799805,77,0.0,0.0
2018-03-16,9705.599609,10164.959961,9518.400391,9547.200195,9547.200195,43,0.0,0.0
2018-03-19,9561.599609,9691.200195,9288.0,9460.799805,9460.799805,16,0.0,0.0
2018-03-20,9489.599609,9489.599609,8956.799805,9057.599609,9057.599609,30,0.0,0.0
2018-03-21,9216.0,9259.200195,8668.799805,8827.200195,8827.200195,25,0.0,0.0
2018-03-22,8784.0,8884.799805,8640.0,8654.400391,8654.400391,17,0.0,0.0
2018-03-23,8740.799805,8769.599609,8435.519531,8524.799805,8524.799805,19,0.0,0.0
2018-03-26,8683.200195,8827.200195,8352.0,8438.400391,8438.400391,29,0.0,0.0
2018-03-27,8568.0,8568.0,7358.399902,7372.799805,7372.799805,81,0.0,0.0
2018-03-28,7358.399902,8064.0,7358.399902,7689.600098,7689.600098,15,0.0,0.0
2018-03-29,7862.399902,8035.200195,7761.600098,8020.799805,8020.799805,6,0.0,0.0
2018-04-02,7992.0,7992.0,6969.600098,7257.600098,7257.600098,55,0.0,0.0
2018-04-03,7574.399902,8352.0,7171.200195,8352.0,8352.0,72,0.0,0.0
2018-04-04,8164.799805,8424.0,8006.399902,8352.0,8352.0,18,0.0,0.0
2018-04-05,8366.400391,8827.200195,8352.0,8740.799805,8740.799805,20,0.0,0.0
2018-04-06,8596.799805,8812.799805,8366.400391,8640.0,8640.0,10,0.0,0.0
2018-04-09,8539.200195,8884.799805,8287.200195,8755.200195,8755.200195,22,0.0,0.0
2018-04-10,8870.400391,9000.0,8003.52002,8769.599609,8769.599609,61,0.0,0.0
2018-04-11,8697.599609,9216.0,8496.0,9144.0,9144.0,17,0.0,0.0
2018-04-12,8942.400391,9432.0,8881.919922,9302.400391,9302.400391,28,0.0,0.0
2018-04-13,9360.0,9413.280273,8830.080078,8985.599609,8985.599609,16,0.0,0.0
2018-04-16,9014.400391,9072.0,8458.55957,8856.0,8856.0,24,0.0,0.0
2018-04-17,8856.0,9043.200195,8769.599609,8812.799805,8812.799805,10,0.0,0.0
2018-04-18,8856.0,9000.0,8683.200195,9000.0,9000.0,14,0.0,0.0
2018-04-19,8942.400391,9115.200195,8784.0,9028.799805,9028.799805,13,0.0,0.0
2018-04-20,8769.599609,8942.400391,8668.799805,8899.200195,8899.200195,6,0.0,0.0
2018-04-23,8748.0,8884.799805,8654.400391,8697.599609,8697.599609,10,0.0,0.0
2018-04-24,8726.400391,8755.200195,8262.719727,8654.400391,8654.400391,10,0.0,0.0
2018-04-25,8452.799805,8899.200195,8409.599609,8856.0,8856.0,9,0.0,0.0
2018-04-26,8755.200195,8899.200195,8726.400391,8880.480469,8880.480469,3,0.0,0.0
2018-04-27,8798.400391,8985.599609,8546.400391,8668.799805,8668.799805,23,0.0,0.0
2018-04-30,8784.0,8784.0,8208.0,8553.599609,8553.599609,25,0.0,0.0
2018-05-01,8582.400391,8712.0,8431.200195,8683.200195,8683.200195,12,0.0,0.0
2018-05-02,8740.799805,8892.0,8690.400391,8798.400391,8798.400391,5,0.0,0.0
2018-05-03,8769.599609,8769.599609,8452.799805,8524.799805,8524.799805,5,0.0,0.0
2018-05-04,8352.0,8668.799805,8323.200195,8539.200195,8539.200195,17,0.0,0.0
2018-05-07,8539.200195,8913.599609,8539.200195,8913.599609,8913.599609,6,0.0,0.0
2018-05-08,8856.0,8856.0,8546.400391,8655.839844,8655.839844,11,0.0,0.0
2018-05-09,7712.640137,8611.200195,7712.640137,8575.200195,8575.200195,13,0.0,0.0
2018-05-10,8568.0,8568.0,8229.599609,8510.400391,8510.400391,18,0.0,0.0
2018-05-11,8496.0,8496.0,8337.599609,8481.599609,8481.599609,16,0.0,0.0
2018-05-14,8208.0,8496.0,7920.0,8438.400391,8438.400391,7,0.0,0.0
2018-05-15,8452.799805,9072.0,8297.280273,9000.0,9000.0,60,0.0,0.0
2018-05-16,8971.200195,9243.360352,8827.200195,8870.400391,8870.400391,76,0.0,0.0
2018-05-17,8928.0,9057.599609,8812.799805,9028.799805,9028.799805,34,0.0,0.0
2018-05-18,9158.400391,9158.400391,8856.0,8884.799805,8884.799805,16,0.0,0.0
2018-05-21,8856.0,9144.0,8457.120117,8726.400391,8726.400391,9,0.0,0.0
2018-05-22,8640.0,8841.599609,8444.160156,8647.200195,8647.200195,24,0.0,0.0
2018-05-23,8712.0,8769.599609,8553.599609,8596.799805,8596.799805,16,0.0,0.0
2018-05-24,8598.240234,8712.0,8596.799805,8625.599609,8625.599609,24,0.0,0.0
2018-05-25,8668.799805,8712.0,8640.0,8668.799805,8668.799805,15,0.0,0.0
2018-05-29,8707.679688,8712.0,8467.200195,8668.799805,8668.799805,16,0.0,0.0
2018-05-30,8697.599609,8697.599609,8282.879883,8481.599609,8481.599609,73,0.0,0.0
2018-05-31,8553.599609,9504.0,8294.400391,9086.400391,9086.400391,203,0.0,0.0
2018-06-01,9216.0,9459.360352,9187.200195,9259.200195,9259.200195,73,0.0,0.0
2018-06-04,9158.400391,10800.0,9158.400391,10252.799805,10252.799805,97,0.0,0.0
2018-06-05,10339.200195,11102.400391,10339.200195,10771.200195,10771.200195,45,0.0,0.0
2018-06-06,10800.0,11937.599609,10584.0,10814.400391,10814.400391,128,0.0,0.0
2018-06-07,11001.599609,11892.959961,9907.200195,10555.200195,10555.200195,54,0.0,0.0
2018-06-08,10656.0,10656.0,9705.599609,9792.0,9792.0,40,0.0,0.0
2018-06-11,9820.799805,10424.160156,9820.799805,10080.0,10080.0,39,0.0,0.0
2018-06-12,36489.601562,38966.398438,25228.800781,25329.599609,25329.599609,11392,0.0,0.0
2018-06-13,25502.400391,27144.0,21816.0,25862.400391,25862.400391,2974,0.0,0.0
2018-06-14,25920.0,26928.0,22896.0,23126.400391,23126.400391,952,0.0,0.0
2018-06-15,22622.400391,24782.400391,22104.0,23616.0,23616.0,488,0.0,0.0
2018-06-18,22060.800781,23068.800781,20908.800781,21470.400391,21470.400391,819,0.0,0.0
2018-06-19,20894.400391,23688.0,20880.0,22593.599609,22593.599609,512,0.0,0.0
2018-06-20,21528.0,21744.0,20361.599609,20462.400391,20462.400391,2042,0.0,0.0
2018-06-21,20678.400391,21168.0,20318.400391,20721.599609,20721.599609,339,0.0,0.0
2018-06-22,21456.0,21571.199219,20160.0,20289.599609,20289.599609,389,0.0,0.0
2018-06-25,20044.800781,20044.800781,18720.0,19512.0,19512.0,338,0.0,0.0
2018-06-26,19267.199219,19483.199219,18115.199219,18864.0,18864.0,379,0.0,0.0
2018-06-27,19440.0,19722.240234,18129.599609,18648.0,18648.0,324,0.0,0.0
2018-06-28,18417.599609,18561.599609,17049.599609,17424.0,17424.0,335,0.0,0.0
2018-06-29,17366.400391,17899.199219,17006.400391,17136.0,17136.0,195,0.0,0.0
2018-07-02,17193.599609,17618.400391,16660.800781,16977.599609,16977.599609,179,0.0,0.0
2018-07-03,17006.400391,17611.199219,16646.400391,16761.599609,16761.599609,95,0.0,0.0
2018-07-05,16833.599609,17452.800781,16473.599609,17222.400391,17222.400391,108,0.0,0.0
2018-07-06,17179.199219,17398.080078,16300.799805,16401.599609,16401.599609,141,0.0,0.0
2018-07-09,16416.0,17020.800781,16142.400391,16646.400391,16646.400391,138,0.0,0.0
2018-07-10,16704.0,16954.560547,15696.0,15840.0,15840.0,129,0.0,0.0
2018-07-11,15854.400391,15912.0,15134.400391,15192.0,15192.0,305,0.0,0.0
2018-07-12,18273.599609,20505.599609,16934.400391,18388.800781,18388.800781,2905,0.0,0.0
2018-07-13,20563.199219,22564.800781,20232.0,21945.599609,21945.599609,3737,0.0,0.0
2018-07-16,21830.400391,22413.599609,20793.599609,21614.400391,21614.400391,1064,0.0,0.0
2018-07-17,21369.599609,22132.800781,20880.0,21139.199219,21139.199219,522,0.0,0.0
2018-07-18,21240.0,21412.800781,19584.0,20174.400391,20174.400391,375,0.0,0.0
2018-07-19,19987.199219,21844.800781,19987.199219,21628.800781,21628.800781,475,0.0,0.0
2018-07-20,22305.599609,23011.199219,21456.0,21600.0,21600.0,868,0.0,0.0
2018-07-23,21672.0,22464.0,21657.599609,22003.199219,22003.199219,263,0.0,0.0
2018-07-24,22104.0,22305.599609,20419.199219,20779.199219,20779.199219,412,0.0,0.0
2018-07-25,20520.0,21225.599609,20448.0,20764.800781,20764.800781,167,0.0,0.0
2018-07-26,20664.0,20836.800781,20232.0,20505.599609,20505.599609,126,0.0,0.0
2018-07-27,20505.599609,20721.599609,19080.0,19281.599609,19281.599609,278,0.0,0.0
2018-07-30,19238.400391,20073.599609,19152.0,19944.0,19944.0,130,0.0,0.0
2018-07-31,20001.599609,20044.800781,19267.199219,19555.199219,19555.199219,97,0.0,0.0
2018-08-01,19555.199219,19958.400391,19238.400391,19497.599609,19497.599609,122,0.0,0.0
2018-08-02,19008.0,19958.400391,18748.800781,19814.400391,19814.400391,188,0.0,0.0
2018-08-03,19843.199219,19987.199219,19008.0,19238.400391,19238.400391,153,0.0,0.0
2018-08-06,19512.0,19512.0,18590.400391,18662.400391,18662.400391,200,0.0,0.0
2018-08-07,19036.800781,19195.199219,18165.599609,18878.400391,18878.400391,167,0.0,0.0
2018-08-08,19108.800781,19108.800781,18316.800781,18763.199219,18763.199219,127,0.0,0.0
2018-08-09,18691.199219,18691.199219,18360.0,18417.599609,18417.599609,91,0.0,0.0
2018-08-10,18216.0,18489.599609,17539.199219,17640.0,17640.0,139,0.0,0.0
2018-08-13,17654.400391,17920.800781,16848.0,17006.400391,17006.400391,171,0.0,0.0
2018-08-14,16920.0,17020.800781,15897.599609,16070.400391,16070.400391,238,0.0,0.0
2018-08-15,15840.0,16444.800781,15667.200195,16243.200195,16243.200195,181,0.0,0.0
2018-08-16,16214.400391,16992.0,16056.0,16574.400391,16574.400391,103,0.0,0.0
2018-08-17,16632.0,16732.800781,16329.599609,16488.0,16488.0,66,0.0,0.0
2018-08-20,16574.400391,16920.0,16128.0,16329.599609,16329.599609,82,0.0,0.0
2018-08-21,16257.599609,17294.400391,16257.599609,17020.800781,17020.800781,128,0.0,0.0
2018-08-22,17049.599609,18936.0,17049.599609,18489.599609,18489.599609,296,0.0,0.0
2018-08-23,18604.800781,18691.199219,18021.599609,18590.400391,18590.400391,176,0.0,0.0
2018-08-24,18619.199219,18936.0,17454.240234,18072.0,18072.0,159,0.0,0.0
2018-08-27,18028.800781,18388.800781,17841.599609,18259.199219,18259.199219,92,0.0,0.0
2018-08-28,18273.599609,18576.0,18028.800781,18532.800781,18532.800781,82,0.0,0.0
2018-08-29,18518.400391,19555.199219,18374.400391,19036.800781,19036.800781,106,0.0,0.0
2018-08-30,19152.0,19411.199219,18999.359375,19166.400391,19166.400391,95,0.0,0.0
2018-08-31,19008.0,19671.839844,19008.0,19512.0,19512.0,116,0.0,0.0
2018-09-04,19584.0,19800.0,19065.599609,19440.0,19440.0,73,0.0,0.0
2018-09-05,19584.0,19771.199219,18879.839844,19512.0,19512.0,102,0.0,0.0
2018-09-06,19612.800781,19612.800781,18504.0,18763.199219,18763.199219,66,0.0,0.0
2018-09-07,18576.0,19440.0,18028.800781,18201.599609,18201.599609,67,0.0,0.0
2018-09-10,18446.400391,19051.199219,18302.400391,19008.0,19008.0,57,0.0,0.0
2018-09-11,19080.0,19152.0,18493.919922,19094.400391,19094.400391,73,0.0,0.0
2018-09-12,19152.0,19152.0,18504.0,18878.400391,18878.400391,41,0.0,0.0
2018-09-13,18892.800781,18936.0,18518.400391,18763.199219,18763.199219,51,0.0,0.0
2018-09-14,18864.0,18936.0,18576.0,18720.0,18720.0,49,0.0,0.0
2018-09-17,18720.0,18799.199219,18302.400391,18504.0,18504.0,62,0.0,0.0
2018-09-18,18705.599609,19789.919922,18028.800781,18158.400391,18158.400391,162,0.0,0.0
2018-09-19,18273.599609,19137.599609,18086.400391,18417.599609,18417.599609,116,0.0,0.0
2018-09-20,18403.199219,18734.400391,18043.199219,18475.199219,18475.199219,76,0.0,0.0
2018-09-21,18518.400391,18705.599609,18144.0,18432.0,18432.0,48,0.0,0.0
2018-09-24,18475.199219,19051.199219,18460.800781,18777.599609,18777.599609,93,0.0,0.0
2018-09-25,18777.599609,19152.0,18698.400391,18950.400391,18950.400391,80,0.0,0.0
2018-09-26,18964.800781,19800.0,18878.400391,19569.599609,19569.599609,101,0.0,0.0
2018-09-27,19627.199219,19987.199219,19540.800781,19699.199219,19699.199219,79,0.0,0.0
2018-09-28,19555.199219,19915.199219,19080.0,19555.199219,19555.199219,32,0.0,0.0
2018-10-01,19584.0,20088.0,19224.0,19756.800781,19756.800781,107,0.0,0.0
2018-10-02,19828.800781,21096.0,19828.800781,20836.800781,20836.800781,244,0.0,0.0
2018-10-03,20880.0,20880.0,20376.0,20563.199219,20563.199219,119,0.0,0.0
2018-10-04,20332.800781,20563.199219,19152.0,19267.199219,19267.199219,105,0.0,0.0
2018-10-05,19296.0,20014.560547,18720.0,18864.0,18864.0,118,0.0,0.0
2018-10-08,18864.0,19036.800781,17496.0,17740.800781,17740.800781,112,0.0,0.0
2018-10-09,17553.599609,17726.400391,16660.800781,17539.199219,17539.199219,99,0.0,0.0
2018-10-10,17352.0,17496.0,16536.960938,16545.599609,16545.599609,66,0.0,0.0
2018-10-11,16416.0,17035.199219,16056.0,16372.799805,16372.799805,92,0.0,0.0
2018-10-12,16531.199219,17222.400391,16200.0,16761.599609,16761.599609,94,0.0,0.0
2018-10-15,16790.400391,16963.199219,16200.0,16344.0,16344.0,82,0.0,0.0
2018-10-16,16488.0,17352.0,16344.0,17208.0,17208.0,135,0.0,0.0
2018-10-17,17251.199219,17640.0,16632.0,17640.0,17640.0,71,0.0,0.0
2018-10-18,17625.599609,17640.0,16513.919922,17107.199219,17107.199219,64,0.0,0.0
2018-10-19,17092.800781,17395.199219,16416.0,16646.400391,16646.400391,53,0.0,0.0
2018-10-22,16646.400391,17136.0,16084.799805,16214.400391,16214.400391,76,0.0,0.0
2018-10-23,15840.0,16560.0,15004.799805,16272.0,16272.0,104,0.0,0.0
2018-10-24,16272.0,16272.0,14994.719727,15076.799805,15076.799805,85,0.0,0.0
2018-10-25,15048.0,15840.0,14630.400391,14630.400391,14630.400391,74,0.0,0.0
2018-10-26,14414.400391,14544.0,12556.799805,12729.599609,12729.599609,239,0.0,0.0
2018-10-29,13248.0,13939.200195,12297.599609,12528.0,12528.0,148,0.0,0.0
2018-10-30,12441.599609,13131.360352,12441.599609,12772.799805,12772.799805,89,0.0,0.0
2018-10-31,12916.799805,13492.799805,12700.799805,12888.0,12888.0,87,0.0,0.0
2018-11-01,12931.200195,14904.0,12931.200195,14875.200195,14875.200195,142,0.0,0.0
2018-11-02,14918.400391,15912.0,14731.200195,15552.0,15552.0,111,0.0,0.0
2018-11-05,16948.800781,16948.800781,15494.400391,16387.199219,16387.199219,183,0.0,0.0
2018-11-06,16344.0,16560.0,14112.0,15192.0,15192.0,210,0.0,0.0
2018-11-07,15264.0,15883.200195,14774.400391,14803.200195,14803.200195,70,0.0,0.0
2018-11-08,15120.0,15344.639648,14918.400391,15120.0,15120.0,67,0.0,0.0
2018-11-09,14904.0,15350.400391,13420.799805,13521.599609,13521.599609,97,0.0,0.0
2018-11-12,13593.599609,13766.400391,12787.200195,13766.400391,13766.400391,126,0.0,0.0
2018-11-13,13737.599609,14680.799805,12628.799805,12801.599609,12801.599609,195,0.0,0.0
2018-11-14,13032.0,13183.200195,12096.0,12196.799805,12196.799805,128,0.0,0.0
2018-11-15,12124.799805,13021.919922,12038.400391,12816.0,12816.0,41,0.0,0.0
2018-11-16,12844.799805,13723.200195,12373.919922,12628.799805,12628.799805,93,0.0,0.0
2018-11-19,12715.200195,13507.200195,11908.799805,13406.400391,13406.400391,214,0.0,0.0
2018-11-20,13147.200195,13492.799805,12401.280273,12672.0,12672.0,125,0.0,0.0
2018-11-21,12772.799805,13032.0,12382.55957,12614.400391,12614.400391,58,0.0,0.0
2018-11-23,12513.599609,13089.599609,12421.44043,12628.799805,12628.799805,25,0.0,0.0
2018-11-26,12643.200195,12873.599609,12225.599609,12254.400391,12254.400391,50,0.0,0.0
2018-11-27,12268.799805,12268.799805,11664.0,11851.200195,11851.200195,137,0.0,0.0
2018-11-28,11865.599609,12499.200195,11664.0,12412.799805,12412.799805,41,0.0,0.0
2018-11-29,12412.799805,12985.919922,12312.0,12312.0,12312.0,36,0.0,0.0
2018-11-30,12545.280273,12545.280273,12182.400391,12340.799805,12340.799805,24,0.0,0.0
2018-12-03,12600.0,12960.0,12398.400391,12772.799805,12772.799805,42,0.0,0.0
2018-12-04,12657.599609,13665.599609,12565.44043,12988.799805,12988.799805,69,0.0,0.0
2018-12-06,12744.0,12805.919922,11966.400391,12326.400391,12326.400391,85,0.0,0.0
2018-12-07,12211.200195,12466.080078,12024.0,12240.0,12240.0,59,0.0,0.0
2018-12-10,12268.799805,12268.799805,11678.400391,12052.799805,12052.799805,33,0.0,0.0
2018-12-11,12081.599609,12153.599609,11275.200195,11404.799805,11404.799805,56,0.0,0.0
2018-12-12,11836.799805,14025.599609,11836.799805,13521.599609,13521.599609,445,0.0,0.0
2018-12-13,13464.0,13680.0,12038.400391,12470.400391,12470.400391,98,0.0,0.0
2018-12-14,12268.799805,12441.599609,11779.200195,11966.400391,11966.400391,46,0.0,0.0
2018-12-17,12240.0,12571.200195,11635.200195,11793.599609,11793.599609,95,0.0,0.0
2018-12-18,11505.599609,11944.799805,11001.599609,11260.799805,11260.799805,83,0.0,0.0
2018-12-19,11376.0,11664.0,10180.799805,10584.0,10584.0,85,0.0,0.0
2018-12-20,10598.400391,10766.879883,9849.599609,9979.200195,9979.200195,87,0.0,0.0
2018-12-21,9950.400391,10036.799805,9518.400391,9792.0,9792.0,133,0.0,0.0
2018-12-24,9460.799805,9777.599609,8035.200195,9489.599609,9489.599609,192,0.0,0.0
2018-12-26,9792.0,10756.799805,9720.0,10584.0,10584.0,85,0.0,0.0
2018-12-27,10454.400391,10553.759766,9734.400391,10267.200195,10267.200195,69,0.0,0.0
2018-12-28,10080.0,10915.200195,10022.400391,10454.400391,10454.400391,67,0.0,0.0
2018-12-31,10454.400391,10656.0,9648.0,9835.200195,9835.200195,139,0.0,0.0
2019-01-02,9720.0,11016.0,9532.799805,10944.0,10944.0,88,0.0,0.0
2019-01-03,10784.160156,11085.120117,10699.200195,10785.599609,10785.599609,34,0.0,0.0
2019-01-04,11016.0,11880.0,10771.200195,11764.799805,11764.799805,71,0.0,0.0
2019-01-07,11520.0,12913.919922,11520.0,12384.0,12384.0,75,0.0,0.0
2019-01-08,12600.0,13204.799805,12182.400391,12931.200195,12931.200195,91,0.0,0.0
2019-01-09,13132.799805,13233.599609,12744.0,13017.599609,13017.599609,47,0.0,0.0
2019-01-10,12988.799805,13032.0,12240.0,12830.400391,12830.400391,30,0.0,0.0
2019-01-11,12960.0,12960.0,12376.799805,12484.799805,12484.799805,36,0.0,0.0
2019-01-14,12240.0,12634.55957,11980.799805,12196.799805,12196.799805,44,0.0,0.0
2019-01-15,12297.599609,12600.0,12124.799805,12326.400391,12326.400391,44,0.0,0.0
2019-01-16,12240.0,12657.599609,12024.0,12225.599609,12225.599609,57,0.0,0.0
2019-01-17,12254.400391,12474.719727,12019.679688,12240.0,12240.0,47,0.0,0.0
2019-01-18,12427.200195,12751.200195,12052.799805,12211.200195,12211.200195,72,0.0,0.0
2019-01-22,11980.799805,12096.0,10425.599609,11116.799805,11116.799805,124,0.0,0.0
2019-01-23,11289.599609,11577.599609,10929.599609,11203.200195,11203.200195,26,0.0,0.0
2019-01-24,11044.799805,11304.0,10944.0,11016.0,11016.0,43,0.0,0.0
2019-01-25,11203.200195,11260.799805,10800.0,11001.599609,11001.599609,58,0.0,0.0
2019-01-28,11232.0,11260.799805,10814.400391,10987.200195,10987.200195,39,0.0,0.0
2019-01-29,10972.799805,11260.799805,10497.599609,10627.200195,10627.200195,58,0.0,0.0
2019-01-30,10641.599609,11008.799805,10267.200195,10915.200195,10915.200195,78,0.0,0.0
2019-01-31,10800.0,11469.599609,10569.599609,11390.400391,11390.400391,75,0.0,0.0
2019-02-01,11376.0,11491.200195,10814.400391,11203.200195,11203.200195,20,0.0,0.0
2019-02-04,11304.0,11383.200195,11145.599609,11260.799805,11260.799805,14,0.0,0.0
2019-02-05,11318.400391,11664.0,11160.0,11232.0,11232.0,35,0.0,0.0
2019-02-06,11518.55957,11518.55957,10512.0,10627.200195,10627.200195,53,0.0,0.0
2019-02-07,10699.200195,10841.759766,10324.799805,10584.0,10584.0,35,0.0,0.0
2019-02-08,10584.0,10807.200195,10324.799805,10569.599609,10569.599609,17,0.0,0.0
2019-02-11,10699.200195,11044.799805,10382.400391,11044.799805,11044.799805,48,0.0,0.0
2019-02-12,11059.200195,11390.400391,10454.400391,10468.799805,10468.799805,83,0.0,0.0
2019-02-13,10382.400391,11088.0,10310.400391,10915.200195,10915.200195,112,0.0,0.0
2019-02-14,10915.200195,10915.200195,10598.400391,10756.799805,10756.799805,49,0.0,0.0
2019-02-15,10843.200195,11289.599609,10742.400391,11059.200195,11059.200195,75,0.0,0.0
2019-02-19,10915.200195,11332.799805,10759.679688,10814.400391,10814.400391,125,0.0,0.0
2019-02-20,10756.799805,11059.200195,10656.0,10771.200195,10771.200195,98,0.0,0.0
2019-02-21,10800.0,11131.200195,10108.799805,10958.400391,10958.400391,200,0.0,0.0
2019-02-22,10929.599609,12225.599609,10872.0,11865.599609,11865.599609,125,0.0,0.0
2019-02-25,12139.200195,12139.200195,11390.400391,11707.200195,11707.200195,85,0.0,0.0
2019-02-26,11635.200195,12528.0,11620.799805,12441.599609,12441.599609,140,0.0,0.0
2019-02-27,12513.599609,12797.280273,11757.599609,12081.599609,12081.599609,99,0.0,0.0
2019-02-28,12124.799805,12369.599609,11836.799805,11865.599609,11865.599609,80,0.0,0.0
2019-03-01,11808.0,12254.400391,11476.799805,12110.400391,12110.400391,83,0.0,0.0
2019-03-04,12254.400391,12398.400391,11505.599609,12240.0,12240.0,109,0.0,0.0
2019-03-05,12009.599609,12384.0,11721.599609,11721.599609,11721.599609,70,0.0,0.0
2019-03-06,11707.200195,12096.0,10972.799805,11131.200195,11131.200195,193,0.0,0.0
2019-03-07,11088.0,11520.0,10670.400391,11044.799805,11044.799805,116,0.0,0.0
2019-03-08,10872.0,11298.240234,10728.0,10886.400391,10886.400391,34,0.0,0.0
2019-03-11,10843.200195,11289.599609,10656.0,11217.599609,11217.599609,33,0.0,0.0
2019-03-12,12916.799805,12916.799805,11160.0,11750.400391,11750.400391,222,0.0,0.0
2019-03-13,12153.599609,12182.400391,10872.0,12153.599609,12153.599609,272,0.0,0.0
2019-03-14,12096.0,12441.599609,11390.400391,11736.0,11736.0,133,0.0,0.0
2019-03-15,11707.200195,12240.0,11707.200195,12182.400391,12182.400391,58,0.0,0.0
2019-03-18,12369.599609,12888.0,12355.200195,12556.799805,12556.799805,110,0.0,0.0
2019-03-19,12772.799805,12816.0,12369.599609,12787.200195,12787.200195,64,0.0,0.0
2019-03-20,12686.400391,12945.599609,12016.799805,12556.799805,12556.799805,123,0.0,0.0
2019-03-21,12398.400391,13492.799805,12398.400391,13060.799805,13060.799805,91,0.0,0.0
2019-03-22,13003.200195,13003.200195,12126.240234,12240.0,12240.0,86,0.0,0.0
2019-03-25,12182.400391,12700.799805,12081.599609,12110.400391,12110.400391,61,0.0,0.0
2019-03-26,12153.599609,12412.799805,11822.400391,12052.799805,12052.799805,43,0.0,0.0
2019-03-27,12094.55957,12254.400391,11684.160156,11764.799805,11764.799805,107,0.0,0.0
2019-03-28,11750.400391,11980.799805,11620.799805,11664.0,11664.0,39,0.0,0.0
2019-03-29,11721.599609,12499.200195,11721.599609,11764.799805,11764.799805,63,0.0,0.0
2019-04-01,12052.799805,12902.400391,11939.040039,12081.599609,12081.599609,147,0.0,0.0
2019-04-02,12268.799805,12700.799805,12124.799805,12427.200195,12427.200195,87,0.0,0.0
2019-04-03,12398.400391,13492.799805,12398.400391,12470.400391,12470.400391,120,0.0,0.0
2019-04-04,12556.799805,12859.200195,12254.400391,12427.200195,12427.200195,52,0.0,0.0
2019-04-05,12355.200195,12585.599609,12139.200195,12484.799805,12484.799805,104,0.0,0.0
2019-04-08,12355.200195,12960.0,12240.0,12499.200195,12499.200195,53,0.0,0.0
2019-04-09,12744.0,12997.44043,12124.799805,12340.799805,12340.799805,88,0.0,0.0
2019-04-10,12139.200195,12456.0,12024.0,12211.200195,12211.200195,50,0.0,0.0
2019-04-11,12240.0,12513.599609,12067.200195,12283.200195,12283.200195,45,0.0,0.0
2019-04-12,12268.799805,12312.0,12024.0,12124.799805,12124.799805,48,0.0,0.0
2019-04-15,12067.200195,12096.0,11448.0,11678.400391,11678.400391,81,0.0,0.0
2019-04-16,11851.200195,11923.200195,11448.0,11750.400391,11750.400391,42,0.0,0.0
2019-04-17,11894.400391,11966.400391,11390.400391,11505.599609,11505.599609,85,0.0,0.0
2019-04-18,11433.599609,11908.799805,10944.0,11520.0,11520.0,115,0.0,0.0
2019-04-22,11520.0,11952.0,11350.080078,11620.799805,11620.799805,39,0.0,0.0
2019-04-23,11736.0,12254.400391,11592.0,11908.799805,11908.799805,56,0.0,0.0
2019-04-24,11908.799805,12127.679688,11664.0,11822.400391,11822.400391,41,0.0,0.0
2019-04-25,11779.200195,12045.599609,11692.799805,11908.799805,11908.799805,32,0.0,0.0
2019-04-26,11836.799805,12139.200195,11599.200195,12009.599609,12009.599609,49,0.0,0.0
2019-04-29,12110.400391,12247.200195,11109.599609,11246.400391,11246.400391,127,0.0,0.0
2019-04-30,11246.400391,11390.400391,11014.55957,11188.799805,11188.799805,47,0.0,0.0
2019-05-01,11145.599609,11232.0,10944.0,11188.799805,11188.799805,42,0.0,0.0
2019-05-02,11232.0,11491.200195,10926.719727,11088.0,11088.0,21,0.0,0.0
2019-05-03,11174.400391,11424.959961,11060.639648,11217.599609,11217.599609,60,0.0,0.0
2019-05-06,11030.400391,11664.0,10785.599609,10828.799805,10828.799805,87,0.0,0.0
2019-05-07,11217.599609,11217.599609,10180.799805,10238.400391,10238.400391,109,0.0,0.0
2019-05-08,10324.799805,10615.679688,10152.0,10224.0,10224.0,67,0.0,0.0
2019-05-09,10137.599609,10598.400391,9960.480469,10526.400391,10526.400391,48,0.0,0.0
2019-05-10,10296.0,10454.400391,10051.200195,10080.0,10080.0,23,0.0,0.0
2019-05-13,10051.200195,10179.360352,9288.0,9417.599609,9417.599609,56,0.0,0.0
2019-05-14,9561.599609,10022.400391,9475.200195,9590.400391,9590.400391,58,0.0,0.0
2019-05-15,9561.599609,10080.0,9561.599609,9964.799805,9964.799805,52,0.0,0.0
2019-05-16,10094.400391,10353.599609,9892.799805,10008.0,10008.0,28,0.0,0.0
2019-05-17,9964.799805,10022.400391,9806.400391,9907.200195,9907.200195,16,0.0,0.0
2019-05-20,9921.599609,10108.799805,9619.200195,9864.0,9864.0,28,0.0,0.0
2019-05-21,9950.400391,10324.799805,9748.799805,9820.799805,9820.799805,33,0.0,0.0
2019-05-22,9820.799805,10136.160156,9576.0,9648.0,9648.0,32,0.0,0.0
2019-05-23,9532.799805,10019.519531,9172.799805,9331.200195,9331.200195,89,0.0,0.0
2019-05-24,9576.0,10008.0,9158.400391,9244.799805,9244.799805,67,0.0,0.0
2019-05-28,9360.0,9547.200195,9113.759766,9201.599609,9201.599609,76,0.0,0.0
2019-05-29,9158.400391,9302.400391,9000.0,9100.799805,9100.799805,46,0.0,0.0
2019-05-30,9129.599609,9216.0,8798.400391,8899.200195,8899.200195,36,0.0,0.0
2019-05-31,8712.0,9115.200195,8539.200195,8654.400391,8654.400391,53,0.0,0.0
2019-06-03,8539.200195,8798.400391,8395.200195,8395.200195,8395.200195,76,0.0,0.0
2019-06-04,8496.0,8812.799805,8136.0,8366.400391,8366.400391,71,0.0,0.0
2019-06-05,8640.0,8942.400391,8553.599609,8942.400391,8942.400391,36,0.0,0.0
2019-06-06,9820.799805,9820.799805,8553.599609,8668.799805,8668.799805,45,0.0,0.0
2019-06-07,8683.200195,8820.0,8308.799805,8496.0,8496.0,28,0.0,0.0
2019-06-10,8496.0,8769.599609,8339.040039,8553.599609,8553.599609,33,0.0,0.0
2019-06-11,8553.599609,8776.799805,7891.200195,8179.200195,8179.200195,88,0.0,0.0
2019-06-12,8236.799805,8337.599609,8058.240234,8323.200195,8323.200195,13,0.0,0.0
2019-06-13,8352.0,9129.599609,8264.160156,8985.599609,8985.599609,36,0.0,0.0
2019-06-14,8883.360352,9072.0,8726.400391,8827.200195,8827.200195,25,0.0,0.0
2019-06-17,8769.599609,9070.55957,8712.0,9057.599609,9057.599609,12,0.0,0.0
2019-06-18,9201.599609,9345.599609,8841.599609,9216.0,9216.0,17,0.0,0.0
2019-06-19,9259.200195,9360.0,9190.080078,9345.599609,9345.599609,12,0.0,0.0
2019-06-20,9388.799805,9676.799805,9345.599609,9360.0,9360.0,13,0.0,0.0
2019-06-21,9460.799805,9993.599609,9259.200195,9849.599609,9849.599609,24,0.0,0.0
2019-06-24,9964.799805,9964.799805,9309.599609,9604.799805,9604.799805,34,0.0,0.0
2019-06-25,9518.400391,9573.120117,9158.400391,9432.0,9432.0,29,0.0,0.0
2019-06-26,9406.080078,9504.0,9144.0,9302.400391,9302.400391,17,0.0,0.0
2019-06-27,9331.200195,9331.200195,8704.799805,8971.200195,8971.200195,67,0.0,0.0
2019-06-28,9115.200195,11088.0,8884.799805,10584.0,10584.0,216,0.0,0.0
2019-07-01,10785.599609,11073.599609,10166.400391,10180.799805,10180.799805,39,0.0,0.0
2019-07-02,10396.799805,10752.480469,10137.599609,10238.400391,10238.400391,22,0.0,0.0
2019-07-03,10310.400391,10491.839844,10080.0,10080.0,10080.0,17,0.0,0.0
2019-07-05,10065.599609,10353.599609,9734.400391,10065.599609,10065.599609,38,0.0,0.0
2019-07-08,9950.400391,10092.959961,9374.400391,9576.0,9576.0,18,0.0,0.0
2019-07-09,9504.0,9806.400391,9489.599609,9518.400391,9518.400391,15,0.0,0.0
2019-07-10,9576.0,9720.0,9504.0,9590.400391,9590.400391,7,0.0,0.0
2019-07-11,9705.599609,9853.919922,9216.0,9331.200195,9331.200195,20,0.0,0.0
2019-07-12,9288.0,9921.599609,9288.0,9820.799805,9820.799805,13,0.0,0.0
2019-07-15,9619.200195,10022.400391,9518.400391,9518.400391,9518.400391,16,0.0,0.0
2019-07-16,9604.799805,9849.599609,9230.400391,9273.599609,9273.599609,15,0.0,0.0
2019-07-17,9252.0,9318.240234,9043.200195,9144.0,9144.0,66,0.0,0.0
2019-07-18,9057.599609,9316.799805,8976.959961,9230.400391,9230.400391,27,0.0,0.0
2019-07-19,9073.44043,9244.799805,8971.200195,8985.599609,8985.599609,25,0.0,0.0
2019-07-22,9705.599609,9705.599609,8108.640137,8136.0,8136.0,82,0.0,0.0
2019-07-23,8352.0,8668.799805,8136.0,8337.599609,8337.599609,76,0.0,0.0
2019-07-24,8424.0,8956.799805,8164.799805,8956.799805,8956.799805,26,0.0,0.0
2019-07-25,8956.799805,8956.799805,8452.799805,8668.799805,8668.799805,29,0.0,0.0
2019-07-26,8683.200195,8988.480469,8508.959961,8776.799805,8776.799805,18,0.0,0.0
2019-07-29,8827.200195,8841.599609,8510.400391,8762.400391,8762.400391,13,0.0,0.0
2019-07-30,8784.0,8928.0,8625.599609,8841.599609,8841.599609,26,0.0,0.0
2019-07-31,8928.0,8928.0,8393.759766,8697.599609,8697.599609,51,0.0,0.0
2019-08-01,8596.799805,8596.799805,8193.599609,8193.599609,8193.599609,55,0.0,0.0
2019-08-02,8596.799805,8596.799805,8136.0,8164.799805,8164.799805,71,0.0,0.0
2019-08-05,8208.0,8352.0,6480.0,7041.600098,7041.600098,208,0.0,0.0
2019-08-06,7358.399902,7380.0,6782.399902,7214.399902,7214.399902,71,0.0,0.0
2019-08-07,7243.200195,7243.200195,6724.799805,6912.0,6912.0,55,0.0,0.0
2019-08-08,7056.0,7401.600098,6912.0,7200.0,7200.0,118,0.0,0.0
2019-08-09,7243.200195,7344.0,6940.799805,6984.0,6984.0,55,0.0,0.0
2019-08-12,6912.0,6998.399902,6739.200195,6955.200195,6955.200195,26,0.0,0.0
2019-08-13,6883.200195,7329.600098,6883.200195,7250.399902,7250.399902,34,0.0,0.0
2019-08-14,6984.0,7228.799805,6984.0,7156.799805,7156.799805,45,0.0,0.0
2019-08-15,7128.0,7459.200195,7128.0,7344.0,7344.0,49,0.0,0.0
2019-08-16,7358.399902,8049.600098,7329.600098,8020.799805,8020.799805,28,0.0,0.0
2019-08-19,8179.200195,8568.0,7819.200195,8553.599609,8553.599609,19,0.0,0.0
2019-08-20,8203.679688,8510.400391,8022.240234,8323.200195,8323.200195,33,0.0,0.0
2019-08-21,8337.599609,8424.0,8078.399902,8251.200195,8251.200195,23,0.0,0.0
2019-08-22,8193.599609,8222.400391,7891.200195,8020.799805,8020.799805,22,0.0,0.0
2019-08-23,7963.200195,8006.399902,7603.200195,7761.600098,7761.600098,19,0.0,0.0
2019-08-26,7776.0,7977.600098,7646.399902,7646.399902,7646.399902,8,0.0,0.0
2019-08-27,7776.0,7776.0,7113.600098,7416.0,7416.0,34,0.0,0.0
2019-08-28,7534.080078,7920.0,7344.0,7891.200195,7891.200195,58,0.0,0.0
2019-08-29,7963.200195,8311.679688,7603.200195,7761.600098,7761.600098,90,0.0,0.0
2019-08-30,7776.0,7876.799805,7401.600098,7502.399902,7502.399902,45,0.0,0.0
2019-09-03,7430.399902,7593.120117,6768.0,6926.399902,6926.399902,44,0.0,0.0
2019-09-04,6854.399902,7022.879883,6336.0,6739.200195,6739.200195,136,0.0,0.0
2019-09-05,6753.600098,7113.600098,6710.399902,6912.0,6912.0,83,0.0,0.0
2019-09-06,6991.200195,7171.200195,6580.799805,6652.799805,6652.799805,114,0.0,0.0
2019-09-09,6897.600098,7056.0,6451.200195,7027.200195,7027.200195,173,0.0,0.0
2019-09-10,7027.200195,7380.0,6660.0,6840.0,6840.0,150,0.0,0.0
2019-09-11,6854.399902,7156.799805,6768.0,7113.600098,7113.600098,52,0.0,0.0
2019-09-12,7056.0,7128.0,6854.399902,7056.0,7056.0,11,0.0,0.0
2019-09-13,7012.799805,7675.200195,7012.799805,7531.200195,7531.200195,73,0.0,0.0
2019-09-16,7588.799805,7804.799805,7113.600098,7171.200195,7171.200195,94,0.0,0.0
2019-09-17,7113.600098,7380.0,6868.799805,7128.0,7128.0,61,0.0,0.0
2019-09-18,7070.399902,7142.399902,6912.0,7102.080078,7102.080078,14,0.0,0.0
2019-09-19,7084.799805,7660.799805,7084.799805,7660.799805,7660.799805,29,0.0,0.0
2019-09-20,7747.200195,7747.200195,7447.680176,7732.799805,7732.799805,32,0.0,0.0
2019-09-23,7588.799805,7819.200195,7416.0,7430.399902,7430.399902,18,0.0,0.0
2019-09-24,7430.399902,7444.799805,6969.600098,7099.200195,7099.200195,27,0.0,0.0
2019-09-25,7041.600098,7257.600098,6984.0,7084.799805,7084.799805,41,0.0,0.0
2019-09-26,7185.600098,7387.200195,6998.399902,7185.600098,7185.600098,41,0.0,0.0
2019-09-27,6864.47998,7200.0,6864.47998,6998.399902,6998.399902,23,0.0,0.0
2019-09-30,6955.200195,7032.959961,6768.0,6883.200195,6883.200195,14,0.0,0.0
2019-10-01,6912.0,7056.0,6480.0,6508.799805,6508.799805,22,0.0,0.0
2019-10-02,6393.600098,6393.600098,5414.399902,5702.399902,5702.399902,179,0.0,0.0
2019-10-03,5673.600098,6465.600098,5673.600098,5817.600098,5817.600098,123,0.0,0.0
2019-10-04,5846.399902,6076.799805,5718.240234,5788.799805,5788.799805,39,0.0,0.0
2019-10-07,5803.200195,5918.399902,5644.799805,5760.0,5760.0,58,0.0,0.0
2019-10-08,5760.0,5870.879883,5616.0,5788.799805,5788.799805,26,0.0,0.0
2019-10-09,5760.0,5932.799805,5328.0,5400.0,5400.0,91,0.0,0.0
2019-10-10,5400.0,5414.399902,4921.919922,5198.399902,5198.399902,236,0.0,0.0
2019-10-11,5457.600098,5495.040039,5215.680176,5328.0,5328.0,62,0.0,0.0
2019-10-14,5400.0,5630.399902,5299.200195,5472.0,5472.0,50,0.0,0.0
2019-10-15,5544.0,5628.959961,5299.200195,5558.399902,5558.399902,40,0.0,0.0
2019-10-16,5486.399902,5673.600098,5256.0,5356.799805,5356.799805,68,0.0,0.0
2019-10-17,5342.399902,5731.200195,5328.0,5702.399902,5702.399902,59,0.0,0.0
2019-10-18,5688.0,5760.0,5407.200195,5659.200195,5659.200195,55,0.0,0.0
2019-10-21,5673.600098,6004.799805,5673.600098,5889.600098,5889.600098,16,0.0,0.0
2019-10-22,5999.040039,6120.0,5832.0,5990.399902,5990.399902,29,0.0,0.0
2019-10-23,5932.799805,6292.799805,5731.200195,5774.399902,5774.399902,39,0.0,0.0
2019-10-24,5745.600098,5846.399902,5581.439941,5745.600098,5745.600098,41,0.0,0.0
2019-10-25,5673.600098,5716.799805,5486.399902,5544.0,5544.0,13,0.0,0.0
2019-10-28,5515.200195,5585.759766,5328.0,5371.200195,5371.200195,74,0.0,0.0
2019-10-29,5356.799805,5443.200195,5328.0,5400.0,5400.0,15,0.0,0.0
2019-10-30,5400.0,5457.600098,5256.0,5328.0,5328.0,28,0.0,0.0
2019-10-31,5328.0,6249.600098,5274.720215,6026.399902,6026.399902,210,0.0,0.0
2019-11-01,6192.0,7027.200195,6192.0,6566.399902,6566.399902,84,0.0,0.0
2019-11-04,7041.600098,7048.799805,6696.0,6912.0,6912.0,69,0.0,0.0
2019-11-05,6912.0,6955.200195,6652.799805,6840.0,6840.0,65,0.0,0.0
2019-11-06,6840.0,6940.799805,6062.399902,6148.799805,6148.799805,52,0.0,0.0
2019-11-07,6494.399902,6552.0,6284.160156,6292.799805,6292.799805,46,0.0,0.0
2019-11-08,6235.200195,6278.399902,5932.799805,6062.399902,6062.399902,39,0.0,0.0
2019-11-11,5904.0,6624.0,5904.0,6408.0,6408.0,14,0.0,0.0
2019-11-12,6480.0,6868.799805,6321.600098,6580.799805,6580.799805,32,0.0,0.0
2019-11-13,6552.0,6840.0,6311.52002,6494.399902,6494.399902,25,0.0,0.0
2019-11-14,6422.399902,6592.319824,6364.799805,6393.600098,6393.600098,9,0.0,0.0
2019-11-15,6307.200195,6494.399902,6192.0,6292.799805,6292.799805,21,0.0,0.0
2019-11-18,6336.0,6580.799805,6264.0,6465.600098,6465.600098,22,0.0,0.0
2019-11-19,6408.0,6624.0,6278.399902,6552.0,6552.0,16,0.0,0.0
2019-11-20,6580.799805,6609.600098,6390.720215,6508.799805,6508.799805,11,0.0,0.0
2019-11-21,6530.399902,6530.399902,6289.919922,6364.799805,6364.799805,9,0.0,0.0
2019-11-22,6379.200195,6724.799805,6278.399902,6566.399902,6566.399902,15,0.0,0.0
2019-11-25,6638.399902,6768.0,6264.0,6480.0,6480.0,16,0.0,0.0
2019-11-26,6652.799805,6652.799805,6364.799805,6609.600098,6609.600098,15,0.0,0.0
2019-11-27,6552.0,6753.600098,6307.200195,6408.0,6408.0,44,0.0,0.0
2019-11-29,6408.0,6624.0,6346.080078,6480.0,6480.0,27,0.0,0.0
2019-12-02,6739.200195,8784.0,6739.200195,8380.799805,8380.799805,623,0.0,0.0
2019-12-03,8280.0,8568.0,7862.399902,8208.0,8208.0,179,0.0,0.0
2019-12-04,8294.400391,10627.200195,8294.400391,9720.0,9720.0,635,0.0,0.0
2019-12-05,10008.0,10296.0,9096.480469,9518.400391,9518.400391,256,0.0,0.0
2019-12-06,9720.0,9777.599609,8352.0,9360.0,9360.0,153,0.0,0.0
2019-12-09,9288.0,9288.0,8352.0,8625.599609,8625.599609,124,0.0,0.0
2019-12-10,8625.599609,9244.799805,8496.0,9100.799805,9100.799805,70,0.0,0.0
2019-12-11,9216.0,9230.400391,8596.799805,8928.0,8928.0,52,0.0,0.0
2019-12-12,8856.0,9201.599609,8712.0,8841.599609,8841.599609,70,0.0,0.0
2019-12-13,8726.400391,9144.0,8668.799805,8726.400391,8726.400391,61,0.0,0.0
2019-12-16,8668.799805,9000.0,8582.400391,8740.799805,8740.799805,85,0.0,0.0
2019-12-17,8726.400391,9012.959961,8020.799805,8265.599609,8265.599609,123,0.0,0.0
2019-12-18,8236.799805,8382.240234,7718.399902,7848.0,7848.0,91,0.0,0.0
2019-12-19,7862.399902,8064.0,7732.799805,7848.0,7848.0,90,0.0,0.0
2019-12-20,7790.399902,8337.599609,7761.600098,8222.400391,8222.400391,83,0.0,0.0
2019-12-23,8150.399902,8409.599609,8136.0,8280.0,8280.0,82,0.0,0.0
2019-12-24,8193.599609,8452.799805,7977.600098,8424.0,8424.0,53,0.0,0.0
2019-12-26,8524.799805,8524.799805,8236.799805,8438.400391,8438.400391,63,0.0,0.0
2019-12-27,8380.799805,8432.639648,8121.600098,8222.400391,8222.400391,44,0.0,0.0
2019-12-30,8136.0,8496.0,8136.0,8222.400391,8222.400391,109,0.0,0.0
2019-12-31,8179.200195,8539.200195,8179.200195,8323.200195,8323.200195,51,0.0,0.0
2020-01-02,8323.200195,8480.160156,8136.0,8352.0,8352.0,58,0.0,0.0
2020-01-03,8280.0,8467.200195,8157.600098,8395.200195,8395.200195,35,0.0,0.0
2020-01-06,8395.200195,9360.0,8278.55957,9259.200195,9259.200195,121,0.0,0.0
2020-01-07,9360.0,9993.599609,9259.200195,9849.599609,9849.599609,135,0.0,0.0
2020-01-08,9763.200195,10353.599609,9561.599609,9619.200195,9619.200195,81,0.0,0.0
2020-01-09,9792.0,9849.599609,9374.400391,9547.200195,9547.200195,57,0.0,0.0
2020-01-10,9547.200195,9676.799805,9100.799805,9201.599609,9201.599609,45,0.0,0.0
2020-01-13,9072.0,9849.599609,8784.0,9446.400391,9446.400391,66,0.0,0.0
2020-01-14,9547.200195,9720.0,9158.400391,9604.799805,9604.799805,33,0.0,0.0
2020-01-15,9648.0,9806.400391,9417.599609,9576.0,9576.0,29,0.0,0.0
2020-01-16,9648.0,10080.0,9316.799805,9388.799805,9388.799805,84,0.0,0.0
2020-01-17,9388.799805,9623.519531,9086.400391,9216.0,9216.0,48,0.0,0.0
2020-01-21,9072.0,9273.599609,8915.040039,8985.599609,8985.599609,42,0.0,0.0
2020-01-22,8928.0,9172.799805,8683.200195,9072.0,9072.0,46,0.0,0.0
2020-01-23,8942.400391,8942.400391,8657.280273,8769.599609,8769.599609,30,0.0,0.0
2020-01-24,8740.799805,9000.0,8192.160156,8308.799805,8308.799805,65,0.0,0.0
2020-01-27,8121.600098,8277.120117,7934.399902,8078.399902,8078.399902,40,0.0,0.0
2020-01-28,8064.0,8366.400391,7963.200195,8366.400391,8366.400391,42,0.0,0.0
2020-01-29,8395.200195,8547.839844,8166.240234,8323.200195,8323.200195,45,0.0,0.0
2020-01-30,8179.200195,8193.599609,7560.0,7761.600098,7761.600098,74,0.0,0.0
2020-01-31,7689.600098,7776.0,7358.399902,7459.200195,7459.200195,41,0.0,0.0
2020-02-03,7459.200195,7862.399902,7297.919922,7416.0,7416.0,48,0.0,0.0
2020-02-04,8452.799805,8640.0,8006.399902,8380.799805,8380.799805,90,0.0,0.0
2020-02-05,8582.400391,9270.719727,8236.799805,8265.599609,8265.599609,69,0.0,0.0
2020-02-06,8380.799805,8598.240234,8251.200195,8366.400391,8366.400391,23,0.0,0.0
2020-02-07,8395.200195,8474.400391,7747.200195,7747.200195,7747.200195,43,0.0,0.0
2020-02-10,7704.0,8539.200195,7704.0,8438.400391,8438.400391,37,0.0,0.0
2020-02-11,8467.200195,8565.120117,8236.799805,8337.599609,8337.599609,31,0.0,0.0
2020-02-12,8568.0,9057.599609,8236.799805,8755.200195,8755.200195,54,0.0,0.0
2020-02-13,8654.400391,8928.0,8467.200195,8510.400391,8510.400391,19,0.0,0.0
2020-02-14,8625.599609,8755.200195,8310.240234,8467.200195,8467.200195,17,0.0,0.0
2020-02-18,8438.400391,8913.599609,8275.679688,8884.799805,8884.799805,32,0.0,0.0
2020-02-19,8870.400391,9158.400391,8784.0,9028.799805,9028.799805,27,0.0,0.0
2020-02-20,9028.799805,9216.0,8798.400391,9144.0,9144.0,24,0.0,0.0
2020-02-21,9172.799805,9201.599609,8798.400391,8884.799805,8884.799805,42,0.0,0.0
2020-02-24,8625.599609,8870.400391,8366.400391,8611.200195,8611.200195,31,0.0,0.0
2020-02-25,8611.200195,8811.360352,7948.799805,7977.600098,7977.600098,46,0.0,0.0
2020-02-26,8208.0,8496.0,7516.799805,7718.399902,7718.399902,71,0.0,0.0
2020-02-27,7488.0,7560.0,6696.0,6710.399902,6710.399902,169,0.0,0.0
2020-02-28,6379.200195,7156.799805,5371.200195,6984.0,6984.0,217,0.0,0.0
2020-03-02,7272.0,7718.399902,6840.0,7632.0,7632.0,58,0.0,0.0
2020-03-03,7545.600098,7963.200195,7200.0,7488.0,7488.0,74,0.0,0.0
2020-03-04,7574.399902,7862.399902,7488.0,7560.0,7560.0,23,0.0,0.0
2020-03-05,7344.0,7948.799805,7315.200195,7401.600098,7401.600098,57,0.0,0.0
2020-03-06,6926.399902,7372.799805,6840.0,7286.399902,7286.399902,73,0.0,0.0
2020-03-09,6811.200195,7113.600098,6552.0,6681.600098,6681.600098,68,0.0,0.0
2020-03-10,6854.399902,7185.600098,6782.399902,7185.600098,7185.600098,37,0.0,0.0
2020-03-11,6955.200195,7034.399902,6048.0,6062.399902,6062.399902,71,0.0,0.0
2020-03-12,5342.399902,5414.399902,4521.600098,4881.600098,4881.600098,161,0.0,0.0
2020-03-13,5184.0,5500.799805,4968.0,5054.399902,5054.399902,91,0.0,0.0
2020-03-16,5112.0,5284.799805,4766.399902,5068.799805,5068.799805,89,0.0,0.0
2020-03-17,5227.200195,5312.160156,4867.200195,5040.0,5040.0,49,0.0,0.0
2020-03-18,4867.200195,5054.399902,4521.600098,4752.0,4752.0,65,0.0,0.0
2020-03-19,4752.0,5040.0,4348.799805,4910.399902,4910.399902,61,0.0,0.0
2020-03-20,5025.600098,5356.799805,4694.399902,5155.200195,5155.200195,204,0.0,0.0
2020-03-23,5140.799805,5313.600098,5126.399902,5241.600098,5241.600098,28,0.0,0.0
2020-03-24,5241.600098,5486.399902,4752.0,5457.600098,5457.600098,72,0.0,0.0
2020-03-25,5616.0,5673.600098,5198.399902,5284.799805,5284.799805,22,0.0,0.0
2020-03-26,5371.200195,5400.0,4896.0,5126.399902,5126.399902,51,0.0,0.0
2020-03-27,4867.200195,5169.600098,4564.799805,4968.0,4968.0,64,0.0,0.0
2020-03-30,4910.399902,5270.399902,4809.600098,5011.200195,5011.200195,24,0.0,0.0
2020-03-31,4996.799805,5155.200195,4896.0,4982.399902,4982.399902,42,0.0,0.0
2020-04-01,4896.0,4968.0,4608.0,4651.200195,4651.200195,30,0.0,0.0
2020-04-02,4665.600098,4924.799805,4492.799805,4636.799805,4636.799805,37,0.0,0.0
2020-04-03,4636.799805,5011.200195,4564.799805,4665.600098,4665.600098,16,0.0,0.0
2020-04-06,5040.0,5040.0,4632.47998,4694.399902,4694.399902,27,0.0,0.0
2020-04-07,4766.399902,5037.120117,4636.799805,4924.799805,4924.799805,93,0.0,0.0
2020-04-08,4910.399902,5313.600098,4816.799805,5112.0,5112.0,533,0.0,0.0
2020-04-09,5342.399902,5472.0,4910.399902,5299.200195,5299.200195,53,0.0,0.0
2020-04-13,5342.399902,6076.799805,5212.799805,5990.399902,5990.399902,36,0.0,0.0
2020-04-14,6148.799805,6480.0,5947.200195,6048.0,6048.0,36,0.0,0.0
2020-04-15,6033.600098,6249.600098,5644.799805,6177.600098,6177.600098,30,0.0,0.0
2020-04-16,6220.799805,6537.600098,5974.560059,6465.600098,6465.600098,71,0.0,0.0
2020-04-17,6566.399902,7041.600098,6436.799805,6868.799805,6868.799805,47,0.0,0.0
2020-04-20,6825.600098,7696.799805,6768.0,7171.200195,7171.200195,64,0.0,0.0
2020-04-21,7560.0,7560.0,6451.200195,6494.399902,6494.399902,38,0.0,0.0
2020-04-22,6508.799805,6544.799805,6148.799805,6292.799805,6292.799805,25,0.0,0.0
2020-04-23,6278.399902,6696.0,6105.600098,6105.600098,6105.600098,28,0.0,0.0
2020-04-24,6091.200195,6537.600098,6081.120117,6523.200195,6523.200195,19,0.0,0.0
2020-04-27,6652.799805,6776.640137,6271.200195,6336.0,6336.0,29,0.0,0.0
2020-04-28,6321.600098,6451.200195,6156.0,6206.399902,6206.399902,21,0.0,0.0
2020-04-29,6451.200195,6537.600098,6311.52002,6364.799805,6364.799805,13,0.0,0.0
2020-04-30,6595.200195,6595.200195,6177.600098,6278.399902,6278.399902,15,0.0,0.0
2020-05-01,6249.600098,6580.799805,5659.200195,5803.200195,5803.200195,36,0.0,0.0
2020-05-04,5688.0,5968.799805,5688.0,5918.399902,5918.399902,18,0.0,0.0
2020-05-05,5990.399902,6318.720215,5860.799805,5961.600098,5961.600098,17,0.0,0.0
2020-05-06,5976.0,6350.399902,5976.0,6120.0,6120.0,29,0.0,0.0
2020-05-07,6595.200195,6595.200195,6163.200195,6321.600098,6321.600098,15,0.0,0.0
2020-05-08,6336.0,6379.200195,6192.0,6264.0,6264.0,15,0.0,0.0
2020-05-11,6235.200195,6818.399902,6192.0,6595.200195,6595.200195,34,0.0,0.0
2020-05-12,6768.0,7560.0,6451.200195,6451.200195,6451.200195,100,0.0,0.0
2020-05-13,6552.0,7315.200195,6204.959961,7156.799805,7156.799805,77,0.0,0.0
2020-05-14,7344.0,7444.799805,6336.0,7315.200195,7315.200195,84,0.0,0.0
2020-05-15,7632.0,7675.200195,7257.600098,7329.600098,7329.600098,64,0.0,0.0
2020-05-18,7444.799805,7545.600098,6847.200195,7070.399902,7070.399902,76,0.0,0.0
2020-05-19,7142.399902,8668.799805,7142.399902,8582.400391,8582.400391,238,0.0,0.0
2020-05-20,8884.799805,8928.0,7934.399902,8755.200195,8755.200195,121,0.0,0.0
2020-05-21,8625.599609,8892.0,8294.400391,8438.400391,8438.400391,45,0.0,0.0
2020-05-22,7819.200195,8928.0,7804.799805,8366.400391,8366.400391,57,0.0,0.0
2020-05-26,8280.0,8409.599609,7603.200195,7689.600098,7689.600098,84,0.0,0.0
2020-05-27,7560.0,7840.799805,7214.399902,7358.399902,7358.399902,81,0.0,0.0
2020-05-28,7214.399902,7345.439941,6840.0,6912.0,6912.0,82,0.0,0.0
2020-05-29,6840.0,7027.200195,6552.0,6840.0,6840.0,57,0.0,0.0
2020-06-01,6883.200195,7920.0,6796.799805,7401.600098,7401.600098,86,0.0,0.0
2020-06-02,7459.200195,7797.600098,7142.399902,7617.600098,7617.600098,66,0.0,0.0
2020-06-03,7891.200195,7891.200195,6998.399902,6998.399902,6998.399902,63,0.0,0.0
2020-06-04,7027.200195,7387.200195,6984.0,7027.200195,7027.200195,20,0.0,0.0
2020-06-05,7113.600098,7747.200195,7113.600098,7416.0,7416.0,96,0.0,0.0
2020-06-08,7488.0,8020.799805,7358.399902,7790.399902,7790.399902,101,0.0,0.0
2020-06-09,7833.600098,7920.0,7480.799805,7632.0,7632.0,23,0.0,0.0
2020-06-10,7488.0,7761.600098,7272.0,7387.200195,7387.200195,38,0.0,0.0
2020-06-11,7200.0,7200.0,6644.160156,6796.799805,6796.799805,64,0.0,0.0
2020-06-12,6940.799805,7200.0,6595.200195,6926.399902,6926.399902,21,0.0,0.0
2020-06-15,6897.600098,7156.799805,6628.319824,7084.799805,7084.799805,33,0.0,0.0
2020-06-16,7344.0,7502.399902,6955.200195,7214.399902,7214.399902,45,0.0,0.0
2020-06-17,6984.0,7272.0,6984.0,6998.399902,6998.399902,25,0.0,0.0
2020-06-18,6897.600098,7588.799805,6768.0,7516.799805,7516.799805,99,0.0,0.0
2020-06-19,7531.200195,7920.0,7430.399902,7732.799805,7732.799805,43,0.0,0.0
2020-06-22,7574.399902,7920.0,7430.399902,7531.200195,7531.200195,30,0.0,0.0
2020-06-23,7560.0,7646.399902,7401.600098,7531.200195,7531.200195,28,0.0,0.0
2020-06-24,7387.200195,7531.200195,7012.799805,7372.799805,7372.799805,24,0.0,0.0
2020-06-25,7329.600098,7718.399902,7293.600098,7560.0,7560.0,23,0.0,0.0
2020-06-26,7430.399902,7482.240234,7041.600098,7200.0,7200.0,74,0.0,0.0
2020-06-29,7099.200195,7200.0,6912.0,6969.600098,6969.600098,34,0.0,0.0
2020-06-30,6840.0,7123.680176,6840.0,6883.200195,6883.200195,44,0.0,0.0
2020-07-01,6868.799805,6995.52002,6854.399902,6984.0,6984.0,16,0.0,0.0
2020-07-02,7041.600098,7084.799805,6912.0,6955.200195,6955.200195,11,0.0,0.0
2020-07-06,7142.399902,7142.399902,6768.0,6926.399902,6926.399902,26,0.0,0.0
2020-07-07,6840.0,6969.600098,6739.200195,6883.200195,6883.200195,13,0.0,0.0
2020-07-08,6819.839844,7012.799805,6811.200195,6840.0,6840.0,23,0.0,0.0
2020-07-09,6897.600098,6960.959961,6624.0,6768.0,6768.0,35,0.0,0.0
2020-07-10,6782.399902,6825.600098,6429.600098,6537.600098,6537.600098,55,0.0,0.0
2020-07-13,6710.399902,6768.0,6336.0,6451.200195,6451.200195,41,0.0,0.0
2020-07-14,6451.200195,6796.799805,6278.399902,6796.799805,6796.799805,46,0.0,0.0
2020-07-15,7473.600098,9057.599609,7473.600098,8193.599609,8193.599609,523,0.0,0.0
2020-07-16,8280.0,8308.799805,6796.799805,7099.200195,7099.200195,320,0.0,0.0
2020-07-17,7142.399902,7473.600098,7128.0,7372.799805,7372.799805,65,0.0,0.0
2020-07-20,7300.799805,7545.600098,7257.600098,7300.799805,7300.799805,42,0.0,0.0
2020-07-21,7416.0,7416.0,7012.799805,7056.0,7056.0,43,0.0,0.0
2020-07-22,6984.0,7181.279785,6720.47998,6840.0,6840.0,72,0.0,0.0
2020-07-23,6940.799805,6940.799805,6508.799805,6552.0,6552.0,95,0.0,0.0
2020-07-24,6523.200195,6580.799805,6422.399902,6508.799805,6508.799805,76,0.0,0.0
2020-07-27,6566.399902,6681.600098,6451.200195,6508.799805,6508.799805,36,0.0,0.0
2020-07-28,6494.399902,6652.799805,6465.600098,6638.399902,6638.399902,28,0.0,0.0
2020-07-29,6624.0,6696.0,6451.200195,6537.600098,6537.600098,31,0.0,0.0
2020-07-30,6523.200195,7056.0,6480.0,7012.799805,7012.799805,102,0.0,0.0
2020-07-31,7027.200195,7027.200195,6782.399902,6984.0,6984.0,21,0.0,0.0
2020-08-03,6984.0,7185.600098,6811.200195,7171.200195,7171.200195,43,0.0,0.0
2020-08-04,7272.0,7516.799805,6897.600098,6998.399902,6998.399902,49,0.0,0.0
2020-08-05,7171.200195,7315.200195,6883.200195,7156.799805,7156.799805,45,0.0,0.0
2020-08-06,7560.0,7597.439941,6494.399902,6638.399902,6638.399902,138,0.0,0.0
2020-08-07,6580.799805,6753.600098,6451.200195,6710.399902,6710.399902,37,0.0,0.0
2020-08-10,6796.799805,6811.200195,6494.399902,6566.399902,6566.399902,50,0.0,0.0
2020-08-11,6523.200195,6739.200195,6422.399902,6422.399902,6422.399902,76,0.0,0.0
2020-08-12,6494.399902,6696.0,6393.600098,6480.0,6480.0,30,0.0,0.0
2020-08-13,6480.0,6523.200195,6350.399902,6523.200195,6523.200195,40,0.0,0.0
2020-08-14,6566.399902,6840.0,6393.600098,6825.600098,6825.600098,68,0.0,0.0
2020-08-17,6782.399902,7056.0,6508.799805,6969.600098,6969.600098,53,0.0,0.0
2020-08-18,6969.600098,7054.560059,6825.600098,6969.600098,6969.600098,40,0.0,0.0
2020-08-19,6912.0,7113.600098,6811.200195,7056.0,7056.0,32,0.0,0.0
2020-08-20,7012.799805,7113.600098,6811.200195,6969.600098,6969.600098,18,0.0,0.0
2020-08-21,6955.200195,7027.200195,6768.0,6868.799805,6868.799805,26,0.0,0.0
2020-08-24,7056.0,7084.799805,6652.799805,7041.600098,7041.600098,64,0.0,0.0
2020-08-25,7099.200195,7142.399902,6868.799805,7113.600098,7113.600098,25,0.0,0.0
2020-08-26,7084.799805,7416.0,6969.600098,7358.399902,7358.399902,33,0.0,0.0
2020-08-27,7416.0,7416.0,7113.600098,7200.0,7200.0,30,0.0,0.0
2020-08-28,7228.799805,7315.200195,7070.399902,7243.200195,7243.200195,36,0.0,0.0
2020-08-31,7200.0,7243.200195,7012.799805,7027.200195,7027.200195,87,0.0,0.0
2020-09-01,7012.799805,7012.799805,6696.0,6753.600098,6753.600098,22,0.0,0.0
2020-09-02,6696.0,7027.200195,6599.52002,6825.600098,6825.600098,39,0.0,0.0
2020-09-03,6868.799805,6897.600098,6696.0,6768.0,6768.0,29,0.0,0.0
2020-09-04,6768.0,6768.0,6120.0,6120.0,6120.0,87,0.0,0.0
2020-09-08,6120.0,6292.799805,5630.399902,5702.399902,5702.399902,64,0.0,0.0
2020-09-09,5760.0,5918.399902,5731.200195,5731.200195,5731.200195,83,0.0,0.0
2020-09-10,5918.399902,5968.799805,5702.399902,5702.399902,5702.399902,29,0.0,0.0
2020-09-11,5731.200195,5846.399902,5356.799805,5515.200195,5515.200195,44,0.0,0.0
2020-09-14,5659.200195,5774.399902,5544.0,5630.399902,5630.399902,30,0.0,0.0
2020-09-15,5702.399902,6091.200195,5702.399902,6048.0,6048.0,53,0.0,0.0
2020-09-16,6105.600098,6163.200195,5947.200195,6004.799805,6004.799805,14,0.0,0.0
2020-09-17,5940.0,6076.799805,5940.0,6019.200195,6019.200195,23,0.0,0.0
2020-09-18,6004.799805,6091.200195,5745.600098,5760.0,5760.0,108,0.0,0.0
2020-09-21,5688.0,5889.600098,5616.0,5659.200195,5659.200195,20,0.0,0.0
2020-09-22,5630.399902,5767.200195,5487.839844,5659.200195,5659.200195,17,0.0,0.0
2020-09-23,5706.720215,5706.720215,5414.399902,5472.0,5472.0,24,0.0,0.0
2020-09-24,5558.399902,5616.0,5173.919922,5241.600098,5241.600098,125,0.0,0.0
2020-09-25,5256.0,5328.0,5140.799805,5155.200195,5155.200195,158,0.0,0.0
2020-09-28,5169.600098,5316.47998,5068.799805,5097.600098,5097.600098,36,0.0,0.0
2020-09-29,5371.200195,5371.200195,4982.399902,4982.399902,4982.399902,47,0.0,0.0
2020-09-30,5040.0,5112.0,4838.399902,5083.200195,5083.200195,185,0.0,0.0
2020-10-01,5169.600098,5217.120117,5054.399902,5140.799805,5140.799805,36,0.0,0.0
2020-10-02,5112.0,5212.799805,5025.600098,5198.399902,5198.399902,21,0.0,0.0
2020-10-05,5227.200195,5313.600098,5112.0,5155.200195,5155.200195,48,0.0,0.0
2020-10-06,5241.600098,5241.600098,4723.200195,4838.399902,4838.399902,65,0.0,0.0
2020-10-07,4953.600098,5385.600098,4896.0,5313.600098,5313.600098,90,0.0,0.0
2020-10-08,5400.0,5548.319824,5040.0,5083.200195,5083.200195,75,0.0,0.0
2020-10-09,5328.0,5328.0,5112.0,5112.0,5112.0,32,0.0,0.0
2020-10-12,5184.0,5352.47998,4939.200195,4953.600098,4953.600098,60,0.0,0.0
2020-10-13,4996.799805,5083.200195,4924.799805,4939.200195,4939.200195,33,0.0,0.0
2020-10-14,4910.399902,4939.200195,4752.0,4824.0,4824.0,77,0.0,0.0
2020-10-15,4752.0,4780.799805,4608.0,4608.0,4608.0,54,0.0,0.0
2020-10-16,4694.399902,4848.47998,4595.040039,4636.799805,4636.799805,91,0.0,0.0
2020-10-19,4723.200195,4852.799805,4723.200195,4780.799805,4780.799805,18,0.0,0.0
2020-10-20,4795.200195,4910.399902,4680.0,4723.200195,4723.200195,23,0.0,0.0
2020-10-21,4824.0,4824.0,4550.399902,4608.0,4608.0,41,0.0,0.0
2020-10-22,4579.200195,4838.399902,4579.200195,4809.600098,4809.600098,29,0.0,0.0
2020-10-23,4852.799805,4852.799805,4680.0,4780.799805,4780.799805,13,0.0,0.0
2020-10-26,4752.0,4752.0,4550.399902,4622.399902,4622.399902,26,0.0,0.0
2020-10-27,4593.600098,4680.0,4435.200195,4521.600098,4521.600098,64,0.0,0.0
2020-10-28,4521.600098,4694.399902,4420.799805,4420.799805,4420.799805,84,0.0,0.0
2020-10-29,4478.399902,4593.600098,4420.799805,4420.799805,4420.799805,23,0.0,0.0
2020-10-30,4478.399902,4492.799805,4363.200195,4478.399902,4478.399902,22,0.0,0.0
2020-11-02,4550.399902,4710.240234,4464.0,4507.200195,4507.200195,50,0.0,0.0
2020-11-03,4564.799805,4651.200195,4478.399902,4593.600098,4593.600098,30,0.0,0.0
2020-11-04,4564.799805,4896.0,4564.799805,4694.399902,4694.399902,30,0.0,0.0
2020-11-05,4695.839844,4968.0,4680.0,4737.600098,4737.600098,36,0.0,0.0
2020-11-06,4680.0,4881.600098,4665.600098,4838.399902,4838.399902,33,0.0,0.0
2020-11-09,5040.0,5155.200195,4305.600098,4406.399902,4406.399902,174,0.0,0.0
2020-11-10,4780.799805,4780.799805,4262.399902,4507.200195,4507.200195,74,0.0,0.0
2020-11-11,4665.600098,4870.080078,4564.799805,4838.399902,4838.399902,56,0.0,0.0
2020-11-12,4896.0,4970.879883,4521.600098,4564.799805,4564.799805,49,0.0,0.0
2020-11-13,4536.0,4968.0,4536.0,4881.600098,4881.600098,144,0.0,0.0
2020-11-16,4838.399902,5040.0,4766.399902,4896.0,4896.0,48,0.0,0.0
2020-11-17,4896.0,5112.0,4852.799805,5040.0,5040.0,24,0.0,0.0
2020-11-18,5400.0,5443.200195,5097.600098,5371.200195,5371.200195,87,0.0,0.0
2020-11-19,5443.200195,5673.600098,5256.0,5414.399902,5414.399902,63,0.0,0.0
2020-11-20,5371.200195,5515.200195,5256.0,5486.399902,5486.399902,38,0.0,0.0
2020-11-23,5486.399902,5817.600098,5486.399902,5731.200195,5731.200195,43,0.0,0.0
2020-11-24,5788.799805,5832.0,5402.879883,5500.799805,5500.799805,46,0.0,0.0
2020-11-25,5500.799805,5603.040039,5293.439941,5428.799805,5428.799805,27,0.0,0.0
2020-11-27,5500.799805,6062.399902,5500.799805,6004.799805,6004.799805,55,0.0,0.0
2020-11-30,6076.799805,6220.799805,5472.0,5544.0,5544.0,83,0.0,0.0
2020-12-01,5803.200195,5803.200195,5472.0,5529.600098,5529.600098,51,0.0,0.0
2020-12-02,5472.0,5630.399902,5400.0,5601.600098,5601.600098,25,0.0,0.0
2020-12-03,5688.0,5760.0,5529.600098,5587.200195,5587.200195,23,0.0,0.0
2020-12-04,5572.799805,5745.600098,5184.0,5284.799805,5284.799805,80,0.0,0.0
2020-12-07,5313.600098,5371.200195,5011.200195,5068.799805,5068.799805,73,0.0,0.0
2020-12-08,5011.200195,5112.0,4867.200195,5097.600098,5097.600098,42,0.0,0.0
2020-12-09,5486.399902,5486.399902,4921.919922,5054.399902,5054.399902,92,0.0,0.0
2020-12-10,5025.600098,5126.399902,4896.0,5025.600098,5025.600098,53,0.0,0.0
2020-12-11,5025.600098,5212.799805,4982.399902,4996.799805,4996.799805,47,0.0,0.0
2020-12-14,4953.600098,5428.799805,4910.399902,5270.399902,5270.399902,144,0.0,0.0
2020-12-15,5371.200195,5731.200195,5068.799805,5644.799805,5644.799805,197,0.0,0.0
2020-12-16,5644.799805,5932.799805,5312.160156,5328.0,5328.0,127,0.0,0.0
2020-12-17,5371.200195,5371.200195,4651.200195,4680.0,4680.0,355,0.0,0.0
2020-12-18,4752.0,5112.0,4680.0,4809.600098,4809.600098,147,0.0,0.0
2020-12-21,4852.799805,5510.879883,4752.0,5299.200195,5299.200195,197,0.0,0.0
2020-12-22,5414.399902,5472.0,5185.439941,5299.200195,5299.200195,73,0.0,0.0
2020-12-23,5299.200195,5544.0,5227.200195,5443.200195,5443.200195,86,0.0,0.0
2020-12-24,5443.200195,5443.200195,5112.0,5184.0,5184.0,52,0.0,0.0
2020-12-28,5126.399902,5376.959961,4665.600098,4665.600098,4665.600098,162,0.0,0.0
2020-12-29,4723.200195,4881.600098,4651.200195,4723.200195,4723.200195,111,0.0,0.0
2020-12-30,4723.200195,4828.319824,4622.399902,4708.799805,4708.799805,137,0.0,0.0
2020-12-31,4622.399902,4708.799805,4392.0,4478.399902,4478.399902,195,0.0,0.0
2021-01-04,4536.0,4795.200195,4464.0,4593.600098,4593.600098,74,0.0,0.0
2021-01-05,4564.799805,4795.200195,4478.399902,4737.600098,4737.600098,82,0.0,0.0
2021-01-06,4766.399902,4852.799805,4622.399902,4723.200195,4723.200195,63,0.0,0.0
2021-01-07,4708.799805,4896.0,4708.799805,4881.600098,4881.600098,32,0.0,0.0
2021-01-08,4881.600098,5005.439941,4824.0,4924.799805,4924.799805,63,0.0,0.0
2021-01-11,4996.799805,4996.799805,4831.200195,4896.0,4896.0,65,0.0,0.0
2021-01-12,4852.799805,5002.560059,4795.200195,4867.200195,4867.200195,58,0.0,0.0
2021-01-13,5038.560059,5038.560059,4838.399902,4852.799805,4852.799805,46,0.0,0.0
2021-01-14,4896.0,5038.560059,4874.399902,5011.200195,5011.200195,80,0.0,0.0
2021-01-15,5011.200195,5212.799805,4838.399902,5169.600098,5169.600098,116,0.0,0.0
2021-01-19,5456.160156,5486.399902,5199.839844,5400.0,5400.0,238,0.0,0.0
2021-01-20,5472.0,5500.799805,5256.0,5443.200195,5443.200195,97,0.0,0.0
2021-01-21,5400.0,5443.200195,5248.799805,5284.799805,5284.799805,60,0.0,0.0
2021-01-22,5392.799805,5457.600098,5140.799805,5400.0,5400.0,62,0.0,0.0
2021-01-25,5457.600098,5630.399902,5184.0,5500.799805,5500.799805,149,0.0,0.0
2021-01-26,5731.200195,5803.200195,5328.0,5407.200195,5407.200195,151,0.0,0.0
2021-01-27,5054.399902,5241.600098,4867.200195,5169.600098,5169.600098,217,0.0,0.0
2021-01-28,5342.399902,5457.600098,5068.799805,5436.0,5436.0,127,0.0,0.0
2021-01-29,5443.200195,5889.600098,5198.399902,5328.0,5328.0,176,0.0,0.0
2021-02-01,5428.799805,5803.200195,5400.0,5731.200195,5731.200195,225,0.0,0.0
2021-02-02,5731.200195,5817.600098,5601.600098,5774.399902,5774.399902,76,0.0,0.0
2021-02-03,5760.0,7200.0,5716.799805,6912.0,6912.0,664,0.0,0.0
2021-02-04,7142.399902,7178.399902,6580.799805,6811.200195,6811.200195,228,0.0,0.0
2021-02-05,6926.399902,6966.720215,6465.600098,6710.399902,6710.399902,120,0.0,0.0
2021-02-08,6667.200195,6840.0,6508.799805,6638.399902,6638.399902,81,0.0,0.0
2021-02-09,6638.399902,6814.080078,6480.0,6552.0,6552.0,118,0.0,0.0
2021-02-10,6624.0,6739.200195,6148.799805,6350.399902,6350.399902,112,0.0,0.0
2021-02-11,6393.600098,9000.0,6323.040039,7776.0,7776.0,3581,0.0,0.0
2021-02-12,8020.799805,8049.600098,7200.0,7243.200195,7243.200195,1256,0.0,0.0
2021-02-16,6379.200195,7012.799805,6206.399902,6840.0,6840.0,1384,0.0,0.0
2021-02-17,6840.0,6998.399902,6307.200195,6451.200195,6451.200195,344,0.0,0.0
2021-02-18,6465.600098,6624.0,6076.799805,6508.799805,6508.799805,383,0.0,0.0
2021-02-19,6422.399902,6552.0,6192.0,6451.200195,6451.200195,274,0.0,0.0
2021-02-22,6336.0,6624.0,6336.0,6436.799805,6436.799805,233,0.0,0.0
2021-02-23,6292.799805,6292.799805,5486.399902,5846.399902,5846.399902,392,0.0,0.0
2021-02-24,5760.0,6177.600098,5760.0,5817.600098,5817.600098,144,0.0,0.0
2021-02-25,5947.200195,6220.799805,5688.0,5918.399902,5918.399902,348,0.0,0.0
2021-02-26,5904.0,6148.799805,5616.0,5716.799805,5716.799805,200,0.0,0.0
2021-03-01,5832.0,6091.200195,5680.799805,5760.0,5760.0,165,0.0,0.0
2021-03-02,5659.200195,5731.200195,5515.200195,5659.200195,5659.200195,209,0.0,0.0
2021-03-03,5659.200195,5666.399902,5256.0,5371.200195,5371.200195,276,0.0,0.0
2021-03-04,5284.799805,5414.399902,4924.799805,5184.0,5184.0,345,0.0,0.0
2021-03-05,5198.399902,5313.600098,4752.0,5140.799805,5140.799805,229,0.0,0.0
2021-03-08,5054.399902,5227.200195,4955.040039,5083.200195,5083.200195,101,0.0,0.0
2021-03-09,5155.200195,5313.600098,4896.0,4968.0,4968.0,327,0.0,0.0
2021-03-10,5040.0,5184.0,4795.200195,4795.200195,4795.200195,295,0.0,0.0
2021-03-11,4924.799805,5212.799805,4910.399902,5025.600098,5025.600098,279,0.0,0.0
2021-03-12,5040.0,5169.600098,4950.720215,5040.0,5040.0,178,0.0,0.0
2021-03-15,5198.399902,5558.399902,5169.600098,5184.0,5184.0,309,0.0,0.0
2021-03-16,5385.600098,5529.600098,4924.799805,5054.399902,5054.399902,402,0.0,0.0
2021-03-17,5040.0,5212.799805,4959.359863,5025.600098,5025.600098,362,0.0,0.0
2021-03-18,4982.399902,5284.799805,4924.799805,4924.799805,4924.799805,230,0.0,0.0
2021-03-19,5112.0,5688.0,4972.319824,5644.799805,5644.799805,479,0.0,0.0
2021-03-22,5760.0,5860.799805,5400.0,5587.200195,5587.200195,393,0.0,0.0
2021-03-23,5716.799805,5716.799805,5140.799805,5241.600098,5241.600098,174,0.0,0.0
2021-03-24,5428.799805,5472.0,5025.600098,5083.200195,5083.200195,174,0.0,0.0
2021-03-25,4982.399902,5212.799805,4792.319824,5054.399902,5054.399902,155,0.0,0.0
2021-03-26,4924.799805,5083.200195,4824.0,4881.600098,4881.600098,165,0.0,0.0
2021-03-29,4968.0,5097.600098,4550.399902,4593.600098,4593.600098,149,0.0,0.0
2021-03-30,4593.600098,4795.200195,4492.799805,4795.200195,4795.200195,113,0.0,0.0
2021-03-31,4896.0,5025.600098,4795.200195,4939.200195,4939.200195,142,0.0,0.0
2021-04-01,4924.799805,5112.0,4795.200195,4953.600098,4953.600098,126,0.0,0.0
2021-04-05,4982.399902,4982.399902,4809.600098,4910.399902,4910.399902,65,0.0,0.0
2021-04-06,4910.399902,4975.200195,4802.399902,4910.399902,4910.399902,131,0.0,0.0
2021-04-07,5011.200195,5040.0,4752.0,4795.200195,4795.200195,118,0.0,0.0
2021-04-08,4824.0,4896.0,4703.040039,4752.0,4752.0,50,0.0,0.0
2021-04-09,4824.0,4917.600098,4752.0,4852.799805,4852.799805,60,0.0,0.0
2021-04-12,4852.799805,4881.600098,4579.200195,4680.0,4680.0,152,0.0,0.0
2021-04-13,4680.0,4708.799805,4464.0,4593.600098,4593.600098,114,0.0,0.0
2021-04-14,4651.200195,4881.600098,4536.0,4752.0,4752.0,84,0.0,0.0
2021-04-15,4809.600098,4838.399902,4564.799805,4579.200195,4579.200195,100,0.0,0.0
2021-04-16,4550.399902,4593.600098,4363.200195,4420.799805,4420.799805,194,0.0,0.0
2021-04-19,4420.799805,4564.799805,4392.0,4564.799805,4564.799805,96,0.0,0.0
2021-04-20,4521.600098,4636.799805,4399.200195,4593.600098,4593.600098,137,0.0,0.0
2021-04-21,4766.399902,4766.399902,4508.640137,4608.0,4608.0,89,0.0,0.0
2021-04-22,4622.399902,4881.600098,4564.799805,4708.799805,4708.799805,91,0.0,0.0
2021-04-23,4737.600098,4752.0,4665.600098,4694.399902,4694.399902,50,0.0,0.0
2021-04-26,4651.200195,4953.600098,4622.399902,4824.0,4824.0,117,0.0,0.0
2021-04-27,4780.799805,5025.600098,4766.399902,4824.0,4824.0,89,0.0,0.0
2021-04-28,4852.799805,4953.600098,4773.600098,4809.600098,4809.600098,56,0.0,0.0
2021-04-29,4896.0,4996.799805,4680.0,4852.799805,4852.799805,66,0.0,0.0
2021-04-30,4924.799805,4924.799805,4694.399902,4694.399902,4694.399902,99,0.0,0.0
2021-05-03,4752.0,4920.47998,4636.799805,4708.799805,4708.799805,77,0.0,0.0
2021-05-04,4694.399902,4723.200195,4507.200195,4608.0,4608.0,90,0.0,0.0
2021-05-05,4622.399902,4896.0,4392.0,4485.600098,4485.600098,126,0.0,0.0
2021-05-06,4492.799805,4564.799805,3240.0,3816.0,3816.0,1641,0.0,0.0
2021-05-07,3657.600098,3888.0,3614.399902,3729.600098,3729.600098,251,0.0,0.0
2021-05-10,4032.0,4032.0,3290.399902,3384.0,3384.0,424,0.0,0.0
2021-05-11,3196.800049,3535.199951,3168.0,3470.399902,3470.399902,150,0.0,0.0
2021-05-12,3470.399902,3562.560059,3340.800049,3513.600098,3513.600098,104,0.0,0.0
2021-05-13,3542.399902,3585.600098,3096.0,3225.600098,3225.600098,191,0.0,0.0
2021-05-14,3312.0,3484.800049,3312.0,3405.600098,3405.600098,98,0.0,0.0
2021-05-17,3398.399902,3715.199951,3398.399902,3585.600098,3585.600098,90,0.0,0.0
2021-05-18,3556.800049,3767.040039,3506.399902,3729.600098,3729.600098,74,0.0,0.0
2021-05-19,3744.0,3744.0,3636.0,3729.600098,3729.600098,66,0.0,0.0
2021-05-20,3700.800049,3859.199951,3657.600098,3744.0,3744.0,38,0.0,0.0
2021-05-21,3801.600098,3888.0,3686.399902,3787.199951,3787.199951,78,0.0,0.0
2021-05-24,3758.399902,3774.23999,3628.800049,3628.800049,3628.800049,69,0.0,0.0
2021-05-25,3643.199951,3729.600098,3513.600098,3513.600098,3513.600098,132,0.0,0.0
2021-05-26,3528.0,3657.600098,3513.600098,3614.399902,3614.399902,62,0.0,0.0
2021-05-27,3643.199951,3859.199951,3628.800049,3787.199951,3787.199951,69,0.0,0.0
2021-05-28,3744.0,3830.399902,3686.399902,3744.0,3744.0,54,0.0,0.0
2021-06-01,3873.600098,3873.600098,3700.800049,3787.199951,3787.199951,33,0.0,0.0
2021-06-02,3816.0,3880.800049,3679.199951,3715.199951,3715.199951,54,0.0,0.0
2021-06-03,3702.23999,4017.600098,3702.23999,3945.600098,3945.600098,97,0.0,0.0
2021-06-04,4118.399902,4968.0,4118.399902,4896.0,4896.0,921,0.0,0.0
2021-06-07,5731.200195,5875.200195,5227.200195,5616.0,5616.0,2361,0.0,0.0
2021-06-08,5500.799805,5544.0,5040.0,5140.799805,5140.799805,666,0.0,0.0
2021-06-09,5140.799805,5140.799805,4680.0,4723.200195,4723.200195,398,0.0,0.0
2021-06-10,4708.799805,4852.799805,4464.0,4665.600098,4665.600098,327,0.0,0.0
2021-06-11,4752.0,4896.0,4536.0,4881.600098,4881.600098,240,0.0,0.0
2021-06-14,4809.600098,4881.600098,4665.600098,4766.399902,4766.399902,173,0.0,0.0
2021-06-15,4766.399902,4766.399902,4550.399902,4579.200195,4579.200195,97,0.0,0.0
2021-06-16,4579.200195,4636.799805,4478.399902,4579.200195,4579.200195,106,0.0,0.0
2021-06-17,4521.600098,4579.200195,4449.600098,4550.399902,4550.399902,113,0.0,0.0
2021-06-18,4507.200195,4550.399902,4197.600098,4262.399902,4262.399902,159,0.0,0.0
2021-06-21,4276.799805,4291.200195,4104.0,4233.600098,4233.600098,91,0.0,0.0
2021-06-22,4262.399902,4449.600098,4147.200195,4320.0,4320.0,123,0.0,0.0
2021-06-23,4320.0,4392.0,4248.0,4363.200195,4363.200195,114,0.0,0.0
2021-06-24,4406.399902,4564.799805,4348.799805,4435.200195,4435.200195,181,0.0,0.0
2021-06-25,4492.799805,4593.600098,4449.600098,4521.600098,4521.600098,159,0.0,0.0
2021-06-28,4536.0,4662.720215,4420.799805,4536.0,4536.0,127,0.0,0.0
2021-06-29,4608.0,4608.0,4464.0,4521.600098,4521.600098,114,0.0,0.0
2021-06-30,4550.399902,4608.0,4348.799805,4377.600098,4377.600098,90,0.0,0.0
2021-07-01,4392.0,4737.600098,4392.0,4680.0,4680.0,140,0.0,0.0
2021-07-02,4622.399902,4665.600098,4507.200195,4651.200195,4651.200195,67,0.0,0.0
2021-07-06,4651.200195,4651.200195,4392.0,4435.200195,4435.200195,121,0.0,0.0
2021-07-07,4435.200195,4478.399902,4176.0,4219.200195,4219.200195,90,0.0,0.0
2021-07-08,4089.600098,4291.200195,4046.399902,4219.200195,4219.200195,50,0.0,0.0
2021-07-09,4262.399902,4262.399902,4118.399902,4176.0,4176.0,47,0.0,0.0
2021-07-12,4204.799805,4204.799805,3988.800049,4089.600098,4089.600098,53,0.0,0.0
2021-07-13,4060.800049,4089.600098,3916.800049,3988.800049,3988.800049,84,0.0,0.0
2021-07-14,3960.0,3974.399902,3816.0,3830.399902,3830.399902,76,0.0,0.0
2021-07-15,3830.399902,3830.399902,3672.0,3758.399902,3758.399902,66,0.0,0.0
2021-07-16,3729.600098,3844.800049,3708.0,3758.399902,3758.399902,37,0.0,0.0
2021-07-19,3628.800049,3744.0,3614.399902,3686.399902,3686.399902,70,0.0,0.0
2021-07-20,3729.600098,3931.199951,3657.600098,3816.0,3816.0,54,0.0,0.0
2021-07-21,3816.0,4075.199951,3816.0,3988.800049,3988.800049,61,0.0,0.0
2021-07-22,3945.600098,4075.199951,3890.879883,3960.0,3960.0,27,0.0,0.0
2021-07-23,3967.199951,3967.199951,3672.0,3758.399902,3758.399902,58,0.0,0.0
2021-07-26,3816.0,3844.800049,3657.600098,3715.199951,3715.199951,45,0.0,0.0
2021-07-27,3686.399902,3686.399902,3412.800049,3470.399902,3470.399902,94,0.0,0.0
2021-07-28,3470.399902,3657.600098,3456.0,3556.800049,3556.800049,62,0.0,0.0
2021-07-29,3585.600098,3643.199951,3571.199951,3614.399902,3614.399902,23,0.0,0.0
2021-07-30,3542.399902,3657.600098,3513.600098,3585.600098,3585.600098,43,0.0,0.0
2021-08-02,3873.600098,4924.799805,3749.76001,4204.799805,4204.799805,5275,0.0,0.0
2021-08-03,4248.0,4320.0,3916.800049,4032.0,4032.0,441,0.0,0.0
2021-08-04,4046.399902,4049.280029,3859.199951,3945.600098,3945.600098,193,0.0,0.0
2021-08-05,3945.600098,4147.200195,3945.600098,4118.399902,4118.399902,116,0.0,0.0
2021-08-06,4204.799805,4435.200195,4046.399902,4406.399902,4406.399902,118,0.0,0.0
2021-08-09,4406.399902,4478.399902,4248.0,4262.399902,4262.399902,172,0.0,0.0
2021-08-10,4406.399902,4406.399902,4204.799805,4320.0,4320.0,116,0.0,0.0
2021-08-11,4320.0,4370.399902,4191.839844,4248.0,4248.0,68,0.0,0.0
2021-08-12,4276.799805,4348.799805,4176.0,4305.600098,4305.600098,64,0.0,0.0
2021-08-13,4305.600098,4334.399902,4176.0,4248.0,4248.0,52,0.0,0.0
2021-08-16,4176.0,4248.0,3902.399902,3916.800049,3916.800049,110,0.0,0.0
2021-08-17,3960.0,4010.399902,3888.0,3988.800049,3988.800049,49,0.0,0.0
2021-08-18,3945.600098,4032.0,3916.800049,3945.600098,3945.600098,24,0.0,0.0
2021-08-19,4089.600098,4204.799805,3902.399902,4176.0,4176.0,103,0.0,0.0
2021-08-20,4132.799805,4147.200195,3974.399902,4046.399902,4046.399902,43,0.0,0.0
2021-08-23,4147.200195,4219.200195,4046.399902,4147.200195,4147.200195,62,0.0,0.0
2021-08-24,4176.0,4593.600098,4079.52002,4579.200195,4579.200195,180,0.0,0.0
2021-08-25,4492.799805,4536.0,4392.0,4392.0,4392.0,75,0.0,0.0
2021-08-26,4435.200195,4680.0,4412.160156,4593.600098,4593.600098,131,0.0,0.0
2021-08-27,4464.0,4795.200195,4464.0,4680.0,4680.0,133,0.0,0.0
2021-08-30,4708.799805,4838.399902,4652.640137,4795.200195,4795.200195,144,0.0,0.0
2021-08-31,4752.0,4881.600098,4550.399902,4708.799805,4708.799805,96,0.0,0.0
2021-09-01,4636.799805,4737.600098,4622.399902,4622.399902,4622.399902,38,0.0,0.0
2021-09-02,4665.600098,4720.319824,4600.799805,4636.799805,4636.799805,31,0.0,0.0
2021-09-03,4608.0,4608.0,4392.0,4492.799805,4492.799805,53,0.0,0.0
2021-09-07,4507.200195,4680.0,4406.399902,4550.399902,4550.399902,68,0.0,0.0
2021-09-08,4564.799805,4564.799805,4320.0,4377.600098,4377.600098,47,0.0,0.0
2021-09-09,4334.399902,4536.0,4262.399902,4478.399902,4478.399902,61,0.0,0.0
2021-09-10,4521.600098,4646.879883,4390.560059,4507.200195,4507.200195,79,0.0,0.0
2021-09-13,4507.200195,4608.0,4406.399902,4492.799805,4492.799805,81,0.0,0.0
2021-09-14,4464.0,4512.959961,4262.399902,4291.200195,4291.200195,52,0.0,0.0
2021-09-15,4248.0,4321.439941,4118.399902,4190.399902,4190.399902,39,0.0,0.0
2021-09-16,4233.600098,4377.600098,4204.799805,4320.0,4320.0,15,0.0,0.0
2021-09-17,4348.799805,4406.399902,4276.799805,4392.0,4392.0,46,0.0,0.0
2021-09-20,4248.0,4308.47998,4104.0,4147.200195,4147.200195,84,0.0,0.0
2021-09-21,4147.200195,4190.399902,4060.800049,4089.600098,4089.600098,33,0.0,0.0
2021-09-22,4089.600098,4392.0,4060.800049,4348.799805,4348.799805,166,0.0,0.0
2021-09-23,4334.399902,4449.600098,4233.600098,4377.600098,4377.600098,40,0.0,0.0
2021-09-24,4363.200195,4464.0,4276.799805,4392.0,4392.0,46,0.0,0.0
2021-09-27,4392.0,4464.0,4262.399902,4348.799805,4348.799805,30,0.0,0.0
2021-09-28,4406.399902,4464.0,4248.0,4305.600098,4305.600098,118,0.0,0.0
2021-09-29,4248.0,4305.600098,4046.399902,4104.0,4104.0,66,0.0,0.0
2021-09-30,4104.0,4219.200195,3888.0,4017.600098,4017.600098,142,0.0,0.0
2021-10-01,4017.600098,4032.0,3888.0,3931.199951,3931.199951,72,0.0,0.0
2021-10-04,3902.399902,3954.23999,3816.0,3844.800049,3844.800049,51,0.0,0.0
2021-10-05,3873.600098,3888.0,3715.199951,3744.0,3744.0,43,0.0,0.0
2021-10-06,3657.600098,3902.399902,3657.600098,3801.600098,3801.600098,38,0.0,0.0
2021-10-07,3744.0,3888.0,3744.0,3816.0,3816.0,32,0.0,0.0
2021-10-08,3816.0,3859.199951,3772.800049,3801.600098,3801.600098,26,0.0,0.0
2021-10-11,3988.800049,4147.200195,3808.800049,3916.800049,3916.800049,73,0.0,0.0
2021-10-12,3941.280029,3960.0,3888.0,3916.800049,3916.800049,19,0.0,0.0
2021-10-13,3960.0,4003.199951,3916.800049,3931.199951,3931.199951,20,0.0,0.0
2021-10-14,3931.199951,4042.080078,3918.23999,4003.199951,4003.199951,34,0.0,0.0
2021-10-15,4003.199951,4032.0,3916.800049,3960.0,3960.0,19,0.0,0.0
2021-10-18,3945.600098,4032.0,3916.800049,3945.600098,3945.600098,35,0.0,0.0
2021-10-19,3988.800049,4003.199951,3888.0,3888.0,3888.0,68,0.0,0.0
2021-10-20,3888.0,4017.600098,3888.0,3988.800049,3988.800049,28,0.0,0.0
2021-10-21,3931.199951,4017.600098,3888.0,3960.0,3960.0,41,0.0,0.0
2021-10-22,3916.800049,4017.600098,3888.0,3888.0,3888.0,60,0.0,0.0
2021-10-25,3873.600098,3900.959961,3240.0,3528.0,3528.0,248,0.0,0.0
2021-10-26,3484.800049,3627.360107,3456.0,3542.399902,3542.399902,63,0.0,0.0
2021-10-27,3528.0,3585.600098,3499.199951,3542.399902,3542.399902,39,0.0,0.0
2021-10-28,3513.600098,3643.199951,3326.399902,3427.199951,3427.199951,68,0.0,0.0
2021-10-29,3427.199951,3607.199951,3384.0,3556.800049,3556.800049,50,0.0,0.0
2021-11-01,3628.800049,4320.0,3502.080078,4104.0,4104.0,520,0.0,0.0
2021-11-02,4219.200195,4248.0,3715.199951,4118.399902,4118.399902,188,0.0,0.0
2021-11-03,4075.199951,4233.600098,4032.0,4161.600098,4161.600098,70,0.0,0.0
2021-11-04,4118.399902,4219.200195,3988.800049,4060.800049,4060.800049,62,0.0,0.0
2021-11-05,4046.399902,4104.0,3816.0,4032.0,4032.0,85,0.0,0.0
2021-11-08,4248.0,4320.0,4104.0,4305.600098,4305.600098,409,0.0,0.0
2021-11-09,4507.200195,4507.200195,4219.200195,4363.200195,4363.200195,204,0.0,0.0
2021-11-10,4406.399902,4449.600098,4176.0,4204.799805,4204.799805,123,0.0,0.0
2021-11-11,4276.799805,4320.0,4190.399902,4248.0,4248.0,28,0.0,0.0
2021-11-12,4219.200195,4377.600098,4180.319824,4334.399902,4334.399902,91,0.0,0.0
2021-11-15,4406.399902,4478.399902,4219.200195,4291.200195,4291.200195,129,0.0,0.0
2021-11-16,4320.0,4334.399902,4075.199951,4075.199951,4075.199951,92,0.0,0.0
2021-11-17,4075.199951,4176.0,3960.0,4017.600098,4017.600098,81,0.0,0.0
2021-11-18,4032.0,4089.600098,3888.0,3888.0,3888.0,37,0.0,0.0
2021-11-19,3816.0,4003.199951,3816.0,3916.800049,3916.800049,75,0.0,0.0
2021-11-22,3931.199951,3960.0,3614.399902,3643.199951,3643.199951,106,0.0,0.0
2021-11-23,3715.199951,3888.0,3456.0,3657.600098,3657.600098,64,0.0,0.0
2021-11-24,3672.0,3672.0,3542.399902,3657.600098,3657.600098,41,0.0,0.0
2021-11-26,3600.0,3902.399902,3484.800049,3801.600098,3801.600098,105,0.0,0.0
2021-11-29,3931.199951,3931.199951,3614.399902,3657.600098,3657.600098,46,0.0,0.0
2021-11-30,3657.600098,3700.800049,3542.399902,3628.800049,3628.800049,48,0.0,0.0
2021-12-01,3715.199951,3873.600098,3441.600098,3484.800049,3484.800049,139,0.0,0.0
2021-12-02,3456.0,3641.76001,3427.199951,3499.199951,3499.199951,56,0.0,0.0
2021-12-03,3585.600098,3585.600098,3225.600098,3240.0,3240.0,100,0.0,0.0
2021-12-06,3297.600098,3322.080078,3111.840088,3283.199951,3283.199951,68,0.0,0.0
2021-12-07,3355.199951,3585.600098,3268.800049,3484.800049,3484.800049,61,0.0,0.0
2021-12-08,3456.0,3598.560059,3283.199951,3369.600098,3369.600098,70,0.0,0.0
2021-12-09,3384.0,3461.76001,3254.399902,3297.600098,3297.600098,28,0.0,0.0
2021-12-10,3312.0,3427.199951,3254.399902,3297.600098,3297.600098,35,0.0,0.0
2021-12-13,3268.800049,3268.800049,3168.0,3225.600098,3225.600098,50,0.0,0.0
2021-12-14,3168.0,3237.120117,3024.0,3024.0,3024.0,89,0.0,0.0
2021-12-15,3067.199951,3081.600098,2880.0,3081.600098,3081.600098,129,0.0,0.0
2021-12-16,3081.600098,3153.600098,2937.600098,2952.0,2952.0,29,0.0,0.0
2021-12-17,2937.600098,3153.600098,2880.0,2995.199951,2995.199951,44,0.0,0.0
2021-12-20,2995.199951,3052.800049,2822.399902,2937.600098,2937.600098,58,0.0,0.0
2021-12-21,2923.199951,2995.199951,2904.47998,2923.199951,2923.199951,60,0.0,0.0
2021-12-22,2894.399902,2952.0,2842.560059,2923.199951,2923.199951,88,0.0,0.0
2021-12-23,2851.199951,2995.199951,2851.199951,2923.199951,2923.199951,59,0.0,0.0
2021-12-27,2923.199951,3024.0,2678.399902,2750.399902,2750.399902,287,0.0,0.0
2021-12-28,2808.0,2816.639893,2534.399902,2606.399902,2606.399902,311,0.0,0.0
2021-12-29,2577.600098,2672.639893,2476.800049,2520.0,2520.0,123,0.0,0.0
2021-12-30,2505.600098,2692.800049,2505.600098,2592.0,2592.0,168,0.0,0.0
2021-12-31,2592.0,2664.0,2534.399902,2620.800049,2620.800049,142,0.0,0.0
2022-01-03,2664.0,2980.800049,2620.800049,2980.800049,2980.800049,62,0.0,0.0
2022-01-04,3067.199951,3139.199951,2894.399902,2966.399902,2966.399902,46,0.0,0.0
2022-01-05,2980.800049,3024.0,2662.560059,2764.800049,2764.800049,59,0.0,0.0
2022-01-06,2721.600098,2779.199951,2563.199951,2779.199951,2779.199951,41,0.0,0.0
2022-01-07,2793.600098,2793.600098,2636.639893,2714.399902,2714.399902,20,0.0,0.0
2022-01-10,2448.0,2466.719971,2217.600098,2347.199951,2347.199951,1783,0.0,0.0
2022-01-11,2390.399902,2505.600098,2347.199951,2419.199951,2419.199951,233,0.0,0.0
2022-01-12,2404.800049,2462.399902,2376.0,2404.800049,2404.800049,74,0.0,0.0
2022-01-13,2404.800049,2404.800049,2304.0,2347.199951,2347.199951,46,0.0,0.0
2022-01-14,2304.0,2325.600098,2203.199951,2304.0,2304.0,57,0.0,0.0
2022-01-18,2246.399902,2376.0,2232.0,2361.600098,2361.600098,57,0.0,0.0
2022-01-19,2390.399902,2505.600098,2304.0,2311.199951,2311.199951,88,0.0,0.0
2022-01-20,2304.0,2390.399902,2304.0,2318.399902,2318.399902,34,0.0,0.0
2022-01-21,2304.0,2363.040039,2160.0,2214.719971,2214.719971,54,0.0,0.0
2022-01-24,2217.600098,2217.600098,1887.839966,2109.600098,2109.600098,162,0.0,0.0
2022-01-25,2116.800049,2203.199951,2102.399902,2188.800049,2188.800049,46,0.0,0.0
2022-01-26,2188.800049,2289.600098,2088.0,2188.800049,2188.800049,29,0.0,0.0
2022-01-27,2203.199951,2203.199951,2001.599976,2001.599976,2001.599976,47,0.0,0.0
2022-01-28,1958.400024,2145.600098,1944.0,2046.23999,2046.23999,33,0.0,0.0
2022-01-31,2073.600098,2376.0,2073.600098,2332.800049,2332.800049,49,0.0,0.0
2022-02-01,2332.800049,2515.679932,2289.600098,2462.399902,2462.399902,56,0.0,0.0
2022-02-02,2505.600098,2505.600098,2232.0,2390.399902,2390.399902,30,0.0,0.0
2022-02-03,2332.800049,2491.199951,2246.399902,2318.399902,2318.399902,18,0.0,0.0
2022-02-04,2318.399902,2459.52002,2318.399902,2376.0,2376.0,14,0.0,0.0
2022-02-07,2419.199951,2520.0,2361.600098,2448.0,2448.0,21,0.0,0.0
2022-02-08,2491.199951,2491.199951,2374.560059,2404.800049,2404.800049,16,0.0,0.0
2022-02-09,2361.600098,2561.76001,2361.600098,2462.399902,2462.399902,28,0.0,0.0
2022-02-10,2476.800049,2563.199951,2390.399902,2476.800049,2476.800049,20,0.0,0.0
2022-02-11,2498.399902,2517.120117,2305.439941,2376.0,2376.0,20,0.0,0.0
2022-02-14,2332.800049,2332.800049,2174.399902,2246.399902,2246.399902,21,0.0,0.0
2022-02-15,2304.0,2361.600098,2217.600098,2304.0,2304.0,60,0.0,0.0
2022-02-16,2304.0,2390.399902,2174.399902,2390.399902,2390.399902,32,0.0,0.0
2022-02-17,2347.199951,2437.919922,2260.800049,2289.600098,2289.600098,15,0.0,0.0
2022-02-18,2260.800049,2347.199951,2203.199951,2347.199951,2347.199951,19,0.0,0.0
2022-02-22,2217.600098,2318.399902,2102.399902,2188.800049,2188.800049,111,0.0,0.0
2022-02-23,2203.199951,2321.280029,2016.0,2088.0,2088.0,40,0.0,0.0
2022-02-24,2016.0,2234.879883,1944.0,2188.800049,2188.800049,60,0.0,0.0
2022-02-25,2188.800049,2304.0,2145.600098,2232.0,2232.0,15,0.0,0.0
2022-02-28,2102.399902,2217.600098,2073.600098,2073.600098,2073.600098,45,0.0,0.0
2022-03-01,2102.399902,2155.679932,2102.399902,2116.800049,2116.800049,9,0.0,0.0
2022-03-02,2145.600098,2390.399902,2116.800049,2376.0,2376.0,190,0.0,0.0
2022-03-03,2347.199951,2347.199951,2116.800049,2145.600098,2145.600098,53,0.0,0.0
2022-03-04,2131.199951,2131.199951,1929.599976,1929.599976,1929.599976,89,0.0,0.0
2022-03-07,1900.800049,1987.199951,1900.800049,1929.599976,1929.599976,29,0.0,0.0
2022-03-08,1900.800049,1944.0,1843.199951,1944.0,1944.0,59,0.0,0.0
2022-03-09,1929.599976,2102.399902,1929.599976,2016.0,2016.0,54,0.0,0.0
2022-03-10,2044.800049,2052.0,1958.400024,2001.599976,2001.599976,32,0.0,0.0
2022-03-11,1987.199951,2016.0,1872.0,1944.0,1944.0,62,0.0,0.0
2022-03-14,1944.0,1972.800049,1800.0,1857.599976,1857.599976,39,0.0,0.0
2022-03-15,1771.199951,1900.800049,1713.599976,1771.199951,1771.199951,141,0.0,0.0
2022-03-16,1869.119995,2010.23999,1869.119995,1951.199951,1951.199951,30,0.0,0.0
2022-03-17,2073.600098,2160.0,1958.400024,2145.600098,2145.600098,37,0.0,0.0
2022-03-18,2160.0,2260.800049,2160.0,2246.399902,2246.399902,36,0.0,0.0
2022-03-21,2174.399902,2203.199951,2116.800049,2203.199951,2203.199951,35,0.0,0.0
2022-03-22,2275.199951,2304.0,2131.199951,2167.199951,2167.199951,40,0.0,0.0
2022-03-23,2102.399902,2260.800049,1944.0,2102.399902,2102.399902,30,0.0,0.0
2022-03-24,2044.800049,2275.199951,2044.800049,2217.600098,2217.600098,24,0.0,0.0
2022-03-25,2203.199951,2217.600098,2102.399902,2188.800049,2188.800049,64,0.0,0.0
2022-03-28,2188.800049,2217.600098,2116.800049,2160.0,2160.0,21,0.0,0.0
2022-03-29,2174.399902,2275.199951,2116.800049,2260.800049,2260.800049,34,0.0,0.0
2022-03-30,2275.199951,2361.600098,2174.399902,2361.600098,2361.600098,21,0.0,0.0
2022-03-31,2347.199951,2347.199951,2232.0,2289.600098,2289.600098,21,0.0,0.0
2022-04-01,2332.800049,2476.800049,2332.800049,2376.0,2376.0,31,0.0,0.0
2022-04-04,2419.199951,2548.800049,2272.320068,2520.0,2520.0,46,0.0,0.0
2022-04-05,2520.0,2646.719971,2332.800049,2548.800049,2548.800049,28,0.0,0.0
2022-04-06,2534.399902,2534.399902,2332.800049,2376.0,2376.0,31,0.0,0.0
2022-04-07,2433.600098,2520.0,2386.080078,2465.280029,2465.280029,31,0.0,0.0
2022-04-08,2505.600098,2520.0,2404.800049,2505.600098,2505.600098,17,0.0,0.0
2022-04-11,2404.800049,2448.0,2332.800049,2390.399902,2390.399902,23,0.0,0.0
2022-04-12,2419.199951,2419.199951,2174.399902,2217.600098,2217.600098,75,0.0,0.0
2022-04-13,2232.0,2332.800049,2232.0,2260.800049,2260.800049,19,0.0,0.0
2022-04-14,2243.52002,2404.800049,2174.399902,2347.199951,2347.199951,16,0.0,0.0
2022-04-18,2304.0,2318.399902,2232.0,2246.399902,2246.399902,18,0.0,0.0
2022-04-19,2188.800049,2289.600098,2188.800049,2232.0,2232.0,31,0.0,0.0
2022-04-20,2289.600098,2304.0,2232.0,2239.199951,2239.199951,29,0.0,0.0
2022-04-21,2304.0,2304.0,2136.959961,2160.0,2160.0,14,0.0,0.0
2022-04-22,2059.199951,2293.919922,1972.800049,2232.0,2232.0,39,0.0,0.0
2022-04-25,1929.599976,2302.560059,1929.599976,2232.0,2232.0,52,0.0,0.0
2022-04-26,2246.399902,2283.840088,2160.0,2232.0,2232.0,34,0.0,0.0
2022-04-27,2275.199951,2279.52002,2131.199951,2232.0,2232.0,21,0.0,0.0
2022-04-28,2145.600098,2301.120117,2145.600098,2203.199951,2203.199951,55,0.0,0.0
2022-04-29,2174.399902,2462.399902,2174.399902,2390.399902,2390.399902,64,0.0,0.0
2022-05-02,2275.199951,2304.0,1756.800049,1756.800049,1756.800049,136,0.0,0.0
2022-05-03,1555.199951,1555.199951,1123.199951,1316.160034,1316.160034,707,0.0,0.0
2022-05-04,1252.800049,1296.0,1152.0,1274.400024,1274.400024,145,0.0,0.0
2022-05-05,1339.199951,1339.199951,1224.0,1224.0,1224.0,64,0.0,0.0
2022-05-06,1200.959961,1200.959961,1051.199951,1094.400024,1094.400024,93,0.0,0.0
2022-05-09,1080.0,1152.0,983.52002,993.599976,993.599976,89,0.0,0.0
2022-05-10,979.200012,1080.0,979.200012,1008.0,1008.0,31,0.0,0.0
2022-05-11,1080.0,1146.23999,936.0,966.23999,966.23999,47,0.0,0.0
2022-05-12,1008.0,1008.0,792.0,864.0,864.0,150,0.0,0.0
2022-05-13,864.0,936.0,838.080017,875.52002,875.52002,81,0.0,0.0
2022-05-16,849.599976,892.799988,822.23999,826.559998,826.559998,64,0.0,0.0
2022-05-17,907.200012,907.200012,822.23999,840.960022,840.960022,67,0.0,0.0
2022-05-18,840.960022,840.960022,748.799988,776.159973,776.159973,62,0.0,0.0
2022-05-19,776.159973,842.400024,720.0,720.0,720.0,160,0.0,0.0
2022-05-20,725.76001,806.400024,720.0,804.960022,804.960022,106,0.0,0.0
2022-05-23,835.200012,936.0,806.400024,936.0,936.0,36,0.0,0.0
2022-05-24,979.200012,1008.0,835.200012,849.599976,849.599976,73,0.0,0.0
2022-05-25,835.200012,835.200012,734.400024,763.200012,763.200012,101,0.0,0.0
2022-05-26,792.0,819.359985,735.840027,756.0,756.0,118,0.0,0.0
2022-05-27,756.0,764.640015,734.400024,734.400024,734.400024,194,0.0,0.0
2022-05-31,734.400024,750.23999,725.76001,737.280029,737.280029,74,0.0,0.0
2022-06-01,768.960022,777.599976,747.359985,756.0,756.0,27,0.0,0.0
2022-06-02,760.320007,763.200012,724.320007,727.200012,727.200012,87,0.0,0.0
2022-06-03,745.919983,761.76001,721.440002,734.400024,734.400024,41,0.0,0.0
2022-06-06,727.200012,792.0,721.440002,748.799988,748.799988,77,0.0,0.0
2022-06-07,747.359985,763.200012,734.400024,748.799988,748.799988,18,0.0,0.0
2022-06-08,748.799988,817.919983,734.400024,815.039978,815.039978,31,0.0,0.0
2022-06-09,835.200012,835.200012,792.0,803.52002,803.52002,32,0.0,0.0
2022-06-10,768.960022,806.400024,748.799988,790.559998,790.559998,30,0.0,0.0
2022-06-13,776.159973,806.400024,691.200012,691.200012,691.200012,83,0.0,0.0
2022-06-14,691.200012,777.599976,652.320007,707.039978,707.039978,43,0.0,0.0
2022-06-15,748.799988,748.799988,648.0,648.0,648.0,42,0.0,0.0
2022-06-16,676.799988,702.719971,633.599976,662.400024,662.400024,19,0.0,0.0
2022-06-17,662.400024,676.799988,633.599976,635.039978,635.039978,73,0.0,0.0
2022-06-21,600.47998,676.799988,600.47998,675.359985,675.359985,86,0.0,0.0
2022-06-22,682.559998,682.559998,626.400024,662.400024,662.400024,61,0.0,0.0
2022-06-23,662.400024,720.0,648.0,711.359985,711.359985,18,0.0,0.0
2022-06-24,720.0,720.0,662.400024,695.52002,695.52002,15,0.0,0.0
2022-06-27,691.200012,777.599976,691.200012,748.799988,748.799988,20,0.0,0.0
2022-06-28,777.599976,1080.0,728.640015,851.039978,851.039978,441,0.0,0.0
2022-06-29,864.0,950.400024,763.200012,936.0,936.0,75,0.0,0.0
2022-06-30,921.599976,979.200012,810.719971,936.0,936.0,41,0.0,0.0
2022-07-01,925.919983,1006.559998,842.400024,885.599976,885.599976,28,0.0,0.0
2022-07-05,921.599976,936.0,781.919983,839.52002,839.52002,70,0.0,0.0
2022-07-06,780.47998,921.599976,780.47998,878.400024,878.400024,30,0.0,0.0
2022-07-07,937.440002,937.440002,799.200012,874.080017,874.080017,357,0.0,0.0
2022-07-08,889.919983,915.840027,836.640015,871.200012,871.200012,94,0.0,0.0
2022-07-11,921.599976,936.0,846.719971,934.559998,934.559998,114,0.0,0.0
2022-07-12,936.0,957.599976,895.679993,907.200012,907.200012,80,0.0,0.0
2022-07-13,895.679993,966.23999,866.880005,878.400024,878.400024,50,0.0,0.0
2022-07-14,924.47998,924.47998,864.0,871.200012,871.200012,40,0.0,0.0
2022-07-15,885.599976,900.0,840.960022,871.200012,871.200012,20,0.0,0.0
2022-07-18,878.400024,992.159973,851.039978,878.400024,878.400024,60,0.0,0.0
2022-07-19,878.400024,907.200012,864.0,879.840027,879.840027,62,0.0,0.0
2022-07-20,894.23999,957.599976,849.599976,892.799988,892.799988,55,0.0,0.0
2022-07-21,835.200012,928.799988,828.0,853.919983,853.919983,119,0.0,0.0
2022-07-22,838.080017,849.599976,806.400024,830.880005,830.880005,26,0.0,0.0
2022-07-25,806.400024,835.200012,720.0,734.400024,734.400024,133,0.0,0.0
2022-07-26,705.599976,777.599976,705.599976,720.0,720.0,22,0.0,0.0
2022-07-27,756.0,849.599976,662.400024,734.400024,734.400024,182,0.0,0.0
2022-07-28,720.0,738.719971,648.0,725.76001,725.76001,54,0.0,0.0
2022-07-29,724.320007,724.320007,691.200012,722.880005,722.880005,21,0.0,0.0
2022-08-01,720.0,724.320007,649.440002,684.0,684.0,51,0.0,0.0
2022-08-02,648.0,724.320007,648.0,705.599976,705.599976,37,0.0,0.0
2022-08-03,718.559998,718.559998,676.799988,715.679993,715.679993,87,0.0,0.0
2022-08-04,648.0,711.359985,547.200012,648.0,648.0,284,0.0,0.0
2022-08-05,648.0,671.039978,619.200012,635.039978,635.039978,64,0.0,0.0
2022-08-08,660.960022,676.799988,632.159973,649.440002,649.440002,55,0.0,0.0
2022-08-09,626.400024,675.359985,576.0,617.76001,617.76001,25,0.0,0.0
2022-08-10,604.799988,619.200012,603.359985,604.799988,604.799988,25,0.0,0.0
2022-08-11,604.799988,648.0,583.200012,633.599976,633.599976,178,0.0,0.0
2022-08-12,632.159973,640.799988,561.599976,590.400024,590.400024,150,0.0,0.0
2022-08-15,601.919983,648.0,597.599976,640.799988,640.799988,39,0.0,0.0
2022-08-16,633.599976,676.799988,591.840027,676.799988,676.799988,123,0.0,0.0
2022-08-17,662.400024,691.200012,648.0,676.799988,676.799988,67,0.0,0.0
2022-08-18,675.359985,679.679993,626.400024,653.76001,653.76001,33,0.0,0.0
2022-08-19,665.280029,681.119995,640.799988,658.080017,658.080017,39,0.0,0.0
2022-08-22,662.400024,662.400024,604.799988,636.47998,636.47998,56,0.0,0.0
2022-08-23,623.52002,633.599976,613.440002,616.320007,616.320007,31,0.0,0.0
2022-08-24,612.0,619.200012,591.840027,604.799988,604.799988,33,0.0,0.0
2022-08-25,583.200012,662.400024,583.200012,660.960022,660.960022,137,0.0,0.0
2022-08-26,660.960022,705.599976,633.599976,656.640015,656.640015,45,0.0,0.0
2022-08-29,691.200012,691.200012,656.640015,662.400024,662.400024,22,0.0,0.0
2022-08-30,662.400024,686.880005,656.640015,662.400024,662.400024,16,0.0,0.0
2022-08-31,662.400024,668.159973,648.0,668.159973,668.159973,25,0.0,0.0
2022-09-01,619.200012,676.799988,619.200012,640.799988,640.799988,27,0.0,0.0
2022-09-02,684.0,684.0,613.440002,648.0,648.0,10,0.0,0.0
2022-09-06,619.200012,648.0,594.719971,594.719971,594.719971,17,0.0,0.0
2022-09-07,610.559998,626.400024,594.719971,604.799988,604.799988,36,0.0,0.0
2022-09-08,626.400024,626.400024,591.840027,606.23999,606.23999,14,0.0,0.0
2022-09-09,600.47998,650.880005,590.400024,612.0,612.0,55,0.0,0.0
2022-09-12,540.0,619.200012,540.0,617.76001,617.76001,119,0.0,0.0
2022-09-13,609.119995,673.919983,604.799988,665.280029,665.280029,44,0.0,0.0
2022-09-14,691.200012,691.200012,624.960022,633.599976,633.599976,13,0.0,0.0
2022-09-15,604.799988,673.919983,604.799988,662.400024,662.400024,41,0.0,0.0
2022-09-16,676.799988,676.799988,619.200012,627.840027,627.840027,9,0.0,0.0
2022-09-19,627.840027,705.599976,604.799988,604.799988,604.799988,18,0.0,0.0
2022-09-20,599.039978,619.200012,504.0,570.23999,570.23999,78,0.0,0.0
2022-09-21,564.47998,565.919983,547.200012,547.200012,547.200012,55,0.0,0.0
2022-09-22,547.200012,547.200012,504.0,534.23999,534.23999,30,0.0,0.0
2022-09-23,518.400024,518.400024,475.200012,498.23999,498.23999,39,0.0,0.0
2022-09-26,475.200012,489.600006,475.200012,475.200012,475.200012,27,0.0,0.0
2022-09-27,475.200012,478.079987,446.399994,446.399994,446.399994,18,0.0,0.0
2022-09-28,446.399994,460.799988,446.399994,459.359985,459.359985,8,0.0,0.0
2022-09-29,432.0,460.799988,432.0,452.160004,452.160004,9,0.0,0.0
2022-09-30,450.720001,460.799988,432.0,447.839996,447.839996,31,0.0,0.0
2022-10-03,450.720001,493.920013,432.0,473.76001,473.76001,58,0.0,0.0
2022-10-04,475.200012,498.23999,475.200012,486.720001,486.720001,9,0.0,0.0
2022-10-05,489.600006,547.200012,489.600006,547.200012,547.200012,36,0.0,0.0
2022-10-06,612.0,684.0,576.0,626.400024,626.400024,63,0.0,0.0
2022-10-07,676.799988,691.200012,606.23999,676.799988,676.799988,38,0.0,0.0
2022-10-10,705.599976,705.599976,551.52002,551.52002,551.52002,28,0.0,0.0
2022-10-11,561.599976,576.0,512.640015,512.640015,512.640015,9,0.0,0.0
2022-10-12,518.400024,561.599976,483.839996,532.799988,532.799988,18,0.0,0.0
2022-10-13,504.0,565.919983,504.0,532.799988,532.799988,5,0.0,0.0
2022-10-14,576.0,648.0,532.799988,560.159973,560.159973,21,0.0,0.0
2022-10-17,561.599976,561.599976,506.880005,524.159973,524.159973,30,0.0,0.0
2022-10-18,554.400024,565.919983,511.200012,518.400024,518.400024,29,0.0,0.0
2022-10-19,532.799988,601.919983,532.799988,555.840027,555.840027,23,0.0,0.0
2022-10-20,561.599976,600.47998,532.799988,600.47998,600.47998,10,0.0,0.0
2022-10-21,576.0,590.400024,535.679993,578.880005,578.880005,20,0.0,0.0
2022-10-24,576.0,616.320007,547.200012,550.080017,550.080017,12,0.0,0.0
2022-10-25,550.080017,574.559998,547.200012,548.640015,548.640015,8,0.0,0.0
2022-10-26,561.599976,590.400024,554.400024,590.400024,590.400024,24,0.0,0.0
2022-10-27,560.159973,590.400024,560.159973,561.599976,561.599976,6,0.0,0.0
2022-10-28,561.599976,576.0,561.599976,576.0,576.0,16,0.0,0.0
2022-10-31,561.599976,577.440002,547.200012,547.200012,547.200012,24,0.0,0.0
2022-11-01,561.599976,574.559998,561.599976,574.559998,574.559998,7,0.0,0.0
2022-11-02,583.200012,583.200012,561.599976,576.0,576.0,5,0.0,0.0
2022-11-03,573.119995,573.119995,532.799988,540.0,540.0,11,0.0,0.0
2022-11-04,567.359985,583.200012,532.799988,532.799988,532.799988,31,0.0,0.0
2022-11-07,547.200012,561.599976,475.200012,488.160004,488.160004,54,0.0,0.0
2022-11-08,460.799988,506.880005,460.799988,488.160004,488.160004,47,0.0,0.0
2022-11-09,475.200012,489.600006,446.399994,460.799988,460.799988,30,0.0,0.0
2022-11-10,452.160004,590.400024,452.160004,482.399994,482.399994,39,0.0,0.0
2022-11-11,501.119995,547.200012,478.079987,492.480011,492.480011,24,0.0,0.0
2022-11-14,460.799988,489.600006,460.799988,489.600006,489.600006,21,0.0,0.0
2022-11-15,452.160004,489.600006,452.160004,479.519989,479.519989,36,0.0,0.0
2022-11-16,489.600006,489.600006,462.23999,463.679993,463.679993,6,0.0,0.0
2022-11-17,475.200012,489.600006,462.23999,488.160004,488.160004,17,0.0,0.0
2022-11-18,472.320007,489.600006,460.799988,489.600006,489.600006,5,0.0,0.0
2022-11-21,463.679993,489.600006,460.799988,460.799988,460.799988,18,0.0,0.0
2022-11-22,475.200012,489.600006,460.799988,462.23999,462.23999,13,0.0,0.0
2022-11-23,460.799988,485.279999,432.0,433.440002,433.440002,23,0.0,0.0
2022-11-25,446.399994,475.200012,432.0,432.0,432.0,20,0.0,0.0
2022-11-28,432.0,473.76001,429.119995,460.799988,460.799988,11,0.0,0.0
2022-11-29,429.119995,459.359985,417.600006,429.119995,429.119995,28,0.0,0.0
2022-11-30,421.920013,443.519989,417.600006,420.480011,420.480011,14,0.0,0.0
2022-12-01,432.0,440.640015,419.040009,432.0,432.0,31,0.0,0.0
2022-12-02,432.0,459.359985,432.0,440.640015,440.640015,5,0.0,0.0
2022-12-05,417.600006,459.359985,417.600006,456.480011,456.480011,10,0.0,0.0
2022-12-06,439.200012,439.200012,419.040009,423.359985,423.359985,25,0.0,0.0
2022-12-07,439.200012,439.200012,417.600006,424.799988,424.799988,32,0.0,0.0
2022-12-08,417.600006,447.839996,417.600006,417.600006,417.600006,19,0.0,0.0
2022-12-09,432.0,456.480011,417.600006,417.600006,417.600006,44,0.0,0.0
2022-12-12,442.079987,459.359985,417.600006,446.399994,446.399994,139,0.0,0.0
2022-12-13,433.440002,446.399994,417.600006,430.559998,430.559998,56,0.0,0.0
2022-12-14,417.600006,432.0,417.600006,432.0,432.0,35,0.0,0.0
2022-12-15,432.0,432.0,417.600006,417.600006,417.600006,26,0.0,0.0
2022-12-16,432.0,432.0,417.600006,417.600006,417.600006,76,0.0,0.0
2022-12-19,432.0,521.280029,426.23999,489.600006,489.600006,505,0.0,0.0
2022-12-20,417.600006,460.799988,417.600006,446.399994,446.399994,144,0.0,0.0
2022-12-21,437.76001,792.0,433.440002,649.440002,649.440002,1049,0.0,0.0
2022-12-22,648.0,921.599976,648.0,849.599976,849.599976,444,0.0,0.0
2022-12-23,849.599976,907.200012,722.880005,774.719971,774.719971,178,0.0,0.0
2022-12-27,845.280029,845.280029,689.76001,777.599976,777.599976,118,0.0,0.0
2022-12-28,720.0,777.599976,679.679993,679.679993,679.679993,154,0.0,0.0
2022-12-29,583.200012,763.200012,583.200012,662.400024,662.400024,230,0.0,0.0
2022-12-30,662.400024,754.559998,648.0,720.0,720.0,44,0.0,0.0
2023-01-03,969.119995,1036.800049,748.799988,1023.840027,1023.840027,307,0.0,0.0
2023-01-04,1139.040039,1224.0,1080.0,1118.880005,1118.880005,251,0.0,0.0
2023-01-05,1068.47998,1211.040039,1054.079956,1152.0,1152.0,102,0.0,0.0
2023-01-06,1166.400024,1180.800049,1080.0,1152.0,1152.0,82,0.0,0.0
2023-01-09,1150.560059,1222.560059,1137.599976,1200.959961,1200.959961,158,0.0,0.0
2023-01-10,1224.0,1360.800049,1224.0,1296.0,1296.0,194,0.0,0.0
2023-01-11,1353.599976,1353.599976,1252.800049,1267.199951,1267.199951,26,0.0,0.0
2023-01-12,1281.599976,1296.0,1152.0,1166.400024,1166.400024,70,0.0,0.0
2023-01-13,1182.23999,1231.199951,1031.040039,1154.880005,1154.880005,162,0.0,0.0
2023-01-17,1108.800049,1195.199951,1005.119995,1052.640015,1052.640015,264,0.0,0.0
2023-01-18,1008.0,1124.640015,936.0,1008.0,1008.0,144,0.0,0.0
2023-01-19,1008.0,1067.040039,938.880005,1008.0,1008.0,47,0.0,0.0
2023-01-20,1067.040039,1111.680054,1008.0,1081.439941,1081.439941,59,0.0,0.0
2023-01-23,1051.199951,1094.400024,982.080017,1031.040039,1031.040039,45,0.0,0.0
2023-01-24,1008.0,1090.079956,993.599976,1018.080017,1018.080017,48,0.0,0.0
2023-01-25,993.599976,1025.280029,907.200012,921.599976,921.599976,72,0.0,0.0
2023-01-26,944.640015,993.599976,914.400024,966.23999,966.23999,45,0.0,0.0
2023-01-27,951.840027,1035.359985,936.0,937.440002,937.440002,37,0.0,0.0
2023-01-30,950.400024,950.400024,807.840027,820.799988,820.799988,89,0.0,0.0
2023-01-31,839.52002,993.599976,839.52002,951.840027,951.840027,49,0.0,0.0
2023-02-01,936.0,993.599976,892.799988,897.119995,897.119995,28,0.0,0.0
2023-02-02,964.799988,1072.800049,910.080017,1072.800049,1072.800049,129,0.0,0.0
2023-02-03,1065.599976,1108.800049,1022.400024,1022.400024,1022.400024,112,0.0,0.0
2023-02-06,1179.359985,1179.359985,936.0,993.599976,993.599976,48,0.0,0.0
2023-02-07,966.23999,1044.0,879.840027,979.200012,979.200012,212,0.0,0.0
2023-02-08,953.280029,1008.0,907.200012,976.320007,976.320007,26,0.0,0.0
2023-02-09,947.52002,964.799988,876.960022,891.359985,891.359985,25,0.0,0.0
2023-02-10,936.0,950.400024,864.0,936.0,936.0,7,0.0,0.0
2023-02-13,892.799988,907.200012,869.76001,878.400024,878.400024,37,0.0,0.0
2023-02-14,872.640015,936.0,865.440002,901.440002,901.440002,15,0.0,0.0
2023-02-15,936.0,936.0,849.599976,878.400024,878.400024,33,0.0,0.0
2023-02-16,835.200012,864.0,835.200012,839.52002,839.52002,29,0.0,0.0
2023-02-17,835.200012,849.599976,835.200012,835.200012,835.200012,22,0.0,0.0
2023-02-21,878.400024,936.0,792.0,833.76001,833.76001,44,0.0,0.0
2023-02-22,833.76001,849.599976,792.0,822.23999,822.23999,17,0.0,0.0
2023-02-23,822.23999,835.200012,792.0,792.0,792.0,26,0.0,0.0
2023-02-24,792.0,806.400024,705.599976,776.159973,776.159973,62,0.0,0.0
2023-02-27,648.0,789.119995,648.0,758.880005,758.880005,34,0.0,0.0
2023-02-28,792.0,792.0,691.200012,691.200012,691.200012,9,0.0,0.0
2023-03-01,676.799988,725.76001,676.799988,676.799988,676.799988,10,0.0,0.0
2023-03-02,717.119995,748.799988,684.0,715.679993,715.679993,17,0.0,0.0
2023-03-03,720.0,748.799988,715.679993,748.799988,748.799988,13,0.0,0.0
2023-03-06,709.919983,777.599976,707.039978,748.799988,748.799988,23,0.0,0.0
2023-03-07,734.400024,734.400024,705.599976,720.0,720.0,10,0.0,0.0
2023-03-08,707.039978,720.0,660.960022,676.799988,676.799988,35,0.0,0.0
2023-03-09,711.359985,720.0,662.400024,662.400024,662.400024,47,0.0,0.0
2023-03-10,662.400024,684.0,662.400024,662.400024,662.400024,24,0.0,0.0
2023-03-13,669.599976,684.0,669.599976,676.799988,676.799988,33,0.0,0.0
2023-03-14,676.799988,676.799988,534.23999,620.640015,620.640015,39,0.0,0.0
2023-03-15,593.280029,672.47998,532.799988,672.47998,672.47998,14,0.0,0.0
2023-03-16,658.080017,692.640015,653.76001,673.919983,673.919983,18,0.0,0.0
2023-03-17,672.47998,676.799988,652.320007,673.919983,673.919983,9,0.0,0.0
2023-03-20,673.919983,676.799988,597.599976,633.599976,633.599976,21,0.0,0.0
2023-03-21,606.23999,633.599976,606.23999,619.200012,619.200012,28,0.0,0.0
2023-03-22,604.799988,604.799988,596.159973,596.159973,596.159973,14,0.0,0.0
2023-03-23,596.159973,633.599976,596.159973,626.400024,626.400024,6,0.0,0.0
2023-03-24,633.599976,633.599976,596.159973,604.799988,604.799988,3,0.0,0.0
2023-03-27,576.0,612.0,547.200012,576.0,576.0,12,0.0,0.0
2023-03-28,619.200012,648.0,576.0,617.76001,617.76001,9,0.0,0.0
2023-03-29,590.400024,648.0,532.799988,648.0,648.0,83,0.0,0.0
2023-03-30,662.400024,676.799988,547.200012,676.799988,676.799988,21,0.0,0.0
2023-03-31,639.359985,666.719971,603.359985,614.880005,614.880005,16,0.0,0.0
2023-04-03,648.0,648.0,446.399994,504.0,504.0,143,0.0,0.0
2023-04-04,460.799988,532.799988,446.399994,525.599976,525.599976,212,0.0,0.0
2023-04-05,509.76001,514.080017,489.600006,489.600006,489.600006,11,0.0,0.0
2023-04-06,514.080017,519.840027,489.600006,489.600006,489.600006,65,0.0,0.0
2023-04-10,532.799988,532.799988,475.200012,489.600006,489.600006,109,0.0,0.0
2023-04-11,488.160004,488.160004,432.0,453.600006,453.600006,68,0.0,0.0
2023-04-12,446.399994,469.440002,432.0,432.0,432.0,62,0.0,0.0
2023-04-13,446.399994,468.0,439.200012,460.799988,460.799988,34,0.0,0.0
2023-04-14,468.0,475.200012,432.0,446.399994,446.399994,25,0.0,0.0
2023-04-17,433.440002,475.200012,432.0,456.480011,456.480011,32,0.0,0.0
2023-04-18,468.0,499.679993,468.0,489.600006,489.600006,34,0.0,0.0
2023-04-19,502.559998,502.559998,465.119995,475.200012,475.200012,24,0.0,0.0
2023-04-20,489.600006,489.600006,443.519989,478.079987,478.079987,16,0.0,0.0
2023-04-21,460.799988,486.720001,453.600006,485.279999,485.279999,17,0.0,0.0
2023-04-24,459.359985,478.079987,444.959991,457.920013,457.920013,18,0.0,0.0
2023-04-25,475.200012,476.640015,440.640015,446.399994,446.399994,46,0.0,0.0
2023-04-26,460.799988,470.880005,432.0,439.200012,439.200012,53,0.0,0.0
2023-04-27,460.799988,460.799988,432.0,432.0,432.0,22,0.0,0.0
2023-04-28,432.0,446.399994,432.0,446.399994,446.399994,53,0.0,0.0
2023-05-01,444.959991,446.399994,417.600006,417.600006,417.600006,19,0.0,0.0
2023-05-02,432.0,449.279999,424.799988,432.0,432.0,22,0.0,0.0
2023-05-03,460.799988,460.799988,433.440002,446.399994,446.399994,24,0.0,0.0
2023-05-04,446.399994,446.399994,419.040009,432.0,432.0,1937,0.0,0.0
2023-05-05,561.599976,748.799988,512.640015,587.52002,587.52002,5326,0.0,0.0
2023-05-08,505.440002,561.599976,491.040009,519.840027,519.840027,374,0.0,0.0
2023-05-09,547.200012,576.0,519.840027,519.840027,519.840027,254,0.0,0.0
2023-05-10,547.200012,547.200012,514.080017,516.960022,516.960022,118,0.0,0.0
2023-05-11,504.0,532.799988,489.600006,518.400024,518.400024,36,0.0,0.0
2023-05-12,468.0,489.600006,460.799988,478.079987,478.079987,153,0.0,0.0
2023-05-15,432.0,432.0,329.18399,399.359985,399.359985,1731,0.0,0.066667
2023-05-16,396.480011,445.440002,357.119995,414.720001,414.720001,889,0.0,0.0
2023-05-17,432.0,488.640015,389.76001,449.279999,449.279999,1143,0.0,0.0
2023-05-18,470.399994,480.959991,424.320007,438.720001,438.720001,289,0.0,0.0
2023-05-19,438.720001,523.392029,426.528015,480.0,480.0,1210,0.0,0.0
2023-05-22,473.279999,540.47998,473.279999,499.967987,499.967987,300,0.0,0.0
2023-05-23,479.040009,527.039978,470.399994,476.256012,476.256012,54,0.0,0.0
2023-05-24,493.440002,493.440002,446.399994,486.720001,486.720001,23,0.0,0.0
2023-05-25,503.040009,503.040009,489.600006,489.600006,489.600006,105,0.0,0.0
2023-05-26,510.720001,510.720001,441.600006,441.600006,441.600006,148,0.0,0.0
2023-05-30,438.720001,447.552002,412.799988,412.799988,412.799988,56,0.0,0.0
2023-05-31,412.799988,450.23999,412.799988,442.559998,442.559998,98,0.0,0.0
2023-06-01,442.559998,473.279999,432.864014,444.480011,444.480011,20,0.0,0.0
2023-06-02,443.519989,458.880005,434.880005,455.040009,455.040009,52,0.0,0.0
2023-06-05,448.320007,480.0,429.119995,429.119995,429.119995,75,0.0,0.0
2023-06-06,423.359985,436.320007,413.567993,417.600006,417.600006,57,0.0,0.0
2023-06-07,422.399994,462.720001,413.18399,415.967987,415.967987,49,0.0,0.0
2023-06-08,413.76001,442.463989,403.200012,416.160004,416.160004,78,0.0,0.0
2023-06-09,417.600006,427.200012,415.679993,416.640015,416.640015,70,0.0,0.0
2023-06-12,424.320007,450.23999,384.959991,392.640015,392.640015,192,0.0,0.0
2023-06-13,384.0,399.167999,357.119995,357.119995,357.119995,366,0.0,0.0
2023-06-14,357.119995,370.559998,354.23999,357.119995,357.119995,50,0.0,0.0
2023-06-15,349.440002,406.079987,345.600006,358.079987,358.079987,184,0.0,0.0
2023-06-16,377.279999,377.279999,345.600006,345.600006,345.600006,73,0.0,0.0
2023-06-20,340.799988,388.799988,329.76001,330.23999,330.23999,61,0.0,0.0
2023-06-21,335.040009,358.079987,327.359985,327.359985,327.359985,81,0.0,0.0
2023-06-22,343.679993,351.839996,326.399994,329.76001,329.76001,28,0.0,0.0
2023-06-23,336.959991,336.959991,299.519989,323.519989,323.519989,121,0.0,0.0
2023-06-26,330.720001,330.720001,312.191986,320.640015,320.640015,40,0.0,0.0
2023-06-27,304.320007,328.320007,297.600006,305.376007,305.376007,48,0.0,0.0
2023-06-28,295.679993,326.399994,288.0,288.480011,288.480011,254,0.0,0.0
2023-06-29,289.920013,308.735992,277.440002,286.079987,286.079987,163,0.0,0.0
2023-06-30,287.040009,302.399994,277.920013,287.040009,287.040009,55,0.0,0.0
2023-07-03,294.720001,294.720001,287.328003,292.320007,292.320007,21,0.0,0.0
2023-07-05,286.079987,305.279999,275.519989,283.200012,283.200012,173,0.0,0.0
2023-07-06,278.399994,278.399994,241.919998,245.759995,245.759995,839,0.0,0.0
2023-07-07,253.440002,265.920013,242.880005,254.399994,254.399994,502,0.0,0.0
2023-07-10,278.399994,278.399994,241.919998,241.919998,241.919998,2993,0.0,0.0
2023-07-11,241.919998,241.919998,209.279999,218.880005,218.880005,1306,0.0,0.0
2023-07-12,220.800003,525.119995,220.800003,233.279999,233.279999,59329,0.0,0.0
2023-07-13,249.600006,275.519989,182.496002,199.679993,199.679993,44934,0.0,0.0
2023-07-14,203.520004,203.520004,134.399994,139.199997,139.199997,25410,0.0,0.0
2023-07-17,144.0,144.0,128.639999,130.559998,130.559998,3783,0.0,0.0
2023-07-18,129.600006,132.960007,123.839996,126.720001,126.720001,3711,0.0,0.0
2023-07-19,124.800003,126.720001,120.959999,123.839996,123.839996,2022,0.0,0.0
2023-07-20,124.800003,124.800003,116.160004,119.040001,119.040001,2480,0.0,0.0
2023-07-21,116.160004,120.959999,105.599998,110.400002,110.400002,7453,0.0,0.0
2023-07-24,119.040001,124.223999,111.360001,116.160004,116.160004,6276,0.0,0.0
2023-07-25,120.959999,120.959999,111.360001,114.239998,114.239998,2988,0.0,0.0
2023-07-26,113.279999,118.080002,111.360001,118.080002,118.080002,1364,0.0,0.0
2023-07-27,118.080002,120.959999,110.400002,111.360001,111.360001,1423,0.0,0.0
2023-07-28,115.199997,115.199997,110.400002,114.239998,114.239998,736,0.0,0.0
2023-07-31,115.199997,116.160004,110.400002,110.400002,110.400002,1159,0.0,0.0
2023-08-01,110.400002,110.400002,100.800003,103.68,103.68,1851,0.0,0.0
2023-08-02,107.519997,107.519997,101.760002,101.760002,101.760002,690,0.0,0.0
2023-08-03,100.800003,104.447998,98.879997,100.800003,100.800003,746,0.0,0.0
2023-08-04,104.639999,104.639999,99.839996,100.800003,100.800003,457,0.0,0.0
2023-08-07,103.68,103.68,86.400002,88.800003,88.800003,1794,0.0,0.0
2023-08-08,88.704002,89.760002,86.400002,87.839996,87.839996,423,0.0,0.0
2023-08-09,89.279999,92.543999,84.480003,87.360001,87.360001,867,0.0,0.0
2023-08-10,85.440002,89.279999,76.800003,81.120003,81.120003,1200,0.0,0.0
2023-08-11,79.391998,83.903999,78.624001,80.832001,80.832001,384,0.0,0.0
2023-08-14,84.480003,86.496002,80.639999,81.599998,81.599998,407,0.0,0.0
2023-08-15,81.599998,84.480003,77.760002,77.760002,77.760002,416,0.0,0.0
2023-08-16,80.639999,81.792,73.919998,74.015999,74.015999,659,0.0,0.0
2023-08-17,74.688004,80.639999,74.015999,75.264,75.264,302,0.0,0.0
2023-08-18,77.760002,78.720001,73.919998,77.183998,77.183998,206,0.0,0.0
2023-08-21,75.552002,86.400002,74.879997,84.384003,84.384003,317,0.0,0.0
2023-08-22,85.152,85.152,76.32,81.216003,81.216003,191,0.0,0.0
2023-08-23,82.463997,83.424004,78.720001,81.120003,81.120003,169,0.0,0.0
2023-08-24,78.720001,79.68,74.688004,76.800003,76.800003,225,0.0,0.0
2023-08-25,75.744003,80.064003,72.0,74.112,74.112,413,0.0,0.0
2023-08-28,74.879997,79.295998,73.440002,77.760002,77.760002,134,0.0,0.0
2023-08-29,74.879997,79.008003,73.919998,78.239998,78.239998,195,0.0,0.0
2023-08-30,78.720001,78.720001,74.879997,77.760002,77.760002,150,0.0,0.0
2023-08-31,78.624001,78.720001,76.800003,77.760002,77.760002,117,0.0,0.0
2023-09-01,78.720001,84.959999,75.839996,84.959999,84.959999,917,0.0,0.0
2023-09-05,86.400002,86.400002,77.472,77.760002,77.760002,310,0.0,0.0
2023-09-06,79.68,79.68,76.800003,76.800003,76.800003,41,0.0,0.0
2023-09-07,77.760002,77.760002,74.208,77.568001,77.568001,108,0.0,0.0
2023-09-08,75.839996,77.664001,75.839996,77.472,77.472,89,0.0,0.0
2023-09-11,79.968002,79.968002,75.839996,78.143997,78.143997,129,0.0,0.0
2023-09-12,77.760002,77.760002,73.919998,76.800003,76.800003,96,0.0,0.0
2023-09-13,73.919998,75.071999,72.0,72.096001,72.096001,318,0.0,0.0
2023-09-14,74.879997,74.879997,71.136002,72.096001,72.096001,216,0.0,0.0
2023-09-15,72.096001,72.959999,71.040001,71.040001,71.040001,163,0.0,0.0
2023-09-18,70.848,72.863998,67.199997,67.199997,67.199997,83,0.0,0.0
2023-09-19,67.199997,70.463997,60.48,60.48,60.48,345,0.0,0.0
2023-09-20,62.400002,63.360001,57.599998,60.48,60.48,213,0.0,0.0
2023-09-21,64.223999,66.528,57.599998,57.599998,57.599998,819,0.0,0.0
2023-09-22,61.344002,62.880001,58.848,60.48,60.48,171,0.0,0.0
2023-09-25,60.576,62.400002,55.776001,56.639999,56.639999,336,0.0,0.0
2023-09-26,55.487999,58.271999,51.647999,55.104,55.104,3231,0.0,0.0
2023-09-27,55.872002,57.216,52.799999,55.967999,55.967999,765,0.0,0.0
2023-09-28,54.240002,57.599998,51.84,53.952,53.952,113,0.0,0.0
2023-09-29,55.296001,60.0,54.720001,59.52,59.52,440,0.0,0.0
2023-10-02,57.599998,84.0,48.0,53.568001,53.568001,17229,0.0,0.0
2023-10-03,51.167999,51.167999,42.720001,43.487999,43.487999,2316,0.0,0.0
2023-10-04,44.16,47.040001,35.136002,41.855999,41.855999,3359,0.0,0.0
2023-10-05,43.200001,43.200001,41.375999,42.720001,42.720001,557,0.0,0.0
2023-10-06,43.200001,46.655998,42.816002,43.200001,43.200001,801,0.0,0.0
2023-10-09,43.200001,45.119999,40.32,41.279999,41.279999,202,0.0,0.0
2023-10-10,42.240002,45.119999,41.472,44.16,44.16,220,0.0,0.0
2023-10-11,44.16,46.080002,40.512001,43.200001,43.200001,422,0.0,0.0
2023-10-12,43.200001,46.080002,43.200001,43.200001,43.200001,546,0.0,0.0
2023-10-13,42.048,43.200001,39.360001,39.360001,39.360001,222,0.0,0.0
2023-10-16,39.360001,43.776001,38.400002,38.400002,38.400002,502,0.0,0.0
2023-10-17,39.360001,44.063999,36.48,41.183998,41.183998,1218,0.0,0.0
2023-10-18,41.088001,41.088001,38.880001,40.992001,40.992001,794,0.0,0.0
2023-10-19,40.992001,42.240002,39.360001,41.279999,41.279999,169,0.0,0.0
2023-10-20,41.375999,41.375999,39.84,40.032001,40.032001,127,0.0,0.0
2023-10-23,41.279999,41.279999,37.439999,39.360001,39.360001,156,0.0,0.0
2023-10-24,35.52,42.144001,35.52,35.52,35.52,466,0.0,0.0
2023-10-25,34.560001,37.919998,34.560001,35.52,35.52,280,0.0,0.0
2023-10-26,37.344002,37.439999,35.52,35.52,35.52,159,0.0,0.0
2023-10-27,35.52,37.056,35.52,36.0,36.0,19,0.0,0.0
2023-10-30,34.751999,35.040001,34.751999,35.040001,35.040001,60,0.0,0.0
2023-10-31,34.560001,38.400002,34.560001,36.48,36.48,313,0.0,0.0
2023-11-01,37.439999,38.400002,36.48,38.400002,38.400002,156,0.0,0.0
2023-11-02,38.400002,38.400002,36.48,37.919998,37.919998,92,0.0,0.0
2023-11-03,38.400002,38.400002,37.439999,38.400002,38.400002,115,0.0,0.0
2023-11-06,41.375999,44.736,39.360001,40.032001,40.032001,836,0.0,0.0
2023-11-07,41.183998,42.816002,39.647999,40.32,40.32,132,0.0,0.0
2023-11-08,42.335999,42.335999,40.223999,40.223999,40.223999,113,0.0,0.0
2023-11-09,38.400002,40.32,35.52,38.784,38.784,904,0.0,0.0
2023-11-10,40.32,40.32,34.560001,36.383999,36.383999,190,0.0,0.0
2023-11-13,37.439999,37.439999,33.695999,33.888,33.888,407,0.0,0.0
2023-11-14,37.824001,39.360001,34.655998,39.360001,39.360001,527,0.0,0.0
2023-11-15,37.439999,38.400002,36.768002,38.400002,38.400002,116,0.0,0.0
2023-11-16,40.32,40.32,37.439999,38.688,38.688,206,0.0,0.0
2023-11-17,38.400002,39.264,38.400002,39.071999,39.071999,59,0.0,0.0
2023-11-20,38.880001,41.664001,38.880001,41.664001,41.664001,33468,0.0,0.0
2023-11-21,32.639999,36.48,24.959999,34.560001,34.560001,21914,0.0,0.0
2023-11-22,30.431999,31.007999,27.648001,28.224001,28.224001,4174,0.0,0.0
2023-11-24,30.719999,31.488001,26.016001,30.431999,30.431999,2100,0.0,0.0
2023-11-27,29.76,32.639999,28.799999,29.664,29.664,3936,0.0,0.0
2023-11-28,29.76,36.48,29.76,35.040001,35.040001,2574,0.0,0.0
2023-11-29,35.52,36.096001,32.256001,33.599998,33.599998,2265,0.0,0.0
2023-11-30,34.175999,34.560001,30.816,34.080002,34.080002,1931,0.0,0.0
2023-12-01,36.48,36.48,32.832001,35.136002,35.136002,1159,0.0,0.0
2023-12-04,35.52,37.439999,33.888,37.439999,37.439999,1021,0.0,0.0
2023-12-05,37.439999,38.400002,36.287998,37.056,37.056,619,0.0,0.0
2023-12-06,38.400002,40.032001,36.48,37.919998,37.919998,724,0.0,0.0
2023-12-07,37.919998,44.832001,36.576,38.015999,38.015999,6038,0.0,0.0
2023-12-08,39.360001,39.360001,31.872,34.271999,34.271999,2226,0.0,0.0
2023-12-11,34.560001,34.560001,31.872,32.352001,32.352001,777,0.0,0.0
2023-12-12,33.984001,33.984001,31.68,32.063999,32.063999,193,0.0,0.0
2023-12-13,32.256001,34.080002,29.76,33.504002,33.504002,994,0.0,0.0
2023-12-14,36.48,36.48,30.431999,34.944,34.944,872,0.0,0.0
2023-12-15,33.599998,35.52,33.599998,35.424,35.424,170,0.0,0.0
2023-12-18,35.52,36.48,34.175999,35.52,35.52,386,0.0,0.0
2023-12-19,38.208,38.208,36.287998,36.287998,36.287998,575,0.0,0.0
2023-12-20,36.287998,39.360001,34.944,38.400002,38.400002,2069,0.0,0.0
2023-12-21,38.400002,38.400002,31.68,35.136002,35.136002,2073,0.0,0.0
2023-12-22,36.287998,41.279999,35.52,40.032001,40.032001,3655,0.0,0.0
2023-12-26,39.167999,43.200001,37.919998,41.279999,41.279999,1436,0.0,0.0
2023-12-27,40.32,43.200001,40.32,42.240002,42.240002,775,0.0,0.0
2023-12-28,45.119999,45.119999,40.32,41.855999,41.855999,378,0.0,0.0
2023-12-29,43.007999,44.16,40.32,43.68,43.68,835,0.0,0.0
2024-01-02,43.200001,43.200001,40.416,42.240002,42.240002,639,0.0,0.0
2024-01-03,42.240002,43.68,41.279999,43.104,43.104,1796,0.0,0.0
2024-01-04,41.664001,43.104,40.32,41.568001,41.568001,161,0.0,0.0
2024-01-05,43.200001,43.200001,41.279999,42.720001,42.720001,367,0.0,0.0
2024-01-08,42.720001,42.720001,40.416,41.279999,41.279999,575,0.0,0.0
2024-01-09,41.279999,43.296001,40.608002,43.104,43.104,273,0.0,0.0
2024-01-10,43.200001,44.16,41.952,43.872002,43.872002,392,0.0,0.0
2024-01-11,42.240002,43.872002,40.32,43.200001,43.200001,733,0.0,0.0
2024-01-12,42.240002,44.16,41.375999,43.584,43.584,672,0.0,0.0
2024-01-16,43.487999,44.16,38.400002,39.167999,39.167999,941,0.0,0.0
2024-01-17,38.400002,39.071999,33.695999,36.863998,36.863998,1833,0.0,0.0
2024-01-18,38.400002,38.400002,36.48,36.48,36.48,200,0.0,0.0
2024-01-19,36.48,37.439999,30.719999,32.352001,32.352001,1736,0.0,0.0
2024-01-22,35.52,35.52,32.639999,33.984001,33.984001,433,0.0,0.0
2024-01-23,35.52,36.863998,33.599998,36.287998,36.287998,327,0.0,0.0
2024-01-24,38.400002,38.400002,35.52,35.52,35.52,548,0.0,0.0
2024-01-25,37.535999,38.304001,35.040001,35.040001,35.040001,484,0.0,0.0
2024-01-26,38.400002,38.400002,35.040001,36.383999,36.383999,139,0.0,0.0
2024-01-29,36.383999,37.439999,35.52,36.48,36.48,174,0.0,0.0
2024-01-30,36.959999,37.152,33.695999,37.056,37.056,598,0.0,0.0
2024-01-31,37.439999,37.439999,35.52,36.0,36.0,332,0.0,0.0
2024-02-01,34.560001,38.976002,33.695999,38.784,38.784,1590,0.0,0.0
2024-02-02,38.400002,44.16,35.52,36.576,36.576,1992,0.0,0.0
2024-02-05,36.48,38.400002,33.599998,34.751999,34.751999,1633,0.0,0.0
2024-02-06,36.287998,37.439999,33.792,34.080002,34.080002,268,0.0,0.0
2024-02-07,39.360001,39.360001,33.119999,35.040001,35.040001,1597,0.0,0.0
2024-02-08,34.560001,35.52,32.639999,34.271999,34.271999,356,0.0,0.0
2024-02-09,33.599998,35.52,33.119999,34.560001,34.560001,204,0.0,0.0
2024-02-12,36.48,36.48,33.216,35.52,35.52,433,0.0,0.0
2024-02-13,34.655998,45.023998,33.599998,36.48,36.48,12285,0.0,0.0
2024-02-14,36.576,38.400002,32.736,35.424,35.424,2411,0.0,0.0
2024-02-15,35.52,36.959999,34.080002,36.48,36.48,523,0.0,0.0
2024-02-16,36.096001,37.919998,33.888,36.959999,36.959999,420,0.0,0.0
2024-02-20,38.400002,38.400002,35.040001,36.48,36.48,324,0.0,0.0
2024-02-21,36.48,37.919998,34.655998,34.751999,34.751999,336,0.0,0.0
2024-02-22,37.919998,37.919998,32.639999,34.560001,34.560001,1071,0.0,0.0
2024-02-23,34.560001,35.327999,34.560001,34.848,34.848,356,0.0,0.0
2024-02-26,37.439999,37.439999,34.848,35.327999,35.327999,475,0.0,0.0
2024-02-27,35.52,37.344002,35.231998,36.863998,36.863998,1702,0.0,0.0
2024-02-28,37.344002,39.551998,36.0,38.400002,38.400002,1679,0.0,0.0
2024-02-29,39.551998,39.551998,37.632,38.015999,38.015999,1095,0.0,0.0
2024-03-01,40.223999,41.279999,37.056,39.360001,39.360001,2195,0.0,0.0
2024-03-04,38.880001,41.183998,37.439999,37.535999,37.535999,1648,0.0,0.0
2024-03-05,38.208,39.360001,33.599998,36.959999,36.959999,1321,0.0,0.0
2024-03-06,34.848,36.576,34.848,35.52,35.52,501,0.0,0.0
2024-03-07,37.248001,37.439999,35.231998,36.48,36.48,267,0.0,0.0
2024-03-08,37.344002,37.919998,35.52,36.48,36.48,123,0.0,0.0
2024-03-11,36.48,36.48,35.231998,35.52,35.52,393,0.0,0.0
2024-03-12,37.439999,37.439999,34.560001,34.560001,34.560001,363,0.0,0.0
2024-03-13,35.52,35.52,33.599998,34.560001,34.560001,219,0.0,0.0
2024-03-14,34.560001,35.52,30.719999,33.504002,33.504002,948,0.0,0.0
2024-03-15,39.360001,39.360001,28.896,29.280001,29.280001,36197,0.0,0.0
2024-03-18,28.799999,33.599998,28.799999,29.856001,29.856001,3141,0.0,0.0
2024-03-19,30.719999,31.584,29.087999,30.048,30.048,835,0.0,0.0
2024-03-20,30.24,30.719999,28.799999,29.280001,29.280001,884,0.0,0.0
2024-03-21,29.280001,30.528,29.280001,30.336,30.336,580,0.0,0.0
2024-03-22,30.624001,31.488001,29.472,29.856001,29.856001,658,0.0,0.0
2024-03-25,30.431999,31.296,28.992001,30.719999,30.719999,1421,0.0,0.0
2024-03-26,31.104,31.392,30.719999,30.719999,30.719999,593,0.0,0.0
2024-03-27,30.719999,32.639999,30.719999,31.68,31.68,169,0.0,0.0
2024-03-28,33.504002,33.504002,30.719999,33.216,33.216,438,0.0,0.0
2024-04-01,32.639999,33.408001,30.24,30.336,30.336,979,0.0,0.0
2024-04-02,31.68,32.256001,30.24,31.104,31.104,534,0.0,0.0
2024-04-03,31.68,32.639999,31.007999,31.392,31.392,455,0.0,0.0
2024-04-04,31.392,33.408001,30.912001,31.68,31.68,355,0.0,0.0
2024-04-05,30.912001,32.639999,30.912001,32.543999,32.543999,17263,0.0,0.0
2024-04-08,37.439999,41.375999,35.807999,38.015999,38.015999,19473,0.0,0.0
2024-04-09,38.400002,39.360001,35.52,37.344002,37.344002,3382,0.0,0.0
2024-04-10,38.880001,42.240002,36.48,38.400002,38.400002,3168,0.0,0.0
2024-04-11,41.279999,41.279999,39.360001,40.32,40.32,1716,0.0,0.0
2024-04-12,41.279999,41.279999,34.655998,40.223999,40.223999,1704,0.0,0.0
2024-04-15,40.223999,40.223999,34.560001,36.096001,36.096001,950,0.0,0.0
2024-04-16,35.52,35.52,31.68,33.984001,33.984001,1007,0.0,0.0
2024-04-17,33.504002,36.48,32.16,35.327999,35.327999,482,0.0,0.0
2024-04-18,35.040001,36.383999,34.944,36.383999,36.383999,282,0.0,0.0
2024-04-19,36.287998,36.383999,35.52,35.807999,35.807999,200,0.0,0.0
2024-04-22,35.136002,35.807999,33.792,34.944,34.944,670,0.0,0.0
2024-04-23,34.944,34.944,33.599998,34.655998,34.655998,692,0.0,0.0
2024-04-24,36.383999,38.400002,34.175999,38.400002,38.400002,538,0.0,0.0
2024-04-25,35.52,37.919998,34.368,37.728001,37.728001,365,0.0,0.0
2024-04-26,37.919998,37.919998,35.231998,37.632,37.632,283,0.0,0.0
2024-04-29,37.728001,38.400002,35.52,36.383999,36.383999,432,0.0,0.0
2024-04-30,36.768002,38.304001,33.792,33.792,33.792,318,0.0,0.0
2024-05-01,33.599998,37.152,32.16,37.152,37.152,915,0.0,0.0
2024-05-02,37.056,38.304001,36.287998,36.959999,36.959999,684,0.0,0.0
2024-05-03,38.304001,38.304001,35.231998,37.152,37.152,233,0.0,0.0
2024-05-06,37.439999,41.279999,34.751999,40.223999,40.223999,1591,0.0,0.0
2024-05-07,40.223999,42.240002,38.400002,39.071999,39.071999,201,0.0,0.0
2024-05-08,39.071999,39.071999,37.056,37.344002,37.344002,374,0.0,0.0
2024-05-09,40.32,40.32,35.52,39.84,39.84,882,0.0,0.0
2024-05-10,40.32,40.32,37.439999,38.208,38.208,155,0.0,0.0
2024-05-13,36.48,37.439999,35.52,37.248001,37.248001,323,0.0,0.0
2024-05-14,36.48,42.144001,35.424,38.784,38.784,1576,0.0,0.0
2024-05-15,38.400002,38.400002,36.0,36.863998,36.863998,441,0.0,0.0
2024-05-16,37.439999,38.880001,37.056,38.304001,38.304001,739,0.0,0.0
2024-05-17,38.400002,38.976002,37.056,38.880001,38.880001,780,0.0,0.0
2024-05-20,40.223999,40.32,37.632,38.208,38.208,298,0.0,0.0
2024-05-21,37.439999,40.32,37.056,37.439999,37.439999,640,0.0,0.0
2024-05-22,37.439999,39.360001,36.48,38.208,38.208,944,0.0,0.0
2024-05-23,37.056,39.84,36.959999,37.439999,37.439999,381,0.0,0.0
2024-05-24,38.400002,39.360001,36.48,37.152,37.152,619,0.0,0.0
2024-05-28,38.400002,38.400002,34.848,35.616001,35.616001,322,0.0,0.0
2024-05-29,39.071999,39.071999,34.560001,34.560001,34.560001,789,0.0,0.0
2024-05-30,36.959999,38.015999,34.560001,34.944,34.944,243,0.0,0.0
2024-05-31,36.672001,37.439999,34.944,35.52,35.52,344,0.0,0.0
2024-06-03,36.48,38.304001,33.599998,34.368,34.368,1281,0.0,0.0
2024-06-04,37.439999,37.439999,33.984001,35.52,35.52,301,0.0,0.0
2024-06-05,36.576,36.576,31.775999,32.736,32.736,648,0.0,0.0
2024-06-06,33.408001,35.52,33.216,33.695999,33.695999,319,0.0,0.0
2024-06-07,34.368,35.327999,31.68,32.639999,32.639999,743,0.0,0.0
2024-06-10,35.327999,35.327999,29.76,34.271999,34.271999,1325,0.0,0.0
2024-06-11,33.599998,35.424,32.639999,33.984001,33.984001,594,0.0,0.0
2024-06-12,34.271999,34.560001,32.448002,34.560001,34.560001,394,0.0,0.0
2024-06-13,32.639999,34.560001,32.448002,34.560001,34.560001,166,0.0,0.0
2024-06-14,34.271999,36.383999,31.968,31.968,31.968,1114,0.0,0.0
2024-06-17,31.968,33.888,30.816,30.816,30.816,496,0.0,0.0
2024-06-18,30.912001,32.256001,29.76,32.16,32.16,1352,0.0,0.0
2024-06-20,32.543999,33.216,30.048,30.431999,30.431999,431,0.0,0.0
2024-06-21,29.856001,33.312,29.856001,30.143999,30.143999,363,0.0,0.0
2024-06-24,30.816,31.296,29.664,29.856001,29.856001,491,0.0,0.0
2024-06-25,29.856001,30.719999,28.992001,29.76,29.76,301,0.0,0.0
2024-06-26,30.719999,30.719999,28.992001,29.76,29.76,234,0.0,0.0
2024-06-27,29.664,31.968,25.152,25.728001,25.728001,1974,0.0,0.0
2024-06-28,27.360001,28.799999,26.016001,26.4,26.4,1086,0.0,0.0
2024-07-01,27.84,28.799999,26.4,27.167999,27.167999,486,0.0,0.0
2024-07-02,28.224001,28.511999,26.879999,27.360001,27.360001,874,0.0,0.0
2024-07-03,28.799999,28.799999,27.743999,27.743999,27.743999,143,0.0,0.0
2024-07-05,28.704,30.528,26.591999,29.76,29.76,549,0.0,0.0
2024-07-08,29.856001,30.24,27.84,27.936001,27.936001,893,0.0,0.0
2024-07-09,29.280001,29.856001,27.936001,28.511999,28.511999,666,0.0,0.0
2024-07-10,30.719999,30.719999,27.936001,29.087999,29.087999,261,0.0,0.0
2024-07-11,30.719999,30.719999,28.032,28.799999,28.799999,597,0.0,0.0
2024-07-12,28.799999,29.76,28.799999,28.896,28.896,159,0.0,0.0
2024-07-15,28.416,29.280001,28.416,29.280001,29.280001,200,0.0,0.0
2024-07-16,29.280001,30.719999,28.511999,28.896,28.896,921,0.0,0.0
2024-07-17,28.799999,30.624001,26.976,30.624001,30.624001,552,0.0,0.0
2024-07-18,30.624001,31.68,28.32,29.952,29.952,622,0.0,0.0
2024-07-19,29.76,29.76,27.84,29.184,29.184,142,0.0,0.0
2024-07-22,28.511999,32.256001,27.84,32.16,32.16,299,0.0,0.0
2024-07-23,31.68,31.68,28.799999,30.24,30.24,615,0.0,0.0
2024-07-24,28.799999,30.719999,25.440001,28.128,28.128,907,0.0,0.0
2024-07-25,28.704,29.76,26.4,29.568001,29.568001,745,0.0,0.0
2024-07-26,28.511999,30.431999,28.511999,30.143999,30.143999,64,0.0,0.0
2024-07-29,29.76,30.719999,28.799999,30.336,30.336,136,0.0,0.0
2024-07-30,30.24,30.912001,29.280001,29.664,29.664,348,0.0,0.0
2024-07-31,30.048,30.719999,29.280001,29.472,29.472,484,0.0,0.0
2024-08-01,30.048,30.048,28.128,29.280001,29.280001,138,0.0,0.0
2024-08-02,28.704,29.856001,28.704,29.280001,29.280001,369,0.0,0.0
2024-08-05,29.472,30.336,26.688,27.167999,27.167999,570,0.0,0.0
2024-08-06,27.552,27.552,26.591999,26.976,26.976,81,0.0,0.0
2024-08-07,26.879999,27.552,26.784,27.167999,27.167999,60,0.0,0.0
2024-08-08,27.264,28.224001,26.496,26.879999,26.879999,181,0.0,0.0
2024-08-09,27.84,27.936001,26.688,27.936001,27.936001,236,0.0,0.0
2024-08-12,28.799999,29.087999,26.879999,28.799999,28.799999,289,0.0,0.0
2024-08-13,28.799999,28.799999,27.072001,27.648001,27.648001,179,0.0,0.0
2024-08-14,26.879999,28.224001,26.879999,27.743999,27.743999,64,0.0,0.0
2024-08-15,28.416,28.416,27.167999,28.128,28.128,120,0.0,0.0
2024-08-16,26.879999,27.743999,26.112,26.879999,26.879999,120,0.0,0.0
2024-08-19,30.048,30.048,27.072001,28.896,28.896,430,0.0,0.0
2024-08-20,28.799999,29.76,27.84,28.992001,28.992001,305,0.0,0.0
2024-08-21,34.560001,42.431999,28.799999,41.279999,41.279999,182607,0.0,0.0
2024-08-22,36.287998,39.360001,31.68,33.023998,33.023998,13601,0.0,0.0
2024-08-23,31.392,31.68,28.799999,28.799999,28.799999,8471,0.0,0.0
2024-08-26,28.992001,30.24,27.072001,28.32,28.32,4327,0.0,0.0
2024-08-27,27.84,28.799999,27.072001,28.416,28.416,1706,0.0,0.0
2024-08-28,27.84,29.76,24.959999,25.728001,25.728001,12514,0.0,0.0
2024-08-29,25.728001,27.84,23.327999,25.344,25.344,8561,0.0,0.0
2024-08-30,23.200001,29.784,22.879999,27.040001,27.040001,51363,0.0,0.083333
2024-09-03,24.799999,28.0,24.32,25.040001,25.040001,20050,0.0,0.0
2024-09-04,24.0,24.0,21.84,22.48,22.48,10788,0.0,0.0
2024-09-05,23.280001,27.84,22.576,27.392,27.392,23363,0.0,0.0
2024-09-06,26.08,28.08,22.959999,24.16,24.16,12400,0.0,0.0
2024-09-09,24.08,27.200001,24.08,26.959999,26.959999,4763,0.0,0.0
2024-09-10,27.52,28.799999,26.48,28.48,28.48,9638,0.0,0.0
2024-09-11,28.32,29.280001,26.719999,28.48,28.48,2538,0.0,0.0
2024-09-12,29.040001,34.0,28.584,31.84,31.84,31238,0.0,0.0
2024-09-13,32.080002,35.504002,28.799999,32.880001,32.880001,124188,0.0,0.0
2024-09-16,31.6,33.504002,28.48,30.959999,30.959999,51838,0.0,0.0
2024-09-17,42.880001,190.399994,42.720001,120.800003,120.800003,12316400,0.0,0.0
2024-09-18,84.879997,88.959999,52.512001,55.200001,55.200001,780525,0.0,0.0
2024-09-19,72.800003,108.639999,63.200001,67.199997,67.199997,4524838,0.0,0.0
2024-09-20,78.800003,100.800003,66.879997,74.800003,74.800003,1880950,0.0,0.0
2024-09-23,78.32,89.519997,72.32,74.800003,74.800003,285300,0.0,0.0
2024-09-24,78.080002,80.0,62.400002,64.400002,64.400002,93838,0.0,0.0
2024-09-25,66.959999,67.919998,52.799999,56.720001,56.720001,98613,0.0,0.0
2024-09-26,56.880001,60.48,53.360001,58.639999,58.639999,47438,0.0,0.0
2024-09-27,56.48,62.080002,56.271999,56.720001,56.720001,28975,0.0,0.0
2024-09-30,56.240002,60.0,54.071999,54.880001,54.880001,20588,0.0,0.0
2024-10-01,54.799999,54.919998,45.439999,46.560001,46.560001,25025,0.0,0.0
2024-10-02,45.759998,45.759998,39.279999,40.32,40.32,28663,0.0,0.0
2024-10-03,40.400002,41.599998,37.400002,37.84,37.84,21325,0.0,0.0
2024-10-04,37.119999,40.32,32.32,33.599998,33.599998,37450,0.0,0.0
2024-10-07,33.759998,35.919998,32.880001,32.880001,32.880001,18050,0.0,0.0
2024-10-08,32.240002,34.240002,30.736,31.84,31.84,26463,0.0,0.0
2024-10-09,32.799999,32.799999,30.559999,31.280001,31.280001,20000,0.0,0.0
2024-10-10,30.639999,31.6,30.08,30.559999,30.559999,9513,0.0,0.0
2024-10-11,30.0,33.919998,29.360001,30.799999,30.799999,29788,0.0,0.0
2024-10-14,30.0,32.0,28.816,29.360001,29.360001,9000,0.0,0.0
2024-10-15,29.440001,33.200001,29.360001,31.360001,31.360001,30475,0.0,0.0
2024-10-16,30.719999,32.271999,28.08,29.120001,29.120001,20050,0.0,0.0
2024-10-17,29.440001,29.440001,27.200001,27.68,27.68,55363,0.0,0.0
2024-10-18,27.280001,30.6,27.280001,30.4,30.4,14763,0.0,0.0
2024-10-21,31.200001,37.599998,30.4,37.439999,37.439999,47325,0.0,0.0
2024-10-22,37.439999,38.48,34.967999,38.48,38.48,16788,0.0,0.0
2024-10-23,38.32,38.32,33.448002,36.32,36.32,15175,0.0,0.0
2024-10-24,34.959999,37.439999,32.0,32.240002,32.240002,7713,0.0,0.0
2024-10-25,32.0,33.16,31.440001,31.440001,31.440001,3225,0.0,0.0
2024-10-28,31.76,33.279999,31.200001,31.200001,31.200001,4750,0.0,0.0
2024-10-29,30.959999,31.52,28.559999,29.280001,29.280001,18375,0.0,0.0
2024-10-30,28.48,31.200001,27.440001,28.0,28.0,10313,0.0,0.0
2024-10-31,28.08,28.4,24.32,26.719999,26.719999,18613,0.0,0.0
2024-11-01,26.719999,27.040001,24.799999,25.92,25.92,8438,0.0,0.0
2024-11-04,25.52,28.559999,25.200001,25.92,25.92,8313,0.0,0.0
2024-11-05,25.92,27.040001,25.92,26.959999,26.959999,3025,0.0,0.0
2024-11-06,26.16,27.608,24.32,24.799999,24.799999,12750,0.0,0.0
2024-11-07,24.24,25.84,23.76,24.639999,24.639999,11238,0.0,0.0
2024-11-08,24.799999,24.879999,22.48,23.76,23.76,17363,0.0,0.0
2024-11-11,23.120001,23.68,21.84,23.040001,23.040001,9788,0.0,0.0
2024-11-12,23.92,25.440001,22.879999,24.16,24.16,7875,0.0,0.0
2024-11-13,24.639999,24.639999,23.440001,23.92,23.92,4450,0.0,0.0
2024-11-14,24.0,25.072001,24.0,24.799999,24.799999,2188,0.0,0.0
2024-11-15,24.24,24.959999,23.040001,23.440001,23.440001,4438,0.0,0.0
2024-11-18,23.68,23.84,22.719999,23.52,23.52,2975,0.0,0.0
2024-11-19,22.879999,24.08,22.799999,24.0,24.0,5013,0.0,0.0
2024-11-20,24.4,24.4,22.799999,23.68,23.68,6188,0.0,0.0
2024-11-21,23.52,23.52,22.0,22.4,22.4,5675,0.0,0.0
2024-11-22,22.48,22.559999,22.0,22.0,22.0,2050,0.0,0.0
2024-11-25,22.0,23.360001,21.440001,22.959999,22.959999,6313,0.0,0.0
2024-11-26,23.440001,23.440001,21.912001,22.959999,22.959999,4625,0.0,0.0
2024-11-27,23.200001,23.280001,21.68,22.879999,22.879999,6750,0.0,0.0
2024-11-29,22.280001,23.52,22.24,22.879999,22.879999,2300,0.0,0.0
2024-12-02,22.639999,24.799999,22.0,23.52,23.52,8638,0.0,0.0
2024-12-03,23.775999,24.184,22.639999,22.959999,22.959999,2513,0.0,0.0
2024-12-04,23.68,23.68,22.08,22.08,22.08,4863,0.0,0.0
2024-12-05,22.08,22.879999,20.48,20.48,20.48,11413,0.0,0.0
2024-12-06,21.68,22.4,20.48,22.4,22.4,6600,0.0,0.0
2024-12-09,22.4,23.672001,22.4,23.200001,23.200001,1900,0.0,0.0
2024-12-10,23.440001,24.559999,23.280001,24.4,24.4,4475,0.0,0.0
2024-12-11,24.4,24.4,23.040001,23.040001,23.040001,2225,0.0,0.0
2024-12-12,22.16,23.360001,22.16,22.52,22.52,1200,0.0,0.0
2024-12-13,22.16,23.76,21.84,23.76,23.76,3963,0.0,0.0
2024-12-16,24.879999,27.120001,24.0,26.16,26.16,11500,0.0,0.0
2024-12-17,26.0,27.120001,24.08,24.08,24.08,6288,0.0,0.0
2024-12-18,24.32,24.912001,23.200001,23.200001,23.200001,4775,0.0,0.0
2024-12-19,23.200001,26.775999,22.48,24.559999,24.559999,16975,0.0,0.0
2024-12-20,26.24,26.544001,23.120001,24.4,24.4,9013,0.0,0.0
2024-12-23,24.4,25.087999,23.280001,24.24,24.24,1963,0.0,0.0
2024-12-24,24.24,24.799999,24.0,24.32,24.32,1375,0.0,0.0
2024-12-26,25.52,25.52,24.48,24.959999,24.959999,5925,0.0,0.0
2024-12-27,24.879999,25.200001,24.007999,24.959999,24.959999,6700,0.0,0.0
2024-12-30,24.16,24.959999,24.08,24.959999,24.959999,5788,0.0,0.0
2024-12-31,25.360001,25.52,24.351999,25.52,25.52,4163,0.0,0.0
2025-01-02,25.6,28.799999,25.6,26.559999,26.559999,7013,0.0,0.0
2025-01-03,26.879999,28.879999,26.84,27.440001,27.440001,4850,0.0,0.0
2025-01-06,28.32,28.639999,23.76,24.16,24.16,13013,0.0,0.0
2025-01-07,24.639999,24.799999,23.92,23.92,23.92,5738,0.0,0.0
2025-01-08,23.280001,24.296,22.816,23.52,23.52,3288,0.0,0.0
2025-01-10,23.52,24.559999,22.719999,23.200001,23.200001,2038,0.0,0.0
2025-01-13,23.440001,24.040001,22.728001,23.08,23.08,3488,0.0,0.0
2025-01-14,23.52,23.799999,22.559999,22.559999,22.559999,1163,0.0,0.0
2025-01-15,24.072001,24.08,22.32,22.32,22.32,2425,0.0,0.0
2025-01-16,22.32,23.84,22.32,23.440001,23.440001,2450,0.0,0.0
2025-01-17,23.440001,24.007999,22.4,23.200001,23.200001,2300,0.0,0.0
2025-01-21,22.879999,24.16,22.504,22.959999,22.959999,1163,0.0,0.0
2025-01-22,23.200001,23.52,22.799999,22.799999,22.799999,1150,0.0,0.0
2025-01-23,22.879999,23.52,22.440001,23.52,23.52,1988,0.0,0.0
2025-01-24,22.879999,24.32,22.879999,23.448,23.448,6063,0.0,0.0
2025-01-27,23.719999,27.6,22.879999,22.879999,22.879999,5775,0.0,0.0
2025-01-28,23.52,24.799999,22.799999,23.360001,23.360001,2025,0.0,0.0
2025-01-29,23.52,23.52,22.24,22.559999,22.559999,2613,0.0,0.0
2025-01-30,23.120001,23.120001,21.6,22.08,22.08,2388,0.0,0.0
2025-01-31,22.52,22.559999,22.08,22.24,22.24,1975,0.0,0.0
2025-02-03,22.0,22.472,21.6,21.6,21.6,1650,0.0,0.0
2025-02-04,21.76,22.016001,21.280001,21.280001,21.280001,2163,0.0,0.0
2025-02-05,21.32,21.84,21.200001,21.559999,21.559999,900,0.0,0.0
2025-02-06,21.92,21.92,21.200001,21.440001,21.440001,950,0.0,0.0
2025-02-07,21.200001,21.992001,20.799999,21.040001,21.040001,863,0.0,0.0
2025-02-10,21.92,22.32,20.559999,21.360001,21.360001,3138,0.0,0.0
2025-02-11,21.440001,21.440001,17.879999,18.4,18.4,7925,0.0,0.0
2025-02-12,18.799999,21.191999,18.799999,19.68,19.68,4275,0.0,0.0
2025-02-13,20.0,21.464001,18.879999,20.16,20.16,2513,0.0,0.0
2025-02-14,20.16,21.48,19.4,20.959999,20.959999,2388,0.0,0.0
2025-02-18,20.639999,21.76,20.08,20.48,20.48,1725,0.0,0.0
2025-02-19,20.48,21.639999,20.08,21.6,21.6,725,0.0,0.0
2025-02-20,20.799999,20.799999,20.392,20.4,20.4,388,0.0,0.0
2025-02-21,20.719999,23.120001,20.719999,21.624001,21.624001,3563,0.0,0.0
2025-02-24,21.6,22.280001,21.6,22.0,22.0,1675,0.0,0.0
2025-02-25,21.84,22.719999,20.0,20.879999,20.879999,2475,0.0,0.0
2025-02-26,21.120001,21.120001,17.6,18.4,18.4,4038,0.0,0.0
2025-02-27,18.4,18.4,17.040001,17.280001,17.280001,2150,0.0,0.0
2025-02-28,17.360001,18.24,16.879999,17.120001,17.120001,1338,0.0,0.0
2025-03-03,18.639999,18.639999,15.2,15.52,15.52,3288,0.0,0.0
2025-03-04,15.52,16.48,14.0,15.44,15.44,16800,0.0,0.0
2025-03-05,15.12,15.28,14.4,14.72,14.72,2625,0.0,0.0
2025-03-06,14.8,15.44,14.72,15.28,15.28,2225,0.0,0.0
2025-03-07,15.12,15.28,14.848,15.104,15.104,1800,0.0,0.0
2025-03-10,15.12,16.719999,14.64,15.16,15.16,11575,0.0,0.0
2025-03-11,15.2,15.2,14.368,14.64,14.64,1938,0.0,0.0
2025-03-12,14.64,14.72,14.16,14.16,14.16,1325,0.0,0.0
2025-03-13,14.24,14.32,13.44,13.44,13.44,1650,0.0,0.0
2025-03-14,14.0,16.247999,13.36,13.816,13.816,9038,0.0,0.0
2025-03-17,17.440001,28.0,17.440001,20.0,20.0,6216450,0.0,0.0
2025-03-18,19.92,20.32,17.200001,20.08,20.08,86963,0.0,0.0
2025-03-19,19.280001,19.280001,17.200001,18.08,18.08,32925,0.0,0.0
2025-03-20,17.68,19.136,16.48,18.32,18.32,23200,0.0,0.0
2025-03-21,18.32,18.879999,16.4,18.08,18.08,13525,0.0,0.0
2025-03-24,17.68,18.0,15.2,16.24,16.24,33775,0.0,0.0
2025-03-25,15.92,17.120001,13.6,14.08,14.08,34225,0.0,0.0
2025-03-26,14.16,14.6,13.92,13.92,13.92,7238,0.0,0.0
2025-03-27,14.0,14.08,13.2,13.44,13.44,7025,0.0,0.0
2025-03-28,13.52,15.04,11.04,12.72,12.72,25663,0.0,0.0
2025-03-31,12.56,12.56,11.36,11.52,11.52,6675,0.0,0.0
2025-04-01,11.12,11.76,10.656,11.36,11.36,6588,0.0,0.0
2025-04-02,11.36,12.392,11.36,12.0,12.0,9525,0.0,0.0
2025-04-03,12.0,12.088,10.824,11.68,11.68,6888,0.0,0.0
2025-04-04,11.2,11.36,10.24,10.72,10.72,10388,0.0,0.0
2025-04-07,10.64,10.64,9.76,9.92,9.92,8050,0.0,0.0
2025-04-08,9.92,10.8,9.68,10.4,10.4,12525,0.0,0.0
2025-04-09,10.4,11.92,10.144,11.36,11.36,19125,0.0,0.0
2025-04-10,10.56,11.84,10.0,10.08,10.08,93575,0.0,0.0
2025-04-11,10.0,10.72,9.76,10.56,10.56,5813,0.0,0.0
2025-04-14,10.56,11.04,10.168,10.64,10.64,3713,0.0,0.0
2025-04-15,10.24,12.304,10.24,11.28,11.28,22038,0.0,0.0
2025-04-16,11.336,11.336,10.48,10.88,10.88,6500,0.0,0.0
2025-04-17,10.56,11.512,10.48,11.04,11.04,4150,0.0,0.0
2025-04-21,11.04,11.2,10.4,11.2,11.2,5725,0.0,0.0
2025-04-22,11.04,12.08,10.88,11.68,11.68,4850,0.0,0.0
2025-04-23,11.76,13.04,11.76,13.04,13.04,7300,0.0,0.0
2025-04-24,12.96,13.336,12.24,12.96,12.96,4088,0.0,0.0
2025-04-25,12.8,12.8,12.504,12.56,12.56,1638,0.0,0.0
2025-04-28,19.92,21.440001,12.88,13.36,13.36,7548825,0.0,0.0
2025-04-29,12.8,13.36,10.64,10.96,10.96,178125,0.0,0.0
2025-04-30,10.88,11.36,10.4,10.4,10.4,80425,0.0,0.0
2025-05-01,10.72,11.12,10.24,10.24,10.24,47788,0.0,0.0
2025-05-02,10.4,10.4,9.2,10.0,10.0,56825,0.0,0.0
2025-05-05,9.84,10.72,9.84,10.56,10.56,53488,0.0,0.0
2025-05-06,12.08,13.52,10.32,11.68,11.68,3555263,0.0,0.0
2025-05-07,10.6,11.52,10.16,10.32,10.32,120413,0.0,0.0
2025-05-08,10.0,10.2,9.68,10.0,10.0,51050,0.0,0.0
2025-05-09,9.52,10.08,9.44,9.92,9.92,32325,0.0,0.0
2025-05-12,9.6,10.32,9.28,10.24,10.24,63313,0.0,0.0
2025-05-13,10.16,10.48,9.92,10.32,10.32,37350,0.0,0.0
2025-05-14,10.16,10.64,9.928,10.48,10.48,16875,0.0,0.0
2025-05-15,10.32,10.4,10.0,10.08,10.08,14225,0.0,0.0
2025-05-16,9.92,10.0,9.52,9.52,9.52,19750,0.0,0.0
2025-05-19,9.44,10.528,9.36,10.24,10.24,45288,0.0,0.0
2025-05-20,10.08,11.2,10.0,10.96,10.96,32563,0.0,0.0
2025-05-21,11.2,11.36,10.96,10.96,10.96,48650,0.0,0.0
2025-05-22,11.04,11.52,10.72,11.28,11.28,21963,0.0,0.0
2025-05-23,11.12,11.12,10.8,11.12,11.12,13288,0.0,0.0
2025-05-27,11.28,12.248,11.2,11.84,11.84,84713,0.0,0.0
2025-05-28,11.44,11.44,10.84,10.88,10.88,29938,0.0,0.0
2025-05-29,11.2,11.68,11.04,11.44,11.44,24750,0.0,0.0
2025-05-30,11.28,11.68,11.04,11.44,11.44,22763,0.0,0.0
2025-06-02,11.92,12.24,11.36,11.6,11.6,53788,0.0,0.0
2025-06-03,11.76,11.92,11.36,11.84,11.84,13600,0.0,0.0
2025-06-04,12.16,12.24,11.84,12.08,12.08,19150,0.0,0.0
2025-06-05,12.08,12.8,11.68,11.92,11.92,25213,0.0,0.0
2025-06-06,11.76,12.136,11.68,12.08,12.08,19113,0.0,0.0
2025-06-09,12.16,12.96,12.08,12.96,12.96,43088,0.0,0.0
2025-06-10,12.96,13.2,12.576,12.8,12.8,24713,0.0,0.0
2025-06-11,12.96,13.496,12.8,13.44,13.44,37875,0.0,0.0
2025-06-12,13.36,13.36,12.8,12.88,12.88,21888,0.0,0.0
2025-06-13,12.88,13.2,12.24,12.8,12.8,37688,0.0,0.0
2025-06-16,13.28,14.32,12.968,13.8,13.8,105650,0.0,0.0
2025-06-17,13.76,13.92,13.28,13.4,13.4,37225,0.0,0.0
2025-06-18,13.28,14.64,13.28,14.24,14.24,99375,0.0,0.0
2025-06-20,14.88,15.2,14.48,14.96,14.96,117950,0.0,0.0
2025-06-23,14.88,15.04,13.04,14.0,14.0,88800,0.0,0.0
2025-06-24,14.56,14.8,14.0,14.8,14.8,52413,0.0,0.0
2025-06-25,15.2,15.52,14.4,14.48,14.48,46713,0.0,0.0
2025-06-26,14.08,14.64,14.0,14.32,14.32,29450,0.0,0.0
2025-06-27,14.08,14.96,14.0,14.48,14.48,14088,0.0,0.0
2025-06-30,14.64,15.24,14.32,14.72,14.72,29813,0.0,0.0
2025-07-01,14.64,14.8,13.92,14.24,14.24,29563,0.0,0.0
2025-07-02,14.4,14.64,14.064,14.48,14.48,18000,0.0,0.0
2025-07-03,14.64,14.8,14.328,14.6,14.6,13800,0.0,0.0
2025-07-07,14.32,15.36,13.928,14.64,14.64,54163,0.0,0.0
2025-07-08,14.56,16.719999,14.56,16.719999,16.719999,70875,0.0,0.0
2025-07-09,16.719999,17.76,16.4,17.440001,17.440001,95063,0.0,0.0
2025-07-10,17.280001,17.288,16.24,16.24,16.24,32425,0.0,0.0
2025-07-11,15.84,16.4,14.96,15.48,15.48,41538,0.0,0.0
2025-07-14,15.52,17.040001,15.44,16.719999,16.719999,57513,0.0,0.0
2025-07-15,16.559999,16.872,16.32,16.48,16.48,16313,0.0,0.0
2025-07-16,16.48,17.76,16.4,17.52,17.52,34088,0.0,0.0
2025-07-17,16.959999,18.719999,16.959999,18.639999,18.639999,36675,0.0,0.0
2025-07-18,18.4,18.4,14.16,14.64,14.64,143575,0.0,0.0
2025-07-21,15.84,16.552,14.4,14.56,14.56,57613,0.0,0.0
2025-07-22,15.04,15.04,12.88,14.16,14.16,49600,0.0,0.0
2025-07-23,14.24,15.288,14.04,14.96,14.96,34800,0.0,0.0
2025-07-24,16.16,16.559999,15.44,15.84,15.84,64700,0.0,0.0
2025-07-25,15.6,16.719999,14.32,15.92,15.92,51838,0.0,0.0
2025-07-28,16.16,16.24,15.28,15.28,15.28,26950,0.0,0.0
2025-07-29,15.44,15.44,14.24,14.32,14.32,32863,0.0,0.0
2025-07-30,14.24,14.4,13.44,13.52,13.52,35175,0.0,0.0
2025-07-31,13.92,14.0,12.96,13.04,13.04,24613,0.0,0.0
2025-08-01,12.88,12.88,11.84,12.4,12.4,30138,0.0,0.0
2025-08-04,12.48,13.2,12.48,13.04,13.04,13375,0.0,0.0
2025-08-05,12.88,13.592,12.56,12.8,12.8,12800,0.0,0.0
2025-08-06,12.64,12.64,11.44,11.6,11.6,34738,0.0,0.0
2025-08-07,11.36,11.52,10.88,10.96,10.96,16463,0.0,0.0
2025-08-08,10.88,11.824,10.576,11.6,11.6,24988,0.0,0.0
2025-08-11,11.52,11.84,11.208,11.6,11.6,8700,0.0,0.0
2025-08-12,11.84,12.304,11.36,11.36,11.36,10375,0.0,0.0
2025-08-13,11.28,11.8,11.04,11.68,11.68,10775,0.0,0.0
2025-08-14,11.68,12.16,11.2,11.84,11.84,12700,0.0,0.0
2025-08-15,11.288,11.76,11.2,11.52,11.52,20163,0.0,0.0
2025-08-18,11.68,12.72,11.68,12.4,12.4,27738,0.0,0.0
2025-08-19,11.68,11.68,11.2,11.4,11.4,22988,0.0,0.0
2025-08-20,11.28,11.896,10.8,11.44,11.44,19350,0.0,0.0
2025-08-21,11.44,11.92,11.12,11.76,11.76,14838,0.0,0.0
2025-08-22,11.6,12.16,11.28,11.92,11.92,18950,0.0,0.0
2025-08-25,13.04,13.04,10.64,11.28,11.28,82238,0.0,0.0
2025-08-26,11.12,11.52,10.88,11.12,11.12,13213,0.0,0.0
2025-08-27,11.28,11.52,11.12,11.12,11.12,6288,0.0,0.0
2025-08-28,11.28,11.52,10.08,11.04,11.04,192138,0.0,0.0
2025-08-29,10.72,10.88,10.08,10.16,10.16,22813,0.0,0.0
2025-09-02,10.08,10.56,9.92,10.16,10.16,10450,0.0,0.0
2025-09-03,9.92,10.48,9.92,10.32,10.32,15813,0.0,0.0
2025-09-04,10.4,10.48,10.0,10.24,10.24,4688,0.0,0.0
2025-09-05,10.16,11.04,10.08,10.88,10.88,7763,0.0,0.0
2025-09-08,10.88,11.2,10.68,10.96,10.96,13925,0.0,0.0
2025-09-09,10.72,11.76,10.72,11.64,11.64,25538,0.0,0.0
2025-09-10,11.68,11.968,11.2,11.28,11.28,23250,0.0,0.0
2025-09-11,11.28,12.4,11.28,12.4,12.4,15900,0.0,0.0
2025-09-12,12.4,12.8,12.0,12.08,12.08,7425,0.0,0.0
2025-09-15,12.08,12.48,11.6,11.68,11.68,9988,0.0,0.0
2025-09-16,11.36,12.16,11.36,11.84,11.84,8538,0.0,0.0
2025-09-17,12.0,12.36,11.76,11.88,11.88,8038,0.0,0.0
2025-09-18,11.696,12.4,11.6,12.08,12.08,12113,0.0,0.0
2025-09-19,12.0,12.176,11.6,11.68,11.68,9175,0.0,0.0
2025-09-22,11.92,12.0,11.52,11.76,11.76,7550,0.0,0.0
2025-09-23,11.92,12.24,11.6,11.76,11.76,5775,0.0,0.0
2025-09-24,11.68,11.76,11.52,11.52,11.52,3863,0.0,0.0
2025-09-25,11.68,11.68,10.88,11.04,11.04,7500,0.0,0.0
2025-09-26,11.36,11.36,10.8,11.2,11.2,4975,0.0,0.0
2025-09-29,11.2,11.32,10.88,11.12,11.12,5138,0.0,0.0
2025-09-30,11.224,11.584,10.96,11.04,11.04,5200,0.0,0.0
2025-10-01,11.44,12.4,11.144,12.4,12.4,20725,0.0,0.0
2025-10-02,12.0,12.912,12.0,12.56,12.56,4788,0.0,0.0
2025-10-03,12.8,13.032,12.32,12.56,12.56,8025,0.0,0.0
2025-10-06,12.56,12.88,12.24,12.88,12.88,10125,0.0,0.0
2025-10-07,13.2,13.2,12.16,12.64,12.64,19438,0.0,0.0
2025-10-08,12.56,12.8,12.4,12.408,12.408,4400,0.0,0.0
2025-10-09,12.24,12.88,12.24,12.44,12.44,7000,0.0,0.0
2025-10-10,12.24,12.8,11.28,11.36,11.36,27288,0.0,0.0
2025-10-13,11.44,11.76,11.28,11.76,11.76,5063,0.0,0.0
2025-10-14,11.76,11.976,10.96,11.52,11.52,11063,0.0,0.0
2025-10-15,11.28,11.92,11.2,11.68,11.68,4900,0.0,0.0
2025-10-16,11.92,11.92,11.2,11.28,11.28,4200,0.0,0.0
2025-10-17,11.2,11.28,10.8,10.96,10.96,14600,0.0,0.0
2025-10-20,11.2,11.4,10.8,11.36,11.36,5400,0.0,0.0
2025-10-21,11.28,11.52,11.04,11.44,11.44,4200,0.0,0.0
2025-10-22,11.44,11.44,10.64,10.72,10.72,8600,0.0,0.0
2025-10-23,10.88,11.2,10.88,10.92,10.92,3850,0.0,0.0
2025-10-24,10.88,11.2,10.88,11.04,11.04,3900,0.0,0.0
2025-10-27,11.36,11.36,10.64,11.04,11.04,12175,0.0,0.0
2025-10-28,10.88,12.216,10.88,11.76,11.76,13288,0.0,0.0
2025-10-29,11.76,11.76,10.72,10.8,10.8,15513,0.0,0.0
2025-10-30,10.72,10.96,10.4,10.72,10.72,13913,0.0,0.0
2025-10-31,10.72,10.96,10.72,10.96,10.96,1700,0.0,0.0
2025-11-03,10.72,10.84,10.68,10.68,10.68,6588,0.0,0.0
2025-11-04,10.4,10.496,9.52,9.52,9.52,7125,0.0,0.0
2025-11-05,9.68,10.0,9.2,9.84,9.84,8225,0.0,0.0
2025-11-06,9.92,10.8,9.768,9.864,9.864,5550,0.0,0.0
2025-11-07,9.6,9.76,9.256,9.64,9.64,24313,0.0,0.0
2025-11-10,9.84,10.16,9.44,9.76,9.76,6413,0.0,0.0
2025-11-11,9.76,10.0,9.392,9.6,9.6,2413,0.0,0.0
2025-11-12,9.68,9.76,9.2,9.2,9.2,9588,0.0,0.0
2025-11-13,9.2,9.2,8.32,8.56,8.56,14100,0.0,0.0
2025-11-14,8.4,8.56,8.08,8.32,8.32,6650,0.0,0.0
2025-11-17,9.96,12.32,8.16,8.4,8.4,12165338,0.0,0.0
2025-11-18,8.88,9.76,8.08,8.72,8.72,2961300,0.0,0.0
2025-11-19,8.4,8.64,7.52,7.536,7.536,166788,0.0,0.0
2025-11-20,7.208,7.208,5.96,6.52,6.52,124225,0.0,0.0
2025-11-21,6.312,6.96,6.152,6.696,6.696,49000,0.0,0.0
2025-11-24,6.504,6.888,6.44,6.792,6.792,19013,0.0,0.0
2025-11-25,6.96,6.96,6.536,6.576,6.576,16750,0.0,0.0
2025-11-26,6.48,7.512,6.48,7.392,7.392,33288,0.0,0.0
2025-11-28,7.168,7.568,7.072,7.52,7.52,13000,0.0,0.0
2025-12-01,7.624,7.896,7.44,7.792,7.792,29513,0.0,0.0
2025-12-02,7.6,7.76,7.52,7.672,7.672,10113,0.0,0.0
2025-12-03,7.92,8.64,7.68,8.56,8.56,32338,0.0,0.0
2025-12-04,8.88,9.2,8.24,9.04,9.04,43263,0.0,0.0
2025-12-05,9.28,9.28,8.72,8.96,8.96,29725,0.0,0.0
2025-12-08,9.04,9.68,8.752,9.68,9.68,44863,0.0,0.0
2025-12-09,9.56,9.68,9.04,9.28,9.28,28025,0.0,0.0
2025-12-10,8.88,9.08,8.44,8.48,8.48,31250,0.0,0.0
2025-12-11,8.48,8.6,8.12,8.24,8.24,17025,0.0,0.0
2025-12-12,8.48,8.56,8.16,8.4,8.4,11513,0.0,0.0
2025-12-15,8.32,8.32,7.624,7.768,7.768,12638,0.0,0.0
2025-12-16,8.0,8.296,7.696,7.84,7.84,6275,0.0,0.0
2025-12-17,7.76,8.0,7.288,7.32,7.32,16963,0.0,0.0
2025-12-18,7.44,7.576,7.04,7.112,7.112,8738,0.0,0.0
2025-12-19,7.328,8.0,6.48,6.808,6.808,13288,0.0,0.0
2025-12-22,6.64,7.28,6.64,7.28,7.28,14138,0.0,0.0
2025-12-23,7.28,7.28,6.96,7.04,7.04,5450,0.0,0.0
2025-12-24,6.92,7.12,6.816,7.04,7.04,3713,0.0,0.0
2025-12-26,6.808,7.12,6.8,6.92,6.92,4388,0.0,0.0
2025-12-29,6.752,6.84,5.992,6.352,6.352,23938,0.0,0.0
2025-12-30,6.16,6.464,6.016,6.024,6.024,10875,0.0,0.0
2025-12-31,6.152,6.328,5.848,6.008,6.008,10925,0.0,0.0
2026-01-02,6.128,6.76,6.008,6.584,6.584,13563,0.0,0.0
2026-01-05,6.584,7.04,6.4,6.744,6.744,35313,0.0,0.0
2026-01-06,6.928,6.928,6.576,6.576,6.576,3975,0.0,0.0
2026-01-07,6.64,7.04,6.624,6.672,6.672,9288,0.0,0.0
2026-01-08,6.84,6.936,6.672,6.8,6.8,3025,0.0,0.0
2026-01-09,7.04,7.04,6.64,6.664,6.664,5863,0.0,0.0
2026-01-12,6.656,6.76,6.496,6.688,6.688,5325,0.0,0.0
2026-01-13,6.88,7.04,6.64,6.64,6.64,3425,0.0,0.0
2026-01-14,6.64,7.04,6.392,6.584,6.584,9163,0.0,0.0
2026-01-15,6.616,6.616,6.264,6.272,6.272,13125,0.0,0.0
2026-01-16,6.08,6.376,6.08,6.168,6.168,10000,0.0,0.0
2026-01-20,6.16,6.432,6.064,6.408,6.408,8513,0.0,0.0
2026-01-21,6.504,6.56,6.32,6.52,6.52,2838,0.0,0.0
2026-01-22,6.456,6.84,6.416,6.824,6.824,9063,0.0,0.0
2026-01-23,6.584,6.752,6.488,6.52,6.52,4450,0.0,0.0
2026-01-26,6.632,6.648,6.328,6.328,6.328,4475,0.0,0.0
2026-01-27,6.4,6.976,6.336,6.76,6.76,20150,0.0,0.0
2026-01-28,6.8,6.96,6.496,6.496,6.496,8213,0.0,0.0
2026-01-29,6.84,6.84,6.0,6.0,6.0,14538,0.0,0.0
2026-01-30,5.904,5.92,5.6,5.68,5.68,8663,0.0,0.0
2026-02-02,5.648,5.648,5.288,5.32,5.32,11338,0.0,0.0
2026-02-03,5.36,5.6,5.312,5.36,5.36,4488,0.0,0.0
2026-02-04,5.44,5.44,4.984,5.08,5.08,11988,0.0,0.0
2026-02-05,4.968,5.336,4.728,4.76,4.76,4913,0.0,0.0
2026-02-06,4.84,5.424,4.72,5.312,5.312,22063,0.0,0.0
2026-02-09,5.264,5.6,5.072,5.44,5.44,1688,0.0,0.0
2026-02-10,5.552,5.552,5.296,5.368,5.368,5250,0.0,0.0
2026-02-11,5.52,5.52,5.12,5.336,5.336,3900,0.0,0.0
2026-02-12,5.264,5.28,4.8,4.872,4.872,8563,0.0,0.0
2026-02-13,4.872,5.2,4.56,4.904,4.904,16763,0.0,0.0
2026-02-17,4.88,4.88,4.544,4.568,4.568,3700,0.0,0.0
2026-02-18,4.752,4.88,4.56,4.696,4.696,7650,0.0,0.0
2026-02-19,4.648,4.648,4.4,4.568,4.568,14650,0.0,0.0
2026-02-20,4.56,4.568,4.32,4.328,4.328,16325,0.0,0.0
2026-02-23,4.32,4.616,4.024,4.44,4.44,22125,0.0,0.0
2026-02-24,4.336,4.664,4.24,4.6,4.6,5013,0.0,0.0
2026-02-25,4.52,5.4,4.52,5.296,5.296,9013,0.0,0.0
2026-02-26,5.448,5.52,5.168,5.2,5.2,3350,0.0,0.0
2026-02-27,4.96,5.304,4.88,4.896,4.896,2100,0.0,0.0
2026-03-02,4.72,4.968,4.48,4.944,4.944,2050,0.0,0.0
2026-03-03,4.488,4.944,4.488,4.888,4.888,963,0.0,0.0
2026-03-04,4.8,4.816,4.64,4.704,4.704,2400,0.0,0.0
2026-03-05,4.872,5.12,4.72,5.04,5.04,3975,0.0,0.0
2026-03-06,5.04,5.536,5.04,5.28,5.28,6488,0.0,0.0
2026-03-09,5.272,5.424,4.92,4.92,4.92,2350,0.0,0.0
2026-03-10,4.792,5.2,4.792,4.904,4.904,925,0.0,0.0
2026-03-11,5.112,5.272,5.032,5.056,5.056,1113,0.0,0.0
2026-03-12,5.12,5.296,4.984,5.208,5.208,2150,0.0,0.0
2026-03-13,5.352,5.352,4.928,5.04,5.04,625,0.0,0.0
2026-03-16,5.2,5.432,4.952,4.952,4.952,1163,0.0,0.0
2026-03-17,5.264,5.432,4.88,4.896,4.896,1363,0.0,0.0
2026-03-18,5.024,5.024,4.88,4.896,4.896,1738,0.0,0.0
2026-03-19,4.728,4.848,4.64,4.672,4.672,1275,0.0,0.0
2026-03-20,4.96,4.96,4.64,4.8,4.8,850,0.0,0.0
2026-03-23,4.664,5.072,4.584,4.648,4.648,13888,0.0,0.0
2026-03-24,4.624,4.704,4.568,4.704,4.704,2625,0.0,0.0
2026-03-25,4.776,4.92,4.776,4.8,4.8,3700,0.0,0.0
2026-03-26,4.832,4.832,4.68,4.704,4.704,788,0.0,0.0
2026-03-27,4.432,4.568,3.288,4.04,4.04,4288,0.0,0.0
2026-03-30,3.84,4.128,3.696,3.8,3.8,3100,0.0,0.0
2026-03-31,4.16,4.16,3.76,3.92,3.92,1888,0.0,0.0
2026-04-01,4.2,4.28,3.84,4.24,4.24,4863,0.0,0.0
2026-04-02,4.24,4.4,3.936,4.32,4.32,1825,0.0,0.0
2026-04-06,4.144,4.4,3.8,4.168,4.168,4150,0.0,0.0
2026-04-07,4.16,4.792,4.104,4.56,4.56,4400,0.0,0.0
2026-04-08,5.064,5.12,4.592,4.976,4.976,4850,0.0,0.0
2026-04-09,9.28,10.08,6.064,6.28,6.28,22233250,0.0,0.0
2026-04-10,5.8,6.352,5.28,5.928,5.928,457250,0.0,0.0
2026-04-13,5.472,6.48,5.44,6.08,6.08,100863,0.0,0.0
2026-04-14,6.448,6.448,5.672,5.672,5.672,171038,0.0,0.0
2026-04-15,5.824,5.88,5.368,5.616,5.616,67425,0.0,0.0
2026-04-16,5.4,6.0,5.4,5.912,5.912,46425,0.0,0.0
2026-04-17,5.736,6.08,5.704,6.048,6.048,36050,0.0,0.0
2026-04-20,5.984,6.144,5.768,6.04,6.04,31663,0.0,0.0
2026-04-21,5.88,5.968,5.76,5.824,5.824,17450,0.0,0.0
2026-04-22,5.592,5.744,5.2,5.384,5.384,30488,0.0,0.0
2026-04-23,5.272,5.28,4.904,4.92,4.92,16038,0.0,0.0
2026-04-24,4.832,5.064,4.688,5.016,5.016,17438,0.0,0.0
2026-04-27,5.008,5.24,4.96,4.992,4.992,11538,0.0,0.0
2026-04-28,4.92,4.96,4.64,4.712,4.712,10488,0.0,0.0
2026-04-29,4.56,4.688,4.424,4.48,4.48,13213,0.0,0.0
2026-04-30,4.392,4.624,4.32,4.56,4.56,8025,0.0,0.0
2026-05-01,4.408,4.648,4.344,4.568,4.568,4238,0.0,0.0
2026-05-04,4.52,4.856,4.472,4.704,4.704,10938,0.0,0.0
2026-05-05,4.624,4.84,4.56,4.72,4.72,8563,0.0,0.0
2026-05-06,4.72,5.2,4.656,5.024,5.024,37375,0.0,0.0
2026-05-07,4.92,5.32,4.92,5.008,5.008,15838,0.0,0.0
2026-05-08,5.04,5.28,4.888,4.888,4.888,13713,0.0,0.0
2026-05-11,4.792,4.88,4.488,4.64,4.64,8475,0.0,0.0
2026-05-12,4.776,4.776,4.544,4.68,4.68,7788,0.0,0.0
2026-05-13,4.512,4.864,4.48,4.76,4.76,3700,0.0,0.0
2026-05-14,4.744,5.6,4.56,5.272,5.272,138363,0.0,0.0
2026-05-15,4.96,5.224,4.8,4.8,4.8,13838,0.0,0.0
2026-05-18,4.88,5.024,4.616,4.664,4.664,6975,0.0,0.0
2026-05-19,4.64,4.848,4.52,4.6,4.6,3975,0.0,0.0
2026-05-20,4.544,5.0,4.544,4.832,4.832,3150,0.0,0.0
2026-05-21,4.872,4.872,4.64,4.64,4.64,5275,0.0,0.0
2026-05-22,4.616,4.8,4.616,4.64,4.64,2038,0.0,0.0
2026-05-26,4.624,5.24,4.6,5.04,5.04,10050,0.0,0.0
2026-05-27,4.968,5.184,4.8,4.96,4.96,3888,0.0,0.0
2026-05-28,5.112,5.744,5.04,5.424,5.424,14613,0.0,0.0
2026-05-29,5.6,6.352,5.52,6.032,6.032,34175,0.0,0.0
2026-06-01,5.672,5.864,4.808,5.816,5.816,27725,0.0,0.0
2026-06-02,5.88,6.08,5.52,5.528,5.528,19200,0.0,0.0
2026-06-03,5.56,5.752,5.44,5.44,5.44,9750,0.0,0.0
2026-06-04,5.44,6.0,5.36,5.84,5.84,9450,0.0,0.0
2026-06-05,5.84,5.84,5.504,5.568,5.568,15213,0.0,0.0
2026-06-08,4.744,5.128,3.32,3.752,3.752,2704050,0.0,0.0
2026-06-09,3.64,4.624,3.64,4.176,4.176,108050,0.0,0.0
2026-06-10,3.928,4.48,3.848,4.2,4.2,25238,0.0,0.0
2026-06-11,4.056,5.416,3.968,4.928,4.928,74575,0.0,0.0
2026-06-12,4.752,5.0,4.648,4.896,4.896,24388,0.0,0.0
2026-06-15,5.104,5.104,4.68,4.928,4.928,16400,0.0,0.0
2026-06-16,4.784,4.832,4.48,4.832,4.832,14613,0.0,0.0
2026-06-17,4.776,4.936,4.656,4.8,4.8,10375,0.0,0.0
2026-06-18,4.68,4.88,4.528,4.64,4.64,5913,0.0,0.0
2026-06-22,4.4,4.88,4.208,4.512,4.512,94400,0.0,0.0
2026-06-23,4.264,4.576,4.264,4.576,4.576,4700,0.0,0.0
2026-06-24,4.44,4.736,4.376,4.704,4.704,8238,0.0,0.0
2026-06-25,4.6,4.696,4.384,4.592,4.592,13750,0.0,0.0
2026-06-26,4.32,4.592,4.32,4.592,4.592,3263,0.0,0.0
2026-06-29,4.64,4.656,4.4,4.568,4.568,7763,0.0,0.0
2026-06-30,4.504,4.504,4.328,4.448,4.448,3263,0.0,0.0
2026-07-01,4.416,5.776,4.4,5.184,5.184,88463,0.0,0.0
2026-07-02,4.792,4.8,4.4,4.56,4.56,13575,0.0,0.0
2026-07-06,4.36,4.584,4.36,4.456,4.456,4713,0.0,0.0
2026-07-07,4.544,4.6,4.32,4.552,4.552,7100,0.0,0.0
2026-07-08,4.504,4.56,4.336,4.56,4.56,5188,0.0,0.0
2026-07-09,4.472,4.56,4.368,4.56,4.56,1913,0.0,0.0
2026-07-10,4.472,4.56,4.336,4.48,4.48,3175,0.0,0.0
2026-07-13,4.4,4.4,3.92,4.296,4.296,8463,0.0,0.0
2026-07-14,4.184,4.2,4.024,4.088,4.088,3463,0.0,0.0
2026-07-15,4.112,4.12,4.0,4.112,4.112,2613,0.0,0.0
2026-07-16,4.36,4.696,3.664,4.4,4.4,1768413,0.0,0.0
2026-07-17,4.256,4.712,4.16,4.368,4.368,40000,0.0,0.0
2026-07-20,4.24,4.4,3.72,4.12,4.12,22588,0.0,0.0
2026-07-21,3.968,4.16,3.968,4.152,4.152,9750,0.0,0.0
2026-07-22,4.152,4.152,3.656,4.04,4.04,40938,0.0,0.0
2026-07-23,3.84,4.464,3.792,4.424,4.424,26250,0.0,0.0
2026-07-24,4.4,4.4,4.08,4.104,4.104,2713,0.0,0.0
2026-07-27,4.024,4.376,4.024,4.216,4.216,7575,0.0,0.0
2026-07-28,4.232,4.952,3.936,4.272,4.272,404863,0.0,0.0
2026-07-29,4.248,4.48,4.08,4.48,4.48,10888,0.0,0.0
2026-07-30,4.328,4.792,4.24,4.792,4.792,13500,0.0,0.0
2026-07-31,4.832,4.968,4.328,4.968,4.968,17613,0.0,0.0
2026-08-03,4.904,4.904,4.6,4.68,4.68,9100,0.0,0.0
2026-08-04,4.56,4.608,4.48,4.6,4.6,5525,0.0,0.0
2026-08-05,4.512,4.64,4.48,4.64,4.64,3000,0.0,0.0
2026-08-06,4.56,4.8,4.48,4.792,4.792,1663,0.0,0.0
2026-08-07,4.592,4.816,4.584,4.816,4.816,2738,0.0,0.0
2026-08-10,4.784,4.8,4.648,4.744,4.744,1800,0.0,0.0
2026-08-11,4.56,4.6,4.4,4.456,4.456,3688,0.0,0.0
2026-08-12,4.456,4.656,4.24,4.48,4.48,14600,0.0,0.0
2026-08-13,4.328,4.544,4.24,4.248,4.248,3625,0.0,0.0
2026-08-14,4.16,4.248,4.08,4.184,4.184,5688,0.0,0.0
2026-08-17,4.16,4.88,4.0,4.104,4.104,120950,0.0,0.0
2026-08-18,4.208,4.624,4.16,4.48,4.48,36913,0.0,0.0
2026-08-19,5.38,5.45,4.1,4.77,4.77,231100,0.0,0.125
2026-08-20,4.56,4.8,4.22,4.56,4.56,107500,0.0,0.0
2026-08-21,4.54,4.54,4.12,4.305,4.305,21700,0.0,0.0
2026-08-24,4.11,4.13,3.679,4.05,4.05,48300,0.0,0.0
2026-08-25,4.08,4.49,3.96,4.305,4.305,40200,0.0,0.0
2026-08-26,4.28,4.4,4.22,4.33,4.33,4500,0.0,0.0
2026-08-27,4.29,4.38,4.16,4.306,4.306,5700,0.0,0.0
2026-08-28,4.16,4.26,3.959,4.165,4.165,5400,0.0,0.0
2026-08-31,4.04,4.16,4.03,4.12,4.12,7200,0.0,0.0
2026-09-01,4.07,4.12,3.818,3.925,3.925,24000,0.0,0.0
2026-09-02,3.97,4.223,3.94,4.119,4.119,14700,0.0,0.0
2026-09-03,4.05,4.062,3.9,3.92,3.92,12100,0.0,0.0
2026-09-04,4.075,4.23,3.88,3.88,3.88,4100,0.0,0.0
2026-09-08,3.81,3.96,3.74,3.825,3.825,14800,0.0,0.0
2026-09-09,3.91,4.63,3.82,4.63,4.63,302200,0.0,0.0
2026-09-10,4.28,4.88,3.89,4.03,4.03,190600,0.0,0.0
2026-09-11,4.0,4.221,3.655,3.84,3.84,44900,0.0,0.0
2026-09-14,3.72,3.89,3.503,3.82,3.82,10600,0.0,0.0
2026-09-15,3.58,3.75,3.5,3.625,3.625,14000,0.0,0.0
2026-09-16,3.5,3.65,3.39,3.41,3.41,10600,0.0,0.0
2026-09-17,3.48,3.92,3.267,3.48,3.48,14200,0.0,0.0
2026-09-18,3.47,3.6,3.346,3.37,3.37,8500,0.0,0.0
2026-09-21,3.33,3.66,3.33,3.5,3.5,3100,0.0,0.0
2026-09-22,3.67,3.7999,3.45,3.625,3.625,14966,0.0,0.0
2026-09-23,3.47,3.62,3.46,,,5334,0.0,0.0
