Date,Open,High,Low,Close,Adj Close,Volume,Dividends,Stock Splits
2012-02-22,8.25,8.25,8.25,8.25,8.25,0,0.0,0.0
2012-02-23,8.25,8.25,8.25,8.25,8.25,0,0.0,0.0
2012-02-24,8.25,8.25,8.25,8.25,8.25,0,0.0,0.0
2012-02-27,8.25,8.25,8.25,8.25,8.25,0,0.0,0.0
2012-02-28,8.25,8.25,8.25,8.25,8.25,0,0.0,0.0
2012-02-29,8.25,8.25,8.25,8.25,8.25,0,0.0,0.0
2012-03-01,8.75,8.75,8.75,8.75,8.75,3900,0.0,0.0
2012-03-02,8.75,8.75,8.75,8.75,8.75,0,0.0,0.0
2012-03-05,8.75,8.75,8.75,8.75,8.75,0,0.0,0.0
2012-03-06,8.7,8.7,8.7,8.7,8.7,300,0.0,0.0
2012-03-07,8.7,8.7,8.7,8.7,8.7,0,0.0,0.0
2012-03-08,8.7,8.7,8.7,8.7,8.7,0,0.0,0.0
2012-03-09,8.7,8.7,8.7,8.7,8.7,0,0.0,0.0
2012-03-12,8.7,8.7,8.7,8.7,8.7,0,0.0,0.0
2012-03-13,8.7,8.7,8.7,8.7,8.7,0,0.0,0.0
2012-03-14,8.8,8.8,8.8,8.8,8.8,200,0.0,0.0
2012-03-15,8.8,8.8,8.8,8.8,8.8,0,0.0,0.0
2012-03-16,8.8,8.8,8.8,8.8,8.8,0,0.0,0.0
2012-03-19,8.8,8.8,8.8,8.8,8.8,0,0.0,0.0
2012-03-20,8.8,8.8,8.8,8.8,8.8,0,0.0,0.0
2012-03-21,8.8,8.8,8.8,8.8,8.8,0,0.0,0.0
2012-03-22,8.8,8.8,8.8,8.8,8.8,0,0.0,0.0
2012-03-23,8.8,8.8,8.8,8.8,8.8,0,0.0,0.0
2012-03-26,8.8,8.8,8.8,8.8,8.8,0,0.0,0.0
2012-03-27,8.8,8.8,8.8,8.8,8.8,0,0.0,0.0
2012-03-28,8.8,8.8,8.8,8.8,8.8,0,0.0,0.0
2012-03-29,8.8,8.8,8.8,8.8,8.8,0,0.0,0.0
2012-03-30,8.8,8.8,8.8,8.8,8.8,0,0.0,0.0
2012-04-02,8.8,8.8,8.8,8.8,8.8,0,0.0,0.0
2012-04-03,8.8,8.8,8.8,8.8,8.8,0,0.0,0.0
2012-04-04,8.8,8.8,8.8,8.8,8.8,0,0.0,0.0
2012-04-05,8.8,8.8,8.8,8.8,8.8,0,0.0,0.0
2012-04-09,8.8,8.8,8.8,8.8,8.8,0,0.0,0.0
2012-04-10,8.8,8.8,8.8,8.8,8.8,0,0.0,0.0
2012-04-11,8.8,8.8,8.8,8.8,8.8,0,0.0,0.0
2012-04-12,8.8,8.8,8.8,8.8,8.8,0,0.0,0.0
2012-04-13,8.8,8.8,8.8,8.8,8.8,0,0.0,0.0
2012-04-16,8.8,8.8,8.8,8.8,8.8,0,0.0,0.0
2012-04-17,8.8,8.8,8.8,8.8,8.8,0,0.0,0.0
2012-04-18,8.8,8.8,8.8,8.8,8.8,0,0.0,0.0
2012-04-19,8.8,8.8,8.8,8.8,8.8,400,0.0,0.0
2012-04-20,8.8,8.8,8.8,8.8,8.8,0,0.0,0.0
2012-04-23,8.8,8.8,8.8,8.8,8.8,0,0.0,0.0
2012-04-24,8.8,8.8,8.8,8.8,8.8,0,0.0,0.0
2012-04-25,8.8,8.8,8.8,8.8,8.8,0,0.0,0.0
2012-04-26,8.8,8.8,8.8,8.8,8.8,0,0.0,0.0
2012-04-27,8.8,8.8,8.8,8.8,8.8,0,0.0,0.0
2012-04-30,8.8,8.8,8.8,8.8,8.8,0,0.0,0.0
2012-05-01,8.8,8.8,8.8,8.8,8.8,0,0.0,0.0
2012-05-02,8.8,8.8,8.8,8.8,8.8,0,0.0,0.0
2012-05-03,9.25,9.25,9.25,9.25,9.25,1200,0.0,0.0
2012-05-04,9.25,9.25,9.25,9.25,9.25,0,0.0,0.0
2012-05-07,9.25,9.25,9.25,9.25,9.25,0,0.0,0.0
2012-05-08,9.25,9.25,9.25,9.25,9.25,0,0.0,0.0
2012-05-09,9.25,9.25,9.25,9.25,9.25,0,0.0,0.0
2012-05-10,9.5,9.5,9.5,9.5,9.5,1100,0.0,0.0
2012-05-11,9.5,9.5,9.5,9.5,9.5,0,0.0,0.0
2012-05-14,9.5,9.5,9.5,9.5,9.5,0,0.0,0.0
2012-05-15,9.5,9.5,9.5,9.5,9.5,0,0.0,0.0
2012-05-16,9.7,9.7,9.7,9.7,9.7,1200,0.0,0.0
2012-05-17,9.75,9.75,9.75,9.75,9.75,3500,0.0,0.0
2012-05-18,9.75,9.75,9.75,9.75,9.75,1100,0.0,0.0
2012-05-21,9.75,9.75,9.75,9.75,9.75,0,0.0,0.0
2012-05-22,9.75,9.75,9.75,9.75,9.75,0,0.0,0.0
2012-05-23,9.75,9.75,9.75,9.75,9.75,0,0.0,0.0
2012-05-24,9.75,9.75,9.75,9.75,9.75,0,0.0,0.0
2012-05-25,9.75,9.75,9.75,9.75,9.75,0,0.0,0.0
2012-05-29,9.75,9.75,9.75,9.75,9.75,0,0.0,0.0
2012-05-30,9.75,9.75,9.75,9.75,9.75,0,0.0,0.0
2012-05-31,9.75,9.75,9.75,9.75,9.75,0,0.0,0.0
2012-06-01,9.85,9.85,9.85,9.85,9.85,2400,0.0,0.0
2012-06-04,9.85,9.85,9.85,9.85,9.85,0,0.0,0.0
2012-06-05,9.85,9.85,9.85,9.85,9.85,0,0.0,0.0
2012-06-06,9.85,9.85,9.85,9.85,9.85,0,0.0,0.0
2012-06-07,9.75,9.75,9.75,9.75,9.75,2200,0.0,0.0
2012-06-08,9.75,9.75,9.75,9.75,9.75,0,0.0,0.0
2012-06-11,9.75,9.75,9.75,9.75,9.75,0,0.0,0.0
2012-06-12,9.75,9.75,9.75,9.75,9.75,0,0.0,0.0
2012-06-13,9.75,9.75,9.75,9.75,9.75,0,0.0,0.0
2012-06-14,9.75,9.75,9.75,9.75,9.75,0,0.0,0.0
2012-06-15,9.25,9.25,9.25,9.25,9.25,300,0.0,0.0
2012-06-18,9.25,9.25,9.25,9.25,9.25,0,0.0,0.0
2012-06-19,9.25,9.25,9.25,9.25,9.25,0,0.0,0.0
2012-06-20,9.25,9.25,9.25,9.25,9.25,0,0.0,0.0
2012-06-21,9.25,9.25,9.25,9.25,9.25,0,0.0,0.0
2012-06-22,9.25,9.25,9.25,9.25,9.25,0,0.0,0.0
2012-06-25,9.25,9.25,9.25,9.25,9.25,500,0.0,0.0
2012-06-26,9.25,9.25,9.25,9.25,9.25,0,0.0,0.0
2012-06-27,9.25,9.25,9.25,9.25,9.25,0,0.0,0.0
2012-06-28,9.25,9.25,9.25,9.25,9.25,0,0.0,0.0
2012-06-29,9.3,9.3,9.3,9.3,9.3,600,0.0,0.0
2012-07-02,9.3,9.3,9.3,9.3,9.3,0,0.0,0.0
2012-07-03,9.3,9.3,9.3,9.3,9.3,0,0.0,0.0
2012-07-05,9.3,9.3,9.3,9.3,9.3,0,0.0,0.0
2012-07-06,9.3,9.3,9.3,9.3,9.3,0,0.0,0.0
2012-07-09,9.3,9.3,9.3,9.3,9.3,0,0.0,0.0
2012-07-10,9.3,9.3,9.3,9.3,9.3,0,0.0,0.0
2012-07-11,9.3,9.3,9.3,9.3,9.3,0,0.0,0.0
2012-07-12,9.3,9.3,9.3,9.3,9.3,0,0.0,0.0
2012-07-13,9.3,9.3,9.3,9.3,9.3,0,0.0,0.0
2012-07-16,9.3,9.3,9.3,9.3,9.3,0,0.0,0.0
2012-07-17,9.3,9.3,9.3,9.3,9.3,0,0.0,0.0
2012-07-18,9.3,9.3,9.3,9.3,9.3,0,0.0,0.0
2012-07-19,9.3,9.3,9.3,9.3,9.3,0,0.0,0.0
2012-07-20,9.3,9.3,9.3,9.3,9.3,0,0.0,0.0
2012-07-23,9.3,9.3,9.3,9.3,9.3,900,0.0,0.0
2012-07-24,9.3,9.3,9.3,9.3,9.3,0,0.0,0.0
2012-07-25,9.3,9.3,9.3,9.3,9.3,900,0.0,0.0
2012-07-26,9.3,9.3,9.3,9.3,9.3,0,0.0,0.0
2012-07-27,9.3,9.3,9.3,9.3,9.3,400,0.0,0.0
2012-07-30,9.3,9.3,9.3,9.3,9.3,0,0.0,0.0
2012-07-31,9.3,9.3,9.3,9.3,9.3,0,0.0,0.0
2012-08-01,9.3,9.3,9.3,9.3,9.3,0,0.0,0.0
2012-08-02,9.3,9.5,9.3,9.5,9.5,800,0.0,0.0
2012-08-03,9.5,9.5,9.5,9.5,9.5,0,0.0,0.0
2012-08-06,9.5,9.5,9.5,9.5,9.5,0,0.0,0.0
2012-08-07,9.5,9.5,9.5,9.5,9.5,0,0.0,0.0
2012-08-08,9.5,9.5,9.5,9.5,9.5,0,0.0,0.0
2012-08-09,9.5,9.5,9.5,9.5,9.5,0,0.0,0.0
2012-08-10,9.3,9.3,9.3,9.3,9.3,500,0.0,0.0
2012-08-13,9.3,9.3,9.3,9.3,9.3,0,0.0,0.0
2012-08-14,10.0,10.0,10.0,10.0,10.0,700,0.0,0.0
2012-08-15,10.0,10.0,10.0,10.0,10.0,0,0.0,0.0
2012-08-16,9.3,9.3,9.3,9.3,9.3,600,0.0,0.0
2012-08-17,9.3,9.3,9.3,9.3,9.3,0,0.0,0.0
2012-08-20,9.3,9.3,9.3,9.3,9.3,0,0.0,0.0
2012-08-21,9.3,9.3,9.3,9.3,9.3,0,0.0,0.0
2012-08-22,9.3,9.3,9.3,9.3,9.3,0,0.0,0.0
2012-08-23,9.3,9.3,9.3,9.3,9.3,0,0.0,0.0
2012-08-24,9.3,9.3,9.3,9.3,9.3,0,0.0,0.0
2012-08-27,9.3,9.3,9.3,9.3,9.3,0,0.0,0.0
2012-08-28,9.3,9.3,9.3,9.3,9.3,0,0.0,0.0
2012-08-29,9.5,9.5,9.5,9.5,9.5,500,0.0,0.0
2012-08-30,9.5,9.5,9.5,9.5,9.5,0,0.0,0.0
2012-08-31,9.5,9.5,9.5,9.5,9.5,0,0.0,0.0
2012-09-04,9.62,9.62,9.62,9.62,9.62,1100,0.0,0.0
2012-09-05,9.62,9.62,9.62,9.62,9.62,0,0.0,0.0
2012-09-06,9.62,9.62,9.62,9.62,9.62,0,0.0,0.0
2012-09-07,9.62,9.62,9.62,9.62,9.62,0,0.0,0.0
2012-09-10,10.01,10.01,10.01,10.01,10.01,500,0.0,0.0
2012-09-11,10.01,10.01,10.01,10.01,10.01,0,0.0,0.0
2012-09-12,10.01,10.01,10.01,10.01,10.01,0,0.0,0.0
2012-09-13,9.4,9.4,9.4,9.4,9.4,4200,0.0,0.0
2012-09-14,9.4,9.4,9.4,9.4,9.4,0,0.0,0.0
2012-09-17,9.4,9.4,9.4,9.4,9.4,700,0.0,0.0
2012-09-18,9.4,9.4,9.4,9.4,9.4,0,0.0,0.0
2012-09-19,9.4,9.4,9.4,9.4,9.4,0,0.0,0.0
2012-09-20,9.4,9.4,9.4,9.4,9.4,0,0.0,0.0
2012-09-21,9.4,9.4,9.4,9.4,9.4,0,0.0,0.0
2012-09-24,9.4,9.4,9.4,9.4,9.4,0,0.0,0.0
2012-09-25,9.4,9.4,9.4,9.4,9.4,0,0.0,0.0
2012-09-26,9.4,9.4,9.4,9.4,9.4,0,0.0,0.0
2012-09-27,9.4,9.4,9.4,9.4,9.4,1400,0.0,0.0
2012-09-28,9.4,9.4,9.4,9.4,9.4,0,0.0,0.0
2012-10-01,9.4,9.4,9.4,9.4,9.4,0,0.0,0.0
2012-10-02,9.4,9.4,9.4,9.4,9.4,0,0.0,0.0
2012-10-03,9.4,9.4,9.4,9.4,9.4,0,0.0,0.0
2012-10-04,9.4,9.4,9.4,9.4,9.4,0,0.0,0.0
2012-10-05,9.4,9.4,9.4,9.4,9.4,0,0.0,0.0
2012-10-08,9.5,9.5,9.5,9.5,9.5,1500,0.0,0.0
2012-10-09,9.5,9.5,9.5,9.5,9.5,0,0.0,0.0
2012-10-10,9.5,9.5,9.5,9.5,9.5,0,0.0,0.0
2012-10-11,9.5,9.5,9.5,9.5,9.5,0,0.0,0.0
2012-10-12,9.4,9.4,9.4,9.4,9.4,500,0.0,0.0
2012-10-15,9.4,9.4,9.4,9.4,9.4,0,0.0,0.0
2012-10-16,9.4,9.4,9.4,9.4,9.4,900,0.0,0.0
2012-10-17,9.4,9.4,9.4,9.4,9.4,0,0.0,0.0
2012-10-18,9.4,9.4,9.4,9.4,9.4,0,0.0,0.0
2012-10-19,9.4,9.4,9.4,9.4,9.4,500,0.0,0.0
2012-10-22,9.4,9.4,9.4,9.4,9.4,0,0.0,0.0
2012-10-23,9.4,9.4,9.4,9.4,9.4,0,0.0,0.0
2012-10-24,9.4,9.4,9.4,9.4,9.4,0,0.0,0.0
2012-10-25,9.4,9.4,9.4,9.4,9.4,0,0.0,0.0
2012-10-26,9.4,9.4,9.4,9.4,9.4,0,0.0,0.0
2012-10-31,9.4,9.4,9.4,9.4,9.4,0,0.0,0.0
2012-11-01,9.4,9.4,9.4,9.4,9.4,0,0.0,0.0
2012-11-02,9.4,9.4,9.4,9.4,9.4,0,0.0,0.0
2012-11-05,9.4,9.4,9.4,9.4,9.4,0,0.0,0.0
2012-11-06,9.4,9.4,9.4,9.4,9.4,0,0.0,0.0
2012-11-07,9.4,9.4,9.4,9.4,9.4,0,0.0,0.0
2012-11-08,9.4,9.4,9.4,9.4,9.4,0,0.0,0.0
2012-11-09,9.4,9.4,9.4,9.4,9.4,0,0.0,0.0
2012-11-12,9.4,9.4,9.4,9.4,9.4,0,0.0,0.0
2012-11-13,9.4,9.4,9.4,9.4,9.4,0,0.0,0.0
2012-11-14,9.4,9.4,9.4,9.4,9.4,0,0.0,0.0
2012-11-15,9.4,9.4,9.4,9.4,9.4,0,0.0,0.0
2012-11-16,9.4,9.4,9.4,9.4,9.4,0,0.0,0.0
2012-11-19,9.5,9.5,9.5,9.5,9.5,100,0.0,0.0
2012-11-20,9.5,9.5,9.5,9.5,9.5,0,0.0,0.0
2012-11-21,9.5,9.5,9.5,9.5,9.5,0,0.0,0.0
2012-11-23,9.4,9.4,9.4,9.4,9.4,300,0.0,0.0
2012-11-26,9.4,9.4,9.4,9.4,9.4,0,0.0,0.0
2012-11-27,9.5,9.5,9.5,9.5,9.5,200,0.0,0.0
2012-11-28,9.5,9.5,9.5,9.5,9.5,0,0.0,0.0
2012-11-29,9.85,10.25,9.85,10.25,10.25,6300,0.0,0.0
2012-11-30,9.4,9.4,9.4,9.4,9.4,200,0.0,0.0
2012-12-03,9.4,9.4,9.4,9.4,9.4,0,0.0,0.0
2012-12-04,9.4,9.4,9.4,9.4,9.4,0,0.0,0.0
2012-12-05,9.4,9.4,9.4,9.4,9.4,0,0.0,0.0
2012-12-06,9.4,9.4,9.4,9.4,9.4,0,0.0,0.0
2012-12-07,9.4,9.4,9.4,9.4,9.4,0,0.0,0.0
2012-12-10,10.2,10.25,10.2,10.25,10.25,200,0.0,0.0
2012-12-11,10.25,10.25,10.25,10.25,10.25,0,0.0,0.0
2012-12-12,9.4,9.4,9.4,9.4,9.4,600,0.0,0.0
2012-12-13,9.4,9.4,9.4,9.4,9.4,600,0.0,0.0
2012-12-14,9.4,9.4,9.4,9.4,9.4,0,0.0,0.0
2012-12-17,9.4,9.4,9.4,9.4,9.4,0,0.0,0.0
2012-12-18,9.4,9.4,9.4,9.4,9.4,0,0.0,0.0
2012-12-19,9.4,9.4,9.4,9.4,9.4,0,0.0,0.0
2012-12-20,9.4,9.4,9.4,9.4,9.4,0,0.0,0.0
2012-12-21,9.2,9.2,9.2,9.2,9.2,200,0.0,0.0
2012-12-24,9.2,9.2,9.2,9.2,9.2,400,0.0,0.0
2012-12-26,9.2,9.2,9.2,9.2,9.2,0,0.0,0.0
2012-12-27,9.2,9.2,9.15,9.15,9.15,600,0.0,0.0
2012-12-28,9.15,9.15,9.15,9.15,9.15,0,0.0,0.0
2012-12-31,9.15,9.15,9.15,9.15,9.15,0,0.0,0.0
2013-01-02,9.15,9.15,9.15,9.15,9.15,0,0.0,0.0
2013-01-03,9.15,9.15,9.15,9.15,9.15,0,0.0,0.0
2013-01-04,9.15,9.15,9.15,9.15,9.15,0,0.0,0.0
2013-01-07,9.15,9.15,9.15,9.15,9.15,0,0.0,0.0
2013-01-08,9.15,9.15,9.15,9.15,9.15,0,0.0,0.0
2013-01-09,9.15,9.15,9.15,9.15,9.15,0,0.0,0.0
2013-01-10,9.15,9.15,9.15,9.15,9.15,0,0.0,0.0
2013-01-11,9.15,9.15,9.15,9.15,9.15,0,0.0,0.0
2013-01-14,9.03,9.03,9.03,9.03,9.03,1700,0.0,0.0
2013-01-15,9.15,9.25,9.15,9.25,9.25,2900,0.0,0.0
2013-01-16,9.25,9.25,9.25,9.25,9.25,0,0.0,0.0
2013-01-17,9.25,9.25,9.25,9.25,9.25,0,0.0,0.0
2013-01-18,9.15,9.15,9.15,9.15,9.15,1500,0.0,0.0
2013-01-22,9.15,9.15,9.15,9.15,9.15,0,0.0,0.0
2013-01-23,9.15,9.15,9.15,9.15,9.15,0,0.0,0.0
2013-01-24,9.15,9.15,9.15,9.15,9.15,0,0.0,0.0
2013-01-25,9.15,9.15,9.15,9.15,9.15,0,0.0,0.0
2013-01-28,9.15,9.15,9.15,9.15,9.15,0,0.0,0.0
2013-01-29,9.25,9.25,9.25,9.25,9.25,1500,0.0,0.0
2013-01-30,9.25,9.25,9.25,9.25,9.25,0,0.0,0.0
2013-01-31,9.25,9.25,9.25,9.25,9.25,0,0.0,0.0
2013-02-01,9.25,9.25,9.25,9.25,9.25,0,0.0,0.0
2013-02-04,9.25,9.25,9.25,9.25,9.25,0,0.0,0.0
2013-02-05,9.55,9.55,9.55,9.55,9.55,300,0.0,0.0
2013-02-06,9.3,9.3,9.3,9.3,9.3,6100,0.0,0.0
2013-02-07,9.3,9.3,9.3,9.3,9.3,0,0.0,0.0
2013-02-08,9.3,9.3,9.3,9.3,9.3,600,0.0,0.0
2013-02-11,9.3,9.3,9.3,9.3,9.3,0,0.0,0.0
2013-02-12,9.3,9.3,9.3,9.3,9.3,0,0.0,0.0
2013-02-13,9.3,9.3,9.3,9.3,9.3,0,0.0,0.0
2013-02-14,9.3,9.3,9.3,9.3,9.3,0,0.0,0.0
2013-02-15,9.3,9.3,9.3,9.3,9.3,0,0.0,0.0
2013-02-19,9.4,9.4,9.4,9.4,9.4,100,0.0,0.0
2013-02-20,9.4,9.4,9.4,9.4,9.4,0,0.0,0.0
2013-02-21,9.4,9.4,9.4,9.4,9.4,0,0.0,0.0
2013-02-22,9.4,9.4,9.4,9.4,9.4,0,0.0,0.0
2013-02-25,9.4,9.4,9.4,9.4,9.4,0,0.0,0.0
2013-02-26,9.4,9.4,9.4,9.4,9.4,0,0.0,0.0
2013-02-27,9.4,9.4,9.4,9.4,9.4,0,0.0,0.0
2013-02-28,9.4,9.4,9.4,9.4,9.4,0,0.0,0.0
2013-03-01,9.4,9.4,9.4,9.4,9.4,0,0.0,0.0
2013-03-04,9.4,9.4,9.4,9.4,9.4,0,0.0,0.0
2013-03-05,9.45,9.45,9.45,9.45,9.45,400,0.0,0.0
2013-03-06,9.45,9.45,9.45,9.45,9.45,0,0.0,0.0
2013-03-07,9.35,9.45,9.35,9.4,9.4,1200,0.0,0.0
2013-03-08,9.25,9.25,9.25,9.25,9.25,300,0.0,0.0
2013-03-11,9.25,9.25,9.25,9.25,9.25,0,0.0,0.0
2013-03-12,9.25,9.25,9.25,9.25,9.25,0,0.0,0.0
2013-03-13,9.25,9.25,9.25,9.25,9.25,0,0.0,0.0
2013-03-14,9.25,9.25,9.25,9.25,9.25,0,0.0,0.0
2013-03-15,9.25,9.25,9.25,9.25,9.25,0,0.0,0.0
2013-03-18,9.25,9.25,9.25,9.25,9.25,0,0.0,0.0
2013-03-19,9.25,9.25,9.25,9.25,9.25,0,0.0,0.0
2013-03-20,9.35,9.35,9.35,9.35,9.35,1300,0.0,0.0
2013-03-21,9.35,9.35,9.35,9.35,9.35,0,0.0,0.0
2013-03-22,9.35,9.35,9.35,9.35,9.35,0,0.0,0.0
2013-03-25,9.35,9.35,9.35,9.35,9.35,0,0.0,0.0
2013-03-26,9.35,9.35,9.35,9.35,9.35,0,0.0,0.0
2013-03-27,9.35,9.35,9.35,9.35,9.35,0,0.0,0.0
2013-03-28,9.35,9.35,9.35,9.35,9.35,0,0.0,0.0
2013-04-01,9.35,9.35,9.35,9.35,9.35,0,0.0,0.0
2013-04-02,9.35,9.35,9.35,9.35,9.35,1800,0.0,0.0
2013-04-03,9.6,9.6,9.35,9.35,9.35,28800,0.0,0.0
2013-04-04,9.35,9.35,9.35,9.35,9.35,0,0.0,0.0
2013-04-05,9.35,9.35,9.35,9.35,9.35,0,0.0,0.0
2013-04-08,9.35,9.35,9.35,9.35,9.35,0,0.0,0.0
2013-04-09,9.5,9.5,9.4,9.49,9.49,40500,0.0,0.0
2013-04-10,9.49,9.49,9.49,9.49,9.49,0,0.0,0.0
2013-04-11,9.49,9.49,9.49,9.49,9.49,0,0.0,0.0
2013-04-12,9.49,9.49,9.49,9.49,9.49,0,0.0,0.0
2013-04-15,9.49,9.49,9.49,9.49,9.49,0,0.0,0.0
2013-04-16,9.49,9.49,9.49,9.49,9.49,0,0.0,0.0
2013-04-17,9.49,9.49,9.49,9.49,9.49,0,0.0,0.0
2013-04-18,9.49,9.49,9.49,9.49,9.49,0,0.0,0.0
2013-04-19,9.6,9.6,9.6,9.6,9.6,500,0.0,0.0
2013-04-22,9.6,9.6,9.6,9.6,9.6,0,0.0,0.0
2013-04-23,9.6,9.6,9.6,9.6,9.6,0,0.0,0.0
2013-04-24,9.75,9.75,9.5,9.5,9.5,2700,0.0,0.0
2013-04-25,9.7,9.7,9.7,9.7,9.7,20000,0.0,0.0
2013-04-26,9.7,9.7,9.7,9.7,9.7,0,0.0,0.0
2013-04-29,9.7,9.7,9.7,9.7,9.7,0,0.0,0.0
2013-04-30,9.75,9.75,9.75,9.75,9.75,400,0.0,0.0
2013-05-01,9.75,9.75,9.75,9.75,9.75,0,0.0,0.0
2013-05-02,9.51,9.51,9.51,9.51,9.51,14300,0.0,0.0
2013-05-03,9.7,9.7,9.7,9.7,9.7,33600,0.0,0.0
2013-05-06,9.7,9.7,9.7,9.7,9.7,0,0.0,0.0
2013-05-07,10.0,10.0,10.0,10.0,10.0,300,0.0,0.0
2013-05-08,10.0,10.0,10.0,10.0,10.0,0,0.0,0.0
2013-05-09,10.0,10.0,10.0,10.0,10.0,0,0.0,0.0
2013-05-10,10.0,10.0,10.0,10.0,10.0,1600,0.0,0.0
2013-05-13,10.0,10.0,10.0,10.0,10.0,0,0.0,0.0
2013-05-14,10.0,10.0,10.0,10.0,10.0,0,0.0,0.0
2013-05-15,10.0,10.0,10.0,10.0,10.0,0,0.0,0.0
2013-05-16,10.2,10.2,10.2,10.2,10.2,1000,0.0,0.0
2013-05-17,10.2,10.51,10.2,10.51,10.51,1000,0.0,0.0
2013-05-20,10.55,10.6,10.55,10.6,10.6,200,0.0,0.0
2013-05-21,10.6,10.6,10.6,10.6,10.6,0,0.0,0.0
2013-05-22,10.6,10.6,10.6,10.6,10.6,0,0.0,0.0
2013-05-23,10.65,11.0,10.65,10.75,10.75,500,0.0,0.0
2013-05-24,10.75,10.75,10.75,10.75,10.75,0,0.0,0.0
2013-05-28,10.8,10.8,10.8,10.8,10.8,1300,0.0,0.0
2013-05-29,10.85,10.85,10.85,10.85,10.85,100,0.0,0.0
2013-05-30,10.85,10.85,10.85,10.85,10.85,0,0.0,0.0
2013-05-31,10.85,10.85,10.85,10.85,10.85,0,0.0,0.0
2013-06-03,10.85,10.85,10.85,10.85,10.85,0,0.0,0.0
2013-06-04,10.8,10.8,10.8,10.8,10.8,200,0.0,0.0
2013-06-05,10.8,10.8,10.8,10.8,10.8,0,0.0,0.0
2013-06-06,11.0,11.0,10.75,10.75,10.75,25500,0.0,0.0
2013-06-07,10.75,10.75,10.75,10.75,10.75,0,0.0,0.0
2013-06-10,10.75,10.75,10.75,10.75,10.75,0,0.0,0.0
2013-06-11,10.75,10.75,10.75,10.75,10.75,100,0.0,0.0
2013-06-12,10.75,10.75,10.75,10.75,10.75,0,0.0,0.0
2013-06-13,10.5,10.5,10.5,10.5,10.5,200,0.0,0.0
2013-06-14,10.59,11.0,10.59,11.0,11.0,173600,0.0,0.0
2013-06-17,11.0,11.0,11.0,11.0,11.0,0,0.0,0.0
2013-06-18,11.0,11.0,11.0,11.0,11.0,0,0.0,0.0
2013-06-19,11.0,11.0,11.0,11.0,11.0,0,0.0,0.0
2013-06-20,10.5,10.75,10.5,10.75,10.75,1000,0.0,0.0
2013-06-21,10.5,10.5,10.5,10.5,10.5,900,0.0,0.0
2013-06-24,10.5,10.5,10.5,10.5,10.5,0,0.0,0.0
2013-06-25,10.75,10.75,10.75,10.75,10.75,300,0.0,0.0
2013-06-26,10.5,10.5,10.5,10.5,10.5,6400,0.0,0.0
2013-06-27,10.5,10.5,10.5,10.5,10.5,0,0.0,0.0
2013-06-28,10.5,10.5,10.5,10.5,10.5,0,0.0,0.0
2013-07-01,10.5,10.5,10.5,10.5,10.5,0,0.0,0.0
2013-07-02,10.5,10.5,10.5,10.5,10.5,500,0.0,0.0
2013-07-03,10.5,10.5,10.5,10.5,10.5,0,0.0,0.0
2013-07-05,10.5,10.75,10.5,10.75,10.75,1600,0.0,0.0
2013-07-08,10.75,10.75,10.75,10.75,10.75,0,0.0,0.0
2013-07-09,10.75,10.75,10.75,10.75,10.75,700,0.0,0.0
2013-07-10,10.5,10.5,10.5,10.5,10.5,500,0.0,0.0
2013-07-11,10.5,10.5,10.5,10.5,10.5,0,0.0,0.0
2013-07-12,10.5,10.5,10.5,10.5,10.5,0,0.0,0.0
2013-07-15,10.5,10.5,10.5,10.5,10.5,0,0.0,0.0
2013-07-16,10.75,10.75,10.75,10.75,10.75,500,0.0,0.0
2013-07-17,10.75,10.75,10.75,10.75,10.75,0,0.0,0.0
2013-07-18,10.75,10.75,10.75,10.75,10.75,600,0.0,0.0
2013-07-19,10.75,10.75,10.75,10.75,10.75,0,0.0,0.0
2013-07-22,10.75,10.75,10.75,10.75,10.75,100,0.0,0.0
2013-07-23,10.9,10.9,10.9,10.9,10.9,500,0.0,0.0
2013-07-24,11.0,11.0,11.0,11.0,11.0,400,0.0,0.0
2013-07-25,11.0,11.0,11.0,11.0,11.0,0,0.0,0.0
2013-07-26,11.0,11.0,11.0,11.0,11.0,0,0.0,0.0
2013-07-29,11.0,11.0,11.0,11.0,11.0,0,0.0,0.0
2013-07-30,11.0,11.0,11.0,11.0,11.0,0,0.0,0.0
2013-07-31,11.0,11.0,11.0,11.0,11.0,0,0.0,0.0
2013-08-01,11.0,11.0,11.0,11.0,11.0,0,0.0,0.0
2013-08-02,10.5,10.5,10.5,10.5,10.5,100,0.0,0.0
2013-08-05,10.5,10.5,10.5,10.5,10.5,0,0.0,0.0
2013-08-06,10.5,10.5,10.5,10.5,10.5,0,0.0,0.0
2013-08-07,10.5,10.5,10.5,10.5,10.5,0,0.0,0.0
2013-08-08,10.5,10.5,10.5,10.5,10.5,0,0.0,0.0
2013-08-09,10.6,10.6,10.6,10.6,10.6,500,0.0,0.0
2013-08-12,10.78,10.78,10.7,10.7,10.7,600,0.0,0.0
2013-08-13,10.7,10.7,10.7,10.7,10.7,0,0.0,0.0
2013-08-14,10.7,10.7,10.7,10.7,10.7,0,0.0,0.0
2013-08-15,10.78,10.8,10.76,10.8,10.8,5200,0.0,0.0
2013-08-16,10.8,10.8,10.8,10.8,10.8,0,0.0,0.0
2013-08-19,10.8,10.8,10.8,10.8,10.8,0,0.0,0.0
2013-08-20,10.8,10.8,10.8,10.8,10.8,0,0.0,0.0
2013-08-21,10.9,11.0,10.9,11.0,11.0,500,0.0,0.0
2013-08-22,11.0,11.0,11.0,11.0,11.0,0,0.0,0.0
2013-08-23,11.0,11.0,11.0,11.0,11.0,0,0.0,0.0
2013-08-26,11.0,11.0,11.0,11.0,11.0,0,0.0,0.0
2013-08-27,11.0,11.0,11.0,11.0,11.0,0,0.0,0.0
2013-08-28,11.0,11.0,11.0,11.0,11.0,0,0.0,0.0
2013-08-29,11.0,11.0,11.0,11.0,11.0,200,0.0,0.0
2013-08-30,11.0,11.0,11.0,11.0,11.0,0,0.0,0.0
2013-09-03,11.0,11.0,11.0,11.0,11.0,0,0.0,0.0
2013-09-04,11.2,11.5,11.2,11.25,11.25,1900,0.0,0.0
2013-09-05,11.25,11.25,11.25,11.25,11.25,0,0.0,0.0
2013-09-06,11.25,11.25,11.25,11.25,11.25,0,0.0,0.0
2013-09-09,11.25,11.25,11.25,11.25,11.25,0,0.0,0.0
2013-09-10,11.25,11.25,11.25,11.25,11.25,0,0.0,0.0
2013-09-11,11.25,11.25,11.25,11.25,11.25,0,0.0,0.0
2013-09-12,11.25,11.25,11.25,11.25,11.25,0,0.0,0.0
2013-09-13,11.25,11.25,11.25,11.25,11.25,0,0.0,0.0
2013-09-16,11.25,11.25,11.25,11.25,11.25,0,0.0,0.0
2013-09-17,11.25,11.25,11.25,11.25,11.25,0,0.0,0.0
2013-09-18,11.5,11.6,11.5,11.6,11.6,300,0.0,0.0
2013-09-19,11.6,11.6,11.6,11.6,11.6,0,0.0,0.0
2013-09-20,11.6,11.6,11.6,11.6,11.6,0,0.0,0.0
2013-09-23,11.6,11.6,11.6,11.6,11.6,0,0.0,0.0
2013-09-24,11.6,11.6,11.6,11.6,11.6,0,0.0,0.0
2013-09-25,11.6,11.6,11.6,11.6,11.6,0,0.0,0.0
2013-09-26,11.6,11.6,11.6,11.6,11.6,0,0.0,0.0
2013-09-27,11.25,11.25,11.25,11.25,11.25,1000,0.0,0.0
2013-09-30,11.25,11.25,11.25,11.25,11.25,0,0.0,0.0
2013-10-01,11.25,11.25,11.25,11.25,11.25,0,0.0,0.0
2013-10-02,11.25,11.25,11.25,11.25,11.25,0,0.0,0.0
2013-10-03,11.3,11.3,11.3,11.3,11.3,2300,0.0,0.0
2013-10-04,11.26,11.26,11.26,11.26,11.26,500,0.0,0.0
2013-10-07,11.26,11.26,11.26,11.26,11.26,0,0.0,0.0
2013-10-08,11.27,11.35,11.27,11.3,11.3,63600,0.0,0.0
2013-10-09,11.3,11.3,11.3,11.3,11.3,0,0.0,0.0
2013-10-10,11.3,11.3,11.3,11.3,11.3,0,0.0,0.0
2013-10-11,11.27,11.27,11.27,11.27,11.27,500,0.0,0.0
2013-10-14,11.27,11.27,11.27,11.27,11.27,0,0.0,0.0
2013-10-15,11.3,11.35,11.3,11.35,11.35,5000,0.0,0.0
2013-10-16,11.27,11.32,11.27,11.32,11.32,8300,0.0,0.0
2013-10-17,11.32,11.32,11.32,11.32,11.32,0,0.0,0.0
2013-10-18,11.32,11.32,11.32,11.32,11.32,0,0.0,0.0
2013-10-21,11.32,11.32,11.32,11.32,11.32,0,0.0,0.0
2013-10-22,11.32,11.32,11.32,11.32,11.32,0,0.0,0.0
2013-10-23,11.31,11.31,11.31,11.31,11.31,1000,0.0,0.0
2013-10-24,11.31,11.31,11.31,11.31,11.31,0,0.0,0.0
2013-10-25,11.31,11.31,11.31,11.31,11.31,0,0.0,0.0
2013-10-28,11.31,11.31,11.31,11.31,11.31,0,0.0,0.0
2013-10-29,11.29,11.32,11.27,11.32,11.32,3800,0.0,0.0
2013-10-30,11.32,11.32,11.32,11.32,11.32,0,0.0,0.0
2013-10-31,11.27,11.27,11.27,11.27,11.27,1200,0.0,0.0
2013-11-01,11.27,11.27,11.27,11.27,11.27,0,0.0,0.0
2013-11-04,11.27,11.3,11.27,11.3,11.3,1400,0.0,0.0
2013-11-05,11.33,11.33,11.33,11.33,11.33,700,0.0,0.0
2013-11-06,11.33,11.33,11.33,11.33,11.33,0,0.0,0.0
2013-11-07,11.33,11.33,11.33,11.33,11.33,0,0.0,0.0
2013-11-08,11.27,11.27,11.27,11.27,11.27,600,0.0,0.0
2013-11-11,11.27,11.27,11.27,11.27,11.27,4400,0.0,0.0
2013-11-12,11.27,11.27,11.27,11.27,11.27,3500,0.0,0.0
2013-11-13,11.27,11.27,11.27,11.27,11.27,4000,0.0,0.0
2013-11-14,11.27,11.27,11.27,11.27,11.27,3500,0.0,0.0
2013-11-15,11.27,11.27,11.27,11.27,11.27,0,0.0,0.0
2013-11-18,11.27,11.27,11.27,11.27,11.27,0,0.0,0.0
2013-11-19,11.27,11.27,11.27,11.27,11.27,0,0.0,0.0
2013-11-20,11.27,11.5,11.27,11.35,11.35,7000,0.0,0.0
2013-11-21,11.35,11.35,11.35,11.35,11.35,0,0.0,0.0
2013-11-22,11.35,11.35,11.35,11.35,11.35,0,0.0,0.0
2013-11-25,11.35,11.35,11.35,11.35,11.35,0,0.0,0.0
2013-11-26,11.5,11.5,11.5,11.5,11.5,1000,0.0,0.0
2013-11-27,11.5,11.5,11.5,11.5,11.5,0,0.0,0.0
2013-11-29,11.5,11.5,11.5,11.5,11.5,0,0.0,0.0
2013-12-02,11.5,11.5,11.5,11.5,11.5,0,0.0,0.0
2013-12-03,11.5,11.5,11.5,11.5,11.5,200,0.0,0.0
2013-12-04,11.5,11.5,11.5,11.5,11.5,0,0.0,0.0
2013-12-05,11.55,11.6,11.55,11.6,11.6,700,0.0,0.0
2013-12-06,11.6,11.6,11.6,11.6,11.6,0,0.0,0.0
2013-12-09,11.5,11.5,11.5,11.5,11.5,1500,0.0,0.0
2013-12-10,11.5,11.5,11.5,11.5,11.5,0,0.0,0.0
2013-12-11,11.4,11.4,11.4,11.4,11.4,2700,0.0,0.0
2013-12-12,11.4,11.5,11.4,11.5,11.5,3700,0.0,0.0
2013-12-13,11.5,11.5,11.5,11.5,11.5,0,0.0,0.0
2013-12-16,11.5,11.5,11.5,11.5,11.5,300,0.0,0.0
2013-12-17,11.5,11.5,11.5,11.5,11.5,0,0.0,0.0
2013-12-18,11.52,11.6,11.52,11.6,11.6,6000,0.0,0.0
2013-12-19,11.6,11.6,11.6,11.6,11.6,0,0.0,0.0
2013-12-20,11.62,11.62,11.55,11.55,11.55,3400,0.0,0.0
2013-12-23,11.55,11.55,11.55,11.55,11.55,0,0.0,0.0
2013-12-24,11.6,11.6,11.6,11.6,11.6,1000,0.0,0.0
2013-12-26,11.6,11.6,11.6,11.6,11.6,0,0.0,0.0
2013-12-27,11.65,11.69,11.65,11.69,11.69,3200,0.0,0.0
2013-12-30,11.69,11.69,11.69,11.69,11.69,0,0.0,0.0
2013-12-31,11.69,11.69,11.69,11.69,11.69,0,0.0,0.0
2014-01-02,11.69,11.69,11.69,11.69,11.69,0,0.0,0.0
2014-01-03,11.7,11.7,11.7,11.7,11.7,200,0.0,0.0
2014-01-06,11.7,11.7,11.7,11.7,11.7,0,0.0,0.0
2014-01-07,11.7,11.7,11.7,11.7,11.7,0,0.0,0.0
2014-01-08,11.8,11.8,11.8,11.8,11.8,100,0.0,0.0
2014-01-09,11.85,12.1,11.85,12.1,12.1,900,0.0,0.0
2014-01-10,12.1,12.1,12.1,12.1,12.1,0,0.0,0.0
2014-01-13,12.1,12.1,12.1,12.1,12.1,0,0.0,0.0
2014-01-14,12.1,12.1,12.1,12.1,12.1,0,0.0,0.0
2014-01-15,12.1,12.1,12.1,12.1,12.1,0,0.0,0.0
2014-01-16,12.1,12.1,12.1,12.1,12.1,0,0.0,0.0
2014-01-17,12.2,12.2,12.2,12.2,12.2,100,0.0,0.0
2014-01-21,12.2,12.2,12.2,12.2,12.2,0,0.0,0.0
2014-01-22,12.2,12.2,12.2,12.2,12.2,0,0.0,0.0
2014-01-23,12.2,12.2,12.2,12.2,12.2,0,0.0,0.0
2014-01-24,12.3,12.3,12.3,12.3,12.3,100,0.0,0.0
2014-01-27,12.3,12.3,12.3,12.3,12.3,0,0.0,0.0
2014-01-28,12.3,12.3,12.3,12.3,12.3,0,0.0,0.0
2014-01-29,12.3,12.3,12.3,12.3,12.3,0,0.0,0.0
2014-01-30,12.3,12.3,12.3,12.3,12.3,0,0.0,0.0
2014-01-31,12.3,12.3,12.3,12.3,12.3,0,0.0,0.0
2014-02-03,12.3,12.3,12.3,12.3,12.3,0,0.0,0.0
2014-02-04,12.3,12.3,12.3,12.3,12.3,0,0.0,0.0
2014-02-05,12.3,12.3,12.3,12.3,12.3,0,0.0,0.0
2014-02-06,12.3,12.3,12.3,12.3,12.3,0,0.0,0.0
2014-02-07,12.3,12.3,12.3,12.3,12.3,0,0.0,0.0
2014-02-10,12.3,12.3,12.3,12.3,12.3,0,0.0,0.0
2014-02-11,12.3,12.3,12.3,12.3,12.3,0,0.0,0.0
2014-02-12,12.3,12.3,12.3,12.3,12.3,0,0.0,0.0
2014-02-13,12.3,12.3,12.3,12.3,12.3,0,0.0,0.0
2014-02-14,12.3,12.3,12.3,12.3,12.3,0,0.0,0.0
2014-02-18,12.25,12.25,12.24,12.25,12.25,20000,0.0,0.0
2014-02-19,12.25,12.25,12.25,12.25,12.25,0,0.0,0.0
2014-02-20,12.25,12.25,12.25,12.25,12.25,0,0.0,0.0
2014-02-21,12.15,12.15,12.15,12.15,12.15,100,0.0,0.0
2014-02-24,12.05,12.05,12.05,12.05,12.05,9900,0.0,0.0
2014-02-25,12.05,12.3,12.05,12.1,12.1,22100,0.0,0.0
2014-02-26,12.1,12.1,12.1,12.1,12.1,0,0.0,0.0
2014-02-27,12.1,12.1,12.1,12.1,12.1,0,0.0,0.0
2014-02-28,12.1,12.1,12.1,12.1,12.1,0,0.0,0.0
2014-03-03,12.1,12.1,12.1,12.1,12.1,0,0.0,0.0
2014-03-04,12.1,12.1,12.1,12.1,12.1,0,0.0,0.0
2014-03-05,12.1,12.1,12.1,12.1,12.1,0,0.0,0.0
2014-03-06,12.1,12.1,12.1,12.1,12.1,0,0.0,0.0
2014-03-07,12.1,12.1,12.1,12.1,12.1,0,0.0,0.0
2014-03-10,12.1,12.1,12.1,12.1,12.1,0,0.0,0.0
2014-03-11,12.1,12.1,12.1,12.1,12.1,0,0.0,0.0
2014-03-12,12.1,12.1,12.1,12.1,12.1,0,0.0,0.0
2014-03-13,12.1,12.1,12.1,12.1,12.1,0,0.0,0.0
2014-03-14,12.4,12.4,12.4,12.4,12.4,100,0.0,0.0
2014-03-17,12.4,12.4,12.4,12.4,12.4,0,0.0,0.0
2014-03-18,12.4,12.4,12.4,12.4,12.4,0,0.0,0.0
2014-03-19,12.4,12.4,12.4,12.4,12.4,0,0.0,0.0
2014-03-20,12.4,12.4,12.4,12.4,12.4,0,0.0,0.0
2014-03-21,12.4,12.4,12.4,12.4,12.4,2200,0.0,0.0
2014-03-24,12.4,12.4,12.4,12.4,12.4,0,0.0,0.0
2014-03-25,12.4,12.4,12.4,12.4,12.4,200,0.0,0.0
2014-03-26,12.4,12.4,12.4,12.4,12.4,0,0.0,0.0
2014-03-27,12.4,12.4,12.4,12.4,12.4,0,0.0,0.0
2014-03-28,12.5,12.74,12.35,12.35,12.35,4000,0.0,0.0
2014-03-31,12.35,12.35,12.35,12.35,12.35,0,0.0,0.0
2014-04-01,12.35,12.35,12.35,12.35,12.35,0,0.0,0.0
2014-04-02,12.35,12.35,12.26,12.26,12.26,1200,0.0,0.0
2014-04-03,12.43,12.43,12.43,12.43,12.43,600,0.0,0.0
2014-04-04,12.43,12.43,12.43,12.43,12.43,0,0.0,0.0
2014-04-07,12.4,12.4,12.4,12.4,12.4,600,0.0,0.0
2014-04-08,12.4,12.4,12.4,12.4,12.4,0,0.0,0.0
2014-04-09,12.4,12.4,12.4,12.4,12.4,0,0.0,0.0
2014-04-10,12.4,12.4,12.4,12.4,12.4,0,0.0,0.0
2014-04-11,12.4,12.4,12.4,12.4,12.4,0,0.0,0.0
2014-04-14,12.4,12.4,12.4,12.4,12.4,0,0.0,0.0
2014-04-15,12.4,12.4,12.4,12.4,12.4,1100,0.0,0.0
2014-04-16,12.4,12.4,12.4,12.4,12.4,0,0.0,0.0
2014-04-17,12.4,12.4,12.4,12.4,12.4,0,0.0,0.0
2014-04-21,12.4,12.4,12.4,12.4,12.4,0,0.0,0.0
2014-04-22,12.4,12.4,12.4,12.4,12.4,0,0.0,0.0
2014-04-23,12.4,12.4,12.4,12.4,12.4,100,0.0,0.0
2014-04-24,12.4,12.4,12.4,12.4,12.4,0,0.0,0.0
2014-04-25,12.4,12.4,12.4,12.4,12.4,0,0.0,0.0
2014-04-28,12.4,12.4,12.4,12.4,12.4,0,0.0,0.0
2014-04-29,12.4,12.4,12.4,12.4,12.4,0,0.0,0.0
2014-04-30,12.4,12.4,12.4,12.4,12.4,0,0.0,0.0
2014-05-01,12.4,12.4,12.4,12.4,12.4,1500,0.0,0.0
2014-05-02,12.4,12.4,12.4,12.4,12.4,1700,0.0,0.0
2014-05-05,12.4,12.4,12.4,12.4,12.4,1700,0.0,0.0
2014-05-06,12.35,12.35,12.35,12.35,12.35,2500,0.0,0.0
2014-05-07,12.35,12.35,12.35,12.35,12.35,3300,0.0,0.0
2014-05-08,12.35,12.35,12.35,12.35,12.35,0,0.0,0.0
2014-05-09,12.35,12.35,12.35,12.35,12.35,0,0.0,0.0
2014-05-12,12.35,12.35,12.35,12.35,12.35,0,0.0,0.0
2014-05-13,12.35,12.35,12.35,12.35,12.35,0,0.0,0.0
2014-05-14,12.35,12.35,12.35,12.35,12.35,600,0.0,0.0
2014-05-15,12.35,12.35,12.35,12.35,12.35,0,0.0,0.0
2014-05-16,12.35,12.35,12.35,12.35,12.35,0,0.0,0.0
2014-05-19,12.35,12.35,12.35,12.35,12.35,0,0.0,0.0
2014-05-20,12.35,12.35,12.35,12.35,12.35,700,0.0,0.0
2014-05-21,12.35,12.35,12.35,12.35,12.35,0,0.0,0.0
2014-05-22,12.35,12.35,12.35,12.35,12.35,0,0.0,0.0
2014-05-23,12.35,12.35,12.35,12.35,12.35,0,0.0,0.0
2014-05-27,12.35,12.35,12.35,12.35,12.35,500,0.0,0.0
2014-05-28,12.35,12.35,12.35,12.35,12.35,0,0.0,0.0
2014-05-29,12.35,12.35,12.35,12.35,12.35,0,0.0,0.0
2014-05-30,12.35,12.35,12.35,12.35,12.35,0,0.0,0.0
2014-06-02,12.35,12.35,12.35,12.35,12.35,8900,0.0,0.0
2014-06-03,12.35,12.35,12.35,12.35,12.35,0,0.0,0.0
2014-06-04,12.4,12.4,12.4,12.4,12.4,1700,0.0,0.0
2014-06-05,12.4,12.4,12.4,12.4,12.4,0,0.0,0.0
2014-06-06,12.4,12.4,12.4,12.4,12.4,0,0.0,0.0
2014-06-09,12.4,12.4,12.4,12.4,12.4,0,0.0,0.0
2014-06-10,12.4,12.4,12.4,12.4,12.4,0,0.0,0.0
2014-06-11,12.45,12.45,12.4,12.4,12.4,1600,0.0,0.0
2014-06-12,12.4,12.4,12.4,12.4,12.4,2500,0.0,0.0
2014-06-13,12.4,12.4,12.4,12.4,12.4,0,0.0,0.0
2014-06-16,12.4,12.4,12.4,12.4,12.4,0,0.0,0.0
2014-06-17,12.4,12.4,12.4,12.4,12.4,0,0.0,0.0
2014-06-18,12.4,12.4,12.4,12.4,12.4,15200,0.0,0.0
2014-06-19,12.4,12.4,12.4,12.4,12.4,0,0.0,0.0
2014-06-20,12.4,12.4,12.4,12.4,12.4,0,0.0,0.0
2014-06-23,12.4,12.4,12.4,12.4,12.4,0,0.0,0.0
2014-06-24,12.4,12.4,12.4,12.4,12.4,0,0.0,0.0
2014-06-25,12.4,12.4,12.4,12.4,12.4,600,0.0,0.0
2014-06-26,12.4,12.4,12.4,12.4,12.4,0,0.0,0.0
2014-06-27,12.4,12.4,12.4,12.4,12.4,0,0.0,0.0
2014-06-30,12.45,12.45,12.45,12.45,12.45,600,0.0,0.0
2014-07-01,12.45,12.45,12.45,12.45,12.45,0,0.0,0.0
2014-07-02,12.45,12.45,12.45,12.45,12.45,0,0.0,0.0
2014-07-03,12.45,12.45,12.45,12.45,12.45,0,0.0,0.0
2014-07-07,12.5,12.55,12.5,12.55,12.55,1100,0.0,0.0
2014-07-08,12.6,12.7,12.6,12.7,12.7,800,0.0,0.0
2014-07-09,12.7,12.7,12.7,12.7,12.7,0,0.0,0.0
2014-07-10,12.7,12.7,12.7,12.7,12.7,0,0.0,0.0
2014-07-11,12.7,12.7,12.7,12.7,12.7,0,0.0,0.0
2014-07-14,12.7,12.7,12.7,12.7,12.7,0,0.0,0.0
2014-07-15,12.75,12.77,12.75,12.77,12.77,1000,0.0,0.0
2014-07-16,12.8,12.8,12.8,12.8,12.8,600,0.0,0.0
2014-07-17,12.8,12.8,12.8,12.8,12.8,0,0.0,0.0
2014-07-18,12.8,12.8,12.8,12.8,12.8,0,0.0,0.0
2014-07-21,12.8,12.8,12.8,12.8,12.8,0,0.0,0.0
2014-07-22,12.85,12.85,12.85,12.85,12.85,100,0.0,0.0
2014-07-23,12.85,12.85,12.85,12.85,12.85,0,0.0,0.0
2014-07-24,12.9,12.9,12.9,12.9,12.9,200,0.0,0.0
2014-07-25,12.9,12.9,12.9,12.9,12.9,0,0.0,0.0
2014-07-28,12.9,12.9,12.9,12.9,12.9,0,0.0,0.0
2014-07-29,12.9,12.9,12.9,12.9,12.9,0,0.0,0.0
2014-07-30,12.9,12.9,12.9,12.9,12.9,0,0.0,0.0
2014-07-31,12.9,12.9,12.9,12.9,12.9,0,0.0,0.0
2014-08-01,12.9,12.9,12.9,12.9,12.9,0,0.0,0.0
2014-08-04,12.9,12.9,12.9,12.9,12.9,0,0.0,0.0
2014-08-05,12.95,13.0,12.95,13.0,13.0,800,0.0,0.0
2014-08-06,13.0,13.0,13.0,13.0,13.0,100,0.0,0.0
2014-08-07,13.0,13.0,13.0,13.0,13.0,0,0.0,0.0
2014-08-08,13.0,13.0,13.0,13.0,13.0,0,0.0,0.0
2014-08-11,12.95,13.1,12.95,13.1,13.1,800,0.0,0.0
2014-08-12,13.1,13.1,13.1,13.1,13.1,0,0.0,0.0
2014-08-13,13.1,13.1,13.1,13.1,13.1,0,0.0,0.0
2014-08-14,13.05,13.08,13.05,13.08,13.08,4400,0.0,0.0
2014-08-15,13.08,13.08,13.08,13.08,13.08,0,0.0,0.0
2014-08-18,13.08,13.08,13.08,13.08,13.08,0,0.0,0.0
2014-08-19,13.08,13.08,13.08,13.08,13.08,0,0.0,0.0
2014-08-20,13.08,13.08,13.08,13.08,13.08,0,0.0,0.0
2014-08-21,13.08,13.08,13.08,13.08,13.08,0,0.0,0.0
2014-08-22,13.08,13.08,13.08,13.08,13.08,0,0.0,0.0
2014-08-25,13.08,13.08,13.08,13.08,13.08,0,0.0,0.0
2014-08-26,13.08,13.08,13.08,13.08,13.08,0,0.0,0.0
2014-08-27,13.08,13.08,13.08,13.08,13.08,0,0.0,0.0
2014-08-28,13.1,13.1,13.1,13.1,13.1,1000,0.0,0.0
2014-08-29,13.1,13.1,13.1,13.1,13.1,0,0.0,0.0
2014-09-02,13.1,13.1,13.1,13.1,13.1,0,0.0,0.0
2014-09-03,13.1,13.1,13.1,13.1,13.1,0,0.0,0.0
2014-09-04,13.15,13.15,13.05,13.05,13.05,4300,0.0,0.0
2014-09-05,13.11,13.11,13.11,13.11,13.11,2600,0.0,0.0
2014-09-08,13.11,13.11,13.11,13.11,13.11,0,0.0,0.0
2014-09-09,13.12,13.18,13.12,13.15,13.15,1200,0.0,0.0
2014-09-10,13.16,13.21,13.16,13.21,13.21,500,0.0,0.0
2014-09-11,13.21,13.21,13.21,13.21,13.21,0,0.0,0.0
2014-09-12,13.21,13.21,13.21,13.21,13.21,0,0.0,0.0
2014-09-15,13.21,13.21,13.21,13.21,13.21,0,0.0,0.0
2014-09-16,13.2,13.2,13.2,13.2,13.2,200,0.0,0.0
2014-09-17,13.2,13.2,13.2,13.2,13.2,0,0.0,0.0
2014-09-18,13.2,13.2,13.2,13.2,13.2,0,0.0,0.0
2014-09-19,13.25,13.3,13.25,13.3,13.3,300,0.0,0.0
2014-09-22,13.3,13.3,13.26,13.26,13.26,1800,0.0,0.0
2014-09-23,13.27,13.4,13.27,13.4,13.4,18700,0.0,0.0
2014-09-24,13.4,13.4,13.4,13.4,13.4,0,0.0,0.0
2014-09-25,13.4,13.4,13.4,13.4,13.4,0,0.0,0.0
2014-09-26,13.4,13.4,13.4,13.4,13.4,0,0.0,0.0
2014-09-29,13.4,13.4,13.4,13.4,13.4,1700,0.0,0.0
2014-09-30,13.4,13.4,13.4,13.4,13.4,500,0.0,0.0
2014-10-01,13.4,13.4,13.4,13.4,13.4,0,0.0,0.0
2014-10-02,13.4,13.4,13.4,13.4,13.4,0,0.0,0.0
2014-10-03,13.45,13.45,13.45,13.45,13.45,100,0.0,0.0
2014-10-06,13.45,13.45,13.0,13.45,13.45,1500,0.0,0.0
2014-10-07,13.5,13.5,13.5,13.5,13.5,1100,0.0,0.0
2014-10-08,13.5,13.5,13.5,13.5,13.5,100,0.0,0.0
2014-10-09,13.5,13.5,13.5,13.5,13.5,0,0.0,0.0
2014-10-10,13.49,13.5,13.49,13.5,13.5,1400,0.0,0.0
2014-10-13,13.5,13.5,13.5,13.5,13.5,0,0.0,0.0
2014-10-14,13.5,13.5,13.5,13.5,13.5,0,0.0,0.0
2014-10-15,13.5,13.5,13.5,13.5,13.5,200,0.0,0.0
2014-10-16,13.5,13.5,13.32,13.5,13.5,5600,0.0,0.0
2014-10-17,13.5,13.5,13.5,13.5,13.5,200,0.0,0.0
2014-10-20,13.5,13.5,13.5,13.5,13.5,0,0.0,0.0
2014-10-21,13.5,13.5,13.5,13.5,13.5,0,0.0,0.0
2014-10-22,13.55,13.6,13.55,13.6,13.6,2200,0.0,0.0
2014-10-23,13.6,13.6,13.6,13.6,13.6,0,0.0,0.0
2014-10-24,13.6,13.6,13.6,13.6,13.6,0,0.0,0.0
2014-10-27,13.6,13.6,13.6,13.6,13.6,0,0.0,0.0
2014-10-28,13.65,13.65,13.6,13.6,13.6,2100,0.0,0.0
2014-10-29,13.6,13.6,13.6,13.6,13.6,0,0.0,0.0
2014-10-30,13.65,13.7,13.65,13.7,13.7,700,0.0,0.0
2014-10-31,13.75,13.8,13.75,13.8,13.8,700,0.0,0.0
2014-11-03,13.8,13.8,13.8,13.8,13.8,0,0.0,0.0
2014-11-04,13.8,13.8,13.8,13.8,13.8,0,0.0,0.0
2014-11-05,13.75,13.75,13.75,13.75,13.75,3100,0.0,0.0
2014-11-06,13.75,13.75,13.75,13.75,13.75,100,0.0,0.0
2014-11-07,13.75,13.75,13.75,13.75,13.75,0,0.0,0.0
2014-11-10,13.75,13.75,13.75,13.75,13.75,0,0.0,0.0
2014-11-11,13.75,13.75,13.75,13.75,13.75,0,0.0,0.0
2014-11-12,13.75,13.75,13.75,13.75,13.75,1000,0.0,0.0
2014-11-13,13.75,13.75,13.75,13.75,13.75,0,0.0,0.0
2014-11-14,13.75,13.75,13.75,13.75,13.75,0,0.0,0.0
2014-11-17,13.75,13.75,13.75,13.75,13.75,100,0.0,0.0
2014-11-18,13.75,13.75,13.75,13.75,13.75,0,0.0,0.0
2014-11-19,13.8,13.8,13.75,13.75,13.75,15600,0.0,0.0
2014-11-20,13.75,13.8,13.75,13.8,13.8,10100,0.0,0.0
2014-11-21,13.8,13.8,13.8,13.8,13.8,0,0.0,0.0
2014-11-24,13.8,13.8,13.8,13.8,13.8,100,0.0,0.0
2014-11-25,13.8,13.8,13.8,13.8,13.8,2000,0.0,0.0
2014-11-26,13.8,13.8,13.8,13.8,13.8,100,0.0,0.0
2014-11-28,13.8,13.8,13.8,13.8,13.8,0,0.0,0.0
2014-12-01,13.85,13.9,13.85,13.9,13.9,700,0.0,0.0
2014-12-02,13.9,13.9,13.9,13.9,13.9,500,0.0,0.0
2014-12-03,13.9,13.9,13.9,13.9,13.9,0,0.0,0.0
2014-12-04,13.9,13.9,13.9,13.9,13.9,400,0.0,0.0
2014-12-05,13.9,13.9,13.9,13.9,13.9,0,0.0,0.0
2014-12-08,13.9,13.95,13.9,13.95,13.95,1300,0.0,0.0
2014-12-09,13.95,13.95,13.95,13.95,13.95,0,0.0,0.0
2014-12-10,13.95,13.95,13.95,13.95,13.95,0,0.0,0.0
2014-12-11,13.95,13.95,13.95,13.95,13.95,0,0.0,0.0
2014-12-12,13.95,13.95,13.95,13.95,13.95,0,0.0,0.0
2014-12-15,13.95,13.95,13.95,13.95,13.95,0,0.0,0.0
2014-12-16,13.95,13.95,13.95,13.95,13.95,0,0.0,0.0
2014-12-17,13.95,13.95,13.95,13.95,13.95,0,0.0,0.0
2014-12-18,13.95,13.95,13.95,13.95,13.95,0,0.0,0.0
2014-12-19,13.95,13.95,13.95,13.95,13.95,0,0.0,0.0
2014-12-22,13.97,14.0,13.97,14.0,14.0,9200,0.0,0.0
2014-12-23,14.0,14.0,14.0,14.0,14.0,0,0.0,0.0
2014-12-24,14.04,14.34,14.04,14.34,14.34,500,0.0,0.0
2014-12-26,14.34,14.34,14.34,14.34,14.34,0,0.0,0.0
2014-12-29,14.34,14.34,14.34,14.34,14.34,0,0.0,0.0
2014-12-30,14.34,14.34,14.34,14.34,14.34,0,0.0,0.0
2014-12-31,14.34,14.34,14.1,14.1,14.1,200,0.0,0.0
2015-01-02,14.1,14.1,14.1,14.1,14.1,0,0.0,0.0
2015-01-05,14.15,14.15,14.1,14.1,14.1,1000,0.0,0.0
2015-01-06,14.1,14.1,14.1,14.1,14.1,0,0.0,0.0
2015-01-07,14.45,14.5,14.45,14.5,14.5,300,0.0,0.0
2015-01-08,14.5,14.5,14.5,14.5,14.5,200,0.0,0.0
2015-01-09,14.5,14.5,14.5,14.5,14.5,0,0.0,0.0
2015-01-12,14.5,14.5,14.5,14.5,14.5,0,0.0,0.0
2015-01-13,14.6,14.74,14.6,14.74,14.74,800,0.0,0.0
2015-01-14,14.74,14.74,14.74,14.74,14.74,0,0.0,0.0
2015-01-15,14.74,14.74,14.74,14.74,14.74,0,0.0,0.0
2015-01-16,14.74,14.74,14.74,14.74,14.74,0,0.0,0.0
2015-01-20,14.6,14.6,14.1,14.1,14.1,1500,0.0,0.0
2015-01-21,14.1,14.1,14.1,14.1,14.1,0,0.0,0.0
2015-01-22,14.1,14.1,14.1,14.1,14.1,0,0.0,0.0
2015-01-23,14.1,14.1,14.1,14.1,14.1,0,0.0,0.0
2015-01-26,14.75,14.75,14.75,14.75,14.75,100,0.0,0.0
2015-01-27,14.75,14.75,14.75,14.75,14.75,100,0.0,0.0
2015-01-28,14.75,14.75,14.75,14.75,14.75,0,0.0,0.0
2015-01-29,14.75,14.75,14.75,14.75,14.75,0,0.0,0.0
2015-01-30,14.75,14.75,14.75,14.75,14.75,0,0.0,0.0
2015-02-02,14.75,14.75,14.75,14.75,14.75,0,0.0,0.0
2015-02-03,14.75,14.75,14.75,14.75,14.75,200,0.0,0.0
2015-02-04,15.0,15.0,15.0,15.0,15.0,800,0.0,0.0
2015-02-05,15.0,15.0,15.0,15.0,15.0,0,0.0,0.0
2015-02-06,14.18,14.18,14.01,14.15,14.15,3500,0.0,0.0
2015-02-09,14.5,14.5,14.5,14.5,14.5,600,0.0,0.0
2015-02-10,14.5,14.5,14.5,14.5,14.5,0,0.0,0.0
2015-02-11,14.5,14.5,14.5,14.5,14.5,0,0.0,0.0
2015-02-12,14.5,14.5,14.5,14.5,14.5,0,0.0,0.0
2015-02-13,14.5,14.5,14.5,14.5,14.5,0,0.0,0.0
2015-02-17,14.5,14.5,14.5,14.5,14.5,0,0.0,0.0
2015-02-18,14.5,14.5,14.5,14.5,14.5,0,0.0,0.0
2015-02-19,14.3,14.3,14.2,14.2,14.2,2000,0.0,0.0
2015-02-20,14.2,14.21,14.2,14.21,14.21,600,0.0,0.0
2015-02-23,14.21,14.21,14.21,14.21,14.21,0,0.0,0.0
2015-02-24,14.25,14.25,14.25,14.25,14.25,500,0.0,0.0
2015-02-25,14.5,14.5,14.3,14.3,14.3,300,0.0,0.0
2015-02-26,14.3,14.3,14.3,14.3,14.3,0,0.0,0.0
2015-02-27,14.3,14.3,14.3,14.3,14.3,0,0.0,0.0
2015-03-02,14.3,14.3,14.3,14.3,14.3,0,0.0,0.0
2015-03-03,14.3,14.3,14.3,14.3,14.3,0,0.0,0.0
2015-03-04,14.3,14.3,14.3,14.3,14.3,0,0.0,0.0
2015-03-05,14.3,14.3,14.3,14.3,14.3,4200,0.0,0.0
2015-03-06,14.3,14.3,14.3,14.3,14.3,0,0.0,0.0
2015-03-09,14.3,14.3,14.3,14.3,14.3,0,0.0,0.0
2015-03-10,14.3,14.3,14.3,14.3,14.3,0,0.0,0.0
2015-03-11,14.35,14.35,14.35,14.35,14.35,3200,0.0,0.0
2015-03-12,14.4,14.4,14.4,14.4,14.4,3200,0.0,0.0
2015-03-13,14.6,14.6,14.6,14.6,14.6,100,0.0,0.0
2015-03-16,14.6,14.6,14.6,14.6,14.6,3200,0.0,0.0
2015-03-17,14.6,14.6,14.6,14.6,14.6,0,0.0,0.0
2015-03-18,14.45,14.45,14.45,14.45,14.45,1500,0.0,0.0
2015-03-19,14.45,14.45,14.45,14.45,14.45,0,0.0,0.0
2015-03-20,14.45,14.45,14.45,14.45,14.45,0,0.0,0.0
2015-03-23,14.6,14.6,14.6,14.6,14.6,1000,0.0,0.0
2015-03-24,14.6,14.6,14.6,14.6,14.6,0,0.0,0.0
2015-03-25,14.5,14.5,14.5,14.5,14.5,500,0.0,0.0
2015-03-26,14.5,14.5,14.5,14.5,14.5,0,0.0,0.0
2015-03-27,14.5,14.5,14.5,14.5,14.5,0,0.0,0.0
2015-03-30,14.5,14.5,14.5,14.5,14.5,0,0.0,0.0
2015-03-31,14.7,14.7,14.65,14.65,14.65,900,0.0,0.0
2015-04-01,14.8,14.8,14.7,14.7,14.7,2500,0.0,0.0
2015-04-02,14.95,15.0,14.95,14.95,14.95,11700,0.0,0.0
2015-04-06,14.95,14.95,14.94,14.94,14.94,300,0.0,0.0
2015-04-07,14.94,14.94,14.94,14.94,14.94,0,0.0,0.0
2015-04-08,14.9,14.9,14.85,14.85,14.85,1200,0.0,0.0
2015-04-09,14.8,14.8,14.8,14.8,14.8,2000,0.0,0.0
2015-04-10,14.8,14.8,14.8,14.8,14.8,0,0.0,0.0
2015-04-13,14.8,14.8,14.8,14.8,14.8,0,0.0,0.0
2015-04-14,14.8,14.8,14.8,14.8,14.8,0,0.0,0.0
2015-04-15,14.8,14.8,14.8,14.8,14.8,0,0.0,0.0
2015-04-16,14.8,14.8,14.8,14.8,14.8,500,0.0,0.0
2015-04-17,14.75,14.9,14.75,14.9,14.9,12700,0.0,0.0
2015-04-20,14.9,14.9,14.9,14.9,14.9,0,0.0,0.0
2015-04-21,14.9,14.9,14.9,14.9,14.9,0,0.0,0.0
2015-04-22,14.76,14.76,14.75,14.75,14.75,1000,0.0,0.0
2015-04-23,14.75,14.75,14.75,14.75,14.75,0,0.0,0.0
2015-04-24,14.75,14.75,14.75,14.75,14.75,0,0.0,0.0
2015-04-27,14.9,15.0,14.85,14.85,14.85,2500,0.0,0.0
2015-04-28,14.85,14.85,14.85,14.85,14.85,0,0.0,0.0
2015-04-29,14.85,14.85,14.85,14.85,14.85,0,0.0,0.0
2015-04-30,14.95,14.98,14.95,14.98,14.98,400,0.0,0.0
2015-05-01,14.85,14.85,14.85,14.85,14.85,200,0.0,0.0
2015-05-04,14.85,14.85,14.85,14.85,14.85,0,0.0,0.0
2015-05-05,14.98,15.0,14.98,15.0,15.0,700,0.0,0.0
2015-05-06,15.0,15.0,15.0,15.0,15.0,0,0.0,0.0
2015-05-07,15.0,15.0,15.0,15.0,15.0,0,0.0,0.0
2015-05-08,15.0,15.0,15.0,15.0,15.0,0,0.0,0.0
2015-05-11,15.0,15.0,15.0,15.0,15.0,0,0.0,0.0
2015-05-12,15.0,15.0,15.0,15.0,15.0,0,0.0,0.0
2015-05-13,15.0,15.0,15.0,15.0,15.0,0,0.0,0.0
2015-05-14,15.0,15.0,15.0,15.0,15.0,0,0.0,0.0
2015-05-15,15.0,15.0,15.0,15.0,15.0,0,0.0,0.0
2015-05-18,15.0,15.0,15.0,15.0,15.0,500,0.0,0.0
2015-05-19,15.0,15.0,15.0,15.0,15.0,0,0.0,0.0
2015-05-20,15.0,15.0,15.0,15.0,15.0,0,0.0,0.0
2015-05-21,15.0,15.0,15.0,15.0,15.0,0,0.0,0.0
2015-05-22,14.87,14.87,14.87,14.87,14.87,200,0.0,0.0
2015-05-26,14.87,14.87,14.87,14.87,14.87,0,0.0,0.0
2015-05-27,14.9,14.9,14.9,14.9,14.9,500,0.0,0.0
2015-05-28,14.75,14.75,14.75,14.75,14.75,100,0.0,0.0
2015-05-29,14.75,14.75,14.75,14.75,14.75,0,0.0,0.0
2015-06-01,14.75,14.75,14.75,14.75,14.75,0,0.0,0.0
2015-06-02,14.75,14.75,14.75,14.75,14.75,0,0.0,0.0
2015-06-03,14.75,14.75,14.75,14.75,14.75,0,0.0,0.0
2015-06-04,14.8,14.85,14.78,14.85,14.85,83200,0.0,0.0
2015-06-05,14.85,14.85,14.85,14.85,14.85,0,0.0,0.0
2015-06-08,14.85,14.85,14.85,14.85,14.85,0,0.0,0.0
2015-06-09,14.85,14.85,14.85,14.85,14.85,0,0.0,0.0
2015-06-10,14.9,14.9,14.9,14.9,14.9,200,0.0,0.0
2015-06-11,14.9,15.1,14.9,15.1,15.1,500,0.0,0.0
2015-06-12,15.1,15.1,15.1,15.1,15.1,0,0.0,0.0
2015-06-15,14.9,14.9,14.75,14.9,14.9,45000,0.0,0.0
2015-06-16,14.9,14.9,14.9,14.9,14.9,0,0.0,0.0
2015-06-17,14.75,14.75,14.75,14.75,14.75,2200,0.0,0.0
2015-06-18,14.82,14.82,14.82,14.82,14.82,100,0.0,0.0
2015-06-19,14.82,14.82,14.82,14.82,14.82,0,0.0,0.0
2015-06-22,14.84,14.95,14.84,14.95,14.95,20500,0.0,0.0
2015-06-23,14.9,14.9,14.9,14.9,14.9,9500,0.0,0.0
2015-06-24,14.8,14.8,14.8,14.8,14.8,1500,0.0,0.0
2015-06-25,14.8,14.8,14.8,14.8,14.8,0,0.0,0.0
2015-06-26,14.8,14.8,14.8,14.8,14.8,0,0.0,0.0
2015-06-29,14.8,14.8,14.8,14.8,14.8,27500,0.0,0.0
2015-06-30,14.75,14.79,14.75,14.78,14.78,22400,0.0,0.0
2015-07-01,14.89,14.89,14.89,14.89,14.89,200,0.0,0.0
2015-07-02,14.89,14.89,14.89,14.89,14.89,0,0.0,0.0
2015-07-06,14.75,14.75,14.75,14.75,14.75,11300,0.0,0.0
2015-07-07,14.75,14.75,14.75,14.75,14.75,0,0.0,0.0
2015-07-08,14.7,14.7,14.7,14.7,14.7,600,0.0,0.0
2015-07-09,14.7,14.88,14.7,14.88,14.88,2400,0.0,0.0
2015-07-10,14.88,14.88,14.88,14.88,14.88,0,0.0,0.0
2015-07-13,14.7,14.75,14.7,14.71,14.71,9400,0.0,0.0
2015-07-14,14.71,14.71,14.71,14.71,14.71,0,0.0,0.0
2015-07-15,14.71,14.71,14.71,14.71,14.71,0,0.0,0.0
2015-07-16,14.71,14.71,14.71,14.71,14.71,0,0.0,0.0
2015-07-17,14.71,14.71,14.71,14.71,14.71,0,0.0,0.0
2015-07-20,14.69,14.69,14.69,14.69,14.69,300,0.0,0.0
2015-07-21,14.69,14.69,14.69,14.69,14.69,0,0.0,0.0
2015-07-22,14.69,14.69,14.69,14.69,14.69,0,0.0,0.0
2015-07-23,14.75,14.75,14.75,14.75,14.75,1000,0.0,0.0
2015-07-24,14.75,14.75,14.75,14.75,14.75,0,0.0,0.0
2015-07-27,14.75,14.75,14.75,14.75,14.75,0,0.0,0.0
2015-07-28,14.75,14.75,14.75,14.75,14.75,0,0.0,0.0
2015-07-29,14.75,14.75,14.75,14.75,14.75,0,0.0,0.0
2015-07-30,14.75,14.75,14.75,14.75,14.75,0,0.0,0.0
2015-07-31,14.75,14.75,14.75,14.75,14.75,0,0.0,0.0
2015-08-03,14.75,14.75,14.75,14.75,14.75,0,0.0,0.0
2015-08-04,14.75,14.75,14.75,14.75,14.75,0,0.0,0.0
2015-08-05,14.75,14.75,14.75,14.75,14.75,0,0.0,0.0
2015-08-06,14.75,14.75,14.75,14.75,14.75,500,0.0,0.0
2015-08-07,14.75,14.75,14.75,14.75,14.75,0,0.0,0.0
2015-08-10,14.75,14.75,14.75,14.75,14.75,500,0.0,0.0
2015-08-11,14.75,14.75,14.75,14.75,14.75,0,0.0,0.0
2015-08-12,14.75,14.75,14.75,14.75,14.75,200,0.0,0.0
2015-08-13,14.75,14.75,14.75,14.75,14.75,0,0.0,0.0
2015-08-14,14.75,14.75,14.75,14.75,14.75,0,0.0,0.0
2015-08-17,14.75,14.75,14.75,14.75,14.75,0,0.0,0.0
2015-08-18,14.75,14.75,14.75,14.75,14.75,0,0.0,0.0
2015-08-19,14.75,14.75,14.75,14.75,14.75,0,0.0,0.0
2015-08-20,14.75,14.75,14.75,14.75,14.75,0,0.0,0.0
2015-08-21,14.75,14.75,14.75,14.75,14.75,2600,0.0,0.0
2015-08-24,14.75,14.75,14.75,14.75,14.75,500,0.0,0.0
2015-08-25,14.75,14.75,14.75,14.75,14.75,0,0.0,0.0
2015-08-26,14.75,14.75,14.75,14.75,14.75,0,0.0,0.0
2015-08-27,14.75,14.75,14.75,14.75,14.75,0,0.0,0.0
2015-08-28,14.75,14.75,14.75,14.75,14.75,0,0.0,0.0
2015-08-31,14.8,14.8,14.8,14.8,14.8,1000,0.0,0.0
2015-09-01,14.8,14.8,14.8,14.8,14.8,0,0.0,0.0
2015-09-02,14.75,14.75,14.75,14.75,14.75,800,0.0,0.0
2015-09-03,14.86,14.9,14.86,14.9,14.9,600,0.0,0.0
2015-09-04,14.7,14.7,14.7,14.7,14.7,500,0.0,0.0
2015-09-08,14.7,14.7,14.7,14.7,14.7,0,0.0,0.0
2015-09-09,14.7,14.7,14.7,14.7,14.7,0,0.0,0.0
2015-09-10,14.7,14.7,14.7,14.7,14.7,0,0.0,0.0
2015-09-11,14.95,15.0,14.95,15.0,15.0,1000,0.0,0.0
2015-09-14,15.0,15.0,15.0,15.0,15.0,1200,0.0,0.0
2015-09-15,15.0,15.0,15.0,15.0,15.0,0,0.0,0.0
2015-09-16,15.0,15.0,15.0,15.0,15.0,0,0.0,0.0
2015-09-17,15.0,15.0,15.0,15.0,15.0,0,0.0,0.0
2015-09-18,15.0,15.0,15.0,15.0,15.0,0,0.0,0.0
2015-09-21,15.0,15.0,15.0,15.0,15.0,0,0.0,0.0
2015-09-22,15.0,15.0,15.0,15.0,15.0,0,0.0,0.0
2015-09-23,15.0,15.0,15.0,15.0,15.0,0,0.0,0.0
2015-09-24,15.0,15.0,15.0,15.0,15.0,0,0.0,0.0
2015-09-25,15.0,15.0,15.0,15.0,15.0,0,0.0,0.0
2015-09-28,15.0,15.0,15.0,15.0,15.0,0,0.0,0.0
2015-09-29,15.0,15.0,15.0,15.0,15.0,0,0.0,0.0
2015-09-30,15.0,15.0,15.0,15.0,15.0,0,0.0,0.0
2015-10-01,15.0,15.0,15.0,15.0,15.0,0,0.0,0.0
2015-10-02,15.0,15.0,15.0,15.0,15.0,0,0.0,0.0
2015-10-05,15.0,15.0,15.0,15.0,15.0,0,0.0,0.0
2015-10-06,15.0,15.0,15.0,15.0,15.0,0,0.0,0.0
2015-10-07,15.0,15.0,15.0,15.0,15.0,0,0.0,0.0
2015-10-08,15.0,15.0,15.0,15.0,15.0,0,0.0,0.0
2015-10-09,15.0,15.0,15.0,15.0,15.0,0,0.0,0.0
2015-10-12,15.0,15.0,15.0,15.0,15.0,0,0.0,0.0
2015-10-13,15.0,15.0,15.0,15.0,15.0,0,0.0,0.0
2015-10-14,15.0,15.0,15.0,15.0,15.0,0,0.0,0.0
2015-10-15,15.0,15.0,15.0,15.0,15.0,0,0.0,0.0
2015-10-16,15.0,15.0,15.0,15.0,15.0,0,0.0,0.0
2015-10-19,15.0,15.0,15.0,15.0,15.0,0,0.0,0.0
2015-10-20,15.0,15.0,15.0,15.0,15.0,0,0.0,0.0
2015-10-21,15.0,15.0,15.0,15.0,15.0,2800,0.0,0.0
2015-10-22,15.0,15.0,15.0,15.0,15.0,0,0.0,0.0
2015-10-23,15.0,15.0,15.0,15.0,15.0,0,0.0,0.0
2015-10-26,15.0,15.0,15.0,15.0,15.0,0,0.0,0.0
2015-10-27,15.0,15.5,15.0,15.5,15.5,31500,0.0,0.0
2015-10-28,15.5,15.5,15.5,15.5,15.5,0,0.0,0.0
2015-10-29,15.5,15.5,15.5,15.5,15.5,500,0.0,0.0
2015-10-30,15.5,15.5,15.5,15.5,15.5,0,0.0,0.0
2015-11-02,15.5,15.5,15.5,15.5,15.5,0,0.0,0.0
2015-11-03,15.5,15.5,15.5,15.5,15.5,0,0.0,0.0
2015-11-04,15.5,15.5,15.5,15.5,15.5,0,0.0,0.0
2015-11-05,15.9,15.9,15.9,15.9,15.9,25000,0.0,0.0
2015-11-06,15.9,15.9,15.9,15.9,15.9,0,0.0,0.0
2015-11-09,15.9,15.9,15.9,15.9,15.9,0,0.0,0.0
2015-11-10,15.9,15.9,15.9,15.9,15.9,0,0.0,0.0
2015-11-11,15.9,15.9,15.9,15.9,15.9,0,0.0,0.0
2015-11-12,15.9,15.9,15.9,15.9,15.9,0,0.0,0.0
2015-11-13,16.700001,16.700001,16.700001,16.700001,16.700001,100,0.0,0.0
2015-11-16,16.700001,16.700001,16.700001,16.700001,16.700001,0,0.0,0.0
2015-11-17,16.700001,16.700001,16.700001,16.700001,16.700001,0,0.0,0.0
2015-11-18,16.799999,16.799999,16.799999,16.799999,16.799999,8100,0.0,0.0
2015-11-19,16.799999,16.799999,16.799999,16.799999,16.799999,100,0.0,0.0
2015-11-20,16.299999,16.299999,16.299999,16.299999,16.299999,600,0.0,0.0
2015-11-23,15.2,16.299999,15.2,16.299999,16.299999,3900,0.0,0.0
2015-11-24,16.299999,16.299999,16.299999,16.299999,16.299999,300,0.0,0.0
2015-11-25,16.299999,16.299999,16.299999,16.299999,16.299999,0,0.0,0.0
2015-11-27,16.299999,16.299999,16.299999,16.299999,16.299999,0,0.0,0.0
2015-11-30,16.299999,16.299999,16.299999,16.299999,16.299999,0,0.0,0.0
2015-12-01,16.299999,16.299999,16.299999,16.299999,16.299999,0,0.0,0.0
2015-12-02,16.299999,16.299999,16.299999,16.299999,16.299999,0,0.0,0.0
2015-12-03,16.299999,16.299999,16.299999,16.299999,16.299999,0,0.0,0.0
2015-12-04,16.299999,16.299999,16.299999,16.299999,16.299999,0,0.0,0.0
2015-12-07,16.299999,16.299999,16.299999,16.299999,16.299999,0,0.0,0.0
2015-12-08,16.299999,16.299999,16.299999,16.299999,16.299999,0,0.0,0.0
2015-12-09,16.299999,16.299999,16.299999,16.299999,16.299999,0,0.0,0.0
2015-12-10,16.299999,16.299999,16.299999,16.299999,16.299999,0,0.0,0.0
2015-12-11,16.299999,16.299999,16.299999,16.299999,16.299999,0,0.0,0.0
2015-12-14,16.299999,16.299999,16.299999,16.299999,16.299999,0,0.0,0.0
2015-12-15,16.299999,16.299999,16.299999,16.299999,16.299999,0,0.0,0.0
2015-12-16,16.299999,16.299999,16.299999,16.299999,16.299999,0,0.0,0.0
2015-12-17,16.299999,16.299999,16.299999,16.299999,16.299999,0,0.0,0.0
2015-12-18,16.299999,16.299999,16.299999,16.299999,16.299999,0,0.0,0.0
2015-12-21,16.299999,16.299999,16.299999,16.299999,16.299999,0,0.0,0.0
2015-12-22,15.9,15.9,15.9,15.9,15.9,20100,0.0,0.0
2015-12-23,15.91,15.91,15.9,15.9,15.9,500,0.0,0.0
2015-12-24,15.9,15.9,15.9,15.9,15.9,600,0.0,0.0
2015-12-28,15.9,15.9,15.75,15.9,15.9,4500,0.0,0.0
2015-12-29,15.9,15.9,15.9,15.9,15.9,0,0.0,0.0
2015-12-30,15.9,15.9,15.9,15.9,15.9,1100,0.0,0.0
2015-12-31,15.9,15.9,15.9,15.9,15.9,1000,0.0,0.0
2016-01-04,15.9,15.9,15.9,15.9,15.9,300,0.0,0.0
2016-01-05,15.9,15.9,15.9,15.9,15.9,600,0.0,0.0
2016-01-06,15.9,15.9,15.9,15.9,15.9,0,0.0,0.0
2016-01-07,15.9,15.9,15.9,15.9,15.9,40000,0.0,0.0
2016-01-08,15.9,15.9,15.9,15.9,15.9,0,0.0,0.0
2016-01-11,15.9,15.9,15.9,15.9,15.9,0,0.0,0.0
2016-01-12,15.9,15.9,15.9,15.9,15.9,0,0.0,0.0
2016-01-13,15.9,15.9,15.9,15.9,15.9,1800,0.0,0.0
2016-01-14,15.9,15.9,15.9,15.9,15.9,0,0.0,0.0
2016-01-15,15.9,15.9,15.9,15.9,15.9,0,0.0,0.0
2016-01-19,15.9,15.9,15.9,15.9,15.9,0,0.0,0.0
2016-01-20,15.8,15.8,15.8,15.8,15.8,100,0.0,0.0
2016-01-21,15.8,15.8,15.8,15.8,15.8,0,0.0,0.0
2016-01-22,15.8,15.8,15.8,15.8,15.8,0,0.0,0.0
2016-01-25,15.8,15.8,15.8,15.8,15.8,0,0.0,0.0
2016-01-26,15.75,15.75,15.65,15.75,15.75,1500,0.0,0.0
2016-01-27,15.9,15.99,15.9,15.92,15.92,80600,0.0,0.0
2016-01-28,15.85,15.85,15.8,15.8,15.8,1000,0.0,0.0
2016-01-29,15.8,15.8,15.8,15.8,15.8,0,0.0,0.0
2016-02-01,15.94,15.94,15.9,15.9,15.9,3200,0.0,0.0
2016-02-02,15.9,15.9,15.88,15.9,15.9,7300,0.0,0.0
2016-02-03,15.9,16.15,15.9,16.15,16.15,97300,0.0,0.0
2016-02-04,16.15,16.15,16.15,16.15,16.15,0,0.0,0.0
2016-02-05,16.15,16.15,16.15,16.15,16.15,0,0.0,0.0
2016-02-08,16.15,16.15,16.15,16.15,16.15,1000,0.0,0.0
2016-02-09,16.15,16.15,16.15,16.15,16.15,0,0.0,0.0
2016-02-10,16.200001,16.200001,16.200001,16.200001,16.200001,100,0.0,0.0
2016-02-11,16.200001,16.200001,16.200001,16.200001,16.200001,0,0.0,0.0
2016-02-12,16.299999,17.4,16.299999,17.4,17.4,500,0.0,0.0
2016-02-16,17.4,17.4,17.4,17.4,17.4,0,0.0,0.0
2016-02-17,17.4,17.4,17.4,17.4,17.4,0,0.0,0.0
2016-02-18,17.4,17.4,17.4,17.4,17.4,0,0.0,0.0
2016-02-19,17.4,17.4,17.4,17.4,17.4,0,0.0,0.0
2016-02-22,17.4,17.4,17.4,17.4,17.4,0,0.0,0.0
2016-02-23,17.4,17.4,17.35,17.35,17.35,500,0.0,0.0
2016-02-24,17.35,17.35,17.35,17.35,17.35,0,0.0,0.0
2016-02-25,17.35,17.35,16.25,16.25,16.25,1000,0.0,0.0
2016-02-26,16.940001,17.200001,16.940001,17.200001,17.200001,1200,0.0,0.0
2016-02-29,17.200001,17.200001,17.200001,17.200001,17.200001,0,0.0,0.0
2016-03-01,17.200001,17.200001,17.200001,17.200001,17.200001,0,0.0,0.0
2016-03-02,17.200001,17.200001,17.200001,17.200001,17.200001,0,0.0,0.0
2016-03-03,17.200001,17.200001,17.200001,17.200001,17.200001,0,0.0,0.0
2016-03-04,17.200001,17.200001,17.200001,17.200001,17.200001,0,0.0,0.0
2016-03-07,16.5,16.5,16.5,16.5,16.5,200,0.0,0.0
2016-03-08,16.799999,16.799999,16.299999,16.299999,16.299999,700,0.0,0.0
2016-03-09,16.299999,16.299999,16.299999,16.299999,16.299999,0,0.0,0.0
2016-03-10,16.299999,16.299999,16.299999,16.299999,16.299999,0,0.0,0.0
2016-03-11,16.6,16.6,16.6,16.6,16.6,1600,0.0,0.0
2016-03-14,16.5,16.75,16.5,16.75,16.75,700,0.0,0.0
2016-03-15,16.799999,16.799999,16.75,16.799999,16.799999,800,0.0,0.0
2016-03-16,16.85,16.85,16.85,16.85,16.85,400,0.0,0.0
2016-03-17,16.85,16.85,16.85,16.85,16.85,0,0.0,0.0
2016-03-18,16.700001,16.700001,16.700001,16.700001,16.700001,100,0.0,0.0
2016-03-21,16.700001,16.700001,16.700001,16.700001,16.700001,0,0.0,0.0
2016-03-22,16.700001,16.700001,16.700001,16.700001,16.700001,0,0.0,0.0
2016-03-23,16.700001,16.700001,16.700001,16.700001,16.700001,0,0.0,0.0
2016-03-24,16.700001,17.25,16.700001,17.0,17.0,1300,0.0,0.0
2016-03-28,17.0,17.0,17.0,17.0,17.0,0,0.0,0.0
2016-03-29,17.0,17.0,17.0,17.0,17.0,0,0.0,0.0
2016-03-30,17.0,17.0,17.0,17.0,17.0,0,0.0,0.0
2016-03-31,17.0,17.0,17.0,17.0,17.0,0,0.0,0.0
2016-04-01,17.0,17.0,17.0,17.0,17.0,0,0.0,0.0
2016-04-04,17.0,17.0,17.0,17.0,17.0,0,0.0,0.0
2016-04-05,17.0,17.0,17.0,17.0,17.0,0,0.0,0.0
2016-04-06,17.0,17.0,17.0,17.0,17.0,0,0.0,0.0
2016-04-07,17.0,17.0,17.0,17.0,17.0,0,0.0,0.0
2016-04-08,17.0,17.0,17.0,17.0,17.0,0,0.0,0.0
2016-04-11,16.66,16.66,16.66,16.66,16.66,400,0.0,0.0
2016-04-12,16.66,16.66,16.66,16.66,16.66,0,0.0,0.0
2016-04-13,16.66,16.66,16.66,16.66,16.66,0,0.0,0.0
2016-04-14,16.610001,16.610001,16.610001,16.610001,16.610001,100,0.0,0.0
2016-04-15,16.66,16.719999,16.66,16.719999,16.719999,2100,0.0,0.0
2016-04-18,16.719999,16.719999,16.719999,16.719999,16.719999,0,0.0,0.0
2016-04-19,16.719999,16.719999,16.719999,16.719999,16.719999,0,0.0,0.0
2016-04-20,16.719999,16.719999,16.719999,16.719999,16.719999,0,0.0,0.0
2016-04-21,16.719999,16.719999,16.719999,16.719999,16.719999,0,0.0,0.0
2016-04-22,16.719999,16.719999,16.719999,16.719999,16.719999,0,0.0,0.0
2016-04-25,16.5,16.5,16.5,16.5,16.5,200,0.0,0.0
2016-04-26,16.5,16.5,16.5,16.5,16.5,0,0.0,0.0
2016-04-27,16.5,16.5,16.5,16.5,16.5,0,0.0,0.0
2016-04-28,16.5,16.549999,16.5,16.549999,16.549999,800,0.0,0.0
2016-04-29,16.549999,16.549999,16.549999,16.549999,16.549999,200,0.0,0.0
2016-05-02,16.450001,16.450001,15.85,15.9,15.9,10400,0.0,0.0
2016-05-03,15.9,15.9,15.9,15.9,15.9,5600,0.0,0.0
2016-05-04,15.9,15.9,15.9,15.9,15.9,0,0.0,0.0
2016-05-05,15.9,15.9,15.85,15.85,15.85,1100,0.0,0.0
2016-05-06,15.85,15.85,15.85,15.85,15.85,0,0.0,0.0
2016-05-09,15.85,15.85,15.85,15.85,15.85,0,0.0,0.0
2016-05-10,16.0,16.0,16.0,16.0,16.0,100,0.0,0.0
2016-05-11,16.0,16.0,16.0,16.0,16.0,0,0.0,0.0
2016-05-12,16.0,16.0,16.0,16.0,16.0,0,0.0,0.0
2016-05-13,16.0,16.0,16.0,16.0,16.0,0,0.0,0.0
2016-05-16,15.85,15.85,15.75,15.75,15.75,700,0.0,0.0
2016-05-17,15.75,15.75,15.75,15.75,15.75,0,0.0,0.0
2016-05-18,15.75,15.75,15.75,15.75,15.75,0,0.0,0.0
2016-05-19,15.75,15.75,15.75,15.75,15.75,1700,0.0,0.0
2016-05-20,15.75,15.75,15.75,15.75,15.75,0,0.0,0.0
2016-05-23,15.95,16.0,15.95,16.0,16.0,5000,0.0,0.0
2016-05-24,16.0,16.0,16.0,16.0,16.0,0,0.0,0.0
2016-05-25,16.0,16.0,16.0,16.0,16.0,0,0.0,0.0
2016-05-26,16.0,16.0,15.85,15.85,15.85,10100,0.0,0.0
2016-05-27,15.85,15.85,15.85,15.85,15.85,0,0.0,0.0
2016-05-31,15.82,15.82,15.82,15.82,15.82,1200,0.0,0.0
2016-06-01,15.82,15.82,15.82,15.82,15.82,0,0.0,0.0
2016-06-02,15.85,15.85,15.82,15.82,15.82,5100,0.0,0.0
2016-06-03,15.82,15.82,15.82,15.82,15.82,6400,0.0,0.0
2016-06-06,15.82,15.82,15.82,15.82,15.82,0,0.0,0.0
2016-06-07,15.82,15.82,15.82,15.82,15.82,0,0.0,0.0
2016-06-08,15.81,16.0,15.81,16.0,16.0,22500,0.0,0.0
2016-06-09,16.0,16.0,16.0,16.0,16.0,0,0.0,0.0
2016-06-10,16.0,16.0,16.0,16.0,16.0,0,0.0,0.0
2016-06-13,15.81,15.81,15.81,15.81,15.81,1900,0.0,0.0
2016-06-14,15.81,15.84,15.81,15.84,15.84,18700,0.0,0.0
2016-06-15,15.85,15.85,15.75,15.75,15.75,1600,0.0,0.0
2016-06-16,15.75,15.75,15.75,15.75,15.75,0,0.0,0.0
2016-06-17,15.7,15.7,15.55,15.56,15.56,1500,0.0,0.0
2016-06-20,15.56,15.56,15.56,15.56,15.56,0,0.0,0.0
2016-06-21,15.56,15.56,15.56,15.56,15.56,0,0.0,0.0
2016-06-22,15.7,15.7,15.7,15.7,15.7,100,0.0,0.0
2016-06-23,15.7,15.7,15.7,15.7,15.7,0,0.0,0.0
2016-06-24,15.7,15.7,15.7,15.7,15.7,0,0.0,0.0
2016-06-27,15.7,15.7,15.7,15.7,15.7,0,0.0,0.0
2016-06-28,15.7,15.7,15.7,15.7,15.7,0,0.0,0.0
2016-06-29,15.56,15.56,15.56,15.56,15.56,2500,0.0,0.0
2016-06-30,15.56,15.56,15.56,15.56,15.56,0,0.0,0.0
2016-07-01,15.56,15.6,15.56,15.6,15.6,6000,0.0,0.0
2016-07-05,15.6,15.6,15.6,15.6,15.6,0,0.0,0.0
2016-07-06,15.56,15.56,15.56,15.56,15.56,100,0.0,0.0
2016-07-07,15.56,15.56,15.56,15.56,15.56,0,0.0,0.0
2016-07-08,15.56,15.56,15.56,15.56,15.56,0,0.0,0.0
2016-07-11,15.56,15.56,15.56,15.56,15.56,0,0.0,0.0
2016-07-12,15.56,15.56,15.56,15.56,15.56,0,0.0,0.0
2016-07-13,15.56,15.56,15.56,15.56,15.56,0,0.0,0.0
2016-07-14,15.56,15.56,15.56,15.56,15.56,0,0.0,0.0
2016-07-15,15.56,15.56,15.56,15.56,15.56,0,0.0,0.0
2016-07-18,15.8,15.8,15.8,15.8,15.8,100,0.0,0.0
2016-07-19,15.8,15.8,15.8,15.8,15.8,0,0.0,0.0
2016-07-20,15.8,15.8,15.8,15.8,15.8,0,0.0,0.0
2016-07-21,15.8,15.8,15.8,15.8,15.8,0,0.0,0.0
2016-07-22,15.8,15.8,15.8,15.8,15.8,0,0.0,0.0
2016-07-25,15.8,15.8,15.8,15.8,15.8,0,0.0,0.0
2016-07-26,15.8,15.8,15.8,15.8,15.8,0,0.0,0.0
2016-07-27,15.8,15.8,15.8,15.8,15.8,0,0.0,0.0
2016-07-28,15.8,15.8,15.8,15.8,15.8,0,0.0,0.0
2016-07-29,15.8,15.8,15.8,15.8,15.8,0,0.0,0.0
2016-08-01,15.8,15.8,15.8,15.8,15.8,0,0.0,0.0
2016-08-02,15.8,15.8,15.8,15.8,15.8,0,0.0,0.0
2016-08-03,15.8,15.8,15.8,15.8,15.8,0,0.0,0.0
2016-08-04,15.8,15.8,15.8,15.8,15.8,0,0.0,0.0
2016-08-05,15.8,15.8,15.8,15.8,15.8,0,0.0,0.0
2016-08-08,15.74,15.75,15.62,15.69,15.69,17500,0.0,0.0
2016-08-09,15.69,15.69,15.69,15.69,15.69,2500,0.0,0.0
2016-08-10,15.8,15.8,15.8,15.8,15.8,900,0.0,0.0
2016-08-11,15.8,15.8,15.8,15.8,15.8,1000,0.0,0.0
2016-08-12,15.8,15.8,15.8,15.8,15.8,0,0.0,0.0
2016-08-15,15.8,15.8,15.8,15.8,15.8,0,0.0,0.0
2016-08-16,15.8,15.8,15.8,15.8,15.8,0,0.0,0.0
2016-08-17,15.83,15.83,15.83,15.83,15.83,500,0.0,0.0
2016-08-18,15.83,15.83,15.83,15.83,15.83,0,0.0,0.0
2016-08-19,15.83,15.83,15.83,15.83,15.83,0,0.0,0.0
2016-08-22,15.83,15.83,15.83,15.83,15.83,0,0.0,0.0
2016-08-23,15.7,15.85,15.7,15.85,15.85,1100,0.0,0.0
2016-08-24,15.7,15.75,15.7,15.75,15.75,1000,0.0,0.0
2016-08-25,15.75,15.75,15.75,15.75,15.75,0,0.0,0.0
2016-08-26,15.75,15.75,15.75,15.75,15.75,0,0.0,0.0
2016-08-29,15.75,15.75,15.7,15.75,15.75,2400,0.0,0.0
2016-08-30,15.75,15.75,15.75,15.75,15.75,0,0.0,0.0
2016-08-31,15.75,15.75,15.75,15.75,15.75,0,0.0,0.0
2016-09-01,15.75,15.75,15.75,15.75,15.75,0,0.0,0.0
2016-09-02,15.78,15.93,15.78,15.93,15.93,1200,0.0,0.0
2016-09-06,15.95,15.95,15.95,15.95,15.95,100,0.0,0.0
2016-09-07,15.95,15.95,15.95,15.95,15.95,0,0.0,0.0
2016-09-08,15.95,15.95,15.95,15.95,15.95,0,0.0,0.0
2016-09-09,15.8,16.049999,15.8,16.049999,16.049999,2100,0.0,0.0
2016-09-12,15.9,15.9,15.9,15.9,15.9,23700,0.0,0.0
2016-09-13,15.9,15.9,15.9,15.9,15.9,0,0.0,0.0
2016-09-14,15.9,15.9,15.9,15.9,15.9,0,0.0,0.0
2016-09-15,16.049999,16.049999,16.049999,16.049999,16.049999,100,0.0,0.0
2016-09-16,16.049999,16.049999,16.049999,16.049999,16.049999,0,0.0,0.0
2016-09-19,16.049999,16.049999,16.049999,16.049999,16.049999,0,0.0,0.0
2016-09-20,16.049999,16.049999,16.049999,16.049999,16.049999,300,0.0,0.0
2016-09-21,16.200001,16.200001,16.200001,16.200001,16.200001,100,0.0,0.0
2016-09-22,16.200001,16.200001,16.200001,16.200001,16.200001,0,0.0,0.0
2016-09-23,16.200001,16.200001,16.200001,16.200001,16.200001,0,0.0,0.0
2016-09-26,16.200001,16.200001,16.200001,16.200001,16.200001,0,0.0,0.0
2016-09-27,16.200001,16.200001,16.200001,16.200001,16.200001,0,0.0,0.0
2016-09-28,16.200001,16.200001,16.200001,16.200001,16.200001,0,0.0,0.0
2016-09-29,16.200001,16.200001,16.200001,16.200001,16.200001,900,0.0,0.0
2016-09-30,16.25,16.25,16.1,16.120001,16.120001,88000,0.0,0.0
2016-10-03,16.200001,16.200001,16.15,16.200001,16.200001,35800,0.0,0.0
2016-10-04,16.200001,16.200001,16.200001,16.200001,16.200001,47900,0.0,0.0
2016-10-05,16.25,16.25,16.25,16.25,16.25,500,0.0,0.0
2016-10-06,16.25,16.25,16.25,16.25,16.25,100,0.0,0.0
2016-10-07,16.25,16.25,16.25,16.25,16.25,0,0.0,0.0
2016-10-10,16.200001,16.200001,16.18,16.200001,16.200001,55600,0.0,0.0
2016-10-11,16.219999,16.25,16.219999,16.25,16.25,2800,0.0,0.0
2016-10-12,16.25,16.25,16.25,16.25,16.25,0,0.0,0.0
2016-10-13,16.25,16.35,16.25,16.35,16.35,3000,0.0,0.0
2016-10-14,16.35,16.35,16.35,16.35,16.35,0,0.0,0.0
2016-10-17,16.25,16.25,16.25,16.25,16.25,1000,0.0,0.0
2016-10-18,16.299999,16.389999,16.299999,16.389999,16.389999,300,0.0,0.0
2016-10-19,16.450001,16.5,16.35,16.450001,16.450001,84800,0.0,0.0
2016-10-20,16.75,16.75,16.75,16.75,16.75,100,0.0,0.0
2016-10-21,16.85,16.85,16.85,16.85,16.85,100,0.0,0.0
2016-10-24,16.85,16.85,16.85,16.85,16.85,0,0.0,0.0
2016-10-25,16.85,16.85,16.85,16.85,16.85,0,0.0,0.0
2016-10-26,16.549999,16.549999,16.549999,16.549999,16.549999,200,0.0,0.0
2016-10-27,16.549999,16.549999,16.549999,16.549999,16.549999,0,0.0,0.0
2016-10-28,16.549999,16.549999,16.549999,16.549999,16.549999,0,0.0,0.0
2016-10-31,16.549999,16.549999,16.549999,16.549999,16.549999,0,0.0,0.0
2016-11-01,16.549999,16.549999,16.549999,16.549999,16.549999,0,0.0,0.0
2016-11-02,16.799999,16.799999,16.799999,16.799999,16.799999,24400,0.0,0.0
2016-11-03,16.700001,16.700001,16.700001,16.700001,16.700001,5200,0.0,0.0
2016-11-04,16.700001,16.700001,16.700001,16.700001,16.700001,0,0.0,0.0
2016-11-07,16.700001,16.700001,16.700001,16.700001,16.700001,0,0.0,0.0
2016-11-08,16.700001,16.700001,16.700001,16.700001,16.700001,0,0.0,0.0
2016-11-09,16.700001,16.700001,16.700001,16.700001,16.700001,0,0.0,0.0
2016-11-10,16.700001,16.700001,16.700001,16.700001,16.700001,0,0.0,0.0
2016-11-11,16.9,17.0,16.9,17.0,17.0,700,0.0,0.0
2016-11-14,17.0,17.1,17.0,17.1,17.1,1900,0.0,0.0
2016-11-15,17.1,17.1,17.1,17.1,17.1,100,0.0,0.0
2016-11-16,17.1,17.1,17.1,17.1,17.1,0,0.0,0.0
2016-11-17,17.1,17.1,17.1,17.1,17.1,0,0.0,0.0
2016-11-18,17.200001,17.200001,17.200001,17.200001,17.200001,100,0.0,0.0
2016-11-21,17.200001,17.200001,17.200001,17.200001,17.200001,0,0.0,0.0
2016-11-22,17.200001,17.200001,17.200001,17.200001,17.200001,0,0.0,0.0
2016-11-23,17.200001,17.200001,17.200001,17.200001,17.200001,0,0.0,0.0
2016-11-25,17.200001,17.200001,17.200001,17.200001,17.200001,0,0.0,0.0
2016-11-28,17.299999,17.299999,17.299999,17.299999,17.299999,200,0.0,0.0
2016-11-29,17.299999,17.299999,17.299999,17.299999,17.299999,0,0.0,0.0
2016-11-30,17.299999,17.5,17.299999,17.5,17.5,300,0.0,0.0
2016-12-01,17.0,17.35,17.0,17.35,17.35,600,0.0,0.0
2016-12-02,17.35,17.35,17.35,17.35,17.35,0,0.0,0.0
2016-12-05,17.35,17.35,17.35,17.35,17.35,0,0.0,0.0
2016-12-06,17.35,17.35,17.35,17.35,17.35,0,0.0,0.0
2016-12-07,17.540001,17.549999,17.540001,17.549999,17.549999,700,0.0,0.0
2016-12-08,17.549999,17.549999,17.549999,17.549999,17.549999,0,0.0,0.0
2016-12-09,17.549999,17.549999,17.549999,17.549999,17.549999,1200,0.0,0.0
2016-12-12,17.75,18.200001,17.75,18.0,18.0,42900,0.0,0.0
2016-12-13,18.25,18.5,18.1,18.299999,18.299999,83600,0.0,0.0
2016-12-14,18.299999,18.299999,18.299999,18.299999,18.299999,0,0.0,0.0
2016-12-15,18.450001,18.6,18.450001,18.6,18.6,200,0.0,0.0
2016-12-16,18.700001,19.25,18.700001,19.25,19.25,800,0.0,0.0
2016-12-19,19.25,19.25,19.25,19.25,19.25,0,0.0,0.0
2016-12-20,18.65,18.65,18.299999,18.6,18.6,9900,0.0,0.0
2016-12-21,18.6,18.6,18.6,18.6,18.6,0,0.0,0.0
2016-12-22,18.66,18.700001,18.66,18.700001,18.700001,700,0.0,0.0
2016-12-23,18.700001,18.700001,18.700001,18.700001,18.700001,0,0.0,0.0
2016-12-27,18.700001,19.299999,18.700001,19.299999,19.299999,1300,0.0,0.0
2016-12-28,19.0,19.0,19.0,19.0,19.0,9500,0.0,0.0
2016-12-29,19.0,19.0,18.860001,19.0,19.0,7900,0.0,0.0
2016-12-30,19.379999,19.379999,19.379999,19.379999,19.379999,100,0.0,0.0
2017-01-03,19.379999,19.379999,19.379999,19.379999,19.379999,0,0.0,0.0
2017-01-04,19.379999,19.379999,19.379999,19.379999,19.379999,0,0.0,0.0
2017-01-05,19.379999,19.379999,19.379999,19.379999,19.379999,0,0.0,0.0
2017-01-06,19.07,19.299999,19.07,19.299999,19.299999,1600,0.0,0.0
2017-01-09,19.299999,19.299999,19.299999,19.299999,19.299999,0,0.0,0.0
2017-01-10,19.299999,19.299999,19.299999,19.299999,19.299999,0,0.0,0.0
2017-01-11,19.4,19.4,19.200001,19.4,19.4,26100,0.0,0.0
2017-01-12,19.4,19.4,19.4,19.4,19.4,0,0.0,0.0
2017-01-13,19.4,19.5,19.4,19.5,19.5,29800,0.0,0.0
2017-01-17,19.549999,19.549999,19.549999,19.549999,19.549999,2200,0.0,0.0
2017-01-18,19.6,19.799999,19.6,19.799999,19.799999,3000,0.0,0.0
2017-01-19,19.85,19.85,19.85,19.85,19.85,300,0.0,0.0
2017-01-20,19.85,19.85,19.85,19.85,19.85,0,0.0,0.0
2017-01-23,19.85,19.85,19.85,19.85,19.85,0,0.0,0.0
2017-01-24,19.85,20.200001,19.85,20.200001,20.200001,7300,0.0,0.0
2017-01-25,20.5,20.75,20.5,20.75,20.75,200,0.0,0.0
2017-01-26,20.75,20.75,20.75,20.75,20.75,0,0.0,0.0
2017-01-27,20.75,20.75,20.75,20.75,20.75,0,0.0,0.0
2017-01-30,20.75,20.75,20.75,20.75,20.75,0,0.0,0.0
2017-01-31,20.75,20.75,20.75,20.75,20.75,0,0.0,0.0
2017-02-01,20.75,20.75,20.75,20.75,20.75,0,0.0,0.0
2017-02-02,20.75,20.75,20.75,20.75,20.75,0,0.0,0.0
2017-02-03,20.75,20.75,20.75,20.75,20.75,0,0.0,0.0
2017-02-06,20.700001,20.75,20.700001,20.75,20.75,1300,0.0,0.0
2017-02-07,20.75,21.0,20.75,21.0,21.0,1100,0.0,0.0
2017-02-08,21.25,21.25,21.0,21.0,21.0,5600,0.0,0.0
2017-02-09,21.0,21.0,21.0,21.0,21.0,10800,0.0,0.0
2017-02-10,21.0,21.0,21.0,21.0,21.0,0,0.0,0.0
2017-02-13,21.0,21.0,21.0,21.0,21.0,0,0.0,0.0
2017-02-14,21.1,22.5,21.1,22.360001,22.360001,16100,0.0,0.0
2017-02-15,22.200001,22.5,22.049999,22.35,22.35,110900,0.0,0.0
2017-02-16,22.35,22.35,22.35,22.35,22.35,1000,0.0,0.0
2017-02-17,22.549999,22.76,22.5,22.76,22.76,5900,0.0,0.0
2017-02-21,22.799999,22.799999,22.5,22.5,22.5,63500,0.0,0.0
2017-02-22,22.700001,23.0,22.700001,23.0,23.0,15200,0.0,0.0
2017-02-23,22.75,22.75,22.75,22.75,22.75,100,0.0,0.0
2017-02-24,22.75,22.75,22.75,22.75,22.75,2300,0.0,0.0
2017-02-27,22.799999,23.25,22.799999,23.0,23.0,4500,0.0,0.0
2017-02-28,23.0,23.0,22.75,22.75,22.75,5500,0.0,0.0
2017-03-01,22.75,22.75,22.75,22.75,22.75,8600,0.0,0.0
2017-03-02,23.0,23.5,23.0,23.5,23.5,1000,0.0,0.0
2017-03-03,23.5,23.5,23.5,23.5,23.5,0,0.0,0.0
2017-03-06,23.059999,23.059999,23.0,23.0,23.0,20600,0.0,0.0
2017-03-07,23.0,23.0,23.0,23.0,23.0,0,0.0,0.0
2017-03-08,22.809999,22.809999,22.75,22.75,22.75,2500,0.0,0.0
2017-03-09,22.75,23.0,22.75,23.0,23.0,13200,0.0,0.0
2017-03-10,23.0,23.0,23.0,23.0,23.0,0,0.0,0.0
2017-03-13,23.0,23.0,23.0,23.0,23.0,400,0.0,0.0
2017-03-14,23.0,23.0,23.0,23.0,23.0,0,0.0,0.0
2017-03-15,23.09,23.09,23.09,23.09,23.09,400,0.0,0.0
2017-03-16,23.09,23.09,23.09,23.09,23.09,0,0.0,0.0
2017-03-17,23.09,23.09,23.09,23.09,23.09,0,0.0,0.0
2017-03-20,23.09,23.09,23.09,23.09,23.09,0,0.0,0.0
2017-03-21,22.85,22.85,22.85,22.85,22.85,1000,0.0,0.0
2017-03-22,22.85,22.85,22.85,22.85,22.85,0,0.0,0.0
2017-03-23,22.85,22.85,22.85,22.85,22.85,0,0.0,0.0
2017-03-24,22.85,22.85,22.85,22.85,22.85,0,0.0,0.0
2017-03-27,22.85,22.85,22.85,22.85,22.85,0,0.0,0.0
2017-03-28,22.85,22.85,22.85,22.85,22.85,0,0.0,0.0
2017-03-29,22.85,22.85,22.85,22.85,22.85,0,0.0,0.0
2017-03-30,22.85,22.85,22.85,22.85,22.85,0,0.0,0.0
2017-03-31,23.0,23.0,22.76,22.76,22.76,6100,0.0,0.0
2017-04-03,22.950001,22.950001,22.950001,22.950001,22.950001,400,0.0,0.0
2017-04-04,22.950001,22.950001,22.950001,22.950001,22.950001,0,0.0,0.0
2017-04-05,22.75,22.75,22.75,22.75,22.75,1700,0.0,0.0
2017-04-06,22.75,22.879999,22.700001,22.700001,22.700001,1500,0.0,0.0
2017-04-07,22.6,22.68,22.549999,22.549999,22.549999,5400,0.0,0.0
2017-04-10,22.5,22.5,22.1,22.1,22.1,1100,0.0,0.0
2017-04-11,22.08,22.08,21.75,21.75,21.75,1700,0.0,0.0
2017-04-12,21.25,21.75,21.25,21.25,21.25,8200,0.0,0.0
2017-04-13,21.25,21.25,21.1,21.25,21.25,18700,0.0,0.0
2017-04-17,21.25,21.25,21.25,21.25,21.25,0,0.0,0.0
2017-04-18,21.049999,21.1,21.049999,21.1,21.1,6900,0.0,0.0
2017-04-19,21.299999,21.299999,21.299999,21.299999,21.299999,7000,0.0,0.0
2017-04-20,21.200001,21.99,21.200001,21.75,21.75,12300,0.0,0.0
2017-04-21,21.75,21.75,21.75,21.75,21.75,6200,0.0,0.0
2017-04-24,21.799999,22.0,21.799999,22.0,22.0,101700,0.0,0.0
2017-04-25,22.0,22.6,22.0,22.6,22.6,35700,0.0,0.0
2017-04-26,22.5,22.75,22.5,22.75,22.75,44800,0.0,0.0
2017-04-27,22.700001,22.85,22.700001,22.85,22.85,22600,0.0,0.0
2017-04-28,22.950001,23.0,22.85,22.85,22.85,8600,0.0,0.0
2017-05-01,23.200001,23.25,23.0,23.0,23.0,1200,0.0,0.0
2017-05-02,23.1,23.1,23.0,23.049999,23.049999,66200,0.0,0.0
2017-05-03,23.049999,23.049999,23.049999,23.049999,23.049999,0,0.0,0.0
2017-05-04,23.049999,23.049999,23.049999,23.049999,23.049999,14300,0.0,0.0
2017-05-05,23.049999,23.049999,23.049999,23.049999,23.049999,0,0.0,0.0
2017-05-08,23.049999,23.200001,23.049999,23.200001,23.200001,61400,0.0,0.0
2017-05-09,23.1,23.15,23.049999,23.1,23.1,45000,0.0,0.0
2017-05-10,23.1,23.1,23.1,23.1,23.1,0,0.0,0.0
2017-05-11,23.1,23.1,23.1,23.1,23.1,5500,0.0,0.0
2017-05-12,23.049999,23.049999,23.049999,23.049999,23.049999,1300,0.0,0.0
2017-05-15,23.049999,23.049999,23.049999,23.049999,23.049999,1100,0.0,0.0
2017-05-16,23.049999,23.049999,23.049999,23.049999,23.049999,0,0.0,0.0
2017-05-17,23.049999,23.1,23.049999,23.1,23.1,1800,0.0,0.0
2017-05-18,23.1,23.1,23.1,23.1,23.1,2800,0.0,0.0
2017-05-19,23.1,23.120001,23.1,23.110001,23.110001,6200,0.0,0.0
2017-05-22,23.1,23.1,23.049999,23.049999,23.049999,3700,0.0,0.0
2017-05-23,23.049999,23.049999,23.049999,23.049999,23.049999,0,0.0,0.0
2017-05-24,23.049999,23.15,23.049999,23.15,23.15,700,0.0,0.0
2017-05-25,23.1,23.1,23.1,23.1,23.1,1200,0.0,0.0
2017-05-26,23.049999,23.049999,23.0,23.0,23.0,1300,0.0,0.0
2017-05-30,23.030001,23.1,23.030001,23.1,23.1,1400,0.0,0.0
2017-05-31,23.1,23.1,23.1,23.1,23.1,0,0.0,0.0
2017-06-01,23.15,23.15,23.15,23.15,23.15,6700,0.0,0.0
2017-06-02,23.15,23.15,23.15,23.15,23.15,0,0.0,0.0
2017-06-05,23.049999,23.15,23.049999,23.15,23.15,6600,0.0,0.0
2017-06-06,23.15,23.15,23.15,23.15,23.15,1500,0.0,0.0
2017-06-07,23.15,23.15,23.15,23.15,23.15,0,0.0,0.0
2017-06-08,23.1,23.1,23.1,23.1,23.1,1500,0.0,0.0
2017-06-09,23.1,23.1,23.1,23.1,23.1,0,0.0,0.0
2017-06-12,23.1,23.1,23.1,23.1,23.1,0,0.0,0.0
2017-06-13,23.049999,23.049999,23.0,23.0,23.0,6500,0.0,0.0
2017-06-14,23.0,23.0,23.0,23.0,23.0,0,0.0,0.0
2017-06-15,23.0,23.0,23.0,23.0,23.0,4600,0.0,0.0
2017-06-16,23.0,23.0,23.0,23.0,23.0,400,0.0,0.0
2017-06-19,23.0,23.0,23.0,23.0,23.0,0,0.0,0.0
2017-06-20,23.0,23.0,23.0,23.0,23.0,0,0.0,0.0
2017-06-21,23.0,23.0,23.0,23.0,23.0,0,0.0,0.0
2017-06-22,23.0,23.0,23.0,23.0,23.0,1000,0.0,0.0
2017-06-23,23.0,23.0,23.0,23.0,23.0,0,0.0,0.0
2017-06-26,23.0,23.0,23.0,23.0,23.0,0,0.0,0.0
2017-06-27,23.0,23.0,23.0,23.0,23.0,0,0.0,0.0
2017-06-28,23.0,23.0,23.0,23.0,23.0,0,0.0,0.0
2017-06-29,23.049999,23.049999,23.049999,23.049999,23.049999,100,0.0,0.0
2017-06-30,23.0,23.049999,23.0,23.049999,23.049999,3500,0.0,0.0
2017-07-03,23.049999,23.049999,23.049999,23.049999,23.049999,0,0.0,0.0
2017-07-05,23.049999,23.15,23.049999,23.15,23.15,1300,0.0,0.0
2017-07-06,23.049999,23.049999,23.0,23.0,23.0,8200,0.0,0.0
2017-07-07,23.0,23.0,23.0,23.0,23.0,0,0.0,0.0
2017-07-10,23.0,23.0,23.0,23.0,23.0,0,0.0,0.0
2017-07-11,23.0,23.0,23.0,23.0,23.0,0,0.0,0.0
2017-07-12,23.0,23.0,23.0,23.0,23.0,500,0.0,0.0
2017-07-13,23.0,23.0,23.0,23.0,23.0,600,0.0,0.0
2017-07-14,23.0,23.0,23.0,23.0,23.0,0,0.0,0.0
2017-07-17,23.0,23.0,23.0,23.0,23.0,0,0.0,0.0
2017-07-18,23.0,23.0,23.0,23.0,23.0,0,0.0,0.0
2017-07-19,23.0,23.0,23.0,23.0,23.0,600,0.0,0.0
2017-07-20,23.049999,23.049999,23.049999,23.049999,23.049999,1000,0.0,0.0
2017-07-21,23.0,23.049999,23.0,23.0,23.0,2300,0.0,0.0
2017-07-24,23.0,23.0,23.0,23.0,23.0,5100,0.0,0.0
2017-07-25,23.0,23.0,23.0,23.0,23.0,0,0.0,0.0
2017-07-26,23.0,23.0,23.0,23.0,23.0,800,0.0,0.0
2017-07-27,23.0,23.0,23.0,23.0,23.0,2600,0.0,0.0
2017-07-28,23.0,23.0,23.0,23.0,23.0,200,0.0,0.0
2017-07-31,23.0,23.0,23.0,23.0,23.0,0,0.0,0.0
2017-08-01,23.01,23.049999,23.0,23.049999,23.049999,4400,0.0,0.0
2017-08-02,23.049999,23.049999,23.049999,23.049999,23.049999,0,0.0,0.0
2017-08-03,23.1,23.1,23.1,23.1,23.1,200,0.0,0.0
2017-08-04,23.15,23.25,23.15,23.25,23.25,1200,0.0,0.0
2017-08-07,23.25,23.25,23.25,23.25,23.25,0,0.0,0.0
2017-08-08,23.1,23.1,23.1,23.1,23.1,300,0.0,0.0
2017-08-09,23.1,23.1,23.1,23.1,23.1,0,0.0,0.0
2017-08-10,23.1,23.1,23.1,23.1,23.1,0,0.0,0.0
2017-08-11,23.1,23.1,23.1,23.1,23.1,0,0.0,0.0
2017-08-14,23.1,23.1,23.1,23.1,23.1,1500,0.0,0.0
2017-08-15,23.1,23.1,23.1,23.1,23.1,100,0.0,0.0
2017-08-16,23.1,23.1,23.1,23.1,23.1,0,0.0,0.0
2017-08-17,23.1,23.1,23.1,23.1,23.1,0,0.0,0.0
2017-08-18,23.1,23.1,23.1,23.1,23.1,0,0.0,0.0
2017-08-21,23.1,23.1,23.1,23.1,23.1,4700,0.0,0.0
2017-08-22,23.1,23.1,23.1,23.1,23.1,0,0.0,0.0
2017-08-23,23.1,23.1,23.1,23.1,23.1,0,0.0,0.0
2017-08-24,23.1,23.1,23.1,23.1,23.1,200,0.0,0.0
2017-08-25,23.1,23.1,23.1,23.1,23.1,0,0.0,0.0
2017-08-28,23.1,23.1,23.1,23.1,23.1,0,0.0,0.0
2017-08-29,23.1,23.1,23.1,23.1,23.1,0,0.0,0.0
2017-08-30,23.1,23.1,23.1,23.1,23.1,200,0.0,0.0
2017-08-31,23.1,23.1,23.1,23.1,23.1,0,0.0,0.0
2017-09-01,23.1,23.1,23.1,23.1,23.1,6300,0.0,0.0
2017-09-05,23.15,23.15,23.15,23.15,23.15,200,0.0,0.0
2017-09-06,23.15,23.15,23.15,23.15,23.15,100,0.0,0.0
2017-09-07,23.15,23.15,23.15,23.15,23.15,4000,0.0,0.0
2017-09-08,23.15,23.15,23.15,23.15,23.15,11300,0.0,0.0
2017-09-11,23.1,23.1,23.1,23.1,23.1,175600,0.0,0.0
2017-09-12,23.15,23.15,23.15,23.15,23.15,200,0.0,0.0
2017-09-13,23.15,23.15,23.15,23.15,23.15,0,0.0,0.0
2017-09-14,23.15,23.15,23.15,23.15,23.15,500,0.0,0.0
2017-09-15,23.15,23.15,23.15,23.15,23.15,0,0.0,0.0
2017-09-18,23.25,23.25,23.25,23.25,23.25,800,0.0,0.0
2017-09-19,23.25,23.26,23.16,23.26,23.26,14100,0.0,0.0
2017-09-20,23.26,23.26,23.26,23.26,23.26,0,0.0,0.0
2017-09-21,23.26,23.26,23.26,23.26,23.26,0,0.0,0.0
2017-09-22,23.35,23.35,23.35,23.35,23.35,300,0.0,0.0
2017-09-25,23.35,23.35,23.35,23.35,23.35,0,0.0,0.0
2017-09-26,23.16,23.35,23.16,23.35,23.35,600,0.0,0.0
2017-09-27,23.4,23.4,23.4,23.4,23.4,100,0.0,0.0
2017-09-28,23.25,23.25,23.16,23.16,23.16,2500,0.0,0.0
2017-09-29,23.16,23.16,23.16,23.16,23.16,0,0.0,0.0
2017-10-02,23.16,23.16,23.16,23.16,23.16,3300,0.0,0.0
2017-10-03,23.200001,23.4,23.200001,23.200001,23.200001,3200,0.0,0.0
2017-10-04,23.200001,23.200001,23.200001,23.200001,23.200001,1000,0.0,0.0
2017-10-05,23.200001,23.200001,23.200001,23.200001,23.200001,1000,0.0,0.0
2017-10-06,23.200001,23.200001,23.200001,23.200001,23.200001,0,0.0,0.0
2017-10-09,23.200001,23.200001,23.200001,23.200001,23.200001,200,0.0,0.0
2017-10-10,23.25,23.25,23.25,23.25,23.25,1000,0.0,0.0
2017-10-11,23.299999,23.299999,23.25,23.25,23.25,5000,0.0,0.0
2017-10-12,23.25,23.25,23.25,23.25,23.25,0,0.0,0.0
2017-10-13,23.25,23.25,23.25,23.25,23.25,0,0.0,0.0
2017-10-16,23.25,23.25,23.25,23.25,23.25,0,0.0,0.0
2017-10-17,23.25,23.25,23.25,23.25,23.25,0,0.0,0.0
2017-10-18,23.450001,23.450001,23.450001,23.450001,23.450001,500,0.0,0.0
2017-10-19,23.450001,23.450001,23.450001,23.450001,23.450001,0,0.0,0.0
2017-10-20,23.450001,23.450001,23.450001,23.450001,23.450001,0,0.0,0.0
2017-10-23,23.299999,23.450001,23.25,23.25,23.25,4300,0.0,0.0
2017-10-24,23.25,23.25,23.25,23.25,23.25,0,0.0,0.0
2017-10-25,23.25,23.25,23.25,23.25,23.25,0,0.0,0.0
2017-10-26,23.5,23.5,23.5,23.5,23.5,100,0.0,0.0
2017-10-27,23.5,23.5,23.5,23.5,23.5,0,0.0,0.0
2017-10-30,23.5,23.5,23.299999,23.299999,23.299999,300,0.0,0.0
2017-10-31,23.75,23.75,23.75,23.75,23.75,50000,0.0,0.0
2017-11-01,23.75,23.75,23.75,23.75,23.75,0,0.0,0.0
2017-11-02,23.75,23.75,23.75,23.75,23.75,0,0.0,0.0
2017-11-03,23.75,23.75,23.75,23.75,23.75,0,0.0,0.0
2017-11-06,23.75,23.75,23.75,23.75,23.75,0,0.0,0.0
2017-11-07,23.75,23.75,23.75,23.75,23.75,0,0.0,0.0
2017-11-08,23.75,23.75,23.75,23.75,23.75,100,0.0,0.0
2017-11-09,23.75,23.75,23.75,23.75,23.75,50000,0.0,0.0
2017-11-10,23.75,23.75,23.75,23.75,23.75,0,0.0,0.0
2017-11-13,23.75,24.0,23.75,24.0,24.0,104800,0.0,0.0
2017-11-14,24.25,24.25,24.129999,24.129999,24.129999,500,0.0,0.0
2017-11-15,24.129999,24.129999,24.129999,24.129999,24.129999,0,0.0,0.0
2017-11-16,24.129999,24.129999,24.129999,24.129999,24.129999,0,0.0,0.0
2017-11-17,24.129999,24.129999,24.129999,24.129999,24.129999,0,0.0,0.0
2017-11-20,24.129999,24.129999,24.129999,24.129999,24.129999,0,0.0,0.0
2017-11-21,24.129999,24.129999,24.129999,24.129999,24.129999,0,0.0,0.0
2017-11-22,24.08,24.08,24.0,24.0,24.0,500,0.0,0.0
2017-11-24,24.0,24.0,24.0,24.0,24.0,0,0.0,0.0
2017-11-27,24.0,24.0,24.0,24.0,24.0,0,0.0,0.0
2017-11-28,24.0,24.049999,24.0,24.0,24.0,15400,0.0,0.0
2017-11-29,24.1,24.5,24.1,24.5,24.5,4900,0.0,0.0
2017-11-30,24.5,24.5,24.5,24.5,24.5,100,0.0,0.0
2017-12-01,24.5,24.5,24.5,24.5,24.5,0,0.0,0.0
2017-12-04,24.5,24.5,24.200001,24.200001,24.200001,2300,0.0,0.0
2017-12-05,24.200001,24.200001,24.200001,24.200001,24.200001,7400,0.0,0.0
2017-12-06,24.1,24.15,24.1,24.15,24.15,49000,0.0,0.0
2017-12-07,24.15,24.15,24.15,24.15,24.15,0,0.0,0.0
2017-12-08,24.15,24.15,24.15,24.15,24.15,0,0.0,0.0
2017-12-11,24.15,24.15,24.15,24.15,24.15,0,0.0,0.0
2017-12-12,24.0,24.0,24.0,24.0,24.0,500,0.0,0.0
2017-12-13,24.0,24.0,24.0,24.0,24.0,0,0.0,0.0
2017-12-14,24.25,24.700001,24.15,24.65,24.65,8200,0.0,0.0
2017-12-15,24.700001,24.700001,24.700001,24.700001,24.700001,200,0.0,0.0
2017-12-18,24.700001,24.700001,24.700001,24.700001,24.700001,0,0.0,0.0
2017-12-19,24.75,25.0,24.75,25.0,25.0,9200,0.0,0.0
2017-12-20,25.200001,25.200001,25.200001,25.200001,25.200001,1000,0.0,0.0
2017-12-21,25.049999,25.25,25.049999,25.25,25.25,2600,0.0,0.0
2017-12-22,25.299999,25.299999,25.299999,25.299999,25.299999,100,0.0,0.0
2017-12-26,25.299999,25.299999,25.299999,25.299999,25.299999,0,0.0,0.0
2017-12-27,25.299999,25.299999,25.299999,25.299999,25.299999,0,0.0,0.0
2017-12-28,25.450001,25.450001,25.450001,25.450001,25.450001,100,0.0,0.0
2017-12-29,25.450001,25.450001,25.450001,25.450001,25.450001,0,0.0,0.0
2018-01-02,25.450001,25.450001,25.450001,25.450001,25.450001,4600,0.0,0.0
2018-01-03,25.35,25.450001,25.0,25.200001,25.200001,2000,0.0,0.0
2018-01-04,25.5,25.5,25.5,25.5,25.5,200,0.0,0.0
2018-01-05,25.5,25.5,25.5,25.5,25.5,0,0.0,0.0
2018-01-08,25.5,25.5,25.5,25.5,25.5,0,0.0,0.0
2018-01-09,25.5,25.5,25.5,25.5,25.5,0,0.0,0.0
2018-01-10,24.99,24.99,24.99,24.99,24.99,200,0.0,0.0
2018-01-11,25.0,25.0,25.0,25.0,25.0,1000,0.0,0.0
2018-01-12,25.0,25.0,25.0,25.0,25.0,8800,0.0,0.0
2018-01-16,25.0,25.0,25.0,25.0,25.0,500,0.0,0.0
2018-01-17,25.0,25.0,25.0,25.0,25.0,0,0.0,0.0
2018-01-18,24.9,25.0,24.9,25.0,25.0,4500,0.0,0.0
2018-01-19,25.0,25.0,25.0,25.0,25.0,0,0.0,0.0
2018-01-22,25.049999,25.25,25.049999,25.25,25.25,2000,0.0,0.0
2018-01-23,25.450001,25.5,25.25,25.299999,25.299999,8800,0.0,0.0
2018-01-24,25.049999,25.5,25.049999,25.299999,25.299999,2000,0.0,0.0
2018-01-25,25.0,25.6,25.0,25.6,25.6,6200,0.0,0.0
2018-01-26,25.5,25.6,25.5,25.6,25.6,5700,0.0,0.0
2018-01-29,25.6,25.6,25.6,25.6,25.6,0,0.0,0.0
2018-01-30,25.6,25.65,25.0,25.65,25.65,2000,0.0,0.0
2018-01-31,25.65,25.65,25.65,25.65,25.65,0,0.0,0.0
2018-02-01,25.65,25.65,25.65,25.65,25.65,0,0.0,0.0
2018-02-02,25.65,25.65,25.65,25.65,25.65,6300,0.0,0.0
2018-02-05,25.1,25.299999,25.01,25.299999,25.299999,1500,0.0,0.0
2018-02-06,25.299999,25.299999,25.299999,25.299999,25.299999,0,0.0,0.0
2018-02-07,25.6,25.6,25.5,25.5,25.5,10300,0.0,0.0
2018-02-08,25.59,25.68,25.299999,25.59,25.59,2700,0.0,0.0
2018-02-09,25.59,25.59,25.59,25.59,25.59,0,0.0,0.0
2018-02-12,25.299999,25.299999,25.299999,25.299999,25.299999,200,0.0,0.0
2018-02-13,25.299999,25.299999,25.299999,25.299999,25.299999,0,0.0,0.0
2018-02-14,25.59,25.59,25.59,25.59,25.59,200,0.0,0.0
2018-02-15,25.59,25.59,25.59,25.59,25.59,0,0.0,0.0
2018-02-16,25.6,25.6,25.6,25.6,25.6,1000,0.0,0.0
2018-02-20,25.6,25.6,25.6,25.6,25.6,0,0.0,0.0
2018-02-21,25.6,25.6,25.6,25.6,25.6,0,0.0,0.0
2018-02-22,25.4,25.6,25.4,25.6,25.6,9700,0.0,0.0
2018-02-23,25.6,25.6,25.6,25.6,25.6,0,0.0,0.0
2018-02-26,25.6,25.6,25.6,25.6,25.6,0,0.0,0.0
2018-02-27,25.6,25.6,25.6,25.6,25.6,0,0.0,0.0
2018-02-28,25.6,25.6,25.6,25.6,25.6,0,0.0,0.0
2018-03-01,25.6,25.6,25.6,25.6,25.6,2300,0.0,0.0
2018-03-02,25.6,25.6,25.6,25.6,25.6,0,0.0,0.0
2018-03-05,25.549999,25.700001,25.549999,25.549999,25.549999,5200,0.0,0.0
2018-03-06,25.549999,25.549999,25.549999,25.549999,25.549999,0,0.0,0.0
2018-03-07,25.65,25.75,25.65,25.65,25.65,3400,0.0,0.0
2018-03-08,25.75,25.75,25.75,25.75,25.75,400,0.0,0.0
2018-03-09,25.799999,25.84,25.75,25.84,25.84,12100,0.0,0.0
2018-03-12,25.84,26.1,25.84,26.1,26.1,6600,0.0,0.0
2018-03-13,26.1,26.1,26.1,26.1,26.1,0,0.0,0.0
2018-03-14,26.299999,26.35,25.860001,25.860001,25.860001,2100,0.0,0.0
2018-03-15,26.0,26.25,26.0,26.25,26.25,6000,0.0,0.0
2018-03-16,26.4,26.75,26.4,26.4,26.4,7500,0.0,0.0
2018-03-19,26.4,26.4,26.4,26.4,26.4,0,0.0,0.0
2018-03-20,26.4,26.4,26.4,26.4,26.4,0,0.0,0.0
2018-03-21,26.4,26.4,26.4,26.4,26.4,0,0.0,0.0
2018-03-22,26.4,26.4,26.4,26.4,26.4,0,0.0,0.0
2018-03-23,26.4,26.4,26.4,26.4,26.4,0,0.0,0.0
2018-03-26,26.4,26.4,26.4,26.4,26.4,0,0.0,0.0
2018-03-27,26.4,26.4,26.4,26.4,26.4,0,0.0,0.0
2018-03-28,25.9,25.9,25.9,25.9,25.9,0,0.0,0.0
2018-03-29,26.299999,26.299999,26.299999,26.299999,26.299999,200,0.0,0.0
2018-04-02,26.299999,26.299999,26.299999,26.299999,26.299999,0,0.0,0.0
2018-04-03,26.299999,26.299999,26.299999,26.299999,26.299999,0,0.0,0.0
2018-04-04,26.299999,26.299999,26.299999,26.299999,26.299999,2300,0.0,0.0
2018-04-05,26.299999,26.299999,26.299999,26.299999,26.299999,0,0.0,0.0
2018-04-06,26.299999,26.299999,26.299999,26.299999,26.299999,0,0.0,0.0
2018-04-09,26.450001,26.5,26.450001,26.5,26.5,6300,0.0,0.0
2018-04-10,26.5,26.549999,26.5,26.549999,26.549999,20200,0.0,0.0
2018-04-11,26.549999,26.549999,26.549999,26.549999,26.549999,0,0.0,0.0
2018-04-12,26.549999,26.549999,26.549999,26.549999,26.549999,0,0.0,0.0
2018-04-13,26.549999,26.549999,26.549999,26.549999,26.549999,0,0.0,0.0
2018-04-16,26.549999,26.549999,26.549999,26.549999,26.549999,0,0.0,0.0
2018-04-17,26.549999,26.549999,26.549999,26.549999,26.549999,0,0.0,0.0
2018-04-18,26.15,26.9,26.15,26.75,26.75,15200,0.0,0.0
2018-04-19,27.0,27.049999,26.6,26.65,26.65,80500,0.0,0.0
2018-04-20,26.65,26.65,26.65,26.65,26.65,0,0.0,0.0
2018-04-23,26.75,26.75,26.0,26.0,26.0,7700,0.0,0.0
2018-04-24,26.5,26.5,26.0,26.0,26.0,1300,0.0,0.0
2018-04-25,26.0,26.0,26.0,26.0,26.0,2500,0.0,0.0
2018-04-26,26.25,26.25,26.0,26.0,26.0,600,0.0,0.0
2018-04-27,25.75,25.75,25.75,25.75,25.75,500,0.0,0.0
2018-04-30,25.75,25.75,25.75,25.75,25.75,0,0.0,0.0
2018-05-01,25.75,25.75,25.75,25.75,25.75,0,0.0,0.0
2018-05-02,26.0,26.0,26.0,26.0,26.0,1200,0.0,0.0
2018-05-03,26.0,26.0,26.0,26.0,26.0,10000,0.0,0.0
2018-05-04,25.75,25.75,25.75,25.75,25.75,300,0.0,0.0
2018-05-07,25.5,25.75,25.25,25.75,25.75,3200,0.0,0.0
2018-05-08,25.5,25.75,25.5,25.75,25.75,1200,0.0,0.0
2018-05-09,25.75,25.75,25.75,25.75,25.75,0,0.0,0.0
2018-05-10,25.75,25.75,25.75,25.75,25.75,0,0.0,0.0
2018-05-11,25.75,25.75,25.75,25.75,25.75,0,0.0,0.0
2018-05-14,25.75,25.75,25.75,25.75,25.75,0,0.0,0.0
2018-05-15,25.75,25.75,25.75,25.75,25.75,400,0.0,0.0
2018-05-16,25.75,25.75,25.75,25.75,25.75,0,0.0,0.0
2018-05-17,25.75,25.75,25.75,25.75,25.75,0,0.0,0.0
2018-05-18,25.6,25.65,25.6,25.65,25.65,14000,0.0,0.0
2018-05-21,25.65,25.65,25.65,25.65,25.65,1000,0.0,0.0
2018-05-22,25.75,25.75,25.75,25.75,25.75,600,0.0,0.0
2018-05-23,25.75,25.85,25.700001,25.85,25.85,36700,0.0,0.0
2018-05-24,25.75,25.799999,25.75,25.75,25.75,70100,0.0,0.0
2018-05-25,25.700001,25.700001,25.700001,25.700001,25.700001,400,0.0,0.0
2018-05-29,25.75,25.75,25.700001,25.75,25.75,2200,0.0,0.0
2018-05-30,25.799999,25.799999,25.75,25.75,25.75,31600,0.0,0.0
2018-05-31,25.85,25.85,25.799999,25.82,25.82,105500,0.0,0.0
2018-06-01,25.85,25.85,25.85,25.85,25.85,1000,0.0,0.0
2018-06-04,25.799999,25.799999,25.799999,25.799999,25.799999,1000,0.0,0.0
2018-06-05,25.799999,25.85,25.799999,25.82,25.82,29400,0.0,0.0
2018-06-06,25.9,25.9,25.799999,25.9,25.9,2300,0.0,0.0
2018-06-07,25.9,25.9,25.799999,25.9,25.9,1100,0.0,0.0
2018-06-08,25.9,25.9,25.9,25.9,25.9,400,0.0,0.0
2018-06-11,25.9,25.9,25.9,25.9,25.9,300,0.0,0.0
2018-06-12,25.9,25.9,25.9,25.9,25.9,0,0.0,0.0
2018-06-13,25.9,25.9,25.9,25.9,25.9,0,0.0,0.0
2018-06-14,25.9,25.9,25.9,25.9,25.9,0,0.0,0.0
2018-06-15,25.9,25.9,25.9,25.9,25.9,0,0.0,0.0
2018-06-18,25.9,25.9,25.9,25.9,25.9,0,0.0,0.0
2018-06-19,25.9,25.9,25.9,25.9,25.9,0,0.0,0.0
2018-06-20,25.799999,25.799999,25.77,25.799999,25.799999,5600,0.0,0.0
2018-06-21,25.799999,25.799999,25.799999,25.799999,25.799999,0,0.0,0.0
2018-06-22,25.799999,25.799999,25.799999,25.799999,25.799999,0,0.0,0.0
2018-06-25,25.799999,25.799999,25.799999,25.799999,25.799999,0,0.0,0.0
2018-06-26,25.799999,25.799999,25.799999,25.799999,25.799999,0,0.0,0.0
2018-06-27,25.799999,25.799999,25.77,25.77,25.77,3200,0.0,0.0
2018-06-28,25.799999,25.799999,25.799999,25.799999,25.799999,5900,0.0,0.0
2018-06-29,25.82,25.82,25.82,25.82,25.82,400,0.0,0.0
2018-07-02,25.82,25.82,25.82,25.82,25.82,4600,0.0,0.0
2018-07-03,25.82,25.82,25.82,25.82,25.82,0,0.0,0.0
2018-07-05,25.82,25.82,25.82,25.82,25.82,0,0.0,0.0
2018-07-06,25.82,25.82,25.82,25.82,25.82,0,0.0,0.0
2018-07-09,25.82,25.82,25.82,25.82,25.82,0,0.0,0.0
2018-07-10,25.82,25.82,25.82,25.82,25.82,0,0.0,0.0
2018-07-11,25.82,25.82,25.82,25.82,25.82,0,0.0,0.0
2018-07-12,25.799999,25.799999,25.799999,25.799999,25.799999,4000,0.0,0.0
2018-07-13,25.83,25.83,25.799999,25.809999,25.809999,17400,0.0,0.0
2018-07-16,25.85,25.85,25.85,25.85,25.85,13300,0.0,0.0
2018-07-17,25.85,25.85,25.85,25.85,25.85,0,0.0,0.0
2018-07-18,25.85,25.85,25.85,25.85,25.85,0,0.0,0.0
2018-07-19,25.85,25.85,25.85,25.85,25.85,0,0.0,0.0
2018-07-20,25.799999,25.85,25.799999,25.85,25.85,1700,0.0,0.0
2018-07-23,25.85,25.85,25.85,25.85,25.85,0,0.0,0.0
2018-07-24,25.85,25.85,25.85,25.85,25.85,0,0.0,0.0
2018-07-25,25.85,25.85,25.85,25.85,25.85,0,0.0,0.0
2018-07-26,25.85,25.85,25.85,25.85,25.85,0,0.0,0.0
2018-07-27,25.85,25.85,25.85,25.85,25.85,0,0.0,0.0
2018-07-30,25.85,25.85,25.85,25.85,25.85,0,0.0,0.0
2018-07-31,25.799999,25.83,25.799999,25.799999,25.799999,8800,0.0,0.0
2018-08-01,25.799999,25.799999,25.799999,25.799999,25.799999,0,0.0,0.0
2018-08-02,25.799999,25.799999,25.799999,25.799999,25.799999,500,0.0,0.0
2018-08-03,25.85,26.0,25.85,26.0,26.0,3600,0.0,0.0
2018-08-06,26.1,26.1,26.1,26.1,26.1,1600,0.0,0.0
2018-08-07,26.1,26.1,26.1,26.1,26.1,0,0.0,0.0
2018-08-08,25.98,25.98,25.85,25.85,25.85,7000,0.0,0.0
2018-08-09,25.85,25.9,25.85,25.85,25.85,45500,0.0,0.0
2018-08-10,25.98,26.1,25.98,26.1,26.1,700,0.0,0.0
2018-08-13,26.1,26.1,26.1,26.1,26.1,0,0.0,0.0
2018-08-14,26.1,26.15,26.1,26.15,26.15,1000,0.0,0.0
2018-08-15,26.15,26.15,26.15,26.15,26.15,0,0.0,0.0
2018-08-16,26.15,26.15,26.15,26.15,26.15,0,0.0,0.0
2018-08-17,26.15,26.15,26.15,26.15,26.15,0,0.0,0.0
2018-08-20,26.15,26.15,26.15,26.15,26.15,0,0.0,0.0
2018-08-21,26.15,26.15,26.15,26.15,26.15,0,0.0,0.0
2018-08-22,26.15,26.15,26.15,26.15,26.15,0,0.0,0.0
2018-08-23,26.15,26.15,26.15,26.15,26.15,0,0.0,0.0
2018-08-24,26.15,26.15,26.15,26.15,26.15,0,0.0,0.0
2018-08-27,26.15,26.15,26.15,26.15,26.15,0,0.0,0.0
2018-08-28,26.15,26.15,26.15,26.15,26.15,0,0.0,0.0
2018-08-29,26.15,26.15,26.15,26.15,26.15,0,0.0,0.0
2018-08-30,26.0,26.0,26.0,26.0,26.0,7000,0.0,0.0
2018-08-31,26.0,26.0,26.0,26.0,26.0,0,0.0,0.0
2018-09-04,26.0,26.0,26.0,26.0,26.0,0,0.0,0.0
2018-09-05,26.0,26.0,26.0,26.0,26.0,0,0.0,0.0
2018-09-06,26.0,26.0,26.0,26.0,26.0,0,0.0,0.0
2018-09-07,26.0,26.0,26.0,26.0,26.0,0,0.0,0.0
2018-09-10,26.0,26.0,26.0,26.0,26.0,0,0.0,0.0
2018-09-11,26.0,26.0,26.0,26.0,26.0,0,0.0,0.0
2018-09-12,26.0,26.0,26.0,26.0,26.0,0,0.0,0.0
2018-09-13,26.049999,26.049999,26.049999,26.049999,26.049999,500,0.0,0.0
2018-09-14,26.049999,26.049999,26.049999,26.049999,26.049999,0,0.0,0.0
2018-09-17,26.049999,26.049999,26.049999,26.049999,26.049999,0,0.0,0.0
2018-09-18,26.049999,26.049999,26.049999,26.049999,26.049999,0,0.0,0.0
2018-09-19,26.049999,26.049999,26.049999,26.049999,26.049999,0,0.0,0.0
2018-09-20,26.200001,26.25,26.200001,26.200001,26.200001,1300,0.0,0.0
2018-09-21,26.200001,26.200001,26.200001,26.200001,26.200001,0,0.0,0.0
2018-09-24,26.200001,26.200001,26.200001,26.200001,26.200001,0,0.0,0.0
2018-09-25,26.1,26.1,26.0,26.0,26.0,6100,0.0,0.0
2018-09-26,26.0,26.0,26.0,26.0,26.0,0,0.0,0.0
2018-09-27,26.08,26.08,25.799999,25.799999,25.799999,2700,0.0,0.0
2018-09-28,25.799999,25.799999,25.799999,25.799999,25.799999,0,0.0,0.0
2018-10-01,25.799999,25.799999,25.799999,25.799999,25.799999,0,0.0,0.0
2018-10-02,26.0,26.0,26.0,26.0,26.0,1000,0.0,0.0
2018-10-03,26.0,26.0,26.0,26.0,26.0,6300,0.0,0.0
2018-10-04,26.0,26.0,26.0,26.0,26.0,1800,0.0,0.0
2018-10-05,26.0,26.0,26.0,26.0,26.0,1000,0.0,0.0
2018-10-08,26.0,26.0,26.0,26.0,26.0,0,0.0,0.0
2018-10-09,26.0,26.0,26.0,26.0,26.0,0,0.0,0.0
2018-10-10,26.0,26.0,26.0,26.0,26.0,1500,0.0,0.0
2018-10-11,26.0,26.0,26.0,26.0,26.0,0,0.0,0.0
2018-10-12,26.0,26.0,26.0,26.0,26.0,0,0.0,0.0
2018-10-15,26.0,26.0,26.0,26.0,26.0,0,0.0,0.0
2018-10-16,26.0,26.0,26.0,26.0,26.0,0,0.0,0.0
2018-10-17,26.0,26.0,26.0,26.0,26.0,0,0.0,0.0
2018-10-18,26.0,26.0,26.0,26.0,26.0,0,0.0,0.0
2018-10-19,26.0,26.0,26.0,26.0,26.0,0,0.0,0.0
2018-10-22,25.799999,25.799999,25.799999,25.799999,25.799999,100,0.0,0.0
2018-10-23,25.799999,25.799999,25.799999,25.799999,25.799999,0,0.0,0.0
2018-10-24,25.76,25.76,25.549999,25.549999,25.549999,400,0.0,0.0
2018-10-25,25.549999,25.549999,25.549999,25.549999,25.549999,200,0.0,0.0
2018-10-26,25.549999,25.549999,25.549999,25.549999,25.549999,0,0.0,0.0
2018-10-29,25.5,25.5,24.4,24.4,24.4,900,0.0,0.0
2018-10-30,24.1,24.1,24.1,24.1,24.1,100,0.0,0.0
2018-10-31,25.5,25.5,25.5,25.5,25.5,4600,0.0,0.0
2018-11-01,24.0,24.0,24.0,24.0,24.0,1200,0.0,0.0
2018-11-02,24.0,24.0,24.0,24.0,24.0,0,0.0,0.0
2018-11-05,24.0,24.0,24.0,24.0,24.0,0,0.0,0.0
2018-11-06,24.0,24.0,24.0,24.0,24.0,0,0.0,0.0
2018-11-07,24.0,24.0,24.0,24.0,24.0,0,0.0,0.0
2018-11-08,24.0,24.0,24.0,24.0,24.0,0,0.0,0.0
2018-11-09,24.0,24.0,24.0,24.0,24.0,0,0.0,0.0
2018-11-12,24.0,24.0,24.0,24.0,24.0,0,0.0,0.0
2018-11-13,24.0,24.0,24.0,24.0,24.0,0,0.0,0.0
2018-11-14,24.0,24.200001,24.0,24.0,24.0,4700,0.0,0.0
2018-11-15,23.950001,24.0,23.950001,24.0,24.0,3000,0.0,0.0
2018-11-16,24.0,24.0,24.0,24.0,24.0,0,0.0,0.0
2018-11-19,23.049999,23.049999,23.049999,23.049999,23.049999,700,0.0,0.0
2018-11-20,23.15,25.15,23.15,24.0,24.0,9400,0.0,0.0
2018-11-21,24.0,24.0,24.0,24.0,24.0,0,0.0,0.0
2018-11-23,24.0,24.0,24.0,24.0,24.0,0,0.0,0.0
2018-11-26,24.0,24.0,24.0,24.0,24.0,100,0.0,0.0
2018-11-27,24.200001,24.200001,24.200001,24.200001,24.200001,900,0.0,0.0
2018-11-28,24.200001,24.200001,24.200001,24.200001,24.200001,100,0.0,0.0
2018-11-29,24.200001,24.200001,24.200001,24.200001,24.200001,0,0.0,0.0
2018-11-30,24.5,24.5,24.5,24.5,24.5,100,0.0,0.0
2018-12-03,24.5,24.5,24.5,24.5,24.5,0,0.0,0.0
2018-12-04,23.25,23.25,23.25,23.25,23.25,1700,0.0,0.0
2018-12-06,24.0,24.200001,24.0,24.200001,24.200001,800,0.0,0.0
2018-12-07,24.200001,24.200001,24.200001,24.200001,24.200001,0,0.0,0.0
2018-12-10,23.25,23.25,22.9,22.9,22.9,8100,0.0,0.0
2018-12-11,23.0,23.0,23.0,23.0,23.0,400,0.0,0.0
2018-12-12,23.0,23.0,23.0,23.0,23.0,0,0.0,0.0
2018-12-13,23.0,23.0,23.0,23.0,23.0,0,0.0,0.0
2018-12-14,23.0,23.0,23.0,23.0,23.0,0,0.0,0.0
2018-12-17,23.0,23.0,23.0,23.0,23.0,0,0.0,0.0
2018-12-18,23.0,23.0,23.0,23.0,23.0,0,0.0,0.0
2018-12-19,23.0,23.0,23.0,23.0,23.0,0,0.0,0.0
2018-12-20,23.0,23.0,23.0,23.0,23.0,0,0.0,0.0
2018-12-21,23.0,23.0,23.0,23.0,23.0,0,0.0,0.0
2018-12-24,23.0,23.0,23.0,23.0,23.0,0,0.0,0.0
2018-12-26,23.0,23.0,23.0,23.0,23.0,0,0.0,0.0
2018-12-27,22.75,23.0,22.75,23.0,23.0,7700,0.0,0.0
2018-12-28,22.9,22.9,22.67,22.67,22.67,1000,0.0,0.0
2018-12-31,22.67,22.950001,22.66,22.950001,22.950001,7200,0.0,0.0
2019-01-02,22.950001,22.950001,22.950001,22.950001,22.950001,18800,0.0,0.0
2019-01-03,22.950001,22.950001,22.950001,22.950001,22.950001,0,0.0,0.0
2019-01-04,22.66,22.66,22.65,22.65,22.65,500,0.0,0.0
2019-01-07,22.65,22.65,22.65,22.65,22.65,0,0.0,0.0
2019-01-08,22.65,22.65,22.65,22.65,22.65,0,0.0,0.0
2019-01-09,22.49,22.5,22.49,22.5,22.5,300,0.0,0.0
2019-01-10,22.25,22.25,22.25,22.25,22.25,6300,0.0,0.0
2019-01-11,22.25,22.25,22.25,22.25,22.25,0,0.0,0.0
2019-01-14,22.25,22.25,22.25,22.25,22.25,0,0.0,0.0
2019-01-15,22.25,22.25,22.25,22.25,22.25,0,0.0,0.0
2019-01-16,22.25,22.25,22.25,22.25,22.25,0,0.0,0.0
2019-01-17,22.25,22.57,22.25,22.57,22.57,29000,0.0,0.0
2019-01-18,22.25,23.700001,22.25,23.700001,23.700001,8400,0.0,0.0
2019-01-22,23.700001,23.700001,23.700001,23.700001,23.700001,0,0.0,0.0
2019-01-23,23.700001,23.700001,23.700001,23.700001,23.700001,0,0.0,0.0
2019-01-24,23.700001,23.700001,23.700001,23.700001,23.700001,0,0.0,0.0
2019-01-25,23.700001,23.700001,23.700001,23.700001,23.700001,0,0.0,0.0
2019-01-28,23.700001,23.700001,23.700001,23.700001,23.700001,0,0.0,0.0
2019-01-29,22.25,22.25,22.25,22.25,22.25,100,0.0,0.0
2019-01-30,22.25,22.25,22.25,22.25,22.25,0,0.0,0.0
2019-01-31,23.85,24.0,23.85,24.0,24.0,4800,0.0,0.0
2019-02-01,24.0,24.0,24.0,24.0,24.0,500,0.0,0.0
2019-02-04,23.5,23.5,23.5,23.5,23.5,200,0.0,0.0
2019-02-05,23.5,23.5,23.5,23.5,23.5,2100,0.0,0.0
2019-02-06,23.5,23.5,23.5,23.5,23.5,1100,0.0,0.0
2019-02-07,23.5,23.5,23.5,23.5,23.5,0,0.0,0.0
2019-02-08,23.379999,23.379999,23.25,23.25,23.25,300,0.0,0.0
2019-02-11,23.25,23.25,23.25,23.25,23.25,0,0.0,0.0
2019-02-12,23.25,23.25,23.25,23.25,23.25,100,0.0,0.0
2019-02-13,23.25,23.25,23.25,23.25,23.25,0,0.0,0.0
2019-02-14,23.25,23.25,23.25,23.25,23.25,600,0.0,0.0
2019-02-15,23.0,23.0,23.0,23.0,23.0,600,0.0,0.0
2019-02-19,23.0,23.0,23.0,23.0,23.0,0,0.0,0.0
2019-02-20,23.0,23.0,23.0,23.0,23.0,0,0.0,0.0
2019-02-21,23.0,23.0,23.0,23.0,23.0,0,0.0,0.0
2019-02-22,23.0,23.0,23.0,23.0,23.0,0,0.0,0.0
2019-02-25,23.200001,23.200001,23.200001,23.200001,23.200001,300,0.0,0.0
2019-02-26,23.0,23.15,23.0,23.15,23.15,12400,0.0,0.0
2019-02-27,23.15,23.15,23.15,23.15,23.15,0,0.0,0.0
2019-02-28,23.15,23.15,23.15,23.15,23.15,400,0.0,0.0
2019-03-01,23.75,23.75,23.75,23.75,23.75,700,0.0,0.0
2019-03-04,23.75,23.75,23.75,23.75,23.75,0,0.0,0.0
2019-03-05,23.75,23.75,23.75,23.75,23.75,0,0.0,0.0
2019-03-06,23.75,23.75,23.75,23.75,23.75,0,0.0,0.0
2019-03-07,23.75,23.75,23.75,23.75,23.75,0,0.0,0.0
2019-03-08,23.75,23.75,23.75,23.75,23.75,0,0.0,0.0
2019-03-11,23.75,23.75,23.75,23.75,23.75,0,0.0,0.0
2019-03-12,23.75,23.75,23.75,23.75,23.75,0,0.0,0.0
2019-03-13,23.75,23.75,23.75,23.75,23.75,0,0.0,0.0
2019-03-14,23.35,23.4,23.15,23.4,23.4,1100,0.0,0.0
2019-03-15,23.4,23.4,23.4,23.4,23.4,0,0.0,0.0
2019-03-18,23.4,23.4,23.4,23.4,23.4,0,0.0,0.0
2019-03-19,23.35,23.35,23.16,23.200001,23.200001,135000,0.0,0.0
2019-03-20,23.200001,23.200001,23.200001,23.200001,23.200001,0,0.0,0.0
2019-03-21,23.25,23.25,23.25,23.25,23.25,300,0.0,0.0
2019-03-22,23.379999,23.379999,23.25,23.25,23.25,400,0.0,0.0
2019-03-25,23.25,23.25,23.25,23.25,23.25,2400,0.0,0.0
2019-03-26,23.25,23.25,23.25,23.25,23.25,0,0.0,0.0
2019-03-27,23.25,23.25,23.25,23.25,23.25,0,0.0,0.0
2019-03-28,23.200001,23.200001,23.200001,23.200001,23.200001,400,0.0,0.0
2019-03-29,23.5,23.5,23.5,23.5,23.5,100,0.0,0.0
2019-04-01,23.549999,23.549999,23.549999,23.549999,23.549999,7500,0.0,0.0
2019-04-02,23.549999,23.549999,23.549999,23.549999,23.549999,0,0.0,0.0
2019-04-03,23.200001,23.200001,23.200001,23.200001,23.200001,800,0.0,0.0
2019-04-04,23.200001,23.200001,23.200001,23.200001,23.200001,0,0.0,0.0
2019-04-05,23.200001,23.200001,23.200001,23.200001,23.200001,200,0.0,0.0
2019-04-08,23.200001,23.200001,23.200001,23.200001,23.200001,0,0.0,0.0
2019-04-09,23.200001,23.200001,23.200001,23.200001,23.200001,0,0.0,0.0
2019-04-10,23.200001,23.200001,23.200001,23.200001,23.200001,0,0.0,0.0
2019-04-11,23.200001,23.200001,23.200001,23.200001,23.200001,0,0.0,0.0
2019-04-12,23.200001,23.200001,23.200001,23.200001,23.200001,0,0.0,0.0
2019-04-15,23.200001,23.200001,23.200001,23.200001,23.200001,0,0.0,0.0
2019-04-16,23.200001,23.200001,23.200001,23.200001,23.200001,0,0.0,0.0
2019-04-17,23.200001,23.200001,23.200001,23.200001,23.200001,0,0.0,0.0
2019-04-18,23.5,23.75,23.5,23.75,23.75,800,0.0,0.0
2019-04-22,23.75,23.75,23.75,23.75,23.75,0,0.0,0.0
2019-04-23,23.299999,23.4,23.299999,23.4,23.4,7100,0.0,0.0
2019-04-24,23.4,23.4,23.4,23.4,23.4,100,0.0,0.0
2019-04-25,23.4,23.4,23.4,23.4,23.4,0,0.0,0.0
2019-04-26,23.4,23.4,23.4,23.4,23.4,0,0.0,0.0
2019-04-29,23.450001,23.450001,23.4,23.4,23.4,600,0.0,0.0
2019-04-30,23.5,23.5,23.5,23.5,23.5,159900,0.0,0.0
2019-05-01,23.5,23.5,23.5,23.5,23.5,100,0.0,0.0
2019-05-02,23.4,23.4,23.4,23.4,23.4,600,0.0,0.0
2019-05-03,23.4,23.4,23.4,23.4,23.4,100,0.0,0.0
2019-05-06,23.4,23.4,23.4,23.4,23.4,100,0.0,0.0
2019-05-07,23.4,23.4,23.4,23.4,23.4,0,0.0,0.0
2019-05-08,23.450001,23.450001,23.450001,23.450001,23.450001,600,0.0,0.0
2019-05-09,23.450001,23.5,23.4,23.5,23.5,12700,0.0,0.0
2019-05-10,23.5,23.5,23.5,23.5,23.5,0,0.0,0.0
2019-05-13,23.5,23.5,23.5,23.5,23.5,0,0.0,0.0
2019-05-14,23.450001,23.450001,23.450001,23.450001,23.450001,100,0.0,0.0
2019-05-15,23.450001,23.450001,23.450001,23.450001,23.450001,0,0.0,0.0
2019-05-16,23.450001,23.450001,23.450001,23.450001,23.450001,0,0.0,0.0
2019-05-17,23.450001,23.450001,23.450001,23.450001,23.450001,0,0.0,0.0
2019-05-20,23.450001,23.5,23.450001,23.5,23.5,1100,0.0,0.0
2019-05-21,23.5,23.5,23.5,23.5,23.5,0,0.0,0.0
2019-05-22,23.450001,23.5,23.450001,23.5,23.5,1000,0.0,0.0
2019-05-23,23.5,23.5,23.5,23.5,23.5,0,0.0,0.0
2019-05-24,23.5,23.6,23.5,23.6,23.6,6100,0.0,0.0
2019-05-28,23.6,23.6,23.6,23.6,23.6,0,0.0,0.0
2019-05-29,23.6,23.6,23.6,23.6,23.6,1000,0.0,0.0
2019-05-30,23.6,23.6,23.6,23.6,23.6,0,0.0,0.0
2019-05-31,23.700001,23.700001,23.700001,23.700001,23.700001,500,0.0,0.0
2019-06-03,23.450001,23.450001,23.450001,23.450001,23.450001,5800,0.0,0.0
2019-06-04,23.549999,23.549999,23.549999,23.549999,23.549999,5500,0.0,0.0
2019-06-05,23.549999,23.549999,23.549999,23.549999,23.549999,0,0.0,0.0
2019-06-06,23.549999,23.549999,23.549999,23.549999,23.549999,0,0.0,0.0
2019-06-07,23.549999,23.549999,23.549999,23.549999,23.549999,0,0.0,0.0
2019-06-10,23.549999,23.549999,23.549999,23.549999,23.549999,0,0.0,0.0
2019-06-11,23.549999,23.549999,23.549999,23.549999,23.549999,0,0.0,0.0
2019-06-12,23.549999,23.549999,23.549999,23.549999,23.549999,0,0.0,0.0
2019-06-13,23.549999,23.549999,23.549999,23.549999,23.549999,0,0.0,0.0
2019-06-14,23.549999,23.549999,23.549999,23.549999,23.549999,0,0.0,0.0
2019-06-17,23.549999,23.549999,23.549999,23.549999,23.549999,0,0.0,0.0
2019-06-18,23.549999,23.549999,23.549999,23.549999,23.549999,0,0.0,0.0
2019-06-19,23.549999,23.549999,23.549999,23.549999,23.549999,0,0.0,0.0
2019-06-20,23.6,23.6,23.6,23.6,23.6,200,0.0,0.0
2019-06-21,23.450001,23.450001,23.450001,23.450001,23.450001,1000,0.0,0.0
2019-06-24,23.450001,23.450001,23.450001,23.450001,23.450001,100,0.0,0.0
2019-06-25,23.629999,23.629999,23.629999,23.629999,23.629999,400,0.0,0.0
2019-06-26,23.629999,23.629999,23.629999,23.629999,23.629999,0,0.0,0.0
2019-06-27,23.629999,23.629999,23.629999,23.629999,23.629999,0,0.0,0.0
2019-06-28,23.629999,23.629999,23.629999,23.629999,23.629999,0,0.0,0.0
2019-07-01,23.450001,23.450001,23.450001,23.450001,23.450001,53000,0.0,0.0
2019-07-02,23.450001,23.450001,23.450001,23.450001,23.450001,0,0.0,0.0
2019-07-03,23.450001,23.450001,23.450001,23.450001,23.450001,0,0.0,0.0
2019-07-05,23.450001,23.450001,23.450001,23.450001,23.450001,0,0.0,0.0
2019-07-08,23.450001,23.450001,23.450001,23.450001,23.450001,0,0.0,0.0
2019-07-09,23.450001,23.450001,23.450001,23.450001,23.450001,0,0.0,0.0
2019-07-10,23.450001,23.450001,23.450001,23.450001,23.450001,200,0.0,0.0
2019-07-11,23.450001,23.450001,23.450001,23.450001,23.450001,0,0.0,0.0
2019-07-12,23.450001,23.450001,23.450001,23.450001,23.450001,0,0.0,0.0
2019-07-15,23.450001,23.459999,23.450001,23.459999,23.459999,500,0.0,0.0
2019-07-16,23.459999,23.459999,23.459999,23.459999,23.459999,0,0.0,0.0
2019-07-17,23.549999,23.549999,23.450001,23.450001,23.450001,1900,0.0,0.0
2019-07-18,23.5,23.5,23.5,23.5,23.5,2100,0.0,0.0
2019-07-19,23.5,23.5,23.5,23.5,23.5,0,0.0,0.0
2019-07-22,23.450001,23.450001,23.4,23.4,23.4,2900,0.0,0.0
2019-07-23,23.35,23.35,23.200001,23.200001,23.200001,1300,0.0,0.0
2019-07-24,23.200001,23.200001,23.200001,23.200001,23.200001,0,0.0,0.0
2019-07-25,23.200001,23.200001,23.1,23.200001,23.200001,7600,0.0,0.0
2019-07-26,23.200001,23.200001,23.200001,23.200001,23.200001,1400,0.0,0.0
2019-07-29,23.110001,23.110001,23.110001,23.110001,23.110001,1100,0.0,0.0
2019-07-30,23.110001,23.110001,23.1,23.1,23.1,11800,0.0,0.0
2019-07-31,23.110001,23.110001,23.1,23.1,23.1,100,0.0,0.0
2019-08-01,23.110001,23.110001,23.1,23.1,23.1,100,0.0,0.0
2019-08-02,23.110001,23.110001,23.1,23.1,23.1,100,0.0,0.0
2019-08-05,23.35,23.35,23.0,23.0,23.0,1000,0.0,0.0
2019-08-06,23.35,23.35,23.0,23.0,23.0,1000,0.0,0.0
2019-08-07,23.35,23.35,23.0,23.0,23.0,1000,0.0,0.0
2019-08-08,23.0,23.0,23.0,23.0,23.0,0,0.0,0.0
2019-08-09,23.299999,23.299999,23.299999,23.299999,23.299999,200,0.0,0.0
2019-08-12,23.299999,23.299999,23.299999,23.299999,23.299999,200,0.0,0.0
2019-08-13,23.299999,23.299999,23.299999,23.299999,23.299999,200,0.0,0.0
2019-08-14,23.299999,23.299999,23.299999,23.299999,23.299999,200,0.0,0.0
2019-08-15,23.299999,23.299999,23.299999,23.299999,23.299999,200,0.0,0.0
2019-08-16,23.299999,23.299999,23.299999,23.299999,23.299999,0,0.0,0.0
2019-08-19,23.299999,23.299999,23.299999,23.299999,23.299999,0,0.0,0.0
2019-08-20,23.15,23.15,23.15,23.15,23.15,200,0.0,0.0
2019-08-21,23.15,23.15,22.950001,22.950001,22.950001,1800,0.0,0.0
2019-08-22,22.950001,22.950001,22.75,22.75,22.75,600,0.0,0.0
2019-08-23,22.75,22.75,22.75,22.75,22.75,0,0.0,0.0
2019-08-26,22.870001,22.9,22.700001,22.9,22.9,1700,0.0,0.0
2019-08-27,22.9,22.9,22.9,22.9,22.9,0,0.0,0.0
2019-08-28,22.9,22.9,22.9,22.9,22.9,0,0.0,0.0
2019-08-29,22.700001,22.700001,22.700001,22.700001,22.700001,200,0.0,0.0
2019-08-30,22.889999,22.889999,22.889999,22.889999,22.889999,800,0.0,0.0
2019-09-03,22.889999,22.889999,22.889999,22.889999,22.889999,0,0.0,0.0
2019-09-04,22.6,22.6,22.6,22.6,22.6,300,0.0,0.0
2019-09-05,22.6,22.6,22.6,22.6,22.6,0,0.0,0.0
2019-09-06,22.799999,22.799999,22.6,22.6,22.6,200,0.0,0.0
2019-09-09,22.549999,22.75,21.799999,21.799999,21.799999,3400,0.0,0.0
2019-09-10,21.9,21.9,21.860001,21.860001,21.860001,200,0.0,0.0
2019-09-11,21.860001,21.860001,21.860001,21.860001,21.860001,0,0.0,0.0
2019-09-12,21.860001,21.860001,21.860001,21.860001,21.860001,0,0.0,0.0
2019-09-13,21.860001,21.860001,21.860001,21.860001,21.860001,8100,0.0,0.0
2019-09-16,21.85,21.85,21.85,21.85,21.85,100,0.0,0.0
2019-09-17,21.950001,21.950001,21.0,21.0,21.0,2800,0.0,0.0
2019-09-18,21.0,21.5,21.0,21.5,21.5,600,0.0,0.0
2019-09-19,21.25,21.25,21.049999,21.049999,21.049999,800,0.0,0.0
2019-09-20,21.049999,21.049999,21.049999,21.049999,21.049999,0,0.0,0.0
2019-09-23,21.049999,21.049999,21.049999,21.049999,21.049999,0,0.0,0.0
2019-09-24,21.049999,21.049999,21.049999,21.049999,21.049999,0,0.0,0.0
2019-09-25,21.049999,21.049999,21.049999,21.049999,21.049999,0,0.0,0.0
2019-09-26,20.549999,20.549999,20.549999,20.549999,20.549999,100,0.0,0.0
2019-09-27,20.549999,20.549999,20.549999,20.549999,20.549999,0,0.0,0.0
2019-09-30,20.5,20.530001,20.309999,20.309999,20.309999,4500,0.0,0.0
2019-10-01,20.25,20.25,20.15,20.15,20.15,6100,0.0,0.0
2019-10-02,20.15,20.15,20.15,20.15,20.15,0,0.0,0.0
2019-10-03,20.16,20.200001,20.16,20.200001,20.200001,1600,0.0,0.0
2019-10-04,20.200001,20.200001,20.200001,20.200001,20.200001,0,0.0,0.0
2019-10-07,20.200001,20.200001,20.200001,20.200001,20.200001,0,0.0,0.0
2019-10-08,20.200001,20.200001,20.200001,20.200001,20.200001,1800,0.0,0.0
2019-10-09,20.200001,20.200001,20.200001,20.200001,20.200001,0,0.0,0.0
2019-10-10,20.200001,20.200001,20.200001,20.200001,20.200001,100,0.0,0.0
2019-10-11,20.200001,20.200001,20.200001,20.200001,20.200001,0,0.0,0.0
2019-10-14,20.200001,20.200001,20.200001,20.200001,20.200001,0,0.0,0.0
2019-10-15,20.200001,20.200001,20.200001,20.200001,20.200001,0,0.0,0.0
2019-10-16,20.200001,20.200001,20.200001,20.200001,20.200001,0,0.0,0.0
2019-10-17,20.16,20.16,20.15,20.15,20.15,3200,0.0,0.0
2019-10-18,20.15,20.15,20.15,20.15,20.15,0,0.0,0.0
2019-10-21,20.15,20.15,20.15,20.15,20.15,0,0.0,0.0
2019-10-22,20.15,20.15,20.15,20.15,20.15,0,0.0,0.0
2019-10-23,20.15,20.15,20.15,20.15,20.15,0,0.0,0.0
2019-10-24,20.15,20.15,20.15,20.15,20.15,0,0.0,0.0
2019-10-25,20.15,20.15,20.15,20.15,20.15,0,0.0,0.0
2019-10-28,20.15,20.15,20.15,20.15,20.15,0,0.0,0.0
2019-10-29,20.15,20.15,20.15,20.15,20.15,0,0.0,0.0
2019-10-30,20.15,20.15,20.15,20.15,20.15,0,0.0,0.0
2019-10-31,20.15,20.15,20.15,20.15,20.15,0,0.0,0.0
2019-11-01,20.15,20.15,20.15,20.15,20.15,0,0.0,0.0
2019-11-04,20.15,20.15,20.15,20.15,20.15,0,0.0,0.0
2019-11-05,20.15,20.15,20.15,20.15,20.15,0,0.0,0.0
2019-11-06,20.25,20.25,20.25,20.25,20.25,1000,0.0,0.0
2019-11-07,20.27,20.27,20.25,20.25,20.25,500,0.0,0.0
2019-11-08,20.25,20.25,20.25,20.25,20.25,0,0.0,0.0
2019-11-11,20.25,20.25,20.25,20.25,20.25,100,0.0,0.0
2019-11-12,21.0,21.0,21.0,21.0,21.0,100,0.0,0.0
2019-11-13,21.5,21.75,21.440001,21.75,21.75,3100,0.0,0.0
2019-11-14,21.799999,21.799999,21.799999,21.799999,21.799999,200,0.0,0.0
2019-11-15,21.799999,21.799999,21.799999,21.799999,21.799999,0,0.0,0.0
2019-11-18,21.799999,21.799999,21.799999,21.799999,21.799999,0,0.0,0.0
2019-11-19,21.799999,21.799999,21.799999,21.799999,21.799999,0,0.0,0.0
2019-11-20,21.799999,21.799999,21.799999,21.799999,21.799999,0,0.0,0.0
2019-11-21,20.6,20.610001,20.6,20.610001,20.610001,700,0.0,0.0
2019-11-22,20.610001,20.610001,20.610001,20.610001,20.610001,0,0.0,0.0
2019-11-25,20.610001,20.610001,20.610001,20.610001,20.610001,0,0.0,0.0
2019-11-26,20.629999,20.629999,20.629999,20.629999,20.629999,200,0.0,0.0
2019-11-27,20.629999,20.629999,20.629999,20.629999,20.629999,0,0.0,0.0
2019-11-29,20.629999,20.629999,20.629999,20.629999,20.629999,0,0.0,0.0
2019-12-02,20.629999,20.629999,20.629999,20.629999,20.629999,0,0.0,0.0
2019-12-03,20.65,20.65,20.65,20.65,20.65,600,0.0,0.0
2019-12-04,20.65,20.65,20.65,20.65,20.65,0,0.0,0.0
2019-12-05,20.65,20.65,20.5,20.52,20.52,20000,0.0,0.0
2019-12-06,20.52,20.52,20.52,20.52,20.52,0,0.0,0.0
2019-12-09,20.52,20.52,20.52,20.52,20.52,0,0.0,0.0
2019-12-10,20.52,20.52,20.52,20.52,20.52,0,0.0,0.0
2019-12-11,20.52,20.52,20.52,20.52,20.52,0,0.0,0.0
2019-12-12,20.52,20.52,20.52,20.52,20.52,0,0.0,0.0
2019-12-13,21.5,21.5,21.5,21.5,21.5,700,0.0,0.0
2019-12-16,21.5,21.5,21.5,21.5,21.5,0,0.0,0.0
2019-12-17,21.5,21.5,21.5,21.5,21.5,0,0.0,0.0
2019-12-18,21.299999,21.5,21.299999,21.5,21.5,22500,0.0,0.0
2019-12-19,21.75,21.799999,21.5,21.799999,21.799999,6000,0.0,0.0
2019-12-20,21.799999,21.799999,21.799999,21.799999,21.799999,0,0.0,0.0
2019-12-23,22.0,22.0,22.0,22.0,22.0,5100,0.0,0.0
2019-12-24,22.25,22.25,22.25,22.25,22.25,100,0.0,0.0
2019-12-26,22.25,22.25,22.25,22.25,22.25,0,0.0,0.0
2019-12-27,22.25,22.25,22.25,22.25,22.25,1000,0.0,0.0
2019-12-30,22.25,22.25,22.25,22.25,22.25,0,0.0,0.0
2019-12-31,22.25,22.25,22.25,22.25,22.25,0,0.0,0.0
2020-01-02,22.370001,22.370001,21.9,22.0,22.0,14200,0.0,0.0
2020-01-03,22.0,22.5,22.0,22.5,22.5,1300,0.0,0.0
2020-01-06,21.9,21.9,21.9,21.9,21.9,300,0.0,0.0
2020-01-07,22.5,22.5,22.5,22.5,22.5,600,0.0,0.0
2020-01-08,22.5,22.5,22.5,22.5,22.5,0,0.0,0.0
2020-01-09,22.0,22.0,22.0,22.0,22.0,100,0.0,0.0
2020-01-10,21.85,21.85,21.549999,21.549999,21.549999,2000,0.0,0.0
2020-01-13,21.65,21.65,21.549999,21.549999,21.549999,700,0.0,0.0
2020-01-14,21.549999,21.549999,21.549999,21.549999,21.549999,0,0.0,0.0
2020-01-15,21.549999,21.549999,21.549999,21.549999,21.549999,0,0.0,0.0
2020-01-16,21.450001,21.48,21.450001,21.450001,21.450001,3500,0.0,0.0
2020-01-17,21.549999,21.549999,21.459999,21.459999,21.459999,7200,0.0,0.0
2020-01-21,21.450001,21.450001,21.299999,21.299999,21.299999,1800,0.0,0.0
2020-01-22,21.25,21.280001,21.25,21.280001,21.280001,9500,0.0,0.0
2020-01-23,21.16,21.16,21.16,21.16,21.16,5000,0.0,0.0
2020-01-24,21.16,21.16,21.01,21.01,21.01,900,0.0,0.0
2020-01-27,21.01,21.01,21.0,21.0,21.0,500,0.0,0.0
2020-01-28,21.0,21.0,21.0,21.0,21.0,0,0.0,0.0
2020-01-29,21.0,21.0,21.0,21.0,21.0,0,0.0,0.0
2020-01-30,21.049999,21.049999,21.0,21.0,21.0,2200,0.0,0.0
2020-01-31,21.0,21.0,20.950001,20.950001,20.950001,600,0.0,0.0
2020-02-03,21.0,21.049999,20.76,21.0,21.0,3100,0.0,0.0
2020-02-04,20.77,20.879999,20.77,20.77,20.77,1000,0.0,0.0
2020-02-05,20.77,20.77,20.65,20.65,20.65,1400,0.0,0.0
2020-02-06,20.75,21.0,20.75,20.99,20.99,3000,0.0,0.0
2020-02-07,20.99,20.99,20.99,20.99,20.99,0,0.0,0.0
2020-02-10,20.799999,20.799999,20.799999,20.799999,20.799999,6100,0.0,0.0
2020-02-11,20.799999,20.799999,20.799999,20.799999,20.799999,200,0.0,0.0
2020-02-12,20.799999,20.799999,20.799999,20.799999,20.799999,2000,0.0,0.0
2020-02-13,20.799999,20.799999,20.799999,20.799999,20.799999,8500,0.0,0.0
2020-02-14,20.75,20.75,20.75,20.75,20.75,400,0.0,0.0
2020-02-18,20.75,20.75,20.75,20.75,20.75,0,0.0,0.0
2020-02-19,20.75,20.75,20.65,20.65,20.65,1900,0.0,0.0
2020-02-20,20.57,20.57,20.57,20.57,20.57,100,0.0,0.0
2020-02-21,20.57,20.57,20.57,20.57,20.57,0,0.0,0.0
2020-02-24,20.57,20.57,20.57,20.57,20.57,0,0.0,0.0
2020-02-25,20.57,20.57,20.57,20.57,20.57,0,0.0,0.0
2020-02-26,20.57,20.57,20.51,20.51,20.51,1800,0.0,0.0
2020-02-27,20.25,20.25,19.5,19.5,19.5,1500,0.0,0.0
2020-02-28,19.65,20.0,19.01,19.01,19.01,13300,0.0,0.0
2020-03-02,19.5,19.5,19.5,19.5,19.5,1300,0.0,0.0
2020-03-03,19.08,19.5,19.0,19.5,19.5,6000,0.0,0.0
2020-03-04,19.5,19.5,19.5,19.5,19.5,0,0.0,0.0
2020-03-05,19.5,19.5,19.5,19.5,19.5,0,0.0,0.0
2020-03-06,19.1,19.25,19.0,19.0,19.0,125300,0.0,0.0
2020-03-09,18.549999,18.549999,17.0,17.110001,17.110001,2900,0.0,0.0
2020-03-10,17.0,17.0,17.0,17.0,17.0,2500,0.0,0.0
2020-03-11,16.549999,16.549999,16.5,16.51,16.51,600,0.0,0.0
2020-03-12,16.51,16.51,16.51,16.51,16.51,200,0.0,0.0
2020-03-13,16.57,16.57,16.57,16.57,16.57,1000,0.0,0.0
2020-03-16,16.57,16.57,16.57,16.57,16.57,0,0.0,0.0
2020-03-17,16.57,16.57,16.57,16.57,16.57,0,0.0,0.0
2020-03-18,16.57,16.57,16.57,16.57,16.57,0,0.0,0.0
2020-03-19,15.55,15.75,14.6,14.6,14.6,1000,0.0,0.0
2020-03-20,14.98,14.98,13.5,14.52,14.52,324800,0.0,0.0
2020-03-23,14.25,14.25,13.0,13.0,13.0,2500,0.0,0.0
2020-03-24,13.0,13.0,13.0,13.0,13.0,5000,0.0,0.0
2020-03-25,13.1,13.1,13.1,13.1,13.1,5000,0.0,0.0
2020-03-26,13.3,13.3,13.3,13.3,13.3,25000,0.0,0.0
2020-03-27,13.3,13.3,13.3,13.3,13.3,0,0.0,0.0
2020-03-30,13.15,13.15,12.9,12.9,12.9,1500,0.0,0.0
2020-03-31,13.0,13.0,13.0,13.0,13.0,2000,0.0,0.0
2020-04-01,13.0,13.0,13.0,13.0,13.0,0,0.0,0.0
2020-04-02,13.0,13.0,13.0,13.0,13.0,0,0.0,0.0
2020-04-03,12.9,12.9,12.8,12.8,12.8,2700,0.0,0.0
2020-04-06,12.75,12.8,12.7,12.8,12.8,4200,0.0,0.0
2020-04-07,12.82,12.9,12.62,12.9,12.9,2400,0.0,0.0
2020-04-08,12.7,12.72,12.7,12.7,12.7,600,0.0,0.0
2020-04-09,12.7,13.07,12.7,13.07,13.07,3200,0.0,0.0
2020-04-13,13.08,13.08,12.81,12.81,12.81,1500,0.0,0.0
2020-04-14,12.85,12.85,12.81,12.81,12.81,1500,0.0,0.0
2020-04-15,12.8,12.8,12.7,12.7,12.7,1900,0.0,0.0
2020-04-16,12.7,12.7,12.7,12.7,12.7,0,0.0,0.0
2020-04-17,12.7,12.7,12.7,12.7,12.7,0,0.0,0.0
2020-04-20,12.7,12.7,12.7,12.7,12.7,0,0.0,0.0
2020-04-21,12.69,12.69,12.62,12.69,12.69,300,0.0,0.0
2020-04-22,12.68,12.68,12.68,12.68,12.68,3200,0.0,0.0
2020-04-23,12.55,12.65,12.5,12.5,12.5,16400,0.0,0.0
2020-04-24,12.5,12.5,12.48,12.5,12.5,3700,0.0,0.0
2020-04-27,12.5,12.55,12.48,12.5,12.5,4600,0.0,0.0
2020-04-28,12.55,12.6,12.51,12.51,12.51,1900,0.0,0.0
2020-04-29,12.52,12.65,12.52,12.65,12.65,2500,0.0,0.0
2020-04-30,12.65,12.65,12.65,12.65,12.65,0,0.0,0.0
2020-05-01,12.65,12.65,12.65,12.65,12.65,0,0.0,0.0
2020-05-04,13.0,13.19,13.0,13.14,13.14,53800,0.0,0.0
2020-05-05,13.14,13.14,13.0,13.0,13.0,12000,0.0,0.0
2020-05-06,13.0,13.0,13.0,13.0,13.0,3600,0.0,0.0
2020-05-07,12.95,12.95,12.76,12.76,12.76,15200,0.0,0.0
2020-05-08,12.77,12.77,12.77,12.77,12.77,800,0.0,0.0
2020-05-11,12.7,13.1,12.7,12.95,12.95,47900,0.0,0.0
2020-05-12,12.85,12.85,12.61,12.61,12.61,14000,0.0,0.0
2020-05-13,12.61,12.65,12.35,12.35,12.35,19700,0.0,0.0
2020-05-14,12.32,12.32,12.32,12.32,12.32,10000,0.0,0.0
2020-05-15,12.27,12.27,12.1,12.1,12.1,10500,0.0,0.0
2020-05-18,12.06,12.3,12.0,12.05,12.05,23100,0.0,0.0
2020-05-19,12.05,12.15,12.0,12.15,12.15,120400,0.0,0.0
2020-05-20,12.0,12.1,11.91,12.0,12.0,13400,0.0,0.0
2020-05-21,12.05,12.05,12.05,12.05,12.05,100,0.0,0.0
2020-05-22,12.0,12.1,12.0,12.1,12.1,60700,0.0,0.0
2020-05-26,12.15,12.15,12.1,12.1,12.1,500,0.0,0.0
2020-05-27,12.1,12.1,12.1,12.1,12.1,300,0.0,0.0
2020-05-28,12.66,12.66,12.5,12.5,12.5,1300,0.0,0.0
2020-05-29,12.5,12.5,12.25,12.25,12.25,8000,0.0,0.0
2020-06-01,12.25,12.25,12.25,12.25,12.25,22600,0.0,0.0
2020-06-02,12.3,12.35,12.15,12.35,12.35,90200,0.0,0.0
2020-06-03,12.2,12.6,12.2,12.4,12.4,3600,0.0,0.0
2020-06-04,12.65,12.7,12.6,12.6,12.6,1500,0.0,0.0
2020-06-05,12.64,13.75,12.64,13.75,13.75,58300,0.0,0.0
2020-06-08,13.25,13.25,13.25,13.25,13.25,200,0.0,0.0
2020-06-09,13.25,13.7,13.25,13.25,13.25,2300,0.0,0.0
2020-06-10,13.25,13.25,13.25,13.25,13.25,300,0.0,0.0
2020-06-11,13.25,13.25,13.25,13.25,13.25,1000,0.0,0.0
2020-06-12,13.25,13.25,13.25,13.25,13.25,0,0.0,0.0
2020-06-15,13.5,13.5,13.5,13.5,13.5,4000,0.0,0.0
2020-06-16,13.25,13.25,13.25,13.25,13.25,2200,0.0,0.0
2020-06-17,13.25,13.25,13.25,13.25,13.25,0,0.0,0.0
2020-06-18,13.1,13.15,13.1,13.1,13.1,25000,0.0,0.0
2020-06-19,13.3,13.5,13.2,13.5,13.5,4000,0.0,0.0
2020-06-22,13.1,13.1,13.1,13.1,13.1,11100,0.0,0.0
2020-06-23,13.1,13.1,13.0,13.0,13.0,11600,0.0,0.0
2020-06-24,13.0,13.0,12.75,12.75,12.75,11600,0.0,0.0
2020-06-25,12.75,12.75,12.65,12.66,12.66,1600,0.0,0.0
2020-06-26,12.66,12.66,12.6,12.6,12.6,1700,0.0,0.0
2020-06-29,12.6,12.6,12.6,12.6,12.6,0,0.0,0.0
2020-06-30,12.66,12.66,12.6,12.6,12.6,1700,0.0,0.0
2020-07-01,12.6,12.6,12.6,12.6,12.6,0,0.0,0.0
2020-07-02,12.65,12.65,12.65,12.65,12.65,3000,0.0,0.0
2020-07-06,12.7,12.7,12.7,12.7,12.7,2000,0.0,0.0
2020-07-07,12.7,12.7,12.7,12.7,12.7,0,0.0,0.0
2020-07-08,12.7,12.7,12.7,12.7,12.7,0,0.0,0.0
2020-07-09,12.65,12.65,12.55,12.55,12.55,2200,0.0,0.0
2020-07-10,12.55,12.55,12.42,12.42,12.42,1200,0.0,0.0
2020-07-13,12.48,12.48,12.05,12.05,12.05,6100,0.0,0.0
2020-07-14,12.05,12.05,12.05,12.05,12.05,0,0.0,0.0
2020-07-15,12.1,12.1,12.1,12.1,12.1,2000,0.0,0.0
2020-07-16,12.1,12.24,12.1,12.24,12.24,800,0.0,0.0
2020-07-17,12.24,12.3,12.2,12.3,12.3,30100,0.0,0.0
2020-07-20,12.32,12.55,12.1,12.55,12.55,96900,0.0,0.0
2020-07-21,12.55,12.81,12.5,12.5,12.5,3300,0.0,0.0
2020-07-22,12.5,12.5,12.5,12.5,12.5,0,0.0,0.0
2020-07-23,12.5,12.55,12.5,12.55,12.55,4100,0.0,0.0
2020-07-24,12.55,12.55,12.55,12.55,12.55,0,0.0,0.0
2020-07-27,12.75,12.75,12.75,12.75,12.75,100,0.0,0.0
2020-07-28,12.5,12.5,12.4,12.5,12.5,3100,0.0,0.0
2020-07-29,12.5,12.5,12.41,12.41,12.41,2200,0.0,0.0
2020-07-30,12.6,12.6,12.5,12.5,12.5,2000,0.0,0.0
2020-07-31,12.42,12.5,12.27,12.27,12.27,6200,0.0,0.0
2020-08-03,12.2,12.2,12.17,12.17,12.17,200,0.0,0.0
2020-08-04,12.15,12.15,12.15,12.15,12.15,300,0.0,0.0
2020-08-05,12.15,12.15,12.15,12.15,12.15,50000,0.0,0.0
2020-08-06,12.55,12.55,12.35,12.55,12.55,300,0.0,0.0
2020-08-07,12.17,12.45,12.0,12.45,12.45,14200,0.0,0.0
2020-08-10,12.45,12.45,12.45,12.45,12.45,0,0.0,0.0
2020-08-11,12.4,12.6,12.4,12.6,12.6,3900,0.0,0.0
2020-08-12,12.6,12.6,12.6,12.6,12.6,0,0.0,0.0
2020-08-13,12.35,12.35,12.35,12.35,12.35,100,0.0,0.0
2020-08-14,12.5,12.5,12.5,12.5,12.5,4000,0.0,0.0
2020-08-17,12.4,12.4,12.31,12.31,12.31,1200,0.0,0.0
2020-08-18,12.3,12.3,12.25,12.25,12.25,7500,0.0,0.0
2020-08-19,12.3,12.3,12.3,12.3,12.3,14000,0.0,0.0
2020-08-20,12.15,12.15,12.1,12.1,12.1,42100,0.0,0.0
2020-08-21,12.25,12.25,12.2,12.24,12.24,26500,0.0,0.0
2020-08-24,12.35,12.55,12.35,12.55,12.55,400,0.0,0.0
2020-08-25,12.43,12.6,12.25,12.6,12.6,1100,0.0,0.0
2020-08-26,12.33,12.6,12.33,12.6,12.6,38700,0.0,0.0
2020-08-27,12.5,12.6,12.45,12.6,12.6,5000,0.0,0.0
2020-08-28,12.6,12.7,12.5,12.7,12.7,1400,0.0,0.0
2020-08-31,12.65,12.7,12.65,12.7,12.7,200,0.0,0.0
2020-09-01,12.75,12.75,12.75,12.75,12.75,2000,0.0,0.0
2020-09-02,12.7,12.7,12.7,12.7,12.7,2000,0.0,0.0
2020-09-03,12.85,12.85,12.85,12.85,12.85,3000,0.0,0.0
2020-09-04,12.65,12.65,12.6,12.6,12.6,4200,0.0,0.0
2020-09-08,12.85,12.85,12.85,12.85,12.85,3000,0.0,0.0
2020-09-09,13.0,13.0,12.55,12.9,12.9,1100,0.0,0.0
2020-09-10,12.9,12.9,12.9,12.9,12.9,0,0.0,0.0
2020-09-11,12.9,12.9,12.9,12.9,12.9,0,0.0,0.0
2020-09-14,12.73,13.1,12.73,12.85,12.85,2500,0.0,0.0
2020-09-15,12.85,12.85,12.85,12.85,12.85,2800,0.0,0.0
2020-09-16,13.2,13.2,13.2,13.2,13.2,1000,0.0,0.0
2020-09-17,12.6,13.0,12.55,13.0,13.0,3000,0.0,0.0
2020-09-18,12.55,13.0,12.55,13.0,13.0,200,0.0,0.0
2020-09-21,13.0,13.0,13.0,13.0,13.0,0,0.0,0.0
2020-09-22,13.0,13.0,13.0,13.0,13.0,0,0.0,0.0
2020-09-23,13.0,13.0,13.0,13.0,13.0,0,0.0,0.0
2020-09-24,13.0,13.0,13.0,13.0,13.0,1500,0.0,0.0
2020-09-25,13.0,13.25,13.0,13.25,13.25,600,0.0,0.0
2020-09-28,13.25,13.25,12.5,13.25,13.25,2100,0.0,0.0
2020-09-29,13.25,13.25,13.25,13.25,13.25,0,0.0,0.0
2020-09-30,13.25,13.25,13.25,13.25,13.25,100,0.0,0.0
2020-10-01,13.25,13.25,13.25,13.25,13.25,0,0.0,0.0
2020-10-02,13.25,13.25,13.25,13.25,13.25,0,0.0,0.0
2020-10-05,13.5,13.5,13.5,13.5,13.5,100,0.0,0.0
2020-10-06,13.5,13.5,13.5,13.5,13.5,0,0.0,0.0
2020-10-07,13.5,13.5,13.5,13.5,13.5,0,0.0,0.0
2020-10-08,13.5,13.5,13.5,13.5,13.5,0,0.0,0.0
2020-10-09,13.5,13.5,13.5,13.5,13.5,0,0.0,0.0
2020-10-12,13.5,13.5,13.5,13.5,13.5,0,0.0,0.0
2020-10-13,13.5,13.5,13.5,13.5,13.5,0,0.0,0.0
2020-10-14,13.5,13.5,13.5,13.5,13.5,0,0.0,0.0
2020-10-15,13.5,13.5,13.5,13.5,13.5,0,0.0,0.0
2020-10-16,13.5,13.5,13.5,13.5,13.5,0,0.0,0.0
2020-10-19,13.5,13.5,13.5,13.5,13.5,0,0.0,0.0
2020-10-20,13.5,13.5,13.5,13.5,13.5,0,0.0,0.0
2020-10-21,13.5,13.5,13.5,13.5,13.5,100,0.0,0.0
2020-10-22,13.5,13.5,13.5,13.5,13.5,0,0.0,0.0
2020-10-23,13.5,13.5,13.5,13.5,13.5,0,0.0,0.0
2020-10-26,13.5,13.5,13.5,13.5,13.5,100,0.0,0.0
2020-10-27,13.5,13.5,13.5,13.5,13.5,0,0.0,0.0
2020-10-28,13.3,13.5,13.3,13.5,13.5,2100,0.0,0.0
2020-10-29,13.5,13.75,13.3,13.75,13.75,800,0.0,0.0
2020-10-30,13.75,13.75,13.75,13.75,13.75,0,0.0,0.0
2020-11-02,13.9,13.95,13.25,13.95,13.95,5600,0.0,0.0
2020-11-03,13.95,13.95,13.95,13.95,13.95,0,0.0,0.0
2020-11-04,13.95,13.95,13.95,13.95,13.95,0,0.0,0.0
2020-11-05,13.5,13.95,13.5,13.95,13.95,3900,0.0,0.0
2020-11-06,13.95,13.95,13.95,13.95,13.95,700,0.0,0.0
2020-11-09,14.0,14.5,14.0,14.5,14.5,7300,0.0,0.0
2020-11-10,14.95,15.0,14.5,14.5,14.5,6400,0.0,0.0
2020-11-11,15.0,17.0,15.0,17.0,17.0,1000,0.0,0.0
2020-11-12,17.0,17.25,17.0,17.25,17.25,900,0.0,0.0
2020-11-13,19.0,19.0,19.0,19.0,19.0,300,0.0,0.0
2020-11-16,16.25,19.0,16.25,17.0,17.0,900,0.0,0.0
2020-11-17,17.25,19.75,17.25,18.1,18.1,800,0.0,0.0
2020-11-18,18.25,19.0,18.25,19.0,19.0,400,0.0,0.0
2020-11-19,18.5,18.5,17.5,17.5,17.5,1000,0.0,0.0
2020-11-20,17.5,17.5,17.5,17.5,17.5,0,0.0,0.0
2020-11-23,17.5,17.5,17.5,17.5,17.5,100,0.0,0.0
2020-11-24,17.5,17.5,17.5,17.5,17.5,100,0.0,0.0
2020-11-25,18.74,18.74,18.540001,18.540001,18.540001,200,0.0,0.0
2020-11-27,18.74,18.74,18.74,18.74,18.74,200,0.0,0.0
2020-11-30,18.0,18.0,18.0,18.0,18.0,200,0.0,0.0
2020-12-01,17.75,17.75,17.75,17.75,17.75,1100,0.0,0.0
2020-12-02,17.75,17.75,17.75,17.75,17.75,700,0.0,0.0
2020-12-03,17.549999,17.75,17.549999,17.75,17.75,300,0.0,0.0
2020-12-04,17.75,17.75,17.75,17.75,17.75,100,0.0,0.0
2020-12-07,17.75,17.75,17.75,17.75,17.75,0,0.0,0.0
2020-12-08,17.5,19.42,17.26,17.5,17.5,17500,0.0,0.0
2020-12-09,17.950001,17.950001,17.75,17.790001,17.790001,1800,0.0,0.0
2020-12-10,17.75,17.799999,17.549999,17.549999,17.549999,600,0.0,0.0
2020-12-11,17.75,17.75,17.75,17.75,17.75,100,0.0,0.0
2020-12-14,16.75,17.5,16.75,17.5,17.5,13200,0.0,0.0
2020-12-15,17.75,17.799999,17.549999,17.799999,17.799999,1500,0.0,0.0
2020-12-16,17.799999,17.799999,17.799999,17.799999,17.799999,0,0.0,0.0
2020-12-17,17.799999,17.799999,17.799999,17.799999,17.799999,0,0.0,0.0
2020-12-18,17.799999,17.799999,17.799999,17.799999,17.799999,200,0.0,0.0
2020-12-21,17.799999,17.799999,17.799999,17.799999,17.799999,0,0.0,0.0
2020-12-22,17.799999,17.799999,17.799999,17.799999,17.799999,0,0.0,0.0
2020-12-23,17.0,18.5,17.0,18.5,18.5,2900,0.0,0.0
2020-12-24,18.65,18.65,18.65,18.65,18.65,2700,0.0,0.0
2020-12-28,18.5,18.6,17.09,18.6,18.6,400,0.0,0.0
2020-12-29,18.6,18.6,18.6,18.6,18.6,0,0.0,0.0
2020-12-30,18.0,18.5,17.1,18.5,18.5,1300,0.0,0.0
2020-12-31,18.5,18.5,18.5,18.5,18.5,0,0.0,0.0
2021-01-04,18.5,18.5,18.5,18.5,18.5,0,0.0,0.0
2021-01-05,18.5,18.5,18.5,18.5,18.5,0,0.0,0.0
2021-01-06,18.25,18.6,18.25,18.6,18.6,2100,0.0,0.0
2021-01-07,18.35,18.65,18.35,18.65,18.65,4300,0.0,0.0
2021-01-08,18.65,18.65,18.65,18.65,18.65,0,0.0,0.0
2021-01-11,18.65,18.65,18.65,18.65,18.65,0,0.0,0.0
2021-01-12,18.65,18.65,18.65,18.65,18.65,0,0.0,0.0
2021-01-13,18.65,18.65,18.65,18.65,18.65,0,0.0,0.0
2021-01-14,18.01,18.5,18.01,18.5,18.5,3400,0.0,0.0
2021-01-15,18.049999,18.5,18.049999,18.5,18.5,600,0.0,0.0
2021-01-19,18.5,18.5,18.5,18.5,18.5,0,0.0,0.0
2021-01-20,18.5,18.5,18.5,18.5,18.5,400,0.0,0.0
2021-01-21,18.25,18.5,18.200001,18.5,18.5,7700,0.0,0.0
2021-01-22,18.5,18.5,18.5,18.5,18.5,0,0.0,0.0
2021-01-25,18.5,18.5,18.5,18.5,18.5,0,0.0,0.0
2021-01-26,18.5,19.0,18.299999,18.299999,18.299999,6800,0.0,0.0
2021-01-27,18.299999,18.299999,18.299999,18.299999,18.299999,0,0.0,0.0
2021-01-28,19.0,19.0,19.0,19.0,19.0,200,0.0,0.0
2021-01-29,18.25,18.9,18.25,18.5,18.5,39100,0.0,0.0
2021-02-01,18.35,18.5,18.35,18.5,18.5,400,0.0,0.0
2021-02-02,18.549999,18.889999,18.549999,18.889999,18.889999,500,0.0,0.0
2021-02-03,18.559999,18.559999,18.559999,18.559999,18.559999,1100,0.0,0.0
2021-02-04,18.610001,18.610001,18.360001,18.5,18.5,800,0.0,0.0
2021-02-05,18.85,19.25,18.85,19.25,19.25,1500,0.0,0.0
2021-02-08,19.25,19.25,19.15,19.15,19.15,2800,0.0,0.0
2021-02-09,19.15,19.15,19.15,19.15,19.15,0,0.0,0.0
2021-02-10,18.809999,19.15,18.4,19.15,19.15,9300,0.0,0.0
2021-02-11,18.809999,19.15,18.809999,19.15,19.15,2800,0.0,0.0
2021-02-12,18.84,18.84,18.84,18.84,18.84,300,0.0,0.0
2021-02-16,19.0,19.0,19.0,19.0,19.0,100,0.0,0.0
2021-02-17,19.0,22.0,19.0,22.0,22.0,5000,0.0,0.0
2021-02-18,21.049999,21.049999,21.0,21.0,21.0,200,0.0,0.0
2021-02-19,20.75,20.75,19.25,20.0,20.0,1700,0.0,0.0
2021-02-22,20.0,20.0,20.0,20.0,20.0,200,0.0,0.0
2021-02-23,20.0,20.0,20.0,20.0,20.0,0,0.0,0.0
2021-02-24,20.0,20.0,20.0,20.0,20.0,0,0.0,0.0
2021-02-25,20.0,20.0,20.0,20.0,20.0,0,0.0,0.0
2021-02-26,20.0,20.0,20.0,20.0,20.0,0,0.0,0.0
2021-03-01,20.25,20.25,20.25,20.25,20.25,200,0.0,0.0
2021-03-02,20.0,21.0,20.0,21.0,21.0,1300,0.0,0.0
2021-03-03,21.0,21.5,21.0,21.5,21.5,400,0.0,0.0
2021-03-04,21.0,22.0,21.0,22.0,22.0,300,0.0,0.0
2021-03-05,22.0,22.0,22.0,22.0,22.0,0,0.0,0.0
2021-03-08,22.0,22.0,21.0,22.0,22.0,3000,0.0,0.0
2021-03-09,22.5,22.5,22.5,22.5,22.5,100,0.0,0.0
2021-03-10,22.5,23.0,22.5,23.0,23.0,1500,0.0,0.0
2021-03-11,23.0,23.0,23.0,23.0,23.0,100,0.0,0.0
2021-03-12,23.0,23.0,23.0,23.0,23.0,0,0.0,0.0
2021-03-15,23.5,23.5,23.5,23.5,23.5,500,0.0,0.0
2021-03-16,23.5,23.5,23.5,23.5,23.5,0,0.0,0.0
2021-03-17,23.5,23.5,23.5,23.5,23.5,0,0.0,0.0
2021-03-18,23.5,23.5,23.5,23.5,23.5,0,0.0,0.0
2021-03-19,23.5,23.5,23.5,23.5,23.5,700,0.0,0.0
2021-03-22,24.049999,24.049999,24.049999,24.049999,24.049999,100,0.0,0.0
2021-03-23,24.5,24.5,24.0,24.0,24.0,400,0.0,0.0
2021-03-24,24.0,24.0,24.0,24.0,24.0,0,0.0,0.0
2021-03-25,24.0,24.0,24.0,24.0,24.0,0,0.0,0.0
2021-03-26,23.5,24.0,23.5,24.0,24.0,200,0.0,0.0
2021-03-29,24.0,24.0,24.0,24.0,24.0,0,0.0,0.0
2021-03-30,24.0,24.0,23.5,23.5,23.5,300,0.0,0.0
2021-03-31,24.0,24.0,24.0,24.0,24.0,300,0.0,0.0
2021-04-01,24.0,24.0,24.0,24.0,24.0,0,0.0,0.0
2021-04-05,23.5,24.0,23.5,24.0,24.0,3200,0.0,0.0
2021-04-06,23.9,23.9,23.9,23.9,23.9,100,0.0,0.0
2021-04-07,23.780001,24.0,23.5,24.0,24.0,1000,0.0,0.0
2021-04-08,23.5,24.0,23.49,24.0,24.0,2600,0.0,0.0
2021-04-09,24.0,24.0,24.0,24.0,24.0,0,0.0,0.0
2021-04-12,24.0,24.0,24.0,24.0,24.0,0,0.0,0.0
2021-04-13,23.75,24.0,23.6,24.0,24.0,3700,0.0,0.0
2021-04-14,24.0,24.0,24.0,24.0,24.0,0,0.0,0.0
2021-04-15,24.0,24.0,24.0,24.0,24.0,0,0.0,0.0
2021-04-16,24.0,24.0,24.0,24.0,24.0,0,0.0,0.0
2021-04-19,24.0,24.0,24.0,24.0,24.0,0,0.0,0.0
2021-04-20,24.0,24.0,24.0,24.0,24.0,0,0.0,0.0
2021-04-21,24.0,24.0,24.0,24.0,24.0,0,0.0,0.0
2021-04-22,23.5,23.75,23.5,23.75,23.75,3100,0.0,0.0
2021-04-23,23.75,23.75,23.75,23.75,23.75,0,0.0,0.0
2021-04-26,23.74,24.26,23.74,24.26,24.26,10600,0.0,0.0
2021-04-27,24.5,24.5,24.5,24.5,24.5,100,0.0,0.0
2021-04-28,24.5,24.5,24.5,24.5,24.5,0,0.0,0.0
2021-04-29,24.5,24.5,24.5,24.5,24.5,0,0.0,0.0
2021-04-30,25.0,25.0,22.6,24.5,24.5,2300,0.0,0.0
2021-05-03,24.5,24.5,24.5,24.5,24.5,0,0.0,0.0
2021-05-04,24.0,24.950001,22.610001,24.950001,24.950001,5800,0.0,0.0
2021-05-05,24.950001,25.0,24.5,24.5,24.5,1200,0.0,0.0
2021-05-06,25.0,25.190001,24.66,25.0,25.0,7700,0.0,0.0
2021-05-07,24.67,25.0,24.66,25.0,25.0,800,0.0,0.0
2021-05-10,25.0,25.0,25.0,25.0,25.0,0,0.0,0.0
2021-05-11,25.0,25.0,25.0,25.0,25.0,0,0.0,0.0
2021-05-12,25.0,25.0,25.0,25.0,25.0,0,0.0,0.0
2021-05-13,25.0,25.0,25.0,25.0,25.0,0,0.0,0.0
2021-05-14,24.709999,25.0,24.709999,25.0,25.0,300,0.0,0.0
2021-05-17,24.99,25.0,24.99,25.0,25.0,900,0.0,0.0
2021-05-18,25.0,25.0,25.0,25.0,25.0,0,0.0,0.0
2021-05-19,25.0,25.0,25.0,25.0,25.0,0,0.0,0.0
2021-05-20,25.0,25.0,25.0,25.0,25.0,0,0.0,0.0
2021-05-21,24.700001,24.99,24.700001,24.99,24.99,700,0.0,0.0
2021-05-24,24.99,24.99,24.99,24.99,24.99,0,0.0,0.0
2021-05-25,24.5,25.0,24.5,25.0,25.0,1600,0.0,0.0
2021-05-26,25.0,25.0,25.0,25.0,25.0,0,0.0,0.0
2021-05-27,25.0,25.0,25.0,25.0,25.0,0,0.0,0.0
2021-05-28,24.450001,25.25,24.450001,25.25,25.25,300,0.0,0.0
2021-06-01,25.25,25.25,25.25,25.25,25.25,0,0.0,0.0
2021-06-02,25.25,25.25,25.25,25.25,25.25,0,0.0,0.0
2021-06-03,25.25,25.25,25.25,25.25,25.25,0,0.0,0.0
2021-06-04,25.25,25.25,25.25,25.25,25.25,0,0.0,0.0
2021-06-07,24.99,24.99,24.99,24.99,24.99,1000,0.0,0.0
2021-06-08,24.5,24.75,24.0,24.700001,24.700001,5100,0.0,0.0
2021-06-09,24.700001,24.700001,24.700001,24.700001,24.700001,0,0.0,0.0
2021-06-10,24.110001,24.700001,24.110001,24.700001,24.700001,10100,0.0,0.0
2021-06-11,24.700001,24.700001,24.700001,24.700001,24.700001,0,0.0,0.0
2021-06-14,24.299999,24.690001,24.15,24.690001,24.690001,14200,0.0,0.0
2021-06-15,24.5,24.549999,24.25,24.549999,24.549999,6100,0.0,0.0
2021-06-16,24.549999,24.549999,24.549999,24.549999,24.549999,0,0.0,0.0
2021-06-17,24.549999,24.549999,24.549999,24.549999,24.549999,0,0.0,0.0
2021-06-18,24.549999,24.549999,24.549999,24.549999,24.549999,0,0.0,0.0
2021-06-21,24.549999,24.549999,24.549999,24.549999,24.549999,0,0.0,0.0
2021-06-22,24.549999,24.549999,24.549999,24.549999,24.549999,0,0.0,0.0
2021-06-23,24.1,24.540001,24.0,24.540001,24.540001,104100,0.0,0.0
2021-06-24,24.049999,24.540001,24.049999,24.540001,24.540001,15700,0.0,0.0
2021-06-25,24.540001,24.540001,24.540001,24.540001,24.540001,0,0.0,0.0
2021-06-28,24.26,24.540001,24.26,24.540001,24.540001,1000,0.0,0.0
2021-06-29,24.540001,24.540001,24.299999,24.540001,24.540001,5100,0.0,0.0
2021-06-30,24.34,24.549999,24.34,24.549999,24.549999,800,0.0,0.0
2021-07-01,24.549999,24.65,24.549999,24.65,24.65,600,0.0,0.0
2021-07-02,24.65,24.65,24.01,24.65,24.65,700,0.0,0.0
2021-07-06,24.65,24.65,24.65,24.65,24.65,100,0.0,0.0
2021-07-07,24.65,24.65,24.65,24.65,24.65,0,0.0,0.0
2021-07-08,24.700001,24.950001,24.700001,24.700001,24.700001,1100,0.0,0.0
2021-07-09,24.700001,24.700001,24.700001,24.700001,24.700001,0,0.0,0.0
2021-07-12,24.4,24.700001,24.299999,24.299999,24.299999,500,0.0,0.0
2021-07-13,24.299999,24.299999,24.299999,24.299999,24.299999,1100,0.0,0.0
2021-07-14,24.299999,24.299999,24.299999,24.299999,24.299999,100,0.0,0.0
2021-07-15,24.299999,24.299999,24.299999,24.299999,24.299999,500,0.0,0.0
2021-07-16,24.200001,24.200001,24.200001,24.200001,24.200001,100,0.0,0.0
2021-07-19,23.950001,24.15,23.84,24.15,24.15,400,0.0,0.0
2021-07-20,24.15,24.15,24.15,24.15,24.15,500,0.0,0.0
2021-07-21,24.02,24.4,24.02,24.4,24.4,50500,0.0,0.0
2021-07-22,24.4,24.4,24.4,24.4,24.4,0,0.0,0.0
2021-07-23,24.4,24.4,24.4,24.4,24.4,0,0.0,0.0
2021-07-26,24.700001,24.700001,24.700001,24.700001,24.700001,200,0.0,0.0
2021-07-27,24.700001,24.700001,24.700001,24.700001,24.700001,0,0.0,0.0
2021-07-28,24.700001,24.700001,24.700001,24.700001,24.700001,10200,0.0,0.0
2021-07-29,24.700001,24.700001,24.700001,24.700001,24.700001,0,0.0,0.0
2021-07-30,24.700001,24.700001,24.700001,24.700001,24.700001,0,0.0,0.0
2021-08-02,24.700001,24.700001,24.700001,24.700001,24.700001,0,0.0,0.0
2021-08-03,24.799999,24.799999,24.799999,24.799999,24.799999,2300,0.0,0.0
2021-08-04,24.99,24.99,24.99,24.99,24.99,400,0.0,0.0
2021-08-05,24.99,24.99,24.99,24.99,24.99,0,0.0,0.0
2021-08-06,24.99,24.99,24.99,24.99,24.99,0,0.0,0.0
2021-08-09,24.99,24.99,24.99,24.99,24.99,0,0.0,0.0
2021-08-10,24.99,24.99,24.99,24.99,24.99,0,0.0,0.0
2021-08-11,24.99,24.99,24.99,24.99,24.99,100,0.0,0.0
2021-08-12,24.99,24.99,24.99,24.99,24.99,0,0.0,0.0
2021-08-13,24.99,24.99,24.99,24.99,24.99,0,0.0,0.0
2021-08-16,24.99,24.99,24.99,24.99,24.99,0,0.0,0.0
2021-08-17,24.799999,24.99,23.610001,24.99,24.99,2800,0.0,0.0
2021-08-18,23.610001,24.99,23.610001,24.99,24.99,24100,0.0,0.0
2021-08-19,24.0,24.99,24.0,24.99,24.99,25600,0.0,0.0
2021-08-20,23.700001,24.99,23.700001,24.99,24.99,300,0.0,0.0
2021-08-23,23.65,24.99,23.65,24.99,24.99,400,0.0,0.0
2021-08-24,24.99,24.99,24.99,24.99,24.99,0,0.0,0.0
2021-08-25,24.99,24.99,24.99,24.99,24.99,0,0.0,0.0
2021-08-26,24.99,24.99,24.99,24.99,24.99,0,0.0,0.0
2021-08-27,24.99,24.99,24.99,24.99,24.99,0,0.0,0.0
2021-08-30,24.99,24.99,24.99,24.99,24.99,100,0.0,0.0
2021-08-31,24.99,24.99,24.99,24.99,24.99,100,0.0,0.0
2021-09-01,24.99,24.99,24.99,24.99,24.99,0,0.0,0.0
2021-09-02,24.99,24.99,24.99,24.99,24.99,0,0.0,0.0
2021-09-03,24.99,24.99,24.99,24.99,24.99,0,0.0,0.0
2021-09-07,24.99,24.99,24.99,24.99,24.99,0,0.0,0.0
2021-09-08,24.99,24.99,24.99,24.99,24.99,0,0.0,0.0
2021-09-09,24.99,24.99,24.99,24.99,24.99,0,0.0,0.0
2021-09-10,24.0,24.98,24.0,24.98,24.98,10700,0.0,0.0
2021-09-13,24.98,24.98,24.98,24.98,24.98,0,0.0,0.0
2021-09-14,23.65,24.98,23.65,24.98,24.98,10100,0.0,0.0
2021-09-15,24.98,24.98,24.98,24.98,24.98,0,0.0,0.0
2021-09-16,24.98,24.98,24.98,24.98,24.98,0,0.0,0.0
2021-09-17,24.98,24.98,24.98,24.98,24.98,0,0.0,0.0
2021-09-20,24.98,24.98,24.98,24.98,24.98,0,0.0,0.0
2021-09-21,24.25,24.75,23.65,24.49,24.49,18300,0.0,0.0
2021-09-22,24.99,24.99,24.99,24.99,24.99,100,0.0,0.0
2021-09-23,24.99,24.99,24.99,24.99,24.99,0,0.0,0.0
2021-09-24,24.99,24.99,24.99,24.99,24.99,0,0.0,0.0
2021-09-27,24.99,24.99,24.99,24.99,24.99,0,0.0,0.0
2021-09-28,24.75,24.75,24.75,24.75,24.75,100,0.0,0.0
2021-09-29,24.75,24.75,24.75,24.75,24.75,0,0.0,0.0
2021-09-30,24.75,24.75,24.75,24.75,24.75,0,0.0,0.0
2021-10-01,24.75,24.75,24.75,24.75,24.75,0,0.0,0.0
2021-10-04,24.75,24.75,24.75,24.75,24.75,0,0.0,0.0
2021-10-05,24.75,24.75,24.75,24.75,24.75,0,0.0,0.0
2021-10-06,24.75,24.75,24.75,24.75,24.75,0,0.0,0.0
2021-10-07,24.75,24.75,24.75,24.75,24.75,0,0.0,0.0
2021-10-08,24.75,24.75,24.75,24.75,24.75,0,0.0,0.0
2021-10-11,24.25,24.84,24.25,24.799999,24.799999,3400,0.0,0.0
2021-10-12,24.799999,24.799999,24.799999,24.799999,24.799999,0,0.0,0.0
2021-10-13,24.799999,24.799999,24.799999,24.799999,24.799999,0,0.0,0.0
2021-10-14,24.5,24.84,24.5,24.84,24.84,14800,0.0,0.0
2021-10-15,24.84,24.84,24.84,24.84,24.84,0,0.0,0.0
2021-10-18,24.84,24.84,24.84,24.84,24.84,0,0.0,0.0
2021-10-19,24.84,24.84,24.84,24.84,24.84,0,0.0,0.0
2021-10-20,24.700001,24.700001,24.700001,24.700001,24.700001,100,0.0,0.0
2021-10-21,24.700001,24.700001,24.700001,24.700001,24.700001,0,0.0,0.0
2021-10-22,24.84,25.950001,24.84,25.75,25.75,17900,0.0,0.0
2021-10-25,25.549999,25.950001,25.5,25.85,25.85,28400,0.0,0.0
2021-10-26,25.85,25.85,25.85,25.85,25.85,0,0.0,0.0
2021-10-27,25.950001,25.950001,25.6,25.85,25.85,6900,0.0,0.0
2021-10-28,25.85,25.969999,25.85,25.969999,25.969999,800,0.0,0.0
2021-10-29,25.99,26.110001,25.780001,26.0,26.0,44700,0.0,0.0
2021-11-01,27.27,27.27,26.35,26.85,26.85,5000,0.0,0.0
2021-11-02,27.0,27.51,26.85,26.85,26.85,3000,0.0,0.0
2021-11-03,26.27,27.049999,26.27,27.049999,27.049999,5100,0.0,0.0
2021-11-04,26.280001,27.0,26.280001,26.389999,26.389999,3500,0.0,0.0
2021-11-05,26.309999,27.0,26.24,26.92,26.92,27900,0.0,0.0
2021-11-08,26.24,26.99,26.24,26.99,26.99,30600,0.0,0.0
2021-11-09,26.700001,26.700001,26.34,26.700001,26.700001,400,0.0,0.0
2021-11-10,26.299999,26.629999,26.299999,26.629999,26.629999,200,0.0,0.0
2021-11-11,26.299999,26.65,26.18,26.65,26.65,600,0.0,0.0
2021-11-12,26.15,26.700001,26.15,26.700001,26.700001,2500,0.0,0.0
2021-11-15,26.15,26.9,26.15,26.9,26.9,3400,0.0,0.0
2021-11-16,26.75,27.0,26.700001,27.0,27.0,21400,0.0,0.0
2021-11-17,27.0,27.0,27.0,27.0,27.0,0,0.0,0.0
2021-11-18,27.0,27.0,27.0,27.0,27.0,1000,0.0,0.0
2021-11-19,26.5,27.0,26.23,27.0,27.0,2900,0.0,0.0
2021-11-22,27.0,27.0,27.0,27.0,27.0,0,0.0,0.0
2021-11-23,27.0,27.0,27.0,27.0,27.0,0,0.0,0.0
2021-11-24,26.200001,27.0,26.200001,27.0,27.0,23100,0.0,0.0
2021-11-26,26.200001,27.0,26.16,27.0,27.0,500,0.0,0.0
2021-11-29,27.0,27.0,27.0,27.0,27.0,0,0.0,0.0
2021-11-30,26.110001,26.99,26.110001,26.99,26.99,900,0.0,0.0
2021-12-01,26.99,26.99,26.99,26.99,26.99,0,0.0,0.0
2021-12-02,26.99,26.99,26.99,26.99,26.99,0,0.0,0.0
2021-12-03,26.99,26.99,26.99,26.99,26.99,0,0.0,0.0
2021-12-06,26.99,26.99,26.99,26.99,26.99,0,0.0,0.0
2021-12-07,26.110001,26.950001,26.0,26.950001,26.950001,3000,0.0,0.0
2021-12-08,26.799999,26.950001,26.799999,26.950001,26.950001,600,0.0,0.0
2021-12-09,26.950001,26.950001,26.950001,26.950001,26.950001,0,0.0,0.0
2021-12-10,26.950001,26.950001,26.950001,26.950001,26.950001,0,0.0,0.0
2021-12-13,26.950001,26.950001,26.950001,26.950001,26.950001,0,0.0,0.0
2021-12-14,26.950001,26.950001,26.950001,26.950001,26.950001,0,0.0,0.0
2021-12-15,26.950001,26.950001,26.950001,26.950001,26.950001,0,0.0,0.0
2021-12-16,26.950001,26.950001,26.950001,26.950001,26.950001,0,0.0,0.0
2021-12-17,26.1,26.76,26.08,26.75,26.75,5400,0.0,0.0
2021-12-20,26.75,26.75,26.75,26.75,26.75,0,0.0,0.0
2021-12-21,26.75,26.75,26.75,26.75,26.75,0,0.0,0.0
2021-12-22,26.75,26.75,26.75,26.75,26.75,0,0.0,0.0
2021-12-23,26.75,26.75,26.75,26.75,26.75,0,0.0,0.0
2021-12-27,26.75,26.75,26.75,26.75,26.75,0,0.0,0.0
2021-12-28,26.75,26.75,26.75,26.75,26.75,0,0.0,0.0
2021-12-29,26.75,26.75,26.75,26.75,26.75,0,0.0,0.0
2021-12-30,26.5,26.950001,26.5,26.950001,26.950001,7900,0.0,0.0
2021-12-31,26.52,26.950001,26.52,26.950001,26.950001,200,0.0,0.0
2022-01-03,26.950001,26.950001,26.950001,26.950001,26.950001,0,0.0,0.0
2022-01-04,26.950001,26.950001,26.950001,26.950001,26.950001,0,0.0,0.0
2022-01-05,26.950001,26.950001,26.950001,26.950001,26.950001,0,0.0,0.0
2022-01-06,26.549999,26.950001,26.549999,26.950001,26.950001,400,0.0,0.0
2022-01-07,26.77,27.5,26.75,27.5,27.5,4200,0.0,0.0
2022-01-10,27.0,27.75,27.0,27.75,27.75,62900,0.0,0.0
2022-01-11,27.75,27.75,27.75,27.75,27.75,0,0.0,0.0
2022-01-12,27.75,27.75,27.75,27.75,27.75,0,0.0,0.0
2022-01-13,27.75,28.0,27.75,28.0,28.0,300,0.0,0.0
2022-01-14,28.0,28.0,28.0,28.0,28.0,200,0.0,0.0
2022-01-18,28.0,28.0,28.0,28.0,28.0,0,0.0,0.0
2022-01-19,28.0,28.0,28.0,28.0,28.0,0,0.0,0.0
2022-01-20,28.0,28.0,28.0,28.0,28.0,0,0.0,0.0
2022-01-21,29.0,30.0,29.0,30.0,30.0,2800,0.0,0.0
2022-01-24,29.5,30.0,29.5,30.0,30.0,400,0.0,0.0
2022-01-25,30.0,31.0,29.700001,30.0,30.0,27500,0.0,0.0
2022-01-26,30.0,30.0,29.700001,30.0,30.0,30600,0.0,0.0
2022-01-27,29.99,29.99,29.99,29.99,29.99,400,0.0,0.0
2022-01-28,29.99,29.99,29.99,29.99,29.99,0,0.0,0.0
2022-01-31,29.99,29.99,29.99,29.99,29.99,0,0.0,0.0
2022-02-01,30.0,30.200001,29.9,30.0,30.0,12800,0.0,0.0
2022-02-02,29.9,30.0,29.9,29.9,29.9,1800,0.0,0.0
2022-02-03,30.139999,30.139999,29.9,29.950001,29.950001,33200,0.0,0.0
2022-02-04,29.9,30.0,29.799999,29.99,29.99,12100,0.0,0.0
2022-02-07,30.0,31.25,30.0,31.0,31.0,5400,0.0,0.0
2022-02-08,31.0,31.24,30.02,30.99,30.99,900,0.0,0.0
2022-02-09,30.99,30.99,30.99,30.99,30.99,1700,0.0,0.0
2022-02-10,30.1,31.9,30.1,31.9,31.9,13200,0.0,0.0
2022-02-11,31.299999,31.299999,31.0,31.25,31.25,23900,0.0,0.0
2022-02-14,30.85,31.25,30.799999,31.049999,31.049999,1600,0.0,0.0
2022-02-15,31.049999,31.49,31.0,31.49,31.49,3500,0.0,0.0
2022-02-16,31.25,31.4,30.5,30.9,30.9,7400,0.0,0.0
2022-02-17,30.9,31.48,30.9,31.48,31.48,1900,0.0,0.0
2022-02-18,30.9,31.48,30.9,31.48,31.48,700,0.0,0.0
2022-02-22,31.48,31.48,31.48,31.48,31.48,0,0.0,0.0
2022-02-23,31.48,31.48,31.48,31.48,31.48,0,0.0,0.0
2022-02-24,31.34,31.34,31.34,31.34,31.34,100,0.0,0.0
2022-02-25,31.34,31.34,31.34,31.34,31.34,0,0.0,0.0
2022-02-28,31.34,31.34,31.34,31.34,31.34,0,0.0,0.0
2022-03-01,30.9,31.0,30.0,30.6,30.6,4200,0.0,0.0
2022-03-02,30.6,30.6,29.9,30.59,30.59,1700,0.0,0.0
2022-03-03,30.0,30.5,30.0,30.5,30.5,1300,0.0,0.0
2022-03-04,29.950001,30.389999,29.950001,30.389999,30.389999,500,0.0,0.0
2022-03-07,29.950001,30.25,29.5,30.0,30.0,5600,0.0,0.0
2022-03-08,29.200001,29.889999,29.200001,29.889999,29.889999,2400,0.0,0.0
2022-03-09,29.799999,29.889999,29.299999,29.889999,29.889999,1500,0.0,0.0
2022-03-10,29.889999,29.889999,29.889999,29.889999,29.889999,0,0.0,0.0
2022-03-11,29.889999,29.889999,29.889999,29.889999,29.889999,100,0.0,0.0
2022-03-14,29.35,29.889999,29.35,29.889999,29.889999,200,0.0,0.0
2022-03-15,29.889999,29.889999,29.889999,29.889999,29.889999,700,0.0,0.0
2022-03-16,29.690001,29.889999,29.690001,29.889999,29.889999,1400,0.0,0.0
2022-03-17,29.889999,30.120001,29.889999,29.940001,29.940001,3800,0.0,0.0
2022-03-18,29.99,29.99,29.5,29.940001,29.940001,1200,0.0,0.0
2022-03-21,29.940001,29.940001,29.940001,29.940001,29.940001,0,0.0,0.0
2022-03-22,30.040001,30.040001,29.549999,30.040001,30.040001,500,0.0,0.0
2022-03-23,30.040001,30.040001,30.040001,30.040001,30.040001,0,0.0,0.0
2022-03-24,30.040001,30.040001,30.040001,30.040001,30.040001,0,0.0,0.0
2022-03-25,29.52,30.040001,29.52,30.040001,30.040001,400,0.0,0.0
2022-03-28,30.040001,30.040001,30.040001,30.040001,30.040001,0,0.0,0.0
2022-03-29,29.52,30.040001,29.52,30.040001,30.040001,400,0.0,0.0
2022-03-30,30.040001,30.040001,30.040001,30.040001,30.040001,0,0.0,0.0
2022-03-31,30.040001,30.040001,30.040001,30.040001,30.040001,0,0.0,0.0
2022-04-01,29.52,30.0,29.52,30.0,30.0,200,0.0,0.0
2022-04-04,30.0,30.0,30.0,30.0,30.0,0,0.0,0.0
2022-04-05,30.0,30.0,30.0,30.0,30.0,100,0.0,0.0
2022-04-06,30.0,30.0,30.0,30.0,30.0,0,0.0,0.0
2022-04-07,29.5,29.99,29.299999,29.93,29.93,55000,0.0,0.0
2022-04-08,29.93,29.93,29.93,29.93,29.93,0,0.0,0.0
2022-04-11,29.93,29.93,29.93,29.93,29.93,0,0.0,0.0
2022-04-12,29.93,29.93,29.93,29.93,29.93,0,0.0,0.0
2022-04-13,29.93,29.93,29.93,29.93,29.93,0,0.0,0.0
2022-04-14,29.950001,29.950001,29.049999,29.83,29.83,15300,0.0,0.0
2022-04-18,29.9,29.9,29.9,29.9,29.9,100,0.0,0.0
2022-04-19,29.9,29.9,29.9,29.9,29.9,0,0.0,0.0
2022-04-20,28.82,29.98,28.6,29.98,29.98,2100,0.0,0.0
2022-04-21,29.9,29.9,29.9,29.9,29.9,500,0.0,0.0
2022-04-22,28.77,31.25,28.77,30.75,30.75,35100,0.0,0.0
2022-04-25,30.75,30.75,30.25,30.74,30.74,3300,0.0,0.0
2022-04-26,30.74,30.74,30.74,30.74,30.74,0,0.0,0.0
2022-04-27,30.74,30.74,30.74,30.74,30.74,0,0.0,0.0
2022-04-28,30.799999,31.0,30.02,30.9,30.9,11000,0.0,0.0
2022-04-29,30.9,30.9,30.9,30.9,30.9,0,0.0,0.0
2022-05-02,30.9,30.9,30.9,30.9,30.9,0,0.0,0.0
2022-05-03,30.9,30.9,30.9,30.9,30.9,0,0.0,0.0
2022-05-04,30.049999,30.85,30.0,30.5,30.5,6100,0.0,0.0
2022-05-05,30.5,30.5,30.5,30.5,30.5,100,0.0,0.0
2022-05-06,30.5,30.5,30.5,30.5,30.5,0,0.0,0.0
2022-05-09,29.549999,30.5,29.549999,30.5,30.5,400,0.0,0.0
2022-05-10,30.5,30.5,29.25,29.790001,29.790001,137400,0.0,0.0
2022-05-11,29.790001,29.790001,29.790001,29.790001,29.790001,0,0.0,0.0
2022-05-12,29.790001,29.790001,29.790001,29.790001,29.790001,0,0.0,0.0
2022-05-13,29.790001,29.790001,29.790001,29.790001,29.790001,0,0.0,0.0
2022-05-16,29.790001,29.790001,29.790001,29.790001,29.790001,0,0.0,0.0
2022-05-17,29.790001,29.790001,29.790001,29.790001,29.790001,0,0.0,0.0
2022-05-18,29.25,29.5,29.25,29.5,29.5,1100,0.0,0.0
2022-05-19,29.15,29.15,28.9,29.120001,29.120001,3400,0.0,0.0
2022-05-20,29.120001,29.120001,29.120001,29.120001,29.120001,0,0.0,0.0
2022-05-23,29.4,29.4,29.4,29.4,29.4,100,0.0,0.0
2022-05-24,29.0,29.389999,29.0,29.389999,29.389999,1100,0.0,0.0
2022-05-25,29.389999,29.389999,29.389999,29.389999,29.389999,0,0.0,0.0
2022-05-26,29.389999,29.389999,29.389999,29.389999,29.389999,0,0.0,0.0
2022-05-27,29.1,29.35,29.1,29.35,29.35,20500,0.0,0.0
2022-05-31,29.35,29.35,29.049999,29.299999,29.299999,600,0.0,0.0
2022-06-01,29.299999,29.299999,29.299999,29.299999,29.299999,0,0.0,0.0
2022-06-02,29.299999,29.299999,29.299999,29.299999,29.299999,0,0.0,0.0
2022-06-03,29.299999,29.299999,29.299999,29.299999,29.299999,0,0.0,0.0
2022-06-06,29.299999,29.299999,29.299999,29.299999,29.299999,0,0.0,0.0
2022-06-07,29.299999,29.299999,29.299999,29.299999,29.299999,0,0.0,0.0
2022-06-08,29.299999,29.299999,29.299999,29.299999,29.299999,0,0.0,0.0
2022-06-09,29.299999,29.299999,29.299999,29.299999,29.299999,0,0.0,0.0
2022-06-10,29.299999,29.299999,29.299999,29.299999,29.299999,0,0.0,0.0
2022-06-13,29.0,29.0,28.799999,28.799999,28.799999,400,0.0,0.0
2022-06-14,28.799999,28.799999,28.799999,28.799999,28.799999,0,0.0,0.0
2022-06-15,29.299999,29.299999,28.75,29.0,29.0,800,0.0,0.0
2022-06-16,28.6,29.0,28.6,29.0,29.0,300,0.0,0.0
2022-06-17,28.799999,29.0,28.6,29.0,29.0,900,0.0,0.0
2022-06-21,29.0,29.0,29.0,29.0,29.0,0,0.0,0.0
2022-06-22,29.0,29.0,29.0,29.0,29.0,1000,0.0,0.0
2022-06-23,29.0,29.0,29.0,29.0,29.0,0,0.0,0.0
2022-06-24,29.0,29.0,29.0,29.0,29.0,0,0.0,0.0
2022-06-27,29.0,29.0,29.0,29.0,29.0,1800,0.0,0.0
2022-06-28,29.0,29.0,29.0,29.0,29.0,0,0.0,0.0
2022-06-29,28.99,28.99,28.99,28.99,28.99,6400,0.0,0.0
2022-06-30,28.98,28.98,28.98,28.98,28.98,2000,0.0,0.0
2022-07-01,28.98,28.98,28.98,28.98,28.98,0,0.0,0.0
2022-07-05,28.98,28.98,28.98,28.98,28.98,0,0.0,0.0
2022-07-06,28.98,28.98,28.98,28.98,28.98,0,0.0,0.0
2022-07-07,28.98,28.98,28.98,28.98,28.98,0,0.0,0.0
2022-07-08,28.98,28.98,28.98,28.98,28.98,0,0.0,0.0
2022-07-11,28.98,28.98,28.98,28.98,28.98,0,0.0,0.0
2022-07-12,28.98,28.98,28.98,28.98,28.98,0,0.0,0.0
2022-07-13,28.75,29.34,28.6,29.34,29.34,2800,0.0,0.0
2022-07-14,29.34,29.34,29.34,29.34,29.34,0,0.0,0.0
2022-07-15,29.34,29.34,29.34,29.34,29.34,0,0.0,0.0
2022-07-18,29.34,29.34,29.34,29.34,29.34,0,0.0,0.0
2022-07-19,29.34,29.34,29.34,29.34,29.34,0,0.0,0.0
2022-07-20,29.34,29.34,29.34,29.34,29.34,0,0.0,0.0
2022-07-21,29.34,29.34,29.34,29.34,29.34,0,0.0,0.0
2022-07-22,29.059999,29.389999,29.059999,29.389999,29.389999,4400,0.0,0.0
2022-07-25,29.389999,29.389999,29.389999,29.389999,29.389999,0,0.0,0.0
2022-07-26,29.389999,29.389999,29.389999,29.389999,29.389999,0,0.0,0.0
2022-07-27,29.0,29.26,29.0,29.26,29.26,300,0.0,0.0
2022-07-28,29.26,29.26,29.26,29.26,29.26,0,0.0,0.0
2022-07-29,29.26,29.26,29.26,29.26,29.26,0,0.0,0.0
2022-08-01,28.9,28.9,28.9,28.9,28.9,100,0.0,0.0
2022-08-02,28.9,28.9,28.809999,28.809999,28.809999,1800,0.0,0.0
2022-08-03,28.809999,28.809999,28.809999,28.809999,28.809999,0,0.0,0.0
2022-08-04,29.0,29.0,29.0,29.0,29.0,100,0.0,0.0
2022-08-05,29.0,29.0,29.0,29.0,29.0,0,0.0,0.0
2022-08-08,29.0,29.0,29.0,29.0,29.0,100,0.0,0.0
2022-08-09,29.0,29.0,29.0,29.0,29.0,0,0.0,0.0
2022-08-10,29.0,29.0,29.0,29.0,29.0,1400,0.0,0.0
2022-08-11,29.0,29.0,29.0,29.0,29.0,0,0.0,0.0
2022-08-12,29.1,29.200001,29.0,29.200001,29.200001,500,0.0,0.0
2022-08-15,28.99,29.200001,28.99,29.0,29.0,500,0.0,0.0
2022-08-16,29.25,29.25,29.0,29.0,29.0,1300,0.0,0.0
2022-08-17,29.200001,29.25,29.200001,29.200001,29.200001,10200,0.0,0.0
2022-08-18,29.200001,29.200001,29.200001,29.200001,29.200001,3200,0.0,0.0
2022-08-19,29.200001,29.200001,29.200001,29.200001,29.200001,0,0.0,0.0
2022-08-22,29.200001,29.200001,29.200001,29.200001,29.200001,0,0.0,0.0
2022-08-23,29.200001,29.200001,29.200001,29.200001,29.200001,0,0.0,0.0
2022-08-24,29.200001,29.200001,29.200001,29.200001,29.200001,1300,0.0,0.0
2022-08-25,29.200001,29.200001,29.200001,29.200001,29.200001,0,0.0,0.0
2022-08-26,29.200001,29.200001,29.200001,29.200001,29.200001,0,0.0,0.0
2022-08-29,28.83,29.450001,28.83,29.450001,29.450001,11900,0.0,0.0
2022-08-30,29.450001,29.450001,29.450001,29.450001,29.450001,0,0.0,0.0
2022-08-31,29.450001,29.450001,29.450001,29.450001,29.450001,0,0.0,0.0
2022-09-01,29.450001,29.450001,29.450001,29.450001,29.450001,0,0.0,0.0
2022-09-02,29.450001,29.450001,29.450001,29.450001,29.450001,0,0.0,0.0
2022-09-06,29.450001,29.450001,29.450001,29.450001,29.450001,0,0.0,0.0
2022-09-07,29.450001,29.450001,29.450001,29.450001,29.450001,0,0.0,0.0
2022-09-08,29.450001,29.450001,29.450001,29.450001,29.450001,0,0.0,0.0
2022-09-09,29.450001,29.450001,29.450001,29.450001,29.450001,0,0.0,0.0
2022-09-12,29.450001,29.450001,29.450001,29.450001,29.450001,0,0.0,0.0
2022-09-13,29.280001,29.280001,29.1,29.25,29.25,900,0.0,0.0
2022-09-14,29.0,29.25,29.0,29.25,29.25,200,0.0,0.0
2022-09-15,29.25,29.25,29.25,29.25,29.25,0,0.0,0.0
2022-09-16,29.25,29.25,29.25,29.25,29.25,0,0.0,0.0
2022-09-19,28.9,29.25,28.85,29.25,29.25,400,0.0,0.0
2022-09-20,29.25,29.25,29.25,29.25,29.25,0,0.0,0.0
2022-09-21,29.25,29.25,29.25,29.25,29.25,0,0.0,0.0
2022-09-22,29.25,29.25,29.25,29.25,29.25,0,0.0,0.0
2022-09-23,29.25,29.25,29.25,29.25,29.25,0,0.0,0.0
2022-09-26,29.25,29.25,29.25,29.25,29.25,0,0.0,0.0
2022-09-27,29.25,29.25,29.25,29.25,29.25,0,0.0,0.0
2022-09-28,29.25,29.25,29.25,29.25,29.25,0,0.0,0.0
2022-09-29,29.25,29.25,29.25,29.25,29.25,0,0.0,0.0
2022-09-30,29.25,29.25,29.25,29.25,29.25,0,0.0,0.0
2022-10-03,29.25,29.25,29.25,29.25,29.25,0,0.0,0.0
2022-10-04,29.0,29.25,29.0,29.25,29.25,1500,0.0,0.0
2022-10-05,28.809999,29.5,28.809999,29.5,29.5,2600,0.0,0.0
2022-10-06,28.83,29.450001,28.809999,29.450001,29.450001,2200,0.0,0.0
2022-10-07,29.450001,29.450001,29.450001,29.450001,29.450001,0,0.0,0.0
2022-10-10,29.450001,29.450001,29.450001,29.450001,29.450001,0,0.0,0.0
2022-10-11,29.450001,29.450001,29.450001,29.450001,29.450001,0,0.0,0.0
2022-10-12,29.450001,29.450001,29.450001,29.450001,29.450001,0,0.0,0.0
2022-10-13,29.49,29.49,29.49,29.49,29.49,100,0.0,0.0
2022-10-14,29.49,29.49,29.49,29.49,29.49,100,0.0,0.0
2022-10-17,29.49,29.49,29.49,29.49,29.49,0,0.0,0.0
2022-10-18,29.49,29.49,29.49,29.49,29.49,0,0.0,0.0
2022-10-19,29.49,29.49,29.49,29.49,29.49,0,0.0,0.0
2022-10-20,29.49,29.49,29.49,29.49,29.49,0,0.0,0.0
2022-10-21,29.25,30.0,29.25,30.0,30.0,6600,0.0,0.0
2022-10-24,31.889999,31.889999,29.5,31.0,31.0,4100,0.0,0.0
2022-10-25,29.65,31.0,29.65,31.0,31.0,2500,0.0,0.0
2022-10-26,31.0,31.0,31.0,31.0,31.0,100,0.0,0.0
2022-10-27,31.889999,31.889999,31.690001,31.889999,31.889999,1200,0.0,0.0
2022-10-28,31.99,32.990002,31.99,32.849998,32.849998,3900,0.0,0.0
2022-10-31,34.0,35.0,34.0,34.25,34.25,4200,0.0,0.0
2022-11-01,34.299999,34.5,34.299999,34.5,34.5,500,0.0,0.0
2022-11-02,34.150002,34.5,32.049999,33.950001,33.950001,6600,0.0,0.0
2022-11-03,33.130001,33.889999,33.130001,33.889999,33.889999,500,0.0,0.0
2022-11-04,33.25,33.799999,33.049999,33.700001,33.700001,4400,0.0,0.0
2022-11-07,33.099998,33.650002,33.099998,33.490002,33.490002,3000,0.0,0.0
2022-11-08,33.490002,33.490002,33.490002,33.490002,33.490002,800,0.0,0.0
2022-11-09,33.400002,33.400002,33.0,33.400002,33.400002,11100,0.0,0.0
2022-11-10,33.400002,33.400002,33.400002,33.400002,33.400002,0,0.0,0.0
2022-11-11,33.439999,33.439999,33.169998,33.299999,33.299999,900,0.0,0.0
2022-11-14,33.110001,33.110001,31.9,32.5,32.5,6500,0.0,0.0
2022-11-15,32.5,32.5,32.5,32.5,32.5,100,0.0,0.0
2022-11-16,32.5,32.5,32.5,32.5,32.5,0,0.0,0.0
2022-11-17,32.5,32.5,32.5,32.5,32.5,0,0.0,0.0
2022-11-18,32.5,32.5,32.5,32.5,32.5,100,0.0,0.0
2022-11-21,32.259998,32.450001,32.259998,32.450001,32.450001,300,0.0,0.0
2022-11-22,32.099998,32.5,32.099998,32.5,32.5,500,0.0,0.0
2022-11-23,32.5,32.5,32.5,32.5,32.5,100,0.0,0.0
2022-11-25,32.5,32.5,32.5,32.5,32.5,0,0.0,0.0
2022-11-28,32.5,32.5,32.5,32.5,32.5,0,0.0,0.0
2022-11-29,32.5,32.5,32.5,32.5,32.5,0,0.0,0.0
2022-11-30,32.150002,32.400002,32.150002,32.400002,32.400002,200,0.0,0.0
2022-12-01,32.400002,32.400002,32.400002,32.400002,32.400002,0,0.0,0.0
2022-12-02,32.450001,32.650002,32.450001,32.650002,32.650002,600,0.0,0.0
2022-12-05,32.650002,32.650002,32.650002,32.650002,32.650002,0,0.0,0.0
2022-12-06,32.400002,32.549999,32.200001,32.549999,32.549999,156600,0.0,0.0
2022-12-07,32.549999,32.549999,32.549999,32.549999,32.549999,0,0.0,0.0
2022-12-08,32.549999,32.549999,32.549999,32.549999,32.549999,0,0.0,0.0
2022-12-09,32.049999,32.650002,32.049999,32.650002,32.650002,1100,0.0,0.0
2022-12-12,32.060001,32.599998,32.049999,32.599998,32.599998,300,0.0,0.0
2022-12-13,32.599998,32.599998,32.599998,32.599998,32.599998,0,0.0,0.0
2022-12-14,32.5,32.5,32.5,32.5,32.5,1000,0.0,0.0
2022-12-15,32.5,32.5,32.5,32.5,32.5,0,0.0,0.0
2022-12-16,32.5,32.5,32.5,32.5,32.5,0,0.0,0.0
2022-12-19,32.049999,32.400002,32.049999,32.400002,32.400002,400,0.0,0.0
2022-12-20,32.400002,32.400002,32.400002,32.400002,32.400002,0,0.0,0.0
2022-12-21,32.400002,32.400002,32.400002,32.400002,32.400002,0,0.0,0.0
2022-12-22,32.400002,32.400002,32.400002,32.400002,32.400002,0,0.0,0.0
2022-12-23,32.400002,32.400002,32.400002,32.400002,32.400002,0,0.0,0.0
2022-12-27,31.32,32.400002,31.32,32.400002,32.400002,500,0.0,0.0
2022-12-28,32.400002,32.400002,32.400002,32.400002,32.400002,0,0.0,0.0
2022-12-29,32.299999,32.389999,32.299999,32.389999,32.389999,200,0.0,0.0
2022-12-30,32.389999,32.389999,32.389999,32.389999,32.389999,100,0.0,0.0
2023-01-03,32.389999,32.389999,32.389999,32.389999,32.389999,0,0.0,0.0
2023-01-04,32.389999,32.389999,32.389999,32.389999,32.389999,0,0.0,0.0
2023-01-05,32.0,32.389999,32.0,32.389999,32.389999,500,0.0,0.0
2023-01-06,32.389999,32.389999,32.389999,32.389999,32.389999,0,0.0,0.0
2023-01-09,32.389999,32.389999,32.389999,32.389999,32.389999,0,0.0,0.0
2023-01-10,32.200001,32.389999,32.200001,32.389999,32.389999,3600,0.0,0.0
2023-01-11,32.130001,32.25,32.0,32.25,32.25,600,0.0,0.0
2023-01-12,32.25,32.25,32.25,32.25,32.25,0,0.0,0.0
2023-01-13,32.0,32.25,32.0,32.25,32.25,1100,0.0,0.0
2023-01-17,32.25,32.25,32.25,32.25,32.25,0,0.0,0.0
2023-01-18,32.25,32.25,32.25,32.25,32.25,0,0.0,0.0
2023-01-19,31.75,32.150002,31.5,32.150002,32.150002,400,0.0,0.0
2023-01-20,32.150002,32.150002,32.150002,32.150002,32.150002,0,0.0,0.0
2023-01-23,32.150002,32.150002,32.150002,32.150002,32.150002,0,0.0,0.0
2023-01-24,32.150002,32.150002,32.150002,32.150002,32.150002,0,0.0,0.0
2023-01-25,32.150002,32.150002,32.150002,32.150002,32.150002,0,0.0,0.0
2023-01-26,32.150002,32.150002,32.150002,32.150002,32.150002,0,0.0,0.0
2023-01-27,32.150002,32.150002,32.150002,32.150002,32.150002,0,0.0,0.0
2023-01-30,32.0,33.0,32.0,33.0,33.0,1100,0.0,0.0
2023-01-31,33.0,33.0,32.299999,33.0,33.0,500,0.0,0.0
2023-02-01,33.0,33.0,33.0,33.0,33.0,0,0.0,0.0
2023-02-02,32.299999,33.0,32.299999,33.0,33.0,2500,0.0,0.0
2023-02-03,32.299999,33.0,32.299999,33.0,33.0,200,0.0,0.0
2023-02-06,33.0,33.0,33.0,33.0,33.0,0,0.0,0.0
2023-02-07,33.0,33.0,33.0,33.0,33.0,0,0.0,0.0
2023-02-08,33.0,33.0,33.0,33.0,33.0,0,0.0,0.0
2023-02-09,32.299999,33.0,32.299999,33.0,33.0,1000,0.0,0.0
2023-02-10,33.0,33.0,33.0,33.0,33.0,0,0.0,0.0
2023-02-13,33.0,33.0,33.0,33.0,33.0,0,0.0,0.0
2023-02-14,33.0,33.0,33.0,33.0,33.0,0,0.0,0.0
2023-02-15,32.150002,33.0,32.150002,33.0,33.0,600,0.0,0.0
2023-02-16,33.0,33.0,33.0,33.0,33.0,0,0.0,0.0
2023-02-17,33.0,33.0,33.0,33.0,33.0,0,0.0,0.0
2023-02-21,32.299999,32.98,32.299999,32.98,32.98,300,0.0,0.0
2023-02-22,32.299999,32.98,32.299999,32.98,32.98,200,0.0,0.0
2023-02-23,32.299999,32.950001,32.299999,32.950001,32.950001,300,0.0,0.0
2023-02-24,32.950001,32.950001,32.950001,32.950001,32.950001,0,0.0,0.0
2023-02-27,32.950001,32.950001,32.950001,32.950001,32.950001,0,0.0,0.0
2023-02-28,32.950001,32.950001,32.950001,32.950001,32.950001,0,0.0,0.0
2023-03-01,32.950001,32.950001,32.950001,32.950001,32.950001,0,0.0,0.0
2023-03-02,32.950001,32.950001,32.950001,32.950001,32.950001,0,0.0,0.0
2023-03-03,32.950001,32.950001,32.950001,32.950001,32.950001,0,0.0,0.0
2023-03-06,32.950001,32.950001,32.950001,32.950001,32.950001,100,0.0,0.0
2023-03-07,32.950001,32.950001,32.950001,32.950001,32.950001,0,0.0,0.0
2023-03-08,32.299999,32.5,31.4,32.400002,32.400002,7200,0.0,0.0
2023-03-09,32.049999,32.25,32.049999,32.25,32.25,300,0.0,0.0
2023-03-10,32.200001,32.200001,31.65,32.150002,32.150002,800,0.0,0.0
2023-03-13,32.099998,33.0,24.0,32.0,32.0,5500,0.0,0.0
2023-03-14,31.700001,31.950001,25.5,30.1,30.1,6700,0.0,0.0
2023-03-15,27.5,29.9,27.02,29.85,29.85,1100,0.0,0.0
2023-03-16,27.5,28.700001,24.25,28.700001,28.700001,11400,0.0,0.0
2023-03-17,29.040001,29.5,28.0,29.5,29.5,1500,0.0,0.0
2023-03-20,29.5,29.5,29.5,29.5,29.5,700,0.0,0.0
2023-03-21,29.5,29.5,29.5,29.5,29.5,500,0.0,0.0
2023-03-22,27.91,29.450001,27.91,29.450001,29.450001,400,0.0,0.0
2023-03-23,28.75,29.0,27.549999,27.98,27.98,9700,0.0,0.0
2023-03-24,27.959999,29.4,27.950001,28.0,28.0,1400,0.0,0.0
2023-03-27,28.0,28.200001,26.610001,28.0,28.0,1700,0.0,0.0
2023-03-28,28.129999,28.15,28.129999,28.15,28.15,500,0.0,0.0
2023-03-29,28.15,29.0,28.15,28.799999,28.799999,1900,0.0,0.0
2023-03-30,29.0,29.0,29.0,29.0,29.0,500,0.0,0.0
2023-03-31,29.0,29.0,28.700001,29.0,29.0,1500,0.0,0.0
2023-04-03,29.0,29.0,27.6,28.200001,28.200001,4200,0.0,0.0
2023-04-04,27.620001,28.15,27.6,28.129999,28.129999,800,0.0,0.0
2023-04-05,27.85,28.049999,26.65,27.940001,27.940001,2700,0.0,0.0
2023-04-06,26.9,27.75,26.1,26.1,26.1,6800,0.0,0.0
2023-04-10,25.77,25.99,25.6,25.85,25.85,4600,0.0,0.0
2023-04-11,25.280001,25.9,25.25,25.9,25.9,1900,0.0,0.0
2023-04-12,25.9,25.9,25.9,25.9,25.9,0,0.0,0.0
2023-04-13,25.200001,25.85,25.200001,25.32,25.32,400,0.0,0.0
2023-04-14,25.200001,25.299999,23.84,23.84,23.84,16100,0.0,0.0
2023-04-17,23.75,24.75,23.75,24.75,24.75,200,0.0,0.0
2023-04-18,24.75,24.75,24.75,24.75,24.75,0,0.0,0.0
2023-04-19,23.700001,24.4,23.549999,24.02,24.02,1900,0.0,0.0
2023-04-20,24.02,24.030001,23.84,24.01,24.01,6700,0.0,0.0
2023-04-21,24.450001,25.0,24.450001,25.0,25.0,35700,0.0,0.0
2023-04-24,24.950001,24.950001,23.77,24.940001,24.940001,8500,0.0,0.0
2023-04-25,24.940001,24.940001,24.940001,24.940001,24.940001,0,0.0,0.0
2023-04-26,24.75,24.950001,24.75,24.950001,24.950001,300,0.0,0.0
2023-04-27,25.0,25.5,25.0,25.4,25.4,1100,0.0,0.0
2023-04-28,24.950001,27.5,24.950001,27.5,27.5,3600,0.0,0.0
2023-05-01,25.549999,27.299999,25.370001,25.370001,25.370001,3600,0.0,0.0
2023-05-02,27.35,27.35,25.1,25.93,25.93,3400,0.0,0.0
2023-05-03,25.93,25.93,25.93,25.93,25.93,0,0.0,0.0
2023-05-04,24.950001,25.450001,23.65,25.4,25.4,14000,0.0,0.0
2023-05-05,24.76,26.0,24.559999,26.0,26.0,6300,0.0,0.0
2023-05-08,24.65,26.0,24.65,26.0,26.0,400,0.0,0.0
2023-05-09,25.549999,25.9,25.5,25.9,25.9,1200,0.0,0.0
2023-05-10,25.15,26.0,25.15,26.0,26.0,800,0.0,0.0
2023-05-11,26.0,26.0,26.0,26.0,26.0,0,0.0,0.0
2023-05-12,26.0,26.0,26.0,26.0,26.0,0,0.0,0.0
2023-05-15,26.0,26.0,26.0,26.0,26.0,0,0.0,0.0
2023-05-16,25.99,26.0,25.99,26.0,26.0,2000,0.0,0.0
2023-05-17,26.15,26.66,26.15,26.26,26.26,1100,0.0,0.0
2023-05-18,26.5,27.0,26.5,27.0,27.0,1100,0.0,0.0
2023-05-19,27.0,27.0,27.0,27.0,27.0,0,0.0,0.0
2023-05-22,27.0,27.0,27.0,27.0,27.0,0,0.0,0.0
2023-05-23,27.0,28.0,27.0,28.0,28.0,1700,0.0,0.0
2023-05-24,28.4,28.4,28.4,28.4,28.4,100,0.0,0.0
2023-05-25,27.6,28.0,27.6,28.0,28.0,600,0.0,0.0
2023-05-26,27.5,28.0,27.5,28.0,28.0,1300,0.0,0.0
2023-05-30,28.0,28.0,28.0,28.0,28.0,0,0.0,0.0
2023-05-31,28.0,28.0,28.0,28.0,28.0,7500,0.0,0.0
2023-06-01,28.0,28.450001,28.0,28.450001,28.450001,8600,0.0,0.0
2023-06-02,28.450001,29.0,28.450001,29.0,29.0,4000,0.0,0.0
2023-06-05,29.0,29.0,29.0,29.0,29.0,7700,0.0,0.0
2023-06-06,29.0,29.0,29.0,29.0,29.0,3600,0.0,0.0
2023-06-07,29.9,29.9,28.25,29.25,29.25,2300,0.0,0.0
2023-06-08,29.25,29.25,29.25,29.25,29.25,3600,0.0,0.0
2023-06-09,28.299999,29.700001,28.25,29.700001,29.700001,5800,0.0,0.0
2023-06-12,28.299999,29.84,28.299999,29.84,29.84,5200,0.0,0.0
2023-06-13,29.059999,29.75,28.9,29.190001,29.190001,14200,0.0,0.0
2023-06-14,28.83,29.0,28.6,28.98,28.98,6900,0.0,0.0
2023-06-15,28.610001,28.91,28.450001,28.450001,28.450001,9200,0.0,0.0
2023-06-16,28.35,28.35,27.059999,28.1,28.1,11400,0.0,0.0
2023-06-20,27.0,28.0,27.0,27.799999,27.799999,30600,0.0,0.0
2023-06-21,26.9,27.85,26.9,27.85,27.85,2900,0.0,0.0
2023-06-22,27.85,27.85,27.85,27.85,27.85,100,0.0,0.0
2023-06-23,27.85,27.85,27.85,27.85,27.85,11900,0.0,0.0
2023-06-26,27.700001,27.799999,27.66,27.799999,27.799999,5000,0.0,0.0
2023-06-27,27.799999,27.799999,27.799999,27.799999,27.799999,100,0.0,0.0
2023-06-28,27.5,28.0,27.5,28.0,28.0,400,0.0,0.0
2023-06-29,27.34,27.34,27.15,27.15,27.15,6500,0.0,0.0
2023-06-30,27.110001,27.280001,26.91,27.049999,27.049999,4900,0.0,0.0
2023-07-03,28.0,28.0,28.0,28.0,28.0,100,0.0,0.0
2023-07-05,26.940001,27.139999,26.65,26.65,26.65,1400,0.0,0.0
2023-07-06,27.450001,27.450001,27.450001,27.450001,27.450001,200,0.0,0.0
2023-07-07,27.450001,27.450001,27.450001,27.450001,27.450001,300,0.0,0.0
2023-07-10,27.0,27.1,26.66,27.1,27.1,3000,0.0,0.0
2023-07-11,27.5,27.5,26.66,27.5,27.5,2300,0.0,0.0
2023-07-12,27.5,27.5,27.5,27.5,27.5,0,0.0,0.0
2023-07-13,27.5,27.5,27.5,27.5,27.5,0,0.0,0.0
2023-07-14,27.5,27.5,27.5,27.5,27.5,200,0.0,0.0
2023-07-17,28.5,28.5,28.5,28.5,28.5,200,0.0,0.0
2023-07-18,29.5,29.5,29.5,29.5,29.5,100,0.0,0.0
2023-07-19,30.0,30.0,30.0,30.0,30.0,100,0.0,0.0
2023-07-20,28.68,31.0,28.0,29.5,29.5,17000,0.0,0.0
2023-07-21,30.25,32.950001,30.25,32.5,32.5,1300,0.0,0.0
2023-07-24,33.0,33.450001,32.799999,33.450001,33.450001,1300,0.0,0.0
2023-07-25,33.450001,33.450001,33.450001,33.450001,33.450001,0,0.0,0.0
2023-07-26,33.450001,33.450001,33.450001,33.450001,33.450001,0,0.0,0.0
2023-07-27,33.450001,33.450001,33.450001,33.450001,33.450001,0,0.0,0.0
2023-07-28,32.0,33.240002,32.0,32.790001,32.790001,8300,0.0,0.0
2023-07-31,32.02,33.0,31.799999,32.049999,32.049999,2300,0.0,0.0
2023-08-01,32.07,32.75,31.940001,32.75,32.75,1500,0.0,0.0
2023-08-02,32.75,32.75,32.75,32.75,32.75,0,0.0,0.0
2023-08-03,33.150002,33.490002,33.150002,33.490002,33.490002,700,0.0,0.0
2023-08-04,33.150002,33.25,32.990002,33.0,33.0,500,0.0,0.0
2023-08-07,34.349998,34.349998,32.5,32.950001,32.950001,4800,0.0,0.0
2023-08-08,32.259998,32.950001,32.080002,32.950001,32.950001,1500,0.0,0.0
2023-08-09,32.830002,32.93,32.5,32.93,32.93,2700,0.0,0.0
2023-08-10,32.93,32.93,32.93,32.93,32.93,0,0.0,0.0
2023-08-11,32.93,32.93,32.93,32.93,32.93,0,0.0,0.0
2023-08-14,32.220001,32.889999,32.060001,32.889999,32.889999,5100,0.0,0.0
2023-08-15,32.490002,32.889999,32.200001,32.889999,32.889999,400,0.0,0.0
2023-08-16,32.889999,32.889999,32.889999,32.889999,32.889999,0,0.0,0.0
2023-08-17,32.889999,32.889999,32.889999,32.889999,32.889999,0,0.0,0.0
2023-08-18,32.889999,32.889999,32.889999,32.889999,32.889999,0,0.0,0.0
2023-08-21,32.75,33.0,32.57,33.0,33.0,1400,0.0,0.0
2023-08-22,31.91,32.0,31.6,31.870001,31.870001,2900,0.0,0.0
2023-08-23,32.0,32.0,32.0,32.0,32.0,900,0.0,0.0
2023-08-24,31.459999,32.0,31.459999,32.0,32.0,4400,0.0,0.0
2023-08-25,32.0,32.0,32.0,32.0,32.0,0,0.0,0.0
2023-08-28,32.0,32.0,32.0,32.0,32.0,200,0.0,0.0
2023-08-29,32.740002,32.740002,32.740002,32.740002,32.740002,200,0.0,0.0
2023-08-30,32.740002,32.740002,32.740002,32.740002,32.740002,0,0.0,0.0
2023-08-31,32.490002,32.5,32.490002,32.5,32.5,2100,0.0,0.0
2023-09-01,32.5,32.5,32.299999,32.5,32.5,400,0.0,0.0
2023-09-05,32.5,32.5,32.5,32.5,32.5,0,0.0,0.0
2023-09-06,32.5,32.5,32.5,32.5,32.5,0,0.0,0.0
2023-09-07,32.5,32.5,32.5,32.5,32.5,0,0.0,0.0
2023-09-08,32.5,32.5,32.5,32.5,32.5,0,0.0,0.0
2023-09-11,32.5,32.5,32.5,32.5,32.5,0,0.0,0.0
2023-09-12,31.75,32.5,31.75,32.5,32.5,2200,0.0,0.0
2023-09-13,32.5,32.5,32.5,32.5,32.5,0,0.0,0.0
2023-09-14,33.990002,33.990002,32.34,32.75,32.75,1700,0.0,0.0
2023-09-15,32.349998,32.349998,31.5,32.25,32.25,5900,0.0,0.0
2023-09-18,32.5,32.5,31.85,32.389999,32.389999,1400,0.0,0.0
2023-09-19,32.389999,32.389999,32.389999,32.389999,32.389999,100,0.0,0.0
2023-09-20,32.0,32.0,32.0,32.0,32.0,100,0.0,0.0
2023-09-21,31.629999,32.169998,31.299999,31.6,31.6,11600,0.0,0.0
2023-09-22,31.6,31.6,31.6,31.6,31.6,0,0.0,0.0
2023-09-25,31.17,31.59,31.1,31.58,31.58,5900,0.0,0.0
2023-09-26,31.73,31.74,31.73,31.74,31.74,200,0.0,0.0
2023-09-27,31.74,31.74,31.74,31.74,31.74,0,0.0,0.0
2023-09-28,31.74,31.74,31.74,31.74,31.74,0,0.0,0.0
2023-09-29,31.74,31.74,31.74,31.74,31.74,0,0.0,0.0
2023-10-02,31.74,31.74,31.74,31.74,31.74,0,0.0,0.0
2023-10-03,31.74,31.74,31.74,31.74,31.74,0,0.0,0.0
2023-10-04,31.120001,31.74,31.120001,31.74,31.74,400,0.0,0.0
2023-10-05,31.139999,32.0,31.1,32.0,32.0,1400,0.0,0.0
2023-10-06,32.0,32.0,32.0,32.0,32.0,0,0.0,0.0
2023-10-09,32.0,32.0,32.0,32.0,32.0,0,0.0,0.0
2023-10-10,32.0,32.0,32.0,32.0,32.0,0,0.0,0.0
2023-10-11,32.0,32.0,32.0,32.0,32.0,200,0.0,0.0
2023-10-12,32.0,32.0,32.0,32.0,32.0,0,0.0,0.0
2023-10-13,32.0,32.0,32.0,32.0,32.0,0,0.0,0.0
2023-10-16,32.0,32.0,32.0,32.0,32.0,0,0.0,0.0
2023-10-17,31.139999,32.639999,31.139999,32.0,32.0,2600,0.0,0.0
2023-10-18,32.0,32.0,32.0,32.0,32.0,0,0.0,0.0
2023-10-19,32.0,32.0,32.0,32.0,32.0,900,0.0,0.0
2023-10-20,32.0,32.0,31.950001,32.0,32.0,2300,0.0,0.0
2023-10-23,32.0,32.599998,32.0,32.43,32.43,2800,0.0,0.0
2023-10-24,32.580002,32.860001,32.580002,32.860001,32.860001,1100,0.0,0.0
2023-10-25,32.5,33.5,32.5,33.450001,33.450001,1000,0.0,0.0
2023-10-26,34.0,34.0,34.0,34.0,34.0,1500,0.0,0.0
2023-10-27,34.0,34.0,34.0,34.0,34.0,0,0.0,0.0
2023-10-30,33.5,34.0,33.5,34.0,34.0,2200,0.0,0.0
2023-10-31,33.5,33.900002,33.150002,33.490002,33.490002,3200,0.0,0.0
2023-11-01,33.490002,33.490002,33.490002,33.490002,33.490002,0,0.0,0.0
2023-11-02,33.490002,33.939999,33.490002,33.939999,33.939999,500,0.0,0.0
2023-11-03,33.25,33.939999,33.25,33.939999,33.939999,700,0.0,0.0
2023-11-06,33.259998,33.919998,33.25,33.919998,33.919998,2100,0.0,0.0
2023-11-07,32.75,33.889999,32.169998,33.23,33.23,4100,0.0,0.0
2023-11-08,33.799999,33.799999,33.799999,33.799999,33.799999,100,0.0,0.0
2023-11-09,32.580002,33.82,32.25,32.799999,32.799999,1900,0.0,0.0
2023-11-10,32.889999,33.950001,32.0,32.48,32.48,3800,0.0,0.0
2023-11-13,32.009998,32.700001,32.009998,32.700001,32.700001,1200,0.0,0.0
2023-11-14,32.700001,32.700001,32.700001,32.700001,32.700001,0,0.0,0.0
2023-11-15,32.040001,33.0,32.040001,33.0,33.0,9500,0.0,0.0
2023-11-16,33.09,33.09,32.360001,33.0,33.0,3800,0.0,0.0
2023-11-17,33.549999,33.889999,32.700001,32.93,32.93,11900,0.0,0.0
2023-11-20,33.75,33.889999,33.0,33.200001,33.200001,33400,0.0,0.0
2023-11-21,33.490002,33.689999,33.450001,33.689999,33.689999,800,0.0,0.0
2023-11-22,33.900002,33.970001,33.299999,33.689999,33.689999,7200,0.0,0.0
2023-11-24,33.700001,33.700001,33.68,33.700001,33.700001,500,0.0,0.0
2023-11-27,33.700001,33.700001,33.700001,33.700001,33.700001,0,0.0,0.0
2023-11-28,33.419998,33.43,33.25,33.41,33.41,3700,0.0,0.0
2023-11-29,33.09,33.25,33.080002,33.25,33.25,700,0.0,0.0
2023-11-30,33.299999,33.299999,33.049999,33.290001,33.290001,5800,0.0,0.0
2023-12-01,33.41,33.650002,33.299999,33.650002,33.650002,5400,0.0,0.0
2023-12-04,33.650002,33.650002,33.650002,33.650002,33.650002,0,0.0,0.0
2023-12-05,33.25,33.639999,32.860001,33.240002,33.240002,5400,0.0,0.0
2023-12-06,33.0,33.639999,32.82,33.200001,33.200001,2100,0.0,0.0
2023-12-07,33.200001,33.200001,33.200001,33.200001,33.200001,0,0.0,0.0
2023-12-08,33.25,33.5,32.950001,33.5,33.5,2500,0.0,0.0
2023-12-11,33.040001,33.619999,33.040001,33.619999,33.619999,2900,0.0,0.0
2023-12-12,33.029999,33.59,33.029999,33.560001,33.560001,700,0.0,0.0
2023-12-13,33.299999,33.549999,32.799999,32.799999,32.799999,31400,0.0,0.0
2023-12-14,32.889999,33.490002,32.889999,33.400002,33.400002,10000,0.0,0.0
2023-12-15,33.5,34.0,33.419998,34.0,34.0,2200,0.0,0.0
2023-12-18,33.759998,33.950001,33.759998,33.93,33.93,2800,0.0,0.0
2023-12-19,33.900002,34.0,33.810001,34.0,34.0,4800,0.0,0.0
2023-12-20,34.0,34.75,34.0,34.700001,34.700001,1100,0.0,0.0
2023-12-21,34.700001,34.849998,34.009998,34.009998,34.009998,7000,0.0,0.0
2023-12-22,34.25,34.490002,34.080002,34.490002,34.490002,4300,0.0,0.0
2023-12-26,34.5,34.700001,34.5,34.700001,34.700001,4500,0.0,0.0
2023-12-27,34.799999,34.950001,34.689999,34.950001,34.950001,1500,0.0,0.0
2023-12-28,34.950001,34.950001,34.950001,34.950001,34.950001,0,0.0,0.0
2023-12-29,35.0,35.0,35.0,35.0,35.0,100,0.0,0.0
2024-01-02,35.950001,35.950001,35.950001,35.950001,35.950001,100,0.0,0.0
2024-01-03,35.950001,35.950001,35.950001,35.950001,35.950001,0,0.0,0.0
2024-01-04,35.950001,35.950001,35.950001,35.950001,35.950001,0,0.0,0.0
2024-01-05,35.5,36.0,35.5,36.0,36.0,1300,0.0,0.0
2024-01-08,35.419998,35.939999,35.419998,35.849998,35.849998,1700,0.0,0.0
2024-01-09,35.849998,35.849998,35.849998,35.849998,35.849998,0,0.0,0.0
2024-01-10,35.360001,35.84,35.360001,35.790001,35.790001,4700,0.0,0.0
2024-01-11,35.549999,35.799999,35.549999,35.799999,35.799999,10300,0.0,0.0
2024-01-12,35.799999,35.990002,35.25,35.720001,35.720001,9300,0.0,0.0
2024-01-16,35.259998,35.540001,35.0,35.189999,35.189999,28600,0.0,0.0
2024-01-17,35.169998,35.169998,35.150002,35.16,35.16,3600,0.0,0.0
2024-01-18,35.150002,35.18,34.900002,35.09,35.09,3700,0.0,0.0
2024-01-19,35.049999,35.150002,34.869999,35.049999,35.049999,61900,0.0,0.0
2024-01-22,34.98,35.099998,34.98,35.029999,35.029999,2400,0.0,0.0
2024-01-23,35.029999,35.029999,35.029999,35.029999,35.029999,0,0.0,0.0
2024-01-24,35.25,35.25,35.25,35.25,35.25,200,0.0,0.0
2024-01-25,35.25,35.25,35.25,35.25,35.25,0,0.0,0.0
2024-01-26,35.029999,35.299999,35.029999,35.299999,35.299999,15600,0.0,0.0
2024-01-29,35.990002,35.990002,35.099998,35.099998,35.099998,200,0.0,0.0
2024-01-30,35.970001,35.970001,35.970001,35.970001,35.970001,100,0.0,0.0
2024-01-31,35.970001,35.970001,35.970001,35.970001,35.970001,0,0.0,0.0
2024-02-01,35.970001,35.970001,35.970001,35.970001,35.970001,0,0.0,0.0
2024-02-02,35.970001,35.970001,35.970001,35.970001,35.970001,0,0.0,0.0
2024-02-05,35.970001,35.970001,35.970001,35.970001,35.970001,0,0.0,0.0
2024-02-06,35.889999,35.889999,35.889999,35.889999,35.889999,200,0.0,0.0
2024-02-07,35.889999,35.889999,35.889999,35.889999,35.889999,0,0.0,0.0
2024-02-08,35.889999,35.889999,35.889999,35.889999,35.889999,0,0.0,0.0
2024-02-09,35.720001,35.84,35.720001,35.84,35.84,300,0.0,0.0
2024-02-12,35.23,35.77,35.23,35.759998,35.759998,900,0.0,0.0
2024-02-13,35.23,35.68,35.23,35.66,35.66,1500,0.0,0.0
2024-02-14,35.23,35.639999,35.200001,35.619999,35.619999,5500,0.0,0.0
2024-02-15,35.599998,36.900002,35.599998,36.900002,36.900002,1100,0.0,0.0
2024-02-16,36.0,36.900002,35.650002,35.900002,35.900002,14700,0.0,0.0
2024-02-20,35.549999,35.700001,35.299999,35.599998,35.599998,7400,0.0,0.0
2024-02-21,35.5,35.599998,35.41,35.57,35.57,5600,0.0,0.0
2024-02-22,35.549999,35.549999,35.299999,35.450001,35.450001,5200,0.0,0.0
2024-02-23,35.450001,35.450001,35.32,35.349998,35.349998,25400,0.0,0.0
2024-02-26,35.450001,35.450001,35.25,35.299999,35.299999,10600,0.0,0.0
2024-02-27,35.299999,35.299999,35.299999,35.299999,35.299999,0,0.0,0.0
2024-02-28,35.25,35.299999,35.200001,35.299999,35.299999,5600,0.0,0.0
2024-02-29,35.299999,35.349998,34.959999,35.299999,35.299999,6900,0.0,0.0
2024-03-01,35.299999,35.299999,35.299999,35.299999,35.299999,0,0.0,0.0
2024-03-04,34.959999,35.200001,34.369999,35.0,35.0,11400,0.0,0.0
2024-03-05,34.709999,34.98,34.41,34.59,34.59,11300,0.0,0.0
2024-03-06,35.189999,35.189999,35.189999,35.189999,35.189999,100,0.0,0.0
2024-03-07,34.599998,35.0,34.599998,34.599998,34.599998,5500,0.0,0.0
2024-03-08,35.0,35.189999,34.68,34.75,34.75,3900,0.0,0.0
2024-03-11,34.75,34.75,34.450001,34.740002,34.740002,5100,0.0,0.0
2024-03-12,35.150002,35.150002,35.0,35.0,35.0,600,0.0,0.0
2024-03-13,34.75,35.0,34.509998,35.0,35.0,2700,0.0,0.0
2024-03-14,35.0,35.0,35.0,35.0,35.0,0,0.0,0.0
2024-03-15,35.0,35.0,35.0,35.0,35.0,0,0.0,0.0
2024-03-18,34.900002,34.900002,34.900002,34.900002,34.900002,200,0.0,0.0
2024-03-19,34.540001,34.799999,34.25,34.25,34.25,8800,0.0,0.0
2024-03-20,34.5,34.5,34.25,34.349998,34.349998,1300,0.0,0.0
2024-03-21,34.349998,34.349998,34.349998,34.349998,34.349998,0,0.0,0.0
2024-03-22,34.349998,34.349998,34.349998,34.349998,34.349998,300,0.0,0.0
2024-03-25,34.450001,34.5,34.450001,34.5,34.5,3000,0.0,0.0
2024-03-26,34.16,34.32,34.16,34.32,34.32,3600,0.0,0.0
2024-03-27,34.150002,34.349998,34.049999,34.299999,34.299999,3600,0.0,0.0
2024-03-28,34.099998,34.150002,34.099998,34.150002,34.150002,1900,0.0,0.0
2024-04-01,34.150002,34.150002,34.150002,34.150002,34.150002,0,0.0,0.0
2024-04-02,34.150002,34.150002,34.150002,34.150002,34.150002,500,0.0,0.0
2024-04-03,34.150002,34.150002,34.150002,34.150002,34.150002,0,0.0,0.0
2024-04-04,34.060001,34.139999,34.049999,34.139999,34.139999,700,0.0,0.0
2024-04-05,34.150002,34.150002,34.150002,34.150002,34.150002,500,0.0,0.0
2024-04-08,34.25,34.25,34.150002,34.150002,34.150002,1200,0.0,0.0
2024-04-09,34.150002,34.150002,34.150002,34.150002,34.150002,0,0.0,0.0
2024-04-10,34.150002,34.150002,34.150002,34.150002,34.150002,0,0.0,0.0
2024-04-11,34.060001,34.150002,33.82,34.150002,34.150002,1800,0.0,0.0
2024-04-12,33.860001,34.150002,33.82,34.150002,34.150002,1600,0.0,0.0
2024-04-15,33.810001,34.34,32.369999,34.0,34.0,9400,0.0,0.0
2024-04-16,33.5,33.98,33.5,33.98,33.98,900,0.0,0.0
2024-04-17,33.110001,33.98,33.099998,33.98,33.98,3000,0.0,0.0
2024-04-18,33.98,33.98,33.98,33.98,33.98,0,0.0,0.0
2024-04-19,34.299999,34.299999,34.049999,34.25,34.25,2500,0.0,0.0
2024-04-22,34.049999,34.299999,33.830002,34.25,34.25,6400,0.0,0.0
2024-04-23,34.25,34.25,34.25,34.25,34.25,0,0.0,0.0
2024-04-24,34.049999,34.299999,33.900002,34.049999,34.049999,12800,0.0,0.0
2024-04-25,34.0,34.0,34.0,34.0,34.0,1300,0.0,0.0
2024-04-26,33.810001,34.279999,33.810001,34.279999,34.279999,600,0.0,0.0
2024-04-29,34.279999,34.279999,34.279999,34.279999,34.279999,0,0.0,0.0
2024-04-30,34.279999,34.279999,34.279999,34.279999,34.279999,0,0.0,0.0
2024-05-01,34.290001,34.299999,34.290001,34.299999,34.299999,600,0.0,0.0
2024-05-02,34.009998,34.299999,34.0,34.299999,34.299999,800,0.0,0.0
2024-05-03,34.299999,34.299999,33.82,34.25,34.25,3900,0.0,0.0
2024-05-06,33.91,34.240002,33.900002,34.240002,34.240002,700,0.0,0.0
2024-05-07,34.240002,34.240002,34.240002,34.240002,34.240002,0,0.0,0.0
2024-05-08,33.860001,34.330002,33.799999,34.330002,34.330002,1500,0.0,0.0
2024-05-09,34.34,34.75,34.0,34.349998,34.349998,5700,0.0,0.0
2024-05-10,34.259998,34.990002,33.91,34.200001,34.200001,8500,0.0,0.0
2024-05-13,34.0,34.450001,33.98,34.0,34.0,57200,0.0,0.0
2024-05-14,34.009998,34.009998,33.939999,34.0,34.0,5000,0.0,0.0
2024-05-15,33.939999,35.0,33.900002,34.0,34.0,5500,0.0,0.0
2024-05-16,34.049999,34.049999,34.049999,34.049999,34.049999,12000,0.0,0.0
2024-05-17,34.060001,34.060001,33.900002,33.93,33.93,7000,0.0,0.0
2024-05-20,33.93,34.200001,33.93,34.200001,34.200001,2200,0.0,0.0
2024-05-21,34.02,34.490002,33.950001,34.0,34.0,6100,0.0,0.0
2024-05-22,34.0,34.0,34.0,34.0,34.0,0,0.0,0.0
2024-05-23,34.450001,34.599998,34.200001,34.200001,34.200001,4200,0.0,0.0
2024-05-24,34.200001,34.200001,34.200001,34.200001,34.200001,0,0.0,0.0
2024-05-28,34.200001,34.200001,34.200001,34.200001,34.200001,5000,0.0,0.0
2024-05-29,34.150002,34.25,34.0,34.25,34.25,57000,0.0,0.0
2024-05-30,34.299999,34.5,34.220001,34.450001,34.450001,3200,0.0,0.0
2024-05-31,34.450001,34.549999,34.060001,34.549999,34.549999,20300,0.0,0.0
2024-06-03,34.650002,35.740002,34.549999,34.599998,34.599998,16900,0.0,0.0
2024-06-04,34.990002,35.490002,34.900002,35.200001,35.200001,3800,0.0,0.0
2024-06-05,35.490002,36.0,35.0,36.0,36.0,7100,0.0,0.0
2024-06-06,35.330002,37.0,35.299999,35.5,35.5,6200,0.0,0.0
2024-06-07,35.5,35.5,35.5,35.5,35.5,0,0.0,0.0
2024-06-10,35.5,36.0,35.5,35.75,35.75,4300,0.0,0.0
2024-06-11,35.799999,35.849998,35.5,35.75,35.75,3100,0.0,0.0
2024-06-12,35.75,35.75,35.75,35.75,35.75,0,0.0,0.0
2024-06-13,35.75,36.900002,35.299999,35.490002,35.490002,5100,0.0,0.0
2024-06-14,35.34,35.389999,35.110001,35.380001,35.380001,14400,0.0,0.0
2024-06-17,35.110001,35.369999,34.950001,35.0,35.0,27000,0.0,0.0
2024-06-18,35.009998,35.240002,34.849998,35.0,35.0,17500,0.0,0.0
2024-06-20,35.009998,35.98,34.860001,34.970001,34.970001,6800,0.0,0.0
2024-06-21,34.860001,35.189999,34.849998,35.0,35.0,5000,0.0,0.0
2024-06-24,35.0,35.200001,34.860001,34.990002,34.990002,3900,0.0,0.0
2024-06-25,34.869999,34.98,34.799999,34.98,34.98,10000,0.0,0.0
2024-06-26,35.0,35.25,34.790001,35.25,35.25,500,0.0,0.0
2024-06-27,35.189999,35.200001,35.0,35.200001,35.200001,3100,0.0,0.0
2024-06-28,35.0,35.349998,35.0,35.169998,35.169998,14700,0.0,0.0
2024-07-01,35.169998,35.169998,34.950001,35.169998,35.169998,300,0.0,0.0
2024-07-02,35.169998,35.169998,35.169998,35.169998,35.169998,0,0.0,0.0
2024-07-03,35.169998,35.169998,35.169998,35.169998,35.169998,0,0.0,0.0
2024-07-05,35.5,35.5,35.5,35.5,35.5,200,0.0,0.0
2024-07-08,35.110001,35.490002,34.93,35.240002,35.240002,20700,0.0,0.0
2024-07-09,35.0,35.220001,35.0,35.07,35.07,500,0.0,0.0
2024-07-10,35.240002,35.490002,34.939999,35.490002,35.490002,500,0.0,0.0
2024-07-11,35.5,36.5,35.009998,35.900002,35.900002,3700,0.0,0.0
2024-07-12,36.0,36.0,35.5,36.0,36.0,1000,0.0,0.0
2024-07-15,36.0,37.5,36.0,36.5,36.5,18100,0.0,0.0
2024-07-16,36.400002,37.5,36.099998,37.5,37.5,22300,0.0,0.0
2024-07-17,37.0,38.0,37.0,37.790001,37.790001,3200,0.0,0.0
2024-07-18,37.700001,38.0,37.700001,38.0,38.0,1200,0.0,0.0
2024-07-19,37.900002,42.580002,37.900002,42.5,42.5,4400,0.0,0.0
2024-07-22,42.5,42.5,42.0,42.5,42.5,1800,0.0,0.0
2024-07-23,42.25,43.75,42.25,43.0,43.0,5200,0.0,0.0
2024-07-24,45.5,45.5,43.0,43.400002,43.400002,13100,0.0,0.0
2024-07-25,44.5,44.5,42.25,43.0,43.0,2000,0.0,0.0
2024-07-26,43.0,45.48,43.0,45.48,45.48,7800,0.0,0.0
2024-07-29,45.48,45.48,45.48,45.48,45.48,0,0.0,0.0
2024-07-30,44.02,47.0,44.0,45.48,45.48,20100,0.0,0.0
2024-07-31,45.009998,46.0,43.0,43.900002,43.900002,10200,0.0,0.0
2024-08-01,42.040001,43.990002,40.759998,42.0,42.0,13100,0.0,0.0
2024-08-02,40.799999,42.0,40.799999,42.0,42.0,2500,0.0,0.0
2024-08-05,42.0,42.0,42.0,42.0,42.0,0,0.0,0.0
2024-08-06,42.0,42.0,42.0,42.0,42.0,0,0.0,0.0
2024-08-07,41.990002,43.0,41.990002,43.0,43.0,2100,0.0,0.0
2024-08-08,43.0,43.0,43.0,43.0,43.0,600,0.0,0.0
2024-08-09,43.0,43.0,43.0,43.0,43.0,0,0.0,0.0
2024-08-12,43.0,43.0,43.0,43.0,43.0,0,0.0,0.0
2024-08-13,42.009998,43.0,42.009998,43.0,43.0,3600,0.0,0.0
2024-08-14,43.0,43.0,43.0,43.0,43.0,500,0.0,0.0
2024-08-15,42.5,42.970001,42.310001,42.93,42.93,5100,0.0,0.0
2024-08-16,42.5,42.990002,42.5,42.990002,42.990002,600,0.0,0.0
2024-08-19,42.5,43.990002,42.32,42.75,42.75,4900,0.0,0.0
2024-08-20,42.5,42.75,42.16,42.75,42.75,9500,0.0,0.0
2024-08-21,42.75,42.75,42.400002,42.5,42.5,61100,0.0,0.0
2024-08-22,42.5,42.5,42.5,42.5,42.5,6400,0.0,0.0
2024-08-23,43.400002,43.400002,43.400002,43.400002,43.400002,100,0.0,0.0
2024-08-26,42.799999,43.82,42.599998,42.849998,42.849998,10900,0.0,0.0
2024-08-27,42.700001,43.990002,42.619999,42.700001,42.700001,8200,0.0,0.0
2024-08-28,43.0,43.049999,43.0,43.0,43.0,2000,0.0,0.0
2024-08-29,43.0,43.0,43.0,43.0,43.0,0,0.0,0.0
2024-08-30,43.0,43.0,43.0,43.0,43.0,0,0.0,0.0
2024-09-03,43.0,43.0,43.0,43.0,43.0,0,0.0,0.0
2024-09-04,43.0,44.73,42.5,44.73,44.73,19200,0.0,0.0
2024-09-05,43.5,43.5,43.5,43.5,43.5,500,0.0,0.0
2024-09-06,43.5,43.5,42.75,43.25,43.25,10000,0.0,0.0
2024-09-09,43.0,44.0,43.0,43.5,43.5,800,0.0,0.0
2024-09-10,43.25,44.0,42.279999,43.470001,43.470001,3200,0.0,0.0
2024-09-11,42.27,44.5,42.27,44.5,44.5,2100,0.0,0.0
2024-09-12,42.27,43.990002,42.27,43.990002,43.990002,200,0.0,0.0
2024-09-13,43.5,43.5,43.5,43.5,43.5,200,0.0,0.0
2024-09-16,43.5,43.5,42.27,42.27,42.27,9500,0.0,0.0
2024-09-17,42.27,43.0,42.27,42.5,42.5,800,0.0,0.0
2024-09-18,42.509998,43.0,42.5,43.0,43.0,4500,0.0,0.0
2024-09-19,43.209999,43.5,42.75,43.0,43.0,12800,0.0,0.0
2024-09-20,43.0,43.0,42.900002,43.0,43.0,36000,0.0,0.0
2024-09-23,43.25,44.0,43.0,44.0,44.0,1100,0.0,0.0
2024-09-24,43.259998,44.0,43.259998,44.0,44.0,1000,0.0,0.0
2024-09-25,43.25,44.0,43.0,44.0,44.0,1800,0.0,0.0
2024-09-26,43.27,44.73,43.27,44.73,44.73,200,0.0,0.0
2024-09-27,43.290001,44.84,43.290001,44.84,44.84,300,0.0,0.0
2024-09-30,44.700001,45.0,44.700001,45.0,45.0,400,0.0,0.0
2024-10-01,44.25,45.0,44.0,45.0,45.0,1000,0.0,0.0
2024-10-02,45.139999,45.139999,45.0,45.0,45.0,5100,0.0,0.0
2024-10-03,45.0,45.400002,45.0,45.400002,45.400002,300,0.0,0.0
2024-10-04,45.400002,45.400002,45.400002,45.400002,45.400002,0,0.0,0.0
2024-10-07,45.400002,45.400002,45.400002,45.400002,45.400002,0,0.0,0.0
2024-10-08,45.400002,45.400002,45.400002,45.400002,45.400002,0,0.0,0.0
2024-10-09,44.900002,45.34,44.900002,45.34,45.34,2200,0.0,0.0
2024-10-10,45.34,45.34,45.34,45.34,45.34,0,0.0,0.0
2024-10-11,44.950001,45.330002,44.5,45.209999,45.209999,5000,0.0,0.0
2024-10-14,45.330002,46.099998,45.330002,46.02,46.02,3700,0.0,0.0
2024-10-15,46.580002,46.580002,46.009998,46.009998,46.009998,600,0.0,0.0
2024-10-16,46.0,46.0,45.5,46.0,46.0,5500,0.0,0.0
2024-10-17,46.259998,46.759998,46.259998,46.759998,46.759998,1900,0.0,0.0
2024-10-18,47.150002,51.549999,47.150002,49.0,49.0,10700,0.0,0.0
2024-10-21,49.450001,49.5,48.900002,49.0,49.0,4100,0.0,0.0
2024-10-22,49.0,49.75,49.0,49.75,49.75,2200,0.0,0.0
2024-10-23,50.0,50.0,49.0,49.25,49.25,7100,0.0,0.0
2024-10-24,49.0,49.0,48.5,49.0,49.0,3200,0.0,0.0
2024-10-25,48.700001,49.0,48.700001,49.0,49.0,500,0.0,0.0
2024-10-28,48.200001,49.0,48.200001,48.950001,48.950001,2100,0.0,0.0
2024-10-29,48.200001,48.849998,48.0,48.5,48.5,9800,0.0,0.0
2024-10-30,48.75,48.75,48.25,48.5,48.5,2300,0.0,0.0
2024-10-31,48.049999,48.5,48.049999,48.5,48.5,2900,0.0,0.0
2024-11-01,48.25,49.0,48.110001,49.0,49.0,2700,0.0,0.0
2024-11-04,48.439999,49.0,48.439999,49.0,49.0,2200,0.0,0.0
2024-11-05,48.5,48.5,48.5,48.5,48.5,1600,0.0,0.0
2024-11-06,49.0,50.009998,49.0,50.009998,50.009998,2700,0.0,0.0
2024-11-07,49.0,49.990002,49.0,49.990002,49.990002,3100,0.0,0.0
2024-11-08,49.990002,49.990002,49.259998,49.5,49.5,1800,0.0,0.0
2024-11-11,49.73,49.950001,49.73,49.950001,49.950001,1600,0.0,0.0
2024-11-12,49.950001,49.959999,49.720001,49.720001,49.720001,1100,0.0,0.0
2024-11-13,48.23,49.25,48.150002,48.299999,48.299999,5900,0.0,0.0
2024-11-14,48.32,48.830002,48.310001,48.75,48.75,4600,0.0,0.0
2024-11-15,48.75,49.310001,48.310001,49.310001,49.310001,1200,0.0,0.0
2024-11-18,49.330002,49.330002,49.330002,49.330002,49.330002,200,0.0,0.0
2024-11-19,48.41,49.669998,48.41,49.0,49.0,4800,0.0,0.0
2024-11-20,49.0,49.0,48.439999,48.950001,48.950001,4700,0.0,0.0
2024-11-21,49.0,49.66,49.0,49.66,49.66,26500,0.0,0.0
2024-11-22,49.68,49.700001,49.259998,49.57,49.57,22100,0.0,0.0
2024-11-25,49.59,49.939999,49.59,49.939999,49.939999,1700,0.0,0.0
2024-11-26,49.959999,50.0,49.700001,49.700001,49.700001,10300,0.0,0.0
2024-11-27,49.75,50.0,49.700001,49.700001,49.700001,8100,0.0,0.0
2024-11-29,49.990002,50.0,49.700001,49.700001,49.700001,1000,0.0,0.0
2024-12-02,50.0,50.0,50.0,50.0,50.0,400,0.0,0.0
2024-12-03,50.0,50.0,49.799999,50.0,50.0,2100,0.0,0.0
2024-12-04,49.799999,50.0,49.790001,49.990002,49.990002,5400,0.0,0.0
2024-12-05,50.0,51.0,50.0,51.0,51.0,14800,0.0,0.0
2024-12-06,52.009998,52.040001,52.0,52.0,52.0,700,0.0,0.0
2024-12-09,52.5,52.5,52.5,52.5,52.5,600,0.0,0.0
2024-12-10,52.5,53.0,52.5,53.0,53.0,5500,0.0,0.0
2024-12-11,53.459999,53.919998,53.459999,53.799999,53.799999,4800,0.0,0.0
2024-12-12,53.5,54.740002,53.400002,54.740002,54.740002,12500,0.0,0.0
2024-12-13,54.950001,55.650002,54.599998,55.599998,55.599998,8900,0.0,0.0
2024-12-16,55.41,55.41,55.41,55.41,55.41,600,0.0,0.0
2024-12-17,55.41,55.41,55.41,55.41,55.41,0,0.0,0.0
2024-12-18,55.5,55.5,55.41,55.41,55.41,900,0.0,0.0
2024-12-19,55.490002,55.5,55.490002,55.5,55.5,500,0.0,0.0
2024-12-20,57.0,57.0,57.0,57.0,57.0,700,0.0,0.0
2024-12-23,56.25,57.720001,56.25,57.0,57.0,3800,0.0,0.0
2024-12-24,57.299999,57.299999,57.299999,57.299999,57.299999,500,0.0,0.0
2024-12-26,57.0,58.23,57.0,57.299999,57.299999,4700,0.0,0.0
2024-12-27,57.200001,57.200001,56.52,57.0,57.0,7900,0.0,0.0
2024-12-30,58.23,58.23,56.080002,57.0,57.0,8200,0.0,0.0
2024-12-31,57.75,57.75,56.810001,57.740002,57.740002,7400,0.0,0.0
2025-01-02,57.75,58.240002,56.389999,57.5,57.5,4600,0.0,0.0
2025-01-03,57.5,57.5,56.799999,57.400002,57.400002,1800,0.0,0.0
2025-01-06,57.279999,57.299999,56.799999,57.150002,57.150002,2100,0.0,0.0
2025-01-07,57.02,57.200001,56.360001,57.0,57.0,2000,0.0,0.0
2025-01-08,56.5,56.75,56.169998,56.740002,56.740002,2800,0.0,0.0
2025-01-10,56.5,56.75,54.66,56.0,56.0,14900,0.0,0.0
2025-01-13,56.25,56.25,54.799999,55.939999,55.939999,4500,0.0,0.0
2025-01-14,56.490002,56.5,56.490002,56.5,56.5,600,0.0,0.0
2025-01-15,56.5,57.389999,56.009998,56.5,56.5,4000,0.0,0.0
2025-01-16,56.560001,56.599998,56.25,56.5,56.5,1900,0.0,0.0
2025-01-17,58.25,60.0,58.0,58.990002,58.990002,48500,0.0,0.0
2025-01-21,59.0,60.0,59.0,59.0,59.0,2600,0.0,0.0
2025-01-22,59.25,59.25,59.25,59.25,59.25,800,0.0,0.0
2025-01-23,59.009998,60.0,59.0,60.0,60.0,1700,0.0,0.0
2025-01-24,59.369999,60.0,59.0,60.0,60.0,500,0.0,0.0
2025-01-27,59.0,60.0,59.0,60.0,60.0,1100,0.0,0.0
2025-01-28,59.23,60.5,59.23,59.990002,59.990002,4100,0.0,0.0
2025-01-29,60.5,61.5,59.66,60.48,60.48,1500,0.0,0.0
2025-01-30,60.0,60.490002,59.0,59.75,59.75,6800,0.0,0.0
2025-01-31,59.75,60.450001,59.349998,59.75,59.75,5100,0.0,0.0
2025-02-03,59.75,60.400002,58.91,60.0,60.0,2900,0.0,0.0
2025-02-04,59.5,60.0,58.919998,60.0,60.0,900,0.0,0.0
2025-02-05,59.5,60.0,59.5,60.0,60.0,3400,0.0,0.0
2025-02-06,59.73,59.73,59.5,59.720001,59.720001,2000,0.0,0.0
2025-02-07,59.5,60.25,58.759998,60.0,60.0,2500,0.0,0.0
2025-02-10,59.5,59.5,59.009998,59.369999,59.369999,400,0.0,0.0
2025-02-11,59.150002,59.959999,59.0,59.5,59.5,5100,0.0,0.0
2025-02-12,59.299999,59.950001,59.299999,59.700001,59.700001,6000,0.0,0.0
2025-02-13,59.349998,59.349998,59.0,59.34,59.34,15000,0.0,0.0
2025-02-14,59.34,59.34,59.34,59.34,59.34,0,0.0,0.0
2025-02-18,59.200001,59.349998,59.189999,59.349998,59.349998,7300,0.0,0.0
2025-02-19,59.25,59.5,59.25,59.400002,59.400002,700,0.0,0.0
2025-02-20,59.25,59.400002,59.200001,59.400002,59.400002,500,0.0,0.0
2025-02-21,59.150002,59.349998,59.150002,59.349998,59.349998,400,0.0,0.0
2025-02-24,59.049999,59.25,59.049999,59.25,59.25,300,0.0,0.0
2025-02-25,59.25,59.25,59.25,59.25,59.25,0,0.0,0.0
2025-02-26,58.990002,59.25,58.950001,59.0,59.0,800,0.0,0.0
2025-02-27,58.900002,59.25,58.900002,59.25,59.25,300,0.0,0.0
2025-02-28,58.75,59.099998,58.700001,59.099998,59.099998,3300,0.0,0.0
2025-03-03,59.080002,59.080002,58.099998,58.400002,58.400002,5600,0.0,0.0
2025-03-04,58.110001,58.349998,57.400002,57.75,57.75,6800,0.0,0.0
2025-03-05,57.75,57.75,57.75,57.75,57.75,0,0.0,0.0
2025-03-06,57.720001,57.720001,57.029999,57.709999,57.709999,3300,0.0,0.0
2025-03-07,57.02,57.029999,57.0,57.029999,57.029999,1300,0.0,0.0
2025-03-10,56.950001,57.43,55.599998,55.900002,55.900002,8700,0.0,0.0
2025-03-11,55.470001,56.049999,54.650002,55.5,55.5,9300,0.0,0.0
2025-03-12,55.790001,55.790001,55.790001,55.790001,55.790001,100,0.0,0.0
2025-03-13,55.700001,55.700001,55.0,55.0,55.0,3700,0.0,0.0
2025-03-14,55.450001,55.5,54.950001,54.950001,54.950001,5200,0.0,0.0
2025-03-17,54.91,55.0,54.849998,55.0,55.0,2600,0.0,0.0
2025-03-18,55.0,55.0,54.599998,54.889999,54.889999,9300,0.0,0.0
2025-03-19,54.889999,54.889999,54.650002,54.650002,54.650002,400,0.0,0.0
2025-03-20,54.849998,55.0,54.849998,55.0,55.0,600,0.0,0.0
2025-03-21,55.0,55.0,55.0,55.0,55.0,800,0.0,0.0
2025-03-24,55.0,55.0,55.0,55.0,55.0,300,0.0,0.0
2025-03-25,54.779999,54.779999,54.779999,54.779999,54.779999,400,0.0,0.0
2025-03-26,54.700001,54.700001,54.5,54.700001,54.700001,1800,0.0,0.0
2025-03-27,54.700001,55.0,54.700001,55.0,55.0,1600,0.0,0.0
2025-03-28,55.0,55.0,55.0,55.0,55.0,0,0.0,0.0
2025-03-31,54.5,54.939999,54.5,54.91,54.91,600,0.0,0.0
2025-04-01,54.950001,54.950001,54.5,54.75,54.75,500,0.0,0.0
2025-04-02,54.5,54.75,54.5,54.75,54.75,3000,0.0,0.0
2025-04-03,54.349998,54.700001,53.599998,53.599998,53.599998,2200,0.0,0.0
2025-04-04,53.169998,53.169998,52.099998,52.700001,52.700001,3200,0.0,0.0
2025-04-07,52.07,52.450001,50.599998,52.09,52.09,5200,0.0,0.0
2025-04-08,52.0,52.389999,51.900002,51.900002,51.900002,1700,0.0,0.0
2025-04-09,51.25,52.650002,50.709999,52.650002,52.650002,4100,0.0,0.0
2025-04-10,52.0,52.450001,51.200001,51.990002,51.990002,1000,0.0,0.0
2025-04-11,51.099998,51.990002,51.099998,51.98,51.98,900,0.0,0.0
2025-04-14,50.950001,51.98,50.799999,51.5,51.5,2000,0.0,0.0
2025-04-15,51.75,51.970001,51.75,51.970001,51.970001,800,0.0,0.0
2025-04-16,51.150002,52.200001,51.009998,51.900002,51.900002,1900,0.0,0.0
2025-04-17,51.900002,51.900002,51.900002,51.900002,51.900002,0,0.0,0.0
2025-04-21,52.040001,52.5,51.549999,52.0,52.0,2300,0.0,0.0
2025-04-22,52.099998,53.25,52.099998,52.740002,52.740002,2300,0.0,0.0
2025-04-23,53.5,54.0,52.830002,53.5,53.5,4600,0.0,0.0
2025-04-24,53.0,53.700001,51.619999,53.5,53.5,2000,0.0,0.0
2025-04-25,53.700001,53.700001,53.700001,53.700001,53.700001,100,0.0,0.0
2025-04-28,53.700001,53.700001,53.700001,53.700001,53.700001,0,0.0,0.0
2025-04-29,53.700001,53.700001,53.700001,53.700001,53.700001,0,0.0,0.0
2025-04-30,53.049999,53.5,53.049999,53.5,53.5,400,0.0,0.0
2025-05-01,53.5,54.25,53.5,54.25,54.25,2100,0.0,0.0
2025-05-02,54.25,55.0,53.869999,55.0,55.0,4800,0.0,0.0
2025-05-05,54.959999,55.0,54.0,55.0,55.0,4600,0.0,0.0
2025-05-06,55.0,55.0,55.0,55.0,55.0,0,0.0,0.0
2025-05-07,54.990002,54.990002,54.990002,54.990002,54.990002,200,0.0,0.0
2025-05-08,55.0,55.0,55.0,55.0,55.0,1200,0.0,0.0
2025-05-09,54.75,54.75,54.290001,54.299999,54.299999,2500,0.0,0.0
2025-05-12,54.990002,55.0,54.950001,54.950001,54.950001,2800,0.0,0.0
2025-05-13,55.040001,55.279999,55.040001,55.279999,55.279999,1000,0.0,0.0
2025-05-14,55.279999,55.279999,55.0,55.0,55.0,1300,0.0,0.0
2025-05-15,54.759998,55.0,54.759998,55.0,55.0,1200,0.0,0.0
2025-05-16,55.0,55.099998,55.0,55.099998,55.099998,3400,0.0,0.0
2025-05-19,54.759998,54.759998,54.75,54.75,54.75,800,0.0,0.0
2025-05-20,55.200001,55.200001,55.0,55.0,55.0,5400,0.0,0.0
2025-05-21,55.0,55.0,55.0,55.0,55.0,700,0.0,0.0
2025-05-22,55.0,55.0,55.0,55.0,55.0,0,0.0,0.0
2025-05-23,55.0,55.0,55.0,55.0,55.0,0,0.0,0.0
2025-05-27,54.700001,55.0,54.700001,55.0,55.0,4900,0.0,0.0
2025-05-28,55.0,55.0,55.0,55.0,55.0,2000,0.0,0.0
2025-05-29,55.799999,55.799999,55.0,55.0,55.0,700,0.0,0.0
2025-05-30,54.98,55.0,54.98,55.0,55.0,1600,0.0,0.0
2025-06-02,55.0,55.0,55.0,55.0,55.0,8500,0.0,0.0
2025-06-03,55.299999,55.799999,55.049999,55.060001,55.060001,1000,0.0,0.0
2025-06-04,55.150002,55.77,55.150002,55.150002,55.150002,1200,0.0,0.0
2025-06-05,55.150002,55.150002,55.009998,55.02,55.02,800,0.0,0.0
2025-06-06,55.299999,55.299999,55.150002,55.150002,55.150002,2300,0.0,0.0
2025-06-09,55.27,55.27,55.0,55.139999,55.139999,2400,0.0,0.0
2025-06-10,54.52,54.650002,54.52,54.650002,54.650002,300,0.0,0.0
2025-06-11,54.650002,54.650002,54.650002,54.650002,54.650002,0,0.0,0.0
2025-06-12,54.639999,54.639999,54.639999,54.639999,54.639999,100,0.0,0.0
2025-06-13,54.5,54.5,54.349998,54.349998,54.349998,1100,0.0,0.0
2025-06-16,54.099998,54.189999,54.099998,54.189999,54.189999,900,0.0,0.0
2025-06-17,54.189999,54.189999,54.189999,54.189999,54.189999,0,0.0,0.0
2025-06-18,54.0,54.0,53.900002,53.900002,53.900002,500,0.0,0.0
2025-06-20,53.900002,53.900002,53.5,53.799999,53.799999,11400,0.0,0.0
2025-06-23,53.5,53.799999,53.5,53.799999,53.799999,300,0.0,0.0
2025-06-24,53.799999,54.240002,53.25,54.240002,54.240002,14000,0.0,0.0
2025-06-25,53.810001,54.23,53.810001,54.209999,54.209999,2800,0.0,0.0
2025-06-26,53.849998,53.849998,53.799999,53.84,53.84,900,0.0,0.0
2025-06-27,53.709999,54.209999,53.709999,54.209999,54.209999,2100,0.0,0.0
2025-06-30,54.139999,54.220001,54.099998,54.220001,54.220001,1200,0.0,0.0
2025-07-01,54.209999,54.209999,54.099998,54.209999,54.209999,800,0.0,0.0
2025-07-02,54.209999,54.209999,54.209999,54.209999,54.209999,0,0.0,0.0
2025-07-03,54.209999,55.0,54.209999,55.0,55.0,8400,0.0,0.0
2025-07-07,55.290001,55.700001,55.290001,55.549999,55.549999,7700,0.0,0.0
2025-07-08,55.700001,56.5,55.700001,56.049999,56.049999,2700,0.0,0.0
2025-07-09,56.5,56.5,56.099998,56.099998,56.099998,2500,0.0,0.0
2025-07-10,56.25,56.490002,56.25,56.490002,56.490002,2400,0.0,0.0
2025-07-11,56.049999,56.490002,56.0,56.099998,56.099998,6900,0.0,0.0
2025-07-14,56.5,57.450001,56.5,57.450001,57.450001,900,0.0,0.0
2025-07-15,57.5,57.5,57.139999,57.5,57.5,500,0.0,0.0
2025-07-16,57.48,57.5,57.48,57.5,57.5,1100,0.0,0.0
2025-07-17,57.509998,58.529999,57.509998,58.5,58.5,2300,0.0,0.0
2025-07-18,57.5,58.860001,57.119999,57.529999,57.529999,4400,0.0,0.0
2025-07-21,57.549999,58.0,57.240002,58.0,58.0,1600,0.0,0.0
2025-07-22,57.900002,58.990002,57.900002,58.259998,58.259998,6800,0.0,0.0
2025-07-23,58.290001,58.290001,58.290001,58.290001,58.290001,200,0.0,0.0
2025-07-24,58.290001,58.84,58.150002,58.200001,58.200001,6100,0.0,0.0
2025-07-25,58.5,58.869999,58.16,58.799999,58.799999,7200,0.0,0.0
2025-07-28,58.869999,59.0,58.5,58.599998,58.599998,4300,0.0,0.0
2025-07-29,58.52,58.75,58.509998,58.509998,58.509998,3600,0.0,0.0
2025-07-30,58.540001,58.540001,58.32,58.32,58.32,2400,0.0,0.0
2025-07-31,58.200001,58.200001,58.009998,58.009998,58.009998,2400,0.0,0.0
2025-08-01,57.799999,58.040001,57.75,58.040001,58.040001,400,0.0,0.0
2025-08-04,57.630001,57.639999,57.630001,57.639999,57.639999,700,0.0,0.0
2025-08-05,57.889999,57.889999,57.150002,57.450001,57.450001,7100,0.0,0.0
2025-08-06,57.259998,57.259998,57.259998,57.259998,57.259998,100,0.0,0.0
2025-08-07,57.259998,57.259998,57.259998,57.259998,57.259998,300,0.0,0.0
2025-08-08,57.240002,57.450001,57.169998,57.450001,57.450001,3700,0.0,0.0
2025-08-11,57.450001,57.450001,57.450001,57.450001,57.450001,0,0.0,0.0
2025-08-12,56.75,57.299999,56.75,57.099998,57.099998,2500,0.0,0.0
2025-08-13,57.099998,57.290001,57.0,57.0,57.0,8900,0.0,0.0
2025-08-14,57.290001,57.290001,57.290001,57.290001,57.290001,200,0.0,0.0
2025-08-15,57.290001,57.290001,57.290001,57.290001,57.290001,0,0.0,0.0
2025-08-18,57.290001,57.290001,57.290001,57.290001,57.290001,0,0.0,0.0
2025-08-19,56.799999,57.290001,56.259998,56.599998,56.599998,7900,0.0,0.0
2025-08-20,56.400002,56.400002,56.0,56.049999,56.049999,5800,0.0,0.0
2025-08-21,56.009998,56.009998,55.990002,56.0,56.0,1900,0.0,0.0
2025-08-22,56.009998,56.689999,56.009998,56.5,56.5,6900,0.0,0.0
2025-08-25,56.700001,57.299999,56.700001,57.25,57.25,11500,0.0,0.0
2025-08-26,57.5,57.610001,57.119999,57.27,57.27,8100,0.0,0.0
2025-08-27,57.5,57.5,57.290001,57.5,57.5,2400,0.0,0.0
2025-08-28,57.5,57.5,57.400002,57.5,57.5,3400,0.0,0.0
2025-08-29,57.5,57.5,57.02,57.200001,57.200001,13400,0.0,0.0
2025-09-02,57.0,57.099998,56.799999,56.849998,56.849998,7200,0.0,0.0
2025-09-03,56.900002,57.189999,56.5,57.189999,57.189999,6100,0.0,0.0
2025-09-04,57.200001,57.369999,56.560001,57.200001,57.200001,1000,0.0,0.0
2025-09-05,57.490002,57.490002,57.490002,57.490002,57.490002,800,0.0,0.0
2025-09-08,57.490002,57.490002,56.860001,57.490002,57.490002,18900,0.0,0.0
2025-09-09,57.75,58.110001,57.75,57.82,57.82,1800,0.0,0.0
2025-09-10,57.830002,57.990002,57.419998,57.990002,57.990002,4100,0.0,0.0
2025-09-11,57.509998,58.5,57.509998,58.490002,58.490002,1800,0.0,0.0
2025-09-12,58.25,58.5,58.25,58.5,58.5,5000,0.0,0.0
2025-09-15,58.880001,58.880001,58.200001,58.490002,58.490002,12000,0.0,0.0
2025-09-16,58.080002,58.889999,58.080002,58.889999,58.889999,5100,0.0,0.0
2025-09-17,58.75,59.240002,58.75,59.240002,59.240002,18100,0.0,0.0
2025-09-18,59.240002,59.240002,58.959999,59.240002,59.240002,8300,0.0,0.0
2025-09-19,59.080002,59.130001,59.060001,59.130001,59.130001,1600,0.0,0.0
2025-09-22,59.049999,59.240002,58.75,59.139999,59.139999,6400,0.0,0.0
2025-09-23,58.869999,59.139999,58.869999,58.959999,58.959999,5600,0.0,0.0
2025-09-24,59.139999,59.139999,58.959999,58.959999,58.959999,500,0.0,0.0
2025-09-25,58.830002,58.93,58.810001,58.900002,58.900002,1300,0.0,0.0
2025-09-26,58.900002,58.970001,58.779999,58.849998,58.849998,2500,0.0,0.0
2025-09-29,59.0,59.240002,59.0,59.240002,59.240002,6300,0.0,0.0
2025-09-30,59.240002,59.310001,58.900002,59.049999,59.049999,15200,0.0,0.0
2025-10-01,59.25,59.25,58.799999,59.139999,59.139999,8400,0.0,0.0
2025-10-02,58.98,59.400002,58.880001,59.02,59.02,9500,0.0,0.0
2025-10-03,59.049999,59.75,59.049999,59.75,59.75,3900,0.0,0.0
2025-10-06,60.0,60.049999,59.549999,59.650002,59.650002,9200,0.0,0.0
2025-10-07,59.459999,59.900002,59.41,59.790001,59.790001,6000,0.0,0.0
2025-10-08,59.599998,59.900002,59.5,59.599998,59.599998,5300,0.0,0.0
2025-10-09,59.68,59.68,59.5,59.59,59.59,2500,0.0,0.0
2025-10-10,59.41,59.48,58.5,59.400002,59.400002,8000,0.0,0.0
2025-10-13,59.540001,59.540001,59.0,59.490002,59.490002,8400,0.0,0.0
2025-10-14,59.5,59.5,59.110001,59.400002,59.400002,3000,0.0,0.0
2025-10-15,59.32,59.32,58.599998,59.0,59.0,13200,0.0,0.0
2025-10-16,58.799999,58.990002,58.049999,58.299999,58.299999,10500,0.0,0.0
2025-10-17,58.099998,58.299999,54.450001,55.27,55.27,33000,0.0,0.0
2025-10-20,54.810001,55.34,54.810001,55.25,55.25,7400,0.0,0.0
2025-10-21,55.34,55.34,54.75,54.990002,54.990002,4200,0.0,0.0
2025-10-22,54.990002,55.400002,54.990002,55.400002,55.400002,3900,0.0,0.0
2025-10-23,55.400002,57.0,55.400002,57.0,57.0,2500,0.0,0.0
2025-10-24,57.0,57.990002,57.0,57.25,57.25,11400,0.0,0.0
2025-10-27,57.09,57.52,57.080002,57.330002,57.330002,6100,0.0,0.0
2025-10-28,57.389999,57.490002,57.200001,57.279999,57.279999,4000,0.0,0.0
2025-10-29,57.279999,57.279999,57.279999,57.279999,57.279999,0,0.0,0.0
2025-10-30,57.279999,57.490002,57.0,57.23,57.23,2000,0.0,0.0
2025-10-31,57.490002,57.490002,57.349998,57.349998,57.349998,6100,0.0,0.0
2025-11-03,57.0,57.200001,57.0,57.189999,57.189999,5000,0.0,0.0
2025-11-04,57.0,57.25,57.0,57.150002,57.150002,3300,0.0,0.0
2025-11-05,57.099998,57.200001,57.049999,57.150002,57.150002,3600,0.0,0.0
2025-11-06,57.0,57.0,56.900002,56.900002,56.900002,3400,0.0,0.0
2025-11-07,56.799999,56.82,56.5,56.639999,56.639999,12300,0.0,0.0
2025-11-10,56.82,56.900002,56.639999,56.68,56.68,7800,0.0,0.0
2025-11-11,56.650002,56.900002,56.650002,56.799999,56.799999,3200,0.0,0.0
2025-11-12,56.700001,57.060001,56.700001,56.900002,56.900002,4200,0.0,0.0
2025-11-13,57.049999,57.049999,56.75,56.75,56.75,5500,0.0,0.0
2025-11-14,56.709999,56.709999,56.549999,56.68,56.68,7500,0.0,0.0
2025-11-17,56.509998,56.560001,55.400002,55.700001,55.700001,23300,0.0,0.0
2025-11-18,55.599998,56.0,55.41,55.599998,55.599998,8300,0.0,0.0
2025-11-19,55.599998,55.900002,55.119999,55.700001,55.700001,8400,0.0,0.0
2025-11-20,55.700001,55.970001,55.349998,55.669998,55.669998,15900,0.0,0.0
2025-11-21,55.400002,55.990002,55.299999,55.990002,55.990002,1600,0.0,0.0
2025-11-24,56.169998,56.169998,56.169998,56.169998,56.169998,200,0.0,0.0
2025-11-25,56.0,56.169998,56.0,56.169998,56.169998,400,0.0,0.0
2025-11-26,56.169998,57.439999,56.169998,57.200001,57.200001,5700,0.0,0.0
2025-11-28,57.200001,57.290001,57.200001,57.290001,57.290001,1800,0.0,0.0
2025-12-01,57.450001,57.540001,57.43,57.540001,57.540001,5100,0.0,0.0
2025-12-02,56.889999,57.540001,56.889999,57.5,57.5,1700,0.0,0.0
2025-12-03,57.540001,57.540001,57.200001,57.23,57.23,1000,0.0,0.0
2025-12-04,57.18,57.18,56.060001,56.75,56.75,4400,0.0,0.0
2025-12-05,56.799999,56.799999,56.799999,56.799999,56.799999,1300,0.0,0.0
2025-12-08,56.700001,56.990002,55.849998,56.98,56.98,2300,0.0,0.0
2025-12-09,56.599998,56.98,55.900002,55.900002,55.900002,2800,0.0,0.0
2025-12-10,56.0,56.59,55.849998,56.59,56.59,3200,0.0,0.0
2025-12-11,56.25,56.880001,56.25,56.799999,56.799999,4800,0.0,0.0
2025-12-12,56.98,57.240002,56.900002,57.240002,57.240002,4700,0.0,0.0
2025-12-15,57.540001,57.540001,57.540001,57.540001,57.540001,400,0.0,0.0
2025-12-16,57.540001,57.540001,57.0,57.0,57.0,13300,0.0,0.0
2025-12-17,56.900002,57.540001,56.900002,57.540001,57.540001,23200,0.0,0.0
2025-12-18,57.5,57.5,57.5,57.5,57.5,100,0.0,0.0
2025-12-19,57.450001,57.450001,57.450001,57.450001,57.450001,100,0.0,0.0
2025-12-22,57.400002,57.400002,57.369999,57.400002,57.400002,1100,0.0,0.0
2025-12-23,57.200001,57.5,57.200001,57.25,57.25,2500,0.0,0.0
2025-12-24,57.25,57.25,57.25,57.25,57.25,0,0.0,0.0
2025-12-26,57.25,57.25,57.25,57.25,57.25,0,0.0,0.0
2025-12-29,57.099998,57.529999,57.099998,57.529999,57.529999,700,0.0,0.0
2025-12-30,57.150002,57.529999,57.150002,57.470001,57.470001,2500,0.0,0.0
2025-12-31,57.529999,57.529999,57.040001,57.529999,57.529999,900,0.0,0.0
2026-01-02,57.099998,57.529999,57.0,57.0,57.0,13500,0.0,0.0
2026-01-05,57.200001,57.380001,56.950001,56.950001,56.950001,9000,0.0,0.0
2026-01-06,57.25,57.349998,57.25,57.349998,57.349998,3300,0.0,0.0
2026-01-07,57.529999,57.529999,57.310001,57.52,57.52,1200,0.0,0.0
2026-01-08,57.25,57.529999,57.139999,57.349998,57.349998,8000,0.0,0.0
2026-01-09,57.25,57.34,57.220001,57.25,57.25,5400,0.0,0.0
2026-01-12,57.220001,57.5,57.099998,57.5,57.5,44500,0.0,0.0
2026-01-13,57.25,57.400002,57.16,57.400002,57.400002,11500,0.0,0.0
2026-01-14,57.400002,57.400002,57.400002,57.400002,57.400002,0,0.0,0.0
2026-01-15,57.25,57.529999,57.25,57.529999,57.529999,19800,0.0,0.0
2026-01-16,57.529999,58.25,57.529999,58.25,58.25,21100,0.0,0.0
2026-01-20,58.5,58.5,58.25,58.490002,58.490002,2400,0.0,0.0
2026-01-21,58.5,59.5,58.5,59.25,59.25,19900,0.0,0.0
2026-01-22,59.490002,60.0,59.349998,59.75,59.75,15200,0.0,0.0
2026-01-23,60.0,60.240002,59.009998,59.849998,59.849998,8000,0.0,0.0
2026-01-26,60.200001,60.25,58.099998,60.0,60.0,9500,0.0,0.0
2026-01-27,58.84,60.0,58.84,60.0,60.0,4400,0.0,0.0
2026-01-28,59.799999,60.0,59.459999,60.0,60.0,6300,0.0,0.0
2026-01-29,59.599998,59.990002,59.400002,59.990002,59.990002,2100,0.0,0.0
2026-01-30,59.5,60.0,59.5,60.0,60.0,3400,0.0,0.0
2026-02-02,59.599998,60.5,59.599998,60.450001,60.450001,8600,0.0,0.0
2026-02-03,60.490002,60.970001,60.110001,60.849998,60.849998,3300,0.0,0.0
2026-02-04,60.970001,64.0,60.970001,64.0,64.0,6400,0.0,0.0
2026-02-05,64.0,64.900002,62.57,64.0,64.0,2600,0.0,0.0
2026-02-06,64.0,65.400002,63.150002,64.25,64.25,11300,0.0,0.0
2026-02-09,65.0,65.0,64.25,64.75,64.75,6400,0.0,0.0
2026-02-10,64.25,65.690002,64.25,64.610001,64.610001,2600,0.0,0.0
2026-02-11,64.809998,65.0,64.0,64.610001,64.610001,2500,0.0,0.0
2026-02-12,64.5,65.0,64.010002,65.0,65.0,3000,0.0,0.0
2026-02-13,65.0,65.0,64.120003,65.0,65.0,1800,0.0,0.0
2026-02-17,65.470001,65.5,65.470001,65.5,65.5,500,0.0,0.0
2026-02-18,65.970001,65.970001,65.970001,65.970001,65.970001,300,0.0,0.0
2026-02-19,65.510002,65.510002,65.510002,65.510002,65.510002,800,0.0,0.0
2026-02-20,65.400002,65.900002,65.0,65.790001,65.790001,5400,0.0,0.0
2026-02-23,65.400002,65.800003,65.400002,65.800003,65.800003,600,0.0,0.0
2026-02-24,65.400002,65.790001,65.010002,65.790001,65.790001,400,0.0,0.0
2026-02-25,65.790001,65.790001,65.790001,65.790001,65.790001,600,0.0,0.0
2026-02-26,65.790001,66.0,65.790001,66.0,66.0,11000,0.0,0.0
2026-02-27,65.790001,67.290001,65.25,66.5,66.5,6500,0.0,0.0
2026-03-02,66.599998,67.889999,66.599998,67.889999,67.889999,500,0.0,0.0
2026-03-03,66.599998,67.940002,65.190002,67.889999,67.889999,1700,0.0,0.0
2026-03-04,67.0,67.800003,65.190002,67.800003,67.800003,1300,0.0,0.0
2026-03-05,66.5,67.739998,66.5,67.739998,67.739998,1700,0.0,0.0
2026-03-06,66.5,67.940002,66.5,67.25,67.25,2700,0.0,0.0
2026-03-09,67.699997,67.849998,66.5,67.849998,67.849998,800,0.0,0.0
2026-03-10,67.849998,67.849998,67.849998,67.849998,67.849998,20000,0.0,0.0
2026-03-11,67.309998,67.940002,67.0,67.480003,67.480003,11500,0.0,0.0
2026-03-12,67.0,67.849998,65.410004,66.199997,66.199997,7100,0.0,0.0
2026-03-13,65.900002,67.470001,65.900002,66.199997,66.199997,4000,0.0,0.0
2026-03-16,66.199997,67.370003,66.010002,66.900002,66.900002,3400,0.0,0.0
2026-03-17,66.0,67.300003,66.0,67.300003,67.300003,3600,0.0,0.0
2026-03-18,66.129997,66.970001,66.129997,66.970001,66.970001,800,0.0,0.0
2026-03-19,66.529999,67.300003,66.0,67.300003,67.300003,900,0.0,0.0
2026-03-20,65.18,67.239998,65.18,67.239998,67.239998,1100,0.0,0.0
2026-03-23,67.239998,68.849998,67.239998,68.849998,68.849998,900,0.0,0.0
2026-03-24,67.300003,68.0,67.160004,67.989998,67.989998,4500,0.0,0.0
2026-03-25,67.889999,67.889999,67.889999,67.889999,67.889999,100,0.0,0.0
2026-03-26,67.989998,67.989998,67.300003,67.889999,67.889999,1600,0.0,0.0
2026-03-27,67.980003,67.989998,67.699997,67.989998,67.989998,48500,0.0,0.0
2026-03-30,68.0,68.0,67.300003,67.989998,67.989998,13500,0.0,0.0
2026-03-31,68.0,68.5,67.510002,67.989998,67.989998,2300,0.0,0.0
2026-04-01,68.5,68.5,68.0,68.400002,68.400002,2400,0.0,0.0
2026-04-02,67.900002,68.400002,67.300003,68.400002,68.400002,3300,0.0,0.0
2026-04-06,68.75,68.919998,68.150002,68.400002,68.400002,4000,0.0,0.0
2026-04-07,68.150002,68.970001,68.150002,68.25,68.25,2500,0.0,0.0
2026-04-08,68.900002,70.610001,68.209999,68.5,68.5,13700,0.0,0.0
2026-04-09,68.5,69.470001,68.5,68.5,68.5,5200,0.0,0.0
2026-04-10,68.5,68.5,68.5,68.5,68.5,0,0.0,0.0
2026-04-13,68.5,68.739998,68.5,68.739998,68.739998,200,0.0,0.0
2026-04-14,67.309998,68.779999,67.010002,68.779999,68.779999,3400,0.0,0.0
2026-04-15,69.0,69.0,68.25,68.25,68.25,1500,0.0,0.0
2026-04-16,69.0,69.0,68.529999,68.529999,68.529999,200,0.0,0.0
2026-04-17,69.0,72.0,69.0,72.0,72.0,14700,0.0,0.0
2026-04-20,73.0,73.43,71.019997,73.419998,73.419998,2300,0.0,0.0
2026-04-21,73.43,74.25,73.43,73.510002,73.510002,22900,0.0,0.0
2026-04-22,73.949997,73.949997,73.300003,73.489998,73.489998,16600,0.0,0.0
2026-04-23,73.5,73.699997,73.0,73.199997,73.199997,7600,0.0,0.0
2026-04-24,73.5,74.5,73.489998,74.300003,74.300003,3800,0.0,0.0
2026-04-27,74.5,75.25,74.5,75.25,75.25,6000,0.0,0.0
2026-04-28,75.5,78.529999,74.75,75.239998,75.239998,9100,0.0,0.0
2026-04-29,74.75,75.330002,74.75,75.150002,75.150002,4100,0.0,0.0
2026-04-30,74.970001,75.230003,74.93,75.150002,75.150002,1100,0.0,0.0
2026-05-01,74.75,74.989998,74.529999,74.989998,74.989998,5400,0.0,0.0
2026-05-04,74.040001,74.949997,73.550003,74.400002,74.400002,5300,0.0,0.0
2026-05-05,73.5,74.510002,72.459999,74.489998,74.489998,18600,0.0,0.0
2026-05-06,74.25,74.949997,74.25,74.949997,74.949997,18400,0.0,0.0
2026-05-07,74.75,74.949997,74.400002,74.949997,74.949997,700,0.0,0.0
2026-05-08,74.949997,74.949997,74.949997,74.949997,74.949997,0,0.0,0.0
2026-05-11,74.0,74.809998,73.400002,74.389999,74.389999,3900,0.0,0.0
2026-05-12,73.300003,74.0,73.300003,74.0,74.0,1400,0.0,0.0
2026-05-13,74.0,74.0,73.699997,73.809998,73.809998,3700,0.0,0.0
2026-05-14,73.800003,74.389999,73.800003,74.389999,74.389999,1400,0.0,0.0
2026-05-15,73.800003,74.0,73.5,73.739998,73.739998,1800,0.0,0.0
2026-05-18,73.5,73.5,73.5,73.5,73.5,600,0.0,0.0
2026-05-19,72.900002,73.25,72.720001,72.889999,72.889999,400,0.0,0.0
2026-05-20,73.0,73.400002,73.0,73.400002,73.400002,900,0.0,0.0
2026-05-21,72.599998,73.459999,72.599998,73.459999,73.459999,1100,0.0,0.0
2026-05-22,72.940002,73.290001,72.940002,73.290001,73.290001,400,0.0,0.0
2026-05-26,72.760002,73.43,72.610001,73.43,73.43,1700,0.0,0.0
2026-05-27,73.0,73.0,73.0,73.0,73.0,600,0.0,0.0
2026-05-28,72.699997,73.0,72.400002,72.699997,72.699997,7400,0.0,0.0
2026-05-29,72.849998,73.0,72.400002,72.800003,72.800003,5100,0.0,0.0
2026-06-01,72.550003,72.599998,72.5,72.5,72.5,1200,0.0,0.0
2026-06-02,72.5,72.699997,72.5,72.650002,72.650002,6000,0.0,0.0
2026-06-03,72.699997,72.699997,71.919998,72.099998,72.099998,8900,0.0,0.0
2026-06-04,71.75,72.199997,71.650002,71.949997,71.949997,3400,0.0,0.0
2026-06-05,71.650002,71.949997,71.650002,71.949997,71.949997,300,0.0,0.0
2026-06-08,72.0,72.199997,72.0,72.199997,72.199997,1000,0.0,0.0
2026-06-09,71.900002,72.690002,71.900002,72.690002,72.690002,4600,0.0,0.0
2026-06-10,72.110001,73.07,72.110001,73.07,73.07,2200,0.0,0.0
2026-06-11,73.480003,74.0,73.480003,74.0,74.0,700,0.0,0.0
2026-06-12,74.5,74.839996,74.5,74.839996,74.839996,1200,0.0,0.0
2026-06-15,73.949997,74.720001,73.550003,74.720001,74.720001,700,0.0,0.0
2026-06-16,74.75,74.839996,74.75,74.839996,74.839996,4500,0.0,0.0
2026-06-17,75.0,75.0,75.0,75.0,75.0,1700,0.0,0.0
2026-06-18,75.370003,75.370003,75.370003,75.370003,75.370003,200,0.0,0.0
2026-06-22,75.370003,75.889999,75.0,75.889999,75.889999,600,0.0,0.0
2026-06-23,75.0,75.889999,74.75,75.889999,75.889999,1000,0.0,0.0
2026-06-24,74.75,75.970001,74.5,75.949997,75.949997,1600,0.0,0.0
2026-06-25,75.949997,75.949997,75.949997,75.949997,75.949997,0,0.0,0.0
2026-06-26,75.639999,75.949997,74.800003,74.800003,74.800003,12600,0.0,0.0
2026-06-29,74.099998,74.099998,73.650002,73.949997,73.949997,3100,0.0,0.0
2026-06-30,73.949997,74.0,73.949997,74.0,74.0,300,0.0,0.0
2026-07-01,74.269997,74.550003,74.0,74.550003,74.550003,1500,0.0,0.0
2026-07-02,74.550003,74.550003,74.550003,74.550003,74.550003,0,0.0,0.0
2026-07-06,74.550003,74.790001,74.550003,74.790001,74.790001,2300,0.0,0.0
2026-07-07,74.550003,74.669998,74.050003,74.239998,74.239998,4100,0.0,0.0
2026-07-08,74.059998,74.230003,73.949997,74.230003,74.230003,4900,0.0,0.0
2026-07-09,73.949997,74.43,73.599998,74.43,74.43,1300,0.0,0.0
2026-07-10,73.989998,74.400002,73.050003,74.400002,74.400002,8200,0.0,0.0
2026-07-13,73.660004,73.790001,73.660004,73.75,73.75,2800,0.0,0.0
2026-07-14,73.889999,78.800003,73.870003,77.0,77.0,17000,0.0,0.0
2026-07-15,77.5,80.0,77.5,80.0,80.0,2900,0.0,0.0
2026-07-16,80.050003,81.389999,79.25,79.739998,79.739998,8500,0.0,0.0
2026-07-17,79.489998,79.529999,79.489998,79.5,79.5,7200,0.0,0.0
2026-07-20,80.0,81.5,80.0,80.360001,80.360001,11800,0.0,0.0
2026-07-21,80.5,80.5,80.5,80.5,80.5,28100,0.0,0.0
2026-07-22,80.5,80.5,80.5,80.5,80.5,0,0.0,0.0
2026-07-23,80.5,80.5,80.5,80.5,80.5,0,0.0,0.0
2026-07-24,80.599998,81.239998,80.599998,81.239998,81.239998,500,0.0,0.0
2026-07-27,81.25,81.25,81.25,81.25,81.25,200,0.0,0.0
2026-07-28,81.25,81.25,81.25,81.25,81.25,0,0.0,0.0
2026-07-29,81.300003,83.260002,81.300003,82.5,82.5,3900,0.0,0.0
2026-07-30,85.75,85.75,83.5,83.5,83.5,1900,0.0,0.0
2026-07-31,84.0,85.0,83.5,84.099998,84.099998,36100,0.0,0.0
2026-08-03,84.940002,86.279999,84.940002,85.699997,85.699997,19300,0.0,0.0
2026-08-04,86.989998,86.989998,85.099998,85.650002,85.650002,19900,0.0,0.0
2026-08-05,86.0,86.120003,85.75,85.760002,85.760002,4200,0.0,0.0
2026-08-06,86.059998,87.0,85.510002,85.510002,85.510002,29900,0.0,0.0
2026-08-07,85.800003,86.650002,85.5,85.809998,85.809998,18000,0.0,0.0
2026-08-10,86.0,86.099998,85.379997,85.379997,85.379997,13600,0.0,0.0
2026-08-11,85.510002,86.0,85.5,85.610001,85.610001,14800,0.0,0.0
2026-08-12,85.75,85.809998,85.449997,85.610001,85.610001,16200,0.0,0.0
2026-08-13,85.900002,86.800003,85.739998,86.599998,86.599998,18000,0.0,0.0
2026-08-14,86.400002,86.699997,86.400002,86.599998,86.599998,14600,0.0,0.0
2026-08-17,86.889999,87.489998,86.709999,87.010002,87.010002,32800,0.0,0.0
2026-08-18,87.400002,87.5,87.25,87.330002,87.330002,35300,0.0,0.0
2026-08-19,87.5,88.029999,87.080002,87.269997,87.269997,38200,0.0,0.0
2026-08-20,87.699997,87.699997,86.940002,87.199997,87.199997,26100,0.0,0.0
2026-08-21,87.599998,87.900002,87.599998,87.709999,87.709999,11900,0.0,0.0
2026-08-24,87.900002,88.900002,87.599998,88.5,88.5,28726,0.0,0.0
