Date,Open,High,Low,Close,Adj Close,Volume,Dividends,Stock Splits
2003-06-10,23.0,23.375,23.0,23.375,9.140033,2800,0.0,0.0
2003-06-11,23.375,23.375,23.375,23.375,9.140033,0,0.0,0.0
2003-06-12,23.375,23.375,23.375,23.375,9.140033,0,0.0,0.0
2003-06-13,23.375,23.375,23.375,23.375,9.140033,0,0.0,0.0
2003-06-16,23.375,23.375,23.375,23.375,9.140033,0,0.0,0.0
2003-06-17,23.375,23.375,23.375,23.375,9.140033,0,0.0,0.0
2003-06-18,23.375,23.375,23.375,23.375,9.140033,0,0.0,0.0
2003-06-19,23.375,23.375,23.375,23.375,9.140033,0,0.0,0.0
2003-06-20,23.375,23.375,23.375,23.375,9.140033,0,0.0,0.0
2003-06-23,23.375,23.375,23.375,23.375,9.140033,0,0.0,0.0
2003-06-24,23.375,23.375,23.375,23.375,9.140033,0,0.0,0.0
2003-06-25,23.375,23.375,23.375,23.375,9.140033,0,0.0,0.0
2003-06-26,23.375,23.375,23.375,23.375,9.140033,0,0.0,0.0
2003-06-27,23.375,23.375,23.375,23.375,9.140033,0,0.0,0.0
2003-06-30,22.75,22.75,22.75,22.75,8.895643,400,0.0,0.0
2003-07-01,22.75,22.75,22.75,22.75,8.895643,0,0.0,0.0
2003-07-02,22.75,22.75,22.75,22.75,8.895643,0,0.0,0.0
2003-07-03,22.75,22.75,22.75,22.75,8.895643,0,0.0,0.0
2003-07-07,22.75,22.75,22.75,22.75,8.895643,0,0.0,0.0
2003-07-08,22.75,22.75,22.75,22.75,8.895643,200,0.0,0.0
2003-07-09,23.375,23.375,23.375,23.375,9.140033,200,0.0,0.0
2003-07-10,23.375,24.5,23.375,24.5,9.579925,800,0.0,0.0
2003-07-11,23.5,23.5,23.5,23.5,9.18891,200,0.0,0.0
2003-07-14,23.5,23.5,23.5,23.5,9.18891,0,0.0,0.0
2003-07-15,23.5,23.5,23.5,23.5,9.18891,0,0.0,0.0
2003-07-16,23.5,23.5,23.5,23.5,9.18891,0,0.0,0.0
2003-07-17,23.5,23.5,23.5,23.5,9.18891,400,0.0,0.0
2003-07-18,23.5,23.5,23.5,23.5,9.18891,0,0.0,0.0
2003-07-21,23.5,23.5,23.5,23.5,9.18891,0,0.0,0.0
2003-07-22,23.5,23.5,23.5,23.5,9.18891,0,0.0,0.0
2003-07-23,23.5,23.5,23.5,23.5,9.18891,200,0.0,0.0
2003-07-24,23.5,23.5,23.5,23.5,9.18891,0,0.0,0.0
2003-07-25,24.0,24.125,24.0,24.125,9.433297,600,0.0,0.0
2003-07-28,24.125,24.125,24.125,24.125,9.433297,0,0.0,0.0
2003-07-29,24.125,24.125,24.125,24.125,9.433297,0,0.0,0.0
2003-07-30,24.125,24.125,24.125,24.125,9.433297,0,0.0,0.0
2003-07-31,24.125,24.125,24.125,24.125,9.433297,0,0.0,0.0
2003-08-01,24.375,24.375,24.375,24.375,9.531054,400,0.0,0.0
2003-08-04,24.375,24.375,24.375,24.375,9.531054,0,0.0,0.0
2003-08-05,24.375,24.375,24.375,24.375,9.531054,0,0.0,0.0
2003-08-06,24.375,24.375,24.375,24.375,9.531054,0,0.0,0.0
2003-08-07,24.375,24.375,24.375,24.375,9.531054,0,0.0,0.0
2003-08-08,24.375,24.375,24.375,24.375,9.531054,0,0.0,0.0
2003-08-11,24.375,24.375,24.375,24.375,9.531054,0,0.0,0.0
2003-08-12,24.375,24.375,24.375,24.375,9.531054,0,0.0,0.0
2003-08-13,24.375,24.375,24.375,24.375,9.531054,0,0.0,0.0
2003-08-14,24.375,24.375,24.375,24.375,9.531054,0,0.0,0.0
2003-08-15,24.375,24.375,24.375,24.375,9.531054,0,0.0,0.0
2003-08-18,24.0,24.625,23.625,24.625,9.628807,1600,0.0,0.0
2003-08-19,24.625,24.625,24.625,24.625,9.628807,0,0.0,0.0
2003-08-20,24.5,24.65,24.5,24.65,9.638577,600,0.0,0.0
2003-08-21,25.950001,27.5,25.950001,27.0,10.557475,3600,0.0,0.0
2003-08-22,29.0,29.875,28.75,29.875,11.681648,800,0.0,0.0
2003-08-25,29.875,30.0,28.5,28.549999,11.163552,3000,0.0,0.0
2003-08-26,28.549999,28.549999,28.549999,28.549999,11.163552,0,0.0,0.0
2003-08-27,28.549999,28.549999,28.549999,28.549999,11.163552,0,0.0,0.0
2003-08-28,32.5,32.5,29.5,29.5,11.535011,800,0.0,0.0
2003-08-29,29.5,29.5,29.5,29.5,11.535011,0,0.0,0.0
2003-09-02,29.549999,32.5,29.549999,29.625,11.583895,2400,0.0,0.0
2003-09-03,29.625,29.625,29.625,29.625,11.648772,0,0.165,0.0
2003-09-04,31.0,31.0,31.0,31.0,12.18943,200,0.0,0.0
2003-09-05,30.0,30.0,30.0,30.0,11.796228,800,0.0,0.0
2003-09-08,31.0,31.0,31.0,31.0,12.18943,200,0.0,0.0
2003-09-09,31.0,31.0,31.0,31.0,12.18943,0,0.0,0.0
2003-09-10,30.15,30.5,30.125,30.5,11.992826,13600,0.0,0.0
2003-09-11,31.5,31.5,31.5,31.5,12.386032,200,0.0,0.0
2003-09-12,31.5,31.5,31.5,31.5,12.386032,0,0.0,0.0
2003-09-15,31.25,31.25,31.25,31.25,12.287729,200,0.0,0.0
2003-09-16,30.0,30.0,30.0,30.0,11.796228,5000,0.0,0.0
2003-09-17,31.25,31.25,30.25,30.25,11.894526,5600,0.0,0.0
2003-09-18,31.5,31.5,31.5,31.5,12.386032,200,0.0,0.0
2003-09-19,31.5,31.5,31.5,31.5,12.386032,0,0.0,0.0
2003-09-22,31.0,32.0,31.0,32.0,12.58264,3000,0.0,0.0
2003-09-23,31.0,31.0,31.0,31.0,12.18943,800,0.0,0.0
2003-09-24,31.0,31.0,31.0,31.0,12.18943,0,0.0,0.0
2003-09-25,31.0,31.0,31.0,31.0,12.18943,0,0.0,0.0
2003-09-26,34.0,34.0,34.0,34.0,13.369052,200,0.0,0.0
2003-09-29,34.0,34.0,34.0,34.0,13.369052,0,0.0,0.0
2003-09-30,32.0,32.0,31.5,31.5,12.386032,1600,0.0,0.0
2003-10-01,31.5,31.5,31.5,31.5,12.386032,0,0.0,0.0
2003-10-02,31.5,31.5,31.5,31.5,12.386032,0,0.0,0.0
2003-10-03,31.5,31.5,31.5,31.5,12.386032,0,0.0,0.0
2003-10-06,31.25,31.25,31.25,31.25,12.287729,400,0.0,0.0
2003-10-07,32.375,32.375,32.375,32.375,12.730095,600,0.0,0.0
2003-10-08,32.375,32.375,32.375,32.375,12.730095,0,0.0,0.0
2003-10-09,32.375,32.375,32.375,32.375,12.730095,0,0.0,0.0
2003-10-10,32.25,32.25,32.25,32.25,12.680931,400,0.0,0.0
2003-10-13,32.25,32.25,31.625,31.625,12.435183,600,0.0,0.0
2003-10-14,31.625,31.625,31.625,31.625,12.435183,0,0.0,0.0
2003-10-15,31.629999,31.629999,31.629999,31.629999,12.437151,0,0.0,2.0
2003-10-16,32.0,36.0,32.0,36.0,14.155467,1000,0.0,0.0
2003-10-17,35.5,35.5,34.0,35.0,13.762269,1100,0.0,0.0
2003-10-20,35.0,35.0,35.0,35.0,13.762269,0,0.0,0.0
2003-10-21,33.5,33.5,33.5,33.5,13.172452,200,0.0,0.0
2003-10-22,34.0,34.0,34.0,34.0,13.369052,200,0.0,0.0
2003-10-23,33.25,33.25,32.5,32.5,12.779236,1000,0.0,0.0
2003-10-24,32.5,32.5,32.5,32.5,12.779236,0,0.0,0.0
2003-10-27,33.5,33.5,33.5,33.5,13.172452,100,0.0,0.0
2003-10-28,33.5,33.5,33.5,33.5,13.172452,0,0.0,0.0
2003-10-29,33.5,33.5,33.5,33.5,13.172452,0,0.0,0.0
2003-10-30,32.25,34.0,32.25,34.0,13.369052,2000,0.0,0.0
2003-10-31,33.0,34.0,33.0,34.0,13.369052,400,0.0,0.0
2003-11-03,34.0,34.0,34.0,34.0,13.369052,200,0.0,0.0
2003-11-04,34.0,34.0,34.0,34.0,13.369052,0,0.0,0.0
2003-11-05,35.0,39.0,35.0,39.0,15.335092,200,0.0,0.0
2003-11-06,39.0,39.0,39.0,39.0,15.335092,0,0.0,0.0
2003-11-07,36.0,36.0,35.0,35.0,13.762269,500,0.0,0.0
2003-11-10,35.0,35.0,35.0,35.0,13.762269,0,0.0,0.0
2003-11-11,35.0,35.0,35.0,35.0,13.762269,300,0.0,0.0
2003-11-12,35.25,35.25,35.0,35.0,13.762269,600,0.0,0.0
2003-11-13,35.0,35.0,35.0,35.0,13.762269,0,0.0,0.0
2003-11-14,35.0,35.0,35.0,35.0,13.762269,0,0.0,0.0
2003-11-17,35.0,35.0,35.0,35.0,13.762269,0,0.0,0.0
2003-11-18,35.25,35.25,35.25,35.25,13.860562,200,0.0,0.0
2003-11-19,34.75,34.75,34.75,34.75,13.66396,1200,0.0,0.0
2003-11-20,34.75,34.75,34.75,34.75,13.66396,0,0.0,0.0
2003-11-21,34.0,34.75,34.0,34.75,13.66396,2200,0.0,0.0
2003-11-24,34.75,34.75,34.75,34.75,13.66396,0,0.0,0.0
2003-11-25,34.75,34.75,34.73,34.75,13.66396,1700,0.0,0.0
2003-11-26,34.75,34.75,34.75,34.75,13.66396,0,0.0,0.0
2003-11-28,34.75,34.75,34.75,34.75,13.66396,0,0.0,0.0
2003-12-01,34.75,34.75,34.75,34.75,13.66396,0,0.0,0.0
2003-12-02,34.75,34.75,34.75,34.75,13.66396,0,0.0,0.0
2003-12-03,34.75,34.75,34.75,34.75,13.72915,0,0.165,0.0
2003-12-04,35.0,35.0,35.0,35.0,13.827926,500,0.0,0.0
2003-12-05,35.25,35.25,34.880001,34.880001,13.780509,600,0.0,0.0
2003-12-08,34.880001,34.880001,34.880001,34.880001,13.780509,0,0.0,0.0
2003-12-09,34.880001,34.880001,34.880001,34.880001,13.780509,0,0.0,0.0
2003-12-10,34.880001,34.880001,34.880001,34.880001,13.780509,0,0.0,0.0
2003-12-11,35.0,35.0,34.650002,34.669998,13.697539,3200,0.0,0.0
2003-12-12,34.5,34.75,34.5,34.75,13.72915,300,0.0,0.0
2003-12-15,34.0,34.0,34.0,34.0,13.432835,200,0.0,0.0
2003-12-16,34.0,34.0,34.0,34.0,13.432835,0,0.0,0.0
2003-12-17,34.75,34.75,34.75,34.75,13.72915,100,0.0,0.0
2003-12-18,34.75,34.75,34.75,34.75,13.72915,0,0.0,0.0
2003-12-19,34.75,34.75,34.75,34.75,13.72915,0,0.0,0.0
2003-12-22,34.75,34.75,34.0,34.75,13.72915,1100,0.0,0.0
2003-12-23,34.75,34.75,34.75,34.75,13.72915,0,0.0,0.0
2003-12-24,34.75,34.75,34.75,34.75,13.72915,0,0.0,0.0
2003-12-26,33.599998,34.0,33.599998,34.0,13.432835,800,0.0,0.0
2003-12-29,34.0,34.0,34.0,34.0,13.432835,0,0.0,0.0
2003-12-30,33.599998,34.0,33.599998,33.700001,13.314303,11700,0.0,0.0
2003-12-31,34.0,34.0,34.0,34.0,13.432835,300,0.0,0.0
2004-01-02,34.0,34.0,34.0,34.0,13.432835,0,0.0,0.0
2004-01-05,33.700001,33.700001,33.700001,33.700001,13.314303,400,0.0,0.0
2004-01-06,33.990002,34.0,33.990002,34.0,13.432835,500,0.0,0.0
2004-01-07,33.599998,33.599998,33.599998,33.599998,13.274804,700,0.0,0.0
2004-01-08,33.599998,33.599998,33.599998,33.599998,13.274804,0,0.0,0.0
2004-01-09,33.599998,33.599998,33.599998,33.599998,13.274804,0,0.0,0.0
2004-01-12,33.599998,33.599998,33.599998,33.599998,13.274804,0,0.0,0.0
2004-01-13,34.5,34.5,34.5,34.5,13.630374,100,0.0,0.0
2004-01-14,34.5,34.5,34.5,34.5,13.630374,0,0.0,0.0
2004-01-15,33.599998,33.599998,33.599998,33.599998,13.274804,700,0.0,0.0
2004-01-16,33.599998,33.599998,33.599998,33.599998,13.274804,0,0.0,0.0
2004-01-20,34.349998,34.349998,34.349998,34.349998,13.571115,400,0.0,0.0
2004-01-21,34.5,34.5,34.5,34.5,13.630374,2600,0.0,0.0
2004-01-22,34.5,34.5,34.5,34.5,13.630374,0,0.0,0.0
2004-01-23,33.799999,33.799999,33.75,33.75,13.334068,700,0.0,0.0
2004-01-26,33.75,33.75,33.75,33.75,13.334068,0,0.0,0.0
2004-01-27,33.75,33.75,33.75,33.75,13.334068,0,0.0,0.0
2004-01-28,34.0,34.0,33.599998,33.599998,13.274804,1000,0.0,0.0
2004-01-29,33.599998,33.799999,33.599998,33.799999,13.353815,400,0.0,0.0
2004-01-30,33.799999,34.0,33.700001,34.0,13.432835,800,0.0,0.0
2004-02-02,34.0,34.0,34.0,34.0,13.432835,0,0.0,0.0
2004-02-03,33.599998,33.599998,33.599998,33.599998,13.274804,1600,0.0,0.0
2004-02-04,33.599998,33.599998,33.599998,33.599998,13.274804,0,0.0,0.0
2004-02-05,33.599998,33.599998,33.599998,33.599998,13.274804,0,0.0,0.0
2004-02-06,33.599998,33.599998,33.599998,33.599998,13.274804,300,0.0,0.0
2004-02-09,34.25,34.25,34.0,34.0,13.432835,1200,0.0,0.0
2004-02-10,34.0,34.0,34.0,34.0,13.432835,0,0.0,0.0
2004-02-11,34.0,34.0,34.0,34.0,13.432835,2500,0.0,0.0
2004-02-12,34.0,34.0,34.0,34.0,13.432835,0,0.0,0.0
2004-02-13,34.0,34.0,34.0,34.0,13.432835,0,0.0,0.0
2004-02-17,34.0,34.0,34.0,34.0,13.432835,0,0.0,0.0
2004-02-18,34.0,34.0,34.0,34.0,13.432835,600,0.0,0.0
2004-02-19,34.0,34.0,34.0,34.0,13.432835,0,0.0,0.0
2004-02-20,34.0,34.0,34.0,34.0,13.432835,0,0.0,0.0
2004-02-23,34.0,34.0,34.0,34.0,13.432835,0,0.0,0.0
2004-02-24,33.650002,34.18,33.650002,34.0,13.432835,600,0.0,0.0
2004-02-25,34.0,34.0,34.0,34.0,13.432835,0,0.0,0.0
2004-02-26,34.0,34.0,34.0,34.0,13.432835,0,0.0,0.0
2004-02-27,34.0,34.0,34.0,34.0,13.432835,0,0.0,0.0
2004-03-01,34.0,34.0,34.0,34.0,13.432835,0,0.0,0.0
2004-03-02,34.0,34.0,34.0,34.0,13.432835,0,0.0,0.0
2004-03-03,34.0,34.0,34.0,34.0,13.506327,0,0.185,0.0
2004-03-04,34.0,34.0,34.0,34.0,13.506327,200,0.0,0.0
2004-03-05,34.0,34.0,34.0,34.0,13.506327,0,0.0,0.0
2004-03-08,34.0,34.0,34.0,34.0,13.506327,0,0.0,0.0
2004-03-09,34.0,34.0,34.0,34.0,13.506327,0,0.0,0.0
2004-03-10,34.0,34.0,34.0,34.0,13.506327,0,0.0,0.0
2004-03-11,33.849998,33.849998,33.849998,33.849998,13.446749,500,0.0,0.0
2004-03-12,33.849998,33.849998,33.849998,33.849998,13.446749,0,0.0,0.0
2004-03-15,33.849998,33.849998,33.849998,33.849998,13.446749,0,0.0,0.0
2004-03-16,33.849998,33.849998,33.849998,33.849998,13.446749,0,0.0,0.0
2004-03-17,33.849998,33.849998,33.849998,33.849998,13.446749,0,0.0,0.0
2004-03-18,33.849998,33.849998,33.849998,33.849998,13.446749,0,0.0,0.0
2004-03-19,33.849998,33.849998,33.849998,33.849998,13.446749,0,0.0,0.0
2004-03-22,33.849998,33.849998,33.849998,33.849998,13.446749,0,0.0,0.0
2004-03-23,33.849998,33.849998,33.849998,33.849998,13.446749,0,0.0,0.0
2004-03-24,33.66,33.82,33.650002,33.82,13.434822,6200,0.0,0.0
2004-03-25,33.82,33.82,33.82,33.82,13.434822,0,0.0,0.0
2004-03-26,33.82,33.82,33.82,33.82,13.434822,0,0.0,0.0
2004-03-29,33.650002,33.650002,33.150002,33.25,13.208387,5800,0.0,0.0
2004-03-30,33.5,33.5,33.5,33.5,13.307705,300,0.0,0.0
2004-03-31,33.5,33.5,33.5,33.5,13.307705,0,0.0,0.0
2004-04-01,33.25,34.0,33.25,33.5,13.307705,20000,0.0,0.0
2004-04-02,35.0,35.0,35.0,35.0,13.903579,300,0.0,0.0
2004-04-05,35.0,35.0,34.0,34.0,13.506327,600,0.0,0.0
2004-04-06,34.0,34.0,34.0,34.0,13.506327,0,0.0,0.0
2004-04-07,35.0,35.0,35.0,35.0,13.903579,200,0.0,0.0
2004-04-08,35.0,35.0,35.0,35.0,13.903579,0,0.0,0.0
2004-04-12,35.0,35.0,35.0,35.0,13.903579,100,0.0,0.0
2004-04-13,35.0,35.0,35.0,35.0,13.903579,0,0.0,0.0
2004-04-14,35.0,35.0,35.0,35.0,13.903579,0,0.0,0.0
2004-04-15,35.0,35.0,35.0,35.0,13.903579,0,0.0,0.0
2004-04-16,35.0,35.0,35.0,35.0,13.903579,0,0.0,0.0
2004-04-19,35.0,35.0,35.0,35.0,13.903579,0,0.0,0.0
2004-04-20,34.0,34.0,33.349998,33.349998,13.248116,600,0.0,0.0
2004-04-21,33.25,33.25,33.099998,33.099998,13.148805,400,0.0,0.0
2004-04-22,33.900002,34.0,33.900002,34.0,13.506327,3600,0.0,0.0
2004-04-23,34.0,35.0,34.0,35.0,13.903579,400,0.0,0.0
2004-04-26,33.25,34.0,33.25,34.0,13.506327,500,0.0,0.0
2004-04-27,34.0,34.0,34.0,34.0,13.506327,0,0.0,0.0
2004-04-28,34.0,34.0,34.0,34.0,13.506327,0,0.0,0.0
2004-04-29,34.0,34.0,34.0,34.0,13.506327,0,0.0,0.0
2004-04-30,34.0,34.0,34.0,34.0,13.506327,0,0.0,0.0
2004-05-03,35.0,35.0,35.0,35.0,13.903579,300,0.0,0.0
2004-05-04,35.0,35.0,35.0,35.0,13.903579,0,0.0,0.0
2004-05-05,35.0,35.0,35.0,35.0,13.903579,0,0.0,0.0
2004-05-06,33.25,33.25,33.25,33.25,13.208387,500,0.0,0.0
2004-05-07,33.25,33.25,33.25,33.25,13.208387,0,0.0,0.0
2004-05-10,33.25,33.25,33.25,33.25,13.208387,0,0.0,0.0
2004-05-11,33.25,33.75,33.0,33.75,13.407019,2800,0.0,0.0
2004-05-12,33.75,33.75,33.75,33.75,13.407019,0,0.0,0.0
2004-05-13,33.75,33.75,33.75,33.75,13.407019,0,0.0,0.0
2004-05-14,33.75,33.75,33.75,33.75,13.407019,0,0.0,0.0
2004-05-17,33.5,33.5,33.25,33.25,13.208387,400,0.0,0.0
2004-05-18,33.25,33.25,33.25,33.25,13.208387,0,0.0,0.0
2004-05-19,33.0,33.0,30.200001,32.0,12.711836,4400,0.0,0.0
2004-05-20,32.0,32.0,32.0,32.0,12.711836,0,0.0,0.0
2004-05-21,32.0,32.0,32.0,32.0,12.711836,0,0.0,0.0
2004-05-24,32.0,32.0,32.0,32.0,12.711836,0,0.0,0.0
2004-05-25,31.0,31.0,30.5,30.5,12.115969,900,0.0,0.0
2004-05-26,31.0,32.0,31.0,32.0,12.711836,1200,0.0,0.0
2004-05-27,32.0,32.0,30.5,30.5,12.115969,300,0.0,0.0
2004-05-28,30.5,30.5,30.5,30.5,12.115969,0,0.0,0.0
2004-06-01,30.5,30.5,30.5,30.5,12.115969,0,0.0,0.0
2004-06-02,30.5,30.5,30.5,30.5,12.115969,0,0.0,0.0
2004-06-03,30.5,30.5,30.5,30.5,12.115969,0,0.0,0.0
2004-06-04,30.5,31.5,30.5,31.5,12.513215,4900,0.0,0.0
2004-06-07,31.5,31.5,31.5,31.5,12.513215,0,0.0,0.0
2004-06-08,31.5,31.5,31.5,31.5,12.513215,0,0.0,0.0
2004-06-09,31.5,31.5,31.5,31.5,12.513215,300,0.0,0.0
2004-06-10,31.5,31.5,31.5,31.5,12.513215,0,0.0,0.0
2004-06-14,30.75,30.75,30.75,30.75,12.215277,200,0.0,0.0
2004-06-15,32.0,33.0,32.0,33.0,13.109079,1400,0.0,0.0
2004-06-16,33.0,33.0,33.0,33.0,13.109079,0,0.0,0.0
2004-06-17,31.1,31.1,31.1,31.1,12.354318,700,0.0,0.0
2004-06-18,31.1,31.1,31.1,31.1,12.354318,0,0.0,0.0
2004-06-21,31.5,31.5,31.5,31.5,12.513215,900,0.0,0.0
2004-06-22,31.15,31.15,31.15,31.15,12.374173,300,0.0,0.0
2004-06-23,31.15,31.6,31.15,31.6,12.552939,1500,0.0,0.0
2004-06-24,31.6,31.6,31.6,31.6,12.552939,0,0.0,0.0
2004-06-25,31.6,31.6,31.6,31.6,12.552939,0,0.0,0.0
2004-06-28,31.6,31.6,31.6,31.6,12.552939,0,0.0,0.0
2004-06-29,31.6,31.6,31.6,31.6,12.552939,0,0.0,0.0
2004-06-30,31.25,31.6,31.25,31.6,12.552939,1300,0.0,0.0
2004-07-01,31.6,31.6,31.6,31.6,12.552939,0,0.0,0.0
2004-07-02,32.0,32.0,32.0,32.0,12.711836,1100,0.0,0.0
2004-07-06,32.0,32.0,32.0,32.0,12.711836,0,0.0,0.0
2004-07-07,32.0,32.0,32.0,32.0,12.711836,0,0.0,0.0
2004-07-08,32.0,32.0,32.0,32.0,12.711836,0,0.0,0.0
2004-07-09,32.0,32.0,32.0,32.0,12.711836,0,0.0,0.0
2004-07-12,32.099998,32.099998,32.099998,32.099998,12.751561,200,0.0,0.0
2004-07-13,32.099998,32.099998,32.099998,32.099998,12.751561,0,0.0,0.0
2004-07-14,32.099998,32.099998,32.099998,32.099998,12.751561,0,0.0,0.0
2004-07-15,31.25,32.0,31.25,32.0,12.711836,2100,0.0,0.0
2004-07-16,32.0,32.0,32.0,32.0,12.711836,0,0.0,0.0
2004-07-19,32.0,32.0,32.0,32.0,12.711836,0,0.0,0.0
2004-07-20,32.0,32.0,32.0,32.0,12.711836,0,0.0,0.0
2004-07-21,32.0,32.0,31.25,32.0,12.711836,2800,0.0,0.0
2004-07-22,31.5,31.5,31.5,31.5,12.513215,800,0.0,0.0
2004-07-23,31.5,32.0,31.5,32.0,12.711836,800,0.0,0.0
2004-07-26,31.5,31.5,31.5,31.5,12.513215,300,0.0,0.0
2004-07-27,31.5,31.5,31.5,31.5,12.513215,0,0.0,0.0
2004-07-28,31.5,31.5,31.5,31.5,12.513215,0,0.0,0.0
2004-07-29,31.5,31.5,31.5,31.5,12.513215,0,0.0,0.0
2004-07-30,31.5,31.5,31.5,31.5,12.513215,0,0.0,0.0
2004-08-02,31.5,31.5,31.5,31.5,12.513215,0,0.0,0.0
2004-08-03,31.5,31.5,31.5,31.5,12.513215,0,0.0,0.0
2004-08-04,31.5,31.5,31.5,31.5,12.513215,0,0.0,0.0
2004-08-05,31.5,31.5,31.5,31.5,12.513215,0,0.0,0.0
2004-08-06,31.5,31.5,31.5,31.5,12.513215,0,0.0,0.0
2004-08-09,31.1,32.0,31.1,32.0,12.711836,1900,0.0,0.0
2004-08-10,32.0,32.0,32.0,32.0,12.711836,0,0.0,0.0
2004-08-11,32.0,32.0,32.0,32.0,12.711836,0,0.0,0.0
2004-08-12,32.0,32.0,32.0,32.0,12.711836,0,0.0,0.0
2004-08-13,32.0,32.0,32.0,32.0,12.711836,0,0.0,0.0
2004-08-16,32.0,32.0,32.0,32.0,12.711836,0,0.0,0.0
2004-08-17,31.1,32.0,31.1,32.0,12.711836,2300,0.0,0.0
2004-08-18,32.0,32.0,32.0,32.0,12.711836,0,0.0,0.0
2004-08-19,32.0,32.0,32.0,32.0,12.711836,0,0.0,0.0
2004-08-20,32.0,32.0,32.0,32.0,12.711836,0,0.0,0.0
2004-08-23,32.0,32.0,32.0,32.0,12.711836,0,0.0,0.0
2004-08-24,31.5,31.9,31.5,31.9,12.672115,1400,0.0,0.0
2004-08-25,31.9,31.9,31.9,31.9,12.672115,0,0.0,0.0
2004-08-26,31.9,32.0,31.9,32.0,12.711836,500,0.0,0.0
2004-08-27,32.0,32.0,32.0,32.0,12.711836,0,0.0,0.0
2004-08-30,32.0,32.0,32.0,32.0,12.711836,0,0.0,0.0
2004-08-31,32.0,32.0,32.0,32.0,12.711836,0,0.0,0.0
2004-09-01,32.0,32.0,32.0,32.0,12.785752,0,0.185,0.0
2004-09-02,32.5,32.5,32.5,32.5,12.985526,100,0.0,0.0
2004-09-03,31.75,31.75,31.75,31.75,12.685869,600,0.0,0.0
2004-09-07,31.75,31.75,31.75,31.75,12.685869,0,0.0,0.0
2004-09-08,31.75,31.75,31.75,31.75,12.685869,0,0.0,0.0
2004-09-09,31.75,31.75,31.75,31.75,12.685869,0,0.0,0.0
2004-09-10,31.75,31.75,31.75,31.75,12.685869,0,0.0,0.0
2004-09-13,31.75,31.75,31.75,31.75,12.685869,0,0.0,0.0
2004-09-14,31.85,32.0,31.85,32.0,12.785752,3200,0.0,0.0
2004-09-15,32.0,32.0,32.0,32.0,12.785752,0,0.0,0.0
2004-09-16,32.0,32.0,32.0,32.0,12.785752,0,0.0,0.0
2004-09-17,32.0,32.0,32.0,32.0,12.785752,0,0.0,0.0
2004-09-20,32.0,32.0,32.0,32.0,12.785752,0,0.0,0.0
2004-09-21,32.0,32.0,32.0,32.0,12.785752,0,0.0,0.0
2004-09-22,31.75,31.75,31.75,31.75,12.685869,400,0.0,0.0
2004-09-23,31.75,31.75,31.75,31.75,12.685869,0,0.0,0.0
2004-09-24,31.75,31.75,31.75,31.75,12.685869,0,0.0,0.0
2004-09-27,31.75,31.75,31.75,31.75,12.685869,0,0.0,0.0
2004-09-28,31.75,31.75,31.75,31.75,12.685869,0,0.0,0.0
2004-09-29,32.0,32.0,32.0,32.0,12.785752,100,0.0,0.0
2004-09-30,31.5,31.5,31.5,31.5,12.585974,500,0.0,0.0
2004-10-01,31.5,31.5,31.5,31.5,12.585974,0,0.0,0.0
2004-10-04,31.5,31.5,31.5,31.5,12.585974,0,0.0,0.0
2004-10-05,31.5,31.5,31.5,31.5,12.585974,700,0.0,0.0
2004-10-06,32.25,32.25,32.25,32.25,12.885641,800,0.0,0.0
2004-10-07,32.25,32.25,32.25,32.25,12.885641,0,0.0,0.0
2004-10-08,32.25,32.25,32.25,32.25,12.885641,0,0.0,0.0
2004-10-11,32.25,32.25,32.25,32.25,12.885641,0,0.0,0.0
2004-10-12,32.25,32.25,32.25,32.25,12.885641,0,0.0,0.0
2004-10-13,32.25,32.25,32.25,32.25,12.885641,0,0.0,0.0
2004-10-14,31.5,31.5,31.5,31.5,12.585974,100,0.0,0.0
2004-10-15,31.5,31.5,31.5,31.5,12.585974,0,0.0,0.0
2004-10-18,31.5,31.5,31.5,31.5,12.585974,0,0.0,0.0
2004-10-19,31.5,31.5,31.5,31.5,12.585974,500,0.0,0.0
2004-10-20,31.5,31.5,31.5,31.5,12.585974,0,0.0,0.0
2004-10-21,32.0,32.0,32.0,32.0,12.785752,200,0.0,0.0
2004-10-22,31.5,31.5,31.5,31.5,12.585974,300,0.0,0.0
2004-10-25,31.5,31.5,31.5,31.5,12.585974,0,0.0,0.0
2004-10-26,31.5,31.5,31.5,31.5,12.585974,0,0.0,0.0
2004-10-27,31.5,31.5,31.5,31.5,12.585974,0,0.0,0.0
2004-10-28,31.5,31.5,31.5,31.5,12.585974,0,0.0,0.0
2004-10-29,31.5,31.5,31.5,31.5,12.585974,0,0.0,0.0
2004-11-01,31.5,31.5,31.299999,31.299999,12.506061,900,0.0,0.0
2004-11-02,32.0,32.0,32.0,32.0,12.785752,900,0.0,0.0
2004-11-03,32.0,32.0,32.0,32.0,12.785752,0,0.0,0.0
2004-11-04,32.0,32.0,32.0,32.0,12.785752,0,0.0,0.0
2004-11-05,32.0,32.0,32.0,32.0,12.785752,0,0.0,0.0
2004-11-08,32.0,32.0,32.0,32.0,12.785752,0,0.0,0.0
2004-11-09,32.400002,32.400002,31.5,32.400002,12.94558,500,0.0,0.0
2004-11-10,32.400002,32.400002,32.400002,32.400002,12.94558,0,0.0,0.0
2004-11-11,32.400002,32.400002,32.400002,32.400002,12.94558,0,0.0,0.0
2004-11-12,32.400002,32.400002,32.400002,32.400002,12.94558,0,0.0,0.0
2004-11-15,32.400002,32.400002,32.400002,32.400002,12.94558,0,0.0,0.0
2004-11-16,32.400002,32.400002,32.400002,32.400002,12.94558,0,0.0,0.0
2004-11-17,32.400002,32.400002,32.400002,32.400002,12.94558,0,0.0,0.0
2004-11-18,31.5,31.5,31.450001,31.450001,12.566001,1400,0.0,0.0
2004-11-19,31.5,32.400002,31.450001,32.299999,12.905622,14000,0.0,0.0
2004-11-22,32.299999,32.299999,32.299999,32.299999,12.905622,0,0.0,0.0
2004-11-23,32.299999,32.299999,32.299999,32.299999,12.905622,0,0.0,0.0
2004-11-24,32.299999,32.299999,32.299999,32.299999,12.905622,0,0.0,0.0
2004-11-26,32.299999,32.299999,32.299999,32.299999,12.905622,0,0.0,0.0
2004-11-29,32.299999,32.299999,32.299999,32.299999,12.905622,0,0.0,0.0
2004-11-30,32.299999,32.299999,32.299999,32.299999,12.905622,0,0.0,0.0
2004-12-01,32.5,32.5,31.5,31.5,12.658474,900,0.185,0.0
2004-12-02,33.0,33.0,32.5,32.5,13.060335,600,0.0,0.0
2004-12-03,32.5,33.0,32.0,32.75,13.160795,15900,0.0,0.0
2004-12-06,32.75,32.75,32.75,32.75,13.160795,0,0.0,0.0
2004-12-07,32.5,32.5,31.5,31.5,12.658474,1200,0.0,0.0
2004-12-08,31.5,31.5,31.5,31.5,12.658474,0,0.0,0.0
2004-12-09,32.5,32.5,32.5,32.5,13.060335,800,0.0,0.0
2004-12-10,32.25,32.5,32.25,32.5,13.060335,400,0.0,0.0
2004-12-13,32.75,32.75,32.75,32.75,13.160795,200,0.0,0.0
2004-12-14,32.75,32.75,32.75,32.75,13.160795,0,0.0,0.0
2004-12-15,32.75,32.75,32.75,32.75,13.160795,0,0.0,0.0
2004-12-16,32.75,32.75,32.75,32.75,13.160795,0,0.0,0.0
2004-12-17,32.75,32.75,32.75,32.75,13.160795,0,0.0,0.0
2004-12-20,32.75,32.75,32.75,32.75,13.160795,0,0.0,0.0
2004-12-21,32.75,32.75,32.75,32.75,13.160795,0,0.0,0.0
2004-12-22,32.75,32.75,32.75,32.75,13.160795,0,0.0,0.0
2004-12-23,32.75,33.0,31.5,33.0,13.261263,22000,0.0,0.0
2004-12-27,33.0,33.0,33.0,33.0,13.261263,0,0.0,0.0
2004-12-28,32.5,34.0,31.75,33.0,13.261263,22100,0.0,0.0
2004-12-29,33.0,33.0,33.0,33.0,13.261263,0,0.0,0.0
2004-12-30,33.0,33.0,33.0,33.0,13.261263,0,0.0,0.0
2004-12-31,33.0,33.0,33.0,33.0,13.261263,0,0.0,0.0
2005-01-03,34.0,34.0,32.200001,32.200001,12.939775,1400,0.0,0.0
2005-01-04,32.75,32.75,32.75,32.75,13.160795,100,0.0,0.0
2005-01-05,32.75,32.75,32.75,32.75,13.160795,0,0.0,0.0
2005-01-06,32.75,32.75,32.75,32.75,13.160795,0,0.0,0.0
2005-01-07,32.0,32.0,32.0,32.0,12.859411,1000,0.0,0.0
2005-01-10,32.25,32.25,32.25,32.25,12.959872,200,0.0,0.0
2005-01-11,32.25,32.25,32.25,32.25,12.959872,0,0.0,0.0
2005-01-12,32.0,32.0,32.0,32.0,12.859411,1300,0.0,0.0
2005-01-13,32.0,32.299999,32.0,32.299999,12.979962,700,0.0,0.0
2005-01-14,32.400002,32.5,32.400002,32.5,13.060335,3300,0.0,0.0
2005-01-18,32.5,32.5,32.5,32.5,13.060335,0,0.0,0.0
2005-01-19,32.5,32.5,32.5,32.5,13.060335,0,0.0,0.0
2005-01-20,32.349998,32.349998,32.349998,32.349998,13.000056,400,0.0,0.0
2005-01-21,32.5,32.549999,32.0,32.5,13.060335,7500,0.0,0.0
2005-01-24,32.5,32.5,32.5,32.5,13.060335,0,0.0,0.0
2005-01-25,32.0,32.5,32.0,32.5,13.060335,800,0.0,0.0
2005-01-26,32.0,32.0,32.0,32.0,12.859411,400,0.0,0.0
2005-01-27,32.0,32.0,32.0,32.0,12.859411,800,0.0,0.0
2005-01-28,32.0,32.0,32.0,32.0,12.859411,400,0.0,0.0
2005-01-31,32.0,32.0,32.0,32.0,12.859411,0,0.0,0.0
2005-02-01,31.5,31.5,31.5,31.5,12.658474,200,0.0,0.0
2005-02-02,31.9,32.0,31.9,32.0,12.859411,1700,0.0,0.0
2005-02-03,32.0,32.0,32.0,32.0,12.859411,0,0.0,0.0
2005-02-04,31.5,31.5,31.5,31.5,12.658474,400,0.0,0.0
2005-02-07,31.5,31.5,31.5,31.5,12.658474,1200,0.0,0.0
2005-02-08,31.75,31.75,31.75,31.75,12.75894,300,0.0,0.0
2005-02-09,31.75,31.75,31.75,31.75,12.75894,0,0.0,0.0
2005-02-10,31.75,31.75,31.75,31.75,12.75894,0,0.0,0.0
2005-02-11,31.309999,31.309999,31.309999,31.309999,12.582125,600,0.0,0.0
2005-02-14,31.299999,31.299999,31.299999,31.299999,12.578105,500,0.0,0.0
2005-02-15,31.299999,31.299999,31.299999,31.299999,12.578105,0,0.0,0.0
2005-02-16,31.700001,31.75,31.700001,31.75,12.75894,900,0.0,0.0
2005-02-17,31.75,31.75,31.75,31.75,12.75894,0,0.0,0.0
2005-02-18,31.75,31.75,31.75,31.75,12.75894,0,0.0,0.0
2005-02-22,31.75,31.75,31.299999,31.299999,12.578105,300,0.0,0.0
2005-02-23,31.299999,31.299999,31.299999,31.299999,12.578105,1100,0.0,0.0
2005-02-24,31.450001,31.450001,31.299999,31.4,12.618295,3000,0.0,0.0
2005-02-25,31.4,31.4,31.4,31.4,12.618295,0,0.0,0.0
2005-02-28,31.4,31.4,31.4,31.4,12.618295,0,0.0,0.0
2005-03-01,31.4,31.4,31.4,31.4,12.618295,0,0.0,0.0
2005-03-02,31.4,31.4,31.4,31.4,12.697145,0,0.195,0.0
2005-03-03,31.4,31.4,31.4,31.4,12.697145,0,0.0,0.0
2005-03-04,31.1,31.1,31.1,31.1,12.575833,300,0.0,0.0
2005-03-07,31.1,31.35,31.1,31.1,12.575833,1400,0.0,0.0
2005-03-08,31.1,31.1,31.1,31.1,12.575833,0,0.0,0.0
2005-03-09,31.1,31.1,31.1,31.1,12.575833,100,0.0,0.0
2005-03-10,31.5,31.5,31.5,31.5,12.737577,1000,0.0,0.0
2005-03-11,31.5,31.5,31.1,31.1,12.575833,600,0.0,0.0
2005-03-14,31.5,31.5,31.5,31.5,12.737577,1700,0.0,0.0
2005-03-15,31.1,31.1,31.1,31.1,12.575833,400,0.0,0.0
2005-03-16,31.1,31.1,31.1,31.1,12.575833,0,0.0,0.0
2005-03-17,31.1,31.5,31.1,31.5,12.737577,1400,0.0,0.0
2005-03-18,31.5,31.5,31.5,31.5,12.737577,0,0.0,0.0
2005-03-21,31.5,31.5,31.5,31.5,12.737577,0,0.0,0.0
2005-03-22,31.5,31.5,31.5,31.5,12.737577,0,0.0,0.0
2005-03-23,31.1,31.1,31.1,31.1,12.575833,500,0.0,0.0
2005-03-24,31.1,31.1,31.1,31.1,12.575833,200,0.0,0.0
2005-03-28,31.1,31.1,31.1,31.1,12.575833,800,0.0,0.0
2005-03-29,31.1,31.1,31.1,31.1,12.575833,200,0.0,0.0
2005-03-30,31.25,31.25,31.25,31.25,12.636487,100,0.0,0.0
2005-03-31,32.0,32.0,31.25,31.25,12.636487,900,0.0,0.0
2005-04-01,31.25,31.25,31.25,31.25,12.636487,0,0.0,0.0
2005-04-04,31.25,31.25,31.25,31.25,12.636487,100,0.0,0.0
2005-04-05,31.25,31.25,31.25,31.25,12.636487,0,0.0,0.0
2005-04-06,31.25,31.25,31.25,31.25,12.636487,0,0.0,0.0
2005-04-07,31.25,31.25,31.25,31.25,12.636487,0,0.0,0.0
2005-04-08,31.25,31.25,31.25,31.25,12.636487,0,0.0,0.0
2005-04-11,31.25,31.25,31.25,31.25,12.636487,0,0.0,0.0
2005-04-12,31.25,31.25,31.25,31.25,12.636487,0,0.0,0.0
2005-04-13,31.25,31.25,31.25,31.25,12.636487,0,0.0,0.0
2005-04-14,31.25,31.25,31.25,31.25,12.636487,1500,0.0,0.0
2005-04-15,31.5,31.5,31.5,31.5,12.737577,1800,0.0,0.0
2005-04-18,31.25,31.25,31.25,31.25,12.636487,1000,0.0,0.0
2005-04-19,31.5,31.5,31.25,31.25,12.636487,700,0.0,0.0
2005-04-20,31.799999,31.799999,31.0,31.0,12.535396,2900,0.0,0.0
2005-04-21,31.0,31.0,31.0,31.0,12.535396,0,0.0,0.0
2005-04-22,31.799999,31.799999,31.5,31.5,12.737577,1200,0.0,0.0
2005-04-25,31.799999,31.799999,31.799999,31.799999,12.858889,100,0.0,0.0
2005-04-26,31.799999,31.799999,31.799999,31.799999,12.858889,0,0.0,0.0
2005-04-27,31.799999,31.799999,31.799999,31.799999,12.858889,0,0.0,0.0
2005-04-28,31.799999,31.799999,31.799999,31.799999,12.858889,0,0.0,0.0
2005-04-29,31.799999,31.799999,31.799999,31.799999,12.858889,0,0.0,0.0
2005-05-02,31.0,31.25,30.75,31.25,12.636487,1500,0.0,0.0
2005-05-03,31.799999,31.799999,31.6,31.6,12.778019,500,0.0,0.0
2005-05-04,31.6,31.6,31.6,31.6,12.778019,0,0.0,0.0
2005-05-05,31.6,31.6,31.6,31.6,12.778019,0,0.0,0.0
2005-05-06,31.6,31.6,31.6,31.6,12.778019,0,0.0,0.0
2005-05-09,31.1,31.1,30.75,30.75,12.434305,600,0.0,0.0
2005-05-10,30.75,30.75,30.75,30.75,12.434305,0,0.0,0.0
2005-05-11,30.75,30.75,30.75,30.75,12.434305,0,0.0,0.0
2005-05-12,30.75,30.75,30.75,30.75,12.434305,0,0.0,0.0
2005-05-13,30.75,30.75,30.75,30.75,12.434305,0,0.0,0.0
2005-05-16,30.75,30.75,30.75,30.75,12.434305,100,0.0,0.0
2005-05-17,31.23,31.25,31.23,31.25,12.636487,300,0.0,0.0
2005-05-18,30.75,30.75,30.75,30.75,12.434305,200,0.0,0.0
2005-05-19,30.75,30.75,30.75,30.75,12.434305,0,0.0,0.0
2005-05-20,30.75,30.85,30.75,30.85,12.474741,200,0.0,0.0
2005-05-23,31.6,31.6,31.5,31.6,12.778019,1900,0.0,0.0
2005-05-24,31.0,31.0,31.0,31.0,12.535396,300,0.0,0.0
2005-05-25,31.0,31.799999,31.0,31.799999,12.858889,400,0.0,0.0
2005-05-26,31.799999,31.799999,31.799999,31.799999,12.858889,0,0.0,0.0
2005-05-27,31.5,31.5,31.5,31.5,12.737577,200,0.0,0.0
2005-05-31,31.0,31.0,31.0,31.0,12.535396,400,0.0,0.0
2005-06-01,31.0,31.0,31.0,31.0,12.614749,0,0.195,0.0
2005-06-02,31.0,31.0,31.0,31.0,12.614749,0,0.0,0.0
2005-06-03,31.0,31.0,31.0,31.0,12.614749,0,0.0,0.0
2005-06-06,31.280001,31.6,31.280001,31.6,12.858905,700,0.0,0.0
2005-06-07,31.6,31.6,31.6,31.6,12.858905,0,0.0,0.0
2005-06-08,31.1,31.1,31.1,31.1,12.655443,400,0.0,0.0
2005-06-09,31.1,31.1,31.1,31.1,12.655443,0,0.0,0.0
2005-06-10,31.0,31.1,31.0,31.1,12.655443,7500,0.0,0.0
2005-06-13,30.75,30.75,30.75,30.75,12.513019,1300,0.0,0.0
2005-06-14,30.75,30.75,30.75,30.75,12.513019,0,0.0,0.0
2005-06-15,30.75,30.75,30.75,30.75,12.513019,0,0.0,0.0
2005-06-16,31.0,31.0,31.0,31.0,12.614749,1100,0.0,0.0
2005-06-17,31.4,31.4,30.75,30.75,12.513019,900,0.0,0.0
2005-06-20,30.75,31.0,30.549999,30.65,12.472332,8000,0.0,0.0
2005-06-21,30.65,30.65,30.65,30.65,12.472332,0,0.0,0.0
2005-06-22,30.65,30.65,30.65,30.65,12.472332,0,0.0,0.0
2005-06-23,30.75,30.75,30.5,30.5,12.41128,1500,0.0,0.0
2005-06-24,30.5,30.5,30.5,30.5,12.41128,0,0.0,0.0
2005-06-27,30.5,30.700001,30.5,30.700001,12.492668,3000,0.0,0.0
2005-06-28,30.5,30.700001,30.5,30.700001,12.492668,400,0.0,0.0
2005-06-29,30.700001,30.700001,30.700001,30.700001,12.492668,0,0.0,0.0
2005-06-30,30.700001,30.700001,30.700001,30.700001,12.492668,0,0.0,0.0
2005-07-01,30.700001,30.700001,30.700001,30.700001,12.492668,0,0.0,0.0
2005-07-05,30.5,30.5,30.5,30.5,12.41128,500,0.0,0.0
2005-07-06,30.5,30.5,30.5,30.5,12.41128,0,0.0,0.0
2005-07-07,30.5,30.5,30.5,30.5,12.41128,300,0.0,0.0
2005-07-08,30.5,30.5,30.5,30.5,12.41128,0,0.0,0.0
2005-07-11,30.5,30.6,30.5,30.6,12.451976,1100,0.0,0.0
2005-07-12,30.6,30.6,30.6,30.6,12.451976,0,0.0,0.0
2005-07-13,30.6,30.6,30.6,30.6,12.451976,0,0.0,0.0
2005-07-14,30.6,30.6,30.6,30.6,12.451976,0,0.0,0.0
2005-07-15,30.6,30.6,30.6,30.6,12.451976,0,0.0,0.0
2005-07-18,30.6,30.6,30.6,30.6,12.451976,0,0.0,0.0
2005-07-19,30.6,30.6,30.5,30.5,12.41128,500,0.0,0.0
2005-07-20,30.5,30.5,30.5,30.5,12.41128,500,0.0,0.0
2005-07-21,30.5,30.5,30.5,30.5,12.41128,0,0.0,0.0
2005-07-22,30.5,30.5,30.5,30.5,12.41128,0,0.0,0.0
2005-07-25,30.6,30.6,30.6,30.6,12.451976,200,0.0,0.0
2005-07-26,30.6,30.6,30.6,30.6,12.451976,0,0.0,0.0
2005-07-27,30.530001,30.530001,30.5,30.5,12.41128,20000,0.0,0.0
2005-07-28,30.5,30.6,29.549999,29.549999,12.024699,23900,0.0,0.0
2005-07-29,29.549999,29.549999,29.549999,29.549999,12.024699,0,0.0,0.0
2005-08-01,29.549999,29.549999,29.5,29.5,12.004356,1000,0.0,0.0
2005-08-02,29.5,29.5,29.5,29.5,12.004356,200,0.0,0.0
2005-08-03,29.5,29.5,29.5,29.5,12.004356,0,0.0,0.0
2005-08-04,29.5,29.5,29.5,29.5,12.004356,1000,0.0,0.0
2005-08-05,29.5,29.5,29.5,29.5,12.004356,1200,0.0,0.0
2005-08-08,29.5,29.5,29.5,29.5,12.004356,500,0.0,0.0
2005-08-09,29.5,29.5,29.5,29.5,12.004356,400,0.0,0.0
2005-08-10,29.75,29.75,29.75,29.75,12.106086,3300,0.0,0.0
2005-08-11,29.5,29.5,29.5,29.5,12.004356,100,0.0,0.0
2005-08-12,29.5,29.5,29.5,29.5,12.004356,0,0.0,0.0
2005-08-15,29.049999,29.049999,29.0,29.0,11.800895,1800,0.0,0.0
2005-08-16,29.0,29.0,29.0,29.0,11.800895,2100,0.0,0.0
2005-08-17,29.0,29.0,29.0,29.0,11.800895,0,0.0,0.0
2005-08-18,29.0,29.0,29.0,29.0,11.800895,0,0.0,0.0
2005-08-19,29.0,29.0,29.0,29.0,11.800895,200,0.0,0.0
2005-08-22,29.25,29.25,29.25,29.25,11.902628,1000,0.0,0.0
2005-08-23,30.0,30.0,30.0,30.0,12.20782,100,0.0,0.0
2005-08-24,29.25,29.5,29.0,29.0,11.800895,600,0.0,0.0
2005-08-25,29.5,30.0,29.0,30.0,12.20782,1300,0.0,0.0
2005-08-26,30.0,30.0,30.0,30.0,12.20782,0,0.0,0.0
2005-08-29,30.0,30.0,30.0,30.0,12.20782,0,0.0,0.0
2005-08-30,29.0,29.0,29.0,29.0,11.800895,500,0.0,0.0
2005-08-31,29.0,29.0,29.0,29.0,11.800895,1200,0.0,0.0
2005-09-01,29.0,29.0,29.0,29.0,11.800895,0,0.0,0.0
2005-09-02,29.0,29.0,29.0,29.0,11.800895,200,0.0,0.0
2005-09-06,28.75,29.5,28.75,29.5,12.004356,600,0.0,0.0
2005-09-07,28.75,28.75,28.75,28.75,11.777014,300,0.195,0.0
2005-09-08,28.75,28.75,28.75,28.75,11.777014,0,0.0,0.0
2005-09-09,28.75,29.0,28.75,29.0,11.87942,3500,0.0,0.0
2005-09-12,29.0,29.0,29.0,29.0,11.87942,0,0.0,0.0
2005-09-13,29.0,29.0,29.0,29.0,11.87942,0,0.0,0.0
2005-09-14,28.5,28.5,28.5,28.5,11.6746,1000,0.0,0.0
2005-09-15,28.5,28.5,28.5,28.5,11.6746,300,0.0,0.0
2005-09-16,29.1,29.1,29.1,29.1,11.920383,200,0.0,0.0
2005-09-19,29.1,29.1,29.1,29.1,11.920383,0,0.0,0.0
2005-09-20,29.1,29.1,29.1,29.1,11.920383,0,0.0,0.0
2005-09-21,28.5,28.6,28.5,28.6,11.715564,4200,0.0,0.0
2005-09-22,28.5,28.5,28.5,28.5,11.6746,200,0.0,0.0
2005-09-23,28.5,28.5,28.5,28.5,11.6746,0,0.0,0.0
2005-09-26,28.5,28.5,28.5,28.5,11.6746,0,0.0,0.0
2005-09-27,28.5,28.5,28.5,28.5,11.6746,0,0.0,0.0
2005-09-28,28.25,28.25,28.25,28.25,11.572192,200,0.0,0.0
2005-09-29,28.25,28.4,28.0,28.0,11.469778,1500,0.0,0.0
2005-09-30,28.0,28.0,28.0,28.0,11.469778,0,0.0,0.0
2005-10-03,28.0,28.0,28.0,28.0,11.469778,200,0.0,0.0
2005-10-04,28.049999,28.049999,28.049999,28.049999,11.49026,200,0.0,0.0
2005-10-05,28.0,28.0,27.5,27.950001,11.449303,600,0.0,0.0
2005-10-06,28.049999,29.0,28.049999,29.0,11.87942,1400,0.0,0.0
2005-10-07,29.0,29.0,29.0,29.0,11.87942,0,0.0,0.0
2005-10-10,29.0,29.0,29.0,29.0,11.87942,0,0.0,0.0
2005-10-11,29.0,29.0,29.0,29.0,11.87942,0,0.0,0.0
2005-10-12,27.049999,28.5,27.049999,28.5,11.6746,300,0.0,0.0
2005-10-13,28.5,28.5,28.5,28.5,11.6746,0,0.0,0.0
2005-10-14,28.5,29.1,28.0,28.0,11.469778,1200,0.0,0.0
2005-10-17,28.75,28.75,28.75,28.75,11.777014,200,0.0,0.0
2005-10-18,28.75,28.75,28.75,28.75,11.777014,0,0.0,0.0
2005-10-19,28.75,28.75,28.75,28.75,11.777014,0,0.0,0.0
2005-10-20,28.75,28.75,28.75,28.75,11.777014,0,0.0,0.0
2005-10-21,28.75,28.75,28.75,28.75,11.777014,0,0.0,0.0
2005-10-24,27.15,27.15,27.15,27.15,11.121592,300,0.0,0.0
2005-10-25,27.15,27.15,27.15,27.15,11.121592,0,0.0,0.0
2005-10-26,27.15,27.15,27.15,27.15,11.121592,0,0.0,0.0
2005-10-27,27.15,27.15,27.15,27.15,11.121592,0,0.0,0.0
2005-10-28,28.0,28.0,28.0,28.0,11.469778,200,0.0,0.0
2005-10-31,28.0,28.0,28.0,28.0,11.469778,0,0.0,0.0
2005-11-01,27.25,27.25,27.25,27.25,11.162555,100,0.0,0.0
2005-11-02,27.1,27.5,27.1,27.5,11.264962,200,0.0,0.0
2005-11-03,27.5,27.5,27.5,27.5,11.264962,0,0.0,0.0
2005-11-04,28.0,28.299999,28.0,28.299999,11.592675,900,0.0,0.0
2005-11-07,28.299999,28.299999,28.299999,28.299999,11.592675,0,0.0,0.0
2005-11-08,28.0,28.0,28.0,28.0,11.469778,500,0.0,0.0
2005-11-09,28.049999,28.049999,28.0,28.0,11.469778,900,0.0,0.0
2005-11-10,28.0,28.0,28.0,28.0,11.469778,400,0.0,0.0
2005-11-11,28.0,28.0,28.0,28.0,11.469778,0,0.0,0.0
2005-11-14,27.549999,27.549999,27.549999,27.549999,11.285447,100,0.0,0.0
2005-11-15,27.5,27.75,27.1,27.75,11.367373,900,0.0,0.0
2005-11-16,27.75,27.75,27.75,27.75,11.367373,0,0.0,0.0
2005-11-17,27.049999,27.5,27.0,27.5,11.264962,500,0.0,0.0
2005-11-18,27.5,27.5,27.5,27.5,11.264962,0,0.0,0.0
2005-11-21,27.5,27.5,27.5,27.5,11.264962,500,0.0,0.0
2005-11-22,27.5,27.5,27.5,27.5,11.264962,0,0.0,0.0
2005-11-23,27.6,27.6,27.6,27.6,11.305932,200,0.0,0.0
2005-11-25,27.6,27.6,27.6,27.6,11.305932,0,0.0,0.0
2005-11-28,27.6,27.6,27.6,27.6,11.305932,0,0.0,0.0
2005-11-29,27.6,27.6,27.6,27.6,11.305932,0,0.0,0.0
2005-11-30,27.6,27.6,27.6,27.6,11.305932,0,0.0,0.0
2005-12-01,27.6,27.6,27.6,27.6,11.305932,0,0.0,0.0
2005-12-02,27.6,27.6,27.6,27.6,11.305932,0,0.0,0.0
2005-12-05,27.75,28.200001,27.5,28.0,11.469778,2100,0.0,0.0
2005-12-06,28.0,28.0,28.0,28.0,11.469778,0,0.0,0.0
2005-12-07,28.0,28.0,28.0,28.0,11.550226,0,0.195,0.0
2005-12-08,28.0,28.0,28.0,28.0,11.550226,0,0.0,0.0
2005-12-09,28.0,28.0,28.0,28.0,11.550226,0,0.0,0.0
2005-12-12,27.5,27.5,27.5,27.5,11.343967,300,0.0,0.0
2005-12-13,28.0,28.0,28.0,28.0,11.550226,200,0.0,0.0
2005-12-14,27.5,27.75,27.5,27.65,11.405844,11600,0.0,0.0
2005-12-15,27.65,27.65,27.5,27.5,11.343967,1200,0.0,0.0
2005-12-16,27.5,27.75,27.5,27.75,11.447094,400,0.0,0.0
2005-12-19,27.65,27.65,27.65,27.65,11.405844,2700,0.0,0.0
2005-12-20,27.75,27.75,27.75,27.75,11.447094,200,0.0,0.0
2005-12-21,27.0,27.0,27.0,27.0,11.137712,200,0.0,0.0
2005-12-22,28.0,28.0,28.0,28.0,11.550226,300,0.0,0.0
2005-12-23,28.0,28.0,28.0,28.0,11.550226,0,0.0,0.0
2005-12-27,28.0,28.0,28.0,28.0,11.550226,0,0.0,0.0
2005-12-28,28.0,28.0,28.0,28.0,11.550226,0,0.0,0.0
2005-12-29,27.0,27.0,27.0,27.0,11.137712,100,0.0,0.0
2005-12-30,27.0,27.0,27.0,27.0,11.137712,100,0.0,0.0
2006-01-03,27.0,27.0,27.0,27.0,11.137712,0,0.0,0.0
2006-01-04,27.0,27.0,26.799999,26.799999,11.055212,700,0.0,0.0
2006-01-05,26.799999,26.799999,26.799999,26.799999,11.055212,0,0.0,0.0
2006-01-06,26.799999,26.799999,26.799999,26.799999,11.055212,0,0.0,0.0
2006-01-09,26.799999,26.9,26.799999,26.9,11.096465,2200,0.0,0.0
2006-01-10,26.9,26.9,26.9,26.9,11.096465,0,0.0,0.0
2006-01-11,26.9,26.9,26.9,26.9,11.096465,0,0.0,0.0
2006-01-12,26.9,26.9,26.9,26.9,11.096465,0,0.0,0.0
2006-01-13,26.799999,26.799999,26.799999,26.799999,11.055212,800,0.0,0.0
2006-01-17,26.799999,26.799999,26.799999,26.799999,11.055212,0,0.0,0.0
2006-01-18,26.799999,26.799999,26.799999,26.799999,11.055212,0,0.0,0.0
2006-01-19,26.799999,26.799999,26.799999,26.799999,11.055212,0,0.0,0.0
2006-01-20,26.799999,26.799999,26.799999,26.799999,11.055212,0,0.0,0.0
2006-01-23,26.799999,26.799999,26.799999,26.799999,11.055212,0,0.0,0.0
2006-01-24,26.799999,26.799999,26.799999,26.799999,11.055212,0,0.0,0.0
2006-01-25,26.049999,26.049999,26.049999,26.049999,10.74583,2000,0.0,0.0
2006-01-26,26.0,26.049999,25.35,25.65,10.580829,22800,0.0,0.0
2006-01-27,25.799999,26.049999,25.799999,26.049999,10.74583,600,0.0,0.0
2006-01-30,25.1,25.5,25.1,25.5,10.518954,42500,0.0,0.0
2006-01-31,26.049999,26.049999,25.450001,25.450001,10.498328,900,0.0,0.0
2006-02-01,25.4,25.5,25.4,25.5,10.518954,900,0.0,0.0
2006-02-02,25.5,25.5,25.5,25.5,10.518954,0,0.0,0.0
2006-02-03,25.5,25.5,25.5,25.5,10.518954,0,0.0,0.0
2006-02-06,25.5,25.5,25.5,25.5,10.518954,0,0.0,0.0
2006-02-07,25.6,26.049999,25.5,26.049999,10.74583,4400,0.0,0.0
2006-02-08,26.0,26.0,25.5,26.0,10.725207,3900,0.0,0.0
2006-02-09,26.0,26.0,26.0,26.0,10.725207,0,0.0,0.0
2006-02-10,26.0,26.0,25.950001,25.950001,10.704584,2300,0.0,0.0
2006-02-13,26.049999,26.049999,26.049999,26.049999,10.74583,700,0.0,0.0
2006-02-14,26.5,26.5,26.5,26.5,10.931459,600,0.0,0.0
2006-02-15,26.5,26.5,26.5,26.5,10.931459,0,0.0,0.0
2006-02-16,26.5,26.5,26.5,26.5,10.931459,200,0.0,0.0
2006-02-17,26.5,26.5,26.5,26.5,10.931459,0,0.0,0.0
2006-02-21,26.25,26.25,26.25,26.25,10.828334,200,0.0,0.0
2006-02-22,26.25,26.25,26.25,26.25,10.828334,0,0.0,0.0
2006-02-23,26.15,26.15,26.15,26.15,10.787084,1200,0.0,0.0
2006-02-24,26.4,26.4,26.0,26.0,10.725207,400,0.0,0.0
2006-02-27,26.0,26.0,26.0,26.0,10.725207,0,0.0,0.0
2006-02-28,26.200001,26.200001,26.200001,26.200001,10.807709,3600,0.0,0.0
2006-03-01,26.200001,26.25,26.0,26.049999,10.74583,2300,0.0,0.0
2006-03-02,26.0,26.049999,24.700001,25.5,10.518954,18900,0.0,0.0
2006-03-03,25.25,25.5,25.25,25.5,10.518954,1400,0.0,0.0
2006-03-06,26.799999,27.0,26.0,26.0,10.725207,2500,0.0,0.0
2006-03-07,26.0,26.0,26.0,26.0,10.725207,0,0.0,0.0
2006-03-08,26.0,26.0,26.0,26.0,10.81254,0,0.21,0.0
2006-03-09,26.9,26.9,26.9,26.9,11.18682,500,0.0,0.0
2006-03-10,26.25,26.25,26.25,26.25,10.916505,500,0.0,0.0
2006-03-13,25.75,25.75,25.75,25.75,10.708576,2400,0.0,0.0
2006-03-14,25.950001,25.950001,25.950001,25.950001,10.791748,200,0.0,0.0
2006-03-15,25.950001,25.950001,25.950001,25.950001,10.791748,1000,0.0,0.0
2006-03-16,25.950001,25.950001,25.950001,25.950001,10.791748,0,0.0,0.0
2006-03-17,26.25,26.25,26.25,26.25,10.916505,200,0.0,0.0
2006-03-20,26.25,26.25,26.25,26.25,10.916505,0,0.0,0.0
2006-03-21,26.0,26.0,26.0,26.0,10.81254,200,0.0,0.0
2006-03-22,26.0,26.0,26.0,26.0,10.81254,0,0.0,0.0
2006-03-23,25.85,25.85,25.85,25.85,10.750159,800,0.0,0.0
2006-03-24,25.85,25.85,25.85,25.85,10.750159,0,0.0,0.0
2006-03-27,26.0,26.0,25.85,25.85,10.750159,1900,0.0,0.0
2006-03-28,25.85,25.85,25.85,25.85,10.750159,0,0.0,0.0
2006-03-29,25.85,25.85,25.85,25.85,10.750159,0,0.0,0.0
2006-03-30,25.85,25.85,25.85,25.85,10.750159,0,0.0,0.0
2006-03-31,25.85,25.85,25.85,25.85,10.750159,0,0.0,0.0
2006-04-03,25.85,25.85,25.85,25.85,10.750159,0,0.0,0.0
2006-04-04,25.85,25.85,25.85,25.85,10.750159,500,0.0,0.0
2006-04-05,25.85,25.85,25.85,25.85,10.750159,500,0.0,0.0
2006-04-06,25.85,25.85,25.85,25.85,10.750159,0,0.0,0.0
2006-04-07,25.85,25.85,25.85,25.85,10.750159,500,0.0,0.0
2006-04-10,25.85,25.85,25.85,25.85,10.750159,0,0.0,0.0
2006-04-11,25.85,25.85,25.85,25.85,10.750159,0,0.0,0.0
2006-04-12,25.85,25.85,25.85,25.85,10.750159,0,0.0,0.0
2006-04-13,26.1,26.1,26.1,26.1,10.854124,200,0.0,0.0
2006-04-17,25.85,26.1,25.85,26.1,10.854124,500,0.0,0.0
2006-04-18,26.25,26.25,25.85,25.85,10.750159,700,0.0,0.0
2006-04-19,26.25,26.75,26.25,26.5,11.020471,5100,0.0,0.0
2006-04-20,26.25,26.25,26.25,26.25,10.916505,200,0.0,0.0
2006-04-21,26.6,26.6,26.25,26.25,10.916505,1000,0.0,0.0
2006-04-24,26.25,26.75,26.25,26.75,11.124434,300,0.0,0.0
2006-04-25,26.75,26.75,26.75,26.75,11.124434,0,0.0,0.0
2006-04-26,26.75,26.75,26.75,26.75,11.124434,0,0.0,0.0
2006-04-27,26.25,26.25,26.0,26.0,10.81254,300,0.0,0.0
2006-04-28,26.75,26.799999,26.75,26.799999,11.145231,700,0.0,0.0
2006-05-01,26.9,26.9,26.65,26.65,11.082852,400,0.0,0.0
2006-05-02,26.65,26.65,26.65,26.65,11.082852,0,0.0,0.0
2006-05-03,26.65,26.65,26.65,26.65,11.082852,0,0.0,0.0
2006-05-04,26.75,27.0,26.0,26.0,10.81254,1000,0.0,0.0
2006-05-05,25.85,26.0,25.85,26.0,10.81254,300,0.0,0.0
2006-05-08,26.35,26.35,26.35,26.35,10.958091,1200,0.0,0.0
2006-05-09,26.0,26.15,26.0,26.15,10.874921,1100,0.0,0.0
2006-05-10,26.35,26.65,26.0,26.25,10.916505,26500,0.0,0.0
2006-05-11,26.0,26.25,26.0,26.0,10.81254,2800,0.0,0.0
2006-05-12,26.0,26.200001,26.0,26.200001,10.895712,1800,0.0,0.0
2006-05-15,26.0,26.200001,26.0,26.200001,10.895712,1300,0.0,0.0
2006-05-16,26.1,26.1,26.1,26.1,10.854124,2300,0.0,0.0
2006-05-17,26.0,26.200001,25.5,25.85,10.750159,4500,0.0,0.0
2006-05-18,25.85,27.0,25.85,26.15,10.874921,9800,0.0,0.0
2006-05-19,26.15,26.15,26.15,26.15,10.874921,0,0.0,0.0
2006-05-22,27.0,27.0,27.0,27.0,11.228404,1300,0.0,0.0
2006-05-23,25.85,27.0,25.85,27.0,11.228404,700,0.0,0.0
2006-05-24,27.0,27.700001,27.0,27.700001,11.519516,300,0.0,0.0
2006-05-25,27.700001,27.700001,27.700001,27.700001,11.519516,0,0.0,0.0
2006-05-26,27.700001,27.700001,27.700001,27.700001,11.519516,0,0.0,0.0
2006-05-30,27.700001,27.700001,27.700001,27.700001,11.519516,0,0.0,0.0
2006-05-31,27.700001,27.700001,27.700001,27.700001,11.607515,0,0.21,0.0
2006-06-01,26.5,26.5,26.5,26.5,11.104658,700,0.0,0.0
2006-06-02,26.5,26.5,26.5,26.5,11.104658,0,0.0,0.0
2006-06-05,26.5,26.5,26.5,26.5,11.104658,0,0.0,0.0
2006-06-06,26.5,26.5,26.5,26.5,11.104658,0,0.0,0.0
2006-06-07,26.25,26.25,26.25,26.25,10.999896,100,0.0,0.0
2006-06-08,26.25,26.25,26.25,26.25,10.999896,0,0.0,0.0
2006-06-09,26.25,26.25,26.25,26.25,10.999896,0,0.0,0.0
2006-06-12,26.25,26.25,26.25,26.25,10.999896,0,0.0,0.0
2006-06-13,26.25,26.25,26.25,26.25,10.999896,0,0.0,0.0
2006-06-14,26.25,27.09,26.25,27.09,11.351894,1400,0.0,0.0
2006-06-15,27.1,27.1,27.1,27.1,11.356085,400,0.0,0.0
2006-06-16,27.1,27.1,27.1,27.1,11.356085,0,0.0,0.0
2006-06-19,26.35,26.35,26.35,26.35,11.041801,200,0.0,0.0
2006-06-20,26.35,26.35,26.35,26.35,11.041801,800,0.0,0.0
2006-06-21,26.35,26.35,26.35,26.35,11.041801,600,0.0,0.0
2006-06-22,26.35,26.35,26.35,26.35,11.041801,0,0.0,0.0
2006-06-23,26.35,26.35,26.35,26.35,11.041801,0,0.0,0.0
2006-06-26,26.35,26.35,26.35,26.35,11.041801,0,0.0,0.0
2006-06-27,26.35,27.1,26.35,27.1,11.356085,300,0.0,0.0
2006-06-28,27.1,27.1,27.1,27.1,11.356085,0,0.0,0.0
2006-06-29,27.1,27.1,27.1,27.1,11.356085,0,0.0,0.0
2006-06-30,27.1,27.1,27.1,27.1,11.356085,0,0.0,0.0
2006-07-03,26.35,26.35,26.35,26.35,11.041801,200,0.0,0.0
2006-07-05,26.35,26.35,26.35,26.35,11.041801,0,0.0,0.0
2006-07-06,26.35,26.35,26.35,26.35,11.041801,0,0.0,0.0
2006-07-07,26.35,26.35,26.35,26.35,11.041801,0,0.0,0.0
2006-07-10,26.35,26.35,26.35,26.35,11.041801,0,0.0,0.0
2006-07-11,26.35,26.35,26.35,26.35,11.041801,0,0.0,0.0
2006-07-12,26.35,26.35,26.35,26.35,11.041801,0,0.0,0.0
2006-07-13,26.35,26.35,26.35,26.35,11.041801,0,0.0,0.0
2006-07-14,26.35,27.25,26.049999,27.25,11.418938,1700,0.0,0.0
2006-07-17,27.25,27.25,26.5,27.25,11.418938,300,0.0,0.0
2006-07-18,27.25,27.25,27.25,27.25,11.418938,0,0.0,0.0
2006-07-19,27.25,27.25,27.25,27.25,11.418938,0,0.0,0.0
2006-07-20,26.5,27.25,26.25,27.25,11.418938,6900,0.0,0.0
2006-07-21,27.25,27.25,27.25,27.25,11.418938,0,0.0,0.0
2006-07-24,27.25,27.25,27.25,27.25,11.418938,0,0.0,0.0
2006-07-25,27.25,27.25,27.25,27.25,11.418938,0,0.0,0.0
2006-07-26,27.25,27.25,27.25,27.25,11.418938,0,0.0,0.0
2006-07-27,27.25,27.25,27.25,27.25,11.418938,0,0.0,0.0
2006-07-28,27.25,27.25,27.25,27.25,11.418938,0,0.0,0.0
2006-07-31,26.049999,26.049999,25.65,26.0,10.895138,800,0.0,0.0
2006-08-01,26.0,26.0,26.0,26.0,10.895138,0,0.0,0.0
2006-08-02,26.0,26.0,26.0,26.0,10.895138,0,0.0,0.0
2006-08-03,26.0,26.0,26.0,26.0,10.895138,0,0.0,0.0
2006-08-04,26.0,26.0,26.0,26.0,10.895138,0,0.0,0.0
2006-08-07,26.0,26.0,26.0,26.0,10.895138,0,0.0,0.0
2006-08-08,26.5,27.0,25.85,27.0,11.314179,1600,0.0,0.0
2006-08-09,26.5,26.5,26.5,26.5,11.104658,200,0.0,0.0
2006-08-10,26.5,26.5,26.5,26.5,11.104658,0,0.0,0.0
2006-08-11,25.85,25.85,25.799999,25.799999,10.811327,400,0.0,0.0
2006-08-14,25.75,25.75,25.75,25.75,10.790379,1400,0.0,0.0
2006-08-15,25.5,25.5,25.1,25.1,10.517995,800,0.0,0.0
2006-08-16,25.110001,25.110001,25.110001,25.110001,10.522189,500,0.0,0.0
2006-08-17,25.25,25.85,25.1,25.1,10.517995,1400,0.0,0.0
2006-08-18,25.200001,25.5,25.200001,25.5,10.685616,900,0.0,0.0
2006-08-21,25.5,25.5,25.1,25.25,10.580856,11700,0.0,0.0
2006-08-22,25.25,25.25,25.25,25.25,10.580856,200,0.0,0.0
2006-08-23,25.25,25.25,25.25,25.25,10.580856,0,0.0,0.0
2006-08-24,25.25,25.25,25.25,25.25,10.580856,0,0.0,0.0
2006-08-25,25.5,25.5,25.5,25.5,10.685616,100,0.0,0.0
2006-08-28,25.15,25.15,24.75,24.75,10.371328,1500,0.0,0.0
2006-08-29,24.75,24.75,24.75,24.75,10.371328,0,0.0,0.0
2006-08-30,24.75,24.75,24.75,24.75,10.371328,0,0.0,0.0
2006-08-31,24.75,25.0,24.75,24.75,10.371328,700,0.0,0.0
2006-09-01,24.75,24.75,24.75,24.75,10.371328,0,0.0,0.0
2006-09-05,25.25,25.5,25.25,25.5,10.685616,700,0.0,0.0
2006-09-06,25.5,25.5,25.5,25.5,10.774343,0,0.21,0.0
2006-09-07,25.5,25.5,25.5,25.5,10.774343,0,0.0,0.0
2006-09-08,25.5,25.5,25.5,25.5,10.774343,0,0.0,0.0
2006-09-11,24.75,24.780001,24.299999,24.5,10.35182,3500,0.0,0.0
2006-09-12,24.51,24.51,24.51,24.51,10.356047,800,0.0,0.0
2006-09-13,24.5,24.5,24.4,24.4,10.309569,3200,0.0,0.0
2006-09-14,24.35,24.35,24.35,24.35,10.288443,800,0.0,0.0
2006-09-15,25.0,25.0,25.0,25.0,10.563082,600,0.0,0.0
2006-09-18,25.0,25.0,25.0,25.0,10.563082,0,0.0,0.0
2006-09-19,24.950001,24.950001,24.950001,24.950001,10.54196,100,0.0,0.0
2006-09-20,24.35,24.35,24.35,24.35,10.288443,800,0.0,0.0
2006-09-21,24.35,24.35,24.35,24.35,10.288443,500,0.0,0.0
2006-09-22,26.0,26.0,25.75,25.75,10.879976,600,0.0,0.0
2006-09-25,25.0,25.0,24.75,24.75,10.45745,400,0.0,0.0
2006-09-26,24.75,24.75,24.75,24.75,10.45745,0,0.0,0.0
2006-09-27,24.75,24.75,24.75,24.75,10.45745,0,0.0,0.0
2006-09-28,24.75,24.75,24.75,24.75,10.45745,0,0.0,0.0
2006-09-29,24.75,24.75,24.75,24.75,10.45745,0,0.0,0.0
2006-10-02,24.75,24.75,24.75,24.75,10.45745,0,0.0,0.0
2006-10-03,24.75,24.75,24.75,24.75,10.45745,0,0.0,0.0
2006-10-04,24.75,24.75,24.75,24.75,10.45745,0,0.0,0.0
2006-10-05,24.75,24.75,24.75,24.75,10.45745,0,0.0,0.0
2006-10-06,24.75,24.75,24.75,24.75,10.45745,0,0.0,0.0
2006-10-09,24.5,24.5,24.5,24.5,10.35182,200,0.0,0.0
2006-10-10,24.5,24.5,24.5,24.5,10.35182,0,0.0,0.0
2006-10-11,24.5,24.5,24.5,24.5,10.35182,0,0.0,0.0
2006-10-12,24.5,24.75,24.4,24.4,10.309569,1900,0.0,0.0
2006-10-13,24.4,24.4,24.4,24.4,10.309569,0,0.0,0.0
2006-10-16,24.4,24.4,24.4,24.4,10.309569,0,0.0,0.0
2006-10-17,24.4,24.4,24.4,24.4,10.309569,0,0.0,0.0
2006-10-18,25.5,25.5,25.5,25.5,10.774343,500,0.0,0.0
2006-10-19,25.0,25.25,25.0,25.25,10.668712,600,0.0,0.0
2006-10-20,25.5,25.5,25.5,25.5,10.774343,300,0.0,0.0
2006-10-23,25.5,25.5,25.5,25.5,10.774343,0,0.0,0.0
2006-10-24,25.5,25.5,25.5,25.5,10.774343,0,0.0,0.0
2006-10-25,25.5,25.5,25.5,25.5,10.774343,0,0.0,0.0
2006-10-26,26.0,26.0,26.0,26.0,10.985608,800,0.0,0.0
2006-10-27,26.0,26.0,26.0,26.0,10.985608,0,0.0,0.0
2006-10-30,26.0,26.0,26.0,26.0,10.985608,200,0.0,0.0
2006-10-31,25.75,25.75,25.75,25.75,10.879976,200,0.0,0.0
2006-11-01,26.1,26.1,26.1,26.1,11.027863,600,0.0,0.0
2006-11-02,26.1,26.1,26.1,26.1,11.027863,0,0.0,0.0
2006-11-03,26.5,26.5,26.5,26.5,11.196875,300,0.0,0.0
2006-11-06,26.5,26.5,26.5,26.5,11.196875,0,0.0,0.0
2006-11-07,26.1,26.1,25.75,25.75,10.879976,1500,0.0,0.0
2006-11-08,25.75,26.25,25.75,26.25,11.091236,1400,0.0,0.0
2006-11-09,26.25,26.5,26.25,26.5,11.196875,1600,0.0,0.0
2006-11-10,27.0,27.0,26.0,26.0,10.985608,300,0.0,0.0
2006-11-13,26.0,26.0,26.0,26.0,10.985608,0,0.0,0.0
2006-11-14,26.25,26.299999,26.25,26.299999,11.112364,400,0.0,0.0
2006-11-15,26.299999,26.299999,26.299999,26.299999,11.112364,1400,0.0,0.0
2006-11-16,26.299999,26.299999,26.299999,26.299999,11.112364,0,0.0,0.0
2006-11-17,26.75,26.75,26.75,26.75,11.302502,1400,0.0,0.0
2006-11-20,26.35,26.35,26.35,26.35,11.133488,700,0.0,0.0
2006-11-21,26.35,26.35,26.35,26.35,11.133488,300,0.0,0.0
2006-11-22,26.5,26.6,26.4,26.6,11.239121,2300,0.0,0.0
2006-11-24,26.6,26.6,26.6,26.6,11.239121,0,0.0,0.0
2006-11-27,26.799999,26.799999,26.799999,26.799999,11.323624,500,0.0,0.0
2006-11-28,26.799999,26.799999,26.799999,26.799999,11.323624,0,0.0,0.0
2006-11-29,26.799999,26.799999,26.799999,26.799999,11.323624,0,0.0,0.0
2006-11-30,26.75,26.799999,26.75,26.799999,11.323624,1700,0.0,0.0
2006-12-01,26.799999,26.799999,26.799999,26.799999,11.323624,0,0.0,0.0
2006-12-04,26.65,26.65,26.41,26.41,11.158842,1000,0.0,0.0
2006-12-05,26.41,26.41,26.41,26.41,11.158842,0,0.0,0.0
2006-12-06,26.42,26.42,26.42,26.42,11.252542,300,0.21,0.0
2006-12-07,26.5,26.5,26.5,26.5,11.286618,200,0.0,0.0
2006-12-08,26.5,26.5,26.5,26.5,11.286618,200,0.0,0.0
2006-12-11,26.5,26.5,26.5,26.5,11.286618,300,0.0,0.0
2006-12-12,26.42,26.42,26.299999,26.299999,11.201434,300,0.0,0.0
2006-12-13,25.9,26.0,25.9,26.0,11.073656,19900,0.0,0.0
2006-12-14,26.5,26.5,26.5,26.5,11.286618,200,0.0,0.0
2006-12-15,26.6,26.6,26.6,26.6,11.329206,300,0.0,0.0
2006-12-18,26.6,26.6,26.6,26.6,11.329206,0,0.0,0.0
2006-12-19,26.6,26.6,26.6,26.6,11.329206,0,0.0,0.0
2006-12-20,26.950001,26.950001,26.950001,26.950001,11.478276,100,0.0,0.0
2006-12-21,26.950001,26.950001,26.950001,26.950001,11.478276,0,0.0,0.0
2006-12-22,26.09,26.09,26.09,26.09,11.111992,100,0.0,0.0
2006-12-26,26.09,26.09,26.09,26.09,11.111992,0,0.0,0.0
2006-12-27,26.07,26.07,25.700001,25.959999,11.056624,3000,0.0,0.0
2006-12-28,25.549999,25.549999,25.1,25.1,10.690343,1900,0.0,0.0
2006-12-29,25.1,25.5,25.049999,25.5,10.860705,3000,0.0,0.0
2007-01-03,25.1,25.1,25.1,25.1,10.690343,1000,0.0,0.0
2007-01-04,25.1,25.1,25.1,25.1,10.690343,0,0.0,0.0
2007-01-05,25.1,25.1,25.1,25.1,10.690343,0,0.0,0.0
2007-01-08,25.1,25.1,25.1,25.1,10.690343,0,0.0,0.0
2007-01-09,25.15,25.5,25.15,25.5,10.860705,900,0.0,0.0
2007-01-10,25.15,25.5,25.15,25.5,10.860705,6800,0.0,0.0
2007-01-11,25.15,25.15,25.15,25.15,10.711635,500,0.0,0.0
2007-01-12,25.5,25.5,25.5,25.5,10.860705,200,0.0,0.0
2007-01-16,25.5,25.5,25.5,25.5,10.860705,0,0.0,0.0
2007-01-17,25.5,25.5,25.5,25.5,10.860705,0,0.0,0.0
2007-01-18,25.15,25.35,25.15,25.35,10.796821,900,0.0,0.0
2007-01-19,25.15,25.15,25.15,25.15,10.711635,700,0.0,0.0
2007-01-22,25.1,25.1,25.1,25.1,10.690343,1000,0.0,0.0
2007-01-23,25.0,25.0,25.0,25.0,10.64775,1800,0.0,0.0
2007-01-24,24.549999,24.549999,24.049999,24.049999,10.243135,3000,0.0,0.0
2007-01-25,24.049999,24.1,23.5,24.1,10.264431,2900,0.0,0.0
2007-01-26,24.5,24.5,24.5,24.5,10.43479,100,0.0,0.0
2007-01-29,24.25,24.4,23.6,24.4,10.392203,1900,0.0,0.0
2007-01-30,24.450001,24.5,24.450001,24.450001,10.413501,500,0.0,0.0
2007-01-31,23.700001,24.450001,23.5,23.75,10.115359,600,0.0,0.0
2007-02-01,23.75,23.75,23.75,23.75,10.115359,700,0.0,0.0
2007-02-02,23.65,23.950001,23.65,23.950001,10.200542,600,0.0,0.0
2007-02-05,23.950001,23.950001,23.950001,23.950001,10.200542,0,0.0,0.0
2007-02-06,23.950001,24.0,23.950001,24.0,10.221843,600,0.0,0.0
2007-02-07,24.75,24.75,24.75,24.75,10.541273,600,0.0,0.0
2007-02-08,24.1,24.1,24.1,24.1,10.264431,200,0.0,0.0
2007-02-09,24.1,24.1,24.1,24.1,10.264431,0,0.0,0.0
2007-02-12,24.1,24.1,24.1,24.1,10.264431,0,0.0,0.0
2007-02-13,24.1,24.1,24.1,24.1,10.264431,0,0.0,0.0
2007-02-14,24.1,24.1,24.1,24.1,10.264431,0,0.0,0.0
2007-02-15,25.0,25.0,25.0,25.0,10.64775,200,0.0,0.0
2007-02-16,24.549999,24.549999,23.65,24.0,10.221843,1200,0.0,0.0
2007-02-20,24.0,24.0,24.0,24.0,10.221843,0,0.0,0.0
2007-02-21,24.0,24.0,23.65,23.65,10.072769,600,0.0,0.0
2007-02-22,23.65,23.65,23.65,23.65,10.072769,0,0.0,0.0
2007-02-23,23.950001,23.950001,23.65,23.75,10.115359,700,0.0,0.0
2007-02-26,23.75,23.75,23.75,23.75,10.115359,0,0.0,0.0
2007-02-27,23.75,23.75,23.75,23.75,10.115359,0,0.0,0.0
2007-02-28,23.75,23.75,23.75,23.75,10.115359,0,0.0,0.0
2007-03-01,23.75,23.75,23.75,23.75,10.115359,0,0.0,0.0
2007-03-02,23.75,23.75,23.75,23.75,10.115359,0,0.0,0.0
2007-03-05,23.65,23.75,23.65,23.65,10.072769,1000,0.0,0.0
2007-03-06,23.6,23.68,23.6,23.65,10.072769,2000,0.0,0.0
2007-03-07,23.6,23.6,23.6,23.6,10.145853,600,0.22,0.0
2007-03-08,23.6,23.6,23.6,23.6,10.145853,0,0.0,0.0
2007-03-09,23.6,23.6,23.6,23.6,10.145853,0,0.0,0.0
2007-03-12,23.6,23.6,23.6,23.6,10.145853,0,0.0,0.0
2007-03-13,23.6,23.6,23.6,23.6,10.145853,0,0.0,0.0
2007-03-14,24.5,24.5,24.5,24.5,10.532773,100,0.0,0.0
2007-03-15,24.5,24.5,24.5,24.5,10.532773,0,0.0,0.0
2007-03-16,24.5,24.5,24.5,24.5,10.532773,0,0.0,0.0
2007-03-19,24.5,24.5,24.5,24.5,10.532773,0,0.0,0.0
2007-03-20,24.5,24.5,24.5,24.5,10.532773,200,0.0,0.0
2007-03-21,25.25,26.25,25.25,26.0,11.177634,2100,0.0,0.0
2007-03-22,26.0,26.0,26.0,26.0,11.177634,300,0.0,0.0
2007-03-23,26.0,26.0,26.0,26.0,11.177634,0,0.0,0.0
2007-03-26,26.0,26.0,26.0,26.0,11.177634,0,0.0,0.0
2007-03-27,26.0,26.0,26.0,26.0,11.177634,0,0.0,0.0
2007-03-28,26.0,26.0,26.0,26.0,11.177634,0,0.0,0.0
2007-03-29,26.0,26.0,26.0,26.0,11.177634,0,0.0,0.0
2007-03-30,26.0,26.0,26.0,26.0,11.177634,0,0.0,0.0
2007-04-02,25.700001,25.700001,24.049999,24.049999,10.339314,1100,0.0,0.0
2007-04-03,24.049999,24.049999,24.049999,24.049999,10.339314,0,0.0,0.0
2007-04-04,24.049999,24.049999,24.049999,24.049999,10.339314,0,0.0,0.0
2007-04-05,24.049999,24.049999,24.049999,24.049999,10.339314,0,0.0,0.0
2007-04-09,24.1,24.1,24.1,24.1,10.360812,100,0.0,0.0
2007-04-10,24.1,24.1,24.1,24.1,10.360812,0,0.0,0.0
2007-04-11,24.1,24.1,24.1,24.1,10.360812,0,0.0,0.0
2007-04-12,24.1,24.1,24.1,24.1,10.360812,0,0.0,0.0
2007-04-13,24.1,24.1,24.1,24.1,10.360812,0,0.0,0.0
2007-04-16,24.1,24.1,24.1,24.1,10.360812,0,0.0,0.0
2007-04-17,24.1,24.1,24.1,24.1,10.360812,700,0.0,0.0
2007-04-18,24.75,24.75,24.75,24.75,10.64025,800,0.0,0.0
2007-04-19,24.15,24.15,24.15,24.15,10.382305,100,0.0,0.0
2007-04-20,24.15,24.15,24.15,24.15,10.382305,0,0.0,0.0
2007-04-23,24.15,24.15,24.15,24.15,10.382305,0,0.0,0.0
2007-04-24,24.15,24.15,24.15,24.15,10.382305,300,0.0,0.0
2007-04-25,24.15,24.15,23.5,23.5,10.102868,2500,0.0,0.0
2007-04-26,23.75,23.75,23.75,23.75,10.210341,200,0.0,0.0
2007-04-27,23.75,23.75,23.75,23.75,10.210341,0,0.0,0.0
2007-04-30,23.75,23.75,23.75,23.75,10.210341,0,0.0,0.0
2007-05-01,23.549999,23.549999,23.5,23.5,10.102868,1200,0.0,0.0
2007-05-02,24.0,24.0,24.0,24.0,10.317822,300,0.0,0.0
2007-05-03,24.0,24.0,24.0,24.0,10.317822,500,0.0,0.0
2007-05-04,24.0,24.0,24.0,24.0,10.317822,200,0.0,0.0
2007-05-07,24.0,24.0,24.0,24.0,10.317822,0,0.0,0.0
2007-05-08,24.0,24.0,24.0,24.0,10.317822,0,0.0,0.0
2007-05-09,24.0,24.0,24.0,24.0,10.317822,0,0.0,0.0
2007-05-10,24.0,24.0,24.0,24.0,10.317822,0,0.0,0.0
2007-05-11,24.0,24.0,24.0,24.0,10.317822,0,0.0,0.0
2007-05-14,23.549999,23.549999,23.1,23.1,9.930902,1100,0.0,0.0
2007-05-15,23.799999,23.799999,23.799999,23.799999,10.231839,200,0.0,0.0
2007-05-16,23.25,23.25,23.25,23.25,9.995391,400,0.0,0.0
2007-05-17,23.25,23.25,23.25,23.25,9.995391,0,0.0,0.0
2007-05-18,23.25,23.25,23.25,23.25,9.995391,200,0.0,0.0
2007-05-21,23.5,23.5,23.25,23.25,9.995391,800,0.0,0.0
2007-05-22,23.5,23.5,23.15,23.15,9.952394,800,0.0,0.0
2007-05-23,23.5,23.5,23.4,23.4,10.059873,1400,0.0,0.0
2007-05-24,23.4,23.4,23.4,23.4,10.059873,0,0.0,0.0
2007-05-25,23.25,23.25,23.0,23.0,9.887909,1000,0.0,0.0
2007-05-29,23.0,23.0,23.0,23.0,9.887909,0,0.0,0.0
2007-05-30,23.25,23.25,23.25,23.25,9.995391,600,0.0,0.0
2007-05-31,23.5,23.75,23.5,23.75,10.210341,2500,0.0,0.0
2007-06-01,23.25,23.25,22.549999,23.25,9.995391,2600,0.0,0.0
2007-06-04,22.6,22.6,22.5,22.5,9.672956,2900,0.0,0.0
2007-06-05,23.0,23.0,22.9,23.0,9.887909,1000,0.0,0.0
2007-06-06,23.0,23.0,23.0,23.0,9.983402,0,0.22,0.0
2007-06-07,23.0,23.0,23.0,23.0,9.983402,0,0.0,0.0
2007-06-08,23.0,23.0,23.0,23.0,9.983402,0,0.0,0.0
2007-06-11,22.75,22.75,22.75,22.75,9.874887,21300,0.0,0.0
2007-06-12,22.6,22.6,22.25,22.25,9.657859,800,0.0,0.0
2007-06-13,22.9,22.9,22.5,22.5,9.766375,400,0.0,0.0
2007-06-14,22.5,22.5,22.5,22.5,9.766375,800,0.0,0.0
2007-06-15,22.549999,22.9,22.549999,22.799999,9.89659,1400,0.0,0.0
2007-06-18,23.0,23.0,22.75,22.75,9.874887,1200,0.0,0.0
2007-06-19,22.75,23.0,22.75,23.0,9.983402,1200,0.0,0.0
2007-06-20,23.0,23.0,23.0,23.0,9.983402,0,0.0,0.0
2007-06-21,23.0,23.0,23.0,23.0,9.983402,0,0.0,0.0
2007-06-22,22.75,23.0,22.1,22.5,9.766375,1700,0.0,0.0
2007-06-25,22.5,22.5,22.5,22.5,9.766375,0,0.0,0.0
2007-06-26,23.1,23.1,23.049999,23.1,10.026811,2500,0.0,0.0
2007-06-27,23.1,23.1,23.1,23.1,10.026811,0,0.0,0.0
2007-06-28,23.5,23.75,23.4,23.5,10.200437,2200,0.0,0.0
2007-06-29,23.5,23.5,23.5,23.5,10.200437,0,0.0,0.0
2007-07-02,23.5,23.5,23.5,23.5,10.200437,0,0.0,0.0
2007-07-03,23.5,23.5,23.5,23.5,10.200437,500,0.0,0.0
2007-07-05,23.5,23.5,23.5,23.5,10.200437,0,0.0,0.0
2007-07-06,23.5,23.5,23.5,23.5,10.200437,0,0.0,0.0
2007-07-09,23.5,23.5,23.5,23.5,10.200437,2200,0.0,0.0
2007-07-10,23.5,23.5,23.5,23.5,10.200437,0,0.0,0.0
2007-07-11,23.5,23.5,23.5,23.5,10.200437,0,0.0,0.0
2007-07-12,23.5,23.5,23.5,23.5,10.200437,0,0.0,0.0
2007-07-13,23.5,23.5,23.5,23.5,10.200437,0,0.0,0.0
2007-07-16,23.5,23.5,23.5,23.5,10.200437,0,0.0,0.0
2007-07-17,24.0,24.0,24.0,24.0,10.417467,1400,0.0,0.0
2007-07-18,24.0,24.0,24.0,24.0,10.417467,0,0.0,0.0
2007-07-19,24.0,24.0,24.0,24.0,10.417467,0,0.0,0.0
2007-07-20,23.67,23.67,23.1,23.1,10.026811,1400,0.0,0.0
2007-07-23,23.5,23.5,23.5,23.5,10.200437,200,0.0,0.0
2007-07-24,23.75,23.75,23.75,23.75,10.308949,200,0.0,0.0
2007-07-25,23.75,23.75,23.75,23.75,10.308949,200,0.0,0.0
2007-07-26,23.75,23.75,23.75,23.75,10.308949,0,0.0,0.0
2007-07-27,24.0,24.0,24.0,24.0,10.417467,500,0.0,0.0
2007-07-30,24.0,24.0,24.0,24.0,10.417467,0,0.0,0.0
2007-07-31,24.25,24.25,24.049999,24.049999,10.439167,1800,0.0,0.0
2007-08-01,24.049999,24.049999,24.049999,24.049999,10.439167,0,0.0,0.0
2007-08-02,24.049999,24.049999,24.049999,24.049999,10.439167,0,0.0,0.0
2007-08-03,24.049999,24.049999,24.049999,24.049999,10.439167,0,0.0,0.0
2007-08-06,24.049999,24.049999,24.049999,24.049999,10.439167,0,0.0,0.0
2007-08-07,24.25,24.5,24.25,24.25,10.52598,6000,0.0,0.0
2007-08-08,24.25,24.25,24.25,24.25,10.52598,0,0.0,0.0
2007-08-09,24.5,24.5,24.5,24.5,10.634493,500,0.0,0.0
2007-08-10,24.5,24.5,24.5,24.5,10.634493,0,0.0,0.0
2007-08-13,24.5,24.5,24.5,24.5,10.634493,0,0.0,0.0
2007-08-14,24.700001,24.700001,24.700001,24.700001,10.721305,2400,0.0,0.0
2007-08-15,24.700001,24.700001,24.700001,24.700001,10.721305,0,0.0,0.0
2007-08-16,25.0,25.0,25.0,25.0,10.851526,200,0.0,0.0
2007-08-17,25.0,25.0,25.0,25.0,10.851526,0,0.0,0.0
2007-08-20,25.0,25.0,25.0,25.0,10.851526,0,0.0,0.0
2007-08-21,25.5,25.5,25.5,25.5,11.068558,300,0.0,0.0
2007-08-22,25.75,25.75,25.75,25.75,11.177071,200,0.0,0.0
2007-08-23,27.25,27.25,27.25,27.25,11.82816,2400,0.0,0.0
2007-08-24,26.75,26.75,26.75,26.75,11.611132,400,0.0,0.0
2007-08-27,26.299999,26.5,26.0,26.0,11.285583,1000,0.0,0.0
2007-08-28,26.0,26.0,26.0,26.0,11.285583,0,0.0,0.0
2007-08-29,26.0,26.0,26.0,26.0,11.285583,300,0.0,0.0
2007-08-30,25.75,25.75,25.75,25.75,11.177071,200,0.0,0.0
2007-08-31,25.75,26.0,25.75,26.0,11.285583,3000,0.0,0.0
2007-09-04,25.0,25.5,24.0,24.0,10.417467,2100,0.0,0.0
2007-09-05,24.5,24.5,24.5,24.5,10.73288,300,0.22,0.0
2007-09-06,25.0,25.0,25.0,25.0,10.95192,200,0.0,0.0
2007-09-07,24.0,24.5,23.0,23.0,10.075765,1900,0.0,0.0
2007-09-10,23.0,23.0,23.0,23.0,10.075765,0,0.0,0.0
2007-09-11,23.0,23.0,23.0,23.0,10.075765,0,0.0,0.0
2007-09-12,23.0,23.0,23.0,23.0,10.075765,0,0.0,0.0
2007-09-13,23.0,23.0,23.0,23.0,10.075765,0,0.0,0.0
2007-09-14,23.0,23.0,23.0,23.0,10.075765,0,0.0,0.0
2007-09-17,23.0,23.0,23.0,23.0,10.075765,0,0.0,0.0
2007-09-18,24.0,24.1,24.0,24.1,10.557649,1300,0.0,0.0
2007-09-19,25.0,25.0,25.0,25.0,10.95192,100,0.0,0.0
2007-09-20,25.0,25.0,25.0,25.0,10.95192,0,0.0,0.0
2007-09-21,25.0,25.0,25.0,25.0,10.95192,200,0.0,0.0
2007-09-24,24.99,24.99,24.99,24.99,10.947534,100,0.0,0.0
2007-09-25,24.99,24.99,24.99,24.99,10.947534,0,0.0,0.0
2007-09-26,24.99,24.99,24.99,24.99,10.947534,0,0.0,0.0
2007-09-27,24.99,24.99,24.99,24.99,10.947534,0,0.0,0.0
2007-09-28,25.0,25.1,25.0,25.1,10.995721,2300,0.0,0.0
2007-10-01,25.0,25.049999,24.969999,24.969999,10.938776,9300,0.0,0.0
2007-10-02,24.950001,24.950001,24.6,24.6,10.776683,600,0.0,0.0
2007-10-03,24.75,24.75,24.75,24.75,10.8424,7300,0.0,0.0
2007-10-04,24.6,24.6,24.6,24.6,10.776683,300,0.0,0.0
2007-10-05,24.6,24.6,24.6,24.6,10.776683,0,0.0,0.0
2007-10-08,24.6,24.6,24.6,24.6,10.776683,0,0.0,0.0
2007-10-09,24.5,24.5,24.5,24.5,10.73288,200,0.0,0.0
2007-10-10,24.5,24.5,24.5,24.5,10.73288,2000,0.0,0.0
2007-10-11,24.5,24.5,24.5,24.5,10.73288,0,0.0,0.0
2007-10-12,24.5,24.5,24.5,24.5,10.73288,400,0.0,0.0
2007-10-15,25.0,25.0,25.0,25.0,10.95192,300,0.0,0.0
2007-10-16,25.0,25.0,25.0,25.0,10.95192,0,0.0,0.0
2007-10-17,24.6,24.9,24.5,24.65,10.798589,4100,0.0,0.0
2007-10-18,24.5,24.5,24.25,24.25,10.623358,2900,0.0,0.0
2007-10-19,24.25,24.25,24.25,24.25,10.623358,500,0.0,0.0
2007-10-22,24.25,24.25,24.25,24.25,10.623358,500,0.0,0.0
2007-10-23,24.25,24.25,24.25,24.25,10.623358,0,0.0,0.0
2007-10-24,24.25,24.25,24.25,24.25,10.623358,0,0.0,0.0
2007-10-25,24.299999,24.299999,24.25,24.25,10.623358,600,0.0,0.0
2007-10-26,24.799999,24.799999,24.799999,24.799999,10.864305,100,0.0,0.0
2007-10-29,24.25,24.25,24.25,24.25,10.623358,300,0.0,0.0
2007-10-30,24.25,24.25,24.25,24.25,10.623358,0,0.0,0.0
2007-10-31,24.25,25.0,24.25,25.0,10.95192,1300,0.0,0.0
2007-11-01,24.25,24.25,24.25,24.25,10.623358,2800,0.0,0.0
2007-11-02,24.25,24.25,24.25,24.25,10.623358,0,0.0,0.0
2007-11-05,24.25,24.25,24.25,24.25,10.623358,0,0.0,0.0
2007-11-06,24.25,24.25,24.25,24.25,10.623358,0,0.0,0.0
2007-11-07,24.25,24.25,24.25,24.25,10.623358,400,0.0,0.0
2007-11-08,24.25,24.25,24.25,24.25,10.623358,0,0.0,0.0
2007-11-09,24.75,24.75,24.75,24.75,10.8424,800,0.0,0.0
2007-11-12,24.75,24.75,24.75,24.75,10.8424,0,0.0,0.0
2007-11-13,24.75,24.75,24.75,24.75,10.8424,0,0.0,0.0
2007-11-14,24.75,24.75,24.75,24.75,10.8424,0,0.0,0.0
2007-11-15,24.75,24.75,24.75,24.75,10.8424,0,0.0,0.0
2007-11-16,24.75,24.75,24.75,24.75,10.8424,0,0.0,0.0
2007-11-19,24.75,24.75,24.75,24.75,10.8424,0,0.0,0.0
2007-11-20,24.75,24.75,24.75,24.75,10.8424,0,0.0,0.0
2007-11-21,24.5,24.5,24.5,24.5,10.73288,200,0.0,0.0
2007-11-23,24.5,24.5,24.5,24.5,10.73288,0,0.0,0.0
2007-11-26,24.5,24.75,24.5,24.5,10.73288,2500,0.0,0.0
2007-11-27,24.5,24.5,24.5,24.5,10.73288,5600,0.0,0.0
2007-11-28,24.5,24.5,24.5,24.5,10.73288,200,0.0,0.0
2007-11-29,24.5,24.5,24.5,24.5,10.73288,0,0.0,0.0
2007-11-30,24.5,24.5,24.5,24.5,10.73288,0,0.0,0.0
2007-12-03,24.5,24.5,24.5,24.5,10.73288,0,0.0,0.0
2007-12-04,24.5,24.5,24.5,24.5,10.73288,0,0.0,0.0
2007-12-05,24.5,24.5,24.5,24.5,10.830132,0,0.22,0.0
2007-12-06,24.049999,24.049999,24.049999,24.049999,10.631207,300,0.0,0.0
2007-12-07,24.049999,24.049999,24.049999,24.049999,10.631207,0,0.0,0.0
2007-12-10,24.049999,24.049999,24.049999,24.049999,10.631207,0,0.0,0.0
2007-12-11,24.25,24.25,24.25,24.25,10.719618,1000,0.0,0.0
2007-12-12,24.26,24.26,24.25,24.25,10.719618,2800,0.0,0.0
2007-12-13,23.5,23.5,23.0,23.0,10.167061,1000,0.0,0.0
2007-12-14,22.83,22.83,22.83,22.83,10.091916,600,0.0,0.0
2007-12-17,23.0,23.0,22.83,22.83,10.091916,800,0.0,0.0
2007-12-18,22.83,22.83,22.83,22.83,10.091916,200,0.0,0.0
2007-12-19,22.83,22.83,22.83,22.83,10.091916,0,0.0,0.0
2007-12-20,22.83,22.83,22.83,22.83,10.091916,0,0.0,0.0
2007-12-21,22.83,22.83,22.83,22.83,10.091916,0,0.0,0.0
2007-12-24,22.83,22.83,22.83,22.83,10.091916,200,0.0,0.0
2007-12-26,22.83,22.83,22.83,22.83,10.091916,200,0.0,0.0
2007-12-27,22.83,22.83,22.83,22.83,10.091916,0,0.0,0.0
2007-12-28,22.83,22.83,22.83,22.83,10.091916,0,0.0,0.0
2007-12-31,22.950001,24.5,22.83,24.5,10.830132,1200,0.0,0.0
2008-01-02,24.5,24.5,24.5,24.5,10.830132,0,0.0,0.0
2008-01-03,24.5,26.5,24.5,25.0,11.051154,8000,0.0,0.0
2008-01-04,25.0,25.0,25.0,25.0,11.051154,0,0.0,0.0
2008-01-07,24.0,24.5,24.0,24.5,10.830132,1100,0.0,0.0
2008-01-08,24.0,24.0,23.35,23.35,10.321774,2500,0.0,0.0
2008-01-09,23.35,23.35,22.1,22.1,9.769217,2200,0.0,0.0
2008-01-10,22.110001,22.9,21.26,21.35,9.437681,2800,0.0,0.0
2008-01-11,21.35,21.35,20.299999,21.0,9.282966,2300,0.0,0.0
2008-01-14,21.0,21.9,21.0,21.9,9.68081,800,0.0,0.0
2008-01-15,21.0,21.15,21.0,21.15,9.349274,4500,0.0,0.0
2008-01-16,21.15,21.15,21.15,21.15,9.349274,0,0.0,0.0
2008-01-17,21.15,21.15,21.15,21.15,9.349274,0,0.0,0.0
2008-01-18,20.75,20.75,20.0,20.0,8.840925,1000,0.0,0.0
2008-01-22,20.01,20.01,18.26,18.26,8.071764,1600,0.0,0.0
2008-01-23,20.0,21.0,20.0,21.0,9.282966,600,0.0,0.0
2008-01-24,21.0,21.0,21.0,21.0,9.282966,2100,0.0,0.0
2008-01-25,21.0,21.0,21.0,21.0,9.282966,0,0.0,0.0
2008-01-28,21.0,21.0,21.0,21.0,9.282966,0,0.0,0.0
2008-01-29,21.0,21.0,21.0,21.0,9.282966,0,0.0,0.0
2008-01-30,21.200001,21.200001,21.200001,21.200001,9.371376,400,0.0,0.0
2008-01-31,21.200001,21.200001,21.200001,21.200001,9.371376,800,0.0,0.0
2008-02-01,21.200001,21.200001,21.200001,21.200001,9.371376,0,0.0,0.0
2008-02-04,21.200001,21.200001,21.200001,21.200001,9.371376,0,0.0,0.0
2008-02-05,21.200001,21.200001,21.200001,21.200001,9.371376,0,0.0,0.0
2008-02-06,21.5,21.5,21.200001,21.200001,9.371376,1200,0.0,0.0
2008-02-07,21.200001,21.200001,21.200001,21.200001,9.371376,0,0.0,0.0
2008-02-08,21.200001,21.200001,21.200001,21.200001,9.371376,0,0.0,0.0
2008-02-11,21.200001,21.200001,21.200001,21.200001,9.371376,0,0.0,0.0
2008-02-12,21.200001,21.200001,21.200001,21.200001,9.371376,0,0.0,0.0
2008-02-13,21.200001,21.200001,21.200001,21.200001,9.371376,0,0.0,0.0
2008-02-14,21.75,21.75,21.75,21.75,9.614509,100,0.0,0.0
2008-02-15,21.75,21.75,21.75,21.75,9.614509,0,0.0,0.0
2008-02-19,21.75,21.75,21.75,21.75,9.614509,0,0.0,0.0
2008-02-20,21.299999,21.299999,21.299999,21.299999,9.415582,200,0.0,0.0
2008-02-21,21.299999,21.299999,21.299999,21.299999,9.415582,0,0.0,0.0
2008-02-22,21.5,21.5,21.5,21.5,9.503989,200,0.0,0.0
2008-02-25,21.5,21.5,21.5,21.5,9.503989,0,0.0,0.0
2008-02-26,21.25,21.25,21.0,21.0,9.282966,1000,0.0,0.0
2008-02-27,21.0,21.0,21.0,21.0,9.282966,0,0.0,0.0
2008-02-28,21.0,21.0,21.0,21.0,9.282966,0,0.0,0.0
2008-02-29,21.5,21.5,21.5,21.5,9.503989,400,0.0,0.0
2008-03-03,21.5,21.5,21.5,21.5,9.503989,0,0.0,0.0
2008-03-04,21.5,21.5,21.5,21.5,9.503989,0,0.0,0.0
2008-03-05,21.5,21.5,21.0,21.0,9.383342,1400,0.23,0.0
2008-03-06,20.5,20.5,20.5,20.5,9.159941,800,0.0,0.0
2008-03-07,20.5,20.5,20.5,20.5,9.159941,0,0.0,0.0
2008-03-10,20.5,20.5,20.5,20.5,9.159941,0,0.0,0.0
2008-03-11,20.5,20.5,20.5,20.5,9.159941,0,0.0,0.0
2008-03-12,20.5,20.5,20.5,20.5,9.159941,0,0.0,0.0
2008-03-13,20.5,20.5,20.5,20.5,9.159941,300,0.0,0.0
2008-03-14,20.5,20.5,20.5,20.5,9.159941,0,0.0,0.0
2008-03-17,20.5,20.5,20.049999,20.049999,8.958864,5500,0.0,0.0
2008-03-18,20.049999,20.049999,19.75,20.01,8.94099,2700,0.0,0.0
2008-03-19,20.01,20.01,20.01,20.01,8.94099,0,0.0,0.0
2008-03-20,20.01,20.01,20.01,20.01,8.94099,0,0.0,0.0
2008-03-24,19.9,19.9,19.27,19.27,8.610341,1300,0.0,0.0
2008-03-25,19.9,19.9,19.9,19.9,8.891838,700,0.0,0.0
2008-03-26,19.9,19.9,19.9,19.9,8.891838,500,0.0,0.0
2008-03-27,19.9,19.9,19.9,19.9,8.891838,0,0.0,0.0
2008-03-28,19.5,19.5,19.5,19.5,8.713109,500,0.0,0.0
2008-03-31,19.35,19.549999,19.35,19.549999,8.735453,2000,0.0,0.0
2008-04-01,19.9,20.5,19.450001,19.9,8.891838,8400,0.0,0.0
2008-04-02,19.9,19.9,19.9,19.9,8.891838,0,0.0,0.0
2008-04-03,19.9,19.9,19.9,19.9,8.891838,0,0.0,0.0
2008-04-04,19.9,19.9,19.9,19.9,8.891838,0,0.0,0.0
2008-04-07,19.4,19.549999,19.4,19.4,8.668427,1700,0.0,0.0
2008-04-08,19.4,19.4,19.4,19.4,8.668427,0,0.0,0.0
2008-04-09,19.35,19.5,19.35,19.450001,8.690766,20100,0.0,0.0
2008-04-10,19.5,19.549999,19.4,19.549999,8.735453,1800,0.0,0.0
2008-04-11,19.549999,19.549999,19.450001,19.549999,8.735453,800,0.0,0.0
2008-04-14,19.4,19.4,19.4,19.4,8.668427,300,0.0,0.0
2008-04-15,19.84,19.84,19.84,19.84,8.865029,300,0.0,0.0
2008-04-16,19.84,19.84,19.299999,19.299999,8.623745,1300,0.0,0.0
2008-04-17,19.299999,19.299999,19.299999,19.299999,8.623745,0,0.0,0.0
2008-04-18,19.65,19.700001,19.65,19.700001,8.802477,1000,0.0,0.0
2008-04-21,19.700001,19.700001,19.700001,19.700001,8.802477,0,0.0,0.0
2008-04-22,20.75,22.01,20.75,22.0,9.830172,5000,0.0,0.0
2008-04-23,22.5,23.75,21.0,21.0,9.383342,8400,0.0,0.0
2008-04-24,21.5,21.5,21.5,21.5,9.606761,1900,0.0,0.0
2008-04-25,21.15,21.299999,21.0,21.15,9.450371,8200,0.0,0.0
2008-04-28,21.15,21.15,21.15,21.15,9.450371,0,0.0,0.0
2008-04-29,21.25,21.25,20.799999,20.799999,9.293982,1000,0.0,0.0
2008-04-30,20.799999,20.799999,20.799999,20.799999,9.293982,0,0.0,0.0
2008-05-01,20.85,20.9,20.299999,20.5,9.159941,3300,0.0,0.0
2008-05-02,20.049999,20.049999,20.049999,20.049999,8.958864,500,0.0,0.0
2008-05-05,20.299999,20.299999,20.25,20.25,9.048229,2300,0.0,0.0
2008-05-06,20.6,20.9,20.6,20.75,9.271642,2700,0.0,0.0
2008-05-07,20.75,20.75,20.75,20.75,9.271642,0,0.0,0.0
2008-05-08,20.75,20.75,20.75,20.75,9.271642,0,0.0,0.0
2008-05-09,20.75,20.75,20.75,20.75,9.271642,0,0.0,0.0
2008-05-12,20.75,20.75,20.75,20.75,9.271642,0,0.0,0.0
2008-05-13,20.799999,21.0,20.799999,21.0,9.383342,1200,0.0,0.0
2008-05-14,21.0,21.0,21.0,21.0,9.383342,0,0.0,0.0
2008-05-15,20.700001,20.700001,20.5,20.5,9.159941,1300,0.0,0.0
2008-05-16,20.5,20.5,20.5,20.5,9.159941,0,0.0,0.0
2008-05-19,20.5,20.6,20.5,20.6,9.20462,600,0.0,0.0
2008-05-20,20.6,20.6,20.6,20.6,9.20462,0,0.0,0.0
2008-05-21,21.0,21.0,21.0,21.0,9.383342,200,0.0,0.0
2008-05-22,21.0,21.0,21.0,21.0,9.383342,0,0.0,0.0
2008-05-23,21.0,21.0,21.0,21.0,9.383342,0,0.0,0.0
2008-05-27,21.0,21.0,21.0,21.0,9.383342,0,0.0,0.0
2008-05-28,20.9,20.9,20.9,20.9,9.338665,300,0.0,0.0
2008-05-29,20.9,20.9,20.9,20.9,9.338665,0,0.0,0.0
2008-05-30,20.9,20.9,20.9,20.9,9.338665,0,0.0,0.0
2008-06-02,20.9,20.9,20.9,20.9,9.338665,0,0.0,0.0
2008-06-03,20.9,20.9,20.9,20.9,9.338665,0,0.0,0.0
2008-06-04,20.9,20.9,20.9,20.9,9.442577,0,0.23,0.0
2008-06-05,22.0,22.0,22.0,22.0,9.939554,200,0.0,0.0
2008-06-06,22.0,22.0,22.0,22.0,9.939554,300,0.0,0.0
2008-06-09,22.0,22.0,22.0,22.0,9.939554,0,0.0,0.0
2008-06-10,22.0,22.0,22.0,22.0,9.939554,0,0.0,0.0
2008-06-11,22.0,22.0,22.0,22.0,9.939554,300,0.0,0.0
2008-06-12,21.299999,21.299999,20.299999,20.299999,9.1715,600,0.0,0.0
2008-06-13,20.0,20.0,20.0,20.0,9.035963,200,0.0,0.0
2008-06-16,20.0,20.0,20.0,20.0,9.035963,0,0.0,0.0
2008-06-17,20.0,20.0,20.0,20.0,9.035963,0,0.0,0.0
2008-06-18,20.0,20.0,20.0,20.0,9.035963,0,0.0,0.0
2008-06-19,20.0,20.0,20.0,20.0,9.035963,0,0.0,0.0
2008-06-20,20.0,20.0,20.0,20.0,9.035963,0,0.0,0.0
2008-06-23,19.5,19.5,19.5,19.5,8.810063,100,0.0,0.0
2008-06-24,19.5,19.5,19.5,19.5,8.810063,0,0.0,0.0
2008-06-25,19.5,19.5,19.5,19.5,8.810063,0,0.0,0.0
2008-06-26,19.5,19.5,19.5,19.5,8.810063,200,0.0,0.0
2008-06-27,19.5,19.5,19.5,19.5,8.810063,0,0.0,0.0
2008-06-30,19.65,19.65,19.6,19.6,8.855239,600,0.0,0.0
2008-07-01,19.6,19.6,19.6,19.6,8.960386,0,0.23,0.0
2008-07-02,19.5,19.5,19.5,19.5,8.914675,500,0.0,0.0
2008-07-03,19.5,19.6,19.5,19.6,8.960386,3000,0.0,0.0
2008-07-07,19.6,19.6,19.6,19.6,8.960386,0,0.0,0.0
2008-07-08,19.6,19.6,19.6,19.6,8.960386,0,0.0,0.0
2008-07-09,19.6,19.6,19.6,19.6,8.960386,0,0.0,0.0
2008-07-10,19.6,19.6,19.6,19.6,8.960386,0,0.0,0.0
2008-07-11,19.6,19.6,19.6,19.6,8.960386,0,0.0,0.0
2008-07-14,19.1,19.1,19.0,19.0,8.686092,900,0.0,0.0
2008-07-15,18.049999,18.049999,16.0,16.0,7.314602,3200,0.0,0.0
2008-07-16,16.049999,18.15,16.049999,17.049999,7.794625,3400,0.0,0.0
2008-07-17,18.200001,18.200001,18.200001,18.200001,8.320362,700,0.0,0.0
2008-07-18,18.200001,18.200001,18.200001,18.200001,8.320362,0,0.0,0.0
2008-07-21,19.299999,19.299999,19.25,19.299999,8.823242,1300,0.0,0.0
2008-07-22,19.700001,19.700001,19.700001,19.700001,9.006104,500,0.0,0.0
2008-07-23,19.700001,19.700001,19.700001,19.700001,9.006104,0,0.0,0.0
2008-07-24,20.0,20.0,19.700001,19.700001,9.006104,2600,0.0,0.0
2008-07-25,19.700001,19.700001,19.700001,19.700001,9.006104,0,0.0,0.0
2008-07-28,19.85,20.0,19.85,20.0,9.143259,500,0.0,0.0
2008-07-29,19.85,19.85,19.85,19.85,9.074677,200,0.0,0.0
2008-07-30,19.85,19.85,19.85,19.85,9.074677,0,0.0,0.0
2008-07-31,19.85,19.85,19.85,19.85,9.074677,0,0.0,0.0
2008-08-01,19.85,19.85,19.85,19.85,9.074677,800,0.0,0.0
2008-08-04,19.85,19.85,19.85,19.85,9.074677,300,0.0,0.0
2008-08-05,19.85,19.85,19.85,19.85,9.074677,0,0.0,0.0
2008-08-06,19.85,19.85,19.85,19.85,9.074677,0,0.0,0.0
2008-08-07,19.85,19.85,19.85,19.85,9.074677,0,0.0,0.0
2008-08-08,19.85,19.85,19.85,19.85,9.074677,0,0.0,0.0
2008-08-11,19.85,19.85,19.85,19.85,9.074677,0,0.0,0.0
2008-08-12,19.85,19.85,19.85,19.85,9.074677,0,0.0,0.0
2008-08-13,19.85,19.85,19.85,19.85,9.074677,0,0.0,0.0
2008-08-14,19.85,19.85,19.85,19.85,9.074677,0,0.0,0.0
2008-08-15,19.9,19.9,19.5,19.5,8.914675,1400,0.0,0.0
2008-08-18,19.5,19.5,19.5,19.5,8.914675,0,0.0,0.0
2008-08-19,19.5,19.5,19.5,19.5,8.914675,0,0.0,0.0
2008-08-20,19.5,19.5,19.5,19.5,8.914675,0,0.0,0.0
2008-08-21,19.5,19.5,19.5,19.5,8.914675,0,0.0,0.0
2008-08-22,21.0,21.0,21.0,21.0,9.600411,100,0.0,0.0
2008-08-25,20.0,20.049999,20.0,20.049999,9.166113,800,0.0,0.0
2008-08-26,20.049999,20.049999,20.049999,20.049999,9.166113,0,0.0,0.0
2008-08-27,20.049999,20.049999,20.049999,20.049999,9.166113,0,0.0,0.0
2008-08-28,20.5,20.5,20.5,20.5,9.37184,200,0.0,0.0
2008-08-29,20.5,20.5,20.5,20.5,9.37184,0,0.0,0.0
2008-09-02,20.5,20.5,20.5,20.5,9.37184,0,0.0,0.0
2008-09-03,20.0,20.0,20.0,20.0,9.247006,400,0.23,0.0
2008-09-04,20.0,20.0,20.0,20.0,9.247006,0,0.0,0.0
2008-09-05,20.0,20.0,20.0,20.0,9.247006,0,0.0,0.0
2008-09-08,20.0,20.0,20.0,20.0,9.247006,0,0.0,0.0
2008-09-09,20.0,20.0,20.0,20.0,9.247006,0,0.0,0.0
2008-09-10,20.0,20.0,20.0,20.0,9.247006,0,0.0,0.0
2008-09-11,20.0,20.0,20.0,20.0,9.247006,0,0.0,0.0
2008-09-12,20.0,20.0,19.76,19.76,9.136041,600,0.0,0.0
2008-09-15,19.76,19.76,19.76,19.76,9.136041,0,0.0,0.0
2008-09-16,19.73,20.5,19.73,20.5,9.478179,500,0.0,0.0
2008-09-17,19.700001,19.700001,19.700001,19.700001,9.108295,100,0.0,0.0
2008-09-18,19.700001,19.700001,19.700001,19.700001,9.108295,0,0.0,0.0
2008-09-19,19.799999,20.5,19.799999,20.5,9.478179,300,0.0,0.0
2008-09-22,19.799999,19.83,19.799999,19.83,9.168402,200,0.0,0.0
2008-09-23,19.83,19.83,19.83,19.83,9.168402,0,0.0,0.0
2008-09-24,19.83,19.83,19.83,19.83,9.168402,0,0.0,0.0
2008-09-25,20.5,20.5,20.5,20.5,9.478179,100,0.0,0.0
2008-09-26,20.5,20.5,20.5,20.5,9.478179,0,0.0,0.0
2008-09-29,20.5,20.5,20.5,20.5,9.478179,0,0.0,0.0
2008-09-30,19.799999,19.799999,19.799999,19.799999,9.154531,300,0.0,0.0
2008-10-01,19.799999,19.83,19.200001,19.200001,8.87712,1700,0.0,0.0
2008-10-02,19.200001,19.200001,19.200001,19.200001,8.87712,0,0.0,0.0
2008-10-03,18.75,18.75,18.75,18.75,8.669065,200,0.0,0.0
2008-10-06,18.75,18.75,18.75,18.75,8.669065,0,0.0,0.0
2008-10-07,18.76,18.76,18.76,18.76,8.673686,300,0.0,0.0
2008-10-08,18.1,18.76,17.5,17.73,8.197465,4300,0.0,0.0
2008-10-09,17.25,17.5,17.25,17.5,8.091126,19300,0.0,0.0
2008-10-10,17.549999,17.549999,16.5,16.5,7.628778,1200,0.0,0.0
2008-10-13,16.799999,17.0,16.799999,17.0,7.859952,900,0.0,0.0
2008-10-14,17.5,18.25,17.5,18.25,8.437889,900,0.0,0.0
2008-10-15,18.25,18.25,18.25,18.25,8.437889,0,0.0,0.0
2008-10-16,17.5,17.5,17.5,17.5,8.091126,200,0.0,0.0
2008-10-17,17.5,17.5,17.5,17.5,8.091126,0,0.0,0.0
2008-10-20,17.5,17.5,17.5,17.5,8.091126,0,0.0,0.0
2008-10-21,17.5,17.5,17.5,17.5,8.091126,0,0.0,0.0
2008-10-22,17.5,17.5,17.5,17.5,8.091126,0,0.0,0.0
2008-10-23,18.24,18.25,18.24,18.25,8.437889,1800,0.0,0.0
2008-10-24,18.25,18.25,18.25,18.25,8.437889,0,0.0,0.0
2008-10-27,18.75,18.75,18.75,18.75,8.669065,1000,0.0,0.0
2008-10-28,18.75,18.75,18.75,18.75,8.669065,0,0.0,0.0
2008-10-29,18.75,18.75,18.75,18.75,8.669065,200,0.0,0.0
2008-10-30,18.75,18.75,18.75,18.75,8.669065,0,0.0,0.0
2008-10-31,19.5,19.5,19.5,19.5,9.015827,200,0.0,0.0
2008-11-03,19.5,19.5,19.5,19.5,9.015827,300,0.0,0.0
2008-11-04,19.5,19.950001,18.75,18.75,8.669065,800,0.0,0.0
2008-11-05,18.75,18.75,18.75,18.75,8.669065,0,0.0,0.0
2008-11-06,18.75,18.75,18.75,18.75,8.669065,0,0.0,0.0
2008-11-07,18.75,18.75,18.75,18.75,8.669065,0,0.0,0.0
2008-11-10,18.75,18.75,18.75,18.75,8.669065,0,0.0,0.0
2008-11-11,18.75,18.75,18.75,18.75,8.669065,0,0.0,0.0
2008-11-12,18.75,18.75,18.75,18.75,8.669065,0,0.0,0.0
2008-11-13,18.75,18.75,18.75,18.75,8.669065,600,0.0,0.0
2008-11-14,18.75,18.75,18.75,18.75,8.669065,0,0.0,0.0
2008-11-17,19.950001,19.950001,19.950001,19.950001,9.223886,300,0.0,0.0
2008-11-18,19.1,19.1,18.75,18.75,8.669065,700,0.0,0.0
2008-11-19,18.75,18.75,18.75,18.75,8.669065,0,0.0,0.0
2008-11-20,18.75,18.75,18.75,18.75,8.669065,0,0.0,0.0
2008-11-21,18.75,18.75,18.75,18.75,8.669065,700,0.0,0.0
2008-11-24,18.75,18.75,18.75,18.75,8.669065,0,0.0,0.0
2008-11-25,18.75,18.75,18.75,18.75,8.669065,0,0.0,0.0
2008-11-26,18.1,18.25,17.700001,18.25,8.437889,6700,0.0,0.0
2008-11-28,17.75,17.75,17.75,17.75,8.206711,500,0.0,0.0
2008-12-01,17.9,17.9,16.5,16.5,7.628778,9300,0.0,0.0
2008-12-02,15.6,16.200001,15.55,16.0,7.3976,6500,0.0,0.0
2008-12-03,16.0,16.0,15.0,15.85,7.43513,13200,0.23,0.0
2008-12-04,15.77,16.0,15.77,16.0,7.50549,600,0.0,0.0
2008-12-05,16.85,17.01,16.85,17.0,7.974588,1700,0.0,0.0
2008-12-08,17.5,17.5,17.5,17.5,8.209133,800,0.0,0.0
2008-12-09,17.5,17.5,17.5,17.5,8.209133,0,0.0,0.0
2008-12-10,19.950001,20.0,19.950001,20.0,9.381868,200,0.0,0.0
2008-12-11,20.0,20.0,20.0,20.0,9.381868,0,0.0,0.0
2008-12-12,17.5,17.549999,17.5,17.549999,8.232587,900,0.0,0.0
2008-12-15,17.549999,17.549999,17.549999,17.549999,8.232587,0,0.0,0.0
2008-12-16,17.549999,17.549999,17.549999,17.549999,8.232587,300,0.0,0.0
2008-12-17,17.549999,17.549999,17.549999,17.549999,8.232587,0,0.0,0.0
2008-12-18,17.549999,17.549999,17.549999,17.549999,8.232587,0,0.0,0.0
2008-12-19,17.549999,17.549999,17.549999,17.549999,8.232587,0,0.0,0.0
2008-12-22,17.9,17.9,17.6,17.6,8.256041,300,0.0,0.0
2008-12-23,17.6,17.6,17.549999,17.59,8.251351,1400,0.0,0.0
2008-12-24,17.5,17.6,17.5,17.6,8.256041,1900,0.0,0.0
2008-12-26,17.1,17.1,17.1,17.1,8.021496,200,0.0,0.0
2008-12-29,17.85,21.0,17.85,18.0,8.443676,1700,0.0,0.0
2008-12-30,17.25,17.77,17.25,17.5,8.209133,1400,0.0,0.0
2008-12-31,17.5,17.5,17.5,17.5,8.209133,0,0.0,0.0
2009-01-02,17.5,17.5,17.5,17.5,8.209133,0,0.0,0.0
2009-01-05,17.5,17.5,17.5,17.5,8.209133,0,0.0,0.0
2009-01-06,17.5,17.5,17.5,17.5,8.209133,0,0.0,0.0
2009-01-07,18.0,18.0,18.0,18.0,8.443676,400,0.0,0.0
2009-01-08,18.0,18.0,18.0,18.0,8.443676,0,0.0,0.0
2009-01-09,18.17,18.17,18.17,18.17,8.523423,200,0.0,0.0
2009-01-12,17.75,17.75,17.5,17.51,8.213822,800,0.0,0.0
2009-01-13,17.5,17.5,17.5,17.5,8.209133,500,0.0,0.0
2009-01-14,17.5,17.5,17.5,17.5,8.209133,0,0.0,0.0
2009-01-15,17.5,17.5,17.5,17.5,8.209133,0,0.0,0.0
2009-01-16,17.5,17.5,17.15,17.15,8.044954,1500,0.0,0.0
2009-01-20,17.15,17.15,17.15,17.15,8.044954,600,0.0,0.0
2009-01-21,17.950001,17.950001,17.950001,17.950001,8.42022,100,0.0,0.0
2009-01-22,17.950001,17.950001,17.950001,17.950001,8.42022,0,0.0,0.0
2009-01-23,17.950001,17.950001,17.950001,17.950001,8.42022,0,0.0,0.0
2009-01-26,17.15,17.15,17.15,17.15,8.044954,200,0.0,0.0
2009-01-27,17.15,17.15,17.15,17.15,8.044954,400,0.0,0.0
2009-01-28,17.5,17.700001,17.5,17.700001,8.302952,1300,0.0,0.0
2009-01-29,17.700001,17.75,17.0,17.75,8.326403,800,0.0,0.0
2009-01-30,17.75,17.75,17.75,17.75,8.326403,0,0.0,0.0
2009-02-02,17.200001,17.200001,17.0,17.0,7.974588,1700,0.0,0.0
2009-02-03,17.0,17.0,16.25,16.25,7.622767,1300,0.0,0.0
2009-02-04,17.0,17.0,16.5,17.0,7.974588,2500,0.0,0.0
2009-02-05,17.0,17.0,17.0,17.0,7.974588,0,0.0,0.0
2009-02-06,16.9,16.9,16.9,16.9,7.92768,400,0.0,0.0
2009-02-09,16.75,16.75,16.75,16.75,7.857314,200,0.0,0.0
2009-02-10,16.75,16.75,16.75,16.75,7.857314,0,0.0,0.0
2009-02-11,16.75,16.75,16.75,16.75,7.857314,0,0.0,0.0
2009-02-12,16.75,16.75,16.75,16.75,7.857314,1300,0.0,0.0
2009-02-13,16.75,16.75,16.75,16.75,7.857314,0,0.0,0.0
2009-02-17,16.75,16.75,16.75,16.75,7.857314,0,0.0,0.0
2009-02-18,16.75,16.75,16.75,16.75,7.857314,0,0.0,0.0
2009-02-19,17.0,17.0,17.0,17.0,7.974588,700,0.0,0.0
2009-02-20,17.0,18.0,17.0,17.0,7.974588,500,0.0,0.0
2009-02-23,17.0,17.0,17.0,17.0,7.974588,500,0.0,0.0
2009-02-24,16.030001,16.030001,16.0,16.0,7.50549,600,0.0,0.0
2009-02-25,16.0,16.0,16.0,16.0,7.50549,0,0.0,0.0
2009-02-26,16.0,16.0,16.0,16.0,7.50549,0,0.0,0.0
2009-02-27,16.5,16.5,16.5,16.5,7.740042,400,0.0,0.0
2009-03-02,16.549999,16.549999,16.5,16.5,7.740042,700,0.0,0.0
2009-03-03,16.5,16.5,16.5,16.5,7.740042,0,0.0,0.0
2009-03-04,17.0,17.0,17.0,17.0,8.092295,100,0.24,0.0
2009-03-05,17.0,17.0,17.0,17.0,8.092295,1000,0.0,0.0
2009-03-06,17.0,17.0,17.0,17.0,8.092295,1900,0.0,0.0
2009-03-09,17.0,17.0,16.1,16.1,7.663879,5200,0.0,0.0
2009-03-10,17.0,17.0,17.0,17.0,8.092295,6700,0.0,0.0
2009-03-11,17.0,17.5,17.0,17.25,8.211293,2800,0.0,0.0
2009-03-12,17.25,17.25,17.25,17.25,8.211293,0,0.0,0.0
2009-03-13,17.0,17.0,17.0,17.0,8.092295,1000,0.0,0.0
2009-03-16,17.0,17.0,17.0,17.0,8.092295,0,0.0,0.0
2009-03-17,17.5,17.5,17.5,17.5,8.330299,1800,0.0,0.0
2009-03-18,17.5,17.5,17.5,17.5,8.330299,200,0.0,0.0
2009-03-19,17.5,17.5,17.5,17.5,8.330299,0,0.0,0.0
2009-03-20,17.5,17.5,17.5,17.5,8.330299,800,0.0,0.0
2009-03-23,17.5,17.5,17.5,17.5,8.330299,0,0.0,0.0
2009-03-24,17.5,17.5,17.5,17.5,8.330299,0,0.0,0.0
2009-03-25,17.25,17.25,17.25,17.25,8.211293,2700,0.0,0.0
2009-03-26,17.25,17.25,17.25,17.25,8.211293,0,0.0,0.0
2009-03-27,17.5,17.75,17.5,17.75,8.449306,200,0.0,0.0
2009-03-30,17.75,17.75,17.75,17.75,8.449306,0,0.0,0.0
2009-03-31,17.75,17.75,17.75,17.75,8.449306,0,0.0,0.0
2009-04-01,17.75,17.75,17.75,17.75,8.449306,0,0.0,0.0
2009-04-02,17.33,17.33,17.33,17.33,8.249377,300,0.0,0.0
2009-04-03,17.34,17.34,17.34,17.34,8.254138,900,0.0,0.0
2009-04-06,17.33,17.33,17.33,17.33,8.249377,1000,0.0,0.0
2009-04-07,17.33,17.33,17.33,17.33,8.249377,0,0.0,0.0
2009-04-08,17.33,17.33,17.33,17.33,8.249377,0,0.0,0.0
2009-04-09,17.290001,17.290001,17.290001,17.290001,8.230336,1400,0.0,0.0
2009-04-13,17.299999,17.299999,17.299999,17.299999,8.235097,1000,0.0,0.0
2009-04-14,17.299999,17.299999,17.299999,17.299999,8.235097,1000,0.0,0.0
2009-04-15,17.299999,17.299999,17.299999,17.299999,8.235097,1200,0.0,0.0
2009-04-16,17.299999,17.299999,17.299999,17.299999,8.235097,400,0.0,0.0
2009-04-17,17.299999,17.299999,17.25,17.25,8.211293,400,0.0,0.0
2009-04-20,17.25,17.25,17.25,17.25,8.211293,0,0.0,0.0
2009-04-21,17.299999,17.299999,17.299999,17.299999,8.235097,100,0.0,0.0
2009-04-22,17.299999,17.299999,17.299999,17.299999,8.235097,0,0.0,0.0
2009-04-23,17.299999,17.299999,17.299999,17.299999,8.235097,2100,0.0,0.0
2009-04-24,17.299999,17.299999,17.299999,17.299999,8.235097,0,0.0,0.0
2009-04-27,17.299999,17.299999,17.299999,17.299999,8.235097,0,0.0,0.0
2009-04-28,17.299999,17.299999,17.299999,17.299999,8.235097,0,0.0,0.0
2009-04-29,17.299999,17.299999,17.299999,17.299999,8.235097,200,0.0,0.0
2009-04-30,17.299999,17.299999,17.299999,17.299999,8.235097,0,0.0,0.0
2009-05-01,17.299999,17.299999,17.299999,17.299999,8.235097,0,0.0,0.0
2009-05-04,17.299999,17.299999,17.200001,17.299999,8.235097,1900,0.0,0.0
2009-05-05,17.299999,17.299999,17.299999,17.299999,8.235097,0,0.0,0.0
2009-05-06,17.200001,17.299999,17.200001,17.299999,8.235097,5700,0.0,0.0
2009-05-07,17.299999,17.299999,17.299999,17.299999,8.235097,100,0.0,0.0
2009-05-08,17.1,17.200001,17.09,17.200001,8.187492,1400,0.0,0.0
2009-05-11,17.200001,17.200001,17.200001,17.200001,8.187492,800,0.0,0.0
2009-05-12,17.15,17.299999,17.15,17.299999,8.235097,2300,0.0,0.0
2009-05-13,17.299999,17.299999,17.299999,17.299999,8.235097,0,0.0,0.0
2009-05-14,17.299999,17.35,17.299999,17.35,8.258897,1400,0.0,0.0
2009-05-15,17.25,17.25,17.25,17.25,8.211293,400,0.0,0.0
2009-05-18,17.15,17.15,17.15,17.15,8.163697,800,0.0,0.0
2009-05-19,17.35,17.35,17.35,17.35,8.258897,1900,0.0,0.0
2009-05-20,17.25,17.299999,17.15,17.299999,8.235097,4400,0.0,0.0
2009-05-21,17.299999,17.299999,17.299999,17.299999,8.235097,0,0.0,0.0
2009-05-22,17.35,17.35,17.35,17.35,8.258897,1300,0.0,0.0
2009-05-26,17.75,17.75,17.75,17.75,8.449306,600,0.0,0.0
2009-05-27,17.75,18.0,17.75,18.0,8.568307,600,0.0,0.0
2009-05-28,18.0,18.15,18.0,18.15,8.63971,1900,0.0,0.0
2009-05-29,18.15,18.25,18.15,18.15,8.63971,1500,0.0,0.0
2009-06-01,18.15,18.15,18.15,18.15,8.63971,0,0.0,0.0
2009-06-02,18.25,18.700001,18.25,18.700001,8.901523,1200,0.0,0.0
2009-06-03,18.700001,18.700001,18.700001,18.700001,9.017251,0,0.24,0.0
2009-06-04,18.700001,18.700001,18.700001,18.700001,9.017251,0,0.0,0.0
2009-06-05,18.700001,18.700001,18.700001,18.700001,9.017251,0,0.0,0.0
2009-06-08,18.700001,18.700001,18.700001,18.700001,9.017251,400,0.0,0.0
2009-06-09,18.700001,18.700001,18.700001,18.700001,9.017251,200,0.0,0.0
2009-06-10,18.700001,18.700001,18.700001,18.700001,9.017251,0,0.0,0.0
2009-06-11,18.700001,18.700001,18.700001,18.700001,9.017251,0,0.0,0.0
2009-06-12,18.450001,18.450001,18.4,18.4,8.872585,8600,0.0,0.0
2009-06-15,18.4,18.4,18.4,18.4,8.872585,0,0.0,0.0
2009-06-16,18.700001,18.700001,18.700001,18.700001,9.017251,200,0.0,0.0
2009-06-17,18.700001,18.700001,18.4,18.4,8.872585,500,0.0,0.0
2009-06-18,18.5,18.5,18.5,18.5,8.92081,200,0.0,0.0
2009-06-19,18.25,18.25,17.559999,17.559999,8.467538,1400,0.0,0.0
2009-06-22,17.559999,17.559999,17.559999,17.559999,8.467538,0,0.0,0.0
2009-06-23,17.700001,17.700001,17.25,17.370001,8.375917,2000,0.0,0.0
2009-06-24,17.4,17.4,17.25,17.35,8.366269,1100,0.0,0.0
2009-06-25,16.870001,17.1,16.870001,17.1,8.245721,2700,0.0,0.0
2009-06-26,16.870001,17.700001,16.65,16.65,8.028729,7100,0.0,0.0
2009-06-29,16.950001,16.950001,16.950001,16.950001,8.173389,400,0.0,0.0
2009-06-30,16.700001,16.700001,16.35,16.450001,7.932285,3300,0.0,0.0
2009-07-01,17.200001,17.200001,17.200001,17.200001,8.293942,400,0.0,0.0
2009-07-02,17.200001,17.200001,17.200001,17.200001,8.293942,0,0.0,0.0
2009-07-06,16.799999,16.799999,16.799999,16.799999,8.101054,400,0.0,0.0
2009-07-07,16.799999,16.799999,16.799999,16.799999,8.101054,0,0.0,0.0
2009-07-08,16.799999,16.799999,16.799999,16.799999,8.101054,200,0.0,0.0
2009-07-09,16.799999,16.799999,16.799999,16.799999,8.101054,0,0.0,0.0
2009-07-10,16.799999,16.799999,16.35,16.35,7.884064,800,0.0,0.0
2009-07-13,16.25,16.25,16.25,16.25,7.835847,200,0.0,0.0
2009-07-14,16.5,16.6,16.5,16.6,8.004618,1100,0.0,0.0
2009-07-15,16.299999,16.5,16.299999,16.5,7.956398,700,0.0,0.0
2009-07-16,16.6,16.6,16.6,16.6,8.004618,1000,0.0,0.0
2009-07-17,16.9,16.9,16.5,16.5,7.956398,1500,0.0,0.0
2009-07-20,16.35,16.35,16.35,16.35,7.884064,100,0.0,0.0
2009-07-21,16.35,16.35,16.35,16.35,7.884064,0,0.0,0.0
2009-07-22,16.4,16.4,16.4,16.4,7.908174,200,0.0,0.0
2009-07-23,16.4,16.4,16.4,16.4,7.908174,200,0.0,0.0
2009-07-24,16.4,16.4,16.4,16.4,7.908174,0,0.0,0.0
2009-07-27,17.5,17.700001,16.049999,16.389999,7.903357,7400,0.0,0.0
2009-07-28,16.059999,16.059999,16.059999,16.059999,7.744227,200,0.0,0.0
2009-07-29,16.059999,16.059999,16.059999,16.059999,7.744227,0,0.0,0.0
2009-07-30,16.75,16.75,16.4,16.4,7.908174,800,0.0,0.0
2009-07-31,17.35,17.5,17.35,17.5,8.438604,600,0.0,0.0
2009-08-03,17.5,17.5,17.5,17.5,8.438604,100,0.0,0.0
2009-08-04,17.5,17.5,17.5,17.5,8.438604,0,0.0,0.0
2009-08-05,17.700001,18.0,17.700001,18.0,8.679706,400,0.0,0.0
2009-08-06,16.5,16.5,16.5,16.5,7.956398,400,0.0,0.0
2009-08-07,16.5,16.5,16.5,16.5,7.956398,0,0.0,0.0
2009-08-10,17.0,17.0,17.0,17.0,8.197501,300,0.0,0.0
2009-08-11,17.0,17.0,17.0,17.0,8.197501,0,0.0,0.0
2009-08-12,17.0,17.0,17.0,17.0,8.197501,1000,0.0,0.0
2009-08-13,17.0,17.0,17.0,17.0,8.197501,0,0.0,0.0
2009-08-14,17.0,17.0,17.0,17.0,8.197501,0,0.0,0.0
2009-08-17,16.99,17.059999,16.049999,16.049999,7.7394,2300,0.0,0.0
2009-08-18,16.15,16.15,16.15,16.15,7.787625,200,0.0,0.0
2009-08-19,16.25,16.25,16.25,16.25,7.835847,300,0.0,0.0
2009-08-20,16.24,16.5,16.24,16.5,7.956398,5000,0.0,0.0
2009-08-21,16.700001,16.700001,16.700001,16.700001,8.05284,300,0.0,0.0
2009-08-24,16.5,16.5,16.4,16.4,7.908174,1000,0.0,0.0
2009-08-25,16.700001,16.700001,16.5,16.5,7.956398,1600,0.0,0.0
2009-08-26,16.75,16.75,16.75,16.75,8.076948,200,0.0,0.0
2009-08-27,16.75,16.75,16.75,16.75,8.076948,200,0.0,0.0
2009-08-28,16.75,16.75,16.75,16.75,8.076948,0,0.0,0.0
2009-08-31,16.75,16.75,16.75,16.75,8.076948,0,0.0,0.0
2009-09-01,16.450001,16.450001,16.450001,16.450001,7.932285,300,0.0,0.0
2009-09-02,16.450001,16.450001,16.299999,16.299999,7.976328,1000,0.24,0.0
2009-09-03,16.299999,16.299999,16.299999,16.299999,7.976328,300,0.0,0.0
2009-09-04,16.299999,16.299999,16.299999,16.299999,7.976328,0,0.0,0.0
2009-09-08,16.15,16.15,16.15,16.15,7.902928,400,0.0,0.0
2009-09-09,16.299999,16.51,16.299999,16.51,8.079092,900,0.0,0.0
2009-09-10,16.52,16.52,16.52,16.52,8.083987,1800,0.0,0.0
2009-09-11,16.65,16.9,16.65,16.9,8.269938,1100,0.0,0.0
2009-09-14,16.66,16.9,16.66,16.9,8.269938,500,0.0,0.0
2009-09-15,16.67,16.67,16.67,16.67,8.157389,300,0.0,0.0
2009-09-16,16.9,16.9,16.9,16.9,8.269938,1000,0.0,0.0
2009-09-17,16.700001,16.9,16.700001,16.9,8.269938,2200,0.0,0.0
2009-09-18,16.9,16.9,16.9,16.9,8.269938,0,0.0,0.0
2009-09-21,17.0,17.0,17.0,17.0,8.318869,1600,0.0,0.0
2009-09-22,17.0,17.0,17.0,17.0,8.318869,0,0.0,0.0
2009-09-23,16.74,16.74,16.74,16.74,8.191641,700,0.0,0.0
2009-09-24,16.74,16.74,16.74,16.74,8.191641,0,0.0,0.0
2009-09-25,16.74,16.74,16.74,16.74,8.191641,0,0.0,0.0
2009-09-28,16.77,16.77,16.77,16.77,8.20632,100,0.0,0.0
2009-09-29,16.77,16.77,16.77,16.77,8.20632,0,0.0,0.0
2009-09-30,16.790001,16.790001,16.790001,16.790001,8.216106,3900,0.0,0.0
2009-10-01,16.75,16.75,16.549999,16.549999,8.098665,6400,0.0,0.0
2009-10-02,16.58,16.58,16.58,16.58,8.113345,200,0.0,0.0
2009-10-05,16.9,16.9,16.9,16.9,8.269938,100,0.0,0.0
2009-10-06,16.9,16.9,16.9,16.9,8.269938,100,0.0,0.0
2009-10-07,17.0,17.0,17.0,17.0,8.318869,100,0.0,0.0
2009-10-08,17.0,17.0,17.0,17.0,8.318869,600,0.0,0.0
2009-10-09,16.780001,17.0,16.780001,17.0,8.318869,2500,0.0,0.0
2009-10-12,17.0,17.0,17.0,17.0,8.318869,0,0.0,0.0
2009-10-13,17.0,17.5,17.0,17.5,8.563545,5500,0.0,0.0
2009-10-14,17.5,17.5,17.5,17.5,8.563545,800,0.0,0.0
2009-10-15,17.5,17.5,17.5,17.5,8.563545,0,0.0,0.0
2009-10-16,17.5,17.5,17.5,17.5,8.563545,200,0.0,0.0
2009-10-19,18.0,18.0,18.0,18.0,8.808216,200,0.0,0.0
2009-10-20,18.0,18.0,18.0,18.0,8.808216,0,0.0,0.0
2009-10-21,18.0,18.9,18.0,18.0,8.808216,1200,0.0,0.0
2009-10-22,18.0,18.0,18.0,18.0,8.808216,0,0.0,0.0
2009-10-23,18.0,18.0,18.0,18.0,8.808216,0,0.0,0.0
2009-10-26,18.9,18.9,18.0,18.0,8.808216,700,0.0,0.0
2009-10-27,18.0,18.0,17.77,17.77,8.695665,500,0.0,0.0
2009-10-28,17.549999,17.549999,17.5,17.549999,8.588008,2100,0.0,0.0
2009-10-29,17.25,17.25,17.25,17.25,8.441203,700,0.0,0.0
2009-10-30,17.25,17.25,17.25,17.25,8.441203,0,0.0,0.0
2009-11-02,17.299999,17.299999,17.299999,17.299999,8.465675,500,0.0,0.0
2009-11-03,17.299999,17.299999,17.299999,17.299999,8.465675,0,0.0,0.0
2009-11-04,17.299999,17.299999,17.299999,17.299999,8.465675,0,0.0,0.0
2009-11-05,17.299999,17.299999,17.25,17.25,8.441203,900,0.0,0.0
2009-11-06,17.25,17.25,17.25,17.25,8.441203,0,0.0,0.0
2009-11-09,17.299999,17.299999,17.299999,17.299999,8.465675,300,0.0,0.0
2009-11-10,17.299999,17.299999,17.25,17.25,8.441203,1400,0.0,0.0
2009-11-11,17.25,17.25,17.25,17.25,8.441203,0,0.0,0.0
2009-11-12,17.25,17.25,17.0,17.0,8.318869,1300,0.0,0.0
2009-11-13,17.0,17.0,17.0,17.0,8.318869,1500,0.0,0.0
2009-11-16,17.0,17.0,17.0,17.0,8.318869,600,0.0,0.0
2009-11-17,17.0,17.0,16.5,16.549999,8.098665,1300,0.0,0.0
2009-11-18,16.5,16.5,16.5,16.5,8.074197,200,0.0,0.0
2009-11-19,16.5,16.5,16.5,16.5,8.074197,400,0.0,0.0
2009-11-20,16.5,16.5,16.5,16.5,8.074197,300,0.0,0.0
2009-11-23,17.0,17.200001,17.0,17.200001,8.41674,800,0.0,0.0
2009-11-24,17.200001,17.200001,17.200001,17.200001,8.41674,0,0.0,0.0
2009-11-25,17.5,17.5,17.5,17.5,8.563545,200,0.0,0.0
2009-11-27,17.5,17.5,17.5,17.5,8.563545,0,0.0,0.0
2009-11-30,17.5,17.5,17.5,17.5,8.563545,500,0.0,0.0
2009-12-01,17.5,17.5,17.5,17.5,8.563545,0,0.0,0.0
2009-12-02,17.5,17.5,17.5,17.5,8.682617,1000,0.24,0.0
2009-12-03,17.0,17.0,17.0,17.0,8.434545,200,0.0,0.0
2009-12-04,17.0,17.0,17.0,17.0,8.434545,0,0.0,0.0
2009-12-07,17.0,17.0,17.0,17.0,8.434545,0,0.0,0.0
2009-12-08,17.1,17.1,16.75,17.0,8.434545,1100,0.0,0.0
2009-12-09,17.0,17.0,17.0,17.0,8.434545,0,0.0,0.0
2009-12-10,17.0,17.0,17.0,17.0,8.434545,0,0.0,0.0
2009-12-11,17.0,17.0,17.0,17.0,8.434545,0,0.0,0.0
2009-12-14,16.75,16.75,16.75,16.75,8.310506,100,0.0,0.0
2009-12-15,16.75,16.75,16.75,16.75,8.310506,0,0.0,0.0
2009-12-16,16.75,16.75,16.75,16.75,8.310506,1100,0.0,0.0
2009-12-17,16.75,17.0,16.75,17.0,8.434545,1200,0.0,0.0
2009-12-18,16.75,16.799999,16.75,16.75,8.310506,1600,0.0,0.0
2009-12-21,16.75,16.75,16.75,16.75,8.310506,0,0.0,0.0
2009-12-22,16.75,16.75,16.75,16.75,8.310506,900,0.0,0.0
2009-12-23,16.75,16.75,16.75,16.75,8.310506,400,0.0,0.0
2009-12-24,16.75,16.75,16.75,16.75,8.310506,0,0.0,0.0
2009-12-28,17.049999,17.5,16.75,17.5,8.682617,1600,0.0,0.0
2009-12-29,17.0,17.0,16.75,16.75,8.310506,1100,0.0,0.0
2009-12-30,16.75,16.75,16.75,16.75,8.310506,0,0.0,0.0
2009-12-31,17.0,17.0,17.0,17.0,8.434545,700,0.0,0.0
2010-01-04,17.5,17.5,17.49,17.49,8.677657,200,0.0,0.0
2010-01-05,16.75,16.75,16.75,16.75,8.310506,200,0.0,0.0
2010-01-06,16.75,16.75,16.75,16.75,8.310506,200,0.0,0.0
2010-01-07,17.25,17.25,17.25,17.25,8.558578,200,0.0,0.0
2010-01-08,17.25,17.25,17.25,17.25,8.558578,0,0.0,0.0
2010-01-11,16.75,16.75,16.75,16.75,8.310506,200,0.0,0.0
2010-01-12,17.5,17.5,17.5,17.5,8.682617,100,0.0,0.0
2010-01-13,17.0,17.0,17.0,17.0,8.434545,300,0.0,0.0
2010-01-14,17.0,17.5,17.0,17.5,8.682617,700,0.0,0.0
2010-01-15,17.5,17.5,16.5,17.25,8.558578,5700,0.0,0.0
2010-01-19,16.75,17.0,16.75,17.0,8.434545,300,0.0,0.0
2010-01-20,16.75,16.75,16.75,16.75,8.310506,500,0.0,0.0
2010-01-21,16.75,16.75,16.75,16.75,8.310506,0,0.0,0.0
2010-01-22,17.5,17.75,17.5,17.5,8.682617,1400,0.0,0.0
2010-01-25,17.5,17.5,17.5,17.5,8.682617,0,0.0,0.0
2010-01-26,17.5,17.5,17.25,17.25,8.558578,300,0.0,0.0
2010-01-27,17.5,17.5,17.5,17.5,8.682617,200,0.0,0.0
2010-01-28,17.75,17.75,17.75,17.75,8.806658,100,0.0,0.0
2010-01-29,17.75,17.75,17.75,17.75,8.806658,900,0.0,0.0
2010-02-01,18.5,18.700001,16.780001,16.780001,8.325393,1200,0.0,0.0
2010-02-02,17.09,17.09,17.09,17.09,8.479198,400,0.0,0.0
2010-02-03,17.040001,17.25,17.040001,17.25,8.558578,1600,0.0,0.0
2010-02-04,17.25,17.25,17.25,17.25,8.558578,300,0.0,0.0
2010-02-05,17.25,17.25,17.25,17.25,8.558578,0,0.0,0.0
2010-02-08,17.0,17.5,17.0,17.5,8.682617,1500,0.0,0.0
2010-02-09,17.5,17.5,17.5,17.5,8.682617,500,0.0,0.0
2010-02-10,17.5,17.5,17.5,17.5,8.682617,0,0.0,0.0
2010-02-11,17.5,17.5,17.5,17.5,8.682617,0,0.0,0.0
2010-02-12,17.5,17.5,17.5,17.5,8.682617,0,0.0,0.0
2010-02-16,17.5,17.5,17.5,17.5,8.682617,0,0.0,0.0
2010-02-17,18.0,18.0,18.0,18.0,8.930694,200,0.0,0.0
2010-02-18,18.0,18.0,18.0,18.0,8.930694,500,0.0,0.0
2010-02-19,18.0,18.0,18.0,18.0,8.930694,0,0.0,0.0
2010-02-22,18.0,18.0,18.0,18.0,8.930694,300,0.0,0.0
2010-02-23,18.0,18.0,18.0,18.0,8.930694,0,0.0,0.0
2010-02-24,18.0,18.0,18.0,18.0,8.930694,0,0.0,0.0
2010-02-25,17.25,17.25,17.25,17.25,8.558578,200,0.0,0.0
2010-02-26,17.25,17.25,17.25,17.25,8.558578,0,0.0,0.0
2010-03-01,17.25,17.25,17.25,17.25,8.558578,0,0.0,0.0
2010-03-02,18.0,18.0,18.0,18.0,8.930694,100,0.0,0.0
2010-03-03,17.75,17.75,17.75,17.75,8.925665,200,0.24,0.0
2010-03-04,17.799999,17.799999,17.75,17.75,8.925665,700,0.0,0.0
2010-03-05,17.77,18.0,17.77,18.0,9.051377,800,0.0,0.0
2010-03-08,17.75,17.75,17.75,17.75,8.925665,400,0.0,0.0
2010-03-09,17.75,17.75,17.75,17.75,8.925665,0,0.0,0.0
2010-03-10,17.75,17.75,17.75,17.75,8.925665,500,0.0,0.0
2010-03-11,17.75,17.75,17.75,17.75,8.925665,1600,0.0,0.0
2010-03-12,17.75,17.75,17.5,17.75,8.925665,800,0.0,0.0
2010-03-15,17.75,17.75,17.75,17.75,8.925665,300,0.0,0.0
2010-03-16,17.25,17.25,17.25,17.25,8.674231,400,0.0,0.0
2010-03-17,17.25,17.25,17.25,17.25,8.674231,0,0.0,0.0
2010-03-18,17.5,17.75,17.5,17.75,8.925665,800,0.0,0.0
2010-03-19,18.0,18.0,18.0,18.0,9.051377,400,0.0,0.0
2010-03-22,18.0,18.0,18.0,18.0,9.051377,0,0.0,0.0
2010-03-23,18.25,18.25,17.5,17.5,8.799951,400,0.0,0.0
2010-03-24,17.5,17.5,17.5,17.5,8.799951,200,0.0,0.0
2010-03-25,17.75,17.799999,17.75,17.799999,8.950809,500,0.0,0.0
2010-03-26,17.799999,17.799999,17.799999,17.799999,8.950809,0,0.0,0.0
2010-03-29,18.25,18.25,18.25,18.25,9.177093,1000,0.0,0.0
2010-03-30,17.65,18.75,17.620001,18.75,9.428519,5200,0.0,0.0
2010-03-31,18.25,19.0,18.25,19.0,9.554234,300,0.0,0.0
2010-04-01,18.25,18.299999,18.25,18.25,9.177093,3500,0.0,0.0
2010-04-05,18.25,18.25,18.25,18.25,9.177093,0,0.0,0.0
2010-04-06,18.0,18.0,18.0,18.0,9.051377,600,0.0,0.0
2010-04-07,18.0,18.0,18.0,18.0,9.051377,0,0.0,0.0
2010-04-08,19.0,19.0,19.0,19.0,9.554234,200,0.0,0.0
2010-04-09,19.0,19.0,19.0,19.0,9.554234,0,0.0,0.0
2010-04-12,18.5,18.5,18.5,18.5,9.302807,200,0.0,0.0
2010-04-13,18.5,18.5,18.5,18.5,9.302807,0,0.0,0.0
2010-04-14,18.75,19.0,18.75,19.0,9.554234,1300,0.0,0.0
2010-04-15,19.0,19.0,19.0,19.0,9.554234,600,0.0,0.0
2010-04-16,19.0,19.0,19.0,19.0,9.554234,0,0.0,0.0
2010-04-19,19.0,19.0,19.0,19.0,9.554234,0,0.0,0.0
2010-04-20,19.0,19.0,18.799999,18.799999,9.453659,1500,0.0,0.0
2010-04-21,18.799999,18.799999,18.799999,18.799999,9.453659,0,0.0,0.0
2010-04-22,18.799999,18.799999,18.799999,18.799999,9.453659,0,0.0,0.0
2010-04-23,19.25,21.01,19.25,20.0,10.057089,3600,0.0,0.0
2010-04-26,20.01,20.01,20.0,20.0,10.057089,500,0.0,0.0
2010-04-27,20.5,20.5,20.0,20.0,10.057089,500,0.0,0.0
2010-04-28,20.0,20.0,20.0,20.0,10.057089,200,0.0,0.0
2010-04-29,20.0,21.0,20.0,21.0,10.559937,1400,0.0,0.0
2010-04-30,20.0,20.0,20.0,20.0,10.057089,300,0.0,0.0
2010-05-03,21.0,21.0,21.0,21.0,10.559937,200,0.0,0.0
2010-05-04,21.0,21.0,21.0,21.0,10.559937,200,0.0,0.0
2010-05-05,20.549999,20.549999,20.49,20.49,10.303482,500,0.0,0.0
2010-05-06,20.0,20.0,20.0,20.0,10.057089,200,0.0,0.0
2010-05-07,20.0,20.0,19.6,20.0,10.057089,1300,0.0,0.0
2010-05-10,20.0,20.0,20.0,20.0,10.057089,200,0.0,0.0
2010-05-11,20.0,20.0,20.0,20.0,10.057089,0,0.0,0.0
2010-05-12,20.0,20.0,20.0,20.0,10.057089,0,0.0,0.0
2010-05-13,20.0,20.0,20.0,20.0,10.057089,0,0.0,0.0
2010-05-14,19.75,19.75,19.75,19.75,9.931376,200,0.0,0.0
2010-05-17,19.549999,19.549999,19.549999,19.549999,9.830803,600,0.0,0.0
2010-05-18,19.700001,19.75,19.700001,19.75,9.931376,400,0.0,0.0
2010-05-19,19.75,19.75,19.690001,19.690001,9.901203,800,0.0,0.0
2010-05-20,19.5,19.5,19.059999,19.059999,9.584402,500,0.0,0.0
2010-05-21,19.5,19.5,19.0,19.07,9.589434,2100,0.0,0.0
2010-05-24,19.5,19.5,19.5,19.5,9.80566,600,0.0,0.0
2010-05-25,19.07,19.07,19.07,19.07,9.589434,100,0.0,0.0
2010-05-26,19.700001,20.48,19.66,19.950001,10.031946,2700,0.0,0.0
2010-05-27,20.25,20.25,20.25,20.25,10.182802,300,0.0,0.0
2010-05-28,19.950001,19.950001,19.950001,19.950001,10.031946,300,0.0,0.0
2010-06-01,19.950001,19.950001,19.950001,19.950001,10.031946,0,0.0,0.0
2010-06-02,19.950001,19.950001,19.950001,19.950001,10.154098,1600,0.24,0.0
2010-06-03,20.0,20.0,20.0,20.0,10.179548,400,0.0,0.0
2010-06-04,20.0,20.0,20.0,20.0,10.179548,0,0.0,0.0
2010-06-07,20.0,20.0,20.0,20.0,10.179548,300,0.0,0.0
2010-06-08,19.950001,19.950001,19.950001,19.950001,10.154098,2500,0.0,0.0
2010-06-09,19.950001,19.950001,19.950001,19.950001,10.154098,1000,0.0,0.0
2010-06-10,19.950001,19.950001,19.4,19.4,9.87416,1000,0.0,0.0
2010-06-11,19.75,19.75,19.75,19.75,10.052303,200,0.0,0.0
2010-06-14,19.75,19.75,19.75,19.75,10.052303,0,0.0,0.0
2010-06-15,19.450001,19.450001,19.450001,19.450001,9.899611,3700,0.0,0.0
2010-06-16,19.450001,19.450001,19.450001,19.450001,9.899611,1100,0.0,0.0
2010-06-17,19.5,19.5,19.5,19.5,9.92506,400,0.0,0.0
2010-06-18,19.299999,19.5,19.0,19.5,9.92506,1000,0.0,0.0
2010-06-21,19.5,19.5,19.5,19.5,9.92506,0,0.0,0.0
2010-06-22,19.5,19.5,19.5,19.5,9.92506,600,0.0,0.0
2010-06-23,19.5,19.5,19.5,19.5,9.92506,0,0.0,0.0
2010-06-24,19.5,19.5,19.5,19.5,9.92506,0,0.0,0.0
2010-06-25,19.6,19.6,19.6,19.6,9.975954,400,0.0,0.0
2010-06-28,20.0,20.0,20.0,20.0,10.179548,600,0.0,0.0
2010-06-29,20.0,20.0,20.0,20.0,10.179548,0,0.0,0.0
2010-06-30,19.75,19.75,19.75,19.75,10.052303,5300,0.0,0.0
2010-07-01,19.75,19.75,19.75,19.75,10.052303,0,0.0,0.0
2010-07-02,19.75,19.75,19.75,19.75,10.052303,0,0.0,0.0
2010-07-06,19.75,19.75,19.75,19.75,10.052303,0,0.0,0.0
2010-07-07,19.75,19.75,19.75,19.75,10.052303,400,0.0,0.0
2010-07-08,19.700001,19.700001,19.700001,19.700001,10.026855,1000,0.0,0.0
2010-07-09,19.700001,20.5,19.700001,20.5,10.434039,1200,0.0,0.0
2010-07-12,20.5,20.5,20.5,20.5,10.434039,0,0.0,0.0
2010-07-13,20.5,20.5,20.5,20.5,10.434039,0,0.0,0.0
2010-07-14,19.85,19.85,19.85,19.85,10.1032,100,0.0,0.0
2010-07-15,19.85,19.85,19.85,19.85,10.1032,800,0.0,0.0
2010-07-16,19.85,19.85,19.85,19.85,10.1032,1300,0.0,0.0
2010-07-19,19.85,19.85,19.85,19.85,10.1032,0,0.0,0.0
2010-07-20,19.75,19.75,19.75,19.75,10.052303,8000,0.0,0.0
2010-07-21,19.75,19.75,19.75,19.75,10.052303,0,0.0,0.0
2010-07-22,19.75,19.75,19.75,19.75,10.052303,0,0.0,0.0
2010-07-23,19.75,19.75,19.75,19.75,10.052303,4300,0.0,0.0
2010-07-26,19.75,19.75,19.75,19.75,10.052303,2700,0.0,0.0
2010-07-27,19.75,19.75,19.75,19.75,10.052303,0,0.0,0.0
2010-07-28,19.75,19.75,19.75,19.75,10.052303,0,0.0,0.0
2010-07-29,20.1,20.1,20.1,20.1,10.230443,100,0.0,0.0
2010-07-30,20.1,20.1,20.1,20.1,10.230443,0,0.0,0.0
2010-08-02,20.1,20.1,20.1,20.1,10.230443,0,0.0,0.0
2010-08-03,20.0,20.0,20.0,20.0,10.179548,400,0.0,0.0
2010-08-04,20.0,20.0,20.0,20.0,10.179548,0,0.0,0.0
2010-08-05,20.0,20.0,20.0,20.0,10.179548,0,0.0,0.0
2010-08-06,19.75,19.959999,19.75,19.959999,10.159189,500,0.0,0.0
2010-08-09,19.700001,19.75,19.700001,19.75,10.052303,600,0.0,0.0
2010-08-10,19.75,19.75,19.75,19.75,10.052303,0,0.0,0.0
2010-08-11,19.75,19.75,19.75,19.75,10.052303,0,0.0,0.0
2010-08-12,19.959999,19.959999,19.959999,19.959999,10.159189,500,0.0,0.0
2010-08-13,19.75,19.75,19.75,19.75,10.052303,200,0.0,0.0
2010-08-16,19.85,19.85,19.85,19.85,10.1032,700,0.0,0.0
2010-08-17,19.85,19.85,19.85,19.85,10.1032,0,0.0,0.0
2010-08-18,19.85,19.85,19.85,19.85,10.1032,0,0.0,0.0
2010-08-19,19.959999,19.959999,19.959999,19.959999,10.159189,500,0.0,0.0
2010-08-20,19.959999,19.959999,19.959999,19.959999,10.159189,400,0.0,0.0
2010-08-23,19.959999,19.959999,19.959999,19.959999,10.159189,0,0.0,0.0
2010-08-24,20.0,20.0,19.65,19.65,10.001407,200,0.0,0.0
2010-08-25,19.65,19.65,19.65,19.65,10.001407,0,0.0,0.0
2010-08-26,19.65,19.65,19.65,19.65,10.001407,0,0.0,0.0
2010-08-27,20.0,20.99,20.0,20.99,10.683436,1200,0.0,0.0
2010-08-30,20.99,20.99,20.99,20.99,10.683436,0,0.0,0.0
2010-08-31,20.5,20.5,20.25,20.25,10.306793,400,0.0,0.0
2010-09-01,19.5,19.75,19.5,19.75,10.172871,1000,0.24,0.0
2010-09-02,19.75,19.75,19.75,19.75,10.172871,200,0.0,0.0
2010-09-03,20.0,20.0,20.0,20.0,10.301644,200,0.0,0.0
2010-09-07,20.0,20.0,20.0,20.0,10.301644,1000,0.0,0.0
2010-09-08,19.76,19.76,19.5,19.5,10.0441,2200,0.0,0.0
2010-09-09,19.5,19.5,19.5,19.5,10.0441,0,0.0,0.0
2010-09-10,19.5,19.5,19.5,19.5,10.0441,0,0.0,0.0
2010-09-13,20.0,20.0,19.799999,20.0,10.301644,2000,0.0,0.0
2010-09-14,20.0,20.0,20.0,20.0,10.301644,200,0.0,0.0
2010-09-15,20.0,20.0,20.0,20.0,10.301644,0,0.0,0.0
2010-09-16,20.0,20.0,20.0,20.0,10.301644,100,0.0,0.0
2010-09-17,20.0,20.0,19.299999,19.299999,9.941083,1800,0.0,0.0
2010-09-20,20.5,21.0,20.5,21.0,10.81672,800,0.0,0.0
2010-09-21,20.200001,20.200001,20.200001,20.200001,10.404656,3000,0.0,0.0
2010-09-22,20.200001,20.200001,20.200001,20.200001,10.404656,0,0.0,0.0
2010-09-23,21.0,21.299999,21.0,21.0,10.81672,1200,0.0,0.0
2010-09-24,20.5,20.5,20.0,20.0,10.301644,300,0.0,0.0
2010-09-27,20.0,20.0,20.0,20.0,10.301644,0,0.0,0.0
2010-09-28,20.0,20.0,20.0,20.0,10.301644,300,0.0,0.0
2010-09-29,19.799999,19.799999,19.799999,19.799999,10.198625,300,0.0,0.0
2010-09-30,19.799999,19.799999,19.799999,19.799999,10.198625,0,0.0,0.0
2010-10-01,20.5,20.5,20.5,20.5,10.559182,300,0.0,0.0
2010-10-04,20.5,20.5,20.5,20.5,10.559182,0,0.0,0.0
2010-10-05,21.950001,21.950001,21.0,21.0,10.81672,500,0.0,0.0
2010-10-06,21.0,21.950001,21.0,21.950001,11.306049,500,0.0,0.0
2010-10-07,20.0,21.0,20.0,21.0,10.81672,1400,0.0,0.0
2010-10-08,21.0,21.75,21.0,21.75,11.203036,500,0.0,0.0
2010-10-11,21.75,21.75,21.75,21.75,11.203036,0,0.0,0.0
2010-10-12,21.75,21.75,21.75,21.75,11.203036,200,0.0,0.0
2010-10-13,21.75,21.75,19.75,20.0,10.301644,7600,0.0,0.0
2010-10-14,20.0,20.0,20.0,20.0,10.301644,0,0.0,0.0
2010-10-15,20.0,20.0,20.0,20.0,10.301644,300,0.0,0.0
2010-10-18,19.75,20.0,19.700001,19.700001,10.147119,20200,0.0,0.0
2010-10-19,19.809999,20.75,19.809999,20.75,10.687953,7000,0.0,0.0
2010-10-20,19.75,21.0,19.75,21.0,10.81672,12400,0.0,0.0
2010-10-21,21.0,21.0,21.0,21.0,10.81672,200,0.0,0.0
2010-10-22,21.0,21.0,21.0,21.0,10.81672,0,0.0,0.0
2010-10-25,20.5,20.51,20.5,20.51,10.56433,600,0.0,0.0
2010-10-26,20.5,20.5,20.5,20.5,10.559182,600,0.0,0.0
2010-10-27,20.5,20.5,20.5,20.5,10.559182,0,0.0,0.0
2010-10-28,20.799999,20.799999,20.799999,20.799999,10.713708,300,0.0,0.0
2010-10-29,20.5,20.5,20.5,20.5,10.559182,500,0.0,0.0
2010-11-01,21.5,21.5,21.5,21.5,11.074264,200,0.0,0.0
2010-11-02,21.5,21.5,21.5,21.5,11.074264,0,0.0,0.0
2010-11-03,20.1,21.0,20.1,21.0,10.81672,400,0.0,0.0
2010-11-04,20.200001,20.200001,20.200001,20.200001,10.404656,400,0.0,0.0
2010-11-05,20.200001,20.200001,20.200001,20.200001,10.404656,0,0.0,0.0
2010-11-08,20.5,20.5,20.5,20.5,10.559182,500,0.0,0.0
2010-11-09,21.299999,21.299999,21.299999,21.299999,10.971247,700,0.0,0.0
2010-11-10,21.299999,21.299999,21.299999,21.299999,10.971247,0,0.0,0.0
2010-11-11,21.299999,21.299999,21.299999,21.299999,10.971247,0,0.0,0.0
2010-11-12,20.6,20.6,20.0,20.200001,10.404656,3200,0.0,0.0
2010-11-15,20.0,20.26,20.0,20.26,10.435561,600,0.0,0.0
2010-11-16,20.299999,21.4,20.299999,20.75,10.687953,2700,0.0,0.0
2010-11-17,20.700001,20.700001,20.700001,20.700001,10.662199,900,0.0,0.0
2010-11-18,20.6,21.0,20.6,21.0,10.81672,300,0.0,0.0
2010-11-19,21.0,21.0,21.0,21.0,10.81672,100,0.0,0.0
2010-11-22,21.0,21.0,21.0,21.0,10.81672,0,0.0,0.0
2010-11-23,21.0,21.0,21.0,21.0,10.81672,400,0.0,0.0
2010-11-24,21.0,21.0,21.0,21.0,10.81672,0,0.0,0.0
2010-11-26,21.0,21.0,21.0,21.0,10.81672,0,0.0,0.0
2010-11-29,21.0,21.0,21.0,21.0,10.81672,0,0.0,0.0
2010-11-30,21.0,21.0,21.0,21.0,10.81672,0,0.0,0.0
2010-12-01,20.6,20.6,20.5,20.5,10.681255,400,0.24,0.0
2010-12-02,20.5,20.5,20.5,20.5,10.681255,0,0.0,0.0
2010-12-03,20.5,20.5,20.5,20.5,10.681255,0,0.0,0.0
2010-12-06,20.5,20.5,20.5,20.5,10.681255,0,0.0,0.0
2010-12-07,20.5,20.5,20.5,20.5,10.681255,0,0.0,0.0
2010-12-08,20.5,20.5,20.5,20.5,10.681255,100,0.0,0.0
2010-12-09,20.5,20.5,20.5,20.5,10.681255,0,0.0,0.0
2010-12-10,20.5,20.5,20.26,20.26,10.556206,1200,0.0,0.0
2010-12-13,20.26,20.26,20.26,20.26,10.556206,0,0.0,0.0
2010-12-14,20.02,20.02,20.0,20.0,10.420738,800,0.0,0.0
2010-12-15,20.0,20.0,19.75,19.75,10.290475,1800,0.0,0.0
2010-12-16,19.75,19.75,19.75,19.75,10.290475,0,0.0,0.0
2010-12-17,20.25,20.25,20.25,20.25,10.550994,200,0.0,0.0
2010-12-20,20.25,20.25,20.25,20.25,10.550994,0,0.0,0.0
2010-12-21,20.25,20.25,20.25,20.25,10.550994,0,0.0,0.0
2010-12-22,20.200001,20.200001,20.0,20.0,10.420738,600,0.0,0.0
2010-12-23,20.0,20.0,20.0,20.0,10.420738,300,0.0,0.0
2010-12-27,20.25,20.25,20.0,20.0,10.420738,1100,0.0,0.0
2010-12-28,19.799999,20.0,19.6,20.0,10.420738,2400,0.0,0.0
2010-12-29,20.0,20.0,20.0,20.0,10.420738,600,0.0,0.0
2010-12-30,20.0,20.0,20.0,20.0,10.420738,400,0.0,0.0
2010-12-31,20.0,20.0,20.0,20.0,10.420738,0,0.0,0.0
2011-01-03,19.75,19.75,19.6,19.6,10.212318,300,0.0,0.0
2011-01-04,19.6,20.0,19.6,19.6,10.212318,2000,0.0,0.0
2011-01-05,20.0,20.0,20.0,20.0,10.420738,500,0.0,0.0
2011-01-06,20.0,20.0,20.0,20.0,10.420738,200,0.0,0.0
2011-01-07,19.75,19.75,19.75,19.75,10.290475,300,0.0,0.0
2011-01-10,19.75,19.75,19.75,19.75,10.290475,0,0.0,0.0
2011-01-11,20.15,20.15,20.15,20.15,10.498893,100,0.0,0.0
2011-01-12,20.0,20.0,19.75,19.75,10.290475,1300,0.0,0.0
2011-01-13,20.5,20.5,20.0,20.0,10.420738,400,0.0,0.0
2011-01-14,20.0,20.0,20.0,20.0,10.420738,0,0.0,0.0
2011-01-18,20.5,20.5,20.5,20.5,10.681255,500,0.0,0.0
2011-01-19,20.5,20.5,20.5,20.5,10.681255,0,0.0,0.0
2011-01-20,20.0,20.0,20.0,20.0,10.420738,500,0.0,0.0
2011-01-21,20.0,20.0,20.0,20.0,10.420738,200,0.0,0.0
2011-01-24,20.0,20.0,20.0,20.0,10.420738,0,0.0,0.0
2011-01-25,20.0,20.0,20.0,20.0,10.420738,0,0.0,0.0
2011-01-26,20.0,20.0,20.0,20.0,10.420738,0,0.0,0.0
2011-01-27,20.49,20.49,20.49,20.49,10.676044,100,0.0,0.0
2011-01-28,20.25,20.25,20.25,20.25,10.550994,300,0.0,0.0
2011-01-31,20.25,20.25,20.25,20.25,10.550994,0,0.0,0.0
2011-02-01,20.25,20.25,20.25,20.25,10.550994,300,0.0,0.0
2011-02-02,20.25,20.25,20.25,20.25,10.550994,0,0.0,0.0
2011-02-03,20.25,20.25,20.0,20.0,10.420738,1200,0.0,0.0
2011-02-04,20.0,20.0,20.0,20.0,10.420738,0,0.0,0.0
2011-02-07,20.1,20.1,20.1,20.1,10.47284,200,0.0,0.0
2011-02-08,20.1,20.25,20.1,20.25,10.550994,800,0.0,0.0
2011-02-09,20.25,20.25,20.25,20.25,10.550994,0,0.0,0.0
2011-02-10,20.5,20.5,20.5,20.5,10.681255,500,0.0,0.0
2011-02-11,20.25,20.35,20.25,20.35,10.603105,400,0.0,0.0
2011-02-14,20.35,20.35,20.35,20.35,10.603105,900,0.0,0.0
2011-02-15,20.9,20.9,20.9,20.9,10.889668,300,0.0,0.0
2011-02-16,20.9,20.9,20.9,20.9,10.889668,0,0.0,0.0
2011-02-17,20.9,21.0,20.9,21.0,10.941767,800,0.0,0.0
2011-02-18,20.549999,20.65,20.549999,20.549999,10.707308,1300,0.0,0.0
2011-02-22,20.549999,20.549999,20.549999,20.549999,10.707308,200,0.0,0.0
2011-02-23,20.75,20.75,20.75,20.75,10.811516,200,0.0,0.0
2011-02-24,20.75,20.75,20.75,20.75,10.811516,300,0.0,0.0
2011-02-25,20.75,20.75,20.75,20.75,10.811516,0,0.0,0.0
2011-02-28,20.9,21.0,20.9,21.0,10.941767,300,0.0,0.0
2011-03-01,21.0,21.0,21.0,21.0,10.941767,200,0.0,0.0
2011-03-02,20.549999,20.549999,20.5,20.5,10.681255,900,0.0,0.0
2011-03-03,20.5,20.5,20.5,20.5,10.681255,0,0.0,0.0
2011-03-04,20.6,20.75,20.5,20.75,10.811516,700,0.0,0.0
2011-03-07,21.0,22.950001,21.0,22.950001,11.957796,3000,0.0,0.0
2011-03-08,22.25,28.889999,22.25,27.049999,14.094049,5500,0.0,0.0
2011-03-09,26.0,27.0,24.4,24.4,12.7133,3100,0.0,0.0
2011-03-10,24.25,24.98,24.25,24.85,12.947766,1500,0.0,0.0
2011-03-11,24.85,24.85,24.75,24.85,12.947766,600,0.0,0.0
2011-03-14,24.5,24.549999,24.5,24.549999,12.92145,600,0.25,0.0
2011-03-15,24.549999,24.549999,24.549999,24.549999,12.92145,0,0.0,0.0
2011-03-16,24.549999,24.549999,24.549999,24.549999,12.92145,0,0.0,0.0
2011-03-17,24.85,25.0,24.85,25.0,13.158301,500,0.0,0.0
2011-03-18,25.0,25.0,24.5,24.5,12.89513,600,0.0,0.0
2011-03-21,25.0,25.0,24.0,24.0,12.63196,1100,0.0,0.0
2011-03-22,24.0,24.0,24.0,24.0,12.63196,0,0.0,0.0
2011-03-23,22.57,22.57,22.57,22.57,11.879313,200,0.0,0.0
2011-03-24,23.5,23.5,23.5,23.5,12.368803,200,0.0,0.0
2011-03-25,23.5,23.5,23.5,23.5,12.368803,800,0.0,0.0
2011-03-28,23.549999,23.549999,23.0,23.0,12.105632,3500,0.0,0.0
2011-03-29,23.049999,23.049999,23.0,23.0,12.105632,800,0.0,0.0
2011-03-30,24.49,24.49,24.49,24.49,12.889864,400,0.0,0.0
2011-03-31,23.049999,23.049999,23.049999,23.049999,12.131945,300,0.0,0.0
2011-04-01,23.0,23.0,22.5,22.5,11.842463,1500,0.0,0.0
2011-04-04,22.75,22.75,22.75,22.75,11.974048,300,0.0,0.0
2011-04-05,22.75,22.75,22.75,22.75,11.974048,0,0.0,0.0
2011-04-06,23.25,23.25,23.25,23.25,12.237222,100,0.0,0.0
2011-04-07,23.25,23.25,23.0,23.200001,12.2109,600,0.0,0.0
2011-04-08,23.200001,23.200001,23.200001,23.200001,12.2109,0,0.0,0.0
2011-04-11,22.34,22.34,22.34,22.34,11.758255,400,0.0,0.0
2011-04-12,22.34,22.34,22.34,22.34,11.758255,0,0.0,0.0
2011-04-13,22.76,22.76,22.51,22.51,11.847731,400,0.0,0.0
2011-04-14,22.51,22.51,22.51,22.51,11.847731,0,0.0,0.0
2011-04-15,22.52,22.52,22.52,22.52,11.852993,400,0.0,0.0
2011-04-18,22.52,22.52,22.52,22.52,11.852993,0,0.0,0.0
2011-04-19,23.5,23.5,23.5,23.5,12.368803,200,0.0,0.0
2011-04-20,22.52,23.450001,22.52,23.450001,12.342484,900,0.0,0.0
2011-04-21,23.450001,23.450001,23.450001,23.450001,12.342484,0,0.0,0.0
2011-04-25,23.5,23.5,23.5,23.5,12.368803,200,0.0,0.0
2011-04-26,23.5,23.5,23.5,23.5,12.368803,0,0.0,0.0
2011-04-27,23.5,23.5,23.5,23.5,12.368803,0,0.0,0.0
2011-04-28,23.4,23.49,23.4,23.49,12.36354,1900,0.0,0.0
2011-04-29,22.67,23.5,22.67,23.5,12.368803,200,0.0,0.0
2011-05-02,23.5,23.5,23.5,23.5,12.368803,100,0.0,0.0
2011-05-03,23.5,23.5,23.5,23.5,12.368803,0,0.0,0.0
2011-05-04,22.74,22.74,22.27,22.65,11.92142,3600,0.0,0.0
2011-05-05,22.65,22.65,22.65,22.65,11.92142,1000,0.0,0.0
2011-05-06,22.65,22.65,22.65,22.65,11.92142,0,0.0,0.0
2011-05-09,22.440001,22.440001,22.440001,22.440001,11.810885,200,0.0,0.0
2011-05-10,22.65,23.0,22.65,22.65,11.92142,800,0.0,0.0
2011-05-11,22.65,22.65,22.65,22.65,11.92142,0,0.0,0.0
2011-05-12,22.58,22.58,22.58,22.58,11.884576,500,0.0,0.0
2011-05-13,22.559999,22.559999,22.35,22.5,11.842463,12000,0.0,0.0
2011-05-16,23.0,23.0,23.0,23.0,12.105632,600,0.0,0.0
2011-05-17,23.0,23.0,22.6,22.6,11.895102,600,0.0,0.0
2011-05-18,22.389999,22.389999,22.389999,22.389999,11.784567,100,0.0,0.0
2011-05-19,23.0,23.0,22.43,22.43,11.805625,500,0.0,0.0
2011-05-20,22.43,22.43,22.43,22.43,11.805625,0,0.0,0.0
2011-05-23,22.5,22.5,22.49,22.49,11.837203,400,0.0,0.0
2011-05-24,22.5,22.5,22.5,22.5,11.842463,500,0.0,0.0
2011-05-25,22.370001,22.450001,22.35,22.450001,11.816145,8300,0.0,0.0
2011-05-26,23.0,23.0,22.360001,22.360001,11.768783,700,0.0,0.0
2011-05-27,22.360001,22.360001,22.360001,22.360001,11.768783,0,0.0,0.0
2011-05-31,22.75,23.0,22.5,23.0,12.105632,1200,0.0,0.0
2011-06-01,23.0,23.0,23.0,23.0,12.238666,200,0.25,0.0
2011-06-02,23.950001,23.950001,23.5,23.5,12.504718,800,0.0,0.0
2011-06-03,23.5,23.5,23.5,23.5,12.504718,0,0.0,0.0
2011-06-06,23.5,23.5,23.5,23.5,12.504718,0,0.0,0.0
2011-06-07,23.370001,23.370001,23.370001,23.370001,12.435546,200,0.0,0.0
2011-06-08,23.25,23.25,23.0,23.0,12.238666,700,0.0,0.0
2011-06-09,23.0,23.0,23.0,23.0,12.238666,0,0.0,0.0
2011-06-10,23.0,23.0,23.0,23.0,12.238666,400,0.0,0.0
2011-06-13,23.0,23.0,23.0,23.0,12.238666,200,0.0,0.0
2011-06-14,23.0,23.0,23.0,23.0,12.238666,0,0.0,0.0
2011-06-15,23.0,23.0,23.0,23.0,12.238666,0,0.0,0.0
2011-06-16,23.0,23.0,23.0,23.0,12.238666,0,0.0,0.0
2011-06-17,23.0,23.5,23.0,23.5,12.504718,500,0.0,0.0
2011-06-20,23.5,23.5,23.5,23.5,12.504718,0,0.0,0.0
2011-06-21,23.5,23.5,23.5,23.5,12.504718,0,0.0,0.0
2011-06-22,22.75,22.75,22.75,22.75,12.10563,200,0.0,0.0
2011-06-23,22.75,22.75,22.75,22.75,12.10563,300,0.0,0.0
2011-06-24,23.450001,23.450001,23.0,23.0,12.238666,700,0.0,0.0
2011-06-27,23.0,23.0,23.0,23.0,12.238666,0,0.0,0.0
2011-06-28,23.0,23.0,23.0,23.0,12.238666,0,0.0,0.0
2011-06-29,23.0,23.0,23.0,23.0,12.238666,0,0.0,0.0
2011-06-30,23.0,23.0,23.0,23.0,12.238666,0,0.0,0.0
2011-07-01,22.35,22.35,22.0,22.0,11.70655,400,0.0,0.0
2011-07-05,22.0,22.0,22.0,22.0,11.70655,0,0.0,0.0
2011-07-06,22.5,22.5,22.5,22.5,11.972601,200,0.0,0.0
2011-07-07,22.5,22.5,22.5,22.5,11.972601,200,0.0,0.0
2011-07-08,22.5,22.5,22.5,22.5,11.972601,0,0.0,0.0
2011-07-11,22.5,22.5,22.5,22.5,11.972601,300,0.0,0.0
2011-07-12,22.5,22.5,22.5,22.5,11.972601,0,0.0,0.0
2011-07-13,22.5,22.5,22.5,22.5,11.972601,0,0.0,0.0
2011-07-14,22.5,22.5,22.5,22.5,11.972601,0,0.0,0.0
2011-07-15,22.5,22.5,22.5,22.5,11.972601,0,0.0,0.0
2011-07-18,22.1,22.1,22.1,22.1,11.759759,500,0.0,0.0
2011-07-19,22.0,22.0,22.0,22.0,11.70655,100,0.0,0.0
2011-07-20,22.0,22.0,22.0,22.0,11.70655,0,0.0,0.0
2011-07-21,22.0,22.5,22.0,22.5,11.972601,1400,0.0,0.0
2011-07-22,22.5,22.5,22.5,22.5,11.972601,0,0.0,0.0
2011-07-25,23.5,23.690001,23.5,23.690001,12.605822,500,0.0,0.0
2011-07-26,23.690001,23.690001,23.690001,23.690001,12.605822,0,0.0,0.0
2011-07-27,22.629999,22.629999,22.1,22.1,11.759759,600,0.0,0.0
2011-07-28,22.1,22.1,22.1,22.1,11.759759,0,0.0,0.0
2011-07-29,22.1,22.1,22.1,22.1,11.759759,0,0.0,0.0
2011-08-01,22.799999,22.799999,22.219999,22.219999,11.823609,1500,0.0,0.0
2011-08-02,22.219999,22.219999,22.219999,22.219999,11.823609,0,0.0,0.0
2011-08-03,22.219999,22.219999,22.219999,22.219999,11.823609,0,0.0,0.0
2011-08-04,22.219999,22.219999,22.219999,22.219999,11.823609,200,0.0,0.0
2011-08-05,22.5,23.0,22.5,22.549999,11.999212,800,0.0,0.0
2011-08-08,22.549999,22.549999,22.549999,22.549999,11.999212,0,0.0,0.0
2011-08-09,23.700001,23.700001,23.700001,23.700001,12.61114,200,0.0,0.0
2011-08-10,23.700001,23.700001,22.700001,22.700001,12.079024,400,0.0,0.0
2011-08-11,22.700001,22.700001,22.700001,22.700001,12.079024,0,0.0,0.0
2011-08-12,22.700001,22.700001,22.700001,22.700001,12.079024,0,0.0,0.0
2011-08-15,22.700001,22.700001,22.700001,22.700001,12.079024,1200,0.0,0.0
2011-08-16,22.700001,22.700001,22.700001,22.700001,12.079024,0,0.0,0.0
2011-08-17,22.700001,22.700001,22.700001,22.700001,12.079024,0,0.0,0.0
2011-08-18,22.700001,22.700001,22.700001,22.700001,12.079024,0,0.0,0.0
2011-08-19,22.700001,22.700001,22.700001,22.700001,12.079024,0,0.0,0.0
2011-08-22,22.700001,22.700001,22.700001,22.700001,12.079024,0,0.0,0.0
2011-08-23,22.700001,22.700001,22.700001,22.700001,12.079024,0,0.0,0.0
2011-08-24,22.01,22.01,22.01,22.01,11.711865,300,0.0,0.0
2011-08-25,22.01,22.01,22.0,22.0,11.70655,500,0.0,0.0
2011-08-26,22.0,22.0,22.0,22.0,11.70655,400,0.0,0.0
2011-08-29,22.0,22.0,22.0,22.0,11.70655,0,0.0,0.0
2011-08-30,22.110001,22.110001,22.110001,22.110001,11.765081,500,0.0,0.0
2011-08-31,22.110001,22.110001,22.110001,22.110001,11.765081,0,0.0,0.0
2011-09-01,22.110001,22.110001,22.110001,22.110001,11.765081,0,0.0,0.0
2011-09-02,22.110001,22.110001,22.110001,22.110001,11.765081,0,0.0,0.0
2011-09-06,22.5,22.5,21.85,21.85,11.626729,1000,0.0,0.0
2011-09-07,21.809999,21.82,21.76,21.76,11.578837,2700,0.0,0.0
2011-09-08,21.76,21.76,21.76,21.76,11.578837,700,0.0,0.0
2011-09-09,21.76,21.76,21.76,21.76,11.578837,0,0.0,0.0
2011-09-12,21.76,21.76,21.76,21.76,11.578837,0,0.0,0.0
2011-09-13,21.76,21.76,21.76,21.76,11.578837,0,0.0,0.0
2011-09-14,21.76,22.0,21.76,22.0,11.842609,1100,0.25,0.0
2011-09-15,22.0,22.0,21.76,22.0,11.842609,1800,0.0,0.0
2011-09-16,21.5,21.5,21.5,21.5,11.573456,400,0.0,0.0
2011-09-19,21.5,21.5,21.5,21.5,11.573456,0,0.0,0.0
2011-09-20,21.5,21.5,21.5,21.5,11.573456,700,0.0,0.0
2011-09-21,21.5,21.5,21.5,21.5,11.573456,0,0.0,0.0
2011-09-22,21.5,21.5,21.5,21.5,11.573456,0,0.0,0.0
2011-09-23,21.0,21.0,21.0,21.0,11.3043,400,0.0,0.0
2011-09-26,21.0,21.0,21.0,21.0,11.3043,0,0.0,0.0
2011-09-27,20.799999,20.799999,20.799999,20.799999,11.196642,300,0.0,0.0
2011-09-28,20.799999,20.799999,20.799999,20.799999,11.196642,0,0.0,0.0
2011-09-29,22.0,22.0,21.5,21.5,11.573456,300,0.0,0.0
2011-09-30,21.5,21.5,21.5,21.5,11.573456,600,0.0,0.0
2011-10-03,21.5,21.5,21.5,21.5,11.573456,200,0.0,0.0
2011-10-04,21.5,21.5,21.5,21.5,11.573456,0,0.0,0.0
2011-10-05,21.5,21.5,21.5,21.5,11.573456,0,0.0,0.0
2011-10-06,21.5,21.5,21.5,21.5,11.573456,300,0.0,0.0
2011-10-07,21.5,21.5,21.5,21.5,11.573456,0,0.0,0.0
2011-10-10,21.5,21.5,21.5,21.5,11.573456,200,0.0,0.0
2011-10-11,21.5,21.5,21.5,21.5,11.573456,0,0.0,0.0
2011-10-12,21.5,21.5,21.5,21.5,11.573456,0,0.0,0.0
2011-10-13,21.5,21.5,21.5,21.5,11.573456,0,0.0,0.0
2011-10-14,21.950001,21.950001,21.950001,21.950001,11.815694,200,0.0,0.0
2011-10-17,21.950001,21.950001,21.950001,21.950001,11.815694,0,0.0,0.0
2011-10-18,21.950001,21.950001,21.950001,21.950001,11.815694,0,0.0,0.0
2011-10-19,21.950001,21.950001,21.950001,21.950001,11.815694,0,0.0,0.0
2011-10-20,21.950001,21.950001,21.950001,21.950001,11.815694,0,0.0,0.0
2011-10-21,21.950001,21.950001,21.950001,21.950001,11.815694,0,0.0,0.0
2011-10-24,22.0,22.0,21.549999,21.549999,11.600368,1100,0.0,0.0
2011-10-25,21.120001,21.120001,21.120001,21.120001,11.368902,1100,0.0,0.0
2011-10-26,21.6,21.6,21.549999,21.549999,11.600368,1100,0.0,0.0
2011-10-27,21.6,22.25,21.25,21.25,11.438885,2700,0.0,0.0
2011-10-28,22.0,22.0,22.0,22.0,11.842609,800,0.0,0.0
2011-10-31,22.0,22.0,22.0,22.0,11.842609,0,0.0,0.0
2011-11-01,22.0,22.0,22.0,22.0,11.842609,0,0.0,0.0
2011-11-02,22.0,22.0,22.0,22.0,11.842609,0,0.0,0.0
2011-11-03,22.0,22.0,22.0,22.0,11.842609,800,0.0,0.0
2011-11-04,22.299999,22.299999,22.299999,22.299999,12.004093,200,0.0,0.0
2011-11-07,22.299999,22.299999,22.299999,22.299999,12.004093,0,0.0,0.0
2011-11-08,22.299999,22.299999,22.299999,22.299999,12.004093,0,0.0,0.0
2011-11-09,22.299999,22.299999,22.299999,22.299999,12.004093,0,0.0,0.0
2011-11-10,21.549999,21.549999,21.549999,21.549999,11.600368,400,0.0,0.0
2011-11-11,21.549999,21.549999,21.549999,21.549999,11.600368,0,0.0,0.0
2011-11-14,21.6,22.1,21.52,22.1,11.896435,700,0.0,0.0
2011-11-15,22.1,22.1,22.1,22.1,11.896435,0,0.0,0.0
2011-11-16,22.1,22.1,22.1,22.1,11.896435,0,0.0,0.0
2011-11-17,22.25,22.25,22.25,22.25,11.97718,300,0.0,0.0
2011-11-18,22.25,22.25,22.25,22.25,11.97718,0,0.0,0.0
2011-11-21,22.25,22.25,22.25,22.25,11.97718,400,0.0,0.0
2011-11-22,22.25,22.25,22.25,22.25,11.97718,0,0.0,0.0
2011-11-23,22.049999,22.049999,22.049999,22.049999,11.869523,700,0.0,0.0
2011-11-25,22.049999,22.049999,22.049999,22.049999,11.869523,0,0.0,0.0
2011-11-28,22.24,22.24,21.6,21.6,11.627288,4700,0.0,0.0
2011-11-29,21.610001,21.610001,21.610001,21.610001,11.632671,100,0.0,0.0
2011-11-30,21.610001,21.610001,21.610001,21.610001,11.632671,0,0.0,0.0
2011-12-01,21.610001,21.610001,21.610001,21.610001,11.632671,0,0.0,0.0
2011-12-02,21.610001,21.610001,21.610001,21.610001,11.632671,0,0.0,0.0
2011-12-05,21.610001,21.610001,21.610001,21.610001,11.632671,0,0.0,0.0
2011-12-06,21.610001,21.610001,21.610001,21.610001,11.632671,0,0.0,0.0
2011-12-07,21.389999,21.389999,21.389999,21.389999,11.649003,200,0.25,0.0
2011-12-08,21.389999,21.389999,21.389999,21.389999,11.649003,0,0.0,0.0
2011-12-09,21.6,21.6,21.25,21.25,11.572763,1900,0.0,0.0
2011-12-12,21.6,21.6,21.25,21.25,11.572763,800,0.0,0.0
2011-12-13,21.5,21.5,21.25,21.25,11.572763,1200,0.0,0.0
2011-12-14,21.25,21.25,21.25,21.25,11.572763,0,0.0,0.0
2011-12-15,22.15,22.15,22.15,22.15,12.062905,500,0.0,0.0
2011-12-16,22.15,22.15,22.15,22.15,12.062905,0,0.0,0.0
2011-12-19,22.15,22.15,22.15,22.15,12.062905,0,0.0,0.0
2011-12-20,22.15,22.15,22.15,22.15,12.062905,0,0.0,0.0
2011-12-21,22.15,22.15,22.15,22.15,12.062905,0,0.0,0.0
2011-12-22,21.950001,21.950001,21.6,21.6,11.763375,400,0.0,0.0
2011-12-23,22.15,22.15,21.950001,21.950001,11.953983,5000,0.0,0.0
2011-12-27,22.15,22.15,22.15,22.15,12.062905,100,0.0,0.0
2011-12-28,22.299999,22.299999,22.299999,22.299999,12.144591,100,0.0,0.0
2011-12-29,22.299999,22.299999,22.299999,22.299999,12.144591,0,0.0,0.0
2011-12-30,22.299999,22.299999,22.299999,22.299999,12.144591,0,0.0,0.0
2012-01-03,22.0,22.01,22.0,22.01,11.986656,800,0.0,0.0
2012-01-04,22.4,22.4,22.4,22.4,12.199051,200,0.0,0.0
2012-01-05,22.4,22.4,22.4,22.4,12.199051,0,0.0,0.0
2012-01-06,22.4,22.4,22.4,22.4,12.199051,0,0.0,0.0
2012-01-09,22.4,22.4,22.4,22.4,12.199051,0,0.0,0.0
2012-01-10,22.049999,22.049999,22.049999,22.049999,12.008442,300,0.0,0.0
2012-01-11,22.049999,22.049999,22.0,22.0,11.981216,7300,0.0,0.0
2012-01-12,21.75,21.75,21.75,21.75,11.845064,400,0.0,0.0
2012-01-13,21.75,21.75,21.75,21.75,11.845064,0,0.0,0.0
2012-01-17,21.5,21.5,21.200001,21.35,11.627221,3600,0.0,0.0
2012-01-18,21.35,21.35,21.35,21.35,11.627221,0,0.0,0.0
2012-01-19,21.35,21.35,21.35,21.35,11.627221,0,0.0,0.0
2012-01-20,21.35,21.35,21.35,21.35,11.627221,0,0.0,0.0
2012-01-23,21.35,21.35,21.35,21.35,11.627221,0,0.0,0.0
2012-01-24,21.35,21.35,21.35,21.35,11.627221,0,0.0,0.0
2012-01-25,21.35,21.35,21.35,21.35,11.627221,0,0.0,0.0
2012-01-26,21.35,21.35,21.35,21.35,11.627221,300,0.0,0.0
2012-01-27,21.65,21.65,21.65,21.65,11.790604,800,0.0,0.0
2012-01-30,21.65,22.0,21.65,22.0,11.981216,1900,0.0,0.0
2012-01-31,21.99,21.99,21.99,21.99,11.975767,100,0.0,0.0
2012-02-01,22.0,22.219999,22.0,22.0,11.981216,4100,0.0,0.0
2012-02-02,22.0,22.0,21.9,22.0,11.981216,600,0.0,0.0
2012-02-03,22.0,23.0,22.0,23.0,12.525811,2500,0.0,0.0
2012-02-06,22.9,22.9,22.9,22.9,12.471356,200,0.0,0.0
2012-02-07,22.1,22.1,22.1,22.1,12.035673,100,0.0,0.0
2012-02-08,22.1,22.1,22.1,22.1,12.035673,0,0.0,0.0
2012-02-09,22.4,22.4,22.4,22.4,12.199051,100,0.0,0.0
2012-02-10,22.4,22.4,22.4,22.4,12.199051,0,0.0,0.0
2012-02-13,22.4,22.4,22.4,22.4,12.199051,0,0.0,0.0
2012-02-14,22.4,22.4,22.4,22.4,12.199051,0,0.0,0.0
2012-02-15,22.9,22.9,22.9,22.9,12.471356,500,0.0,0.0
2012-02-16,21.950001,21.950001,21.5,21.5,11.708911,800,0.0,0.0
2012-02-17,22.75,22.75,21.799999,21.799999,11.872296,1600,0.0,0.0
2012-02-21,21.799999,21.799999,21.799999,21.799999,11.872296,0,0.0,0.0
2012-02-22,21.799999,21.799999,21.799999,21.799999,11.872296,0,0.0,0.0
2012-02-23,22.0,22.0,22.0,22.0,11.981216,200,0.0,0.0
2012-02-24,23.0,23.75,22.25,23.75,12.934266,2500,0.0,0.0
2012-02-27,23.0,23.0,23.0,23.0,12.525811,1300,0.0,0.0
2012-02-28,23.0,23.0,23.0,23.0,12.525811,100,0.0,0.0
2012-02-29,23.5,23.6,23.5,23.6,12.852571,2100,0.0,0.0
2012-03-01,23.51,23.51,23.51,23.51,12.80356,200,0.0,0.0
2012-03-02,23.51,23.51,23.51,23.51,12.80356,0,0.0,0.0
2012-03-05,23.51,23.51,23.51,23.51,12.80356,0,0.0,0.0
2012-03-06,23.51,23.51,23.51,23.51,12.80356,0,0.0,0.0
2012-03-07,24.0,24.0,23.51,23.51,12.80356,500,0.0,0.0
2012-03-08,23.51,23.51,23.51,23.51,12.80356,0,0.0,0.0
2012-03-09,23.51,23.51,23.51,23.51,12.80356,0,0.0,0.0
2012-03-12,23.52,23.52,23.51,23.51,12.80356,1000,0.0,0.0
2012-03-13,24.0,24.0,24.0,24.0,13.070408,700,0.0,0.0
2012-03-14,25.0,25.0,25.0,25.0,13.764126,1400,0.26,0.0
2012-03-15,25.0,25.0,25.0,25.0,13.764126,1000,0.0,0.0
2012-03-16,24.5,24.5,24.5,24.5,13.488845,100,0.0,0.0
2012-03-19,24.5,24.5,24.5,24.5,13.488845,0,0.0,0.0
2012-03-20,25.0,25.0,25.0,25.0,13.764126,600,0.0,0.0
2012-03-21,25.0,25.0,24.0,24.0,13.213562,3200,0.0,0.0
2012-03-22,24.0,24.0,24.0,24.0,13.213562,200,0.0,0.0
2012-03-23,23.25,24.0,23.25,24.0,13.213562,500,0.0,0.0
2012-03-26,23.25,23.5,23.25,23.5,12.938278,800,0.0,0.0
2012-03-27,23.5,23.5,23.5,23.5,12.938278,0,0.0,0.0
2012-03-28,23.5,23.5,23.5,23.5,12.938278,0,0.0,0.0
2012-03-29,24.25,24.25,24.25,24.25,13.351199,1100,0.0,0.0
2012-03-30,25.5,25.5,25.5,25.5,14.039409,600,0.0,0.0
2012-04-02,24.0,24.0,24.0,24.0,13.213562,400,0.0,0.0
2012-04-03,24.0,24.0,24.0,24.0,13.213562,0,0.0,0.0
2012-04-04,24.01,24.5,24.0,24.0,13.213562,700,0.0,0.0
2012-04-05,24.0,24.0,24.0,24.0,13.213562,0,0.0,0.0
2012-04-09,23.33,23.33,23.33,23.33,12.844684,400,0.0,0.0
2012-04-10,24.0,24.0,24.0,24.0,13.213562,200,0.0,0.0
2012-04-11,23.5,23.5,23.5,23.5,12.938278,200,0.0,0.0
2012-04-12,24.0,24.0,24.0,24.0,13.213562,1000,0.0,0.0
2012-04-13,24.5,25.0,24.5,25.0,13.764126,700,0.0,0.0
2012-04-16,25.0,25.85,25.0,25.85,14.232108,300,0.0,0.0
2012-04-17,25.85,25.85,25.85,25.85,14.232108,0,0.0,0.0
2012-04-18,24.25,24.25,24.25,24.25,13.351199,200,0.0,0.0
2012-04-19,24.25,24.25,24.25,24.25,13.351199,0,0.0,0.0
2012-04-20,25.85,25.85,25.85,25.85,14.232108,400,0.0,0.0
2012-04-23,25.85,25.85,25.85,25.85,14.232108,0,0.0,0.0
2012-04-24,24.1,24.1,24.1,24.1,13.26862,700,0.0,0.0
2012-04-25,24.1,24.1,24.1,24.1,13.26862,0,0.0,0.0
2012-04-26,24.1,24.1,24.1,24.1,13.26862,0,0.0,0.0
2012-04-27,24.85,24.85,24.85,24.85,13.68154,1100,0.0,0.0
2012-04-30,24.299999,24.299999,24.299999,24.299999,13.378733,300,0.0,0.0
2012-05-01,24.299999,24.299999,24.299999,24.299999,13.378733,0,0.0,0.0
2012-05-02,24.700001,24.85,24.700001,24.85,13.68154,1500,0.0,0.0
2012-05-03,24.85,24.85,24.85,24.85,13.68154,0,0.0,0.0
2012-05-04,24.709999,24.709999,24.700001,24.700001,13.598955,1300,0.0,0.0
2012-05-07,25.0,25.0,25.0,25.0,13.764126,500,0.0,0.0
2012-05-08,25.0,25.0,25.0,25.0,13.764126,0,0.0,0.0
2012-05-09,24.700001,24.700001,24.700001,24.700001,13.598955,100,0.0,0.0
2012-05-10,24.700001,24.700001,24.700001,24.700001,13.598955,0,0.0,0.0
2012-05-11,24.700001,24.700001,24.700001,24.700001,13.598955,0,0.0,0.0
2012-05-14,24.950001,24.950001,24.799999,24.950001,13.7366,1400,0.0,0.0
2012-05-15,24.950001,24.950001,24.950001,24.950001,13.7366,0,0.0,0.0
2012-05-16,24.950001,24.950001,24.950001,24.950001,13.7366,0,0.0,0.0
2012-05-17,24.950001,24.950001,24.950001,24.950001,13.7366,0,0.0,0.0
2012-05-18,24.950001,24.950001,24.700001,24.700001,13.598955,800,0.0,0.0
2012-05-21,24.700001,24.700001,24.700001,24.700001,13.598955,0,0.0,0.0
2012-05-22,24.700001,24.700001,24.700001,24.700001,13.598955,0,0.0,0.0
2012-05-23,24.5,24.5,24.25,24.25,13.351199,2400,0.0,0.0
2012-05-24,24.25,24.25,24.25,24.25,13.351199,0,0.0,0.0
2012-05-25,24.25,24.25,24.25,24.25,13.351199,0,0.0,0.0
2012-05-29,24.25,24.25,24.25,24.25,13.351199,0,0.0,0.0
2012-05-30,24.25,24.25,24.25,24.25,13.351199,0,0.0,0.0
2012-05-31,24.25,24.25,24.25,24.25,13.351199,400,0.0,0.0
2012-06-01,24.25,24.25,24.25,24.25,13.351199,0,0.0,0.0
2012-06-04,24.25,24.25,24.25,24.25,13.351199,0,0.0,0.0
2012-06-05,24.25,24.25,24.25,24.25,13.351199,0,0.0,0.0
2012-06-06,24.25,24.25,24.25,24.25,13.351199,0,0.0,0.0
2012-06-07,24.25,24.25,24.25,24.25,13.351199,0,0.0,0.0
2012-06-08,24.25,24.25,24.25,24.25,13.351199,0,0.0,0.0
2012-06-11,24.25,24.25,24.25,24.25,13.351199,0,0.0,0.0
2012-06-12,24.75,24.950001,24.75,24.950001,13.7366,600,0.0,0.0
2012-06-13,24.0,24.0,24.0,24.0,13.352708,200,0.26,0.0
2012-06-14,24.0,24.0,24.0,24.0,13.352708,0,0.0,0.0
2012-06-15,24.059999,24.059999,24.059999,24.059999,13.386092,300,0.0,0.0
2012-06-18,24.0,24.48,24.0,24.48,13.619762,300,0.0,0.0
2012-06-19,24.5,24.5,24.5,24.5,13.630891,300,0.0,0.0
2012-06-20,24.950001,24.950001,24.950001,24.950001,13.881254,200,0.0,0.0
2012-06-21,24.950001,24.950001,24.950001,24.950001,13.881254,0,0.0,0.0
2012-06-22,24.950001,24.950001,24.950001,24.950001,13.881254,0,0.0,0.0
2012-06-25,24.299999,24.950001,24.299999,24.950001,13.881254,1200,0.0,0.0
2012-06-26,24.950001,24.950001,24.950001,24.950001,13.881254,0,0.0,0.0
2012-06-27,24.950001,24.950001,24.950001,24.950001,13.881254,0,0.0,0.0
2012-06-28,24.25,24.25,24.0,24.0,13.352708,400,0.0,0.0
2012-06-29,24.950001,24.950001,24.75,24.75,13.769979,900,0.0,0.0
2012-07-02,24.01,24.01,22.790001,22.790001,12.679513,1200,0.0,0.0
2012-07-03,22.790001,22.790001,22.790001,22.790001,12.679513,0,0.0,0.0
2012-07-05,22.790001,22.790001,22.790001,22.790001,12.679513,0,0.0,0.0
2012-07-06,23.5,23.5,23.5,23.5,13.074527,200,0.0,0.0
2012-07-09,23.5,23.5,23.5,23.5,13.074527,0,0.0,0.0
2012-07-10,23.5,23.5,23.5,23.5,13.074527,0,0.0,0.0
2012-07-11,23.5,23.5,23.5,23.5,13.074527,0,0.0,0.0
2012-07-12,23.5,23.5,23.5,23.5,13.074527,0,0.0,0.0
2012-07-13,23.25,23.25,23.25,23.25,12.935436,800,0.0,0.0
2012-07-16,23.25,23.25,23.25,23.25,12.935436,0,0.0,0.0
2012-07-17,23.25,23.950001,23.25,23.950001,13.32489,400,0.0,0.0
2012-07-18,23.950001,23.950001,23.950001,23.950001,13.32489,0,0.0,0.0
2012-07-19,23.1,23.5,23.1,23.5,13.074527,1400,0.0,0.0
2012-07-20,23.049999,23.049999,22.84,22.84,12.707322,1500,0.0,0.0
2012-07-23,23.5,23.5,23.5,23.5,13.074527,200,0.0,0.0
2012-07-24,23.0,23.0,23.0,23.0,12.796346,500,0.0,0.0
2012-07-25,23.0,23.0,22.049999,22.110001,12.301184,3700,0.0,0.0
2012-07-26,22.83,22.83,22.83,22.83,12.701769,100,0.0,0.0
2012-07-27,23.0,23.25,23.0,23.25,12.935436,700,0.0,0.0
2012-07-30,23.5,23.5,23.5,23.5,13.074527,100,0.0,0.0
2012-07-31,23.1,23.1,23.1,23.1,12.851981,200,0.0,0.0
2012-08-01,23.1,23.1,23.1,23.1,12.851981,0,0.0,0.0
2012-08-02,23.1,23.1,23.1,23.1,12.851981,0,0.0,0.0
2012-08-03,23.280001,23.280001,23.280001,23.280001,12.952129,200,0.0,0.0
2012-08-06,23.4,23.5,23.4,23.5,13.074527,1800,0.0,0.0
2012-08-07,23.5,23.5,23.5,23.5,13.074527,1600,0.0,0.0
2012-08-08,23.5,23.5,23.5,23.5,13.074527,0,0.0,0.0
2012-08-09,23.01,23.01,23.01,23.01,12.801907,200,0.0,0.0
2012-08-10,23.01,23.01,23.01,23.01,12.801907,0,0.0,0.0
2012-08-13,23.01,23.5,23.01,23.5,13.074527,500,0.0,0.0
2012-08-14,23.25,23.25,23.049999,23.049999,12.824163,400,0.0,0.0
2012-08-15,23.049999,23.049999,23.049999,23.049999,12.824163,0,0.0,0.0
2012-08-16,23.049999,23.049999,23.049999,23.049999,12.824163,0,0.0,0.0
2012-08-17,22.76,22.76,22.76,22.76,12.662818,900,0.0,0.0
2012-08-20,23.0,23.0,23.0,23.0,12.796346,400,0.0,0.0
2012-08-21,23.0,23.0,23.0,23.0,12.796346,0,0.0,0.0
2012-08-22,23.0,23.0,23.0,23.0,12.796346,0,0.0,0.0
2012-08-23,23.0,23.0,23.0,23.0,12.796346,0,0.0,0.0
2012-08-24,23.0,23.0,23.0,23.0,12.796346,0,0.0,0.0
2012-08-27,23.5,23.5,23.5,23.5,13.074527,400,0.0,0.0
2012-08-28,23.5,23.5,23.5,23.5,13.074527,0,0.0,0.0
2012-08-29,23.5,23.5,23.5,23.5,13.074527,0,0.0,0.0
2012-08-30,23.5,23.5,23.5,23.5,13.074527,600,0.0,0.0
2012-08-31,23.5,23.5,23.5,23.5,13.074527,500,0.0,0.0
2012-09-04,23.379999,23.4,23.299999,23.299999,12.963255,600,0.0,0.0
2012-09-05,23.200001,23.200001,23.200001,23.200001,12.907622,600,0.0,0.0
2012-09-06,23.25,23.25,23.25,23.25,12.935436,200,0.0,0.0
2012-09-07,23.25,23.25,23.25,23.25,12.935436,0,0.0,0.0
2012-09-10,23.25,23.25,23.25,23.25,12.935436,200,0.0,0.0
2012-09-11,23.25,23.25,23.25,23.25,12.935436,0,0.0,0.0
2012-09-12,23.25,23.25,23.25,23.25,13.081728,500,0.26,0.0
2012-09-13,24.950001,24.950001,24.25,24.25,13.644377,1100,0.0,0.0
2012-09-14,24.25,24.25,24.25,24.25,13.644377,0,0.0,0.0
2012-09-17,24.25,24.25,24.25,24.25,13.644377,0,0.0,0.0
2012-09-18,24.25,24.25,24.25,24.25,13.644377,0,0.0,0.0
2012-09-19,23.99,23.99,23.99,23.99,13.498092,100,0.0,0.0
2012-09-20,23.5,23.5,23.5,23.5,13.222389,900,0.0,0.0
2012-09-21,24.0,24.950001,24.0,24.950001,14.03824,400,0.0,0.0
2012-09-24,24.950001,24.950001,24.950001,24.950001,14.03824,0,0.0,0.0
2012-09-25,24.950001,24.950001,24.950001,24.950001,14.03824,0,0.0,0.0
2012-09-26,23.51,23.51,23.51,23.51,13.228013,200,0.0,0.0
2012-09-27,23.75,23.75,23.75,23.75,13.363055,100,0.0,0.0
2012-09-28,24.950001,24.950001,24.950001,24.950001,14.03824,600,0.0,0.0
2012-10-01,24.950001,24.950001,24.950001,24.950001,14.03824,300,0.0,0.0
2012-10-02,23.809999,23.809999,23.809999,23.809999,13.396812,200,0.0,0.0
2012-10-03,23.809999,23.809999,23.809999,23.809999,13.396812,0,0.0,0.0
2012-10-04,23.809999,23.809999,23.809999,23.809999,13.396812,0,0.0,0.0
2012-10-05,23.809999,23.809999,23.809999,23.809999,13.396812,0,0.0,0.0
2012-10-08,23.809999,23.809999,23.809999,23.809999,13.396812,0,0.0,0.0
2012-10-09,23.809999,23.809999,23.809999,23.809999,13.396812,0,0.0,0.0
2012-10-10,24.940001,24.940001,24.940001,24.940001,14.032616,200,0.0,0.0
2012-10-11,24.0,24.0,24.0,24.0,13.503718,400,0.0,0.0
2012-10-12,24.0,24.0,24.0,24.0,13.503718,0,0.0,0.0
2012-10-15,24.0,24.0,24.0,24.0,13.503718,0,0.0,0.0
2012-10-16,24.0,24.0,24.0,24.0,13.503718,0,0.0,0.0
2012-10-17,24.0,24.0,24.0,24.0,13.503718,0,0.0,0.0
2012-10-18,24.950001,24.950001,24.950001,24.950001,14.03824,200,0.0,0.0
2012-10-19,24.75,24.75,24.75,24.75,13.925707,1100,0.0,0.0
2012-10-22,24.5,24.5,24.5,24.5,13.785047,1500,0.0,0.0
2012-10-23,24.5,24.5,24.5,24.5,13.785047,0,0.0,0.0
2012-10-24,24.5,24.5,24.5,24.5,13.785047,0,0.0,0.0
2012-10-25,23.549999,24.0,23.549999,24.0,13.503718,2100,0.0,0.0
2012-10-26,23.799999,23.799999,23.5,23.700001,13.334921,500,0.0,0.0
2012-10-31,23.700001,23.700001,23.700001,23.700001,13.334921,0,0.0,0.0
2012-11-01,23.700001,23.700001,23.700001,23.700001,13.334921,300,0.0,0.0
2012-11-02,23.700001,23.700001,23.700001,23.700001,13.334921,100,0.0,0.0
2012-11-05,23.700001,23.700001,23.700001,23.700001,13.334921,0,0.0,0.0
2012-11-06,23.700001,23.700001,23.700001,23.700001,13.334921,400,0.0,0.0
2012-11-07,23.15,23.6,23.15,23.6,13.278651,3200,0.0,0.0
2012-11-08,23.700001,23.700001,23.25,23.25,13.081728,400,0.0,0.0
2012-11-09,23.25,23.25,23.25,23.25,13.081728,800,0.0,0.0
2012-11-12,23.25,23.25,23.25,23.25,13.081728,0,0.0,0.0
2012-11-13,23.25,23.25,23.25,23.25,13.081728,0,0.0,0.0
2012-11-14,23.25,23.25,23.25,23.25,13.081728,0,0.0,0.0
2012-11-15,23.25,23.25,23.25,23.25,13.081728,0,0.0,0.0
2012-11-16,23.25,23.25,23.25,23.25,13.081728,0,0.0,0.0
2012-11-19,23.5,23.5,23.5,23.5,13.222389,500,0.0,0.0
2012-11-20,23.5,23.5,23.5,23.5,13.222389,0,0.0,0.0
2012-11-21,23.5,23.5,23.5,23.5,13.222389,0,0.0,0.0
2012-11-23,23.5,23.5,23.5,23.5,13.222389,0,0.0,0.0
2012-11-26,23.450001,23.450001,23.25,23.25,13.081728,1200,0.0,0.0
2012-11-27,23.25,23.450001,22.799999,23.0,12.941065,5700,0.0,0.0
2012-11-28,23.0,23.0,22.85,22.9,12.884799,3700,0.0,0.0
2012-11-29,23.15,23.4,23.15,23.4,13.166123,700,0.0,0.0
2012-11-30,23.15,23.4,23.15,23.4,13.166123,1200,0.0,0.0
2012-12-03,23.4,23.4,23.4,23.4,13.166123,0,0.0,0.0
2012-12-04,23.450001,23.5,23.450001,23.5,13.222389,5400,0.0,0.0
2012-12-05,23.5,23.5,23.5,23.5,13.222389,0,0.0,0.0
2012-12-06,23.35,23.75,23.35,23.75,13.363055,800,0.0,0.0
2012-12-07,23.200001,23.5,23.15,23.5,13.222389,1100,0.0,0.0
2012-12-10,23.5,23.5,23.5,23.5,13.222389,100,0.0,0.0
2012-12-11,23.700001,23.700001,23.5,23.5,13.222389,800,0.0,0.0
2012-12-12,23.75,23.75,23.0,23.5,13.370315,2600,0.26,0.0
2012-12-13,23.5,23.75,23.5,23.5,13.370315,2300,0.0,0.0
2012-12-14,23.5,23.5,23.5,23.5,13.370315,900,0.0,0.0
2012-12-17,23.5,23.5,23.5,23.5,13.370315,100,0.0,0.0
2012-12-18,23.25,23.5,23.0,23.049999,13.114287,2500,0.0,0.0
2012-12-19,23.75,23.75,23.75,23.75,13.512548,100,0.0,0.0
2012-12-20,23.5,23.5,23.0,23.049999,13.114287,6100,0.0,0.0
2012-12-21,23.0,23.0,23.0,23.0,13.085838,100,0.0,0.0
2012-12-24,23.1,23.1,23.01,23.01,13.09153,400,0.0,0.0
2012-12-26,23.01,23.01,23.01,23.01,13.09153,0,0.0,0.0
2012-12-27,23.25,23.4,23.25,23.4,13.313416,1300,0.0,0.0
2012-12-28,23.4,23.450001,23.4,23.450001,13.341869,700,0.0,0.0
2012-12-31,23.450001,23.450001,23.450001,23.450001,13.341869,0,0.0,0.0
2013-01-02,23.450001,23.450001,23.450001,23.450001,13.341869,0,0.0,0.0
2013-01-03,23.4,23.450001,23.4,23.450001,13.341869,500,0.0,0.0
2013-01-04,23.450001,23.450001,23.450001,23.450001,13.341869,0,0.0,0.0
2013-01-07,23.5,23.5,23.5,23.5,13.370315,100,0.0,0.0
2013-01-08,23.15,23.450001,23.15,23.450001,13.341869,500,0.0,0.0
2013-01-09,23.450001,23.450001,23.450001,23.450001,13.341869,0,0.0,0.0
2013-01-10,23.450001,23.450001,23.450001,23.450001,13.341869,0,0.0,0.0
2013-01-11,23.450001,23.450001,23.450001,23.450001,13.341869,300,0.0,0.0
2013-01-14,23.5,23.5,23.5,23.5,13.370315,100,0.0,0.0
2013-01-15,23.5,23.5,23.5,23.5,13.370315,0,0.0,0.0
2013-01-16,23.5,23.5,23.5,23.5,13.370315,0,0.0,0.0
2013-01-17,23.5,23.5,23.5,23.5,13.370315,200,0.0,0.0
2013-01-18,23.299999,23.299999,23.25,23.25,13.228078,1000,0.0,0.0
2013-01-22,23.5,23.5,23.5,23.5,13.370315,100,0.0,0.0
2013-01-23,23.5,23.5,23.5,23.5,13.370315,300,0.0,0.0
2013-01-24,23.0,23.5,23.0,23.5,13.370315,1700,0.0,0.0
2013-01-25,23.25,23.5,23.25,23.5,13.370315,1200,0.0,0.0
2013-01-28,23.280001,23.280001,23.01,23.01,13.09153,800,0.0,0.0
2013-01-29,23.5,23.6,23.5,23.6,13.427209,500,0.0,0.0
2013-01-30,23.6,23.6,23.6,23.6,13.427209,0,0.0,0.0
2013-01-31,23.6,23.6,23.6,23.6,13.427209,0,0.0,0.0
2013-02-01,23.6,23.6,23.01,23.5,13.370315,2600,0.0,0.0
2013-02-04,23.440001,23.440001,23.440001,23.440001,13.336178,100,0.0,0.0
2013-02-05,23.6,23.6,23.5,23.5,13.370315,1300,0.0,0.0
2013-02-06,23.5,23.5,23.5,23.5,13.370315,0,0.0,0.0
2013-02-07,23.5,23.5,23.5,23.5,13.370315,0,0.0,0.0
2013-02-08,23.549999,23.549999,23.01,23.01,13.09153,700,0.0,0.0
2013-02-11,23.01,23.01,23.01,23.01,13.09153,0,0.0,0.0
2013-02-12,23.4,23.6,23.4,23.6,13.427209,1400,0.0,0.0
2013-02-13,23.6,23.6,23.5,23.5,13.370315,900,0.0,0.0
2013-02-14,23.5,23.5,23.129999,23.129999,13.159802,700,0.0,0.0
2013-02-15,23.299999,23.299999,23.299999,23.299999,13.256527,600,0.0,0.0
2013-02-19,23.700001,23.700001,23.5,23.5,13.370315,600,0.0,0.0
2013-02-20,23.700001,23.700001,23.700001,23.700001,13.484104,500,0.0,0.0
2013-02-21,23.700001,23.700001,23.700001,23.700001,13.484104,0,0.0,0.0
2013-02-22,23.700001,23.700001,23.700001,23.700001,13.484104,0,0.0,0.0
2013-02-25,23.700001,23.700001,23.700001,23.700001,13.484104,100,0.0,0.0
2013-02-26,23.700001,23.799999,23.700001,23.799999,13.541001,3500,0.0,0.0
2013-02-27,23.799999,23.799999,23.799999,23.799999,13.541001,500,0.0,0.0
2013-02-28,23.799999,23.799999,23.799999,23.799999,13.541001,0,0.0,0.0
2013-03-01,23.799999,23.799999,23.799999,23.799999,13.541001,0,0.0,0.0
2013-03-04,23.799999,24.25,23.799999,24.25,13.797026,800,0.0,0.0
2013-03-05,24.35,24.35,24.35,24.35,13.853925,300,0.0,0.0
2013-03-06,24.450001,24.450001,24.450001,24.450001,13.910823,100,0.0,0.0
2013-03-07,24.4,24.450001,23.51,24.25,13.797026,3000,0.0,0.0
2013-03-08,24.75,25.0,24.74,25.0,14.223741,1700,0.0,0.0
2013-03-11,25.0,25.0,25.0,25.0,14.223741,0,0.0,0.0
2013-03-12,25.1,25.1,24.4,24.4,13.882369,800,0.0,0.0
2013-03-13,24.25,24.25,23.799999,23.799999,13.692517,600,0.27,0.0
2013-03-14,23.799999,23.799999,23.799999,23.799999,13.692517,0,0.0,0.0
2013-03-15,23.799999,23.799999,23.799999,23.799999,13.692517,0,0.0,0.0
2013-03-18,23.799999,23.799999,23.799999,23.799999,13.692517,0,0.0,0.0
2013-03-19,23.85,24.25,23.85,23.85,13.721282,500,0.0,0.0
2013-03-20,23.85,23.85,23.85,23.85,13.721282,0,0.0,0.0
2013-03-21,23.85,23.85,23.85,23.85,13.721282,100,0.0,0.0
2013-03-22,23.85,24.0,23.85,24.0,13.807583,900,0.0,0.0
2013-03-25,24.0,24.5,24.0,24.5,14.095243,300,0.0,0.0
2013-03-26,24.5,24.5,24.5,24.5,14.095243,0,0.0,0.0
2013-03-27,24.5,24.5,24.5,24.5,14.095243,0,0.0,0.0
2013-03-28,24.5,24.700001,24.0,24.0,13.807583,1000,0.0,0.0
2013-04-01,24.0,24.0,24.0,24.0,13.807583,0,0.0,0.0
2013-04-02,24.799999,24.799999,24.799999,24.799999,14.267833,300,0.0,0.0
2013-04-03,24.799999,24.799999,24.799999,24.799999,14.267833,0,0.0,0.0
2013-04-04,24.799999,24.799999,24.799999,24.799999,14.267833,200,0.0,0.0
2013-04-05,24.9,24.9,24.9,24.9,14.325364,100,0.0,0.0
2013-04-08,24.75,24.799999,24.75,24.799999,14.267833,800,0.0,0.0
2013-04-09,24.799999,24.799999,24.799999,24.799999,14.267833,0,0.0,0.0
2013-04-10,24.950001,24.950001,24.950001,24.950001,14.354135,500,0.0,0.0
2013-04-11,24.85,24.85,24.85,24.85,14.296598,200,0.0,0.0
2013-04-12,24.85,24.85,24.85,24.85,14.296598,0,0.0,0.0
2013-04-15,24.85,24.85,24.799999,24.799999,14.267833,700,0.0,0.0
2013-04-16,24.799999,24.799999,24.799999,24.799999,14.267833,0,0.0,0.0
2013-04-17,24.799999,24.799999,24.700001,24.700001,14.2103,3900,0.0,0.0
2013-04-18,24.5,24.5,24.059999,24.1,13.865114,1400,0.0,0.0
2013-04-19,24.25,24.25,24.25,24.25,13.951406,200,0.0,0.0
2013-04-22,24.1,24.1,24.059999,24.059999,13.842094,1000,0.0,0.0
2013-04-23,24.059999,24.059999,24.059999,24.059999,13.842094,0,0.0,0.0
2013-04-24,24.139999,24.139999,24.139999,24.139999,13.888124,1200,0.0,0.0
2013-04-25,24.15,24.15,24.15,24.15,13.893874,500,0.0,0.0
2013-04-26,24.15,24.15,24.15,24.15,13.893874,0,0.0,0.0
2013-04-29,24.15,24.15,24.15,24.15,13.893874,300,0.0,0.0
2013-04-30,24.5,24.799999,24.5,24.799999,14.267833,900,0.0,0.0
2013-05-01,24.299999,24.299999,24.299999,24.299999,13.980172,300,0.0,0.0
2013-05-02,24.299999,24.299999,24.299999,24.299999,13.980172,1400,0.0,0.0
2013-05-03,24.299999,24.299999,24.299999,24.299999,13.980172,0,0.0,0.0
2013-05-06,24.299999,24.299999,24.299999,24.299999,13.980172,0,0.0,0.0
2013-05-07,24.5,24.5,24.5,24.5,14.095243,1000,0.0,0.0
2013-05-08,24.799999,24.799999,24.5,24.5,14.095243,300,0.0,0.0
2013-05-09,24.799999,24.799999,24.799999,24.799999,14.267833,100,0.0,0.0
2013-05-10,24.799999,24.799999,24.799999,24.799999,14.267833,0,0.0,0.0
2013-05-13,24.799999,24.9,24.65,24.799999,14.267833,22500,0.0,0.0
2013-05-14,24.9,25.1,24.9,25.0,14.382895,2600,0.0,0.0
2013-05-15,25.0,25.0,25.0,25.0,14.382895,0,0.0,0.0
2013-05-16,25.0,25.0,25.0,25.0,14.382895,100,0.0,0.0
2013-05-17,25.0,25.0,25.0,25.0,14.382895,300,0.0,0.0
2013-05-20,25.0,25.0,24.5,24.5,14.095243,300,0.0,0.0
2013-05-21,24.5,24.5,24.5,24.5,14.095243,0,0.0,0.0
2013-05-22,24.6,24.6,24.6,24.6,14.152772,800,0.0,0.0
2013-05-23,24.6,24.6,24.6,24.6,14.152772,0,0.0,0.0
2013-05-24,24.6,24.6,24.6,24.6,14.152772,0,0.0,0.0
2013-05-28,25.0,25.0,25.0,25.0,14.382895,100,0.0,0.0
2013-05-29,25.0,25.0,25.0,25.0,14.382895,0,0.0,0.0
2013-05-30,24.700001,24.719999,24.700001,24.700001,14.2103,400,0.0,0.0
2013-05-31,24.6,24.6,24.08,24.25,13.951406,4500,0.0,0.0
2013-06-03,24.15,24.15,24.15,24.15,13.893874,200,0.0,0.0
2013-06-04,24.450001,24.799999,24.450001,24.799999,14.267833,1300,0.0,0.0
2013-06-05,24.65,24.65,24.65,24.65,14.181536,400,0.0,0.0
2013-06-06,24.5,24.5,24.25,24.25,13.951406,300,0.0,0.0
2013-06-07,24.15,24.799999,24.15,24.75,14.239066,4300,0.0,0.0
2013-06-10,24.75,24.75,24.75,24.75,14.239066,0,0.0,0.0
2013-06-11,24.25,24.25,24.25,24.25,13.951406,400,0.0,0.0
2013-06-12,24.75,24.75,24.75,24.75,14.39939,400,0.27,0.0
2013-06-13,24.75,24.75,24.75,24.75,14.39939,0,0.0,0.0
2013-06-14,24.5,24.5,24.5,24.5,14.253947,100,0.0,0.0
2013-06-17,24.5,24.5,24.5,24.5,14.253947,0,0.0,0.0
2013-06-18,24.5,24.5,24.5,24.5,14.253947,0,0.0,0.0
2013-06-19,24.5,24.5,24.5,24.5,14.253947,700,0.0,0.0
2013-06-20,24.5,24.5,24.5,24.5,14.253947,0,0.0,0.0
2013-06-21,24.1,24.1,24.1,24.1,14.021228,200,0.0,0.0
2013-06-24,24.1,24.1,24.1,24.1,14.021228,1100,0.0,0.0
2013-06-25,24.4,24.5,24.4,24.5,14.253947,400,0.0,0.0
2013-06-26,24.5,24.5,24.5,24.5,14.253947,0,0.0,0.0
2013-06-27,24.1,24.1,24.1,24.1,14.021228,400,0.0,0.0
2013-06-28,24.450001,24.5,24.450001,24.5,14.253947,700,0.0,0.0
2013-07-01,24.5,24.6,24.360001,24.6,14.312125,500,0.0,0.0
2013-07-02,24.6,24.6,24.5,24.5,14.253947,2200,0.0,0.0
2013-07-03,24.700001,24.9,24.700001,24.9,14.486659,300,0.0,0.0
2013-07-05,24.9,24.9,24.9,24.9,14.486659,0,0.0,0.0
2013-07-08,24.9,24.9,24.9,24.9,14.486659,0,0.0,0.0
2013-07-09,24.9,24.9,24.9,24.9,14.486659,0,0.0,0.0
2013-07-10,24.9,24.9,24.9,24.9,14.486659,200,0.0,0.0
2013-07-11,24.700001,24.700001,24.700001,24.700001,14.370301,500,0.0,0.0
2013-07-12,24.700001,24.700001,24.700001,24.700001,14.370301,300,0.0,0.0
2013-07-15,24.700001,24.700001,24.700001,24.700001,14.370301,0,0.0,0.0
2013-07-16,24.700001,24.700001,24.700001,24.700001,14.370301,0,0.0,0.0
2013-07-17,24.700001,24.700001,24.700001,24.700001,14.370301,0,0.0,0.0
2013-07-18,24.75,24.9,24.75,24.9,14.486659,1200,0.0,0.0
2013-07-19,24.950001,25.0,24.950001,25.0,14.544836,500,0.0,0.0
2013-07-22,25.049999,25.049999,25.049999,25.049999,14.57393,400,0.0,0.0
2013-07-23,25.15,25.15,25.15,25.15,14.632106,200,0.0,0.0
2013-07-24,25.1,25.200001,25.1,25.200001,14.661201,800,0.0,0.0
2013-07-25,25.200001,25.200001,25.200001,25.200001,14.661201,400,0.0,0.0
2013-07-26,25.5,25.5,24.75,25.1,14.603017,1400,0.0,0.0
2013-07-29,25.1,25.1,25.1,25.1,14.603017,0,0.0,0.0
2013-07-30,25.1,25.1,25.1,25.1,14.603017,0,0.0,0.0
2013-07-31,25.0,25.0,25.0,25.0,14.544836,2000,0.0,0.0
2013-08-01,24.75,24.9,24.75,24.9,14.486659,700,0.0,0.0
2013-08-02,25.0,25.0,24.75,24.75,14.39939,200,0.0,0.0
2013-08-05,24.75,24.75,24.75,24.75,14.39939,0,0.0,0.0
2013-08-06,24.75,24.75,24.75,24.75,14.39939,0,0.0,0.0
2013-08-07,24.780001,24.9,24.75,24.9,14.486659,900,0.0,0.0
2013-08-08,24.530001,24.530001,24.530001,24.530001,14.271393,300,0.0,0.0
2013-08-09,24.530001,24.530001,24.530001,24.530001,14.271393,0,0.0,0.0
2013-08-12,24.540001,24.540001,24.530001,24.530001,14.271393,1000,0.0,0.0
2013-08-13,24.5,24.5,24.25,24.25,14.10849,2700,0.0,0.0
2013-08-14,24.299999,24.299999,24.299999,24.299999,14.13758,100,0.0,0.0
2013-08-15,24.299999,24.299999,24.299999,24.299999,14.13758,0,0.0,0.0
2013-08-16,24.299999,24.299999,24.299999,24.299999,14.13758,0,0.0,0.0
2013-08-19,24.35,24.35,24.15,24.15,14.05031,800,0.0,0.0
2013-08-20,24.15,24.15,24.15,24.15,14.05031,200,0.0,0.0
2013-08-21,24.15,24.15,24.15,24.15,14.05031,200,0.0,0.0
2013-08-22,24.15,24.15,24.15,24.15,14.05031,0,0.0,0.0
2013-08-23,24.15,24.15,24.15,24.15,14.05031,100,0.0,0.0
2013-08-26,24.15,24.15,24.110001,24.110001,14.02704,500,0.0,0.0
2013-08-27,24.110001,24.110001,24.110001,24.110001,14.02704,0,0.0,0.0
2013-08-28,24.110001,24.110001,24.110001,24.110001,14.02704,300,0.0,0.0
2013-08-29,24.110001,24.110001,24.1,24.1,14.021228,1000,0.0,0.0
2013-08-30,24.129999,24.129999,24.129999,24.129999,14.038678,200,0.0,0.0
2013-09-03,24.25,24.25,24.25,24.25,14.10849,1000,0.0,0.0
2013-09-04,24.25,24.6,24.25,24.6,14.312125,3000,0.0,0.0
2013-09-05,24.6,24.6,24.6,24.6,14.312125,0,0.0,0.0
2013-09-06,24.6,24.6,24.6,24.6,14.312125,0,0.0,0.0
2013-09-09,24.75,24.75,24.75,24.75,14.39939,200,0.0,0.0
2013-09-10,24.530001,24.530001,24.25,24.25,14.10849,500,0.0,0.0
2013-09-11,24.25,24.25,24.25,24.25,14.267345,0,0.27,0.0
2013-09-12,24.25,24.25,24.25,24.25,14.267345,1800,0.0,0.0
2013-09-13,24.25,24.25,24.25,24.25,14.267345,0,0.0,0.0
2013-09-16,24.25,24.25,24.25,24.25,14.267345,0,0.0,0.0
2013-09-17,24.25,24.25,24.25,24.25,14.267345,0,0.0,0.0
2013-09-18,24.5,24.5,24.5,24.5,14.414433,1300,0.0,0.0
2013-09-19,24.5,24.5,24.5,24.5,14.414433,100,0.0,0.0
2013-09-20,24.5,24.5,24.5,24.5,14.414433,0,0.0,0.0
2013-09-23,24.5,24.5,24.49,24.49,14.408552,400,0.0,0.0
2013-09-24,24.49,24.49,24.49,24.49,14.408552,0,0.0,0.0
2013-09-25,24.49,24.49,24.49,24.49,14.408552,0,0.0,0.0
2013-09-26,24.49,24.49,24.49,24.49,14.408552,0,0.0,0.0
2013-09-27,24.4,24.450001,24.4,24.450001,14.385022,600,0.0,0.0
2013-09-30,24.450001,24.450001,24.450001,24.450001,14.385022,0,0.0,0.0
2013-10-01,24.15,24.15,24.15,24.15,14.208511,100,0.0,0.0
2013-10-02,24.450001,24.450001,24.450001,24.450001,14.385022,200,0.0,0.0
2013-10-03,24.450001,24.450001,24.450001,24.450001,14.385022,0,0.0,0.0
2013-10-04,24.450001,24.450001,24.450001,24.450001,14.385022,0,0.0,0.0
2013-10-07,24.450001,24.450001,24.450001,24.450001,14.385022,0,0.0,0.0
2013-10-08,24.450001,24.450001,24.450001,24.450001,14.385022,0,0.0,0.0
2013-10-09,24.299999,24.299999,24.299999,24.299999,14.296763,100,0.0,0.0
2013-10-10,24.299999,24.299999,24.299999,24.299999,14.296763,0,0.0,0.0
2013-10-11,24.15,24.15,24.15,24.15,14.208511,400,0.0,0.0
2013-10-14,24.15,24.15,24.15,24.15,14.208511,0,0.0,0.0
2013-10-15,24.15,24.15,24.15,24.15,14.208511,0,0.0,0.0
2013-10-16,24.15,24.15,24.15,24.15,14.208511,0,0.0,0.0
2013-10-17,24.15,24.15,24.15,24.15,14.208511,0,0.0,0.0
2013-10-18,24.15,24.15,24.15,24.15,14.208511,0,0.0,0.0
2013-10-21,24.15,24.15,24.15,24.15,14.208511,0,0.0,0.0
2013-10-22,24.200001,24.200001,24.15,24.15,14.208511,500,0.0,0.0
2013-10-23,24.15,24.5,24.1,24.5,14.414433,4500,0.0,0.0
2013-10-24,24.65,24.65,24.5,24.5,14.414433,5600,0.0,0.0
2013-10-25,24.49,24.65,24.4,24.49,14.408552,8300,0.0,0.0
2013-10-28,24.549999,24.549999,24.450001,24.450001,14.385022,2200,0.0,0.0
2013-10-29,24.4,24.4,24.4,24.4,14.355597,100,0.0,0.0
2013-10-30,24.4,24.4,24.4,24.4,14.355597,0,0.0,0.0
2013-10-31,24.41,24.549999,24.25,24.4,14.355597,12200,0.0,0.0
2013-11-01,24.5,24.5,24.5,24.5,14.414433,600,0.0,0.0
2013-11-04,24.5,24.5,24.5,24.5,14.414433,300,0.0,0.0
2013-11-05,24.65,24.65,24.65,24.65,14.502684,10000,0.0,0.0
2013-11-06,24.65,24.65,24.65,24.65,14.502684,0,0.0,0.0
2013-11-07,24.5,24.799999,24.5,24.799999,14.590937,600,0.0,0.0
2013-11-08,24.75,24.9,24.75,24.9,14.649766,5400,0.0,0.0
2013-11-11,24.950001,24.950001,24.75,24.75,14.561518,5200,0.0,0.0
2013-11-12,24.75,24.75,24.75,24.75,14.561518,0,0.0,0.0
2013-11-13,24.75,24.75,24.75,24.75,14.561518,200,0.0,0.0
2013-11-14,24.9,24.9,24.9,24.9,14.649766,500,0.0,0.0
2013-11-15,24.9,25.0,24.9,25.0,14.708601,3500,0.0,0.0
2013-11-18,24.75,24.75,24.75,24.75,14.561518,300,0.0,0.0
2013-11-19,24.75,24.75,24.75,24.75,14.561518,0,0.0,0.0
2013-11-20,24.75,24.75,24.75,24.75,14.561518,0,0.0,0.0
2013-11-21,24.75,24.75,24.75,24.75,14.561518,0,0.0,0.0
2013-11-22,24.75,24.75,24.75,24.75,14.561518,0,0.0,0.0
2013-11-25,24.75,24.75,24.75,24.75,14.561518,0,0.0,0.0
2013-11-26,24.75,24.75,24.75,24.75,14.561518,0,0.0,0.0
2013-11-27,24.9,24.9,24.9,24.9,14.649766,300,0.0,0.0
2013-11-29,24.9,24.9,24.9,24.9,14.649766,400,0.0,0.0
2013-12-02,24.799999,24.9,24.799999,24.9,14.649766,1100,0.0,0.0
2013-12-03,24.9,24.9,24.9,24.9,14.649766,0,0.0,0.0
2013-12-04,24.9,24.9,24.9,24.9,14.649766,0,0.0,0.0
2013-12-05,25.040001,25.040001,25.040001,25.040001,14.732139,200,0.0,0.0
2013-12-06,24.799999,25.030001,24.799999,25.030001,14.726254,24100,0.0,0.0
2013-12-09,25.030001,25.030001,25.030001,25.030001,14.726254,0,0.0,0.0
2013-12-10,25.030001,25.030001,25.030001,25.030001,14.726254,0,0.0,0.0
2013-12-11,25.030001,25.030001,25.030001,25.030001,14.886842,0,0.27,0.0
2013-12-12,25.16,25.17,25.16,25.17,14.970112,2300,0.0,0.0
2013-12-13,25.139999,25.139999,25.1,25.1,14.928472,1600,0.0,0.0
2013-12-16,25.200001,25.200001,24.809999,24.9,14.809518,5700,0.0,0.0
2013-12-17,24.9,24.9,24.9,24.9,14.809518,0,0.0,0.0
2013-12-18,25.15,25.15,25.15,25.15,14.958212,2300,0.0,0.0
2013-12-19,25.02,25.049999,25.02,25.049999,14.89873,1900,0.0,0.0
2013-12-20,25.200001,25.200001,25.200001,25.200001,14.987953,200,0.0,0.0
2013-12-23,25.200001,25.200001,25.200001,25.200001,14.987953,200,0.0,0.0
2013-12-24,25.200001,25.200001,25.200001,25.200001,14.987953,0,0.0,0.0
2013-12-26,25.200001,25.200001,25.200001,25.200001,14.987953,0,0.0,0.0
2013-12-27,25.23,25.75,25.23,25.75,15.315069,600,0.0,0.0
2013-12-30,25.75,25.75,25.75,25.75,15.315069,0,0.0,0.0
2013-12-31,25.299999,25.299999,25.299999,25.299999,15.047423,2400,0.0,0.0
2014-01-02,25.4,25.4,25.4,25.4,15.106901,400,0.0,0.0
2014-01-03,25.6,25.6,25.4,25.549999,15.196114,10600,0.0,0.0
2014-01-06,25.549999,25.549999,25.549999,25.549999,15.196114,0,0.0,0.0
2014-01-07,25.5,25.5,25.5,25.5,15.166383,500,0.0,0.0
2014-01-08,25.5,25.5,25.5,25.5,15.166383,0,0.0,0.0
2014-01-09,25.5,25.5,25.5,25.5,15.166383,700,0.0,0.0
2014-01-10,25.549999,25.549999,25.549999,25.549999,15.196114,200,0.0,0.0
2014-01-13,25.549999,25.549999,25.549999,25.549999,15.196114,0,0.0,0.0
2014-01-14,25.549999,25.549999,25.549999,25.549999,15.196114,200,0.0,0.0
2014-01-15,25.549999,25.549999,25.549999,25.549999,15.196114,0,0.0,0.0
2014-01-16,25.26,25.450001,25.26,25.450001,15.136638,200,0.0,0.0
2014-01-17,25.450001,25.450001,25.450001,25.450001,15.136638,200,0.0,0.0
2014-01-21,25.450001,25.450001,25.450001,25.450001,15.136638,100,0.0,0.0
2014-01-22,25.549999,25.549999,25.549999,25.549999,15.196114,200,0.0,0.0
2014-01-23,25.549999,25.549999,25.549999,25.549999,15.196114,0,0.0,0.0
2014-01-24,25.549999,25.549999,25.549999,25.549999,15.196114,0,0.0,0.0
2014-01-27,25.25,25.25,25.25,25.25,15.017685,1100,0.0,0.0
2014-01-28,25.25,25.25,25.25,25.25,15.017685,0,0.0,0.0
2014-01-29,25.25,25.25,25.25,25.25,15.017685,0,0.0,0.0
2014-01-30,25.25,25.25,25.16,25.16,14.964157,300,0.0,0.0
2014-01-31,25.16,25.16,25.16,25.16,14.964157,0,0.0,0.0
2014-02-03,25.17,25.17,25.17,25.17,14.970112,100,0.0,0.0
2014-02-04,25.17,25.17,25.17,25.17,14.970112,100,0.0,0.0
2014-02-05,25.17,25.17,25.17,25.17,14.970112,0,0.0,0.0
2014-02-06,25.25,25.25,25.25,25.25,15.017685,1000,0.0,0.0
2014-02-07,25.25,25.25,25.25,25.25,15.017685,0,0.0,0.0
2014-02-10,25.25,25.299999,25.25,25.299999,15.047423,2200,0.0,0.0
2014-02-11,25.309999,25.35,25.309999,25.35,15.077168,4100,0.0,0.0
2014-02-12,25.35,25.35,25.35,25.35,15.077168,5000,0.0,0.0
2014-02-13,25.5,25.5,25.35,25.35,15.077168,1500,0.0,0.0
2014-02-14,25.35,25.35,25.35,25.35,15.077168,0,0.0,0.0
2014-02-18,25.35,25.4,25.25,25.35,15.077168,6900,0.0,0.0
2014-02-19,25.35,25.35,25.35,25.35,15.077168,2500,0.0,0.0
2014-02-20,25.35,25.35,25.35,25.35,15.077168,0,0.0,0.0
2014-02-21,25.35,25.35,25.35,25.35,15.077168,5000,0.0,0.0
2014-02-24,25.25,28.0,25.25,28.0,16.653278,16200,0.0,0.0
2014-02-25,28.0,28.0,28.0,28.0,16.653278,0,0.0,0.0
2014-02-26,26.0,26.5,26.0,26.0,15.463757,1200,0.0,0.0
2014-02-27,26.0,26.0,25.5,25.5,15.166383,300,0.0,0.0
2014-02-28,25.5,25.5,25.5,25.5,15.166383,0,0.0,0.0
2014-03-03,25.459999,25.459999,25.459999,25.459999,15.142587,100,0.0,0.0
2014-03-04,25.4,25.4,25.4,25.4,15.106901,200,0.0,0.0
2014-03-05,25.4,25.4,25.4,25.4,15.106901,0,0.0,0.0
2014-03-06,25.4,25.4,25.4,25.4,15.106901,0,0.0,0.0
2014-03-07,25.5,25.5,25.5,25.5,15.166383,500,0.0,0.0
2014-03-10,25.5,25.5,25.5,25.5,15.166383,0,0.0,0.0
2014-03-11,25.5,25.5,25.5,25.5,15.166383,0,0.0,0.0
2014-03-12,25.700001,25.790001,25.700001,25.790001,15.509156,3700,0.28,0.0
2014-03-13,25.790001,25.790001,25.790001,25.790001,15.509156,0,0.0,0.0
2014-03-14,25.790001,25.790001,25.790001,25.790001,15.509156,0,0.0,0.0
2014-03-17,25.299999,25.5,25.299999,25.5,15.334759,5700,0.0,0.0
2014-03-18,25.51,26.0,25.51,26.0,15.635437,800,0.0,0.0
2014-03-19,26.0,26.49,26.0,26.49,15.93011,1900,0.0,0.0
2014-03-20,26.0,26.0,26.0,26.0,15.635437,1300,0.0,0.0
2014-03-21,26.0,26.0,26.0,26.0,15.635437,3000,0.0,0.0
2014-03-24,26.0,26.0,26.0,26.0,15.635437,0,0.0,0.0
2014-03-25,26.049999,26.049999,26.0,26.0,15.635437,3000,0.0,0.0
2014-03-26,26.0,26.0,25.75,25.75,15.485101,2100,0.0,0.0
2014-03-27,25.75,25.75,25.75,25.75,15.485101,0,0.0,0.0
2014-03-28,27.9,27.9,27.9,27.9,16.778027,100,0.0,0.0
2014-03-31,27.9,27.9,27.9,27.9,16.778027,0,0.0,0.0
2014-04-01,26.01,26.01,26.0,26.0,15.635437,1000,0.0,0.0
2014-04-02,26.0,26.0,26.0,26.0,15.635437,0,0.0,0.0
2014-04-03,26.18,26.23,26.0,26.120001,15.70761,1200,0.0,0.0
2014-04-04,26.120001,26.120001,26.1,26.1,15.695575,1400,0.0,0.0
2014-04-07,26.1,26.1,26.1,26.1,15.695575,0,0.0,0.0
2014-04-08,26.1,26.1,26.1,26.1,15.695575,0,0.0,0.0
2014-04-09,26.1,26.1,26.1,26.1,15.695575,0,0.0,0.0
2014-04-10,26.25,26.25,26.1,26.1,15.695575,6700,0.0,0.0
2014-04-11,26.1,26.1,26.1,26.1,15.695575,0,0.0,0.0
2014-04-14,26.1,26.1,26.1,26.1,15.695575,0,0.0,0.0
2014-04-15,26.1,26.1,26.1,26.1,15.695575,0,0.0,0.0
2014-04-16,26.1,26.1,26.1,26.1,15.695575,0,0.0,0.0
2014-04-17,26.1,26.1,26.1,26.1,15.695575,0,0.0,0.0
2014-04-21,26.299999,26.5,26.01,26.02,15.647467,1800,0.0,0.0
2014-04-22,26.02,26.02,26.02,26.02,15.647467,0,0.0,0.0
2014-04-23,26.5,26.5,26.5,26.5,15.936123,400,0.0,0.0
2014-04-24,26.02,26.02,26.02,26.02,15.647467,600,0.0,0.0
2014-04-25,26.5,26.5,26.0,26.0,15.635437,2500,0.0,0.0
2014-04-28,26.49,26.75,26.0,26.0,15.635437,4800,0.0,0.0
2014-04-29,26.549999,26.549999,26.549999,26.549999,15.966187,200,0.0,0.0
2014-04-30,26.549999,26.549999,26.549999,26.549999,15.966187,0,0.0,0.0
2014-05-01,26.059999,26.07,26.059999,26.07,15.677536,1100,0.0,0.0
2014-05-02,26.07,26.07,26.07,26.07,15.677536,0,0.0,0.0
2014-05-05,26.07,26.07,26.07,26.07,15.677536,100,0.0,0.0
2014-05-06,26.07,26.07,26.07,26.07,15.677536,0,0.0,0.0
2014-05-07,26.059999,26.059999,26.059999,26.059999,15.671518,100,0.0,0.0
2014-05-08,26.059999,26.059999,26.059999,26.059999,15.671518,0,0.0,0.0
2014-05-09,26.059999,26.059999,26.059999,26.059999,15.671518,0,0.0,0.0
2014-05-12,26.059999,26.059999,26.059999,26.059999,15.671518,0,0.0,0.0
2014-05-13,26.059999,26.059999,26.059999,26.059999,15.671518,0,0.0,0.0
2014-05-14,26.059999,26.059999,26.02,26.02,15.647467,1100,0.0,0.0
2014-05-15,26.02,26.02,26.02,26.02,15.647467,0,0.0,0.0
2014-05-16,26.059999,26.059999,26.059999,26.059999,15.671518,1000,0.0,0.0
2014-05-19,26.059999,26.059999,26.059999,26.059999,15.671518,0,0.0,0.0
2014-05-20,26.059999,26.059999,26.059999,26.059999,15.671518,100,0.0,0.0
2014-05-21,26.059999,26.059999,26.059999,26.059999,15.671518,0,0.0,0.0
2014-05-22,26.02,26.02,26.02,26.02,15.647467,100,0.0,0.0
2014-05-23,26.01,26.059999,26.01,26.059999,15.671518,1000,0.0,0.0
2014-05-27,26.559999,26.559999,26.059999,26.450001,15.906055,1500,0.0,0.0
2014-05-28,26.25,26.25,26.25,26.25,15.785779,100,0.0,0.0
2014-05-29,26.200001,26.200001,26.1,26.1,15.695575,500,0.0,0.0
2014-05-30,26.1,26.1,26.1,26.1,15.695575,600,0.0,0.0
2014-06-02,26.1,26.1,26.1,26.1,15.695575,0,0.0,0.0
2014-06-03,26.33,26.33,26.33,26.33,15.833898,200,0.0,0.0
2014-06-04,26.290001,26.299999,26.290001,26.299999,15.815845,2400,0.0,0.0
2014-06-05,26.280001,26.280001,26.280001,26.280001,15.803823,200,0.0,0.0
2014-06-06,26.1,26.299999,26.1,26.299999,15.815845,7000,0.0,0.0
2014-06-09,26.280001,26.299999,26.1,26.299999,15.815845,16400,0.0,0.0
2014-06-10,26.389999,26.4,26.389999,26.4,15.875984,2100,0.0,0.0
2014-06-11,26.4,26.4,26.4,26.4,16.046171,0,0.28,0.0
2014-06-12,26.4,26.4,26.25,26.25,15.955,4100,0.0,0.0
2014-06-13,26.25,26.25,26.25,26.25,15.955,0,0.0,0.0
2014-06-16,26.49,26.49,26.25,26.25,15.955,3100,0.0,0.0
2014-06-17,26.25,26.25,26.25,26.25,15.955,0,0.0,0.0
2014-06-18,26.25,26.25,26.25,26.25,15.955,700,0.0,0.0
2014-06-19,26.25,26.25,26.0,26.1,15.863832,5900,0.0,0.0
2014-06-20,26.1,26.1,26.1,26.1,15.863832,0,0.0,0.0
2014-06-23,26.1,26.1,26.0,26.0,15.80305,1800,0.0,0.0
2014-06-24,26.15,26.15,26.15,26.15,15.894217,100,0.0,0.0
2014-06-25,26.25,26.25,26.24,26.25,15.955,5000,0.0,0.0
2014-06-26,26.25,26.25,26.049999,26.25,15.955,8600,0.0,0.0
2014-06-27,26.32,26.5,26.25,26.5,16.106953,6600,0.0,0.0
2014-06-30,26.5,26.5,26.5,26.5,16.106953,0,0.0,0.0
2014-07-01,26.25,26.25,26.25,26.25,15.955,300,0.0,0.0
2014-07-02,26.25,26.25,26.25,26.25,15.955,0,0.0,0.0
2014-07-03,26.25,26.25,26.25,26.25,15.955,0,0.0,0.0
2014-07-07,26.450001,26.5,26.25,26.5,16.106953,1800,0.0,0.0
2014-07-08,26.549999,26.549999,26.450001,26.450001,16.076565,1700,0.0,0.0
2014-07-09,26.5,26.5,26.5,26.5,16.106953,300,0.0,0.0
2014-07-10,26.5,26.5,26.5,26.5,16.106953,0,0.0,0.0
2014-07-11,26.5,26.5,26.5,26.5,16.106953,200,0.0,0.0
2014-07-14,26.35,26.5,26.35,26.450001,16.076565,800,0.0,0.0
2014-07-15,26.549999,26.549999,26.549999,26.549999,16.137341,400,0.0,0.0
2014-07-16,26.549999,26.549999,26.549999,26.549999,16.137341,0,0.0,0.0
2014-07-17,26.549999,26.549999,26.549999,26.549999,16.137341,0,0.0,0.0
2014-07-18,26.549999,26.549999,26.549999,26.549999,16.137341,1000,0.0,0.0
2014-07-21,26.549999,26.549999,26.549999,26.549999,16.137341,300,0.0,0.0
2014-07-22,26.549999,26.549999,26.549999,26.549999,16.137341,0,0.0,0.0
2014-07-23,26.450001,26.620001,26.450001,26.620001,16.179895,900,0.0,0.0
2014-07-24,26.5,26.5,26.5,26.5,16.106953,200,0.0,0.0
2014-07-25,26.5,26.549999,26.5,26.549999,16.137341,7300,0.0,0.0
2014-07-28,26.549999,26.549999,26.549999,26.549999,16.137341,0,0.0,0.0
2014-07-29,26.549999,26.549999,26.549999,26.549999,16.137341,0,0.0,0.0
2014-07-30,26.75,26.75,26.51,26.51,16.113033,700,0.0,0.0
2014-07-31,26.51,26.51,26.51,26.51,16.113033,300,0.0,0.0
2014-08-01,26.860001,26.950001,26.860001,26.950001,16.380468,1500,0.0,0.0
2014-08-04,26.6,26.6,26.6,26.6,16.167738,100,0.0,0.0
2014-08-05,26.6,26.6,26.5,26.5,16.106953,1500,0.0,0.0
2014-08-06,26.5,26.5,26.49,26.49,16.100874,6200,0.0,0.0
2014-08-07,26.49,26.5,26.4,26.5,16.106953,4300,0.0,0.0
2014-08-08,26.5,26.5,26.35,26.5,16.106953,1200,0.0,0.0
2014-08-11,26.5,26.5,26.5,26.5,16.106953,100,0.0,0.0
2014-08-12,26.950001,27.0,26.950001,27.0,16.410854,400,0.0,0.0
2014-08-13,27.0,27.0,27.0,27.0,16.410854,0,0.0,0.0
2014-08-14,27.0,27.0,27.0,27.0,16.410854,100,0.0,0.0
2014-08-15,27.0,27.0,27.0,27.0,16.410854,0,0.0,0.0
2014-08-18,27.0,27.0,27.0,27.0,16.410854,0,0.0,0.0
2014-08-19,26.700001,26.700001,26.5,26.5,16.106953,600,0.0,0.0
2014-08-20,26.5,26.5,26.5,26.5,16.106953,0,0.0,0.0
2014-08-21,26.5,26.5,26.5,26.5,16.106953,0,0.0,0.0
2014-08-22,26.6,26.6,26.6,26.6,16.167738,200,0.0,0.0
2014-08-25,26.75,26.75,26.6,26.6,16.167738,400,0.0,0.0
2014-08-26,26.6,26.6,26.6,26.6,16.167738,0,0.0,0.0
2014-08-27,26.75,27.0,26.6,26.98,16.398699,1600,0.0,0.0
2014-08-28,26.98,26.98,26.98,26.98,16.398699,0,0.0,0.0
2014-08-29,27.0,27.0,27.0,27.0,16.410854,200,0.0,0.0
2014-09-02,27.0,27.0,27.0,27.0,16.410854,0,0.0,0.0
2014-09-03,27.0,27.0,27.0,27.0,16.410854,0,0.0,0.0
2014-09-04,26.76,26.76,26.75,26.75,16.258909,700,0.0,0.0
2014-09-05,26.75,26.75,26.75,26.75,16.258909,0,0.0,0.0
2014-09-08,26.75,26.75,26.360001,26.360001,16.021858,2200,0.0,0.0
2014-09-09,26.9,26.9,26.75,26.75,16.258909,200,0.0,0.0
2014-09-10,26.75,26.75,26.75,26.75,16.430895,0,0.28,0.0
2014-09-11,26.09,26.5,26.09,26.5,16.277328,7500,0.0,0.0
2014-09-12,27.450001,27.450001,27.450001,27.450001,16.860863,100,0.0,0.0
2014-09-15,27.450001,27.450001,27.450001,27.450001,16.860863,0,0.0,0.0
2014-09-16,27.450001,27.450001,27.450001,27.450001,16.860863,0,0.0,0.0
2014-09-17,27.450001,27.450001,27.450001,27.450001,16.860863,0,0.0,0.0
2014-09-18,27.450001,27.450001,27.450001,27.450001,16.860863,0,0.0,0.0
2014-09-19,27.0,27.0,27.0,27.0,16.584454,2000,0.0,0.0
2014-09-22,27.0,27.0,27.0,27.0,16.584454,300,0.0,0.0
2014-09-23,27.0,27.0,27.0,27.0,16.584454,0,0.0,0.0
2014-09-24,27.0,27.0,27.0,27.0,16.584454,200,0.0,0.0
2014-09-25,27.0,27.0,27.0,27.0,16.584454,0,0.0,0.0
2014-09-26,27.4,27.4,27.4,27.4,16.830149,200,0.0,0.0
2014-09-29,27.0,27.0,26.65,27.0,16.584454,600,0.0,0.0
2014-09-30,27.0,27.0,27.0,27.0,16.584454,0,0.0,0.0
2014-10-01,26.75,26.75,26.75,26.75,16.430895,1100,0.0,0.0
2014-10-02,26.75,26.75,26.75,26.75,16.430895,0,0.0,0.0
2014-10-03,26.75,27.379999,26.75,27.0,16.584454,1500,0.0,0.0
2014-10-06,27.0,27.0,27.0,27.0,16.584454,10500,0.0,0.0
2014-10-07,27.0,27.0,27.0,27.0,16.584454,500,0.0,0.0
2014-10-08,27.379999,27.5,27.0,27.0,16.584454,1400,0.0,0.0
2014-10-09,27.0,27.0,27.0,27.0,16.584454,0,0.0,0.0
2014-10-10,27.0,27.0,27.0,27.0,16.584454,1000,0.0,0.0
2014-10-13,27.0,27.0,27.0,27.0,16.584454,0,0.0,0.0
2014-10-14,27.0,27.0,27.0,27.0,16.584454,0,0.0,0.0
2014-10-15,27.0,27.0,27.0,27.0,16.584454,0,0.0,0.0
2014-10-16,27.0,27.0,27.0,27.0,16.584454,0,0.0,0.0
2014-10-17,27.0,27.0,27.0,27.0,16.584454,0,0.0,0.0
2014-10-20,27.0,27.0,27.0,27.0,16.584454,200,0.0,0.0
2014-10-21,27.0,27.0,27.0,27.0,16.584454,0,0.0,0.0
2014-10-22,27.0,27.0,27.0,27.0,16.584454,0,0.0,0.0
2014-10-23,27.25,27.25,27.25,27.25,16.73801,1700,0.0,0.0
2014-10-24,27.4,27.4,27.4,27.4,16.830149,800,0.0,0.0
2014-10-27,27.25,27.25,27.25,27.25,16.73801,400,0.0,0.0
2014-10-28,27.25,27.25,27.25,27.25,16.73801,0,0.0,0.0
2014-10-29,27.25,27.25,27.25,27.25,16.73801,0,0.0,0.0
2014-10-30,27.5,27.5,27.5,27.5,16.891567,200,0.0,0.0
2014-10-31,27.5,27.5,27.5,27.5,16.891567,0,0.0,0.0
2014-11-03,27.5,27.5,27.5,27.5,16.891567,300,0.0,0.0
2014-11-04,27.5,27.5,27.5,27.5,16.891567,300,0.0,0.0
2014-11-05,27.5,27.5,27.5,27.5,16.891567,0,0.0,0.0
2014-11-06,27.5,27.5,27.5,27.5,16.891567,0,0.0,0.0
2014-11-07,27.4,27.4,26.75,27.299999,16.768723,700,0.0,0.0
2014-11-10,27.299999,27.299999,27.299999,27.299999,16.768723,100,0.0,0.0
2014-11-11,27.549999,28.49,27.549999,28.299999,17.382965,1100,0.0,0.0
2014-11-12,27.5,27.5,27.5,27.5,16.891567,100,0.0,0.0
2014-11-13,27.5,27.5,27.5,27.5,16.891567,0,0.0,0.0
2014-11-14,28.0,28.0,28.0,28.0,17.19869,200,0.0,0.0
2014-11-17,28.0,28.0,28.0,28.0,17.19869,0,0.0,0.0
2014-11-18,28.0,28.0,28.0,28.0,17.19869,1100,0.0,0.0
2014-11-19,28.0,28.0,28.0,28.0,17.19869,0,0.0,0.0
2014-11-20,28.49,28.559999,28.25,28.25,17.352247,300,0.0,0.0
2014-11-21,28.25,28.25,28.25,28.25,17.352247,200,0.0,0.0
2014-11-24,28.25,28.25,28.25,28.25,17.352247,0,0.0,0.0
2014-11-25,28.25,28.25,28.25,28.25,17.352247,0,0.0,0.0
2014-11-26,28.5,28.5,28.5,28.5,17.50581,400,0.0,0.0
2014-11-28,28.25,28.25,28.25,28.25,17.352247,100,0.0,0.0
2014-12-01,28.0,28.0,28.0,28.0,17.19869,700,0.0,0.0
2014-12-02,28.0,28.0,28.0,28.0,17.19869,0,0.0,0.0
2014-12-03,28.0,28.0,28.0,28.0,17.19869,0,0.0,0.0
2014-12-04,28.0,28.0,28.0,28.0,17.19869,400,0.0,0.0
2014-12-05,28.0,28.0,28.0,28.0,17.19869,0,0.0,0.0
2014-12-08,28.0,28.0,28.0,28.0,17.19869,0,0.0,0.0
2014-12-09,28.0,28.0,28.0,28.0,17.19869,0,0.0,0.0
2014-12-10,28.1,28.1,28.1,28.1,17.434462,100,0.28,0.0
2014-12-11,28.1,28.1,28.1,28.1,17.434462,0,0.0,0.0
2014-12-12,28.1,28.1,28.1,28.1,17.434462,0,0.0,0.0
2014-12-15,28.1,28.1,28.1,28.1,17.434462,0,0.0,0.0
2014-12-16,28.1,28.1,28.1,28.1,17.434462,0,0.0,0.0
2014-12-17,28.1,28.1,28.1,28.1,17.434462,0,0.0,0.0
2014-12-18,28.1,28.1,28.1,28.1,17.434462,400,0.0,0.0
2014-12-19,28.1,28.1,28.1,28.1,17.434462,0,0.0,0.0
2014-12-22,28.1,28.1,28.1,28.1,17.434462,900,0.0,0.0
2014-12-23,28.1,28.1,28.1,28.1,17.434462,0,0.0,0.0
2014-12-24,28.1,28.75,28.1,28.75,17.837748,1500,0.0,0.0
2014-12-26,28.690001,28.690001,28.690001,28.690001,17.800524,100,0.0,0.0
2014-12-29,28.690001,28.690001,28.690001,28.690001,17.800524,0,0.0,0.0
2014-12-30,28.1,28.5,28.1,28.5,17.682634,4000,0.0,0.0
2014-12-31,28.049999,28.5,28.049999,28.5,17.682634,1000,0.0,0.0
2015-01-02,28.5,28.5,28.5,28.5,17.682634,0,0.0,0.0
2015-01-05,28.25,28.25,28.049999,28.049999,17.403442,500,0.0,0.0
2015-01-06,28.1,28.1,28.049999,28.049999,17.403442,6000,0.0,0.0
2015-01-07,28.15,28.15,28.15,28.15,17.465485,3000,0.0,0.0
2015-01-08,28.049999,28.65,28.049999,28.65,17.775709,4800,0.0,0.0
2015-01-09,28.65,28.65,28.65,28.65,17.775709,0,0.0,0.0
2015-01-12,28.65,28.65,28.65,28.65,17.775709,0,0.0,0.0
2015-01-13,28.65,28.65,28.65,28.65,17.775709,0,0.0,0.0
2015-01-14,28.65,28.65,28.65,28.65,17.775709,400,0.0,0.0
2015-01-15,28.65,28.65,28.65,28.65,17.775709,0,0.0,0.0
2015-01-16,28.65,28.65,28.65,28.65,17.775709,0,0.0,0.0
2015-01-20,28.65,28.65,28.65,28.65,17.775709,0,0.0,0.0
2015-01-21,28.75,29.0,28.75,29.0,17.992859,400,0.0,0.0
2015-01-22,29.0,29.0,29.0,29.0,17.992859,200,0.0,0.0
2015-01-23,29.0,29.0,29.0,29.0,17.992859,0,0.0,0.0
2015-01-26,29.0,29.0,29.0,29.0,17.992859,0,0.0,0.0
2015-01-27,29.0,29.0,29.0,29.0,17.992859,0,0.0,0.0
2015-01-28,29.0,29.0,29.0,29.0,17.992859,0,0.0,0.0
2015-01-29,29.0,29.0,29.0,29.0,17.992859,0,0.0,0.0
2015-01-30,29.0,29.0,29.0,29.0,17.992859,0,0.0,0.0
2015-02-02,29.25,29.25,28.5,28.5,17.682634,1000,0.0,0.0
2015-02-03,28.5,28.5,28.5,28.5,17.682634,0,0.0,0.0
2015-02-04,29.0,29.0,28.5,28.5,17.682634,1600,0.0,0.0
2015-02-05,28.77,28.77,28.51,28.51,17.688839,1700,0.0,0.0
2015-02-06,28.51,28.51,28.51,28.51,17.688839,0,0.0,0.0
2015-02-09,28.51,28.51,28.51,28.51,17.688839,0,0.0,0.0
2015-02-10,28.51,28.51,28.51,28.51,17.688839,0,0.0,0.0
2015-02-11,28.51,28.51,28.26,28.26,17.533733,700,0.0,0.0
2015-02-12,28.1,28.1,28.1,28.1,17.434462,200,0.0,0.0
2015-02-13,28.1,28.1,28.1,28.1,17.434462,0,0.0,0.0
2015-02-17,28.15,28.15,28.15,28.15,17.465485,200,0.0,0.0
2015-02-18,28.5,28.85,28.5,28.85,17.89979,500,0.0,0.0
2015-02-19,28.85,28.85,28.85,28.85,17.89979,0,0.0,0.0
2015-02-20,28.200001,28.85,28.15,28.610001,17.750885,2600,0.0,0.0
2015-02-23,28.610001,28.610001,28.610001,28.610001,17.750885,0,0.0,0.0
2015-02-24,28.25,28.25,28.15,28.25,17.527525,1100,0.0,0.0
2015-02-25,28.35,28.35,28.35,28.35,17.589575,200,0.0,0.0
2015-02-26,28.35,28.35,28.35,28.35,17.589575,500,0.0,0.0
2015-02-27,28.1,28.5,28.1,28.5,17.682634,1800,0.0,0.0
2015-03-02,28.5,28.5,28.5,28.5,17.682634,0,0.0,0.0
2015-03-03,28.719999,28.950001,28.719999,28.950001,17.961836,400,0.0,0.0
2015-03-04,28.950001,28.950001,28.950001,28.950001,17.961836,0,0.0,0.0
2015-03-05,28.950001,28.950001,28.950001,28.950001,17.961836,400,0.0,0.0
2015-03-06,29.0,29.0,29.0,29.0,17.992859,600,0.0,0.0
2015-03-09,29.0,29.02,28.9,29.02,18.005272,800,0.0,0.0
2015-03-10,29.02,29.02,29.02,29.02,18.005272,0,0.0,0.0
2015-03-11,29.02,29.02,29.02,29.02,18.187008,0,0.29,0.0
2015-03-12,29.25,29.25,29.25,29.25,18.331156,500,0.0,0.0
2015-03-13,29.25,29.25,29.25,29.25,18.331156,0,0.0,0.0
2015-03-16,29.5,29.5,29.26,29.26,18.337425,400,0.0,0.0
2015-03-17,29.25,30.129999,29.25,30.129999,18.882654,300,0.0,0.0
2015-03-18,30.129999,30.129999,30.129999,30.129999,18.882654,0,0.0,0.0
2015-03-19,30.129999,30.129999,30.129999,30.129999,18.882654,0,0.0,0.0
2015-03-20,30.129999,30.129999,30.129999,30.129999,18.882654,0,0.0,0.0
2015-03-23,30.129999,30.129999,30.129999,30.129999,18.882654,0,0.0,0.0
2015-03-24,30.129999,30.129999,30.129999,30.129999,18.882654,0,0.0,0.0
2015-03-25,30.129999,30.129999,30.129999,30.129999,18.882654,0,0.0,0.0
2015-03-26,28.700001,28.700001,28.700001,28.700001,17.986464,300,0.0,0.0
2015-03-27,29.200001,29.25,28.75,28.75,18.017805,400,0.0,0.0
2015-03-30,28.75,28.75,28.75,28.75,18.017805,0,0.0,0.0
2015-03-31,28.75,28.75,28.75,28.75,18.017805,0,0.0,0.0
2015-04-01,28.75,28.75,28.75,28.75,18.017805,0,0.0,0.0
2015-04-02,29.0,29.0,28.879999,29.0,18.174475,1400,0.0,0.0
2015-04-06,29.0,29.0,29.0,29.0,18.174475,100,0.0,0.0
2015-04-07,29.0,29.0,29.0,29.0,18.174475,0,0.0,0.0
2015-04-08,29.0,29.0,29.0,29.0,18.174475,0,0.0,0.0
2015-04-09,29.0,29.0,29.0,29.0,18.174475,400,0.0,0.0
2015-04-10,29.0,29.0,29.0,29.0,18.174475,0,0.0,0.0
2015-04-13,29.0,29.0,29.0,29.0,18.174475,0,0.0,0.0
2015-04-14,29.0,29.0,29.0,29.0,18.174475,0,0.0,0.0
2015-04-15,29.0,29.0,29.0,29.0,18.174475,0,0.0,0.0
2015-04-16,29.0,29.0,29.0,29.0,18.174475,0,0.0,0.0
2015-04-17,29.0,29.0,29.0,29.0,18.174475,0,0.0,0.0
2015-04-20,29.0,29.0,29.0,29.0,18.174475,0,0.0,0.0
2015-04-21,29.0,29.0,29.0,29.0,18.174475,0,0.0,0.0
2015-04-22,29.0,29.0,29.0,29.0,18.174475,0,0.0,0.0
2015-04-23,29.25,29.25,29.25,29.25,18.331156,300,0.0,0.0
2015-04-24,29.25,29.25,29.25,29.25,18.331156,0,0.0,0.0
2015-04-27,30.0,30.0,29.25,29.25,18.331156,300,0.0,0.0
2015-04-28,29.35,29.35,29.35,29.35,18.393822,300,0.0,0.0
2015-04-29,29.35,29.35,29.35,29.35,18.393822,0,0.0,0.0
2015-04-30,29.35,29.35,29.35,29.35,18.393822,0,0.0,0.0
2015-05-01,29.35,29.35,29.35,29.35,18.393822,0,0.0,0.0
2015-05-04,29.35,29.35,29.35,29.35,18.393822,400,0.0,0.0
2015-05-05,29.35,29.35,29.35,29.35,18.393822,0,0.0,0.0
2015-05-06,29.35,29.35,29.35,29.35,18.393822,0,0.0,0.0
2015-05-07,29.35,29.35,29.35,29.35,18.393822,0,0.0,0.0
2015-05-08,29.35,29.35,29.25,29.25,18.331156,500,0.0,0.0
2015-05-11,29.25,29.25,29.25,29.25,18.331156,0,0.0,0.0
2015-05-12,29.25,29.25,29.25,29.25,18.331156,500,0.0,0.0
2015-05-13,29.75,29.75,29.75,29.75,18.64451,500,0.0,0.0
2015-05-14,29.99,29.99,29.549999,29.65,18.581841,700,0.0,0.0
2015-05-15,29.65,29.75,29.65,29.75,18.64451,1100,0.0,0.0
2015-05-18,29.6,29.75,29.6,29.75,18.64451,3100,0.0,0.0
2015-05-19,29.6,29.6,29.549999,29.6,18.550503,4200,0.0,0.0
2015-05-20,29.6,29.6,29.6,29.6,18.550503,0,0.0,0.0
2015-05-21,29.799999,29.799999,29.799999,29.799999,18.67584,3300,0.0,0.0
2015-05-22,29.9,29.9,29.9,29.9,18.73851,2400,0.0,0.0
2015-05-26,30.0,30.0,30.0,30.0,18.801182,100,0.0,0.0
2015-05-27,30.0,30.0,30.0,30.0,18.801182,0,0.0,0.0
2015-05-28,30.0,30.0,30.0,30.0,18.801182,300,0.0,0.0
2015-05-29,29.85,29.85,29.85,29.85,18.707184,400,0.0,0.0
2015-06-01,29.85,30.0,29.85,30.0,18.801182,800,0.0,0.0
2015-06-02,29.85,29.85,29.85,29.85,18.707184,1500,0.0,0.0
2015-06-03,29.9,30.0,29.9,30.0,18.801182,2000,0.0,0.0
2015-06-04,30.0,30.0,30.0,30.0,18.801182,0,0.0,0.0
2015-06-05,30.0,30.0,30.0,30.0,18.801182,300,0.0,0.0
2015-06-08,30.0,30.0,30.0,30.0,18.801182,0,0.0,0.0
2015-06-09,30.120001,30.25,30.120001,30.25,18.957863,500,0.0,0.0
2015-06-10,30.0,30.0,30.0,30.0,18.983168,400,0.29,0.0
2015-06-11,29.85,29.85,29.85,29.85,18.88826,100,0.0,0.0
2015-06-12,29.85,29.85,29.85,29.85,18.88826,0,0.0,0.0
2015-06-15,29.799999,29.799999,29.799999,29.799999,18.856617,300,0.0,0.0
2015-06-16,30.25,30.25,29.799999,29.799999,18.856617,300,0.0,0.0
2015-06-17,29.799999,29.799999,29.799999,29.799999,18.856617,0,0.0,0.0
2015-06-18,29.799999,29.799999,29.799999,29.799999,18.856617,200,0.0,0.0
2015-06-19,29.75,29.75,29.75,29.75,18.824982,100,0.0,0.0
2015-06-22,29.75,29.75,29.75,29.75,18.824982,0,0.0,0.0
2015-06-23,29.799999,29.799999,29.799999,29.799999,18.856617,200,0.0,0.0
2015-06-24,29.799999,29.799999,29.799999,29.799999,18.856617,0,0.0,0.0
2015-06-25,29.75,29.75,29.75,29.75,18.824982,300,0.0,0.0
2015-06-26,30.1,30.1,29.700001,29.700001,18.793339,7100,0.0,0.0
2015-06-29,29.700001,29.700001,29.700001,29.700001,18.793339,0,0.0,0.0
2015-06-30,29.4,29.4,29.4,29.4,18.603508,200,0.0,0.0
2015-07-01,29.32,29.32,29.25,29.25,18.508593,10500,0.0,0.0
2015-07-02,29.120001,29.120001,29.120001,29.120001,18.426331,300,0.0,0.0
2015-07-06,29.15,29.370001,29.120001,29.370001,18.584528,700,0.0,0.0
2015-07-07,29.5,29.5,29.5,29.5,18.66679,400,0.0,0.0
2015-07-08,29.74,29.74,29.25,29.25,18.508593,400,0.0,0.0
2015-07-09,29.25,29.25,29.25,29.25,18.508593,0,0.0,0.0
2015-07-10,29.4,29.4,29.120001,29.120001,18.426331,1500,0.0,0.0
2015-07-13,30.0,30.0,30.0,30.0,18.983168,100,0.0,0.0
2015-07-14,30.0,30.0,30.0,30.0,18.983168,0,0.0,0.0
2015-07-15,29.4,29.4,29.35,29.35,18.571867,6100,0.0,0.0
2015-07-16,29.35,29.35,29.35,29.35,18.571867,0,0.0,0.0
2015-07-17,30.0,30.0,30.0,30.0,18.983168,500,0.0,0.0
2015-07-20,30.0,30.0,30.0,30.0,18.983168,0,0.0,0.0
2015-07-21,30.0,30.0,30.0,30.0,18.983168,0,0.0,0.0
2015-07-22,30.0,30.0,30.0,30.0,18.983168,0,0.0,0.0
2015-07-23,30.0,30.0,30.0,30.0,18.983168,0,0.0,0.0
2015-07-24,30.0,30.0,30.0,30.0,18.983168,0,0.0,0.0
2015-07-27,30.0,30.0,30.0,30.0,18.983168,0,0.0,0.0
2015-07-28,30.0,30.0,30.0,30.0,18.983168,0,0.0,0.0
2015-07-29,30.0,30.0,30.0,30.0,18.983168,0,0.0,0.0
2015-07-30,30.0,30.0,30.0,30.0,18.983168,0,0.0,0.0
2015-07-31,30.0,30.0,30.0,30.0,18.983168,500,0.0,0.0
2015-08-03,29.5,29.5,29.5,29.5,18.66679,200,0.0,0.0
2015-08-04,29.5,29.5,29.5,29.5,18.66679,0,0.0,0.0
2015-08-05,29.5,29.5,29.5,29.5,18.66679,100,0.0,0.0
2015-08-06,29.5,29.5,29.5,29.5,18.66679,0,0.0,0.0
2015-08-07,29.5,29.5,29.5,29.5,18.66679,0,0.0,0.0
2015-08-10,29.99,29.99,29.99,29.99,18.976843,200,0.0,0.0
2015-08-11,29.5,29.5,29.5,29.5,18.66679,200,0.0,0.0
2015-08-12,29.5,29.5,29.5,29.5,18.66679,0,0.0,0.0
2015-08-13,30.110001,30.110001,29.35,29.35,18.571867,1500,0.0,0.0
2015-08-14,29.35,29.35,29.35,29.35,18.571867,0,0.0,0.0
2015-08-17,29.35,29.35,29.35,29.35,18.571867,100,0.0,0.0
2015-08-18,29.35,29.35,29.35,29.35,18.571867,0,0.0,0.0
2015-08-19,29.9,29.9,29.9,29.9,18.919888,500,0.0,0.0
2015-08-20,29.4,29.5,29.299999,29.299999,18.540228,3400,0.0,0.0
2015-08-21,29.299999,29.299999,29.299999,29.299999,18.540228,0,0.0,0.0
2015-08-24,29.299999,29.299999,29.299999,29.299999,18.540228,0,0.0,0.0
2015-08-25,29.35,29.35,29.35,29.35,18.571867,200,0.0,0.0
2015-08-26,29.360001,29.799999,29.360001,29.799999,18.856617,800,0.0,0.0
2015-08-27,29.799999,29.799999,29.4,29.4,18.603508,500,0.0,0.0
2015-08-28,29.4,29.4,29.4,29.4,18.603508,0,0.0,0.0
2015-08-31,29.4,29.4,29.4,29.4,18.603508,0,0.0,0.0
2015-09-01,29.75,29.75,29.75,29.75,18.824982,100,0.0,0.0
2015-09-02,29.75,29.75,29.75,29.75,18.824982,0,0.0,0.0
2015-09-03,29.65,29.799999,29.6,29.799999,18.856617,2700,0.0,0.0
2015-09-04,29.67,29.67,29.67,29.67,18.774357,100,0.0,0.0
2015-09-08,29.67,29.67,29.299999,29.5,18.66679,2800,0.0,0.0
2015-09-09,29.5,29.5,29.5,29.5,18.852116,0,0.29,0.0
2015-09-10,29.33,29.33,29.33,29.33,18.743465,300,0.0,0.0
2015-09-11,29.35,29.35,29.32,29.32,18.73708,900,0.0,0.0
2015-09-14,29.35,29.35,29.35,29.35,18.75625,2000,0.0,0.0
2015-09-15,29.42,29.42,29.42,29.42,18.800989,15000,0.0,0.0
2015-09-16,29.5,29.5,29.4,29.4,18.788206,2500,0.0,0.0
2015-09-17,29.4,29.4,29.4,29.4,18.788206,0,0.0,0.0
2015-09-18,29.4,29.4,29.4,29.4,18.788206,0,0.0,0.0
2015-09-21,29.4,29.4,29.4,29.4,18.788206,0,0.0,0.0
2015-09-22,29.4,29.4,29.4,29.4,18.788206,0,0.0,0.0
2015-09-23,29.4,29.4,29.4,29.4,18.788206,0,0.0,0.0
2015-09-24,29.5,29.5,29.5,29.5,18.852116,2000,0.0,0.0
2015-09-25,29.5,29.6,29.5,29.6,18.916019,1200,0.0,0.0
2015-09-28,29.5,29.5,29.35,29.5,18.852116,5500,0.0,0.0
2015-09-29,29.5,29.5,29.5,29.5,18.852116,1300,0.0,0.0
2015-09-30,29.5,29.5,29.5,29.5,18.852116,0,0.0,0.0
2015-10-01,29.5,29.5,29.5,29.5,18.852116,1000,0.0,0.0
2015-10-02,29.5,29.5,29.5,29.5,18.852116,0,0.0,0.0
2015-10-05,29.35,29.35,29.27,29.27,18.705132,2800,0.0,0.0
2015-10-06,29.27,29.27,29.27,29.27,18.705132,0,0.0,0.0
2015-10-07,29.27,29.27,29.27,29.27,18.705132,0,0.0,0.0
2015-10-08,29.4,29.450001,29.4,29.450001,18.820156,2000,0.0,0.0
2015-10-09,29.4,29.4,29.27,29.27,18.705132,500,0.0,0.0
2015-10-12,29.5,29.5,29.27,29.27,18.705132,300,0.0,0.0
2015-10-13,29.389999,29.389999,29.389999,29.389999,18.781816,1700,0.0,0.0
2015-10-14,29.389999,29.389999,29.389999,29.389999,18.781816,700,0.0,0.0
2015-10-15,29.280001,29.280001,29.280001,29.280001,18.711525,1000,0.0,0.0
2015-10-16,29.35,29.35,29.35,29.35,18.75625,600,0.0,0.0
2015-10-19,29.35,29.35,29.35,29.35,18.75625,1000,0.0,0.0
2015-10-20,29.35,29.35,29.35,29.35,18.75625,1000,0.0,0.0
2015-10-21,29.35,29.35,29.35,29.35,18.75625,1000,0.0,0.0
2015-10-22,29.389999,29.389999,29.35,29.35,18.75625,2500,0.0,0.0
2015-10-23,29.4,29.4,29.4,29.4,18.788206,1700,0.0,0.0
2015-10-26,29.4,29.4,29.4,29.4,18.788206,100,0.0,0.0
2015-10-27,29.4,29.4,29.4,29.4,18.788206,600,0.0,0.0
2015-10-28,29.440001,29.540001,29.440001,29.540001,18.87767,1000,0.0,0.0
2015-10-29,29.549999,33.0,29.549999,33.0,21.0888,900,0.0,0.0
2015-10-30,33.0,33.0,33.0,33.0,21.0888,0,0.0,0.0
2015-11-02,33.0,33.0,33.0,33.0,21.0888,0,0.0,0.0
2015-11-03,30.01,30.01,30.01,30.01,19.17803,200,0.0,0.0
2015-11-04,30.01,30.01,30.01,30.01,19.17803,0,0.0,0.0
2015-11-05,30.01,30.01,30.01,30.01,19.17803,0,0.0,0.0
2015-11-06,30.01,30.01,30.01,30.01,19.17803,0,0.0,0.0
2015-11-09,30.01,30.01,30.01,30.01,19.17803,0,0.0,0.0
2015-11-10,30.01,30.01,30.01,30.01,19.17803,0,0.0,0.0
2015-11-11,30.01,30.01,30.01,30.01,19.17803,0,0.0,0.0
2015-11-12,30.01,30.01,30.01,30.01,19.17803,0,0.0,0.0
2015-11-13,29.549999,29.549999,29.549999,29.549999,18.884064,1300,0.0,0.0
2015-11-16,29.549999,29.549999,29.549999,29.549999,18.884064,0,0.0,0.0
2015-11-17,29.549999,29.549999,29.549999,29.549999,18.884064,0,0.0,0.0
2015-11-18,29.549999,29.549999,29.549999,29.549999,18.884064,0,0.0,0.0
2015-11-19,29.549999,29.549999,29.549999,29.549999,18.884064,0,0.0,0.0
2015-11-20,29.549999,29.549999,29.549999,29.549999,18.884064,0,0.0,0.0
2015-11-23,29.700001,29.700001,29.700001,29.700001,18.979921,200,0.0,0.0
2015-11-24,29.700001,29.700001,29.700001,29.700001,18.979921,0,0.0,0.0
2015-11-25,29.700001,29.700001,29.700001,29.700001,18.979921,0,0.0,0.0
2015-11-27,29.700001,29.700001,29.700001,29.700001,18.979921,0,0.0,0.0
2015-11-30,29.700001,29.700001,29.700001,29.700001,18.979921,0,0.0,0.0
2015-12-01,29.709999,29.709999,29.709999,29.709999,18.986315,1000,0.0,0.0
2015-12-02,29.709999,29.709999,29.709999,29.709999,18.986315,0,0.0,0.0
2015-12-03,29.700001,29.700001,29.700001,29.700001,18.979921,1500,0.0,0.0
2015-12-04,30.0,30.0,30.0,30.0,19.171635,1500,0.0,0.0
2015-12-07,30.0,30.0,30.0,30.0,19.171635,2600,0.0,0.0
2015-12-08,30.0,30.0,30.0,30.0,19.171635,300,0.0,0.0
2015-12-09,30.0,31.57,30.0,31.57,20.371885,1000,0.29,0.0
2015-12-10,31.57,31.57,31.57,31.57,20.371885,0,0.0,0.0
2015-12-11,31.57,31.57,31.57,31.57,20.371885,0,0.0,0.0
2015-12-14,30.5,30.5,30.5,30.5,19.681419,100,0.0,0.0
2015-12-15,30.5,30.5,30.5,30.5,19.681419,0,0.0,0.0
2015-12-16,30.5,30.5,30.5,30.5,19.681419,0,0.0,0.0
2015-12-17,30.5,30.5,30.5,30.5,19.681419,0,0.0,0.0
2015-12-18,30.549999,30.549999,30.549999,30.549999,19.713686,200,0.0,0.0
2015-12-21,30.549999,30.549999,30.549999,30.549999,19.713686,0,0.0,0.0
2015-12-22,30.549999,30.549999,30.549999,30.549999,19.713686,100,0.0,0.0
2015-12-23,30.549999,30.549999,30.549999,30.549999,19.713686,0,0.0,0.0
2015-12-24,32.490002,32.490002,32.490002,32.490002,20.965551,100,0.0,0.0
2015-12-28,30.5,30.5,30.5,30.5,19.681419,900,0.0,0.0
2015-12-29,30.5,31.5,30.5,31.5,20.32671,1000,0.0,0.0
2015-12-30,31.5,31.5,31.5,31.5,20.32671,0,0.0,0.0
2015-12-31,31.5,31.5,31.5,31.5,20.32671,0,0.0,0.0
2016-01-04,31.6,31.6,29.799999,30.0,19.358776,5900,0.0,0.0
2016-01-05,30.5,30.5,30.5,30.5,19.681419,600,0.0,0.0
2016-01-06,30.5,30.5,30.5,30.5,19.681419,100,0.0,0.0
2016-01-07,30.5,30.5,30.5,30.5,19.681419,0,0.0,0.0
2016-01-08,30.5,30.5,30.5,30.5,19.681419,0,0.0,0.0
2016-01-11,32.0,32.0,30.75,30.9,19.939537,700,0.0,0.0
2016-01-12,32.240002,32.240002,32.240002,32.240002,20.804234,100,0.0,0.0
2016-01-13,31.4,31.4,30.25,30.25,19.5201,1000,0.0,0.0
2016-01-14,30.299999,30.299999,30.299999,30.299999,19.552361,1400,0.0,0.0
2016-01-15,30.299999,30.299999,30.299999,30.299999,19.552361,0,0.0,0.0
2016-01-19,30.5,30.5,30.5,30.5,19.681419,200,0.0,0.0
2016-01-20,30.49,30.49,30.49,30.49,19.674967,200,0.0,0.0
2016-01-21,30.49,30.49,30.49,30.49,19.674967,0,0.0,0.0
2016-01-22,30.49,30.49,30.49,30.49,19.674967,0,0.0,0.0
2016-01-25,30.25,30.25,30.25,30.25,19.5201,200,0.0,0.0
2016-01-26,30.25,30.25,30.25,30.25,19.5201,0,0.0,0.0
2016-01-27,30.25,30.25,30.25,30.25,19.5201,3800,0.0,0.0
2016-01-28,30.219999,30.25,30.219999,30.25,19.5201,1000,0.0,0.0
2016-01-29,30.299999,30.299999,30.299999,30.299999,19.552361,300,0.0,0.0
2016-02-01,30.299999,30.299999,30.299999,30.299999,19.552361,0,0.0,0.0
2016-02-02,30.35,30.35,30.35,30.35,19.584625,2700,0.0,0.0
2016-02-03,30.549999,30.549999,30.549999,30.549999,19.713686,2700,0.0,0.0
2016-02-04,30.549999,30.549999,30.549999,30.549999,19.713686,0,0.0,0.0
2016-02-05,30.35,30.35,30.35,30.35,19.584625,2600,0.0,0.0
2016-02-08,30.35,30.65,30.35,30.65,19.778215,2600,0.0,0.0
2016-02-09,30.65,30.65,30.65,30.65,19.778215,0,0.0,0.0
2016-02-10,30.65,30.65,30.65,30.65,19.778215,0,0.0,0.0
2016-02-11,30.65,30.65,30.65,30.65,19.778215,0,0.0,0.0
2016-02-12,30.65,30.65,30.65,30.65,19.778215,0,0.0,0.0
2016-02-16,30.65,30.65,30.65,30.65,19.778215,0,0.0,0.0
2016-02-17,30.450001,30.450001,30.450001,30.450001,19.64916,100,0.0,0.0
2016-02-18,30.5,30.5,30.5,30.5,19.681419,300,0.0,0.0
2016-02-19,30.5,30.5,30.5,30.5,19.681419,0,0.0,0.0
2016-02-22,30.5,30.5,30.5,30.5,19.681419,0,0.0,0.0
2016-02-23,30.4,30.4,30.35,30.35,19.584625,700,0.0,0.0
2016-02-24,30.35,30.35,30.25,30.299999,19.552361,500,0.0,0.0
2016-02-25,30.299999,30.299999,30.299999,30.299999,19.552361,0,0.0,0.0
2016-02-26,30.299999,30.299999,30.299999,30.299999,19.552361,0,0.0,0.0
2016-02-29,30.4,30.4,30.290001,30.290001,19.54591,800,0.0,0.0
2016-03-01,30.290001,30.290001,30.290001,30.290001,19.54591,300,0.0,0.0
2016-03-02,30.290001,30.290001,30.290001,30.290001,19.54591,0,0.0,0.0
2016-03-03,30.290001,30.290001,30.290001,30.290001,19.54591,0,0.0,0.0
2016-03-04,30.290001,30.290001,30.290001,30.290001,19.54591,0,0.0,0.0
2016-03-07,30.290001,30.290001,30.290001,30.290001,19.54591,0,0.0,0.0
2016-03-08,30.25,30.25,30.25,30.25,19.5201,500,0.0,0.0
2016-03-09,30.200001,30.200001,30.200001,30.200001,19.683039,100,0.3,0.0
2016-03-10,30.200001,30.200001,30.200001,30.200001,19.683039,0,0.0,0.0
2016-03-11,30.200001,30.219999,30.200001,30.219999,19.696074,1900,0.0,0.0
2016-03-14,30.17,30.200001,30.15,30.200001,19.683039,4300,0.0,0.0
2016-03-15,30.299999,30.299999,30.299999,30.299999,19.748211,200,0.0,0.0
2016-03-16,30.299999,30.299999,30.299999,30.299999,19.748211,0,0.0,0.0
2016-03-17,30.299999,30.299999,30.299999,30.299999,19.748211,0,0.0,0.0
2016-03-18,30.299999,30.299999,30.299999,30.299999,19.748211,2000,0.0,0.0
2016-03-21,30.15,30.15,29.200001,29.209999,19.037802,6100,0.0,0.0
2016-03-22,29.85,29.950001,29.35,29.35,19.12904,4200,0.0,0.0
2016-03-23,29.49,29.49,29.49,29.49,19.220291,200,0.0,0.0
2016-03-24,29.5,29.5,29.5,29.5,19.22681,3000,0.0,0.0
2016-03-28,29.799999,29.799999,29.799999,29.799999,19.422335,100,0.0,0.0
2016-03-29,29.65,29.950001,29.65,29.950001,19.520098,4900,0.0,0.0
2016-03-30,29.950001,30.0,29.950001,30.0,19.552687,1100,0.0,0.0
2016-03-31,30.0,30.0,30.0,30.0,19.552687,3500,0.0,0.0
2016-04-01,30.0,30.0,30.0,30.0,19.552687,0,0.0,0.0
2016-04-04,30.0,30.0,30.0,30.0,19.552687,0,0.0,0.0
2016-04-05,30.0,30.0,30.0,30.0,19.552687,0,0.0,0.0
2016-04-06,30.0,30.0,30.0,30.0,19.552687,0,0.0,0.0
2016-04-07,30.0,30.0,30.0,30.0,19.552687,0,0.0,0.0
2016-04-08,30.0,30.0,30.0,30.0,19.552687,0,0.0,0.0
2016-04-11,30.0,30.0,30.0,30.0,19.552687,0,0.0,0.0
2016-04-12,30.1,30.1,30.1,30.1,19.617861,400,0.0,0.0
2016-04-13,30.98,30.98,30.98,30.98,20.191408,300,0.0,0.0
2016-04-14,31.0,31.5,31.0,31.5,20.530317,300,0.0,0.0
2016-04-15,31.01,31.01,31.0,31.0,20.204441,1200,0.0,0.0
2016-04-18,31.0,31.0,31.0,31.0,20.204441,0,0.0,0.0
2016-04-19,31.299999,31.299999,31.299999,31.299999,20.399967,12000,0.0,0.0
2016-04-20,31.0,31.0,31.0,31.0,20.204441,1400,0.0,0.0
2016-04-21,31.0,31.0,31.0,31.0,20.204441,300,0.0,0.0
2016-04-22,31.4,31.4,30.799999,30.799999,20.074097,500,0.0,0.0
2016-04-25,31.0,31.0,30.309999,30.309999,19.75473,1700,0.0,0.0
2016-04-26,30.309999,30.309999,30.309999,30.309999,19.75473,0,0.0,0.0
2016-04-27,30.309999,30.309999,30.309999,30.309999,19.75473,0,0.0,0.0
2016-04-28,30.309999,30.309999,30.309999,30.309999,19.75473,0,0.0,0.0
2016-04-29,30.9,30.9,30.799999,30.799999,20.074097,500,0.0,0.0
2016-05-02,30.799999,30.799999,30.799999,30.799999,20.074097,0,0.0,0.0
2016-05-03,30.799999,30.799999,30.799999,30.799999,20.074097,0,0.0,0.0
2016-05-04,30.5,30.5,30.4,30.4,19.813387,500,0.0,0.0
2016-05-05,30.6,30.6,30.5,30.549999,19.911152,7600,0.0,0.0
2016-05-06,30.4,30.4,30.4,30.4,19.813387,100,0.0,0.0
2016-05-09,30.4,30.5,30.4,30.5,19.878563,1300,0.0,0.0
2016-05-10,30.5,30.5,30.5,30.5,19.878563,0,0.0,0.0
2016-05-11,30.75,30.75,30.75,30.75,20.041504,200,0.0,0.0
2016-05-12,30.75,30.75,30.75,30.75,20.041504,200,0.0,0.0
2016-05-13,30.75,30.75,30.75,30.75,20.041504,0,0.0,0.0
2016-05-16,30.799999,30.799999,30.799999,30.799999,20.074097,100,0.0,0.0
2016-05-17,30.799999,30.799999,30.799999,30.799999,20.074097,100,0.0,0.0
2016-05-18,30.549999,30.549999,30.5,30.5,19.878563,600,0.0,0.0
2016-05-19,30.5,30.5,30.5,30.5,19.878563,200,0.0,0.0
2016-05-20,30.5,30.5,30.5,30.5,19.878563,0,0.0,0.0
2016-05-23,30.799999,31.0,30.799999,31.0,20.204441,900,0.0,0.0
2016-05-24,31.0,31.0,31.0,31.0,20.204441,0,0.0,0.0
2016-05-25,31.0,31.0,31.0,31.0,20.204441,100,0.0,0.0
2016-05-26,31.25,31.5,31.25,31.5,20.530317,900,0.0,0.0
2016-05-27,30.5,31.5,30.5,31.5,20.530317,300,0.0,0.0
2016-05-31,31.5,31.5,31.5,31.5,20.530317,100,0.0,0.0
2016-06-01,32.0,32.0,32.0,32.0,20.856195,200,0.0,0.0
2016-06-02,32.0,32.0,32.0,32.0,20.856195,500,0.0,0.0
2016-06-03,32.0,32.0,32.0,32.0,20.856195,100,0.0,0.0
2016-06-06,32.0,32.0,32.0,32.0,20.856195,800,0.0,0.0
2016-06-07,32.0,32.0,32.0,32.0,20.856195,100,0.0,0.0
2016-06-08,32.0,32.0,32.0,32.0,21.053574,0,0.3,0.0
2016-06-09,32.0,32.0,31.0,31.0,20.395645,2500,0.0,0.0
2016-06-10,31.0,31.0,31.0,31.0,20.395645,0,0.0,0.0
2016-06-13,31.0,31.0,31.0,31.0,20.395645,0,0.0,0.0
2016-06-14,31.0,31.0,31.0,31.0,20.395645,0,0.0,0.0
2016-06-15,31.0,31.0,31.0,31.0,20.395645,0,0.0,0.0
2016-06-16,31.75,31.75,31.75,31.75,20.889095,5000,0.0,0.0
2016-06-17,31.75,31.75,31.75,31.75,20.889095,1000,0.0,0.0
2016-06-20,31.75,31.75,31.75,31.75,20.889095,0,0.0,0.0
2016-06-21,31.75,31.75,31.75,31.75,20.889095,0,0.0,0.0
2016-06-22,31.75,31.75,31.75,31.75,20.889095,0,0.0,0.0
2016-06-23,31.75,31.75,31.75,31.75,20.889095,0,0.0,0.0
2016-06-24,32.0,32.0,32.0,32.0,21.053574,200,0.0,0.0
2016-06-27,32.0,32.0,32.0,32.0,21.053574,200,0.0,0.0
2016-06-28,32.0,32.0,32.0,32.0,21.053574,0,0.0,0.0
2016-06-29,32.0,32.0,32.0,32.0,21.053574,0,0.0,0.0
2016-06-30,32.0,32.0,32.0,32.0,21.053574,100,0.0,0.0
2016-07-01,32.0,32.0,32.0,32.0,21.053574,0,0.0,0.0
2016-07-05,32.0,32.0,32.0,32.0,21.053574,0,0.0,0.0
2016-07-06,32.0,32.0,32.0,32.0,21.053574,0,0.0,0.0
2016-07-07,32.0,32.0,32.0,32.0,21.053574,0,0.0,0.0
2016-07-08,32.0,32.0,32.0,32.0,21.053574,0,0.0,0.0
2016-07-11,32.0,32.0,32.0,32.0,21.053574,0,0.0,0.0
2016-07-12,32.5,32.5,32.5,32.5,21.382538,200,0.0,0.0
2016-07-13,32.75,32.75,32.75,32.75,21.54702,700,0.0,0.0
2016-07-14,32.900002,32.900002,32.900002,32.900002,21.645708,2600,0.0,0.0
2016-07-15,33.5,33.5,33.5,33.5,22.040459,100,0.0,0.0
2016-07-18,33.5,33.5,33.5,33.5,22.040459,0,0.0,0.0
2016-07-19,33.5,33.5,33.5,33.5,22.040459,0,0.0,0.0
2016-07-20,33.5,33.5,33.5,33.5,22.040459,0,0.0,0.0
2016-07-21,33.5,33.5,33.5,33.5,22.040459,0,0.0,0.0
2016-07-22,33.5,33.5,33.5,33.5,22.040459,0,0.0,0.0
2016-07-25,33.5,33.5,33.5,33.5,22.040459,0,0.0,0.0
2016-07-26,33.5,33.5,33.5,33.5,22.040459,0,0.0,0.0
2016-07-27,33.400002,34.0,33.400002,34.0,22.369419,700,0.0,0.0
2016-07-28,34.0,34.0,34.0,34.0,22.369419,0,0.0,0.0
2016-07-29,34.0,34.0,34.0,34.0,22.369419,0,0.0,0.0
2016-08-01,34.0,34.0,34.0,34.0,22.369419,0,0.0,0.0
2016-08-02,34.0,34.0,34.0,34.0,22.369419,0,0.0,0.0
2016-08-03,33.0,33.0,33.0,33.0,21.711496,4300,0.0,0.0
2016-08-04,33.0,33.0,33.0,33.0,21.711496,0,0.0,0.0
2016-08-05,33.0,33.0,33.0,33.0,21.711496,0,0.0,0.0
2016-08-08,33.0,33.0,33.0,33.0,21.711496,0,0.0,0.0
2016-08-09,33.0,33.0,33.0,33.0,21.711496,0,0.0,0.0
2016-08-10,33.0,33.0,33.0,33.0,21.711496,0,0.0,0.0
2016-08-11,33.0,33.0,32.799999,32.799999,21.579912,300,0.0,0.0
2016-08-12,33.75,34.0,33.75,34.0,22.369419,200,0.0,0.0
2016-08-15,34.0,34.25,33.0,33.0,21.711496,1500,0.0,0.0
2016-08-16,33.0,33.0,33.0,33.0,21.711496,0,0.0,0.0
2016-08-17,33.0,33.0,33.0,33.0,21.711496,0,0.0,0.0
2016-08-18,33.099998,33.099998,33.0,33.0,21.711496,400,0.0,0.0
2016-08-19,33.5,33.5,33.5,33.5,22.040459,100,0.0,0.0
2016-08-22,33.5,33.5,33.5,33.5,22.040459,0,0.0,0.0
2016-08-23,33.75,34.0,33.75,34.0,22.369419,300,0.0,0.0
2016-08-24,34.25,34.5,34.25,34.5,22.698383,300,0.0,0.0
2016-08-25,34.5,34.5,34.5,34.5,22.698383,100,0.0,0.0
2016-08-26,34.5,34.5,34.5,34.5,22.698383,0,0.0,0.0
2016-08-29,34.5,34.5,34.5,34.5,22.698383,0,0.0,0.0
2016-08-30,34.5,34.5,34.5,34.5,22.698383,0,0.0,0.0
2016-08-31,34.5,34.5,34.5,34.5,22.698383,0,0.0,0.0
2016-09-01,34.5,34.5,34.5,34.5,22.698383,0,0.0,0.0
2016-09-02,34.5,34.5,34.5,34.5,22.698383,0,0.0,0.0
2016-09-06,34.700001,35.0,34.700001,35.0,23.027349,300,0.0,0.0
2016-09-07,35.0,35.0,35.0,35.0,23.027349,0,0.0,0.0
2016-09-08,35.0,35.0,35.0,35.0,23.027349,0,0.0,0.0
2016-09-09,35.0,35.0,35.0,35.0,23.027349,0,0.0,0.0
2016-09-12,35.0,35.0,34.5,34.5,22.698383,900,0.0,0.0
2016-09-13,34.5,34.5,34.5,34.5,22.698383,0,0.0,0.0
2016-09-14,34.5,34.5,34.5,34.5,22.897491,5400,0.3,0.0
2016-09-15,34.5,34.5,34.5,34.5,22.897491,0,0.0,0.0
2016-09-16,34.5,34.5,34.5,34.5,22.897491,0,0.0,0.0
2016-09-19,34.5,34.5,34.5,34.5,22.897491,0,0.0,0.0
2016-09-20,34.0,34.0,34.0,34.0,22.565643,100,0.0,0.0
2016-09-21,34.5,34.5,34.5,34.5,22.897491,200,0.0,0.0
2016-09-22,34.0,34.0,33.5,33.5,22.233795,500,0.0,0.0
2016-09-23,33.5,33.5,33.5,33.5,22.233795,0,0.0,0.0
2016-09-26,33.5,33.5,33.5,33.5,22.233795,0,0.0,0.0
2016-09-27,33.5,33.5,33.5,33.5,22.233795,0,0.0,0.0
2016-09-28,33.5,33.5,33.5,33.5,22.233795,0,0.0,0.0
2016-09-29,33.5,33.5,33.5,33.5,22.233795,0,0.0,0.0
2016-09-30,34.0,34.0,34.0,34.0,22.565643,300,0.0,0.0
2016-10-03,33.599998,33.599998,33.599998,33.599998,22.300159,200,0.0,0.0
2016-10-04,33.599998,33.599998,33.599998,33.599998,22.300159,200,0.0,0.0
2016-10-05,33.950001,34.0,33.950001,34.0,22.565643,300,0.0,0.0
2016-10-06,34.0,34.0,34.0,34.0,22.565643,0,0.0,0.0
2016-10-07,34.0,34.0,34.0,34.0,22.565643,0,0.0,0.0
2016-10-10,34.0,34.0,34.0,34.0,22.565643,0,0.0,0.0
2016-10-11,33.75,33.75,33.75,33.75,22.399725,300,0.0,0.0
2016-10-12,34.25,34.25,34.25,34.25,22.731569,200,0.0,0.0
2016-10-13,34.25,34.25,34.25,34.25,22.731569,0,0.0,0.0
2016-10-14,34.25,34.25,34.25,34.25,22.731569,0,0.0,0.0
2016-10-17,34.0,34.0,34.0,34.0,22.565643,100,0.0,0.0
2016-10-18,33.880001,33.919998,33.880001,33.919998,22.512552,6300,0.0,0.0
2016-10-19,33.919998,33.919998,33.919998,33.919998,22.512552,0,0.0,0.0
2016-10-20,33.919998,33.919998,33.919998,33.919998,22.512552,0,0.0,0.0
2016-10-21,33.919998,33.919998,33.919998,33.919998,22.512552,0,0.0,0.0
2016-10-24,33.919998,33.919998,33.919998,33.919998,22.512552,0,0.0,0.0
2016-10-25,34.0,34.0,34.0,34.0,22.565643,100,0.0,0.0
2016-10-26,34.0,34.0,34.0,34.0,22.565643,0,0.0,0.0
2016-10-27,34.0,34.0,34.0,34.0,22.565643,0,0.0,0.0
2016-10-28,34.099998,34.299999,34.009998,34.009998,22.572283,2000,0.0,0.0
2016-10-31,34.0,34.0,34.0,34.0,22.565643,1100,0.0,0.0
2016-11-01,34.0,34.0,34.0,34.0,22.565643,0,0.0,0.0
2016-11-02,34.0,34.0,34.0,34.0,22.565643,0,0.0,0.0
2016-11-03,34.0,34.0,34.0,34.0,22.565643,1000,0.0,0.0
2016-11-04,34.0,34.0,34.0,34.0,22.565643,0,0.0,0.0
2016-11-07,34.0,34.0,34.0,34.0,22.565643,0,0.0,0.0
2016-11-08,34.0,34.0,34.0,34.0,22.565643,0,0.0,0.0
2016-11-09,34.299999,34.299999,34.299999,34.299999,22.764755,400,0.0,0.0
2016-11-10,34.299999,34.5,34.299999,34.5,22.897491,2800,0.0,0.0
2016-11-11,34.650002,34.75,34.650002,34.75,23.063416,300,0.0,0.0
2016-11-14,34.5,34.950001,34.5,34.950001,23.196156,2400,0.0,0.0
2016-11-15,34.950001,34.950001,34.950001,34.950001,23.196156,0,0.0,0.0
2016-11-16,35.0,35.0,35.0,35.0,23.229343,3500,0.0,0.0
2016-11-17,35.0,35.0,35.0,35.0,23.229343,300,0.0,0.0
2016-11-18,35.0,35.0,35.0,35.0,23.229343,0,0.0,0.0
2016-11-21,35.0,35.0,35.0,35.0,23.229343,0,0.0,0.0
2016-11-22,35.0,35.0,34.75,34.75,23.063416,1000,0.0,0.0
2016-11-23,35.0,35.0,35.0,35.0,23.229343,1500,0.0,0.0
2016-11-25,35.0,35.0,35.0,35.0,23.229343,0,0.0,0.0
2016-11-28,35.0,35.0,35.0,35.0,23.229343,100,0.0,0.0
2016-11-29,35.0,35.0,35.0,35.0,23.229343,0,0.0,0.0
2016-11-30,35.0,35.0,35.0,35.0,23.229343,0,0.0,0.0
2016-12-01,35.299999,35.5,35.299999,35.5,23.56119,4800,0.0,0.0
2016-12-02,35.75,35.75,35.5,35.5,23.56119,300,0.0,0.0
2016-12-05,35.549999,35.599998,35.549999,35.599998,23.627565,500,0.0,0.0
2016-12-06,35.900002,37.0,35.900002,37.0,24.556736,200,0.0,0.0
2016-12-07,37.0,37.0,37.0,37.0,24.556736,0,0.0,0.0
2016-12-08,35.599998,35.599998,35.599998,35.599998,23.627565,400,0.0,0.0
2016-12-09,35.599998,35.599998,35.599998,35.599998,23.627565,0,0.0,0.0
2016-12-12,35.599998,35.599998,35.599998,35.599998,23.627565,0,0.0,0.0
2016-12-13,35.599998,35.599998,35.599998,35.599998,23.627565,0,0.0,0.0
2016-12-14,35.599998,35.599998,35.599998,35.599998,23.82836,0,0.3,0.0
2016-12-15,36.25,36.25,35.599998,35.599998,23.82836,92400,0.0,0.0
2016-12-16,35.599998,35.599998,35.599998,35.599998,23.82836,0,0.0,0.0
2016-12-19,35.849998,36.0,35.849998,36.0,24.096094,300,0.0,0.0
2016-12-20,35.849998,36.0,35.75,36.0,24.096094,4300,0.0,0.0
2016-12-21,35.75,35.75,35.75,35.75,23.928761,400,0.0,0.0
2016-12-22,35.799999,35.799999,35.799999,35.799999,23.962229,300,0.0,0.0
2016-12-23,35.799999,35.799999,35.799999,35.799999,23.962229,0,0.0,0.0
2016-12-27,35.799999,35.799999,35.799999,35.799999,23.962229,0,0.0,0.0
2016-12-28,35.799999,35.799999,35.799999,35.799999,23.962229,100,0.0,0.0
2016-12-29,35.799999,35.799999,35.799999,35.799999,23.962229,100,0.0,0.0
2016-12-30,35.799999,35.799999,35.799999,35.799999,23.962229,200,0.0,0.0
2017-01-03,35.799999,35.799999,35.799999,35.799999,23.962229,300,0.0,0.0
2017-01-04,36.009998,36.009998,36.009998,36.009998,24.102785,1000,0.0,0.0
2017-01-05,36.009998,36.009998,36.009998,36.009998,24.102785,0,0.0,0.0
2017-01-06,36.049999,36.5,36.049999,36.5,24.430761,2800,0.0,0.0
2017-01-09,36.099998,36.75,36.049999,36.049999,24.129557,700,0.0,0.0
2017-01-10,36.049999,36.049999,36.049999,36.049999,24.129557,0,0.0,0.0
2017-01-11,36.700001,36.700001,36.700001,36.700001,24.564627,900,0.0,0.0
2017-01-12,36.700001,36.700001,36.700001,36.700001,24.564627,0,0.0,0.0
2017-01-13,37.0,37.0,37.0,37.0,24.76543,100,0.0,0.0
2017-01-17,37.0,37.349998,37.0,37.349998,24.999695,500,0.0,0.0
2017-01-18,37.349998,37.349998,37.349998,37.349998,24.999695,0,0.0,0.0
2017-01-19,37.5,37.5,36.650002,36.650002,24.531162,1100,0.0,0.0
2017-01-20,37.25,37.25,37.25,37.25,24.932766,100,0.0,0.0
2017-01-23,37.25,37.25,37.25,37.25,24.932766,0,0.0,0.0
2017-01-24,37.25,37.25,37.25,37.25,24.932766,0,0.0,0.0
2017-01-25,37.25,37.700001,37.25,37.700001,25.233963,3100,0.0,0.0
2017-01-26,37.700001,37.700001,37.700001,37.700001,25.233963,0,0.0,0.0
2017-01-27,36.75,36.75,36.75,36.75,24.598099,100,0.0,0.0
2017-01-30,36.75,36.75,36.75,36.75,24.598099,400,0.0,0.0
2017-01-31,36.75,36.75,36.75,36.75,24.598099,0,0.0,0.0
2017-02-01,36.75,36.75,36.75,36.75,24.598099,0,0.0,0.0
2017-02-02,36.75,36.75,36.75,36.75,24.598099,0,0.0,0.0
2017-02-03,37.0,37.25,37.0,37.25,24.932766,900,0.0,0.0
2017-02-06,37.5,37.5,37.0,37.5,25.100098,600,0.0,0.0
2017-02-07,37.25,37.25,37.25,37.25,24.932766,200,0.0,0.0
2017-02-08,37.0,37.0,36.91,37.0,24.76543,1200,0.0,0.0
2017-02-09,37.0,37.0,37.0,37.0,24.76543,0,0.0,0.0
2017-02-10,37.0,37.0,37.0,37.0,24.76543,0,0.0,0.0
2017-02-13,37.349998,37.5,37.349998,37.5,25.100098,600,0.0,0.0
2017-02-14,38.0,38.200001,38.0,38.200001,25.568634,4200,0.0,0.0
2017-02-15,38.200001,38.200001,37.650002,37.650002,25.200497,500,0.0,0.0
2017-02-16,38.400002,38.400002,38.400002,38.400002,25.702505,600,0.0,0.0
2017-02-17,38.400002,38.400002,38.400002,38.400002,25.702505,0,0.0,0.0
2017-02-21,38.400002,38.400002,38.400002,38.400002,25.702505,0,0.0,0.0
2017-02-22,38.400002,38.400002,38.400002,38.400002,25.702505,0,0.0,0.0
2017-02-23,38.0,38.0,38.0,38.0,25.434767,1100,0.0,0.0
2017-02-24,38.0,38.0,38.0,38.0,25.434767,0,0.0,0.0
2017-02-27,37.799999,37.799999,37.799999,37.799999,25.300898,800,0.0,0.0
2017-02-28,38.0,38.0,38.0,38.0,25.434767,800,0.0,0.0
2017-03-01,38.25,38.25,38.25,38.25,25.602104,3400,0.0,0.0
2017-03-02,38.25,38.25,38.0,38.0,25.434767,400,0.0,0.0
2017-03-03,38.0,38.0,38.0,38.0,25.434767,600,0.0,0.0
2017-03-06,38.349998,38.349998,38.349998,38.349998,25.669031,400,0.0,0.0
2017-03-07,38.0,38.0,38.0,38.0,25.434767,200,0.0,0.0
2017-03-08,38.349998,38.349998,38.349998,38.349998,25.669031,200,0.0,0.0
2017-03-09,38.400002,38.400002,38.25,38.25,25.602104,1300,0.0,0.0
2017-03-10,38.25,38.25,38.25,38.25,25.602104,0,0.0,0.0
2017-03-13,38.049999,38.049999,38.049999,38.049999,25.468229,300,0.0,0.0
2017-03-14,38.049999,38.049999,38.049999,38.049999,25.468229,100,0.0,0.0
2017-03-15,38.049999,38.049999,38.049999,38.049999,25.677431,4100,0.31,0.0
2017-03-16,38.049999,38.049999,38.049999,38.049999,25.677431,500,0.0,0.0
2017-03-17,38.049999,38.099998,38.049999,38.099998,25.71118,900,0.0,0.0
2017-03-20,38.099998,38.25,38.099998,38.150002,25.744917,1000,0.0,0.0
2017-03-21,38.150002,38.25,38.150002,38.25,25.812401,16900,0.0,0.0
2017-03-22,38.25,38.25,38.25,38.25,25.812401,0,0.0,0.0
2017-03-23,38.25,38.400002,38.25,38.299999,25.846144,1300,0.0,0.0
2017-03-24,38.200001,38.200001,38.200001,38.200001,25.778656,4500,0.0,0.0
2017-03-27,38.299999,38.299999,38.150002,38.150002,25.744917,2200,0.0,0.0
2017-03-28,38.150002,38.150002,38.150002,38.150002,25.744917,900,0.0,0.0
2017-03-29,38.150002,38.150002,38.150002,38.150002,25.744917,0,0.0,0.0
2017-03-30,38.150002,38.150002,38.150002,38.150002,25.744917,3400,0.0,0.0
2017-03-31,38.150002,38.150002,38.150002,38.150002,25.744917,1600,0.0,0.0
2017-04-03,38.150002,38.150002,38.150002,38.150002,25.744917,2000,0.0,0.0
2017-04-04,38.150002,38.419998,38.150002,38.349998,25.879877,6800,0.0,0.0
2017-04-05,38.349998,38.349998,38.349998,38.349998,25.879877,3700,0.0,0.0
2017-04-06,38.490002,38.490002,38.490002,38.490002,25.974358,200,0.0,0.0
2017-04-07,38.5,38.599998,38.5,38.599998,26.048592,600,0.0,0.0
2017-04-10,38.450001,38.75,38.450001,38.599998,26.048592,18000,0.0,0.0
2017-04-11,38.75,38.849998,38.75,38.849998,26.217299,300,0.0,0.0
2017-04-12,38.849998,38.849998,38.75,38.75,26.149817,400,0.0,0.0
2017-04-13,38.75,38.75,38.75,38.75,26.149817,200,0.0,0.0
2017-04-17,38.75,38.849998,38.75,38.849998,26.217299,300,0.0,0.0
2017-04-18,38.849998,38.849998,38.849998,38.849998,26.217299,0,0.0,0.0
2017-04-19,38.849998,38.849998,38.849998,38.849998,26.217299,0,0.0,0.0
2017-04-20,38.849998,38.849998,38.849998,38.849998,26.217299,0,0.0,0.0
2017-04-21,38.849998,38.849998,38.849998,38.849998,26.217299,0,0.0,0.0
2017-04-24,38.650002,38.650002,38.650002,38.650002,26.082327,3000,0.0,0.0
2017-04-25,39.0,39.0,39.0,39.0,26.318525,200,0.0,0.0
2017-04-26,39.0,39.25,39.0,39.25,26.48723,900,0.0,0.0
2017-04-27,39.25,39.5,39.25,39.5,26.655943,4500,0.0,0.0
2017-04-28,39.5,39.5,39.5,39.5,26.655943,0,0.0,0.0
2017-05-01,39.650002,40.0,39.650002,40.0,26.993366,3500,0.0,0.0
2017-05-02,40.0,40.0,40.0,40.0,26.993366,0,0.0,0.0
2017-05-03,40.0,40.0,40.0,40.0,26.993366,0,0.0,0.0
2017-05-04,40.150002,40.150002,40.150002,40.150002,27.094591,100,0.0,0.0
2017-05-05,40.700001,40.700001,40.5,40.5,27.330782,800,0.0,0.0
2017-05-08,40.5,40.5,40.5,40.5,27.330782,100,0.0,0.0
2017-05-09,40.700001,40.700001,40.700001,40.700001,27.465746,400,0.0,0.0
2017-05-10,40.700001,40.700001,40.700001,40.700001,27.465746,0,0.0,0.0
2017-05-11,40.75,40.950001,40.75,40.950001,27.634447,3700,0.0,0.0
2017-05-12,40.950001,41.25,40.950001,41.25,27.836906,300,0.0,0.0
2017-05-15,41.25,41.25,41.25,41.25,27.836906,500,0.0,0.0
2017-05-16,41.25,41.25,41.25,41.25,27.836906,0,0.0,0.0
2017-05-17,41.25,41.25,41.25,41.25,27.836906,0,0.0,0.0
2017-05-18,41.27,41.349998,41.27,41.349998,27.90439,1000,0.0,0.0
2017-05-19,41.900002,42.0,41.900002,42.0,28.343027,300,0.0,0.0
2017-05-22,42.0,42.0,42.0,42.0,28.343027,0,0.0,0.0
2017-05-23,42.0,42.0,42.0,42.0,28.343027,0,0.0,0.0
2017-05-24,42.099998,42.099998,42.099998,42.099998,28.410511,200,0.0,0.0
2017-05-25,42.0,42.0,42.0,42.0,28.343027,7100,0.0,0.0
2017-05-26,42.0,42.0,42.0,42.0,28.343027,0,0.0,0.0
2017-05-30,41.900002,41.900002,41.900002,41.900002,28.275532,300,0.0,0.0
2017-05-31,40.549999,40.549999,40.549999,40.549999,27.364515,100,0.0,0.0
2017-06-01,40.549999,40.549999,40.549999,40.549999,27.364515,0,0.0,0.0
2017-06-02,40.549999,40.549999,40.549999,40.549999,27.364515,0,0.0,0.0
2017-06-05,40.549999,40.549999,40.549999,40.549999,27.364515,0,0.0,0.0
2017-06-06,40.599998,40.599998,40.599998,40.599998,27.398252,200,0.0,0.0
2017-06-07,40.599998,40.700001,40.599998,40.700001,27.465746,900,0.0,0.0
2017-06-08,40.700001,41.889999,40.700001,41.889999,28.268784,1300,0.0,0.0
2017-06-09,41.5,41.5,41.5,41.5,28.00561,600,0.0,0.0
2017-06-12,41.5,41.5,41.5,41.5,28.00561,2200,0.0,0.0
2017-06-13,41.5,41.5,41.5,41.5,28.00561,900,0.0,0.0
2017-06-14,41.5,41.5,41.5,41.5,28.216381,0,0.31,0.0
2017-06-15,41.5,41.5,41.5,41.5,28.216381,0,0.0,0.0
2017-06-16,41.5,41.5,41.5,41.5,28.216381,0,0.0,0.0
2017-06-19,41.5,41.5,41.5,41.5,28.216381,0,0.0,0.0
2017-06-20,41.5,41.5,41.5,41.5,28.216381,0,0.0,0.0
2017-06-21,41.75,41.75,41.75,41.75,28.386362,500,0.0,0.0
2017-06-22,41.549999,41.549999,41.549999,41.549999,28.250387,100,0.0,0.0
2017-06-23,41.549999,41.549999,40.759998,40.759998,27.713247,900,0.0,0.0
2017-06-26,40.75,40.75,40.349998,40.349998,27.434483,49400,0.0,0.0
2017-06-27,40.5,40.529999,40.23,40.23,27.35289,2200,0.0,0.0
2017-06-28,40.299999,40.299999,40.299999,40.299999,27.400484,500,0.0,0.0
2017-06-29,40.349998,40.349998,40.349998,40.349998,27.434483,1700,0.0,0.0
2017-06-30,40.299999,40.330002,40.299999,40.330002,27.420879,5700,0.0,0.0
2017-07-03,40.330002,40.330002,40.330002,40.330002,27.420879,0,0.0,0.0
2017-07-05,40.330002,40.330002,40.330002,40.330002,27.420879,0,0.0,0.0
2017-07-06,40.5,40.5,40.5,40.5,27.536478,200,0.0,0.0
2017-07-07,40.5,41.5,40.5,41.5,28.216381,200,0.0,0.0
2017-07-10,40.549999,40.549999,40.549999,40.549999,27.570465,200,0.0,0.0
2017-07-11,40.549999,40.549999,40.549999,40.549999,27.570465,0,0.0,0.0
2017-07-12,40.599998,40.599998,40.599998,40.599998,27.604462,400,0.0,0.0
2017-07-13,40.599998,40.599998,40.599998,40.599998,27.604462,300,0.0,0.0
2017-07-14,40.700001,40.700001,40.700001,40.700001,27.672453,300,0.0,0.0
2017-07-17,40.700001,40.700001,40.700001,40.700001,27.672453,0,0.0,0.0
2017-07-18,40.700001,40.700001,40.700001,40.700001,27.672453,0,0.0,0.0
2017-07-19,40.75,40.75,40.75,40.75,27.70645,200,0.0,0.0
2017-07-20,40.75,40.75,40.75,40.75,27.70645,0,0.0,0.0
2017-07-21,40.75,40.75,40.75,40.75,27.70645,0,0.0,0.0
2017-07-24,40.75,40.75,40.75,40.75,27.70645,400,0.0,0.0
2017-07-25,40.75,40.75,40.75,40.75,27.70645,1000,0.0,0.0
2017-07-26,40.75,40.75,40.75,40.75,27.70645,0,0.0,0.0
2017-07-27,40.700001,40.700001,40.700001,40.700001,27.672453,100,0.0,0.0
2017-07-28,40.549999,40.549999,40.549999,40.549999,27.570465,200,0.0,0.0
2017-07-31,40.599998,40.599998,40.599998,40.599998,27.604462,200,0.0,0.0
2017-08-01,40.599998,40.599998,40.599998,40.599998,27.604462,0,0.0,0.0
2017-08-02,40.599998,40.599998,40.599998,40.599998,27.604462,0,0.0,0.0
2017-08-03,40.599998,40.599998,40.599998,40.599998,27.604462,0,0.0,0.0
2017-08-04,40.599998,40.599998,40.599998,40.599998,27.604462,400,0.0,0.0
2017-08-07,40.599998,40.599998,40.599998,40.599998,27.604462,0,0.0,0.0
2017-08-08,40.599998,40.599998,40.599998,40.599998,27.604462,0,0.0,0.0
2017-08-09,40.599998,40.599998,40.599998,40.599998,27.604462,200,0.0,0.0
2017-08-10,40.599998,40.599998,40.599998,40.599998,27.604462,0,0.0,0.0
2017-08-11,40.599998,40.599998,40.599998,40.599998,27.604462,0,0.0,0.0
2017-08-14,40.599998,40.599998,40.599998,40.599998,27.604462,200,0.0,0.0
2017-08-15,40.599998,40.599998,40.599998,40.599998,27.604462,1000,0.0,0.0
2017-08-16,40.599998,40.599998,40.599998,40.599998,27.604462,0,0.0,0.0
2017-08-17,40.599998,40.599998,40.599998,40.599998,27.604462,0,0.0,0.0
2017-08-18,40.599998,40.599998,40.599998,40.599998,27.604462,0,0.0,0.0
2017-08-21,40.599998,40.599998,40.400002,40.400002,27.468479,6200,0.0,0.0
2017-08-22,40.400002,40.400002,40.400002,40.400002,27.468479,0,0.0,0.0
2017-08-23,40.400002,40.400002,40.400002,40.400002,27.468479,0,0.0,0.0
2017-08-24,40.400002,40.400002,40.400002,40.400002,27.468479,0,0.0,0.0
2017-08-25,40.400002,40.400002,40.400002,40.400002,27.468479,0,0.0,0.0
2017-08-28,40.650002,40.650002,40.5,40.5,27.536478,400,0.0,0.0
2017-08-29,40.5,40.5,40.5,40.5,27.536478,0,0.0,0.0
2017-08-30,40.5,40.650002,40.5,40.650002,27.638449,400,0.0,0.0
2017-08-31,40.5,40.5,40.5,40.5,27.536478,500,0.0,0.0
2017-09-01,40.549999,40.549999,40.549999,40.549999,27.570465,1600,0.0,0.0
2017-09-05,40.5,40.5,40.5,40.5,27.536478,1100,0.0,0.0
2017-09-06,40.5,40.5,40.5,40.5,27.536478,100,0.0,0.0
2017-09-07,40.5,40.5,40.5,40.5,27.536478,200,0.0,0.0
2017-09-08,40.400002,40.400002,40.25,40.25,27.366489,2400,0.0,0.0
2017-09-11,40.25,40.25,40.25,40.25,27.366489,0,0.0,0.0
2017-09-12,40.25,40.25,40.25,40.25,27.366489,0,0.0,0.0
2017-09-13,40.349998,40.349998,40.349998,40.349998,27.434483,200,0.0,0.0
2017-09-14,40.349998,40.349998,40.349998,40.349998,27.646885,0,0.31,0.0
2017-09-15,40.349998,40.349998,40.349998,40.349998,27.646885,0,0.0,0.0
2017-09-18,40.349998,40.349998,40.349998,40.349998,27.646885,0,0.0,0.0
2017-09-19,40.349998,40.349998,40.349998,40.349998,27.646885,300,0.0,0.0
2017-09-20,40.490002,40.490002,40.490002,40.490002,27.742802,400,0.0,0.0
2017-09-21,40.490002,40.490002,40.490002,40.490002,27.742802,0,0.0,0.0
2017-09-22,40.490002,40.490002,40.490002,40.490002,27.742802,0,0.0,0.0
2017-09-25,40.490002,40.490002,40.400002,40.400002,27.681145,600,0.0,0.0
2017-09-26,40.400002,40.400002,40.400002,40.400002,27.681145,0,0.0,0.0
2017-09-27,40.490002,40.5,40.490002,40.5,27.749672,500,0.0,0.0
2017-09-28,40.540001,40.540001,40.540001,40.540001,27.777069,500,0.0,0.0
2017-09-29,40.540001,40.540001,40.540001,40.540001,27.777069,100,0.0,0.0
2017-10-02,40.599998,40.599998,40.599998,40.599998,27.818184,100,0.0,0.0
2017-10-03,40.599998,40.599998,40.599998,40.599998,27.818184,0,0.0,0.0
2017-10-04,40.599998,40.599998,40.599998,40.599998,27.818184,0,0.0,0.0
2017-10-05,40.599998,40.599998,40.599998,40.599998,27.818184,0,0.0,0.0
2017-10-06,40.599998,40.599998,40.599998,40.599998,27.818184,300,0.0,0.0
2017-10-09,40.599998,40.599998,40.599998,40.599998,27.818184,0,0.0,0.0
2017-10-10,40.700001,40.75,40.700001,40.75,27.920959,300,0.0,0.0
2017-10-11,40.799999,40.799999,40.799999,40.799999,27.955212,300,0.0,0.0
2017-10-12,40.75,40.75,40.75,40.75,27.920959,100,0.0,0.0
2017-10-13,40.75,40.75,40.75,40.75,27.920959,0,0.0,0.0
2017-10-16,40.75,40.75,40.75,40.75,27.920959,0,0.0,0.0
2017-10-17,40.75,40.75,40.75,40.75,27.920959,0,0.0,0.0
2017-10-18,40.849998,40.849998,40.849998,40.849998,27.989477,500,0.0,0.0
2017-10-19,40.900002,40.900002,40.900002,40.900002,28.023739,100,0.0,0.0
2017-10-20,40.900002,41.0,40.900002,41.0,28.092253,600,0.0,0.0
2017-10-23,41.200001,41.5,41.200001,41.5,28.434839,200,0.0,0.0
2017-10-24,41.5,41.5,41.5,41.5,28.434839,0,0.0,0.0
2017-10-25,42.0,42.25,42.0,42.25,28.948727,200,0.0,0.0
2017-10-26,42.25,42.25,42.25,42.25,28.948727,0,0.0,0.0
2017-10-27,42.25,42.25,42.25,42.25,28.948727,0,0.0,0.0
2017-10-30,42.25,42.299999,42.25,42.299999,28.982977,600,0.0,0.0
2017-10-31,42.299999,42.48,42.299999,42.48,29.106308,700,0.0,0.0
2017-11-01,42.599998,42.599998,42.599998,42.599998,29.188541,100,0.0,0.0
2017-11-02,42.599998,42.599998,42.599998,42.599998,29.188541,0,0.0,0.0
2017-11-03,42.700001,42.700001,42.650002,42.650002,29.222797,2200,0.0,0.0
2017-11-06,42.700001,42.700001,42.700001,42.700001,29.257053,100,0.0,0.0
2017-11-07,42.650002,42.700001,42.650002,42.700001,29.257053,1400,0.0,0.0
2017-11-08,42.700001,42.700001,42.700001,42.700001,29.257053,0,0.0,0.0
2017-11-09,42.799999,42.799999,42.779999,42.779999,29.311865,200,0.0,0.0
2017-11-10,42.799999,42.799999,42.799999,42.799999,29.325565,500,0.0,0.0
2017-11-13,42.799999,42.799999,42.799999,42.799999,29.325565,0,0.0,0.0
2017-11-14,42.880001,42.880001,42.880001,42.880001,29.380381,200,0.0,0.0
2017-11-15,42.849998,42.849998,42.849998,42.849998,29.359829,200,0.0,0.0
2017-11-16,42.849998,42.849998,42.849998,42.849998,29.359829,0,0.0,0.0
2017-11-17,42.98,43.25,42.939999,43.25,29.633905,700,0.0,0.0
2017-11-20,43.25,43.25,43.0,43.25,29.633905,700,0.0,0.0
2017-11-21,43.5,43.5,43.049999,43.049999,29.496864,200,0.0,0.0
2017-11-22,43.049999,43.049999,43.049999,43.049999,29.496864,0,0.0,0.0
2017-11-24,43.049999,43.049999,43.049999,43.049999,29.496864,0,0.0,0.0
2017-11-27,43.099998,43.099998,43.099998,43.099998,29.531128,300,0.0,0.0
2017-11-28,43.5,43.5,43.299999,43.299999,29.668158,200,0.0,0.0
2017-11-29,43.5,43.75,43.5,43.650002,29.90797,900,0.0,0.0
2017-11-30,43.849998,44.150002,43.849998,44.150002,30.250566,1200,0.0,0.0
2017-12-01,44.150002,44.150002,44.150002,44.150002,30.250566,0,0.0,0.0
2017-12-04,44.150002,44.150002,44.150002,44.150002,30.250566,0,0.0,0.0
2017-12-05,44.049999,44.049999,44.049999,44.049999,30.182039,300,0.0,0.0
2017-12-06,44.049999,44.049999,44.049999,44.049999,30.182039,0,0.0,0.0
2017-12-07,44.049999,44.049999,44.049999,44.049999,30.182039,0,0.0,0.0
2017-12-08,44.049999,44.049999,44.049999,44.049999,30.182039,0,0.0,0.0
2017-12-11,44.049999,44.049999,44.049999,44.049999,30.182039,0,0.0,0.0
2017-12-12,44.049999,44.400002,44.049999,44.400002,30.421846,900,0.0,0.0
2017-12-13,44.150002,44.27,44.150002,44.200001,30.284819,10100,0.0,0.0
2017-12-14,44.150002,44.200001,44.150002,44.200001,30.498734,4200,0.31,0.0
2017-12-15,44.200001,44.200001,44.200001,44.200001,30.498734,0,0.0,0.0
2017-12-18,44.200001,44.200001,44.200001,44.200001,30.498734,0,0.0,0.0
2017-12-19,44.200001,44.200001,44.200001,44.200001,30.498734,0,0.0,0.0
2017-12-20,44.200001,44.200001,44.200001,44.200001,30.498734,0,0.0,0.0
2017-12-21,44.200001,44.200001,44.200001,44.200001,30.498734,0,0.0,0.0
2017-12-22,44.330002,44.349998,44.330002,44.349998,30.60223,1400,0.0,0.0
2017-12-26,44.380001,44.380001,44.380001,44.380001,30.622925,100,0.0,0.0
2017-12-27,44.389999,44.400002,44.389999,44.400002,30.636719,200,0.0,0.0
2017-12-28,44.400002,44.400002,44.400002,44.400002,30.636719,0,0.0,0.0
2017-12-29,44.400002,44.400002,44.400002,44.400002,30.636719,0,0.0,0.0
2018-01-02,44.849998,44.849998,44.849998,44.849998,30.947235,1100,0.0,0.0
2018-01-03,44.450001,44.799999,44.450001,44.799999,30.912733,10300,0.0,0.0
2018-01-04,44.799999,44.799999,44.799999,44.799999,30.912733,0,0.0,0.0
2018-01-05,44.799999,44.799999,44.799999,44.799999,30.912733,0,0.0,0.0
2018-01-08,45.040001,45.040001,44.900002,44.900002,30.981741,1300,0.0,0.0
2018-01-09,44.900002,44.900002,44.900002,44.900002,30.981741,0,0.0,0.0
2018-01-10,44.900002,44.900002,44.900002,44.900002,30.981741,10000,0.0,0.0
2018-01-11,44.900002,44.900002,44.900002,44.900002,30.981741,0,0.0,0.0
2018-01-12,45.5,45.75,45.299999,45.75,31.568243,700,0.0,0.0
2018-01-16,45.75,45.75,45.75,45.75,31.568243,0,0.0,0.0
2018-01-17,45.75,45.75,45.75,45.75,31.568243,0,0.0,0.0
2018-01-18,45.75,45.75,45.75,45.75,31.568243,0,0.0,0.0
2018-01-19,45.75,45.75,45.75,45.75,31.568243,0,0.0,0.0
2018-01-22,45.099998,45.099998,45.099998,45.099998,31.119734,300,0.0,0.0
2018-01-23,45.75,45.75,45.75,45.75,31.568243,100,0.0,0.0
2018-01-24,45.799999,45.900002,45.799999,45.900002,31.671745,400,0.0,0.0
2018-01-25,45.900002,46.110001,45.900002,46.009998,31.747652,11700,0.0,0.0
2018-01-26,46.009998,46.009998,46.009998,46.009998,31.747652,0,0.0,0.0
2018-01-29,49.790001,49.790001,49.790001,49.790001,34.355915,300,0.0,0.0
2018-01-30,50.0,50.0,46.099998,47.0,32.430763,17200,0.0,0.0
2018-01-31,49.5,49.5,49.5,49.5,34.155807,100,0.0,0.0
2018-02-01,49.0,49.0,47.5,47.5,32.77578,1300,0.0,0.0
2018-02-02,46.25,46.25,46.25,46.25,31.913256,1100,0.0,0.0
2018-02-05,46.25,46.25,46.25,46.25,31.913256,300,0.0,0.0
2018-02-06,46.099998,46.18,45.799999,45.799999,31.602755,5600,0.0,0.0
2018-02-07,45.400002,45.400002,45.400002,45.400002,31.32674,300,0.0,0.0
2018-02-08,45.049999,45.049999,44.75,44.93,31.002432,4300,0.0,0.0
2018-02-09,44.75,44.75,44.5,44.5,30.705732,600,0.0,0.0
2018-02-12,44.099998,44.099998,44.0,44.0,30.360718,2000,0.0,0.0
2018-02-13,44.0,44.0,44.0,44.0,30.360718,200,0.0,0.0
2018-02-14,43.900002,43.900002,43.900002,43.900002,30.291725,10000,0.0,0.0
2018-02-15,43.799999,43.799999,43.75,43.75,30.188215,400,0.0,0.0
2018-02-16,43.75,43.75,43.75,43.75,30.188215,0,0.0,0.0
2018-02-20,43.669998,44.0,43.669998,43.669998,30.133015,1500,0.0,0.0
2018-02-21,43.75,43.75,43.75,43.75,30.188215,10000,0.0,0.0
2018-02-22,43.799999,43.799999,43.799999,43.799999,30.222717,18000,0.0,0.0
2018-02-23,43.889999,43.889999,43.889999,43.889999,30.284815,5100,0.0,0.0
2018-02-26,43.950001,43.950001,43.939999,43.950001,30.326216,5200,0.0,0.0
2018-02-27,43.900002,43.900002,43.720001,43.720001,30.167515,300,0.0,0.0
2018-02-28,43.720001,43.720001,43.720001,43.720001,30.167515,0,0.0,0.0
2018-03-01,43.700001,43.700001,43.700001,43.700001,30.153721,200,0.0,0.0
2018-03-02,43.700001,43.75,43.700001,43.75,30.188215,6400,0.0,0.0
2018-03-05,43.700001,43.75,43.700001,43.75,30.188215,19300,0.0,0.0
2018-03-06,43.75,43.75,43.75,43.75,30.188215,0,0.0,0.0
2018-03-07,43.75,43.75,43.75,43.75,30.188215,0,0.0,0.0
2018-03-08,43.75,44.0,43.75,44.0,30.360718,800,0.0,0.0
2018-03-09,44.75,44.75,44.75,44.75,30.878227,1300,0.0,0.0
2018-03-12,44.299999,44.299999,44.299999,44.299999,30.56772,200,0.0,0.0
2018-03-13,45.0,45.0,45.0,45.0,31.050741,100,0.0,0.0
2018-03-14,45.0,45.0,45.0,45.0,31.050741,0,0.0,0.0
2018-03-15,45.0,45.0,45.0,45.0,31.273132,0,0.32,0.0
2018-03-16,44.5,44.5,44.5,44.5,30.92565,900,0.0,0.0
2018-03-19,44.5,44.5,44.5,44.5,30.92565,0,0.0,0.0
2018-03-20,44.5,44.5,44.5,44.5,30.92565,600,0.0,0.0
2018-03-21,44.5,44.5,44.5,44.5,30.92565,0,0.0,0.0
2018-03-22,44.5,44.5,44.5,44.5,30.92565,0,0.0,0.0
2018-03-23,44.5,44.5,44.5,44.5,30.92565,1700,0.0,0.0
2018-03-26,44.299999,44.299999,44.299999,44.299999,30.786648,200,0.0,0.0
2018-03-27,45.0,45.0,44.5,44.5,30.92565,2100,0.0,0.0
2018-03-28,44.299999,44.299999,44.099998,44.099998,30.647659,2100,0.0,0.0
2018-03-29,44.099998,44.099998,44.049999,44.049999,30.612915,1000,0.0,0.0
2018-04-02,44.049999,44.049999,44.049999,44.049999,30.612915,200,0.0,0.0
2018-04-03,44.049999,44.049999,44.049999,44.049999,30.612915,0,0.0,0.0
2018-04-04,44.099998,44.099998,44.099998,44.099998,30.647659,3400,0.0,0.0
2018-04-05,44.25,44.25,44.099998,44.099998,30.647659,200,0.0,0.0
2018-04-06,44.099998,44.099998,44.099998,44.099998,30.647659,0,0.0,0.0
2018-04-09,44.200001,44.200001,44.200001,44.200001,30.717163,100,0.0,0.0
2018-04-10,44.200001,44.200001,44.200001,44.200001,30.717163,0,0.0,0.0
2018-04-11,44.200001,44.200001,44.200001,44.200001,30.717163,0,0.0,0.0
2018-04-12,44.400002,44.5,44.400002,44.5,30.92565,2200,0.0,0.0
2018-04-13,44.5,44.5,44.5,44.5,30.92565,0,0.0,0.0
2018-04-16,44.5,44.5,44.5,44.5,30.92565,0,0.0,0.0
2018-04-17,44.5,44.5,44.5,44.5,30.92565,0,0.0,0.0
2018-04-18,44.549999,44.650002,44.549999,44.650002,31.02989,2500,0.0,0.0
2018-04-19,44.650002,44.650002,44.650002,44.650002,31.02989,0,0.0,0.0
2018-04-20,44.549999,44.549999,44.549999,44.549999,30.96039,800,0.0,0.0
2018-04-23,44.549999,44.549999,44.549999,44.549999,30.96039,0,0.0,0.0
2018-04-24,44.650002,44.75,44.549999,44.75,31.099379,2500,0.0,0.0
2018-04-25,44.75,45.0,44.75,45.0,31.273132,500,0.0,0.0
2018-04-26,45.0,45.0,45.0,45.0,31.273132,0,0.0,0.0
2018-04-27,45.0,45.0,45.0,45.0,31.273132,0,0.0,0.0
2018-04-30,45.0,45.0,45.0,45.0,31.273132,0,0.0,0.0
2018-05-01,45.0,45.0,45.0,45.0,31.273132,0,0.0,0.0
2018-05-02,45.0,45.0,45.0,45.0,31.273132,0,0.0,0.0
2018-05-03,45.049999,45.049999,44.700001,45.049999,31.307867,4000,0.0,0.0
2018-05-04,45.049999,45.049999,45.049999,45.049999,31.307867,0,0.0,0.0
2018-05-07,45.049999,45.049999,45.049999,45.049999,31.307867,2400,0.0,0.0
2018-05-08,45.049999,45.5,45.0,45.0,31.273132,3600,0.0,0.0
2018-05-09,45.0,45.0,45.0,45.0,31.273132,200,0.0,0.0
2018-05-10,45.0,45.0,45.0,45.0,31.273132,0,0.0,0.0
2018-05-11,45.150002,45.299999,45.150002,45.299999,31.481606,10700,0.0,0.0
2018-05-14,45.299999,45.75,45.299999,45.75,31.794336,2300,0.0,0.0
2018-05-15,45.799999,45.799999,45.799999,45.799999,31.829092,500,0.0,0.0
2018-05-16,45.5,45.5,45.5,45.5,31.6206,1500,0.0,0.0
2018-05-17,45.5,45.5,45.5,45.5,31.6206,0,0.0,0.0
2018-05-18,45.400002,46.0,45.400002,46.0,31.968084,500,0.0,0.0
2018-05-21,46.0,46.0,46.0,46.0,31.968084,0,0.0,0.0
2018-05-22,46.0,46.0,46.0,46.0,31.968084,0,0.0,0.0
2018-05-23,46.0,46.0,46.0,46.0,31.968084,0,0.0,0.0
2018-05-24,46.049999,46.049999,46.049999,46.049999,32.002819,200,0.0,0.0
2018-05-25,46.049999,46.049999,46.049999,46.049999,32.002819,0,0.0,0.0
2018-05-29,46.049999,46.049999,46.049999,46.049999,32.002819,0,0.0,0.0
2018-05-30,46.099998,46.099998,46.099998,46.099998,32.037579,700,0.0,0.0
2018-05-31,46.25,46.25,46.25,46.25,32.141819,300,0.0,0.0
2018-06-01,46.25,46.25,46.25,46.25,32.141819,0,0.0,0.0
2018-06-04,46.25,46.25,46.25,46.25,32.141819,0,0.0,0.0
2018-06-05,46.25,46.25,46.25,46.25,32.141819,0,0.0,0.0
2018-06-06,46.25,46.25,46.25,46.25,32.141819,0,0.0,0.0
2018-06-07,46.650002,46.75,46.650002,46.650002,32.419807,500,0.0,0.0
2018-06-08,46.650002,46.650002,46.650002,46.650002,32.419807,0,0.0,0.0
2018-06-11,46.650002,46.650002,46.650002,46.650002,32.419807,0,0.0,0.0
2018-06-12,46.650002,46.650002,46.650002,46.650002,32.419807,0,0.0,0.0
2018-06-13,47.0,47.0,46.799999,46.799999,32.524044,400,0.0,0.0
2018-06-14,47.0,47.0,47.0,47.0,32.88792,100,0.32,0.0
2018-06-15,46.799999,46.799999,46.799999,46.799999,32.747963,100,0.0,0.0
2018-06-18,46.799999,46.799999,46.799999,46.799999,32.747963,200,0.0,0.0
2018-06-19,46.799999,46.799999,46.799999,46.799999,32.747963,100,0.0,0.0
2018-06-20,46.799999,46.799999,46.799999,46.799999,32.747963,0,0.0,0.0
2018-06-21,46.75,46.75,46.75,46.75,32.712975,1200,0.0,0.0
2018-06-22,46.799999,46.799999,46.799999,46.799999,32.747963,5200,0.0,0.0
2018-06-25,46.799999,46.799999,46.799999,46.799999,32.747963,0,0.0,0.0
2018-06-26,46.799999,46.799999,46.799999,46.799999,32.747963,0,0.0,0.0
2018-06-27,46.5,46.5,46.5,46.5,32.538048,700,0.0,0.0
2018-06-28,46.5,46.5,46.5,46.5,32.538048,0,0.0,0.0
2018-06-29,46.5,46.650002,46.5,46.650002,32.643013,1600,0.0,0.0
2018-07-02,46.650002,46.650002,46.650002,46.650002,32.643013,0,0.0,0.0
2018-07-03,46.549999,46.549999,46.549999,46.549999,32.573036,26500,0.0,0.0
2018-07-05,46.549999,46.549999,46.549999,46.549999,32.573036,500,0.0,0.0
2018-07-06,46.549999,46.549999,46.549999,46.549999,32.573036,0,0.0,0.0
2018-07-09,46.549999,46.549999,46.549999,46.549999,32.573036,0,0.0,0.0
2018-07-10,46.549999,46.549999,46.549999,46.549999,32.573036,0,0.0,0.0
2018-07-11,46.549999,46.549999,46.549999,46.549999,32.573036,0,0.0,0.0
2018-07-12,46.549999,46.549999,46.549999,46.549999,32.573036,0,0.0,0.0
2018-07-13,46.549999,46.549999,46.549999,46.549999,32.573036,200,0.0,0.0
2018-07-16,46.549999,46.549999,46.549999,46.549999,32.573036,0,0.0,0.0
2018-07-17,46.549999,46.549999,46.549999,46.549999,32.573036,0,0.0,0.0
2018-07-18,46.549999,46.549999,46.549999,46.549999,32.573036,1000,0.0,0.0
2018-07-19,46.549999,46.549999,46.549999,46.549999,32.573036,200,0.0,0.0
2018-07-20,46.549999,46.549999,46.549999,46.549999,32.573036,200,0.0,0.0
2018-07-23,46.549999,46.549999,46.549999,46.549999,32.573036,0,0.0,0.0
2018-07-24,46.549999,46.689999,46.549999,46.549999,32.573036,1300,0.0,0.0
2018-07-25,46.549999,46.549999,46.549999,46.549999,32.573036,0,0.0,0.0
2018-07-26,46.549999,46.549999,46.549999,46.549999,32.573036,0,0.0,0.0
2018-07-27,46.599998,46.599998,46.599998,46.599998,32.608009,100,0.0,0.0
2018-07-30,46.599998,46.599998,46.599998,46.599998,32.608009,0,0.0,0.0
2018-07-31,46.599998,46.599998,46.599998,46.599998,32.608009,0,0.0,0.0
2018-08-01,46.599998,46.599998,46.599998,46.599998,32.608009,500,0.0,0.0
2018-08-02,46.799999,47.200001,46.799999,47.099998,32.957893,900,0.0,0.0
2018-08-03,47.099998,47.299999,47.099998,47.299999,33.097832,200,0.0,0.0
2018-08-06,47.299999,47.299999,47.299999,47.299999,33.097832,0,0.0,0.0
2018-08-07,47.299999,47.299999,47.299999,47.299999,33.097832,0,0.0,0.0
2018-08-08,46.599998,46.599998,46.599998,46.599998,32.608009,400,0.0,0.0
2018-08-09,46.599998,46.599998,46.599998,46.599998,32.608009,0,0.0,0.0
2018-08-10,46.599998,46.599998,46.599998,46.599998,32.608009,0,0.0,0.0
2018-08-13,46.599998,46.599998,46.599998,46.599998,32.608009,0,0.0,0.0
2018-08-14,46.599998,46.599998,46.599998,46.599998,32.608009,0,0.0,0.0
2018-08-15,46.599998,46.599998,46.599998,46.599998,32.608009,0,0.0,0.0
2018-08-16,46.599998,46.599998,46.599998,46.599998,32.608009,1000,0.0,0.0
2018-08-17,46.599998,46.599998,46.599998,46.599998,32.608009,200,0.0,0.0
2018-08-20,46.599998,46.599998,46.599998,46.599998,32.608009,2100,0.0,0.0
2018-08-21,46.599998,46.900002,46.599998,46.900002,32.81794,600,0.0,0.0
2018-08-22,46.900002,46.900002,46.900002,46.900002,32.81794,0,0.0,0.0
2018-08-23,46.900002,46.900002,46.900002,46.900002,32.81794,0,0.0,0.0
2018-08-24,46.900002,46.900002,46.900002,46.900002,32.81794,0,0.0,0.0
2018-08-27,46.599998,46.599998,46.599998,46.599998,32.608009,300,0.0,0.0
2018-08-28,46.599998,46.599998,46.599998,46.599998,32.608009,200,0.0,0.0
2018-08-29,46.599998,46.599998,46.599998,46.599998,32.608009,0,0.0,0.0
2018-08-30,46.75,46.75,46.599998,46.599998,32.608009,400,0.0,0.0
2018-08-31,46.400002,46.400002,46.400002,46.400002,32.468075,200,0.0,0.0
2018-09-04,46.400002,46.799999,46.400002,46.799999,32.747963,500,0.0,0.0
2018-09-05,46.799999,46.799999,46.799999,46.799999,32.747963,0,0.0,0.0
2018-09-06,46.5,46.5,46.5,46.5,32.538048,200,0.0,0.0
2018-09-07,46.349998,46.349998,46.25,46.25,32.36311,1800,0.0,0.0
2018-09-10,46.25,46.25,46.25,46.25,32.36311,0,0.0,0.0
2018-09-11,46.150002,46.150002,46.150002,46.150002,32.293129,2000,0.0,0.0
2018-09-12,46.150002,46.150002,46.150002,46.150002,32.293129,0,0.0,0.0
2018-09-13,46.299999,46.48,46.299999,46.48,32.751141,22800,0.32,0.0
2018-09-14,46.48,46.48,46.48,46.48,32.751141,0,0.0,0.0
2018-09-17,46.48,46.48,46.48,46.48,32.751141,0,0.0,0.0
2018-09-18,46.200001,46.200001,46.200001,46.200001,32.553844,200,0.0,0.0
2018-09-19,46.25,46.25,46.25,46.25,32.589081,500,0.0,0.0
2018-09-20,46.25,46.25,46.25,46.25,32.589081,0,0.0,0.0
2018-09-21,46.200001,46.200001,46.200001,46.200001,32.553844,400,0.0,0.0
2018-09-24,46.200001,46.200001,46.200001,46.200001,32.553844,0,0.0,0.0
2018-09-25,46.200001,46.200001,45.799999,45.799999,32.272011,1000,0.0,0.0
2018-09-26,45.900002,45.900002,45.900002,45.900002,32.342461,3100,0.0,0.0
2018-09-27,45.900002,45.900002,45.900002,45.900002,32.342461,0,0.0,0.0
2018-09-28,45.900002,45.900002,45.900002,45.900002,32.342461,0,0.0,0.0
2018-10-01,45.900002,45.900002,45.900002,45.900002,32.342461,0,0.0,0.0
2018-10-02,45.900002,45.900002,45.900002,45.900002,32.342461,0,0.0,0.0
2018-10-03,45.900002,45.900002,45.900002,45.900002,32.342461,0,0.0,0.0
2018-10-04,45.900002,45.900002,45.900002,45.900002,32.342461,0,0.0,0.0
2018-10-05,45.900002,45.900002,45.900002,45.900002,32.342461,0,0.0,0.0
2018-10-08,45.900002,45.900002,45.900002,45.900002,32.342461,0,0.0,0.0
2018-10-09,45.900002,45.900002,45.900002,45.900002,32.342461,0,0.0,0.0
2018-10-10,45.900002,45.900002,45.900002,45.900002,32.342461,0,0.0,0.0
2018-10-11,45.950001,46.0,45.75,45.900002,32.342461,1100,0.0,0.0
2018-10-12,45.900002,45.900002,45.900002,45.900002,32.342461,700,0.0,0.0
2018-10-15,45.900002,45.900002,45.900002,45.900002,32.342461,1000,0.0,0.0
2018-10-16,46.0,46.0,46.0,46.0,32.412907,300,0.0,0.0
2018-10-17,46.0,46.0,46.0,46.0,32.412907,0,0.0,0.0
2018-10-18,45.900002,45.900002,45.900002,45.900002,32.342461,700,0.0,0.0
2018-10-19,46.0,46.0,45.950001,45.950001,32.377697,400,0.0,0.0
2018-10-22,45.900002,45.900002,45.900002,45.900002,32.342461,5400,0.0,0.0
2018-10-23,45.75,45.75,45.75,45.75,32.236767,200,0.0,0.0
2018-10-24,45.75,45.75,45.75,45.75,32.236767,0,0.0,0.0
2018-10-25,45.75,45.75,45.75,45.75,32.236767,0,0.0,0.0
2018-10-26,45.700001,45.700001,45.549999,45.549999,32.095837,1000,0.0,0.0
2018-10-29,45.599998,45.700001,45.599998,45.700001,32.20153,300,0.0,0.0
2018-10-30,45.700001,45.700001,45.700001,45.700001,32.20153,0,0.0,0.0
2018-10-31,45.599998,45.599998,45.599998,45.599998,32.131077,400,0.0,0.0
2018-11-01,45.549999,45.549999,45.200001,45.200001,31.849224,1500,0.0,0.0
2018-11-02,45.200001,45.200001,45.200001,45.200001,31.849224,0,0.0,0.0
2018-11-05,45.200001,45.200001,45.200001,45.200001,31.849224,0,0.0,0.0
2018-11-06,45.200001,45.200001,45.200001,45.200001,31.849224,0,0.0,0.0
2018-11-07,45.200001,45.200001,45.200001,45.200001,31.849224,200,0.0,0.0
2018-11-08,45.5,45.5,45.5,45.5,32.060604,200,0.0,0.0
2018-11-09,45.209999,45.599998,45.209999,45.209999,31.85627,3100,0.0,0.0
2018-11-12,45.209999,45.209999,45.209999,45.209999,31.85627,0,0.0,0.0
2018-11-13,45.209999,45.209999,45.209999,45.209999,31.85627,0,0.0,0.0
2018-11-14,45.209999,45.209999,45.209999,45.209999,31.85627,0,0.0,0.0
2018-11-15,45.200001,45.200001,44.700001,44.700001,31.496902,200,0.0,0.0
2018-11-16,44.700001,44.700001,44.700001,44.700001,31.496902,0,0.0,0.0
2018-11-19,44.700001,44.700001,44.700001,44.700001,31.496902,0,0.0,0.0
2018-11-20,44.700001,44.700001,44.700001,44.700001,31.496902,100,0.0,0.0
2018-11-21,44.700001,44.700001,44.700001,44.700001,31.496902,0,0.0,0.0
2018-11-23,44.700001,44.700001,44.700001,44.700001,31.496902,0,0.0,0.0
2018-11-26,45.0,45.0,44.5,44.5,31.35598,400,0.0,0.0
2018-11-27,44.299999,44.299999,44.0,44.009998,31.010712,1500,0.0,0.0
2018-11-28,43.849998,43.950001,43.849998,43.950001,30.968431,8100,0.0,0.0
2018-11-29,43.950001,43.950001,43.950001,43.950001,30.968431,0,0.0,0.0
2018-11-30,43.849998,43.849998,43.849998,43.849998,30.897964,200,0.0,0.0
2018-12-03,43.849998,43.849998,43.849998,43.849998,30.897964,0,0.0,0.0
2018-12-04,43.849998,43.849998,43.849998,43.849998,30.897964,100,0.0,0.0
2018-12-06,43.799999,43.799999,43.549999,43.549999,30.686569,400,0.0,0.0
2018-12-07,43.549999,43.549999,43.549999,43.549999,30.686569,100,0.0,0.0
2018-12-10,43.0,43.0,42.799999,42.799999,30.158112,1000,0.0,0.0
2018-12-11,42.799999,42.799999,42.799999,42.799999,30.158112,100,0.0,0.0
2018-12-12,42.799999,42.799999,42.799999,42.799999,30.158112,0,0.0,0.0
2018-12-13,42.799999,42.799999,42.799999,42.799999,30.385284,0,0.32,0.0
2018-12-14,42.799999,42.799999,42.799999,42.799999,30.385284,100,0.0,0.0
2018-12-17,42.799999,42.799999,42.799999,42.799999,30.385284,0,0.0,0.0
2018-12-18,41.5,41.5,41.5,41.5,29.462381,400,0.0,0.0
2018-12-19,41.5,41.5,41.5,41.5,29.462381,100,0.0,0.0
2018-12-20,40.950001,40.950001,40.080002,40.080002,28.454262,400,0.0,0.0
2018-12-21,40.200001,40.200001,38.5,38.5,27.332552,1400,0.0,0.0
2018-12-24,38.5,38.5,38.5,38.5,27.332552,0,0.0,0.0
2018-12-26,38.5,38.5,38.5,38.5,27.332552,100,0.0,0.0
2018-12-27,38.5,38.5,38.5,38.5,27.332552,100,0.0,0.0
2018-12-28,38.5,38.5,38.5,38.5,27.332552,100,0.0,0.0
2018-12-31,38.5,38.5,38.5,38.5,27.332552,0,0.0,0.0
2019-01-02,38.150002,38.349998,36.599998,36.599998,25.983681,5100,0.0,0.0
2019-01-03,36.599998,36.599998,36.599998,36.599998,25.983681,0,0.0,0.0
2019-01-04,36.599998,36.599998,36.599998,36.599998,25.983681,100,0.0,0.0
2019-01-07,36.75,36.75,36.75,36.75,26.090174,100,0.0,0.0
2019-01-08,36.950001,36.950001,36.75,36.75,26.090174,300,0.0,0.0
2019-01-09,36.75,36.75,36.75,36.75,26.090174,0,0.0,0.0
2019-01-10,37.25,37.25,37.049999,37.25,26.445143,700,0.0,0.0
2019-01-11,37.299999,37.950001,37.25,37.25,26.445143,1000,0.0,0.0
2019-01-14,37.25,37.25,37.25,37.25,26.445143,0,0.0,0.0
2019-01-15,37.25,37.25,37.25,37.25,26.445143,0,0.0,0.0
2019-01-16,37.25,37.25,37.25,37.25,26.445143,100,0.0,0.0
2019-01-17,37.799999,37.799999,37.799999,37.799999,26.835606,200,0.0,0.0
2019-01-18,37.799999,37.799999,37.25,37.799999,26.835606,900,0.0,0.0
2019-01-22,37.099998,37.099998,36.150002,36.150002,25.664213,2700,0.0,0.0
2019-01-23,37.0,37.0,37.0,37.0,26.267654,2400,0.0,0.0
2019-01-24,37.0,37.5,37.0,37.5,26.622622,1300,0.0,0.0
2019-01-25,37.5,37.5,37.5,37.5,26.622622,0,0.0,0.0
2019-01-28,37.5,37.5,37.5,37.5,26.622622,1500,0.0,0.0
2019-01-29,37.799999,37.799999,37.799999,37.799999,26.835606,200,0.0,0.0
2019-01-30,37.799999,37.799999,37.799999,37.799999,26.835606,0,0.0,0.0
2019-01-31,38.950001,39.0,38.950001,39.0,27.687531,300,0.0,0.0
2019-02-01,39.0,39.0,39.0,39.0,27.687531,0,0.0,0.0
2019-02-04,38.950001,38.950001,38.950001,38.950001,27.652042,300,0.0,0.0
2019-02-05,38.950001,38.950001,38.950001,38.950001,27.652042,100,0.0,0.0
2019-02-06,38.119999,38.119999,38.119999,38.119999,27.062784,300,0.0,0.0
2019-02-07,38.119999,38.119999,38.119999,38.119999,27.062784,0,0.0,0.0
2019-02-08,38.150002,38.150002,38.150002,38.150002,27.084084,300,0.0,0.0
2019-02-11,38.150002,38.150002,38.150002,38.150002,27.084084,0,0.0,0.0
2019-02-12,38.150002,38.150002,38.150002,38.150002,27.084084,0,0.0,0.0
2019-02-13,38.150002,38.150002,38.150002,38.150002,27.084084,100,0.0,0.0
2019-02-14,38.150002,38.150002,38.150002,38.150002,27.084084,0,0.0,0.0
2019-02-15,38.150002,38.150002,38.150002,38.150002,27.084084,0,0.0,0.0
2019-02-19,38.16,38.16,37.25,37.25,26.445143,4800,0.0,0.0
2019-02-20,37.5,37.5,37.490002,37.5,26.622622,9400,0.0,0.0
2019-02-21,37.73,37.73,37.73,37.73,26.785912,300,0.0,0.0
2019-02-22,37.720001,37.720001,37.720001,37.720001,26.778807,200,0.0,0.0
2019-02-25,37.720001,37.799999,37.720001,37.799999,26.835606,1500,0.0,0.0
2019-02-26,37.990002,37.990002,37.990002,37.990002,26.970491,600,0.0,0.0
2019-02-27,37.990002,37.990002,37.990002,37.990002,26.970491,100,0.0,0.0
2019-02-28,37.990002,37.990002,37.990002,37.990002,26.970491,100,0.0,0.0
2019-03-01,37.509998,37.509998,37.509998,37.509998,26.629723,200,0.0,0.0
2019-03-04,37.900002,37.900002,37.900002,37.900002,26.906603,100,0.0,0.0
2019-03-05,37.900002,37.900002,37.900002,37.900002,26.906603,0,0.0,0.0
2019-03-06,38.0,38.0,38.0,38.0,26.977589,200,0.0,0.0
2019-03-07,38.0,38.0,38.0,38.0,26.977589,0,0.0,0.0
2019-03-08,38.0,38.0,38.0,38.0,26.977589,100,0.0,0.0
2019-03-11,38.0,38.0,38.0,38.0,26.977589,0,0.0,0.0
2019-03-12,38.0,38.0,38.0,38.0,26.977589,0,0.0,0.0
2019-03-13,38.0,38.0,38.0,38.0,26.977589,0,0.0,0.0
2019-03-14,37.75,37.75,37.52,37.52,26.870173,300,0.33,0.0
2019-03-15,37.57,37.57,37.57,37.57,26.905985,1200,0.0,0.0
2019-03-18,37.57,37.57,37.57,37.57,26.905985,4900,0.0,0.0
2019-03-19,37.57,37.57,37.57,37.57,26.905985,100,0.0,0.0
2019-03-20,37.389999,37.389999,37.299999,37.299999,26.712612,2200,0.0,0.0
2019-03-21,37.299999,37.299999,37.299999,37.299999,26.712612,0,0.0,0.0
2019-03-22,37.299999,37.299999,37.299999,37.299999,26.712612,0,0.0,0.0
2019-03-25,37.299999,37.299999,37.299999,37.299999,26.712612,0,0.0,0.0
2019-03-26,37.07,37.189999,37.07,37.189999,26.633837,700,0.0,0.0
2019-03-27,37.130001,37.400002,37.130001,37.400002,26.784237,1100,0.0,0.0
2019-03-28,37.189999,37.189999,37.189999,37.189999,26.633837,300,0.0,0.0
2019-03-29,37.189999,37.189999,37.189999,37.189999,26.633837,400,0.0,0.0
2019-04-01,37.189999,37.189999,37.189999,37.189999,26.633837,0,0.0,0.0
2019-04-02,37.07,37.07,37.07,37.07,26.547897,100,0.0,0.0
2019-04-03,37.150002,37.150002,37.150002,37.150002,26.605192,2100,0.0,0.0
2019-04-04,37.169998,37.169998,37.150002,37.150002,26.605192,3100,0.0,0.0
2019-04-05,37.549999,37.549999,37.549999,37.549999,26.891647,200,0.0,0.0
2019-04-08,37.07,37.59,37.07,37.59,26.920305,3000,0.0,0.0
2019-04-09,37.599998,37.599998,37.599998,37.599998,26.927465,700,0.0,0.0
2019-04-10,37.599998,37.599998,37.32,37.32,26.72694,4400,0.0,0.0
2019-04-11,37.32,37.32,37.32,37.32,26.72694,0,0.0,0.0
2019-04-12,37.599998,37.599998,37.5,37.5,26.855844,500,0.0,0.0
2019-04-15,37.5,37.5,37.5,37.5,26.855844,0,0.0,0.0
2019-04-16,37.599998,37.599998,37.599998,37.599998,26.927465,800,0.0,0.0
2019-04-17,37.599998,37.599998,37.599998,37.599998,26.927465,0,0.0,0.0
2019-04-18,38.0,38.130001,37.27,37.27,26.691132,4700,0.0,0.0
2019-04-22,37.299999,37.299999,37.299999,37.299999,26.712612,1000,0.0,0.0
2019-04-23,37.299999,37.299999,37.299999,37.299999,26.712612,0,0.0,0.0
2019-04-24,37.5,37.5,37.5,37.5,26.855844,100,0.0,0.0
2019-04-25,37.5,37.5,37.5,37.5,26.855844,200,0.0,0.0
2019-04-26,37.5,37.5,37.5,37.5,26.855844,100,0.0,0.0
2019-04-29,37.5,37.5,37.5,37.5,26.855844,100,0.0,0.0
2019-04-30,37.5,37.5,37.5,37.5,26.855844,600,0.0,0.0
2019-05-01,37.27,37.450001,37.27,37.450001,26.82004,5200,0.0,0.0
2019-05-02,37.450001,37.450001,37.450001,37.450001,26.82004,700,0.0,0.0
2019-05-03,37.299999,37.450001,37.299999,37.450001,26.82004,2200,0.0,0.0
2019-05-06,37.450001,37.450001,37.439999,37.450001,26.82004,1800,0.0,0.0
2019-05-07,37.27,37.27,37.27,37.27,26.691132,300,0.0,0.0
2019-05-08,37.119999,37.150002,37.119999,37.150002,26.605192,2300,0.0,0.0
2019-05-09,37.150002,37.150002,37.150002,37.150002,26.605192,100,0.0,0.0
2019-05-10,37.389999,37.389999,37.119999,37.119999,26.583702,300,0.0,0.0
2019-05-13,37.119999,37.119999,37.119999,37.119999,26.583702,0,0.0,0.0
2019-05-14,37.25,37.25,37.25,37.25,26.676809,100,0.0,0.0
2019-05-15,37.25,37.25,37.25,37.25,26.676809,200,0.0,0.0
2019-05-16,37.25,37.25,37.25,37.25,26.676809,0,0.0,0.0
2019-05-17,37.25,37.25,37.25,37.25,26.676809,0,0.0,0.0
2019-05-20,37.25,37.25,37.25,37.25,26.676809,0,0.0,0.0
2019-05-21,37.25,37.25,37.25,37.25,26.676809,200,0.0,0.0
2019-05-22,37.25,37.25,37.25,37.25,26.676809,0,0.0,0.0
2019-05-23,37.25,37.25,37.25,37.25,26.676809,2200,0.0,0.0
2019-05-24,37.25,37.25,37.25,37.25,26.676809,0,0.0,0.0
2019-05-28,37.25,37.25,37.25,37.25,26.676809,500,0.0,0.0
2019-05-29,37.380001,37.380001,37.380001,37.380001,26.769909,100,0.0,0.0
2019-05-30,37.349998,37.349998,37.349998,37.349998,26.748419,9800,0.0,0.0
2019-05-31,37.349998,37.349998,37.349998,37.349998,26.748419,100,0.0,0.0
2019-06-03,37.349998,37.349998,37.119999,37.119999,26.583702,1000,0.0,0.0
2019-06-04,37.389999,37.389999,37.389999,37.389999,26.777073,500,0.0,0.0
2019-06-05,37.349998,37.349998,37.25,37.25,26.676809,1300,0.0,0.0
2019-06-06,37.25,37.25,37.25,37.25,26.676809,100,0.0,0.0
2019-06-07,37.25,37.25,37.25,37.25,26.676809,0,0.0,0.0
2019-06-10,37.25,37.25,37.25,37.25,26.676809,0,0.0,0.0
2019-06-11,37.25,37.25,37.25,37.25,26.676809,0,0.0,0.0
2019-06-12,37.25,37.25,37.25,37.25,26.676809,0,0.0,0.0
2019-06-13,37.25,37.25,37.25,37.25,26.915253,100,0.33,0.0
2019-06-14,37.279999,37.279999,36.919998,36.919998,26.676802,3900,0.0,0.0
2019-06-17,36.82,36.82,36.779999,36.779999,26.575653,1000,0.0,0.0
2019-06-18,36.700001,36.700001,36.700001,36.700001,26.517847,300,0.0,0.0
2019-06-19,36.75,36.849998,36.75,36.849998,26.626232,700,0.0,0.0
2019-06-20,36.849998,37.0,36.52,37.0,26.734612,12200,0.0,0.0
2019-06-21,37.0,37.0,36.619999,36.619999,26.460039,6700,0.0,0.0
2019-06-24,37.0,37.0,37.0,37.0,26.734612,2000,0.0,0.0
2019-06-25,36.619999,37.0,36.619999,37.0,26.734612,3600,0.0,0.0
2019-06-26,36.990002,37.0,36.990002,37.0,26.734612,1000,0.0,0.0
2019-06-27,36.529999,36.529999,36.529999,36.529999,26.395004,100,0.0,0.0
2019-06-28,36.790001,37.0,36.790001,37.0,26.734612,2100,0.0,0.0
2019-07-01,37.0,37.0,37.0,37.0,26.734612,0,0.0,0.0
2019-07-02,36.84,36.84,36.669998,36.669998,26.496166,200,0.0,0.0
2019-07-03,36.700001,36.700001,36.700001,36.700001,26.517847,2200,0.0,0.0
2019-07-05,36.709999,36.709999,36.709999,36.709999,26.525072,1900,0.0,0.0
2019-07-08,36.709999,36.709999,36.709999,36.709999,26.525072,100,0.0,0.0
2019-07-09,36.669998,36.669998,36.57,36.57,26.42391,500,0.0,0.0
2019-07-10,36.57,36.57,36.57,36.57,26.42391,100,0.0,0.0
2019-07-11,36.900002,36.900002,36.900002,36.900002,26.662359,100,0.0,0.0
2019-07-12,36.900002,36.900002,36.900002,36.900002,26.662359,300,0.0,0.0
2019-07-15,36.950001,36.950001,36.619999,36.619999,26.460039,2000,0.0,0.0
2019-07-16,36.619999,36.619999,36.57,36.57,26.42391,200,0.0,0.0
2019-07-17,36.400002,36.400002,36.349998,36.349998,26.264952,3500,0.0,0.0
2019-07-18,36.349998,36.349998,36.349998,36.349998,26.264952,100,0.0,0.0
2019-07-19,36.099998,36.099998,36.099998,36.099998,26.084309,400,0.0,0.0
2019-07-22,36.099998,36.099998,36.07,36.07,26.062632,600,0.0,0.0
2019-07-23,36.07,36.07,36.07,36.07,26.062632,200,0.0,0.0
2019-07-24,36.07,36.099998,36.07,36.099998,26.084309,6600,0.0,0.0
2019-07-25,36.099998,36.110001,36.099998,36.110001,26.091536,7200,0.0,0.0
2019-07-26,36.110001,36.110001,36.110001,36.110001,26.091536,100,0.0,0.0
2019-07-29,36.099998,36.110001,36.099998,36.110001,26.091536,100,0.0,0.0
2019-07-30,36.200001,36.200001,36.200001,36.200001,26.156569,300,0.0,0.0
2019-07-31,36.25,36.25,36.25,36.25,26.192699,200,0.0,0.0
2019-08-01,36.27,36.27,36.200001,36.200001,26.156569,200,0.0,0.0
2019-08-02,36.450001,36.450001,36.450001,36.450001,26.337204,200,0.0,0.0
2019-08-05,36.669998,36.669998,36.5,36.5,26.373333,1000,0.0,0.0
2019-08-06,36.849998,36.849998,36.849998,36.849998,26.626232,500,0.0,0.0
2019-08-07,36.849998,36.849998,36.849998,36.849998,26.626232,500,0.0,0.0
2019-08-08,36.900002,36.900002,36.369999,36.369999,26.2794,600,0.0,0.0
2019-08-09,36.900002,36.91,36.700001,36.700001,26.517847,300,0.0,0.0
2019-08-12,36.700001,36.700001,36.700001,36.700001,26.517847,0,0.0,0.0
2019-08-13,36.900002,36.91,36.700001,36.91,26.669575,200,0.0,0.0
2019-08-14,36.57,36.700001,36.57,36.700001,26.517847,800,0.0,0.0
2019-08-15,36.57,36.700001,36.57,36.700001,26.517847,800,0.0,0.0
2019-08-16,36.700001,36.700001,36.700001,36.700001,26.517847,0,0.0,0.0
2019-08-19,36.52,36.52,36.52,36.52,26.387789,200,0.0,0.0
2019-08-20,36.52,36.52,36.52,36.52,26.387789,0,0.0,0.0
2019-08-21,36.52,36.52,36.52,36.52,26.387789,500,0.0,0.0
2019-08-22,36.52,36.52,36.52,36.52,26.387789,0,0.0,0.0
2019-08-23,36.52,36.52,36.52,36.52,26.387789,0,0.0,0.0
2019-08-26,36.52,36.52,36.52,36.52,26.387789,0,0.0,0.0
2019-08-27,36.580002,36.580002,36.509998,36.509998,26.380564,300,0.0,0.0
2019-08-28,36.509998,36.509998,36.509998,36.509998,26.380564,0,0.0,0.0
2019-08-29,36.549999,36.549999,36.32,36.32,26.243269,600,0.0,0.0
2019-08-30,36.32,36.32,36.32,36.32,26.243269,0,0.0,0.0
2019-09-03,36.32,36.32,36.32,36.32,26.243269,0,0.0,0.0
2019-09-04,36.400002,36.599998,36.400002,36.599998,26.445591,400,0.0,0.0
2019-09-05,36.400002,36.599998,36.400002,36.599998,26.445591,200,0.0,0.0
2019-09-06,36.32,36.32,36.25,36.25,26.192699,4100,0.0,0.0
2019-09-09,36.27,36.599998,36.27,36.599998,26.445591,900,0.0,0.0
2019-09-10,36.990002,36.990002,36.990002,36.990002,26.727386,100,0.0,0.0
2019-09-11,37.0,37.0,37.0,37.0,26.734612,400,0.0,0.0
2019-09-12,36.5,36.5,36.5,36.5,26.610672,1000,0.33,0.0
2019-09-13,36.400002,36.400002,36.400002,36.400002,26.537769,100,0.0,0.0
2019-09-16,36.400002,36.400002,36.400002,36.400002,26.537769,0,0.0,0.0
2019-09-17,36.400002,36.400002,36.400002,36.400002,26.537769,100,0.0,0.0
2019-09-18,36.5,36.5,36.5,36.5,26.610672,100,0.0,0.0
2019-09-19,36.5,37.0,36.5,37.0,26.975201,5100,0.0,0.0
2019-09-20,37.0,37.0,37.0,37.0,26.975201,0,0.0,0.0
2019-09-23,36.639999,36.639999,36.52,36.639999,26.71274,600,0.0,0.0
2019-09-24,36.549999,36.650002,36.549999,36.650002,26.720036,2000,0.0,0.0
2019-09-25,36.650002,36.650002,36.650002,36.650002,26.720036,100,0.0,0.0
2019-09-26,36.650002,36.650002,36.650002,36.650002,26.720036,0,0.0,0.0
2019-09-27,36.549999,36.669998,36.549999,36.549999,26.647125,5400,0.0,0.0
2019-09-30,36.549999,36.549999,36.549999,36.549999,26.647125,2200,0.0,0.0
2019-10-01,36.549999,36.549999,36.549999,36.549999,26.647125,900,0.0,0.0
2019-10-02,36.549999,36.549999,36.549999,36.549999,26.647125,0,0.0,0.0
2019-10-03,36.650002,36.650002,36.549999,36.599998,26.683575,800,0.0,0.0
2019-10-04,36.549999,36.549999,36.549999,36.549999,26.647125,200,0.0,0.0
2019-10-07,36.549999,36.549999,36.549999,36.549999,26.647125,0,0.0,0.0
2019-10-08,36.549999,36.549999,36.549999,36.549999,26.647125,200,0.0,0.0
2019-10-09,36.549999,36.650002,36.549999,36.549999,26.647125,1400,0.0,0.0
2019-10-10,36.549999,36.549999,36.549999,36.549999,26.647125,0,0.0,0.0
2019-10-11,36.549999,36.549999,36.549999,36.549999,26.647125,0,0.0,0.0
2019-10-14,36.549999,36.549999,36.549999,36.549999,26.647125,0,0.0,0.0
2019-10-15,36.549999,38.25,36.549999,38.25,27.88653,3300,0.0,0.0
2019-10-16,36.560001,36.560001,36.560001,36.560001,26.654413,100,0.0,0.0
2019-10-17,36.560001,36.560001,36.560001,36.560001,26.654413,100,0.0,0.0
2019-10-18,36.560001,36.560001,36.560001,36.560001,26.654413,0,0.0,0.0
2019-10-21,38.0,38.450001,36.849998,36.849998,26.865847,1000,0.0,0.0
2019-10-22,38.689999,38.689999,38.689999,38.689999,28.20731,200,0.0,0.0
2019-10-23,36.849998,37.150002,36.849998,37.150002,27.084566,1600,0.0,0.0
2019-10-24,37.150002,37.150002,37.150002,37.150002,27.084566,0,0.0,0.0
2019-10-25,37.150002,37.150002,37.150002,37.150002,27.084566,0,0.0,0.0
2019-10-28,37.0,37.0,36.860001,37.0,26.975201,4400,0.0,0.0
2019-10-29,37.0,37.0,37.0,37.0,26.975201,0,0.0,0.0
2019-10-30,37.0,37.0,37.0,37.0,26.975201,1000,0.0,0.0
2019-10-31,37.0,37.0,37.0,37.0,26.975201,100,0.0,0.0
2019-11-01,37.0,37.0,36.810001,36.82,26.843971,10600,0.0,0.0
2019-11-04,36.82,36.82,36.82,36.82,26.843971,0,0.0,0.0
2019-11-05,37.0,37.169998,37.0,37.169998,27.099138,400,0.0,0.0
2019-11-06,37.200001,37.200001,37.200001,37.200001,27.121012,600,0.0,0.0
2019-11-07,37.200001,37.200001,37.200001,37.200001,27.121012,0,0.0,0.0
2019-11-08,37.150002,37.150002,37.150002,37.150002,27.084566,100,0.0,0.0
2019-11-11,37.799999,37.799999,37.799999,37.799999,27.558455,2000,0.0,0.0
2019-11-12,37.759998,37.759998,37.759998,37.759998,27.529284,100,0.0,0.0
2019-11-13,37.759998,37.759998,37.759998,37.759998,27.529284,0,0.0,0.0
2019-11-14,37.759998,37.759998,37.759998,37.759998,27.529284,500,0.0,0.0
2019-11-15,37.759998,37.759998,37.759998,37.759998,27.529284,0,0.0,0.0
2019-11-18,37.939999,37.950001,37.939999,37.950001,27.66781,300,0.0,0.0
2019-11-19,37.939999,37.950001,37.939999,37.950001,27.66781,1200,0.0,0.0
2019-11-20,37.950001,37.950001,37.950001,37.950001,27.66781,100,0.0,0.0
2019-11-21,37.950001,37.950001,37.950001,37.950001,27.66781,0,0.0,0.0
2019-11-22,37.970001,37.970001,37.950001,37.950001,27.66781,600,0.0,0.0
2019-11-25,37.990002,38.25,37.990002,38.25,27.88653,500,0.0,0.0
2019-11-26,38.25,38.25,38.25,38.25,27.88653,0,0.0,0.0
2019-11-27,38.720001,38.720001,38.720001,38.720001,28.229174,100,0.0,0.0
2019-11-29,38.720001,38.75,38.720001,38.75,28.251055,400,0.0,0.0
2019-12-02,38.75,38.75,38.75,38.75,28.251055,0,0.0,0.0
2019-12-03,38.75,38.75,38.75,38.75,28.251055,0,0.0,0.0
2019-12-04,38.75,38.75,38.75,38.75,28.251055,0,0.0,0.0
2019-12-05,38.150002,38.150002,38.150002,38.150002,27.813622,300,0.0,0.0
2019-12-06,38.150002,38.150002,38.0,38.0,27.704268,3000,0.0,0.0
2019-12-09,38.0,38.0,38.0,38.0,27.704268,0,0.0,0.0
2019-12-10,38.0,38.0,38.0,38.0,27.704268,200,0.0,0.0
2019-12-11,38.169998,38.169998,38.0,38.0,27.704268,900,0.0,0.0
2019-12-12,38.049999,38.349998,38.0,38.349998,28.204361,1300,0.33,0.0
2019-12-13,38.700001,39.0,38.049999,38.049999,27.983723,2900,0.0,0.0
2019-12-16,38.740002,38.740002,38.740002,38.740002,28.491188,300,0.0,0.0
2019-12-17,38.080002,38.080002,38.080002,38.080002,28.005796,1200,0.0,0.0
2019-12-18,38.080002,38.080002,38.080002,38.080002,28.005796,300,0.0,0.0
2019-12-19,38.080002,38.080002,38.080002,38.080002,28.005796,0,0.0,0.0
2019-12-20,38.080002,38.080002,38.080002,38.080002,28.005796,0,0.0,0.0
2019-12-23,38.5,38.5,38.5,38.5,28.314678,300,0.0,0.0
2019-12-24,38.5,38.5,38.5,38.5,28.314678,0,0.0,0.0
2019-12-26,38.77,38.77,38.77,38.77,28.513256,100,0.0,0.0
2019-12-27,38.77,38.77,38.77,38.77,28.513256,0,0.0,0.0
2019-12-30,38.939999,38.950001,38.939999,38.950001,28.645626,300,0.0,0.0
2019-12-31,38.939999,38.939999,38.650002,38.650002,28.425003,400,0.0,0.0
2020-01-02,38.650002,38.650002,38.650002,38.650002,28.425003,0,0.0,0.0
2020-01-03,38.650002,38.650002,38.650002,38.650002,28.425003,0,0.0,0.0
2020-01-06,38.75,38.75,38.599998,38.599998,28.388229,700,0.0,0.0
2020-01-07,38.459999,38.459999,38.450001,38.450001,28.277908,700,0.0,0.0
2020-01-08,38.5,38.5,38.5,38.5,28.314678,3600,0.0,0.0
2020-01-09,38.599998,38.599998,38.599998,38.599998,28.388229,300,0.0,0.0
2020-01-10,38.5,38.68,38.400002,38.400002,28.241137,14000,0.0,0.0
2020-01-13,38.400002,38.599998,38.349998,38.349998,28.204361,900,0.0,0.0
2020-01-14,38.200001,38.200001,37.950001,38.0,27.946964,3300,0.0,0.0
2020-01-15,37.799999,37.799999,37.700001,37.77,27.777813,400,0.0,0.0
2020-01-16,37.610001,37.689999,37.5,37.5,27.579239,1500,0.0,0.0
2020-01-17,37.5,37.5,37.5,37.5,27.579239,3500,0.0,0.0
2020-01-21,37.400002,38.0,37.400002,38.0,27.946964,800,0.0,0.0
2020-01-22,37.400002,37.41,37.400002,37.41,27.513042,2100,0.0,0.0
2020-01-23,37.41,37.41,37.41,37.41,27.513042,0,0.0,0.0
2020-01-24,37.41,37.41,37.41,37.41,27.513042,0,0.0,0.0
2020-01-27,37.5,37.5,37.5,37.5,27.579239,3300,0.0,0.0
2020-01-28,37.5,37.5,37.5,37.5,27.579239,0,0.0,0.0
2020-01-29,37.400002,37.400002,37.400002,37.400002,27.50569,300,0.0,0.0
2020-01-30,37.41,37.41,37.400002,37.400002,27.50569,1000,0.0,0.0
2020-01-31,37.400002,37.400002,37.400002,37.400002,27.50569,0,0.0,0.0
2020-02-03,37.400002,37.400002,37.400002,37.400002,27.50569,900,0.0,0.0
2020-02-04,37.400002,37.400002,37.400002,37.400002,27.50569,600,0.0,0.0
2020-02-05,37.48,37.48,37.400002,37.43,27.527752,2700,0.0,0.0
2020-02-06,37.419998,37.48,37.419998,37.48,27.564528,1400,0.0,0.0
2020-02-07,37.41,37.41,37.349998,37.349998,27.468916,3000,0.0,0.0
2020-02-10,37.23,37.400002,37.200001,37.200001,27.358601,23600,0.0,0.0
2020-02-11,37.009998,37.009998,37.009998,37.009998,27.218863,800,0.0,0.0
2020-02-12,37.009998,37.009998,37.009998,37.009998,27.218863,0,0.0,0.0
2020-02-13,37.009998,37.009998,36.709999,36.75,27.027651,1700,0.0,0.0
2020-02-14,36.709999,36.709999,36.66,36.66,26.96146,2600,0.0,0.0
2020-02-18,36.66,36.66,36.66,36.66,26.96146,0,0.0,0.0
2020-02-19,36.599998,36.599998,36.5,36.599998,26.917332,1600,0.0,0.0
2020-02-20,36.5,36.5,36.400002,36.400002,26.770248,600,0.0,0.0
2020-02-21,36.299999,36.400002,36.25,36.25,26.659933,4600,0.0,0.0
2020-02-24,36.25,36.25,35.959999,35.959999,26.446644,2600,0.0,0.0
2020-02-25,35.5,35.5,35.209999,35.5,26.108345,600,0.0,0.0
2020-02-26,35.5,35.5,34.5,35.0,25.74062,5300,0.0,0.0
2020-02-27,34.799999,34.799999,34.57,34.759998,25.564116,4600,0.0,0.0
2020-02-28,34.599998,34.599998,33.849998,34.0,25.005175,4400,0.0,0.0
2020-03-02,34.0,34.0,34.0,34.0,25.005175,200,0.0,0.0
2020-03-03,33.849998,34.25,33.799999,33.799999,24.858082,3700,0.0,0.0
2020-03-04,33.799999,33.799999,33.700001,33.700001,24.784542,4100,0.0,0.0
2020-03-05,33.700001,34.0,33.549999,33.549999,24.674225,3000,0.0,0.0
2020-03-06,33.5,33.5,33.5,33.5,24.637445,300,0.0,0.0
2020-03-09,33.0,33.380001,32.75,32.75,24.085859,5800,0.0,0.0
2020-03-10,33.0,33.0,33.0,33.0,24.269726,300,0.0,0.0
2020-03-11,33.0,33.0,32.5,32.5,23.902006,300,0.0,0.0
2020-03-12,28.0,31.5,26.049999,31.5,23.41148,2600,0.34,0.0
2020-03-13,31.0,31.0,26.0,29.5,21.925035,3500,0.0,0.0
2020-03-16,29.6,29.6,29.6,29.6,21.999357,400,0.0,0.0
2020-03-17,29.6,29.6,29.6,29.6,21.999357,0,0.0,0.0
2020-03-18,29.5,29.5,29.0,29.129999,21.650045,6100,0.0,0.0
2020-03-19,29.25,29.25,28.25,28.25,20.996008,24400,0.0,0.0
2020-03-20,28.450001,28.450001,28.25,28.25,20.996008,400,0.0,0.0
2020-03-23,28.25,28.25,27.620001,27.620001,20.527775,6200,0.0,0.0
2020-03-24,27.620001,27.620001,27.49,27.5,20.438587,8100,0.0,0.0
2020-03-25,27.879999,28.0,27.879999,28.0,20.810202,1000,0.0,0.0
2020-03-26,31.99,32.5,31.790001,32.5,24.154699,1700,0.0,0.0
2020-03-27,32.5,32.5,32.5,32.5,24.154699,0,0.0,0.0
2020-03-30,31.0,31.0,30.299999,30.299999,22.519609,200,0.0,0.0
2020-03-31,30.299999,30.299999,30.299999,30.299999,22.519609,0,0.0,0.0
2020-04-01,28.52,28.52,28.5,28.5,21.18181,300,0.0,0.0
2020-04-02,28.25,28.25,28.25,28.25,20.996008,400,0.0,0.0
2020-04-03,28.25,28.25,28.25,28.25,20.996008,0,0.0,0.0
2020-04-06,30.0,30.0,29.0,29.0,21.553423,300,0.0,0.0
2020-04-07,30.0,30.0,29.5,29.5,21.925035,200,0.0,0.0
2020-04-08,29.5,29.5,29.5,29.5,21.925035,100,0.0,0.0
2020-04-09,29.5,29.5,29.5,29.5,21.925035,0,0.0,0.0
2020-04-13,29.5,29.5,29.5,29.5,21.925035,0,0.0,0.0
2020-04-14,31.0,31.0,31.0,31.0,23.039867,100,0.0,0.0
2020-04-15,30.0,30.0,28.25,28.299999,21.033171,1100,0.0,0.0
2020-04-16,29.0,29.0,29.0,29.0,21.553423,100,0.0,0.0
2020-04-17,28.75,28.75,28.75,28.75,21.36762,200,0.0,0.0
2020-04-20,28.75,28.75,28.75,28.75,21.36762,0,0.0,0.0
2020-04-21,28.5,28.75,28.25,28.25,20.996008,7100,0.0,0.0
2020-04-22,28.25,28.379999,28.25,28.25,20.996008,9200,0.0,0.0
2020-04-23,28.25,28.25,28.25,28.25,20.996008,1000,0.0,0.0
2020-04-24,28.5,34.0,28.370001,28.5,21.18181,6700,0.0,0.0
2020-04-27,28.5,28.5,28.5,28.5,21.18181,0,0.0,0.0
2020-04-28,28.5,28.5,28.5,28.5,21.18181,0,0.0,0.0
2020-04-29,29.0,29.0,28.4,28.75,21.36762,1100,0.0,0.0
2020-04-30,28.75,28.75,28.75,28.75,21.36762,0,0.0,0.0
2020-05-01,28.75,28.75,28.75,28.75,21.36762,0,0.0,0.0
2020-05-04,28.75,28.75,28.75,28.75,21.36762,0,0.0,0.0
2020-05-05,28.5,28.5,28.5,28.5,21.18181,1700,0.0,0.0
2020-05-06,28.75,28.75,28.5,28.5,21.18181,200,0.0,0.0
2020-05-07,28.5,28.5,28.5,28.5,21.18181,0,0.0,0.0
2020-05-08,29.629999,29.75,29.5,29.5,21.925035,300,0.0,0.0
2020-05-11,29.5,29.5,29.5,29.5,21.925035,0,0.0,0.0
2020-05-12,29.99,29.99,29.99,29.99,22.289207,300,0.0,0.0
2020-05-13,29.99,29.99,29.99,29.99,22.289207,0,0.0,0.0
2020-05-14,29.32,29.32,28.610001,28.610001,21.263565,500,0.0,0.0
2020-05-15,28.610001,28.610001,28.610001,28.610001,21.263565,0,0.0,0.0
2020-05-18,28.610001,28.610001,28.610001,28.610001,21.263565,0,0.0,0.0
2020-05-19,28.610001,28.610001,28.610001,28.610001,21.263565,0,0.0,0.0
2020-05-20,29.0,29.0,29.0,29.0,21.553423,200,0.0,0.0
2020-05-21,28.610001,28.950001,28.610001,28.75,21.36762,400,0.0,0.0
2020-05-22,28.75,28.75,28.75,28.75,21.36762,0,0.0,0.0
2020-05-26,29.0,29.0,29.0,29.0,21.553423,100,0.0,0.0
2020-05-27,28.950001,28.950001,28.950001,28.950001,21.516266,200,0.0,0.0
2020-05-28,28.700001,29.0,28.700001,29.0,21.553423,400,0.0,0.0
2020-05-29,28.700001,28.700001,28.35,28.700001,21.330462,2300,0.0,0.0
2020-06-01,28.700001,28.700001,28.4,28.5,21.18181,1300,0.0,0.0
2020-06-02,28.5,28.5,28.200001,28.35,21.070332,3500,0.0,0.0
2020-06-03,28.549999,28.549999,28.52,28.52,21.196678,2200,0.0,0.0
2020-06-04,28.52,28.52,28.52,28.52,21.196678,0,0.0,0.0
2020-06-05,28.5,28.75,28.299999,28.299999,21.033171,10600,0.0,0.0
2020-06-08,28.4,28.4,28.4,28.4,21.107489,1000,0.0,0.0
2020-06-09,28.99,28.99,28.99,28.99,21.545996,100,0.0,0.0
2020-06-10,28.99,28.99,28.99,28.99,21.545996,0,0.0,0.0
2020-06-11,28.99,28.99,28.99,28.99,21.801685,0,0.34,0.0
2020-06-12,28.25,28.25,28.25,28.25,21.245176,100,0.0,0.0
2020-06-15,28.25,28.25,28.25,28.25,21.245176,0,0.0,0.0
2020-06-16,28.25,28.25,28.25,28.25,21.245176,0,0.0,0.0
2020-06-17,29.5,29.700001,29.5,29.5,22.18523,700,0.0,0.0
2020-06-18,29.0,29.0,29.0,29.0,21.809206,100,0.0,0.0
2020-06-19,29.0,29.0,29.0,29.0,21.809206,0,0.0,0.0
2020-06-22,29.0,29.0,29.0,29.0,21.809206,0,0.0,0.0
2020-06-23,29.0,29.0,29.0,29.0,21.809206,0,0.0,0.0
2020-06-24,29.0,29.0,29.0,29.0,21.809206,0,0.0,0.0
2020-06-25,29.0,29.0,29.0,29.0,21.809206,0,0.0,0.0
2020-06-26,29.0,29.0,29.0,29.0,21.809206,0,0.0,0.0
2020-06-29,28.700001,28.700001,28.5,28.5,21.433184,200,0.0,0.0
2020-06-30,28.25,28.450001,27.75,28.25,21.245176,1000,0.0,0.0
2020-07-01,28.25,28.25,28.25,28.25,21.245176,0,0.0,0.0
2020-07-02,28.25,28.25,28.25,28.25,21.245176,0,0.0,0.0
2020-07-06,28.1,28.1,27.5,27.5,20.681141,500,0.0,0.0
2020-07-07,27.01,28.0,27.01,28.0,21.057161,500,0.0,0.0
2020-07-08,27.950001,28.0,27.950001,28.0,21.057161,600,0.0,0.0
2020-07-09,27.969999,27.969999,27.799999,27.799999,20.906757,300,0.0,0.0
2020-07-10,27.85,27.85,27.85,27.85,20.944355,300,0.0,0.0
2020-07-13,27.85,27.85,27.85,27.85,20.944355,0,0.0,0.0
2020-07-14,27.85,27.85,27.85,27.85,20.944355,0,0.0,0.0
2020-07-15,27.799999,27.799999,27.549999,27.549999,20.718746,1500,0.0,0.0
2020-07-16,28.1,28.1,28.1,28.1,21.13237,300,0.0,0.0
2020-07-17,27.75,27.75,26.799999,27.299999,20.530731,2600,0.0,0.0
2020-07-20,27.15,27.25,27.0,27.25,20.493134,600,0.0,0.0
2020-07-21,27.299999,27.450001,27.299999,27.450001,20.643541,300,0.0,0.0
2020-07-22,27.25,27.450001,27.25,27.450001,20.643541,1100,0.0,0.0
2020-07-23,27.450001,27.450001,27.450001,27.450001,20.643541,0,0.0,0.0
2020-07-24,27.4,27.4,27.4,27.4,20.60594,1100,0.0,0.0
2020-07-27,27.450001,27.450001,27.25,27.25,20.493134,700,0.0,0.0
2020-07-28,27.49,27.5,27.25,27.25,20.493134,4300,0.0,0.0
2020-07-29,27.25,27.25,27.25,27.25,20.493134,400,0.0,0.0
2020-07-30,27.25,27.25,27.25,27.25,20.493134,0,0.0,0.0
2020-07-31,27.5,27.5,27.129999,27.25,20.493134,11600,0.0,0.0
2020-08-03,27.25,27.26,27.18,27.24,20.485613,19200,0.0,0.0
2020-08-04,27.5,27.5,27.25,27.25,20.493134,6400,0.0,0.0
2020-08-05,27.25,27.25,27.25,27.25,20.493134,0,0.0,0.0
2020-08-06,27.25,27.25,27.25,27.25,20.493134,0,0.0,0.0
2020-08-07,27.25,27.25,27.25,27.25,20.493134,0,0.0,0.0
2020-08-10,28.5,28.5,28.5,28.5,21.433184,200,0.0,0.0
2020-08-11,29.0,29.0,29.0,29.0,21.809206,200,0.0,0.0
2020-08-12,29.0,29.0,29.0,29.0,21.809206,0,0.0,0.0
2020-08-13,29.0,29.0,29.0,29.0,21.809206,0,0.0,0.0
2020-08-14,28.9,28.9,28.9,28.9,21.734003,200,0.0,0.0
2020-08-17,28.9,28.9,28.9,28.9,21.734003,0,0.0,0.0
2020-08-18,28.9,28.9,28.9,28.9,21.734003,0,0.0,0.0
2020-08-19,28.9,28.9,28.9,28.9,21.734003,0,0.0,0.0
2020-08-20,28.5,28.5,28.5,28.5,21.433184,200,0.0,0.0
2020-08-21,28.5,28.5,28.5,28.5,21.433184,800,0.0,0.0
2020-08-24,28.4,28.4,28.4,28.4,21.357979,400,0.0,0.0
2020-08-25,28.4,28.4,28.4,28.4,21.357979,0,0.0,0.0
2020-08-26,28.25,28.450001,28.0,28.0,21.057161,500,0.0,0.0
2020-08-27,28.0,28.0,28.0,28.0,21.057161,0,0.0,0.0
2020-08-28,28.0,28.0,28.0,28.0,21.057161,0,0.0,0.0
2020-08-31,28.5,28.5,28.25,28.25,21.245176,1100,0.0,0.0
2020-09-01,28.129999,28.25,28.129999,28.25,21.245176,600,0.0,0.0
2020-09-02,28.0,28.15,28.0,28.0,21.057161,1100,0.0,0.0
2020-09-03,28.0,28.1,27.25,27.5,20.681141,3300,0.0,0.0
2020-09-04,27.5,27.5,27.5,27.5,20.681141,0,0.0,0.0
2020-09-08,27.5,27.5,27.5,27.5,20.681141,0,0.0,0.0
2020-09-09,27.5,27.5,27.5,27.5,20.681141,0,0.0,0.0
2020-09-10,27.5,27.5,27.4,27.5,20.940035,2700,0.34,0.0
2020-09-11,26.0,28.299999,26.0,28.299999,21.549204,4300,0.0,0.0
2020-09-14,30.200001,30.200001,30.200001,30.200001,22.995972,200,0.0,0.0
2020-09-15,27.700001,27.700001,27.01,27.5,20.940035,2800,0.0,0.0
2020-09-16,27.5,27.5,27.5,27.5,20.940035,2300,0.0,0.0
2020-09-17,27.35,27.35,27.35,27.35,20.825821,6800,0.0,0.0
2020-09-18,27.35,27.35,27.35,27.35,20.825821,0,0.0,0.0
2020-09-21,27.35,27.35,27.35,27.35,20.825821,0,0.0,0.0
2020-09-22,27.5,27.5,27.0,27.0,20.559313,4800,0.0,0.0
2020-09-23,27.25,27.450001,27.25,27.450001,20.901966,500,0.0,0.0
2020-09-24,27.450001,27.450001,27.450001,27.450001,20.901966,0,0.0,0.0
2020-09-25,27.450001,27.5,27.25,27.25,20.749676,1300,0.0,0.0
2020-09-28,27.25,27.25,27.25,27.25,20.749676,400,0.0,0.0
2020-09-29,27.25,27.25,27.25,27.25,20.749676,100,0.0,0.0
2020-09-30,27.450001,27.450001,27.450001,27.450001,20.901966,100,0.0,0.0
2020-10-01,27.35,27.35,27.25,27.25,20.749676,300,0.0,0.0
2020-10-02,27.25,27.25,27.01,27.15,20.673527,3200,0.0,0.0
2020-10-05,27.450001,27.450001,27.450001,27.450001,20.901966,200,0.0,0.0
2020-10-06,27.450001,27.469999,27.450001,27.450001,20.901966,14300,0.0,0.0
2020-10-07,27.450001,27.450001,27.450001,27.450001,20.901966,0,0.0,0.0
2020-10-08,27.6,27.6,27.6,27.6,21.01618,10100,0.0,0.0
2020-10-09,27.6,27.6,27.6,27.6,21.01618,0,0.0,0.0
2020-10-12,27.6,27.629999,27.5,27.5,20.940035,2700,0.0,0.0
2020-10-13,27.5,27.5,27.5,27.5,20.940035,7600,0.0,0.0
2020-10-14,27.459999,27.459999,27.43,27.459999,20.90958,30700,0.0,0.0
2020-10-15,27.459999,27.459999,27.43,27.459999,20.90958,32300,0.0,0.0
2020-10-16,27.459999,27.459999,27.459999,27.459999,20.90958,0,0.0,0.0
2020-10-19,27.5,27.5,27.459999,27.459999,20.90958,200,0.0,0.0
2020-10-20,27.459999,27.459999,27.459999,27.459999,20.90958,100,0.0,0.0
2020-10-21,27.5,27.700001,27.4,27.700001,21.092333,800,0.0,0.0
2020-10-22,27.700001,27.700001,27.700001,27.700001,21.092333,0,0.0,0.0
2020-10-23,28.0,28.25,28.0,28.25,21.511131,1600,0.0,0.0
2020-10-26,28.25,28.25,28.25,28.25,21.511131,600,0.0,0.0
2020-10-27,28.190001,28.190001,28.0,28.0,21.320768,800,0.0,0.0
2020-10-28,28.0,28.0,28.0,28.0,21.320768,600,0.0,0.0
2020-10-29,28.0,28.0,28.0,28.0,21.320768,0,0.0,0.0
2020-10-30,28.0,29.25,28.0,28.379999,21.610117,900,0.0,0.0
2020-11-02,28.25,29.0,28.25,29.0,22.082222,700,0.0,0.0
2020-11-03,29.0,29.0,29.0,29.0,22.082222,100,0.0,0.0
2020-11-04,29.51,30.0,29.5,30.0,22.843679,500,0.0,0.0
2020-11-05,30.25,30.799999,30.25,30.799999,23.452845,600,0.0,0.0
2020-11-06,30.799999,30.799999,30.799999,30.799999,23.452845,0,0.0,0.0
2020-11-09,31.1,32.060001,30.75,32.060001,24.412281,1100,0.0,0.0
2020-11-10,32.060001,32.060001,32.060001,32.060001,24.412281,100,0.0,0.0
2020-11-11,32.060001,32.060001,32.060001,32.060001,24.412281,400,0.0,0.0
2020-11-12,32.060001,32.060001,32.060001,32.060001,24.412281,0,0.0,0.0
2020-11-13,32.060001,32.060001,32.060001,32.060001,24.412281,0,0.0,0.0
2020-11-16,32.049999,32.049999,31.950001,31.950001,24.328514,400,0.0,0.0
2020-11-17,30.540001,30.74,29.16,30.5,23.224405,8600,0.0,0.0
2020-11-18,30.5,30.5,30.5,30.5,23.224405,0,0.0,0.0
2020-11-19,30.5,30.5,30.5,30.5,23.224405,0,0.0,0.0
2020-11-20,31.0,31.0,31.0,31.0,23.605137,100,0.0,0.0
2020-11-23,31.5,31.5,31.5,31.5,23.985861,100,0.0,0.0
2020-11-24,31.5,31.5,31.5,31.5,23.985861,300,0.0,0.0
2020-11-25,31.5,31.5,31.5,31.5,23.985861,100,0.0,0.0
2020-11-27,31.5,31.5,31.5,31.5,23.985861,0,0.0,0.0
2020-11-30,31.75,31.75,31.75,31.75,24.176228,1000,0.0,0.0
2020-12-01,30.27,31.25,30.27,31.0,23.605137,400,0.0,0.0
2020-12-02,31.0,31.0,31.0,31.0,23.605137,0,0.0,0.0
2020-12-03,31.0,31.0,31.0,31.0,23.605137,0,0.0,0.0
2020-12-04,31.25,31.25,30.5,30.5,23.224405,500,0.0,0.0
2020-12-07,30.75,30.76,30.75,30.76,23.422388,700,0.0,0.0
2020-12-08,30.9,33.869999,30.75,33.869999,25.790514,2400,0.0,0.0
2020-12-09,33.0,33.0,30.25,30.290001,23.29838,2300,0.34,0.0
2020-12-10,30.290001,30.290001,30.290001,30.290001,23.29838,0,0.0,0.0
2020-12-11,31.5,31.5,31.5,31.5,24.229088,200,0.0,0.0
2020-12-14,31.75,31.75,31.5,31.5,24.229088,1200,0.0,0.0
2020-12-15,31.5,31.5,31.0,31.0,23.844496,1000,0.0,0.0
2020-12-16,31.0,31.0,31.0,31.0,23.844496,0,0.0,0.0
2020-12-17,31.0,31.0,31.0,31.0,23.844496,0,0.0,0.0
2020-12-18,31.040001,31.040001,31.040001,31.040001,23.875263,100,0.0,0.0
2020-12-21,31.040001,31.040001,31.040001,31.040001,23.875263,0,0.0,0.0
2020-12-22,32.0,32.0,31.01,31.01,23.852188,500,0.0,0.0
2020-12-23,33.0,33.0,33.0,33.0,25.382854,900,0.0,0.0
2020-12-24,33.0,33.0,33.0,33.0,25.382854,0,0.0,0.0
2020-12-28,33.0,33.200001,32.0,32.0,24.613672,1900,0.0,0.0
2020-12-29,32.049999,32.049999,32.049999,32.049999,24.652128,100,0.0,0.0
2020-12-30,32.049999,32.049999,32.049999,32.049999,24.652128,0,0.0,0.0
2020-12-31,32.049999,32.049999,32.049999,32.049999,24.652128,0,0.0,0.0
2021-01-04,32.25,32.25,32.25,32.25,24.805969,200,0.0,0.0
2021-01-05,32.25,32.5,32.25,32.25,24.805969,400,0.0,0.0
2021-01-06,32.25,33.0,31.02,32.799999,25.229019,1400,0.0,0.0
2021-01-07,32.5,32.549999,32.5,32.549999,25.036718,400,0.0,0.0
2021-01-08,32.549999,32.549999,31.07,31.07,23.898338,1600,0.0,0.0
2021-01-11,32.0,32.0,32.0,32.0,24.613672,100,0.0,0.0
2021-01-12,32.0,32.0,32.0,32.0,24.613672,0,0.0,0.0
2021-01-13,31.709999,31.709999,31.51,31.51,24.236774,400,0.0,0.0
2021-01-14,31.51,31.51,31.51,31.51,24.236774,0,0.0,0.0
2021-01-15,31.51,32.0,31.51,32.0,24.613672,1900,0.0,0.0
2021-01-19,32.25,32.25,32.25,32.25,24.805969,1000,0.0,0.0
2021-01-20,32.5,32.5,32.5,32.5,24.998259,800,0.0,0.0
2021-01-21,32.880001,33.0,32.880001,33.0,25.382854,200,0.0,0.0
2021-01-22,33.0,33.0,33.0,33.0,25.382854,0,0.0,0.0
2021-01-25,32.900002,33.0,32.900002,33.0,25.382854,1300,0.0,0.0
2021-01-26,32.5,33.0,31.51,33.0,25.382854,2800,0.0,0.0
2021-01-27,32.0,32.0,31.52,31.52,24.244465,400,0.0,0.0
2021-01-28,32.490002,32.490002,32.490002,32.490002,24.99057,100,0.0,0.0
2021-01-29,32.490002,32.490002,32.490002,32.490002,24.99057,0,0.0,0.0
2021-02-01,32.900002,32.900002,32.0,32.900002,25.305931,1300,0.0,0.0
2021-02-02,32.57,32.57,32.0,32.0,24.613672,900,0.0,0.0
2021-02-03,32.0,32.0,32.0,32.0,24.613672,0,0.0,0.0
2021-02-04,32.900002,32.900002,32.5,32.5,24.998259,600,0.0,0.0
2021-02-05,32.900002,32.900002,32.25,32.25,24.805969,800,0.0,0.0
2021-02-08,32.900002,32.900002,32.5,32.5,24.998259,3600,0.0,0.0
2021-02-09,32.900002,32.900002,32.900002,32.900002,25.305931,300,0.0,0.0
2021-02-10,32.700001,32.900002,32.700001,32.900002,25.305931,600,0.0,0.0
2021-02-11,32.75,32.799999,32.75,32.799999,25.229019,300,0.0,0.0
2021-02-12,32.5,32.650002,32.5,32.650002,25.113638,20000,0.0,0.0
2021-02-16,32.75,32.75,32.75,32.75,25.19055,1200,0.0,0.0
2021-02-17,33.5,33.5,33.200001,33.200001,25.536686,500,0.0,0.0
2021-02-18,33.200001,33.200001,33.200001,33.200001,25.536686,1700,0.0,0.0
2021-02-19,33.200001,33.200001,33.200001,33.200001,25.536686,0,0.0,0.0
2021-02-22,33.049999,33.5,33.049999,33.450001,25.728975,6200,0.0,0.0
2021-02-23,33.5,33.5,33.0,33.0,25.382854,500,0.0,0.0
2021-02-24,33.150002,33.150002,33.150002,33.150002,25.498228,4700,0.0,0.0
2021-02-25,33.0,33.48,33.0,33.48,25.752056,800,0.0,0.0
2021-02-26,33.48,33.48,33.48,33.48,25.752056,0,0.0,0.0
2021-03-01,33.5,33.68,33.5,33.5,25.767441,1200,0.0,0.0
2021-03-02,33.73,33.73,33.599998,33.599998,25.844351,1000,0.0,0.0
2021-03-03,33.639999,33.639999,33.639999,33.639999,25.875128,900,0.0,0.0
2021-03-04,33.57,33.57,33.57,33.57,25.82128,200,0.0,0.0
2021-03-05,33.639999,33.639999,33.639999,33.639999,25.875128,400,0.0,0.0
2021-03-08,33.869999,34.0,33.75,34.0,26.152029,2900,0.0,0.0
2021-03-09,34.119999,34.119999,34.0,34.0,26.152029,400,0.0,0.0
2021-03-10,34.0,34.23,34.0,34.23,26.328936,7300,0.0,0.0
2021-03-11,34.189999,34.189999,33.5,33.5,26.033632,3100,0.35,0.0
2021-03-12,33.990002,34.189999,33.990002,34.189999,26.569839,1300,0.0,0.0
2021-03-15,34.470001,34.470001,34.470001,34.470001,26.787443,600,0.0,0.0
2021-03-16,34.470001,34.470001,34.470001,34.470001,26.787443,100,0.0,0.0
2021-03-17,34.470001,34.470001,34.470001,34.470001,26.787443,100,0.0,0.0
2021-03-18,34.25,34.25,34.0,34.0,26.422195,2800,0.0,0.0
2021-03-19,34.150002,34.689999,34.150002,34.150002,26.538761,1700,0.0,0.0
2021-03-22,34.200001,34.200001,34.0,34.0,26.422195,1600,0.0,0.0
2021-03-23,34.0,34.0,34.0,34.0,26.422195,0,0.0,0.0
2021-03-24,34.470001,34.580002,34.470001,34.580002,26.872929,300,0.0,0.0
2021-03-25,34.25,34.299999,34.25,34.299999,26.655325,2100,0.0,0.0
2021-03-26,34.299999,34.299999,34.299999,34.299999,26.655325,0,0.0,0.0
2021-03-29,34.299999,34.299999,34.299999,34.299999,26.655325,0,0.0,0.0
2021-03-30,34.689999,34.700001,34.5,34.5,26.810751,4600,0.0,0.0
2021-03-31,34.73,34.73,34.0,34.380001,26.717505,5600,0.0,0.0
2021-04-01,34.73,34.73,34.73,34.73,26.989492,200,0.0,0.0
2021-04-05,34.93,34.93,34.75,34.75,27.005033,1600,0.0,0.0
2021-04-06,34.75,34.75,34.75,34.75,27.005033,0,0.0,0.0
2021-04-07,34.200001,34.200001,34.0,34.0,26.422195,1600,0.0,0.0
2021-04-08,35.490002,35.490002,35.490002,35.490002,27.580103,200,0.0,0.0
2021-04-09,35.490002,35.490002,35.490002,35.490002,27.580103,0,0.0,0.0
2021-04-12,34.970001,34.970001,34.970001,34.970001,27.176003,1100,0.0,0.0
2021-04-13,34.970001,34.970001,34.970001,34.970001,27.176003,100,0.0,0.0
2021-04-14,34.689999,34.689999,34.25,34.25,26.616474,500,0.0,0.0
2021-04-15,34.599998,34.599998,34.599998,34.599998,26.88846,200,0.0,0.0
2021-04-16,34.650002,34.970001,34.650002,34.650002,26.927315,800,0.0,0.0
2021-04-19,34.75,34.75,34.75,34.75,27.005033,2000,0.0,0.0
2021-04-20,37.549999,37.75,34.860001,34.860001,27.090521,5100,0.0,0.0
2021-04-21,34.91,34.91,34.549999,34.709999,26.973951,600,0.0,0.0
2021-04-22,34.549999,35.0,34.549999,35.0,27.199318,6100,0.0,0.0
2021-04-23,35.5,35.5,35.5,35.5,27.587881,500,0.0,0.0
2021-04-26,35.5,35.5,35.5,35.5,27.587881,1300,0.0,0.0
2021-04-27,35.5,35.5,35.5,35.5,27.587881,100,0.0,0.0
2021-04-28,35.5,35.5,35.5,35.5,27.587881,0,0.0,0.0
2021-04-29,35.5,35.5,35.0,35.0,27.199318,6500,0.0,0.0
2021-04-30,35.0,35.0,35.0,35.0,27.199318,0,0.0,0.0
2021-05-03,35.75,35.75,35.25,35.25,27.393597,1100,0.0,0.0
2021-05-04,35.299999,35.299999,35.25,35.25,27.393597,500,0.0,0.0
2021-05-05,35.75,35.75,35.299999,35.299999,27.432457,4800,0.0,0.0
2021-05-06,35.75,35.75,35.75,35.75,27.782158,500,0.0,0.0
2021-05-07,35.75,35.75,35.75,35.75,27.782158,0,0.0,0.0
2021-05-10,35.75,35.75,35.75,35.75,27.782158,1300,0.0,0.0
2021-05-11,35.75,35.75,35.75,35.75,27.782158,0,0.0,0.0
2021-05-12,35.75,35.75,35.75,35.75,27.782158,600,0.0,0.0
2021-05-13,35.75,35.75,35.75,35.75,27.782158,0,0.0,0.0
2021-05-14,35.75,35.75,35.75,35.75,27.782158,100,0.0,0.0
2021-05-17,35.75,35.75,35.75,35.75,27.782158,2400,0.0,0.0
2021-05-18,35.75,35.75,35.150002,35.150002,27.315882,16800,0.0,0.0
2021-05-19,35.75,35.75,35.75,35.75,27.782158,500,0.0,0.0
2021-05-20,35.75,35.75,35.5,35.5,27.587881,500,0.0,0.0
2021-05-21,35.5,35.5,35.25,35.299999,27.432457,5800,0.0,0.0
2021-05-24,35.34,35.75,35.34,35.75,27.782158,1800,0.0,0.0
2021-05-25,35.75,35.75,35.75,35.75,27.782158,4200,0.0,0.0
2021-05-26,35.75,36.0,35.75,36.0,27.976435,2600,0.0,0.0
2021-05-27,36.0,36.0,36.0,36.0,27.976435,0,0.0,0.0
2021-05-28,35.759998,35.759998,35.75,35.75,27.782158,1000,0.0,0.0
2021-06-01,36.25,36.25,36.200001,36.25,28.170719,800,0.0,0.0
2021-06-02,36.25,36.25,36.25,36.25,28.170719,0,0.0,0.0
2021-06-03,36.130001,36.130001,36.0,36.130001,28.077473,400,0.0,0.0
2021-06-04,36.48,36.48,36.48,36.48,28.349453,600,0.0,0.0
2021-06-07,36.73,36.900002,36.73,36.900002,28.675856,1300,0.0,0.0
2021-06-08,37.18,39.169998,37.18,39.169998,30.439922,1300,0.0,0.0
2021-06-09,39.169998,39.169998,39.169998,39.169998,30.439922,0,0.0,0.0
2021-06-10,37.900002,38.48,37.849998,38.48,30.173319,700,0.35,0.0
2021-06-11,38.48,38.48,38.48,38.48,30.173319,0,0.0,0.0
2021-06-14,38.389999,38.389999,38.0,38.0,29.796925,700,0.0,0.0
2021-06-15,38.23,38.23,38.23,38.23,29.977278,1000,0.0,0.0
2021-06-16,38.0,38.0,35.5,35.549999,27.875816,10800,0.0,0.0
2021-06-17,36.75,36.75,36.75,36.75,28.816769,200,0.0,0.0
2021-06-18,36.75,36.75,36.75,36.75,28.816769,0,0.0,0.0
2021-06-21,36.75,37.0,36.75,37.0,29.012796,1100,0.0,0.0
2021-06-22,37.0,37.0,37.0,37.0,29.012796,0,0.0,0.0
2021-06-23,37.0,37.0,37.0,37.0,29.012796,0,0.0,0.0
2021-06-24,36.099998,36.099998,36.049999,36.099998,28.307089,1200,0.0,0.0
2021-06-25,36.599998,36.599998,36.599998,36.599998,28.69915,1100,0.0,0.0
2021-06-28,36.990002,36.990002,36.75,36.75,28.816769,800,0.0,0.0
2021-06-29,36.75,36.75,36.75,36.75,28.816769,500,0.0,0.0
2021-06-30,36.0,36.48,36.0,36.0,28.228668,3100,0.0,0.0
2021-07-01,36.049999,36.759998,36.049999,36.759998,28.824612,1000,0.0,0.0
2021-07-02,36.759998,36.759998,36.759998,36.759998,28.824612,0,0.0,0.0
2021-07-06,36.759998,36.900002,36.75,36.75,28.816769,1200,0.0,0.0
2021-07-07,36.75,36.75,36.150002,36.150002,28.346291,1000,0.0,0.0
2021-07-08,36.25,36.25,36.0,36.0,28.228668,1100,0.0,0.0
2021-07-09,36.0,36.0,36.0,36.0,28.228668,0,0.0,0.0
2021-07-12,36.43,36.43,36.25,36.299999,28.463907,2800,0.0,0.0
2021-07-13,36.0,36.0,35.540001,35.540001,27.867971,700,0.0,0.0
2021-07-14,35.639999,36.0,35.439999,35.990002,28.220837,18000,0.0,0.0
2021-07-15,35.990002,35.990002,35.990002,35.990002,28.220837,100,0.0,0.0
2021-07-16,35.709999,35.849998,35.700001,35.849998,28.111055,700,0.0,0.0
2021-07-19,35.990002,36.0,35.990002,36.0,28.228668,900,0.0,0.0
2021-07-20,35.830002,35.830002,35.5,35.5,27.836609,300,0.0,0.0
2021-07-21,35.849998,35.849998,35.549999,35.849998,28.111055,3300,0.0,0.0
2021-07-22,35.950001,35.950001,35.950001,35.950001,28.189463,300,0.0,0.0
2021-07-23,35.950001,35.950001,35.950001,35.950001,28.189463,0,0.0,0.0
2021-07-26,35.950001,35.950001,35.950001,35.950001,28.189463,600,0.0,0.0
2021-07-27,36.0,36.0,36.0,36.0,28.228668,500,0.0,0.0
2021-07-28,35.650002,35.75,35.599998,35.75,28.032642,1800,0.0,0.0
2021-07-29,35.75,35.75,35.75,35.75,28.032642,0,0.0,0.0
2021-07-30,36.189999,36.189999,36.189999,36.189999,28.377657,100,0.0,0.0
2021-08-02,36.189999,36.189999,36.189999,36.189999,28.377657,0,0.0,0.0
2021-08-03,36.189999,36.189999,36.189999,36.189999,28.377657,0,0.0,0.0
2021-08-04,36.189999,36.189999,36.189999,36.189999,28.377657,0,0.0,0.0
2021-08-05,36.439999,36.439999,36.439999,36.439999,28.573683,100,0.0,0.0
2021-08-06,36.400002,36.689999,36.400002,36.689999,28.769724,400,0.0,0.0
2021-08-09,36.75,36.75,36.75,36.75,28.816769,200,0.0,0.0
2021-08-10,36.75,36.75,36.75,36.75,28.816769,0,0.0,0.0
2021-08-11,36.75,36.75,36.75,36.75,28.816769,0,0.0,0.0
2021-08-12,36.75,36.75,36.75,36.75,28.816769,0,0.0,0.0
2021-08-13,36.75,36.75,36.75,36.75,28.816769,200,0.0,0.0
2021-08-16,36.799999,37.0,36.799999,36.900002,28.934395,1100,0.0,0.0
2021-08-17,36.5,36.5,36.060001,36.060001,28.275721,700,0.0,0.0
2021-08-18,36.060001,36.060001,36.060001,36.060001,28.275721,0,0.0,0.0
2021-08-19,36.0,36.0,36.0,36.0,28.228668,300,0.0,0.0
2021-08-20,36.700001,36.700001,36.700001,36.700001,28.777561,300,0.0,0.0
2021-08-23,36.700001,36.700001,35.900002,36.700001,28.777561,1800,0.0,0.0
2021-08-24,36.700001,36.700001,36.700001,36.700001,28.777561,700,0.0,0.0
2021-08-25,36.700001,36.700001,36.700001,36.700001,28.777561,0,0.0,0.0
2021-08-26,36.700001,40.0,36.700001,38.5,30.188999,3400,0.0,0.0
2021-08-27,38.200001,38.200001,38.200001,38.200001,29.95376,100,0.0,0.0
2021-08-30,38.200001,38.200001,38.200001,38.200001,29.95376,0,0.0,0.0
2021-08-31,36.189999,38.0,36.189999,37.75,29.600904,1600,0.0,0.0
2021-09-01,37.75,37.75,37.75,37.75,29.600904,0,0.0,0.0
2021-09-02,37.5,37.5,36.099998,37.0,29.012796,5700,0.0,0.0
2021-09-03,37.0,37.0,37.0,37.0,29.012796,0,0.0,0.0
2021-09-07,36.099998,37.0,36.0,37.0,29.012796,900,0.0,0.0
2021-09-08,37.75,37.75,37.75,37.75,29.600904,500,0.0,0.0
2021-09-09,37.75,37.75,37.75,37.75,29.877916,0,0.35,0.0
2021-09-10,37.75,37.75,37.75,37.75,29.877916,0,0.0,0.0
2021-09-13,37.700001,37.700001,37.700001,37.700001,29.838337,2000,0.0,0.0
2021-09-14,37.650002,37.650002,37.650002,37.650002,29.798767,500,0.0,0.0
2021-09-15,36.75,36.950001,36.0,36.049999,28.532417,6400,0.0,0.0
2021-09-16,36.049999,36.049999,36.049999,36.049999,28.532417,0,0.0,0.0
2021-09-17,36.049999,37.700001,36.0,37.700001,29.838337,1900,0.0,0.0
2021-09-20,37.700001,37.700001,37.700001,37.700001,29.838337,2000,0.0,0.0
2021-09-21,37.700001,37.700001,37.700001,37.700001,29.838337,0,0.0,0.0
2021-09-22,36.599998,36.599998,36.599998,36.599998,28.967724,5500,0.0,0.0
2021-09-23,36.75,36.75,36.75,36.75,29.086445,200,0.0,0.0
2021-09-24,36.75,36.75,36.5,36.5,28.888575,700,0.0,0.0
2021-09-27,36.75,37.75,36.75,37.75,29.877916,1100,0.0,0.0
2021-09-28,37.75,37.75,37.75,37.75,29.877916,0,0.0,0.0
2021-09-29,37.75,37.75,37.75,37.75,29.877916,0,0.0,0.0
2021-09-30,37.0,37.189999,37.0,37.189999,29.43469,1200,0.0,0.0
2021-10-01,37.0,37.0,37.0,37.0,29.284306,200,0.0,0.0
2021-10-04,37.200001,37.689999,36.77,36.849998,29.165594,2500,0.0,0.0
2021-10-05,36.849998,36.849998,36.849998,36.849998,29.165594,0,0.0,0.0
2021-10-06,36.77,36.77,36.77,36.77,29.102276,800,0.0,0.0
2021-10-07,36.77,36.799999,36.77,36.799999,29.126017,1100,0.0,0.0
2021-10-08,36.77,36.77,36.77,36.77,29.102276,300,0.0,0.0
2021-10-11,36.77,36.77,36.099998,36.099998,28.571991,2400,0.0,0.0
2021-10-12,36.700001,36.700001,36.5,36.700001,29.046869,1000,0.0,0.0
2021-10-13,36.400002,36.400002,36.099998,36.099998,28.571991,500,0.0,0.0
2021-10-14,36.099998,36.099998,36.099998,36.099998,28.571991,0,0.0,0.0
2021-10-15,36.099998,36.099998,36.0,36.0,28.49284,3500,0.0,0.0
2021-10-18,36.0,36.25,36.0,36.049999,28.532417,34800,0.0,0.0
2021-10-19,35.610001,36.0,35.610001,36.0,28.49284,2800,0.0,0.0
2021-10-20,36.049999,36.099998,36.049999,36.099998,28.571991,4100,0.0,0.0
2021-10-21,36.099998,36.099998,36.099998,36.099998,28.571991,0,0.0,0.0
2021-10-22,36.25,36.25,36.25,36.25,28.690712,500,0.0,0.0
2021-10-25,36.490002,37.709999,36.25,36.25,28.690712,3000,0.0,0.0
2021-10-26,36.0,36.0,35.869999,35.869999,28.389952,500,0.0,0.0
2021-10-27,36.25,36.25,36.25,36.25,28.690712,400,0.0,0.0
2021-10-28,36.0,36.0,36.0,36.0,28.49284,100,0.0,0.0
2021-10-29,35.869999,36.150002,35.869999,36.150002,28.611563,500,0.0,0.0
2021-11-01,36.150002,36.950001,35.900002,35.900002,28.4137,6000,0.0,0.0
2021-11-02,35.91,36.0,35.91,36.0,28.49284,300,0.0,0.0
2021-11-03,36.0,36.0,35.900002,35.900002,28.4137,9500,0.0,0.0
2021-11-04,36.0,36.0,36.0,36.0,28.49284,200,0.0,0.0
2021-11-05,36.0,36.5,36.0,36.5,28.888575,700,0.0,0.0
2021-11-08,36.700001,36.700001,36.450001,36.450001,28.849001,2100,0.0,0.0
2021-11-09,36.450001,36.450001,36.450001,36.450001,28.849001,0,0.0,0.0
2021-11-10,36.450001,36.549999,36.450001,36.549999,28.928148,200,0.0,0.0
2021-11-11,36.450001,36.450001,36.200001,36.200001,28.651136,400,0.0,0.0
2021-11-12,36.049999,36.049999,36.0,36.0,28.49284,1500,0.0,0.0
2021-11-15,36.450001,36.75,36.0,36.0,28.49284,1400,0.0,0.0
2021-11-16,36.549999,36.549999,36.549999,36.549999,28.928148,600,0.0,0.0
2021-11-17,36.549999,36.549999,36.549999,36.549999,28.928148,800,0.0,0.0
2021-11-18,36.25,36.25,36.25,36.25,28.690712,100,0.0,0.0
2021-11-19,36.25,36.25,36.25,36.25,28.690712,0,0.0,0.0
2021-11-22,36.700001,36.700001,35.91,35.91,28.421612,2100,0.0,0.0
2021-11-23,35.91,35.91,35.91,35.91,28.421612,0,0.0,0.0
2021-11-24,36.400002,36.400002,36.0,36.16,28.619476,17200,0.0,0.0
2021-11-26,36.299999,36.299999,36.299999,36.299999,28.730284,100,0.0,0.0
2021-11-29,36.400002,36.400002,36.349998,36.349998,28.769857,1600,0.0,0.0
2021-11-30,36.349998,36.349998,36.349998,36.349998,28.769857,0,0.0,0.0
2021-12-01,35.91,35.91,35.91,35.91,28.421612,200,0.0,0.0
2021-12-02,35.900002,35.900002,35.900002,35.900002,28.4137,500,0.0,0.0
2021-12-03,36.0,36.0,36.0,36.0,28.49284,200,0.0,0.0
2021-12-06,35.900002,35.900002,35.900002,35.900002,28.4137,700,0.0,0.0
2021-12-07,35.900002,36.049999,35.900002,36.049999,28.532417,4300,0.0,0.0
2021-12-08,36.049999,36.049999,36.049999,36.049999,28.532417,0,0.0,0.0
2021-12-09,36.110001,36.110001,36.110001,36.110001,28.579906,1200,0.0,0.0
2021-12-10,36.110001,36.110001,36.110001,36.110001,28.579906,0,0.0,0.0
2021-12-13,35.900002,35.900002,35.900002,35.900002,28.4137,100,0.0,0.0
2021-12-14,35.849998,35.849998,35.849998,35.849998,28.374128,400,0.0,0.0
2021-12-15,36.0,36.110001,35.799999,35.799999,28.334553,1600,0.0,0.0
2021-12-16,35.880001,36.0,35.880001,36.0,28.774151,2100,0.35,0.0
2021-12-17,36.0,36.0,36.0,36.0,28.774151,0,0.0,0.0
2021-12-20,35.650002,35.799999,35.650002,35.799999,28.614304,600,0.0,0.0
2021-12-21,35.880001,36.0,35.880001,36.0,28.774151,1200,0.0,0.0
2021-12-22,36.0,36.0,36.0,36.0,28.774151,0,0.0,0.0
2021-12-23,36.0,36.0,36.0,36.0,28.774151,0,0.0,0.0
2021-12-27,35.900002,36.0,35.900002,36.0,28.774151,500,0.0,0.0
2021-12-28,35.799999,36.0,35.799999,35.799999,28.614304,3500,0.0,0.0
2021-12-29,36.0,36.0,36.0,36.0,28.774151,800,0.0,0.0
2021-12-30,35.900002,36.0,35.900002,36.0,28.774151,6200,0.0,0.0
2021-12-31,36.0,36.0,36.0,36.0,28.774151,300,0.0,0.0
2022-01-03,35.799999,36.0,35.799999,36.0,28.774151,4600,0.0,0.0
2022-01-04,35.900002,36.25,35.900002,36.25,28.973976,10900,0.0,0.0
2022-01-05,36.02,36.080002,35.82,36.080002,28.838102,3900,0.0,0.0
2022-01-06,36.049999,36.200001,36.02,36.200001,28.93401,2600,0.0,0.0
2022-01-07,36.200001,36.200001,36.200001,36.200001,28.93401,0,0.0,0.0
2022-01-10,36.200001,36.200001,36.200001,36.200001,28.93401,0,0.0,0.0
2022-01-11,36.0,36.0,36.0,36.0,28.774151,200,0.0,0.0
2022-01-12,36.0,36.0,36.0,36.0,28.774151,2400,0.0,0.0
2022-01-13,36.0,36.400002,35.98,35.98,28.758169,5500,0.0,0.0
2022-01-14,36.119999,36.150002,36.119999,36.150002,28.894045,2100,0.0,0.0
2022-01-18,36.150002,36.150002,36.150002,36.150002,28.894045,1000,0.0,0.0
2022-01-19,36.150002,36.150002,36.150002,36.150002,28.894045,800,0.0,0.0
2022-01-20,36.150002,36.150002,36.150002,36.150002,28.894045,0,0.0,0.0
2022-01-21,36.080002,36.080002,36.080002,36.080002,28.838102,400,0.0,0.0
2022-01-24,36.150002,36.150002,36.07,36.150002,28.894045,5000,0.0,0.0
2022-01-25,36.200001,36.200001,36.200001,36.200001,28.93401,500,0.0,0.0
2022-01-26,36.200001,36.200001,36.200001,36.200001,28.93401,1500,0.0,0.0
2022-01-27,36.349998,36.349998,36.349998,36.349998,29.053904,100,0.0,0.0
2022-01-28,36.349998,36.349998,36.349998,36.349998,29.053904,0,0.0,0.0
2022-01-31,36.0,36.0,36.0,36.0,28.774151,200,0.0,0.0
2022-02-01,36.299999,36.349998,36.25,36.25,28.973976,4100,0.0,0.0
2022-02-02,36.349998,38.0,36.299999,38.0,30.372711,3900,0.0,0.0
2022-02-03,38.5,38.5,37.5,37.5,29.973083,500,0.0,0.0
2022-02-04,37.5,37.5,37.5,37.5,29.973083,0,0.0,0.0
2022-02-07,37.950001,37.950001,37.950001,37.950001,30.33275,1900,0.0,0.0
2022-02-08,37.950001,38.490002,37.950001,37.950001,30.33275,1500,0.0,0.0
2022-02-09,37.950001,37.950001,37.950001,37.950001,30.33275,0,0.0,0.0
2022-02-10,38.299999,38.5,38.299999,38.5,30.772362,3800,0.0,0.0
2022-02-11,38.5,38.5,38.5,38.5,30.772362,0,0.0,0.0
2022-02-14,38.5,38.5,38.5,38.5,30.772362,200,0.0,0.0
2022-02-15,38.5,38.5,38.5,38.5,30.772362,600,0.0,0.0
2022-02-16,37.259998,38.490002,36.27,38.419998,30.70842,1000,0.0,0.0
2022-02-17,38.419998,38.419998,38.419998,38.419998,30.70842,0,0.0,0.0
2022-02-18,38.419998,38.419998,38.419998,38.419998,30.70842,0,0.0,0.0
2022-02-22,38.419998,38.419998,38.419998,38.419998,30.70842,0,0.0,0.0
2022-02-23,38.419998,38.419998,38.419998,38.419998,30.70842,0,0.0,0.0
2022-02-24,36.330002,36.330002,36.330002,36.330002,29.037928,100,0.0,0.0
2022-02-25,38.200001,38.200001,38.200001,38.200001,30.532579,200,0.0,0.0
2022-02-28,37.0,38.0,37.0,38.0,30.372711,400,0.0,0.0
2022-03-01,38.0,38.0,38.0,38.0,30.372711,400,0.0,0.0
2022-03-02,36.330002,36.330002,36.279999,36.279999,28.99795,4200,0.0,0.0
2022-03-03,38.0,38.0,38.0,38.0,30.372711,200,0.0,0.0
2022-03-04,37.799999,37.799999,37.400002,37.400002,29.89315,3900,0.0,0.0
2022-03-07,37.25,37.25,37.25,37.25,29.773264,200,0.0,0.0
2022-03-08,37.369999,37.369999,37.25,37.349998,29.853182,700,0.0,0.0
2022-03-09,37.349998,37.349998,37.349998,37.349998,29.853182,0,0.0,0.0
2022-03-10,37.299999,37.299999,36.950001,36.950001,29.820911,1900,0.36,0.0
2022-03-11,36.889999,36.889999,36.889999,36.889999,29.772486,100,0.0,0.0
2022-03-14,36.950001,36.950001,36.950001,36.950001,29.820911,100,0.0,0.0
2022-03-15,36.950001,36.950001,36.950001,36.950001,29.820911,0,0.0,0.0
2022-03-16,36.950001,36.950001,36.950001,36.950001,29.820911,0,0.0,0.0
2022-03-17,36.950001,36.950001,36.950001,36.950001,29.820911,0,0.0,0.0
2022-03-18,36.950001,36.950001,36.950001,36.950001,29.820911,0,0.0,0.0
2022-03-21,36.75,37.25,36.27,37.25,30.063026,1500,0.0,0.0
2022-03-22,37.25,37.25,37.25,37.25,30.063026,900,0.0,0.0
2022-03-23,37.139999,37.139999,36.27,36.27,29.272099,2700,0.0,0.0
2022-03-24,36.27,36.27,36.27,36.27,29.272099,0,0.0,0.0
2022-03-25,37.0,37.0,37.0,37.0,29.861254,400,0.0,0.0
2022-03-28,37.0,37.0,37.0,37.0,29.861254,0,0.0,0.0
2022-03-29,36.630001,36.950001,36.630001,36.950001,29.820911,5800,0.0,0.0
2022-03-30,36.939999,36.939999,36.939999,36.939999,29.812836,300,0.0,0.0
2022-03-31,36.939999,36.939999,36.939999,36.939999,29.812836,0,0.0,0.0
2022-04-01,36.939999,36.939999,36.939999,36.939999,29.812836,0,0.0,0.0
2022-04-04,36.939999,36.939999,36.939999,36.939999,29.812836,0,0.0,0.0
2022-04-05,36.900002,36.900002,36.900002,36.900002,29.780558,200,0.0,0.0
2022-04-06,36.900002,36.900002,36.900002,36.900002,29.780558,0,0.0,0.0
2022-04-07,36.049999,36.049999,35.299999,35.900002,28.973492,2600,0.0,0.0
2022-04-08,35.900002,35.900002,35.900002,35.900002,28.973492,0,0.0,0.0
2022-04-11,35.900002,35.900002,35.900002,35.900002,28.973492,100,0.0,0.0
2022-04-12,35.599998,35.599998,35.5,35.5,28.650667,500,0.0,0.0
2022-04-13,35.73,35.73,35.73,35.73,28.83629,200,0.0,0.0
2022-04-14,35.5,35.5,35.5,35.5,28.650667,1000,0.0,0.0
2022-04-18,35.900002,35.900002,35.900002,35.900002,28.973492,1300,0.0,0.0
2022-04-19,35.75,35.75,35.75,35.75,28.85243,2000,0.0,0.0
2022-04-20,35.75,35.75,35.75,35.75,28.85243,2100,0.0,0.0
2022-04-21,35.889999,35.889999,35.889999,35.889999,28.965422,100,0.0,0.0
2022-04-22,35.75,35.75,35.75,35.75,28.85243,300,0.0,0.0
2022-04-25,35.5,35.5,35.5,35.5,28.650667,500,0.0,0.0
2022-04-26,35.400002,35.650002,35.400002,35.650002,28.771727,1900,0.0,0.0
2022-04-27,35.349998,35.400002,35.200001,35.200001,28.408545,2700,0.0,0.0
2022-04-28,35.200001,35.200001,35.200001,35.200001,28.408545,1100,0.0,0.0
2022-04-29,35.139999,35.139999,35.139999,35.139999,28.360126,2000,0.0,0.0
2022-05-02,35.189999,35.189999,35.139999,35.189999,28.400476,9600,0.0,0.0
2022-05-03,35.099998,35.099998,35.099998,35.099998,28.327837,200,0.0,0.0
2022-05-04,35.099998,35.099998,35.099998,35.099998,28.327837,200,0.0,0.0
2022-05-05,35.049999,35.049999,35.049999,35.049999,28.287487,400,0.0,0.0
2022-05-06,35.049999,35.049999,35.049999,35.049999,28.287487,500,0.0,0.0
2022-05-09,34.900002,34.900002,34.099998,34.599998,27.924305,3800,0.0,0.0
2022-05-10,34.099998,34.099998,34.099998,34.099998,27.520779,100,0.0,0.0
2022-05-11,34.099998,34.099998,34.099998,34.099998,27.520779,0,0.0,0.0
2022-05-12,34.650002,34.650002,34.650002,34.650002,27.964657,400,0.0,0.0
2022-05-13,34.650002,34.650002,34.650002,34.650002,27.964657,0,0.0,0.0
2022-05-16,34.400002,34.400002,34.240002,34.240002,27.633768,400,0.0,0.0
2022-05-17,34.240002,34.240002,34.240002,34.240002,27.633768,0,0.0,0.0
2022-05-18,34.0,34.0,33.099998,33.75,27.238308,800,0.0,0.0
2022-05-19,33.75,33.75,33.75,33.75,27.238308,0,0.0,0.0
2022-05-20,33.75,33.75,33.75,33.75,27.238308,0,0.0,0.0
2022-05-23,33.75,33.75,33.75,33.75,27.238308,0,0.0,0.0
2022-05-24,33.75,33.75,33.75,33.75,27.238308,0,0.0,0.0
2022-05-25,33.049999,33.049999,33.049999,33.049999,26.673365,300,0.0,0.0
2022-05-26,33.450001,33.450001,33.400002,33.400002,26.955841,1000,0.0,0.0
2022-05-27,33.0,33.0,33.0,33.0,26.633013,500,0.0,0.0
2022-05-31,33.0,33.0,33.0,33.0,26.633013,500,0.0,0.0
2022-06-01,32.75,32.950001,32.75,32.950001,26.592665,500,0.0,0.0
2022-06-02,32.5,32.75,32.0,32.75,26.431244,1200,0.0,0.0
2022-06-03,32.5,32.689999,32.490002,32.5,26.229483,1700,0.0,0.0
2022-06-06,32.450001,32.450001,32.450001,32.450001,26.189133,200,0.0,0.0
2022-06-07,32.259998,32.400002,32.259998,32.349998,26.108419,2500,0.0,0.0
2022-06-08,32.450001,32.450001,32.450001,32.450001,26.189133,500,0.0,0.0
2022-06-09,31.639999,32.25,31.15,31.15,25.42198,4500,0.36,0.0
2022-06-10,31.049999,31.049999,30.950001,30.950001,25.258762,900,0.0,0.0
2022-06-13,30.950001,30.950001,29.0,29.0,23.667334,2800,0.0,0.0
2022-06-14,29.200001,29.5,29.0,29.5,24.075392,1100,0.0,0.0
2022-06-15,29.0,29.0,28.25,28.25,23.055246,700,0.0,0.0
2022-06-16,28.9,28.9,28.75,28.75,23.463306,1200,0.0,0.0
2022-06-17,28.5,28.75,28.5,28.75,23.463306,1300,0.0,0.0
2022-06-21,28.4,28.4,26.0,27.950001,22.810415,30000,0.0,0.0
2022-06-22,28.5,28.5,28.25,28.25,23.055246,300,0.0,0.0
2022-06-23,28.0,28.0,27.75,27.75,22.64719,2100,0.0,0.0
2022-06-24,27.75,28.0,27.629999,27.75,22.64719,1300,0.0,0.0
2022-06-27,27.5,28.1,27.5,27.5,22.443161,1700,0.0,0.0
2022-06-28,27.299999,27.379999,26.799999,26.799999,21.871881,26500,0.0,0.0
2022-06-29,27.0,27.15,27.0,27.15,22.157522,53000,0.0,0.0
2022-06-30,27.200001,27.5,27.200001,27.5,22.443161,1500,0.0,0.0
2022-07-01,27.5,28.0,27.5,28.0,22.851219,600,0.0,0.0
2022-07-05,28.0,28.0,28.0,28.0,22.851219,0,0.0,0.0
2022-07-06,28.25,29.25,28.25,29.25,23.871361,1000,0.0,0.0
2022-07-07,29.5,30.75,29.5,30.75,25.095537,700,0.0,0.0
2022-07-08,30.5,30.700001,30.5,30.700001,25.054726,700,0.0,0.0
2022-07-11,30.700001,30.700001,30.700001,30.700001,25.054726,0,0.0,0.0
2022-07-12,30.5,30.700001,30.5,30.700001,25.054726,200,0.0,0.0
2022-07-13,30.700001,30.700001,30.700001,30.700001,25.054726,0,0.0,0.0
2022-07-14,30.65,30.65,30.65,30.65,25.013922,100,0.0,0.0
2022-07-15,30.65,30.65,30.65,30.65,25.013922,0,0.0,0.0
2022-07-18,30.6,30.6,30.6,30.6,24.97312,100,0.0,0.0
2022-07-19,30.6,30.6,30.6,30.6,24.97312,0,0.0,0.0
2022-07-20,30.0,30.6,30.0,30.6,24.97312,2400,0.0,0.0
2022-07-21,30.6,30.6,30.6,30.6,24.97312,0,0.0,0.0
2022-07-22,30.6,30.6,30.6,30.6,24.97312,0,0.0,0.0
2022-07-25,30.6,30.6,30.6,30.6,24.97312,0,0.0,0.0
2022-07-26,30.6,30.6,30.6,30.6,24.97312,0,0.0,0.0
2022-07-27,30.6,30.6,30.6,30.6,24.97312,0,0.0,0.0
2022-07-28,30.6,30.6,30.6,30.6,24.97312,0,0.0,0.0
2022-07-29,30.6,30.6,30.6,30.6,24.97312,0,0.0,0.0
2022-08-01,30.5,30.5,29.25,30.24,24.679317,1400,0.0,0.0
2022-08-02,30.24,30.24,30.24,30.24,24.679317,0,0.0,0.0
2022-08-03,30.24,30.24,30.24,30.24,24.679317,0,0.0,0.0
2022-08-04,29.9,30.1,29.51,30.1,24.565062,6400,0.0,0.0
2022-08-05,30.1,30.1,30.1,30.1,24.565062,100,0.0,0.0
2022-08-08,30.1,30.1,30.1,30.1,24.565062,0,0.0,0.0
2022-08-09,30.1,30.1,30.0,30.08,24.54874,1200,0.0,0.0
2022-08-10,29.9,30.1,29.9,30.1,24.565062,600,0.0,0.0
2022-08-11,30.1,30.1,29.5,30.1,24.565062,1300,0.0,0.0
2022-08-12,30.1,30.1,30.1,30.1,24.565062,0,0.0,0.0
2022-08-15,29.709999,30.1,29.700001,30.1,24.565062,1100,0.0,0.0
2022-08-16,29.75,30.15,28.66,30.1,24.565062,2900,0.0,0.0
2022-08-17,30.1,30.1,30.1,30.1,24.565062,0,0.0,0.0
2022-08-18,30.1,30.1,29.75,30.1,24.565062,700,0.0,0.0
2022-08-19,30.1,30.1,30.1,30.1,24.565062,400,0.0,0.0
2022-08-22,29.51,30.280001,29.01,30.280001,24.711958,700,0.0,0.0
2022-08-23,30.280001,30.280001,30.280001,30.280001,24.711958,0,0.0,0.0
2022-08-24,29.0,29.530001,28.110001,29.530001,24.099876,1400,0.0,0.0
2022-08-25,29.51,29.51,29.51,29.51,24.083551,200,0.0,0.0
2022-08-26,29.0,29.0,29.0,29.0,23.667334,100,0.0,0.0
2022-08-29,29.299999,29.5,29.299999,29.5,24.075392,900,0.0,0.0
2022-08-30,29.5,29.5,29.5,29.5,24.075392,300,0.0,0.0
2022-08-31,29.6,29.6,28.1,29.5,24.075392,4000,0.0,0.0
2022-09-01,29.5,29.5,29.5,29.5,24.075392,0,0.0,0.0
2022-09-02,29.5,29.5,29.5,29.5,24.075392,100,0.0,0.0
2022-09-06,29.299999,29.5,29.299999,29.5,24.075392,300,0.0,0.0
2022-09-07,28.799999,29.5,28.799999,29.5,24.075392,1500,0.0,0.0
2022-09-08,28.73,29.49,28.32,29.49,24.067228,900,0.0,0.0
2022-09-09,28.33,29.0,27.99,29.0,23.667334,2600,0.0,0.0
2022-09-12,29.0,29.0,27.219999,28.5,23.259274,2000,0.0,0.0
2022-09-13,28.0,28.200001,28.0,28.200001,23.014446,2300,0.0,0.0
2022-09-14,27.5,28.5,27.5,28.5,23.259274,300,0.0,0.0
2022-09-15,28.25,28.25,28.25,28.25,23.350199,400,0.36,0.0
2022-09-16,28.25,28.25,28.25,28.25,23.350199,0,0.0,0.0
2022-09-19,28.200001,28.200001,28.200001,28.200001,23.30887,300,0.0,0.0
2022-09-20,28.1,28.200001,28.1,28.200001,23.30887,300,0.0,0.0
2022-09-21,27.01,28.0,26.969999,28.0,23.14356,2400,0.0,0.0
2022-09-22,27.49,27.49,27.49,27.49,22.722017,300,0.0,0.0
2022-09-23,27.0,27.49,26.75,27.200001,22.482315,1100,0.0,0.0
2022-09-26,27.5,27.6,27.5,27.6,22.812937,300,0.0,0.0
2022-09-27,27.6,27.6,27.6,27.6,22.812937,0,0.0,0.0
2022-09-28,27.5,27.5,27.0,27.4,22.647625,900,0.0,0.0
2022-09-29,27.4,27.4,27.4,27.4,22.647625,300,0.0,0.0
2022-09-30,27.389999,27.389999,26.24,26.99,22.308735,1000,0.0,0.0
2022-10-03,26.01,26.940001,25.52,26.5,21.903728,6300,0.0,0.0
2022-10-04,27.0,27.0,27.0,27.0,22.317003,1200,0.0,0.0
2022-10-05,27.200001,27.200001,27.120001,27.120001,22.416187,600,0.0,0.0
2022-10-06,27.450001,27.450001,27.450001,27.450001,22.688955,200,0.0,0.0
2022-10-07,27.450001,27.450001,27.450001,27.450001,22.688955,0,0.0,0.0
2022-10-10,27.450001,27.450001,27.450001,27.450001,22.688955,0,0.0,0.0
2022-10-11,27.450001,27.450001,27.450001,27.450001,22.688955,0,0.0,0.0
2022-10-12,27.450001,27.450001,27.450001,27.450001,22.688955,0,0.0,0.0
2022-10-13,26.99,27.1,26.0,27.1,22.39966,1800,0.0,0.0
2022-10-14,27.1,27.1,27.1,27.1,22.39966,0,0.0,0.0
2022-10-17,26.85,27.1,26.049999,27.1,22.39966,2400,0.0,0.0
2022-10-18,26.799999,27.1,26.799999,27.1,22.39966,1100,0.0,0.0
2022-10-19,27.049999,27.049999,27.049999,27.049999,22.358326,600,0.0,0.0
2022-10-20,27.049999,27.049999,27.049999,27.049999,22.358326,0,0.0,0.0
2022-10-21,29.5,29.5,27.0,27.0,22.317003,1000,0.0,0.0
2022-10-24,27.0,27.0,27.0,27.0,22.317003,600,0.0,0.0
2022-10-25,27.0,27.0,26.950001,26.950001,22.275677,500,0.0,0.0
2022-10-26,26.950001,26.950001,26.950001,26.950001,22.275677,0,0.0,0.0
2022-10-27,26.9,26.9,26.85,26.85,22.19302,600,0.0,0.0
2022-10-28,26.85,26.85,26.85,26.85,22.19302,300,0.0,0.0
2022-10-31,26.85,26.85,26.85,26.85,22.19302,0,0.0,0.0
2022-11-01,26.85,26.85,26.85,26.85,22.19302,0,0.0,0.0
2022-11-02,26.85,26.85,26.85,26.85,22.19302,600,0.0,0.0
2022-11-03,26.799999,26.799999,26.799999,26.799999,22.151697,200,0.0,0.0
2022-11-04,27.0,27.0,26.799999,26.799999,22.151697,2700,0.0,0.0
2022-11-07,26.9,26.9,26.9,26.9,22.234346,800,0.0,0.0
2022-11-08,26.75,26.799999,26.530001,26.799999,22.151697,300,0.0,0.0
2022-11-09,26.799999,26.799999,26.799999,26.799999,22.151697,100,0.0,0.0
2022-11-10,26.700001,26.700001,26.700001,26.700001,22.069036,300,0.0,0.0
2022-11-11,26.799999,26.799999,25.65,26.68,22.052505,1700,0.0,0.0
2022-11-14,26.790001,26.799999,26.65,26.799999,22.151697,900,0.0,0.0
2022-11-15,26.799999,26.799999,26.799999,26.799999,22.151697,300,0.0,0.0
2022-11-16,25.799999,26.799999,25.75,26.799999,22.151697,400,0.0,0.0
2022-11-17,26.799999,26.799999,26.799999,26.799999,22.151697,500,0.0,0.0
2022-11-18,26.200001,26.200001,25.799999,26.200001,21.65576,6700,0.0,0.0
2022-11-21,26.0,26.799999,26.0,26.799999,22.151697,800,0.0,0.0
2022-11-22,26.799999,27.0,26.799999,26.950001,22.275677,4200,0.0,0.0
2022-11-23,26.950001,27.25,26.879999,26.950001,22.275677,2800,0.0,0.0
2022-11-25,26.799999,26.950001,26.799999,26.950001,22.275677,900,0.0,0.0
2022-11-28,26.950001,26.950001,26.950001,26.950001,22.275677,1500,0.0,0.0
2022-11-29,26.950001,26.950001,26.950001,26.950001,22.275677,0,0.0,0.0
2022-11-30,26.950001,26.950001,26.950001,26.950001,22.275677,200,0.0,0.0
2022-12-01,26.9,26.9,26.9,26.9,22.234346,100,0.0,0.0
2022-12-02,26.9,26.9,26.799999,26.799999,22.151697,900,0.0,0.0
2022-12-05,25.75,26.9,25.75,26.9,22.234346,600,0.0,0.0
2022-12-06,25.75,26.5,25.75,26.5,21.903728,800,0.0,0.0
2022-12-07,26.5,26.75,26.4,26.75,22.110367,2600,0.0,0.0
2022-12-08,26.5,26.75,26.01,26.75,22.110367,3400,0.0,0.0
2022-12-09,26.75,26.75,25.75,26.690001,22.060772,2200,0.0,0.0
2022-12-12,26.690001,26.700001,25.68,25.790001,21.316874,1400,0.0,0.0
2022-12-13,26.059999,26.4,26.0,26.4,21.821072,3700,0.0,0.0
2022-12-14,26.200001,26.690001,25.610001,26.690001,22.060772,1000,0.0,0.0
2022-12-15,26.48,26.48,26.48,26.48,22.186447,200,0.36,0.0
2022-12-16,26.43,26.43,26.43,26.43,22.144558,200,0.0,0.0
2022-12-19,26.0,26.0,26.0,26.0,21.784277,400,0.0,0.0
2022-12-20,26.389999,26.4,26.389999,26.4,22.119421,800,0.0,0.0
2022-12-21,26.35,26.389999,25.5,26.389999,22.111042,1600,0.0,0.0
2022-12-22,25.549999,26.35,25.51,26.35,22.077528,600,0.0,0.0
2022-12-23,26.35,26.35,26.35,26.35,22.077528,0,0.0,0.0
2022-12-27,25.51,26.24,25.5,26.24,21.985363,1500,0.0,0.0
2022-12-28,25.5,26.24,25.5,26.24,21.985363,700,0.0,0.0
2022-12-29,26.24,26.24,26.24,26.24,21.985363,0,0.0,0.0
2022-12-30,26.33,26.33,26.129999,26.33,22.06077,400,0.0,0.0
2023-01-03,26.33,26.33,26.33,26.33,22.06077,0,0.0,0.0
2023-01-04,25.5,26.190001,25.5,26.190001,21.943472,1300,0.0,0.0
2023-01-05,26.190001,26.190001,26.190001,26.190001,21.943472,2000,0.0,0.0
2023-01-06,26.18,26.18,26.0,26.1,21.868065,1000,0.0,0.0
2023-01-09,26.1,26.18,25.75,26.18,21.935095,1400,0.0,0.0
2023-01-10,26.18,26.18,26.18,26.18,21.935095,0,0.0,0.0
2023-01-11,26.0,26.0,26.0,26.0,21.784277,300,0.0,0.0
2023-01-12,25.549999,26.0,25.549999,26.0,21.784277,200,0.0,0.0
2023-01-13,26.0,26.0,26.0,26.0,21.784277,0,0.0,0.0
2023-01-17,26.0,26.0,26.0,26.0,21.784277,500,0.0,0.0
2023-01-18,26.0,26.0,26.0,26.0,21.784277,0,0.0,0.0
2023-01-19,25.9,26.0,25.9,26.0,21.784277,700,0.0,0.0
2023-01-20,25.75,26.08,25.75,26.0,21.784277,1600,0.0,0.0
2023-01-23,26.0,26.15,26.0,26.15,21.909956,2500,0.0,0.0
2023-01-24,25.549999,26.190001,25.549999,26.1,21.868065,1500,0.0,0.0
2023-01-25,26.18,28.879999,26.18,28.879999,24.197304,1200,0.0,0.0
2023-01-26,27.440001,28.879999,27.440001,28.879999,24.197304,600,0.0,0.0
2023-01-27,28.0,28.799999,28.0,28.799999,24.130276,600,0.0,0.0
2023-01-30,28.0,29.0,28.0,29.0,24.297848,700,0.0,0.0
2023-01-31,29.48,29.5,29.0,29.0,24.297848,500,0.0,0.0
2023-02-01,30.0,30.0,30.0,30.0,25.135704,100,0.0,0.0
2023-02-02,30.0,30.0,30.0,30.0,25.135704,0,0.0,0.0
2023-02-03,29.0,30.5,28.139999,30.5,25.554634,1300,0.0,0.0
2023-02-06,30.5,30.5,30.5,30.5,25.554634,0,0.0,0.0
2023-02-07,28.1,30.75,28.1,30.75,25.764097,1200,0.0,0.0
2023-02-08,30.950001,31.0,30.950001,31.0,25.973558,500,0.0,0.0
2023-02-09,29.1,31.0,29.1,31.0,25.973558,400,0.0,0.0
2023-02-10,31.0,31.0,31.0,31.0,25.973558,0,0.0,0.0
2023-02-13,28.25,31.0,28.25,30.940001,25.92329,800,0.0,0.0
2023-02-14,30.940001,30.940001,30.940001,30.940001,25.92329,0,0.0,0.0
2023-02-15,31.700001,31.700001,29.5,30.0,25.135704,13100,0.0,0.0
2023-02-16,30.450001,30.5,29.5,30.5,25.554634,2500,0.0,0.0
2023-02-17,29.5,30.49,29.5,30.49,25.546253,400,0.0,0.0
2023-02-21,30.49,30.5,28.51,30.0,25.135704,8700,0.0,0.0
2023-02-22,28.959999,29.99,28.51,29.49,24.708397,1600,0.0,0.0
2023-02-23,29.49,29.49,29.49,29.49,24.708397,0,0.0,0.0
2023-02-24,28.99,28.99,28.99,28.99,24.289469,200,0.0,0.0
2023-02-27,28.99,28.99,28.99,28.99,24.289469,0,0.0,0.0
2023-02-28,28.790001,28.99,28.49,28.99,24.289469,3400,0.0,0.0
2023-03-01,28.99,28.99,28.99,28.99,24.289469,0,0.0,0.0
2023-03-02,28.75,29.0,28.75,29.0,24.297848,900,0.0,0.0
2023-03-03,28.5,28.940001,28.5,28.940001,24.247576,400,0.0,0.0
2023-03-06,28.75,28.75,28.75,28.75,24.088387,200,0.0,0.0
2023-03-07,28.620001,28.9,28.620001,28.9,24.21406,200,0.0,0.0
2023-03-08,28.9,28.9,28.9,28.9,24.21406,0,0.0,0.0
2023-03-09,28.5,28.889999,27.0,28.889999,24.205685,2500,0.0,0.0
2023-03-10,28.889999,28.889999,28.889999,28.889999,24.205685,0,0.0,0.0
2023-03-13,27.0,28.0,26.0,28.0,23.459993,2300,0.0,0.0
2023-03-14,28.0,28.84,28.0,28.5,23.87892,1100,0.0,0.0
2023-03-15,28.5,28.5,28.5,28.5,23.87892,100,0.0,0.0
2023-03-16,28.120001,28.120001,28.120001,28.120001,23.87043,100,0.37,0.0
2023-03-17,26.0,28.0,25.700001,28.0,23.768568,1400,0.0,0.0
2023-03-20,25.709999,27.49,25.709999,27.49,23.335636,1300,0.0,0.0
2023-03-21,25.709999,27.0,25.709999,27.0,22.919687,200,0.0,0.0
2023-03-22,26.25,27.0,25.709999,26.99,22.911196,3900,0.0,0.0
2023-03-23,25.709999,26.75,25.01,26.75,22.707468,4400,0.0,0.0
2023-03-24,26.75,26.75,26.75,26.75,22.707468,0,0.0,0.0
2023-03-27,26.75,26.75,26.75,26.75,22.707468,0,0.0,0.0
2023-03-28,26.0,26.75,26.0,26.75,22.707468,3700,0.0,0.0
2023-03-29,26.0,26.780001,25.200001,25.950001,22.028368,4700,0.0,0.0
2023-03-30,25.75,25.950001,25.030001,25.5,21.646372,1200,0.0,0.0
2023-03-31,25.1,25.25,25.0,25.049999,21.264376,2100,0.0,0.0
2023-04-03,25.1,25.1,25.0,25.0,21.221933,300,0.0,0.0
2023-04-04,25.0,25.0,25.0,25.0,21.221933,0,0.0,0.0
2023-04-05,25.0,25.129999,24.25,24.99,21.213442,2900,0.0,0.0
2023-04-06,24.120001,25.25,23.99,24.84,21.086111,10400,0.0,0.0
2023-04-10,24.0,24.84,24.0,24.5,20.797493,700,0.0,0.0
2023-04-11,24.17,24.5,23.73,24.450001,20.755051,1300,0.0,0.0
2023-04-12,24.200001,24.4,23.9,24.0,20.373053,2200,0.0,0.0
2023-04-13,24.4,25.15,24.4,25.15,21.349262,900,0.0,0.0
2023-04-14,25.200001,25.25,25.15,25.15,21.349262,5600,0.0,0.0
2023-04-17,25.15,25.15,25.15,25.15,21.349262,0,0.0,0.0
2023-04-18,25.0,25.0,25.0,25.0,21.221933,200,0.0,0.0
2023-04-19,25.0,25.0,24.25,25.0,21.221933,500,0.0,0.0
2023-04-20,25.0,25.0,25.0,25.0,21.221933,0,0.0,0.0
2023-04-21,24.280001,24.9,24.1,24.27,20.602253,1400,0.0,0.0
2023-04-24,25.450001,25.450001,25.450001,25.450001,21.603926,100,0.0,0.0
2023-04-25,24.5,25.35,24.25,25.0,21.221933,1500,0.0,0.0
2023-04-26,24.35,24.5,24.1,24.25,20.585274,500,0.0,0.0
2023-04-27,24.129999,24.75,24.1,24.75,21.00971,3400,0.0,0.0
2023-04-28,24.5,24.700001,24.5,24.700001,20.96727,12800,0.0,0.0
2023-05-01,24.379999,25.0,24.379999,25.0,21.221933,200,0.0,0.0
2023-05-02,24.299999,24.4,23.030001,23.030001,19.549648,4200,0.0,0.0
2023-05-03,23.059999,23.99,23.0,23.99,20.364567,2700,0.0,0.0
2023-05-04,23.5,23.5,23.25,23.25,19.736397,400,0.0,0.0
2023-05-05,23.549999,24.0,23.35,24.0,20.373053,600,0.0,0.0
2023-05-08,23.57,24.0,23.57,24.0,20.373053,300,0.0,0.0
2023-05-09,23.75,23.75,23.549999,23.75,20.160833,800,0.0,0.0
2023-05-10,24.0,24.299999,24.0,24.25,20.585274,800,0.0,0.0
2023-05-11,23.549999,23.790001,23.5,23.6,20.033503,3300,0.0,0.0
2023-05-12,23.9,23.9,23.6,23.9,20.288168,400,0.0,0.0
2023-05-15,23.719999,23.9,23.059999,23.9,20.288168,900,0.0,0.0
2023-05-16,23.700001,23.700001,23.0,23.5,19.948616,4000,0.0,0.0
2023-05-17,23.049999,23.5,23.049999,23.5,19.948616,600,0.0,0.0
2023-05-18,23.25,23.5,23.25,23.5,19.948616,400,0.0,0.0
2023-05-19,23.1,23.5,23.1,23.5,19.948616,1200,0.0,0.0
2023-05-22,23.5,23.85,23.5,23.85,20.245722,2200,0.0,0.0
2023-05-23,23.85,23.85,23.85,23.85,20.245722,0,0.0,0.0
2023-05-24,23.75,23.75,23.75,23.75,20.160833,200,0.0,0.0
2023-05-25,23.620001,23.620001,23.1,23.35,19.821285,1200,0.0,0.0
2023-05-26,23.059999,23.49,22.9,22.9,19.439293,5100,0.0,0.0
2023-05-30,23.0,23.0,23.0,23.0,19.524179,200,0.0,0.0
2023-05-31,23.0,23.25,23.0,23.25,19.736397,5800,0.0,0.0
2023-06-01,23.84,23.84,22.65,23.25,19.736397,4000,0.0,0.0
2023-06-02,22.82,23.25,22.82,23.25,19.736397,500,0.0,0.0
2023-06-05,23.1,23.1,23.1,23.1,19.609068,100,0.0,0.0
2023-06-06,23.1,23.1,22.5,22.9,19.439293,6200,0.0,0.0
2023-06-07,22.6,22.75,22.4,22.4,19.014853,11700,0.0,0.0
2023-06-08,22.5,22.5,21.700001,22.4,19.014853,28100,0.0,0.0
2023-06-09,21.709999,22.75,21.709999,22.379999,18.997871,11500,0.0,0.0
2023-06-12,22.65,22.65,22.0,22.1,18.760187,7000,0.0,0.0
2023-06-13,22.35,22.43,22.200001,22.43,19.040319,9500,0.0,0.0
2023-06-14,22.48,23.75,22.48,23.75,20.160833,2000,0.0,0.0
2023-06-15,22.700001,23.450001,22.700001,23.450001,20.221199,4800,0.37,0.0
2023-06-16,22.68,23.34,22.67,23.299999,20.091846,7800,0.0,0.0
2023-06-20,23.309999,23.309999,22.9,23.0,19.83316,2900,0.0,0.0
2023-06-21,22.75,23.0,22.700001,23.0,19.83316,11700,0.0,0.0
2023-06-22,22.950001,23.200001,22.799999,23.200001,20.005619,5100,0.0,0.0
2023-06-23,23.0,23.0,23.0,23.0,19.83316,200,0.0,0.0
2023-06-26,22.9,22.969999,22.9,22.91,19.75555,7500,0.0,0.0
2023-06-27,22.91,22.91,22.91,22.91,19.75555,200,0.0,0.0
2023-06-28,22.860001,22.9,22.860001,22.9,19.746929,500,0.0,0.0
2023-06-29,22.91,22.950001,22.549999,22.6,19.488234,3400,0.0,0.0
2023-06-30,22.959999,22.959999,22.959999,22.959999,19.798662,500,0.0,0.0
2023-07-03,22.959999,22.959999,22.959999,22.959999,19.798662,0,0.0,0.0
2023-07-05,22.940001,22.940001,22.780001,22.940001,19.781418,500,0.0,0.0
2023-07-06,22.799999,22.9,22.799999,22.879999,19.729681,2100,0.0,0.0
2023-07-07,22.84,22.959999,22.65,22.959999,19.798662,8300,0.0,0.0
2023-07-10,23.5,23.91,22.75,22.99,19.824533,2500,0.0,0.0
2023-07-11,22.99,22.99,22.99,22.99,19.824533,400,0.0,0.0
2023-07-12,22.799999,22.99,22.799999,22.99,19.824533,600,0.0,0.0
2023-07-13,22.99,23.25,22.99,23.25,20.048737,700,0.0,0.0
2023-07-14,23.290001,23.75,23.25,23.75,20.479893,2600,0.0,0.0
2023-07-17,23.25,23.99,23.25,23.98,20.678223,9400,0.0,0.0
2023-07-18,23.389999,23.98,23.389999,23.98,20.678223,12000,0.0,0.0
2023-07-19,23.98,23.98,23.93,23.93,20.635111,1300,0.0,0.0
2023-07-20,23.85,23.950001,23.85,23.950001,20.652355,5200,0.0,0.0
2023-07-21,23.98,23.98,23.75,23.85,20.566122,7200,0.0,0.0
2023-07-24,23.85,23.85,23.85,23.85,20.566122,0,0.0,0.0
2023-07-25,23.84,23.84,23.67,23.84,20.557499,5100,0.0,0.0
2023-07-26,23.84,23.84,23.84,23.84,20.557499,500,0.0,0.0
2023-07-27,23.940001,25.0,23.940001,25.0,21.557785,7300,0.0,0.0
2023-07-28,23.950001,24.75,23.950001,24.75,21.342203,1300,0.0,0.0
2023-07-31,24.75,24.75,24.75,24.75,21.342203,100,0.0,0.0
2023-08-01,23.540001,24.5,23.450001,23.450001,20.221199,10400,0.0,0.0
2023-08-02,23.610001,23.610001,23.610001,23.610001,20.359169,200,0.0,0.0
2023-08-03,23.52,23.75,23.52,23.75,20.479893,300,0.0,0.0
2023-08-04,23.75,24.25,23.75,23.940001,20.643732,1700,0.0,0.0
2023-08-07,24.75,24.75,24.75,24.75,21.342203,100,0.0,0.0
2023-08-08,24.24,24.74,24.110001,24.709999,21.307709,1300,0.0,0.0
2023-08-09,24.709999,24.709999,24.709999,24.709999,21.307709,0,0.0,0.0
2023-08-10,24.74,24.74,24.74,24.74,21.333578,200,0.0,0.0
2023-08-11,24.74,24.74,24.74,24.74,21.333578,0,0.0,0.0
2023-08-14,24.74,24.74,24.74,24.74,21.333578,0,0.0,0.0
2023-08-15,24.43,24.73,24.42,24.73,21.324957,300,0.0,0.0
2023-08-16,24.73,24.73,24.73,24.73,21.324957,0,0.0,0.0
2023-08-17,24.01,24.74,24.0,24.719999,21.31633,1300,0.0,0.0
2023-08-18,24.719999,24.719999,24.719999,24.719999,21.31633,0,0.0,0.0
2023-08-21,24.719999,24.719999,24.719999,24.719999,21.31633,100,0.0,0.0
2023-08-22,24.719999,24.719999,24.719999,24.719999,21.31633,0,0.0,0.0
2023-08-23,24.719999,24.719999,24.719999,24.719999,21.31633,0,0.0,0.0
2023-08-24,24.01,24.52,24.01,24.52,21.143869,800,0.0,0.0
2023-08-25,24.25,24.549999,24.01,24.530001,21.152494,700,0.0,0.0
2023-08-28,24.02,24.32,24.02,24.32,20.971411,500,0.0,0.0
2023-08-29,24.01,24.25,24.01,24.25,20.911043,1400,0.0,0.0
2023-08-30,24.01,24.25,24.01,24.25,20.911043,300,0.0,0.0
2023-08-31,24.25,24.25,24.25,24.25,20.911043,0,0.0,0.0
2023-09-01,24.25,24.25,24.25,24.25,20.911043,0,0.0,0.0
2023-09-05,24.01,24.32,24.01,24.32,20.971411,500,0.0,0.0
2023-09-06,24.01,24.190001,24.01,24.190001,20.859308,900,0.0,0.0
2023-09-07,24.0,24.190001,24.0,24.190001,20.859308,300,0.0,0.0
2023-09-08,24.190001,24.190001,24.190001,24.190001,20.859308,0,0.0,0.0
2023-09-11,24.01,24.48,24.01,24.48,21.109379,200,0.0,0.0
2023-09-12,24.01,24.469999,24.0,24.15,20.824814,1500,0.0,0.0
2023-09-13,24.15,24.15,24.15,24.15,20.824814,0,0.0,0.0
2023-09-14,23.57,24.0,23.57,24.0,21.017475,300,0.37,0.0
2023-09-15,24.0,24.0,24.0,24.0,21.017475,0,0.0,0.0
2023-09-18,24.0,24.0,24.0,24.0,21.017475,0,0.0,0.0
2023-09-19,24.0,24.0,24.0,24.0,21.017475,100,0.0,0.0
2023-09-20,23.530001,23.99,23.530001,23.969999,20.991205,1300,0.0,0.0
2023-09-21,23.540001,23.99,23.540001,23.99,21.008718,600,0.0,0.0
2023-09-22,23.6,23.98,23.6,23.98,20.999962,10100,0.0,0.0
2023-09-25,23.559999,23.719999,23.549999,23.67,20.728485,2300,0.0,0.0
2023-09-26,23.51,23.549999,23.059999,23.549999,20.6234,2100,0.0,0.0
2023-09-27,23.549999,23.549999,23.549999,23.549999,20.6234,0,0.0,0.0
2023-09-28,23.549999,23.549999,23.549999,23.549999,20.6234,0,0.0,0.0
2023-09-29,23.059999,23.23,23.059999,23.23,20.343163,600,0.0,0.0
2023-10-02,22.559999,23.23,22.559999,23.23,20.343163,900,0.0,0.0
2023-10-03,23.23,23.23,23.23,23.23,20.343163,0,0.0,0.0
2023-10-04,23.23,23.23,23.23,23.23,20.343163,0,0.0,0.0
2023-10-05,23.23,23.23,23.23,23.23,20.343163,0,0.0,0.0
2023-10-06,23.23,23.23,23.23,23.23,20.343163,0,0.0,0.0
2023-10-09,22.950001,23.35,22.950001,23.35,20.448252,600,0.0,0.0
2023-10-10,23.35,23.35,23.35,23.35,20.448252,0,0.0,0.0
2023-10-11,23.35,23.35,23.35,23.35,20.448252,0,0.0,0.0
2023-10-12,22.620001,23.290001,22.620001,23.290001,20.395708,500,0.0,0.0
2023-10-13,22.620001,23.25,22.620001,23.25,20.36068,1000,0.0,0.0
2023-10-16,23.25,23.25,23.25,23.25,20.36068,0,0.0,0.0
2023-10-17,23.25,23.25,23.25,23.25,20.36068,0,0.0,0.0
2023-10-18,22.620001,23.23,22.6,23.139999,20.264347,700,0.0,0.0
2023-10-19,23.139999,23.139999,23.139999,23.139999,20.264347,0,0.0,0.0
2023-10-20,22.42,22.99,22.18,22.98,20.124229,1300,0.0,0.0
2023-10-23,22.98,22.98,22.98,22.98,20.124229,0,0.0,0.0
2023-10-24,22.190001,22.6,22.190001,22.6,19.791458,1100,0.0,0.0
2023-10-25,22.25,22.58,22.18,22.58,19.773943,1800,0.0,0.0
2023-10-26,22.26,22.59,22.26,22.49,19.695127,4700,0.0,0.0
2023-10-27,22.309999,22.309999,21.52,22.200001,19.441166,6600,0.0,0.0
2023-10-30,22.200001,22.200001,22.200001,22.200001,19.441166,0,0.0,0.0
2023-10-31,21.52,22.139999,21.52,22.040001,19.301052,1700,0.0,0.0
2023-11-01,22.049999,22.049999,22.049999,22.049999,19.309805,200,0.0,0.0
2023-11-02,22.049999,22.450001,22.049999,22.450001,19.660097,300,0.0,0.0
2023-11-03,22.450001,22.450001,22.450001,22.450001,19.660097,200,0.0,0.0
2023-11-06,21.91,22.450001,21.91,22.450001,19.660097,200,0.0,0.0
2023-11-07,22.450001,22.450001,22.450001,22.450001,19.660097,0,0.0,0.0
2023-11-08,22.450001,22.450001,22.450001,22.450001,19.660097,0,0.0,0.0
2023-11-09,22.450001,22.450001,22.450001,22.450001,19.660097,0,0.0,0.0
2023-11-10,22.25,22.450001,21.870001,22.440001,19.65134,600,0.0,0.0
2023-11-13,21.889999,22.42,21.879999,22.26,19.493708,4600,0.0,0.0
2023-11-14,22.27,22.27,22.26,22.26,19.493708,400,0.0,0.0
2023-11-15,22.26,22.26,22.26,22.26,19.493708,0,0.0,0.0
2023-11-16,22.26,22.26,22.26,22.26,19.493708,0,0.0,0.0
2023-11-17,22.0,22.4,22.0,22.4,19.616312,2800,0.0,0.0
2023-11-20,22.450001,22.450001,22.450001,22.450001,19.660097,100,0.0,0.0
2023-11-21,21.92,22.25,21.5,22.25,19.484951,2900,0.0,0.0
2023-11-22,21.9,21.9,21.530001,21.85,19.134659,2400,0.0,0.0
2023-11-24,21.85,21.9,21.559999,21.9,19.178444,900,0.0,0.0
2023-11-27,21.9,21.9,21.9,21.9,19.178444,100,0.0,0.0
2023-11-28,21.9,21.9,21.75,21.85,19.134659,1200,0.0,0.0
2023-11-29,21.85,22.0,21.799999,22.0,19.26602,2600,0.0,0.0
2023-11-30,22.0,22.6,22.0,22.6,19.791458,900,0.0,0.0
2023-12-01,22.6,22.6,22.6,22.6,19.791458,0,0.0,0.0
2023-12-04,22.6,23.0,22.01,23.0,20.14175,6600,0.0,0.0
2023-12-05,23.24,24.25,23.24,24.23,21.218895,12200,0.0,0.0
2023-12-06,24.0,25.0,23.4,24.25,21.236404,11600,0.0,0.0
2023-12-07,24.0,25.5,24.0,25.5,22.331068,5700,0.0,0.0
2023-12-08,25.5,25.5,25.5,25.5,22.331068,0,0.0,0.0
2023-12-11,25.5,25.5,25.5,25.5,22.331068,0,0.0,0.0
2023-12-12,24.0,25.5,24.0,25.5,22.331068,7000,0.0,0.0
2023-12-13,24.75,25.969999,24.5,25.74,22.541239,4800,0.0,0.0
2023-12-14,25.1,26.5,25.07,26.5,23.545246,4600,0.37,0.0
2023-12-15,26.5,26.5,26.5,26.5,23.545246,100,0.0,0.0
2023-12-18,25.0,27.5,24.18,26.5,23.545246,3500,0.0,0.0
2023-12-19,24.280001,26.5,24.280001,26.0,23.100998,2800,0.0,0.0
2023-12-20,26.0,26.0,26.0,26.0,23.100998,0,0.0,0.0
2023-12-21,26.0,26.0,26.0,26.0,23.100998,0,0.0,0.0
2023-12-22,26.0,26.0,26.0,26.0,23.100998,0,0.0,0.0
2023-12-26,25.0,25.950001,25.0,25.950001,23.056572,4200,0.0,0.0
2023-12-27,25.870001,25.870001,25.870001,25.870001,22.985495,3000,0.0,0.0
2023-12-28,25.950001,25.950001,24.700001,25.950001,23.056572,500,0.0,0.0
2023-12-29,26.0,27.0,25.280001,25.99,23.092112,8500,0.0,0.0
2024-01-02,25.99,26.0,25.99,26.0,23.100998,200,0.0,0.0
2024-01-03,26.0,26.0,26.0,26.0,23.100998,1400,0.0,0.0
2024-01-04,27.639999,27.639999,26.049999,26.5,23.545246,1700,0.0,0.0
2024-01-05,26.5,26.5,26.5,26.5,23.545246,300,0.0,0.0
2024-01-08,26.200001,26.49,26.120001,26.41,23.465284,1300,0.0,0.0
2024-01-09,26.41,26.41,26.41,26.41,23.465284,0,0.0,0.0
2024-01-10,26.129999,26.49,25.549999,26.0,23.100998,8500,0.0,0.0
2024-01-11,26.48,26.48,26.48,26.48,23.527477,100,0.0,0.0
2024-01-12,26.48,26.48,26.48,26.48,23.527477,0,0.0,0.0
2024-01-16,25.780001,26.48,25.77,26.48,23.527477,1200,0.0,0.0
2024-01-17,26.48,26.48,26.48,26.48,23.527477,0,0.0,0.0
2024-01-18,26.48,26.48,26.48,26.48,23.527477,0,0.0,0.0
2024-01-19,25.57,25.99,25.57,25.950001,23.056572,5800,0.0,0.0
2024-01-22,26.0,26.459999,26.0,26.459999,23.509706,8300,0.0,0.0
2024-01-23,25.559999,26.450001,25.559999,26.450001,23.500824,400,0.0,0.0
2024-01-24,26.450001,26.450001,26.450001,26.450001,23.500824,0,0.0,0.0
2024-01-25,26.450001,26.450001,26.450001,26.450001,23.500824,0,0.0,0.0
2024-01-26,26.450001,26.450001,26.450001,26.450001,23.500824,0,0.0,0.0
2024-01-29,25.559999,26.0,25.559999,26.0,23.100998,2000,0.0,0.0
2024-01-30,25.559999,25.99,25.559999,25.99,23.092112,2200,0.0,0.0
2024-01-31,25.99,25.99,25.99,25.99,23.092112,0,0.0,0.0
2024-02-01,25.950001,25.98,25.950001,25.98,23.083225,1300,0.0,0.0
2024-02-02,25.559999,25.99,25.559999,25.99,23.092112,4500,0.0,0.0
2024-02-05,26.0,26.0,25.41,25.41,22.576782,4800,0.0,0.0
2024-02-06,25.41,25.41,25.41,25.41,22.576782,0,0.0,0.0
2024-02-07,25.41,25.41,25.41,25.41,22.576782,0,0.0,0.0
2024-02-08,25.41,25.41,25.41,25.41,22.576782,0,0.0,0.0
2024-02-09,25.17,25.299999,25.0,25.299999,22.479048,300,0.0,0.0
2024-02-12,24.41,24.77,24.41,24.77,22.008142,1600,0.0,0.0
2024-02-13,24.77,25.389999,23.35,24.969999,22.185841,4300,0.0,0.0
2024-02-14,24.299999,24.790001,24.299999,24.790001,22.025917,2300,0.0,0.0
2024-02-15,24.790001,24.790001,24.790001,24.790001,22.025917,0,0.0,0.0
2024-02-16,24.790001,24.790001,24.790001,24.790001,22.025917,0,0.0,0.0
2024-02-20,23.51,24.5,23.51,24.5,21.768246,700,0.0,0.0
2024-02-21,24.5,24.5,24.5,24.5,21.768246,0,0.0,0.0
2024-02-22,24.5,24.5,24.25,24.5,21.768246,900,0.0,0.0
2024-02-23,24.0,24.450001,23.76,24.34,21.626085,2900,0.0,0.0
2024-02-26,24.25,24.25,24.25,24.25,21.54612,200,0.0,0.0
2024-02-27,23.76,24.25,23.76,24.25,21.54612,300,0.0,0.0
2024-02-28,24.25,24.25,24.25,24.25,21.54612,0,0.0,0.0
2024-02-29,23.75,24.450001,23.75,24.450001,21.723824,700,0.0,0.0
2024-03-01,24.450001,24.450001,24.450001,24.450001,21.723824,0,0.0,0.0
2024-03-04,24.450001,24.450001,24.450001,24.450001,21.723824,100,0.0,0.0
2024-03-05,24.450001,24.450001,24.450001,24.450001,21.723824,0,0.0,0.0
2024-03-06,24.450001,24.450001,24.450001,24.450001,21.723824,0,0.0,0.0
2024-03-07,24.450001,24.450001,24.450001,24.450001,21.723824,0,0.0,0.0
2024-03-08,24.450001,24.450001,24.450001,24.450001,21.723824,0,0.0,0.0
2024-03-11,23.559999,24.200001,23.5,23.950001,21.279575,20100,0.0,0.0
2024-03-12,24.25,24.25,23.5,24.25,21.54612,2100,0.0,0.0
2024-03-13,24.15,24.200001,24.0,24.200001,21.501699,1100,0.0,0.0
2024-03-14,23.01,23.5,21.389999,23.25,20.978367,20800,0.37,0.0
2024-03-15,22.5,23.0,22.5,23.0,20.752792,1300,0.0,0.0
2024-03-18,23.0,23.0,23.0,23.0,20.752792,100,0.0,0.0
2024-03-19,23.0,23.969999,22.809999,23.969999,21.628019,400,0.0,0.0
2024-03-20,22.5,24.24,22.5,24.24,21.871635,1000,0.0,0.0
2024-03-21,24.24,24.24,24.24,24.24,21.871635,0,0.0,0.0
2024-03-22,23.5,24.25,23.5,24.24,21.871635,3900,0.0,0.0
2024-03-25,23.6,24.24,23.6,24.24,21.871635,900,0.0,0.0
2024-03-26,24.24,24.24,24.24,24.24,21.871635,0,0.0,0.0
2024-03-27,23.6,24.200001,23.6,24.200001,21.835548,700,0.0,0.0
2024-03-28,23.559999,24.190001,23.559999,24.190001,21.826525,1000,0.0,0.0
2024-04-01,23.75,23.950001,23.75,23.950001,21.609974,600,0.0,0.0
2024-04-02,23.950001,23.950001,23.950001,23.950001,21.609974,0,0.0,0.0
2024-04-03,23.799999,23.799999,23.51,23.799999,21.474628,4100,0.0,0.0
2024-04-04,23.59,23.85,22.799999,23.85,21.519743,2900,0.0,0.0
2024-04-05,23.73,23.73,23.73,23.73,21.411467,100,0.0,0.0
2024-04-08,23.780001,23.780001,23.700001,23.700001,21.384403,600,0.0,0.0
2024-04-09,23.65,23.76,23.65,23.76,21.438536,300,0.0,0.0
2024-04-10,23.76,23.76,23.76,23.76,21.438536,0,0.0,0.0
2024-04-11,23.76,23.76,23.76,23.76,21.438536,0,0.0,0.0
2024-04-12,23.68,23.75,23.65,23.75,21.429512,900,0.0,0.0
2024-04-15,23.67,23.67,23.67,23.67,21.35733,200,0.0,0.0
2024-04-16,23.700001,23.700001,23.700001,23.700001,21.384403,300,0.0,0.0
2024-04-17,23.65,23.65,23.65,23.65,21.339281,100,0.0,0.0
2024-04-18,23.65,23.65,23.65,23.65,21.339281,0,0.0,0.0
2024-04-19,23.65,23.65,23.65,23.65,21.339281,0,0.0,0.0
2024-04-22,23.74,23.74,23.74,23.74,21.42049,100,0.0,0.0
2024-04-23,23.74,23.75,23.74,23.75,21.429512,4000,0.0,0.0
2024-04-24,23.75,23.75,23.25,23.6,21.29417,3900,0.0,0.0
2024-04-25,23.6,23.6,23.6,23.6,21.29417,0,0.0,0.0
2024-04-26,23.26,23.59,23.25,23.59,21.285147,500,0.0,0.0
2024-04-29,23.6,23.6,23.559999,23.59,21.285147,700,0.0,0.0
2024-04-30,23.59,23.59,23.59,23.59,21.285147,0,0.0,0.0
2024-05-01,23.35,23.5,22.51,22.950001,20.707678,5400,0.0,0.0
2024-05-02,22.950001,22.950001,22.950001,22.950001,20.707678,0,0.0,0.0
2024-05-03,22.99,23.0,22.959999,23.0,20.752792,2000,0.0,0.0
2024-05-06,22.75,23.0,22.75,23.0,20.752792,1400,0.0,0.0
2024-05-07,22.799999,23.0,22.700001,23.0,20.752792,900,0.0,0.0
2024-05-08,23.0,23.0,23.0,23.0,20.752792,0,0.0,0.0
2024-05-09,23.0,23.0,23.0,23.0,20.752792,100,0.0,0.0
2024-05-10,23.0,23.0,23.0,23.0,20.752792,0,0.0,0.0
2024-05-13,22.6,22.950001,22.25,22.950001,20.707678,2500,0.0,0.0
2024-05-14,22.75,22.950001,22.75,22.950001,20.707678,500,0.0,0.0
2024-05-15,22.950001,23.25,22.950001,23.25,20.978367,1100,0.0,0.0
2024-05-16,23.25,23.25,23.25,23.25,20.978367,0,0.0,0.0
2024-05-17,23.25,23.25,23.25,23.25,20.978367,600,0.0,0.0
2024-05-20,23.25,23.5,23.25,23.5,21.203938,500,0.0,0.0
2024-05-21,23.59,23.59,22.66,23.5,21.203938,2700,0.0,0.0
2024-05-22,23.110001,23.48,23.110001,23.48,21.185894,300,0.0,0.0
2024-05-23,23.120001,23.6,23.110001,23.6,21.29417,8600,0.0,0.0
2024-05-24,23.6,23.6,23.6,23.6,21.29417,0,0.0,0.0
2024-05-28,23.25,23.59,23.25,23.59,21.285147,2600,0.0,0.0
2024-05-29,23.59,23.59,23.59,23.59,21.285147,0,0.0,0.0
2024-05-30,23.360001,23.59,23.360001,23.59,21.285147,300,0.0,0.0
2024-05-31,23.129999,23.49,23.129999,23.49,21.194916,200,0.0,0.0
2024-06-03,23.129999,23.49,23.129999,23.49,21.194916,2100,0.0,0.0
2024-06-04,23.49,23.49,23.49,23.49,21.194916,0,0.0,0.0
2024-06-05,23.49,23.49,23.49,23.49,21.194916,0,0.0,0.0
2024-06-06,23.139999,23.34,23.0,23.15,20.888134,11100,0.0,0.0
2024-06-07,22.559999,23.450001,22.559999,23.030001,20.779861,4100,0.0,0.0
2024-06-10,23.25,23.25,23.25,23.25,20.978367,1000,0.0,0.0
2024-06-11,23.07,23.24,23.07,23.24,20.969339,900,0.0,0.0
2024-06-12,23.209999,23.299999,23.209999,23.299999,21.023478,400,0.0,0.0
2024-06-13,23.299999,23.299999,23.120001,23.299999,21.023478,1800,0.0,0.0
2024-06-14,23.299999,23.299999,23.299999,23.299999,21.362713,0,0.37,0.0
2024-06-17,23.299999,23.299999,23.299999,23.299999,21.362713,0,0.0,0.0
2024-06-18,23.299999,23.299999,23.299999,23.299999,21.362713,0,0.0,0.0
2024-06-20,23.299999,23.299999,23.299999,23.299999,21.362713,0,0.0,0.0
2024-06-21,23.299999,23.299999,23.299999,23.299999,21.362713,300,0.0,0.0
2024-06-24,23.25,23.25,23.25,23.25,21.316874,100,0.0,0.0
2024-06-25,23.200001,23.49,23.15,23.49,21.536917,2400,0.0,0.0
2024-06-26,23.49,23.49,23.49,23.49,21.536917,0,0.0,0.0
2024-06-27,22.969999,23.49,22.950001,23.49,21.536917,3500,0.0,0.0
2024-06-28,23.49,23.49,23.49,23.49,21.536917,0,0.0,0.0
2024-07-01,23.49,23.49,23.49,23.49,21.536917,0,0.0,0.0
2024-07-02,23.450001,23.450001,23.450001,23.450001,21.500246,400,0.0,0.0
2024-07-03,23.15,23.440001,22.690001,23.379999,21.436064,2000,0.0,0.0
2024-07-05,23.379999,23.379999,23.379999,23.379999,21.436064,0,0.0,0.0
2024-07-08,23.379999,23.379999,23.379999,23.379999,21.436064,0,0.0,0.0
2024-07-09,23.129999,23.389999,23.129999,23.389999,21.44523,300,0.0,0.0
2024-07-10,23.389999,23.389999,23.389999,23.389999,21.44523,0,0.0,0.0
2024-07-11,22.780001,23.75,22.780001,23.75,21.775299,4100,0.0,0.0
2024-07-12,23.030001,23.85,23.02,23.85,21.866987,600,0.0,0.0
2024-07-15,23.030001,23.84,23.02,23.83,21.84865,800,0.0,0.0
2024-07-16,23.85,25.450001,23.85,25.450001,23.333954,800,0.0,0.0
2024-07-17,25.450001,25.450001,25.450001,25.450001,23.333954,0,0.0,0.0
2024-07-18,24.0,26.0,24.0,26.0,23.838226,3000,0.0,0.0
2024-07-19,26.0,26.0,26.0,26.0,23.838226,0,0.0,0.0
2024-07-22,25.110001,26.0,25.110001,26.0,23.838226,700,0.0,0.0
2024-07-23,26.0,27.99,26.0,27.99,25.662764,1700,0.0,0.0
2024-07-24,27.99,29.84,27.99,29.5,27.047216,11600,0.0,0.0
2024-07-25,29.09,29.84,28.67,29.5,27.047216,26700,0.0,0.0
2024-07-26,29.5,29.5,29.5,29.5,27.047216,200,0.0,0.0
2024-07-29,29.01,29.5,29.01,29.5,27.047216,3000,0.0,0.0
2024-07-30,29.790001,29.790001,29.01,29.780001,27.303934,700,0.0,0.0
2024-07-31,29.780001,29.780001,29.780001,29.780001,27.303934,0,0.0,0.0
2024-08-01,29.35,29.74,29.01,29.709999,27.239754,5400,0.0,0.0
2024-08-02,29.75,29.75,29.360001,29.68,27.212246,1000,0.0,0.0
2024-08-05,29.35,29.74,28.709999,29.73,27.258093,2000,0.0,0.0
2024-08-06,29.1,29.75,29.01,29.719999,27.248922,5300,0.0,0.0
2024-08-07,27.559999,29.74,27.559999,29.02,26.607126,16600,0.0,0.0
2024-08-08,29.049999,29.389999,28.52,29.0,26.588787,3700,0.0,0.0
2024-08-09,28.51,28.799999,28.51,28.799999,26.405418,4500,0.0,0.0
2024-08-12,28.799999,28.799999,28.799999,28.799999,26.405418,200,0.0,0.0
2024-08-13,28.51,29.360001,27.59,28.799999,26.405418,6500,0.0,0.0
2024-08-14,28.51,29.0,28.51,28.799999,26.405418,900,0.0,0.0
2024-08-15,28.889999,28.98,28.51,28.98,26.57045,3200,0.0,0.0
2024-08-16,28.26,28.969999,28.26,28.969999,26.561283,2000,0.0,0.0
2024-08-19,29.0,29.0,28.9,28.9,26.497101,200,0.0,0.0
2024-08-20,28.26,29.0,28.26,28.74,26.350407,1100,0.0,0.0
2024-08-21,28.26,28.75,28.26,28.75,26.359575,500,0.0,0.0
2024-08-22,28.27,29.75,28.27,28.75,26.359575,2300,0.0,0.0
2024-08-23,29.75,29.75,29.75,29.75,27.27643,300,0.0,0.0
2024-08-26,28.27,29.75,28.27,29.75,27.27643,600,0.0,0.0
2024-08-27,29.75,29.75,29.75,29.75,27.27643,0,0.0,0.0
2024-08-28,29.75,29.75,29.75,29.75,27.27643,0,0.0,0.0
2024-08-29,29.75,29.75,29.75,29.75,27.27643,0,0.0,0.0
2024-08-30,29.75,29.75,29.75,29.75,27.27643,0,0.0,0.0
2024-09-03,29.16,29.780001,29.16,29.780001,27.303934,2200,0.0,0.0
2024-09-04,29.110001,29.75,29.110001,29.74,27.26726,7800,0.0,0.0
2024-09-05,29.74,29.74,29.15,29.73,27.258093,1500,0.0,0.0
2024-09-06,29.75,29.75,29.75,29.75,27.27643,400,0.0,0.0
2024-09-09,29.75,29.75,29.75,29.75,27.27643,100,0.0,0.0
2024-09-10,29.709999,29.709999,29.700001,29.700001,27.230587,1000,0.0,0.0
2024-09-11,29.700001,29.700001,29.67,29.67,27.203081,600,0.0,0.0
2024-09-12,29.67,29.67,29.67,29.67,27.203081,0,0.0,0.0
2024-09-13,29.67,29.67,29.67,29.67,27.5466,0,0.37,0.0
2024-09-16,29.67,29.67,29.67,29.67,27.5466,0,0.0,0.0
2024-09-17,28.67,29.969999,28.67,29.959999,27.815844,800,0.0,0.0
2024-09-18,29.959999,29.959999,29.959999,29.959999,27.815844,0,0.0,0.0
2024-09-19,29.5,30.0,28.82,30.0,27.852982,3500,0.0,0.0
2024-09-20,29.75,29.99,29.08,29.9,27.760139,6600,0.0,0.0
2024-09-23,29.51,29.75,29.27,29.74,27.611589,4400,0.0,0.0
2024-09-24,29.74,29.74,29.74,29.74,27.611589,0,0.0,0.0
2024-09-25,29.26,29.67,29.25,29.66,27.537317,2400,0.0,0.0
2024-09-26,29.66,29.66,29.66,29.66,27.537317,100,0.0,0.0
2024-09-27,29.66,29.66,29.66,29.66,27.537317,0,0.0,0.0
2024-09-30,29.26,29.49,29.26,29.49,27.379482,400,0.0,0.0
2024-10-01,29.49,29.49,29.49,29.49,27.379482,0,0.0,0.0
2024-10-02,29.26,29.4,29.049999,29.389999,27.286636,900,0.0,0.0
2024-10-03,29.389999,29.389999,29.389999,29.389999,27.286636,0,0.0,0.0
2024-10-04,29.389999,29.389999,29.389999,29.389999,27.286636,0,0.0,0.0
2024-10-07,29.01,29.290001,29.01,29.290001,27.193796,500,0.0,0.0
2024-10-08,29.290001,29.290001,29.290001,29.290001,27.193796,0,0.0,0.0
2024-10-09,29.01,29.139999,29.01,29.139999,27.054529,300,0.0,0.0
2024-10-10,29.139999,29.389999,29.139999,29.389999,27.286636,2000,0.0,0.0
2024-10-11,29.23,29.389999,29.23,29.389999,27.286636,1100,0.0,0.0
2024-10-14,29.389999,29.389999,29.389999,29.389999,27.286636,0,0.0,0.0
2024-10-15,29.34,29.389999,29.34,29.389999,27.286636,2900,0.0,0.0
2024-10-16,29.389999,29.5,29.389999,29.5,27.388767,4800,0.0,0.0
2024-10-17,29.5,29.99,29.5,29.5,27.388767,4600,0.0,0.0
2024-10-18,30.0,30.0,29.5,29.5,27.388767,6900,0.0,0.0
2024-10-21,29.5,29.5,29.5,29.5,27.388767,0,0.0,0.0
2024-10-22,29.629999,30.5,29.629999,30.5,28.317198,2100,0.0,0.0
2024-10-23,31.0,31.0,30.83,30.83,28.623583,1000,0.0,0.0
2024-10-24,31.0,31.0,30.83,30.83,28.623583,900,0.0,0.0
2024-10-25,30.83,30.83,30.83,30.83,28.623583,0,0.0,0.0
2024-10-28,30.85,31.030001,30.85,31.030001,28.809269,2600,0.0,0.0
2024-10-29,31.25,31.25,31.25,31.25,29.013525,300,0.0,0.0
2024-10-30,31.25,31.25,31.25,31.25,29.013525,0,0.0,0.0
2024-10-31,31.25,31.25,31.25,31.25,29.013525,0,0.0,0.0
2024-11-01,31.25,31.25,31.25,31.25,29.013525,0,0.0,0.0
2024-11-04,31.0,31.4,31.0,31.4,29.152788,400,0.0,0.0
2024-11-05,31.4,31.4,31.4,31.4,29.152788,0,0.0,0.0
2024-11-06,31.0,31.469999,31.0,31.469999,29.217777,400,0.0,0.0
2024-11-07,30.950001,31.99,30.950001,31.99,29.700565,1500,0.0,0.0
2024-11-08,31.99,31.99,31.99,31.99,29.700565,0,0.0,0.0
2024-11-11,31.0,32.0,31.0,32.0,29.70985,1000,0.0,0.0
2024-11-12,32.0,32.0,32.0,32.0,29.70985,0,0.0,0.0
2024-11-13,32.970001,32.970001,32.75,32.75,30.406174,400,0.0,0.0
2024-11-14,32.75,32.75,32.75,32.75,30.406174,100,0.0,0.0
2024-11-15,32.75,32.75,32.75,32.75,30.406174,0,0.0,0.0
2024-11-18,32.75,32.75,32.75,32.75,30.406174,0,0.0,0.0
2024-11-19,32.5,33.240002,32.5,33.240002,30.861107,1800,0.0,0.0
2024-11-20,33.240002,33.240002,33.240002,33.240002,30.861107,0,0.0,0.0
2024-11-21,33.049999,33.25,32.970001,33.240002,30.861107,600,0.0,0.0
2024-11-22,33.240002,33.240002,33.240002,33.240002,30.861107,0,0.0,0.0
2024-11-25,33.240002,33.240002,33.240002,33.240002,30.861107,0,0.0,0.0
2024-11-26,32.5,33.0,32.0,33.0,30.638281,400,0.0,0.0
2024-11-27,33.0,33.0,33.0,33.0,30.638281,0,0.0,0.0
2024-11-29,33.0,33.0,33.0,33.0,30.638281,0,0.0,0.0
2024-12-02,33.0,33.0,33.0,33.0,30.638281,0,0.0,0.0
2024-12-03,32.0,33.0,31.549999,33.0,30.638281,1700,0.0,0.0
2024-12-04,33.0,33.0,33.0,33.0,30.638281,0,0.0,0.0
2024-12-05,33.0,33.0,33.0,33.0,30.638281,0,0.0,0.0
2024-12-06,33.0,33.0,33.0,33.0,30.638281,0,0.0,0.0
2024-12-09,33.0,33.0,33.0,33.0,30.638281,0,0.0,0.0
2024-12-10,33.0,33.07,33.0,33.049999,30.684702,3300,0.0,0.0
2024-12-11,33.099998,33.099998,33.0,33.0,30.638281,2300,0.0,0.0
2024-12-12,33.099998,33.650002,33.0,33.0,30.638281,1300,0.0,0.0
2024-12-13,33.0,33.0,33.0,33.0,30.985697,0,0.37,0.0
2024-12-16,33.0,33.0,33.0,33.0,30.985697,200,0.0,0.0
2024-12-17,33.009998,33.009998,33.0,33.0,30.985697,700,0.0,0.0
2024-12-18,33.0,33.0,33.0,33.0,30.985697,400,0.0,0.0
2024-12-19,34.0,34.0,34.0,34.0,31.924656,200,0.0,0.0
2024-12-20,34.0,34.0,34.0,34.0,31.924656,0,0.0,0.0
2024-12-23,34.0,34.0,34.0,34.0,31.924656,0,0.0,0.0
2024-12-24,33.959999,33.959999,33.959999,33.959999,31.887093,200,0.0,0.0
2024-12-26,34.0,34.0,33.009998,33.950001,31.877712,2500,0.0,0.0
2024-12-27,33.950001,33.950001,33.950001,33.950001,31.877712,0,0.0,0.0
2024-12-30,33.259998,33.93,33.259998,33.93,31.858932,1800,0.0,0.0
2024-12-31,33.259998,33.919998,33.259998,33.919998,31.849533,1200,0.0,0.0
2025-01-02,33.98,34.0,33.919998,33.919998,31.849533,2100,0.0,0.0
2025-01-03,33.919998,34.0,33.75,34.0,31.924656,1700,0.0,0.0
2025-01-06,34.0,34.18,33.849998,34.18,32.093674,1000,0.0,0.0
2025-01-07,34.18,34.18,34.18,34.18,32.093674,0,0.0,0.0
2025-01-08,33.799999,34.990002,33.709999,34.0,31.924656,7700,0.0,0.0
2025-01-10,34.0,34.0,34.0,34.0,31.924656,0,0.0,0.0
2025-01-13,34.0,34.0,34.0,34.0,31.924656,0,0.0,0.0
2025-01-14,34.0,34.0,34.0,34.0,31.924656,0,0.0,0.0
2025-01-15,34.0,34.0,34.0,34.0,31.924656,0,0.0,0.0
2025-01-16,34.0,34.0,34.0,34.0,31.924656,0,0.0,0.0
2025-01-17,34.0,34.0,34.0,34.0,31.924656,0,0.0,0.0
2025-01-21,34.0,34.0,34.0,34.0,31.924656,0,0.0,0.0
2025-01-22,34.0,34.0,34.0,34.0,31.924656,0,0.0,0.0
2025-01-23,32.41,34.099998,32.41,34.099998,32.018551,900,0.0,0.0
2025-01-24,33.25,33.959999,33.25,33.959999,31.887093,300,0.0,0.0
2025-01-27,33.959999,33.959999,33.959999,33.959999,31.887093,0,0.0,0.0
2025-01-28,33.009998,33.959999,33.009998,33.959999,31.887093,500,0.0,0.0
2025-01-29,33.009998,33.950001,32.369999,33.950001,31.877712,3100,0.0,0.0
2025-01-30,33.950001,33.950001,33.950001,33.950001,31.877712,0,0.0,0.0
2025-01-31,33.950001,33.950001,33.950001,33.950001,31.877712,0,0.0,0.0
2025-02-03,33.009998,33.950001,33.0,33.950001,31.877712,1600,0.0,0.0
2025-02-04,33.950001,33.950001,33.950001,33.950001,31.877712,0,0.0,0.0
2025-02-05,33.950001,33.950001,33.950001,33.950001,31.877712,0,0.0,0.0
2025-02-06,33.009998,33.950001,33.009998,33.950001,31.877712,500,0.0,0.0
2025-02-07,33.950001,33.950001,33.950001,33.950001,31.877712,0,0.0,0.0
2025-02-10,33.009998,33.950001,33.009998,33.939999,31.868317,1400,0.0,0.0
2025-02-11,33.950001,33.990002,33.02,33.990002,31.915272,2500,0.0,0.0
2025-02-12,34.099998,34.099998,32.52,34.099998,32.018551,600,0.0,0.0
2025-02-13,34.099998,34.099998,34.099998,34.099998,32.018551,100,0.0,0.0
2025-02-14,34.099998,34.099998,34.099998,34.099998,32.018551,0,0.0,0.0
2025-02-18,34.099998,34.099998,34.099998,34.099998,32.018551,0,0.0,0.0
2025-02-19,34.099998,34.099998,34.099998,34.099998,32.018551,0,0.0,0.0
2025-02-20,34.099998,34.099998,34.099998,34.099998,32.018551,500,0.0,0.0
2025-02-21,34.099998,35.0,33.5,34.950001,32.816669,1700,0.0,0.0
2025-02-24,34.0,35.0,34.0,35.0,32.863621,1000,0.0,0.0
2025-02-25,34.009998,35.0,34.009998,34.990002,32.854229,2300,0.0,0.0
2025-02-26,34.689999,35.0,32.52,35.0,32.863621,2100,0.0,0.0
2025-02-27,34.5,35.5,34.5,35.5,33.333096,8200,0.0,0.0
2025-02-28,35.5,35.5,35.5,35.5,33.333096,0,0.0,0.0
2025-03-03,35.5,35.5,35.5,35.5,33.333096,0,0.0,0.0
2025-03-04,34.799999,35.98,34.799999,35.970001,33.774406,4100,0.0,0.0
2025-03-05,35.970001,35.970001,35.970001,35.970001,33.774406,200,0.0,0.0
2025-03-06,35.970001,35.970001,35.970001,35.970001,33.774406,0,0.0,0.0
2025-03-07,35.970001,35.970001,35.970001,35.970001,33.774406,0,0.0,0.0
2025-03-10,33.119999,35.75,33.119999,35.599998,33.426994,700,0.0,0.0
2025-03-11,35.599998,35.599998,35.599998,35.599998,33.426994,0,0.0,0.0
2025-03-12,35.5,35.599998,35.0,35.599998,33.426994,900,0.0,0.0
2025-03-13,34.91,35.599998,34.91,35.599998,33.426994,300,0.0,0.0
2025-03-14,35.599998,35.599998,35.599998,35.599998,33.787647,0,0.38,0.0
2025-03-17,35.0,35.75,35.0,35.75,33.930012,600,0.0,0.0
2025-03-18,35.75,35.75,35.75,35.75,33.930012,0,0.0,0.0
2025-03-19,34.799999,35.59,34.799999,35.59,33.77816,200,0.0,0.0
2025-03-20,34.950001,35.59,34.950001,35.59,33.77816,200,0.0,0.0
2025-03-21,34.950001,35.5,34.950001,35.5,33.692738,1600,0.0,0.0
2025-03-24,35.009998,35.490002,35.009998,35.490002,33.68325,300,0.0,0.0
2025-03-25,35.130001,35.5,35.0,35.34,33.540886,3300,0.0,0.0
2025-03-26,35.34,35.5,35.009998,35.209999,33.417503,1000,0.0,0.0
2025-03-27,34.900002,35.389999,34.900002,35.389999,33.588337,1200,0.0,0.0
2025-03-28,35.0,35.25,34.700001,35.200001,33.408012,1200,0.0,0.0
2025-03-31,35.200001,35.25,35.200001,35.25,33.455471,2200,0.0,0.0
2025-04-01,35.25,35.25,35.25,35.25,33.455471,300,0.0,0.0
2025-04-02,35.25,35.25,35.25,35.25,33.455471,0,0.0,0.0
2025-04-03,35.009998,35.580002,34.900002,34.900002,33.123283,4600,0.0,0.0
2025-04-04,34.5,35.580002,33.5,35.580002,33.768673,5900,0.0,0.0
2025-04-07,35.580002,35.580002,33.119999,35.0,33.218197,2000,0.0,0.0
2025-04-08,35.0,35.5,35.0,35.0,33.218197,2000,0.0,0.0
2025-04-09,34.119999,35.099998,34.119999,35.0,33.218197,5200,0.0,0.0
2025-04-10,35.0,35.0,35.0,35.0,33.218197,0,0.0,0.0
2025-04-11,35.0,35.0,35.0,35.0,33.218197,0,0.0,0.0
2025-04-14,35.0,35.0,35.0,35.0,33.218197,1100,0.0,0.0
2025-04-15,35.0,35.0,35.0,35.0,33.218197,4000,0.0,0.0
2025-04-16,35.0,35.0,35.0,35.0,33.218197,10400,0.0,0.0
2025-04-17,34.360001,34.900002,34.360001,34.900002,33.123283,400,0.0,0.0
2025-04-21,34.900002,34.900002,34.900002,34.900002,33.123283,0,0.0,0.0
2025-04-22,34.360001,34.889999,34.349998,34.349998,32.601288,1800,0.0,0.0
2025-04-23,34.25,34.48,34.25,34.48,32.72467,9200,0.0,0.0
2025-04-24,34.279999,34.48,34.279999,34.48,32.72467,200,0.0,0.0
2025-04-25,34.48,34.48,34.48,34.48,32.72467,0,0.0,0.0
2025-04-28,34.279999,35.139999,34.27,35.119999,33.332081,1000,0.0,0.0
2025-04-29,34.259998,35.130001,34.259998,35.110001,33.322598,1900,0.0,0.0
2025-04-30,35.110001,35.110001,35.110001,35.110001,33.322598,100,0.0,0.0
2025-05-01,34.5,35.099998,34.0,34.490002,32.734158,9400,0.0,0.0
2025-05-02,35.130001,35.130001,33.25,34.0,32.2691,16800,0.0,0.0
2025-05-05,34.0,34.889999,33.259998,33.91,32.183685,2500,0.0,0.0
2025-05-06,33.52,34.889999,33.52,33.91,32.183685,500,0.0,0.0
2025-05-07,33.91,33.91,33.91,33.91,32.183685,0,0.0,0.0
2025-05-08,35.150002,35.150002,35.150002,35.150002,33.360558,100,0.0,0.0
2025-05-09,35.150002,35.150002,35.150002,35.150002,33.360558,0,0.0,0.0
2025-05-12,35.150002,35.150002,35.150002,35.150002,33.360558,0,0.0,0.0
2025-05-13,35.150002,35.150002,35.150002,35.150002,33.360558,0,0.0,0.0
2025-05-14,35.0,35.0,35.0,35.0,33.218197,300,0.0,0.0
2025-05-15,35.0,35.0,35.0,35.0,33.218197,0,0.0,0.0
2025-05-16,35.0,35.0,35.0,35.0,33.218197,0,0.0,0.0
2025-05-19,35.0,35.0,35.0,35.0,33.218197,0,0.0,0.0
2025-05-20,35.0,35.0,35.0,35.0,33.218197,0,0.0,0.0
2025-05-21,35.0,35.0,35.0,35.0,33.218197,0,0.0,0.0
2025-05-22,35.0,35.0,35.0,35.0,33.218197,0,0.0,0.0
2025-05-23,34.48,35.0,34.240002,34.990002,33.208706,1600,0.0,0.0
2025-05-27,34.360001,35.0,34.32,34.599998,32.838554,1200,0.0,0.0
2025-05-28,34.990002,34.990002,33.599998,33.599998,31.889463,4500,0.0,0.0
2025-05-29,33.599998,33.599998,33.599998,33.599998,31.889463,0,0.0,0.0
2025-05-30,33.110001,34.040001,33.110001,33.599998,31.889463,1500,0.0,0.0
2025-06-02,33.299999,33.299999,33.119999,33.299999,31.604742,300,0.0,0.0
2025-06-03,33.349998,33.349998,32.900002,32.950001,31.27256,4900,0.0,0.0
2025-06-04,34.029999,34.029999,34.029999,34.029999,32.297577,200,0.0,0.0
2025-06-05,34.029999,34.029999,34.029999,34.029999,32.297577,0,0.0,0.0
2025-06-06,34.029999,34.029999,34.029999,34.029999,32.297577,0,0.0,0.0
2025-06-09,34.029999,34.029999,34.029999,34.029999,32.297577,0,0.0,0.0
2025-06-10,33.259998,33.950001,33.259998,33.950001,32.221649,800,0.0,0.0
2025-06-11,33.950001,33.950001,33.950001,33.950001,32.221649,0,0.0,0.0
2025-06-12,33.950001,33.950001,33.950001,33.950001,32.221649,0,0.0,0.0
2025-06-13,33.009998,33.950001,33.009998,33.849998,32.490406,2400,0.38,0.0
2025-06-16,33.110001,33.849998,33.110001,33.700001,32.346428,500,0.0,0.0
2025-06-17,33.700001,33.700001,33.700001,33.700001,32.346428,0,0.0,0.0
2025-06-18,33.110001,33.849998,33.110001,33.849998,32.490406,200,0.0,0.0
2025-06-20,33.110001,33.790001,33.110001,33.790001,32.432816,200,0.0,0.0
2025-06-23,33.790001,33.790001,33.790001,33.790001,32.432816,0,0.0,0.0
2025-06-24,33.259998,33.740002,33.0,33.740002,32.384823,1200,0.0,0.0
2025-06-25,33.740002,33.740002,33.740002,33.740002,32.384823,100,0.0,0.0
2025-06-26,33.740002,33.740002,33.740002,33.740002,32.384823,0,0.0,0.0
2025-06-27,33.259998,33.75,33.0,33.75,32.394417,2300,0.0,0.0
2025-06-30,33.5,33.689999,32.16,33.689999,32.336826,2200,0.0,0.0
2025-07-01,33.689999,33.689999,33.689999,33.689999,32.336826,0,0.0,0.0
2025-07-02,33.689999,33.689999,33.689999,33.689999,32.336826,0,0.0,0.0
2025-07-03,33.689999,33.689999,33.689999,33.689999,32.336826,0,0.0,0.0
2025-07-07,33.040001,34.0,33.040001,34.0,32.634377,1700,0.0,0.0
2025-07-08,34.0,34.0,34.0,34.0,32.634377,0,0.0,0.0
2025-07-09,33.360001,34.0,33.360001,34.0,32.634377,2300,0.0,0.0
2025-07-10,34.0,34.0,34.0,34.0,32.634377,0,0.0,0.0
2025-07-11,34.0,34.0,34.0,34.0,32.634377,0,0.0,0.0
2025-07-14,33.509998,34.0,33.509998,34.0,32.634377,1200,0.0,0.0
2025-07-15,34.0,34.0,34.0,34.0,32.634377,0,0.0,0.0
2025-07-16,33.509998,34.0,33.509998,34.0,32.634377,2200,0.0,0.0
2025-07-17,34.0,34.5,34.0,34.5,33.114296,500,0.0,0.0
2025-07-18,34.0,34.740002,33.860001,34.5,33.114296,700,0.0,0.0
2025-07-21,34.5,34.5,34.5,34.5,33.114296,0,0.0,0.0
2025-07-22,33.860001,34.73,33.860001,34.73,33.335056,600,0.0,0.0
2025-07-23,34.73,34.73,34.73,34.73,33.335056,0,0.0,0.0
2025-07-24,34.73,34.73,34.73,34.73,33.335056,0,0.0,0.0
2025-07-25,34.48,34.700001,34.009998,34.700001,33.306259,300,0.0,0.0
2025-07-28,34.700001,34.700001,34.700001,34.700001,33.306259,0,0.0,0.0
2025-07-29,34.700001,34.700001,34.700001,34.700001,33.306259,0,0.0,0.0
2025-07-30,34.700001,34.700001,34.700001,34.700001,33.306259,0,0.0,0.0
2025-07-31,34.740002,34.740002,34.740002,34.740002,33.344658,300,0.0,0.0
2025-08-01,34.740002,34.740002,34.740002,34.740002,33.344658,0,0.0,0.0
2025-08-04,34.150002,34.75,34.150002,34.75,33.354256,500,0.0,0.0
2025-08-05,34.75,34.75,34.75,34.75,33.354256,0,0.0,0.0
2025-08-06,34.75,34.75,34.75,34.75,33.354256,0,0.0,0.0
2025-08-07,34.040001,34.75,34.040001,34.75,33.354256,1000,0.0,0.0
2025-08-08,34.849998,35.099998,34.25,34.990002,33.584618,1800,0.0,0.0
2025-08-11,34.990002,34.990002,34.990002,34.990002,33.584618,0,0.0,0.0
2025-08-12,35.0,35.09,34.52,35.09,33.680595,2400,0.0,0.0
2025-08-13,34.950001,35.0,34.0,34.990002,33.584618,3100,0.0,0.0
2025-08-14,34.990002,34.990002,34.990002,34.990002,33.584618,0,0.0,0.0
2025-08-15,34.990002,34.990002,34.990002,34.990002,33.584618,0,0.0,0.0
2025-08-18,34.990002,34.990002,34.990002,34.990002,33.584618,0,0.0,0.0
2025-08-19,34.619999,34.990002,34.619999,34.990002,33.584618,500,0.0,0.0
2025-08-20,34.990002,34.990002,34.990002,34.990002,33.584618,400,0.0,0.0
2025-08-21,34.560001,34.990002,34.560001,34.959999,33.555817,1300,0.0,0.0
2025-08-22,34.990002,35.740002,34.970001,35.02,33.613411,4500,0.0,0.0
2025-08-25,35.02,35.02,34.560001,35.02,33.613411,1500,0.0,0.0
2025-08-26,35.73,35.73,34.560001,35.02,33.613411,4000,0.0,0.0
2025-08-27,35.73,35.73,34.900002,35.700001,34.266098,500,0.0,0.0
2025-08-28,35.049999,35.689999,35.049999,35.689999,34.256496,500,0.0,0.0
2025-08-29,35.689999,35.689999,35.689999,35.689999,34.256496,0,0.0,0.0
2025-09-02,35.049999,35.599998,35.049999,35.599998,34.170109,300,0.0,0.0
2025-09-03,35.599998,35.599998,35.599998,35.599998,34.170109,0,0.0,0.0
2025-09-04,35.700001,35.700001,34.580002,35.59,34.160515,1900,0.0,0.0
2025-09-05,34.619999,35.75,34.619999,35.59,34.160515,3300,0.0,0.0
2025-09-08,35.59,35.59,35.59,35.59,34.160515,0,0.0,0.0
2025-09-09,35.59,35.59,35.59,35.59,34.160515,0,0.0,0.0
2025-09-10,35.77,35.77,34.759998,35.75,34.314087,400,0.0,0.0
2025-09-11,35.75,35.75,35.75,35.75,34.314087,0,0.0,0.0
2025-09-12,34.66,35.610001,34.66,35.610001,34.546921,300,0.38,0.0
2025-09-15,35.009998,35.610001,35.009998,35.610001,34.546921,200,0.0,0.0
2025-09-16,35.610001,35.610001,35.610001,35.610001,34.546921,0,0.0,0.0
2025-09-17,35.009998,35.610001,35.009998,35.610001,34.546921,600,0.0,0.0
2025-09-18,35.009998,35.599998,35.009998,35.599998,34.537224,4800,0.0,0.0
2025-09-19,35.599998,35.599998,35.599998,35.599998,34.537224,0,0.0,0.0
2025-09-22,35.599998,35.599998,35.599998,35.599998,34.537224,0,0.0,0.0
2025-09-23,35.259998,35.610001,35.259998,35.599998,34.537224,2400,0.0,0.0
2025-09-24,35.599998,35.599998,34.669998,35.389999,34.333488,16500,0.0,0.0
2025-09-25,35.209999,36.009998,35.200001,35.389999,34.333488,17100,0.0,0.0
2025-09-26,35.900002,35.900002,35.25,35.400002,34.343193,3500,0.0,0.0
2025-09-29,35.41,35.5,34.779999,35.25,34.19767,9100,0.0,0.0
2025-09-30,35.259998,35.259998,34.810001,35.25,34.19767,3100,0.0,0.0
2025-10-01,35.25,35.25,35.25,35.25,34.19767,600,0.0,0.0
2025-10-02,35.25,35.25,35.25,35.25,34.19767,11000,0.0,0.0
2025-10-03,35.41,35.5,35.41,35.5,34.440205,500,0.0,0.0
2025-10-06,35.5,35.5,35.110001,35.48,34.420803,2900,0.0,0.0
2025-10-07,35.48,35.48,35.48,35.48,34.420803,0,0.0,0.0
2025-10-08,35.48,35.48,35.48,35.48,34.420803,0,0.0,0.0
2025-10-09,35.25,35.389999,34.779999,35.389999,34.333488,1500,0.0,0.0
2025-10-10,35.389999,35.389999,35.389999,35.389999,34.333488,0,0.0,0.0
2025-10-13,35.389999,35.389999,35.389999,35.389999,34.333488,0,0.0,0.0
2025-10-14,35.389999,35.389999,35.389999,35.389999,34.333488,0,0.0,0.0
2025-10-15,35.389999,35.389999,35.389999,35.389999,34.333488,0,0.0,0.0
2025-10-16,35.099998,35.099998,34.650002,35.0,33.955132,1700,0.0,0.0
2025-10-17,34.900002,35.0,34.68,35.0,33.955132,500,0.0,0.0
2025-10-20,34.689999,34.990002,34.5,34.860001,33.819313,3700,0.0,0.0
2025-10-21,34.860001,34.860001,34.860001,34.860001,33.819313,0,0.0,0.0
2025-10-22,34.860001,34.860001,34.860001,34.860001,33.819313,0,0.0,0.0
2025-10-23,34.860001,34.860001,34.860001,34.860001,33.819313,0,0.0,0.0
2025-10-24,34.400002,34.75,34.16,34.740002,33.702896,3300,0.0,0.0
2025-10-27,34.740002,34.740002,34.740002,34.740002,33.702896,0,0.0,0.0
2025-10-28,34.639999,34.75,34.16,34.740002,33.702896,2600,0.0,0.0
2025-10-29,34.740002,35.25,34.52,34.740002,33.702896,4400,0.0,0.0
2025-10-30,34.740002,35.43,34.560001,34.740002,33.702896,3500,0.0,0.0
2025-10-31,34.740002,35.23,34.490002,35.23,34.178265,1200,0.0,0.0
2025-11-03,35.23,35.23,35.23,35.23,34.178265,0,0.0,0.0
2025-11-04,35.23,35.439999,35.009998,35.220001,34.168568,7300,0.0,0.0
2025-11-05,35.209999,35.209999,35.209999,35.209999,34.158863,200,0.0,0.0
2025-11-06,35.209999,35.209999,35.209999,35.209999,34.158863,0,0.0,0.0
2025-11-07,35.080002,35.34,35.0,35.0,33.955132,2800,0.0,0.0
2025-11-10,35.200001,35.200001,35.0,35.099998,34.052147,900,0.0,0.0
2025-11-11,35.299999,35.299999,35.27,35.27,34.217075,600,0.0,0.0
2025-11-12,35.119999,35.299999,35.119999,35.299999,34.246178,300,0.0,0.0
2025-11-13,35.299999,35.299999,35.0,35.150002,34.100658,7000,0.0,0.0
2025-11-14,35.150002,35.150002,35.150002,35.150002,34.100658,0,0.0,0.0
2025-11-17,35.150002,35.150002,35.150002,35.150002,34.100658,0,0.0,0.0
2025-11-18,35.110001,35.110001,35.099998,35.099998,34.052147,400,0.0,0.0
2025-11-19,35.099998,35.099998,35.099998,35.099998,34.052147,2000,0.0,0.0
2025-11-20,35.25,35.25,35.25,35.25,34.19767,200,0.0,0.0
2025-11-21,35.23,35.23,35.099998,35.200001,34.149162,1100,0.0,0.0
2025-11-24,35.009998,35.23,34.75,35.23,34.178265,1600,0.0,0.0
2025-11-25,35.23,35.25,35.23,35.25,34.19767,1100,0.0,0.0
2025-11-26,35.18,35.25,35.02,35.209999,34.158863,900,0.0,0.0
2025-11-28,35.25,35.25,35.25,35.25,34.19767,200,0.0,0.0
2025-12-01,35.34,35.34,35.34,35.34,34.284985,400,0.0,0.0
2025-12-02,35.25,35.299999,35.119999,35.299999,34.246178,600,0.0,0.0
2025-12-03,35.299999,35.299999,35.130001,35.299999,34.246178,1200,0.0,0.0
2025-12-04,35.299999,35.299999,35.299999,35.299999,34.246178,0,0.0,0.0
2025-12-05,35.25,35.299999,35.25,35.299999,34.246178,1200,0.0,0.0
2025-12-08,35.299999,35.299999,35.299999,35.299999,34.246178,0,0.0,0.0
2025-12-09,35.200001,35.23,35.200001,35.23,34.178265,500,0.0,0.0
2025-12-10,35.200001,35.200001,35.200001,35.200001,34.149162,100,0.0,0.0
2025-12-11,35.119999,35.119999,35.0,35.049999,34.003639,3100,0.0,0.0
2025-12-12,35.049999,35.049999,35.049999,35.049999,34.376335,0,0.38,0.0
2025-12-15,34.669998,34.669998,34.0,34.450001,33.787872,4700,0.0,0.0
2025-12-16,34.75,34.75,34.75,34.75,34.082104,200,0.0,0.0
2025-12-17,34.75,34.75,34.75,34.75,34.082104,0,0.0,0.0
2025-12-18,34.700001,34.700001,34.700001,34.700001,34.033066,300,0.0,0.0
2025-12-19,34.700001,34.700001,34.700001,34.700001,34.033066,0,0.0,0.0
2025-12-22,34.700001,34.700001,34.700001,34.700001,34.033066,0,0.0,0.0
2025-12-23,35.200001,35.200001,34.810001,35.0,34.327297,900,0.0,0.0
2025-12-24,35.0,35.0,35.0,35.0,34.327297,0,0.0,0.0
2025-12-26,35.0,35.0,35.0,35.0,34.327297,0,0.0,0.0
2025-12-29,34.959999,34.959999,34.959999,34.959999,34.288063,800,0.0,0.0
2025-12-30,35.200001,35.200001,34.970001,34.970001,34.297874,400,0.0,0.0
2025-12-31,34.970001,34.970001,34.970001,34.970001,34.297874,0,0.0,0.0
2026-01-02,35.25,35.25,34.700001,35.25,34.572495,600,0.0,0.0
2026-01-05,35.25,35.25,35.25,35.25,34.572495,0,0.0,0.0
2026-01-06,35.25,35.25,35.25,35.25,34.572495,0,0.0,0.0
2026-01-07,34.689999,35.25,34.689999,35.25,34.572495,200,0.0,0.0
2026-01-08,35.0,35.25,35.0,35.25,34.572495,300,0.0,0.0
2026-01-09,35.25,35.25,35.25,35.25,34.572495,0,0.0,0.0
2026-01-12,35.25,35.25,35.25,35.25,34.572495,0,0.0,0.0
2026-01-13,35.25,35.25,35.25,35.25,34.572495,0,0.0,0.0
2026-01-14,35.009998,35.25,34.84,35.25,34.572495,1800,0.0,0.0
2026-01-15,35.25,35.25,35.25,35.25,34.572495,0,0.0,0.0
2026-01-16,35.25,35.25,35.25,35.25,34.572495,0,0.0,0.0
2026-01-20,35.25,35.25,35.25,35.25,34.572495,0,0.0,0.0
2026-01-21,35.119999,35.25,35.119999,35.25,34.572495,700,0.0,0.0
2026-01-22,35.119999,35.25,35.119999,35.25,34.572495,400,0.0,0.0
2026-01-23,35.009998,35.200001,34.900002,35.200001,34.523453,400,0.0,0.0
2026-01-26,35.200001,35.200001,35.200001,35.200001,34.523453,0,0.0,0.0
2026-01-27,35.200001,36.25,35.200001,36.25,35.553276,3500,0.0,0.0
2026-01-28,36.610001,38.27,36.610001,37.48,36.759632,5300,0.0,0.0
2026-01-29,38.040001,38.040001,38.040001,38.040001,37.308872,300,0.0,0.0
2026-01-30,38.049999,38.299999,37.509998,37.509998,36.789055,3800,0.0,0.0
2026-02-02,38.360001,38.360001,37.52,38.0,37.269638,3300,0.0,0.0
2026-02-03,38.0,38.049999,37.549999,38.0,37.269638,3500,0.0,0.0
2026-02-04,38.0,38.689999,37.75,37.779999,37.053867,8800,0.0,0.0
2026-02-05,37.759998,38.0,37.759998,37.790001,37.063675,1300,0.0,0.0
2026-02-06,38.0,38.0,37.759998,37.759998,37.034248,3200,0.0,0.0
2026-02-09,37.759998,37.759998,37.759998,37.759998,37.034248,0,0.0,0.0
2026-02-10,38.0,38.0,37.759998,37.759998,37.034248,2800,0.0,0.0
2026-02-11,37.759998,37.849998,37.759998,37.849998,37.12252,1300,0.0,0.0
2026-02-12,37.77,38.0,37.52,38.0,37.269638,3100,0.0,0.0
2026-02-13,37.900002,38.0,37.900002,38.0,37.269638,2400,0.0,0.0
2026-02-17,37.529999,37.990002,37.0,37.380001,36.661556,7000,0.0,0.0
2026-02-18,37.380001,37.380001,37.380001,37.380001,36.661556,0,0.0,0.0
2026-02-19,37.419998,37.75,37.349998,37.349998,36.63213,600,0.0,0.0
2026-02-20,37.650002,37.689999,37.139999,37.139999,36.426167,800,0.0,0.0
2026-02-23,37.349998,37.349998,37.130001,37.130001,36.416363,300,0.0,0.0
2026-02-24,37.130001,37.130001,37.130001,37.130001,36.416363,0,0.0,0.0
2026-02-25,37.34,37.34,37.34,37.34,36.622322,300,0.0,0.0
2026-02-26,37.860001,37.860001,37.860001,37.860001,37.132332,200,0.0,0.0
2026-02-27,37.060001,37.25,36.889999,37.25,36.534054,800,0.0,0.0
2026-03-02,37.0,37.490002,37.0,37.490002,36.76944,400,0.0,0.0
2026-03-03,37.0,37.48,36.380001,36.740002,36.033859,2000,0.0,0.0
2026-03-04,36.740002,37.0,36.740002,37.0,36.288857,22500,0.0,0.0
2026-03-05,37.41,37.41,37.41,37.41,36.690975,100,0.0,0.0
2026-03-06,37.41,37.41,37.41,37.41,36.690975,0,0.0,0.0
2026-03-09,37.41,37.41,37.41,37.41,36.690975,0,0.0,0.0
2026-03-10,37.41,37.490002,37.41,37.490002,36.76944,400,0.0,0.0
2026-03-11,37.02,37.400002,36.5,36.900002,36.190784,12100,0.0,0.0
2026-03-12,36.5,37.360001,36.299999,37.360001,36.641941,3500,0.0,0.0
2026-03-13,36.310001,36.950001,36.310001,36.950001,36.622116,300,0.39,0.0
2026-03-16,36.950001,36.950001,36.950001,36.950001,36.622116,0,0.0,0.0
2026-03-17,36.950001,36.950001,36.950001,36.950001,36.622116,0,0.0,0.0
2026-03-18,36.299999,36.400002,36.299999,36.380001,36.057175,2100,0.0,0.0
2026-03-19,36.439999,38.240002,36.439999,37.849998,37.51413,8200,0.0,0.0
2026-03-20,38.23,38.610001,38.23,38.610001,38.267387,700,0.0,0.0
2026-03-23,39.400002,39.400002,39.400002,39.400002,39.050377,100,0.0,0.0
2026-03-24,38.490002,39.990002,38.48,39.400002,39.050377,1800,0.0,0.0
2026-03-25,38.0,39.490002,38.0,39.41,39.060287,10300,0.0,0.0
2026-03-26,39.41,39.419998,39.0,39.419998,39.070198,800,0.0,0.0
2026-03-27,39.0,39.970001,39.0,39.5,39.14949,12300,0.0,0.0
2026-03-30,39.75,39.889999,39.400002,39.5,39.14949,5400,0.0,0.0
2026-03-31,39.98,39.98,38.849998,39.98,39.625229,1600,0.0,0.0
2026-04-01,39.98,41.580002,39.98,40.5,40.140614,5000,0.0,0.0
2026-04-02,40.5,41.5,40.25,40.400002,40.041504,2000,0.0,0.0
2026-04-06,40.610001,41.48,40.610001,41.450001,41.082188,3600,0.0,0.0
2026-04-07,41.0,42.0,41.0,42.0,41.627304,2600,0.0,0.0
2026-04-08,42.5,43.34,42.5,43.0,42.618431,1900,0.0,0.0
2026-04-09,43.48,43.990002,43.110001,43.73,43.341953,2000,0.0,0.0
2026-04-10,43.75,44.0,43.400002,43.73,43.341953,1400,0.0,0.0
2026-04-13,43.73,43.73,43.73,43.73,43.341953,0,0.0,0.0
2026-04-14,44.189999,44.240002,43.549999,43.73,43.341953,5100,0.0,0.0
2026-04-15,44.150002,44.200001,44.150002,44.200001,43.807785,200,0.0,0.0
2026-04-16,43.75,44.200001,43.75,44.200001,43.807785,1500,0.0,0.0
2026-04-17,43.799999,45.0,43.75,45.0,44.600685,5300,0.0,0.0
2026-04-20,44.380001,44.990002,44.25,44.990002,44.590775,1200,0.0,0.0
2026-04-21,44.27,44.799999,44.27,44.799999,44.402458,3500,0.0,0.0
2026-04-22,44.299999,45.0,43.75,45.0,44.600685,1400,0.0,0.0
2026-04-23,44.799999,46.0,44.0,44.25,43.857338,2300,0.0,0.0
2026-04-24,45.0,45.0,45.0,45.0,44.600685,200,0.0,0.0
2026-04-27,44.25,45.09,43.549999,44.919998,44.521393,900,0.0,0.0
2026-04-28,44.369999,44.990002,43.790001,44.23,43.837517,17000,0.0,0.0
2026-04-29,44.23,44.23,44.23,44.23,43.837517,0,0.0,0.0
2026-04-30,43.919998,44.150002,43.75,44.150002,43.758228,700,0.0,0.0
2026-05-01,43.759998,44.150002,43.759998,44.150002,43.758228,2900,0.0,0.0
2026-05-04,44.060001,44.150002,44.060001,44.150002,43.758228,300,0.0,0.0
2026-05-05,44.150002,44.150002,44.150002,44.150002,43.758228,0,0.0,0.0
2026-05-06,44.029999,46.0,44.029999,44.150002,43.758228,5000,0.0,0.0
2026-05-07,44.200001,44.200001,43.549999,43.98,43.589733,3000,0.0,0.0
2026-05-08,43.98,43.98,43.98,43.98,43.589733,0,0.0,0.0
2026-05-11,43.790001,43.98,43.790001,43.98,43.589733,3500,0.0,0.0
2026-05-12,43.59,43.98,43.59,43.98,43.589733,800,0.0,0.0
2026-05-13,43.549999,44.0,43.48,44.0,43.609558,3800,0.0,0.0
2026-05-14,44.0,44.0,44.0,44.0,43.609558,0,0.0,0.0
2026-05-15,43.490002,43.900002,43.490002,43.900002,43.510445,2000,0.0,0.0
2026-05-18,43.900002,44.0,43.799999,44.0,43.609558,600,0.0,0.0
2026-05-19,43.48,44.0,43.400002,44.0,43.609558,17100,0.0,0.0
2026-05-20,43.869999,43.939999,43.369999,43.939999,43.550087,1300,0.0,0.0
2026-05-21,43.93,43.939999,43.380001,43.939999,43.550087,300,0.0,0.0
2026-05-22,43.939999,43.939999,43.939999,43.939999,43.550087,0,0.0,0.0
2026-05-26,43.470001,43.939999,43.470001,43.939999,43.550087,700,0.0,0.0
2026-05-27,43.720001,43.939999,43.720001,43.939999,43.550087,200,0.0,0.0
2026-05-28,43.939999,43.939999,43.939999,43.939999,43.550087,0,0.0,0.0
2026-05-29,43.5,43.939999,43.5,43.939999,43.550087,3300,0.0,0.0
2026-06-01,43.939999,43.939999,43.939999,43.939999,43.550087,0,0.0,0.0
2026-06-02,43.48,43.939999,43.48,43.939999,43.550087,500,0.0,0.0
2026-06-03,43.5,43.93,43.450001,43.93,43.54018,2800,0.0,0.0
2026-06-04,43.5,43.75,43.5,43.75,43.361774,1300,0.0,0.0
2026-06-05,43.5,43.5,43.5,43.5,43.113995,11300,0.0,0.0
2026-06-08,43.25,43.5,43.25,43.5,43.113995,200,0.0,0.0
2026-06-09,43.5,44.0,43.5,43.599998,43.213104,7200,0.0,0.0
2026-06-10,43.950001,43.950001,43.950001,43.950001,43.560001,100,0.0,0.0
2026-06-11,43.950001,43.950001,43.950001,43.950001,43.560001,0,0.0,0.0
2026-06-12,43.650002,43.799999,43.400002,43.790001,43.790001,1600,0.39,0.0
2026-06-15,43.790001,43.790001,43.790001,43.790001,43.790001,0,0.0,0.0
2026-06-16,43.790001,43.790001,43.790001,43.790001,43.790001,0,0.0,0.0
2026-06-17,43.790001,43.790001,43.790001,43.790001,43.790001,0,0.0,0.0
2026-06-18,43.41,43.59,43.41,43.529999,43.529999,1500,0.0,0.0
2026-06-22,43.720001,43.720001,43.560001,43.709999,43.709999,900,0.0,0.0
2026-06-23,43.68,43.68,43.68,43.68,43.68,300,0.0,0.0
2026-06-24,43.630001,43.75,43.450001,43.5,43.5,14500,0.0,0.0
2026-06-25,43.5,43.709999,43.299999,43.5,43.5,8900,0.0,0.0
2026-06-26,43.5,43.700001,43.5,43.700001,43.700001,2100,0.0,0.0
2026-06-29,43.849998,43.849998,43.849998,43.849998,43.849998,100,0.0,0.0
2026-06-30,43.849998,43.849998,43.849998,43.849998,43.849998,0,0.0,0.0
2026-07-01,43.849998,43.950001,43.849998,43.900002,43.900002,800,0.0,0.0
2026-07-02,43.900002,43.900002,43.900002,43.900002,43.900002,200,0.0,0.0
2026-07-06,43.900002,43.900002,43.900002,43.900002,43.900002,0,0.0,0.0
2026-07-07,43.849998,43.849998,43.25,43.599998,43.599998,9800,0.0,0.0
2026-07-08,43.5,43.91,43.310001,43.349998,43.349998,2800,0.0,0.0
2026-07-09,43.32,43.32,43.25,43.25,43.25,2300,0.0,0.0
2026-07-10,43.25,43.400002,43.200001,43.299999,43.299999,8000,0.0,0.0
2026-07-13,43.310001,43.310001,43.299999,43.299999,43.299999,3900,0.0,0.0
2026-07-14,43.299999,43.299999,43.099998,43.150002,43.150002,9100,0.0,0.0
2026-07-15,43.259998,43.259998,43.259998,43.259998,43.259998,200,0.0,0.0
2026-07-16,43.25,43.299999,43.25,43.299999,43.299999,700,0.0,0.0
2026-07-17,43.5,43.5,43.25,43.299999,43.299999,1200,0.0,0.0
2026-07-20,43.259998,43.740002,43.25,43.299999,43.299999,3200,0.0,0.0
2026-07-23,43.259998,43.470001,43.259998,43.470001,43.470001,200,0.0,0.0
2026-07-24,43.470001,43.470001,43.470001,43.470001,43.470001,0,0.0,0.0
2026-07-27,43.349998,43.470001,43.349998,43.349998,43.349998,1200,0.0,0.0
2026-07-28,43.400002,43.400002,43.400002,43.400002,43.400002,3100,0.0,0.0
2026-07-29,43.400002,43.400002,43.16,43.25,43.25,9100,0.0,0.0
2026-07-30,43.25,43.389999,43.200001,43.389999,43.389999,700,0.0,0.0
2026-08-03,43.389999,43.490002,43.349998,43.41,43.41,12000,0.0,0.0
2026-08-04,43.389999,43.950001,43.389999,43.950001,43.950001,800,0.0,0.0
2026-08-05,43.41,43.939999,43.41,43.939999,43.939999,700,0.0,0.0
2026-08-06,43.939999,43.939999,43.939999,43.939999,43.939999,0,0.0,0.0
2026-08-07,43.939999,43.939999,43.939999,43.939999,43.939999,0,0.0,0.0
2026-08-10,43.599998,43.93,43.599998,43.93,43.93,700,0.0,0.0
2026-08-11,43.939999,44.5,43.669998,44.5,44.5,1800,0.0,0.0
2026-08-12,44.5,44.5,44.5,44.5,44.5,0,0.0,0.0
2026-08-13,44.25,44.5,43.5,43.5,43.5,2300,0.0,0.0
2026-08-14,43.509998,43.509998,43.509998,43.509998,43.509998,200,0.0,0.0
2026-08-17,43.509998,43.509998,43.509998,43.509998,43.509998,0,0.0,0.0
2026-08-18,43.509998,43.830002,43.5,43.5,43.5,900,0.0,0.0
2026-08-19,43.950001,44.0,43.509998,43.509998,43.509998,300,0.0,0.0
2026-08-20,44.5,44.5,42.75,43.869999,43.869999,54850,0.0,0.0
