Date,Open,High,Low,Close,Adj Close,Volume,Dividends,Stock Splits
2008-01-30,11.6,11.6,11.6,11.6,10.289498,0,0.0,0.0
2008-01-31,11.6,11.6,11.6,11.6,10.289498,1000,0.0,0.0
2008-02-01,11.6,11.6,11.6,11.6,10.289498,0,0.0,0.0
2008-02-04,11.4,11.4,11.4,11.4,10.112098,1000,0.0,0.0
2008-02-05,11.4,11.4,11.4,11.4,10.112098,0,0.0,0.0
2008-02-06,11.4,11.4,11.4,11.4,10.112098,0,0.0,0.0
2008-02-07,11.4,11.4,11.4,11.4,10.112098,0,0.0,0.0
2008-02-08,11.4,11.4,11.4,11.4,10.112098,0,0.0,0.0
2008-02-11,11.4,11.4,11.4,11.4,10.112098,0,0.0,0.0
2008-02-12,11.4,11.4,11.4,11.4,10.112098,0,0.0,0.0
2008-02-13,10.7,10.7,10.7,10.7,9.491177,3000,0.0,0.0
2008-02-14,10.7,10.7,10.7,10.7,9.491177,0,0.0,0.0
2008-02-15,10.7,10.7,10.7,10.7,9.491177,0,0.0,0.0
2008-02-19,10.7,10.7,10.7,10.7,9.491177,0,0.0,0.0
2008-02-20,10.7,10.7,10.7,10.7,9.491177,0,0.0,0.0
2008-02-21,10.7,10.7,10.7,10.7,9.491177,0,0.0,0.0
2008-02-22,10.7,10.7,10.7,10.7,9.491177,0,0.0,0.0
2008-02-25,10.7,10.899,10.5,10.533,9.343042,7000,0.0,0.0
2008-02-26,10.5,10.5,10.4,10.4,9.225067,5000,0.0,0.0
2008-02-27,10.4,10.4,10.4,10.4,9.225067,0,0.0,0.0
2008-02-28,10.4,10.4,10.4,10.4,9.225067,0,0.0,0.0
2008-02-29,10.4,10.4,10.4,10.4,9.225067,0,0.0,0.0
2008-03-03,10.4,10.4,10.4,10.4,9.225067,0,0.0,0.0
2008-03-04,10.4,10.4,10.4,10.4,9.225067,0,0.0,0.0
2008-03-05,10.8,10.8,10.35,10.35,9.180717,3000,0.0,0.0
2008-03-06,10.2,10.4,10.0,10.4,9.225067,6000,0.0,0.0
2008-03-07,9.8,9.8,9.8,9.8,8.692852,5000,0.0,0.0
2008-03-10,9.5,9.5,9.425,9.425,8.36022,9000,0.0,0.0
2008-03-11,9.15,9.15,9.1,9.15,8.116287,8000,0.0,0.0
2008-03-12,9.2,9.2,9.2,9.2,8.160642,2000,0.0,0.0
2008-03-13,9.175,9.175,9.175,9.175,8.138465,1000,0.0,0.0
2008-03-14,9.175,9.175,9.175,9.175,8.138465,0,0.0,0.0
2008-03-17,9.155,9.155,9.1,9.1,8.071935,22000,0.0,0.0
2008-03-18,9.1,9.1,9.1,9.1,8.071935,0,0.0,0.0
2008-03-19,10.1,10.1,8.7,8.8,7.805828,4000,0.0,0.0
2008-03-20,8.8,8.8,8.8,8.8,7.805828,0,0.0,0.0
2008-03-24,8.8,8.8,8.8,8.8,7.805828,0,0.0,0.0
2008-03-25,8.8,8.8,8.8,8.8,7.805828,0,0.0,0.0
2008-03-26,8.8,8.8,8.8,8.8,7.805828,0,0.0,0.0
2008-03-27,8.8,8.8,8.8,8.8,7.805828,0,0.0,0.0
2008-03-28,8.8,8.8,8.8,8.8,7.805828,0,0.0,0.0
2008-03-31,8.8,8.8,8.8,8.8,7.805828,0,0.0,0.0
2008-04-01,9.0,9.0,9.0,9.0,7.983233,4000,0.0,0.0
2008-04-02,9.0,9.0,9.0,9.0,7.983233,0,0.0,0.0
2008-04-03,9.5,9.5,9.5,9.5,8.426744,1000,0.0,0.0
2008-04-04,9.5,9.5,9.5,9.5,8.426744,0,0.0,0.0
2008-04-07,9.5,9.5,9.5,9.5,8.426744,0,0.0,0.0
2008-04-08,9.5,9.5,9.5,9.5,8.426744,0,0.0,0.0
2008-04-09,9.5,9.5,9.5,9.5,8.426744,0,0.0,0.0
2008-04-10,9.5,9.5,9.5,9.5,8.426744,0,0.0,0.0
2008-04-11,9.5,9.5,9.5,9.5,8.426744,0,0.0,0.0
2008-04-14,9.5,9.5,9.5,9.5,8.426744,0,0.0,0.0
2008-04-15,9.1,9.1,9.1,9.1,8.071935,3000,0.0,0.0
2008-04-16,9.1,9.1,9.1,9.1,8.071935,0,0.0,0.0
2008-04-17,9.1,9.1,9.1,9.1,8.071935,0,0.0,0.0
2008-04-18,9.1,9.1,9.1,9.1,8.071935,0,0.0,0.0
2008-04-21,9.1,9.1,9.1,9.1,8.071935,0,0.0,0.0
2008-04-22,9.1,9.1,9.1,9.1,8.071935,0,0.0,0.0
2008-04-23,9.1,9.1,9.1,9.1,8.071935,2000,0.0,0.0
2008-04-24,9.1,9.1,9.1,9.1,8.071935,0,0.0,0.0
2008-04-25,9.1,9.1,9.1,9.1,8.071935,0,0.0,0.0
2008-04-28,9.1,9.1,9.1,9.1,8.071935,0,0.0,0.0
2008-04-29,9.1,9.1,9.1,9.1,8.071935,0,0.0,0.0
2008-04-30,9.5,9.5,9.1,9.1,8.071935,3000,0.0,0.0
2008-05-01,9.1,9.1,9.1,9.1,8.071935,0,0.0,0.0
2008-05-02,9.1,9.1,9.1,9.1,8.071935,0,0.0,0.0
2008-05-05,9.1,9.1,9.1,9.1,8.071935,0,0.0,0.0
2008-05-06,9.1,9.1,9.1,9.1,8.071935,0,0.0,0.0
2008-05-07,9.1,9.1,9.1,9.1,8.071935,0,0.0,0.0
2008-05-08,9.1,9.1,9.1,9.1,8.071935,0,0.0,0.0
2008-05-09,9.1,9.1,9.1,9.1,8.071935,0,0.0,0.0
2008-05-12,9.1,9.1,9.1,9.1,8.071935,0,0.0,0.0
2008-05-13,9.1,9.1,9.1,9.1,8.071935,0,0.0,0.0
2008-05-14,9.1,9.1,9.1,9.1,8.080815,0,0.01,0.0
2008-05-15,9.1,9.1,9.1,9.1,8.080815,0,0.0,0.0
2008-05-16,9.1,9.1,9.1,9.1,8.080815,0,0.0,0.0
2008-05-19,9.1,9.1,9.1,9.1,8.080815,0,0.0,0.0
2008-05-20,9.1,9.1,9.1,9.1,8.080815,0,0.0,0.0
2008-05-21,9.1,9.1,9.1,9.1,8.080815,0,0.0,0.0
2008-05-22,9.102,9.102,9.102,9.102,8.082591,3000,0.0,0.0
2008-05-23,9.1,9.1,9.1,9.1,8.080815,2000,0.0,0.0
2008-05-27,9.1,9.1,9.1,9.1,8.080815,3000,0.0,0.0
2008-05-28,9.1,9.1,9.1,9.1,8.080815,0,0.0,0.0
2008-05-29,9.1,9.1,9.1,9.1,8.080815,0,0.0,0.0
2008-05-30,9.1,9.1,9.1,9.1,8.080815,0,0.0,0.0
2008-06-02,9.1,9.1,9.1,9.1,8.080815,0,0.0,0.0
2008-06-03,9.1,9.1,9.1,9.1,8.080815,0,0.0,0.0
2008-06-04,9.1,9.1,9.1,9.1,8.080815,0,0.0,0.0
2008-06-05,9.1,9.1,9.1,9.1,8.080815,0,0.0,0.0
2008-06-06,9.1,9.1,9.1,9.1,8.080815,0,0.0,0.0
2008-06-09,9.1,9.1,9.1,9.1,8.080815,0,0.0,0.0
2008-06-10,9.1,9.1,9.1,9.1,8.080815,0,0.0,0.0
2008-06-11,9.1,9.1,9.1,9.1,8.080815,0,0.0,0.0
2008-06-12,9.1,9.1,9.1,9.1,8.080815,0,0.0,0.0
2008-06-13,9.1,9.1,9.1,9.1,8.080815,0,0.0,0.0
2008-06-16,9.1,9.1,9.1,9.1,8.080815,0,0.0,0.0
2008-06-17,9.1,9.1,9.1,9.1,8.080815,0,0.0,0.0
2008-06-18,9.1,9.1,9.1,9.1,8.080815,0,0.0,0.0
2008-06-19,9.5,9.5,9.5,9.5,8.436015,6000,0.0,0.0
2008-06-20,9.5,9.5,9.5,9.5,8.436015,0,0.0,0.0
2008-06-23,9.5,9.5,9.5,9.5,8.436015,0,0.0,0.0
2008-06-24,9.5,9.5,9.5,9.5,8.436015,0,0.0,0.0
2008-06-25,9.5,9.5,9.5,9.5,8.436015,0,0.0,0.0
2008-06-26,9.5,9.5,9.5,9.5,8.436015,0,0.0,0.0
2008-06-27,9.5,9.5,9.5,9.5,8.436015,0,0.0,0.0
2008-06-30,9.5,9.5,9.5,9.5,8.436015,0,0.0,0.0
2008-07-01,9.5,9.5,9.5,9.5,8.436015,0,0.0,0.0
2008-07-02,9.5,9.5,9.5,9.5,8.436015,0,0.0,0.0
2008-07-03,9.5,9.5,9.5,9.5,8.436015,0,0.0,0.0
2008-07-07,9.0,9.0,8.6,8.6,7.636816,4000,0.0,0.0
2008-07-08,8.6,8.6,8.6,8.6,7.636816,0,0.0,0.0
2008-07-09,8.6,8.6,8.6,8.6,7.636816,0,0.0,0.0
2008-07-10,8.6,8.6,8.6,8.6,7.636816,0,0.0,0.0
2008-07-11,8.6,8.6,8.6,8.6,7.636816,0,0.0,0.0
2008-07-14,8.6,8.6,8.6,8.6,7.636816,0,0.0,0.0
2008-07-15,8.6,8.6,8.59,8.59,7.627932,7000,0.0,0.0
2008-07-16,8.59,8.59,8.59,8.59,7.627932,0,0.0,0.0
2008-07-17,8.59,8.59,8.59,8.59,7.627932,0,0.0,0.0
2008-07-18,8.59,8.59,8.59,8.59,7.627932,0,0.0,0.0
2008-07-21,8.59,8.59,8.59,8.59,7.627932,0,0.0,0.0
2008-07-22,8.6,8.6,8.6,8.6,7.636816,10000,0.0,0.0
2008-07-23,8.6,8.7,8.6,8.7,7.725613,24000,0.0,0.0
2008-07-24,8.7,8.7,8.7,8.7,7.734502,0,0.01,0.0
2008-07-25,8.7,8.7,8.7,8.7,7.734502,0,0.0,0.0
2008-07-28,8.7,8.7,8.7,8.7,7.734502,0,0.0,0.0
2008-07-29,8.7,8.7,8.7,8.7,7.734502,0,0.0,0.0
2008-07-30,8.7,8.7,8.7,8.7,7.734502,0,0.0,0.0
2008-07-31,8.7,8.7,8.7,8.7,7.734502,0,0.0,0.0
2008-08-01,9.0,9.0,9.0,9.0,8.001212,4000,0.0,0.0
2008-08-04,9.0,9.0,9.0,9.0,8.001212,0,0.0,0.0
2008-08-05,9.0,9.0,9.0,9.0,8.001212,0,0.0,0.0
2008-08-06,9.0,9.0,9.0,9.0,8.001212,0,0.0,0.0
2008-08-07,9.0,9.0,9.0,9.0,8.001212,0,0.0,0.0
2008-08-08,9.0,9.0,9.0,9.0,8.001212,0,0.0,0.0
2008-08-11,9.0,9.0,8.999,9.0,8.001212,7000,0.0,0.0
2008-08-12,9.005,9.005,9.0,9.0,8.001212,12000,0.0,0.0
2008-08-13,9.0,9.0,9.0,9.0,8.001212,0,0.0,0.0
2008-08-14,9.0,9.0,9.0,9.0,8.001212,0,0.0,0.0
2008-08-15,9.0,9.0,9.0,9.0,8.001212,0,0.0,0.0
2008-08-18,9.0,9.0,9.0,9.0,8.001212,0,0.0,0.0
2008-08-19,9.0,9.0,9.0,9.0,8.001212,0,0.0,0.0
2008-08-20,9.0,9.0,9.0,9.0,8.001212,0,0.0,0.0
2008-08-21,9.0,9.0,9.0,9.0,8.001212,0,0.0,0.0
2008-08-22,9.0,9.0,9.0,9.0,8.001212,0,0.0,0.0
2008-08-25,9.0,9.0,9.0,9.0,8.001212,0,0.0,0.0
2008-08-26,9.0,9.0,9.0,9.0,8.001212,0,0.0,0.0
2008-08-27,9.0,9.0,9.0,9.0,8.001212,0,0.0,0.0
2008-08-28,9.0,9.0,9.0,9.0,8.001212,0,0.0,0.0
2008-08-29,9.0,9.0,9.0,9.0,8.001212,0,0.0,0.0
2008-09-02,9.0,9.0,9.0,9.0,8.001212,0,0.0,0.0
2008-09-03,9.0,9.0,9.0,9.0,8.001212,0,0.0,0.0
2008-09-04,9.0,9.0,9.0,9.0,8.001212,0,0.0,0.0
2008-09-05,9.0,9.0,9.0,9.0,8.001212,0,0.0,0.0
2008-09-08,9.0,9.0,9.0,9.0,8.001212,0,0.0,0.0
2008-09-09,9.0,9.0,9.0,9.0,8.001212,0,0.0,0.0
2008-09-10,9.0,9.0,9.0,9.0,8.001212,0,0.0,0.0
2008-09-11,9.0,9.0,9.0,9.0,8.001212,0,0.0,0.0
2008-09-12,9.0,9.0,9.0,9.0,8.001212,0,0.0,0.0
2008-09-15,9.0,9.0,9.0,9.0,8.001212,4000,0.0,0.0
2008-09-16,9.0,9.0,9.0,9.0,8.001212,0,0.0,0.0
2008-09-17,8.8,8.8,8.8,8.8,7.823406,2000,0.0,0.0
2008-09-18,8.8,8.8,8.8,8.8,7.823406,0,0.0,0.0
2008-09-19,8.8,8.8,8.8,8.8,7.823406,0,0.0,0.0
2008-09-22,8.8,8.8,8.8,8.8,7.823406,0,0.0,0.0
2008-09-23,8.8,8.8,8.8,8.8,7.823406,0,0.0,0.0
2008-09-24,8.8,8.8,8.8,8.8,7.823406,0,0.0,0.0
2008-09-25,8.8,8.8,8.8,8.8,7.823406,0,0.0,0.0
2008-09-26,8.8,8.8,8.8,8.8,7.823406,0,0.0,0.0
2008-09-29,8.8,8.8,8.8,8.8,7.823406,0,0.0,0.0
2008-09-30,8.8,8.8,8.8,8.8,7.823406,0,0.0,0.0
2008-10-01,8.8,8.8,8.8,8.8,7.823406,0,0.0,0.0
2008-10-02,8.8,8.8,8.8,8.8,7.823406,0,0.0,0.0
2008-10-03,8.8,8.8,8.8,8.8,7.823406,0,0.0,0.0
2008-10-06,8.8,8.8,8.8,8.8,7.823406,0,0.0,0.0
2008-10-07,8.8,8.8,8.8,8.8,7.823406,0,0.0,0.0
2008-10-08,8.8,8.8,8.8,8.8,7.823406,0,0.0,0.0
2008-10-09,8.8,8.8,8.8,8.8,7.823406,0,0.0,0.0
2008-10-10,8.8,8.8,8.8,8.8,7.823406,0,0.0,0.0
2008-10-13,8.8,8.8,8.8,8.8,7.823406,0,0.0,0.0
2008-10-14,8.8,8.8,8.8,8.8,7.823406,0,0.0,0.0
2008-10-15,8.8,8.8,8.8,8.8,7.823406,0,0.0,0.0
2008-10-16,8.8,8.8,8.8,8.8,7.823406,0,0.0,0.0
2008-10-17,8.8,8.8,8.8,8.8,7.823406,0,0.0,0.0
2008-10-20,8.8,8.8,8.8,8.8,7.823406,0,0.0,0.0
2008-10-21,8.8,8.8,8.8,8.8,7.823406,0,0.0,0.0
2008-10-22,8.8,8.8,8.8,8.8,7.823406,0,0.0,0.0
2008-10-23,8.7,8.7,8.7,8.7,7.734502,4000,0.0,0.0
2008-10-24,8.7,8.7,8.7,8.7,7.734502,0,0.0,0.0
2008-10-27,8.7,8.7,8.7,8.7,7.734502,0,0.0,0.0
2008-10-28,8.7,8.7,8.7,8.7,7.734502,0,0.0,0.0
2008-10-29,8.7,8.7,8.7,8.7,7.734502,0,0.0,0.0
2008-10-30,8.7,8.7,8.7,8.7,7.743406,0,0.01,0.0
2008-10-31,8.7,8.7,8.7,8.7,7.743406,0,0.0,0.0
2008-11-03,8.7,8.7,8.7,8.7,7.743406,0,0.0,0.0
2008-11-04,8.7,8.7,8.7,8.7,7.743406,0,0.0,0.0
2008-11-05,8.7,8.7,8.7,8.7,7.743406,0,0.0,0.0
2008-11-06,8.7,8.7,8.7,8.7,7.743406,0,0.0,0.0
2008-11-07,8.0,8.0,8.0,8.0,7.120371,2000,0.0,0.0
2008-11-10,8.0,8.0,8.0,8.0,7.120371,0,0.0,0.0
2008-11-11,8.0,8.0,8.0,8.0,7.120371,0,0.0,0.0
2008-11-12,8.0,8.0,8.0,8.0,7.120371,0,0.0,0.0
2008-11-13,7.1,7.1,6.4,6.4,5.696299,4000,0.0,0.0
2008-11-14,6.0,6.0,6.0,6.0,5.340279,2000,0.0,0.0
2008-11-17,6.0,6.0,6.0,6.0,5.340279,0,0.0,0.0
2008-11-18,6.0,6.0,6.0,6.0,5.340279,0,0.0,0.0
2008-11-19,5.9,6.0,5.9,6.0,5.340279,84000,0.0,0.0
2008-11-20,6.0,6.0,6.0,6.0,5.340279,0,0.0,0.0
2008-11-21,6.0,6.0,6.0,6.0,5.340279,4000,0.0,0.0
2008-11-24,6.0,6.0,6.0,6.0,5.340279,2000,0.0,0.0
2008-11-25,6.0,6.0,6.0,6.0,5.340279,0,0.0,0.0
2008-11-26,6.001,6.001,6.0,6.0,5.340279,6000,0.0,0.0
2008-11-28,6.0,6.0,6.0,6.0,5.340279,5000,0.0,0.0
2008-12-01,6.0,6.0,6.0,6.0,5.340279,97000,0.0,0.0
2008-12-02,6.0,6.0,6.0,6.0,5.340279,3000,0.0,0.0
2008-12-03,6.0,6.0,6.0,6.0,5.340279,0,0.0,0.0
2008-12-04,6.0,6.0,6.0,6.0,5.340279,0,0.0,0.0
2008-12-05,6.0,6.0,6.0,6.0,5.340279,0,0.0,0.0
2008-12-08,6.0,6.0,6.0,6.0,5.340279,0,0.0,0.0
2008-12-09,6.0,6.0,6.0,6.0,5.340279,0,0.0,0.0
2008-12-10,6.0,6.0,6.0,6.0,5.340279,0,0.0,0.0
2008-12-11,6.0,6.0,6.0,6.0,5.340279,0,0.0,0.0
2008-12-12,6.0,6.0,6.0,6.0,5.340279,3000,0.0,0.0
2008-12-15,6.0,6.0,6.0,6.0,5.340279,4000,0.0,0.0
2008-12-16,6.0,6.0,6.0,6.0,5.340279,2000,0.0,0.0
2008-12-17,6.0,6.0,6.0,6.0,5.340279,0,0.0,0.0
2008-12-18,6.0,6.0,6.0,6.0,5.340279,0,0.0,0.0
2008-12-19,6.0,6.0,6.0,6.0,5.340279,0,0.0,0.0
2008-12-22,6.0,6.0,6.0,6.0,5.340279,0,0.0,0.0
2008-12-23,6.0,6.0,6.0,6.0,5.340279,0,0.0,0.0
2008-12-24,6.0,6.0,6.0,6.0,5.340279,0,0.0,0.0
2008-12-26,6.0,6.0,6.0,6.0,5.340279,0,0.0,0.0
2008-12-29,6.0,6.0,6.0,6.0,5.340279,0,0.0,0.0
2008-12-30,6.0,6.0,6.0,6.0,5.340279,0,0.0,0.0
2008-12-31,6.0,6.0,6.0,6.0,5.340279,0,0.0,0.0
2009-01-02,6.0,6.0,6.0,6.0,5.340279,0,0.0,0.0
2009-01-05,6.0,6.0,6.0,6.0,5.340279,0,0.0,0.0
2009-01-06,6.0,6.0,6.0,6.0,5.340279,0,0.0,0.0
2009-01-07,6.0,6.0,6.0,6.0,5.340279,0,0.0,0.0
2009-01-08,6.0,6.0,6.0,6.0,5.340279,0,0.0,0.0
2009-01-09,6.0,6.0,6.0,6.0,5.340279,0,0.0,0.0
2009-01-12,6.0,6.0,6.0,6.0,5.340279,0,0.0,0.0
2009-01-13,6.0,6.0,6.0,6.0,5.340279,0,0.0,0.0
2009-01-14,6.0,6.0,6.0,6.0,5.340279,0,0.0,0.0
2009-01-15,6.0,6.0,6.0,6.0,5.340279,0,0.0,0.0
2009-01-16,6.0,6.0,6.0,6.0,5.340279,4000,0.0,0.0
2009-01-20,6.0,6.0,6.0,6.0,5.340279,2000,0.0,0.0
2009-01-21,6.0,6.0,6.0,6.0,5.340279,0,0.0,0.0
2009-01-22,6.0,6.0,6.0,6.0,5.340279,4000,0.0,0.0
2009-01-23,6.0,6.0,6.0,6.0,5.340279,0,0.0,0.0
2009-01-26,6.0,6.0,6.0,6.0,5.340279,0,0.0,0.0
2009-01-27,6.0,6.0,6.0,6.0,5.340279,0,0.0,0.0
2009-01-28,3.7,3.7,3.7,3.7,3.293173,2000,0.0,0.0
2009-01-29,3.7,3.7,3.7,3.7,3.302098,0,0.01,0.0
2009-01-30,3.7,3.7,3.7,3.7,3.302098,3000,0.0,0.0
2009-02-02,3.7,3.7,3.7,3.7,3.302098,0,0.0,0.0
2009-02-03,3.7,3.7,3.7,3.7,3.302098,0,0.0,0.0
2009-02-04,3.7,3.7,3.7,3.7,3.302098,0,0.0,0.0
2009-02-05,3.7,3.7,3.7,3.7,3.302098,0,0.0,0.0
2009-02-06,3.7,3.7,3.7,3.7,3.302098,0,0.0,0.0
2009-02-09,3.7,3.7,3.7,3.7,3.302098,0,0.0,0.0
2009-02-10,3.7,3.7,3.7,3.7,3.302098,2000,0.0,0.0
2009-02-11,3.7,3.7,3.7,3.7,3.302098,0,0.0,0.0
2009-02-12,3.7,3.7,3.7,3.7,3.302098,0,0.0,0.0
2009-02-13,3.7,3.7,3.7,3.7,3.302098,0,0.0,0.0
2009-02-17,3.7,3.7,3.7,3.7,3.302098,0,0.0,0.0
2009-02-18,3.7,3.7,3.7,3.7,3.302098,0,0.0,0.0
2009-02-19,3.7,3.7,3.7,3.7,3.302098,0,0.0,0.0
2009-02-20,3.7,3.7,3.7,3.7,3.302098,0,0.0,0.0
2009-02-23,3.7,3.7,3.7,3.7,3.302098,0,0.0,0.0
2009-02-24,3.7,3.7,3.7,3.7,3.302098,0,0.0,0.0
2009-02-25,3.7,3.7,3.7,3.7,3.302098,0,0.0,0.0
2009-02-26,3.7,3.7,3.7,3.7,3.302098,0,0.0,0.0
2009-02-27,3.7,3.7,3.7,3.7,3.302098,0,0.0,0.0
2009-03-02,3.7,3.7,3.7,3.7,3.302098,0,0.0,0.0
2009-03-03,3.7,3.7,3.7,3.7,3.302098,0,0.0,0.0
2009-03-04,3.7,3.7,3.7,3.7,3.302098,0,0.0,0.0
2009-03-05,3.7,3.7,3.7,3.7,3.302098,0,0.0,0.0
2009-03-06,3.7,3.7,3.7,3.7,3.302098,0,0.0,0.0
2009-03-09,2.25,2.25,2.206,2.206,1.968763,10000,0.0,0.0
2009-03-10,2.208,2.208,2.208,2.208,1.970549,2000,0.0,0.0
2009-03-11,2.208,2.208,2.208,2.208,1.970549,0,0.0,0.0
2009-03-12,2.512,2.512,2.512,2.512,2.241856,8000,0.0,0.0
2009-03-13,2.8,2.8,2.512,2.512,2.241856,2000,0.0,0.0
2009-03-16,4.5,4.5,4.5,4.5,4.016064,10000,0.0,0.0
2009-03-17,4.501,4.501,4.5,4.5,4.016064,10000,0.0,0.0
2009-03-18,4.5,4.5,4.5,4.5,4.016064,4000,0.0,0.0
2009-03-19,4.5,4.5,4.5,4.5,4.016064,0,0.0,0.0
2009-03-20,4.5,4.5,4.5,4.5,4.016064,0,0.0,0.0
2009-03-23,4.5,4.5,4.5,4.5,4.016064,0,0.0,0.0
2009-03-24,4.5,4.5,4.5,4.5,4.016064,0,0.0,0.0
2009-03-25,4.51,4.51,4.51,4.51,4.024988,2000,0.0,0.0
2009-03-26,4.5,4.5,4.5,4.5,4.016064,2000,0.0,0.0
2009-03-27,4.5,4.5,4.5,4.5,4.016064,0,0.0,0.0
2009-03-30,4.5,4.5,4.5,4.5,4.016064,0,0.0,0.0
2009-03-31,4.5,4.5,4.5,4.5,4.016064,0,0.0,0.0
2009-04-01,4.5,4.5,4.5,4.5,4.016064,2000,0.0,0.0
2009-04-02,4.5,4.5,4.5,4.5,4.016064,0,0.0,0.0
2009-04-03,4.5,4.5,4.5,4.5,4.016064,0,0.0,0.0
2009-04-06,4.5,4.5,4.5,4.5,4.016064,0,0.0,0.0
2009-04-07,4.5,4.5,3.7,3.7,3.302098,56000,0.0,0.0
2009-04-08,3.7,3.7,3.7,3.7,3.302098,0,0.0,0.0
2009-04-09,3.7,3.7,3.7,3.7,3.302098,2000,0.0,0.0
2009-04-13,3.7,3.7,3.7,3.7,3.302098,0,0.0,0.0
2009-04-14,3.7,3.7,3.7,3.7,3.302098,0,0.0,0.0
2009-04-15,3.7,3.7,3.7,3.7,3.302098,0,0.0,0.0
2009-04-16,3.7,3.7,3.7,3.7,3.302098,0,0.0,0.0
2009-04-17,3.7,3.7,3.7,3.7,3.302098,0,0.0,0.0
2009-04-20,3.7,3.7,3.7,3.7,3.302098,0,0.0,0.0
2009-04-21,3.7,3.7,3.7,3.7,3.302098,7000,0.0,0.0
2009-04-22,3.7,3.7,3.7,3.7,3.302098,2000,0.0,0.0
2009-04-23,3.7,3.7,3.7,3.7,3.302098,0,0.0,0.0
2009-04-24,3.7,3.7,3.7,3.7,3.302098,0,0.0,0.0
2009-04-27,3.7,3.7,3.7,3.7,3.302098,0,0.0,0.0
2009-04-28,3.7,3.7,3.7,3.7,3.302098,0,0.0,0.0
2009-04-29,3.9,4.2,3.9,4.2,3.748325,41000,0.0,0.0
2009-04-30,4.2,4.2,4.2,4.2,3.757271,0,0.01,0.0
2009-05-01,3.9,3.9,3.9,3.9,3.488896,13000,0.0,0.0
2009-05-04,3.9,3.9,3.9,3.9,3.488896,0,0.0,0.0
2009-05-05,3.885,3.885,3.885,3.885,3.475477,1000,0.0,0.0
2009-05-06,3.9,3.9,3.9,3.9,3.488896,2000,0.0,0.0
2009-05-07,3.9,3.9,3.9,3.9,3.488896,3000,0.0,0.0
2009-05-08,3.9,3.9,3.9,3.9,3.488896,0,0.0,0.0
2009-05-11,3.9,3.9,3.9,3.9,3.488896,0,0.0,0.0
2009-05-12,3.9,3.9,3.9,3.9,3.488896,0,0.0,0.0
2009-05-13,3.9,3.9,3.9,3.9,3.488896,11000,0.0,0.0
2009-05-14,3.9,3.9,3.9,3.9,3.488896,0,0.0,0.0
2009-05-15,3.9,3.9,3.9,3.9,3.488896,0,0.0,0.0
2009-05-18,3.9,3.9,3.9,3.9,3.488896,0,0.0,0.0
2009-05-19,3.9,3.9,3.9,3.9,3.488896,0,0.0,0.0
2009-05-20,3.9,3.9,3.9,3.9,3.488896,0,0.0,0.0
2009-05-21,3.9,3.9,3.9,3.9,3.488896,0,0.0,0.0
2009-05-22,3.9,3.9,3.9,3.9,3.488896,0,0.0,0.0
2009-05-26,3.9,3.9,3.9,3.9,3.488896,0,0.0,0.0
2009-05-27,3.9,3.9,3.9,3.9,3.488896,0,0.0,0.0
2009-05-28,3.9,3.9,3.9,3.9,3.488896,0,0.0,0.0
2009-05-29,3.9,3.9,3.9,3.9,3.488896,0,0.0,0.0
2009-06-01,3.9,3.9,3.9,3.9,3.488896,0,0.0,0.0
2009-06-02,3.9,3.9,3.9,3.9,3.488896,0,0.0,0.0
2009-06-03,3.9,3.9,3.9,3.9,3.488896,0,0.0,0.0
2009-06-04,3.9,3.9,3.9,3.9,3.488896,0,0.0,0.0
2009-06-05,3.9,3.9,3.9,3.9,3.488896,0,0.0,0.0
2009-06-08,3.9,3.9,3.9,3.9,3.488896,0,0.0,0.0
2009-06-09,3.9,3.9,3.9,3.9,3.488896,0,0.0,0.0
2009-06-10,3.9,3.9,3.9,3.9,3.488896,0,0.0,0.0
2009-06-11,3.9,3.9,3.9,3.9,3.488896,0,0.0,0.0
2009-06-12,3.9,3.9,3.9,3.9,3.488896,0,0.0,0.0
2009-06-15,3.9,3.9,3.9,3.9,3.488896,0,0.0,0.0
2009-06-16,3.9,3.9,3.9,3.9,3.488896,0,0.0,0.0
2009-06-17,3.9,3.9,3.9,3.9,3.488896,0,0.0,0.0
2009-06-18,3.6,3.6,3.6,3.6,3.220519,1000,0.0,0.0
2009-06-19,3.6,3.6,3.6,3.6,3.220519,0,0.0,0.0
2009-06-22,3.6,3.6,3.6,3.6,3.220519,0,0.0,0.0
2009-06-23,3.6,3.6,3.6,3.6,3.220519,0,0.0,0.0
2009-06-24,3.6,3.6,3.6,3.6,3.220519,0,0.0,0.0
2009-06-25,3.6,3.6,3.6,3.6,3.220519,0,0.0,0.0
2009-06-26,3.6,3.6,3.6,3.6,3.220519,0,0.0,0.0
2009-06-29,3.6,3.6,3.6,3.6,3.220519,0,0.0,0.0
2009-06-30,3.6,3.6,3.6,3.6,3.220519,0,0.0,0.0
2009-07-01,3.6,3.6,3.6,3.6,3.220519,0,0.0,0.0
2009-07-02,3.65,3.65,3.65,3.65,3.265249,1000,0.0,0.0
2009-07-06,3.65,3.65,3.65,3.65,3.265249,0,0.0,0.0
2009-07-07,3.65,3.65,3.65,3.65,3.265249,0,0.0,0.0
2009-07-08,3.65,3.65,3.65,3.65,3.265249,0,0.0,0.0
2009-07-09,3.65,3.65,3.65,3.65,3.265249,0,0.0,0.0
2009-07-10,3.65,3.65,3.65,3.65,3.265249,0,0.0,0.0
2009-07-13,3.65,3.65,3.65,3.65,3.265249,0,0.0,0.0
2009-07-14,3.65,3.65,3.65,3.65,3.265249,0,0.0,0.0
2009-07-15,3.65,3.65,3.65,3.65,3.265249,0,0.0,0.0
2009-07-16,3.65,3.65,3.65,3.65,3.265249,0,0.0,0.0
2009-07-17,3.65,3.65,3.65,3.65,3.265249,0,0.0,0.0
2009-07-20,3.65,3.65,3.65,3.65,3.265249,0,0.0,0.0
2009-07-21,3.65,3.65,3.65,3.65,3.265249,0,0.0,0.0
2009-07-22,3.65,3.65,3.65,3.65,3.265249,0,0.0,0.0
2009-07-23,3.4,3.4,3.4,3.4,3.041601,1000,0.0,0.0
2009-07-24,3.4,3.4,3.4,3.4,3.041601,0,0.0,0.0
2009-07-27,3.4,3.4,3.4,3.4,3.041601,0,0.0,0.0
2009-07-28,3.4,3.4,3.4,3.4,3.041601,0,0.0,0.0
2009-07-29,3.4,3.4,3.4,3.4,3.041601,0,0.0,0.0
2009-07-30,3.4,3.4,3.4,3.4,3.050574,0,0.01,0.0
2009-07-31,3.4,3.4,3.4,3.4,3.050574,0,0.0,0.0
2009-08-03,3.4,3.4,3.4,3.4,3.050574,0,0.0,0.0
2009-08-04,3.575,3.575,3.575,3.575,3.207588,1000,0.0,0.0
2009-08-05,3.575,3.575,3.575,3.575,3.207588,0,0.0,0.0
2009-08-06,3.575,3.575,3.575,3.575,3.207588,0,0.0,0.0
2009-08-07,3.575,3.575,3.575,3.575,3.207588,0,0.0,0.0
2009-08-10,3.575,3.575,3.575,3.575,3.207588,0,0.0,0.0
2009-08-11,4.0,4.0,4.0,4.0,3.58891,9000,0.0,0.0
2009-08-12,4.0,4.0,4.0,4.0,3.58891,0,0.0,0.0
2009-08-13,4.5,4.5,4.5,4.5,4.037523,6000,0.0,0.0
2009-08-14,4.5,4.5,4.5,4.5,4.037523,0,0.0,0.0
2009-08-17,4.5,4.5,4.5,4.5,4.037523,0,0.0,0.0
2009-08-18,4.5,4.5,4.5,4.5,4.037523,0,0.0,0.0
2009-08-19,4.5,4.5,4.5,4.5,4.037523,0,0.0,0.0
2009-08-20,4.5,4.5,4.5,4.5,4.037523,0,0.0,0.0
2009-08-21,4.5,4.5,4.5,4.5,4.037523,0,0.0,0.0
2009-08-24,4.5,4.5,4.5,4.5,4.037523,0,0.0,0.0
2009-08-25,4.5,4.5,4.5,4.5,4.037523,0,0.0,0.0
2009-08-26,4.5,4.5,4.5,4.5,4.037523,0,0.0,0.0
2009-08-27,4.5,4.5,4.5,4.5,4.037523,0,0.0,0.0
2009-08-28,4.5,4.5,4.5,4.5,4.037523,0,0.0,0.0
2009-08-31,4.5,4.5,4.5,4.5,4.037523,0,0.0,0.0
2009-09-01,4.5,4.5,4.5,4.5,4.037523,0,0.0,0.0
2009-09-02,4.5,4.5,4.5,4.5,4.037523,0,0.0,0.0
2009-09-03,4.5,4.5,4.5,4.5,4.037523,0,0.0,0.0
2009-09-04,4.5,4.5,4.5,4.5,4.037523,0,0.0,0.0
2009-09-08,4.5,4.5,4.5,4.5,4.037523,0,0.0,0.0
2009-09-09,4.5,4.5,4.5,4.5,4.037523,0,0.0,0.0
2009-09-10,4.5,4.5,4.5,4.5,4.037523,0,0.0,0.0
2009-09-11,4.5,4.5,4.5,4.5,4.037523,0,0.0,0.0
2009-09-14,4.5,4.5,4.5,4.5,4.037523,0,0.0,0.0
2009-09-15,4.5,4.5,4.5,4.5,4.037523,0,0.0,0.0
2009-09-16,4.5,4.5,4.5,4.5,4.037523,0,0.0,0.0
2009-09-17,4.5,4.5,4.5,4.5,4.037523,0,0.0,0.0
2009-09-18,4.5,4.5,4.5,4.5,4.037523,0,0.0,0.0
2009-09-21,4.5,4.5,4.5,4.5,4.037523,0,0.0,0.0
2009-09-22,4.5,4.5,4.5,4.5,4.037523,0,0.0,0.0
2009-09-23,4.5,4.5,4.5,4.5,4.037523,18000,0.0,0.0
2009-09-24,4.5,4.5,4.5,4.5,4.037523,0,0.0,0.0
2009-09-25,4.5,4.5,4.5,4.5,4.037523,0,0.0,0.0
2009-09-28,4.5,4.5,4.5,4.5,4.037523,0,0.0,0.0
2009-09-29,4.5,4.5,4.5,4.5,4.037523,0,0.0,0.0
2009-09-30,4.5,4.5,4.5,4.5,4.037523,0,0.0,0.0
2009-10-01,4.5,4.5,4.5,4.5,4.037523,0,0.0,0.0
2009-10-02,4.5,4.5,4.5,4.5,4.037523,0,0.0,0.0
2009-10-05,4.5,4.5,4.5,4.5,4.037523,0,0.0,0.0
2009-10-06,4.5,4.5,4.5,4.5,4.037523,0,0.0,0.0
2009-10-07,4.5,4.5,4.5,4.5,4.037523,0,0.0,0.0
2009-10-08,4.5,4.5,4.5,4.5,4.037523,0,0.0,0.0
2009-10-09,4.5,4.5,4.5,4.5,4.037523,0,0.0,0.0
2009-10-12,4.5,4.5,4.5,4.5,4.037523,0,0.0,0.0
2009-10-13,4.5,4.5,4.5,4.5,4.037523,0,0.0,0.0
2009-10-14,4.5,4.5,4.5,4.5,4.037523,0,0.0,0.0
2009-10-15,4.5,4.5,4.5,4.5,4.037523,0,0.0,0.0
2009-10-16,4.5,4.5,4.5,4.5,4.037523,0,0.0,0.0
2009-10-19,4.5,4.5,4.5,4.5,4.037523,0,0.0,0.0
2009-10-20,4.5,4.5,4.5,4.5,4.037523,0,0.0,0.0
2009-10-21,4.5,4.5,4.5,4.5,4.037523,0,0.0,0.0
2009-10-22,4.5,4.5,4.5,4.5,4.037523,0,0.0,0.0
2009-10-23,4.5,4.5,4.5,4.5,4.037523,0,0.0,0.0
2009-10-26,4.5,4.5,4.5,4.5,4.037523,0,0.0,0.0
2009-10-27,4.275,4.275,4.275,4.275,3.835648,3000,0.0,0.0
2009-10-28,4.275,4.275,4.275,4.275,3.835648,0,0.0,0.0
2009-10-29,4.275,4.275,4.275,4.275,3.84464,0,0.01,0.0
2009-10-30,4.275,4.275,4.275,4.275,3.84464,0,0.0,0.0
2009-11-02,4.275,4.275,4.275,4.275,3.84464,0,0.0,0.0
2009-11-03,4.25,4.3,4.25,4.3,3.867125,4000,0.0,0.0
2009-11-04,4.3,4.3,4.3,4.3,3.867125,0,0.0,0.0
2009-11-05,4.3,4.3,4.3,4.3,3.867125,2000,0.0,0.0
2009-11-06,4.3,4.3,4.3,4.3,3.867125,0,0.0,0.0
2009-11-09,4.3,4.3,4.3,4.3,3.867125,0,0.0,0.0
2009-11-10,4.3,4.3,4.3,4.3,3.867125,0,0.0,0.0
2009-11-11,4.3,4.3,4.3,4.3,3.867125,0,0.0,0.0
2009-11-12,4.3,4.3,4.3,4.3,3.867125,0,0.0,0.0
2009-11-13,4.3,4.3,4.3,4.3,3.867125,0,0.0,0.0
2009-11-16,4.3,4.3,4.3,4.3,3.867125,0,0.0,0.0
2009-11-17,4.315,4.315,4.3,4.3,3.867125,7000,0.0,0.0
2009-11-18,4.3,4.3,4.3,4.3,3.867125,0,0.0,0.0
2009-11-19,4.3,4.3,4.3,4.3,3.867125,0,0.0,0.0
2009-11-20,4.3,4.3,4.3,4.3,3.867125,3000,0.0,0.0
2009-11-23,4.3,4.3,4.3,4.3,3.867125,0,0.0,0.0
2009-11-24,4.3,4.3,4.3,4.3,3.867125,0,0.0,0.0
2009-11-25,4.3,4.3,4.3,4.3,3.867125,0,0.0,0.0
2009-11-27,4.3,4.3,4.3,4.3,3.867125,0,0.0,0.0
2009-11-30,4.105,4.105,4.105,4.105,3.691755,2000,0.0,0.0
2009-12-01,4.025,4.025,3.7,4.005,3.601822,8000,0.0,0.0
2009-12-02,4.005,4.005,4.005,4.005,3.601822,2000,0.0,0.0
2009-12-03,4.005,4.005,4.005,4.005,3.601822,6000,0.0,0.0
2009-12-04,4.005,4.005,4.005,4.005,3.601822,0,0.0,0.0
2009-12-07,4.005,4.005,3.8,3.8,3.417459,6000,0.0,0.0
2009-12-08,4.0,4.0,4.0,4.0,3.597325,5000,0.0,0.0
2009-12-09,4.0,4.0,4.0,4.0,3.597325,0,0.0,0.0
2009-12-10,4.0,4.0,4.0,4.0,3.597325,0,0.0,0.0
2009-12-11,4.0,4.0,4.0,4.0,3.597325,0,0.0,0.0
2009-12-14,4.0,4.0,4.0,4.0,3.597325,0,0.0,0.0
2009-12-15,4.0,4.0,4.0,4.0,3.597325,0,0.0,0.0
2009-12-16,4.0,4.0,4.0,4.0,3.597325,0,0.0,0.0
2009-12-17,4.0,4.0,4.0,4.0,3.597325,0,0.0,0.0
2009-12-18,4.0,4.0,4.0,4.0,3.597325,0,0.0,0.0
2009-12-21,4.0,4.0,4.0,4.0,3.597325,0,0.0,0.0
2009-12-22,4.0,4.0,4.0,4.0,3.597325,0,0.0,0.0
2009-12-23,4.0,4.0,4.0,4.0,3.597325,0,0.0,0.0
2009-12-24,4.0,4.0,4.0,4.0,3.597325,0,0.0,0.0
2009-12-28,4.0,4.0,4.0,4.0,3.597325,0,0.0,0.0
2009-12-29,4.0,4.0,4.0,4.0,3.597325,0,0.0,0.0
2009-12-30,4.0,4.0,4.0,4.0,3.597325,0,0.0,0.0
2009-12-31,4.0,4.0,4.0,4.0,3.597325,0,0.0,0.0
2010-01-04,4.0,4.0,4.0,4.0,3.597325,0,0.0,0.0
2010-01-05,4.0,4.0,4.0,4.0,3.597325,13000,0.0,0.0
2010-01-06,4.0,4.0,4.0,4.0,3.597325,0,0.0,0.0
2010-01-07,4.0,4.0,4.0,4.0,3.597325,10000,0.0,0.0
2010-01-08,4.0,4.0,4.0,4.0,3.597325,0,0.0,0.0
2010-01-11,4.0,4.0,4.0,4.0,3.597325,0,0.0,0.0
2010-01-12,4.0,4.0,4.0,4.0,3.597325,0,0.0,0.0
2010-01-13,4.0,4.0,4.0,4.0,3.597325,0,0.0,0.0
2010-01-14,4.05,4.05,4.05,4.05,3.642291,3000,0.0,0.0
2010-01-15,4.05,4.05,4.05,4.05,3.642291,0,0.0,0.0
2010-01-19,4.05,4.05,4.05,4.05,3.642291,0,0.0,0.0
2010-01-20,4.05,4.05,4.05,4.05,3.642291,0,0.0,0.0
2010-01-21,4.05,4.05,4.05,4.05,3.642291,5000,0.0,0.0
2010-01-22,4.05,4.05,4.05,4.05,3.642291,0,0.0,0.0
2010-01-25,4.2,4.2,4.2,4.2,3.777189,10000,0.0,0.0
2010-01-26,4.2,4.2,4.2,4.2,3.777189,3000,0.0,0.0
2010-01-27,4.2,4.2,4.2,4.2,3.777189,2000,0.0,0.0
2010-01-28,4.2,4.2,4.2,4.2,3.786205,0,0.01,0.0
2010-01-29,4.2,4.2,4.2,4.2,3.786205,0,0.0,0.0
2010-02-01,4.2,4.2,4.2,4.2,3.786205,0,0.0,0.0
2010-02-02,4.2,4.2,4.2,4.2,3.786205,0,0.0,0.0
2010-02-03,4.2,4.2,4.2,4.2,3.786205,0,0.0,0.0
2010-02-04,4.2,4.2,4.2,4.2,3.786205,0,0.0,0.0
2010-02-05,4.2,4.2,4.2,4.2,3.786205,0,0.0,0.0
2010-02-08,4.2,4.2,4.2,4.2,3.786205,0,0.0,0.0
2010-02-09,4.2,4.2,4.2,4.2,3.786205,0,0.0,0.0
2010-02-10,4.21,4.375,4.21,4.375,3.943965,19000,0.0,0.0
2010-02-11,4.375,4.375,4.375,4.375,3.943965,0,0.0,0.0
2010-02-12,4.375,4.375,4.375,4.375,3.943965,0,0.0,0.0
2010-02-16,4.375,4.375,4.375,4.375,3.943965,0,0.0,0.0
2010-02-17,4.375,4.375,4.375,4.375,3.943965,0,0.0,0.0
2010-02-18,4.375,4.375,4.375,4.375,3.943965,0,0.0,0.0
2010-02-19,4.21,4.21,4.21,4.21,3.795222,1000,0.0,0.0
2010-02-22,4.21,4.21,4.21,4.21,3.795222,0,0.0,0.0
2010-02-23,4.21,4.21,4.21,4.21,3.795222,0,0.0,0.0
2010-02-24,4.21,4.21,4.21,4.21,3.795222,0,0.0,0.0
2010-02-25,4.21,4.21,4.21,4.21,3.795222,0,0.0,0.0
2010-02-26,4.21,4.21,4.21,4.21,3.795222,2000,0.0,0.0
2010-03-01,4.21,4.21,4.21,4.21,3.795222,0,0.0,0.0
2010-03-02,4.21,4.21,4.21,4.21,3.795222,0,0.0,0.0
2010-03-03,4.21,4.21,4.21,4.21,3.795222,0,0.0,0.0
2010-03-04,4.21,4.21,4.21,4.21,3.795222,0,0.0,0.0
2010-03-05,4.21,4.21,4.21,4.21,3.795222,0,0.0,0.0
2010-03-08,4.21,4.21,4.21,4.21,3.795222,0,0.0,0.0
2010-03-09,4.21,4.21,4.21,4.21,3.795222,0,0.0,0.0
2010-03-10,4.21,4.21,4.21,4.21,3.795222,0,0.0,0.0
2010-03-11,4.21,4.21,4.21,4.21,3.795222,0,0.0,0.0
2010-03-12,4.21,4.21,4.21,4.21,3.795222,0,0.0,0.0
2010-03-15,4.21,4.21,4.21,4.21,3.795222,0,0.0,0.0
2010-03-16,4.21,4.21,4.21,4.21,3.795222,0,0.0,0.0
2010-03-17,4.21,4.21,4.21,4.21,3.795222,0,0.0,0.0
2010-03-18,4.21,4.21,4.21,4.21,3.795222,0,0.0,0.0
2010-03-19,4.21,4.21,4.21,4.21,3.795222,0,0.0,0.0
2010-03-22,4.21,4.21,4.21,4.21,3.795222,0,0.0,0.0
2010-03-23,4.21,4.21,4.21,4.21,3.795222,0,0.0,0.0
2010-03-24,4.21,4.21,4.21,4.21,3.795222,0,0.0,0.0
2010-03-25,4.3,4.3,4.3,4.3,3.876354,2000,0.0,0.0
2010-03-26,4.3,4.3,4.3,4.3,3.876354,0,0.0,0.0
2010-03-29,4.3,4.3,4.3,4.3,3.876354,0,0.0,0.0
2010-03-30,4.3,4.3,4.3,4.3,3.876354,0,0.0,0.0
2010-03-31,4.3,4.3,4.3,4.3,3.876354,0,0.0,0.0
2010-04-01,4.3,4.3,4.2,4.2,3.786205,14000,0.0,0.0
2010-04-05,4.2,4.2,4.2,4.2,3.786205,0,0.0,0.0
2010-04-06,4.2,4.2,4.2,4.2,3.786205,0,0.0,0.0
2010-04-07,4.2,4.2,4.2,4.2,3.786205,0,0.0,0.0
2010-04-08,4.2,4.2,4.2,4.2,3.786205,0,0.0,0.0
2010-04-09,4.2,4.2,4.2,4.2,3.786205,0,0.0,0.0
2010-04-12,4.2,4.2,4.2,4.2,3.786205,0,0.0,0.0
2010-04-13,4.2,4.2,4.2,4.2,3.786205,0,0.0,0.0
2010-04-14,4.2,4.2,4.2,4.2,3.786205,0,0.0,0.0
2010-04-15,4.2,4.2,4.2,4.2,3.786205,0,0.0,0.0
2010-04-16,4.2,4.2,4.2,4.2,3.786205,3000,0.0,0.0
2010-04-19,4.2,4.2,4.2,4.2,3.786205,0,0.0,0.0
2010-04-20,4.2,4.2,4.2,4.2,3.786205,0,0.0,0.0
2010-04-21,4.86,4.86,4.86,4.86,4.38118,1000,0.0,0.0
2010-04-22,4.86,4.86,4.86,4.86,4.38118,0,0.0,0.0
2010-04-23,4.86,4.86,4.86,4.86,4.38118,0,0.0,0.0
2010-04-26,4.86,4.86,4.86,4.86,4.38118,0,0.0,0.0
2010-04-27,4.86,4.86,4.86,4.86,4.38118,0,0.0,0.0
2010-04-28,4.86,4.86,4.86,4.86,4.38118,0,0.0,0.0
2010-04-29,4.86,4.86,4.86,4.86,4.390214,0,0.01,0.0
2010-04-30,4.86,4.86,4.86,4.86,4.390214,0,0.0,0.0
2010-05-03,4.86,4.86,4.86,4.86,4.390214,0,0.0,0.0
2010-05-04,4.86,4.86,4.86,4.86,4.390214,0,0.0,0.0
2010-05-05,4.86,4.86,4.86,4.86,4.390214,0,0.0,0.0
2010-05-06,4.86,4.86,4.86,4.86,4.390214,0,0.0,0.0
2010-05-07,4.86,4.86,4.86,4.86,4.390214,0,0.0,0.0
2010-05-10,4.86,4.86,4.86,4.86,4.390214,0,0.0,0.0
2010-05-11,4.1,4.3,4.1,4.3,3.884348,7000,0.0,0.0
2010-05-12,4.3,4.3,4.3,4.3,3.884348,0,0.0,0.0
2010-05-13,4.3,4.3,4.3,4.3,3.884348,0,0.0,0.0
2010-05-14,4.3,4.3,4.3,4.3,3.884348,0,0.0,0.0
2010-05-17,4.3,4.3,4.3,4.3,3.884348,0,0.0,0.0
2010-05-18,4.8,4.8,4.65,4.65,4.200515,18000,0.0,0.0
2010-05-19,4.65,4.65,4.65,4.65,4.200515,0,0.0,0.0
2010-05-20,4.65,4.65,4.65,4.65,4.200515,0,0.0,0.0
2010-05-21,4.65,4.65,4.65,4.65,4.200515,0,0.0,0.0
2010-05-24,4.65,4.65,4.65,4.65,4.200515,0,0.0,0.0
2010-05-25,4.65,4.65,4.65,4.65,4.200515,0,0.0,0.0
2010-05-26,4.65,4.65,4.65,4.65,4.200515,0,0.0,0.0
2010-05-27,4.65,4.65,4.65,4.65,4.200515,0,0.0,0.0
2010-05-28,4.65,4.65,4.65,4.65,4.200515,0,0.0,0.0
2010-06-01,4.65,4.65,4.65,4.65,4.200515,0,0.0,0.0
2010-06-02,4.65,4.65,4.65,4.65,4.200515,0,0.0,0.0
2010-06-03,4.65,4.65,4.65,4.65,4.200515,0,0.0,0.0
2010-06-04,4.65,4.65,4.65,4.65,4.200515,0,0.0,0.0
2010-06-07,4.65,4.65,4.65,4.65,4.200515,0,0.0,0.0
2010-06-08,4.65,4.65,4.65,4.65,4.200515,0,0.0,0.0
2010-06-09,4.65,4.65,4.65,4.65,4.200515,0,0.0,0.0
2010-06-10,4.65,4.65,4.65,4.65,4.200515,0,0.0,0.0
2010-06-11,4.65,4.65,4.65,4.65,4.200515,0,0.0,0.0
2010-06-14,4.65,4.65,4.65,4.65,4.200515,0,0.0,0.0
2010-06-15,4.65,4.65,4.65,4.65,4.200515,0,0.0,0.0
2010-06-16,4.65,4.65,4.65,4.65,4.200515,0,0.0,0.0
2010-06-17,4.65,4.65,4.65,4.65,4.200515,0,0.0,0.0
2010-06-18,4.65,4.65,4.65,4.65,4.200515,0,0.0,0.0
2010-06-21,4.65,4.65,4.65,4.65,4.200515,0,0.0,0.0
2010-06-22,4.65,4.65,4.65,4.65,4.200515,0,0.0,0.0
2010-06-23,4.65,4.65,4.65,4.65,4.200515,0,0.0,0.0
2010-06-24,4.875,4.875,4.875,4.875,4.403765,2000,0.0,0.0
2010-06-25,4.875,4.875,4.875,4.875,4.403765,0,0.0,0.0
2010-06-28,4.875,4.875,4.875,4.875,4.403765,0,0.0,0.0
2010-06-29,4.875,4.875,4.875,4.875,4.403765,0,0.0,0.0
2010-06-30,4.875,4.875,4.875,4.875,4.403765,0,0.0,0.0
2010-07-01,4.875,4.875,4.875,4.875,4.403765,0,0.0,0.0
2010-07-02,4.875,4.875,4.875,4.875,4.403765,0,0.0,0.0
2010-07-06,4.875,4.875,4.875,4.875,4.403765,0,0.0,0.0
2010-07-07,4.875,4.875,4.875,4.875,4.403765,0,0.0,0.0
2010-07-08,4.875,4.875,4.875,4.875,4.403765,0,0.0,0.0
2010-07-09,4.875,4.875,4.875,4.875,4.403765,0,0.0,0.0
2010-07-12,4.875,4.875,4.875,4.875,4.403765,0,0.0,0.0
2010-07-13,4.875,4.875,4.875,4.875,4.403765,0,0.0,0.0
2010-07-14,4.875,4.875,4.875,4.875,4.403765,0,0.0,0.0
2010-07-15,4.875,4.875,4.875,4.875,4.403765,0,0.0,0.0
2010-07-16,4.875,4.875,4.875,4.875,4.403765,0,0.0,0.0
2010-07-19,4.875,4.875,4.875,4.875,4.403765,0,0.0,0.0
2010-07-20,4.875,4.875,4.875,4.875,4.403765,0,0.0,0.0
2010-07-21,4.875,4.875,4.875,4.875,4.403765,0,0.0,0.0
2010-07-22,4.875,4.875,4.875,4.875,4.403765,0,0.0,0.0
2010-07-23,4.85,4.85,4.85,4.85,4.381181,2000,0.0,0.0
2010-07-26,4.85,4.85,4.85,4.85,4.381181,0,0.0,0.0
2010-07-27,4.85,4.85,4.85,4.85,4.381181,0,0.0,0.0
2010-07-28,4.85,4.85,4.85,4.85,4.381181,0,0.0,0.0
2010-07-29,4.85,4.85,4.85,4.85,4.390234,0,0.01,0.0
2010-07-30,4.85,4.85,4.85,4.85,4.390234,0,0.0,0.0
2010-08-02,4.85,4.85,4.85,4.85,4.390234,0,0.0,0.0
2010-08-03,4.85,4.85,4.85,4.85,4.390234,0,0.0,0.0
2010-08-04,4.85,4.85,4.85,4.85,4.390234,0,0.0,0.0
2010-08-05,4.85,4.85,4.85,4.85,4.390234,0,0.0,0.0
2010-08-06,4.85,4.85,4.85,4.85,4.390234,0,0.0,0.0
2010-08-09,4.85,4.85,4.85,4.85,4.390234,0,0.0,0.0
2010-08-10,4.85,4.85,4.85,4.85,4.390234,0,0.0,0.0
2010-08-11,4.85,4.85,4.85,4.85,4.390234,0,0.0,0.0
2010-08-12,4.85,4.85,4.85,4.85,4.390234,0,0.0,0.0
2010-08-13,4.85,4.85,4.85,4.85,4.390234,0,0.0,0.0
2010-08-16,4.85,4.85,4.85,4.85,4.390234,0,0.0,0.0
2010-08-17,5.0,5.0,5.0,5.0,4.526013,2000,0.0,0.0
2010-08-18,5.0,5.0,5.0,5.0,4.526013,0,0.0,0.0
2010-08-19,5.0,5.0,5.0,5.0,4.526013,0,0.0,0.0
2010-08-20,5.0,5.0,5.0,5.0,4.526013,0,0.0,0.0
2010-08-23,4.825,4.825,4.825,4.825,4.367602,1000,0.0,0.0
2010-08-24,4.825,4.825,4.825,4.825,4.367602,0,0.0,0.0
2010-08-25,4.825,4.825,4.825,4.825,4.367602,0,0.0,0.0
2010-08-26,4.825,4.825,4.825,4.825,4.367602,0,0.0,0.0
2010-08-27,4.825,4.825,4.825,4.825,4.367602,0,0.0,0.0
2010-08-30,4.825,4.825,4.825,4.825,4.367602,0,0.0,0.0
2010-08-31,4.825,4.825,4.825,4.825,4.367602,0,0.0,0.0
2010-09-01,4.825,4.825,4.825,4.825,4.367602,0,0.0,0.0
2010-09-02,4.825,4.825,4.825,4.825,4.367602,0,0.0,0.0
2010-09-03,4.85,4.85,4.4,4.4,3.982893,16000,0.0,0.0
2010-09-07,4.1,4.1,3.95,4.0,3.620811,8000,0.0,0.0
2010-09-08,4.005,4.19,4.0,4.19,3.792799,32000,0.0,0.0
2010-09-09,3.925,4.175,3.925,3.98,3.602707,7000,0.0,0.0
2010-09-10,3.975,3.975,3.9,3.9,3.530291,5000,0.0,0.0
2010-09-13,4.5,4.5,4.5,4.5,4.073412,4000,0.0,0.0
2010-09-14,4.4,4.4,4.4,4.4,3.982893,7000,0.0,0.0
2010-09-15,4.5,4.7,4.5,4.7,4.254451,8000,0.0,0.0
2010-09-16,4.7,4.7,4.7,4.7,4.254451,10000,0.0,0.0
2010-09-17,4.7,4.7,4.7,4.7,4.254451,0,0.0,0.0
2010-09-20,4.411,4.411,4.251,4.251,3.848017,7000,0.0,0.0
2010-09-21,4.251,4.251,4.251,4.251,3.848017,0,0.0,0.0
2010-09-22,4.251,4.251,4.251,4.251,3.848017,0,0.0,0.0
2010-09-23,4.251,4.251,4.251,4.251,3.848017,0,0.0,0.0
2010-09-24,4.251,4.251,4.251,4.251,3.848017,0,0.0,0.0
2010-09-27,4.251,4.251,4.251,4.251,3.848017,0,0.0,0.0
2010-09-28,4.251,4.251,4.251,4.251,3.848017,0,0.0,0.0
2010-09-29,4.251,4.251,4.251,4.251,3.848017,0,0.0,0.0
2010-09-30,4.251,4.251,4.251,4.251,3.848017,0,0.0,0.0
2010-10-01,4.251,4.251,4.251,4.251,3.848017,0,0.0,0.0
2010-10-04,4.325,4.325,4.3,4.3,3.892373,9000,0.0,0.0
2010-10-05,4.3,4.3,4.3,4.3,3.892373,0,0.0,0.0
2010-10-06,4.4,4.4,4.4,4.4,3.982893,5000,0.0,0.0
2010-10-07,4.4,4.4,4.4,4.4,3.982893,3000,0.0,0.0
2010-10-08,4.4,4.4,4.4,4.4,3.982893,0,0.0,0.0
2010-10-11,4.4,4.4,4.4,4.4,3.982893,0,0.0,0.0
2010-10-12,4.45,4.45,4.45,4.45,4.028152,4000,0.0,0.0
2010-10-13,4.45,4.45,4.45,4.45,4.028152,0,0.0,0.0
2010-10-14,4.35,4.35,4.35,4.35,3.937634,1000,0.0,0.0
2010-10-15,4.35,4.35,4.35,4.35,3.937634,0,0.0,0.0
2010-10-18,4.35,4.35,4.35,4.35,3.937634,0,0.0,0.0
2010-10-19,4.35,4.35,4.35,4.35,3.937634,0,0.0,0.0
2010-10-20,4.35,4.35,4.35,4.35,3.937634,0,0.0,0.0
2010-10-21,4.35,4.35,4.35,4.35,3.937634,0,0.0,0.0
2010-10-22,4.35,4.35,4.35,4.35,3.937634,0,0.0,0.0
2010-10-25,4.35,4.35,4.35,4.35,3.937634,0,0.0,0.0
2010-10-26,4.35,4.35,4.35,4.35,3.937634,0,0.0,0.0
2010-10-27,4.35,4.35,4.35,4.35,3.937634,0,0.0,0.0
2010-10-28,4.35,4.35,4.35,4.35,3.946706,0,0.01,0.0
2010-10-29,4.35,4.35,4.35,4.35,3.946706,0,0.0,0.0
2010-11-01,4.35,4.35,4.35,4.35,3.946706,0,0.0,0.0
2010-11-02,4.35,4.35,4.35,4.35,3.946706,0,0.0,0.0
2010-11-03,4.35,4.35,4.35,4.35,3.946706,0,0.0,0.0
2010-11-04,4.35,4.35,4.35,4.35,3.946706,0,0.0,0.0
2010-11-05,4.35,4.35,4.35,4.35,3.946706,0,0.0,0.0
2010-11-08,4.35,4.35,4.35,4.35,3.946706,0,0.0,0.0
2010-11-09,4.35,4.35,4.35,4.35,3.946706,0,0.0,0.0
2010-11-10,4.35,4.35,4.35,4.35,3.946706,0,0.0,0.0
2010-11-11,4.35,4.35,4.35,4.35,3.946706,0,0.0,0.0
2010-11-12,4.35,4.35,4.35,4.35,3.946706,0,0.0,0.0
2010-11-15,4.35,4.35,4.35,4.35,3.946706,0,0.0,0.0
2010-11-16,4.35,4.35,4.35,4.35,3.946706,0,0.0,0.0
2010-11-17,4.35,4.35,4.35,4.35,3.946706,0,0.0,0.0
2010-11-18,4.35,4.35,4.35,4.35,3.946706,0,0.0,0.0
2010-11-19,4.35,4.35,4.35,4.35,3.946706,0,0.0,0.0
2010-11-22,4.35,4.35,4.35,4.35,3.946706,0,0.0,0.0
2010-11-23,4.35,4.35,4.35,4.35,3.946706,0,0.0,0.0
2010-11-24,4.35,4.35,4.35,4.35,3.946706,0,0.0,0.0
2010-11-26,4.35,4.35,4.35,4.35,3.946706,0,0.0,0.0
2010-11-29,4.35,4.35,4.35,4.35,3.946706,0,0.0,0.0
2010-11-30,4.35,4.35,4.35,4.35,3.946706,0,0.0,0.0
2010-12-01,4.35,4.35,4.35,4.35,3.946706,0,0.0,0.0
2010-12-02,4.35,4.35,4.35,4.35,3.946706,0,0.0,0.0
2010-12-03,4.85,4.85,4.8,4.8,4.354983,5000,0.0,0.0
2010-12-06,4.8,4.8,4.8,4.8,4.354983,0,0.0,0.0
2010-12-07,4.8,4.8,4.8,4.8,4.354983,0,0.0,0.0
2010-12-08,4.8,4.8,4.8,4.8,4.354983,0,0.0,0.0
2010-12-09,4.8,4.8,4.8,4.8,4.354983,0,0.0,0.0
2010-12-10,4.8,4.8,4.8,4.8,4.354983,0,0.0,0.0
2010-12-13,4.8,4.8,4.8,4.8,4.354983,0,0.0,0.0
2010-12-14,4.8,4.8,4.8,4.8,4.354983,0,0.0,0.0
2010-12-15,4.8,4.8,4.8,4.8,4.354983,0,0.0,0.0
2010-12-16,4.9,4.9,4.9,4.9,4.445714,3000,0.0,0.0
2010-12-17,4.9,4.9,4.9,4.9,4.445714,2000,0.0,0.0
2010-12-20,4.9,4.9,4.9,4.9,4.445714,0,0.0,0.0
2010-12-21,4.9,4.9,4.9,4.9,4.445714,0,0.0,0.0
2010-12-22,4.9,4.9,4.9,4.9,4.445714,2000,0.0,0.0
2010-12-23,4.9,4.9,4.9,4.9,4.445714,0,0.0,0.0
2010-12-27,4.9,4.9,4.9,4.9,4.445714,0,0.0,0.0
2010-12-28,4.8,4.8,4.8,4.8,4.354983,1000,0.0,0.0
2010-12-29,4.8,4.8,4.8,4.8,4.354983,0,0.0,0.0
2010-12-30,4.8,4.8,4.8,4.8,4.354983,0,0.0,0.0
2010-12-31,4.8,4.8,4.8,4.8,4.354983,0,0.0,0.0
2011-01-03,4.8,4.8,4.8,4.8,4.354983,0,0.0,0.0
2011-01-04,4.85,4.85,4.85,4.85,4.400351,1000,0.0,0.0
2011-01-05,4.85,4.85,4.85,4.85,4.400351,0,0.0,0.0
2011-01-06,4.85,4.85,4.85,4.85,4.400351,0,0.0,0.0
2011-01-07,4.9,4.9,4.9,4.9,4.445714,3000,0.0,0.0
2011-01-10,4.9,4.9,4.9,4.9,4.445714,0,0.0,0.0
2011-01-11,4.9,4.9,4.9,4.9,4.445714,0,0.0,0.0
2011-01-12,4.9,4.9,4.9,4.9,4.445714,0,0.0,0.0
2011-01-13,4.9,4.9,4.9,4.9,4.445714,0,0.0,0.0
2011-01-14,4.9,4.9,4.9,4.9,4.445714,0,0.0,0.0
2011-01-18,4.9,4.9,4.9,4.9,4.445714,0,0.0,0.0
2011-01-19,4.9,4.9,4.9,4.9,4.445714,0,0.0,0.0
2011-01-20,5.0,5.0,5.0,5.0,4.536441,8000,0.0,0.0
2011-01-21,5.0,5.0,5.0,5.0,4.536441,0,0.0,0.0
2011-01-24,5.0,5.0,5.0,5.0,4.536441,3000,0.0,0.0
2011-01-25,5.0,5.0,5.0,5.0,4.536441,0,0.0,0.0
2011-01-26,5.0,5.0,5.0,5.0,4.536441,2000,0.0,0.0
2011-01-27,5.0,5.0,5.0,5.0,4.54553,0,0.01,0.0
2011-01-28,5.0,5.0,5.0,5.0,4.54553,0,0.0,0.0
2011-01-31,5.0,5.0,5.0,5.0,4.54553,0,0.0,0.0
2011-02-01,5.0,5.0,5.0,5.0,4.54553,0,0.0,0.0
2011-02-02,5.0,5.0,5.0,5.0,4.54553,0,0.0,0.0
2011-02-03,5.0,5.0,5.0,5.0,4.54553,0,0.0,0.0
2011-02-04,5.0,5.0,5.0,5.0,4.54553,0,0.0,0.0
2011-02-07,5.0,5.0,5.0,5.0,4.54553,0,0.0,0.0
2011-02-08,5.0,5.0,5.0,5.0,4.54553,0,0.0,0.0
2011-02-09,5.0,5.0,5.0,5.0,4.54553,0,0.0,0.0
2011-02-10,5.0,5.0,5.0,5.0,4.54553,0,0.0,0.0
2011-02-11,5.0,5.0,5.0,5.0,4.54553,0,0.0,0.0
2011-02-14,5.0,5.0,5.0,5.0,4.54553,0,0.0,0.0
2011-02-15,5.0,5.0,5.0,5.0,4.54553,0,0.0,0.0
2011-02-16,5.0,5.0,5.0,5.0,4.54553,0,0.0,0.0
2011-02-17,5.0,5.0,5.0,5.0,4.54553,3000,0.0,0.0
2011-02-18,5.0,5.0,5.0,5.0,4.54553,0,0.0,0.0
2011-02-22,5.0,5.0,5.0,5.0,4.54553,0,0.0,0.0
2011-02-23,5.0,5.0,5.0,5.0,4.54553,0,0.0,0.0
2011-02-24,5.0,5.0,5.0,5.0,4.54553,0,0.0,0.0
2011-02-25,5.0,5.0,5.0,5.0,4.54553,0,0.0,0.0
2011-02-28,5.0,5.0,5.0,5.0,4.54553,0,0.0,0.0
2011-03-01,5.0,5.0,5.0,5.0,4.54553,0,0.0,0.0
2011-03-02,5.0,5.0,5.0,5.0,4.54553,0,0.0,0.0
2011-03-03,5.0,5.0,5.0,5.0,4.54553,0,0.0,0.0
2011-03-04,5.0,5.0,5.0,5.0,4.54553,0,0.0,0.0
2011-03-07,5.0,5.0,5.0,5.0,4.54553,0,0.0,0.0
2011-03-08,5.0,5.0,5.0,5.0,4.54553,0,0.0,0.0
2011-03-09,5.0,5.0,5.0,5.0,4.54553,0,0.0,0.0
2011-03-10,5.0,5.0,5.0,5.0,4.54553,0,0.0,0.0
2011-03-11,5.0,5.0,5.0,5.0,4.54553,0,0.0,0.0
2011-03-14,5.0,5.0,5.0,5.0,4.54553,0,0.0,0.0
2011-03-15,5.0,5.0,5.0,5.0,4.54553,0,0.0,0.0
2011-03-16,5.0,5.0,5.0,5.0,4.54553,0,0.0,0.0
2011-03-17,5.0,5.0,5.0,5.0,4.54553,0,0.0,0.0
2011-03-18,5.0,5.0,5.0,5.0,4.54553,0,0.0,0.0
2011-03-21,5.0,5.0,5.0,5.0,4.54553,0,0.0,0.0
2011-03-22,5.0,5.0,5.0,5.0,4.54553,0,0.0,0.0
2011-03-23,5.0,5.0,5.0,5.0,4.54553,1000,0.0,0.0
2011-03-24,5.0,5.0,5.0,5.0,4.54553,0,0.0,0.0
2011-03-25,5.0,5.0,5.0,5.0,4.54553,0,0.0,0.0
2011-03-28,5.0,5.0,5.0,5.0,4.54553,0,0.0,0.0
2011-03-29,5.0,5.0,5.0,5.0,4.54553,0,0.0,0.0
2011-03-30,5.0,5.0,5.0,5.0,4.54553,0,0.0,0.0
2011-03-31,5.0,5.0,5.0,5.0,4.54553,0,0.0,0.0
2011-04-01,5.0,5.0,5.0,5.0,4.54553,0,0.0,0.0
2011-04-04,5.0,5.0,5.0,5.0,4.54553,0,0.0,0.0
2011-04-05,5.0,5.0,5.0,5.0,4.54553,0,0.0,0.0
2011-04-06,5.05,5.05,5.05,5.05,4.59099,1000,0.0,0.0
2011-04-07,5.05,5.1,5.05,5.1,4.636444,8000,0.0,0.0
2011-04-08,5.1,5.1,5.1,5.1,4.636444,0,0.0,0.0
2011-04-11,5.1,5.1,5.1,5.1,4.636444,3000,0.0,0.0
2011-04-12,5.1,5.1,5.1,5.1,4.636444,0,0.0,0.0
2011-04-13,5.1,5.1,5.1,5.1,4.636444,0,0.0,0.0
2011-04-14,5.1,5.1,5.1,5.1,4.636444,0,0.0,0.0
2011-04-15,5.1,5.1,5.1,5.1,4.636444,0,0.0,0.0
2011-04-18,5.1,5.1,5.1,5.1,4.636444,0,0.0,0.0
2011-04-19,5.1,5.1,5.1,5.1,4.636444,0,0.0,0.0
2011-04-20,5.1,5.1,5.1,5.1,4.636444,0,0.0,0.0
2011-04-21,5.1,5.1,5.1,5.1,4.636444,0,0.0,0.0
2011-04-25,5.1,5.1,5.1,5.1,4.636444,0,0.0,0.0
2011-04-26,5.1,5.1,5.1,5.1,4.636444,0,0.0,0.0
2011-04-27,5.1,5.1,5.1,5.1,4.636444,0,0.0,0.0
2011-04-28,5.1,5.1,5.1,5.1,4.636444,0,0.0,0.0
2011-04-29,5.1,5.1,5.1,5.1,4.636444,0,0.0,0.0
2011-05-02,5.1,5.1,5.1,5.1,4.636444,0,0.0,0.0
2011-05-03,5.1,5.1,5.1,5.1,4.636444,0,0.0,0.0
2011-05-04,5.1,5.2,5.1,5.2,4.736643,8000,0.01,0.0
2011-05-05,5.2,5.2,5.2,5.2,4.736643,0,0.0,0.0
2011-05-06,5.2,5.2,5.2,5.2,4.736643,2000,0.0,0.0
2011-05-09,5.2,5.2,5.2,5.2,4.736643,0,0.0,0.0
2011-05-10,5.2,5.2,5.2,5.2,4.736643,0,0.0,0.0
2011-05-11,5.2,5.2,5.2,5.2,4.736643,0,0.0,0.0
2011-05-12,5.2,5.2,5.2,5.2,4.736643,0,0.0,0.0
2011-05-13,5.2,5.2,5.2,5.2,4.736643,0,0.0,0.0
2011-05-16,5.2,5.2,5.2,5.2,4.736643,0,0.0,0.0
2011-05-17,5.2,5.2,5.2,5.2,4.736643,0,0.0,0.0
2011-05-18,5.2,5.2,5.2,5.2,4.736643,0,0.0,0.0
2011-05-19,5.2,5.2,5.2,5.2,4.736643,0,0.0,0.0
2011-05-20,5.2,5.2,5.2,5.2,4.736643,0,0.0,0.0
2011-05-23,5.2,5.2,5.2,5.2,4.736643,0,0.0,0.0
2011-05-24,5.2,5.2,5.2,5.2,4.736643,0,0.0,0.0
2011-05-25,5.2,5.2,5.2,5.2,4.736643,0,0.0,0.0
2011-05-26,5.2,5.2,5.2,5.2,4.736643,0,0.0,0.0
2011-05-27,5.2,5.2,5.2,5.2,4.736643,0,0.0,0.0
2011-05-31,5.2,5.2,5.2,5.2,4.736643,0,0.0,0.0
2011-06-01,5.2,5.2,5.2,5.2,4.736643,0,0.0,0.0
2011-06-02,5.2,5.2,5.2,5.2,4.736643,0,0.0,0.0
2011-06-03,5.2,5.2,5.2,5.2,4.736643,0,0.0,0.0
2011-06-06,5.2,5.2,5.2,5.2,4.736643,0,0.0,0.0
2011-06-07,5.2,5.2,5.2,5.2,4.736643,0,0.0,0.0
2011-06-08,5.2,5.2,5.2,5.2,4.736643,0,0.0,0.0
2011-06-09,5.2,5.2,5.2,5.2,4.736643,0,0.0,0.0
2011-06-10,5.2,5.2,5.2,5.2,4.736643,0,0.0,0.0
2011-06-13,5.2,5.2,5.2,5.2,4.736643,0,0.0,0.0
2011-06-14,5.2,5.2,5.2,5.2,4.736643,0,0.0,0.0
2011-06-15,5.2,5.2,5.2,5.2,4.736643,0,0.0,0.0
2011-06-16,5.2,5.2,5.2,5.2,4.736643,0,0.0,0.0
2011-06-17,5.2,5.2,5.2,5.2,4.736643,0,0.0,0.0
2011-06-20,5.2,5.2,5.2,5.2,4.736643,0,0.0,0.0
2011-06-21,5.2,5.2,5.2,5.2,4.736643,0,0.0,0.0
2011-06-22,5.2,5.2,5.2,5.2,4.736643,0,0.0,0.0
2011-06-23,5.2,5.2,5.2,5.2,4.736643,0,0.0,0.0
2011-06-24,5.2,5.2,5.2,5.2,4.736643,0,0.0,0.0
2011-06-27,5.2,5.2,5.2,5.2,4.736643,0,0.0,0.0
2011-06-28,5.2,5.2,5.2,5.2,4.736643,0,0.0,0.0
2011-06-29,5.2,5.2,5.2,5.2,4.736643,0,0.0,0.0
2011-06-30,5.2,5.2,5.2,5.2,4.736643,0,0.0,0.0
2011-07-01,5.2,5.2,5.2,5.2,4.736643,0,0.0,0.0
2011-07-05,5.2,5.2,5.2,5.2,4.736643,0,0.0,0.0
2011-07-06,5.2,5.2,5.2,5.2,4.736643,0,0.0,0.0
2011-07-07,5.2,5.2,5.2,5.2,4.736643,0,0.0,0.0
2011-07-08,5.2,5.2,5.2,5.2,4.736643,0,0.0,0.0
2011-07-11,5.2,5.2,5.2,5.2,4.736643,0,0.0,0.0
2011-07-12,5.2,5.2,5.2,5.2,4.736643,0,0.0,0.0
2011-07-13,5.2,5.2,5.2,5.2,4.736643,0,0.0,0.0
2011-07-14,5.2,5.2,5.2,5.2,4.736643,0,0.0,0.0
2011-07-15,5.2,5.2,5.2,5.2,4.736643,0,0.0,0.0
2011-07-18,5.2,5.2,5.2,5.2,4.736643,0,0.0,0.0
2011-07-19,5.2,5.2,5.2,5.2,4.736643,0,0.0,0.0
2011-07-20,5.2,5.2,5.2,5.2,4.736643,0,0.0,0.0
2011-07-21,5.2,5.2,5.2,5.2,4.736643,0,0.0,0.0
2011-07-22,6.0,6.0,6.0,6.0,5.465357,1000,0.0,0.0
2011-07-25,6.0,6.0,6.0,6.0,5.465357,0,0.0,0.0
2011-07-26,6.0,6.0,6.0,6.0,5.465357,0,0.0,0.0
2011-07-27,6.0,6.0,6.0,6.0,5.465357,0,0.0,0.0
2011-07-28,6.0,6.0,6.0,6.0,5.474481,0,0.01,0.0
2011-07-29,6.0,6.0,6.0,6.0,5.474481,0,0.0,0.0
2011-08-01,6.0,6.0,6.0,6.0,5.474481,0,0.0,0.0
2011-08-02,6.0,6.0,6.0,6.0,5.474481,0,0.0,0.0
2011-08-03,6.0,6.0,6.0,6.0,5.474481,0,0.0,0.0
2011-08-04,6.0,6.0,6.0,6.0,5.474481,0,0.0,0.0
2011-08-05,6.0,6.0,6.0,6.0,5.474481,0,0.0,0.0
2011-08-08,6.0,6.0,6.0,6.0,5.474481,0,0.0,0.0
2011-08-09,6.0,6.0,6.0,6.0,5.474481,0,0.0,0.0
2011-08-10,6.0,6.0,6.0,6.0,5.474481,0,0.0,0.0
2011-08-11,6.0,6.0,6.0,6.0,5.474481,0,0.0,0.0
2011-08-12,6.0,6.0,6.0,6.0,5.474481,0,0.0,0.0
2011-08-15,6.0,6.0,6.0,6.0,5.474481,0,0.0,0.0
2011-08-16,6.0,6.0,6.0,6.0,5.474481,0,0.0,0.0
2011-08-17,6.0,6.0,6.0,6.0,5.474481,0,0.0,0.0
2011-08-18,6.0,6.0,6.0,6.0,5.474481,0,0.0,0.0
2011-08-19,6.0,6.0,6.0,6.0,5.474481,0,0.0,0.0
2011-08-22,6.0,6.0,6.0,6.0,5.474481,0,0.0,0.0
2011-08-23,6.0,6.0,6.0,6.0,5.474481,0,0.0,0.0
2011-08-24,6.0,6.0,6.0,6.0,5.474481,0,0.0,0.0
2011-08-25,6.0,6.0,6.0,6.0,5.474481,0,0.0,0.0
2011-08-26,6.0,6.0,6.0,6.0,5.474481,0,0.0,0.0
2011-08-29,6.0,6.0,6.0,6.0,5.474481,0,0.0,0.0
2011-08-30,6.0,6.0,6.0,6.0,5.474481,0,0.0,0.0
2011-08-31,6.0,6.0,6.0,6.0,5.474481,0,0.0,0.0
2011-09-01,6.0,6.0,6.0,6.0,5.474481,0,0.0,0.0
2011-09-02,6.0,6.0,6.0,6.0,5.474481,0,0.0,0.0
2011-09-06,6.0,6.0,6.0,6.0,5.474481,0,0.0,0.0
2011-09-07,6.0,6.0,6.0,6.0,5.474481,0,0.0,0.0
2011-09-08,6.0,6.0,6.0,6.0,5.474481,0,0.0,0.0
2011-09-09,6.0,6.0,6.0,6.0,5.474481,0,0.0,0.0
2011-09-12,6.0,6.0,6.0,6.0,5.474481,0,0.0,0.0
2011-09-13,6.0,6.0,6.0,6.0,5.474481,0,0.0,0.0
2011-09-14,5.965,5.965,5.965,5.965,5.442545,3000,0.0,0.0
2011-09-15,5.965,5.965,5.965,5.965,5.442545,0,0.0,0.0
2011-09-16,5.99,5.99,5.99,5.99,5.465356,2000,0.0,0.0
2011-09-19,5.99,5.99,5.99,5.99,5.465356,0,0.0,0.0
2011-09-20,6.0,6.0,6.0,6.0,5.474481,5000,0.0,0.0
2011-09-21,6.0,6.0,6.0,6.0,5.474481,0,0.0,0.0
2011-09-22,6.0,6.0,6.0,6.0,5.474481,0,0.0,0.0
2011-09-23,6.0,6.0,6.0,6.0,5.474481,0,0.0,0.0
2011-09-26,6.0,6.0,6.0,6.0,5.474481,0,0.0,0.0
2011-09-27,6.0,6.0,6.0,6.0,5.474481,0,0.0,0.0
2011-09-28,6.0,6.0,6.0,6.0,5.474481,0,0.0,0.0
2011-09-29,6.0,6.0,6.0,6.0,5.474481,0,0.0,0.0
2011-09-30,6.0,6.0,6.0,6.0,5.474481,0,0.0,0.0
2011-10-03,6.0,6.0,6.0,6.0,5.474481,0,0.0,0.0
2011-10-04,6.0,6.0,6.0,6.0,5.474481,0,0.0,0.0
2011-10-05,6.0,6.0,6.0,6.0,5.474481,0,0.0,0.0
2011-10-06,6.0,6.0,6.0,6.0,5.474481,0,0.0,0.0
2011-10-07,6.0,6.0,6.0,6.0,5.474481,0,0.0,0.0
2011-10-10,6.0,6.0,6.0,6.0,5.474481,0,0.0,0.0
2011-10-11,6.0,6.0,6.0,6.0,5.474481,0,0.0,0.0
2011-10-12,6.0,6.0,6.0,6.0,5.474481,0,0.0,0.0
2011-10-13,6.0,6.0,6.0,6.0,5.474481,0,0.0,0.0
2011-10-14,6.0,6.0,6.0,6.0,5.474481,0,0.0,0.0
2011-10-17,6.0,6.0,6.0,6.0,5.474481,0,0.0,0.0
2011-10-18,6.0,6.0,6.0,6.0,5.474481,0,0.0,0.0
2011-10-19,6.0,6.0,6.0,6.0,5.474481,0,0.0,0.0
2011-10-20,6.2,6.2,6.2,6.2,5.656963,3000,0.0,0.0
2011-10-21,6.2,6.2,6.2,6.2,5.656963,0,0.0,0.0
2011-10-24,6.3,6.3,6.3,6.3,5.748205,2000,0.0,0.0
2011-10-25,6.3,6.3,6.3,6.3,5.748205,0,0.0,0.0
2011-10-26,6.225,6.225,6.225,6.225,5.679771,3000,0.0,0.0
2011-10-27,6.225,6.225,6.225,6.225,5.68891,0,0.01,0.0
2011-10-28,6.225,6.225,6.225,6.225,5.68891,0,0.0,0.0
2011-10-31,6.225,6.225,6.225,6.225,5.68891,0,0.0,0.0
2011-11-01,6.225,6.225,6.225,6.225,5.68891,0,0.0,0.0
2011-11-02,6.4,6.4,6.4,6.4,5.848842,3000,0.0,0.0
2011-11-03,6.4,6.4,6.4,6.4,5.848842,0,0.0,0.0
2011-11-04,6.4,6.4,6.4,6.4,5.848842,0,0.0,0.0
2011-11-07,6.4,6.4,6.4,6.4,5.848842,0,0.0,0.0
2011-11-08,6.4,6.4,6.4,6.4,5.848842,0,0.0,0.0
2011-11-09,6.4,6.4,6.4,6.4,5.848842,0,0.0,0.0
2011-11-10,6.4,6.4,6.4,6.4,5.848842,0,0.0,0.0
2011-11-11,6.4,6.4,6.4,6.4,5.848842,0,0.0,0.0
2011-11-14,6.4,6.4,6.4,6.4,5.848842,0,0.0,0.0
2011-11-15,6.4,6.4,6.4,6.4,5.848842,0,0.0,0.0
2011-11-16,6.4,6.4,6.4,6.4,5.848842,0,0.0,0.0
2011-11-17,7.0,7.0,7.0,7.0,6.39717,8000,0.0,0.0
2011-11-18,6.999,7.0,6.999,7.0,6.39717,6000,0.0,0.0
2011-11-21,7.0,7.0,7.0,7.0,6.39717,0,0.0,0.0
2011-11-22,7.0,7.0,7.0,7.0,6.39717,0,0.0,0.0
2011-11-23,7.0,7.0,7.0,7.0,6.39717,0,0.0,0.0
2011-11-25,6.5,6.5,6.5,6.5,5.940229,2000,0.0,0.0
2011-11-28,6.5,6.5,6.5,6.5,5.940229,5000,0.0,0.0
2011-11-29,6.5,6.5,6.5,6.5,5.940229,0,0.0,0.0
2011-11-30,6.5,6.5,6.5,6.5,5.940229,0,0.0,0.0
2011-12-01,6.5,6.5,6.5,6.5,5.940229,0,0.0,0.0
2011-12-02,6.5,6.5,6.5,6.5,5.940229,0,0.0,0.0
2011-12-05,6.5,6.5,6.5,6.5,5.940229,0,0.0,0.0
2011-12-06,6.5,6.5,6.5,6.5,5.940229,0,0.0,0.0
2011-12-07,6.5,6.5,6.5,6.5,5.940229,0,0.0,0.0
2011-12-08,6.5,6.5,6.5,6.5,5.940229,0,0.0,0.0
2011-12-09,6.2,6.2,6.2,6.2,5.666065,13000,0.0,0.0
2011-12-12,6.2,6.2,6.2,6.2,5.666065,0,0.0,0.0
2011-12-13,6.2,6.2,6.2,6.2,5.666065,0,0.0,0.0
2011-12-14,6.3,6.3,6.3,6.3,5.757453,4000,0.0,0.0
2011-12-15,6.3,6.3,6.3,6.3,5.757453,0,0.0,0.0
2011-12-16,6.3,6.3,6.3,6.3,5.757453,0,0.0,0.0
2011-12-19,6.3,6.3,6.3,6.3,5.757453,0,0.0,0.0
2011-12-20,6.3,6.3,6.3,6.3,5.757453,0,0.0,0.0
2011-12-21,6.3,6.3,6.3,6.3,5.757453,0,0.0,0.0
2011-12-22,6.3,6.3,6.3,6.3,5.757453,0,0.0,0.0
2011-12-23,6.2,6.2,6.2,6.2,5.666065,1000,0.0,0.0
2011-12-27,6.2,6.2,6.2,6.2,5.666065,0,0.0,0.0
2011-12-28,6.2,6.2,6.2,6.2,5.666065,0,0.0,0.0
2011-12-29,6.2,6.2,6.2,6.2,5.666065,0,0.0,0.0
2011-12-30,6.2,6.2,6.2,6.2,5.666065,0,0.0,0.0
2012-01-03,6.2,6.2,6.2,6.2,5.666065,0,0.0,0.0
2012-01-04,6.2,6.2,6.2,6.2,5.666065,0,0.0,0.0
2012-01-05,6.2,6.2,6.2,6.2,5.666065,0,0.0,0.0
2012-01-06,6.2,6.2,6.2,6.2,5.666065,0,0.0,0.0
2012-01-09,6.2,6.2,6.2,6.2,5.666065,0,0.0,0.0
2012-01-10,6.2,6.2,6.2,6.2,5.666065,0,0.0,0.0
2012-01-11,6.2,6.2,6.2,6.2,5.666065,0,0.0,0.0
2012-01-12,6.2,6.2,6.2,6.2,5.666065,0,0.0,0.0
2012-01-13,6.201,6.201,6.201,6.201,5.666979,1000,0.0,0.0
2012-01-17,6.201,6.201,6.201,6.201,5.666979,0,0.0,0.0
2012-01-18,6.201,6.201,6.201,6.201,5.666979,0,0.0,0.0
2012-01-19,6.201,6.201,6.201,6.201,5.666979,0,0.0,0.0
2012-01-20,6.201,6.201,6.201,6.201,5.666979,0,0.0,0.0
2012-01-23,6.201,6.201,6.201,6.201,5.666979,0,0.0,0.0
2012-01-24,6.2,6.2,6.2,6.2,5.666065,1000,0.0,0.0
2012-01-25,6.2,6.2,6.2,6.2,5.666065,0,0.0,0.0
2012-01-26,6.2,6.2,6.2,6.2,5.666065,0,0.0,0.0
2012-01-27,6.2,6.2,6.2,6.2,5.67522,0,0.01,0.0
2012-01-30,6.2,6.2,6.2,6.2,5.67522,0,0.0,0.0
2012-01-31,6.2,6.2,6.2,6.2,5.67522,0,0.0,0.0
2012-02-01,6.2,6.2,6.2,6.2,5.67522,0,0.0,0.0
2012-02-02,6.2,6.2,6.2,6.2,5.67522,0,0.0,0.0
2012-02-03,6.2,6.2,6.2,6.2,5.67522,0,0.0,0.0
2012-02-06,6.2,6.2,6.2,6.2,5.67522,0,0.0,0.0
2012-02-07,6.2,6.2,6.2,6.2,5.67522,0,0.0,0.0
2012-02-08,6.2,6.2,6.2,6.2,5.67522,0,0.0,0.0
2012-02-09,6.2,6.2,6.2,6.2,5.67522,0,0.0,0.0
2012-02-10,6.2,6.2,6.2,6.2,5.67522,0,0.0,0.0
2012-02-13,6.2,6.2,6.2,6.2,5.67522,0,0.0,0.0
2012-02-14,6.2,6.2,6.2,6.2,5.67522,0,0.0,0.0
2012-02-15,6.2,6.2,6.2,6.2,5.67522,0,0.0,0.0
2012-02-16,6.2,6.2,6.2,6.2,5.67522,0,0.0,0.0
2012-02-17,6.2,6.2,6.2,6.2,5.67522,0,0.0,0.0
2012-02-21,6.2,6.2,6.2,6.2,5.67522,0,0.0,0.0
2012-02-22,6.2,6.2,6.2,6.2,5.67522,0,0.0,0.0
2012-02-23,6.2,6.2,6.2,6.2,5.67522,0,0.0,0.0
2012-02-24,6.2,6.2,6.2,6.2,5.67522,0,0.0,0.0
2012-02-27,6.2,6.2,6.2,6.2,5.67522,0,0.0,0.0
2012-02-28,6.2,6.2,6.2,6.2,5.67522,0,0.0,0.0
2012-02-29,6.2,6.2,6.2,6.2,5.67522,0,0.0,0.0
2012-03-01,6.2,6.2,6.2,6.2,5.67522,0,0.0,0.0
2012-03-02,6.2,6.2,6.2,6.2,5.67522,0,0.0,0.0
2012-03-05,6.2,6.2,6.2,6.2,5.67522,0,0.0,0.0
2012-03-06,6.35,6.425,6.35,6.37,5.830829,97000,0.0,0.0
2012-03-07,6.35,6.39,6.35,6.39,5.849137,26000,0.0,0.0
2012-03-08,6.39,6.39,6.39,6.39,5.849137,0,0.0,0.0
2012-03-09,6.39,6.39,6.39,6.39,5.849137,0,0.0,0.0
2012-03-12,6.39,6.39,6.39,6.39,5.849137,0,0.0,0.0
2012-03-13,6.39,6.39,6.39,6.39,5.849137,0,0.0,0.0
2012-03-14,6.39,6.39,6.39,6.39,5.849137,0,0.0,0.0
2012-03-15,6.39,6.39,6.39,6.39,5.849137,0,0.0,0.0
2012-03-16,6.39,6.39,6.39,6.39,5.849137,0,0.0,0.0
2012-03-19,6.406,6.406,6.406,6.406,5.863783,1000,0.0,0.0
2012-03-20,6.406,6.406,6.406,6.406,5.863783,0,0.0,0.0
2012-03-21,6.406,6.406,6.406,6.406,5.863783,0,0.0,0.0
2012-03-22,6.406,6.406,6.406,6.406,5.863783,0,0.0,0.0
2012-03-23,6.406,6.406,6.406,6.406,5.863783,0,0.0,0.0
2012-03-26,6.406,6.406,6.406,6.406,5.863783,0,0.0,0.0
2012-03-27,6.406,6.406,6.406,6.406,5.863783,0,0.0,0.0
2012-03-28,6.406,6.406,6.406,6.406,5.863783,0,0.0,0.0
2012-03-29,6.406,6.406,6.406,6.406,5.863783,0,0.0,0.0
2012-03-30,6.406,6.406,6.406,6.406,5.863783,0,0.0,0.0
2012-04-02,6.5,6.5,6.5,6.5,5.949825,3000,0.0,0.0
2012-04-03,6.5,6.5,6.5,6.5,5.949825,0,0.0,0.0
2012-04-04,6.5,6.5,6.5,6.5,5.949825,0,0.0,0.0
2012-04-05,6.5,6.5,6.5,6.5,5.949825,0,0.0,0.0
2012-04-09,6.5,6.5,6.5,6.5,5.949825,0,0.0,0.0
2012-04-10,6.5,6.5,6.5,6.5,5.949825,0,0.0,0.0
2012-04-11,6.9,6.9,6.9,6.9,6.315969,2000,0.0,0.0
2012-04-12,6.9,6.9,6.9,6.9,6.315969,0,0.0,0.0
2012-04-13,6.9,6.9,6.9,6.9,6.315969,0,0.0,0.0
2012-04-16,6.9,6.9,6.9,6.9,6.315969,0,0.0,0.0
2012-04-17,6.9,6.9,6.9,6.9,6.315969,0,0.0,0.0
2012-04-18,6.9,6.9,6.9,6.9,6.315969,0,0.0,0.0
2012-04-19,6.75,6.85,6.75,6.85,6.270201,38000,0.0,0.0
2012-04-20,6.85,6.85,6.85,6.85,6.270201,10000,0.0,0.0
2012-04-23,6.85,6.85,6.85,6.85,6.270201,0,0.0,0.0
2012-04-24,6.85,6.9,6.8,6.9,6.315969,34000,0.0,0.0
2012-04-25,6.9,6.9,6.9,6.9,6.315969,0,0.0,0.0
2012-04-26,6.9,6.9,6.9,6.9,6.315969,0,0.0,0.0
2012-04-27,6.9,6.9,6.9,6.9,6.325136,0,0.01,0.0
2012-04-30,6.9,6.9,6.9,6.9,6.325136,0,0.0,0.0
2012-05-01,6.9,6.9,6.9,6.9,6.325136,0,0.0,0.0
2012-05-02,7.0,7.0,7.0,7.0,6.416805,3000,0.0,0.0
2012-05-03,7.0,7.0,7.0,7.0,6.416805,0,0.0,0.0
2012-05-04,7.0,7.0,7.0,7.0,6.416805,0,0.0,0.0
2012-05-07,7.0,7.0,7.0,7.0,6.416805,0,0.0,0.0
2012-05-08,7.0,7.0,7.0,7.0,6.416805,0,0.0,0.0
2012-05-09,7.0,7.0,7.0,7.0,6.416805,0,0.0,0.0
2012-05-10,7.0,7.0,7.0,7.0,6.416805,0,0.0,0.0
2012-05-11,7.0,7.0,7.0,7.0,6.416805,0,0.0,0.0
2012-05-14,7.0,7.0,7.0,7.0,6.416805,0,0.0,0.0
2012-05-15,7.0,7.0,7.0,7.0,6.416805,0,0.0,0.0
2012-05-16,7.0,7.0,7.0,7.0,6.416805,0,0.0,0.0
2012-05-17,7.0,7.0,7.0,7.0,6.416805,0,0.0,0.0
2012-05-18,7.0,7.0,7.0,7.0,6.416805,0,0.0,0.0
2012-05-21,7.0,7.0,7.0,7.0,6.416805,0,0.0,0.0
2012-05-22,7.0,7.0,7.0,7.0,6.416805,0,0.0,0.0
2012-05-23,6.9,6.9,6.9,6.9,6.325136,7000,0.0,0.0
2012-05-24,6.9,6.9,6.9,6.9,6.325136,0,0.0,0.0
2012-05-25,6.9,6.9,6.9,6.9,6.325136,0,0.0,0.0
2012-05-29,6.9,6.9,6.9,6.9,6.325136,0,0.0,0.0
2012-05-30,6.9,6.9,6.9,6.9,6.325136,0,0.0,0.0
2012-05-31,6.9,6.9,6.9,6.9,6.325136,0,0.0,0.0
2012-06-01,6.9,6.9,6.9,6.9,6.325136,0,0.0,0.0
2012-06-04,6.9,6.9,6.9,6.9,6.325136,0,0.0,0.0
2012-06-05,6.9,6.9,6.9,6.9,6.325136,0,0.0,0.0
2012-06-06,6.9,6.9,6.9,6.9,6.325136,0,0.0,0.0
2012-06-07,6.9,6.9,6.9,6.9,6.325136,0,0.0,0.0
2012-06-08,6.9,6.9,6.9,6.9,6.325136,0,0.0,0.0
2012-06-11,6.9,6.9,6.9,6.9,6.325136,0,0.0,0.0
2012-06-12,6.9,6.9,6.9,6.9,6.325136,0,0.0,0.0
2012-06-13,6.9,6.9,6.9,6.9,6.325136,0,0.0,0.0
2012-06-14,6.9,6.9,6.9,6.9,6.325136,0,0.0,0.0
2012-06-15,6.9,6.9,6.9,6.9,6.325136,0,0.0,0.0
2012-06-18,6.9,6.9,6.9,6.9,6.325136,0,0.0,0.0
2012-06-19,6.9,6.9,6.9,6.9,6.325136,0,0.0,0.0
2012-06-20,6.9,6.9,6.9,6.9,6.325136,0,0.0,0.0
2012-06-21,6.9,6.9,6.9,6.9,6.325136,0,0.0,0.0
2012-06-22,6.9,6.9,6.9,6.9,6.325136,0,0.0,0.0
2012-06-25,6.9,6.9,6.9,6.9,6.325136,0,0.0,0.0
2012-06-26,6.9,6.9,6.9,6.9,6.325136,0,0.0,0.0
2012-06-27,6.9,6.9,6.9,6.9,6.325136,0,0.0,0.0
2012-06-28,6.9,6.9,6.9,6.9,6.325136,0,0.0,0.0
2012-06-29,6.9,6.9,6.9,6.9,6.325136,0,0.0,0.0
2012-07-02,6.9,6.9,6.9,6.9,6.325136,1000,0.0,0.0
2012-07-03,6.9,6.9,6.9,6.9,6.325136,0,0.0,0.0
2012-07-05,6.9,6.9,6.9,6.9,6.325136,0,0.0,0.0
2012-07-06,6.9,6.9,6.9,6.9,6.325136,0,0.0,0.0
2012-07-09,6.9,6.9,6.9,6.9,6.325136,0,0.0,0.0
2012-07-10,6.9,6.9,6.9,6.9,6.325136,0,0.0,0.0
2012-07-11,6.9,6.9,6.9,6.9,6.325136,0,0.0,0.0
2012-07-12,6.9,6.9,6.9,6.9,6.325136,0,0.0,0.0
2012-07-13,6.9,6.9,6.9,6.9,6.325136,0,0.0,0.0
2012-07-16,6.9,6.9,6.9,6.9,6.325136,0,0.0,0.0
2012-07-17,6.9,6.9,6.9,6.9,6.325136,0,0.0,0.0
2012-07-18,6.9,6.9,6.9,6.9,6.325136,0,0.0,0.0
2012-07-19,6.9,6.9,6.9,6.9,6.325136,0,0.0,0.0
2012-07-20,6.9,6.9,6.9,6.9,6.325136,0,0.0,0.0
2012-07-23,6.9,6.9,6.9,6.9,6.325136,0,0.0,0.0
2012-07-24,6.9,6.9,6.9,6.9,6.325136,0,0.0,0.0
2012-07-25,6.9,6.9,6.9,6.9,6.325136,0,0.0,0.0
2012-07-26,6.9,6.9,6.9,6.9,6.325136,0,0.0,0.0
2012-07-27,6.9,6.9,6.9,6.9,6.334316,0,0.01,0.0
2012-07-30,6.9,6.9,6.9,6.9,6.334316,0,0.0,0.0
2012-07-31,6.9,6.9,6.9,6.9,6.334316,0,0.0,0.0
2012-08-01,6.9,6.9,6.9,6.9,6.334316,0,0.0,0.0
2012-08-02,6.9,6.9,6.9,6.9,6.334316,0,0.0,0.0
2012-08-03,6.9,6.9,6.9,6.9,6.334316,0,0.0,0.0
2012-08-06,6.9,6.9,6.9,6.9,6.334316,0,0.0,0.0
2012-08-07,6.9,6.9,6.9,6.9,6.334316,0,0.0,0.0
2012-08-08,6.9,6.9,6.9,6.9,6.334316,0,0.0,0.0
2012-08-09,6.9,6.9,6.9,6.9,6.334316,0,0.0,0.0
2012-08-10,7.05,7.05,7.05,7.05,6.472019,2000,0.0,0.0
2012-08-13,7.05,7.05,7.05,7.05,6.472019,0,0.0,0.0
2012-08-14,7.05,7.05,7.05,7.05,6.472019,0,0.0,0.0
2012-08-15,7.05,7.05,7.05,7.05,6.472019,0,0.0,0.0
2012-08-16,7.05,7.05,7.05,7.05,6.472019,0,0.0,0.0
2012-08-17,7.05,7.05,7.05,7.05,6.472019,0,0.0,0.0
2012-08-20,7.05,7.05,7.05,7.05,6.472019,0,0.0,0.0
2012-08-21,7.05,7.05,7.05,7.05,6.472019,0,0.0,0.0
2012-08-22,7.05,7.05,7.05,7.05,6.472019,0,0.0,0.0
2012-08-23,7.05,7.05,7.05,7.05,6.472019,0,0.0,0.0
2012-08-24,7.05,7.05,7.05,7.05,6.472019,0,0.0,0.0
2012-08-27,7.05,7.05,7.05,7.05,6.472019,0,0.0,0.0
2012-08-28,7.05,7.05,7.05,7.05,6.472019,0,0.0,0.0
2012-08-29,7.05,7.05,7.05,7.05,6.472019,0,0.0,0.0
2012-08-30,7.05,7.05,7.05,7.05,6.472019,0,0.0,0.0
2012-08-31,7.05,7.05,7.05,7.05,6.472019,0,0.0,0.0
2012-09-04,7.05,7.05,7.05,7.05,6.472019,0,0.0,0.0
2012-09-05,7.05,7.05,7.05,7.05,6.472019,0,0.0,0.0
2012-09-06,7.05,7.05,7.05,7.05,6.472019,0,0.0,0.0
2012-09-07,7.05,7.05,7.05,7.05,6.472019,0,0.0,0.0
2012-09-10,7.05,7.05,7.05,7.05,6.472019,0,0.0,0.0
2012-09-11,7.05,7.05,7.05,7.05,6.472019,0,0.0,0.0
2012-09-12,6.951,6.951,6.951,6.951,6.381135,1000,0.0,0.0
2012-09-13,6.951,6.951,6.951,6.951,6.381135,0,0.0,0.0
2012-09-14,6.951,6.951,6.951,6.951,6.381135,0,0.0,0.0
2012-09-17,6.951,6.951,6.951,6.951,6.381135,0,0.0,0.0
2012-09-18,6.951,6.951,6.951,6.951,6.381135,0,0.0,0.0
2012-09-19,6.951,6.951,6.951,6.951,6.381135,0,0.0,0.0
2012-09-20,6.951,6.951,6.951,6.951,6.381135,0,0.0,0.0
2012-09-21,6.951,6.951,6.951,6.951,6.381135,0,0.0,0.0
2012-09-24,6.951,6.951,6.951,6.951,6.381135,0,0.0,0.0
2012-09-25,6.951,6.951,6.951,6.951,6.381135,0,0.0,0.0
2012-09-26,6.951,6.951,6.951,6.951,6.381135,0,0.0,0.0
2012-09-27,6.951,6.951,6.951,6.951,6.381135,0,0.0,0.0
2012-09-28,6.951,6.951,6.951,6.951,6.381135,0,0.0,0.0
2012-10-01,6.951,6.951,6.951,6.951,6.381135,0,0.0,0.0
2012-10-02,6.951,6.951,6.951,6.951,6.381135,0,0.0,0.0
2012-10-03,6.951,6.951,6.951,6.951,6.381135,0,0.0,0.0
2012-10-04,6.951,6.951,6.951,6.951,6.381135,0,0.0,0.0
2012-10-05,6.951,6.951,6.951,6.951,6.381135,0,0.0,0.0
2012-10-08,6.951,6.951,6.951,6.951,6.381135,0,0.0,0.0
2012-10-09,6.951,6.951,6.951,6.951,6.381135,0,0.0,0.0
2012-10-10,6.951,6.951,6.951,6.951,6.381135,0,0.0,0.0
2012-10-11,6.951,6.951,6.951,6.951,6.381135,0,0.0,0.0
2012-10-12,6.975,6.975,6.975,6.975,6.403166,2000,0.0,0.0
2012-10-15,6.975,6.975,6.975,6.975,6.403166,1000,0.0,0.0
2012-10-16,6.975,6.975,6.975,6.975,6.403166,0,0.0,0.0
2012-10-17,6.975,6.975,6.975,6.975,6.403166,0,0.0,0.0
2012-10-18,6.975,6.975,6.975,6.975,6.403166,0,0.0,0.0
2012-10-19,6.975,6.975,6.975,6.975,6.403166,0,0.0,0.0
2012-10-22,6.975,6.975,6.975,6.975,6.403166,2000,0.0,0.0
2012-10-23,6.975,6.975,6.975,6.975,6.403166,0,0.0,0.0
2012-10-24,6.975,6.975,6.975,6.975,6.403166,0,0.0,0.0
2012-10-25,6.975,6.975,6.975,6.975,6.403166,0,0.0,0.0
2012-10-26,6.975,6.975,6.975,6.975,6.41236,0,0.01,0.0
2012-10-31,6.975,6.975,6.975,6.975,6.41236,0,0.0,0.0
2012-11-01,6.975,6.975,6.975,6.975,6.41236,0,0.0,0.0
2012-11-02,6.975,6.975,6.975,6.975,6.41236,0,0.0,0.0
2012-11-05,7.2,7.2,7.2,7.2,6.619211,5000,0.0,0.0
2012-11-06,7.2,7.2,7.2,7.2,6.619211,0,0.0,0.0
2012-11-07,7.2,7.2,7.2,7.2,6.619211,0,0.0,0.0
2012-11-08,7.2,7.2,7.2,7.2,6.619211,0,0.0,0.0
2012-11-09,7.2,7.2,7.2,7.2,6.619211,0,0.0,0.0
2012-11-12,7.2,7.2,7.2,7.2,6.619211,0,0.0,0.0
2012-11-13,7.2,7.2,7.2,7.2,6.619211,0,0.0,0.0
2012-11-14,7.2,7.2,7.2,7.2,6.619211,0,0.0,0.0
2012-11-15,7.0,7.0,7.0,7.0,6.435343,1000,0.0,0.0
2012-11-16,7.0,7.0,7.0,7.0,6.435343,0,0.0,0.0
2012-11-19,7.0,7.0,7.0,7.0,6.435343,0,0.0,0.0
2012-11-20,7.0,7.0,7.0,7.0,6.435343,0,0.0,0.0
2012-11-21,7.0,7.0,7.0,7.0,6.435343,0,0.0,0.0
2012-11-23,7.0,7.0,7.0,7.0,6.47233,0,0.04,0.0
2012-11-26,7.0,7.0,7.0,7.0,6.47233,0,0.0,0.0
2012-11-27,7.0,7.0,7.0,7.0,6.47233,0,0.0,0.0
2012-11-28,7.0,7.0,7.0,7.0,6.47233,0,0.0,0.0
2012-11-29,7.0,7.0,7.0,7.0,6.47233,0,0.0,0.0
2012-11-30,7.0,7.0,7.0,7.0,6.47233,0,0.0,0.0
2012-12-03,7.0,7.0,7.0,7.0,6.47233,0,0.0,0.0
2012-12-04,7.0,7.0,7.0,7.0,6.47233,0,0.0,0.0
2012-12-05,7.0,7.0,7.0,7.0,6.47233,0,0.0,0.0
2012-12-06,7.0,7.0,7.0,7.0,6.47233,0,0.0,0.0
2012-12-07,7.0,7.0,7.0,7.0,6.47233,0,0.0,0.0
2012-12-10,7.0,7.0,7.0,7.0,6.47233,0,0.0,0.0
2012-12-11,7.0,7.0,7.0,7.0,6.47233,0,0.0,0.0
2012-12-12,7.0,7.0,7.0,7.0,6.47233,0,0.0,0.0
2012-12-13,7.0,7.0,7.0,7.0,6.47233,0,0.0,0.0
2012-12-14,7.0,7.0,7.0,7.0,6.47233,0,0.0,0.0
2012-12-17,7.0,7.0,7.0,7.0,6.47233,0,0.0,0.0
2012-12-18,7.0,7.0,7.0,7.0,6.47233,0,0.0,0.0
2012-12-19,7.0,7.0,7.0,7.0,6.47233,0,0.0,0.0
2012-12-20,7.0,7.0,7.0,7.0,6.47233,0,0.0,0.0
2012-12-21,7.0,7.0,7.0,7.0,6.47233,0,0.0,0.0
2012-12-24,7.0,7.0,7.0,7.0,6.47233,0,0.0,0.0
2012-12-26,7.0,7.0,7.0,7.0,6.47233,0,0.0,0.0
2012-12-27,7.0,7.0,7.0,7.0,6.47233,0,0.0,0.0
2012-12-28,7.0,7.0,7.0,7.0,6.47233,0,0.0,0.0
2012-12-31,7.05,7.05,7.05,7.05,6.518559,3000,0.0,0.0
2013-01-02,7.05,7.05,7.05,7.05,6.518559,0,0.0,0.0
2013-01-03,7.4,7.4,7.4,7.4,6.842177,3000,0.0,0.0
2013-01-04,7.4,7.4,7.4,7.4,6.842177,0,0.0,0.0
2013-01-07,7.4,7.4,7.4,7.4,6.842177,0,0.0,0.0
2013-01-08,7.4,7.4,7.4,7.4,6.842177,0,0.0,0.0
2013-01-09,7.4,7.4,7.4,7.4,6.842177,0,0.0,0.0
2013-01-10,7.4,7.4,7.4,7.4,6.842177,0,0.0,0.0
2013-01-11,7.4,7.4,7.4,7.4,6.842177,0,0.0,0.0
2013-01-14,7.4,7.4,7.4,7.4,6.842177,0,0.0,0.0
2013-01-15,7.4,7.4,7.4,7.4,6.842177,0,0.0,0.0
2013-01-16,7.4,7.4,7.4,7.4,6.842177,0,0.0,0.0
2013-01-17,7.4,7.4,7.4,7.4,6.842177,0,0.0,0.0
2013-01-18,7.4,7.4,7.4,7.4,6.842177,0,0.0,0.0
2013-01-22,7.4,7.4,7.4,7.4,6.842177,0,0.0,0.0
2013-01-23,7.4,7.4,7.4,7.4,6.842177,2000,0.0,0.0
2013-01-24,7.4,7.4,7.4,7.4,6.842177,0,0.0,0.0
2013-01-25,7.4,7.4,7.4,7.4,6.842177,0,0.0,0.0
2013-01-28,7.4,7.4,7.4,7.4,6.842177,0,0.0,0.0
2013-01-29,7.4,7.4,7.4,7.4,6.853755,0,0.0125,0.0
2013-01-30,7.5,7.5,7.5,7.5,6.946371,2000,0.0,0.0
2013-01-31,7.5,7.5,7.5,7.5,6.946371,0,0.0,0.0
2013-02-01,7.5,7.5,7.5,7.5,6.946371,0,0.0,0.0
2013-02-04,7.5,7.5,7.5,7.5,6.946371,0,0.0,0.0
2013-02-05,7.5,7.5,7.5,7.5,6.946371,0,0.0,0.0
2013-02-06,7.5,7.5,7.5,7.5,6.946371,0,0.0,0.0
2013-02-07,7.5,7.5,7.5,7.5,6.946371,0,0.0,0.0
2013-02-08,7.5,7.5,7.5,7.5,6.946371,0,0.0,0.0
2013-02-11,7.5,7.5,7.5,7.5,6.946371,0,0.0,0.0
2013-02-12,7.5,7.5,7.5,7.5,6.946371,0,0.0,0.0
2013-02-13,7.5,7.5,7.5,7.5,6.946371,0,0.0,0.0
2013-02-14,7.5,7.5,7.5,7.5,6.946371,0,0.0,0.0
2013-02-15,7.5,7.5,7.5,7.5,6.946371,0,0.0,0.0
2013-02-19,7.5,7.5,7.5,7.5,6.946371,0,0.0,0.0
2013-02-20,7.5,7.5,7.5,7.5,6.946371,0,0.0,0.0
2013-02-21,7.5,7.5,7.5,7.5,6.946371,0,0.0,0.0
2013-02-22,7.5,7.5,7.5,7.5,6.946371,0,0.0,0.0
2013-02-25,7.5,7.5,7.5,7.5,6.946371,0,0.0,0.0
2013-02-26,7.5,7.5,7.5,7.5,6.946371,0,0.0,0.0
2013-02-27,7.5,7.5,7.5,7.5,6.946371,0,0.0,0.0
2013-02-28,7.5,7.5,7.5,7.5,6.946371,0,0.0,0.0
2013-03-01,7.5,7.5,7.5,7.5,6.946371,0,0.0,0.0
2013-03-04,7.5,7.5,7.5,7.5,6.946371,0,0.0,0.0
2013-03-05,7.5,7.5,7.5,7.5,6.946371,0,0.0,0.0
2013-03-06,7.5,7.5,7.5,7.5,6.946371,0,0.0,0.0
2013-03-07,7.5,7.5,7.5,7.5,6.946371,0,0.0,0.0
2013-03-08,7.5,7.5,7.5,7.5,6.946371,0,0.0,0.0
2013-03-11,7.5,7.5,7.5,7.5,6.946371,0,0.0,0.0
2013-03-12,7.5,7.5,7.5,7.5,6.946371,0,0.0,0.0
2013-03-13,7.5,7.5,7.5,7.5,6.946371,0,0.0,0.0
2013-03-14,7.5,7.5,7.5,7.5,6.946371,0,0.0,0.0
2013-03-15,7.5,7.5,7.5,7.5,6.946371,0,0.0,0.0
2013-03-18,7.5,7.5,7.5,7.5,6.946371,0,0.0,0.0
2013-03-19,7.5,7.5,7.5,7.5,6.946371,0,0.0,0.0
2013-03-20,7.5,7.5,7.5,7.5,6.946371,0,0.0,0.0
2013-03-21,7.5,7.5,7.5,7.5,6.946371,0,0.0,0.0
2013-03-22,7.5,7.5,7.5,7.5,6.946371,0,0.0,0.0
2013-03-25,7.5,7.5,7.5,7.5,6.946371,0,0.0,0.0
2013-03-26,7.5,7.5,7.5,7.5,6.946371,0,0.0,0.0
2013-03-27,7.5,7.5,7.35,7.4,6.853755,15000,0.0,0.0
2013-03-28,7.4,7.4,7.4,7.4,6.853755,0,0.0,0.0
2013-04-01,7.4,7.4,7.4,7.4,6.853755,0,0.0,0.0
2013-04-02,7.405,7.405,7.405,7.405,6.858384,1000,0.0,0.0
2013-04-03,7.405,7.405,7.405,7.405,6.858384,0,0.0,0.0
2013-04-04,7.405,7.405,7.405,7.405,6.858384,0,0.0,0.0
2013-04-05,7.405,7.405,7.405,7.405,6.858384,0,0.0,0.0
2013-04-08,7.405,7.405,7.405,7.405,6.858384,0,0.0,0.0
2013-04-09,7.405,7.405,7.405,7.405,6.858384,0,0.0,0.0
2013-04-10,7.405,7.405,7.405,7.405,6.858384,0,0.0,0.0
2013-04-11,7.405,7.405,7.405,7.405,6.858384,0,0.0,0.0
2013-04-12,7.405,7.405,7.405,7.405,6.858384,0,0.0,0.0
2013-04-15,7.405,7.5,7.405,7.5,6.946371,5000,0.0,0.0
2013-04-16,7.5,7.5,7.5,7.5,6.946371,0,0.0,0.0
2013-04-17,7.55,7.55,7.55,7.55,6.99268,1000,0.0,0.0
2013-04-18,7.55,7.55,7.55,7.55,6.99268,1000,0.0,0.0
2013-04-19,7.55,7.55,7.55,7.55,6.99268,0,0.0,0.0
2013-04-22,7.55,7.55,7.55,7.55,6.99268,0,0.0,0.0
2013-04-23,7.55,7.55,7.55,7.55,6.99268,0,0.0,0.0
2013-04-24,7.55,7.55,7.55,7.55,6.99268,0,0.0,0.0
2013-04-25,7.7,7.8,7.7,7.8,7.224226,8000,0.0,0.0
2013-04-26,7.8,7.8,7.8,7.8,7.224226,0,0.0,0.0
2013-04-29,7.8,7.8,7.8,7.8,7.224226,0,0.0,0.0
2013-04-30,8.0,8.0,8.0,8.0,7.409462,3000,0.0,0.0
2013-05-01,8.0,8.0,8.0,8.0,7.409462,0,0.0,0.0
2013-05-02,8.0,8.0,8.0,8.0,7.421057,0,0.0125,0.0
2013-05-03,9.799,9.799,9.799,9.799,9.089868,1000,0.0,0.0
2013-05-06,9.6,9.6,9.6,9.6,8.905268,1000,0.0,0.0
2013-05-07,9.6,9.6,9.6,9.6,8.905268,0,0.0,0.0
2013-05-08,9.6,9.6,9.6,9.6,8.905268,0,0.0,0.0
2013-05-09,9.6,9.6,9.6,9.6,8.905268,0,0.0,0.0
2013-05-10,9.6,9.6,9.6,9.6,8.905268,0,0.0,0.0
2013-05-13,9.6,9.6,9.6,9.6,8.905268,0,0.0,0.0
2013-05-14,9.6,9.6,9.6,9.6,8.905268,0,0.0,0.0
2013-05-15,9.6,9.6,9.6,9.6,8.905268,0,0.0,0.0
2013-05-16,9.6,9.6,9.6,9.6,8.905268,0,0.0,0.0
2013-05-17,9.6,9.6,9.6,9.6,8.905268,0,0.0,0.0
2013-05-20,9.6,9.6,9.6,9.6,8.905268,0,0.0,0.0
2013-05-21,9.6,9.6,9.6,9.6,8.905268,0,0.0,0.0
2013-05-22,9.6,9.6,9.6,9.6,8.905268,0,0.0,0.0
2013-05-23,9.6,9.6,9.6,9.6,8.905268,0,0.0,0.0
2013-05-24,9.6,9.6,9.6,9.6,8.905268,0,0.0,0.0
2013-05-28,9.6,9.6,9.6,9.6,8.905268,0,0.0,0.0
2013-05-29,9.6,9.6,9.6,9.6,8.905268,0,0.0,0.0
2013-05-30,9.6,9.6,9.6,9.6,8.905268,0,0.0,0.0
2013-05-31,9.6,9.6,9.6,9.6,8.905268,0,0.0,0.0
2013-06-03,9.6,9.6,9.6,9.6,8.905268,0,0.0,0.0
2013-06-04,9.6,9.6,9.6,9.6,8.905268,0,0.0,0.0
2013-06-05,9.6,9.6,9.6,9.6,8.905268,0,0.0,0.0
2013-06-06,9.6,9.6,9.6,9.6,8.905268,0,0.0,0.0
2013-06-07,9.6,9.6,9.6,9.6,8.905268,0,0.0,0.0
2013-06-10,9.6,9.6,9.6,9.6,8.905268,0,0.0,0.0
2013-06-11,9.6,9.6,9.6,9.6,8.905268,0,0.0,0.0
2013-06-12,9.6,9.6,9.6,9.6,8.905268,0,0.0,0.0
2013-06-13,9.6,9.6,9.6,9.6,8.905268,0,0.0,0.0
2013-06-14,9.6,9.6,9.6,9.6,8.905268,0,0.0,0.0
2013-06-17,9.6,9.6,9.6,9.6,8.905268,0,0.0,0.0
2013-06-18,9.6,9.6,9.6,9.6,8.905268,0,0.0,0.0
2013-06-19,8.45,8.45,8.45,8.45,7.838492,1000,0.0,0.0
2013-06-20,8.45,8.45,8.45,8.45,7.838492,0,0.0,0.0
2013-06-21,8.5,8.5,8.5,8.5,7.884872,1000,0.0,0.0
2013-06-24,9.0,9.0,9.0,9.0,8.348691,1000,0.0,0.0
2013-06-25,9.75,9.75,9.75,9.75,9.044412,3000,0.0,0.0
2013-06-26,9.75,9.75,9.75,9.75,9.044412,0,0.0,0.0
2013-06-27,9.75,9.75,9.75,9.75,9.044412,0,0.0,0.0
2013-06-28,9.75,9.75,9.75,9.75,9.044412,0,0.0,0.0
2013-07-01,9.75,9.75,9.75,9.75,9.044412,0,0.0,0.0
2013-07-02,9.75,9.75,9.75,9.75,9.044412,0,0.0,0.0
2013-07-03,9.75,9.75,9.75,9.75,9.044412,0,0.0,0.0
2013-07-05,9.75,9.75,9.75,9.75,9.044412,2000,0.0,0.0
2013-07-08,9.75,9.75,9.75,9.75,9.044412,0,0.0,0.0
2013-07-09,9.75,9.75,9.75,9.75,9.044412,0,0.0,0.0
2013-07-10,9.0,9.0,9.0,9.0,8.348691,5000,0.0,0.0
2013-07-11,9.0,9.0,9.0,9.0,8.348691,0,0.0,0.0
2013-07-12,9.0,9.0,9.0,9.0,8.348691,0,0.0,0.0
2013-07-15,9.0,9.0,9.0,9.0,8.348691,0,0.0,0.0
2013-07-16,9.3,9.3,9.3,9.3,8.62698,5000,0.0,0.0
2013-07-17,9.3,9.3,9.3,9.3,8.62698,0,0.0,0.0
2013-07-18,9.3,9.3,9.3,9.3,8.62698,0,0.0,0.0
2013-07-19,9.3,9.3,9.3,9.3,8.62698,0,0.0,0.0
2013-07-22,9.3,9.3,9.3,9.3,8.62698,0,0.0,0.0
2013-07-23,9.3,9.3,9.3,9.3,8.62698,0,0.0,0.0
2013-07-24,9.5,9.5,9.5,9.5,8.812504,1000,0.0,0.0
2013-07-25,9.5,9.5,9.5,9.5,8.812504,0,0.0,0.0
2013-07-26,9.5,9.5,9.5,9.5,8.824121,0,0.0125,0.0
2013-07-29,9.5,9.5,9.5,9.5,8.824121,0,0.0,0.0
2013-07-30,9.5,9.5,9.5,9.5,8.824121,0,0.0,0.0
2013-07-31,9.5,9.5,9.5,9.5,8.824121,0,0.0,0.0
2013-08-01,9.5,9.5,9.5,9.5,8.824121,0,0.0,0.0
2013-08-02,9.5,9.5,9.5,9.5,8.824121,0,0.0,0.0
2013-08-05,9.75,9.75,9.75,9.75,9.056334,2000,0.0,0.0
2013-08-06,9.7,9.8,9.7,9.8,9.102771,39000,0.0,0.0
2013-08-07,9.8,9.8,9.8,9.8,9.102771,0,0.0,0.0
2013-08-08,9.8,9.8,9.8,9.8,9.102771,0,0.0,0.0
2013-08-09,9.8,9.8,9.8,9.8,9.102771,0,0.0,0.0
2013-08-12,9.8,9.8,9.8,9.8,9.102771,0,0.0,0.0
2013-08-13,9.8,9.8,9.8,9.8,9.102771,0,0.0,0.0
2013-08-14,9.8,9.8,9.8,9.8,9.102771,0,0.0,0.0
2013-08-15,9.8,9.8,9.8,9.8,9.102771,0,0.0,0.0
2013-08-16,9.8,9.8,9.8,9.8,9.102771,0,0.0,0.0
2013-08-19,9.8,9.8,9.8,9.8,9.102771,0,0.0,0.0
2013-08-20,9.8,9.8,9.8,9.8,9.102771,0,0.0,0.0
2013-08-21,9.8,9.8,9.8,9.8,9.102771,0,0.0,0.0
2013-08-22,9.8,9.8,9.8,9.8,9.102771,0,0.0,0.0
2013-08-23,9.8,9.8,9.8,9.8,9.102771,0,0.0,0.0
2013-08-26,9.8,9.8,9.8,9.8,9.102771,0,0.0,0.0
2013-08-27,9.9,9.9,9.9,9.9,9.195658,3000,0.0,0.0
2013-08-28,9.9,9.9,9.9,9.9,9.195658,0,0.0,0.0
2013-08-29,9.9,9.9,9.9,9.9,9.195658,0,0.0,0.0
2013-08-30,9.9,9.9,9.9,9.9,9.195658,0,0.0,0.0
2013-09-03,9.9,9.9,9.9,9.9,9.195658,0,0.0,0.0
2013-09-04,9.9,9.9,9.9,9.9,9.195658,0,0.0,0.0
2013-09-05,9.9,9.9,9.9,9.9,9.195658,0,0.0,0.0
2013-09-06,9.9,9.9,9.9,9.9,9.195658,0,0.0,0.0
2013-09-09,9.9,9.9,9.9,9.9,9.195658,0,0.0,0.0
2013-09-10,9.9,9.9,9.9,9.9,9.195658,0,0.0,0.0
2013-09-11,9.9,9.9,9.9,9.9,9.195658,0,0.0,0.0
2013-09-12,10.0,10.2,10.0,10.2,9.474317,7000,0.0,0.0
2013-09-13,10.2,10.2,10.2,10.2,9.474317,0,0.0,0.0
2013-09-16,10.2,10.2,10.2,10.2,9.474317,0,0.0,0.0
2013-09-17,10.2,10.2,10.2,10.2,9.474317,0,0.0,0.0
2013-09-18,10.2,10.2,10.2,10.2,9.474317,0,0.0,0.0
2013-09-19,10.2,10.2,10.2,10.2,9.474317,0,0.0,0.0
2013-09-20,10.2,10.2,10.2,10.2,9.474317,0,0.0,0.0
2013-09-23,10.2,10.2,10.2,10.2,9.474317,0,0.0,0.0
2013-09-24,10.2,10.2,10.2,10.2,9.474317,0,0.0,0.0
2013-09-25,10.2,10.2,10.2,10.2,9.474317,0,0.0,0.0
2013-09-26,10.2,10.2,10.2,10.2,9.474317,0,0.0,0.0
2013-09-27,10.2,10.2,10.2,10.2,9.474317,0,0.0,0.0
2013-09-30,10.2,10.2,10.2,10.2,9.474317,0,0.0,0.0
2013-10-01,10.2,10.2,10.2,10.2,9.474317,0,0.0,0.0
2013-10-02,10.2,10.2,10.2,10.2,9.474317,0,0.0,0.0
2013-10-03,10.2,10.2,10.2,10.2,9.474317,0,0.0,0.0
2013-10-04,10.2,10.2,10.2,10.2,9.474317,0,0.0,0.0
2013-10-07,10.2,10.2,10.2,10.2,9.474317,0,0.0,0.0
2013-10-08,9.8,9.8,9.8,9.8,9.102771,1000,0.0,0.0
2013-10-09,10.0,10.0,10.0,10.0,9.288544,1000,0.0,0.0
2013-10-10,10.0,10.0,10.0,10.0,9.288544,0,0.0,0.0
2013-10-11,10.0,10.0,10.0,10.0,9.288544,0,0.0,0.0
2013-10-14,10.0,10.0,10.0,10.0,9.288544,0,0.0,0.0
2013-10-15,10.0,10.0,10.0,10.0,9.288544,0,0.0,0.0
2013-10-16,10.0,10.0,10.0,10.0,9.288544,0,0.0,0.0
2013-10-17,10.0,10.0,10.0,10.0,9.288544,0,0.0,0.0
2013-10-18,10.0,10.0,10.0,10.0,9.288544,0,0.0,0.0
2013-10-21,10.0,10.0,10.0,10.0,9.288544,0,0.0,0.0
2013-10-22,10.0,10.0,10.0,10.0,9.288544,0,0.0,0.0
2013-10-23,10.0,10.0,10.0,10.0,9.288544,0,0.0,0.0
2013-10-24,10.0,10.0,10.0,10.0,9.288544,0,0.0,0.0
2013-10-25,10.0,10.0,10.0,10.0,9.288544,0,0.0,0.0
2013-10-28,10.0,10.0,10.0,10.0,9.288544,0,0.0,0.0
2013-10-29,10.0,10.0,10.0,10.0,9.288544,0,0.0,0.0
2013-10-30,10.0,10.0,10.0,10.0,9.300169,0,0.0125,0.0
2013-10-31,10.0,10.0,10.0,10.0,9.300169,0,0.0,0.0
2013-11-01,10.0,10.0,10.0,10.0,9.300169,0,0.0,0.0
2013-11-04,10.0,10.0,10.0,10.0,9.300169,0,0.0,0.0
2013-11-05,10.0,10.0,10.0,10.0,9.300169,0,0.0,0.0
2013-11-06,10.0,10.0,10.0,10.0,9.300169,0,0.0,0.0
2013-11-07,10.0,10.0,10.0,10.0,9.300169,0,0.0,0.0
2013-11-08,10.0,10.0,10.0,10.0,9.300169,0,0.0,0.0
2013-11-11,10.0,10.0,10.0,10.0,9.300169,0,0.0,0.0
2013-11-12,10.0,10.0,10.0,10.0,9.300169,0,0.0,0.0
2013-11-13,10.0,10.0,10.0,10.0,9.300169,0,0.0,0.0
2013-11-14,10.0,10.0,10.0,10.0,9.300169,0,0.0,0.0
2013-11-15,10.0,10.0,10.0,10.0,9.300169,0,0.0,0.0
2013-11-18,10.0,10.0,10.0,10.0,9.300169,0,0.0,0.0
2013-11-19,10.0,10.0,10.0,10.0,9.300169,0,0.0,0.0
2013-11-20,10.0,10.0,10.0,10.0,9.300169,0,0.0,0.0
2013-11-21,10.0,10.0,10.0,10.0,9.300169,0,0.0,0.0
2013-11-22,10.0,10.0,10.0,10.0,9.300169,0,0.0,0.0
2013-11-25,10.0,10.0,10.0,10.0,9.300169,0,0.0,0.0
2013-11-26,10.0,10.0,10.0,10.0,9.300169,0,0.0,0.0
2013-11-27,10.0,10.0,10.0,10.0,9.300169,0,0.0,0.0
2013-11-29,10.0,10.0,10.0,10.0,9.300169,0,0.0,0.0
2013-12-02,10.2,10.2,10.2,10.2,9.486175,2000,0.0,0.0
2013-12-03,10.2,10.2,10.2,10.2,9.486175,0,0.0,0.0
2013-12-04,10.0,10.0,10.0,10.0,9.300169,1000,0.0,0.0
2013-12-05,10.0,10.0,10.0,10.0,9.300169,0,0.0,0.0
2013-12-06,10.0,10.0,10.0,10.0,9.300169,0,0.0,0.0
2013-12-09,10.0,10.0,10.0,10.0,9.300169,0,0.0,0.0
2013-12-10,10.0,10.0,10.0,10.0,9.300169,0,0.0,0.0
2013-12-11,10.0,10.0,10.0,10.0,9.300169,0,0.0,0.0
2013-12-12,10.0,10.0,10.0,10.0,9.300169,0,0.0,0.0
2013-12-13,10.0,10.0,10.0,10.0,9.300169,0,0.0,0.0
2013-12-16,10.0,10.0,10.0,10.0,9.300169,0,0.0,0.0
2013-12-17,10.0,10.0,10.0,10.0,9.300169,0,0.0,0.0
2013-12-18,10.0,10.0,10.0,10.0,9.300169,0,0.0,0.0
2013-12-19,10.0,10.0,10.0,10.0,9.300169,0,0.0,0.0
2013-12-20,10.0,10.0,10.0,10.0,9.300169,0,0.0,0.0
2013-12-23,10.0,10.0,10.0,10.0,9.300169,0,0.0,0.0
2013-12-24,10.0,10.0,10.0,10.0,9.300169,0,0.0,0.0
2013-12-26,10.0,10.0,10.0,10.0,9.300169,0,0.0,0.0
2013-12-27,9.81,9.81,9.81,9.81,9.123467,2000,0.0,0.0
2013-12-30,10.0,10.0,10.0,10.0,9.300169,1000,0.0,0.0
2013-12-31,10.0,10.0,10.0,10.0,9.300169,0,0.0,0.0
2014-01-02,10.0,10.0,10.0,10.0,9.300169,0,0.0,0.0
2014-01-03,10.0,10.0,10.0,10.0,9.300169,0,0.0,0.0
2014-01-06,10.0,10.0,10.0,10.0,9.300169,0,0.0,0.0
2014-01-07,10.0,10.0,10.0,10.0,9.300169,0,0.0,0.0
2014-01-08,10.0,10.0,10.0,10.0,9.300169,0,0.0,0.0
2014-01-09,10.0,10.0,10.0,10.0,9.300169,0,0.0,0.0
2014-01-10,10.0,10.0,10.0,10.0,9.300169,0,0.0,0.0
2014-01-13,10.0,10.0,10.0,10.0,9.300169,0,0.0,0.0
2014-01-14,10.0,10.0,10.0,10.0,9.300169,0,0.0,0.0
2014-01-15,9.81,9.81,9.81,9.81,9.123467,3000,0.0,0.0
2014-01-16,9.81,9.81,9.81,9.81,9.123467,0,0.0,0.0
2014-01-17,9.81,9.81,9.81,9.81,9.123467,0,0.0,0.0
2014-01-21,9.81,9.81,9.81,9.81,9.123467,0,0.0,0.0
2014-01-22,9.81,9.81,9.81,9.81,9.123467,0,0.0,0.0
2014-01-23,9.81,9.81,9.81,9.81,9.123467,0,0.0,0.0
2014-01-24,9.81,9.81,9.81,9.81,9.123467,0,0.0,0.0
2014-01-27,9.81,9.81,9.81,9.81,9.123467,0,0.0,0.0
2014-01-28,9.81,9.81,9.81,9.81,9.123467,0,0.0,0.0
2014-01-29,9.81,9.81,9.81,9.81,9.137436,0,0.015,0.0
2014-01-30,9.81,9.81,9.81,9.81,9.137436,0,0.0,0.0
2014-01-31,9.812,9.812,9.812,9.812,9.139298,3000,0.0,0.0
2014-02-03,10.0,10.0,10.0,10.0,9.314409,3000,0.0,0.0
2014-02-04,10.0,10.0,10.0,10.0,9.314409,0,0.0,0.0
2014-02-05,10.0,10.0,10.0,10.0,9.314409,0,0.0,0.0
2014-02-06,10.0,10.0,10.0,10.0,9.314409,0,0.0,0.0
2014-02-07,9.812,10.0,9.812,10.0,9.314409,6000,0.0,0.0
2014-02-10,10.0,10.0,10.0,10.0,9.314409,0,0.0,0.0
2014-02-11,10.0,10.0,10.0,10.0,9.314409,0,0.0,0.0
2014-02-12,10.0,10.0,10.0,10.0,9.314409,0,0.0,0.0
2014-02-13,10.0,10.0,10.0,10.0,9.314409,0,0.0,0.0
2014-02-14,10.3,10.3,10.3,10.3,9.593843,1000,0.0,0.0
2014-02-18,10.0,10.0,10.0,10.0,9.314409,0,0.0,0.0
2014-02-19,10.3,10.3,10.3,10.3,9.593843,0,0.0,0.0
2014-02-20,10.3,10.3,10.3,10.3,9.593843,0,0.0,0.0
2014-02-21,10.3,10.3,10.3,10.3,9.593843,0,0.0,0.0
2014-02-24,10.3,10.3,10.3,10.3,9.593843,0,0.0,0.0
2014-02-25,10.3,10.3,10.3,10.3,9.593843,0,0.0,0.0
2014-02-26,10.3,10.3,10.3,10.3,9.593843,0,0.0,0.0
2014-02-27,10.3,10.3,10.3,10.3,9.593843,0,0.0,0.0
2014-02-28,10.3,10.3,10.3,10.3,9.593843,0,0.0,0.0
2014-03-03,10.3,10.3,10.3,10.3,9.593843,0,0.0,0.0
2014-03-04,10.3,10.3,10.3,10.3,9.593843,0,0.0,0.0
2014-03-05,10.3,10.3,10.3,10.3,9.593843,0,0.0,0.0
2014-03-06,10.3,10.3,10.3,10.3,9.593843,0,0.0,0.0
2014-03-07,10.3,10.3,10.3,10.3,9.593843,0,0.0,0.0
2014-03-10,10.3,10.3,10.3,10.3,9.593843,0,0.0,0.0
2014-03-11,10.3,10.3,10.3,10.3,9.593843,0,0.0,0.0
2014-03-12,10.3,10.3,10.3,10.3,9.593843,0,0.0,0.0
2014-03-13,10.3,10.3,10.3,10.3,9.593843,0,0.0,0.0
2014-03-14,10.725,10.725,10.725,10.725,9.989703,2000,0.0,0.0
2014-03-17,10.725,10.725,10.725,10.725,9.989703,0,0.0,0.0
2014-03-18,10.725,10.725,10.725,10.725,9.989703,0,0.0,0.0
2014-03-19,10.725,10.725,10.725,10.725,9.989703,0,0.0,0.0
2014-03-20,10.725,10.725,10.725,10.725,9.989703,0,0.0,0.0
2014-03-21,10.725,10.725,10.725,10.725,9.989703,0,0.0,0.0
2014-03-24,10.725,10.725,10.725,10.725,9.989703,0,0.0,0.0
2014-03-25,10.725,10.725,10.725,10.725,9.989703,0,0.0,0.0
2014-03-26,10.725,10.725,10.725,10.725,9.989703,0,0.0,0.0
2014-03-27,10.725,10.725,10.725,10.725,9.989703,0,0.0,0.0
2014-03-28,10.725,10.725,10.725,10.725,9.989703,0,0.0,0.0
2014-03-31,10.725,10.725,10.725,10.725,9.989703,0,0.0,0.0
2014-04-01,10.725,10.725,10.725,10.725,9.989703,0,0.0,0.0
2014-04-02,10.725,10.725,10.725,10.725,9.989703,0,0.0,0.0
2014-04-03,10.725,10.725,10.725,10.725,9.989703,0,0.0,0.0
2014-04-04,10.725,10.725,10.725,10.725,9.989703,0,0.0,0.0
2014-04-07,10.725,10.725,10.725,10.725,9.989703,0,0.0,0.0
2014-04-08,10.725,10.725,10.725,10.725,9.989703,0,0.0,0.0
2014-04-09,10.725,10.725,10.725,10.725,9.989703,0,0.0,0.0
2014-04-10,10.725,10.725,10.725,10.725,9.989703,0,0.0,0.0
2014-04-11,10.725,10.725,10.725,10.725,9.989703,0,0.0,0.0
2014-04-14,10.725,10.725,10.725,10.725,9.989703,0,0.0,0.0
2014-04-15,10.725,10.725,10.725,10.725,9.989703,0,0.0,0.0
2014-04-16,10.725,10.725,10.725,10.725,9.989703,0,0.0,0.0
2014-04-17,10.725,10.725,10.725,10.725,9.989703,0,0.0,0.0
2014-04-21,10.725,10.725,10.725,10.725,9.989703,0,0.0,0.0
2014-04-22,10.725,10.725,10.725,10.725,9.989703,0,0.0,0.0
2014-04-23,10.725,10.725,10.725,10.725,9.989703,0,0.0,0.0
2014-04-24,10.725,10.725,10.725,10.725,10.003695,0,0.015,0.0
2014-04-25,10.725,10.725,10.725,10.725,10.003695,0,0.0,0.0
2014-04-28,10.725,10.725,10.725,10.725,10.003695,0,0.0,0.0
2014-04-29,10.725,10.725,10.725,10.725,10.003695,0,0.0,0.0
2014-04-30,10.725,10.725,10.725,10.725,10.003695,0,0.0,0.0
2014-05-01,10.725,10.725,10.725,10.725,10.003695,0,0.0,0.0
2014-05-02,10.725,10.725,10.725,10.725,10.003695,0,0.0,0.0
2014-05-05,10.725,10.725,10.725,10.725,10.003695,0,0.0,0.0
2014-05-06,10.641,10.641,10.641,10.641,9.925347,3000,0.0,0.0
2014-05-07,10.641,10.641,10.641,10.641,9.925347,0,0.0,0.0
2014-05-08,10.641,10.641,10.641,10.641,9.925347,0,0.0,0.0
2014-05-09,10.8,10.8,10.8,10.8,10.073653,3000,0.0,0.0
2014-05-12,10.8,10.8,10.8,10.8,10.073653,0,0.0,0.0
2014-05-13,10.8,10.8,10.8,10.8,10.073653,0,0.0,0.0
2014-05-14,10.8,10.8,10.8,10.8,10.073653,0,0.0,0.0
2014-05-15,10.8,10.8,10.8,10.8,10.073653,0,0.0,0.0
2014-05-16,10.8,10.8,10.8,10.8,10.073653,0,0.0,0.0
2014-05-19,10.8,10.8,10.8,10.8,10.073653,0,0.0,0.0
2014-05-20,10.8,10.8,10.8,10.8,10.073653,0,0.0,0.0
2014-05-21,10.8,10.8,10.8,10.8,10.073653,0,0.0,0.0
2014-05-22,10.8,10.8,10.8,10.8,10.073653,0,0.0,0.0
2014-05-23,10.8,10.8,10.8,10.8,10.073653,0,0.0,0.0
2014-05-27,10.8,10.8,10.8,10.8,10.073653,0,0.0,0.0
2014-05-28,10.8,10.8,10.8,10.8,10.073653,0,0.0,0.0
2014-05-29,10.8,10.8,10.8,10.8,10.073653,0,0.0,0.0
2014-05-30,10.8,10.8,10.8,10.8,10.073653,0,0.0,0.0
2014-06-02,10.8,10.8,10.8,10.8,10.073653,0,0.0,0.0
2014-06-03,10.8,10.8,10.8,10.8,10.073653,0,0.0,0.0
2014-06-04,10.8,10.8,10.8,10.8,10.073653,0,0.0,0.0
2014-06-05,10.8,10.8,10.8,10.8,10.073653,0,0.0,0.0
2014-06-06,10.8,10.8,10.8,10.8,10.073653,0,0.0,0.0
2014-06-09,10.8,10.8,10.8,10.8,10.073653,0,0.0,0.0
2014-06-10,10.8,10.8,10.8,10.8,10.073653,0,0.0,0.0
2014-06-11,10.8,10.8,10.8,10.8,10.073653,0,0.0,0.0
2014-06-12,10.8,10.8,10.8,10.8,10.073653,0,0.0,0.0
2014-06-13,10.8,10.8,10.8,10.8,10.073653,0,0.0,0.0
2014-06-16,10.8,10.8,10.8,10.8,10.073653,0,0.0,0.0
2014-06-17,10.8,10.8,10.8,10.8,10.073653,0,0.0,0.0
2014-06-18,10.8,10.8,10.8,10.8,10.073653,0,0.0,0.0
2014-06-19,10.8,10.8,10.8,10.8,10.073653,0,0.0,0.0
2014-06-20,10.8,10.8,10.8,10.8,10.073653,0,0.0,0.0
2014-06-23,10.8,10.8,10.8,10.8,10.073653,0,0.0,0.0
2014-06-24,10.8,10.8,10.8,10.8,10.073653,0,0.0,0.0
2014-06-25,10.8,10.8,10.8,10.8,10.073653,0,0.0,0.0
2014-06-26,11.0,11.0,11.0,11.0,10.260204,1000,0.0,0.0
2014-06-27,11.0,11.0,11.0,11.0,10.260204,0,0.0,0.0
2014-06-30,11.0,11.0,11.0,11.0,10.260204,0,0.0,0.0
2014-07-01,11.0,11.0,11.0,11.0,10.260204,0,0.0,0.0
2014-07-02,11.0,11.0,11.0,11.0,10.260204,0,0.0,0.0
2014-07-03,11.0,11.0,11.0,11.0,10.260204,0,0.0,0.0
2014-07-07,11.0,11.0,11.0,11.0,10.260204,0,0.0,0.0
2014-07-08,11.0,11.0,11.0,11.0,10.260204,0,0.0,0.0
2014-07-09,11.0,11.0,11.0,11.0,10.260204,0,0.0,0.0
2014-07-10,11.0,11.0,10.9,10.9,10.16693,3000,0.0,0.0
2014-07-11,10.9,10.9,10.9,10.9,10.16693,0,0.0,0.0
2014-07-14,10.9,10.9,10.9,10.9,10.16693,0,0.0,0.0
2014-07-15,10.9,10.9,10.9,10.9,10.16693,0,0.0,0.0
2014-07-16,10.9,10.9,10.9,10.9,10.16693,0,0.0,0.0
2014-07-17,10.9,10.9,10.9,10.9,10.16693,0,0.0,0.0
2014-07-18,10.9,10.9,10.9,10.9,10.16693,0,0.0,0.0
2014-07-21,10.9,10.9,10.9,10.9,10.16693,0,0.0,0.0
2014-07-22,10.9,10.9,10.9,10.9,10.16693,0,0.0,0.0
2014-07-23,10.9,10.9,10.9,10.9,10.16693,0,0.0,0.0
2014-07-24,10.9,10.9,10.9,10.9,10.16693,0,0.0,0.0
2014-07-25,10.9,10.9,10.9,10.9,10.16693,0,0.0,0.0
2014-07-28,10.9,10.9,10.9,10.9,10.16693,0,0.0,0.0
2014-07-29,10.9,10.9,10.9,10.9,10.16693,0,0.0,0.0
2014-07-30,10.9,10.9,10.9,10.9,10.18094,0,0.015,0.0
2014-07-31,10.9,10.9,10.9,10.9,10.18094,0,0.0,0.0
2014-08-01,10.9,10.9,10.9,10.9,10.18094,0,0.0,0.0
2014-08-04,10.9,10.9,10.9,10.9,10.18094,0,0.0,0.0
2014-08-05,10.9,10.9,10.9,10.9,10.18094,0,0.0,0.0
2014-08-06,10.9,10.9,10.9,10.9,10.18094,0,0.0,0.0
2014-08-07,11.0,11.0,11.0,11.0,10.274343,6000,0.0,0.0
2014-08-08,11.0,11.0,11.0,11.0,10.274343,2000,0.0,0.0
2014-08-11,11.0,11.0,11.0,11.0,10.274343,0,0.0,0.0
2014-08-12,11.0,11.2,11.0,11.2,10.461149,11000,0.0,0.0
2014-08-13,11.2,11.2,11.2,11.2,10.461149,0,0.0,0.0
2014-08-14,11.2,11.2,11.2,11.2,10.461149,0,0.0,0.0
2014-08-15,11.2,11.2,11.2,11.2,10.461149,0,0.0,0.0
2014-08-18,11.2,11.2,11.2,11.2,10.461149,0,0.0,0.0
2014-08-19,11.2,11.2,11.2,11.2,10.461149,0,0.0,0.0
2014-08-20,11.2,11.2,11.2,11.2,10.461149,0,0.0,0.0
2014-08-21,11.2,11.2,11.2,11.2,10.461149,0,0.0,0.0
2014-08-22,11.2,11.2,11.2,11.2,10.461149,0,0.0,0.0
2014-08-25,11.2,11.2,11.2,11.2,10.461149,0,0.0,0.0
2014-08-26,11.2,11.2,11.2,11.2,10.461149,0,0.0,0.0
2014-08-27,11.2,11.2,11.2,11.2,10.461149,0,0.0,0.0
2014-08-28,11.2,11.2,11.2,11.2,10.461149,0,0.0,0.0
2014-08-29,11.2,11.2,11.2,11.2,10.461149,0,0.0,0.0
2014-09-02,11.2,11.2,11.2,11.2,10.461149,0,0.0,0.0
2014-09-03,11.2,11.2,11.2,11.2,10.461149,0,0.0,0.0
2014-09-04,11.2,11.2,11.2,11.2,10.461149,0,0.0,0.0
2014-09-05,11.2,11.2,11.2,11.2,10.461149,0,0.0,0.0
2014-09-08,11.2,11.2,11.2,11.2,10.461149,0,0.0,0.0
2014-09-09,11.2,11.2,11.2,11.2,10.461149,0,0.0,0.0
2014-09-10,11.2,11.2,11.2,11.2,10.461149,0,0.0,0.0
2014-09-11,11.2,11.2,11.2,11.2,10.461149,0,0.0,0.0
2014-09-12,11.2,11.2,11.2,11.2,10.461149,0,0.0,0.0
2014-09-15,11.2,11.2,11.2,11.2,10.461149,0,0.0,0.0
2014-09-16,11.2,11.2,11.2,11.2,10.461149,0,0.0,0.0
2014-09-17,11.2,11.2,11.2,11.2,10.461149,0,0.0,0.0
2014-09-18,11.2,11.2,11.2,11.2,10.461149,0,0.0,0.0
2014-09-19,11.2,11.2,11.2,11.2,10.461149,0,0.0,0.0
2014-09-22,11.2,11.2,11.2,11.2,10.461149,0,0.0,0.0
2014-09-23,11.2,11.2,11.2,11.2,10.461149,0,0.0,0.0
2014-09-24,11.2,11.2,11.2,11.2,10.461149,0,0.0,0.0
2014-09-25,11.2,11.2,11.2,11.2,10.461149,0,0.0,0.0
2014-09-26,11.2,11.2,11.2,11.2,10.461149,0,0.0,0.0
2014-09-29,11.2,11.2,11.2,11.2,10.461149,0,0.0,0.0
2014-09-30,11.2,11.2,11.2,11.2,10.461149,0,0.0,0.0
2014-10-01,11.2,11.2,11.2,11.2,10.461149,0,0.0,0.0
2014-10-02,11.2,11.2,11.2,11.2,10.461149,0,0.0,0.0
2014-10-03,11.2,11.2,11.2,11.2,10.461149,0,0.0,0.0
2014-10-06,11.2,11.2,11.2,11.2,10.461149,0,0.0,0.0
2014-10-07,11.2,11.2,11.2,11.2,10.461149,0,0.0,0.0
2014-10-08,11.2,11.2,11.2,11.2,10.461149,0,0.0,0.0
2014-10-09,11.2,11.2,11.2,11.2,10.461149,0,0.0,0.0
2014-10-10,11.325,11.325,11.325,11.325,10.577906,14000,0.0,0.0
2014-10-13,11.325,11.325,11.325,11.325,10.577906,0,0.0,0.0
2014-10-14,11.45,11.45,11.45,11.45,10.69466,14000,0.0,0.0
2014-10-15,11.45,11.45,11.45,11.45,10.69466,0,0.0,0.0
2014-10-16,11.45,11.45,11.45,11.45,10.69466,0,0.0,0.0
2014-10-17,11.45,11.45,11.45,11.45,10.69466,0,0.0,0.0
2014-10-20,11.45,11.45,11.45,11.45,10.69466,0,0.0,0.0
2014-10-21,11.45,11.45,11.45,11.45,10.69466,0,0.0,0.0
2014-10-22,11.45,11.45,11.45,11.45,10.69466,0,0.0,0.0
2014-10-23,11.45,11.45,11.45,11.45,10.69466,0,0.0,0.0
2014-10-24,11.45,11.45,11.45,11.45,10.69466,0,0.0,0.0
2014-10-27,11.45,11.45,11.45,11.45,10.69466,0,0.0,0.0
2014-10-28,11.45,11.45,11.45,11.45,10.69466,0,0.0,0.0
2014-10-29,11.45,11.45,11.45,11.45,10.69466,0,0.0,0.0
2014-10-30,11.45,11.45,11.45,11.45,10.708686,0,0.015,0.0
2014-10-31,11.45,11.45,11.45,11.45,10.708686,0,0.0,0.0
2014-11-03,11.45,11.45,11.45,11.45,10.708686,0,0.0,0.0
2014-11-04,11.45,11.45,11.45,11.45,10.708686,0,0.0,0.0
2014-11-05,11.45,11.45,11.45,11.45,10.708686,0,0.0,0.0
2014-11-06,11.45,11.45,11.45,11.45,10.708686,0,0.0,0.0
2014-11-07,12.0,12.0,12.0,12.0,11.223077,2000,0.0,0.0
2014-11-10,12.0,12.0,12.0,12.0,11.223077,0,0.0,0.0
2014-11-11,12.0,12.0,12.0,12.0,11.223077,0,0.0,0.0
2014-11-12,12.0,12.0,12.0,12.0,11.223077,0,0.0,0.0
2014-11-13,12.0,12.0,12.0,12.0,11.223077,0,0.0,0.0
2014-11-14,12.0,12.0,12.0,12.0,11.223077,0,0.0,0.0
2014-11-17,12.0,12.0,12.0,12.0,11.223077,0,0.0,0.0
2014-11-18,12.0,12.0,12.0,12.0,11.223077,0,0.0,0.0
2014-11-19,12.0,12.0,12.0,12.0,11.223077,0,0.0,0.0
2014-11-20,12.0,12.0,12.0,12.0,11.223077,0,0.0,0.0
2014-11-21,12.0,12.0,12.0,12.0,11.223077,0,0.0,0.0
2014-11-24,12.0,12.0,12.0,12.0,11.223077,0,0.0,0.0
2014-11-25,12.0,12.0,12.0,12.0,11.223077,0,0.0,0.0
2014-11-26,12.0,12.0,12.0,12.0,11.223077,0,0.0,0.0
2014-11-28,12.0,12.0,12.0,12.0,11.223077,0,0.0,0.0
2014-12-01,12.0,12.0,12.0,12.0,11.223077,0,0.0,0.0
2014-12-02,12.0,12.0,12.0,12.0,11.223077,0,0.0,0.0
2014-12-03,12.0,12.0,12.0,12.0,11.223077,0,0.0,0.0
2014-12-04,12.0,12.0,12.0,12.0,11.223077,0,0.0,0.0
2014-12-05,12.0,12.0,12.0,12.0,11.223077,0,0.0,0.0
2014-12-08,12.0,12.0,12.0,12.0,11.223077,0,0.0,0.0
2014-12-09,12.0,12.0,12.0,12.0,11.223077,0,0.0,0.0
2014-12-10,12.0,12.0,12.0,12.0,11.223077,0,0.0,0.0
2014-12-11,12.0,12.0,12.0,12.0,11.223077,0,0.0,0.0
2014-12-12,12.0,12.0,12.0,12.0,11.223077,0,0.0,0.0
2014-12-15,12.0,12.0,12.0,12.0,11.223077,0,0.0,0.0
2014-12-16,12.0,12.0,12.0,12.0,11.223077,0,0.0,0.0
2014-12-17,12.0,12.0,12.0,12.0,11.223077,0,0.0,0.0
2014-12-18,12.0,12.0,12.0,12.0,11.223077,0,0.0,0.0
2014-12-19,12.0,12.0,12.0,12.0,11.223077,0,0.0,0.0
2014-12-22,12.0,12.0,12.0,12.0,11.223077,0,0.0,0.0
2014-12-23,12.0,12.0,12.0,12.0,11.223077,0,0.0,0.0
2014-12-24,12.0,12.0,12.0,12.0,11.223077,0,0.0,0.0
2014-12-26,12.0,12.0,12.0,12.0,11.223077,0,0.0,0.0
2014-12-29,12.0,12.0,12.0,12.0,11.223077,0,0.0,0.0
2014-12-30,12.0,12.0,12.0,12.0,11.223077,0,0.0,0.0
2014-12-31,12.0,12.0,12.0,12.0,11.223077,0,0.0,0.0
2015-01-02,12.0,12.0,12.0,12.0,11.223077,0,0.0,0.0
2015-01-05,12.0,12.0,12.0,12.0,11.223077,0,0.0,0.0
2015-01-06,12.5,12.5,12.5,12.5,11.690702,1000,0.0,0.0
2015-01-07,12.5,12.5,12.5,12.5,11.690702,0,0.0,0.0
2015-01-08,12.5,12.5,12.5,12.5,11.690702,0,0.0,0.0
2015-01-09,12.5,12.5,12.5,12.5,11.690702,0,0.0,0.0
2015-01-12,12.5,12.5,12.5,12.5,11.690702,0,0.0,0.0
2015-01-13,12.5,12.5,12.5,12.5,11.690702,0,0.0,0.0
2015-01-14,12.5,12.5,12.5,12.5,11.690702,0,0.0,0.0
2015-01-15,12.5,12.5,12.5,12.5,11.690702,0,0.0,0.0
2015-01-16,12.5,12.5,12.5,12.5,11.690702,0,0.0,0.0
2015-01-20,12.5,12.5,12.5,12.5,11.690702,0,0.0,0.0
2015-01-21,12.5,12.5,12.5,12.5,11.690702,0,0.0,0.0
2015-01-22,12.5,12.5,12.5,12.5,11.690702,0,0.0,0.0
2015-01-23,12.5,12.5,12.5,12.5,11.690702,0,0.0,0.0
2015-01-26,12.5,12.5,12.5,12.5,11.690702,0,0.0,0.0
2015-01-27,12.5,12.5,12.5,12.5,11.690702,0,0.0,0.0
2015-01-28,12.5,12.5,12.5,12.5,11.690702,0,0.0,0.0
2015-01-29,12.5,12.5,12.5,12.5,11.690702,0,0.0,0.0
2015-01-30,12.5,12.5,12.5,12.5,11.707561,0,0.018,0.0
2015-02-02,12.5,12.5,12.5,12.5,11.707561,0,0.0,0.0
2015-02-03,12.5,12.5,12.5,12.5,11.707561,0,0.0,0.0
2015-02-04,12.5,12.5,12.5,12.5,11.707561,0,0.0,0.0
2015-02-05,12.5,12.5,12.5,12.5,11.707561,0,0.0,0.0
2015-02-06,12.5,12.5,12.5,12.5,11.707561,0,0.0,0.0
2015-02-09,12.5,12.5,12.5,12.5,11.707561,0,0.0,0.0
2015-02-10,12.5,12.5,12.5,12.5,11.707561,0,0.0,0.0
2015-02-11,12.5,12.5,12.5,12.5,11.707561,0,0.0,0.0
2015-02-12,12.5,12.5,12.5,12.5,11.707561,0,0.0,0.0
2015-02-13,12.5,12.5,12.5,12.5,11.707561,0,0.0,0.0
2015-02-17,12.5,12.5,12.5,12.5,11.707561,0,0.0,0.0
2015-02-18,12.5,12.5,12.5,12.5,11.707561,0,0.0,0.0
2015-02-19,12.5,12.5,12.5,12.5,11.707561,0,0.0,0.0
2015-02-20,12.5,12.5,12.5,12.5,11.707561,0,0.0,0.0
2015-02-23,12.5,12.5,12.5,12.5,11.707561,0,0.0,0.0
2015-02-24,12.5,12.5,12.5,12.5,11.707561,0,0.0,0.0
2015-02-25,12.5,12.5,12.5,12.5,11.707561,0,0.0,0.0
2015-02-26,12.5,12.5,12.5,12.5,11.707561,0,0.0,0.0
2015-02-27,12.5,12.5,12.5,12.5,11.707561,0,0.0,0.0
2015-03-02,12.5,12.5,12.5,12.5,11.707561,0,0.0,0.0
2015-03-03,12.5,12.5,12.5,12.5,11.707561,0,0.0,0.0
2015-03-04,12.5,12.5,12.5,12.5,11.707561,0,0.0,0.0
2015-03-05,13.0,13.0,13.0,13.0,12.175866,1000,0.0,0.0
2015-03-06,13.0,13.0,13.0,13.0,12.175866,0,0.0,0.0
2015-03-09,13.0,13.0,13.0,13.0,12.175866,0,0.0,0.0
2015-03-10,13.0,13.0,13.0,13.0,12.175866,0,0.0,0.0
2015-03-11,13.0,13.0,13.0,13.0,12.175866,0,0.0,0.0
2015-03-12,13.0,13.0,13.0,13.0,12.175866,0,0.0,0.0
2015-03-13,13.0,13.0,13.0,13.0,12.175866,0,0.0,0.0
2015-03-16,13.0,13.0,13.0,13.0,12.175866,0,0.0,0.0
2015-03-17,13.0,13.0,13.0,13.0,12.175866,0,0.0,0.0
2015-03-18,13.0,13.0,13.0,13.0,12.175866,0,0.0,0.0
2015-03-19,13.0,13.0,13.0,13.0,12.175866,0,0.0,0.0
2015-03-20,13.0,13.0,13.0,13.0,12.175866,0,0.0,0.0
2015-03-23,13.0,13.0,13.0,13.0,12.175866,0,0.0,0.0
2015-03-24,13.0,13.0,13.0,13.0,12.175866,0,0.0,0.0
2015-03-25,13.0,13.0,13.0,13.0,12.175866,0,0.0,0.0
2015-03-26,13.0,13.0,13.0,13.0,12.175866,0,0.0,0.0
2015-03-27,13.0,13.0,13.0,13.0,12.175866,0,0.0,0.0
2015-03-30,13.5,13.5,13.5,13.5,12.644166,1000,0.0,0.0
2015-03-31,13.5,13.5,13.5,13.5,12.644166,0,0.0,0.0
2015-04-01,13.5,13.5,13.5,13.5,12.644166,0,0.0,0.0
2015-04-02,13.5,13.5,13.5,13.5,12.644166,0,0.0,0.0
2015-04-06,14.0,14.0,14.0,14.0,13.112473,1000,0.0,0.0
2015-04-07,14.0,14.0,14.0,14.0,13.112473,0,0.0,0.0
2015-04-08,14.0,14.0,14.0,14.0,13.112473,0,0.0,0.0
2015-04-09,14.0,14.0,14.0,14.0,13.112473,0,0.0,0.0
2015-04-10,14.0,14.0,14.0,14.0,13.112473,0,0.0,0.0
2015-04-13,14.0,14.0,14.0,14.0,13.112473,0,0.0,0.0
2015-04-14,14.0,14.0,14.0,14.0,13.112473,0,0.0,0.0
2015-04-15,14.0,14.0,14.0,14.0,13.112473,0,0.0,0.0
2015-04-16,14.0,14.0,14.0,14.0,13.112473,0,0.0,0.0
2015-04-17,14.0,14.0,14.0,14.0,13.112473,0,0.0,0.0
2015-04-20,14.0,14.0,14.0,14.0,13.112473,0,0.0,0.0
2015-04-21,14.0,14.0,14.0,14.0,13.112473,0,0.0,0.0
2015-04-22,14.0,14.0,14.0,14.0,13.112473,0,0.0,0.0
2015-04-23,14.0,14.0,14.0,14.0,13.112473,0,0.0,0.0
2015-04-24,14.0,14.0,14.0,14.0,13.112473,0,0.0,0.0
2015-04-27,14.0,14.0,14.0,14.0,13.112473,0,0.0,0.0
2015-04-28,14.0,14.0,14.0,14.0,13.112473,0,0.0,0.0
2015-04-29,14.0,14.0,14.0,14.0,13.112473,0,0.0,0.0
2015-04-30,14.0,14.0,14.0,14.0,13.112473,0,0.0,0.0
2015-05-01,14.0,14.0,14.0,14.0,13.129354,0,0.018,0.0
2015-05-04,14.0,14.0,14.0,14.0,13.129354,0,0.0,0.0
2015-05-05,14.0,14.0,14.0,14.0,13.129354,0,0.0,0.0
2015-05-06,14.0,14.0,14.0,14.0,13.129354,0,0.0,0.0
2015-05-07,14.0,14.0,14.0,14.0,13.129354,0,0.0,0.0
2015-05-08,14.0,14.0,14.0,14.0,13.129354,0,0.0,0.0
2015-05-11,14.0,14.0,14.0,14.0,13.129354,0,0.0,0.0
2015-05-12,14.0,14.0,14.0,14.0,13.129354,0,0.0,0.0
2015-05-13,14.0,14.0,14.0,14.0,13.129354,0,0.0,0.0
2015-05-14,14.0,14.0,14.0,14.0,13.129354,0,0.0,0.0
2015-05-15,14.0,14.0,14.0,14.0,13.129354,0,0.0,0.0
2015-05-18,14.0,14.0,14.0,14.0,13.129354,0,0.0,0.0
2015-05-19,14.0,14.0,14.0,14.0,13.129354,0,0.0,0.0
2015-05-20,14.0,14.0,14.0,14.0,13.129354,0,0.0,0.0
2015-05-21,14.0,14.0,14.0,14.0,13.129354,0,0.0,0.0
2015-05-22,14.0,14.0,14.0,14.0,13.129354,0,0.0,0.0
2015-05-26,14.0,14.0,14.0,14.0,13.129354,0,0.0,0.0
2015-05-27,14.0,14.0,14.0,14.0,13.129354,0,0.0,0.0
2015-05-28,14.0,14.0,14.0,14.0,13.129354,0,0.0,0.0
2015-05-29,14.0,14.0,14.0,14.0,13.129354,0,0.0,0.0
2015-06-01,14.0,14.0,14.0,14.0,13.129354,0,0.0,0.0
2015-06-02,14.0,14.0,14.0,14.0,13.129354,0,0.0,0.0
2015-06-03,14.0,14.0,14.0,14.0,13.129354,0,0.0,0.0
2015-06-04,14.0,14.0,14.0,14.0,13.129354,11000,0.0,0.0
2015-06-05,14.0,14.0,13.2,13.2,12.379104,2000,0.0,0.0
2015-06-08,13.2,13.2,13.2,13.2,12.379104,0,0.0,0.0
2015-06-09,13.2,13.2,13.2,13.2,12.379104,0,0.0,0.0
2015-06-10,13.2,13.2,13.2,13.2,12.379104,5000,0.0,0.0
2015-06-11,14.0,14.0,14.0,14.0,13.129354,1000,0.0,0.0
2015-06-12,14.0,14.0,14.0,14.0,13.129354,0,0.0,0.0
2015-06-15,14.0,14.0,14.0,14.0,13.129354,0,0.0,0.0
2015-06-16,14.0,14.0,14.0,14.0,13.129354,0,0.0,0.0
2015-06-17,14.0,14.0,14.0,14.0,13.129354,0,0.0,0.0
2015-06-18,14.0,14.0,14.0,14.0,13.129354,0,0.0,0.0
2015-06-19,14.0,14.0,14.0,14.0,13.129354,0,0.0,0.0
2015-06-22,14.0,14.0,14.0,14.0,13.129354,0,0.0,0.0
2015-06-23,14.0,14.0,14.0,14.0,13.129354,0,0.0,0.0
2015-06-24,14.0,14.0,14.0,14.0,13.129354,0,0.0,0.0
2015-06-25,14.0,14.0,14.0,14.0,13.129354,0,0.0,0.0
2015-06-26,14.0,14.0,14.0,14.0,13.129354,0,0.0,0.0
2015-06-29,14.0,14.0,14.0,14.0,13.129354,0,0.0,0.0
2015-06-30,14.0,14.0,14.0,14.0,13.129354,0,0.0,0.0
2015-07-01,14.0,14.0,14.0,14.0,13.129354,0,0.0,0.0
2015-07-02,14.0,14.0,14.0,14.0,13.129354,0,0.0,0.0
2015-07-06,14.0,14.0,14.0,14.0,13.129354,0,0.0,0.0
2015-07-07,14.0,14.0,14.0,14.0,13.129354,0,0.0,0.0
2015-07-08,14.0,14.0,14.0,14.0,13.129354,0,0.0,0.0
2015-07-09,14.0,14.0,14.0,14.0,13.129354,0,0.0,0.0
2015-07-10,14.0,14.0,14.0,14.0,13.129354,0,0.0,0.0
2015-07-13,14.0,14.0,14.0,14.0,13.129354,0,0.0,0.0
2015-07-14,14.0,14.0,14.0,14.0,13.129354,0,0.0,0.0
2015-07-15,14.0,14.0,14.0,14.0,13.129354,0,0.0,0.0
2015-07-16,14.0,14.0,14.0,14.0,13.129354,0,0.0,0.0
2015-07-17,12.1,12.2,12.1,12.2,11.441293,11000,0.0,0.0
2015-07-20,12.2,12.2,12.2,12.2,11.441293,0,0.0,0.0
2015-07-21,12.8,12.8,12.8,12.8,12.003981,1000,0.0,0.0
2015-07-22,12.8,12.8,12.8,12.8,12.003981,0,0.0,0.0
2015-07-23,12.6,12.6,12.5,12.5,11.722634,2000,0.0,0.0
2015-07-24,12.5,12.5,12.5,12.5,11.722634,0,0.0,0.0
2015-07-27,12.5,12.5,12.5,12.5,11.722634,0,0.0,0.0
2015-07-28,12.5,12.5,12.5,12.5,11.722634,0,0.0,0.0
2015-07-29,12.5,12.5,12.5,12.5,11.722634,0,0.0,0.0
2015-07-30,12.5,12.5,12.5,12.5,11.739539,0,0.018,0.0
2015-07-31,12.0,12.175,12.0,12.175,11.434312,7000,0.0,0.0
2015-08-03,12.175,12.175,12.175,12.175,11.434312,0,0.0,0.0
2015-08-04,12.175,12.175,12.175,12.175,11.434312,0,0.0,0.0
2015-08-05,12.175,12.175,12.175,12.175,11.434312,0,0.0,0.0
2015-08-06,12.175,12.175,12.175,12.175,11.434312,0,0.0,0.0
2015-08-07,12.175,12.175,12.175,12.175,11.434312,0,0.0,0.0
2015-08-10,12.175,12.175,12.175,12.175,11.434312,0,0.0,0.0
2015-08-11,12.175,12.175,12.175,12.175,11.434312,0,0.0,0.0
2015-08-12,12.175,12.175,12.175,12.175,11.434312,0,0.0,0.0
2015-08-13,12.175,12.175,12.175,12.175,11.434312,0,0.0,0.0
2015-08-14,12.175,12.175,12.175,12.175,11.434312,0,0.0,0.0
2015-08-17,12.175,12.175,12.175,12.175,11.434312,0,0.0,0.0
2015-08-18,12.175,12.175,12.175,12.175,11.434312,0,0.0,0.0
2015-08-19,12.175,12.175,12.175,12.175,11.434312,0,0.0,0.0
2015-08-20,12.175,12.175,12.175,12.175,11.434312,0,0.0,0.0
2015-08-21,12.175,12.175,12.175,12.175,11.434312,0,0.0,0.0
2015-08-24,12.175,12.175,12.175,12.175,11.434312,0,0.0,0.0
2015-08-25,12.6,12.6,12.6,12.6,11.833457,3000,0.0,0.0
2015-08-26,12.6,12.6,12.6,12.6,11.833457,0,0.0,0.0
2015-08-27,12.6,12.6,12.6,12.6,11.833457,0,0.0,0.0
2015-08-28,12.6,12.6,12.6,12.6,11.833457,0,0.0,0.0
2015-08-31,12.6,12.6,12.6,12.6,11.833457,0,0.0,0.0
2015-09-01,12.6,12.6,12.6,12.6,11.833457,0,0.0,0.0
2015-09-02,12.6,12.6,12.6,12.6,11.833457,0,0.0,0.0
2015-09-03,12.6,12.6,12.6,12.6,11.833457,0,0.0,0.0
2015-09-04,12.6,12.6,12.6,12.6,11.833457,0,0.0,0.0
2015-09-08,12.6,12.6,12.6,12.6,11.833457,0,0.0,0.0
2015-09-09,12.6,12.6,12.6,12.6,11.833457,0,0.0,0.0
2015-09-10,12.6,12.6,12.6,12.6,11.833457,0,0.0,0.0
2015-09-11,12.6,12.6,12.6,12.6,11.833457,0,0.0,0.0
2015-09-14,12.6,12.6,12.6,12.6,11.833457,0,0.0,0.0
2015-09-15,12.6,12.6,12.6,12.6,11.833457,0,0.0,0.0
2015-09-16,12.6,12.6,12.6,12.6,11.833457,0,0.0,0.0
2015-09-17,12.6,12.6,12.6,12.6,11.833457,0,0.0,0.0
2015-09-18,12.6,12.6,12.6,12.6,11.833457,0,0.0,0.0
2015-09-21,12.6,12.6,12.6,12.6,11.833457,0,0.0,0.0
2015-09-22,12.6,12.6,12.6,12.6,11.833457,0,0.0,0.0
2015-09-23,12.6,12.6,12.6,12.6,11.833457,0,0.0,0.0
2015-09-24,12.6,12.6,12.6,12.6,11.833457,0,0.0,0.0
2015-09-25,12.6,12.6,12.6,12.6,11.833457,0,0.0,0.0
2015-09-28,12.6,12.6,12.6,12.6,11.833457,0,0.0,0.0
2015-09-29,12.6,12.6,12.6,12.6,11.833457,0,0.0,0.0
2015-09-30,12.6,12.6,12.6,12.6,11.833457,0,0.0,0.0
2015-10-01,12.6,12.6,12.6,12.6,11.833457,0,0.0,0.0
2015-10-02,12.6,12.6,12.6,12.6,11.833457,0,0.0,0.0
2015-10-05,12.6,12.6,12.6,12.6,11.833457,0,0.0,0.0
2015-10-06,12.6,12.6,12.6,12.6,11.833457,0,0.0,0.0
2015-10-07,12.6,12.6,12.6,12.6,11.833457,0,0.0,0.0
2015-10-08,12.6,12.6,12.6,12.6,11.833457,0,0.0,0.0
2015-10-09,12.6,12.6,12.6,12.6,11.833457,0,0.0,0.0
2015-10-12,12.6,12.6,12.6,12.6,11.833457,0,0.0,0.0
2015-10-13,12.6,12.6,12.6,12.6,11.833457,0,0.0,0.0
2015-10-14,12.6,12.6,12.6,12.6,11.833457,0,0.0,0.0
2015-10-15,12.6,12.6,12.6,12.6,11.833457,0,0.0,0.0
2015-10-16,12.6,12.6,12.6,12.6,11.833457,0,0.0,0.0
2015-10-19,12.6,12.6,12.6,12.6,11.833457,0,0.0,0.0
2015-10-20,12.6,12.6,12.6,12.6,11.833457,0,0.0,0.0
2015-10-21,12.6,12.6,12.6,12.6,11.833457,0,0.0,0.0
2015-10-22,12.6,12.6,12.6,12.6,11.833457,0,0.0,0.0
2015-10-23,12.6,12.6,12.6,12.6,11.833457,0,0.0,0.0
2015-10-26,12.6,12.6,12.6,12.6,11.833457,0,0.0,0.0
2015-10-27,12.6,12.6,12.6,12.6,11.833457,0,0.0,0.0
2015-10-28,12.6,12.6,12.6,12.6,11.833457,0,0.0,0.0
2015-10-29,12.6,12.6,12.6,12.6,11.850383,0,0.018,0.0
2015-10-30,11.7,11.7,11.7,11.7,11.003931,1000,0.0,0.0
2015-11-02,11.7,11.7,11.7,11.7,11.003931,0,0.0,0.0
2015-11-03,11.7,11.7,11.7,11.7,11.003931,0,0.0,0.0
2015-11-04,11.7,11.7,11.7,11.7,11.003931,0,0.0,0.0
2015-11-05,11.7,11.7,11.7,11.7,11.003931,0,0.0,0.0
2015-11-06,11.7,11.7,11.7,11.7,11.003931,0,0.0,0.0
2015-11-09,11.7,11.7,11.7,11.7,11.003931,0,0.0,0.0
2015-11-10,12.0,12.0,12.0,12.0,11.286082,2000,0.0,0.0
2015-11-11,12.0,12.0,12.0,12.0,11.286082,0,0.0,0.0
2015-11-12,12.0,12.0,12.0,12.0,11.286082,0,0.0,0.0
2015-11-13,12.0,12.0,12.0,12.0,11.286082,0,0.0,0.0
2015-11-16,12.0,12.0,12.0,12.0,11.286082,0,0.0,0.0
2015-11-17,12.0,12.0,12.0,12.0,11.286082,0,0.0,0.0
2015-11-18,12.0,12.0,12.0,12.0,11.286082,0,0.0,0.0
2015-11-19,12.0,12.0,12.0,12.0,11.286082,0,0.0,0.0
2015-11-20,12.1,12.1,12.1,12.1,11.380134,2000,0.0,0.0
2015-11-23,12.1,12.1,12.1,12.1,11.380134,0,0.0,0.0
2015-11-24,12.1,12.1,12.1,12.1,11.380134,0,0.0,0.0
2015-11-25,12.1,12.1,12.1,12.1,11.380134,0,0.0,0.0
2015-11-27,12.1,12.1,12.1,12.1,11.380134,0,0.0,0.0
2015-11-30,12.1,12.1,12.1,12.1,11.380134,0,0.0,0.0
2015-12-01,12.1,12.1,12.1,12.1,11.380134,0,0.0,0.0
2015-12-02,12.1,12.1,12.1,12.1,11.380134,0,0.0,0.0
2015-12-03,12.1,12.1,12.1,12.1,11.380134,0,0.0,0.0
2015-12-04,12.1,12.1,12.1,12.1,11.380134,0,0.0,0.0
2015-12-07,12.1,12.1,12.1,12.1,11.380134,0,0.0,0.0
2015-12-08,12.1,12.1,12.1,12.1,11.380134,0,0.0,0.0
2015-12-09,12.1,12.1,12.1,12.1,11.380134,0,0.0,0.0
2015-12-10,12.1,12.1,12.1,12.1,11.380134,0,0.0,0.0
2015-12-11,12.1,12.1,12.1,12.1,11.380134,0,0.0,0.0
2015-12-14,12.1,12.1,12.1,12.1,11.380134,0,0.0,0.0
2015-12-15,12.1,12.1,12.1,12.1,11.380134,0,0.0,0.0
2015-12-16,12.1,12.1,12.1,12.1,11.380134,0,0.0,0.0
2015-12-17,12.1,12.1,12.1,12.1,11.380134,0,0.0,0.0
2015-12-18,12.1,12.1,12.1,12.1,11.380134,0,0.0,0.0
2015-12-21,12.1,12.1,12.1,12.1,11.380134,0,0.0,0.0
2015-12-22,12.1,12.1,12.1,12.1,11.380134,0,0.0,0.0
2015-12-23,12.1,12.1,12.1,12.1,11.380134,0,0.0,0.0
2015-12-24,12.1,12.1,12.1,12.1,11.380134,0,0.0,0.0
2015-12-28,12.1,12.1,12.1,12.1,11.380134,0,0.0,0.0
2015-12-29,12.1,12.1,12.1,12.1,11.380134,0,0.0,0.0
2015-12-30,12.1,12.1,12.1,12.1,11.380134,0,0.0,0.0
2015-12-31,12.1,12.1,12.1,12.1,11.380134,0,0.0,0.0
2016-01-04,12.1,12.1,12.1,12.1,11.380134,0,0.0,0.0
2016-01-05,12.1,12.1,12.1,12.1,11.380134,0,0.0,0.0
2016-01-06,12.1,12.1,12.1,12.1,11.380134,0,0.0,0.0
2016-01-07,12.1,12.1,12.1,12.1,11.380134,0,0.0,0.0
2016-01-08,12.1,12.1,12.1,12.1,11.380134,0,0.0,0.0
2016-01-11,12.1,12.1,12.1,12.1,11.380134,0,0.0,0.0
2016-01-12,12.1,12.1,12.1,12.1,11.380134,0,0.0,0.0
2016-01-13,12.1,12.1,12.1,12.1,11.380134,0,0.0,0.0
2016-01-14,12.1,12.1,12.1,12.1,11.380134,0,0.0,0.0
2016-01-15,12.1,12.1,12.1,12.1,11.380134,0,0.0,0.0
2016-01-19,12.1,12.1,12.1,12.1,11.380134,0,0.0,0.0
2016-01-20,12.1,12.1,12.1,12.1,11.380134,0,0.0,0.0
2016-01-21,12.1,12.1,12.1,12.1,11.380134,0,0.0,0.0
2016-01-22,12.1,12.1,12.1,12.1,11.380134,0,0.0,0.0
2016-01-25,12.1,12.1,12.1,12.1,11.380134,0,0.0,0.0
2016-01-26,12.1,12.1,12.1,12.1,11.380134,0,0.0,0.0
2016-01-27,12.1,12.1,12.1,12.1,11.380134,0,0.0,0.0
2016-01-28,12.1,12.1,12.1,12.1,11.380134,0,0.0,0.0
2016-01-29,12.1,12.1,12.1,12.1,11.380134,0,0.0,0.0
2016-02-01,12.1,12.1,12.1,12.1,11.380134,0,0.0,0.0
2016-02-02,12.1,12.1,12.1,12.1,11.380134,0,0.0,0.0
2016-02-03,12.1,12.1,12.1,12.1,11.380134,0,0.0,0.0
2016-02-04,12.1,12.1,12.1,12.1,11.380134,0,0.0,0.0
2016-02-05,12.1,12.1,12.1,12.1,11.399919,0,0.021,0.0
2016-02-08,12.4,12.4,12.4,12.4,11.68256,13000,0.0,0.0
2016-02-09,12.4,12.4,12.4,12.4,11.68256,0,0.0,0.0
2016-02-10,12.4,12.4,12.4,12.4,11.68256,0,0.0,0.0
2016-02-11,12.4,12.4,12.4,12.4,11.68256,0,0.0,0.0
2016-02-12,12.4,12.4,12.4,12.4,11.68256,0,0.0,0.0
2016-02-16,12.4,12.4,12.4,12.4,11.68256,0,0.0,0.0
2016-02-17,12.4,12.4,12.4,12.4,11.68256,0,0.0,0.0
2016-02-18,12.4,12.4,12.4,12.4,11.68256,0,0.0,0.0
2016-02-19,12.401,12.401,12.401,12.401,11.6835,2000,0.0,0.0
2016-02-22,12.401,12.401,12.401,12.401,11.6835,0,0.0,0.0
2016-02-23,12.401,12.401,12.401,12.401,11.6835,0,0.0,0.0
2016-02-24,12.45,12.45,12.45,12.45,11.729666,2000,0.0,0.0
2016-02-25,12.45,12.45,12.45,12.45,11.729666,0,0.0,0.0
2016-02-26,12.45,12.45,12.45,12.45,11.729666,0,0.0,0.0
2016-02-29,12.45,12.45,12.45,12.45,11.729666,0,0.0,0.0
2016-03-01,12.45,12.45,12.45,12.45,11.729666,0,0.0,0.0
2016-03-02,12.45,12.45,12.45,12.45,11.729666,0,0.0,0.0
2016-03-03,12.45,12.45,12.45,12.45,11.729666,0,0.0,0.0
2016-03-04,12.45,12.45,12.45,12.45,11.729666,0,0.0,0.0
2016-03-07,12.45,12.45,12.45,12.45,11.729666,0,0.0,0.0
2016-03-08,12.45,12.45,12.45,12.45,11.729666,0,0.0,0.0
2016-03-09,12.45,12.45,12.45,12.45,11.729666,0,0.0,0.0
2016-03-10,12.45,12.45,12.45,12.45,11.729666,0,0.0,0.0
2016-03-11,12.45,12.45,12.45,12.45,11.729666,1000,0.0,0.0
2016-03-14,12.45,12.45,12.45,12.45,11.729666,0,0.0,0.0
2016-03-15,12.45,12.45,12.45,12.45,11.729666,0,0.0,0.0
2016-03-16,12.45,12.45,12.45,12.45,11.729666,0,0.0,0.0
2016-03-17,12.45,12.45,12.45,12.45,11.729666,0,0.0,0.0
2016-03-18,12.45,12.45,12.45,12.45,11.729666,0,0.0,0.0
2016-03-21,12.45,12.45,12.45,12.45,11.729666,0,0.0,0.0
2016-03-22,12.45,12.45,12.45,12.45,11.729666,0,0.0,0.0
2016-03-23,12.45,12.45,12.45,12.45,11.729666,0,0.0,0.0
2016-03-24,12.45,12.45,12.45,12.45,11.729666,0,0.0,0.0
2016-03-28,12.45,12.45,12.45,12.45,11.729666,0,0.0,0.0
2016-03-29,12.45,12.45,12.45,12.45,11.729666,0,0.0,0.0
2016-03-30,12.45,12.45,12.45,12.45,11.729666,0,0.0,0.0
2016-03-31,12.45,12.45,12.45,12.45,11.729666,0,0.0,0.0
2016-04-01,12.45,12.45,12.45,12.45,11.729666,0,0.0,0.0
2016-04-04,12.45,12.45,12.45,12.45,11.729666,0,0.0,0.0
2016-04-05,12.45,12.45,12.45,12.45,11.729666,0,0.0,0.0
2016-04-06,12.45,12.45,12.45,12.45,11.729666,0,0.0,0.0
2016-04-07,12.45,12.45,12.45,12.45,11.729666,0,0.0,0.0
2016-04-08,12.45,12.45,12.45,12.45,11.729666,0,0.0,0.0
2016-04-11,12.45,12.45,12.45,12.45,11.729666,0,0.0,0.0
2016-04-12,12.45,12.45,12.45,12.45,11.729666,0,0.0,0.0
2016-04-13,12.45,12.45,12.45,12.45,11.729666,0,0.0,0.0
2016-04-14,12.45,12.45,12.45,12.45,11.729666,0,0.0,0.0
2016-04-15,12.45,12.45,12.45,12.45,11.729666,0,0.0,0.0
2016-04-18,12.45,12.45,12.45,12.45,11.729666,0,0.0,0.0
2016-04-19,12.45,12.45,12.45,12.45,11.729666,0,0.0,0.0
2016-04-20,12.45,12.45,12.45,12.45,11.729666,0,0.0,0.0
2016-04-21,12.45,12.45,12.45,12.45,11.729666,0,0.0,0.0
2016-04-22,12.45,12.45,12.45,12.45,11.729666,0,0.0,0.0
2016-04-25,12.45,12.45,12.45,12.45,11.729666,0,0.0,0.0
2016-04-26,12.45,12.45,12.45,12.45,11.729666,0,0.0,0.0
2016-04-27,12.45,12.45,12.45,12.45,11.729666,0,0.0,0.0
2016-04-28,12.45,12.45,12.45,12.45,11.729666,0,0.0,0.0
2016-04-29,12.45,12.45,12.45,12.45,11.749486,0,0.021,0.0
2016-05-02,12.45,12.45,12.45,12.45,11.749486,0,0.0,0.0
2016-05-03,12.45,12.45,12.45,12.45,11.749486,0,0.0,0.0
2016-05-04,12.45,12.45,12.45,12.45,11.749486,0,0.0,0.0
2016-05-05,12.45,12.45,12.45,12.45,11.749486,0,0.0,0.0
2016-05-06,12.45,12.45,12.45,12.45,11.749486,0,0.0,0.0
2016-05-09,12.45,12.45,12.45,12.45,11.749486,0,0.0,0.0
2016-05-10,12.45,12.45,12.45,12.45,11.749486,0,0.0,0.0
2016-05-11,12.45,12.45,12.45,12.45,11.749486,0,0.0,0.0
2016-05-12,12.45,12.45,12.45,12.45,11.749486,0,0.0,0.0
2016-05-13,12.45,12.45,12.45,12.45,11.749486,0,0.0,0.0
2016-05-16,12.45,12.45,12.45,12.45,11.749486,0,0.0,0.0
2016-05-17,12.45,12.45,12.45,12.45,11.749486,0,0.0,0.0
2016-05-18,12.45,12.45,12.45,12.45,11.749486,0,0.0,0.0
2016-05-19,12.45,12.45,12.45,12.45,11.749486,0,0.0,0.0
2016-05-20,12.45,12.45,12.45,12.45,11.749486,0,0.0,0.0
2016-05-23,12.45,12.45,12.45,12.45,11.749486,0,0.0,0.0
2016-05-24,12.45,12.45,12.45,12.45,11.749486,0,0.0,0.0
2016-05-25,12.45,12.45,12.45,12.45,11.749486,0,0.0,0.0
2016-05-26,12.45,12.45,12.45,12.45,11.749486,0,0.0,0.0
2016-05-27,12.45,12.45,12.45,12.45,11.749486,0,0.0,0.0
2016-05-31,12.45,12.45,12.45,12.45,11.749486,0,0.0,0.0
2016-06-01,12.45,12.45,12.45,12.45,11.749486,0,0.0,0.0
2016-06-02,12.45,12.45,12.45,12.45,11.749486,0,0.0,0.0
2016-06-03,12.45,12.45,12.45,12.45,11.749486,0,0.0,0.0
2016-06-06,12.45,12.45,12.45,12.45,11.749486,0,0.0,0.0
2016-06-07,12.45,12.45,12.45,12.45,11.749486,0,0.0,0.0
2016-06-08,12.45,12.45,12.45,12.45,11.749486,0,0.0,0.0
2016-06-09,12.45,12.45,12.45,12.45,11.749486,0,0.0,0.0
2016-06-10,12.45,12.45,12.45,12.45,11.749486,0,0.0,0.0
2016-06-13,12.45,12.45,12.45,12.45,11.749486,0,0.0,0.0
2016-06-14,12.45,12.45,12.45,12.45,11.749486,0,0.0,0.0
2016-06-15,12.45,12.45,12.45,12.45,11.749486,0,0.0,0.0
2016-06-16,12.45,12.45,12.45,12.45,11.749486,0,0.0,0.0
2016-06-17,12.45,12.45,12.45,12.45,11.749486,0,0.0,0.0
2016-06-20,12.45,12.45,12.45,12.45,11.749486,0,0.0,0.0
2016-06-21,12.45,12.45,12.45,12.45,11.749486,0,0.0,0.0
2016-06-22,12.45,12.45,12.45,12.45,11.749486,0,0.0,0.0
2016-06-23,12.45,12.45,12.45,12.45,11.749486,0,0.0,0.0
2016-06-24,12.45,12.45,12.45,12.45,11.749486,0,0.0,0.0
2016-06-27,12.45,12.45,12.45,12.45,11.749486,0,0.0,0.0
2016-06-28,12.45,12.45,12.45,12.45,11.749486,0,0.0,0.0
2016-06-29,12.45,12.45,12.45,12.45,11.749486,0,0.0,0.0
2016-06-30,12.45,12.45,12.45,12.45,11.749486,0,0.0,0.0
2016-07-01,12.45,12.45,12.45,12.45,11.749486,0,0.0,0.0
2016-07-05,12.45,12.45,12.45,12.45,11.749486,0,0.0,0.0
2016-07-06,12.45,12.45,12.45,12.45,11.749486,0,0.0,0.0
2016-07-07,12.45,12.45,12.45,12.45,11.749486,0,0.0,0.0
2016-07-08,12.45,12.45,12.45,12.45,11.749486,0,0.0,0.0
2016-07-11,12.45,12.45,12.45,12.45,11.749486,0,0.0,0.0
2016-07-12,12.45,12.45,12.45,12.45,11.749486,0,0.0,0.0
2016-07-13,12.45,12.45,12.45,12.45,11.749486,0,0.0,0.0
2016-07-14,12.45,12.45,12.45,12.45,11.749486,0,0.0,0.0
2016-07-15,12.45,12.45,12.45,12.45,11.749486,0,0.0,0.0
2016-07-18,12.6,12.6,12.6,12.6,11.891045,8000,0.0,0.0
2016-07-19,12.7,12.7,12.7,12.7,11.985419,2000,0.0,0.0
2016-07-20,12.7,12.7,12.7,12.7,11.985419,0,0.0,0.0
2016-07-21,12.7,12.7,12.7,12.7,11.985419,0,0.0,0.0
2016-07-22,12.7,12.7,12.7,12.7,11.985419,0,0.0,0.0
2016-07-25,12.7,12.7,12.7,12.7,11.985419,0,0.0,0.0
2016-07-26,12.7,12.7,12.7,12.7,11.985419,0,0.0,0.0
2016-07-27,12.7,12.7,12.7,12.7,11.985419,0,0.0,0.0
2016-07-28,12.7,12.7,12.7,12.7,12.00527,0,0.021,0.0
2016-07-29,12.7,12.7,12.7,12.7,12.00527,0,0.0,0.0
2016-08-01,12.7,12.7,12.7,12.7,12.00527,0,0.0,0.0
2016-08-02,12.7,12.7,12.7,12.7,12.00527,0,0.0,0.0
2016-08-03,12.7,12.7,12.7,12.7,12.00527,0,0.0,0.0
2016-08-04,12.7,12.7,12.7,12.7,12.00527,0,0.0,0.0
2016-08-05,12.7,12.7,12.7,12.7,12.00527,0,0.0,0.0
2016-08-08,12.65,12.65,12.65,12.65,11.958002,2000,0.0,0.0
2016-08-09,12.65,12.65,12.65,12.65,11.958002,0,0.0,0.0
2016-08-10,12.65,12.65,12.65,12.65,11.958002,0,0.0,0.0
2016-08-11,12.65,12.65,12.65,12.65,11.958002,4000,0.0,0.0
2016-08-12,12.65,12.65,12.65,12.65,11.958002,0,0.0,0.0
2016-08-15,12.65,12.65,12.65,12.65,11.958002,0,0.0,0.0
2016-08-16,12.65,12.65,12.65,12.65,11.958002,0,0.0,0.0
2016-08-17,12.65,12.65,12.65,12.65,11.958002,0,0.0,0.0
2016-08-18,12.65,12.65,12.65,12.65,11.958002,0,0.0,0.0
2016-08-19,12.65,12.65,12.65,12.65,11.958002,0,0.0,0.0
2016-08-22,12.65,12.65,12.65,12.65,11.958002,0,0.0,0.0
2016-08-23,12.65,12.65,12.65,12.65,11.958002,0,0.0,0.0
2016-08-24,12.7,12.7,12.7,12.7,12.00527,7000,0.0,0.0
2016-08-25,12.7,12.7,12.7,12.7,12.00527,0,0.0,0.0
2016-08-26,12.7,12.7,12.7,12.7,12.00527,3000,0.0,0.0
2016-08-29,12.7,12.7,12.7,12.7,12.00527,0,0.0,0.0
2016-08-30,12.7,12.7,12.7,12.7,12.00527,0,0.0,0.0
2016-08-31,12.7,12.7,12.7,12.7,12.00527,0,0.0,0.0
2016-09-01,12.7,12.7,12.7,12.7,12.00527,0,0.0,0.0
2016-09-02,12.7,12.7,12.7,12.7,12.00527,0,0.0,0.0
2016-09-06,12.7,12.7,12.7,12.7,12.00527,0,0.0,0.0
2016-09-07,12.7,12.7,12.7,12.7,12.00527,0,0.0,0.0
2016-09-08,12.7,12.7,12.7,12.7,12.00527,0,0.0,0.0
2016-09-09,12.7,12.7,12.7,12.7,12.00527,0,0.0,0.0
2016-09-12,12.7,12.7,12.7,12.7,12.00527,0,0.0,0.0
2016-09-13,12.7,12.7,12.7,12.7,12.00527,5000,0.0,0.0
2016-09-14,12.7,12.7,12.7,12.7,12.00527,0,0.0,0.0
2016-09-15,12.7,12.7,12.7,12.7,12.00527,0,0.0,0.0
2016-09-16,12.7,12.7,12.7,12.7,12.00527,0,0.0,0.0
2016-09-19,12.9,12.9,12.9,12.9,12.194327,15000,0.0,0.0
2016-09-20,12.9,12.9,12.9,12.9,12.194327,0,0.0,0.0
2016-09-21,12.9,12.9,12.9,12.9,12.194327,0,0.0,0.0
2016-09-22,12.9,12.9,12.9,12.9,12.194327,0,0.0,0.0
2016-09-23,12.9,12.9,12.9,12.9,12.194327,0,0.0,0.0
2016-09-26,12.95,12.95,12.95,12.95,12.241593,3000,0.0,0.0
2016-09-27,12.95,12.95,12.95,12.95,12.241593,0,0.0,0.0
2016-09-28,12.95,12.95,12.95,12.95,12.241593,0,0.0,0.0
2016-09-29,12.95,12.95,12.95,12.95,12.241593,0,0.0,0.0
2016-09-30,12.95,12.95,12.95,12.95,12.241593,0,0.0,0.0
2016-10-03,12.95,12.95,12.95,12.95,12.241593,0,0.0,0.0
2016-10-04,12.75,12.75,12.7,12.7,12.00527,10000,0.0,0.0
2016-10-05,12.7,12.7,12.7,12.7,12.00527,0,0.0,0.0
2016-10-06,12.7,12.7,12.7,12.7,12.00527,0,0.0,0.0
2016-10-07,12.7,12.7,12.7,12.7,12.00527,0,0.0,0.0
2016-10-10,12.7,12.7,12.7,12.7,12.00527,0,0.0,0.0
2016-10-11,12.7,12.7,12.7,12.7,12.00527,0,0.0,0.0
2016-10-12,12.7,12.7,12.7,12.7,12.00527,0,0.0,0.0
2016-10-13,12.7,12.7,12.7,12.7,12.00527,0,0.0,0.0
2016-10-14,12.7,12.7,12.7,12.7,12.00527,0,0.0,0.0
2016-10-17,12.8,12.8,12.8,12.8,12.099801,1000,0.0,0.0
2016-10-18,12.8,12.8,12.8,12.8,12.099801,0,0.0,0.0
2016-10-19,12.8,12.8,12.8,12.8,12.099801,0,0.0,0.0
2016-10-20,12.8,12.8,12.8,12.8,12.099801,0,0.0,0.0
2016-10-21,12.8,12.8,12.8,12.8,12.099801,0,0.0,0.0
2016-10-24,12.95,12.95,12.95,12.95,12.241593,1000,0.0,0.0
2016-10-25,12.95,12.95,12.95,12.95,12.241593,0,0.0,0.0
2016-10-26,13.0,13.0,13.0,13.0,12.288855,2000,0.0,0.0
2016-10-27,13.0,13.0,13.0,13.0,12.308744,0,0.021,0.0
2016-10-28,13.0,13.0,13.0,13.0,12.308744,0,0.0,0.0
2016-10-31,13.0,13.0,13.0,13.0,12.308744,0,0.0,0.0
2016-11-01,13.0,13.0,13.0,13.0,12.308744,2000,0.0,0.0
2016-11-02,13.0,13.0,13.0,13.0,12.308744,0,0.0,0.0
2016-11-03,13.0,13.0,13.0,13.0,12.308744,0,0.0,0.0
2016-11-04,13.0,13.0,13.0,13.0,12.308744,0,0.0,0.0
2016-11-07,13.0,13.0,13.0,13.0,12.308744,0,0.0,0.0
2016-11-08,13.05,13.05,13.05,13.05,12.356085,1000,0.0,0.0
2016-11-09,13.05,13.05,13.05,13.05,12.356085,0,0.0,0.0
2016-11-10,13.05,13.05,13.05,13.05,12.356085,4000,0.0,0.0
2016-11-11,13.05,13.05,13.05,13.05,12.356085,0,0.0,0.0
2016-11-14,13.05,13.05,13.05,13.05,12.356085,0,0.0,0.0
2016-11-15,13.05,13.05,13.05,13.05,12.356085,0,0.0,0.0
2016-11-16,13.05,13.05,13.05,13.05,12.356085,0,0.0,0.0
2016-11-17,13.05,13.05,13.05,13.05,12.356085,0,0.0,0.0
2016-11-18,13.05,13.05,13.05,13.05,12.356085,0,0.0,0.0
2016-11-21,13.05,13.05,13.05,13.05,12.356085,0,0.0,0.0
2016-11-22,13.05,13.05,13.05,13.05,12.356085,0,0.0,0.0
2016-11-23,13.05,13.05,13.05,13.05,12.356085,0,0.0,0.0
2016-11-25,13.05,13.05,13.05,13.05,12.356085,0,0.0,0.0
2016-11-28,13.299,13.3,13.299,13.3,12.592792,8000,0.0,0.0
2016-11-29,13.999,13.999,13.999,13.999,13.254621,1000,0.0,0.0
2016-11-30,13.995,14.0,13.995,13.999,13.254621,5000,0.0,0.0
2016-12-01,13.995,14.0,13.995,14.0,13.255568,3000,0.0,0.0
2016-12-02,14.0,14.0,14.0,14.0,13.255568,0,0.0,0.0
2016-12-05,14.0,14.0,14.0,14.0,13.255568,0,0.0,0.0
2016-12-06,14.0,14.0,14.0,14.0,13.255568,0,0.0,0.0
2016-12-07,14.0,14.0,14.0,14.0,13.255568,0,0.0,0.0
2016-12-08,14.0,14.0,14.0,14.0,13.255568,0,0.0,0.0
2016-12-09,14.0,14.0,14.0,14.0,13.255568,0,0.0,0.0
2016-12-12,14.0,14.0,14.0,14.0,13.255568,0,0.0,0.0
2016-12-13,14.0,14.0,14.0,14.0,13.255568,0,0.0,0.0
2016-12-14,14.0,14.0,14.0,14.0,13.255568,0,0.0,0.0
2016-12-15,14.0,14.0,14.0,14.0,13.255568,0,0.0,0.0
2016-12-16,14.0,14.0,14.0,14.0,13.255568,0,0.0,0.0
2016-12-19,14.0,14.0,14.0,14.0,13.255568,0,0.0,0.0
2016-12-20,14.0,14.0,14.0,14.0,13.255568,0,0.0,0.0
2016-12-21,14.0,14.0,14.0,14.0,13.255568,0,0.0,0.0
2016-12-22,14.0,14.0,14.0,14.0,13.255568,0,0.0,0.0
2016-12-23,14.0,14.0,14.0,14.0,13.255568,0,0.0,0.0
2016-12-27,14.0,14.0,14.0,14.0,13.255568,0,0.0,0.0
2016-12-28,14.0,14.0,14.0,14.0,13.255568,0,0.0,0.0
2016-12-29,14.0,14.0,14.0,14.0,13.255568,0,0.0,0.0
2016-12-30,14.0,14.0,14.0,14.0,13.255568,0,0.0,0.0
2017-01-03,14.0,14.0,14.0,14.0,13.255568,3000,0.0,0.0
2017-01-04,14.0,14.0,14.0,14.0,13.255568,0,0.0,0.0
2017-01-05,14.0,14.0,14.0,14.0,13.255568,0,0.0,0.0
2017-01-06,14.0,14.0,14.0,14.0,13.255568,0,0.0,0.0
2017-01-09,14.0,14.0,14.0,14.0,13.255568,0,0.0,0.0
2017-01-10,14.0,14.0,14.0,14.0,13.255568,0,0.0,0.0
2017-01-11,14.0,14.0,14.0,14.0,13.255568,0,0.0,0.0
2017-01-12,14.0,14.0,14.0,14.0,13.255568,0,0.0,0.0
2017-01-13,14.5,14.5,14.5,14.5,13.728985,1000,0.0,0.0
2017-01-17,14.5,14.5,14.5,14.5,13.728985,0,0.0,0.0
2017-01-18,14.5,14.5,14.5,14.5,13.728985,0,0.0,0.0
2017-01-19,14.5,14.5,14.5,14.5,13.728985,0,0.0,0.0
2017-01-20,14.5,14.5,14.5,14.5,13.728985,0,0.0,0.0
2017-01-23,14.5,14.5,14.5,14.5,13.728985,0,0.0,0.0
2017-01-24,14.5,14.5,14.5,14.5,13.728985,0,0.0,0.0
2017-01-25,14.5,14.5,14.5,14.5,13.728985,0,0.0,0.0
2017-01-26,14.5,14.5,14.5,14.5,13.728985,0,0.0,0.0
2017-01-27,14.5,14.5,14.5,14.5,13.728985,0,0.0,0.0
2017-01-30,14.5,14.5,14.5,14.5,13.728985,0,0.0,0.0
2017-01-31,14.4,14.4,14.4,14.4,13.634298,2000,0.0,0.0
2017-02-01,14.4,14.4,14.4,14.4,13.634298,0,0.0,0.0
2017-02-02,14.4,14.4,14.4,14.4,13.634298,0,0.0,0.0
2017-02-03,14.4,14.4,14.4,14.4,13.656106,0,0.023,0.0
2017-02-06,14.0,14.0,14.0,14.0,13.276773,2000,0.0,0.0
2017-02-07,14.0,14.0,14.0,14.0,13.276773,0,0.0,0.0
2017-02-08,14.4,14.4,14.4,14.4,13.656106,2000,0.0,0.0
2017-02-09,14.4,14.4,14.4,14.4,13.656106,0,0.0,0.0
2017-02-10,14.4,14.4,14.4,14.4,13.656106,0,0.0,0.0
2017-02-13,14.4,14.4,14.4,14.4,13.656106,0,0.0,0.0
2017-02-14,14.4,14.4,14.4,14.4,13.656106,0,0.0,0.0
2017-02-15,14.4,14.4,14.4,14.4,13.656106,0,0.0,0.0
2017-02-16,14.4,14.4,14.4,14.4,13.656106,0,0.0,0.0
2017-02-17,14.9,14.9,14.9,14.9,14.130282,1000,0.0,0.0
2017-02-21,14.9,14.9,14.9,14.9,14.130282,0,0.0,0.0
2017-02-22,14.9,14.9,14.9,14.9,14.130282,0,0.0,0.0
2017-02-23,14.9,14.9,14.9,14.9,14.130282,0,0.0,0.0
2017-02-24,17.5,17.5,17.5,17.5,16.595964,1000,0.0,0.0
2017-02-27,17.549999,17.549999,17.549999,17.549999,16.643383,2000,0.0,0.0
2017-02-28,17.549999,17.549999,17.549999,17.549999,16.643383,0,0.0,0.0
2017-03-01,17.549999,17.549999,17.549999,17.549999,16.643383,0,0.0,0.0
2017-03-02,17.549999,17.549999,17.549999,17.549999,16.643383,0,0.0,0.0
2017-03-03,17.549999,17.549999,17.549999,17.549999,16.643383,0,0.0,0.0
2017-03-06,17.549999,17.549999,17.549999,17.549999,16.643383,0,0.0,0.0
2017-03-07,17.549999,17.549999,17.549999,17.549999,16.643383,0,0.0,0.0
2017-03-08,17.549999,17.549999,17.549999,17.549999,16.643383,0,0.0,0.0
2017-03-09,17.549999,17.549999,17.549999,17.549999,16.643383,0,0.0,0.0
2017-03-10,17.549999,17.549999,17.549999,17.549999,16.643383,0,0.0,0.0
2017-03-13,17.549999,17.549999,17.549999,17.549999,16.643383,0,0.0,0.0
2017-03-14,17.549999,17.549999,17.549999,17.549999,16.643383,0,0.0,0.0
2017-03-15,17.549999,17.549999,17.549999,17.549999,16.643383,0,0.0,0.0
2017-03-16,15.5,15.5,15.5,15.5,14.699286,1000,0.0,0.0
2017-03-17,15.5,15.5,15.5,15.5,14.699286,0,0.0,0.0
2017-03-20,15.5,15.5,15.5,15.5,14.699286,0,0.0,0.0
2017-03-21,15.5,15.5,15.5,15.5,14.699286,0,0.0,0.0
2017-03-22,15.5,15.5,15.5,15.5,14.699286,0,0.0,0.0
2017-03-23,15.9,15.9,15.9,15.9,15.078624,3000,0.0,0.0
2017-03-24,15.9,15.9,15.9,15.9,15.078624,0,0.0,0.0
2017-03-27,15.9,15.9,15.9,15.9,15.078624,0,0.0,0.0
2017-03-28,15.5,15.5,15.5,15.5,14.699286,1000,0.0,0.0
2017-03-29,15.5,15.5,15.5,15.5,14.699286,0,0.0,0.0
2017-03-30,15.5,15.5,15.5,15.5,14.699286,0,0.0,0.0
2017-03-31,15.5,15.5,15.5,15.5,14.699286,0,0.0,0.0
2017-04-03,15.5,15.5,15.5,15.5,14.699286,0,0.0,0.0
2017-04-04,15.5,15.5,15.5,15.5,14.699286,0,0.0,0.0
2017-04-05,15.5,15.5,15.5,15.5,14.699286,0,0.0,0.0
2017-04-06,15.5,15.5,15.5,15.5,14.699286,0,0.0,0.0
2017-04-07,15.5,15.5,15.5,15.5,14.699286,0,0.0,0.0
2017-04-10,15.5,15.5,15.5,15.5,14.699286,0,0.0,0.0
2017-04-11,15.5,15.5,15.5,15.5,14.699286,0,0.0,0.0
2017-04-12,15.5,15.5,15.5,15.5,14.699286,0,0.0,0.0
2017-04-13,15.699,15.7,15.699,15.7,14.888955,3000,0.0,0.0
2017-04-17,15.7,15.7,15.7,15.7,14.888955,0,0.0,0.0
2017-04-18,15.7,15.7,15.7,15.7,14.888955,0,0.0,0.0
2017-04-19,15.7,15.7,15.7,15.7,14.888955,0,0.0,0.0
2017-04-20,15.7,15.7,15.7,15.7,14.888955,0,0.0,0.0
2017-04-21,15.7,15.7,15.7,15.7,14.888955,0,0.0,0.0
2017-04-24,15.5,15.5,15.5,15.5,14.699286,1000,0.0,0.0
2017-04-25,15.5,15.5,15.5,15.5,14.699286,0,0.0,0.0
2017-04-26,15.5,15.5,15.5,15.5,14.699286,0,0.0,0.0
2017-04-27,15.5,15.5,15.5,15.5,14.699286,0,0.0,0.0
2017-04-28,15.5,15.5,15.5,15.5,14.721131,0,0.023,0.0
2017-05-01,15.5,15.5,15.5,15.5,14.721131,1000,0.0,0.0
2017-05-02,15.9,15.9,15.9,15.9,15.101031,2000,0.0,0.0
2017-05-03,15.9,15.9,15.9,15.9,15.101031,0,0.0,0.0
2017-05-04,15.9,15.9,15.9,15.9,15.101031,0,0.0,0.0
2017-05-05,15.9,15.9,15.9,15.9,15.101031,0,0.0,0.0
2017-05-08,15.9,15.9,15.9,15.9,15.101031,0,0.0,0.0
2017-05-09,15.9,15.9,15.9,15.9,15.101031,0,0.0,0.0
2017-05-10,15.9,15.9,15.9,15.9,15.101031,0,0.0,0.0
2017-05-11,15.9,15.9,15.9,15.9,15.101031,0,0.0,0.0
2017-05-12,15.9,15.9,15.9,15.9,15.101031,0,0.0,0.0
2017-05-15,15.5,15.5,15.5,15.5,14.721131,1000,0.0,0.0
2017-05-16,15.5,15.5,15.5,15.5,14.721131,0,0.0,0.0
2017-05-17,15.5,15.5,15.5,15.5,14.721131,0,0.0,0.0
2017-05-18,15.5,15.5,15.5,15.5,14.721131,0,0.0,0.0
2017-05-19,15.5,15.5,15.5,15.5,14.721131,0,0.0,0.0
2017-05-22,15.5,15.5,15.5,15.5,14.721131,0,0.0,0.0
2017-05-23,15.5,15.5,15.5,15.5,14.721131,0,0.0,0.0
2017-05-24,15.5,15.5,15.5,15.5,14.721131,0,0.0,0.0
2017-05-25,15.5,15.5,15.5,15.5,14.721131,0,0.0,0.0
2017-05-26,15.5,15.5,15.5,15.5,14.721131,0,0.0,0.0
2017-05-30,15.9,15.9,15.9,15.9,15.101031,1000,0.0,0.0
2017-05-31,15.9,15.9,15.9,15.9,15.101031,0,0.0,0.0
2017-06-01,15.9,15.9,15.9,15.9,15.101031,0,0.0,0.0
2017-06-02,15.9,15.9,15.9,15.9,15.101031,0,0.0,0.0
2017-06-05,15.9,15.9,15.9,15.9,15.101031,0,0.0,0.0
2017-06-06,15.9,15.9,15.9,15.9,15.101031,0,0.0,0.0
2017-06-07,15.9,15.9,15.9,15.9,15.101031,0,0.0,0.0
2017-06-08,15.9,15.9,15.9,15.9,15.101031,0,0.0,0.0
2017-06-09,15.5,15.5,15.5,15.5,14.721131,2000,0.0,0.0
2017-06-12,15.9,15.9,15.9,15.9,15.101031,2000,0.0,0.0
2017-06-13,15.9,15.9,15.9,15.9,15.101031,0,0.0,0.0
2017-06-14,15.9,15.9,15.9,15.9,15.101031,0,0.0,0.0
2017-06-15,15.9,15.9,15.9,15.9,15.101031,0,0.0,0.0
2017-06-16,15.9,15.9,15.9,15.9,15.101031,0,0.0,0.0
2017-06-19,15.9,15.9,15.9,15.9,15.101031,0,0.0,0.0
2017-06-20,15.9,15.9,15.9,15.9,15.101031,0,0.0,0.0
2017-06-21,15.9,15.9,15.9,15.9,15.101031,0,0.0,0.0
2017-06-22,15.9,15.9,15.9,15.9,15.101031,0,0.0,0.0
2017-06-23,15.9,15.9,15.9,15.9,15.101031,0,0.0,0.0
2017-06-26,15.9,15.9,15.9,15.9,15.101031,0,0.0,0.0
2017-06-27,15.9,15.9,15.9,15.9,15.101031,0,0.0,0.0
2017-06-28,15.9,15.9,15.9,15.9,15.101031,0,0.0,0.0
2017-06-29,15.9,15.9,15.9,15.9,15.101031,0,0.0,0.0
2017-06-30,15.9,15.9,15.9,15.9,15.101031,0,0.0,0.0
2017-07-03,15.9,15.9,15.9,15.9,15.101031,0,0.0,0.0
2017-07-05,15.5,15.5,15.5,15.5,14.721131,1000,0.0,0.0
2017-07-06,15.5,15.5,15.5,15.5,14.721131,0,0.0,0.0
2017-07-07,15.5,15.5,15.5,15.5,14.721131,0,0.0,0.0
2017-07-10,15.5,15.5,15.5,15.5,14.721131,0,0.0,0.0
2017-07-11,15.5,15.5,15.5,15.5,14.721131,0,0.0,0.0
2017-07-12,15.5,15.5,15.5,15.5,14.721131,0,0.0,0.0
2017-07-13,15.5,15.5,15.5,15.5,14.721131,0,0.0,0.0
2017-07-14,15.5,15.5,15.5,15.5,14.721131,0,0.0,0.0
2017-07-17,15.5,15.5,15.5,15.5,14.721131,0,0.0,0.0
2017-07-18,15.5,15.5,15.5,15.5,14.721131,0,0.0,0.0
2017-07-19,15.5,15.5,15.5,15.5,14.721131,0,0.0,0.0
2017-07-20,15.5,15.5,15.5,15.5,14.721131,0,0.0,0.0
2017-07-21,15.5,15.5,15.5,15.5,14.721131,0,0.0,0.0
2017-07-24,15.5,15.5,15.5,15.5,14.721131,0,0.0,0.0
2017-07-25,15.5,15.5,15.5,15.5,14.721131,0,0.0,0.0
2017-07-26,15.55,15.6,15.55,15.6,14.816107,17000,0.0,0.0
2017-07-27,15.6,15.6,15.6,15.6,14.816107,0,0.0,0.0
2017-07-28,15.6,15.6,15.6,15.6,14.816107,0,0.0,0.0
2017-07-31,15.6,15.6,15.6,15.6,14.816107,0,0.0,0.0
2017-08-01,15.6,15.6,15.6,15.6,14.816107,0,0.0,0.0
2017-08-02,15.6,15.6,15.6,15.6,14.816107,0,0.0,0.0
2017-08-03,15.6,15.6,15.6,15.6,14.837985,0,0.023,0.0
2017-08-04,16.0,16.0,16.0,16.0,15.218441,2000,0.0,0.0
2017-08-07,16.0,16.0,16.0,16.0,15.218441,0,0.0,0.0
2017-08-08,16.0,16.0,16.0,16.0,15.218441,0,0.0,0.0
2017-08-09,16.0,16.0,16.0,16.0,15.218441,0,0.0,0.0
2017-08-10,16.0,16.0,16.0,16.0,15.218441,0,0.0,0.0
2017-08-11,16.0,16.0,16.0,16.0,15.218441,0,0.0,0.0
2017-08-14,16.0,16.0,16.0,16.0,15.218441,0,0.0,0.0
2017-08-15,16.200001,16.5,16.200001,16.5,15.694023,2000,0.0,0.0
2017-08-16,16.799999,16.799999,16.799999,16.799999,15.979365,8000,0.0,0.0
2017-08-17,16.799999,16.799999,16.799999,16.799999,15.979365,0,0.0,0.0
2017-08-18,16.799999,16.799999,16.799999,16.799999,15.979365,0,0.0,0.0
2017-08-21,16.799999,16.799999,16.799999,16.799999,15.979365,0,0.0,0.0
2017-08-22,16.200001,16.299999,16.200001,16.299999,15.503788,3000,0.0,0.0
2017-08-23,16.299999,16.299999,16.299999,16.299999,15.503788,0,0.0,0.0
2017-08-24,16.299999,16.299999,16.299999,16.299999,15.503788,0,0.0,0.0
2017-08-25,16.299999,16.299999,16.299999,16.299999,15.503788,0,0.0,0.0
2017-08-28,16.299999,16.299999,16.299999,16.299999,15.503788,0,0.0,0.0
2017-08-29,16.299999,16.299999,16.299999,16.299999,15.503788,0,0.0,0.0
2017-08-30,16.299999,16.299999,16.299999,16.299999,15.503788,0,0.0,0.0
2017-08-31,16.299999,16.299999,16.299999,16.299999,15.503788,0,0.0,0.0
2017-09-01,16.299999,16.299999,16.299999,16.299999,15.503788,0,0.0,0.0
2017-09-05,16.299999,16.299999,16.299999,16.299999,15.503788,0,0.0,0.0
2017-09-06,16.4,16.4,16.4,16.4,15.598904,1000,0.0,0.0
2017-09-07,16.4,16.4,16.4,16.4,15.598904,0,0.0,0.0
2017-09-08,16.42,16.42,16.42,16.42,15.617925,1000,0.0,0.0
2017-09-11,16.42,16.42,16.42,16.42,15.617925,0,0.0,0.0
2017-09-12,16.42,16.42,16.42,16.42,15.617925,0,0.0,0.0
2017-09-13,16.42,16.42,16.42,16.42,15.617925,0,0.0,0.0
2017-09-14,16.42,16.42,16.42,16.42,15.617925,0,0.0,0.0
2017-09-15,16.42,16.42,16.42,16.42,15.617925,0,0.0,0.0
2017-09-18,16.42,16.42,16.42,16.42,15.617925,0,0.0,0.0
2017-09-19,16.42,16.42,16.42,16.42,15.617925,0,0.0,0.0
2017-09-20,16.5,16.5,16.5,16.5,15.694023,2000,0.0,0.0
2017-09-21,16.5,16.5,16.5,16.5,15.694023,0,0.0,0.0
2017-09-22,16.5,16.5,16.5,16.5,15.694023,0,0.0,0.0
2017-09-25,16.75,16.75,16.4,16.4,15.598904,2000,0.0,0.0
2017-09-26,16.4,16.4,16.4,16.4,15.598904,0,0.0,0.0
2017-09-27,16.4,16.4,16.4,16.4,15.598904,0,0.0,0.0
2017-09-28,16.4,16.4,16.4,16.4,15.598904,0,0.0,0.0
2017-09-29,16.4,16.4,16.4,16.4,15.598904,0,0.0,0.0
2017-10-02,16.500999,16.500999,16.500999,16.500999,15.694968,1000,0.0,0.0
2017-10-03,16.500999,16.500999,16.500999,16.500999,15.694968,0,0.0,0.0
2017-10-04,16.575001,16.575001,16.575001,16.575001,15.765362,1000,0.0,0.0
2017-10-05,16.500999,16.500999,16.500999,16.500999,15.694968,0,0.0,0.0
2017-10-06,16.6,16.6,16.6,16.6,15.789135,18000,0.0,0.0
2017-10-09,16.6,16.6,16.6,16.6,15.789135,0,0.0,0.0
2017-10-10,16.6,16.6,16.6,16.6,15.789135,0,0.0,0.0
2017-10-11,16.625,16.775,16.625,16.775,15.955587,65000,0.0,0.0
2017-10-12,16.799999,16.799999,16.799999,16.799999,15.979365,2000,0.0,0.0
2017-10-13,16.799999,16.799999,16.799999,16.799999,15.979365,0,0.0,0.0
2017-10-16,16.799999,16.799999,16.799999,16.799999,15.979365,0,0.0,0.0
2017-10-17,17.0,17.0,17.0,17.0,16.169598,2000,0.0,0.0
2017-10-18,17.0,17.0,17.0,17.0,16.169598,0,0.0,0.0
2017-10-19,17.0,17.0,17.0,17.0,16.169598,1000,0.0,0.0
2017-10-20,17.200001,17.5,17.200001,17.5,16.645176,9000,0.0,0.0
2017-10-23,17.5,17.5,17.5,17.5,16.645176,0,0.0,0.0
2017-10-24,17.5,17.5,17.5,17.5,16.645176,0,0.0,0.0
2017-10-25,17.5,17.5,17.5,17.5,16.645176,2000,0.0,0.0
2017-10-26,17.5,17.5,17.5,17.5,16.645176,0,0.0,0.0
2017-10-27,17.5,17.5,17.5,17.5,16.645176,0,0.0,0.0
2017-10-30,17.5,17.5,17.5,17.5,16.66708,0,0.023,0.0
2017-10-31,17.5,17.5,17.5,17.5,16.66708,0,0.0,0.0
2017-11-01,17.4,17.5,17.4,17.5,16.66708,2000,0.0,0.0
2017-11-02,17.5,17.5,17.5,17.5,16.66708,0,0.0,0.0
2017-11-03,17.5,17.5,17.5,17.5,16.66708,0,0.0,0.0
2017-11-06,17.5,17.5,17.5,17.5,16.66708,0,0.0,0.0
2017-11-07,17.5,17.5,17.5,17.5,16.66708,0,0.0,0.0
2017-11-08,17.5,17.5,17.5,17.5,16.66708,0,0.0,0.0
2017-11-09,17.5,17.5,17.5,17.5,16.66708,0,0.0,0.0
2017-11-10,17.5,17.5,17.5,17.5,16.66708,0,0.0,0.0
2017-11-13,17.5,17.5,17.5,17.5,16.66708,0,0.0,0.0
2017-11-14,17.5,17.5,17.5,17.5,16.66708,0,0.0,0.0
2017-11-15,17.5,17.5,17.5,17.5,16.66708,0,0.0,0.0
2017-11-16,17.5,17.5,17.5,17.5,16.66708,0,0.0,0.0
2017-11-17,17.5,17.5,17.5,17.5,16.66708,0,0.0,0.0
2017-11-20,17.5,17.5,17.5,17.5,16.66708,0,0.0,0.0
2017-11-21,17.5,17.5,17.5,17.5,16.66708,0,0.0,0.0
2017-11-22,17.6,17.6,17.6,17.6,16.762321,1000,0.0,0.0
2017-11-24,17.6,17.6,17.6,17.6,16.762321,0,0.0,0.0
2017-11-27,17.6,17.6,17.6,17.6,16.762321,0,0.0,0.0
2017-11-28,17.6,17.6,17.6,17.6,16.762321,0,0.0,0.0
2017-11-29,17.6,17.6,17.6,17.6,16.762321,0,0.0,0.0
2017-11-30,17.6,17.6,17.6,17.6,16.762321,0,0.0,0.0
2017-12-01,17.6,17.6,17.6,17.6,16.762321,8000,0.0,0.0
2017-12-04,17.6,17.6,17.6,17.6,16.762321,0,0.0,0.0
2017-12-05,17.629999,17.629999,17.629999,17.629999,16.790888,1000,0.0,0.0
2017-12-06,17.629999,17.700001,17.629999,17.700001,16.857557,4000,0.0,0.0
2017-12-07,17.629999,17.629999,17.629999,17.629999,16.790888,0,0.0,0.0
2017-12-08,17.629999,17.629999,17.629999,17.629999,16.790888,0,0.0,0.0
2017-12-11,17.629999,17.629999,17.629999,17.629999,16.790888,0,0.0,0.0
2017-12-12,17.629999,17.629999,17.629999,17.629999,16.790888,0,0.0,0.0
2017-12-13,17.629999,17.629999,17.629999,17.629999,16.790888,0,0.0,0.0
2017-12-14,17.629999,17.629999,17.629999,17.629999,16.790888,0,0.0,0.0
2017-12-15,17.629999,17.629999,17.629999,17.629999,16.790888,0,0.0,0.0
2017-12-18,17.629999,17.629999,17.629999,17.629999,16.790888,0,0.0,0.0
2017-12-19,17.629999,17.629999,17.629999,17.629999,16.790888,0,0.0,0.0
2017-12-20,17.9,17.9,17.9,17.9,17.048038,1000,0.0,0.0
2017-12-21,17.629999,17.629999,17.629999,17.629999,16.790888,0,0.0,0.0
2017-12-22,17.9,17.9,17.9,17.9,17.048038,16000,0.0,0.0
2017-12-26,18.5,18.5,18.5,18.5,17.61948,1000,0.0,0.0
2017-12-27,18.700001,18.700001,18.549999,18.700001,17.809967,16000,0.0,0.0
2017-12-28,18.700001,18.700001,18.700001,18.700001,17.809967,0,0.0,0.0
2017-12-29,18.700001,18.700001,18.700001,18.700001,17.809967,0,0.0,0.0
2018-01-02,18.299999,18.299999,18.049999,18.049999,17.190903,1000,0.0,0.0
2018-01-03,18.049999,18.049999,18.049999,18.049999,17.190903,0,0.0,0.0
2018-01-04,18.049999,18.049999,18.049999,18.049999,17.190903,0,0.0,0.0
2018-01-05,18.049999,18.049999,18.049999,18.049999,17.190903,0,0.0,0.0
2018-01-08,18.049999,18.049999,18.049999,18.049999,17.190903,0,0.0,0.0
2018-01-09,18.049999,18.049999,18.049999,18.049999,17.190903,0,0.0,0.0
2018-01-10,18.049999,18.049999,18.049999,18.049999,17.190903,0,0.0,0.0
2018-01-11,18.4,18.4,18.4,18.4,17.524235,3000,0.0,0.0
2018-01-12,18.4,18.4,18.4,18.4,17.524235,3000,0.0,0.0
2018-01-16,18.4,18.4,18.4,18.4,17.524235,0,0.0,0.0
2018-01-17,18.4,18.4,18.4,18.4,17.524235,0,0.0,0.0
2018-01-18,18.4,18.4,18.4,18.4,17.524235,0,0.0,0.0
2018-01-19,18.4,18.4,18.4,18.4,17.524235,0,0.0,0.0
2018-01-22,18.4,18.4,18.4,18.4,17.524235,0,0.0,0.0
2018-01-23,18.4,18.4,18.4,18.4,17.524235,0,0.0,0.0
2018-01-24,18.4,18.4,18.4,18.4,17.524235,0,0.0,0.0
2018-01-25,18.4,18.4,18.4,18.4,17.524235,0,0.0,0.0
2018-01-26,18.4,18.4,18.4,18.4,17.524235,0,0.0,0.0
2018-01-29,18.4,18.4,18.4,18.4,17.524235,0,0.0,0.0
2018-01-30,18.4,18.4,18.4,18.4,17.524235,0,0.0,0.0
2018-01-31,18.4,18.4,18.4,18.4,17.524235,0,0.0,0.0
2018-02-01,18.4,18.4,18.4,18.4,17.524235,0,0.0,0.0
2018-02-02,18.4,18.4,18.4,18.4,17.524235,0,0.0,0.0
2018-02-05,18.4,18.4,18.4,18.4,17.549038,0,0.026,0.0
2018-02-06,19.299999,19.299999,19.299999,19.299999,18.407415,1000,0.0,0.0
2018-02-07,18.601,18.601,18.601,18.601,17.740747,1000,0.0,0.0
2018-02-08,18.601,18.700001,18.601,18.700001,17.835163,8000,0.0,0.0
2018-02-09,18.625,18.625,18.625,18.625,17.763636,6000,0.0,0.0
2018-02-12,18.625,18.625,18.625,18.625,17.763636,0,0.0,0.0
2018-02-13,18.625,18.625,18.625,18.625,17.763636,0,0.0,0.0
2018-02-14,18.625,18.625,18.625,18.625,17.763636,0,0.0,0.0
2018-02-15,18.700001,18.700001,18.700001,18.700001,17.835163,20000,0.0,0.0
2018-02-16,18.700001,18.700001,18.700001,18.700001,17.835163,0,0.0,0.0
2018-02-20,18.700001,18.700001,18.700001,18.700001,17.835163,0,0.0,0.0
2018-02-21,18.82,18.82,18.82,18.82,17.949615,10000,0.0,0.0
2018-02-22,18.82,18.82,18.82,18.82,17.949615,0,0.0,0.0
2018-02-23,18.82,18.82,18.82,18.82,17.949615,0,0.0,0.0
2018-02-26,18.82,18.82,18.82,18.82,17.949615,0,0.0,0.0
2018-02-27,19.045,19.045,19.045,19.045,18.164213,1000,0.0,0.0
2018-02-28,19.299999,19.35,19.299999,19.35,18.455111,1000,0.0,0.0
2018-03-01,19.5,19.5,19.4,19.4,18.502798,2000,0.0,0.0
2018-03-02,19.4,19.4,19.4,19.4,18.502798,0,0.0,0.0
2018-03-05,19.4,19.4,19.4,19.4,18.502798,0,0.0,0.0
2018-03-06,19.4,19.4,19.4,19.4,18.502798,0,0.0,0.0
2018-03-07,19.4,19.4,19.4,19.4,18.502798,0,0.0,0.0
2018-03-08,19.450001,19.450001,19.450001,19.450001,18.550478,5000,0.0,0.0
2018-03-09,19.450001,19.450001,19.43,19.450001,18.550478,1000,0.0,0.0
2018-03-12,19.5,19.5,19.5,19.5,18.598169,1000,0.0,0.0
2018-03-13,19.52,19.530001,19.52,19.530001,18.626781,6000,0.0,0.0
2018-03-14,19.530001,19.530001,19.530001,19.530001,18.626781,0,0.0,0.0
2018-03-15,19.5,19.799999,19.5,19.799999,18.884287,3000,0.0,0.0
2018-03-16,19.799999,19.799999,19.799999,19.799999,18.884287,0,0.0,0.0
2018-03-19,19.799999,19.799999,19.799999,19.799999,18.884287,0,0.0,0.0
2018-03-20,19.6,19.6,19.6,19.6,18.693541,3000,0.0,0.0
2018-03-21,19.6,19.6,19.6,19.6,18.693541,0,0.0,0.0
2018-03-22,19.6,19.6,19.6,19.6,18.693541,0,0.0,0.0
2018-03-23,19.6,19.6,19.6,19.6,18.693541,0,0.0,0.0
2018-03-26,19.6,19.6,19.6,19.6,18.693541,0,0.0,0.0
2018-03-27,19.6,19.6,19.6,19.6,18.693541,2000,0.0,0.0
2018-03-28,19.6,19.6,19.6,19.6,18.693541,0,0.0,0.0
2018-03-29,19.6,19.6,19.6,19.6,18.693541,3000,0.0,0.0
2018-04-02,19.6,19.6,19.6,19.6,18.693541,0,0.0,0.0
2018-04-03,19.6,19.6,19.6,19.6,18.693541,0,0.0,0.0
2018-04-04,19.6,19.6,19.6,19.6,18.693541,0,0.0,0.0
2018-04-05,19.6,19.6,19.6,19.6,18.693541,0,0.0,0.0
2018-04-06,19.700001,19.700001,19.700001,19.700001,18.788916,5000,0.0,0.0
2018-04-09,19.700001,19.700001,19.700001,19.700001,18.788916,0,0.0,0.0
2018-04-10,19.700001,19.700001,19.700001,19.700001,18.788916,0,0.0,0.0
2018-04-11,19.700001,19.700001,19.700001,19.700001,18.788916,0,0.0,0.0
2018-04-12,19.700001,19.700001,19.700001,19.700001,18.788916,0,0.0,0.0
2018-04-13,19.700001,19.700001,19.700001,19.700001,18.788916,0,0.0,0.0
2018-04-16,19.700001,19.700001,19.700001,19.700001,18.788916,0,0.0,0.0
2018-04-17,19.700001,19.700001,19.700001,19.700001,18.788916,0,0.0,0.0
2018-04-18,19.700001,19.700001,19.700001,19.700001,18.788916,0,0.0,0.0
2018-04-19,19.799999,19.799999,19.799999,19.799999,18.884287,1000,0.0,0.0
2018-04-20,20.4,20.4,20.4,20.4,19.456541,1000,0.0,0.0
2018-04-23,20.1,20.1,20.1,20.1,19.17042,7000,0.0,0.0
2018-04-24,20.299999,20.5,20.299999,20.5,19.551918,14000,0.0,0.0
2018-04-25,20.5,20.5,20.5,20.5,19.551918,0,0.0,0.0
2018-04-26,20.5,20.5,20.5,20.5,19.551918,0,0.0,0.0
2018-04-27,20.299999,20.299999,20.299999,20.299999,19.361168,1000,0.0,0.0
2018-04-30,20.299999,20.299999,20.299999,20.299999,19.385996,0,0.026,0.0
2018-05-01,20.299999,20.299999,20.299999,20.299999,19.385996,0,0.0,0.0
2018-05-02,20.299999,20.299999,20.299999,20.299999,19.385996,1000,0.0,0.0
2018-05-03,20.299999,20.299999,20.299999,20.299999,19.385996,0,0.0,0.0
2018-05-04,20.299999,20.299999,20.299999,20.299999,19.385996,0,0.0,0.0
2018-05-07,20.299999,20.299999,20.299999,20.299999,19.385996,3000,0.0,0.0
2018-05-08,21.0,22.025,21.0,22.025,21.033331,1000,0.0,0.0
2018-05-09,21.5,21.5,21.5,21.5,20.531963,3000,0.0,0.0
2018-05-10,21.5,21.5,21.5,21.5,20.531963,0,0.0,0.0
2018-05-11,21.5,21.5,21.5,21.5,20.531963,0,0.0,0.0
2018-05-14,21.5,21.5,21.5,21.5,20.531963,0,0.0,0.0
2018-05-15,23.0,24.0,22.0,22.0,21.009459,1000,0.0,0.0
2018-05-16,22.0,22.0,22.0,22.0,21.009459,0,0.0,0.0
2018-05-17,21.0,21.0,21.0,21.0,20.054482,1000,0.0,0.0
2018-05-18,21.0,21.0,21.0,21.0,20.054482,0,0.0,0.0
2018-05-21,21.5,21.5,21.5,21.5,20.531963,1000,0.0,0.0
2018-05-22,21.5,21.5,21.5,21.5,20.531963,0,0.0,0.0
2018-05-23,21.5,21.5,21.5,21.5,20.531963,0,0.0,0.0
2018-05-24,21.5,21.5,21.5,21.5,20.531963,0,0.0,0.0
2018-05-25,21.5,21.5,21.5,21.5,20.531963,0,0.0,0.0
2018-05-29,21.5,21.5,21.5,21.5,20.531963,0,0.0,0.0
2018-05-30,21.5,21.5,21.5,21.5,20.531963,0,0.0,0.0
2018-05-31,21.5,21.5,21.5,21.5,20.531963,0,0.0,0.0
2018-06-01,22.0,22.0,22.0,22.0,21.009459,2000,0.0,0.0
2018-06-04,22.0,22.0,22.0,22.0,21.009459,0,0.0,0.0
2018-06-05,22.0,22.0,22.0,22.0,21.009459,0,0.0,0.0
2018-06-06,22.0,22.0,22.0,22.0,21.009459,0,0.0,0.0
2018-06-07,22.0,22.0,22.0,22.0,21.009459,0,0.0,0.0
2018-06-08,22.0,22.0,22.0,22.0,21.009459,0,0.0,0.0
2018-06-11,22.0,22.0,22.0,22.0,21.009459,0,0.0,0.0
2018-06-12,22.0,22.0,22.0,22.0,21.009459,0,0.0,0.0
2018-06-13,21.559999,21.559999,21.559999,21.559999,20.589256,1000,0.0,0.0
2018-06-14,21.559999,21.559999,21.559999,21.559999,20.589256,0,0.0,0.0
2018-06-15,21.559999,21.559999,21.559999,21.559999,20.589256,0,0.0,0.0
2018-06-18,24.0,28.0,24.0,25.0,23.874384,1000,0.0,0.0
2018-06-19,25.0,25.0,25.0,25.0,23.874384,0,0.0,0.0
2018-06-20,21.799999,21.799999,21.799999,21.799999,20.81846,1000,0.0,0.0
2018-06-21,21.799999,21.799999,21.799999,21.799999,20.81846,0,0.0,0.0
2018-06-22,21.799999,21.799999,21.799999,21.799999,20.81846,0,0.0,0.0
2018-06-25,21.799999,21.799999,21.799999,21.799999,20.81846,0,0.0,0.0
2018-06-26,21.799999,21.799999,21.799999,21.799999,20.81846,0,0.0,0.0
2018-06-27,21.9,21.9,21.9,21.9,20.913956,3000,0.0,0.0
2018-06-28,22.4,22.4,22.4,22.4,21.391447,2000,0.0,0.0
2018-06-29,22.4,22.4,22.4,22.4,21.391447,0,0.0,0.0
2018-07-02,22.1,22.1,22.1,22.1,21.104946,2000,0.0,0.0
2018-07-03,22.1,22.1,22.1,22.1,21.104946,0,0.0,0.0
2018-07-05,22.110001,22.110001,22.110001,22.110001,21.114504,3000,0.0,0.0
2018-07-06,22.110001,22.110001,22.110001,22.110001,21.114504,0,0.0,0.0
2018-07-09,22.4,23.0,22.4,23.0,21.964432,3000,0.0,0.0
2018-07-10,22.6,22.6,22.6,22.6,21.582443,1000,0.0,0.0
2018-07-11,22.6,22.6,22.6,22.6,21.582443,1000,0.0,0.0
2018-07-12,22.6,22.6,22.6,22.6,21.582443,0,0.0,0.0
2018-07-13,22.15,22.15,22.15,22.15,21.152702,6000,0.0,0.0
2018-07-16,23.025,23.025,23.025,23.025,21.988304,1000,0.0,0.0
2018-07-17,22.15,22.15,22.15,22.15,21.152702,0,0.0,0.0
2018-07-18,22.5,22.5,22.5,22.5,21.486942,4000,0.0,0.0
2018-07-19,22.5,22.5,22.5,22.5,21.486942,0,0.0,0.0
2018-07-20,22.5,22.5,22.5,22.5,21.486942,2000,0.0,0.0
2018-07-23,22.5,22.9,22.5,22.9,21.868929,41000,0.0,0.0
2018-07-24,22.9,22.9,22.9,22.9,21.868929,0,0.0,0.0
2018-07-25,22.9,22.9,22.9,22.9,21.868929,0,0.0,0.0
2018-07-26,22.559999,22.559999,22.559999,22.559999,21.544247,1000,0.0,0.0
2018-07-27,22.559999,22.559999,22.559999,22.559999,21.544247,1000,0.0,0.0
2018-07-30,22.799999,22.799999,22.799999,22.799999,21.798559,1000,0.026,0.0
2018-07-31,22.625,22.629999,22.475,22.475,21.487831,12000,0.0,0.0
2018-08-01,22.5,22.5,22.5,22.5,21.511734,2000,0.0,0.0
2018-08-02,22.6,22.6,22.6,22.6,21.607344,1000,0.0,0.0
2018-08-03,22.49,22.5,22.474001,22.5,21.511734,3000,0.0,0.0
2018-08-06,22.5,22.5,22.5,22.5,21.511734,0,0.0,0.0
2018-08-07,22.5,22.700001,22.5,22.700001,21.702953,4000,0.0,0.0
2018-08-08,22.700001,22.700001,22.700001,22.700001,21.702953,0,0.0,0.0
2018-08-09,22.43,22.6,22.43,22.6,21.607344,5000,0.0,0.0
2018-08-10,22.700001,22.700001,22.700001,22.700001,21.702953,1000,0.0,0.0
2018-08-13,22.6,22.6,22.6,22.6,21.607344,0,0.0,0.0
2018-08-14,22.504999,22.504999,22.504999,22.504999,21.51651,12000,0.0,0.0
2018-08-15,22.504999,22.504999,22.504999,22.504999,21.51651,0,0.0,0.0
2018-08-16,22.504999,22.504999,22.504999,22.504999,21.51651,0,0.0,0.0
2018-08-17,22.504999,22.504999,22.504999,22.504999,21.51651,0,0.0,0.0
2018-08-20,22.5,22.5,22.43,22.43,21.444805,1000,0.0,0.0
2018-08-21,22.43,22.43,22.43,22.43,21.444805,0,0.0,0.0
2018-08-22,22.43,22.43,22.43,22.43,21.444805,0,0.0,0.0
2018-08-23,22.43,22.43,22.43,22.43,21.444805,0,0.0,0.0
2018-08-24,22.43,22.43,22.43,22.43,21.444805,0,0.0,0.0
2018-08-27,22.43,22.43,22.4,22.4,21.416128,1000,0.0,0.0
2018-08-28,22.4,22.4,22.4,22.4,21.416128,0,0.0,0.0
2018-08-29,22.4,22.4,22.23,22.23,21.253592,1000,0.0,0.0
2018-08-30,22.23,22.23,22.23,22.23,21.253592,1000,0.0,0.0
2018-08-31,22.23,22.23,22.23,22.23,21.253592,0,0.0,0.0
2018-09-04,22.264999,22.264999,22.264999,22.264999,21.28706,1000,0.0,0.0
2018-09-05,22.264999,22.264999,22.264999,22.264999,21.28706,0,0.0,0.0
2018-09-06,22.23,22.23,22.23,22.23,21.253592,1000,0.0,0.0
2018-09-07,22.23,22.23,22.23,22.23,21.253592,0,0.0,0.0
2018-09-10,22.23,22.35,22.23,22.35,21.368322,4000,0.0,0.0
2018-09-11,22.35,22.35,22.35,22.35,21.368322,0,0.0,0.0
2018-09-12,22.238001,22.238001,22.23,22.23,21.253592,1000,0.0,0.0
2018-09-13,22.200001,22.225,22.101,22.225,21.24881,1000,0.0,0.0
2018-09-14,22.225,22.225,22.225,22.225,21.24881,0,0.0,0.0
2018-09-17,22.25,22.26,22.25,22.26,21.28228,1000,0.0,0.0
2018-09-18,22.26,22.26,22.26,22.26,21.28228,0,0.0,0.0
2018-09-19,22.26,22.26,22.26,22.26,21.28228,0,0.0,0.0
2018-09-20,22.26,22.26,22.26,22.26,21.28228,0,0.0,0.0
2018-09-21,22.101,22.101,22.101,22.101,21.130255,1000,0.0,0.0
2018-09-24,22.26,22.26,22.26,22.26,21.28228,0,0.0,0.0
2018-09-25,22.26,22.26,22.26,22.26,21.28228,0,0.0,0.0
2018-09-26,22.26,22.26,22.26,22.26,21.28228,0,0.0,0.0
2018-09-27,22.101,22.101,22.1,22.1,21.129297,1000,0.0,0.0
2018-09-28,22.059999,22.059999,22.01,22.01,21.043253,1000,0.0,0.0
2018-10-01,22.01,22.01,22.01,22.01,21.043253,1000,0.0,0.0
2018-10-02,22.01,22.01,22.01,22.01,21.043253,0,0.0,0.0
2018-10-03,22.01,22.01,22.01,22.01,21.043253,0,0.0,0.0
2018-10-04,22.01,22.01,22.01,22.01,21.043253,0,0.0,0.0
2018-10-05,22.125,22.125,22.125,22.125,21.153204,1000,0.0,0.0
2018-10-08,22.125,22.125,22.125,22.125,21.153204,0,0.0,0.0
2018-10-09,22.125,22.125,22.125,22.125,21.153204,0,0.0,0.0
2018-10-10,22.125,22.125,22.125,22.125,21.153204,1000,0.0,0.0
2018-10-11,22.125,22.125,22.125,22.125,21.153204,0,0.0,0.0
2018-10-12,22.125,22.125,22.125,22.125,21.153204,0,0.0,0.0
2018-10-15,22.125,22.125,22.125,22.125,21.153204,0,0.0,0.0
2018-10-16,22.129999,22.129999,22.129999,22.129999,21.157984,1000,0.0,0.0
2018-10-17,22.1,22.1,22.1,22.1,21.129297,3000,0.0,0.0
2018-10-18,22.1,22.1,22.1,22.1,21.129297,0,0.0,0.0
2018-10-19,22.1,22.1,22.1,22.1,21.129297,0,0.0,0.0
2018-10-22,22.1,22.1,22.1,22.1,21.129297,0,0.0,0.0
2018-10-23,22.0,22.0,21.905001,21.93,20.966764,2000,0.0,0.0
2018-10-24,22.200001,22.200001,22.200001,22.200001,21.224915,1000,0.0,0.0
2018-10-25,21.93,21.93,21.93,21.93,20.966764,0,0.0,0.0
2018-10-26,21.905001,21.905001,21.4,21.4,20.460049,1000,0.0,0.0
2018-10-29,21.4,21.4,21.4,21.4,20.484943,0,0.026,0.0
2018-10-30,21.4,21.4,21.4,21.4,20.484943,0,0.0,0.0
2018-10-31,21.4,21.4,21.4,21.4,20.484943,0,0.0,0.0
2018-11-01,21.4,21.4,21.4,21.4,20.484943,0,0.0,0.0
2018-11-02,21.202,21.202,21.202,21.202,20.295401,4000,0.0,0.0
2018-11-05,21.200001,21.200001,21.129999,21.129999,20.226486,1000,0.0,0.0
2018-11-06,21.129999,21.129999,21.129999,21.129999,20.226486,0,0.0,0.0
2018-11-07,21.129999,21.129999,21.129999,21.129999,20.226486,0,0.0,0.0
2018-11-08,21.129999,21.129999,21.129999,21.129999,20.226486,0,0.0,0.0
2018-11-09,21.129999,21.129999,21.129999,21.129999,20.226486,0,0.0,0.0
2018-11-12,21.110001,21.125,21.110001,21.125,20.221699,4000,0.0,0.0
2018-11-13,21.125,21.125,21.125,21.125,20.221699,0,0.0,0.0
2018-11-14,21.125,21.125,21.125,21.125,20.221699,0,0.0,0.0
2018-11-15,21.125,21.125,21.125,21.125,20.221699,0,0.0,0.0
2018-11-16,21.125,21.125,21.125,21.125,20.221699,0,0.0,0.0
2018-11-19,21.125,21.125,21.125,21.125,20.221699,0,0.0,0.0
2018-11-20,20.999001,20.999001,20.76,20.76,19.872301,1000,0.0,0.0
2018-11-21,20.76,20.76,20.76,20.76,19.872301,0,0.0,0.0
2018-11-23,20.76,20.76,20.76,20.76,19.872301,0,0.0,0.0
2018-11-26,20.559999,20.559999,20.559999,20.559999,19.680853,1000,0.0,0.0
2018-11-27,20.559999,20.559999,20.559999,20.559999,19.680853,0,0.0,0.0
2018-11-28,20.559999,20.559999,20.5,20.5,19.623423,1000,0.0,0.0
2018-11-29,20.559999,20.559999,20.559999,20.559999,19.680853,0,0.0,0.0
2018-11-30,20.5,20.5,20.5,20.5,19.623423,2000,0.0,0.0
2018-12-03,20.5,20.5,20.5,20.5,19.623423,0,0.0,0.0
2018-12-04,20.403,20.403,20.403,20.403,19.530573,1000,0.0,0.0
2018-12-06,20.261999,20.261999,20.26,20.26,19.393682,7000,0.0,0.0
2018-12-07,20.26,20.26,20.26,20.26,19.393682,0,0.0,0.0
2018-12-10,20.26,20.26,20.26,20.26,19.393682,0,0.0,0.0
2018-12-11,20.26,20.26,20.26,20.26,19.393682,0,0.0,0.0
2018-12-12,20.26,20.26,20.26,20.26,19.393682,0,0.0,0.0
2018-12-13,20.26,20.26,20.26,20.26,19.393682,0,0.0,0.0
2018-12-14,20.26,20.26,20.26,20.26,19.393682,0,0.0,0.0
2018-12-17,20.26,20.26,20.26,20.26,19.393682,0,0.0,0.0
2018-12-18,20.000999,20.000999,20.0,20.0,19.144798,1000,0.0,0.0
2018-12-19,19.549999,19.549999,19.0,19.0,18.187555,1000,0.0,0.0
2018-12-20,20.26,20.26,20.26,20.26,19.393682,0,0.0,0.0
2018-12-21,19.0,19.0,18.799999,18.799999,17.996107,1000,0.0,0.0
2018-12-24,18.799999,18.799999,18.1,18.1,17.326042,1000,0.0,0.0
2018-12-26,18.1,18.1,17.200001,17.200001,16.464527,2000,0.0,0.0
2018-12-27,18.5,18.5,17.5,18.450001,17.661079,1000,0.0,0.0
2018-12-28,17.559999,17.559999,17.559999,17.559999,16.809139,3000,0.0,0.0
2018-12-31,18.5,18.5,18.5,18.5,17.708942,1000,0.0,0.0
2019-01-02,18.5,18.5,18.5,18.5,17.708942,0,0.0,0.0
2019-01-03,17.129999,17.129999,17.129999,17.129999,16.39752,2000,0.0,0.0
2019-01-04,17.129999,17.129999,17.129999,17.129999,16.39752,0,0.0,0.0
2019-01-07,17.129999,17.129999,17.129999,17.129999,16.39752,0,0.0,0.0
2019-01-08,17.129999,17.129999,17.129999,17.129999,16.39752,0,0.0,0.0
2019-01-09,17.129999,17.129999,17.129999,17.129999,16.39752,0,0.0,0.0
2019-01-10,17.129999,17.129999,17.129999,17.129999,16.39752,0,0.0,0.0
2019-01-11,17.129999,17.129999,17.129999,17.129999,16.39752,0,0.0,0.0
2019-01-14,18.327999,18.327999,17.5,17.5,16.751703,2000,0.0,0.0
2019-01-15,17.525,17.525,17.5,17.5,16.751703,3000,0.0,0.0
2019-01-16,17.5,17.5,17.5,17.5,16.751703,0,0.0,0.0
2019-01-17,17.5,17.5,17.5,17.5,16.751703,0,0.0,0.0
2019-01-18,17.5,17.5,17.5,17.5,16.751703,0,0.0,0.0
2019-01-22,17.5,17.5,17.5,17.5,16.751703,0,0.0,0.0
2019-01-23,17.5,17.5,17.5,17.5,16.751703,0,0.0,0.0
2019-01-24,17.5,17.5,17.5,17.5,16.751703,0,0.0,0.0
2019-01-25,18.0,18.0,18.0,18.0,17.230324,1000,0.0,0.0
2019-01-28,18.0,18.450001,18.0,18.450001,17.661079,1000,0.0,0.0
2019-01-29,18.450001,18.450001,18.450001,18.450001,17.661079,0,0.0,0.0
2019-01-30,18.450001,18.450001,18.450001,18.450001,17.661079,0,0.0,0.0
2019-01-31,18.200001,19.549999,18.200001,19.5,18.66618,2000,0.0,0.0
2019-02-01,19.5,19.5,19.5,19.5,18.66618,0,0.0,0.0
2019-02-04,19.5,19.5,19.5,19.5,18.66618,1000,0.0,0.0
2019-02-05,19.5,19.5,19.5,19.5,18.693027,0,0.028,0.0
2019-02-06,19.5,19.5,19.5,19.5,18.693027,1000,0.0,0.0
2019-02-07,19.5,19.5,19.5,19.5,18.693027,1000,0.0,0.0
2019-02-08,19.5,19.5,19.5,19.5,18.693027,0,0.0,0.0
2019-02-11,19.5,19.5,19.5,19.5,18.693027,0,0.0,0.0
2019-02-12,19.5,19.5,19.5,19.5,18.693027,0,0.0,0.0
2019-02-13,19.5,19.5,19.5,19.5,18.693027,0,0.0,0.0
2019-02-14,19.309999,19.309999,19.309999,19.309999,18.510885,3000,0.0,0.0
2019-02-15,19.5,19.5,19.5,19.5,18.693027,1000,0.0,0.0
2019-02-19,19.5,19.5,19.5,19.5,18.693027,0,0.0,0.0
2019-02-20,19.5,19.5,19.5,19.5,18.693027,0,0.0,0.0
2019-02-21,19.309999,19.309999,19.309999,19.309999,18.510885,1000,0.0,0.0
2019-02-22,19.309999,19.309999,19.309999,19.309999,18.510885,0,0.0,0.0
2019-02-25,19.309999,19.309999,19.309999,19.309999,18.510885,0,0.0,0.0
2019-02-26,19.35,19.35,19.35,19.35,18.549234,1000,0.0,0.0
2019-02-27,19.360001,19.360001,19.360001,19.360001,18.558815,1000,0.0,0.0
2019-02-28,19.360001,19.360001,19.360001,19.360001,18.558815,0,0.0,0.0
2019-03-01,19.360001,19.360001,19.360001,19.360001,18.558815,0,0.0,0.0
2019-03-04,19.360001,19.360001,19.360001,19.360001,18.558815,0,0.0,0.0
2019-03-05,19.4,19.5,19.368999,19.41,18.606754,6000,0.0,0.0
2019-03-06,19.4,19.4,19.4,19.4,18.59716,1000,0.0,0.0
2019-03-07,19.4,19.4,19.4,19.4,18.59716,0,0.0,0.0
2019-03-08,19.41,19.41,19.41,19.41,18.606754,1000,0.0,0.0
2019-03-11,19.41,19.41,19.41,19.41,18.606754,0,0.0,0.0
2019-03-12,19.41,19.41,19.41,19.41,18.606754,0,0.0,0.0
2019-03-13,19.41,19.41,19.41,19.41,18.606754,2000,0.0,0.0
2019-03-14,19.41,19.41,19.41,19.41,18.606754,0,0.0,0.0
2019-03-15,19.41,19.41,19.41,19.41,18.606754,1000,0.0,0.0
2019-03-18,19.41,19.41,19.41,19.41,18.606754,0,0.0,0.0
2019-03-19,19.412001,19.412001,19.412001,19.412001,18.608662,1000,0.0,0.0
2019-03-20,19.412001,19.412001,19.412001,19.412001,18.608662,0,0.0,0.0
2019-03-21,19.412001,19.412001,19.412001,19.412001,18.608662,0,0.0,0.0
2019-03-22,19.412001,19.412001,19.412001,19.412001,18.608662,0,0.0,0.0
2019-03-25,19.412001,19.412001,19.412001,19.412001,18.608662,0,0.0,0.0
2019-03-26,19.412001,19.412001,19.412001,19.412001,18.608662,0,0.0,0.0
2019-03-27,19.412001,19.412001,19.412001,19.412001,18.608662,0,0.0,0.0
2019-03-28,19.424999,19.424999,19.35,19.35,18.549234,1000,0.0,0.0
2019-03-29,19.16,19.35,19.16,19.35,18.549234,1000,0.0,0.0
2019-04-01,19.35,19.35,19.35,19.35,18.549234,0,0.0,0.0
2019-04-02,19.16,19.200001,19.16,19.16,18.367094,4000,0.0,0.0
2019-04-03,19.424999,19.424999,19.424999,19.424999,18.621126,1000,0.0,0.0
2019-04-04,19.424999,19.424999,19.424999,19.424999,18.621126,0,0.0,0.0
2019-04-05,19.424999,19.424999,19.424999,19.424999,18.621126,0,0.0,0.0
2019-04-08,19.424999,19.424999,19.424999,19.424999,18.621126,0,0.0,0.0
2019-04-09,19.424999,19.424999,19.424999,19.424999,18.621126,0,0.0,0.0
2019-04-10,19.424999,19.424999,19.424999,19.424999,18.621126,0,0.0,0.0
2019-04-11,19.424999,19.424999,19.424999,19.424999,18.621126,0,0.0,0.0
2019-04-12,19.424999,19.424999,19.424999,19.424999,18.621126,0,0.0,0.0
2019-04-15,19.405001,19.405001,19.405001,19.405001,18.601954,1000,0.0,0.0
2019-04-16,19.424999,19.424999,19.424999,19.424999,18.621126,0,0.0,0.0
2019-04-17,19.424999,19.424999,19.424999,19.424999,18.621126,0,0.0,0.0
2019-04-18,19.424999,19.424999,19.424999,19.424999,18.621126,0,0.0,0.0
2019-04-22,19.424999,19.424999,19.424999,19.424999,18.621126,0,0.0,0.0
2019-04-23,19.16,19.450001,19.16,19.450001,18.64509,1000,0.0,0.0
2019-04-24,19.450001,19.450001,19.450001,19.450001,18.64509,0,0.0,0.0
2019-04-25,19.450001,19.450001,19.450001,19.450001,18.64509,0,0.0,0.0
2019-04-26,19.450001,19.450001,19.450001,19.450001,18.64509,0,0.0,0.0
2019-04-29,19.5,19.5,19.5,19.5,18.719975,1000,0.028,0.0
2019-04-30,19.450001,19.450001,19.450001,19.450001,18.671968,0,0.0,0.0
2019-05-01,19.450001,19.450001,19.450001,19.450001,18.671968,0,0.0,0.0
2019-05-02,19.16,19.16,19.16,19.16,18.393574,1000,0.0,0.0
2019-05-03,19.5,19.5,19.5,19.5,18.719975,1000,0.0,0.0
2019-05-06,19.200001,19.200001,19.195999,19.195999,18.428129,10000,0.0,0.0
2019-05-07,19.195999,19.195999,19.195999,19.195999,18.428129,0,0.0,0.0
2019-05-08,19.195999,19.195999,19.195999,19.195999,18.428129,0,0.0,0.0
2019-05-09,19.195999,19.195999,19.195999,19.195999,18.428129,0,0.0,0.0
2019-05-10,19.195999,19.195999,19.195999,19.195999,18.428129,0,0.0,0.0
2019-05-13,19.195999,19.195999,19.195999,19.195999,18.428129,0,0.0,0.0
2019-05-14,19.195999,19.195999,19.195999,19.195999,18.428129,0,0.0,0.0
2019-05-15,19.195999,19.195999,19.195999,19.195999,18.428129,0,0.0,0.0
2019-05-16,19.195999,19.195999,19.195999,19.195999,18.428129,0,0.0,0.0
2019-05-17,19.195999,19.195999,19.195999,19.195999,18.428129,0,0.0,0.0
2019-05-20,19.195999,19.195999,19.195999,19.195999,18.428129,0,0.0,0.0
2019-05-21,19.195999,19.195999,19.195999,19.195999,18.428129,0,0.0,0.0
2019-05-22,19.25,19.25,19.030001,19.030001,18.268774,1000,0.0,0.0
2019-05-23,19.030001,19.030001,19.030001,19.030001,18.268774,0,0.0,0.0
2019-05-24,19.030001,19.030001,19.030001,19.030001,18.268774,0,0.0,0.0
2019-05-28,19.030001,19.030001,19.030001,19.030001,18.268774,0,0.0,0.0
2019-05-29,19.5,19.5,19.5,19.5,18.719975,1000,0.0,0.0
2019-05-30,19.5,19.5,19.5,19.5,18.719975,0,0.0,0.0
2019-05-31,19.5,19.5,19.5,19.5,18.719975,0,0.0,0.0
2019-06-03,19.5,19.5,19.5,19.5,18.719975,0,0.0,0.0
2019-06-04,19.5,19.5,19.5,19.5,18.719975,0,0.0,0.0
2019-06-05,19.5,19.5,19.5,19.5,18.719975,0,0.0,0.0
2019-06-06,19.5,19.5,19.5,19.5,18.719975,0,0.0,0.0
2019-06-07,19.5,19.5,19.5,19.5,18.719975,0,0.0,0.0
2019-06-10,19.5,19.5,19.5,19.5,18.719975,0,0.0,0.0
2019-06-11,19.5,19.5,19.5,19.5,18.719975,0,0.0,0.0
2019-06-12,19.5,19.5,19.5,19.5,18.719975,0,0.0,0.0
2019-06-13,19.5,19.5,19.5,19.5,18.719975,0,0.0,0.0
2019-06-14,19.5,19.5,19.5,19.5,18.719975,0,0.0,0.0
2019-06-17,19.5,19.5,19.5,19.5,18.719975,0,0.0,0.0
2019-06-18,19.030001,19.030001,19.030001,19.030001,18.268774,1000,0.0,0.0
2019-06-19,18.6,19.030001,18.6,19.030001,18.268774,1000,0.0,0.0
2019-06-20,19.030001,19.030001,19.030001,19.030001,18.268774,0,0.0,0.0
2019-06-21,19.030001,19.030001,19.030001,19.030001,18.268774,0,0.0,0.0
2019-06-24,19.049999,19.049999,19.049999,19.049999,18.287971,1000,0.0,0.0
2019-06-25,18.6,19.200001,18.1,18.35,17.615971,51000,0.0,0.0
2019-06-26,18.35,18.35,18.35,18.35,17.615971,0,0.0,0.0
2019-06-27,18.35,18.35,18.35,18.35,17.615971,0,0.0,0.0
2019-06-28,18.1,18.969999,18.1,18.969999,18.211176,1000,0.0,0.0
2019-07-01,18.969999,18.969999,18.969999,18.969999,18.211176,0,0.0,0.0
2019-07-02,18.5,18.5,18.5,18.5,17.759974,1000,0.0,0.0
2019-07-03,18.75,18.75,18.75,18.75,17.999971,1000,0.0,0.0
2019-07-05,18.75,18.75,18.75,18.75,17.999971,0,0.0,0.0
2019-07-08,18.75,18.75,18.75,18.75,17.999971,0,0.0,0.0
2019-07-09,18.75,18.75,18.75,18.75,17.999971,0,0.0,0.0
2019-07-10,18.75,18.75,18.75,18.75,17.999971,1000,0.0,0.0
2019-07-11,18.75,18.75,18.75,18.75,17.999971,0,0.0,0.0
2019-07-12,18.75,18.75,18.75,18.75,17.999971,0,0.0,0.0
2019-07-15,18.75,18.75,18.75,18.75,17.999971,0,0.0,0.0
2019-07-16,18.75,18.75,18.75,18.75,17.999971,0,0.0,0.0
2019-07-17,18.969999,18.969999,18.969999,18.969999,18.211176,1000,0.0,0.0
2019-07-18,18.1,18.6,18.1,18.6,17.855963,1000,0.0,0.0
2019-07-19,18.6,18.6,18.6,18.6,17.855963,0,0.0,0.0
2019-07-22,18.299999,18.299999,18.299999,18.299999,17.567972,1000,0.0,0.0
2019-07-23,18.299999,18.299999,18.299999,18.299999,17.567972,3000,0.0,0.0
2019-07-24,18.5,18.5,18.5,18.5,17.759974,1000,0.0,0.0
2019-07-25,18.5,18.5,18.5,18.5,17.759974,1000,0.0,0.0
2019-07-26,18.5,18.5,18.5,18.5,17.759974,0,0.0,0.0
2019-07-29,18.5,18.5,18.5,18.5,17.786896,0,0.028,0.0
2019-07-30,18.5,18.5,18.5,18.5,17.786896,0,0.0,0.0
2019-07-31,18.969999,18.969999,18.969999,18.969999,18.238775,1000,0.0,0.0
2019-08-01,18.969999,18.969999,18.969999,18.969999,18.238775,0,0.0,0.0
2019-08-02,18.969999,18.969999,18.969999,18.969999,18.238775,0,0.0,0.0
2019-08-05,18.969999,18.969999,18.969999,18.969999,18.238775,0,0.0,0.0
2019-08-06,18.969999,18.969999,18.969999,18.969999,18.238775,0,0.0,0.0
2019-08-07,18.969999,18.969999,18.969999,18.969999,18.238775,0,0.0,0.0
2019-08-08,18.969999,18.969999,18.969999,18.969999,18.238775,0,0.0,0.0
2019-08-09,18.969999,18.969999,18.969999,18.969999,18.238775,1000,0.0,0.0
2019-08-12,18.969999,18.969999,18.969999,18.969999,18.238775,1000,0.0,0.0
2019-08-13,18.969999,18.969999,18.969999,18.969999,18.238775,0,0.0,0.0
2019-08-14,18.969999,18.969999,18.969999,18.969999,18.238775,1000,0.0,0.0
2019-08-15,18.700001,18.700001,18.672001,18.672001,17.952267,1000,0.0,0.0
2019-08-16,18.672001,18.672001,18.672001,18.672001,17.952267,0,0.0,0.0
2019-08-19,18.572001,18.572001,18.5,18.5,17.786896,6000,0.0,0.0
2019-08-20,18.5,18.639999,18.5,18.639999,17.921501,9000,0.0,0.0
2019-08-21,18.639999,18.639999,18.639999,18.639999,17.921501,0,0.0,0.0
2019-08-22,18.639999,18.639999,18.639999,18.639999,17.921501,0,0.0,0.0
2019-08-23,18.639999,18.639999,18.639999,18.639999,17.921501,0,0.0,0.0
2019-08-26,18.639999,18.639999,18.639999,18.639999,17.921501,0,0.0,0.0
2019-08-27,18.639999,18.639999,18.639999,18.639999,17.921501,0,0.0,0.0
2019-08-28,18.639999,18.639999,18.639999,18.639999,17.921501,0,0.0,0.0
2019-08-29,18.639999,18.639999,18.639999,18.639999,17.921501,0,0.0,0.0
2019-08-30,18.735001,18.735001,18.735001,18.735001,18.012838,11000,0.0,0.0
2019-09-03,18.733999,18.733999,18.733999,18.733999,18.011875,1000,0.0,0.0
2019-09-04,18.733999,18.733999,18.733999,18.733999,18.011875,0,0.0,0.0
2019-09-05,18.719999,18.745001,18.719999,18.735001,18.012838,2000,0.0,0.0
2019-09-06,18.735001,18.735001,18.735001,18.735001,18.012838,0,0.0,0.0
2019-09-09,18.735001,18.735001,18.735001,18.735001,18.012838,0,0.0,0.0
2019-09-10,18.735001,18.735001,18.735001,18.735001,18.012838,0,0.0,0.0
2019-09-11,18.735001,18.735001,18.735001,18.735001,18.012838,0,0.0,0.0
2019-09-12,18.735001,18.735001,18.735001,18.735001,18.012838,0,0.0,0.0
2019-09-13,18.5,18.75,18.5,18.75,18.027256,1000,0.0,0.0
2019-09-16,18.790001,18.790001,18.790001,18.790001,18.06571,1000,0.0,0.0
2019-09-17,18.940001,18.940001,18.940001,18.940001,18.209932,1000,0.0,0.0
2019-09-18,18.940001,18.940001,18.940001,18.940001,18.209932,0,0.0,0.0
2019-09-19,18.940001,18.940001,18.940001,18.940001,18.209932,0,0.0,0.0
2019-09-20,18.940001,18.940001,18.940001,18.940001,18.209932,0,0.0,0.0
2019-09-23,18.940001,18.940001,18.940001,18.940001,18.209932,0,0.0,0.0
2019-09-24,18.940001,18.940001,18.940001,18.940001,18.209932,0,0.0,0.0
2019-09-25,18.940001,18.940001,18.940001,18.940001,18.209932,0,0.0,0.0
2019-09-26,18.940001,18.940001,18.940001,18.940001,18.209932,0,0.0,0.0
2019-09-27,18.940001,18.940001,18.940001,18.940001,18.209932,0,0.0,0.0
2019-09-30,18.940001,18.940001,18.940001,18.940001,18.209932,0,0.0,0.0
2019-10-01,18.940001,18.940001,18.940001,18.940001,18.209932,0,0.0,0.0
2019-10-02,18.940001,18.940001,18.940001,18.940001,18.209932,0,0.0,0.0
2019-10-03,18.940001,18.940001,18.940001,18.940001,18.209932,0,0.0,0.0
2019-10-04,18.940001,18.940001,18.940001,18.940001,18.209932,0,0.0,0.0
2019-10-07,18.940001,18.940001,18.940001,18.940001,18.209932,0,0.0,0.0
2019-10-08,18.940001,18.940001,18.940001,18.940001,18.209932,0,0.0,0.0
2019-10-09,18.940001,18.940001,18.940001,18.940001,18.209932,0,0.0,0.0
2019-10-10,18.6,18.6,18.6,18.6,17.883032,1000,0.0,0.0
2019-10-11,18.6,18.6,18.6,18.6,17.883032,0,0.0,0.0
2019-10-14,18.6,18.6,18.6,18.6,17.883032,0,0.0,0.0
2019-10-15,18.6,18.6,18.6,18.6,17.883032,0,0.0,0.0
2019-10-16,18.6,18.6,18.6,18.6,17.883032,0,0.0,0.0
2019-10-17,18.6,18.6,18.6,18.6,17.883032,0,0.0,0.0
2019-10-18,18.6,18.6,18.6,18.6,17.883032,0,0.0,0.0
2019-10-21,18.6,18.6,18.6,18.6,17.883032,0,0.0,0.0
2019-10-22,18.6,18.6,18.6,18.6,17.883032,1000,0.0,0.0
2019-10-23,18.6,18.6,18.6,18.6,17.883032,0,0.0,0.0
2019-10-24,18.6,18.6,18.6,18.6,17.883032,0,0.0,0.0
2019-10-25,18.6,18.6,18.6,18.6,17.883032,0,0.0,0.0
2019-10-28,19.0,19.1,18.999001,18.999001,18.294201,1000,0.028,0.0
2019-10-29,18.799999,18.799999,18.6,18.6,17.909996,4000,0.0,0.0
2019-10-30,18.6,18.6,18.6,18.6,17.909996,0,0.0,0.0
2019-10-31,18.9,18.969999,18.9,18.969999,18.266272,1000,0.0,0.0
2019-11-01,18.969999,18.969999,18.969999,18.969999,18.266272,0,0.0,0.0
2019-11-04,18.969999,18.969999,18.969999,18.969999,18.266272,0,0.0,0.0
2019-11-05,18.969999,18.969999,18.969999,18.969999,18.266272,0,0.0,0.0
2019-11-06,18.969999,18.969999,18.969999,18.969999,18.266272,0,0.0,0.0
2019-11-07,19.17,19.17,19.1,19.129999,18.42034,8000,0.0,0.0
2019-11-08,19.129999,19.129999,19.129999,19.129999,18.42034,0,0.0,0.0
2019-11-11,19.129999,19.129999,19.129999,19.129999,18.42034,0,0.0,0.0
2019-11-12,19.129999,19.129999,19.129999,19.129999,18.42034,0,0.0,0.0
2019-11-13,19.129999,19.129999,19.129999,19.129999,18.42034,0,0.0,0.0
2019-11-14,19.129999,19.129999,19.129999,19.129999,18.42034,0,0.0,0.0
2019-11-15,19.129999,19.129999,19.129999,19.129999,18.42034,0,0.0,0.0
2019-11-18,19.290001,19.290001,19.290001,19.290001,18.574406,1000,0.0,0.0
2019-11-19,19.290001,19.290001,19.290001,19.290001,18.574406,0,0.0,0.0
2019-11-20,19.190001,19.190001,19.190001,19.190001,18.478111,1000,0.0,0.0
2019-11-21,19.190001,19.190001,19.190001,19.190001,18.478111,0,0.0,0.0
2019-11-22,19.200001,20.0,19.200001,19.5,18.776619,50000,0.0,0.0
2019-11-25,20.5,20.5,20.0,20.0,19.258062,1000,0.0,0.0
2019-11-26,20.0,20.0,20.0,20.0,19.258062,0,0.0,0.0
2019-11-27,20.0,20.1,20.0,20.1,19.354359,14000,0.0,0.0
2019-11-29,20.1,20.1,20.1,20.1,19.354359,0,0.0,0.0
2019-12-02,19.799999,19.799999,19.799999,19.799999,19.065485,1000,0.0,0.0
2019-12-03,19.799999,19.799999,19.799999,19.799999,19.065485,0,0.0,0.0
2019-12-04,19.799999,19.799999,19.799999,19.799999,19.065485,1000,0.0,0.0
2019-12-05,19.799999,19.799999,19.799999,19.799999,19.065485,0,0.0,0.0
2019-12-06,19.799999,19.799999,19.625,19.799999,19.065485,36000,0.0,0.0
2019-12-09,19.799999,19.799999,19.799999,19.799999,19.065485,0,0.0,0.0
2019-12-10,19.975,19.975,19.799999,19.799999,19.065485,1000,0.0,0.0
2019-12-11,19.9,19.9,19.9,19.9,19.161779,1000,0.0,0.0
2019-12-12,19.9,19.9,19.9,19.9,19.161779,0,0.0,0.0
2019-12-13,19.9,19.9,19.9,19.9,19.161779,0,0.0,0.0
2019-12-16,19.9,19.9,19.9,19.9,19.161779,0,0.0,0.0
2019-12-17,19.9,19.9,19.9,19.9,19.161779,0,0.0,0.0
2019-12-18,19.9,19.9,19.9,19.9,19.161779,0,0.0,0.0
2019-12-19,19.700001,19.75,19.700001,19.75,19.017347,9000,0.0,0.0
2019-12-20,19.974001,19.974001,19.974001,19.974001,19.233034,1000,0.0,0.0
2019-12-23,19.974001,19.974001,19.974001,19.974001,19.233034,0,0.0,0.0
2019-12-24,22.5,22.5,22.5,22.5,21.665325,1000,0.0,0.0
2019-12-26,22.5,22.5,22.5,22.5,21.665325,0,0.0,0.0
2019-12-27,22.5,22.5,22.5,22.5,21.665325,0,0.0,0.0
2019-12-30,19.700001,20.0,19.700001,19.924999,19.185844,7000,0.0,0.0
2019-12-31,21.0,21.0,21.0,21.0,20.22097,1000,0.0,0.0
2020-01-02,21.0,21.0,21.0,21.0,20.22097,1000,0.0,0.0
2020-01-03,21.0,21.0,21.0,21.0,20.22097,0,0.0,0.0
2020-01-06,21.0,21.0,21.0,21.0,20.22097,1000,0.0,0.0
2020-01-07,21.0,21.0,21.0,21.0,20.22097,0,0.0,0.0
2020-01-08,20.700001,20.700001,20.000999,20.000999,19.259027,6000,0.0,0.0
2020-01-09,20.000999,20.000999,20.000999,20.000999,19.259027,0,0.0,0.0
2020-01-10,20.000999,20.000999,20.000999,20.000999,19.259027,0,0.0,0.0
2020-01-13,20.000999,20.000999,20.000999,20.000999,19.259027,0,0.0,0.0
2020-01-14,20.0,20.0,20.0,20.0,19.258062,4000,0.0,0.0
2020-01-15,20.0,20.0,20.0,20.0,19.258062,0,0.0,0.0
2020-01-16,20.0,20.0,20.0,20.0,19.258062,0,0.0,0.0
2020-01-17,20.5,20.5,20.5,20.5,19.739515,3000,0.0,0.0
2020-01-21,20.0,20.0,20.0,20.0,19.258062,1000,0.0,0.0
2020-01-22,20.0,20.0,20.0,20.0,19.258062,0,0.0,0.0
2020-01-23,20.0,20.0,20.0,20.0,19.258062,0,0.0,0.0
2020-01-24,20.0,20.0,20.0,20.0,19.258062,0,0.0,0.0
2020-01-27,20.004999,20.004999,20.004999,20.004999,19.262875,1000,0.0,0.0
2020-01-28,20.0,20.0,20.0,20.0,19.258062,2000,0.0,0.0
2020-01-29,20.0,20.0,20.0,20.0,19.258062,0,0.0,0.0
2020-01-30,19.950001,19.950001,19.9,19.9,19.161779,7000,0.0,0.0
2020-01-31,19.950001,19.950001,19.700001,19.700001,18.969198,1000,0.0,0.0
2020-02-03,19.700001,19.700001,19.700001,19.700001,18.969198,0,0.0,0.0
2020-02-04,19.82,19.844999,19.82,19.844999,19.108816,2000,0.0,0.0
2020-02-05,19.844999,19.844999,19.844999,19.844999,19.108816,0,0.0,0.0
2020-02-06,19.9,19.969999,19.879999,19.940001,19.229361,14000,0.03,0.0
2020-02-07,20.0,20.0,19.940001,19.940001,19.229361,1000,0.0,0.0
2020-02-10,19.799999,19.799999,19.799999,19.799999,19.094349,1000,0.0,0.0
2020-02-11,19.705,19.705,19.705,19.705,19.002737,6000,0.0,0.0
2020-02-12,19.705,19.705,19.705,19.705,19.002737,0,0.0,0.0
2020-02-13,19.705,19.705,19.705,19.705,19.002737,0,0.0,0.0
2020-02-14,19.705,19.705,19.705,19.705,19.002737,0,0.0,0.0
2020-02-18,19.799999,19.799999,19.75,19.75,19.046135,1000,0.0,0.0
2020-02-19,19.879999,19.969999,19.879999,19.969999,19.258291,3000,0.0,0.0
2020-02-20,19.75,19.75,19.75,19.75,19.046135,1000,0.0,0.0
2020-02-21,19.75,19.75,19.75,19.75,19.046135,0,0.0,0.0
2020-02-24,19.705,19.705,19.705,19.705,19.002737,1000,0.0,0.0
2020-02-25,19.705,19.705,19.705,19.705,19.002737,0,0.0,0.0
2020-02-26,19.0,19.0,18.700001,18.700001,18.033554,1000,0.0,0.0
2020-02-27,18.700001,18.700001,18.700001,18.700001,18.033554,1000,0.0,0.0
2020-02-28,18.75,18.75,18.75,18.75,18.081766,1000,0.0,0.0
2020-03-02,18.75,18.75,18.75,18.75,18.081766,0,0.0,0.0
2020-03-03,18.75,18.75,18.75,18.75,18.081766,0,0.0,0.0
2020-03-04,18.75,18.75,18.75,18.75,18.081766,0,0.0,0.0
2020-03-05,18.6,18.6,18.299999,18.5,17.840679,23000,0.0,0.0
2020-03-06,18.5,18.5,18.5,18.5,17.840679,0,0.0,0.0
2020-03-09,18.5,18.5,18.5,18.5,17.840679,0,0.0,0.0
2020-03-10,18.299999,18.299999,18.299999,18.299999,17.647806,1000,0.0,0.0
2020-03-11,18.299999,18.299999,18.299999,18.299999,17.647806,0,0.0,0.0
2020-03-12,18.299999,18.299999,18.299999,18.299999,17.647806,0,0.0,0.0
2020-03-13,18.299999,18.299999,18.299999,18.299999,17.647806,0,0.0,0.0
2020-03-16,18.299999,18.299999,18.299999,18.299999,17.647806,0,0.0,0.0
2020-03-17,18.299999,18.299999,18.299999,18.299999,17.647806,0,0.0,0.0
2020-03-18,13.5,13.5,13.5,13.5,13.018878,1000,0.0,0.0
2020-03-19,17.469,17.469,17.469,17.469,16.846424,1000,0.0,0.0
2020-03-20,17.469,17.469,17.469,17.469,16.846424,0,0.0,0.0
2020-03-23,14.0,14.5,14.0,14.0,13.501054,2000,0.0,0.0
2020-03-24,14.0,14.0,14.0,14.0,13.501054,0,0.0,0.0
2020-03-25,16.368999,16.368999,16.368999,16.368999,15.785625,1000,0.0,0.0
2020-03-26,16.368999,16.368999,16.368999,16.368999,15.785625,0,0.0,0.0
2020-03-27,15.0,15.0,15.0,15.0,14.465416,2000,0.0,0.0
2020-03-30,15.0,15.0,15.0,15.0,14.465416,0,0.0,0.0
2020-03-31,15.89,15.89,15.89,15.89,15.323697,1000,0.0,0.0
2020-04-01,15.0,15.624,14.5,14.5,13.983235,3000,0.0,0.0
2020-04-02,14.5,14.5,14.5,14.5,13.983235,0,0.0,0.0
2020-04-03,14.5,14.5,14.5,14.5,13.983235,25000,0.0,0.0
2020-04-06,14.4,14.4,14.4,14.4,13.886801,1000,0.0,0.0
2020-04-07,14.4,14.4,14.4,14.4,13.886801,0,0.0,0.0
2020-04-08,14.95,14.95,14.925,14.925,14.39309,10000,0.0,0.0
2020-04-09,12.5,15.3,12.5,15.3,14.754725,9000,0.0,0.0
2020-04-13,15.3,15.599,15.3,15.599,15.04307,1000,0.0,0.0
2020-04-14,15.0,15.625,15.0,15.625,15.068142,1000,0.0,0.0
2020-04-15,15.625,15.625,15.625,15.625,15.068142,0,0.0,0.0
2020-04-16,14.999,14.999,14.5,14.5,13.983235,1000,0.0,0.0
2020-04-17,14.5,14.5,14.5,14.5,13.983235,0,0.0,0.0
2020-04-20,14.5,14.5,14.5,14.5,13.983235,0,0.0,0.0
2020-04-21,14.5,14.5,14.5,14.5,13.983235,0,0.0,0.0
2020-04-22,14.5,14.5,14.5,14.5,13.983235,0,0.0,0.0
2020-04-23,14.5,14.5,14.5,14.5,13.983235,6000,0.0,0.0
2020-04-24,14.5,14.5,14.5,14.5,13.983235,0,0.0,0.0
2020-04-27,14.5,14.5,14.5,14.5,13.983235,0,0.0,0.0
2020-04-28,14.5,14.5,14.5,14.5,13.983235,0,0.0,0.0
2020-04-29,15.5,15.5,15.5,15.5,14.947596,1000,0.0,0.0
2020-04-30,15.5,15.5,15.5,15.5,14.947596,0,0.0,0.0
2020-05-01,15.5,15.5,15.5,15.5,14.947596,0,0.0,0.0
2020-05-04,15.0,15.87,15.0,15.87,15.334087,1000,0.03,0.0
2020-05-05,15.87,15.87,15.87,15.87,15.334087,0,0.0,0.0
2020-05-06,17.5,17.5,17.5,17.5,16.909042,1000,0.0,0.0
2020-05-07,17.5,17.5,17.5,17.5,16.909042,0,0.0,0.0
2020-05-08,17.5,17.5,17.5,17.5,16.909042,0,0.0,0.0
2020-05-11,15.0,15.499,14.7,15.499,14.975616,30000,0.0,0.0
2020-05-12,15.499,15.499,15.499,15.499,14.975616,0,0.0,0.0
2020-05-13,14.75,14.75,14.47,14.47,13.981362,6000,0.0,0.0
2020-05-14,14.32,15.2,14.3,15.2,14.686717,12000,0.0,0.0
2020-05-15,14.5,14.5,14.0,14.0,13.527235,8000,0.0,0.0
2020-05-18,14.0,14.0,14.0,14.0,13.527235,0,0.0,0.0
2020-05-19,14.0,14.0,14.0,14.0,13.527235,0,0.0,0.0
2020-05-20,14.0,14.0,14.0,14.0,13.527235,0,0.0,0.0
2020-05-21,14.4,14.42,14.4,14.42,13.933056,2000,0.0,0.0
2020-05-22,14.42,14.42,14.42,14.42,13.933056,0,0.0,0.0
2020-05-26,14.42,14.42,14.42,14.42,13.933056,0,0.0,0.0
2020-05-27,14.43,14.43,14.41,14.41,13.923392,30000,0.0,0.0
2020-05-28,14.5,14.5,14.5,14.5,14.01035,20000,0.0,0.0
2020-05-29,15.0,15.0,15.0,15.0,14.493467,10000,0.0,0.0
2020-06-01,15.0,15.0,15.0,15.0,14.493467,0,0.0,0.0
2020-06-02,15.0,15.0,15.0,15.0,14.493467,0,0.0,0.0
2020-06-03,15.0,15.0,15.0,15.0,14.493467,0,0.0,0.0
2020-06-04,15.0,15.0,15.0,15.0,14.493467,0,0.0,0.0
2020-06-05,15.0,15.0,15.0,15.0,14.493467,0,0.0,0.0
2020-06-08,15.0,15.0,15.0,15.0,14.493467,0,0.0,0.0
2020-06-09,15.0,15.0,15.0,15.0,14.493467,0,0.0,0.0
2020-06-10,15.0,15.0,15.0,15.0,14.493467,0,0.0,0.0
2020-06-11,15.0,15.0,15.0,15.0,14.493467,0,0.0,0.0
2020-06-12,14.55,14.55,14.1,14.1,13.62386,1000,0.0,0.0
2020-06-15,14.1,14.1,14.1,14.1,13.62386,0,0.0,0.0
2020-06-16,14.1,14.1,14.1,14.1,13.62386,0,0.0,0.0
2020-06-17,14.1,14.1,14.1,14.1,13.62386,0,0.0,0.0
2020-06-18,14.1,14.1,14.1,14.1,13.62386,0,0.0,0.0
2020-06-19,14.1,14.1,14.1,14.1,13.62386,0,0.0,0.0
2020-06-22,14.51,14.51,14.51,14.51,14.020015,1000,0.0,0.0
2020-06-23,14.51,14.51,14.51,14.51,14.020015,1000,0.0,0.0
2020-06-24,14.51,14.51,14.51,14.51,14.020015,0,0.0,0.0
2020-06-25,14.51,14.51,14.51,14.51,14.020015,1000,0.0,0.0
2020-06-26,14.51,14.51,14.51,14.51,14.020015,0,0.0,0.0
2020-06-29,14.51,14.51,14.51,14.51,14.020015,0,0.0,0.0
2020-06-30,14.51,14.51,14.51,14.51,14.020015,0,0.0,0.0
2020-07-01,14.51,14.51,14.51,14.51,14.020015,0,0.0,0.0
2020-07-02,14.51,14.51,14.51,14.51,14.020015,0,0.0,0.0
2020-07-06,14.9,14.9,14.518,14.518,14.027742,1000,0.0,0.0
2020-07-07,14.518,14.518,14.518,14.518,14.027742,0,0.0,0.0
2020-07-08,14.518,14.518,14.518,14.518,14.027742,0,0.0,0.0
2020-07-09,15.7,15.7,15.7,15.7,15.16983,1000,0.0,0.0
2020-07-10,15.7,15.7,15.7,15.7,15.16983,0,0.0,0.0
2020-07-13,15.7,15.7,15.7,15.7,15.16983,0,0.0,0.0
2020-07-14,15.7,15.7,15.7,15.7,15.16983,0,0.0,0.0
2020-07-15,15.7,15.7,15.7,15.7,15.16983,0,0.0,0.0
2020-07-16,15.7,15.7,15.7,15.7,15.16983,0,0.0,0.0
2020-07-17,15.7,15.7,15.7,15.7,15.16983,1000,0.0,0.0
2020-07-20,15.7,15.7,15.7,15.7,15.16983,0,0.0,0.0
2020-07-21,15.7,15.7,15.7,15.7,15.16983,0,0.0,0.0
2020-07-22,15.7,15.7,15.7,15.7,15.16983,0,0.0,0.0
2020-07-23,15.7,15.7,15.7,15.7,15.16983,0,0.0,0.0
2020-07-24,15.7,15.7,15.7,15.7,15.16983,0,0.0,0.0
2020-07-27,15.7,15.7,15.7,15.7,15.16983,0,0.0,0.0
2020-07-28,15.6,15.6,15.6,15.6,15.073207,1000,0.0,0.0
2020-07-29,15.6,15.6,15.6,15.6,15.073207,0,0.0,0.0
2020-07-30,15.0,15.0,15.0,15.0,14.493467,1000,0.0,0.0
2020-07-31,15.0,15.0,15.0,15.0,14.493467,0,0.0,0.0
2020-08-03,15.0,15.0,15.0,15.0,14.522513,0,0.03,0.0
2020-08-04,15.0,15.0,15.0,15.0,14.522513,0,0.0,0.0
2020-08-05,15.0,15.0,15.0,15.0,14.522513,0,0.0,0.0
2020-08-06,14.971,14.971,14.971,14.971,14.494436,0,0.0,0.0
2020-08-07,15.0,15.0,15.0,15.0,14.522513,0,0.0,0.0
2020-08-10,15.0,15.0,15.0,15.0,14.522513,0,0.0,0.0
2020-08-11,15.0,15.0,15.0,15.0,14.522513,0,0.0,0.0
2020-08-12,15.0,15.0,15.0,15.0,14.522513,0,0.0,0.0
2020-08-13,15.0,15.0,15.0,15.0,14.522513,0,0.0,0.0
2020-08-14,15.0,15.0,15.0,15.0,14.522513,0,0.0,0.0
2020-08-17,15.0,15.0,15.0,15.0,14.522513,0,0.0,0.0
2020-08-18,15.0,15.0,15.0,15.0,14.522513,0,0.0,0.0
2020-08-19,15.101,15.101,15.101,15.101,14.620296,1000,0.0,0.0
2020-08-20,15.101,15.101,15.101,15.101,14.620296,0,0.0,0.0
2020-08-21,15.5,15.5,15.5,15.5,15.006597,1000,0.0,0.0
2020-08-24,15.5,15.5,15.5,15.5,15.006597,0,0.0,0.0
2020-08-25,15.5,15.5,15.5,15.5,15.006597,0,0.0,0.0
2020-08-26,15.5,15.5,15.5,15.5,15.006597,0,0.0,0.0
2020-08-27,15.5,15.5,15.5,15.5,15.006597,0,0.0,0.0
2020-08-28,15.5,15.5,15.5,15.5,15.006597,0,0.0,0.0
2020-08-31,15.5,15.5,15.5,15.5,15.006597,0,0.0,0.0
2020-09-01,15.5,15.5,15.5,15.5,15.006597,0,0.0,0.0
2020-09-02,15.5,15.5,15.5,15.5,15.006597,0,0.0,0.0
2020-09-03,15.5,15.5,15.5,15.5,15.006597,0,0.0,0.0
2020-09-04,15.4,15.5,15.3,15.3,14.812964,1000,0.0,0.0
2020-09-08,15.3,15.3,15.3,15.3,14.812964,0,0.0,0.0
2020-09-09,15.3,15.3,15.3,15.3,14.812964,0,0.0,0.0
2020-09-10,15.3,15.3,15.3,15.3,14.812964,0,0.0,0.0
2020-09-11,15.5,15.5,15.5,15.5,15.006597,1000,0.0,0.0
2020-09-14,15.37,15.37,15.37,15.37,14.880733,3000,0.0,0.0
2020-09-15,15.37,15.37,15.37,15.37,14.880733,0,0.0,0.0
2020-09-16,15.0,15.0,15.0,15.0,14.522513,1000,0.0,0.0
2020-09-17,15.0,15.0,15.0,15.0,14.522513,0,0.0,0.0
2020-09-18,15.33,15.33,15.33,15.33,14.842007,1000,0.0,0.0
2020-09-21,15.33,15.33,15.33,15.33,14.842007,0,0.0,0.0
2020-09-22,15.33,15.33,15.33,15.33,14.842007,0,0.0,0.0
2020-09-23,15.33,15.33,15.33,15.33,14.842007,0,0.0,0.0
2020-09-24,15.33,15.33,15.33,15.33,14.842007,1000,0.0,0.0
2020-09-25,15.33,15.33,15.33,15.33,14.842007,0,0.0,0.0
2020-09-28,15.27,15.27,15.27,15.27,14.783918,1000,0.0,0.0
2020-09-29,15.3,15.3,15.27,15.27,14.783918,43000,0.0,0.0
2020-09-30,15.27,15.27,15.27,15.27,14.783918,2000,0.0,0.0
2020-10-01,15.27,15.27,15.27,15.27,14.783918,0,0.0,0.0
2020-10-02,15.0,15.0,15.0,15.0,14.522513,5000,0.0,0.0
2020-10-05,15.0,15.0,15.0,15.0,14.522513,0,0.0,0.0
2020-10-06,15.0,15.0,15.0,15.0,14.522513,0,0.0,0.0
2020-10-07,15.0,15.0,15.0,15.0,14.522513,0,0.0,0.0
2020-10-08,15.0,15.0,15.0,15.0,14.522513,0,0.0,0.0
2020-10-09,15.0,15.0,15.0,15.0,14.522513,0,0.0,0.0
2020-10-12,15.0,15.0,15.0,15.0,14.522513,0,0.0,0.0
2020-10-13,15.0,15.001,15.0,15.001,14.523479,2000,0.0,0.0
2020-10-14,15.001,15.001,15.001,15.001,14.523479,0,0.0,0.0
2020-10-15,15.001,15.001,15.001,15.001,14.523479,1000,0.0,0.0
2020-10-16,15.001,15.001,15.001,15.001,14.523479,0,0.0,0.0
2020-10-19,15.001,15.001,15.001,15.001,14.523479,0,0.0,0.0
2020-10-20,15.001,15.001,15.001,15.001,14.523479,0,0.0,0.0
2020-10-21,15.001,15.001,15.001,15.001,14.523479,0,0.0,0.0
2020-10-22,15.001,15.001,15.001,15.001,14.523479,0,0.0,0.0
2020-10-23,15.001,15.001,15.001,15.001,14.523479,0,0.0,0.0
2020-10-26,15.001,15.001,15.001,15.001,14.523479,0,0.0,0.0
2020-10-27,15.001,15.001,15.001,15.001,14.523479,0,0.0,0.0
2020-10-28,15.3,15.3,15.3,15.3,14.812964,10000,0.0,0.0
2020-10-29,15.3,15.3,15.3,15.3,14.812964,0,0.0,0.0
2020-10-30,15.3,15.3,15.3,15.3,14.812964,0,0.0,0.0
2020-11-02,15.3,15.3,15.3,15.3,14.842064,0,0.03,0.0
2020-11-03,15.3,15.3,15.3,15.3,14.842064,0,0.0,0.0
2020-11-04,15.3,15.3,15.3,15.3,14.842064,0,0.0,0.0
2020-11-05,15.3,15.3,15.3,15.3,14.842064,0,0.0,0.0
2020-11-06,15.3,15.3,15.3,15.3,14.842064,0,0.0,0.0
2020-11-09,15.3,15.3,15.3,15.3,14.842064,0,0.0,0.0
2020-11-10,15.3,15.3,15.3,15.3,14.842064,0,0.0,0.0
2020-11-11,15.3,15.3,15.3,15.3,14.842064,0,0.0,0.0
2020-11-12,15.3,15.3,15.3,15.3,14.842064,0,0.0,0.0
2020-11-13,15.3,15.3,15.3,15.3,14.842064,0,0.0,0.0
2020-11-16,15.3,15.3,15.3,15.3,14.842064,0,0.0,0.0
2020-11-17,15.3,15.3,15.3,15.3,14.842064,0,0.0,0.0
2020-11-18,15.3,15.3,15.3,15.3,14.842064,0,0.0,0.0
2020-11-19,15.07,15.07,15.07,15.07,14.618947,1000,0.0,0.0
2020-11-20,15.07,15.07,15.07,15.07,14.618947,0,0.0,0.0
2020-11-23,15.07,15.07,15.07,15.07,14.618947,0,0.0,0.0
2020-11-24,15.5,15.5,15.5,15.5,15.036077,6000,0.0,0.0
2020-11-25,15.5,15.5,15.5,15.5,15.036077,0,0.0,0.0
2020-11-27,15.5,15.5,15.5,15.5,15.036077,5000,0.0,0.0
2020-11-30,15.5,15.52,15.5,15.52,15.05548,22000,0.0,0.0
2020-12-01,15.52,15.52,15.52,15.52,15.05548,0,0.0,0.0
2020-12-02,16.0,16.499001,15.9,16.0,15.521111,35000,0.0,0.0
2020-12-03,16.0,16.0,16.0,16.0,15.521111,0,0.0,0.0
2020-12-04,16.0,16.0,16.0,16.0,15.521111,0,0.0,0.0
2020-12-07,16.0,16.0,16.0,16.0,15.521111,0,0.0,0.0
2020-12-08,16.0,16.0,16.0,16.0,15.521111,0,0.0,0.0
2020-12-09,16.499001,16.499001,16.499001,16.499001,16.005178,3000,0.0,0.0
2020-12-10,16.499001,16.499001,16.499001,16.499001,16.005178,0,0.0,0.0
2020-12-11,16.499001,16.499001,16.499001,16.499001,16.005178,0,0.0,0.0
2020-12-14,16.499001,16.499001,16.499001,16.499001,16.005178,0,0.0,0.0
2020-12-15,16.499001,16.499001,16.499001,16.499001,16.005178,0,0.0,0.0
2020-12-16,16.499001,16.499001,16.499001,16.499001,16.005178,0,0.0,0.0
2020-12-17,16.499001,16.499001,16.499001,16.499001,16.005178,0,0.0,0.0
2020-12-18,16.499001,16.499001,16.499001,16.499001,16.005178,0,0.0,0.0
2020-12-21,16.499001,16.499001,16.499001,16.499001,16.005178,0,0.0,0.0
2020-12-22,16.499001,16.499001,16.499001,16.499001,16.005178,0,0.0,0.0
2020-12-23,16.499001,16.499001,16.499001,16.499001,16.005178,0,0.0,0.0
2020-12-24,16.25,16.25,16.25,16.25,15.76363,1000,0.0,0.0
2020-12-28,17.5,17.5,17.5,17.5,16.976217,1000,0.0,0.0
2020-12-29,17.5,17.5,17.5,17.5,16.976217,0,0.0,0.0
2020-12-30,17.5,17.5,17.5,17.5,16.976217,1000,0.0,0.0
2020-12-31,16.299999,16.299999,16.299999,16.299999,15.812135,3000,0.0,0.0
2021-01-04,16.299999,16.299999,16.299999,16.299999,15.812135,0,0.0,0.0
2021-01-05,17.0,17.0,17.0,17.0,16.491182,4000,0.0,0.0
2021-01-06,17.0,17.0,17.0,17.0,16.491182,0,0.0,0.0
2021-01-07,16.500999,16.500999,16.500999,16.500999,16.007114,1000,0.0,0.0
2021-01-08,16.601,16.601,16.601,16.601,16.104124,1000,0.0,0.0
2021-01-11,16.601,16.601,16.601,16.601,16.104124,0,0.0,0.0
2021-01-12,16.601,16.601,16.601,16.601,16.104124,0,0.0,0.0
2021-01-13,16.613001,16.613001,16.613001,16.613001,16.11577,1000,0.0,0.0
2021-01-14,16.613001,16.613001,16.613001,16.613001,16.11577,0,0.0,0.0
2021-01-15,16.826,16.826,16.826,16.826,16.322393,1000,0.0,0.0
2021-01-19,17.5,17.5,17.5,17.5,16.976217,1000,0.0,0.0
2021-01-20,17.5,17.5,17.5,17.5,16.976217,0,0.0,0.0
2021-01-21,17.5,17.5,17.5,17.5,16.976217,0,0.0,0.0
2021-01-22,17.5,17.5,17.5,17.5,16.976217,0,0.0,0.0
2021-01-25,17.5,17.5,17.5,17.5,16.976217,0,0.0,0.0
2021-01-26,16.601,16.601,16.601,16.601,16.104124,1000,0.0,0.0
2021-01-27,16.601,16.601,16.601,16.601,16.104124,0,0.0,0.0
2021-01-28,16.601,16.601,16.601,16.601,16.104124,0,0.0,0.0
2021-01-29,16.601,16.601,16.601,16.601,16.104124,0,0.0,0.0
2021-02-01,16.601,16.601,16.601,16.601,16.104124,0,0.0,0.0
2021-02-02,16.601,16.601,16.601,16.601,16.104124,0,0.0,0.0
2021-02-03,17.700001,17.700001,17.700001,17.700001,17.170237,1000,0.0,0.0
2021-02-04,17.700001,17.700001,17.700001,17.700001,17.170237,0,0.0,0.0
2021-02-05,17.700001,17.700001,17.700001,17.700001,17.170237,0,0.0,0.0
2021-02-08,17.700001,17.700001,17.700001,17.700001,17.200848,0,0.0315,0.0
2021-02-09,17.700001,17.700001,17.700001,17.700001,17.200848,0,0.0,0.0
2021-02-10,17.700001,17.700001,17.700001,17.700001,17.200848,0,0.0,0.0
2021-02-11,17.700001,17.700001,17.700001,17.700001,17.200848,0,0.0,0.0
2021-02-12,17.700001,17.700001,17.700001,17.700001,17.200848,0,0.0,0.0
2021-02-16,17.700001,17.700001,17.700001,17.700001,17.200848,0,0.0,0.0
2021-02-17,17.700001,17.700001,17.700001,17.700001,17.200848,0,0.0,0.0
2021-02-18,19.799999,19.799999,19.5,19.5,18.950085,1000,0.0,0.0
2021-02-19,19.799999,20.5,19.6,19.6,19.047262,10000,0.0,0.0
2021-02-22,19.6,19.6,19.6,19.6,19.047262,0,0.0,0.0
2021-02-23,20.0,20.5,20.0,20.5,19.921881,7000,0.0,0.0
2021-02-24,20.9,21.0,20.9,21.0,20.407784,2000,0.0,0.0
2021-02-25,21.0,21.0,21.0,21.0,20.407784,0,0.0,0.0
2021-02-26,21.0,21.0,21.0,21.0,20.407784,0,0.0,0.0
2021-03-01,20.1,20.1,20.1,20.1,19.533163,2000,0.0,0.0
2021-03-02,20.299999,20.299999,20.299999,20.299999,19.727522,3000,0.0,0.0
2021-03-03,20.299999,20.299999,20.299999,20.299999,19.727522,0,0.0,0.0
2021-03-04,20.299999,20.299999,20.299999,20.299999,19.727522,1000,0.0,0.0
2021-03-05,20.299999,20.299999,20.299999,20.299999,19.727522,0,0.0,0.0
2021-03-08,20.299999,20.299999,20.299999,20.299999,19.727522,0,0.0,0.0
2021-03-09,20.250999,20.250999,20.250999,20.250999,19.679903,1000,0.0,0.0
2021-03-10,21.0,21.0,21.0,21.0,20.407784,1000,0.0,0.0
2021-03-11,21.0,21.0,21.0,21.0,20.407784,0,0.0,0.0
2021-03-12,22.299999,22.299999,22.299999,22.299999,21.67112,2000,0.0,0.0
2021-03-15,21.6,22.5,21.101999,22.5,21.865479,10000,0.0,0.0
2021-03-16,21.605,21.605,21.605,21.605,20.995718,1000,0.0,0.0
2021-03-17,23.9,23.9,22.200001,22.200001,21.573938,4000,0.0,0.0
2021-03-18,22.200001,22.200001,22.200001,22.200001,21.573938,0,0.0,0.0
2021-03-19,22.200001,22.200001,22.200001,22.200001,21.573938,0,0.0,0.0
2021-03-22,22.5,23.48,22.5,23.48,22.817841,15000,0.0,0.0
2021-03-23,23.0,23.0,23.0,23.0,22.351379,1000,0.0,0.0
2021-03-24,23.0,23.198999,23.0,23.198999,22.54476,3000,0.0,0.0
2021-03-25,23.198999,23.198999,23.198999,23.198999,22.54476,0,0.0,0.0
2021-03-26,23.999001,27.299999,23.999001,27.299999,26.530115,1000,0.0,0.0
2021-03-29,26.6,26.620001,26.6,26.620001,25.869289,1000,0.0,0.0
2021-03-30,26.700001,26.700001,23.6,23.6,22.934458,2000,0.0,0.0
2021-03-31,23.6,23.6,23.6,23.6,22.934458,0,0.0,0.0
2021-04-01,23.6,23.6,23.6,23.6,22.934458,0,0.0,0.0
2021-04-05,23.6,23.6,23.6,23.6,22.934458,0,0.0,0.0
2021-04-06,23.6,23.6,23.6,23.6,22.934458,0,0.0,0.0
2021-04-07,23.6,23.6,23.6,23.6,22.934458,0,0.0,0.0
2021-04-08,24.5,24.5,24.5,24.5,23.80908,1000,0.0,0.0
2021-04-09,24.5,24.5,24.5,24.5,23.80908,0,0.0,0.0
2021-04-12,24.5,24.5,23.6,23.6,22.934458,1000,0.0,0.0
2021-04-13,24.5,24.5,24.5,24.5,23.80908,1000,0.0,0.0
2021-04-14,24.5,24.5,24.5,24.5,23.80908,0,0.0,0.0
2021-04-15,25.0,25.0,24.5,24.5,23.80908,1000,0.0,0.0
2021-04-16,25.0,25.0,24.6,24.6,23.906256,1000,0.0,0.0
2021-04-19,25.5,26.0,25.499001,25.9,25.169592,1000,0.0,0.0
2021-04-20,27.375,27.375,27.375,27.375,26.602999,1000,0.0,0.0
2021-04-21,27.299999,27.32,27.299999,27.32,26.549553,1000,0.0,0.0
2021-04-22,27.0,27.02,27.0,27.02,26.258011,1000,0.0,0.0
2021-04-23,27.02,27.02,27.02,27.02,26.258011,0,0.0,0.0
2021-04-26,27.02,27.02,27.02,27.02,26.258011,0,0.0,0.0
2021-04-27,25.700001,26.200001,25.700001,26.200001,25.461136,3000,0.0,0.0
2021-04-28,26.200001,26.200001,26.200001,26.200001,25.461136,0,0.0,0.0
2021-04-29,25.701,25.701,25.701,25.701,24.976204,1000,0.0,0.0
2021-04-30,25.701,25.701,25.701,25.701,24.976204,0,0.0,0.0
2021-05-03,25.701,25.701,25.701,25.701,25.006857,2000,0.0315,0.0
2021-05-04,25.701,25.701,25.701,25.701,25.006857,0,0.0,0.0
2021-05-05,25.701,25.701,25.701,25.701,25.006857,0,0.0,0.0
2021-05-06,25.701,25.701,25.701,25.701,25.006857,0,0.0,0.0
2021-05-07,25.701,25.701,25.701,25.701,25.006857,0,0.0,0.0
2021-05-10,25.701,25.701,25.701,25.701,25.006857,0,0.0,0.0
2021-05-11,25.701,25.701,25.701,25.701,25.006857,0,0.0,0.0
2021-05-12,25.701,25.701,25.701,25.701,25.006857,0,0.0,0.0
2021-05-13,25.701,25.701,25.701,25.701,25.006857,0,0.0,0.0
2021-05-14,25.701,25.701,25.701,25.701,25.006857,0,0.0,0.0
2021-05-17,25.701,25.701,25.701,25.701,25.006857,0,0.0,0.0
2021-05-18,25.701,25.701,25.701,25.701,25.006857,0,0.0,0.0
2021-05-19,25.701,25.701,25.701,25.701,25.006857,0,0.0,0.0
2021-05-20,25.701,25.701,25.701,25.701,25.006857,0,0.0,0.0
2021-05-21,25.701,25.701,25.701,25.701,25.006857,0,0.0,0.0
2021-05-24,25.701,25.701,25.701,25.701,25.006857,0,0.0,0.0
2021-05-25,25.701,25.701,25.701,25.701,25.006857,0,0.0,0.0
2021-05-26,25.701,25.701,25.701,25.701,25.006857,0,0.0,0.0
2021-05-27,25.701,25.701,25.701,25.701,25.006857,0,0.0,0.0
2021-05-28,25.701,25.701,25.701,25.701,25.006857,1000,0.0,0.0
2021-06-01,25.701,25.701,25.701,25.701,25.006857,0,0.0,0.0
2021-06-02,25.701,25.701,25.701,25.701,25.006857,0,0.0,0.0
2021-06-03,25.701,25.701,25.701,25.701,25.006857,0,0.0,0.0
2021-06-04,25.701,25.701,25.701,25.701,25.006857,0,0.0,0.0
2021-06-07,25.701,25.701,25.701,25.701,25.006857,0,0.0,0.0
2021-06-08,25.701,25.701,25.701,25.701,25.006857,0,0.0,0.0
2021-06-09,25.701,25.701,25.701,25.701,25.006857,0,0.0,0.0
2021-06-10,25.701,25.701,25.701,25.701,25.006857,0,0.0,0.0
2021-06-11,25.701,25.701,25.701,25.701,25.006857,0,0.0,0.0
2021-06-14,26.0,26.0,26.0,26.0,25.297787,3000,0.0,0.0
2021-06-15,26.0,26.0,26.0,26.0,25.297787,0,0.0,0.0
2021-06-16,26.0,26.0,26.0,26.0,25.297787,0,0.0,0.0
2021-06-17,26.0,26.0,26.0,26.0,25.297787,0,0.0,0.0
2021-06-18,26.0,26.0,26.0,26.0,25.297787,0,0.0,0.0
2021-06-21,26.0,26.0,26.0,26.0,25.297787,0,0.0,0.0
2021-06-22,26.0,26.0,26.0,26.0,25.297787,0,0.0,0.0
2021-06-23,26.0,26.0,26.0,26.0,25.297787,0,0.0,0.0
2021-06-24,26.0,26.0,26.0,26.0,25.297787,0,0.0,0.0
2021-06-25,26.0,26.0,26.0,26.0,25.297787,0,0.0,0.0
2021-06-28,26.0,26.0,26.0,26.0,25.297787,0,0.0,0.0
2021-06-29,26.0,26.0,26.0,26.0,25.297787,0,0.0,0.0
2021-06-30,26.525,26.525,26.525,26.525,25.808601,1000,0.0,0.0
2021-07-01,26.525,26.525,26.525,26.525,25.808601,0,0.0,0.0
2021-07-02,27.0,27.0,27.0,27.0,26.270777,1000,0.0,0.0
2021-07-06,27.0,27.0,27.0,27.0,26.270777,1000,0.0,0.0
2021-07-07,27.0,27.0,27.0,27.0,26.270777,0,0.0,0.0
2021-07-08,27.0,27.0,27.0,27.0,26.270777,0,0.0,0.0
2021-07-09,27.0,27.0,27.0,27.0,26.270777,0,0.0,0.0
2021-07-12,27.0,27.0,27.0,27.0,26.270777,0,0.0,0.0
2021-07-13,27.0,27.0,27.0,27.0,26.270777,0,0.0,0.0
2021-07-14,27.0,27.0,27.0,27.0,26.270777,0,0.0,0.0
2021-07-15,27.0,27.0,27.0,27.0,26.270777,0,0.0,0.0
2021-07-16,27.48,27.5,27.48,27.48,26.737806,1000,0.0,0.0
2021-07-19,27.5,27.5,27.5,27.5,26.757267,1000,0.0,0.0
2021-07-20,27.5,27.5,27.5,27.5,26.757267,0,0.0,0.0
2021-07-21,27.5,27.5,27.5,27.5,26.757267,0,0.0,0.0
2021-07-22,26.6,26.6,26.6,26.6,25.88158,1000,0.0,0.0
2021-07-23,26.6,26.6,26.6,26.6,25.88158,0,0.0,0.0
2021-07-26,26.6,26.6,26.6,26.6,25.88158,0,0.0,0.0
2021-07-27,26.6,26.6,26.6,26.6,25.88158,0,0.0,0.0
2021-07-28,26.6,26.6,26.6,26.6,25.88158,0,0.0,0.0
2021-07-29,26.6,26.6,26.6,26.6,25.88158,0,0.0,0.0
2021-07-30,26.6,26.6,26.6,26.6,25.88158,0,0.0,0.0
2021-08-02,26.6,26.6,26.6,26.6,25.912266,0,0.0315,0.0
2021-08-03,26.6,26.6,26.000999,26.000999,25.328749,2000,0.0,0.0
2021-08-04,26.000999,26.000999,26.000999,26.000999,25.328749,0,0.0,0.0
2021-08-05,26.000999,26.000999,26.000999,26.000999,25.328749,0,0.0,0.0
2021-08-06,26.000999,26.000999,26.000999,26.000999,25.328749,0,0.0,0.0
2021-08-09,26.000999,26.000999,26.000999,26.000999,25.328749,0,0.0,0.0
2021-08-10,26.000999,26.000999,26.000999,26.000999,25.328749,0,0.0,0.0
2021-08-11,26.000999,26.000999,26.000999,26.000999,25.328749,0,0.0,0.0
2021-08-12,26.000999,26.000999,26.000999,26.000999,25.328749,0,0.0,0.0
2021-08-13,26.000999,26.000999,26.000999,26.000999,25.328749,0,0.0,0.0
2021-08-16,26.000999,26.000999,26.000999,26.000999,25.328749,1000,0.0,0.0
2021-08-17,26.000999,26.000999,26.000999,26.000999,25.328749,0,0.0,0.0
2021-08-18,26.000999,26.000999,26.000999,26.000999,25.328749,1000,0.0,0.0
2021-08-19,26.000999,26.000999,26.000999,26.000999,25.328749,0,0.0,0.0
2021-08-20,26.000999,26.000999,26.000999,26.000999,25.328749,0,0.0,0.0
2021-08-23,26.000999,26.299999,26.000999,26.299999,25.62002,22000,0.0,0.0
2021-08-24,26.5,26.799999,26.5,26.799999,26.107086,2000,0.0,0.0
2021-08-25,26.799999,26.799999,26.799999,26.799999,26.107086,0,0.0,0.0
2021-08-26,26.799999,26.799999,26.799999,26.799999,26.107086,0,0.0,0.0
2021-08-27,26.799999,26.799999,26.799999,26.799999,26.107086,0,0.0,0.0
2021-08-30,26.799999,26.799999,26.799999,26.799999,26.107086,0,0.0,0.0
2021-08-31,26.799999,26.799999,26.799999,26.799999,26.107086,0,0.0,0.0
2021-09-01,26.799999,26.799999,26.799999,26.799999,26.107086,0,0.0,0.0
2021-09-02,26.799999,26.799999,26.799999,26.799999,26.107086,0,0.0,0.0
2021-09-03,26.799999,26.799999,26.799999,26.799999,26.107086,0,0.0,0.0
2021-09-07,26.799999,26.799999,26.799999,26.799999,26.107086,0,0.0,0.0
2021-09-08,26.299999,26.299999,26.000999,26.000999,25.328749,1000,0.0,0.0
2021-09-09,26.000999,26.000999,26.000999,26.000999,25.328749,0,0.0,0.0
2021-09-10,26.000999,26.000999,26.000999,26.000999,25.328749,0,0.0,0.0
2021-09-13,26.000999,26.000999,26.000999,26.000999,25.328749,0,0.0,0.0
2021-09-14,26.000999,26.000999,26.000999,26.000999,25.328749,0,0.0,0.0
2021-09-15,26.1,26.1,26.000999,26.000999,25.328749,2000,0.0,0.0
2021-09-16,26.000999,26.000999,26.000999,26.000999,25.328749,0,0.0,0.0
2021-09-17,26.000999,26.000999,26.000999,26.000999,25.328749,0,0.0,0.0
2021-09-20,26.299999,28.200001,26.299999,26.6,25.912266,17000,0.0,0.0
2021-09-21,26.6,26.6,26.6,26.6,25.912266,0,0.0,0.0
2021-09-22,26.6,26.6,26.6,26.6,25.912266,0,0.0,0.0
2021-09-23,26.5,26.5,26.4,26.4,25.717428,1000,0.0,0.0
2021-09-24,26.4,26.4,26.4,26.4,25.717428,0,0.0,0.0
2021-09-27,27.200001,28.299999,27.200001,28.280001,27.548828,1000,0.0,0.0
2021-09-28,28.280001,28.280001,28.280001,28.280001,27.548828,0,0.0,0.0
2021-09-29,28.280001,28.280001,28.280001,28.280001,27.548828,0,0.0,0.0
2021-09-30,28.280001,28.280001,28.280001,28.280001,27.548828,0,0.0,0.0
2021-10-01,27.9,28.200001,27.9,28.200001,27.470894,1000,0.0,0.0
2021-10-04,28.0,28.0,28.0,28.0,27.27606,1000,0.0,0.0
2021-10-05,27.98,28.0,27.799999,27.799999,27.081236,1000,0.0,0.0
2021-10-06,27.702,27.702,27.702,27.702,26.985771,1000,0.0,0.0
2021-10-07,27.702,27.702,27.702,27.702,26.985771,0,0.0,0.0
2021-10-08,27.701,27.701,27.701,27.701,26.984797,1000,0.0,0.0
2021-10-11,27.701,27.701,27.701,27.701,26.984797,0,0.0,0.0
2021-10-12,27.701,28.0,27.701,28.0,27.27606,24000,0.0,0.0
2021-10-13,28.0,28.0,28.0,28.0,27.27606,0,0.0,0.0
2021-10-14,28.0,28.0,28.0,28.0,27.27606,0,0.0,0.0
2021-10-15,28.0,28.0,28.0,28.0,27.27606,0,0.0,0.0
2021-10-18,27.701,27.701,27.701,27.701,26.984797,1000,0.0,0.0
2021-10-19,28.0,28.0,27.98,27.98,27.256584,1000,0.0,0.0
2021-10-20,27.98,27.98,27.98,27.98,27.256584,0,0.0,0.0
2021-10-21,27.98,27.98,27.98,27.98,27.256584,0,0.0,0.0
2021-10-22,27.98,27.98,27.98,27.98,27.256584,0,0.0,0.0
2021-10-25,27.98,27.98,27.98,27.98,27.256584,0,0.0,0.0
2021-10-26,27.9,27.9,27.701,27.701,26.984797,3000,0.0,0.0
2021-10-27,27.9,28.4,27.9,28.4,27.665718,2000,0.0,0.0
2021-10-28,28.4,28.4,28.4,28.4,27.665718,0,0.0,0.0
2021-10-29,28.4,28.4,28.4,28.4,27.665718,0,0.0,0.0
2021-11-01,28.4,28.4,28.4,28.4,27.696442,0,0.0315,0.0
2021-11-02,28.4,28.4,28.4,28.4,27.696442,0,0.0,0.0
2021-11-03,28.4,28.4,28.4,28.4,27.696442,2000,0.0,0.0
2021-11-04,28.35,28.35,28.35,28.35,27.647682,1000,0.0,0.0
2021-11-05,27.701,27.701,27.701,27.701,27.014761,0,0.0,0.0
2021-11-08,27.701,27.701,27.701,27.701,27.014761,0,0.0,0.0
2021-11-09,27.701,27.701,27.701,27.701,27.014761,1000,0.0,0.0
2021-11-10,27.701,27.701,27.701,27.701,27.014761,0,0.0,0.0
2021-11-11,27.701,27.701,27.701,27.701,27.014761,0,0.0,0.0
2021-11-12,27.701,27.701,27.701,27.701,27.014761,0,0.0,0.0
2021-11-15,28.370001,28.4,28.370001,28.4,27.696442,1000,0.0,0.0
2021-11-16,28.4,28.4,28.4,28.4,27.696442,0,0.0,0.0
2021-11-17,28.4,28.4,28.4,28.4,27.696442,0,0.0,0.0
2021-11-18,28.4,28.4,28.4,28.4,27.696442,0,0.0,0.0
2021-11-19,28.4,28.4,28.4,28.4,27.696442,0,0.0,0.0
2021-11-22,28.799999,28.799999,28.0,28.0,27.306345,1000,0.0,0.0
2021-11-23,27.701,27.701,27.500999,27.500999,26.819719,1000,0.0,0.0
2021-11-24,27.500999,27.500999,27.500999,27.500999,26.819719,0,0.0,0.0
2021-11-26,27.500999,27.500999,27.500999,27.500999,26.819719,0,0.0,0.0
2021-11-29,27.500999,27.500999,27.500999,27.500999,26.819719,0,0.0,0.0
2021-11-30,27.500999,27.500999,27.500999,27.500999,26.819719,0,0.0,0.0
2021-12-01,27.500999,27.500999,27.500999,27.500999,26.819719,0,0.0,0.0
2021-12-02,27.500999,27.500999,27.500999,27.500999,26.819719,0,0.0,0.0
2021-12-03,27.6,27.6,27.502001,27.502001,26.82069,2000,0.0,0.0
2021-12-06,27.502001,27.502001,27.502001,27.502001,26.82069,0,0.0,0.0
2021-12-07,27.502001,27.502001,27.502001,27.502001,26.82069,0,0.0,0.0
2021-12-08,27.502001,27.502001,27.502001,27.502001,26.82069,0,0.0,0.0
2021-12-09,27.502001,28.0,27.5,28.0,27.306345,84000,0.0,0.0
2021-12-10,27.9,27.9,27.9,27.9,27.208838,54000,0.0,0.0
2021-12-13,27.9,27.9,27.9,27.9,27.208838,0,0.0,0.0
2021-12-14,27.9,27.9,27.9,27.9,27.208838,0,0.0,0.0
2021-12-15,27.9,27.9,27.9,27.9,27.208838,0,0.0,0.0
2021-12-16,27.503,28.0,26.5,28.0,27.306345,21000,0.0,0.0
2021-12-17,28.0,28.0,28.0,28.0,27.306345,0,0.0,0.0
2021-12-20,27.9,27.9,27.9,27.9,27.208838,10000,0.0,0.0
2021-12-21,27.9,27.9,27.9,27.9,27.208838,0,0.0,0.0
2021-12-22,27.9,27.9,27.9,27.9,27.208838,1000,0.0,0.0
2021-12-23,27.9,27.9,27.9,27.9,27.208838,0,0.0,0.0
2021-12-27,27.799999,27.799999,27.799999,27.799999,27.111309,1000,0.0,0.0
2021-12-28,27.799999,27.799999,27.799999,27.799999,27.111309,0,0.0,0.0
2021-12-29,27.799999,27.799999,27.799999,27.799999,27.111309,0,0.0,0.0
2021-12-30,27.799999,27.799999,27.799999,27.799999,27.111309,0,0.0,0.0
2021-12-31,27.200001,27.200001,27.200001,27.200001,26.526171,1000,0.0,0.0
2022-01-03,27.6,27.6,27.6,27.6,26.916264,1000,0.0,0.0
2022-01-04,27.6,27.6,27.6,27.6,26.916264,0,0.0,0.0
2022-01-05,27.6,27.6,27.6,27.6,26.916264,0,0.0,0.0
2022-01-06,27.6,27.6,27.6,27.6,26.916264,0,0.0,0.0
2022-01-07,27.825001,27.825001,27.6,27.6,26.916264,1000,0.0,0.0
2022-01-10,27.6,27.6,27.6,27.6,26.916264,0,0.0,0.0
2022-01-11,27.6,27.6,27.6,27.6,26.916264,0,0.0,0.0
2022-01-12,27.6,27.6,27.6,27.6,26.916264,0,0.0,0.0
2022-01-13,27.6,27.6,27.6,27.6,26.916264,0,0.0,0.0
2022-01-14,27.6,27.6,27.6,27.6,26.916264,0,0.0,0.0
2022-01-18,27.6,27.6,27.6,27.6,26.916264,0,0.0,0.0
2022-01-19,27.6,27.6,27.6,27.6,26.916264,0,0.0,0.0
2022-01-20,27.6,27.6,27.6,27.6,26.916264,0,0.0,0.0
2022-01-21,27.6,27.6,27.6,27.6,26.916264,0,0.0,0.0
2022-01-24,27.6,27.6,27.6,27.6,26.916264,0,0.0,0.0
2022-01-25,27.6,27.6,27.6,27.6,26.916264,0,0.0,0.0
2022-01-26,27.799999,27.799999,27.799999,27.799999,27.111309,1000,0.0,0.0
2022-01-27,27.799999,27.799999,27.799999,27.799999,27.111309,0,0.0,0.0
2022-01-28,27.799999,27.799999,27.799999,27.799999,27.111309,0,0.0,0.0
2022-01-31,27.799999,27.799999,27.799999,27.799999,27.111309,0,0.0,0.0
2022-02-01,27.799999,27.799999,27.799999,27.799999,27.111309,0,0.0,0.0
2022-02-02,27.799999,27.799999,27.799999,27.799999,27.111309,0,0.0,0.0
2022-02-03,27.799999,27.799999,27.799999,27.799999,27.111309,0,0.0,0.0
2022-02-04,27.799999,27.799999,27.799999,27.799999,27.111309,0,0.0,0.0
2022-02-07,27.799999,27.799999,27.799999,27.799999,27.143528,0,0.033,0.0
2022-02-08,27.200001,27.200001,27.200001,27.200001,26.557697,1000,0.0,0.0
2022-02-09,27.799999,27.799999,27.799999,27.799999,27.143528,2000,0.0,0.0
2022-02-10,27.200001,27.4,27.200001,27.4,26.752974,8000,0.0,0.0
2022-02-11,27.6,27.6,27.6,27.6,26.94825,2000,0.0,0.0
2022-02-14,27.6,27.6,27.6,27.6,26.94825,0,0.0,0.0
2022-02-15,27.200001,27.219999,27.200001,27.219999,26.577225,1000,0.0,0.0
2022-02-16,27.219999,27.219999,27.219999,27.219999,26.577225,0,0.0,0.0
2022-02-17,27.219999,27.219999,27.219999,27.219999,26.577225,0,0.0,0.0
2022-02-18,27.219999,27.219999,27.219999,27.219999,26.577225,0,0.0,0.0
2022-02-22,27.219999,27.219999,27.219999,27.219999,26.577225,0,0.0,0.0
2022-02-23,27.219999,27.219999,27.219999,27.219999,26.577225,0,0.0,0.0
2022-02-24,27.200001,27.200001,27.200001,27.200001,26.557697,1000,0.0,0.0
2022-02-25,27.200001,27.200001,27.200001,27.200001,26.557697,0,0.0,0.0
2022-02-28,27.200001,27.200001,27.200001,27.200001,26.557697,0,0.0,0.0
2022-03-01,27.200001,27.200001,26.799999,26.799999,26.167143,1000,0.0,0.0
2022-03-02,26.799999,26.799999,26.799999,26.799999,26.167143,0,0.0,0.0
2022-03-03,26.799999,26.799999,26.799999,26.799999,26.167143,0,0.0,0.0
2022-03-04,26.799999,26.799999,26.799999,26.799999,26.167143,0,0.0,0.0
2022-03-07,26.799999,26.799999,26.799999,26.799999,26.167143,0,0.0,0.0
2022-03-08,26.799999,26.799999,26.799999,26.799999,26.167143,1000,0.0,0.0
2022-03-09,26.799999,26.799999,26.799999,26.799999,26.167143,0,0.0,0.0
2022-03-10,26.799999,26.799999,26.799999,26.799999,26.167143,1000,0.0,0.0
2022-03-11,26.799999,26.799999,26.799999,26.799999,26.167143,0,0.0,0.0
2022-03-14,26.799999,26.799999,26.799999,26.799999,26.167143,0,0.0,0.0
2022-03-15,26.6,27.4,26.466999,27.4,26.752974,7000,0.0,0.0
2022-03-16,26.85,26.85,26.85,26.85,26.215963,5000,0.0,0.0
2022-03-17,26.85,26.85,26.85,26.85,26.215963,0,0.0,0.0
2022-03-18,26.85,26.85,26.85,26.85,26.215963,0,0.0,0.0
2022-03-21,26.85,26.85,26.85,26.85,26.215963,0,0.0,0.0
2022-03-22,26.85,26.85,26.85,26.85,26.215963,0,0.0,0.0
2022-03-23,26.85,26.85,26.85,26.85,26.215963,0,0.0,0.0
2022-03-24,26.85,26.85,26.85,26.85,26.215963,0,0.0,0.0
2022-03-25,26.85,26.85,26.85,26.85,26.215963,0,0.0,0.0
2022-03-28,26.85,26.85,26.85,26.85,26.215963,0,0.0,0.0
2022-03-29,26.85,26.85,26.85,26.85,26.215963,0,0.0,0.0
2022-03-30,27.0,27.02,27.0,27.0,26.362417,1000,0.0,0.0
2022-03-31,27.0,27.0,27.0,27.0,26.362417,0,0.0,0.0
2022-04-01,27.0,27.0,27.0,27.0,26.362417,0,0.0,0.0
2022-04-04,27.0,27.0,27.0,27.0,26.362417,0,0.0,0.0
2022-04-05,27.0,27.0,27.0,27.0,26.362417,0,0.0,0.0
2022-04-06,27.0,27.0,27.0,27.0,26.362417,0,0.0,0.0
2022-04-07,27.200001,27.219999,27.200001,27.219999,26.577225,3000,0.0,0.0
2022-04-08,27.219999,27.219999,27.219999,27.219999,26.577225,0,0.0,0.0
2022-04-11,27.219999,27.219999,27.219999,27.219999,26.577225,0,0.0,0.0
2022-04-12,27.219999,27.219999,27.219999,27.219999,26.577225,0,0.0,0.0
2022-04-13,27.15,27.15,27.15,27.15,26.508879,9000,0.0,0.0
2022-04-14,27.15,27.15,27.15,27.15,26.508879,0,0.0,0.0
2022-04-18,27.129999,27.200001,27.125,27.200001,26.557697,2000,0.0,0.0
2022-04-19,27.200001,27.200001,27.200001,27.200001,26.557697,1000,0.0,0.0
2022-04-20,27.200001,27.200001,27.200001,27.200001,26.557697,1000,0.0,0.0
2022-04-21,27.299999,27.899,27.299999,27.899,27.240187,1000,0.0,0.0
2022-04-22,27.899,27.899,27.899,27.899,27.240187,0,0.0,0.0
2022-04-25,27.899,27.899,27.899,27.899,27.240187,0,0.0,0.0
2022-04-26,27.899,27.899,27.899,27.899,27.240187,0,0.0,0.0
2022-04-27,27.549999,27.549999,27.549999,27.549999,26.899435,2000,0.0,0.0
2022-04-28,27.200001,27.200001,27.200001,27.200001,26.557697,1000,0.0,0.0
2022-04-29,27.200001,27.200001,27.200001,27.200001,26.557697,0,0.0,0.0
2022-05-02,27.200001,27.200001,26.966999,26.966999,26.362185,3000,0.033,0.0
2022-05-03,26.966999,26.966999,26.966999,26.966999,26.362185,0,0.0,0.0
2022-05-04,26.705,26.705,26.434,26.5,25.905661,14000,0.0,0.0
2022-05-05,26.5,26.5,26.5,26.5,25.905661,0,0.0,0.0
2022-05-06,26.5,26.5,26.5,26.5,25.905661,0,0.0,0.0
2022-05-09,26.200001,26.27,25.5,25.5,24.928085,9000,0.0,0.0
2022-05-10,25.5,25.5,25.200001,25.200001,24.634815,11000,0.0,0.0
2022-05-11,25.200001,25.200001,25.200001,25.200001,24.634815,0,0.0,0.0
2022-05-12,25.200001,25.200001,25.200001,25.200001,24.634815,0,0.0,0.0
2022-05-13,25.068001,25.068001,24.5,24.799999,24.243788,36000,0.0,0.0
2022-05-16,25.200001,25.399,24.799999,24.799999,24.243788,14000,0.0,0.0
2022-05-17,24.799999,24.799999,24.799999,24.799999,24.243788,0,0.0,0.0
2022-05-18,24.799999,24.799999,24.799999,24.799999,24.243788,0,0.0,0.0
2022-05-19,24.799999,24.799999,24.799999,24.799999,24.243788,0,0.0,0.0
2022-05-20,24.700001,24.700001,24.700001,24.700001,24.146025,1000,0.0,0.0
2022-05-23,24.700001,24.700001,24.700001,24.700001,24.146025,0,0.0,0.0
2022-05-24,24.700001,24.700001,24.700001,24.700001,24.146025,0,0.0,0.0
2022-05-25,24.700001,24.700001,24.700001,24.700001,24.146025,0,0.0,0.0
2022-05-26,24.700001,24.700001,24.700001,24.700001,24.146025,0,0.0,0.0
2022-05-27,24.700001,24.700001,24.700001,24.700001,24.146025,1000,0.0,0.0
2022-05-31,24.700001,24.700001,24.700001,24.700001,24.146025,0,0.0,0.0
2022-06-01,24.700001,24.700001,24.700001,24.700001,24.146025,0,0.0,0.0
2022-06-02,24.700001,24.700001,24.700001,24.700001,24.146025,0,0.0,0.0
2022-06-03,24.700001,24.700001,24.700001,24.700001,24.146025,0,0.0,0.0
2022-06-06,25.0,25.0,25.0,25.0,24.439301,1000,0.0,0.0
2022-06-07,24.82,24.85,24.799999,24.85,24.292664,1000,0.0,0.0
2022-06-08,24.85,24.85,24.85,24.85,24.292664,0,0.0,0.0
2022-06-09,24.85,24.85,24.85,24.85,24.292664,0,0.0,0.0
2022-06-10,24.85,24.85,24.85,24.85,24.292664,0,0.0,0.0
2022-06-13,25.299999,25.299999,24.700001,24.700001,24.146025,8000,0.0,0.0
2022-06-14,25.299999,25.299999,24.700001,24.85,24.292664,6000,0.0,0.0
2022-06-15,24.85,24.85,24.85,24.85,24.292664,0,0.0,0.0
2022-06-16,24.5,24.52,24.5,24.5,23.95051,5000,0.0,0.0
2022-06-17,24.000999,24.000999,24.0,24.0,23.461727,6000,0.0,0.0
2022-06-21,23.799999,25.0,23.799999,25.0,24.439301,1000,0.0,0.0
2022-06-22,25.0,25.0,25.0,25.0,24.439301,0,0.0,0.0
2022-06-23,25.0,25.0,25.0,25.0,24.439301,0,0.0,0.0
2022-06-24,25.0,25.0,25.0,25.0,24.439301,0,0.0,0.0
2022-06-27,25.0,25.0,25.0,25.0,24.439301,0,0.0,0.0
2022-06-28,25.0,25.0,25.0,25.0,24.439301,0,0.0,0.0
2022-06-29,25.0,25.0,25.0,25.0,24.439301,0,0.0,0.0
2022-06-30,25.0,25.0,25.0,25.0,24.439301,0,0.0,0.0
2022-07-01,24.0,24.0,24.0,24.0,23.461727,1000,0.0,0.0
2022-07-05,24.0,24.0,24.0,24.0,23.461727,0,0.0,0.0
2022-07-06,24.0,24.0,24.0,24.0,23.461727,0,0.0,0.0
2022-07-07,24.479,24.499001,24.0,24.0,23.461727,1000,0.0,0.0
2022-07-08,24.0,24.0,24.0,24.0,23.461727,0,0.0,0.0
2022-07-11,24.0,24.0,24.0,24.0,23.461727,0,0.0,0.0
2022-07-12,24.025,24.1,24.025,24.1,23.559486,1000,0.0,0.0
2022-07-13,24.1,24.1,24.1,24.1,23.559486,0,0.0,0.0
2022-07-14,24.1,24.1,24.1,24.1,23.559486,0,0.0,0.0
2022-07-15,24.1,24.1,24.1,24.1,23.559486,1000,0.0,0.0
2022-07-18,24.1,24.1,24.1,24.1,23.559486,0,0.0,0.0
2022-07-19,24.1,24.1,24.1,24.1,23.559486,0,0.0,0.0
2022-07-20,24.1,24.200001,24.1,24.200001,23.657244,1000,0.0,0.0
2022-07-21,24.200001,24.499001,24.1,24.1,23.559486,6000,0.0,0.0
2022-07-22,24.1,24.1,24.1,24.1,23.559486,0,0.0,0.0
2022-07-25,24.4,24.4,24.4,24.4,23.852755,1000,0.0,0.0
2022-07-26,24.4,24.4,24.4,24.4,23.852755,0,0.0,0.0
2022-07-27,24.489,24.489,24.489,24.489,23.93976,1000,0.0,0.0
2022-07-28,24.489,24.489,24.489,24.489,23.93976,1000,0.0,0.0
2022-07-29,24.489,24.489,24.489,24.489,23.93976,0,0.0,0.0
2022-08-01,24.489,24.489,24.489,24.489,23.972063,0,0.033,0.0
2022-08-02,24.489,24.489,24.489,24.489,23.972063,0,0.0,0.0
2022-08-03,24.489,24.489,24.489,24.489,23.972063,1000,0.0,0.0
2022-08-04,24.489,24.489,24.489,24.489,23.972063,0,0.0,0.0
2022-08-05,24.489,24.489,24.489,24.489,23.972063,0,0.0,0.0
2022-08-08,24.489,24.49,24.489,24.49,23.973045,1000,0.0,0.0
2022-08-09,24.49,24.49,24.49,24.49,23.973045,0,0.0,0.0
2022-08-10,24.49,24.49,24.49,24.49,23.973045,0,0.0,0.0
2022-08-11,24.49,24.49,24.49,24.49,23.973045,0,0.0,0.0
2022-08-12,24.507,24.507,24.5,24.5,23.982828,4000,0.0,0.0
2022-08-15,24.5,24.5,24.5,24.5,23.982828,0,0.0,0.0
2022-08-16,24.5,24.5,24.5,24.5,23.982828,0,0.0,0.0
2022-08-17,24.500999,24.500999,24.5,24.5,23.982828,1000,0.0,0.0
2022-08-18,24.5,24.5,24.5,24.5,23.982828,0,0.0,0.0
2022-08-19,24.5,24.5,24.5,24.5,23.982828,1000,0.0,0.0
2022-08-22,24.5,24.5,24.4,24.4,23.884941,16000,0.0,0.0
2022-08-23,24.5,24.5,24.5,24.5,23.982828,1000,0.0,0.0
2022-08-24,24.5,24.5,24.5,24.5,23.982828,0,0.0,0.0
2022-08-25,24.5,24.5,24.5,24.5,23.982828,0,0.0,0.0
2022-08-26,24.5,24.5,24.5,24.5,23.982828,1000,0.0,0.0
2022-08-29,24.5,24.5,24.5,24.5,23.982828,0,0.0,0.0
2022-08-30,24.5,24.5,24.5,24.5,23.982828,0,0.0,0.0
2022-08-31,24.1,24.1,24.1,24.1,23.591276,1000,0.0,0.0
2022-09-01,24.1,24.1,24.1,24.1,23.591276,0,0.0,0.0
2022-09-02,24.1,24.1,24.1,24.1,23.591276,0,0.0,0.0
2022-09-06,24.1,24.1,24.1,24.1,23.591276,0,0.0,0.0
2022-09-07,24.1,24.120001,24.0,24.1,23.591276,1000,0.0,0.0
2022-09-08,24.02,24.02,24.0,24.0,23.493385,2000,0.0,0.0
2022-09-09,24.0,24.0,24.0,24.0,23.493385,0,0.0,0.0
2022-09-12,24.0,24.0,24.0,24.0,23.493385,0,0.0,0.0
2022-09-13,24.1,24.15,24.08,24.15,23.640221,1000,0.0,0.0
2022-09-14,24.15,24.15,24.15,24.15,23.640221,0,0.0,0.0
2022-09-15,24.15,24.15,24.15,24.15,23.640221,0,0.0,0.0
2022-09-16,24.15,24.15,24.15,24.15,23.640221,0,0.0,0.0
2022-09-19,24.15,24.15,24.15,24.15,23.640221,0,0.0,0.0
2022-09-20,24.200001,24.200001,24.200001,24.200001,23.689165,1000,0.0,0.0
2022-09-21,24.200001,24.200001,24.200001,24.200001,23.689165,0,0.0,0.0
2022-09-22,24.18,24.200001,24.15,24.15,23.640221,1000,0.0,0.0
2022-09-23,24.0,24.0,23.6,23.6,23.101828,10000,0.0,0.0
2022-09-26,23.5,23.5,23.1,23.1,22.612387,2000,0.0,0.0
2022-09-27,23.1,23.1,23.1,23.1,22.612387,1000,0.0,0.0
2022-09-28,23.1,23.1,23.1,23.1,22.612387,1000,0.0,0.0
2022-09-29,23.1,23.1,23.1,23.1,22.612387,0,0.0,0.0
2022-09-30,23.1,23.1,23.1,23.1,22.612387,0,0.0,0.0
2022-10-03,23.1,23.1,23.1,23.1,22.612387,1000,0.0,0.0
2022-10-04,23.1,23.1,23.1,23.1,22.612387,0,0.0,0.0
2022-10-05,23.1,23.1,23.1,23.1,22.612387,0,0.0,0.0
2022-10-06,23.1,23.1,23.1,23.1,22.612387,0,0.0,0.0
2022-10-07,23.299999,23.299999,23.299999,23.299999,22.808159,1000,0.0,0.0
2022-10-10,23.299999,23.299999,23.200001,23.200001,22.710274,1000,0.0,0.0
2022-10-11,23.200001,23.200001,23.200001,23.200001,22.710274,0,0.0,0.0
2022-10-12,23.200001,23.200001,23.200001,23.200001,22.710274,0,0.0,0.0
2022-10-13,23.200001,23.219999,23.1,23.1,22.612387,1000,0.0,0.0
2022-10-14,23.1,23.1,23.1,23.1,22.612387,0,0.0,0.0
2022-10-17,23.1,23.1,23.1,23.1,22.612387,0,0.0,0.0
2022-10-18,23.200001,23.200001,23.200001,23.200001,22.710274,1000,0.0,0.0
2022-10-19,23.200001,23.25,23.200001,23.25,22.759214,1000,0.0,0.0
2022-10-20,23.25,23.25,23.25,23.25,22.759214,0,0.0,0.0
2022-10-21,23.299999,23.35,23.299999,23.35,22.8571,1000,0.0,0.0
2022-10-24,23.35,23.35,23.35,23.35,22.8571,0,0.0,0.0
2022-10-25,23.35,23.35,23.35,23.35,22.8571,0,0.0,0.0
2022-10-26,23.35,23.35,23.35,23.35,22.8571,0,0.0,0.0
2022-10-27,23.35,23.35,23.35,23.35,22.8571,0,0.0,0.0
2022-10-28,23.200001,23.200001,23.200001,23.200001,22.710274,1000,0.0,0.0
2022-10-31,23.200001,23.200001,23.200001,23.200001,22.74262,0,0.033,0.0
2022-11-01,23.200001,23.200001,23.200001,23.200001,22.74262,0,0.0,0.0
2022-11-02,23.200001,23.200001,23.200001,23.200001,22.74262,0,0.0,0.0
2022-11-03,23.200001,23.200001,23.200001,23.200001,22.74262,0,0.0,0.0
2022-11-04,23.200001,23.200001,23.200001,23.200001,22.74262,0,0.0,0.0
2022-11-07,23.299999,23.385,23.204,23.385,22.923979,1000,0.0,0.0
2022-11-08,23.385,23.385,23.385,23.385,22.923979,0,0.0,0.0
2022-11-09,23.385,23.385,23.385,23.385,22.923979,0,0.0,0.0
2022-11-10,23.299999,23.4,23.200001,23.4,22.938679,2000,0.0,0.0
2022-11-11,23.4,23.4,23.4,23.4,22.938679,2000,0.0,0.0
2022-11-14,23.4,23.4,23.4,23.4,22.938679,0,0.0,0.0
2022-11-15,23.4,23.4,23.4,23.4,22.938679,0,0.0,0.0
2022-11-16,23.4,23.4,23.4,23.4,22.938679,1000,0.0,0.0
2022-11-17,23.43,23.5,23.43,23.5,23.036707,1000,0.0,0.0
2022-11-18,23.5,23.5,23.5,23.5,23.036707,0,0.0,0.0
2022-11-21,23.5,23.5,23.5,23.5,23.036707,0,0.0,0.0
2022-11-22,23.5,23.5,23.5,23.5,23.036707,0,0.0,0.0
2022-11-23,23.5,23.5,23.5,23.5,23.036707,0,0.0,0.0
2022-11-25,23.5,23.5,23.5,23.5,23.036707,0,0.0,0.0
2022-11-28,23.5,23.5,23.5,23.5,23.036707,0,0.0,0.0
2022-11-29,23.549999,23.549999,23.549999,23.549999,23.085722,1000,0.0,0.0
2022-11-30,23.549999,23.549999,23.549999,23.549999,23.085722,0,0.0,0.0
2022-12-01,23.549999,23.549999,23.549999,23.549999,23.085722,0,0.0,0.0
2022-12-02,23.573,23.573,23.552999,23.552999,23.088663,1000,0.0,0.0
2022-12-05,23.552999,23.552999,23.552999,23.552999,23.088663,0,0.0,0.0
2022-12-06,23.552999,23.552999,23.552999,23.552999,23.088663,0,0.0,0.0
2022-12-07,23.556,23.799999,23.556,23.556999,23.092583,2000,0.0,0.0
2022-12-08,23.799999,24.497999,23.799999,24.497999,24.015034,1000,0.0,0.0
2022-12-09,24.497999,24.497999,24.497999,24.497999,24.015034,0,0.0,0.0
2022-12-12,24.0,24.0,24.0,24.0,23.52685,1000,0.0,0.0
2022-12-13,24.0,24.0,24.0,24.0,23.52685,0,0.0,0.0
2022-12-14,24.299999,24.299999,24.0,24.02,23.546457,1000,0.0,0.0
2022-12-15,23.700001,23.719999,23.700001,23.719999,23.252373,1000,0.0,0.0
2022-12-16,24.0,24.0,23.799999,23.799999,23.330791,2000,0.0,0.0
2022-12-19,23.799999,23.799999,23.799999,23.799999,23.330791,0,0.0,0.0
2022-12-20,23.799999,23.799999,23.799999,23.799999,23.330791,0,0.0,0.0
2022-12-21,23.799999,23.799999,23.799999,23.799999,23.330791,0,0.0,0.0
2022-12-22,23.799999,23.799999,23.799999,23.799999,23.330791,1000,0.0,0.0
2022-12-23,23.799999,23.799999,23.799999,23.799999,23.330791,0,0.0,0.0
2022-12-27,23.799999,23.799999,23.799999,23.799999,23.330791,1000,0.0,0.0
2022-12-28,23.799999,23.799999,23.799999,23.799999,23.330791,0,0.0,0.0
2022-12-29,24.0,24.0,24.0,24.0,23.52685,1000,0.0,0.0
2022-12-30,24.0,24.0,24.0,24.0,23.52685,0,0.0,0.0
2023-01-03,24.0,24.0,24.0,24.0,23.52685,0,0.0,0.0
2023-01-04,24.0,24.0,23.801001,24.0,23.52685,5000,0.0,0.0
2023-01-05,24.0,24.0,24.0,24.0,23.52685,0,0.0,0.0
2023-01-06,24.0,24.0,24.0,24.0,23.52685,0,0.0,0.0
2023-01-09,24.0,24.0,24.0,24.0,23.52685,0,0.0,0.0
2023-01-10,24.0,24.0,24.0,24.0,23.52685,0,0.0,0.0
2023-01-11,24.0,24.0,24.0,24.0,23.52685,0,0.0,0.0
2023-01-12,24.0,24.0,24.0,24.0,23.52685,0,0.0,0.0
2023-01-13,24.0,24.0,24.0,24.0,23.52685,0,0.0,0.0
2023-01-17,24.0,24.0,24.0,24.0,23.52685,0,0.0,0.0
2023-01-18,24.200001,24.200001,24.200001,24.200001,23.722908,1000,0.0,0.0
2023-01-19,24.200001,24.200001,24.200001,24.200001,23.722908,0,0.0,0.0
2023-01-20,24.200001,24.200001,24.200001,24.200001,23.722908,0,0.0,0.0
2023-01-23,24.0,24.0,23.801001,23.801001,23.331774,3000,0.0,0.0
2023-01-24,24.0,24.0,23.98,24.0,23.52685,1000,0.0,0.0
2023-01-25,24.079,24.099001,24.079,24.099001,23.623898,2000,0.0,0.0
2023-01-26,24.099001,24.099001,24.099001,24.099001,23.623898,0,0.0,0.0
2023-01-27,24.079,24.099001,24.079,24.099001,23.623898,1000,0.0,0.0
2023-01-30,24.099001,24.099001,24.099001,24.099001,23.623898,0,0.0,0.0
2023-01-31,24.0,24.0,24.0,24.0,23.52685,1000,0.0,0.0
2023-02-01,24.0,24.0,24.0,24.0,23.52685,0,0.0,0.0
2023-02-02,24.0,24.0,24.0,24.0,23.52685,0,0.0,0.0
2023-02-03,24.0,24.0,24.0,24.0,23.52685,0,0.0,0.0
2023-02-06,24.0,24.0,24.0,24.0,23.561209,0,0.035,0.0
2023-02-07,24.0,24.0,24.0,24.0,23.561209,0,0.0,0.0
2023-02-08,24.0,24.0,24.0,24.0,23.561209,0,0.0,0.0
2023-02-09,24.0,24.0,24.0,24.0,23.561209,0,0.0,0.0
2023-02-10,24.0,24.0,24.0,24.0,23.561209,0,0.0,0.0
2023-02-13,24.0,24.0,24.0,24.0,23.561209,0,0.0,0.0
2023-02-14,24.0,24.0,24.0,24.0,23.561209,0,0.0,0.0
2023-02-15,24.1,24.200001,24.0,24.0,23.561209,5000,0.0,0.0
2023-02-16,24.0,24.0,24.0,24.0,23.561209,0,0.0,0.0
2023-02-17,24.0,24.0,24.0,24.0,23.561209,2000,0.0,0.0
2023-02-21,24.0,24.0,24.0,24.0,23.561209,0,0.0,0.0
2023-02-22,24.0,24.0,24.0,24.0,23.561209,0,0.0,0.0
2023-02-23,24.1,24.120001,24.1,24.120001,23.679016,1000,0.0,0.0
2023-02-24,24.0,24.0,24.0,24.0,23.561209,2000,0.0,0.0
2023-02-27,24.0,24.0,24.0,24.0,23.561209,0,0.0,0.0
2023-02-28,24.0,24.0,24.0,24.0,23.561209,0,0.0,0.0
2023-03-01,24.0,24.0,24.0,24.0,23.561209,0,0.0,0.0
2023-03-02,24.0,24.0,24.0,24.0,23.561209,7000,0.0,0.0
2023-03-03,24.0,24.0,24.0,24.0,23.561209,0,0.0,0.0
2023-03-06,24.0,24.0,24.0,24.0,23.561209,0,0.0,0.0
2023-03-07,24.0,24.0,24.0,24.0,23.561209,0,0.0,0.0
2023-03-08,24.0,24.0,24.0,24.0,23.561209,0,0.0,0.0
2023-03-09,24.0,24.0,24.0,24.0,23.561209,1000,0.0,0.0
2023-03-10,24.02,24.02,24.0,24.0,23.561209,1000,0.0,0.0
2023-03-13,24.0,24.0,20.424999,20.424999,20.051567,4000,0.0,0.0
2023-03-14,20.424999,20.424999,20.424999,20.424999,20.051567,0,0.0,0.0
2023-03-15,22.700001,22.700001,22.5,22.5,22.088634,1000,0.0,0.0
2023-03-16,22.5,22.5,22.5,22.5,22.088634,0,0.0,0.0
2023-03-17,22.5,22.5,22.5,22.5,22.088634,0,0.0,0.0
2023-03-20,22.5,22.5,22.5,22.5,22.088634,0,0.0,0.0
2023-03-21,21.125,21.125,21.1,21.1,20.71423,1000,0.0,0.0
2023-03-22,21.1,21.1,21.1,21.1,20.71423,0,0.0,0.0
2023-03-23,20.9,20.9,20.9,20.9,20.517889,3000,0.0,0.0
2023-03-24,20.9,20.9,20.9,20.9,20.517889,0,0.0,0.0
2023-03-27,20.9,20.9,20.9,20.9,20.517889,0,0.0,0.0
2023-03-28,20.9,20.9,20.9,20.9,20.517889,0,0.0,0.0
2023-03-29,20.9,20.9,20.9,20.9,20.517889,0,0.0,0.0
2023-03-30,20.9,20.9,20.9,20.9,20.517889,0,0.0,0.0
2023-03-31,20.9,20.9,20.9,20.9,20.517889,0,0.0,0.0
2023-04-03,20.9,20.9,20.9,20.9,20.517889,0,0.0,0.0
2023-04-04,20.9,20.9,20.9,20.9,20.517889,0,0.0,0.0
2023-04-05,20.9,20.9,20.9,20.9,20.517889,0,0.0,0.0
2023-04-06,20.9,20.9,20.9,20.9,20.517889,0,0.0,0.0
2023-04-10,20.549999,20.549999,20.424999,20.424999,20.051567,1000,0.0,0.0
2023-04-11,20.65,20.700001,20.201,20.201,19.831665,6000,0.0,0.0
2023-04-12,20.201,20.201,20.201,20.201,19.831665,0,0.0,0.0
2023-04-13,20.201,20.201,20.201,20.201,19.831665,0,0.0,0.0
2023-04-14,20.201,20.201,20.201,20.201,19.831665,0,0.0,0.0
2023-04-17,20.202,20.202,20.202,20.202,19.832649,1000,0.0,0.0
2023-04-18,20.101999,20.101999,20.1,20.1,19.732513,1000,0.0,0.0
2023-04-19,20.1,20.1,20.1,20.1,19.732513,0,0.0,0.0
2023-04-20,20.1,20.1,20.1,20.1,19.732513,0,0.0,0.0
2023-04-21,20.1,20.1,20.0,20.0,19.634344,1000,0.0,0.0
2023-04-24,20.0,20.0,20.0,20.0,19.634344,0,0.0,0.0
2023-04-25,20.0,20.0,20.0,20.0,19.634344,1000,0.0,0.0
2023-04-26,19.722,19.722,18.6,18.6,18.259941,1000,0.0,0.0
2023-04-27,18.6,18.6,18.6,18.6,18.259941,0,0.0,0.0
2023-04-28,18.700001,18.700001,18.601999,18.601999,18.261898,1000,0.0,0.0
2023-05-01,18.601999,18.601999,18.601999,18.601999,18.296322,1000,0.035,0.0
2023-05-02,18.465,18.465,18.4,18.4,18.097645,1000,0.0,0.0
2023-05-03,18.4,18.4,18.4,18.4,18.097645,0,0.0,0.0
2023-05-04,18.4,18.4,18.4,18.4,18.097645,0,0.0,0.0
2023-05-05,18.195,18.195,18.195,18.195,17.896017,1000,0.0,0.0
2023-05-08,18.195,18.195,18.195,18.195,17.896017,0,0.0,0.0
2023-05-09,19.0,19.0,18.0,18.0,17.704218,1000,0.0,0.0
2023-05-10,18.0,18.0,18.0,18.0,17.704218,0,0.0,0.0
2023-05-11,18.0,18.0,18.0,18.0,17.704218,1000,0.0,0.0
2023-05-12,17.5,17.6,16.5,17.6,17.310791,1000,0.0,0.0
2023-05-15,18.0,18.0,17.98,18.0,17.704218,1000,0.0,0.0
2023-05-16,18.0,18.0,18.0,18.0,17.704218,0,0.0,0.0
2023-05-17,18.0,18.0,18.0,18.0,17.704218,1000,0.0,0.0
2023-05-18,19.497999,19.497999,19.478001,19.478001,19.157934,1000,0.0,0.0
2023-05-19,19.448,19.448,19.448,19.448,19.128424,0,0.0,0.0
2023-05-22,19.448,19.448,19.448,19.448,19.128424,0,0.0,0.0
2023-05-23,19.0,19.0,19.0,19.0,18.687784,1000,0.0,0.0
2023-05-24,19.0,19.0,19.0,19.0,18.687784,0,0.0,0.0
2023-05-25,19.0,19.0,19.0,19.0,18.687784,0,0.0,0.0
2023-05-26,19.1,19.1,18.1,18.1,17.802574,1000,0.0,0.0
2023-05-30,18.1,19.499001,18.1,19.499001,19.178589,1000,0.0,0.0
2023-05-31,19.499001,19.499001,19.499001,19.499001,19.178589,1000,0.0,0.0
2023-06-01,19.499001,19.499001,19.499001,19.499001,19.178589,0,0.0,0.0
2023-06-02,19.499001,19.499001,19.499001,19.499001,19.178589,0,0.0,0.0
2023-06-05,19.499001,19.499001,19.499001,19.499001,19.178589,0,0.0,0.0
2023-06-06,19.499001,19.499001,19.499001,19.499001,19.178589,0,0.0,0.0
2023-06-07,19.0,19.0,18.530001,18.530001,18.225512,1000,0.0,0.0
2023-06-08,18.535,18.535,16.004,18.49,18.186167,17000,0.0,0.0
2023-06-09,17.999001,18.499001,17.999001,18.499001,18.195017,1000,0.0,0.0
2023-06-12,18.497,18.497,18.497,18.497,18.193052,1000,0.0,0.0
2023-06-13,18.497,20.5,18.497,19.049999,18.736965,1000,0.0,0.0
2023-06-14,20.448999,20.448999,20.448999,20.448999,20.112972,1000,0.0,0.0
2023-06-15,20.445999,20.445999,20.445999,20.445999,20.110023,1000,0.0,0.0
2023-06-16,20.445999,20.445999,20.445999,20.445999,20.110023,0,0.0,0.0
2023-06-20,20.445,20.445,20.445,20.445,20.109043,1000,0.0,0.0
2023-06-21,19.049999,20.444,19.049999,20.444,20.108059,1000,0.0,0.0
2023-06-22,20.444,20.444,20.444,20.444,20.108059,1000,0.0,0.0
2023-06-23,20.0,20.445,20.0,20.445,20.109043,1000,0.0,0.0
2023-06-26,20.447001,20.447001,19.9,19.9,19.572998,1000,0.0,0.0
2023-06-27,21.468,21.468,19.9,19.9,19.572998,18000,0.0,0.0
2023-06-28,21.468,21.468,19.051001,19.5,19.179571,1000,0.0,0.0
2023-06-29,20.5,20.5,20.5,20.5,20.163136,1000,0.0,0.0
2023-06-30,20.0,20.0,19.9,19.9,19.572998,20000,0.0,0.0
2023-07-03,19.9,19.9,19.9,19.9,19.572998,0,0.0,0.0
2023-07-05,19.9,19.9,19.9,19.9,19.572998,0,0.0,0.0
2023-07-06,20.0,20.0,20.0,20.0,19.671356,1000,0.0,0.0
2023-07-07,20.0,21.198,19.9,21.198,20.849669,17000,0.0,0.0
2023-07-10,21.198,21.198,21.198,21.198,20.849669,0,0.0,0.0
2023-07-11,20.5,20.5,20.200001,20.5,20.163136,18000,0.0,0.0
2023-07-12,20.5,20.5,20.5,20.5,20.163136,0,0.0,0.0
2023-07-13,20.5,20.5,20.5,20.5,20.163136,0,0.0,0.0
2023-07-14,20.5,20.5,20.5,20.5,20.163136,0,0.0,0.0
2023-07-17,20.5,20.5,20.5,20.5,20.163136,0,0.0,0.0
2023-07-18,20.5,20.5,20.5,20.5,20.163136,0,0.0,0.0
2023-07-19,21.988001,21.997999,21.594,21.6,21.245064,1000,0.0,0.0
2023-07-20,21.6,21.6,21.6,21.6,21.245064,0,0.0,0.0
2023-07-21,21.6,21.6,21.6,21.6,21.245064,1000,0.0,0.0
2023-07-24,21.6,21.6,21.6,21.6,21.245064,0,0.0,0.0
2023-07-25,21.76,21.76,21.76,21.76,21.402435,1000,0.0,0.0
2023-07-26,21.76,22.677,21.76,22.677,22.304367,2000,0.0,0.0
2023-07-27,22.059999,22.777,22.059999,22.16,21.79586,1000,0.0,0.0
2023-07-28,22.16,22.16,22.16,22.16,21.79586,0,0.0,0.0
2023-07-31,22.16,22.16,22.16,22.16,21.830338,0,0.035,0.0
2023-08-01,22.16,22.16,22.16,22.16,21.830338,0,0.0,0.0
2023-08-02,22.209999,22.209999,22.209999,22.209999,21.879597,1000,0.0,0.0
2023-08-03,22.209999,22.209999,22.209999,22.209999,21.879597,0,0.0,0.0
2023-08-04,22.209999,22.209999,22.209999,22.209999,21.879597,0,0.0,0.0
2023-08-07,22.209999,22.209999,22.209999,22.209999,21.879597,0,0.0,0.0
2023-08-08,22.209999,22.209999,22.209999,22.209999,21.879597,0,0.0,0.0
2023-08-09,22.209999,22.209999,22.209999,22.209999,21.879597,0,0.0,0.0
2023-08-10,22.209999,22.209999,22.209999,22.209999,21.879597,0,0.0,0.0
2023-08-11,22.209999,22.209999,22.209999,22.209999,21.879597,0,0.0,0.0
2023-08-14,22.059999,22.059999,20.6,21.5,21.180159,1000,0.0,0.0
2023-08-15,21.5,21.5,21.5,21.5,21.180159,0,0.0,0.0
2023-08-16,21.5,21.5,21.5,21.5,21.180159,0,0.0,0.0
2023-08-17,21.5,21.5,21.5,21.5,21.180159,0,0.0,0.0
2023-08-18,21.5,21.5,21.5,21.5,21.180159,0,0.0,0.0
2023-08-21,21.5,21.5,21.5,21.5,21.180159,0,0.0,0.0
2023-08-22,21.5,21.5,21.5,21.5,21.180159,0,0.0,0.0
2023-08-23,20.799999,20.799999,20.6,20.6,20.293549,1000,0.0,0.0
2023-08-24,20.6,20.6,20.6,20.6,20.293549,0,0.0,0.0
2023-08-25,20.264999,20.264999,19.000999,19.000999,18.718334,1000,0.0,0.0
2023-08-28,19.000999,19.000999,19.000999,19.000999,18.718334,0,0.0,0.0
2023-08-29,19.000999,19.000999,19.000999,19.000999,18.718334,0,0.0,0.0
2023-08-30,19.809999,19.809999,19.809999,19.809999,19.515301,1000,0.0,0.0
2023-08-31,19.809999,19.809999,19.809999,19.809999,19.515301,0,0.0,0.0
2023-09-01,19.809999,19.809999,19.809999,19.809999,19.515301,0,0.0,0.0
2023-09-05,20.09,20.09,20.09,20.09,19.791132,1000,0.0,0.0
2023-09-06,19.200001,19.200001,18.4,18.4,18.126274,1000,0.0,0.0
2023-09-07,19.094999,19.094999,19.094999,19.094999,18.810934,1000,0.0,0.0
2023-09-08,19.094999,19.094999,19.094999,19.094999,18.810934,0,0.0,0.0
2023-09-11,19.395,19.395,19.395,19.395,19.106472,1000,0.0,0.0
2023-09-12,19.395,19.395,19.395,19.395,19.106472,0,0.0,0.0
2023-09-13,19.395,19.395,19.395,19.395,19.106472,0,0.0,0.0
2023-09-14,19.395,19.395,19.395,19.395,19.106472,0,0.0,0.0
2023-09-15,18.799999,18.799999,18.6,18.6,18.323301,1000,0.0,0.0
2023-09-18,18.6,18.6,18.6,18.6,18.323301,0,0.0,0.0
2023-09-19,18.6,18.6,18.6,18.6,18.323301,0,0.0,0.0
2023-09-20,18.6,18.6,18.4,18.4,18.126274,1000,0.0,0.0
2023-09-21,18.4,18.4,18.4,18.4,18.126274,1000,0.0,0.0
2023-09-22,18.4,18.4,18.4,18.4,18.126274,0,0.0,0.0
2023-09-25,18.999001,18.999001,18.999001,18.999001,18.716366,1000,0.0,0.0
2023-09-26,18.9,18.9,18.9,18.9,18.618832,1000,0.0,0.0
2023-09-27,18.9,18.9,18.9,18.9,18.618832,0,0.0,0.0
2023-09-28,18.9,18.9,18.9,18.9,18.618832,0,0.0,0.0
2023-09-29,18.895,18.895,18.895,18.895,18.613909,1000,0.0,0.0
2023-10-02,18.895,18.895,18.895,18.895,18.613909,0,0.0,0.0
2023-10-03,18.899,18.999001,18.899,18.999001,18.716366,1000,0.0,0.0
2023-10-04,18.999001,18.999001,18.999001,18.999001,18.716366,0,0.0,0.0
2023-10-05,18.999001,18.999001,18.999001,18.999001,18.716366,0,0.0,0.0
2023-10-06,18.999001,18.999001,18.999001,18.999001,18.716366,0,0.0,0.0
2023-10-09,19.0,19.0,19.0,19.0,18.717346,1000,0.0,0.0
2023-10-10,19.0,19.0,19.0,19.0,18.717346,0,0.0,0.0
2023-10-11,19.0,19.0,19.0,19.0,18.717346,0,0.0,0.0
2023-10-12,19.0,19.0,19.0,19.0,18.717346,1000,0.0,0.0
2023-10-13,19.0,19.0,19.0,19.0,18.717346,0,0.0,0.0
2023-10-16,19.000999,19.000999,19.0,19.0,18.717346,2000,0.0,0.0
2023-10-17,19.0,19.0,19.0,19.0,18.717346,1000,0.0,0.0
2023-10-18,19.0,19.1,19.0,19.1,18.815861,1000,0.0,0.0
2023-10-19,19.948999,22.299999,19.201,21.0,20.687599,32000,0.0,0.0
2023-10-20,20.700001,20.700001,20.700001,20.700001,20.392057,1000,0.0,0.0
2023-10-23,20.700001,20.700001,20.700001,20.700001,20.392057,1000,0.0,0.0
2023-10-24,20.700001,20.700001,20.700001,20.700001,20.392057,0,0.0,0.0
2023-10-25,20.400999,20.5,19.950001,19.950001,19.653215,119000,0.0,0.0
2023-10-26,20.4,20.4,20.4,20.4,20.096521,1000,0.0,0.0
2023-10-27,20.049999,20.049999,20.049999,20.049999,19.75173,1000,0.0,0.0
2023-10-30,20.1,20.1,20.1,20.1,19.835613,1000,0.035,0.0
2023-10-31,20.1,20.1,20.1,20.1,19.835613,0,0.0,0.0
2023-11-01,20.239,21.200001,20.239,21.200001,20.921143,1000,0.0,0.0
2023-11-02,21.200001,21.200001,21.200001,21.200001,20.921143,0,0.0,0.0
2023-11-03,23.5,23.5,20.559999,20.559999,20.289558,1000,0.0,0.0
2023-11-06,21.5,21.5,21.5,21.5,21.217199,1000,0.0,0.0
2023-11-07,21.5,21.5,21.5,21.5,21.217199,0,0.0,0.0
2023-11-08,20.76,20.76,20.76,20.76,20.486925,1000,0.0,0.0
2023-11-09,20.76,20.76,20.76,20.76,20.486925,1000,0.0,0.0
2023-11-10,20.76,20.76,20.76,20.76,20.486925,1000,0.0,0.0
2023-11-13,20.76,20.76,20.76,20.76,20.486925,0,0.0,0.0
2023-11-14,21.0,21.0,21.0,21.0,20.723772,1000,0.0,0.0
2023-11-15,21.0,21.0,21.0,21.0,20.723772,0,0.0,0.0
2023-11-16,21.0,21.0,21.0,21.0,20.723772,0,0.0,0.0
2023-11-17,21.0,21.0,21.0,21.0,20.723772,0,0.0,0.0
2023-11-20,21.200001,21.299999,21.200001,21.299999,21.019827,1000,0.0,0.0
2023-11-21,21.4,21.5,21.4,21.5,21.217199,1000,0.0,0.0
2023-11-22,21.5,21.5,21.5,21.5,21.217199,0,0.0,0.0
2023-11-24,21.5,21.5,21.5,21.5,21.217199,0,0.0,0.0
2023-11-27,22.489,22.499001,22.489,22.499001,22.203056,1000,0.0,0.0
2023-11-28,22.9,22.9,22.9,22.9,22.59878,1000,0.0,0.0
2023-11-29,22.5,23.0,22.299999,23.0,22.697464,3000,0.0,0.0
2023-11-30,23.0,23.0,23.0,23.0,22.697464,0,0.0,0.0
2023-12-01,23.0,23.0,23.0,23.0,22.697464,1000,0.0,0.0
2023-12-04,21.660999,21.660999,21.660999,21.660999,21.37608,1000,0.0,0.0
2023-12-05,21.660999,21.660999,21.660999,21.660999,21.37608,0,0.0,0.0
2023-12-06,21.660999,21.660999,21.660999,21.660999,21.37608,0,0.0,0.0
2023-12-07,21.660999,21.660999,21.660999,21.660999,21.37608,0,0.0,0.0
2023-12-08,21.660999,21.660999,21.660999,21.660999,21.37608,0,0.0,0.0
2023-12-11,21.660999,21.660999,21.660999,21.660999,21.37608,0,0.0,0.0
2023-12-12,21.660999,21.660999,21.660999,21.660999,21.37608,0,0.0,0.0
2023-12-13,22.0,22.0,22.0,22.0,21.710619,10000,0.0,0.0
2023-12-14,22.0,22.0,22.0,22.0,21.710619,0,0.0,0.0
2023-12-15,22.16,22.16,22.16,22.16,21.868515,3000,0.0,0.0
2023-12-18,22.16,22.16,22.16,22.16,21.868515,0,0.0,0.0
2023-12-19,22.16,22.16,22.16,22.16,21.868515,0,0.0,0.0
2023-12-20,22.16,22.16,22.16,22.16,21.868515,0,0.0,0.0
2023-12-21,22.299999,22.799999,22.299999,22.799999,22.500097,8000,0.0,0.0
2023-12-22,22.799999,22.799999,22.799999,22.799999,22.500097,0,0.0,0.0
2023-12-26,22.799999,22.799999,22.799999,22.799999,22.500097,0,0.0,0.0
2023-12-27,22.799999,22.9,22.799999,22.9,22.59878,1000,0.0,0.0
2023-12-28,22.525,22.525,22.525,22.525,22.228714,1000,0.0,0.0
2023-12-29,22.525,22.525,22.525,22.525,22.228714,0,0.0,0.0
2024-01-02,22.525,22.525,22.525,22.525,22.228714,0,0.0,0.0
2024-01-03,22.799999,22.799999,22.799999,22.799999,22.500097,1000,0.0,0.0
2024-01-04,22.799999,22.799999,22.799999,22.799999,22.500097,0,0.0,0.0
2024-01-05,22.799999,22.799999,22.660999,22.660999,22.362923,1000,0.0,0.0
2024-01-08,22.660999,22.660999,22.660999,22.660999,22.362923,0,0.0,0.0
2024-01-09,22.660999,22.660999,22.660999,22.660999,22.362923,0,0.0,0.0
2024-01-10,22.660999,22.660999,22.660999,22.660999,22.362923,0,0.0,0.0
2024-01-11,22.660999,22.660999,22.660999,22.660999,22.362923,0,0.0,0.0
2024-01-12,22.660999,22.660999,22.660999,22.660999,22.362923,0,0.0,0.0
2024-01-16,22.660999,22.660999,22.660999,22.660999,22.362923,0,0.0,0.0
2024-01-17,22.660999,22.660999,22.660999,22.660999,22.362923,0,0.0,0.0
2024-01-18,22.660999,22.660999,22.660999,22.660999,22.362923,0,0.0,0.0
2024-01-19,22.660999,22.660999,22.660999,22.660999,22.362923,0,0.0,0.0
2024-01-22,22.802999,22.802999,22.802999,22.802999,22.503054,1000,0.0,0.0
2024-01-23,22.802999,22.802999,22.802999,22.802999,22.503054,0,0.0,0.0
2024-01-24,22.802999,22.802999,22.802999,22.802999,22.503054,0,0.0,0.0
2024-01-25,23.5,23.725,23.5,23.725,23.412928,1000,0.0,0.0
2024-01-26,23.725,23.725,23.725,23.725,23.412928,0,0.0,0.0
2024-01-29,23.725,23.725,23.725,23.725,23.412928,0,0.0,0.0
2024-01-30,24.0,24.0,24.0,24.0,23.684315,1000,0.0,0.0
2024-01-31,24.5,25.724001,24.5,25.724001,25.385632,1000,0.0,0.0
2024-02-01,25.724001,25.724001,25.724001,25.724001,25.385632,0,0.0,0.0
2024-02-02,24.799999,24.799999,24.5,24.5,24.177732,2000,0.0,0.0
2024-02-05,24.5,24.5,24.5,24.5,24.214304,0,0.037,0.0
2024-02-06,24.5,24.5,24.5,24.5,24.214304,0,0.0,0.0
2024-02-07,25.040001,25.040001,25.040001,25.040001,24.748009,1000,0.0,0.0
2024-02-08,25.040001,25.040001,25.040001,25.040001,24.748009,0,0.0,0.0
2024-02-09,25.040001,25.040001,25.040001,25.040001,24.748009,0,0.0,0.0
2024-02-12,25.040001,25.040001,25.040001,25.040001,24.748009,0,0.0,0.0
2024-02-13,25.040001,25.040001,25.040001,25.040001,24.748009,0,0.0,0.0
2024-02-14,25.5,25.799999,25.1,25.799999,25.49914,2000,0.0,0.0
2024-02-15,25.1,25.799999,25.0,25.799999,25.49914,4000,0.0,0.0
2024-02-16,25.799999,25.799999,25.4,25.799999,25.49914,1000,0.0,0.0
2024-02-20,25.799999,25.799999,25.799999,25.799999,25.49914,0,0.0,0.0
2024-02-21,25.444,25.799999,25.444,25.444,25.147297,9000,0.0,0.0
2024-02-22,25.799999,25.799999,25.459999,25.459999,25.163107,2000,0.0,0.0
2024-02-23,25.825001,25.825001,25.825001,25.825001,25.523851,0,0.0,0.0
2024-02-26,25.825001,25.825001,25.0,25.0,24.708473,10000,0.0,0.0
2024-02-27,25.0,25.0,25.0,25.0,24.708473,0,0.0,0.0
2024-02-28,25.049999,25.049999,25.049999,25.049999,24.757889,2000,0.0,0.0
2024-02-29,25.049999,25.049999,25.049999,25.049999,24.757889,0,0.0,0.0
2024-03-01,25.049999,25.049999,25.049999,25.049999,24.757889,1000,0.0,0.0
2024-03-04,25.049999,25.049999,25.049999,25.049999,24.757889,0,0.0,0.0
2024-03-05,25.049999,25.049999,25.049999,25.049999,24.757889,0,0.0,0.0
2024-03-06,25.049999,25.049999,25.049999,25.049999,24.757889,0,0.0,0.0
2024-03-07,25.049999,25.049999,25.049999,25.049999,24.757889,0,0.0,0.0
2024-03-08,25.1,25.1,25.059999,25.059999,24.767771,1000,0.0,0.0
2024-03-11,25.059999,25.059999,25.059999,25.059999,24.767771,1000,0.0,0.0
2024-03-12,25.059999,25.059999,25.059999,25.059999,24.767771,0,0.0,0.0
2024-03-13,25.059999,25.059999,25.059999,25.059999,24.767771,0,0.0,0.0
2024-03-14,25.059999,25.059999,25.059999,25.059999,24.767771,0,0.0,0.0
2024-03-15,25.059999,25.059999,25.059999,25.059999,24.767771,0,0.0,0.0
2024-03-18,25.059999,25.059999,25.059999,25.059999,24.767771,0,0.0,0.0
2024-03-19,25.059999,25.059999,25.059999,25.059999,24.767771,0,0.0,0.0
2024-03-20,25.059999,25.059999,25.059999,25.059999,24.767771,0,0.0,0.0
2024-03-21,25.059999,25.059999,25.059999,25.059999,24.767771,0,0.0,0.0
2024-03-22,25.059999,25.059999,25.059999,25.059999,24.767771,0,0.0,0.0
2024-03-25,25.075001,25.075001,25.059999,25.059999,24.767771,1000,0.0,0.0
2024-03-26,25.059999,25.059999,25.059999,25.059999,24.767771,1000,0.0,0.0
2024-03-27,25.059999,25.059999,25.059999,25.059999,24.767771,0,0.0,0.0
2024-03-28,25.059999,25.059999,25.059999,25.059999,24.767771,0,0.0,0.0
2024-04-01,25.059999,25.059999,25.059999,25.059999,24.767771,0,0.0,0.0
2024-04-02,25.059999,25.059999,25.059999,25.059999,24.767771,1000,0.0,0.0
2024-04-03,25.059999,25.059999,25.059999,25.059999,24.767771,1000,0.0,0.0
2024-04-04,25.059999,25.059999,25.059999,25.059999,24.767771,0,0.0,0.0
2024-04-05,25.059999,25.059999,25.059999,25.059999,24.767771,0,0.0,0.0
2024-04-08,25.1,25.125,25.059999,25.125,24.832012,1000,0.0,0.0
2024-04-09,25.125,25.125,25.125,25.125,24.832012,0,0.0,0.0
2024-04-10,25.125,25.125,25.125,25.125,24.832012,0,0.0,0.0
2024-04-11,25.395,25.4,25.395,25.4,25.103807,1000,0.0,0.0
2024-04-12,25.4,25.4,23.5,23.653,23.377184,2000,0.0,0.0
2024-04-15,24.111,24.111,24.111,24.111,23.82984,1000,0.0,0.0
2024-04-16,24.111,24.111,24.111,24.111,23.82984,0,0.0,0.0
2024-04-17,24.111,24.111,24.111,24.111,23.82984,0,0.0,0.0
2024-04-18,23.799999,23.799999,23.799999,23.799999,23.522467,1000,0.0,0.0
2024-04-19,23.799999,23.799999,23.799999,23.799999,23.522467,0,0.0,0.0
2024-04-22,24.0,25.399,23.722,25.298,25.002998,3000,0.0,0.0
2024-04-23,25.298,25.298,25.298,25.298,25.002998,0,0.0,0.0
2024-04-24,25.298,25.298,25.298,25.298,25.002998,0,0.0,0.0
2024-04-25,25.298,25.298,25.298,25.298,25.002998,0,0.0,0.0
2024-04-26,25.298,25.298,25.298,25.298,25.002998,0,0.0,0.0
2024-04-29,25.298,25.298,25.298,25.298,25.002998,0,0.0,0.0
2024-04-30,25.298,25.298,25.298,25.298,25.002998,0,0.0,0.0
2024-05-01,24.26,24.26,24.26,24.26,23.9771,1000,0.0,0.0
2024-05-02,25.0,25.5,25.0,25.5,25.202641,2000,0.0,0.0
2024-05-03,25.5,25.5,25.5,25.5,25.202641,0,0.0,0.0
2024-05-06,25.5,25.5,25.5,25.5,25.239265,0,0.037,0.0
2024-05-07,27.198999,27.198999,25.500999,25.500999,25.24025,1000,0.0,0.0
2024-05-08,25.500999,25.500999,25.500999,25.500999,25.24025,0,0.0,0.0
2024-05-09,25.500999,25.500999,25.500999,25.500999,25.24025,0,0.0,0.0
2024-05-10,25.500999,25.500999,25.500999,25.500999,25.24025,0,0.0,0.0
2024-05-13,25.500999,25.500999,25.500999,25.500999,25.24025,0,0.0,0.0
2024-05-14,25.500999,25.500999,25.500999,25.500999,25.24025,0,0.0,0.0
2024-05-15,25.500999,25.500999,25.500999,25.500999,25.24025,0,0.0,0.0
2024-05-16,27.0,27.0,27.0,27.0,26.723927,1000,0.0,0.0
2024-05-17,25.6,25.6,25.0,25.0,24.744373,1000,0.0,0.0
2024-05-20,26.0,26.0,26.0,26.0,25.734146,2000,0.0,0.0
2024-05-21,25.799999,27.198999,25.799999,27.198999,26.920889,1000,0.0,0.0
2024-05-22,27.197001,27.200001,27.197001,27.200001,26.921883,1000,0.0,0.0
2024-05-23,27.200001,27.200001,27.200001,27.200001,26.921883,1000,0.0,0.0
2024-05-24,27.200001,27.200001,27.200001,27.200001,26.921883,1000,0.0,0.0
2024-05-28,28.799999,28.799999,28.799999,28.799999,28.505522,1000,0.0,0.0
2024-05-29,28.799999,28.799999,28.799999,28.799999,28.505522,0,0.0,0.0
2024-05-30,28.799999,28.799999,28.799999,28.799999,28.505522,0,0.0,0.0
2024-05-31,28.799999,28.799999,28.799999,28.799999,28.505522,0,0.0,0.0
2024-06-03,26.0,26.0,26.0,26.0,25.734146,1000,0.0,0.0
2024-06-04,28.0,29.799,28.0,29.700001,29.396317,2000,0.0,0.0
2024-06-05,29.700001,29.700001,29.700001,29.700001,29.396317,0,0.0,0.0
2024-06-06,29.499001,29.499001,29.4,29.4,29.099382,1000,0.0,0.0
2024-06-07,29.200001,29.200001,29.200001,29.200001,28.901434,1000,0.0,0.0
2024-06-10,28.32,29.200001,28.25,29.200001,28.901434,40000,0.0,0.0
2024-06-11,29.200001,29.200001,29.200001,29.200001,28.901434,0,0.0,0.0
2024-06-12,29.4,29.4,29.4,29.4,29.099382,1000,0.0,0.0
2024-06-13,29.4,29.4,29.4,29.4,29.099382,0,0.0,0.0
2024-06-14,28.6,28.6,28.6,28.6,28.307566,1000,0.0,0.0
2024-06-17,28.6,29.200001,28.6,29.200001,28.901434,1000,0.0,0.0
2024-06-18,29.200001,29.200001,29.200001,29.200001,28.901434,0,0.0,0.0
2024-06-20,28.5,28.5,27.719999,27.719999,27.436562,1000,0.0,0.0
2024-06-21,27.719999,27.719999,27.719999,27.719999,27.436562,0,0.0,0.0
2024-06-24,29.299999,29.4,27.700001,27.700001,27.416767,1000,0.0,0.0
2024-06-25,27.700001,27.700001,27.700001,27.700001,27.416767,0,0.0,0.0
2024-06-26,27.700001,27.700001,27.700001,27.700001,27.416767,0,0.0,0.0
2024-06-27,27.700001,27.700001,27.700001,27.700001,27.416767,1000,0.0,0.0
2024-06-28,27.700001,27.700001,27.700001,27.700001,27.416767,0,0.0,0.0
2024-07-01,26.799999,26.799999,26.5,26.5,26.229038,1000,0.0,0.0
2024-07-02,26.5,26.645,26.0,26.0,25.734146,1000,0.0,0.0
2024-07-03,26.0,26.0,26.0,26.0,25.734146,1000,0.0,0.0
2024-07-05,26.0,26.0,26.0,26.0,25.734146,1000,0.0,0.0
2024-07-08,26.0,26.5,26.0,26.5,26.229038,3000,0.0,0.0
2024-07-09,26.610001,26.610001,26.6,26.606001,26.333958,1000,0.0,0.0
2024-07-10,26.606001,26.606001,26.606001,26.606001,26.333958,0,0.0,0.0
2024-07-11,26.606001,26.606001,26.606001,26.606001,26.333958,0,0.0,0.0
2024-07-12,26.995001,27.0,26.799999,26.799999,26.525969,1000,0.0,0.0
2024-07-15,27.799999,27.799999,27.799999,27.799999,27.515745,1000,0.0,0.0
2024-07-16,28.0,30.200001,27.5,30.200001,29.891207,11000,0.0,0.0
2024-07-17,30.4,30.5,30.299999,30.299999,29.990181,6000,0.0,0.0
2024-07-18,31.5,31.98,29.000999,29.5,29.198362,1000,0.0,0.0
2024-07-19,29.5,29.5,29.5,29.5,29.198362,1000,0.0,0.0
2024-07-22,29.799999,30.0,29.799999,30.0,29.693249,4000,0.0,0.0
2024-07-23,30.0,30.0,30.0,30.0,29.693249,0,0.0,0.0
2024-07-24,29.999001,30.0,29.999001,29.999001,29.692261,3000,0.0,0.0
2024-07-25,29.999001,29.999001,29.999001,29.999001,29.728928,0,0.037,0.0
2024-07-26,29.004999,29.004999,29.004999,29.004999,28.743876,1000,0.0,0.0
2024-07-29,29.004999,29.004999,29.004999,29.004999,28.743876,0,0.0,0.0
2024-07-30,29.004999,29.004999,29.004999,29.004999,28.743876,0,0.0,0.0
2024-07-31,29.200001,29.200001,29.0,29.0,28.738926,15000,0.0,0.0
2024-08-01,29.000999,29.000999,28.375999,28.377001,28.121532,3000,0.0,0.0
2024-08-02,28.1,29.1,27.179001,29.1,28.838022,13000,0.0,0.0
2024-08-05,28.5,28.5,27.049999,28.305,28.05018,1000,0.0,0.0
2024-08-06,28.305,28.305,28.305,28.305,28.05018,0,0.0,0.0
2024-08-07,27.5,27.5,27.205999,27.205999,26.961071,2000,0.0,0.0
2024-08-08,27.1,27.1,27.1,27.1,26.85603,12000,0.0,0.0
2024-08-09,27.205,28.0,27.205,28.0,27.747925,1000,0.0,0.0
2024-08-12,28.0,28.0,28.0,28.0,27.747925,0,0.0,0.0
2024-08-13,28.0,28.0,28.0,28.0,27.747925,0,0.0,0.0
2024-08-14,27.799999,27.799999,27.799999,27.799999,27.549725,1000,0.0,0.0
2024-08-15,27.799999,27.799999,27.799999,27.799999,27.549725,0,0.0,0.0
2024-08-16,27.5,29.0,27.201,29.0,28.738926,4000,0.0,0.0
2024-08-19,29.0,29.0,29.0,29.0,28.738926,0,0.0,0.0
2024-08-20,29.0,29.0,29.0,29.0,28.738926,0,0.0,0.0
2024-08-21,29.0,29.0,29.0,29.0,28.738926,0,0.0,0.0
2024-08-22,29.0,29.0,29.0,29.0,28.738926,0,0.0,0.0
2024-08-23,29.0,29.0,29.0,29.0,28.738926,0,0.0,0.0
2024-08-26,28.5,28.5,28.5,28.5,28.243423,1000,0.0,0.0
2024-08-27,28.5,28.5,28.5,28.5,28.243423,0,0.0,0.0
2024-08-28,29.0,29.0,27.5,27.5,27.25243,1000,0.0,0.0
2024-08-29,28.0,30.014999,28.0,30.014999,29.744781,2000,0.0,0.0
2024-08-30,30.200001,30.200001,30.200001,30.200001,29.92812,1000,0.0,0.0
2024-09-03,30.200001,30.200001,30.200001,30.200001,29.92812,0,0.0,0.0
2024-09-04,30.200001,30.200001,30.200001,30.200001,29.92812,0,0.0,0.0
2024-09-05,30.200001,30.200001,30.200001,30.200001,29.92812,0,0.0,0.0
2024-09-06,30.200001,30.200001,30.200001,30.200001,29.92812,0,0.0,0.0
2024-09-09,30.200001,30.200001,30.200001,30.200001,29.92812,0,0.0,0.0
2024-09-10,30.200001,30.200001,30.200001,30.200001,29.92812,0,0.0,0.0
2024-09-11,29.0,30.0,28.799999,30.0,29.729919,11000,0.0,0.0
2024-09-12,30.0,30.0,30.0,30.0,29.729919,0,0.0,0.0
2024-09-13,30.0,30.0,30.0,30.0,29.729919,0,0.0,0.0
2024-09-16,29.5,30.200001,29.5,30.0,29.729919,1000,0.0,0.0
2024-09-17,30.200001,30.200001,30.200001,30.200001,29.92812,1000,0.0,0.0
2024-09-18,30.200001,30.200001,30.200001,30.200001,29.92812,0,0.0,0.0
2024-09-19,30.200001,30.200001,30.200001,30.200001,29.92812,1000,0.0,0.0
2024-09-20,30.200001,30.200001,30.200001,30.200001,29.92812,0,0.0,0.0
2024-09-23,30.200001,30.200001,30.200001,30.200001,29.92812,1000,0.0,0.0
2024-09-24,29.9,29.9,29.1,29.1,28.838022,1000,0.0,0.0
2024-09-25,28.700001,28.700001,27.1,27.6,27.351522,21000,0.0,0.0
2024-09-26,28.0,28.299999,27.811001,27.811001,27.560625,1000,0.0,0.0
2024-09-27,28.0,28.0,28.0,28.0,27.747925,1000,0.0,0.0
2024-09-30,28.0,28.0,28.0,28.0,27.747925,0,0.0,0.0
2024-10-01,28.0,28.0,28.0,28.0,27.747925,0,0.0,0.0
2024-10-02,27.5,27.5,27.5,27.5,27.25243,1000,0.0,0.0
2024-10-03,27.5,27.5,27.5,27.5,27.25243,0,0.0,0.0
2024-10-04,27.5,27.5,27.5,27.5,27.25243,0,0.0,0.0
2024-10-07,27.5,27.5,27.5,27.5,27.25243,1000,0.0,0.0
2024-10-08,27.5,27.5,27.5,27.5,27.25243,0,0.0,0.0
2024-10-09,27.549999,27.559999,27.549999,27.559999,27.311886,1000,0.0,0.0
2024-10-10,27.559999,28.424999,27.559999,28.424999,28.169096,1000,0.0,0.0
2024-10-11,28.0,28.0,27.440001,27.450001,27.202879,1000,0.0,0.0
2024-10-14,27.5,28.0,27.5,28.0,27.747925,2000,0.0,0.0
2024-10-15,28.004999,28.004999,27.502001,27.502001,27.254408,1000,0.0,0.0
2024-10-16,27.551001,27.551001,27.551001,27.551001,27.302967,1000,0.0,0.0
2024-10-17,27.799999,28.15,27.58,28.15,27.896574,10000,0.0,0.0
2024-10-18,28.5,29.0,28.5,29.0,28.738926,10000,0.0,0.0
2024-10-21,29.0,29.0,29.0,29.0,28.738926,1000,0.0,0.0
2024-10-22,29.4,29.5,29.4,29.5,29.234421,1000,0.0,0.0
2024-10-23,29.5,29.5,29.5,29.5,29.234421,0,0.0,0.0
2024-10-24,29.801001,31.0,29.801001,31.0,30.720917,1000,0.0,0.0
2024-10-25,31.0,31.0,31.0,31.0,30.720917,0,0.0,0.0
2024-10-28,31.0,31.0,31.0,31.0,30.720917,0,0.0,0.0
2024-10-29,31.0,31.0,31.0,31.0,30.757626,0,0.037,0.0
2024-10-30,30.5,30.5,30.5,30.5,30.261536,1000,0.0,0.0
2024-10-31,30.5,30.5,30.5,30.5,30.261536,0,0.0,0.0
2024-11-01,31.0,32.098999,31.0,32.098999,31.848034,1000,0.0,0.0
2024-11-04,32.098999,32.098999,32.098999,32.098999,31.848034,0,0.0,0.0
2024-11-05,32.0,32.0,32.0,32.0,31.749809,1000,0.0,0.0
2024-11-06,31.999001,32.099998,31.999001,32.099998,31.849026,1000,0.0,0.0
2024-11-07,32.099998,32.099998,32.099998,32.099998,31.849026,0,0.0,0.0
2024-11-08,33.598999,33.598999,32.400002,32.400002,32.146679,1000,0.0,0.0
2024-11-11,33.5,33.5,33.5,33.5,33.238083,1000,0.0,0.0
2024-11-12,33.5,33.5,33.5,33.5,33.238083,0,0.0,0.0
2024-11-13,33.400002,33.400002,33.400002,33.400002,33.138866,1000,0.0,0.0
2024-11-14,33.400002,33.400002,33.400002,33.400002,33.138866,0,0.0,0.0
2024-11-15,33.299999,33.299999,33.0,33.0,32.741993,1000,0.0,0.0
2024-11-18,33.0,33.0,33.0,33.0,32.741993,0,0.0,0.0
2024-11-19,33.0,33.0,33.0,33.0,32.741993,0,0.0,0.0
2024-11-20,33.0,33.0,32.5,32.5,32.245895,1000,0.0,0.0
2024-11-21,32.974998,33.0,32.973,32.973,32.715202,1000,0.0,0.0
2024-11-22,32.973,32.973,32.973,32.973,32.715202,0,0.0,0.0
2024-11-25,32.973,32.973,32.973,32.973,32.715202,1000,0.0,0.0
2024-11-26,32.973,32.973,32.973,32.973,32.715202,0,0.0,0.0
2024-11-27,32.900002,32.900002,32.799999,32.799999,32.543556,1000,0.0,0.0
2024-11-29,32.799999,32.799999,32.799999,32.799999,32.543556,0,0.0,0.0
2024-12-02,32.799999,32.799999,32.799999,32.799999,32.543556,0,0.0,0.0
2024-12-03,33.0,33.0,32.700001,32.900002,32.642773,1000,0.0,0.0
2024-12-04,32.799999,33.0,32.5,32.900002,32.642773,1000,0.0,0.0
2024-12-05,32.799999,32.799999,32.799999,32.799999,32.543556,1000,0.0,0.0
2024-12-06,33.299999,33.299999,33.299999,33.299999,33.039639,1000,0.0,0.0
2024-12-09,33.299999,33.299999,33.299999,33.299999,33.039639,0,0.0,0.0
2024-12-10,32.700001,32.700001,32.700001,32.700001,32.444332,1000,0.0,0.0
2024-12-11,32.700001,32.700001,32.700001,32.700001,32.444332,0,0.0,0.0
2024-12-12,33.000999,33.000999,33.0,33.0,32.741993,1000,0.0,0.0
2024-12-13,33.0,33.0,33.0,33.0,32.741993,0,0.0,0.0
2024-12-16,33.0,33.0,33.0,33.0,32.741993,0,0.0,0.0
2024-12-17,32.799999,32.799999,30.5,30.5,30.261536,1000,0.0,0.0
2024-12-18,31.0,31.0,31.0,31.0,30.757626,1000,0.0,0.0
2024-12-19,31.0,31.0,31.0,31.0,30.757626,0,0.0,0.0
2024-12-20,31.0,31.0,31.0,31.0,30.757626,1000,0.0,0.0
2024-12-23,31.247,31.247,31.0,31.0,30.757626,1000,0.0,0.0
2024-12-24,31.0,31.0,31.0,31.0,30.757626,0,0.0,0.0
2024-12-26,31.0,31.0,31.0,31.0,30.757626,0,0.0,0.0
2024-12-27,31.0,31.0,31.0,31.0,30.757626,0,0.0,0.0
2024-12-30,31.0,31.0,31.0,31.0,30.757626,0,0.0,0.0
2024-12-31,31.0,31.0,31.0,31.0,30.757626,0,0.0,0.0
2025-01-02,31.0,31.0,31.0,31.0,30.757626,0,0.0,0.0
2025-01-03,31.0,31.0,31.0,31.0,30.757626,0,0.0,0.0
2025-01-06,31.5,31.5,30.061001,31.5,31.253717,11000,0.0,0.0
2025-01-07,30.5,30.999001,30.4,30.4,30.162319,1000,0.0,0.0
2025-01-08,30.4,30.4,30.4,30.4,30.162319,0,0.0,0.0
2025-01-10,30.200001,30.200001,30.16,30.16,29.924192,1000,0.0,0.0
2025-01-13,30.16,30.16,30.16,30.16,29.924192,0,0.0,0.0
2025-01-14,30.16,30.999001,30.16,30.200001,29.963882,1000,0.0,0.0
2025-01-15,30.209999,30.9,30.209999,30.9,30.658405,7000,0.0,0.0
2025-01-16,30.9,30.9,30.9,30.9,30.658405,1000,0.0,0.0
2025-01-17,30.775,31.0,30.775,31.0,30.757626,10000,0.0,0.0
2025-01-21,31.798,31.798,31.798,31.798,31.549389,1000,0.0,0.0
2025-01-22,31.798,31.798,31.798,31.798,31.549389,0,0.0,0.0
2025-01-23,31.798,31.798,31.106001,31.106001,30.862801,1000,0.0,0.0
2025-01-24,31.106001,31.106001,31.106001,31.106001,30.862801,0,0.0,0.0
2025-01-27,31.798,31.799999,31.205999,31.205999,30.962015,1000,0.0,0.0
2025-01-28,31.205999,31.205999,31.205999,31.205999,30.962015,0,0.0,0.0
2025-01-29,31.209999,31.4,31.025,31.025999,30.783421,2000,0.0,0.0
2025-01-30,31.1,32.5,31.1,31.5,31.253717,1000,0.0,0.0
2025-01-31,32.5,32.5,32.5,32.5,32.245895,1000,0.0,0.0
2025-02-03,32.5,32.5,32.5,32.5,32.245895,0,0.0,0.0
2025-02-04,31.975,32.599998,31.975,32.599998,32.345116,1000,0.0,0.0
2025-02-05,32.599998,32.599998,32.599998,32.599998,32.345116,0,0.0,0.0
2025-02-06,33.0,35.0,33.0,35.0,34.726353,1000,0.0,0.0
2025-02-07,35.0,35.0,35.0,35.0,34.726353,0,0.0,0.0
2025-02-10,33.504002,33.504002,33.504002,33.504002,33.242058,1000,0.0,0.0
2025-02-11,34.0,34.0,34.0,34.0,33.734173,10000,0.0,0.0
2025-02-12,34.0,34.0,34.0,34.0,33.773907,0,0.04,0.0
2025-02-13,34.0,34.0,34.0,34.0,33.773907,0,0.0,0.0
2025-02-14,35.0,35.0,34.101002,34.101002,33.874241,1000,0.0,0.0
2025-02-18,35.5,35.5,35.5,35.5,35.263931,1000,0.0,0.0
2025-02-19,35.799999,35.799999,35.799999,35.799999,35.561935,1000,0.0,0.0
2025-02-20,35.799999,35.799999,35.799999,35.799999,35.561935,0,0.0,0.0
2025-02-21,35.599998,35.599998,35.5,35.5,35.263931,1000,0.0,0.0
2025-02-24,35.5,35.5,35.5,35.5,35.263931,0,0.0,0.0
2025-02-25,35.200001,35.200001,34.674999,35.0,34.767254,4000,0.0,0.0
2025-02-26,35.0,35.0,34.099998,34.799999,34.568584,1000,0.0,0.0
2025-02-27,34.799999,34.799999,34.799999,34.799999,34.568584,0,0.0,0.0
2025-02-28,34.825001,34.825001,33.599998,33.901001,33.675568,149000,0.0,0.0
2025-03-03,34.5,34.5,34.5,34.5,34.270576,1000,0.0,0.0
2025-03-04,34.5,35.195,34.5,35.195,34.96096,3000,0.0,0.0
2025-03-05,35.195,35.195,35.195,35.195,34.96096,1000,0.0,0.0
2025-03-06,34.0,34.0,34.0,34.0,33.773907,1000,0.0,0.0
2025-03-07,35.189999,35.189999,35.189999,35.189999,34.95599,1000,0.0,0.0
2025-03-10,35.189999,35.189999,34.400002,34.400002,34.171246,1000,0.0,0.0
2025-03-11,34.400002,34.400002,34.400002,34.400002,34.171246,1000,0.0,0.0
2025-03-12,34.299999,34.400002,34.0,34.0,33.773907,1000,0.0,0.0
2025-03-13,34.349998,34.5,34.349998,34.5,34.270576,1000,0.0,0.0
2025-03-14,34.299999,35.0,34.299999,34.950001,34.717587,1000,0.0,0.0
2025-03-17,35.0,35.0,35.0,35.0,34.767254,1000,0.0,0.0
2025-03-18,36.555,36.555,35.0,35.0,34.767254,1000,0.0,0.0
2025-03-19,35.900002,35.900002,35.0,35.0,34.767254,1000,0.0,0.0
2025-03-20,35.995998,35.995998,35.0,35.0,34.767254,1000,0.0,0.0
2025-03-21,35.990002,35.990002,35.990002,35.990002,35.750671,1000,0.0,0.0
2025-03-24,35.98,35.98,34.902,34.902,34.669907,2000,0.0,0.0
2025-03-25,34.900002,34.900002,34.900002,34.900002,34.667927,1000,0.0,0.0
2025-03-26,34.5,34.75,34.5,34.5,34.270576,2000,0.0,0.0
2025-03-27,35.195999,35.195999,35.195999,35.195999,34.961948,1000,0.0,0.0
2025-03-28,35.195999,35.195999,35.195999,35.195999,34.961948,1000,0.0,0.0
2025-03-31,35.0,35.0,35.0,35.0,34.767254,1000,0.0,0.0
2025-04-01,35.0,35.0,35.0,35.0,34.767254,0,0.0,0.0
2025-04-02,34.974998,35.0,34.974998,35.0,34.767254,1000,0.0,0.0
2025-04-03,34.549999,34.549999,33.5,33.5,33.277233,1000,0.0,0.0
2025-04-04,34.799999,34.799999,31.16,31.16,30.952789,1000,0.0,0.0
2025-04-07,34.799999,34.799999,34.799999,34.799999,34.568584,1000,0.0,0.0
2025-04-08,34.990002,34.990002,33.5,33.5,33.277233,1000,0.0,0.0
2025-04-09,33.994999,34.0,31.702,33.900002,33.674568,2000,0.0,0.0
2025-04-10,34.0,34.0,32.099998,32.099998,31.886539,1000,0.0,0.0
2025-04-11,32.299999,32.299999,32.099998,32.099998,31.886539,1000,0.0,0.0
2025-04-14,32.498001,32.498001,32.473,32.473,32.257061,1000,0.0,0.0
2025-04-15,32.498001,32.498001,31.898001,31.9,31.687868,1000,0.0,0.0
2025-04-16,32.498001,32.5,32.049999,32.049999,31.83687,1000,0.0,0.0
2025-04-17,31.996,31.996,31.996,31.996,31.783232,1000,0.0,0.0
2025-04-21,31.605,31.605,31.605,31.605,31.394833,1000,0.0,0.0
2025-04-22,31.605,32.900002,31.604,32.900002,32.681221,1000,0.0,0.0
2025-04-23,32.0,32.700001,31.799999,31.999001,31.786211,1000,0.0,0.0
2025-04-24,31.999001,32.900002,31.999001,32.900002,32.681221,1000,0.0,0.0
2025-04-25,32.900002,32.900002,32.900002,32.900002,32.681221,1000,0.0,0.0
2025-04-28,32.900002,32.900002,32.900002,32.900002,32.681221,1000,0.0,0.0
2025-04-29,32.900002,32.900002,32.900002,32.900002,32.681221,0,0.0,0.0
2025-04-30,32.490002,33.0,32.490002,33.0,32.78056,7000,0.0,0.0
2025-05-01,33.898998,34.543999,32.5,33.0,32.78056,5000,0.0,0.0
2025-05-02,33.025002,34.0,33.025002,33.799999,33.575233,1000,0.0,0.0
2025-05-05,33.799999,33.799999,33.099998,33.5,33.277233,1000,0.0,0.0
2025-05-06,33.896999,33.896999,33.5,33.5,33.317013,1000,0.04,0.0
2025-05-07,33.5,33.5,33.5,33.5,33.317013,1000,0.0,0.0
2025-05-08,33.560001,33.560001,33.400002,33.5,33.317013,5000,0.0,0.0
2025-05-09,33.693001,33.699001,33.0,33.200001,33.018646,7000,0.0,0.0
2025-05-12,33.450001,34.0,33.400002,34.0,33.814281,8000,0.0,0.0
2025-05-13,33.599998,34.199001,33.599998,34.199001,34.012196,1000,0.0,0.0
2025-05-14,34.199001,34.199001,34.199001,34.199001,34.012196,0,0.0,0.0
2025-05-15,34.0,34.0,34.0,34.0,33.814281,1000,0.0,0.0
2025-05-16,34.0,34.0,34.0,34.0,33.814281,0,0.0,0.0
2025-05-19,33.759998,34.0,31.603001,34.0,33.814281,4000,0.0,0.0
2025-05-20,34.0,34.0,34.0,34.0,33.814281,0,0.0,0.0
2025-05-21,33.16,33.16,33.16,33.16,32.978867,1000,0.0,0.0
2025-05-22,34.5,34.5,33.400002,33.400002,33.21756,1000,0.0,0.0
2025-05-23,33.400002,33.400002,33.400002,33.400002,33.21756,0,0.0,0.0
2025-05-27,33.459999,33.459999,33.459999,33.459999,33.277229,2000,0.0,0.0
2025-05-28,33.5,33.5,33.5,33.5,33.317013,1000,0.0,0.0
2025-05-29,33.474998,33.5,33.312,33.312,33.130043,4000,0.0,0.0
2025-05-30,33.400002,33.400002,33.400002,33.400002,33.21756,1000,0.0,0.0
2025-06-02,34.0,34.0,33.599998,33.599998,33.416462,1000,0.0,0.0
2025-06-03,34.0,34.0,33.799999,33.799999,33.615372,1000,0.0,0.0
2025-06-04,33.599998,33.599998,33.360001,33.360001,33.177776,3000,0.0,0.0
2025-06-05,33.398998,33.398998,33.397999,33.397999,33.215569,1000,0.0,0.0
2025-06-06,33.398998,33.400002,33.373001,33.400002,33.21756,20000,0.0,0.0
2025-06-09,33.400002,33.799,33.400002,33.400002,33.21756,6000,0.0,0.0
2025-06-10,33.5,33.5,33.5,33.5,33.317013,1000,0.0,0.0
2025-06-11,33.5,33.5,33.5,33.5,33.317013,0,0.0,0.0
2025-06-12,33.5,33.5,33.5,33.5,33.317013,0,0.0,0.0
2025-06-13,33.5,33.5,33.5,33.5,33.317013,0,0.0,0.0
2025-06-16,33.668999,33.668999,33.668999,33.668999,33.485088,1000,0.0,0.0
2025-06-17,33.668999,33.668999,33.668999,33.668999,33.485088,0,0.0,0.0
2025-06-18,33.668999,33.668999,33.668999,33.668999,33.485088,0,0.0,0.0
2025-06-20,33.668999,33.668999,33.668999,33.668999,33.485088,0,0.0,0.0
2025-06-23,33.625,33.625,33.625,33.625,33.44133,1000,0.0,0.0
2025-06-24,33.66,33.66,33.66,33.66,33.476135,5000,0.0,0.0
2025-06-25,33.66,33.66,33.66,33.66,33.476135,0,0.0,0.0
2025-06-26,33.650002,33.650002,33.625,33.625,33.44133,5000,0.0,0.0
2025-06-27,33.68,33.68,33.68,33.68,33.496029,3000,0.0,0.0
2025-06-30,33.699001,33.699001,33.699001,33.699001,33.514927,1000,0.0,0.0
2025-07-01,33.699001,33.699001,33.699001,33.699001,33.514927,0,0.0,0.0
2025-07-02,34.099998,34.099998,34.099998,34.099998,33.913731,1000,0.0,0.0
2025-07-03,34.099998,34.099998,34.099998,34.099998,33.913731,0,0.0,0.0
2025-07-07,34.099998,34.099998,34.099998,34.099998,33.913731,0,0.0,0.0
2025-07-08,34.699001,34.888,34.699001,34.888,34.69743,1000,0.0,0.0
2025-07-09,34.888,34.888,34.888,34.888,34.69743,0,0.0,0.0
2025-07-10,34.759998,34.759998,34.759998,34.759998,34.570126,2000,0.0,0.0
2025-07-11,34.759998,34.759998,34.759998,34.759998,34.570126,0,0.0,0.0
2025-07-14,34.888,36.555,34.561001,34.561001,34.372215,4000,0.0,0.0
2025-07-15,36.491001,36.491001,36.491001,36.491001,36.291676,1000,0.0,0.0
2025-07-16,36.48,36.48,36.48,36.48,36.280735,1000,0.0,0.0
2025-07-17,36.25,36.25,36.200001,36.200001,36.002262,6000,0.0,0.0
2025-07-18,36.200001,36.200001,35.759998,35.759998,35.564659,5000,0.0,0.0
2025-07-21,35.759998,35.759998,35.759998,35.759998,35.564659,0,0.0,0.0
2025-07-22,36.490002,36.490002,36.490002,36.490002,36.29068,1000,0.0,0.0
2025-07-23,36.554001,36.555,36.554001,36.554001,36.354328,2000,0.0,0.0
2025-07-24,36.554001,36.554001,36.554001,36.554001,36.354328,0,0.0,0.0
2025-07-25,36.500999,36.500999,36.500999,36.500999,36.301617,1000,0.0,0.0
2025-07-28,36.500999,36.500999,36.500999,36.500999,36.301617,0,0.0,0.0
2025-07-29,36.500999,36.500999,36.500999,36.500999,36.341438,0,0.04,0.0
2025-07-30,36.501999,36.700001,36.501999,36.700001,36.53957,6000,0.0,0.0
2025-07-31,36.700001,36.700001,36.700001,36.700001,36.53957,0,0.0,0.0
2025-08-01,36.700001,36.700001,36.700001,36.700001,36.53957,0,0.0,0.0
2025-08-04,36.501999,36.589001,36.491001,36.491001,36.331486,8000,0.0,0.0
2025-08-05,36.491001,36.5,36.490002,36.491001,36.331486,14000,0.0,0.0
2025-08-06,36.491001,36.491001,36.491001,36.491001,36.331486,0,0.0,0.0
2025-08-07,36.349998,36.349998,36.299999,36.299999,36.141323,1000,0.0,0.0
2025-08-08,36.32,36.32,36.299999,36.299999,36.141323,4000,0.0,0.0
2025-08-11,36.299999,36.299999,36.299999,36.299999,36.141323,0,0.0,0.0
2025-08-12,36.299999,36.349998,36.299999,36.349998,36.191097,38000,0.0,0.0
2025-08-13,36.799,36.799,36.200001,36.200001,36.041759,5000,0.0,0.0
2025-08-14,36.200001,36.200001,36.200001,36.200001,36.041759,0,0.0,0.0
2025-08-15,36.261002,36.261002,36.261002,36.261002,36.102489,1000,0.0,0.0
2025-08-18,36.261002,36.261002,36.261002,36.261002,36.102489,0,0.0,0.0
2025-08-19,36.261002,36.261002,36.261002,36.261002,36.102489,0,0.0,0.0
2025-08-20,36.700001,36.700001,36.700001,36.700001,36.53957,1000,0.0,0.0
2025-08-21,36.700001,36.700001,36.700001,36.700001,36.53957,0,0.0,0.0
2025-08-22,36.700001,36.950001,36.700001,36.950001,36.788483,1000,0.0,0.0
2025-08-25,36.700001,36.709999,36.700001,36.709999,36.549526,1000,0.0,0.0
2025-08-26,36.709999,36.709999,36.709999,36.709999,36.549526,0,0.0,0.0
2025-08-27,36.709999,36.709999,36.709999,36.709999,36.549526,0,0.0,0.0
2025-08-28,36.994999,36.994999,36.898998,36.898998,36.737701,1000,0.0,0.0
2025-08-29,36.763,36.763,36.763,36.763,36.602299,1000,0.0,0.0
2025-09-02,36.763,36.763,36.763,36.763,36.602299,0,0.0,0.0
2025-09-03,36.995998,37.0,36.995998,37.0,36.838261,2000,0.0,0.0
2025-09-04,37.0,37.0,37.0,37.0,36.838261,0,0.0,0.0
2025-09-05,37.495998,37.495998,37.495998,37.495998,37.332088,1000,0.0,0.0
2025-09-08,37.495998,37.495998,37.495998,37.495998,37.332088,0,0.0,0.0
2025-09-09,37.495998,37.495998,37.495998,37.495998,37.332088,0,0.0,0.0
2025-09-10,37.495998,37.495998,37.495998,37.495998,37.332088,0,0.0,0.0
2025-09-11,37.495998,37.495998,37.495998,37.495998,37.332088,0,0.0,0.0
2025-09-12,37.644001,37.644001,37.644001,37.644001,37.479446,1000,0.0,0.0
2025-09-15,37.644001,37.644001,37.644001,37.644001,37.479446,0,0.0,0.0
2025-09-16,37.644001,37.644001,37.644001,37.644001,37.479446,0,0.0,0.0
2025-09-17,37.644001,37.644001,37.644001,37.644001,37.479446,0,0.0,0.0
2025-09-18,37.994999,38.0,37.994999,38.0,37.833889,1000,0.0,0.0
2025-09-19,38.5,38.5,38.5,38.5,38.331703,1000,0.0,0.0
2025-09-22,38.5,38.5,38.5,38.5,38.331703,0,0.0,0.0
2025-09-23,38.5,38.5,38.5,38.5,38.331703,0,0.0,0.0
2025-09-24,38.5,38.5,38.5,38.5,38.331703,0,0.0,0.0
2025-09-25,38.5,38.5,38.5,38.5,38.331703,1000,0.0,0.0
2025-09-26,38.5,38.5,38.5,38.5,38.331703,0,0.0,0.0
2025-09-29,38.5,38.5,38.5,38.5,38.331703,0,0.0,0.0
2025-09-30,38.5,38.5,38.5,38.5,38.331703,0,0.0,0.0
2025-10-01,38.5,38.5,38.48,38.48,38.311794,8000,0.0,0.0
2025-10-02,38.48,38.48,38.48,38.48,38.311794,0,0.0,0.0
2025-10-03,38.48,38.48,38.48,38.48,38.311794,0,0.0,0.0
2025-10-06,38.48,38.48,38.48,38.48,38.311794,0,0.0,0.0
2025-10-07,38.5,38.5,38.5,38.5,38.331703,1000,0.0,0.0
2025-10-08,38.5,38.700001,38.5,38.700001,38.53083,7000,0.0,0.0
2025-10-09,38.700001,38.700001,38.700001,38.700001,38.53083,0,0.0,0.0
2025-10-10,38.5,38.5,38.5,38.5,38.331703,20000,0.0,0.0
2025-10-13,38.299999,38.299999,38.299999,38.299999,38.132576,2000,0.0,0.0
2025-10-14,38.599998,38.599998,38.599998,38.599998,38.431267,4000,0.0,0.0
2025-10-15,38.200001,38.5,38.200001,38.5,38.331703,1000,0.0,0.0
2025-10-16,38.299999,38.299999,38.299999,38.299999,38.132576,1000,0.0,0.0
2025-10-17,38.700001,38.994999,38.700001,38.994999,38.824539,1000,0.0,0.0
2025-10-20,38.994999,38.994999,38.994999,38.994999,38.824539,0,0.0,0.0
2025-10-21,38.994999,38.994999,38.994999,38.994999,38.824539,0,0.0,0.0
2025-10-22,39.5,39.900002,39.5,39.900002,39.725582,2000,0.0,0.0
2025-10-23,39.599998,39.599998,39.599998,39.599998,39.426895,1000,0.0,0.0
2025-10-24,39.200001,40.134998,38.5,40.134998,39.959557,13000,0.0,0.0
2025-10-27,39.205002,40.0,39.205002,39.900002,39.725582,26000,0.0,0.0
2025-10-28,39.900002,39.900002,39.884998,39.884998,39.710648,9000,0.0,0.0
2025-10-29,39.900002,39.921001,39.900002,39.921001,39.746494,1000,0.0,0.0
2025-10-30,39.985001,39.986,39.799999,39.799999,39.626019,1000,0.0,0.0
2025-10-31,39.900002,39.988998,39.898998,39.898998,39.724586,1000,0.0,0.0
2025-11-03,39.799999,39.799999,39.415001,39.415001,39.242702,5000,0.0,0.0
2025-11-04,39.251999,39.5,39.233002,39.5,39.367283,7000,0.04,0.0
2025-11-05,39.575001,39.575001,39.060001,39.060001,38.928764,1000,0.0,0.0
2025-11-06,39.061001,39.061001,39.060001,39.060001,38.928764,1000,0.0,0.0
2025-11-07,39.099998,39.099998,39.064999,39.064999,38.933743,3000,0.0,0.0
2025-11-10,39.110001,39.110001,38.959999,38.960999,38.830093,7000,0.0,0.0
2025-11-11,38.959999,39.049999,38.761002,39.049999,38.918797,1000,0.0,0.0
2025-11-12,39.373001,39.700001,39.373001,39.700001,39.566616,1000,0.0,0.0
2025-11-13,39.398998,39.5,39.16,39.16,39.028427,3000,0.0,0.0
2025-11-14,39.16,39.16,39.16,39.16,39.028427,0,0.0,0.0
2025-11-17,39.400002,39.5,39.400002,39.5,39.367283,1000,0.0,0.0
2025-11-18,39.5,39.5,39.5,39.5,39.367283,0,0.0,0.0
2025-11-19,39.5,39.5,39.5,39.5,39.367283,0,0.0,0.0
2025-11-20,39.5,39.5,39.41,39.41,39.277588,1000,0.0,0.0
2025-11-21,39.201,39.201,39.201,39.201,39.06929,1000,0.0,0.0
2025-11-24,39.400002,39.400002,39.200001,39.200001,39.068291,5000,0.0,0.0
2025-11-25,39.685001,39.685001,39.209999,39.310001,39.177925,2000,0.0,0.0
2025-11-26,39.599998,39.700001,39.5,39.700001,39.566616,1000,0.0,0.0
2025-11-28,39.700001,39.700001,39.700001,39.700001,39.566616,1000,0.0,0.0
2025-12-01,39.700001,39.700001,39.700001,39.700001,39.566616,1000,0.0,0.0
2025-12-02,39.700001,39.700001,39.700001,39.700001,39.566616,0,0.0,0.0
2025-12-03,39.700001,39.700001,39.700001,39.700001,39.566616,1000,0.0,0.0
2025-12-04,39.599998,40.0,39.599998,40.0,39.865601,6000,0.0,0.0
2025-12-05,40.0,40.0,40.0,40.0,39.865601,0,0.0,0.0
2025-12-08,42.484001,42.484001,40.0,40.5,40.363926,2000,0.0,0.0
2025-12-09,41.0,41.999001,41.0,41.0,40.862244,1000,0.0,0.0
2025-12-10,40.34,41.999001,40.34,41.999001,41.857887,1000,0.0,0.0
2025-12-11,41.999001,42.0,41.299999,41.299999,41.161236,1000,0.0,0.0
2025-12-12,42.0,42.0,41.200001,41.203999,41.065556,1000,0.0,0.0
2025-12-15,42.0,42.484001,41.5,42.459,42.316341,2000,0.0,0.0
2025-12-16,50.0,50.0,42.459999,42.549999,42.407036,400,0.0,10.0
2025-12-17,42.549999,45.0,42.549999,43.330002,43.184418,300,0.0,0.0
2025-12-18,43.990002,44.75,42.0,43.5,43.35384,1700,0.0,0.0
2025-12-19,44.529999,44.529999,42.450001,42.75,42.606365,1800,0.0,0.0
2025-12-22,44.75,44.950001,43.330002,44.950001,44.798969,100,0.0,0.0
2025-12-23,44.950001,44.950001,44.25,44.25,44.101322,300,0.0,0.0
2025-12-24,43.0,43.0,43.0,43.0,42.855526,100,0.0,0.0
2025-12-26,43.0,43.0,43.0,43.0,42.855526,100,0.0,0.0
2025-12-29,43.0,43.0,43.0,43.0,42.855526,100,0.0,0.0
2025-12-30,44.02,44.02,43.060001,43.25,43.104683,9200,0.0,0.0
2025-12-31,45.330002,45.330002,43.73,43.880001,43.732571,100,0.0,0.0
2026-01-02,41.830002,43.5,41.830002,43.0,42.855526,100,0.0,0.0
2026-01-05,43.0,43.0,42.009998,42.009998,41.868847,100,0.0,0.0
2026-01-06,42.009998,42.650002,42.0,42.650002,42.506702,1000,0.0,0.0
2026-01-07,42.650002,42.650002,42.0,42.5,42.357204,100,0.0,0.0
2026-01-08,42.0,42.5,42.0,42.5,42.357204,600,0.0,0.0
2026-01-09,42.470001,42.470001,42.470001,42.470001,42.327305,100,0.0,0.0
2026-01-12,42.099998,44.490002,42.099998,42.099998,41.958549,400,0.0,0.0
2026-01-13,42.099998,42.990002,42.099998,42.990002,42.845558,600,0.0,0.0
2026-01-14,42.990002,42.990002,42.990002,42.990002,42.845558,0,0.0,0.0
2026-01-15,42.169998,42.169998,42.099998,42.099998,41.958549,100,0.0,0.0
2026-01-16,42.099998,42.099998,42.099998,42.099998,41.958549,0,0.0,0.0
2026-01-20,42.169998,43.5,42.169998,42.299999,42.157871,100,0.0,0.0
2026-01-21,43.450001,43.450001,43.450001,43.450001,43.304012,100,0.0,0.0
2026-01-22,43.0,43.5,43.0,43.119999,42.975121,1000,0.0,0.0
2026-01-23,43.119999,43.119999,43.119999,43.119999,42.975121,0,0.0,0.0
2026-01-26,43.5,43.5,42.509998,42.509998,42.367168,700,0.0,0.0
2026-01-27,43.25,43.25,43.25,43.25,43.104683,500,0.0,0.0
2026-01-28,43.0,43.0,43.0,43.0,42.855526,2000,0.0,0.0
2026-01-29,43.0,43.0,43.0,43.0,42.855526,0,0.0,0.0
2026-01-30,43.110001,43.459999,43.110001,43.459999,43.313976,400,0.0,0.0
2026-02-02,44.009998,44.130001,44.009998,44.130001,43.981728,500,0.0,0.0
2026-02-03,44.049999,44.490002,44.049999,44.490002,44.340519,600,0.0,0.0
2026-02-04,44.09,44.09,44.09,44.09,43.941864,100,0.0,0.0
2026-02-05,44.400002,44.400002,44.400002,44.400002,44.25082,200,0.0,0.0
2026-02-06,44.049999,44.049999,44.049999,44.049999,43.901997,100,0.0,0.0
2026-02-09,45.0,45.48,45.0,45.0,44.848804,400,0.0,0.0
2026-02-10,44.860001,44.860001,44.860001,44.860001,44.759007,100,0.05,0.0
2026-02-11,44.860001,44.860001,44.860001,44.860001,44.759007,0,0.0,0.0
2026-02-12,44.549999,44.549999,44.549999,44.549999,44.449703,100,0.0,0.0
2026-02-13,45.099998,45.099998,45.0,45.0,44.898689,1700,0.0,0.0
2026-02-17,44.07,44.290001,44.07,44.290001,44.190292,14100,0.0,0.0
2026-02-18,44.5,45.349998,44.5,45.0,44.898689,6400,0.0,0.0
2026-02-19,45.0,45.0,45.0,45.0,44.898689,0,0.0,0.0
2026-02-20,45.0,45.0,45.0,45.0,44.898689,0,0.0,0.0
2026-02-23,45.549999,45.549999,45.41,45.41,45.307766,100,0.0,0.0
2026-02-24,45.0,45.0,44.799999,44.900002,44.798916,2600,0.0,0.0
2026-02-25,44.330002,44.330002,44.330002,44.330002,44.230202,100,0.0,0.0
2026-02-26,44.900002,44.900002,44.900002,44.900002,44.798916,100,0.0,0.0
2026-02-27,44.400002,44.900002,44.400002,44.43,44.329975,600,0.0,0.0
2026-03-02,44.34,44.34,43.75,43.75,43.651505,2900,0.0,0.0
2026-03-03,44.23,44.23,42.990002,43.98,43.880985,600,0.0,0.0
2026-03-04,43.98,43.98,43.98,43.98,43.880985,0,0.0,0.0
2026-03-05,43.950001,43.950001,43.950001,43.950001,43.851055,100,0.0,0.0
2026-03-06,43.75,43.75,43.75,43.75,43.651505,100,0.0,0.0
2026-03-09,43.650002,43.650002,43.049999,43.200001,43.102745,200,0.0,0.0
2026-03-10,43.0,43.189999,43.0,43.18,43.082787,100,0.0,0.0
2026-03-11,43.150002,43.150002,42.099998,42.700001,42.603867,400,0.0,0.0
2026-03-12,42.5,42.5,42.5,42.5,42.40432,100,0.0,0.0
2026-03-13,42.5,42.5,42.279999,42.349998,42.254658,100,0.0,0.0
2026-03-16,42.349998,42.349998,42.299999,42.299999,42.204765,100,0.0,0.0
2026-03-17,42.299999,42.299999,42.299999,42.299999,42.204765,100,0.0,0.0
2026-03-18,42.25,42.25,42.099998,42.099998,42.005219,100,0.0,0.0
2026-03-19,42.25,42.25,42.0,42.099998,42.005219,200,0.0,0.0
2026-03-20,42.099998,42.099998,42.099998,42.099998,42.005219,100,0.0,0.0
2026-03-23,42.009998,42.110001,42.0,42.07,41.975285,2100,0.0,0.0
2026-03-24,42.25,42.25,42.0,42.150002,42.055107,1400,0.0,0.0
2026-03-25,42.150002,42.150002,42.150002,42.150002,42.055107,0,0.0,0.0
2026-03-26,42.130001,42.130001,42.099998,42.099998,42.005219,10100,0.0,0.0
2026-03-27,42.099998,42.099998,42.099998,42.099998,42.005219,4000,0.0,0.0
2026-03-30,42.099998,42.099998,42.0,42.0,41.905445,500,0.0,0.0
2026-03-31,42.0,42.0,42.0,42.0,41.905445,0,0.0,0.0
2026-04-01,42.0,42.0,41.75,41.849998,41.755779,300,0.0,0.0
2026-04-02,41.700001,41.700001,41.700001,41.700001,41.606121,100,0.0,0.0
2026-04-06,41.610001,41.650002,41.610001,41.619999,41.526299,100,0.0,0.0
2026-04-07,41.599998,41.599998,41.599998,41.599998,41.506344,4600,0.0,0.0
2026-04-08,41.619999,41.619999,41.619999,41.619999,41.526299,400,0.0,0.0
2026-04-09,41.619999,41.619999,41.619999,41.619999,41.526299,0,0.0,0.0
2026-04-10,42.0,42.200001,42.0,42.200001,42.104996,300,0.0,0.0
2026-04-13,41.5,41.5,41.0,41.150002,41.057358,800,0.0,0.0
2026-04-14,41.0,41.0,40.549999,40.860001,40.768013,3300,0.0,0.0
2026-04-15,40.860001,40.860001,40.860001,40.860001,40.768013,0,0.0,0.0
2026-04-16,41.0,41.0,40.650002,40.650002,40.558483,400,0.0,0.0
2026-04-17,41.400002,41.400002,40.650002,41.200001,41.107246,1000,0.0,0.0
2026-04-20,40.799999,41.200001,40.650002,41.200001,41.107246,1400,0.0,0.0
2026-04-21,41.0,41.0,41.0,41.0,40.907696,100,0.0,0.0
2026-04-22,40.919998,40.919998,40.639999,40.639999,40.548504,100,0.0,0.0
2026-04-23,40.900002,41.189999,40.700001,41.189999,41.097267,1800,0.0,0.0
2026-04-24,40.740002,40.900002,40.740002,40.900002,40.807922,100,0.0,0.0
2026-04-27,41.0,41.0,41.0,41.0,40.907696,200,0.0,0.0
2026-04-28,41.0,41.0,41.0,41.0,40.907696,300,0.0,0.0
2026-04-29,41.0,41.0,41.0,41.0,40.907696,1700,0.0,0.0
2026-04-30,40.700001,41.0,40.700001,41.0,40.907696,3100,0.0,0.0
2026-05-01,41.200001,41.400002,41.200001,41.400002,41.306797,6000,0.0,0.0
2026-05-04,41.290001,41.290001,41.290001,41.290001,41.197044,100,0.0,0.0
2026-05-05,41.220001,41.400002,41.209999,41.209999,41.167072,200,0.05,0.0
2026-05-06,41.209999,41.400002,41.209999,41.400002,41.356876,2100,0.0,0.0
2026-05-07,41.400002,41.400002,41.400002,41.400002,41.356876,0,0.0,0.0
2026-05-08,41.400002,41.400002,41.400002,41.400002,41.356876,0,0.0,0.0
2026-05-11,41.299999,41.299999,41.299999,41.299999,41.256981,5500,0.0,0.0
2026-05-12,41.220001,41.299999,41.220001,41.299999,41.256981,700,0.0,0.0
2026-05-13,41.25,41.25,41.25,41.25,41.207031,5000,0.0,0.0
2026-05-14,41.0,41.0,41.0,41.0,40.957291,153200,0.0,0.0
2026-05-15,41.220001,41.220001,40.990002,40.990002,40.947304,600,0.0,0.0
2026-05-18,41.0,41.0,41.0,41.0,40.957291,200,0.0,0.0
2026-05-19,40.950001,40.950001,40.950001,40.950001,40.907345,1600,0.0,0.0
2026-05-20,41.200001,41.200001,40.75,41.200001,41.157085,2300,0.0,0.0
2026-05-21,41.200001,41.200001,41.200001,41.200001,41.157085,0,0.0,0.0
2026-05-22,41.200001,41.200001,41.200001,41.200001,41.157085,0,0.0,0.0
2026-05-26,41.0,41.25,41.0,41.25,41.207031,100,0.0,0.0
2026-05-27,41.27,41.27,41.150002,41.150002,41.107136,2300,0.0,0.0
2026-05-28,41.25,41.25,41.25,41.25,41.207031,200,0.0,0.0
2026-05-29,41.150002,41.25,41.040001,41.25,41.207031,1200,0.0,0.0
2026-06-01,41.040001,41.25,41.0,41.25,41.207031,3700,0.0,0.0
2026-06-02,41.25,41.25,41.25,41.25,41.207031,0,0.0,0.0
2026-06-03,41.400002,41.400002,41.400002,41.400002,41.356876,5400,0.0,0.0
2026-06-04,41.400002,41.5,41.400002,41.5,41.456772,1700,0.0,0.0
2026-06-05,41.5,41.5,41.5,41.5,41.456772,0,0.0,0.0
2026-06-08,41.700001,41.700001,41.700001,41.700001,41.656563,3200,0.0,0.0
2026-06-09,41.610001,41.610001,41.610001,41.610001,41.566658,500,0.0,0.0
2026-06-10,41.700001,42.0,41.700001,41.900002,41.856358,3300,0.0,0.0
2026-06-11,42.0,42.5,42.0,42.5,42.45573,7200,0.0,0.0
2026-06-12,42.700001,42.990002,42.700001,42.990002,42.945221,2000,0.0,0.0
2026-06-15,43.0,43.25,43.0,43.25,43.204948,500,0.0,0.0
2026-06-16,43.200001,43.200001,43.200001,43.200001,43.155003,100,0.0,0.0
2026-06-17,43.200001,43.200001,43.200001,43.200001,43.155003,1400,0.0,0.0
2026-06-18,43.200001,43.200001,43.200001,43.200001,43.155003,0,0.0,0.0
2026-06-22,43.200001,43.200001,43.200001,43.200001,43.155003,0,0.0,0.0
2026-06-23,43.200001,43.200001,43.200001,43.200001,43.155003,0,0.0,0.0
2026-06-24,43.200001,43.200001,43.200001,43.200001,43.155003,0,0.0,0.0
2026-06-25,43.450001,43.450001,43.450001,43.450001,43.404739,1500,0.0,0.0
2026-06-26,43.0,43.700001,43.0,43.700001,43.65448,1500,0.0,0.0
2026-06-29,42.75,42.75,42.75,42.75,42.705471,300,0.0,0.0
2026-06-30,42.75,42.75,42.75,42.75,42.705471,0,0.0,0.0
2026-07-01,42.75,42.75,42.75,42.75,42.705471,0,0.0,0.0
2026-07-02,42.75,42.75,42.75,42.75,42.705471,0,0.0,0.0
2026-07-06,42.75,42.75,42.75,42.75,42.705471,0,0.0,0.0
2026-07-07,43.400002,43.650002,43.400002,43.400002,43.354794,4500,0.0,0.0
2026-07-08,43.5,43.650002,43.5,43.650002,43.604534,1700,0.0,0.0
2026-07-09,43.849998,43.900002,43.849998,43.900002,43.854275,1700,0.0,0.0
2026-07-10,43.900002,43.900002,43.900002,43.900002,43.854275,0,0.0,0.0
2026-07-13,43.990002,44.099998,43.990002,44.0,43.954166,600,0.0,0.0
2026-07-14,44.0,44.0,44.0,44.0,43.954166,0,0.0,0.0
2026-07-15,44.0,44.0,44.0,44.0,43.954166,0,0.0,0.0
2026-07-16,44.200001,44.799999,44.200001,44.75,44.703384,3900,0.0,0.0
2026-07-17,44.5,44.75,44.200001,44.75,44.703384,2200,0.0,0.0
2026-07-20,44.75,44.75,44.5,44.5,44.453648,1600,0.0,0.0
2026-07-21,44.580002,44.580002,44.509998,44.509998,44.463634,700,0.0,0.0
2026-07-22,44.939999,45.0,44.939999,45.0,44.953125,4000,0.0,0.0
2026-07-23,45.25,45.27,44.810001,45.27,45.222843,5400,0.0,0.0
2026-07-24,45.349998,47.970001,45.349998,47.970001,47.920033,1300,0.0,0.0
2026-07-27,47.450001,47.900002,46.759998,47.900002,47.850105,2100,0.0,0.0
2026-07-28,47.529999,47.529999,47.529999,47.529999,47.480488,100,0.0,0.0
2026-07-29,47.950001,47.950001,47.189999,47.189999,47.140842,400,0.0,0.0
2026-07-30,47.740002,48.0,47.740002,48.0,47.950001,1100,0.0,0.0
2026-07-31,48.0,48.0,48.0,48.0,47.950001,0,0.0,0.0
2026-08-03,47.599998,48.360001,47.599998,48.360001,48.360001,100,0.05,0.0
2026-08-04,48.330002,48.330002,48.009998,48.220001,48.220001,300,0.0,0.0
2026-08-05,48.220001,49.990002,48.220001,49.549999,49.549999,1300,0.0,0.0
2026-08-06,45.0,47.150002,45.0,46.799999,46.799999,543200,0.0,0.0
2026-08-07,46.810001,47.200001,46.349998,47.0,47.0,114700,0.0,0.0
2026-08-10,47.0,47.5,46.34,47.080002,47.080002,101200,0.0,0.0
2026-08-11,47.0,47.189999,46.59,47.189999,47.189999,36899,0.0,0.0
