Date,Open,High,Low,Close,Adj Close,Volume,Dividends,Stock Splits
2019-08-15,40500.0,44910.0,40500.0,41400.0,41400.0,7,0.0,0.0
2019-08-16,39240.0,43452.0,39240.0,40500.0,40500.0,11,0.0,0.0
2019-08-19,39420.0,42030.0,39420.0,40950.0,40950.0,12,0.0,0.0
2019-08-20,40860.0,42300.0,39600.0,39600.0,39600.0,13,0.0,0.0
2019-08-21,39330.0,42390.0,39330.0,40860.0,40860.0,14,0.0,0.0
2019-08-22,40770.0,42300.0,40680.0,40950.0,40950.0,13,0.0,0.0
2019-08-23,42210.0,42210.0,38700.0,40230.0,40230.0,13,0.0,0.0
2019-08-26,40050.0,40680.0,37620.0,40230.0,40230.0,13,0.0,0.0
2019-08-27,39600.0,43920.0,39510.0,42390.0,42390.0,14,0.0,0.0
2019-08-28,42120.0,44901.0,39600.0,41670.0,41670.0,10,0.0,0.0
2019-08-29,40230.0,42768.0,40230.0,42750.0,42750.0,13,0.0,0.0
2019-08-30,41400.0,44694.0,40680.0,43650.0,43650.0,12,0.0,0.0
2019-09-03,43200.0,45000.0,41400.0,44550.0,44550.0,15,0.0,0.0
2019-09-04,44100.0,44100.0,40680.0,42300.0,42300.0,11,0.0,0.0
2019-09-05,41850.0,43020.0,37305.0,42480.0,42480.0,9,0.0,0.0
2019-09-06,41850.0,44100.0,40590.0,43884.0,43884.0,14,0.0,0.0
2019-09-09,41490.0,43830.0,39681.0,43200.0,43200.0,12,0.0,0.0
2019-09-10,42390.0,42750.0,38340.0,41400.0,41400.0,12,0.0,0.0
2019-09-11,41742.0,42210.0,39420.0,39600.0,39600.0,9,0.0,0.0
2019-09-12,39330.0,39780.0,37989.0,39600.0,39600.0,10,0.0,0.0
2019-09-13,38790.0,40230.0,38160.0,40140.0,40140.0,14,0.0,0.0
2019-09-16,40140.0,42750.0,40140.0,42570.0,42570.0,13,0.0,0.0
2019-09-17,41490.0,43200.0,40230.0,43110.0,43110.0,10,0.0,0.0
2019-09-18,42300.0,44640.0,42120.0,44460.0,44460.0,15,0.0,0.0
2019-09-19,44100.0,44100.0,42570.0,43020.0,43020.0,8,0.0,0.0
2019-09-20,42660.0,44100.0,41400.0,44100.0,44100.0,10,0.0,0.0
2019-09-23,42777.0,43290.0,42480.0,43290.0,43290.0,10,0.0,0.0
2019-09-24,42525.0,44100.0,42480.0,43380.0,43380.0,11,0.0,0.0
2019-09-25,43200.0,45000.0,42750.0,44190.0,44190.0,12,0.0,0.0
2019-09-26,43920.0,44910.0,41130.0,42030.0,42030.0,10,0.0,0.0
2019-09-27,42300.0,42480.0,40950.0,40950.0,40950.0,8,0.0,0.0
2019-09-30,42030.0,42300.0,41400.0,41760.0,41760.0,11,0.0,0.0
2019-10-01,41490.0,42480.0,40500.0,42480.0,42480.0,13,0.0,0.0
2019-10-02,41400.0,42660.0,38700.0,40950.0,40950.0,9,0.0,0.0
2019-10-03,39420.0,40950.0,39330.0,39330.0,39330.0,9,0.0,0.0
2019-10-04,39240.0,41760.0,39240.0,40410.0,40410.0,11,0.0,0.0
2019-10-07,40140.0,40590.0,39870.0,39960.0,39960.0,11,0.0,0.0
2019-10-08,39960.0,39960.0,37350.0,37350.0,37350.0,11,0.0,0.0
2019-10-09,38070.0,38790.0,37440.0,38250.0,38250.0,11,0.0,0.0
2019-10-10,38007.0,39690.0,37800.0,39690.0,39690.0,10,0.0,0.0
2019-10-11,38250.0,38340.0,37350.0,37350.0,37350.0,12,0.0,0.0
2019-10-14,36810.0,40050.0,36045.0,39780.0,39780.0,4,0.0,0.0
2019-10-15,39510.0,40950.0,39015.0,39870.0,39870.0,9,0.0,0.0
2019-10-16,39600.0,40860.0,38700.0,39600.0,39600.0,6,0.0,0.0
2019-10-17,40860.0,43920.0,40050.0,40050.0,40050.0,8,0.0,0.0
2019-10-18,40500.0,44100.0,37800.0,39150.0,39150.0,12,0.0,0.0
2019-10-21,39600.0,41400.0,39600.0,39600.0,39600.0,8,0.0,0.0
2019-10-22,39240.0,42750.0,39240.0,40500.0,40500.0,13,0.0,0.0
2019-10-23,40896.0,42930.0,40500.0,40500.0,40500.0,8,0.0,0.0
2019-10-24,40950.0,42210.0,40725.0,40860.0,40860.0,8,0.0,0.0
2019-10-25,40500.0,41490.0,38790.0,38790.0,38790.0,17,0.0,0.0
2019-10-28,38970.0,40770.0,38970.0,39870.0,39870.0,6,0.0,0.0
2019-10-29,39690.0,40500.0,38610.0,39150.0,39150.0,13,0.0,0.0
2019-10-30,38970.0,40500.0,38970.0,40500.0,40500.0,5,0.0,0.0
2019-10-31,40050.0,40500.0,39060.0,39780.0,39780.0,12,0.0,0.0
2019-11-01,39690.0,41400.0,39060.0,39060.0,39060.0,11,0.0,0.0
2019-11-04,39150.0,40815.0,38430.0,38430.0,38430.0,7,0.0,0.0
2019-11-05,38610.0,40050.0,38070.0,39780.0,39780.0,19,0.0,0.0
2019-11-06,39870.0,40050.0,38520.0,39870.0,39870.0,8,0.0,0.0
2019-11-07,39150.0,40410.0,38295.0,38520.0,38520.0,8,0.0,0.0
2019-11-08,39510.0,39960.0,37620.0,37620.0,37620.0,13,0.0,0.0
2019-11-11,37359.0,39240.0,37350.0,38610.0,38610.0,5,0.0,0.0
2019-11-12,37863.0,39150.0,36900.0,36990.0,36990.0,6,0.0,0.0
2019-11-13,38070.0,38520.0,36450.0,36720.0,36720.0,6,0.0,0.0
2019-11-14,37800.0,38520.0,36990.0,36990.0,36990.0,2,0.0,0.0
2019-11-15,37350.0,37800.0,36369.0,37530.0,37530.0,2,0.0,0.0
2019-11-18,37800.0,39105.0,36459.0,36720.0,36720.0,4,0.0,0.0
2019-11-19,37440.0,38160.0,36720.0,38070.0,38070.0,4,0.0,0.0
2019-11-20,37890.0,38250.0,36900.0,37080.0,37080.0,4,0.0,0.0
2019-11-21,37440.0,37989.0,37260.0,37953.0,37953.0,4,0.0,0.0
2019-11-22,38250.0,38250.0,37125.0,37845.0,37845.0,4,0.0,0.0
2019-11-25,37800.0,38070.0,37125.0,37260.0,37260.0,3,0.0,0.0
2019-11-26,37530.0,37980.0,36090.0,36720.0,36720.0,2,0.0,0.0
2019-11-27,37710.0,37800.0,36810.0,36810.0,36810.0,1,0.0,0.0
2019-11-29,37350.0,37980.0,36441.0,36900.0,36900.0,2,0.0,0.0
2019-12-02,37260.0,37260.0,31590.0,35082.0,35082.0,8,0.0,0.0
2019-12-03,34740.0,36450.0,34200.0,35910.0,35910.0,7,0.0,0.0
2019-12-04,35910.0,36360.0,34560.0,36270.0,36270.0,6,0.0,0.0
2019-12-05,36180.0,36693.0,35370.0,36180.0,36180.0,4,0.0,0.0
2019-12-06,35559.0,36450.0,35370.0,36360.0,36360.0,4,0.0,0.0
2019-12-09,36360.0,36513.0,35100.0,35640.0,35640.0,7,0.0,0.0
2019-12-10,35910.0,36000.0,35370.0,36000.0,36000.0,6,0.0,0.0
2019-12-11,35910.0,36000.0,35100.0,36000.0,36000.0,6,0.0,0.0
2019-12-12,35280.0,36000.0,35100.0,35550.0,35550.0,6,0.0,0.0
2019-12-13,35280.0,35910.0,35010.0,35010.0,35010.0,6,0.0,0.0
2019-12-16,34965.0,38520.0,34965.0,37530.0,37530.0,8,0.0,0.0
2019-12-17,37530.0,37980.0,36450.0,36900.0,36900.0,7,0.0,0.0
2019-12-18,37350.0,37800.0,36450.0,36720.0,36720.0,6,0.0,0.0
2019-12-19,36900.0,37260.0,36180.0,37170.0,37170.0,6,0.0,0.0
2019-12-20,36630.0,37755.0,36090.0,37755.0,37755.0,9,0.0,0.0
2019-12-23,37350.0,37755.0,36450.0,36990.0,36990.0,7,0.0,0.0
2019-12-24,36900.0,37350.0,36450.0,36540.0,36540.0,6,0.0,0.0
2019-12-26,36720.0,37350.0,36450.0,36450.0,36450.0,8,0.0,0.0
2019-12-27,36810.0,37755.0,35820.0,36540.0,36540.0,9,0.0,0.0
2019-12-30,36450.0,36855.0,35100.0,35100.0,35100.0,7,0.0,0.0
2019-12-31,36000.0,36180.0,35100.0,35100.0,35100.0,7,0.0,0.0
2020-01-02,35280.0,36000.0,34650.0,35550.0,35550.0,7,0.0,0.0
2020-01-03,35370.0,36270.0,34200.0,34200.0,34200.0,7,0.0,0.0
2020-01-06,34470.0,35820.0,33480.0,34560.0,34560.0,8,0.0,0.0
2020-01-07,35370.0,35640.0,33120.0,33480.0,33480.0,7,0.0,0.0
2020-01-08,34200.0,35190.0,33660.0,34830.0,34830.0,7,0.0,0.0
2020-01-09,34713.0,35370.0,33570.0,35370.0,35370.0,8,0.0,0.0
2020-01-10,35100.0,35100.0,33660.0,35010.0,35010.0,11,0.0,0.0
2020-01-13,34740.0,34920.0,33660.0,34470.0,34470.0,11,0.0,0.0
2020-01-14,34290.0,36000.0,33750.0,35730.0,35730.0,11,0.0,0.0
2020-01-15,34830.0,36720.0,34650.0,36000.0,36000.0,15,0.0,0.0
2020-01-16,36000.0,37260.0,36000.0,36720.0,36720.0,13,0.0,0.0
2020-01-17,36990.0,37980.0,36990.0,37170.0,37170.0,11,0.0,0.0
2020-01-21,37170.0,38520.0,37125.0,37800.0,37800.0,13,0.0,0.0
2020-01-22,37800.0,37800.0,35730.0,35730.0,35730.0,14,0.0,0.0
2020-01-23,36180.0,37080.0,34740.0,34920.0,34920.0,12,0.0,0.0
2020-01-24,35478.0,35505.0,33750.0,33750.0,33750.0,13,0.0,0.0
2020-01-27,34110.0,34380.0,32940.0,32940.0,32940.0,14,0.0,0.0
2020-01-28,33750.0,35100.0,33300.0,34650.0,34650.0,10,0.0,0.0
2020-01-29,34290.0,34920.0,32670.0,33300.0,33300.0,12,0.0,0.0
2020-01-30,34200.0,34470.0,31500.0,32400.0,32400.0,11,0.0,0.0
2020-01-31,32580.0,33660.0,31410.0,33570.0,33570.0,16,0.0,0.0
2020-02-03,33300.0,34110.0,31410.0,32850.0,32850.0,14,0.0,0.0
2020-02-04,32850.0,33480.0,32220.0,33390.0,33390.0,16,0.0,0.0
2020-02-05,33120.0,33660.0,32580.0,32940.0,32940.0,14,0.0,0.0
2020-02-06,41400.0,42660.0,23940.0,26370.0,26370.0,126,0.0,0.0
2020-02-07,24570.0,25740.0,23400.0,25740.0,25740.0,12,0.0,0.0
2020-02-10,25110.0,26010.0,23490.0,25380.0,25380.0,14,0.0,0.0
2020-02-11,24930.0,24930.0,22770.0,23400.0,23400.0,8,0.0,0.0
2020-02-12,23400.0,23490.0,21510.0,22500.0,22500.0,6,0.0,0.0
2020-02-13,22500.0,23670.0,21708.0,23400.0,23400.0,4,0.0,0.0
2020-02-14,23400.0,24210.0,22320.0,24084.0,24084.0,11,0.0,0.0
2020-02-18,24300.0,24930.0,22500.0,23850.0,23850.0,3,0.0,0.0
2020-02-19,23220.0,24390.0,22950.0,24390.0,24390.0,6,0.0,0.0
2020-02-20,24300.0,24300.0,22860.0,23220.0,23220.0,2,0.0,0.0
2020-02-21,23850.0,28440.0,23670.0,27630.0,27630.0,33,0.0,0.0
2020-02-24,27540.0,32040.0,24930.0,31860.0,31860.0,51,0.0,0.0
2020-02-25,31950.0,33390.0,25200.0,25200.0,25200.0,12,0.0,0.0
2020-02-26,25110.0,27450.0,25020.0,26235.0,26235.0,17,0.0,0.0
2020-02-27,27180.0,27981.0,22320.0,23130.0,23130.0,16,0.0,0.0
2020-02-28,23130.0,24030.0,19530.0,19710.0,19710.0,12,0.0,0.0
2020-03-02,20250.0,23310.0,19170.0,22770.0,22770.0,9,0.0,0.0
2020-03-03,20700.0,23040.0,19800.0,22500.0,22500.0,10,0.0,0.0
2020-03-04,22950.0,22950.0,20835.0,20970.0,20970.0,8,0.0,0.0
2020-03-05,20808.0,21960.0,19440.0,20970.0,20970.0,8,0.0,0.0
2020-03-06,20790.0,22410.0,20700.0,21510.0,21510.0,6,0.0,0.0
2020-03-09,20700.0,21870.0,19710.0,20970.0,20970.0,6,0.0,0.0
2020-03-10,20070.0,22500.0,19710.0,20610.0,20610.0,15,0.0,0.0
2020-03-11,18810.0,21600.0,18810.0,21150.0,21150.0,6,0.0,0.0
2020-03-12,20250.0,20250.0,11700.0,13500.0,13500.0,15,0.0,0.0
2020-03-13,13113.0,15480.0,12420.0,13140.0,13140.0,8,0.0,0.0
2020-03-16,12600.0,14490.0,11970.0,13734.0,13734.0,11,0.0,0.0
2020-03-17,15030.0,16092.0,12600.0,12690.0,12690.0,15,0.0,0.0
2020-03-18,13860.0,18720.0,12600.0,14040.0,14040.0,65,0.0,0.0
2020-03-19,13050.0,14112.0,11880.0,13500.0,13500.0,13,0.0,0.0
2020-03-20,13950.0,13950.0,10980.0,11790.0,11790.0,7,0.0,0.0
2020-03-23,9990.0,12420.0,9990.0,12420.0,12420.0,4,0.0,0.0
2020-03-24,12420.0,13050.0,11700.0,12780.0,12780.0,4,0.0,0.0
2020-03-25,12960.0,18000.0,11106.0,15750.0,15750.0,46,0.0,0.0
2020-03-26,17370.0,35640.0,17145.0,19440.0,19440.0,163,0.0,0.0
2020-03-27,25020.0,25020.0,16290.0,16560.0,16560.0,19,0.0,0.0
2020-03-30,15300.0,15417.0,13410.0,14580.0,14580.0,14,0.0,0.0
2020-03-31,16020.0,18360.0,15300.0,16740.0,16740.0,19,0.0,0.0
2020-04-01,18450.0,18720.0,16920.0,17190.0,17190.0,11,0.0,0.0
2020-04-02,16740.0,17730.0,15525.0,16560.0,16560.0,4,0.0,0.0
2020-04-03,19800.0,22770.0,14400.0,15930.0,15930.0,189,0.0,0.0
2020-04-06,15480.0,15750.0,13500.0,14850.0,14850.0,16,0.0,0.0
2020-04-07,14400.0,15300.0,13590.0,15300.0,15300.0,10,0.0,0.0
2020-04-08,15300.0,16380.0,14760.0,14940.0,14940.0,17,0.0,0.0
2020-04-09,15480.0,16200.0,15030.0,16020.0,16020.0,7,0.0,0.0
2020-04-13,16200.0,16200.0,14940.0,15930.0,15930.0,5,0.0,0.0
2020-04-14,16110.0,16470.0,15390.0,16470.0,16470.0,8,0.0,0.0
2020-04-15,16560.0,17280.0,15750.0,16560.0,16560.0,22,0.0,0.0
2020-04-16,16200.0,16560.0,15840.0,16380.0,16380.0,7,0.0,0.0
2020-04-17,16740.0,17190.0,16020.0,16650.0,16650.0,12,0.0,0.0
2020-04-20,16560.0,16767.0,15750.0,16650.0,16650.0,4,0.0,0.0
2020-04-21,16470.0,16740.0,15930.0,16290.0,16290.0,6,0.0,0.0
2020-04-22,18000.0,19260.0,16380.0,17235.0,17235.0,39,0.0,0.0
2020-04-23,17190.0,17190.0,16200.0,16740.0,16740.0,8,0.0,0.0
2020-04-24,16290.0,16992.0,15750.0,16650.0,16650.0,10,0.0,0.0
2020-04-27,16650.0,16740.0,15480.0,15480.0,15480.0,11,0.0,0.0
2020-04-28,15840.0,16470.0,15750.0,16110.0,16110.0,2,0.0,0.0
2020-04-29,16560.0,16560.0,15804.0,16425.0,16425.0,9,0.0,0.0
2020-04-30,16200.0,16200.0,15570.0,15777.0,15777.0,7,0.0,0.0
2020-05-01,16650.0,16920.0,15750.0,16200.0,16200.0,22,0.0,0.0
2020-05-04,16380.0,16380.0,15300.0,15381.0,15381.0,12,0.0,0.0
2020-05-05,15930.0,15930.0,15120.0,15120.0,15120.0,9,0.0,0.0
2020-05-06,15480.0,16380.0,15480.0,16101.0,16101.0,10,0.0,0.0
2020-05-07,15570.0,16380.0,15480.0,15750.0,15750.0,13,0.0,0.0
2020-05-08,15570.0,16290.0,15390.0,15480.0,15480.0,10,0.0,0.0
2020-05-11,15390.0,16110.0,15300.0,15930.0,15930.0,13,0.0,0.0
2020-05-12,16110.0,18810.0,16020.0,16830.0,16830.0,112,0.0,0.0
2020-05-13,20700.0,22500.0,18090.0,20250.0,20250.0,152,0.0,0.0
2020-05-14,20160.0,20250.0,18000.0,18450.0,18450.0,47,0.0,0.0
2020-05-15,18180.0,18540.0,16740.0,17820.0,17820.0,41,0.0,0.0
2020-05-18,17910.0,18648.0,17235.0,17280.0,17280.0,18,0.0,0.0
2020-05-19,17280.0,17730.0,16650.0,16740.0,16740.0,19,0.0,0.0
2020-05-20,16920.0,17100.0,15426.0,15750.0,15750.0,29,0.0,0.0
2020-05-21,15390.0,16083.0,15300.0,15840.0,15840.0,12,0.0,0.0
2020-05-22,15750.0,15840.0,15030.0,15210.0,15210.0,13,0.0,0.0
2020-05-26,16020.0,16020.0,15210.0,15300.0,15300.0,12,0.0,0.0
2020-05-27,15120.0,18810.0,15030.0,15390.0,15390.0,67,0.0,0.0
2020-05-28,15390.0,15390.0,14400.0,14670.0,14670.0,29,0.0,0.0
2020-05-29,14490.0,14535.0,13050.0,13590.0,13590.0,17,0.0,0.0
2020-06-01,13680.0,14310.0,13590.0,14130.0,14130.0,11,0.0,0.0
2020-06-02,14130.0,14310.0,13320.0,13500.0,13500.0,9,0.0,0.0
2020-06-03,13950.0,14130.0,13590.0,13770.0,13770.0,12,0.0,0.0
2020-06-04,13680.0,13860.0,13320.0,13500.0,13500.0,16,0.0,0.0
2020-06-05,13500.0,13590.0,13167.0,13320.0,13320.0,15,0.0,0.0
2020-06-08,13230.0,13680.0,12240.0,13500.0,13500.0,19,0.0,0.0
2020-06-09,13500.0,13680.0,12690.0,13185.0,13185.0,11,0.0,0.0
2020-06-10,13320.0,14850.0,13050.0,13950.0,13950.0,123,0.0,0.0
2020-06-11,14040.0,14040.0,12510.0,12960.0,12960.0,121,0.0,0.0
2020-06-12,13950.0,17100.0,13140.0,13500.0,13500.0,330,0.0,0.0
2020-06-15,13140.0,13950.0,12780.0,13410.0,13410.0,56,0.0,0.0
2020-06-16,13770.0,15930.0,13230.0,15030.0,15030.0,323,0.0,0.0
2020-06-17,14130.0,14850.0,13410.0,13950.0,13950.0,108,0.0,0.0
2020-06-18,14490.0,17730.0,13680.0,15480.0,15480.0,452,0.0,0.0
2020-06-19,15480.0,15660.0,14400.0,15300.0,15300.0,141,0.0,0.0
2020-06-22,15030.0,15210.0,14580.0,14670.0,14670.0,32,0.0,0.0
2020-06-23,14310.0,14850.0,13680.0,14040.0,14040.0,68,0.0,0.0
2020-06-24,13680.0,14220.0,13590.0,13860.0,13860.0,33,0.0,0.0
2020-06-25,13950.0,13950.0,13500.0,13680.0,13680.0,24,0.0,0.0
2020-06-26,13500.0,13860.0,13050.0,13140.0,13140.0,24,0.0,0.0
2020-06-29,13050.0,13320.0,12780.0,12870.0,12870.0,22,0.0,0.0
2020-06-30,12870.0,13248.0,11700.0,11700.0,11700.0,43,0.0,0.0
2020-07-01,11880.0,12510.0,11853.0,12150.0,12150.0,11,0.0,0.0
2020-07-02,12150.0,12285.0,11520.0,11790.0,11790.0,15,0.0,0.0
2020-07-06,11880.0,12690.0,11880.0,12600.0,12600.0,26,0.0,0.0
2020-07-07,12510.0,12600.0,11880.0,11970.0,11970.0,18,0.0,0.0
2020-07-08,11880.0,12411.0,11700.0,12060.0,12060.0,16,0.0,0.0
2020-07-09,12150.0,12420.0,11790.0,11970.0,11970.0,10,0.0,0.0
2020-07-10,11970.0,12969.0,11700.0,12510.0,12510.0,153,0.0,0.0
2020-07-13,12420.0,12420.0,11970.0,12330.0,12330.0,33,0.0,0.0
2020-07-14,12150.0,12330.0,11250.0,11700.0,11700.0,24,0.0,0.0
2020-07-15,11700.0,12510.0,11700.0,12285.0,12285.0,112,0.0,0.0
2020-07-16,12150.0,12870.0,11970.0,12150.0,12150.0,97,0.0,0.0
2020-07-17,12150.0,12510.0,11700.0,12060.0,12060.0,60,0.0,0.0
2020-07-20,11880.0,12240.0,11880.0,12060.0,12060.0,21,0.0,0.0
2020-07-21,12060.0,12150.0,11853.0,11970.0,11970.0,21,0.0,0.0
2020-07-22,11880.0,12870.0,11340.0,11970.0,11970.0,91,0.0,0.0
2020-07-23,11700.0,12213.0,11520.0,11790.0,11790.0,51,0.0,0.0
2020-07-24,11700.0,11853.0,11529.0,11700.0,11700.0,17,0.0,0.0
2020-07-27,11790.0,12150.0,11340.0,11340.0,11340.0,44,0.0,0.0
2020-07-28,11700.0,11700.0,11070.0,11340.0,11340.0,20,0.0,0.0
2020-07-29,11340.0,11790.0,11340.0,11430.0,11430.0,23,0.0,0.0
2020-07-30,11430.0,11610.0,10620.0,11340.0,11340.0,77,0.0,0.0
2020-07-31,11340.0,11340.0,10710.0,10890.0,10890.0,21,0.0,0.0
2020-08-03,11160.0,11160.0,9990.0,10485.0,10485.0,64,0.0,0.0
2020-08-04,10710.0,10980.0,10350.0,10890.0,10890.0,20,0.0,0.0
2020-08-05,11070.0,11070.0,10530.0,10701.0,10701.0,20,0.0,0.0
2020-08-06,10710.0,10890.0,10305.0,10440.0,10440.0,22,0.0,0.0
2020-08-07,10350.0,10710.0,10350.0,10440.0,10440.0,8,0.0,0.0
2020-08-10,10350.0,10845.0,10350.0,10800.0,10800.0,31,0.0,0.0
2020-08-11,10800.0,11115.0,10530.0,10674.0,10674.0,31,0.0,0.0
2020-08-12,10620.0,10800.0,10620.0,10620.0,10620.0,11,0.0,0.0
2020-08-13,11070.0,12510.0,10800.0,11340.0,11340.0,337,0.0,0.0
2020-08-14,11250.0,11880.0,10800.0,11070.0,11070.0,184,0.0,0.0
2020-08-17,11070.0,11160.0,10170.0,10440.0,10440.0,72,0.0,0.0
2020-08-18,10260.0,10530.0,9990.0,10260.0,10260.0,37,0.0,0.0
2020-08-19,10170.0,10530.0,9360.0,9810.0,9810.0,97,0.0,0.0
2020-08-20,9450.0,9927.0,9450.0,9540.0,9540.0,24,0.0,0.0
2020-08-21,9630.0,10080.0,9540.0,9720.0,9720.0,17,0.0,0.0
2020-08-24,9720.0,9900.0,9360.0,9540.0,9540.0,22,0.0,0.0
2020-08-25,9450.0,9630.0,9090.0,9630.0,9630.0,19,0.0,0.0
2020-08-26,10530.0,13050.0,9540.0,9720.0,9720.0,2064,0.0,0.0
2020-08-27,9990.0,10530.0,9720.0,10080.0,10080.0,192,0.0,0.0
2020-08-28,9900.0,9900.0,9540.0,9630.0,9630.0,71,0.0,0.0
2020-08-31,9630.0,9810.0,9180.0,9360.0,9360.0,77,0.0,0.0
2020-09-01,9270.0,9369.0,8622.0,9000.0,9000.0,88,0.0,0.0
2020-09-02,9090.0,9225.0,8190.0,8370.0,8370.0,44,0.0,0.0
2020-09-03,8370.0,8550.0,7308.0,7425.0,7425.0,67,0.0,0.0
2020-09-04,7290.0,8010.0,6759.0,7200.0,7200.0,28,0.0,0.0
2020-09-08,7200.0,7200.0,6390.0,6849.0,6849.0,19,0.0,0.0
2020-09-09,6660.0,7002.0,6570.0,6615.0,6615.0,24,0.0,0.0
2020-09-10,6480.0,7200.0,6390.0,6660.0,6660.0,34,0.0,0.0
2020-09-11,6813.0,7083.0,6570.0,6795.0,6795.0,32,0.0,0.0
2020-09-14,6930.0,7605.0,6858.0,7506.0,7506.0,48,0.0,0.0
2020-09-15,7740.0,7965.0,6552.0,6840.0,6840.0,98,0.0,0.0
2020-09-16,8640.0,9180.0,6669.0,7020.0,7020.0,1362,0.0,0.0
2020-09-17,6660.0,6750.0,6480.0,6687.0,6687.0,170,0.0,0.0
2020-09-18,6570.0,6660.0,6435.0,6570.0,6570.0,84,0.0,0.0
2020-09-21,6480.0,6570.0,6174.0,6363.0,6363.0,56,0.0,0.0
2020-09-22,6372.0,6525.0,6129.0,6480.0,6480.0,35,0.0,0.0
2020-09-23,6570.0,6615.0,6120.0,6210.0,6210.0,25,0.0,0.0
2020-09-24,6210.0,6210.0,5580.0,5976.0,5976.0,44,0.0,0.0
2020-09-25,6066.0,6120.0,5850.0,5985.0,5985.0,19,0.0,0.0
2020-09-28,6120.0,6219.0,5850.0,6210.0,6210.0,21,0.0,0.0
2020-09-29,6210.0,6480.0,6075.0,6390.0,6390.0,23,0.0,0.0
2020-09-30,6480.0,6480.0,6129.0,6210.0,6210.0,24,0.0,0.0
2020-10-01,6399.0,6399.0,6111.0,6165.0,6165.0,11,0.0,0.0
2020-10-02,6030.0,6300.0,6030.0,6300.0,6300.0,13,0.0,0.0
2020-10-05,6327.0,6390.0,6120.0,6345.0,6345.0,25,0.0,0.0
2020-10-06,6300.0,6615.0,6300.0,6570.0,6570.0,26,0.0,0.0
2020-10-07,6561.0,6615.0,6093.0,6282.0,6282.0,25,0.0,0.0
2020-10-08,6255.0,6480.0,6156.0,6345.0,6345.0,15,0.0,0.0
2020-10-09,6462.0,6570.0,6147.0,6444.0,6444.0,29,0.0,0.0
2020-10-12,6660.0,6660.0,6300.0,6390.0,6390.0,22,0.0,0.0
2020-10-13,6426.0,6570.0,6219.0,6300.0,6300.0,16,0.0,0.0
2020-10-14,6219.0,6570.0,6147.0,6570.0,6570.0,38,0.0,0.0
2020-10-15,6660.0,7830.0,6336.0,7830.0,7830.0,398,0.0,0.0
2020-10-16,7245.0,7704.0,6660.0,6840.0,6840.0,132,0.0,0.0
2020-10-19,6660.0,7596.0,6660.0,7200.0,7200.0,117,0.0,0.0
2020-10-20,7524.0,8280.0,7047.0,7740.0,7740.0,349,0.0,0.0
2020-10-21,11520.0,13500.0,9180.0,10440.0,10440.0,10308,0.0,0.0
2020-10-22,8640.0,10260.0,8190.0,9900.0,9900.0,709,0.0,0.0
2020-10-23,9180.0,9630.0,8550.0,9450.0,9450.0,193,0.0,0.0
2020-10-26,9180.0,9900.0,9090.0,9270.0,9270.0,161,0.0,0.0
2020-10-27,9270.0,9540.0,8550.0,8892.0,8892.0,150,0.0,0.0
2020-10-28,8550.0,8820.0,7776.0,7830.0,7830.0,133,0.0,0.0
2020-10-29,7920.0,8550.0,7290.0,8073.0,8073.0,170,0.0,0.0
2020-10-30,7866.0,8190.0,7650.0,8190.0,8190.0,61,0.0,0.0
2020-11-02,8082.0,8352.0,7560.0,7740.0,7740.0,64,0.0,0.0
2020-11-03,7758.0,8199.0,7650.0,7812.0,7812.0,48,0.0,0.0
2020-11-04,7794.0,8019.0,7470.0,7650.0,7650.0,37,0.0,0.0
2020-11-05,7767.0,7902.0,6750.0,7083.0,7083.0,179,0.0,0.0
2020-11-06,7272.0,7290.0,7020.0,7110.0,7110.0,46,0.0,0.0
2020-11-09,7200.0,7650.0,7110.0,7398.0,7398.0,66,0.0,0.0
2020-11-10,7560.0,7560.0,7020.0,7515.0,7515.0,48,0.0,0.0
2020-11-11,7479.0,7884.0,7200.0,7470.0,7470.0,69,0.0,0.0
2020-11-12,7470.0,7470.0,7047.0,7200.0,7200.0,42,0.0,0.0
2020-11-13,7335.0,7470.0,7074.0,7119.0,7119.0,36,0.0,0.0
2020-11-16,7137.0,7470.0,7137.0,7461.0,7461.0,50,0.0,0.0
2020-11-17,7560.0,7560.0,7110.0,7236.0,7236.0,30,0.0,0.0
2020-11-18,7281.0,7362.0,6840.0,7002.0,7002.0,60,0.0,0.0
2020-11-19,6840.0,6930.0,6570.0,6588.0,6588.0,77,0.0,0.0
2020-11-20,6777.0,6777.0,6489.0,6750.0,6750.0,39,0.0,0.0
2020-11-23,6894.0,6894.0,6489.0,6669.0,6669.0,38,0.0,0.0
2020-11-24,6750.0,8190.0,6705.0,7920.0,7920.0,137,0.0,0.0
2020-11-25,7740.0,8136.0,7317.0,7470.0,7470.0,94,0.0,0.0
2020-11-27,7470.0,7830.0,7389.0,7533.0,7533.0,35,0.0,0.0
2020-11-30,7650.0,7740.0,7020.0,7650.0,7650.0,52,0.0,0.0
2020-12-01,7470.0,8010.0,7065.0,7740.0,7740.0,159,0.0,0.0
2020-12-02,7470.0,7704.0,7281.0,7596.0,7596.0,56,0.0,0.0
2020-12-03,7371.0,7533.0,7200.0,7470.0,7470.0,47,0.0,0.0
2020-12-04,7470.0,8010.0,7290.0,7605.0,7605.0,82,0.0,0.0
2020-12-07,7461.0,7632.0,7290.0,7398.0,7398.0,38,0.0,0.0
2020-12-08,7380.0,7416.0,7209.0,7245.0,7245.0,27,0.0,0.0
2020-12-09,7200.0,7371.0,6759.0,6858.0,6858.0,44,0.0,0.0
2020-12-10,7047.0,8100.0,7047.0,7893.0,7893.0,191,0.0,0.0
2020-12-11,7650.0,9360.0,7425.0,7605.0,7605.0,673,0.0,0.0
2020-12-14,7488.0,7641.0,7146.0,7290.0,7290.0,81,0.0,0.0
2020-12-15,7200.0,7290.0,7029.0,7254.0,7254.0,24,0.0,0.0
2020-12-16,7200.0,7830.0,7074.0,7641.0,7641.0,314,0.0,0.0
2020-12-17,7992.0,8550.0,7470.0,7560.0,7560.0,377,0.0,0.0
2020-12-18,7425.0,9810.0,7380.0,8676.0,8676.0,1179,0.0,0.0
2020-12-21,8190.0,8550.0,7812.0,8100.0,8100.0,191,0.0,0.0
2020-12-22,8253.0,8253.0,7650.0,7848.0,7848.0,94,0.0,0.0
2020-12-23,7740.0,8280.0,7542.0,8100.0,8100.0,122,0.0,0.0
2020-12-24,8532.0,8532.0,7920.0,8100.0,8100.0,78,0.0,0.0
2020-12-28,8145.0,8730.0,8010.0,8640.0,8640.0,197,0.0,0.0
2020-12-29,8910.0,9081.0,8190.0,8730.0,8730.0,248,0.0,0.0
2020-12-30,8649.0,8820.0,8316.0,8640.0,8640.0,101,0.0,0.0
2020-12-31,8550.0,8955.0,8469.0,8586.0,8586.0,92,0.0,0.0
2021-01-04,8595.0,8730.0,8100.0,8199.0,8199.0,80,0.0,0.0
2021-01-05,8370.0,8595.0,7830.0,8190.0,8190.0,225,0.0,0.0
2021-01-06,8280.0,8361.0,7785.0,8001.0,8001.0,113,0.0,0.0
2021-01-07,8280.0,8298.0,8064.0,8208.0,8208.0,78,0.0,0.0
2021-01-08,8145.0,8289.0,7920.0,8244.0,8244.0,53,0.0,0.0
2021-01-11,8280.0,8595.0,8010.0,8280.0,8280.0,189,0.0,0.0
2021-01-12,8280.0,9360.0,8280.0,8883.0,8883.0,419,0.0,0.0
2021-01-13,9000.0,9000.0,8370.0,8910.0,8910.0,124,0.0,0.0
2021-01-14,8820.0,9360.0,8730.0,8901.0,8901.0,170,0.0,0.0
2021-01-15,8730.0,9180.0,8550.0,9090.0,9090.0,185,0.0,0.0
2021-01-19,9360.0,9720.0,9090.0,9540.0,9540.0,232,0.0,0.0
2021-01-20,9360.0,9720.0,9180.0,9450.0,9450.0,141,0.0,0.0
2021-01-21,9540.0,10080.0,9000.0,9810.0,9810.0,176,0.0,0.0
2021-01-22,9540.0,9720.0,9270.0,9450.0,9450.0,92,0.0,0.0
2021-01-25,9630.0,9720.0,9000.0,9360.0,9360.0,190,0.0,0.0
2021-01-26,9270.0,9360.0,9090.0,9360.0,9360.0,106,0.0,0.0
2021-01-27,8991.0,9090.0,8280.0,8586.0,8586.0,214,0.0,0.0
2021-01-28,8532.0,8901.0,8370.0,8550.0,8550.0,132,0.0,0.0
2021-01-29,8640.0,8793.0,8127.0,8271.0,8271.0,105,0.0,0.0
2021-02-01,8307.0,8640.0,7956.0,8451.0,8451.0,89,0.0,0.0
2021-02-02,8397.0,8712.0,8289.0,8595.0,8595.0,97,0.0,0.0
2021-02-03,8595.0,8685.0,8415.0,8541.0,8541.0,71,0.0,0.0
2021-02-04,8550.0,9180.0,8460.0,9090.0,9090.0,218,0.0,0.0
2021-02-05,9450.0,10440.0,9090.0,9900.0,9900.0,528,0.0,0.0
2021-02-08,10260.0,10350.0,9450.0,9810.0,9810.0,191,0.0,0.0
2021-02-09,10260.0,10260.0,9540.0,10260.0,10260.0,207,0.0,0.0
2021-02-10,10800.0,11790.0,10080.0,11250.0,11250.0,455,0.0,0.0
2021-02-11,10890.0,11610.0,10710.0,11070.0,11070.0,196,0.0,0.0
2021-02-12,10800.0,11430.0,10170.0,11430.0,11430.0,196,0.0,0.0
2021-02-16,11610.0,12330.0,11520.0,12150.0,12150.0,378,0.0,0.0
2021-02-17,14490.0,16650.0,13140.0,14400.0,14400.0,1633,0.0,0.0
2021-02-18,13140.0,13230.0,11430.0,12330.0,12330.0,257,0.0,0.0
2021-02-19,11790.0,12960.0,11610.0,12420.0,12420.0,152,0.0,0.0
2021-02-22,12330.0,13230.0,11790.0,12420.0,12420.0,162,0.0,0.0
2021-02-23,11250.0,11880.0,10350.0,11340.0,11340.0,204,0.0,0.0
2021-02-24,11430.0,12843.0,11340.0,12330.0,12330.0,131,0.0,0.0
2021-02-25,11970.0,12447.0,10350.0,10350.0,10350.0,122,0.0,0.0
2021-02-26,10440.0,10890.0,9900.0,9990.0,9990.0,74,0.0,0.0
2021-03-01,10530.0,10710.0,9990.0,9990.0,9990.0,52,0.0,0.0
2021-03-02,10080.0,10350.0,9900.0,9900.0,9900.0,62,0.0,0.0
2021-03-03,9990.0,10170.0,9090.0,9270.0,9270.0,71,0.0,0.0
2021-03-04,9000.0,9180.0,8190.0,8649.0,8649.0,111,0.0,0.0
2021-03-05,8550.0,9315.0,8415.0,9180.0,9180.0,68,0.0,0.0
2021-03-08,9180.0,9900.0,8955.0,9315.0,9315.0,44,0.0,0.0
2021-03-09,9540.0,10350.0,9360.0,10080.0,10080.0,72,0.0,0.0
2021-03-10,9900.0,10170.0,9720.0,9990.0,9990.0,34,0.0,0.0
2021-03-11,10440.0,10440.0,9720.0,10080.0,10080.0,64,0.0,0.0
2021-03-12,9810.0,9900.0,9090.0,9360.0,9360.0,81,0.0,0.0
2021-03-15,9450.0,10260.0,9360.0,10170.0,10170.0,223,0.0,0.0
2021-03-16,10080.0,10710.0,9630.0,10260.0,10260.0,216,0.0,0.0
2021-03-17,9900.0,10170.0,9540.0,9900.0,9900.0,77,0.0,0.0
2021-03-18,10125.0,11520.0,9900.0,10080.0,10080.0,576,0.0,0.0
2021-03-19,10170.0,10440.0,9900.0,10170.0,10170.0,99,0.0,0.0
2021-03-22,10350.0,10620.0,9990.0,10080.0,10080.0,83,0.0,0.0
2021-03-23,10170.0,10440.0,9720.0,9900.0,9900.0,101,0.0,0.0
2021-03-24,9810.0,10080.0,9000.0,9000.0,9000.0,78,0.0,0.0
2021-03-25,9000.0,9360.0,8640.0,9180.0,9180.0,54,0.0,0.0
2021-03-26,9432.0,9540.0,8757.0,9000.0,9000.0,56,0.0,0.0
2021-03-29,9000.0,9000.0,8730.0,8910.0,8910.0,28,0.0,0.0
2021-03-30,9000.0,9180.0,8865.0,8991.0,8991.0,24,0.0,0.0
2021-03-31,9270.0,9450.0,8964.0,9450.0,9450.0,60,0.0,0.0
2021-04-01,9630.0,9630.0,9090.0,9360.0,9360.0,67,0.0,0.0
2021-04-05,9450.0,9630.0,9180.0,9630.0,9630.0,49,0.0,0.0
2021-04-06,9630.0,9630.0,9270.0,9360.0,9360.0,19,0.0,0.0
2021-04-07,9360.0,9540.0,9090.0,9540.0,9540.0,48,0.0,0.0
2021-04-08,9540.0,9900.0,9090.0,9090.0,9090.0,76,0.0,0.0
2021-04-09,9144.0,9180.0,8982.0,9000.0,9000.0,31,0.0,0.0
2021-04-12,8910.0,9180.0,8379.0,8406.0,8406.0,57,0.0,0.0
2021-04-13,8370.0,8550.0,8190.0,8217.0,8217.0,26,0.0,0.0
2021-04-14,8190.0,8640.0,8100.0,8190.0,8190.0,16,0.0,0.0
2021-04-15,8253.0,8361.0,7650.0,7650.0,7650.0,37,0.0,0.0
2021-04-16,7650.0,7821.0,7290.0,7470.0,7470.0,51,0.0,0.0
2021-04-19,7470.0,7650.0,7209.0,7407.0,7407.0,15,0.0,0.0
2021-04-20,7506.0,7641.0,7020.0,7065.0,7065.0,25,0.0,0.0
2021-04-21,6930.0,7362.0,6930.0,7335.0,7335.0,20,0.0,0.0
2021-04-22,7470.0,7641.0,7290.0,7380.0,7380.0,16,0.0,0.0
2021-04-23,7200.0,7605.0,7200.0,7470.0,7470.0,15,0.0,0.0
2021-04-26,7470.0,8280.0,7389.0,7641.0,7641.0,211,0.0,0.0
2021-04-27,7479.0,9180.0,7470.0,7938.0,7938.0,380,0.0,0.0
2021-04-28,7650.0,8370.0,7650.0,7713.0,7713.0,85,0.0,0.0
2021-04-29,7965.0,7965.0,7065.0,7155.0,7155.0,130,0.0,0.0
2021-04-30,7020.0,8055.0,7020.0,7380.0,7380.0,173,0.0,0.0
2021-05-03,7470.0,7551.0,6930.0,6948.0,6948.0,73,0.0,0.0
2021-05-04,6930.0,7110.0,6750.0,6840.0,6840.0,57,0.0,0.0
2021-05-05,7020.0,7065.0,6750.0,6795.0,6795.0,39,0.0,0.0
2021-05-06,6750.0,6786.0,6660.0,6687.0,6687.0,29,0.0,0.0
2021-05-07,6660.0,6957.0,6660.0,6678.0,6678.0,28,0.0,0.0
2021-05-10,6750.0,7020.0,6705.0,6750.0,6750.0,51,0.0,0.0
2021-05-11,7560.0,8541.0,7290.0,8280.0,8280.0,1301,0.0,0.0
2021-05-12,7785.0,9270.0,7749.0,8820.0,8820.0,269,0.0,0.0
2021-05-13,8820.0,9900.0,8640.0,9630.0,9630.0,309,0.0,0.0
2021-05-14,9270.0,10350.0,9270.0,10080.0,10080.0,173,0.0,0.0
2021-05-17,10260.0,10980.0,10260.0,10710.0,10710.0,140,0.0,0.0
2021-05-18,11340.0,12330.0,11250.0,11790.0,11790.0,272,0.0,0.0
2021-05-19,11520.0,11520.0,10080.0,10350.0,10350.0,292,0.0,0.0
2021-05-20,10620.0,11790.0,10620.0,11610.0,11610.0,169,0.0,0.0
2021-05-21,11520.0,12240.0,10440.0,10890.0,10890.0,214,0.0,0.0
2021-05-24,10710.0,11430.0,10350.0,10710.0,10710.0,103,0.0,0.0
2021-05-25,10710.0,11160.0,10710.0,11160.0,11160.0,57,0.0,0.0
2021-05-26,11070.0,11610.0,11070.0,11610.0,11610.0,102,0.0,0.0
2021-05-27,11790.0,12240.0,11520.0,12240.0,12240.0,120,0.0,0.0
2021-05-28,12330.0,13455.0,11880.0,12150.0,12150.0,152,0.0,0.0
2021-06-01,12600.0,13320.0,12600.0,13230.0,13230.0,104,0.0,0.0
2021-06-02,13770.0,14670.0,13590.0,14310.0,14310.0,167,0.0,0.0
2021-06-03,13950.0,14760.0,13320.0,14580.0,14580.0,127,0.0,0.0
2021-06-04,14580.0,16650.0,14580.0,15930.0,15930.0,164,0.0,0.0
2021-06-07,16461.0,17190.0,16200.0,16740.0,16740.0,106,0.0,0.0
2021-06-08,16830.0,17370.0,15120.0,15480.0,15480.0,179,0.0,0.0
2021-06-09,15210.0,15840.0,15030.0,15480.0,15480.0,80,0.0,0.0
2021-06-10,15390.0,15660.0,12870.0,13050.0,13050.0,185,0.0,0.0
2021-06-11,13950.0,13995.0,11790.0,11880.0,11880.0,136,0.0,0.0
2021-06-14,11970.0,13140.0,10440.0,12600.0,12600.0,167,0.0,0.0
2021-06-15,11880.0,12870.0,11880.0,12240.0,12240.0,57,0.0,0.0
2021-06-16,12240.0,13140.0,12240.0,12870.0,12870.0,54,0.0,0.0
2021-06-17,12600.0,14940.0,12600.0,13950.0,13950.0,151,0.0,0.0
2021-06-18,13779.0,13950.0,12420.0,12510.0,12510.0,111,0.0,0.0
2021-06-21,12150.0,13410.0,12060.0,13410.0,13410.0,64,0.0,0.0
2021-06-22,13050.0,13185.0,12429.0,12870.0,12870.0,28,0.0,0.0
2021-06-23,12870.0,13050.0,12690.0,12780.0,12780.0,34,0.0,0.0
2021-06-24,12510.0,13050.0,12420.0,12960.0,12960.0,36,0.0,0.0
2021-06-25,13050.0,13050.0,12510.0,12870.0,12870.0,36,0.0,0.0
2021-06-28,12600.0,14580.0,12420.0,14130.0,14130.0,121,0.0,0.0
2021-06-29,14220.0,15660.0,13320.0,13680.0,13680.0,104,0.0,0.0
2021-06-30,13680.0,14400.0,13680.0,14130.0,14130.0,42,0.0,0.0
2021-07-01,14310.0,14310.0,13140.0,13590.0,13590.0,32,0.0,0.0
2021-07-02,13590.0,13680.0,13230.0,13590.0,13590.0,32,0.0,0.0
2021-07-06,13590.0,13860.0,13050.0,13140.0,13140.0,32,0.0,0.0
2021-07-07,13500.0,13590.0,12870.0,12960.0,12960.0,24,0.0,0.0
2021-07-08,12600.0,13230.0,12429.0,12870.0,12870.0,14,0.0,0.0
2021-07-09,13140.0,13185.0,12510.0,12600.0,12600.0,26,0.0,0.0
2021-07-12,12600.0,12960.0,12600.0,12780.0,12780.0,7,0.0,0.0
2021-07-13,12600.0,13221.0,12600.0,12780.0,12780.0,14,0.0,0.0
2021-07-14,12960.0,13050.0,12600.0,12690.0,12690.0,10,0.0,0.0
2021-07-15,12690.0,12951.0,11880.0,12240.0,12240.0,17,0.0,0.0
2021-07-16,12240.0,12771.0,11250.0,11520.0,11520.0,29,0.0,0.0
2021-07-19,11520.0,11520.0,10800.0,10980.0,10980.0,56,0.0,0.0
2021-07-20,11160.0,11610.0,10800.0,11610.0,11610.0,19,0.0,0.0
2021-07-21,11340.0,11610.0,11250.0,11340.0,11340.0,7,0.0,0.0
2021-07-22,11250.0,11250.0,10791.0,10890.0,10890.0,30,0.0,0.0
2021-07-23,10890.0,10980.0,10170.0,10440.0,10440.0,27,0.0,0.0
2021-07-26,9900.0,10800.0,9900.0,10530.0,10530.0,22,0.0,0.0
2021-07-27,10530.0,10710.0,10080.0,10260.0,10260.0,24,0.0,0.0
2021-07-28,10530.0,11070.0,10350.0,10890.0,10890.0,14,0.0,0.0
2021-07-29,10710.0,11340.0,10710.0,11160.0,11160.0,12,0.0,0.0
2021-07-30,10980.0,11250.0,10800.0,10980.0,10980.0,38,0.0,0.0
2021-08-02,11160.0,11880.0,10899.0,11880.0,11880.0,25,0.0,0.0
2021-08-03,11790.0,11790.0,10980.0,11196.0,11196.0,26,0.0,0.0
2021-08-04,10980.0,11340.0,10530.0,10890.0,10890.0,10,0.0,0.0
2021-08-05,11160.0,11160.0,10620.0,10890.0,10890.0,8,0.0,0.0
2021-08-06,10890.0,11160.0,10818.0,11070.0,11070.0,8,0.0,0.0
2021-08-09,11340.0,11700.0,11160.0,11700.0,11700.0,27,0.0,0.0
2021-08-10,11520.0,11700.0,11250.0,11430.0,11430.0,11,0.0,0.0
2021-08-11,11250.0,11520.0,11160.0,11160.0,11160.0,6,0.0,0.0
2021-08-12,11160.0,11520.0,10800.0,11430.0,11430.0,21,0.0,0.0
2021-08-13,11340.0,11691.0,11250.0,11610.0,11610.0,14,0.0,0.0
2021-08-16,11610.0,11700.0,11070.0,11340.0,11340.0,17,0.0,0.0
2021-08-17,11430.0,12060.0,11160.0,12060.0,12060.0,37,0.0,0.0
2021-08-18,12060.0,12060.0,11430.0,11520.0,11520.0,20,0.0,0.0
2021-08-19,11340.0,11610.0,11160.0,11340.0,11340.0,13,0.0,0.0
2021-08-20,11160.0,11835.0,11160.0,11610.0,11610.0,13,0.0,0.0
2021-08-23,11520.0,11790.0,11286.0,11610.0,11610.0,17,0.0,0.0
2021-08-24,11520.0,12150.0,11520.0,11790.0,11790.0,27,0.0,0.0
2021-08-25,11790.0,13050.0,11790.0,12150.0,12150.0,42,0.0,0.0
2021-08-26,12060.0,12330.0,11880.0,11970.0,11970.0,6,0.0,0.0
2021-08-27,11790.0,12150.0,11070.0,11160.0,11160.0,33,0.0,0.0
2021-08-30,10980.0,10980.0,9720.0,10440.0,10440.0,96,0.0,0.0
2021-08-31,10350.0,10359.0,9900.0,9990.0,9990.0,34,0.0,0.0
2021-09-01,10080.0,10350.0,9900.0,10350.0,10350.0,26,0.0,0.0
2021-09-02,10080.0,10350.0,9990.0,10170.0,10170.0,41,0.0,0.0
2021-09-03,10170.0,10611.0,9405.0,10350.0,10350.0,82,0.0,0.0
2021-09-07,10350.0,10350.0,10170.0,10260.0,10260.0,10,0.0,0.0
2021-09-08,10260.0,10269.0,9720.0,9990.0,9990.0,24,0.0,0.0
2021-09-09,9810.0,10530.0,9810.0,9810.0,9810.0,23,0.0,0.0
2021-09-10,9900.0,10521.0,9855.0,10260.0,10260.0,20,0.0,0.0
2021-09-13,10260.0,10440.0,9900.0,10080.0,10080.0,16,0.0,0.0
2021-09-14,10170.0,10350.0,9720.0,9810.0,9810.0,9,0.0,0.0
2021-09-15,9900.0,9990.0,9720.0,9810.0,9810.0,11,0.0,0.0
2021-09-16,9864.0,10179.0,9720.0,9720.0,9720.0,10,0.0,0.0
2021-09-17,9900.0,10350.0,9792.0,10350.0,10350.0,2,0.0,0.0
2021-09-20,10350.0,10350.0,9540.0,9630.0,9630.0,12,0.0,0.0
2021-09-21,9540.0,9630.0,9450.0,9630.0,9630.0,6,0.0,0.0
2021-09-22,9540.0,10017.0,9540.0,9801.0,9801.0,5,0.0,0.0
2021-09-23,9990.0,9990.0,9630.0,9900.0,9900.0,11,0.0,0.0
2021-09-24,9720.0,9900.0,9477.0,9810.0,9810.0,3,0.0,0.0
2021-09-27,10170.0,10350.0,9720.0,9720.0,9720.0,8,0.0,0.0
2021-09-28,9900.0,9990.0,9720.0,9900.0,9900.0,6,0.0,0.0
2021-09-29,9810.0,9900.0,9639.0,9810.0,9810.0,4,0.0,0.0
2021-09-30,9720.0,9720.0,9450.0,9630.0,9630.0,6,0.0,0.0
2021-10-01,9360.0,9450.0,9270.0,9270.0,9270.0,6,0.0,0.0
2021-10-04,9180.0,9360.0,8874.0,9180.0,9180.0,13,0.0,0.0
2021-10-05,9270.0,9450.0,9090.0,9270.0,9270.0,4,0.0,0.0
2021-10-06,9090.0,9270.0,9081.0,9099.0,9099.0,7,0.0,0.0
2021-10-07,9180.0,9360.0,8640.0,9000.0,9000.0,20,0.0,0.0
2021-10-08,9000.0,9000.0,8730.0,8838.0,8838.0,2,0.0,0.0
2021-10-11,8838.0,9270.0,8730.0,9180.0,9180.0,4,0.0,0.0
2021-10-12,9180.0,9450.0,8838.0,9000.0,9000.0,3,0.0,0.0
2021-10-13,9000.0,9360.0,8910.0,9360.0,9360.0,3,0.0,0.0
2021-10-14,9270.0,9630.0,9000.0,9180.0,9180.0,4,0.0,0.0
2021-10-15,9360.0,9540.0,9018.0,9450.0,9450.0,3,0.0,0.0
2021-10-18,9540.0,9540.0,8910.0,9450.0,9450.0,4,0.0,0.0
2021-10-19,9450.0,9720.0,9000.0,9720.0,9720.0,5,0.0,0.0
2021-10-20,9630.0,9720.0,9090.0,9360.0,9360.0,4,0.0,0.0
2021-10-21,9360.0,9630.0,9198.0,9450.0,9450.0,2,0.0,0.0
2021-10-22,9540.0,9630.0,8721.0,8910.0,8910.0,24,0.0,0.0
2021-10-25,8820.0,9450.0,8550.0,8730.0,8730.0,30,0.0,0.0
2021-10-26,8595.0,9450.0,8550.0,9180.0,9180.0,32,0.0,0.0
2021-10-27,9630.0,9630.0,8892.0,9270.0,9270.0,28,0.0,0.0
2021-10-28,9090.0,9270.0,8910.0,8910.0,8910.0,5,0.0,0.0
2021-10-29,8910.0,9000.0,8910.0,8955.0,8955.0,4,0.0,0.0
2021-11-01,9000.0,9270.0,8820.0,9090.0,9090.0,16,0.0,0.0
2021-11-02,9180.0,9180.0,8820.0,8820.0,8820.0,9,0.0,0.0
2021-11-03,8829.0,8955.0,8820.0,8910.0,8910.0,111,0.0,0.0
2021-11-04,9450.0,9900.0,8820.0,9720.0,9720.0,118,0.0,0.0
2021-11-05,9891.0,10710.0,9540.0,10350.0,10350.0,70,0.0,0.0
2021-11-08,10260.0,11880.0,10260.0,11250.0,11250.0,84,0.0,0.0
2021-11-09,11700.0,13410.0,11520.0,13320.0,13320.0,148,0.0,0.0
2021-11-10,13500.0,14310.0,11970.0,12510.0,12510.0,99,0.0,0.0
2021-11-11,12330.0,13950.0,12240.0,13320.0,13320.0,60,0.0,0.0
2021-11-12,13140.0,13500.0,12960.0,13050.0,13050.0,28,0.0,0.0
2021-11-15,13410.0,13950.0,13320.0,13860.0,13860.0,43,0.0,0.0
2021-11-16,13770.0,13770.0,13068.0,13320.0,13320.0,30,0.0,0.0
2021-11-17,13320.0,13320.0,12870.0,13050.0,13050.0,24,0.0,0.0
2021-11-18,12870.0,12960.0,12150.0,12330.0,12330.0,20,0.0,0.0
2021-11-19,11970.0,12690.0,11790.0,12330.0,12330.0,18,0.0,0.0
2021-11-22,12510.0,14940.0,10890.0,13140.0,13140.0,366,0.0,0.0
2021-11-23,13500.0,14580.0,13140.0,14580.0,14580.0,118,0.0,0.0
2021-11-24,14760.0,17838.0,14760.0,17010.0,17010.0,307,0.0,0.0
2021-11-26,16650.0,17541.0,16200.0,17010.0,17010.0,131,0.0,0.0
2021-11-29,17370.0,19260.0,17010.0,18450.0,18450.0,106,0.0,0.0
2021-11-30,19710.0,19800.0,17190.0,18090.0,18090.0,127,0.0,0.0
2021-12-01,18450.0,19800.0,18360.0,19800.0,19800.0,96,0.0,0.0
2021-12-02,18720.0,19710.0,18720.0,18900.0,18900.0,57,0.0,0.0
2021-12-03,19620.0,20250.0,18270.0,19170.0,19170.0,119,0.0,0.0
2021-12-06,18810.0,22500.0,18270.0,22050.0,22050.0,141,0.0,0.0
2021-12-07,21780.0,23220.0,21780.0,23040.0,23040.0,45,0.0,0.0
2021-12-08,23130.0,26460.0,23130.0,26010.0,26010.0,140,0.0,0.0
2021-12-09,26010.0,26820.0,23940.0,24030.0,24030.0,83,0.0,0.0
2021-12-10,24390.0,27090.0,24390.0,27090.0,27090.0,73,0.0,0.0
2021-12-13,27720.0,28080.0,25020.0,25200.0,25200.0,72,0.0,0.0
2021-12-14,26820.0,27000.0,20088.0,22680.0,22680.0,151,0.0,0.0
2021-12-15,22680.0,23130.0,15480.0,16290.0,16290.0,207,0.0,0.0
2021-12-16,16290.0,17415.0,15210.0,15390.0,15390.0,105,0.0,0.0
2021-12-17,15498.0,16560.0,14940.0,15930.0,15930.0,52,0.0,0.0
2021-12-20,15705.0,16200.0,14310.0,14580.0,14580.0,57,0.0,0.0
2021-12-21,14850.0,15210.0,14580.0,14760.0,14760.0,21,0.0,0.0
2021-12-22,14760.0,14823.0,14040.0,14220.0,14220.0,39,0.0,0.0
2021-12-23,14490.0,14490.0,12546.0,12600.0,12600.0,67,0.0,0.0
2021-12-27,12330.0,12780.0,12150.0,12510.0,12510.0,27,0.0,0.0
2021-12-28,12330.0,13131.0,12330.0,12690.0,12690.0,44,0.0,0.0
2021-12-29,12690.0,13140.0,12555.0,12555.0,12555.0,30,0.0,0.0
2021-12-30,12600.0,12960.0,12240.0,12780.0,12780.0,34,0.0,0.0
2021-12-31,12780.0,12780.0,12150.0,12330.0,12330.0,39,0.0,0.0
2022-01-03,12510.0,12690.0,12240.0,12330.0,12330.0,17,0.0,0.0
2022-01-04,12330.0,12690.0,12240.0,12510.0,12510.0,22,0.0,0.0
2022-01-05,12600.0,13320.0,12600.0,12870.0,12870.0,34,0.0,0.0
2022-01-06,13896.0,13950.0,11430.0,11430.0,11430.0,103,0.0,0.0
2022-01-07,11430.0,11628.0,10080.0,10170.0,10170.0,83,0.0,0.0
2022-01-10,10530.0,10620.0,10260.0,10530.0,10530.0,29,0.0,0.0
2022-01-11,10530.0,10800.0,10350.0,10620.0,10620.0,18,0.0,0.0
2022-01-12,10530.0,11250.0,10530.0,10620.0,10620.0,42,0.0,0.0
2022-01-13,10800.0,11160.0,10080.0,10260.0,10260.0,21,0.0,0.0
2022-01-14,10080.0,10440.0,9990.0,10170.0,10170.0,13,0.0,0.0
2022-01-18,10080.0,10530.0,10080.0,10350.0,10350.0,18,0.0,0.0
2022-01-19,10350.0,10620.0,10260.0,10260.0,10260.0,14,0.0,0.0
2022-01-20,10530.0,10971.0,10080.0,10170.0,10170.0,43,0.0,0.0
2022-01-21,10170.0,10305.0,9270.0,9360.0,9360.0,29,0.0,0.0
2022-01-24,9180.0,9630.0,9000.0,9630.0,9630.0,12,0.0,0.0
2022-01-25,9450.0,9927.0,9180.0,9450.0,9450.0,18,0.0,0.0
2022-01-26,9540.0,9855.0,9450.0,9450.0,9450.0,5,0.0,0.0
2022-01-27,9270.0,9765.0,9270.0,9720.0,9720.0,6,0.0,0.0
2022-01-28,9720.0,9810.0,9270.0,9450.0,9450.0,10,0.0,0.0
2022-01-31,8829.0,10980.0,8820.0,10620.0,10620.0,37,0.0,0.0
2022-02-01,10440.0,10980.0,10260.0,10800.0,10800.0,70,0.0,0.0
2022-02-02,10530.0,11070.0,10440.0,10620.0,10620.0,50,0.0,0.0
2022-02-03,10440.0,10890.0,10080.0,10260.0,10260.0,30,0.0,0.0
2022-02-04,10620.0,11070.0,10080.0,10800.0,10800.0,33,0.0,0.0
2022-02-07,11160.0,11340.0,10620.0,11070.0,11070.0,37,0.0,0.0
2022-02-08,10530.0,10800.0,10170.0,10260.0,10260.0,31,0.0,0.0
2022-02-09,10170.0,10575.0,10035.0,10170.0,10170.0,26,0.0,0.0
2022-02-10,10080.0,10260.0,9900.0,9900.0,9900.0,29,0.0,0.0
2022-02-11,10080.0,10260.0,9810.0,10080.0,10080.0,32,0.0,0.0
2022-02-14,10440.0,10800.0,9900.0,10350.0,10350.0,33,0.0,0.0
2022-02-15,11160.0,11160.0,10080.0,10350.0,10350.0,27,0.0,0.0
2022-02-16,10350.0,10440.0,9990.0,10080.0,10080.0,23,0.0,0.0
2022-02-17,9990.0,10170.0,9729.0,9900.0,9900.0,33,0.0,0.0
2022-02-18,9900.0,9990.0,9450.0,9450.0,9450.0,42,0.0,0.0
2022-02-22,9360.0,9540.0,9180.0,9540.0,9540.0,33,0.0,0.0
2022-02-23,9459.0,9459.0,9000.0,9270.0,9270.0,37,0.0,0.0
2022-02-24,8910.0,9180.0,8910.0,9180.0,9180.0,40,0.0,0.0
2022-02-25,9000.0,9180.0,8955.0,9090.0,9090.0,39,0.0,0.0
2022-02-28,9090.0,9180.0,8919.0,9180.0,9180.0,35,0.0,0.0
2022-03-01,9270.0,9270.0,9000.0,9180.0,9180.0,36,0.0,0.0
2022-03-02,9360.0,9360.0,9000.0,9000.0,9000.0,45,0.0,0.0
2022-03-03,9090.0,9540.0,8964.0,9090.0,9090.0,45,0.0,0.0
2022-03-04,9000.0,9360.0,8757.0,9270.0,9270.0,43,0.0,0.0
2022-03-07,9000.0,9270.0,8820.0,9090.0,9090.0,69,0.0,0.0
2022-03-08,8910.0,9000.0,8640.0,8946.0,8946.0,45,0.0,0.0
2022-03-09,8946.0,8946.0,8100.0,8550.0,8550.0,50,0.0,0.0
2022-03-10,8640.0,9360.0,8550.0,9270.0,9270.0,49,0.0,0.0
2022-03-11,9540.0,9540.0,8730.0,9090.0,9090.0,40,0.0,0.0
2022-03-14,8901.0,9180.0,8730.0,8991.0,8991.0,43,0.0,0.0
2022-03-15,8910.0,9360.0,8820.0,8946.0,8946.0,47,0.0,0.0
2022-03-16,9270.0,9900.0,9090.0,9765.0,9765.0,42,0.0,0.0
2022-03-17,9279.0,10170.0,9270.0,10170.0,10170.0,36,0.0,0.0
2022-03-18,10260.0,10620.0,10260.0,10350.0,10350.0,43,0.0,0.0
2022-03-21,10170.0,10512.0,9270.0,10350.0,10350.0,39,0.0,0.0
2022-03-22,10350.0,10620.0,10260.0,10350.0,10350.0,34,0.0,0.0
2022-03-23,10350.0,10530.0,10260.0,10485.0,10485.0,35,0.0,0.0
2022-03-24,10350.0,10530.0,10350.0,10350.0,10350.0,32,0.0,0.0
2022-03-25,10080.0,10350.0,10080.0,10161.0,10161.0,31,0.0,0.0
2022-03-28,10530.0,10620.0,10170.0,10530.0,10530.0,37,0.0,0.0
2022-03-29,10530.0,10800.0,9900.0,10440.0,10440.0,32,0.0,0.0
2022-03-30,10350.0,10530.0,9990.0,10530.0,10530.0,32,0.0,0.0
2022-03-31,10800.0,10800.0,9810.0,9900.0,9900.0,42,0.0,0.0
2022-04-01,10260.0,10620.0,9810.0,10530.0,10530.0,43,0.0,0.0
2022-04-04,10530.0,10800.0,9990.0,10620.0,10620.0,52,0.0,0.0
2022-04-05,10890.0,10890.0,10080.0,10350.0,10350.0,38,0.0,0.0
2022-04-06,10080.0,10350.0,9900.0,10260.0,10260.0,31,0.0,0.0
2022-04-07,9900.0,10260.0,9450.0,10170.0,10170.0,22,0.0,0.0
2022-04-08,9810.0,10080.0,9540.0,10080.0,10080.0,35,0.0,0.0
2022-04-11,9810.0,9810.0,9630.0,9720.0,9720.0,34,0.0,0.0
2022-04-12,9720.0,9810.0,8640.0,9495.0,9495.0,62,0.0,0.0
2022-04-13,9450.0,9630.0,8460.0,9540.0,9540.0,63,0.0,0.0
2022-04-14,9360.0,9360.0,8370.0,9180.0,9180.0,64,0.0,0.0
2022-04-18,9000.0,9180.0,8631.0,9000.0,9000.0,37,0.0,0.0
2022-04-19,8856.0,9540.0,8856.0,9450.0,9450.0,36,0.0,0.0
2022-04-20,9450.0,9630.0,9000.0,9360.0,9360.0,36,0.0,0.0
2022-04-21,9270.0,9360.0,9000.0,9000.0,9000.0,35,0.0,0.0
2022-04-22,9180.0,9450.0,9000.0,9045.0,9045.0,34,0.0,0.0
2022-04-25,9180.0,9900.0,9090.0,9720.0,9720.0,38,0.0,0.0
2022-04-26,9720.0,9990.0,9360.0,9450.0,9450.0,31,0.0,0.0
2022-04-27,9630.0,10260.0,9315.0,10170.0,10170.0,56,0.0,0.0
2022-04-28,10260.0,10260.0,9720.0,9900.0,9900.0,31,0.0,0.0
2022-04-29,9990.0,9990.0,9270.0,9450.0,9450.0,33,0.0,0.0
2022-05-02,9270.0,9270.0,8910.0,8937.0,8937.0,36,0.0,0.0
2022-05-03,9090.0,9090.0,8559.0,8775.0,8775.0,33,0.0,0.0
2022-05-04,8514.0,8523.0,7686.0,7983.0,7983.0,46,0.0,0.0
2022-05-05,8370.0,8541.0,7290.0,8514.0,8514.0,79,0.0,0.0
2022-05-06,7875.0,8055.0,7560.0,7650.0,7650.0,38,0.0,0.0
2022-05-09,7920.0,7920.0,6966.0,6966.0,6966.0,43,0.0,0.0
2022-05-10,7263.0,7875.0,7119.0,7470.0,7470.0,42,0.0,0.0
2022-05-11,7380.0,7650.0,6795.0,7200.0,7200.0,39,0.0,0.0
2022-05-12,7227.0,7227.0,6660.0,6660.0,6660.0,22,0.0,0.0
2022-05-13,6579.0,7047.0,6579.0,6930.0,6930.0,16,0.0,0.0
2022-05-16,6930.0,6930.0,6633.0,6930.0,6930.0,2,0.0,0.0
2022-05-17,6777.0,7200.0,6633.0,7074.0,7074.0,21,0.0,0.0
2022-05-18,6669.0,7002.0,6435.0,6435.0,6435.0,37,0.0,0.0
2022-05-19,6750.0,6930.0,6435.0,6849.0,6849.0,39,0.0,0.0
2022-05-20,6660.0,8010.0,6660.0,7632.0,7632.0,64,0.0,0.0
2022-05-23,7560.0,8010.0,7290.0,7650.0,7650.0,46,0.0,0.0
2022-05-24,7650.0,7830.0,6840.0,7290.0,7290.0,39,0.0,0.0
2022-05-25,7380.0,7380.0,6795.0,6795.0,6795.0,31,0.0,0.0
2022-05-26,6867.0,7920.0,6660.0,7290.0,7290.0,39,0.0,0.0
2022-05-27,7200.0,7470.0,7110.0,7380.0,7380.0,32,0.0,0.0
2022-05-31,7380.0,7740.0,7119.0,7695.0,7695.0,19,0.0,0.0
2022-06-01,8100.0,8550.0,8010.0,8370.0,8370.0,53,0.0,0.0
2022-06-02,9090.0,9090.0,6930.0,7740.0,7740.0,1558,0.0,0.0
2022-06-03,4635.0,4770.0,4302.0,4302.0,4302.0,557,0.0,0.0
2022-06-06,4590.0,4590.0,4230.0,4230.0,4230.0,130,0.0,0.0
2022-06-07,4149.0,4230.0,3690.0,3726.0,3726.0,107,0.0,0.0
2022-06-08,3816.0,4140.0,3816.0,3924.0,3924.0,101,0.0,0.0
2022-06-09,3960.0,4491.0,3960.0,4032.0,4032.0,102,0.0,0.0
2022-06-10,4050.0,4140.0,3960.0,4059.0,4059.0,16,0.0,0.0
2022-06-13,3924.0,4338.0,3735.0,4230.0,4230.0,73,0.0,0.0
2022-06-14,4230.0,4275.0,4068.0,4230.0,4230.0,32,0.0,0.0
2022-06-15,4140.0,4230.0,3825.0,4230.0,4230.0,39,0.0,0.0
2022-06-16,4050.0,4140.0,3960.0,4095.0,4095.0,54,0.0,0.0
2022-06-17,4050.0,4446.0,4050.0,4230.0,4230.0,57,0.0,0.0
2022-06-21,4158.0,4212.0,3690.0,3960.0,3960.0,219,0.0,0.0
2022-06-22,3870.0,4050.0,3825.0,4005.0,4005.0,16,0.0,0.0
2022-06-23,3888.0,4230.0,3870.0,3960.0,3960.0,30,0.0,0.0
2022-06-24,3843.0,4050.0,3843.0,3870.0,3870.0,16,0.0,0.0
2022-06-27,3870.0,4086.0,3825.0,3825.0,3825.0,11,0.0,0.0
2022-06-28,3960.0,4140.0,3825.0,3825.0,3825.0,16,0.0,0.0
2022-06-29,3870.0,4050.0,3690.0,3789.0,3789.0,28,0.0,0.0
2022-06-30,3951.0,3960.0,3780.0,3915.0,3915.0,12,0.0,0.0
2022-07-01,3978.0,3978.0,3789.0,3951.0,3951.0,12,0.0,0.0
2022-07-05,3924.0,4221.0,3789.0,4032.0,4032.0,24,0.0,0.0
2022-07-06,3780.0,3978.0,3690.0,3699.0,3699.0,26,0.0,0.0
2022-07-07,3780.0,3870.0,3744.0,3780.0,3780.0,28,0.0,0.0
2022-07-08,3735.0,3960.0,3699.0,3780.0,3780.0,27,0.0,0.0
2022-07-11,3771.0,3771.0,3564.0,3645.0,3645.0,9,0.0,0.0
2022-07-12,3654.0,3870.0,3654.0,3753.0,3753.0,14,0.0,0.0
2022-07-13,3780.0,3780.0,3519.0,3600.0,3600.0,16,0.0,0.0
2022-07-14,3420.0,3870.0,3348.0,3690.0,3690.0,23,0.0,0.0
2022-07-15,3582.0,3690.0,3582.0,3663.0,3663.0,4,0.0,0.0
2022-07-18,3717.0,4590.0,3663.0,3753.0,3753.0,35,0.0,0.0
2022-07-19,3825.0,4149.0,3645.0,3960.0,3960.0,99,0.0,0.0
2022-07-20,3969.0,4230.0,3699.0,3771.0,3771.0,76,0.0,0.0
2022-07-21,3762.0,3780.0,3600.0,3780.0,3780.0,19,0.0,0.0
2022-07-22,3690.0,3861.0,3609.0,3780.0,3780.0,26,0.0,0.0
2022-07-25,3672.0,3780.0,3654.0,3672.0,3672.0,12,0.0,0.0
2022-07-26,3780.0,3807.0,3465.0,3636.0,3636.0,18,0.0,0.0
2022-07-27,3600.0,3870.0,3600.0,3780.0,3780.0,9,0.0,0.0
2022-07-28,4113.0,4113.0,3429.0,3438.0,3438.0,43,0.0,0.0
2022-07-29,3438.0,3681.0,3438.0,3483.0,3483.0,20,0.0,0.0
2022-08-01,3510.0,3699.0,3240.0,3285.0,3285.0,39,0.0,0.0
2022-08-02,3420.0,3555.0,3159.0,3168.0,3168.0,29,0.0,0.0
2022-08-03,3420.0,3420.0,2979.0,3060.0,3060.0,31,0.0,0.0
2022-08-04,3240.0,3735.0,3105.0,3546.0,3546.0,124,0.0,0.0
2022-08-05,3420.0,3870.0,3420.0,3762.0,3762.0,81,0.0,0.0
2022-08-08,3690.0,3690.0,3429.0,3582.0,3582.0,21,0.0,0.0
2022-08-09,3555.0,3591.0,3276.0,3483.0,3483.0,5,0.0,0.0
2022-08-10,3537.0,3600.0,3474.0,3510.0,3510.0,10,0.0,0.0
2022-08-11,3600.0,3600.0,3501.0,3501.0,3501.0,8,0.0,0.0
2022-08-12,3591.0,3645.0,3420.0,3492.0,3492.0,11,0.0,0.0
2022-08-15,3420.0,3600.0,3339.0,3501.0,3501.0,20,0.0,0.0
2022-08-16,3483.0,3537.0,3366.0,3420.0,3420.0,10,0.0,0.0
2022-08-17,3402.0,3492.0,3330.0,3420.0,3420.0,15,0.0,0.0
2022-08-18,3348.0,3420.0,3348.0,3402.0,3402.0,5,0.0,0.0
2022-08-19,3312.0,3465.0,3312.0,3393.0,3393.0,5,0.0,0.0
2022-08-22,3330.0,3420.0,3204.0,3375.0,3375.0,11,0.0,0.0
2022-08-23,3249.0,3510.0,3195.0,3420.0,3420.0,6,0.0,0.0
2022-08-24,3456.0,3600.0,3240.0,3600.0,3600.0,11,0.0,0.0
2022-08-25,3420.0,3627.0,3402.0,3600.0,3600.0,7,0.0,0.0
2022-08-26,3573.0,4491.0,3060.0,3240.0,3240.0,130,0.0,0.0
2022-08-29,3420.0,3420.0,3285.0,3348.0,3348.0,7,0.0,0.0
2022-08-30,3420.0,3420.0,3096.0,3276.0,3276.0,7,0.0,0.0
2022-08-31,3402.0,3510.0,3402.0,3474.0,3474.0,8,0.0,0.0
2022-09-01,3690.0,3690.0,3474.0,3591.0,3591.0,8,0.0,0.0
2022-09-02,3600.0,3600.0,3420.0,3537.0,3537.0,6,0.0,0.0
2022-09-06,3600.0,3690.0,3285.0,3420.0,3420.0,5,0.0,0.0
2022-09-07,3375.0,3690.0,3375.0,3600.0,3600.0,3,0.0,0.0
2022-09-08,3690.0,3780.0,3420.0,3420.0,3420.0,6,0.0,0.0
2022-09-09,3294.0,3600.0,3294.0,3456.0,3456.0,27,0.0,0.0
2022-09-12,3348.0,3690.0,3348.0,3510.0,3510.0,6,0.0,0.0
2022-09-13,3474.0,3681.0,3438.0,3600.0,3600.0,8,0.0,0.0
2022-09-14,3645.0,3645.0,3465.0,3600.0,3600.0,4,0.0,0.0
2022-09-15,3465.0,3600.0,3465.0,3600.0,3600.0,5,0.0,0.0
2022-09-16,3555.0,3960.0,3510.0,3960.0,3960.0,10,0.0,0.0
2022-09-19,3699.0,3825.0,3510.0,3699.0,3699.0,16,0.0,0.0
2022-09-20,3582.0,3591.0,3465.0,3492.0,3492.0,2,0.0,0.0
2022-09-21,3510.0,3663.0,3330.0,3564.0,3564.0,10,0.0,0.0
2022-09-22,3645.0,3870.0,3429.0,3510.0,3510.0,9,0.0,0.0
2022-09-23,3429.0,3591.0,3303.0,3312.0,3312.0,10,0.0,0.0
2022-09-26,3312.0,3591.0,3294.0,3555.0,3555.0,4,0.0,0.0
2022-09-27,3330.0,3591.0,3294.0,3294.0,3294.0,9,0.0,0.0
2022-09-28,3555.0,3555.0,3330.0,3384.0,3384.0,1,0.0,0.0
2022-09-29,3294.0,3420.0,3168.0,3303.0,3303.0,2,0.0,0.0
2022-09-30,3384.0,3546.0,3330.0,3501.0,3501.0,1,0.0,0.0
2022-10-03,3402.0,3591.0,3168.0,3366.0,3366.0,5,0.0,0.0
2022-10-04,3168.0,3492.0,3150.0,3240.0,3240.0,15,0.0,0.0
2022-10-05,3411.0,3411.0,2808.0,2970.0,2970.0,20,0.0,0.0
2022-10-06,3213.0,3213.0,2880.0,2880.0,2880.0,2,0.0,0.0
2022-10-07,2808.0,2970.0,2790.0,2808.0,2808.0,11,0.0,0.0
2022-10-10,2817.0,2952.0,2430.0,2790.0,2790.0,3,0.0,0.0
2022-10-11,2790.0,3141.0,1539.0,2520.0,2520.0,24,0.0,0.0
2022-10-12,2304.0,2943.0,2169.0,2943.0,2943.0,14,0.0,0.0
2022-10-13,2592.0,2700.0,2520.0,2610.0,2610.0,5,0.0,0.0
2022-10-14,2718.0,2718.0,2520.0,2520.0,2520.0,1,0.0,0.0
2022-10-17,2448.0,2808.0,2250.0,2736.0,2736.0,3,0.0,0.0
2022-10-18,2736.0,3060.0,1890.0,2475.0,2475.0,11,0.0,0.0
2022-10-19,2430.0,2907.0,2430.0,2790.0,2790.0,3,0.0,0.0
2022-10-20,2880.0,3060.0,2385.0,2880.0,2880.0,4,0.0,0.0
2022-10-21,2520.0,2610.0,2430.0,2448.0,2448.0,5,0.0,0.0
2022-10-24,2448.0,2592.0,2178.0,2178.0,2178.0,9,0.0,0.0
2022-10-25,2367.0,2484.0,2178.0,2421.0,2421.0,8,0.0,0.0
2022-10-26,2250.0,2493.0,2250.0,2340.0,2340.0,1,0.0,0.0
2022-10-27,2403.0,2403.0,2196.0,2295.0,2295.0,3,0.0,0.0
2022-10-28,2250.0,2367.0,2250.0,2331.0,2331.0,5,0.0,0.0
2022-10-31,2448.0,2520.0,2340.0,2349.0,2349.0,1,0.0,0.0
2022-11-01,2259.0,2358.0,2259.0,2340.0,2340.0,2,0.0,0.0
2022-11-02,2250.0,2484.0,1908.0,1908.0,1908.0,6,0.0,0.0
2022-11-03,2592.0,2592.0,1944.0,2070.0,2070.0,4,0.0,0.0
2022-11-04,2592.0,2592.0,1980.0,2052.0,2052.0,4,0.0,0.0
2022-11-07,1764.0,2052.0,1764.0,2052.0,2052.0,3,0.0,0.0
2022-11-08,2070.0,2151.0,1809.0,1890.0,1890.0,2,0.0,0.0
2022-11-09,2340.0,2340.0,1827.0,1962.0,1962.0,3,0.0,0.0
2022-11-10,1962.0,1962.0,1890.0,1917.0,1917.0,4,0.0,0.0
2022-11-11,1899.0,1953.0,1800.0,1890.0,1890.0,2,0.0,0.0
2022-11-14,1935.0,2169.0,1890.0,2025.0,2025.0,5,0.0,0.0
2022-11-15,2295.0,2295.0,1800.0,1890.0,1890.0,2,0.0,0.0
2022-11-16,2160.0,2160.0,1899.0,1917.0,1917.0,7,0.0,0.0
2022-11-17,2016.0,2142.0,1845.0,1863.0,1863.0,2,0.0,0.0
2022-11-18,1953.0,1980.0,1278.0,1305.0,1305.0,21,0.0,0.0
2022-11-21,1530.0,1665.0,1350.0,1440.0,1440.0,10,0.0,0.0
2022-11-22,1512.0,1530.0,1350.0,1485.0,1485.0,16,0.0,0.0
2022-11-23,1494.0,1530.0,1350.0,1530.0,1530.0,15,0.0,0.0
2022-11-25,1530.0,1575.0,1530.0,1575.0,1575.0,2,0.0,0.0
2022-11-28,1575.0,1800.0,1575.0,1746.0,1746.0,13,0.0,0.0
2022-11-29,1800.0,2187.0,1773.0,2007.0,2007.0,21,0.0,0.0
2022-11-30,2187.0,2277.0,1980.0,2070.0,2070.0,11,0.0,0.0
2022-12-01,2115.0,2232.0,1989.0,2205.0,2205.0,14,0.0,0.0
2022-12-02,2160.0,2340.0,2124.0,2286.0,2286.0,10,0.0,0.0
2022-12-05,2430.0,2682.0,2313.0,2475.0,2475.0,9,0.0,0.0
2022-12-06,2682.0,2682.0,2250.0,2421.0,2421.0,10,0.0,0.0
2022-12-07,2520.0,2520.0,2070.0,2160.0,2160.0,5,0.0,0.0
2022-12-08,2358.0,2358.0,1980.0,2250.0,2250.0,14,0.0,0.0
2022-12-09,1980.0,2331.0,1980.0,2241.0,2241.0,4,0.0,0.0
2022-12-12,2250.0,2277.0,2070.0,2250.0,2250.0,1,0.0,0.0
2022-12-13,2133.0,2304.0,1980.0,2070.0,2070.0,5,0.0,0.0
2022-12-14,2052.0,2097.0,1890.0,1890.0,1890.0,4,0.0,0.0
2022-12-15,1980.0,2025.0,1710.0,1710.0,1710.0,6,0.0,0.0
2022-12-16,1719.0,1719.0,1512.0,1548.0,1548.0,16,0.0,0.0
2022-12-19,1620.0,1620.0,1440.0,1458.0,1458.0,3,0.0,0.0
2022-12-20,1620.0,1620.0,1395.0,1521.0,1521.0,5,0.0,0.0
2022-12-21,1593.0,1593.0,1440.0,1458.0,1458.0,4,0.0,0.0
2022-12-22,1512.0,1530.0,1503.0,1512.0,1512.0,1,0.0,0.0
2022-12-23,1584.0,1584.0,1440.0,1467.0,1467.0,6,0.0,0.0
2022-12-27,1368.0,1611.0,1350.0,1602.0,1602.0,52,0.0,0.0
2022-12-28,1557.0,1746.0,1539.0,1566.0,1566.0,9,0.0,0.0
2022-12-29,1557.0,1746.0,1557.0,1728.0,1728.0,8,0.0,0.0
2022-12-30,1683.0,1683.0,1575.0,1584.0,1584.0,5,0.0,0.0
2023-01-03,1584.0,1638.0,1440.0,1530.0,1530.0,9,0.0,0.0
2023-01-04,1530.0,1908.0,1485.0,1620.0,1620.0,31,0.0,0.0
2023-01-05,1620.0,1710.0,1593.0,1620.0,1620.0,9,0.0,0.0
2023-01-06,1530.0,1656.0,1422.0,1422.0,1422.0,26,0.0,0.0
2023-01-09,1440.0,1611.0,1440.0,1593.0,1593.0,8,0.0,0.0
2023-01-10,1539.0,1638.0,1530.0,1620.0,1620.0,18,0.0,0.0
2023-01-11,1656.0,1692.0,1548.0,1656.0,1656.0,14,0.0,0.0
2023-01-12,1656.0,1980.0,1584.0,1908.0,1908.0,137,0.0,0.0
2023-01-13,1890.0,2268.0,1800.0,1989.0,1989.0,58,0.0,0.0
2023-01-17,2205.0,2340.0,1899.0,1980.0,1980.0,95,0.0,0.0
2023-01-18,2250.0,2250.0,1782.0,1800.0,1800.0,32,0.0,0.0
2023-01-19,1935.0,2160.0,1854.0,1998.0,1998.0,21,0.0,0.0
2023-01-20,2196.0,2196.0,1980.0,2070.0,2070.0,9,0.0,0.0
2023-01-23,2070.0,2214.0,1980.0,2115.0,2115.0,27,0.0,0.0
2023-01-24,2160.0,2169.0,1899.0,2016.0,2016.0,11,0.0,0.0
2023-01-25,2070.0,2070.0,1899.0,1962.0,1962.0,5,0.0,0.0
2023-01-26,2070.0,2250.0,1953.0,2250.0,2250.0,50,0.0,0.0
2023-01-27,2295.0,2520.0,2133.0,2205.0,2205.0,37,0.0,0.0
2023-01-30,2340.0,2682.0,2070.0,2079.0,2079.0,43,0.0,0.0
2023-01-31,2070.0,2412.0,2070.0,2133.0,2133.0,17,0.0,0.0
2023-02-01,2160.0,2268.0,2079.0,2160.0,2160.0,17,0.0,0.0
2023-02-02,2349.0,2610.0,2160.0,2340.0,2340.0,40,0.0,0.0
2023-02-03,2250.0,2511.0,2250.0,2457.0,2457.0,16,0.0,0.0
2023-02-06,2430.0,2610.0,2358.0,2565.0,2565.0,62,0.0,0.0
2023-02-07,2700.0,3600.0,2520.0,3600.0,3600.0,38,0.0,0.0
2023-02-08,3762.0,3780.0,3240.0,3465.0,3465.0,44,0.0,0.0
2023-02-09,3420.0,3546.0,3240.0,3240.0,3240.0,14,0.0,0.0
2023-02-10,2970.0,3087.0,2790.0,2799.0,2799.0,6,0.0,0.0
2023-02-13,3051.0,3051.0,2700.0,2700.0,2700.0,8,0.0,0.0
2023-02-14,2682.0,2871.0,2520.0,2673.0,2673.0,5,0.0,0.0
2023-02-15,2880.0,2880.0,2538.0,2835.0,2835.0,9,0.0,0.0
2023-02-16,2772.0,3051.0,2655.0,2880.0,2880.0,16,0.0,0.0
2023-02-17,2790.0,2970.0,2700.0,2763.0,2763.0,3,0.0,0.0
2023-02-21,2700.0,2700.0,2565.0,2583.0,2583.0,7,0.0,0.0
2023-02-22,2691.0,2790.0,2475.0,2610.0,2610.0,8,0.0,0.0
2023-02-23,2718.0,2745.0,2610.0,2628.0,2628.0,7,0.0,0.0
2023-02-24,2583.0,2709.0,2250.0,2520.0,2520.0,7,0.0,0.0
2023-02-27,2691.0,2691.0,2250.0,2367.0,2367.0,3,0.0,0.0
2023-02-28,2448.0,2520.0,2304.0,2313.0,2313.0,6,0.0,0.0
2023-03-01,2358.0,2520.0,2079.0,2250.0,2250.0,5,0.0,0.0
2023-03-02,2250.0,2520.0,2250.0,2295.0,2295.0,4,0.0,0.0
2023-03-03,2250.0,2403.0,1863.0,2223.0,2223.0,9,0.0,0.0
2023-03-06,2223.0,2430.0,2223.0,2223.0,2223.0,4,0.0,0.0
2023-03-07,2214.0,2259.0,1998.0,2088.0,2088.0,4,0.0,0.0
2023-03-08,2070.0,2070.0,1998.0,2070.0,2070.0,3,0.0,0.0
2023-03-09,2178.0,2475.0,1773.0,2295.0,2295.0,15,0.0,0.0
2023-03-10,2169.0,2448.0,2115.0,2286.0,2286.0,3,0.0,0.0
2023-03-13,2232.0,2430.0,2205.0,2250.0,2250.0,21,0.0,0.0
2023-03-14,2160.0,2421.0,2160.0,2304.0,2304.0,1,0.0,0.0
2023-03-15,2250.0,2394.0,1980.0,2196.0,2196.0,9,0.0,0.0
2023-03-16,2061.0,2385.0,2061.0,2385.0,2385.0,6,0.0,0.0
2023-03-17,2430.0,2430.0,1854.0,2268.0,2268.0,23,0.0,0.0
2023-03-20,2340.0,2655.0,2340.0,2655.0,2655.0,19,0.0,0.0
2023-03-21,2610.0,2691.0,2484.0,2691.0,2691.0,8,0.0,0.0
2023-03-22,2700.0,2880.0,2430.0,2682.0,2682.0,19,0.0,0.0
2023-03-23,2808.0,3420.0,2340.0,2700.0,2700.0,42,0.0,0.0
2023-03-24,2619.0,2970.0,2619.0,2790.0,2790.0,4,0.0,0.0
2023-03-27,2970.0,2970.0,2457.0,2619.0,2619.0,4,0.0,0.0
2023-03-28,2736.0,2736.0,2430.0,2430.0,2430.0,3,0.0,0.0
2023-03-29,2520.0,2673.0,2520.0,2610.0,2610.0,1,0.0,0.0
2023-03-30,2574.0,2610.0,2520.0,2601.0,2601.0,2,0.0,0.0
2023-03-31,2610.0,2610.0,2430.0,2538.0,2538.0,2,0.0,0.0
2023-04-03,2538.0,2547.0,2520.0,2547.0,2547.0,2,0.0,0.0
2023-04-04,2547.0,2547.0,2070.0,2160.0,2160.0,7,0.0,0.0
2023-04-05,2718.0,2718.0,2214.0,2385.0,2385.0,6,0.0,0.0
2023-04-06,2520.0,2592.0,2232.0,2250.0,2250.0,2,0.0,0.0
2023-04-10,2232.0,2367.0,2169.0,2232.0,2232.0,1,0.0,0.0
2023-04-11,2340.0,2520.0,2160.0,2250.0,2250.0,19,0.0,0.0
2023-04-12,2610.0,2610.0,2178.0,2286.0,2286.0,4,0.0,0.0
2023-04-13,2430.0,2430.0,2052.0,2070.0,2070.0,12,0.0,0.0
2023-04-14,2151.0,2259.0,1800.0,2034.0,2034.0,10,0.0,0.0
2023-04-17,2034.0,2133.0,1962.0,2052.0,2052.0,3,0.0,0.0
2023-04-18,2160.0,2286.0,2070.0,2070.0,2070.0,2,0.0,0.0
2023-04-19,2241.0,2241.0,1980.0,1998.0,1998.0,3,0.0,0.0
2023-04-20,1935.0,2115.0,1935.0,1980.0,1980.0,2,0.0,0.0
2023-04-21,2016.0,2016.0,1863.0,1926.0,1926.0,3,0.0,0.0
2023-04-24,1908.0,1926.0,1800.0,1926.0,1926.0,3,0.0,0.0
2023-04-25,1926.0,1980.0,1557.0,1719.0,1719.0,8,0.0,0.0
2023-04-26,1890.0,2160.0,1629.0,1710.0,1710.0,78,0.0,0.0
2023-04-27,1800.0,1800.0,1530.0,1530.0,1530.0,34,0.0,0.0
2023-04-28,1683.0,1683.0,1440.0,1539.0,1539.0,16,0.0,0.0
2023-05-01,1665.0,1665.0,1395.0,1449.0,1449.0,33,0.0,0.0
2023-05-02,1359.0,1548.0,1359.0,1458.0,1458.0,12,0.0,0.0
2023-05-03,1575.0,1575.0,1485.0,1521.0,1521.0,3,0.0,0.0
2023-05-04,1557.0,1575.0,1440.0,1575.0,1575.0,18,0.0,0.0
2023-05-05,1656.0,2142.0,1530.0,2061.0,2061.0,29,0.0,0.0
2023-05-08,1926.0,1926.0,1566.0,1620.0,1620.0,37,0.0,0.0
2023-05-09,1575.0,1620.0,1530.0,1530.0,1530.0,34,0.0,0.0
2023-05-10,1647.0,1647.0,1485.0,1530.0,1530.0,10,0.0,0.0
2023-05-11,1566.0,1575.0,1503.0,1530.0,1530.0,4,0.0,0.0
2023-05-12,1494.0,1512.0,1287.0,1476.0,1476.0,23,0.0,0.0
2023-05-15,1476.0,1476.0,1314.0,1341.0,1341.0,13,0.0,0.0
2023-05-16,1350.0,1350.0,1332.0,1341.0,1341.0,6,0.0,0.0
2023-05-17,1314.0,1332.0,1269.0,1305.0,1305.0,10,0.0,0.0
2023-05-18,1260.0,1422.0,1260.0,1287.0,1287.0,13,0.0,0.0
2023-05-19,1260.0,1350.0,1098.0,1341.0,1341.0,7,0.0,0.0
2023-05-22,1143.0,1341.0,1035.0,1080.0,1080.0,130,0.0,0.0
2023-05-23,1062.0,1071.0,855.0,891.0,891.0,250,0.0,0.0
2023-05-24,891.0,891.0,666.0,765.0,765.0,303,0.0,0.0
2023-05-25,666.0,684.0,531.0,630.0,630.0,312,0.0,0.0
2023-05-26,630.0,720.0,594.0,603.0,603.0,197,0.0,0.0
2023-05-30,900.0,900.0,540.0,630.0,630.0,1292,0.0,0.033333
2023-05-31,654.0,693.0,588.0,663.0,663.0,297,0.0,0.0
2023-06-01,645.0,747.0,600.0,711.0,711.0,339,0.0,0.0
2023-06-02,720.0,720.0,603.0,603.0,603.0,305,0.0,0.0
2023-06-05,633.0,633.0,525.0,537.0,537.0,211,0.0,0.0
2023-06-06,525.0,543.0,438.0,438.0,438.0,399,0.0,0.0
2023-06-07,426.0,474.0,396.0,402.0,402.0,148,0.0,0.0
2023-06-08,417.0,454.200012,375.0,378.0,378.0,203,0.0,0.0
2023-06-09,381.0,408.0,381.0,387.0,387.0,124,0.0,0.0
2023-06-12,384.0,450.0,384.0,408.0,408.0,85,0.0,0.0
2023-06-13,417.0,429.0,393.0,399.0,399.0,59,0.0,0.0
2023-06-14,393.0,437.399994,393.0,417.0,417.0,79,0.0,0.0
2023-06-15,417.0,432.0,399.0,417.0,417.0,99,0.0,0.0
2023-06-16,414.0,438.0,408.0,417.0,417.0,51,0.0,0.0
2023-06-20,408.0,456.0,408.0,450.0,450.0,301,0.0,0.0
2023-06-21,450.0,567.0,423.0,522.0,522.0,1330,0.0,0.0
2023-06-22,510.0,660.0,495.0,624.0,624.0,997,0.0,0.0
2023-06-23,630.0,664.799988,558.0,612.0,612.0,331,0.0,0.0
2023-06-26,600.0,613.200012,513.0,592.5,592.5,116,0.0,0.0
2023-06-27,600.0,675.0,577.5,630.0,630.0,197,0.0,0.0
2023-06-28,588.0,618.0,571.200012,576.0,576.0,156,0.0,0.0
2023-06-29,576.0,621.0,576.0,612.0,612.0,32,0.0,0.0
2023-06-30,633.0,645.0,594.0,612.900024,612.900024,108,0.0,0.0
2023-07-03,636.0,748.200012,605.700012,708.0,708.0,270,0.0,0.0
2023-07-05,684.0,717.0,651.0,666.0,666.0,233,0.0,0.0
2023-07-06,687.0,687.0,630.0,675.0,675.0,38,0.0,0.0
2023-07-07,687.0,795.0,651.599976,729.0,729.0,250,0.0,0.0
2023-07-10,747.0,777.0,702.599976,738.0,738.0,94,0.0,0.0
2023-07-11,738.0,801.0,738.0,738.0,738.0,169,0.0,0.0
2023-07-12,753.0,795.0,699.0,705.0,705.0,319,0.0,0.0
2023-07-13,735.599976,826.5,708.0,786.0,786.0,150,0.0,0.0
2023-07-14,816.0,822.0,675.0,717.0,717.0,140,0.0,0.0
2023-07-17,732.0,733.200012,630.0,648.0,648.0,114,0.0,0.0
2023-07-18,657.0,657.0,603.0,604.5,604.5,128,0.0,0.0
2023-07-19,603.0,633.0,576.0,597.0,597.0,141,0.0,0.0
2023-07-20,597.0,615.0,573.599976,591.0,591.0,68,0.0,0.0
2023-07-21,591.0,684.0,579.0,621.0,621.0,95,0.0,0.0
2023-07-24,627.0,627.0,483.0,489.0,489.0,222,0.0,0.0
2023-07-25,537.0,569.700012,522.0,540.0,540.0,156,0.0,0.0
2023-07-26,540.0,579.0,514.5,555.0,555.0,92,0.0,0.0
2023-07-27,582.0,582.0,483.0,510.0,510.0,76,0.0,0.0
2023-07-28,519.0,579.0,519.0,561.0,561.0,23,0.0,0.0
2023-07-31,576.0,582.0,537.0,537.0,537.0,50,0.0,0.0
2023-08-01,528.0,570.0,528.0,543.0,543.0,20,0.0,0.0
2023-08-02,558.0,567.0,504.0,504.0,504.0,32,0.0,0.0
2023-08-03,518.099976,552.599976,518.099976,537.0,537.0,18,0.0,0.0
2023-08-04,531.0,534.0,510.0,519.0,519.0,26,0.0,0.0
2023-08-07,528.0,534.0,498.0,525.0,525.0,80,0.0,0.0
2023-08-08,498.0,532.5,498.0,531.0,531.0,39,0.0,0.0
2023-08-09,546.0,564.0,531.0,531.0,531.0,24,0.0,0.0
2023-08-10,534.0,561.0,528.900024,555.0,555.0,11,0.0,0.0
2023-08-11,534.0,534.0,510.0,510.0,510.0,18,0.0,0.0
2023-08-14,522.0,528.0,504.0,525.0,525.0,31,0.0,0.0
2023-08-15,534.0,546.0,510.0,510.0,510.0,20,0.0,0.0
2023-08-16,510.0,510.0,483.0,501.0,501.0,17,0.0,0.0
2023-08-17,495.0,498.299988,483.0,489.0,489.0,5,0.0,0.0
2023-08-18,513.0,525.0,489.899994,522.0,522.0,10,0.0,0.0
2023-08-21,510.0,522.0,510.0,513.0,513.0,6,0.0,0.0
2023-08-22,504.0,554.700012,504.0,528.0,528.0,16,0.0,0.0
2023-08-23,534.0,537.0,498.0,525.0,525.0,40,0.0,0.0
2023-08-24,501.0,516.0,498.0,516.0,516.0,8,0.0,0.0
2023-08-25,502.5,504.299988,486.0,489.0,489.0,13,0.0,0.0
2023-08-28,483.0,510.0,474.0,510.0,510.0,55,0.0,0.0
2023-08-29,504.0,657.0,492.0,597.0,597.0,395,0.0,0.0
2023-08-30,591.0,603.0,564.0,564.0,564.0,26,0.0,0.0
2023-08-31,573.0,573.0,510.0,527.400024,527.400024,60,0.0,0.0
2023-09-01,525.0,540.0,525.0,537.0,537.0,25,0.0,0.0
2023-09-05,561.0,561.0,525.0,538.200012,538.200012,18,0.0,0.0
2023-09-06,534.0,537.0,518.700012,519.0,519.0,21,0.0,0.0
2023-09-07,543.0,543.0,492.0,525.0,525.0,15,0.0,0.0
2023-09-08,513.0,516.0,498.0,511.5,511.5,15,0.0,0.0
2023-09-11,498.0,507.0,468.0,468.0,468.0,22,0.0,0.0
2023-09-12,489.0,489.0,465.0,465.0,465.0,21,0.0,0.0
2023-09-13,456.0,465.0,453.0,465.0,465.0,13,0.0,0.0
2023-09-14,458.100006,483.600006,432.0,450.0,450.0,56,0.0,0.0
2023-09-15,441.0,459.0,429.0,459.0,459.0,9,0.0,0.0
2023-09-18,459.0,459.0,450.0,456.0,456.0,17,0.0,0.0
2023-09-19,456.0,459.0,456.0,459.0,459.0,3,0.0,0.0
2023-09-20,459.0,465.0,459.0,465.0,465.0,3,0.0,0.0
2023-09-21,471.0,471.0,435.0,441.0,441.0,13,0.0,0.0
2023-09-22,436.5,436.5,420.0,426.0,426.0,32,0.0,0.0
2023-09-25,477.0,477.0,477.0,477.0,477.0,2,0.0,0.0
2023-09-26,448.5,448.5,417.0,417.0,417.0,31,0.0,0.0
2023-09-27,432.0,456.0,414.0,423.0,423.0,6,0.0,0.0
2023-09-28,402.0,414.0,402.0,414.0,414.0,10,0.0,0.0
2023-09-29,435.0,441.0,435.0,441.0,441.0,5,0.0,0.0
2023-10-02,450.0,483.0,441.0,465.0,465.0,133,0.0,0.0
2023-10-03,459.0,465.0,422.399994,459.0,459.0,11,0.0,0.0
2023-10-04,444.0,468.0,444.0,462.0,462.0,6,0.0,0.0
2023-10-05,450.0,456.0,399.600006,456.0,456.0,14,0.0,0.0
2023-10-06,431.100006,474.0,431.100006,450.0,450.0,48,0.0,0.0
2023-10-09,429.0,456.0,429.0,456.0,456.0,20,0.0,0.0
2023-10-10,441.0,456.0,441.0,450.0,450.0,24,0.0,0.0
2023-10-11,459.0,459.0,447.0,456.0,456.0,14,0.0,0.0
2023-10-12,450.0,471.0,447.0,455.100006,455.100006,4,0.0,0.0
2023-10-13,456.0,462.0,438.0,441.0,441.0,5,0.0,0.0
2023-10-16,448.5,463.799988,428.700012,429.0,429.0,21,0.0,0.0
2023-10-17,459.0,459.0,420.0,438.0,438.0,10,0.0,0.0
2023-10-18,423.0,432.0,402.0,429.0,429.0,10,0.0,0.0
2023-10-19,417.0,435.0,405.0,429.0,429.0,8,0.0,0.0
2023-10-20,445.200012,450.0,399.0,441.0,441.0,31,0.0,0.0
2023-10-23,426.0,489.0,426.0,480.0,480.0,12,0.0,0.0
2023-10-24,504.0,543.0,484.5,516.299988,516.299988,144,0.0,0.0
2023-10-25,507.0,507.0,459.0,459.0,459.0,25,0.0,0.0
2023-10-26,459.0,468.0,450.0,450.0,450.0,40,0.0,0.0
2023-10-27,465.299988,483.0,426.0,447.0,447.0,8,0.0,0.0
2023-10-30,465.0,492.0,459.0,459.0,459.0,17,0.0,0.0
2023-10-31,459.0,465.0,420.0,438.0,438.0,18,0.0,0.0
2023-11-01,439.200012,439.200012,426.0,426.0,426.0,15,0.0,0.0
2023-11-02,456.0,456.0,435.0,435.0,435.0,26,0.0,0.0
2023-11-03,460.5,460.5,438.299988,444.0,444.0,18,0.0,0.0
2023-11-06,450.299988,460.5,446.700012,447.0,447.0,25,0.0,0.0
2023-11-07,435.0,454.5,432.0,444.0,444.0,14,0.0,0.0
2023-11-08,462.0,501.0,450.0,489.0,489.0,93,0.0,0.0
2023-11-09,508.200012,609.0,504.0,567.0,567.0,321,0.0,0.0
2023-11-10,570.0,810.0,569.400024,669.0,669.0,1875,0.0,0.0
2023-11-13,696.0,774.0,648.0,765.0,765.0,2153,0.0,0.0
2023-11-14,765.0,786.0,693.0,771.0,771.0,2466,0.0,0.0
2023-11-15,765.0,780.0,691.200012,780.0,780.0,237,0.0,0.0
2023-11-16,744.0,759.0,728.099976,759.0,759.0,104,0.0,0.0
2023-11-17,744.0,750.0,683.099976,738.0,738.0,121,0.0,0.0
2023-11-20,705.0,891.0,672.0,861.0,861.0,1598,0.0,0.0
2023-11-21,882.0,972.0,823.5,972.0,972.0,253,0.0,0.0
2023-11-22,996.0,1017.0,870.0,1002.0,1002.0,162,0.0,0.0
2023-11-24,1017.0,1093.5,1002.0,1092.0,1092.0,235,0.0,0.0
2023-11-27,1131.0,1380.0,1098.0,1287.0,1287.0,484,0.0,0.0
2023-11-28,1335.0,1527.0,1317.0,1518.0,1518.0,747,0.0,0.0
2023-11-29,1548.0,1605.0,1341.0,1521.0,1521.0,313,0.0,0.0
2023-11-30,1485.0,1581.0,1374.0,1380.0,1380.0,345,0.0,0.0
2023-12-01,1314.0,1314.0,1080.0,1255.800049,1255.800049,425,0.0,0.0
2023-12-04,1257.0,1374.0,1056.0,1374.0,1374.0,549,0.0,0.0
2023-12-05,1440.0,1647.0,1410.0,1470.0,1470.0,358,0.0,0.0
2023-12-06,1515.0,1614.0,1491.0,1560.0,1560.0,248,0.0,0.0
2023-12-07,1569.0,1569.0,1464.0,1500.0,1500.0,518,0.0,0.0
2023-12-08,1509.0,1568.400024,1473.0,1545.0,1545.0,98,0.0,0.0
2023-12-11,1530.0,1530.0,1422.0,1482.0,1482.0,101,0.0,0.0
2023-12-12,1413.0,1494.0,1380.0,1431.0,1431.0,150,0.0,0.0
2023-12-13,1422.0,1506.0,1197.0,1506.0,1506.0,105,0.0,0.0
2023-12-14,1470.0,1497.0,1374.0,1497.0,1497.0,82,0.0,0.0
2023-12-15,1497.0,1497.0,1356.0,1398.0,1398.0,55,0.0,0.0
2023-12-18,1371.0,1398.0,1197.0,1206.0,1206.0,109,0.0,0.0
2023-12-19,1320.0,1320.0,1200.0,1206.0,1206.0,99,0.0,0.0
2023-12-20,1200.0,1281.0,1092.0,1203.0,1203.0,157,0.0,0.0
2023-12-21,1194.300049,1200.0,1125.0,1149.0,1149.0,359,0.0,0.0
2023-12-22,1197.0,1239.0,1164.0,1236.0,1236.0,154,0.0,0.0
2023-12-26,1236.0,1236.0,1053.0,1095.0,1095.0,1667,0.0,0.0
2023-12-27,1197.0,1197.0,1000.5,1122.0,1122.0,297,0.0,0.0
2023-12-28,990.0,1159.5,990.0,1155.0,1155.0,83,0.0,0.0
2023-12-29,1149.0,1245.0,1086.0,1245.0,1245.0,200,0.0,0.0
2024-01-02,1431.0,1431.0,1143.0,1203.0,1203.0,128,0.0,0.0
2024-01-03,1167.0,1176.0,1088.099976,1173.0,1173.0,84,0.0,0.0
2024-01-04,1110.0,1194.0,1104.0,1194.0,1194.0,140,0.0,0.0
2024-01-05,1140.0,1143.0,1102.800049,1143.0,1143.0,66,0.0,0.0
2024-01-08,1137.0,1149.0,1089.0,1149.0,1149.0,46,0.0,0.0
2024-01-09,1140.0,1140.0,1080.0,1080.0,1080.0,210,0.0,0.0
2024-01-10,1071.0,1152.0,1020.0,1080.0,1080.0,71,0.0,0.0
2024-01-11,1257.0,1257.0,1020.0,1050.0,1050.0,113,0.0,0.0
2024-01-12,1041.0,1044.599976,963.0,1003.5,1003.5,347,0.0,0.0
2024-01-16,903.0,976.200012,903.0,936.0,936.0,182,0.0,0.0
2024-01-17,906.0,906.0,870.0,876.0,876.0,43,0.0,0.0
2024-01-18,807.0,846.0,720.0,786.0,786.0,414,0.0,0.0
2024-01-19,786.299988,786.299988,750.0,750.0,750.0,56,0.0,0.0
2024-01-22,807.0,807.0,750.0,750.0,750.0,138,0.0,0.0
2024-01-23,750.0,789.0,738.0,747.0,747.0,111,0.0,0.0
2024-01-24,831.0,897.0,750.0,882.0,882.0,3794,0.0,0.0
2024-01-25,810.0,870.0,780.0,837.0,837.0,260,0.0,0.0
2024-01-26,837.0,1425.0,822.0,1374.599976,1374.599976,1521,0.0,0.0
2024-01-29,1332.0,1332.0,921.0,1131.0,1131.0,4185,0.0,0.0
2024-01-30,1110.0,1797.0,1110.0,1677.0,1677.0,2259,0.0,0.0
2024-01-31,1794.0,2250.0,1689.0,2124.0,2124.0,1670,0.0,0.0
2024-02-01,2109.0,2580.0,1831.800049,2571.0,2571.0,1346,0.0,0.0
2024-02-02,2688.0,2913.0,2460.0,2805.0,2805.0,1231,0.0,0.0
2024-02-05,2718.0,2718.0,1707.0,1707.0,1707.0,4848,0.0,0.0
2024-02-06,1683.0,2325.0,1065.0,1635.0,1635.0,4075,0.0,0.0
2024-02-07,1539.0,1710.0,1443.0,1524.0,1524.0,1077,0.0,0.0
2024-02-08,1620.0,1710.0,1440.0,1461.0,1461.0,1132,0.0,0.0
2024-02-09,1494.0,1569.0,1431.0,1545.0,1545.0,853,0.0,0.0
2024-02-12,1500.0,1626.0,1449.0,1470.0,1470.0,6298,0.0,0.0
2024-02-13,1440.0,1560.0,1365.0,1470.0,1470.0,1233,0.0,0.0
2024-02-14,1500.0,1548.0,1449.0,1479.0,1479.0,3164,0.0,0.0
2024-02-15,1500.0,1666.5,1212.0,1242.0,1242.0,2108,0.0,0.0
2024-02-16,1380.0,1770.0,1311.0,1689.0,1689.0,5003,0.0,0.0
2024-02-20,1656.0,1824.0,1593.0,1719.0,1719.0,3165,0.0,0.0
2024-02-21,1653.0,1740.0,1560.0,1593.0,1593.0,2126,0.0,0.0
2024-02-22,1653.0,1737.0,1446.0,1491.0,1491.0,4837,0.0,0.0
2024-02-23,1674.0,1875.0,1554.0,1857.0,1857.0,5646,0.0,0.0
2024-02-26,1794.0,1917.0,1440.0,1779.0,1779.0,9204,0.0,0.0
2024-02-27,1800.0,1830.0,1704.0,1812.0,1812.0,1739,0.0,0.0
2024-02-28,1671.0,1755.0,1548.0,1680.0,1680.0,1824,0.0,0.0
2024-02-29,1668.0,1704.0,1542.900024,1683.0,1683.0,408,0.0,0.0
2024-03-01,1650.0,1766.699951,1620.0,1719.0,1719.0,1096,0.0,0.0
2024-03-04,1680.0,1710.0,1128.0,1179.0,1179.0,6130,0.0,0.0
2024-03-05,1170.0,1260.0,1140.0,1203.0,1203.0,538,0.0,0.0
2024-03-06,1185.0,1476.0,1080.0,1113.0,1113.0,4278,0.0,0.0
2024-03-07,1143.0,1230.0,1095.0,1218.0,1218.0,2911,0.0,0.0
2024-03-08,1257.0,1260.0,1155.0,1176.0,1176.0,1125,0.0,0.0
2024-03-11,1302.0,1425.0,1245.0,1425.0,1425.0,415,0.0,0.0
2024-03-12,1350.0,1587.0,1350.0,1584.0,1584.0,655,0.0,0.0
2024-03-13,1350.0,1365.0,1155.0,1170.0,1170.0,2822,0.0,0.0
2024-03-14,1170.0,1410.0,1170.0,1395.0,1395.0,1720,0.0,0.0
2024-03-15,1368.0,1440.0,1350.0,1362.0,1362.0,284,0.0,0.0
2024-03-18,1350.0,1698.0,1350.0,1662.0,1662.0,1192,0.0,0.0
2024-03-19,1644.0,1707.900024,1557.0,1569.0,1569.0,277,0.0,0.0
2024-03-20,1584.0,1656.0,1527.0,1644.0,1644.0,380,0.0,0.0
2024-03-21,1650.0,1810.5,1555.5,1767.0,1767.0,633,0.0,0.0
2024-03-22,1638.0,1764.0,1629.0,1677.0,1677.0,495,0.0,0.0
2024-03-25,1677.0,1788.900024,1605.0,1617.0,1617.0,665,0.0,0.0
2024-03-26,1608.0,1672.5,1548.0,1578.0,1578.0,97,0.0,0.0
2024-03-27,1554.0,1564.5,1170.0,1200.0,1200.0,1362,0.0,0.0
2024-03-28,1185.0,1272.0,1164.0,1203.0,1203.0,445,0.0,0.0
2024-04-01,1200.0,1257.0,1125.0,1150.5,1150.5,1219,0.0,0.0
2024-04-02,1197.0,1230.0,1104.0,1206.0,1206.0,728,0.0,0.0
2024-04-03,1179.0,1206.0,1158.0,1185.0,1185.0,75,0.0,0.0
2024-04-04,1182.0,1227.0,1140.0,1161.0,1161.0,223,0.0,0.0
2024-04-05,1146.0,1290.0,1146.0,1236.0,1236.0,796,0.0,0.0
2024-04-08,1101.0,1119.0,993.0,1047.0,1047.0,1646,0.0,0.0
2024-04-09,1002.0,1053.0,954.0,960.0,960.0,183,0.0,0.0
2024-04-10,960.0,985.799988,906.0,957.0,957.0,215,0.0,0.0
2024-04-11,936.0,1047.0,936.0,963.0,963.0,115,0.0,0.0
2024-04-12,870.0,954.0,870.0,876.0,876.0,525,0.0,0.0
2024-04-15,855.0,921.900024,798.0,798.0,798.0,188,0.0,0.0
2024-04-16,792.0,885.0,771.0,873.0,873.0,436,0.0,0.0
2024-04-17,882.0,915.0,858.0,879.0,879.0,152,0.0,0.0
2024-04-18,870.0,927.0,870.0,894.0,894.0,140,0.0,0.0
2024-04-19,840.0,912.0,636.0,708.0,708.0,865,0.0,0.0
2024-04-22,675.0,750.0,675.0,711.0,711.0,157,0.0,0.0
2024-04-23,732.0,807.0,705.0,798.0,798.0,544,0.0,0.0
2024-04-24,807.0,882.0,804.0,843.0,843.0,243,0.0,0.0
2024-04-25,849.0,927.0,825.0,924.0,924.0,298,0.0,0.0
2024-04-26,912.0,1002.0,912.0,996.0,996.0,128,0.0,0.0
2024-04-29,1080.0,1350.0,1080.0,1188.0,1188.0,1735,0.0,0.0
2024-04-30,1176.0,1215.0,1143.0,1182.0,1182.0,1266,0.0,0.0
2024-05-01,1176.0,1180.5,1107.0,1158.0,1158.0,428,0.0,0.0
2024-05-02,1185.0,1197.0,1146.0,1164.0,1164.0,694,0.0,0.0
2024-05-03,1170.0,1254.0,1125.0,1236.0,1236.0,1590,0.0,0.0
2024-05-06,1251.0,1287.0,1215.0,1263.0,1263.0,569,0.0,0.0
2024-05-07,1251.0,1395.0,1221.0,1314.0,1314.0,773,0.0,0.0
2024-05-08,1269.0,1332.0,1116.0,1314.0,1314.0,1620,0.0,0.0
2024-05-09,1245.0,1377.0,1245.0,1293.0,1293.0,920,0.0,0.0
2024-05-10,1233.0,1290.0,1149.0,1215.0,1215.0,1110,0.0,0.0
2024-05-13,1257.0,1287.0,1215.0,1236.0,1236.0,1732,0.0,0.0
2024-05-14,1242.0,1302.0,1239.0,1254.0,1254.0,1602,0.0,0.0
2024-05-15,1197.0,1215.0,1125.0,1167.0,1167.0,2820,0.0,0.0
2024-05-16,1167.0,1214.099976,1155.0,1167.0,1167.0,1136,0.0,0.0
2024-05-17,1170.0,1173.0,756.0,1056.0,1056.0,4738,0.0,0.0
2024-05-20,999.0,1050.0,897.0,1008.0,1008.0,2339,0.0,0.0
2024-05-21,993.0,1161.0,975.0,1140.0,1140.0,2391,0.0,0.0
2024-05-22,1140.0,1169.400024,1056.0,1056.0,1056.0,766,0.0,0.0
2024-05-23,1068.0,1107.0,999.0,1035.0,1035.0,352,0.0,0.0
2024-05-24,1113.0,1149.0,1050.0,1095.0,1095.0,483,0.0,0.0
2024-05-28,1080.0,1161.0,1080.0,1107.0,1107.0,313,0.0,0.0
2024-05-29,1110.0,1185.0,1107.0,1131.0,1131.0,1164,0.0,0.0
2024-05-30,1140.0,1151.099976,1095.0,1107.0,1107.0,338,0.0,0.0
2024-05-31,1143.0,1170.0,1098.0,1125.0,1125.0,723,0.0,0.0
2024-06-03,1128.0,1128.0,1101.0,1104.0,1104.0,228,0.0,0.0
2024-06-04,1125.0,1140.0,1056.0,1092.0,1092.0,571,0.0,0.0
2024-06-05,1122.0,1122.0,1074.0,1080.0,1080.0,1094,0.0,0.0
2024-06-06,1101.0,1152.0,1050.0,1140.0,1140.0,772,0.0,0.0
2024-06-07,1107.0,1145.400024,1085.400024,1098.0,1098.0,114,0.0,0.0
2024-06-10,1101.0,1125.0,1095.0,1098.0,1098.0,61,0.0,0.0
2024-06-11,1095.0,1188.0,1095.0,1164.0,1164.0,1569,0.0,0.0
2024-06-12,1164.0,1170.0,1128.0,1134.0,1134.0,335,0.0,0.0
2024-06-13,1128.0,1185.0,1128.0,1170.0,1170.0,302,0.0,0.0
2024-06-14,1170.0,1260.0,1170.0,1224.0,1224.0,1957,0.0,0.0
2024-06-17,1224.0,1365.0,1206.0,1350.0,1350.0,679,0.0,0.0
2024-06-18,1335.0,1485.0,1266.0,1440.0,1440.0,513,0.0,0.0
2024-06-20,1452.0,1470.0,1359.0,1452.0,1452.0,387,0.0,0.0
2024-06-21,1452.0,1644.0,1432.5,1623.0,1623.0,1059,0.0,0.0
2024-06-24,1599.0,1630.5,1347.0,1455.0,1455.0,1009,0.0,0.0
2024-06-25,1446.0,1545.0,1446.0,1524.0,1524.0,1727,0.0,0.0
2024-06-26,1497.0,1560.0,1464.0,1560.0,1560.0,1221,0.0,0.0
2024-06-27,1500.0,1719.0,1425.0,1596.0,1596.0,6913,0.0,0.0
2024-06-28,1485.0,1500.0,768.0,864.0,864.0,11296,0.0,0.0
2024-07-01,813.0,840.0,588.0,621.0,621.0,5957,0.0,0.0
2024-07-02,600.0,672.0,585.0,627.0,627.0,3059,0.0,0.0
2024-07-03,648.0,681.0,594.0,675.0,675.0,2148,0.0,0.0
2024-07-05,633.0,658.799988,534.0,627.0,627.0,2313,0.0,0.0
2024-07-08,609.0,630.0,600.0,609.0,609.0,342,0.0,0.0
2024-07-09,609.0,629.099976,531.0,558.0,558.0,534,0.0,0.0
2024-07-10,615.0,615.0,567.0,573.0,573.0,346,0.0,0.0
2024-07-11,570.0,597.0,540.0,552.0,552.0,447,0.0,0.0
2024-07-12,597.0,624.0,573.0,606.0,606.0,724,0.0,0.0
2024-07-15,615.0,660.0,588.0,600.0,600.0,1112,0.0,0.0
2024-07-16,594.0,624.0,591.0,594.0,594.0,532,0.0,0.0
2024-07-17,585.0,594.0,540.0,576.0,576.0,581,0.0,0.0
2024-07-18,582.0,588.0,498.0,519.0,519.0,935,0.0,0.0
2024-07-19,525.0,534.0,513.0,513.0,513.0,186,0.0,0.0
2024-07-22,531.0,531.0,450.0,477.0,477.0,835,0.0,0.0
2024-07-23,486.0,558.0,480.600006,528.0,528.0,594,0.0,0.0
2024-07-24,522.0,529.5,471.0,501.0,501.0,289,0.0,0.0
2024-07-25,518.400024,519.0,486.0,498.0,498.0,117,0.0,0.0
2024-07-26,510.0,519.0,498.0,510.0,510.0,91,0.0,0.0
2024-07-29,522.0,540.0,506.399994,537.0,537.0,150,0.0,0.0
2024-07-30,546.0,555.0,477.0,525.0,525.0,314,0.0,0.0
2024-07-31,519.0,528.0,501.0,522.0,522.0,97,0.0,0.0
2024-08-01,507.0,531.0,489.0,504.0,504.0,159,0.0,0.0
2024-08-02,492.0,504.0,459.0,480.0,480.0,144,0.0,0.0
2024-08-05,450.0,480.0,420.0,462.0,462.0,384,0.0,0.0
2024-08-06,459.0,480.0,444.0,477.0,477.0,77,0.0,0.0
2024-08-07,480.0,495.0,453.0,466.5,466.5,85,0.0,0.0
2024-08-08,468.0,507.0,456.0,504.0,504.0,162,0.0,0.0
2024-08-09,495.299988,531.0,492.0,531.0,531.0,69,0.0,0.0
2024-08-12,531.0,531.0,498.0,501.0,501.0,68,0.0,0.0
2024-08-13,492.0,528.0,492.0,525.0,525.0,86,0.0,0.0
2024-08-14,513.0,525.0,471.0,492.0,492.0,177,0.0,0.0
2024-08-15,501.600006,516.0,498.0,498.0,498.0,94,0.0,0.0
2024-08-16,507.0,525.0,489.0,516.0,516.0,78,0.0,0.0
2024-08-19,522.0,573.0,504.0,558.0,558.0,675,0.0,0.0
2024-08-20,570.0,570.0,543.0,558.0,558.0,80,0.0,0.0
2024-08-21,549.0,579.0,549.0,570.0,570.0,141,0.0,0.0
2024-08-22,570.0,574.5,555.0,555.0,555.0,98,0.0,0.0
2024-08-23,552.0,597.0,552.0,588.0,588.0,116,0.0,0.0
2024-08-26,597.0,597.0,564.0,585.0,585.0,113,0.0,0.0
2024-08-27,570.0,570.0,558.0,570.0,570.0,33,0.0,0.0
2024-08-28,558.0,558.0,486.0,546.0,546.0,197,0.0,0.0
2024-08-29,549.0,558.0,534.0,549.0,549.0,27,0.0,0.0
2024-08-30,531.0,537.0,486.0,519.0,519.0,134,0.0,0.0
2024-09-03,549.0,549.0,495.0,528.0,528.0,165,0.0,0.0
2024-09-04,513.0,555.0,498.0,540.0,540.0,99,0.0,0.0
2024-09-05,525.0,531.0,498.0,528.0,528.0,31,0.0,0.0
2024-09-06,528.0,534.0,489.0,504.0,504.0,61,0.0,0.0
2024-09-09,495.0,537.0,495.0,522.0,522.0,92,0.0,0.0
2024-09-10,516.599976,591.0,516.599976,582.0,582.0,402,0.0,0.0
2024-09-11,579.0,597.0,561.0,588.0,588.0,89,0.0,0.0
2024-09-12,588.0,600.0,576.0,588.0,588.0,116,0.0,0.0
2024-09-13,588.0,615.0,588.0,611.700012,611.700012,101,0.0,0.0
2024-09-16,603.0,702.0,603.0,666.0,666.0,298,0.0,0.0
2024-09-17,681.0,777.0,681.0,750.0,750.0,462,0.0,0.0
2024-09-18,747.0,857.400024,705.599976,831.0,831.0,469,0.0,0.0
2024-09-19,876.0,927.0,789.0,840.0,840.0,519,0.0,0.0
2024-09-20,825.0,876.0,825.0,858.0,858.0,138,0.0,0.0
2024-09-23,834.0,897.0,811.5,864.0,864.0,177,0.0,0.0
2024-09-24,810.0,870.0,810.0,825.0,825.0,638,0.0,0.0
2024-09-25,786.0,831.0,759.0,759.0,759.0,136,0.0,0.0
2024-09-26,756.0,756.0,573.0,603.0,603.0,743,0.0,0.0
2024-09-27,642.0,642.0,552.0,597.0,597.0,200,0.0,0.0
2024-09-30,618.0,621.0,570.0,612.0,612.0,250,0.0,0.0
2024-10-01,606.0,622.200012,573.0,591.0,591.0,43,0.0,0.0
2024-10-02,591.0,642.599976,591.0,633.0,633.0,161,0.0,0.0
2024-10-03,606.0,663.0,606.0,660.0,660.0,153,0.0,0.0
2024-10-04,702.0,780.0,666.0,738.0,738.0,329,0.0,0.0
2024-10-07,744.0,744.0,645.0,654.0,654.0,128,0.0,0.0
2024-10-08,648.0,693.0,633.0,666.0,666.0,141,0.0,0.0
2024-10-09,660.0,678.0,612.0,612.0,612.0,152,0.0,0.0
2024-10-10,624.0,675.0,609.0,657.0,657.0,77,0.0,0.0
2024-10-11,675.0,699.0,651.299988,675.0,675.0,55,0.0,0.0
2024-10-14,691.200012,822.0,631.200012,645.0,645.0,270,0.0,0.0
2024-10-15,657.0,711.0,624.0,645.0,645.0,168,0.0,0.0
2024-10-16,666.0,672.0,609.0,639.0,639.0,136,0.0,0.0
2024-10-17,639.0,639.0,603.0,606.0,606.0,95,0.0,0.0
2024-10-18,630.0,639.0,594.0,600.0,600.0,72,0.0,0.0
2024-10-21,630.0,630.0,570.0,600.0,600.0,113,0.0,0.0
2024-10-22,600.0,624.0,588.0,609.0,609.0,63,0.0,0.0
2024-10-23,600.0,612.0,588.0,588.0,588.0,62,0.0,0.0
2024-10-24,597.0,615.0,570.0,585.0,585.0,61,0.0,0.0
2024-10-25,597.0,597.0,580.5,588.0,588.0,26,0.0,0.0
2024-10-28,597.0,597.0,540.0,576.0,576.0,108,0.0,0.0
2024-10-29,588.0,630.0,555.0,586.799988,586.799988,168,0.0,0.0
2024-10-30,567.0,594.0,567.0,584.099976,584.099976,60,0.0,0.0
2024-10-31,576.0,594.299988,540.0,540.0,540.0,83,0.0,0.0
2024-11-01,546.0,564.0,531.0,552.0,552.0,43,0.0,0.0
2024-11-04,558.0,579.0,534.0,555.0,555.0,46,0.0,0.0
2024-11-05,583.200012,630.0,558.0,592.200012,592.200012,202,0.0,0.0
2024-11-06,600.0,632.700012,414.0,555.0,555.0,348,0.0,0.0
2024-11-07,555.0,603.599976,555.0,600.0,600.0,158,0.0,0.0
2024-11-08,588.0,600.0,556.5,564.0,564.0,72,0.0,0.0
2024-11-11,570.0,660.0,564.0,630.0,630.0,530,0.0,0.0
2024-11-12,594.0,687.0,558.0,600.0,600.0,2303,0.0,0.0
2024-11-13,627.0,681.0,495.0,516.0,516.0,2420,0.0,0.0
2024-11-14,507.0,534.0,429.0,447.0,447.0,940,0.0,0.0
2024-11-15,438.0,447.0,384.0,411.0,411.0,597,0.0,0.0
2024-11-18,417.0,456.0,411.0,432.0,432.0,184,0.0,0.0
2024-11-19,426.0,495.0,423.0,477.0,477.0,365,0.0,0.0
2024-11-20,510.0,510.0,435.0,450.0,450.0,231,0.0,0.0
2024-11-21,450.0,490.5,384.0,408.0,408.0,550,0.0,0.0
2024-11-22,408.0,438.0,408.0,421.5,421.5,159,0.0,0.0
2024-11-25,459.0,459.0,423.0,423.0,423.0,135,0.0,0.0
2024-11-26,423.0,438.0,384.0,399.0,399.0,151,0.0,0.0
2024-11-27,393.0,420.0,390.0,414.0,414.0,147,0.0,0.0
2024-11-29,417.0,420.0,405.0,405.0,405.0,58,0.0,0.0
2024-12-02,405.0,414.0,387.0,408.0,408.0,122,0.0,0.0
2024-12-03,411.0,414.0,390.0,414.0,414.0,94,0.0,0.0
2024-12-04,414.0,417.0,387.0,414.0,414.0,241,0.0,0.0
2024-12-05,414.0,438.0,396.0,414.0,414.0,160,0.0,0.0
2024-12-06,414.0,444.0,396.0,417.0,417.0,175,0.0,0.0
2024-12-09,420.0,420.0,330.0,375.0,375.0,700,0.0,0.0
2024-12-10,381.0,381.0,312.0,321.0,321.0,378,0.0,0.0
2024-12-11,315.0,315.0,245.100006,300.0,300.0,851,0.0,0.0
2024-12-12,299.399994,307.5,278.100006,291.0,291.0,138,0.0,0.0
2024-12-13,288.0,298.799988,277.799988,291.0,291.0,161,0.0,0.0
2024-12-16,291.0,327.0,282.0,285.0,285.0,392,0.0,0.0
2024-12-17,288.0,318.0,270.0,300.0,300.0,879,0.0,0.0
2024-12-18,300.0,300.0,243.600006,258.299988,258.299988,238,0.0,0.0
2024-12-19,264.0,274.200012,246.0,273.0,273.0,218,0.0,0.0
2024-12-20,270.899994,294.0,269.399994,270.0,270.0,136,0.0,0.0
2024-12-23,270.0,285.0,262.5,285.0,285.0,135,0.0,0.0
2024-12-24,294.0,294.0,255.300003,284.700012,284.700012,45,0.0,0.0
2024-12-26,275.399994,285.0,255.0,282.0,282.0,238,0.0,0.0
2024-12-27,273.600006,282.0,261.0,273.0,273.0,58,0.0,0.0
2024-12-30,284.700012,284.700012,243.0,252.0,252.0,246,0.0,0.0
2024-12-31,261.0,297.0,255.0,294.0,294.0,1077,0.0,0.0
2025-01-02,294.0,297.0,270.0,294.0,294.0,169,0.0,0.0
2025-01-03,294.0,295.799988,276.0,294.0,294.0,174,0.0,0.0
2025-01-06,296.700012,321.0,285.0,303.0,303.0,666,0.0,0.0
2025-01-07,315.0,315.0,264.0,282.0,282.0,276,0.0,0.0
2025-01-08,270.0,270.0,246.0,254.699997,254.699997,228,0.0,0.0
2025-01-10,273.0,273.0,249.0,263.700012,263.700012,120,0.0,0.0
2025-01-13,249.0,251.399994,213.899994,214.199997,214.199997,415,0.0,0.0
2025-01-14,228.0,230.100006,187.5,187.800003,187.800003,619,0.0,0.0
2025-01-15,195.0,215.699997,188.100006,195.899994,195.899994,635,0.0,0.0
2025-01-16,198.0,207.0,189.300003,200.100006,200.100006,156,0.0,0.0
2025-01-17,203.100006,215.699997,196.5,210.0,210.0,583,0.0,0.0
2025-01-21,222.0,222.0,195.300003,195.300003,195.300003,277,0.0,0.0
2025-01-22,198.0,207.300003,168.600006,177.0,177.0,681,0.0,0.0
2025-01-23,165.0,185.399994,120.599998,166.199997,166.199997,1758,0.0,0.0
2025-01-24,150.0,185.399994,150.0,180.0,180.0,360,0.0,0.0
2025-01-27,176.100006,180.0,162.0,174.0,174.0,274,0.0,0.0
2025-01-28,174.600006,187.5,159.899994,177.0,177.0,135,0.0,0.0
2025-01-29,186.0,187.5,168.600006,180.0,180.0,527,0.0,0.0
2025-01-30,183.0,183.0,162.600006,182.699997,182.699997,215,0.0,0.0
2025-01-31,185.699997,185.699997,170.399994,175.5,175.5,34,0.0,0.0
2025-02-03,170.399994,170.399994,144.0,156.0,156.0,276,0.0,0.0
2025-02-04,150.0,159.899994,144.0,155.699997,155.699997,176,0.0,0.0
2025-02-05,155.699997,160.5,135.600006,153.0,153.0,228,0.0,0.0
2025-02-06,152.699997,153.0,137.699997,150.0,150.0,236,0.0,0.0
2025-02-07,141.0,147.0,129.300003,135.0,135.0,508,0.0,0.0
2025-02-10,135.0,149.399994,135.0,147.0,147.0,338,0.0,0.0
2025-02-11,159.0,165.0,140.100006,140.399994,140.399994,274,0.0,0.0
2025-02-12,138.0,138.0,132.0,132.300003,132.300003,169,0.0,0.0
2025-02-13,132.0,141.300003,132.0,132.600006,132.600006,115,0.0,0.0
2025-02-14,141.0,154.800003,132.0,135.0,135.0,665,0.0,0.0
2025-02-18,136.800003,150.0,136.800003,144.0,144.0,142,0.0,0.0
2025-02-19,141.300003,148.5,132.0,141.0,141.0,262,0.0,0.0
2025-02-20,141.0,141.0,126.900002,132.0,132.0,171,0.0,0.0
2025-02-21,134.100006,136.5,115.800003,117.900002,117.900002,389,0.0,0.0
2025-02-24,117.0,128.699997,108.300003,117.0,117.0,262,0.0,0.0
2025-02-25,117.0,117.0,80.099998,93.0,93.0,1406,0.0,0.0
2025-02-26,90.0,180.0,65.099998,70.800003,70.800003,170179,0.0,0.0
2025-02-27,63.0,72.0,56.700001,57.599998,57.599998,12908,0.0,0.0
2025-02-28,48.299999,60.0,48.299999,54.599998,54.599998,3787,0.0,0.0
2025-03-03,285.0,288.0,70.5,95.699997,95.699997,975910,0.0,0.0
2025-03-04,109.800003,141.899994,97.5,107.400002,107.400002,451344,0.0,0.0
2025-03-05,117.900002,118.800003,90.0,100.5,100.5,92203,0.0,0.0
2025-03-06,91.5,96.0,75.0,84.0,84.0,57355,0.0,0.0
2025-03-07,132.0,254.399994,120.900002,186.0,186.0,2075562,0.0,0.0
2025-03-10,157.800003,171.899994,128.100006,142.5,142.5,254186,0.0,0.0
2025-03-11,139.5,159.0,129.0,146.399994,146.399994,143667,0.0,0.0
2025-03-12,137.399994,139.5,105.0,110.699997,110.699997,54841,0.0,0.0
2025-03-13,93.0,101.099998,78.900002,81.900002,81.900002,57280,0.0,0.0
2025-03-14,103.199997,105.0,85.199997,93.0,93.0,303072,0.0,0.0
2025-03-17,90.0,98.699997,84.0,88.5,88.5,69653,0.0,0.0
2025-03-18,87.0,87.0,82.199997,83.699997,83.699997,32471,0.0,0.0
2025-03-19,83.099998,83.099998,76.5,79.5,79.5,35336,0.0,0.0
2025-03-20,91.199997,94.199997,84.0,89.699997,89.699997,108192,0.0,0.0
2025-03-21,78.900002,84.300003,75.599998,78.300003,78.300003,36614,0.0,0.0
2025-03-24,85.5,87.900002,79.5,81.599998,81.599998,77719,0.0,0.0
2025-03-25,79.5,80.099998,76.5,78.300003,78.300003,26245,0.0,0.0
2025-03-26,75.0,75.0,69.0,69.900002,69.900002,24065,0.0,0.0
2025-03-27,69.599998,69.900002,62.700001,66.0,66.0,17000,0.0,0.0
2025-03-28,61.200001,63.599998,54.0,63.299999,63.299999,18544,0.0,0.0
2025-03-31,57.299999,60.0,53.099998,57.0,57.0,17854,0.0,0.0
2025-04-01,54.0,61.200001,53.099998,58.799999,58.799999,58999,0.0,0.0
2025-04-02,55.200001,57.0,49.5,52.799999,52.799999,22356,0.0,0.0
2025-04-03,45.0,48.0,45.0,45.299999,45.299999,16410,0.0,0.0
2025-04-04,45.0,45.0,40.799999,42.0,42.0,15842,0.0,0.0
2025-04-07,39.599998,40.200001,35.700001,36.299999,36.299999,17998,0.0,0.0
2025-04-08,62.700001,72.599998,43.5,44.400002,44.400002,1136068,0.0,0.0
2025-04-09,48.0,54.599998,40.200001,45.299999,45.299999,198514,0.0,0.0
2025-04-10,47.400002,48.900002,45.0,45.0,45.0,30611,0.0,0.0
2025-04-11,45.0,48.0,39.900002,42.599998,42.599998,19866,0.0,0.0
2025-04-14,44.400002,48.900002,43.200001,44.099998,44.099998,34627,0.0,0.0
2025-04-15,42.0,44.099998,42.0,43.200001,43.200001,12724,0.0,0.0
2025-04-16,42.0,42.599998,39.599998,41.099998,41.099998,14962,0.0,0.0
2025-04-17,39.599998,40.5,36.299999,39.599998,39.599998,10441,0.0,0.0
2025-04-21,35.400002,39.0,35.400002,36.0,36.0,17472,0.0,0.0
2025-04-22,36.0,42.900002,36.0,39.299999,39.299999,52137,0.0,0.0
2025-04-23,56.700001,57.0,45.900002,51.0,51.0,475481,0.0,0.0
2025-04-24,43.799999,46.799999,41.400002,44.400002,44.400002,41948,0.0,0.0
2025-04-25,45.0,52.5,43.799999,46.200001,46.200001,74125,0.0,0.0
2025-04-28,50.099998,52.200001,47.400002,48.0,48.0,62745,0.0,0.0
2025-04-29,49.5,51.900002,48.0,49.5,49.5,27684,0.0,0.0
2025-04-30,49.5,49.5,43.799999,45.299999,45.299999,17892,0.0,0.0
2025-05-01,57.0,78.0,48.599998,51.900002,51.900002,682504,0.0,0.0
2025-05-02,62.400002,63.0,51.599998,56.700001,56.700001,214189,0.0,0.0
2025-05-05,55.5,55.5,51.299999,52.5,52.5,28978,0.0,0.0
2025-05-06,49.5,51.900002,48.0,50.099998,50.099998,37911,0.0,0.0
2025-05-07,57.900002,57.900002,52.200001,53.099998,53.099998,82147,0.0,0.0
2025-05-08,55.5,63.900002,54.299999,58.799999,58.799999,71391,0.0,0.0
2025-05-09,60.0,60.0,54.0,57.900002,57.900002,52663,0.0,0.0
2025-05-12,60.900002,65.400002,57.900002,60.0,60.0,92455,0.0,0.0
2025-05-13,59.700001,61.200001,52.5,59.400002,59.400002,54195,0.0,0.0
2025-05-14,59.400002,59.400002,53.700001,55.799999,55.799999,24441,0.0,0.0
2025-05-15,54.0,55.200001,52.5,54.0,54.0,19873,0.0,0.0
2025-05-16,53.700001,55.5,52.5,53.400002,53.400002,34120,0.0,0.0
2025-05-19,44.700001,52.799999,44.700001,50.099998,50.099998,36586,0.0,0.0
2025-05-20,51.0,52.5,50.099998,52.5,52.5,18137,0.0,0.0
2025-05-21,50.400002,54.0,47.099998,47.700001,47.700001,36468,0.0,0.0
2025-05-22,49.799999,53.099998,46.799999,51.599998,51.599998,187330,0.0,0.0
2025-05-23,48.599998,52.200001,48.0,51.0,51.0,36100,0.0,0.0
2025-05-27,51.299999,55.799999,50.400002,50.700001,50.700001,39569,0.0,0.0
2025-05-28,50.099998,51.299999,47.099998,48.0,48.0,21227,0.0,0.0
2025-05-29,48.599998,50.099998,47.400002,48.0,48.0,13579,0.0,0.0
2025-05-30,49.200001,54.599998,48.0,50.700001,50.700001,44821,0.0,0.0
2025-06-02,49.5,49.5,42.900002,45.900002,45.900002,16549,0.0,0.0
2025-06-03,47.400002,49.200001,46.5,48.0,48.0,10370,0.0,0.0
2025-06-04,46.799999,49.5,46.5,47.700001,47.700001,5726,0.0,0.0
2025-06-05,46.799999,48.0,43.5,43.799999,43.799999,12853,0.0,0.0
2025-06-06,43.5,45.900002,42.599998,45.599998,45.599998,7102,0.0,0.0
2025-06-09,46.5,47.700001,45.299999,46.5,46.5,8457,0.0,0.0
2025-06-10,48.599998,48.599998,45.299999,45.900002,45.900002,5550,0.0,0.0
2025-06-11,47.400002,52.5,46.200001,48.900002,48.900002,23865,0.0,0.0
2025-06-12,51.599998,51.900002,49.200001,50.099998,50.099998,14485,0.0,0.0
2025-06-13,49.5,53.400002,49.200001,49.799999,49.799999,16907,0.0,0.0
2025-06-16,49.799999,51.900002,48.900002,51.299999,51.299999,7952,0.0,0.0
2025-06-17,52.200001,52.5,48.599998,49.200001,49.200001,10641,0.0,0.0
2025-06-18,48.900002,51.599998,48.900002,50.400002,50.400002,6036,0.0,0.0
2025-06-20,51.0,53.400002,50.099998,51.900002,51.900002,10445,0.0,0.0
2025-06-23,51.299999,51.900002,48.900002,48.900002,48.900002,5472,0.0,0.0
2025-06-24,49.5,50.700001,49.5,50.099998,50.099998,3599,0.0,0.0
2025-06-25,52.5,52.5,49.5,50.099998,50.099998,5083,0.0,0.0
2025-06-26,50.099998,50.099998,48.299999,49.200001,49.200001,4831,0.0,0.0
2025-06-27,51.0,51.0,47.400002,47.700001,47.700001,3985,0.0,0.0
2025-06-30,48.0,49.5,45.599998,47.400002,47.400002,5629,0.0,0.0
2025-07-01,48.0,48.0,43.5,46.799999,46.799999,4894,0.0,0.0
2025-07-02,48.0,50.700001,45.599998,50.700001,50.700001,8106,0.0,0.0
2025-07-03,58.200001,61.5,48.0,51.599998,51.599998,212936,0.0,0.0
2025-07-07,60.0,78.900002,57.0,76.800003,76.800003,926597,0.0,0.0
2025-07-08,70.5,81.0,63.299999,65.099998,65.099998,126557,0.0,0.0
2025-07-09,63.900002,64.800003,57.0,58.5,58.5,62025,0.0,0.0
2025-07-10,59.099998,110.400002,57.0,87.0,87.0,890100,0.0,0.0
2025-07-11,128.100006,135.0,96.300003,132.0,132.0,710876,0.0,0.0
2025-07-14,129.0,139.5,105.0,105.599998,105.599998,128622,0.0,0.0
2025-07-15,97.199997,117.0,96.0,103.199997,103.199997,50090,0.0,0.0
2025-07-16,102.900002,106.800003,96.0,99.599998,99.599998,40126,0.0,0.0
2025-07-17,126.599998,208.800003,111.0,189.300003,189.300003,1565483,0.0,0.0
2025-07-18,243.600006,303.0,213.0,234.0,234.0,1208615,0.0,0.0
2025-07-21,277.5,277.5,211.800003,214.800003,214.800003,283929,0.0,0.0
2025-07-22,213.0,226.5,171.600006,203.399994,203.399994,97924,0.0,0.0
2025-07-23,192.899994,196.5,156.0,166.800003,166.800003,78273,0.0,0.0
2025-07-24,174.0,183.0,152.100006,156.899994,156.899994,59834,0.0,0.0
2025-07-25,152.699997,156.0,132.300003,155.699997,155.699997,60785,0.0,0.0
2025-07-28,158.100006,173.699997,138.0,141.600006,141.600006,36705,0.0,0.0
2025-07-29,135.300003,138.300003,114.300003,125.400002,125.400002,39247,0.0,0.0
2025-07-30,117.599998,135.899994,108.599998,118.5,118.5,31325,0.0,0.0
2025-07-31,126.900002,126.900002,115.800003,117.300003,117.300003,17230,0.0,0.0
2025-08-01,117.0,117.0,99.0,101.699997,101.699997,27696,0.0,0.0
2025-08-04,105.900002,114.0,103.199997,105.599998,105.599998,20770,0.0,0.0
2025-08-05,108.0,108.0,96.0,98.099998,98.099998,22133,0.0,0.0
2025-08-06,93.300003,106.199997,93.300003,99.900002,99.900002,31597,0.0,0.0
2025-08-07,117.0,154.800003,117.0,128.100006,128.100006,446889,0.0,0.0
2025-08-08,143.399994,165.0,135.899994,146.699997,146.699997,158296,0.0,0.0
2025-08-11,145.800003,160.5,132.899994,146.399994,146.399994,70781,0.0,0.0
2025-08-12,150.0,153.0,136.5,146.399994,146.399994,32270,0.0,0.0
2025-08-13,160.5,191.699997,156.0,164.699997,164.699997,149758,0.0,0.0
2025-08-14,144.600006,164.699997,141.0,153.300003,153.300003,38130,0.0,0.0
2025-08-15,156.0,159.0,148.5,153.300003,153.300003,17470,0.0,0.0
2025-08-18,147.0,153.300003,134.699997,135.600006,135.600006,24940,0.0,0.0
2025-08-19,134.399994,135.0,120.0,123.0,123.0,19630,0.0,0.0
2025-08-20,123.0,136.5,120.0,133.5,133.5,19896,0.0,0.0
2025-08-21,129.0,133.800003,122.699997,124.800003,124.800003,11628,0.0,0.0
2025-08-22,125.699997,148.5,123.0,146.100006,146.100006,35393,0.0,0.0
2025-08-25,139.5,146.699997,129.0,133.5,133.5,23730,0.0,0.0
2025-08-26,141.0,141.0,135.600006,138.300003,138.300003,11437,0.0,0.0
2025-08-27,139.199997,139.199997,124.5,126.599998,126.599998,14086,0.0,0.0
2025-08-28,127.800003,131.399994,123.300003,126.599998,126.599998,10876,0.0,0.0
2025-08-29,129.899994,132.0,114.599998,117.300003,117.300003,17062,0.0,0.0
2025-09-02,117.0,117.599998,99.0,107.099998,107.099998,27148,0.0,0.0
2025-09-03,111.0,111.0,102.0,104.699997,104.699997,11112,0.0,0.0
2025-09-04,102.0,103.199997,95.400002,96.0,96.0,12028,0.0,0.0
2025-09-05,96.900002,104.400002,96.0,99.0,99.0,29590,0.0,0.0
2025-09-08,107.400002,127.800003,105.0,124.800003,124.800003,64916,0.0,0.0
2025-09-09,125.699997,127.5,111.300003,115.199997,115.199997,27409,0.0,0.0
2025-09-10,120.900002,126.900002,116.400002,117.300003,117.300003,20014,0.0,0.0
2025-09-11,125.699997,133.800003,123.300003,133.800003,133.800003,29098,0.0,0.0
2025-09-12,133.5,138.0,126.0,130.5,130.5,16169,0.0,0.0
2025-09-15,121.800003,131.399994,121.5,125.099998,125.099998,15147,0.0,0.0
2025-09-16,124.800003,125.400002,118.5,120.0,120.0,12702,0.0,0.0
2025-09-17,121.5,122.400002,114.0,116.099998,116.099998,11932,0.0,0.0
2025-09-18,125.699997,138.0,119.400002,138.0,138.0,34803,0.0,0.0
2025-09-19,130.800003,138.300003,120.0,125.400002,125.400002,20008,0.0,0.0
2025-09-22,119.699997,127.5,116.699997,126.0,126.0,11045,0.0,0.0
2025-09-23,121.199997,124.800003,118.5,118.800003,118.800003,8327,0.0,0.0
2025-09-24,123.0,123.599998,117.0,120.0,120.0,9303,0.0,0.0
2025-09-25,117.0,118.199997,108.0,111.900002,111.900002,9648,0.0,0.0
2025-09-26,112.5,116.400002,105.0,115.5,115.5,9782,0.0,0.0
2025-09-29,117.0,124.199997,117.0,118.5,118.5,13260,0.0,0.0
2025-09-30,119.099998,119.099998,113.400002,114.900002,114.900002,11369,0.0,0.0
2025-10-01,117.0,123.900002,114.599998,118.800003,118.800003,17063,0.0,0.0
2025-10-02,120.0,146.399994,119.699997,146.100006,146.100006,50522,0.0,0.0
2025-10-03,144.899994,153.0,122.099998,138.300003,138.300003,36377,0.0,0.0
2025-10-06,151.5,166.800003,144.600006,150.0,150.0,44433,0.0,0.0
2025-10-07,157.5,157.5,132.0,135.300003,135.300003,24423,0.0,0.0
2025-10-08,138.0,159.0,135.0,154.800003,154.800003,29026,0.0,0.0
2025-10-09,155.100006,155.100006,138.0,144.0,144.0,14999,0.0,0.0
2025-10-10,150.0,150.300003,120.300003,123.599998,123.599998,23918,0.0,0.0
2025-10-13,127.5,134.699997,126.0,133.199997,133.199997,12199,0.0,0.0
2025-10-14,120.900002,130.199997,118.800003,129.0,129.0,11832,0.0,0.0
2025-10-15,129.0,130.5,121.5,124.800003,124.800003,11097,0.0,0.0
2025-10-16,123.900002,126.900002,116.099998,117.0,117.0,12017,0.0,0.0
2025-10-17,113.699997,118.199997,111.0,113.099998,113.099998,9073,0.0,0.0
2025-10-20,121.800003,126.300003,117.599998,123.900002,123.900002,9315,0.0,0.0
2025-10-21,120.900002,123.900002,116.400002,118.800003,118.800003,7039,0.0,0.0
2025-10-22,118.5,118.5,105.599998,110.099998,110.099998,12458,0.0,0.0
2025-10-23,114.0,123.0,111.599998,121.5,121.5,8081,0.0,0.0
2025-10-24,124.199997,126.0,117.0,123.900002,123.900002,11074,0.0,0.0
2025-10-27,123.599998,126.0,115.5,118.5,118.5,10643,0.0,0.0
2025-10-28,117.0,120.0,113.699997,113.699997,113.699997,9690,0.0,0.0
2025-10-29,112.5,114.300003,107.400002,110.699997,110.699997,7530,0.0,0.0
2025-10-30,110.400002,110.400002,97.5,99.599998,99.599998,9581,0.0,0.0
2025-10-31,103.5,111.0,102.0,106.5,106.5,8197,0.0,0.0
2025-11-03,107.099998,107.099998,98.699997,99.599998,99.599998,6613,0.0,0.0
2025-11-04,96.0,96.300003,87.0,87.900002,87.900002,9974,0.0,0.0
2025-11-05,88.5,98.099998,84.599998,96.599998,96.599998,7514,0.0,0.0
2025-11-06,91.5,96.0,85.800003,87.900002,87.900002,6082,0.0,0.0
2025-11-07,84.0,97.800003,81.0,93.900002,93.900002,10125,0.0,0.0
2025-11-10,93.900002,97.5,87.0,90.0,90.0,4506,0.0,0.0
2025-11-11,88.199997,90.599998,88.199997,90.300003,90.300003,2632,0.0,0.0
2025-11-12,92.699997,96.599998,90.599998,90.900002,90.900002,4526,0.0,0.0
2025-11-13,90.900002,93.0,81.0,84.599998,84.599998,7148,0.0,0.0
2025-11-14,80.099998,85.5,76.199997,82.5,82.5,4538,0.0,0.0
2025-11-17,81.0,84.900002,74.699997,75.0,75.0,5971,0.0,0.0
2025-11-18,72.900002,84.0,72.900002,81.599998,81.599998,3038,0.0,0.0
2025-11-19,79.800003,82.5,75.300003,75.599998,75.599998,2763,0.0,0.0
2025-11-20,80.099998,80.099998,66.0,68.400002,68.400002,5331,0.0,0.0
2025-11-21,66.900002,74.099998,60.0,71.099998,71.099998,6238,0.0,0.0
2025-11-24,76.800003,77.699997,73.800003,77.099998,77.099998,4805,0.0,0.0
2025-11-25,75.0,75.0,70.800003,74.400002,74.400002,2945,0.0,0.0
2025-11-26,73.5,80.699997,73.5,78.900002,78.900002,5313,0.0,0.0
2025-11-28,82.800003,83.099998,81.0,81.900002,81.900002,2863,0.0,0.0
2025-12-01,75.0,80.400002,75.0,76.800003,76.800003,3627,0.0,0.0
2025-12-02,76.800003,81.900002,76.800003,78.599998,78.599998,5217,0.0,0.0
2025-12-03,78.599998,82.5,78.0,79.5,79.5,3536,0.0,0.0
2025-12-04,78.300003,84.0,78.300003,84.0,84.0,3076,0.0,0.0
2025-12-05,81.0,82.800003,79.5,81.0,81.0,1396,0.0,0.0
2025-12-08,82.5,82.5,75.599998,80.400002,80.400002,3235,0.0,0.0
2025-12-09,75.599998,82.5,75.599998,81.0,81.0,3326,0.0,0.0
2025-12-10,81.0,81.0,76.800003,79.800003,79.800003,2628,0.0,0.0
2025-12-11,79.800003,80.400002,76.800003,78.900002,78.900002,1237,0.0,0.0
2025-12-12,75.599998,80.400002,72.900002,74.400002,74.400002,4315,0.0,0.0
2025-12-15,72.599998,75.0,63.900002,64.199997,64.199997,4786,0.0,0.0
2025-12-16,60.0,66.0,60.0,64.199997,64.199997,2951,0.0,0.0
2025-12-17,63.0,67.5,62.400002,62.700001,62.700001,3158,0.0,0.0
2025-12-18,62.099998,69.0,62.099998,63.599998,63.599998,5171,0.0,0.0
2025-12-19,64.5,67.5,64.199997,65.099998,65.099998,2182,0.0,0.0
2025-12-22,65.099998,67.5,63.0,63.0,63.0,3108,0.0,0.0
2025-12-23,64.199997,64.199997,57.599998,58.5,58.5,3616,0.0,0.0
2025-12-24,57.0,59.700001,54.299999,54.599998,54.599998,4176,0.0,0.0
2025-12-26,55.200001,56.400002,52.200001,53.400002,53.400002,4208,0.0,0.0
2025-12-29,54.0,62.400002,52.200001,52.5,52.5,11419,0.0,0.0
2025-12-30,53.099998,56.400002,52.200001,53.400002,53.400002,5976,0.0,0.0
2025-12-31,52.5,55.799999,48.0,51.599998,51.599998,8049,0.0,0.0
2026-01-02,48.900002,57.0,48.900002,55.5,55.5,9335,0.0,0.0
2026-01-05,60.0,63.599998,57.0,62.099998,62.099998,14843,0.0,0.0
2026-01-06,62.099998,62.700001,54.900002,57.900002,57.900002,6499,0.0,0.0
2026-01-07,57.599998,59.099998,57.0,58.200001,58.200001,3469,0.0,0.0
2026-01-08,58.200001,58.200001,54.900002,56.099998,56.099998,3617,0.0,0.0
2026-01-09,54.599998,57.599998,54.0,54.0,54.0,3601,0.0,0.0
2026-01-12,55.799999,56.400002,54.0,54.299999,54.299999,3137,0.0,0.0
2026-01-13,54.599998,59.400002,54.0,57.0,57.0,8313,0.0,0.0
2026-01-14,57.0,60.599998,56.700001,58.799999,58.799999,8072,0.0,0.0
2026-01-15,59.400002,59.400002,31.5,34.5,34.5,70284,0.0,0.0
2026-01-16,30.9,32.099998,24.6,27.6,27.6,43732,0.0,0.0
2026-01-20,25.6,27.1,16.950001,25.299999,25.299999,71360,0.0,0.016667
2026-01-21,25.299999,29.799999,22.605,24.049999,24.049999,36680,0.0,0.0
2026-01-22,25.0,25.950001,23.1,23.15,23.15,20180,0.0,0.0
2026-01-23,22.950001,23.9,22.0,22.0,22.0,12400,0.0,0.0
2026-01-26,21.299999,21.775,19.450001,20.200001,20.200001,15040,0.0,0.0
2026-01-27,20.25,20.950001,17.5,19.450001,19.450001,19400,0.0,0.0
2026-01-28,19.65,21.115,19.65,20.0,20.0,12420,0.0,0.0
2026-01-29,19.700001,22.094999,18.25,20.0,20.0,43940,0.0,0.0
2026-01-30,20.15,23.299999,18.5,20.200001,20.200001,59000,0.0,0.0
2026-02-02,18.9,19.309999,12.9,13.9,13.9,76720,0.0,0.0
2026-02-03,13.9,14.445,12.5,13.9,13.9,27160,0.0,0.0
2026-02-04,13.55,15.65,12.5,14.2,14.2,23420,0.0,0.0
2026-02-05,13.8,14.0,12.8,13.25,13.25,11820,0.0,0.0
2026-02-06,14.0,15.5,13.575,14.0,14.0,36000,0.0,0.0
2026-02-09,14.15,16.549999,13.375,14.55,14.55,38540,0.0,0.0
2026-02-10,14.55,15.95,14.25,14.55,14.55,18900,0.0,0.0
2026-02-11,15.25,15.25,14.1,14.55,14.55,15320,0.0,0.0
2026-02-12,14.635,14.835,12.45,13.7,13.7,18920,0.0,0.0
2026-02-13,14.1,14.25,13.65,14.25,14.25,5960,0.0,0.0
2026-02-17,13.9,14.15,13.03,13.65,13.65,4540,0.0,0.0
2026-02-18,13.5,14.05,12.95,13.95,13.95,4860,0.0,0.0
2026-02-19,13.8,14.85,13.5,13.7,13.7,11700,0.0,0.0
2026-02-20,13.7,14.35,13.35,13.6,13.6,12260,0.0,0.0
2026-02-23,13.125,13.5,11.9,12.55,12.55,5980,0.0,0.0
2026-02-24,12.61,13.4,12.31,12.7,12.7,3840,0.0,0.0
2026-02-25,13.95,14.05,12.8,13.175,13.175,10040,0.0,0.0
2026-02-26,13.45,13.45,12.9,13.3,13.3,2280,0.0,0.0
2026-02-27,12.85,13.0,12.26,12.65,12.65,5160,0.0,0.0
2026-03-02,11.85,13.2,10.7,12.4,12.4,7900,0.0,0.0
2026-03-03,12.0,12.0,11.35,11.4,11.4,4820,0.0,0.0
2026-03-04,12.65,16.0,12.0,15.6,15.6,94780,0.0,0.0
2026-03-05,15.75,17.0,12.2,12.25,12.25,32840,0.0,0.0
2026-03-06,12.25,14.05,11.825,12.65,12.65,15460,0.0,0.0
2026-03-09,12.25,15.0,12.11,14.9,14.9,15440,0.0,0.0
2026-03-10,14.95,15.0,11.95,13.55,13.55,14600,0.0,0.0
2026-03-11,13.65,14.3,12.5,13.7,13.7,8980,0.0,0.0
2026-03-12,13.45,13.9,12.95,13.4,13.4,5980,0.0,0.0
2026-03-13,14.4,14.645,12.75,12.76,12.76,17920,0.0,0.0
2026-03-16,13.1,13.25,12.35,12.5,12.5,13140,0.0,0.0
2026-03-17,12.45,13.7,12.3,13.5,13.5,10000,0.0,0.0
2026-03-18,13.25,13.35,12.3,12.3,12.3,4940,0.0,0.0
2026-03-19,12.0,12.6,11.345,12.3,12.3,7480,0.0,0.0
2026-03-20,12.25,12.25,11.75,11.85,11.85,2300,0.0,0.0
2026-03-23,12.1,12.45,11.85,11.85,11.85,7040,0.0,0.0
2026-03-24,12.725,13.0,11.7,12.1,12.1,3140,0.0,0.0
2026-03-25,12.2,13.45,12.2,12.4,12.4,7980,0.0,0.0
2026-03-26,12.25,13.0,11.6,12.0,12.0,7080,0.0,0.0
2026-03-27,11.75,11.75,11.0,11.05,11.05,6160,0.0,0.0
2026-03-30,11.35,11.4,10.575,10.6,10.6,2780,0.0,0.0
2026-03-31,10.6,11.65,10.5,11.2,11.2,3240,0.0,0.0
2026-04-01,11.25,11.95,11.05,11.2,11.2,2640,0.0,0.0
2026-04-02,10.8,11.6,10.8,11.4,11.4,1360,0.0,0.0
2026-04-06,11.7,12.95,11.6,11.8,11.8,4660,0.0,0.0
2026-04-07,11.6,11.95,11.5,11.7,11.7,2440,0.0,0.0
2026-04-08,12.45,12.9,11.65,11.95,11.95,4980,0.0,0.0
2026-04-09,12.25,12.6,11.8,12.1,12.1,2100,0.0,0.0
2026-04-10,12.575,12.935,12.1,12.65,12.65,13720,0.0,0.0
2026-04-13,12.955,15.1,12.955,14.45,14.45,13540,0.0,0.0
2026-04-14,14.9,15.5,14.2,15.3,15.3,9980,0.0,0.0
2026-04-15,15.3,15.525,13.1,13.825,13.825,13040,0.0,0.0
2026-04-16,19.35,26.75,11.15,13.0,13.0,6044960,0.0,0.0
2026-04-17,12.85,12.9,11.1,11.9,11.9,156080,0.0,0.0
2026-04-20,11.1,11.65,10.7,10.75,10.75,67260,0.0,0.0
2026-04-21,10.6,11.25,10.5,10.5,10.5,34340,0.0,0.0
2026-04-22,10.6,11.5,10.35,10.65,10.65,61860,0.0,0.0
2026-04-23,10.3,10.4,8.75,10.05,10.05,81640,0.0,0.0
2026-04-24,9.85,10.35,9.45,10.05,10.05,25080,0.0,0.0
2026-04-27,9.95,10.35,9.65,10.0,10.0,19960,0.0,0.0
2026-04-28,9.8,10.5,9.8,10.5,10.5,20620,0.0,0.0
2026-04-29,10.25,10.9,10.06,10.85,10.85,20940,0.0,0.0
2026-04-30,10.2,10.85,9.9,10.8,10.8,10440,0.0,0.0
2026-05-01,10.6,11.15,10.15,11.1,11.1,12180,0.0,0.0
2026-05-04,10.85,11.45,10.65,11.15,11.15,15680,0.0,0.0
2026-05-05,10.95,11.1,10.695,10.85,10.85,8460,0.0,0.0
2026-05-06,10.7,11.0,10.2,10.6,10.6,10440,0.0,0.0
2026-05-07,10.45,10.525,10.15,10.2,10.2,6500,0.0,0.0
2026-05-08,10.3,10.3,9.1,9.6,9.6,26160,0.0,0.0
2026-05-11,9.5,9.5,8.8,9.1,9.1,12380,0.0,0.0
2026-05-12,8.95,8.95,8.2,8.65,8.65,17800,0.0,0.0
2026-05-13,8.55,8.8,8.4,8.55,8.55,6960,0.0,0.0
2026-05-14,8.7,9.65,8.3,9.4,9.4,51740,0.0,0.0
2026-05-15,9.45,9.45,8.75,9.05,9.05,9540,0.0,0.0
2026-05-18,8.85,8.85,8.0,8.25,8.25,17100,0.0,0.0
2026-05-19,8.3,8.35,7.95,8.25,8.25,11180,0.0,0.0
2026-05-20,8.15,8.895,8.15,8.5,8.5,9360,0.0,0.0
2026-05-21,8.55,9.0,8.5,8.825,8.825,5540,0.0,0.0
2026-05-22,9.25,9.365,8.4,8.55,8.55,15900,0.0,0.0
2026-05-26,8.65,8.7,8.45,8.55,8.55,7900,0.0,0.0
2026-05-27,8.45,8.6,8.35,8.45,8.45,5780,0.0,0.0
2026-05-28,8.5,8.65,8.25,8.5,8.5,78240,0.0,0.0
2026-05-29,9.0,9.28,8.65,8.85,8.85,45980,0.0,0.0
2026-06-01,8.7,8.74,8.15,8.55,8.55,13940,0.0,0.0
2026-06-02,8.525,9.5,8.495,9.1,9.1,24260,0.0,0.0
2026-06-03,9.0,9.15,8.45,8.7,8.7,5240,0.0,0.0
2026-06-04,8.8,9.45,8.55,9.1,9.1,10420,0.0,0.0
2026-06-05,8.85,8.85,8.0,8.15,8.15,46060,0.0,0.0
2026-06-08,8.2,8.7,7.85,8.5,8.5,24740,0.0,0.0
2026-06-09,9.15,9.95,8.3,8.45,8.45,364460,0.0,0.0
2026-06-10,8.25,9.05,8.25,8.9,8.9,21280,0.0,0.0
2026-06-11,8.65,9.4,8.45,9.35,9.35,15700,0.0,0.0
2026-06-12,9.2,10.425,9.2,10.1,10.1,51540,0.0,0.0
2026-06-15,9.85,11.0,9.85,10.65,10.65,21900,0.0,0.0
2026-06-16,10.65,10.7,10.06,10.35,10.35,17660,0.0,0.0
2026-06-17,10.15,10.4,9.45,9.5,9.5,12020,0.0,0.0
2026-06-18,9.65,9.9,9.355,9.5,9.5,13300,0.0,0.0
2026-06-22,9.5,10.25,9.5,9.8,9.8,16180,0.0,0.0
2026-06-23,9.35,9.9,9.1,9.5,9.5,11100,0.0,0.0
2026-06-24,9.35,9.8,8.85,8.85,8.85,12760,0.0,0.0
2026-06-25,8.95,9.05,8.25,8.4,8.4,12860,0.0,0.0
2026-06-26,8.455,8.65,8.15,8.15,8.15,7140,0.0,0.0
2026-06-29,8.9,8.9,5.7,6.15,6.15,4237960,0.0,0.0
2026-06-30,5.85,6.775,5.65,6.25,6.25,2218780,0.0,0.0
2026-07-01,6.9,7.65,6.1,6.2,6.2,2767720,0.0,0.0
2026-07-02,6.2,6.45,5.85,6.4,6.4,393680,0.0,0.0
2026-07-06,5.75,5.85,5.5,5.8,5.8,124020,0.0,0.0
2026-07-07,5.15,5.775,5.1,5.7,5.7,82380,0.0,0.0
2026-07-08,5.2,5.6,5.2,5.55,5.55,38120,0.0,0.0
2026-07-09,5.4,5.875,5.27,5.75,5.75,51160,0.0,0.0
2026-07-10,5.6,5.625,5.3,5.45,5.45,37680,0.0,0.0
2026-07-13,5.0,5.175,4.775,4.86,4.86,58940,0.0,0.0
2026-07-14,4.6,4.7,4.34,4.66,4.66,38780,0.0,0.0
2026-07-15,4.5,5.0,4.5,4.755,4.755,18000,0.0,0.0
2026-07-16,4.865,4.865,4.41,4.6,4.6,10240,0.0,0.0
2026-07-17,4.4,4.625,4.0,4.625,4.625,19420,0.0,0.0
2026-07-20,4.5,4.625,4.405,4.55,4.55,10540,0.0,0.0
2026-07-21,4.415,4.74,4.415,4.71,4.71,23360,0.0,0.0
2026-07-22,4.555,4.75,4.42,4.55,4.55,20020,0.0,0.0
2026-07-23,4.44,4.57,4.155,4.35,4.35,20680,0.0,0.0
2026-07-24,4.35,4.35,3.96,4.14,4.14,19700,0.0,0.0
2026-07-27,4.15,4.15,4.025,4.03,4.03,11680,0.0,0.0
2026-07-28,4.05,4.25,3.975,4.2,4.2,9480,0.0,0.0
2026-07-29,4.125,4.35,4.02,4.075,4.075,10640,0.0,0.0
2026-07-30,4.05,4.14,3.85,4.065,4.065,10860,0.0,0.0
2026-07-31,4.5,4.675,3.1,3.53,3.53,1458700,0.0,0.0
2026-08-03,3.45,4.025,3.35,3.97,3.97,50960,0.0,0.0
2026-08-04,3.93,3.95,3.81,3.94,3.94,11700,0.0,0.0
2026-08-05,3.895,4.1,3.76,3.97,3.97,65120,0.0,0.0
2026-08-06,3.97,4.0,3.765,4.0,4.0,9380,0.0,0.0
2026-08-07,3.8,4.185,3.8,4.1,4.1,11040,0.0,0.0
2026-08-10,4.095,4.27,3.9,4.195,4.195,6680,0.0,0.0
2026-08-11,4.145,4.38,4.1,4.295,4.295,12140,0.0,0.0
2026-08-12,4.3,4.36,4.125,4.18,4.18,3880,0.0,0.0
2026-08-13,4.05,4.35,4.0,4.185,4.185,16800,0.0,0.0
2026-08-14,4.175,4.2,4.0,4.1,4.1,4500,0.0,0.0
2026-08-17,3.95,4.2,3.95,4.1,4.1,7140,0.0,0.0
2026-08-18,3.9,4.005,3.86,3.9,3.9,5960,0.0,0.0
2026-08-19,3.775,5.505,3.71,4.31,4.31,3044160,0.0,0.0
2026-08-20,3.7,4.1,3.19,3.625,3.625,822800,0.0,0.0
2026-08-21,3.91,4.39,3.35,3.73,3.73,1738800,0.0,0.2
2026-08-24,3.69,3.88,3.02,3.32,3.32,900700,0.0,0.0
2026-08-25,3.31,3.7,3.12,3.62,3.62,330300,0.0,0.0
2026-08-26,3.53,3.6,3.26,3.42,3.42,126300,0.0,0.0
2026-08-27,3.44,3.75,3.37,3.55,3.55,417400,0.0,0.0
2026-08-28,3.5,3.59,2.98,3.1,3.1,217000,0.0,0.0
2026-08-31,3.06,3.085,2.77,2.77,2.77,70000,0.0,0.0
2026-09-01,2.7,2.781,2.43,2.58,2.58,96800,0.0,0.0
2026-09-02,2.6,2.61,2.27,2.32,2.32,50300,0.0,0.0
2026-09-03,2.23,2.44,2.08,2.21,2.21,1927500,0.0,0.0
2026-09-04,3.355,3.44,1.78,2.1,2.1,14561200,0.0,0.0
2026-09-08,1.74,1.79,1.61,1.64,1.64,571900,0.0,0.0
2026-09-09,1.59,1.7,1.56,1.66,1.66,373600,0.0,0.0
2026-09-10,1.58,1.64,1.4,1.43,1.43,161600,0.0,0.0
2026-09-11,1.41,1.8899,1.41,1.68,1.68,585725,0.0,0.0
