Date,Open,High,Low,Close,Adj Close,Volume,Dividends,Stock Splits
2005-12-05,30.0,30.0,26.700001,26.700001,16.655775,1087800,0.0,0.0
2005-12-06,26.85,26.85,25.75,25.76,16.069393,1743800,0.0,0.0
2005-12-07,26.0,26.0,25.25,25.549999,15.938398,1536400,0.0,0.0
2005-12-08,25.530001,25.75,25.1,25.389999,15.838588,2100700,0.0,0.0
2005-12-09,25.4,25.950001,24.950001,25.629999,15.988297,2414700,0.0,0.0
2005-12-12,25.9,26.299999,25.9,26.24,16.368828,898600,0.0,0.0
2005-12-13,26.25,26.26,25.93,26.0,16.21911,639700,0.0,0.0
2005-12-14,26.0,26.049999,25.65,25.700001,16.031967,672800,0.0,0.0
2005-12-15,25.700001,25.700001,25.200001,25.32,15.794924,1948400,0.0,0.0
2005-12-16,25.33,25.5,25.17,25.299999,15.782438,1023000,0.0,0.0
2005-12-19,25.309999,25.4,25.1,25.290001,15.776199,362700,0.0,0.0
2005-12-20,25.290001,25.290001,24.74,25.07,15.638968,385800,0.0,0.0
2005-12-21,25.15,25.299999,24.98,25.25,15.751246,673000,0.0,0.0
2005-12-22,25.25,25.25,25.0,25.110001,15.663919,274300,0.0,0.0
2005-12-23,25.1,25.52,25.1,25.5,15.907199,667100,0.0,0.0
2005-12-27,25.65,25.93,25.299999,25.65,16.000782,511400,0.0,0.0
2005-12-28,25.75,25.84,25.0,25.049999,15.626495,821600,0.0,0.0
2005-12-29,25.15,25.25,24.75,25.0,15.595305,776100,0.0,0.0
2005-12-30,25.0,25.5,24.85,25.5,15.907199,3887900,0.0,0.0
2006-01-03,25.6,27.4,25.6,26.200001,16.34387,6604500,0.0,0.0
2006-01-04,26.27,26.27,25.84,26.0,16.21911,8900000,0.0,0.0
2006-01-05,26.0,26.440001,25.83,26.360001,16.443687,8040500,0.0,0.0
2006-01-06,26.5,27.299999,26.459999,27.23,16.986401,7449100,0.0,0.0
2006-01-09,27.0,27.209999,26.85,27.030001,16.861639,7858700,0.0,0.0
2006-01-10,27.1,27.17,26.43,26.559999,16.568447,9081400,0.0,0.0
2006-01-11,26.66,26.75,26.049999,26.18,16.331396,6941200,0.0,0.0
2006-01-12,25.860001,26.15,25.49,25.99,16.21287,7687400,0.0,0.0
2006-01-13,25.950001,26.0,25.48,25.48,15.894726,4858900,0.0,0.0
2006-01-17,25.15,25.66,25.01,25.059999,15.632726,6226600,0.0,0.0
2006-01-18,25.0,25.67,24.83,25.67,16.013247,5522800,0.0,0.0
2006-01-19,25.639999,25.709999,25.34,25.57,15.95087,5021500,0.0,0.0
2006-01-20,25.35,25.719999,24.92,24.98,15.582825,5064800,0.0,0.0
2006-01-23,25.299999,25.9,25.049999,25.82,16.106827,6361700,0.0,0.0
2006-01-24,26.0,27.0,25.799999,26.9,16.780546,8567000,0.0,0.0
2006-01-25,27.0,27.0,26.09,26.4,16.468634,5665700,0.0,0.0
2006-01-26,26.549999,27.110001,26.48,26.809999,16.724401,7545300,0.0,0.0
2006-01-27,26.75,27.35,26.43,26.799999,16.718161,7927600,0.0,0.0
2006-01-30,26.85,27.450001,26.700001,27.27,17.011347,5639100,0.0,0.0
2006-01-31,27.17,27.17,26.030001,26.129999,16.300211,6437100,0.0,0.0
2006-02-01,26.01,26.559999,25.959999,26.139999,16.306448,4373800,0.0,0.0
2006-02-02,26.120001,26.299999,25.469999,25.65,16.000782,6802800,0.0,0.0
2006-02-03,25.6,26.02,25.379999,25.66,16.007019,5411600,0.0,0.0
2006-02-06,25.66,26.08,25.639999,25.84,16.119301,3735500,0.0,0.0
2006-02-07,25.950001,26.139999,25.530001,25.530001,15.92592,3321300,0.0,0.0
2006-02-08,25.530001,26.07,25.530001,26.02,16.231579,3761800,0.0,0.0
2006-02-09,25.799999,26.0,25.540001,25.629999,15.988297,3644000,0.0,0.0
2006-02-10,25.58,25.65,25.290001,25.459999,15.882255,3895200,0.0,0.0
2006-02-13,25.25,25.629999,25.15,25.540001,15.932155,2695600,0.0,0.0
2006-02-14,25.450001,25.83,25.280001,25.6,15.969587,4273900,0.0,0.0
2006-02-15,25.719999,25.809999,25.549999,25.610001,15.975823,1984200,0.0,0.0
2006-02-16,25.549999,25.58,25.1,25.15,15.688869,4152400,0.0,0.0
2006-02-17,25.049999,25.950001,25.030001,25.85,16.125536,5383800,0.0,0.0
2006-02-21,26.0,26.02,25.16,25.299999,15.782438,4557900,0.0,0.0
2006-02-22,25.450001,25.52,25.17,25.23,15.738775,7170900,0.0,0.0
2006-02-23,25.23,25.549999,24.860001,25.200001,15.720058,5946200,0.0,0.0
2006-02-24,25.040001,25.27,24.530001,24.530001,15.399878,7852800,0.16,0.0
2006-02-27,24.530001,25.049999,24.530001,24.83,15.588216,7683400,0.0,0.0
2006-02-28,24.66,24.75,24.379999,24.459999,15.355932,4980000,0.0,0.0
2006-03-01,24.5,24.74,24.209999,24.65,15.475226,4525500,0.0,0.0
2006-03-02,24.24,24.290001,23.91,24.059999,15.104815,8128400,0.0,0.0
2006-03-03,24.059999,24.309999,23.85,23.98,15.054602,4152400,0.0,0.0
2006-03-06,24.0,24.450001,23.9,23.98,15.054602,4676300,0.0,0.0
2006-03-07,23.99,24.440001,23.98,24.360001,15.293161,4749900,0.0,0.0
2006-03-08,24.360001,24.42,24.02,24.139999,15.155043,4224300,0.0,0.0
2006-03-09,24.1,24.200001,23.92,23.959999,15.042043,3110400,0.0,0.0
2006-03-10,24.139999,24.23,23.879999,23.950001,15.035762,3694600,0.0,0.0
2006-03-13,24.049999,24.27,24.01,24.02,15.079709,3411600,0.0,0.0
2006-03-14,24.02,24.120001,23.950001,23.959999,15.042043,3359300,0.0,0.0
2006-03-15,24.049999,24.450001,23.889999,24.34,15.280601,3223200,0.0,0.0
2006-03-16,24.5,24.5,24.15,24.219999,15.205265,3201700,0.0,0.0
2006-03-17,24.35,24.75,24.16,24.620001,15.456388,4418800,0.0,0.0
2006-03-20,24.48,24.6,24.26,24.4,15.318263,2975200,0.0,0.0
2006-03-21,24.559999,24.799999,24.549999,24.780001,15.556827,6324000,0.0,0.0
2006-03-22,24.82,25.09,24.75,25.08,15.745178,7172300,0.0,0.0
2006-03-23,25.0,25.0,24.85,24.889999,15.625891,3651500,0.0,0.0
2006-03-24,24.75,25.059999,24.73,25.030001,15.713791,4420400,0.0,0.0
2006-03-27,24.85,25.040001,24.549999,24.780001,15.556827,4419300,0.0,0.0
2006-03-28,24.700001,24.77,24.219999,24.42,15.330831,4653700,0.0,0.0
2006-03-29,24.4,24.540001,24.23,24.440001,15.343381,5789100,0.0,0.0
2006-03-30,24.549999,24.690001,24.200001,24.24,15.217828,5351700,0.0,0.0
2006-03-31,24.23,24.379999,23.969999,23.98,15.054602,5896800,0.0,0.0
2006-04-03,24.1,24.74,24.049999,24.700001,15.506607,4671500,0.0,0.0
2006-04-04,24.6,24.799999,24.49,24.77,15.550561,3546900,0.0,0.0
2006-04-05,24.870001,25.0,24.67,24.9,15.63217,5419900,0.0,0.0
2006-04-06,24.799999,25.5,24.76,25.469999,15.990014,7143300,0.0,0.0
2006-04-07,25.450001,25.459999,24.99,25.139999,15.782843,4156200,0.0,0.0
2006-04-10,25.1,25.16,24.870001,24.889999,15.625891,5378200,0.0,0.0
2006-04-11,25.0,25.0,24.43,24.6,15.443833,3229300,0.0,0.0
2006-04-12,24.65,24.799999,24.530001,24.530001,15.399878,2068500,0.0,0.0
2006-04-13,24.440001,24.9,24.43,24.85,15.600783,1795200,0.0,0.0
2006-04-17,24.950001,24.950001,24.51,24.709999,15.51289,2373400,0.0,0.0
2006-04-18,24.799999,24.91,24.17,24.799999,15.569391,4781200,0.0,0.0
2006-04-19,24.780001,24.82,24.379999,24.559999,15.418717,3309400,0.0,0.0
2006-04-20,24.58,24.709999,24.43,24.530001,15.399878,3766000,0.0,0.0
2006-04-21,24.700001,24.84,24.5,24.809999,15.575667,3113600,0.0,0.0
2006-04-24,24.719999,24.93,24.700001,24.809999,15.575667,1945300,0.0,0.0
2006-04-25,24.9,25.370001,24.65,25.370001,15.927239,4056600,0.0,0.0
2006-04-26,25.4,25.58,25.030001,25.15,15.789118,5903900,0.0,0.0
2006-04-27,25.18,25.6,25.129999,25.5,16.008842,4015100,0.0,0.0
2006-04-28,25.5,25.57,25.34,25.469999,15.990014,4942000,0.0,0.0
2006-05-01,25.5,26.01,25.469999,25.780001,16.184633,4909200,0.0,0.0
2006-05-02,25.85,25.9,25.5,25.549999,16.040241,6549700,0.0,0.0
2006-05-03,25.559999,25.799999,25.530001,25.75,16.165798,4728000,0.0,0.0
2006-05-04,25.75,26.15,25.700001,26.040001,16.347858,2686500,0.0,0.0
2006-05-05,26.08,26.440001,26.049999,26.379999,16.561312,2673800,0.0,0.0
2006-05-08,26.5,26.809999,26.459999,26.6,16.69943,5272100,0.0,0.0
2006-05-09,26.719999,26.799999,26.610001,26.67,16.743368,4228600,0.0,0.0
2006-05-10,26.77,26.77,26.25,26.299999,16.511091,4107000,0.0,0.0
2006-05-11,26.299999,26.35,25.889999,25.92,16.27253,3550300,0.0,0.0
2006-05-12,25.549999,26.049999,25.43,25.66,16.109301,3674100,0.0,0.0
2006-05-15,25.549999,25.799999,25.25,25.66,16.109301,2980000,0.0,0.0
2006-05-16,25.790001,26.43,25.77,26.33,16.529924,5039500,0.0,0.0
2006-05-17,26.25,26.51,25.77,25.799999,16.197187,5144600,0.0,0.0
2006-05-18,25.01,25.860001,25.01,25.35,15.914685,3166800,0.0,0.0
2006-05-19,25.5,25.5,24.99,25.209999,15.826787,6574600,0.0,0.0
2006-05-22,25.290001,25.549999,25.1,25.26,15.858176,3998800,0.0,0.0
2006-05-23,25.200001,25.200001,24.82,24.85,15.600783,3794800,0.0,0.0
2006-05-24,25.0,25.6,24.92,25.4,15.94607,3725400,0.0,0.0
2006-05-25,25.6,26.33,25.5,26.299999,16.511091,8439500,0.0,0.0
2006-05-26,26.379999,26.5,26.040001,26.200001,16.448305,3751000,0.0,0.0
2006-05-30,26.0,26.09,25.5,25.51,16.015125,6300800,0.0,0.0
2006-05-31,25.51,25.93,25.469999,25.91,16.266243,5084700,0.0,0.0
2006-06-01,25.73,26.67,25.700001,26.639999,16.841537,4254500,0.18,0.0
2006-06-02,26.879999,26.879999,26.299999,26.43,16.708776,2583800,0.0,0.0
2006-06-05,26.43,26.85,26.23,26.559999,16.790972,5399000,0.0,0.0
2006-06-06,26.559999,26.879999,26.01,26.280001,16.613949,2981800,0.0,0.0
2006-06-07,26.450001,26.799999,26.26,26.68,16.866827,7633300,0.0,0.0
2006-06-08,26.76,26.969999,26.49,26.549999,16.784639,7894000,0.0,0.0
2006-06-09,26.35,26.5,25.639999,25.75,16.278889,4573200,0.0,0.0
2006-06-12,26.25,26.4,25.74,25.75,16.278889,3502000,0.0,0.0
2006-06-13,25.799999,26.08,25.73,25.790001,16.304173,4249500,0.0,0.0
2006-06-14,26.049999,26.26,25.74,25.83,16.329462,3977200,0.0,0.0
2006-06-15,25.82,26.280001,25.58,26.27,16.607628,2639700,0.0,0.0
2006-06-16,26.17,26.26,25.629999,25.99,16.430614,3507800,0.0,0.0
2006-06-19,26.049999,26.110001,25.92,25.959999,16.411654,3016800,0.0,0.0
2006-06-20,26.040001,26.16,25.790001,25.790001,16.304173,3463500,0.0,0.0
2006-06-21,25.77,26.1,25.719999,26.040001,16.462225,3017900,0.0,0.0
2006-06-22,26.09,26.15,25.83,25.950001,16.405327,2376700,0.0,0.0
2006-06-23,25.85,26.610001,25.82,26.5,16.753027,5966600,0.0,0.0
2006-06-26,26.48,26.6,26.34,26.5,16.753027,3795100,0.0,0.0
2006-06-27,26.6,26.73,26.27,26.52,16.765682,3740300,0.0,0.0
2006-06-28,26.719999,26.719999,26.34,26.629999,16.835218,6188200,0.0,0.0
2006-06-29,26.950001,26.99,26.73,26.92,17.018555,4982800,0.0,0.0
2006-06-30,27.01,27.24,27.01,27.049999,17.100742,5371700,0.0,0.0
2006-07-03,27.15,27.200001,27.0,27.110001,17.138666,1490100,0.0,0.0
2006-07-05,27.049999,27.059999,26.610001,26.74,16.904755,4391800,0.0,0.0
2006-07-06,27.0,27.030001,26.75,26.870001,16.986946,2028600,0.0,0.0
2006-07-07,26.9,27.41,26.799999,27.389999,17.315687,5297000,0.0,0.0
2006-07-10,27.469999,27.629999,27.200001,27.370001,17.303032,2992800,0.0,0.0
2006-07-11,27.379999,27.52,27.299999,27.43,17.340969,3370500,0.0,0.0
2006-07-12,27.48,27.639999,26.73,27.540001,17.410509,2541600,0.0,0.0
2006-07-13,27.540001,27.6,26.82,26.950001,17.037523,3961100,0.0,0.0
2006-07-14,26.85,26.860001,26.370001,26.52,16.765682,3068600,0.0,0.0
2006-07-17,26.5,26.73,26.35,26.629999,16.835218,1811400,0.0,0.0
2006-07-18,26.629999,26.83,26.4,26.5,16.753027,1546100,0.0,0.0
2006-07-19,26.6,26.9,26.41,26.549999,16.784639,2861500,0.0,0.0
2006-07-20,26.450001,26.58,26.34,26.379999,16.677166,2488500,0.0,0.0
2006-07-21,26.379999,26.52,26.110001,26.23,16.582342,2872000,0.0,0.0
2006-07-24,26.4,26.629999,26.18,26.52,16.765682,2019700,0.0,0.0
2006-07-25,26.549999,27.0,26.52,26.870001,16.986946,2629300,0.0,0.0
2006-07-26,26.809999,26.92,26.620001,26.65,16.847858,2081300,0.0,0.0
2006-07-27,26.75,26.950001,26.67,26.83,16.961649,1588600,0.0,0.0
2006-07-28,26.870001,27.27,26.700001,27.25,17.227167,1943600,0.0,0.0
2006-07-31,27.25,27.440001,27.01,27.43,17.340969,2982900,0.0,0.0
2006-08-01,27.25,27.27,26.700001,26.83,16.961649,3026200,0.0,0.0
2006-08-02,26.83,27.309999,26.799999,27.15,17.163952,1859100,0.0,0.0
2006-08-03,26.75,26.76,25.530001,26.360001,16.664524,9992600,0.0,0.0
2006-08-04,26.360001,26.700001,25.799999,25.799999,16.310503,6634900,0.0,0.0
2006-08-07,25.98,26.33,25.959999,26.15,16.531763,4763600,0.0,0.0
2006-08-08,26.299999,26.42,26.120001,26.25,16.594986,3682100,0.0,0.0
2006-08-09,26.35,26.41,26.190001,26.25,16.594986,6035400,0.0,0.0
2006-08-10,26.18,26.559999,26.18,26.5,16.753027,5248500,0.0,0.0
2006-08-11,26.5,26.58,26.17,26.370001,16.670851,3136400,0.0,0.0
2006-08-14,26.4,27.35,26.34,27.26,17.233496,8282900,0.0,0.0
2006-08-15,27.469999,27.68,27.290001,27.639999,17.473721,3785500,0.0,0.0
2006-08-16,27.75,27.83,27.43,27.559999,17.423151,2713100,0.0,0.0
2006-08-17,27.450001,27.73,27.299999,27.450001,17.353609,2546600,0.0,0.0
2006-08-18,27.459999,27.610001,27.26,27.52,17.397867,2590700,0.0,0.0
2006-08-21,27.49,27.74,27.469999,27.709999,17.517977,1918000,0.0,0.0
2006-08-22,27.719999,28.190001,27.6,28.18,17.815115,5114000,0.0,0.0
2006-08-23,28.18,28.450001,27.91,28.34,17.91626,3664800,0.0,0.0
2006-08-24,28.34,28.5,28.209999,28.280001,17.878328,2620000,0.0,0.0
2006-08-25,28.15,28.6,28.030001,28.459999,17.992128,2333200,0.0,0.0
2006-08-28,28.75,29.190001,28.59,28.940001,18.295572,5429900,0.0,0.0
2006-08-29,28.780001,29.0,28.59,28.93,18.416525,4279400,0.2,0.0
2006-08-30,28.92,28.969999,28.5,28.809999,18.340132,2050500,0.0,0.0
2006-08-31,28.809999,28.870001,28.549999,28.549999,18.17462,2451300,0.0,0.0
2006-09-01,28.82,28.99,28.719999,28.860001,18.371965,2415600,0.0,0.0
2006-09-05,29.0,29.0,28.540001,28.6,18.206457,3150900,0.0,0.0
2006-09-06,28.549999,28.629999,28.129999,28.299999,18.015476,4308800,0.0,0.0
2006-09-07,28.4,28.610001,28.08,28.129999,17.907255,3242900,0.0,0.0
2006-09-08,28.02,28.49,28.0,28.459999,18.117334,2641100,0.0,0.0
2006-09-11,28.469999,29.299999,28.35,29.26,18.626604,2747900,0.0,0.0
2006-09-12,29.27,29.780001,29.120001,29.35,18.683889,4097600,0.0,0.0
2006-09-13,29.200001,29.360001,28.139999,28.77,18.314674,3594100,0.0,0.0
2006-09-14,28.780001,28.9,28.4,28.540001,18.168259,2751400,0.0,0.0
2006-09-15,28.65,28.950001,28.370001,28.58,18.193724,3403300,0.0,0.0
2006-09-18,28.65,28.700001,28.48,28.67,18.251007,1670600,0.0,0.0
2006-09-19,28.879999,29.07,28.48,28.639999,18.231915,3635800,0.0,0.0
2006-09-20,28.85,28.950001,28.469999,28.559999,18.180992,3333600,0.0,0.0
2006-09-21,28.559999,28.82,28.059999,28.25,17.983646,2575500,0.0,0.0
2006-09-22,28.280001,28.42,28.110001,28.23,17.970913,1764900,0.0,0.0
2006-09-25,28.35,28.76,28.09,28.65,18.238277,3125400,0.0,0.0
2006-09-26,28.700001,28.780001,28.18,28.76,18.308302,3240400,0.0,0.0
2006-09-27,28.77,28.799999,28.379999,28.450001,18.110962,4310600,0.0,0.0
2006-09-28,28.450001,28.57,28.190001,28.209999,17.958178,4102400,0.0,0.0
2006-09-29,28.1,28.5,28.1,28.17,17.93272,2775400,0.0,0.0
2006-10-02,28.42,28.540001,28.33,28.33,18.034576,3312800,0.0,0.0
2006-10-03,28.34,28.719999,28.290001,28.42,18.091864,2526000,0.0,0.0
2006-10-04,28.49,28.629999,28.15,28.469999,18.123701,2481700,0.0,0.0
2006-10-05,28.25,28.690001,28.219999,28.65,18.238277,2997500,0.0,0.0
2006-10-06,28.639999,28.74,28.27,28.469999,18.123701,2516900,0.0,0.0
2006-10-09,28.35,28.58,28.139999,28.559999,18.180992,2036700,0.0,0.0
2006-10-10,28.559999,28.559999,28.23,28.370001,18.060028,2515800,0.0,0.0
2006-10-11,28.4,28.879999,28.4,28.610001,18.212812,3458600,0.0,0.0
2006-10-12,28.690001,28.690001,28.26,28.32,18.028206,2730900,0.0,0.0
2006-10-13,28.5,28.6,28.120001,28.15,17.919981,3523500,0.0,0.0
2006-10-16,28.0,28.379999,27.67,28.120001,17.900888,4189900,0.0,0.0
2006-10-17,27.33,28.290001,27.33,28.110001,17.894522,2648400,0.0,0.0
2006-10-18,28.23,28.41,28.07,28.190001,17.945459,1806400,0.0,0.0
2006-10-19,28.0,28.24,27.969999,28.190001,17.945459,2887100,0.0,0.0
2006-10-20,28.290001,28.360001,27.84,27.93,17.779938,4334100,0.0,0.0
2006-10-23,27.950001,28.360001,27.85,28.16,17.926357,2504800,0.0,0.0
2006-10-24,28.08,28.35,28.0,28.34,18.040937,3568100,0.0,0.0
2006-10-25,28.4,28.84,28.33,28.610001,18.212812,2451700,0.0,0.0
2006-10-26,28.82,29.299999,28.709999,29.1,18.524754,4241500,0.0,0.0
2006-10-27,29.0,29.139999,28.73,28.969999,18.441994,2177000,0.0,0.0
2006-10-30,29.0,29.1,28.809999,29.0,18.461086,1920700,0.0,0.0
2006-10-31,29.049999,29.18,28.799999,28.940001,18.42289,2975900,0.0,0.0
2006-11-01,29.0,29.049999,28.58,28.809999,18.340132,3383100,0.0,0.0
2006-11-02,28.58,28.959999,28.48,28.73,18.289211,3626900,0.0,0.0
2006-11-03,28.74,28.9,28.389999,28.51,18.149168,2918300,0.0,0.0
2006-11-06,28.76,29.24,28.51,29.15,18.556574,4919100,0.0,0.0
2006-11-07,29.09,29.450001,28.82,29.4,18.715727,3809900,0.0,0.0
2006-11-08,29.4,29.719999,29.299999,29.6,18.843048,3323100,0.0,0.0
2006-11-09,29.700001,29.879999,29.43,29.790001,18.963997,2245600,0.0,0.0
2006-11-10,29.790001,30.07,29.620001,29.870001,19.014927,3641600,0.0,0.0
2006-11-13,29.799999,30.049999,29.67,30.01,19.104053,1657900,0.0,0.0
2006-11-14,30.02,30.110001,29.5,29.58,18.830307,2335400,0.0,0.0
2006-11-15,29.780001,29.860001,29.559999,29.639999,18.868502,1902700,0.0,0.0
2006-11-16,29.85,30.030001,29.610001,29.780001,18.957626,2059600,0.0,0.0
2006-11-17,29.65,29.940001,29.549999,29.799999,18.970352,1843600,0.0,0.0
2006-11-20,29.139999,30.049999,29.139999,29.780001,18.957626,1953600,0.0,0.0
2006-11-21,29.6,29.700001,29.42,29.629999,18.862135,2677900,0.0,0.0
2006-11-22,29.75,30.969999,29.75,30.559999,19.454172,5301900,0.0,0.0
2006-11-24,30.5,30.52,30.290001,30.290001,19.282286,848500,0.0,0.0
2006-11-27,30.25,30.32,29.99,30.01,19.104053,2558300,0.0,0.0
2006-11-28,29.799999,30.25,29.66,30.049999,19.257856,5910600,0.2,0.0
2006-11-29,30.049999,30.25,29.959999,30.030001,19.245035,4165900,0.0,0.0
2006-11-30,30.030001,30.1,29.73,29.75,19.065594,3377500,0.0,0.0
2006-12-01,29.85,30.040001,29.450001,29.75,19.065594,3426100,0.0,0.0
2006-12-04,30.0,30.530001,29.98,30.200001,19.353985,3672200,0.0,0.0
2006-12-05,30.200001,31.0,30.15,30.950001,19.834621,3808500,0.0,0.0
2006-12-06,30.98,31.049999,30.559999,30.719999,19.687227,2183400,0.0,0.0
2006-12-07,30.84,31.0,30.700001,30.940001,19.828215,2331300,0.0,0.0
2006-12-08,30.85,31.01,30.639999,30.93,19.821804,2395300,0.0,0.0
2006-12-11,30.98,31.33,30.940001,31.32,20.071743,3193400,0.0,0.0
2006-12-12,31.33,31.450001,30.950001,31.299999,20.058922,2948100,0.0,0.0
2006-12-13,31.5,31.549999,31.07,31.389999,20.11661,2726700,0.0,0.0
2006-12-14,31.440001,31.790001,31.290001,31.6,20.251181,2955200,0.0,0.0
2006-12-15,31.77,32.009998,31.25,31.99,20.501116,4417100,0.0,0.0
2006-12-18,31.99,32.040001,31.77,31.99,20.501116,4714300,0.0,0.0
2006-12-19,31.700001,31.879999,31.620001,31.709999,20.321676,2293700,0.0,0.0
2006-12-20,31.73,32.0,31.59,31.74,20.340902,2461400,0.0,0.0
2006-12-21,31.700001,31.83,31.469999,31.67,20.296051,2659800,0.0,0.0
2006-12-22,31.549999,31.6,31.18,31.190001,19.988436,2604700,0.0,0.0
2006-12-26,31.15,31.629999,31.15,31.41,20.129423,1678500,0.0,0.0
2006-12-27,31.66,31.950001,31.49,31.540001,20.212732,1665000,0.0,0.0
2006-12-28,31.5,31.709999,31.48,31.5,20.187094,1829700,0.0,0.0
2006-12-29,31.450001,31.639999,31.07,31.18,19.982019,1851200,0.0,0.0
2007-01-03,31.15,31.85,31.1,31.6,20.251181,3188900,0.0,0.0
2007-01-04,31.4,31.629999,30.83,31.33,20.078152,3999900,0.0,0.0
2007-01-05,31.370001,31.4,30.77,30.889999,19.796177,6480300,0.0,0.0
2007-01-08,30.83,31.049999,30.57,31.049999,19.898716,3138400,0.0,0.0
2007-01-09,31.200001,31.33,30.74,30.889999,19.796177,3249400,0.0,0.0
2007-01-10,30.75,31.200001,30.709999,31.16,19.969206,2747200,0.0,0.0
2007-01-11,31.16,31.4,31.09,31.200001,19.994843,2577900,0.0,0.0
2007-01-12,31.24,31.68,31.219999,31.620001,20.264,3285600,0.0,0.0
2007-01-16,31.709999,31.75,31.209999,31.48,20.174282,4259100,0.0,0.0
2007-01-17,31.450001,31.620001,31.34,31.41,20.129423,2874400,0.0,0.0
2007-01-18,31.66,31.91,31.43,31.469999,20.167875,3616700,0.0,0.0
2007-01-19,31.469999,31.530001,31.200001,31.51,20.193506,2144700,0.0,0.0
2007-01-22,31.51,31.639999,31.23,31.34,20.084555,3429400,0.0,0.0
2007-01-23,31.4,31.68,31.290001,31.6,20.251181,2625800,0.0,0.0
2007-01-24,31.49,31.549999,31.25,31.34,20.084555,2323600,0.0,0.0
2007-01-25,31.200001,31.360001,30.68,30.709999,19.680822,2751500,0.0,0.0
2007-01-26,31.0,31.120001,30.5,30.620001,19.623142,3793600,0.0,0.0
2007-01-29,30.799999,31.01,30.620001,30.799999,19.738501,2094000,0.0,0.0
2007-01-30,30.75,31.049999,30.6,31.02,19.879484,2132400,0.0,0.0
2007-01-31,31.049999,31.35,30.92,31.17,19.975615,1978300,0.0,0.0
2007-02-01,31.65,31.65,31.09,31.440001,20.148657,3031500,0.0,0.0
2007-02-02,31.440001,31.6,31.280001,31.35,20.090971,3389800,0.0,0.0
2007-02-05,31.299999,31.610001,31.09,31.559999,20.225554,2078800,0.0,0.0
2007-02-06,31.75,31.76,31.41,31.59,20.244781,1763100,0.0,0.0
2007-02-07,31.59,31.83,31.5,31.790001,20.372944,1961400,0.0,0.0
2007-02-08,31.790001,32.110001,31.77,32.09,20.565205,2520800,0.0,0.0
2007-02-09,32.040001,32.220001,31.530001,31.68,20.302452,2255700,0.0,0.0
2007-02-12,31.9,32.0,31.280001,31.309999,20.065334,2145700,0.0,0.0
2007-02-13,31.450001,31.93,31.309999,31.879999,20.43062,2220100,0.0,0.0
2007-02-14,31.98,32.27,31.950001,31.99,20.501116,2876200,0.0,0.0
2007-02-15,32.049999,32.150002,31.74,31.879999,20.43062,2284200,0.0,0.0
2007-02-16,31.75,31.93,31.610001,31.809999,20.385767,2299400,0.0,0.0
2007-02-20,31.870001,32.009998,31.6,31.950001,20.475485,1561300,0.0,0.0
2007-02-21,31.9,32.0,31.66,31.700001,20.315264,4648200,0.0,0.0
2007-02-22,31.75,31.809999,31.35,31.549999,20.219139,2669400,0.0,0.0
2007-02-23,31.52,31.530001,31.120001,31.32,20.071743,2343300,0.0,0.0
2007-02-26,31.32,31.559999,31.290001,31.4,20.123011,2122500,0.0,0.0
2007-02-27,31.700001,31.799999,28.450001,30.24,19.37961,7176200,0.0,0.0
2007-02-28,30.6,30.889999,30.24,30.370001,19.462927,8451500,0.0,0.0
2007-03-01,30.35,30.35,29.58,29.969999,19.206579,7036800,0.0,0.0
2007-03-02,29.9,30.0,29.5,29.540001,18.931009,3820000,0.0,0.0
2007-03-05,29.32,29.73,29.01,29.620001,19.124708,5191000,0.22,0.0
2007-03-06,29.709999,31.049999,29.709999,30.940001,19.976988,10011800,0.0,0.0
2007-03-07,30.799999,31.08,30.49,30.58,19.744558,5314000,0.0,0.0
2007-03-08,30.83,30.950001,30.450001,30.48,19.679987,4469100,0.0,0.0
2007-03-09,30.610001,30.879999,30.49,30.67,19.80266,3071000,0.0,0.0
2007-03-12,30.85,31.33,30.700001,31.290001,20.202974,5663300,0.0,0.0
2007-03-13,31.16,31.209999,30.530001,30.559999,19.731642,4123800,0.0,0.0
2007-03-14,30.700001,30.92,30.23,30.5,19.692894,3907400,0.0,0.0
2007-03-15,30.4,30.469999,30.01,30.040001,19.395891,5647100,0.0,0.0
2007-03-16,30.040001,30.209999,29.860001,30.209999,19.505651,8266200,0.0,0.0
2007-03-19,30.450001,30.66,30.280001,30.65,19.789751,4076200,0.0,0.0
2007-03-20,30.67,30.73,30.459999,30.49,19.686445,5022500,0.0,0.0
2007-03-21,30.4,30.790001,30.190001,30.67,19.80266,4208400,0.0,0.0
2007-03-22,29.84,30.870001,29.84,30.75,19.854319,4151700,0.0,0.0
2007-03-23,30.65,30.73,30.379999,30.459999,19.66708,3978600,0.0,0.0
2007-03-26,30.459999,30.700001,30.23,30.559999,19.731642,3910700,0.0,0.0
2007-03-27,30.57,30.77,30.43,30.58,19.744558,4424700,0.0,0.0
2007-03-28,30.58,30.58,30.16,30.370001,19.608965,3944200,0.0,0.0
2007-03-29,30.4,30.67,30.379999,30.5,19.692894,5423500,0.0,0.0
2007-03-30,30.450001,30.75,30.370001,30.59,19.751011,4589300,0.0,0.0
2007-04-02,30.790001,30.799999,30.549999,30.780001,19.873692,3487100,0.0,0.0
2007-04-03,31.059999,31.23,30.959999,31.1,20.080299,5927300,0.0,0.0
2007-04-04,31.190001,31.49,31.1,31.24,20.170692,5295100,0.0,0.0
2007-04-05,31.139999,31.219999,30.459999,31.02,20.028648,4699500,0.0,0.0
2007-04-09,31.200001,31.25,31.01,31.200001,20.144871,4327400,0.0,0.0
2007-04-10,31.15,31.4,31.15,31.4,20.273998,3253600,0.0,0.0
2007-04-11,31.309999,31.389999,30.959999,30.99,20.009279,4234600,0.0,0.0
2007-04-12,31.790001,31.790001,30.92,31.41,20.280458,4966800,0.0,0.0
2007-04-13,31.84,31.84,31.35,31.450001,20.306295,4716800,0.0,0.0
2007-04-16,31.5,31.75,31.459999,31.700001,20.467705,5641900,0.0,0.0
2007-04-17,31.639999,31.690001,31.48,31.59,20.396681,4212900,0.0,0.0
2007-04-18,32.0,32.0,31.299999,31.700001,20.467705,4510900,0.0,0.0
2007-04-19,31.469999,31.73,31.299999,31.58,20.390224,3583800,0.0,0.0
2007-04-20,32.330002,32.330002,31.559999,31.709999,20.474165,4468400,0.0,0.0
2007-04-23,31.709999,31.799999,31.52,31.719999,20.480616,2537000,0.0,0.0
2007-04-24,31.65,31.700001,31.370001,31.549999,20.37085,3401200,0.0,0.0
2007-04-25,31.719999,32.099998,31.6,32.0,20.661407,5069800,0.0,0.0
2007-04-26,31.219999,32.150002,31.219999,32.049999,20.693689,5335800,0.0,0.0
2007-04-27,32.060001,32.09,31.85,32.040001,20.687231,3158700,0.0,0.0
2007-04-30,32.009998,32.02,31.65,31.77,20.512899,3299000,0.0,0.0
2007-05-01,31.77,32.049999,31.690001,31.969999,20.642031,3612200,0.0,0.0
2007-05-02,31.969999,32.240002,31.75,31.809999,20.538731,6026800,0.0,0.0
2007-05-03,31.82,32.450001,31.66,32.060001,20.700148,5214700,0.0,0.0
2007-05-04,32.060001,32.299999,31.84,32.0,20.661407,4095500,0.0,0.0
2007-05-07,32.110001,32.139999,31.700001,31.889999,20.590378,3441200,0.0,0.0
2007-05-08,31.790001,32.02,31.68,31.879999,20.583923,3094000,0.0,0.0
2007-05-09,31.940001,32.0,31.68,31.860001,20.571014,2775600,0.0,0.0
2007-05-10,31.799999,31.870001,31.27,31.469999,20.319201,3939100,0.0,0.0
2007-05-11,31.459999,31.959999,31.280001,31.780001,20.519354,3989300,0.0,0.0
2007-05-14,31.790001,32.169998,31.719999,31.870001,20.577471,3351700,0.0,0.0
2007-05-15,31.870001,32.169998,31.709999,31.73,20.48707,3401500,0.0,0.0
2007-05-16,31.799999,32.209999,31.799999,32.040001,20.687231,3145500,0.0,0.0
2007-05-17,31.9,32.139999,31.77,32.009998,20.667856,3037300,0.0,0.0
2007-05-18,32.060001,32.59,32.009998,32.549999,21.016516,4687700,0.0,0.0
2007-05-21,32.549999,32.990002,32.509998,32.84,21.20377,4243700,0.0,0.0
2007-05-22,32.77,33.040001,32.509998,32.82,21.190857,3699500,0.0,0.0
2007-05-23,33.0,33.330002,32.900002,33.240002,21.46203,3874500,0.0,0.0
2007-05-24,33.330002,33.450001,32.990002,33.040001,21.332907,4337000,0.0,0.0
2007-05-25,33.0,33.689999,32.970001,33.650002,21.726763,4209400,0.0,0.0
2007-05-29,33.150002,33.400002,32.93,33.290001,21.494318,3696800,0.0,0.0
2007-05-30,33.240002,33.610001,32.990002,33.57,21.675108,3538900,0.0,0.0
2007-05-31,33.279999,33.400002,32.919998,33.259998,21.616606,4966500,0.22,0.0
2007-06-01,33.150002,33.599998,33.0,33.48,21.75959,3539300,0.0,0.0
2007-06-04,33.48,33.689999,33.330002,33.66,21.876577,3489200,0.0,0.0
2007-06-05,33.470001,33.82,33.07,33.529999,21.792088,3189200,0.0,0.0
2007-06-06,33.400002,33.889999,32.639999,33.009998,21.454128,3733600,0.0,0.0
2007-06-07,33.099998,33.200001,32.52,32.59,21.181164,3615100,0.0,0.0
2007-06-08,32.400002,33.060001,32.299999,33.009998,21.454128,3824500,0.0,0.0
2007-06-11,32.91,33.310001,32.880001,33.119999,21.525614,3556000,0.0,0.0
2007-06-12,32.799999,33.189999,32.43,32.830002,21.337145,4289600,0.0,0.0
2007-06-13,32.900002,33.150002,32.73,33.139999,21.53862,3419300,0.0,0.0
2007-06-14,33.099998,33.150002,32.880001,33.110001,21.519119,3227200,0.0,0.0
2007-06-15,33.299999,33.57,33.099998,33.23,21.597105,4655600,0.0,0.0
2007-06-18,33.43,33.950001,33.189999,33.389999,21.701103,2924400,0.0,0.0
2007-06-19,33.209999,33.540001,33.09,33.470001,21.753098,2875100,0.0,0.0
2007-06-20,33.599998,33.700001,33.169998,33.200001,21.577621,3761700,0.0,0.0
2007-06-21,33.200001,33.23,32.540001,32.759998,21.291649,5101900,0.0,0.0
2007-06-22,32.759998,32.759998,32.389999,32.43,21.077168,5570700,0.0,0.0
2007-06-25,32.400002,32.970001,32.349998,32.619999,21.200655,3106200,0.0,0.0
2007-06-26,32.650002,32.98,32.599998,32.75,21.285149,5041300,0.0,0.0
2007-06-27,32.549999,33.110001,32.529999,33.07,21.49312,4475200,0.0,0.0
2007-06-28,32.919998,33.5,32.919998,33.23,21.597105,3339600,0.0,0.0
2007-06-29,33.049999,34.02,33.049999,33.32,21.655607,6852300,0.0,0.0
2007-07-02,33.669998,34.380001,33.57,34.23,22.247038,5672400,0.0,0.0
2007-07-03,34.389999,34.400002,33.75,34.23,22.247038,2665600,0.0,0.0
2007-07-05,34.060001,34.490002,33.91,34.119999,22.175549,2957900,0.0,0.0
2007-07-06,34.16,35.0,34.119999,34.68,22.539511,4890900,0.0,0.0
2007-07-09,34.619999,34.66,34.27,34.290001,22.286037,3828500,0.0,0.0
2007-07-10,34.23,34.639999,34.040001,34.139999,22.188547,5157000,0.0,0.0
2007-07-11,33.990002,34.369999,33.560001,34.080002,22.149557,3813400,0.0,0.0
2007-07-12,34.349998,34.610001,34.080002,34.560001,22.461521,4684700,0.0,0.0
2007-07-13,33.73,34.75,33.73,34.549999,22.455021,2979800,0.0,0.0
2007-07-16,34.419998,34.959999,34.34,34.869999,22.662996,2894800,0.0,0.0
2007-07-17,34.91,35.0,34.209999,34.43,22.377028,5103600,0.0,0.0
2007-07-18,34.490002,34.889999,34.139999,34.830002,22.636997,3931700,0.0,0.0
2007-07-19,34.98,35.16,34.759998,34.919998,22.695484,4629300,0.0,0.0
2007-07-20,34.599998,35.75,34.549999,34.73,22.572008,5820900,0.0,0.0
2007-07-23,34.98,35.5,34.799999,35.0,22.74748,5046700,0.0,0.0
2007-07-24,34.68,35.09,34.259998,34.330002,22.312033,4487200,0.0,0.0
2007-07-25,34.68,34.73,33.880001,34.09,22.15605,5657900,0.0,0.0
2007-07-26,33.889999,33.990002,32.610001,32.75,21.285149,8857500,0.0,0.0
2007-07-27,32.73,33.040001,31.969999,32.700001,21.252647,8256800,0.0,0.0
2007-07-30,32.380001,33.040001,31.940001,32.77,21.298145,5580300,0.0,0.0
2007-07-31,32.900002,33.349998,31.42,31.719999,20.615721,6755800,0.0,0.0
2007-08-01,31.6,32.09,31.030001,31.969999,20.778202,6930300,0.0,0.0
2007-08-02,31.969999,32.73,31.91,32.529999,21.14216,7084900,0.0,0.0
2007-08-03,32.700001,32.700001,31.5,31.57,20.518229,6228700,0.0,0.0
2007-08-06,31.01,32.450001,31.01,32.049999,20.830196,6525500,0.0,0.0
2007-08-07,31.68,32.41,31.559999,32.110001,20.869196,9063500,0.0,0.0
2007-08-08,32.049999,32.169998,31.15,31.959999,20.771704,6934500,0.0,0.0
2007-08-09,32.0,32.25,29.610001,30.66,19.926802,8682400,0.0,0.0
2007-08-10,31.440001,31.440001,29.83,30.620001,19.900805,6137300,0.0,0.0
2007-08-13,30.68,31.49,30.639999,31.040001,20.173763,3939200,0.0,0.0
2007-08-14,31.23,31.299999,29.780001,29.809999,19.374361,4960700,0.0,0.0
2007-08-15,30.049999,30.889999,29.6,29.66,19.276855,6328400,0.0,0.0
2007-08-16,29.15,29.75,28.76,29.309999,19.049395,8273900,0.0,0.0
2007-08-17,30.299999,30.9,29.709999,30.25,19.660326,6632500,0.0,0.0
2007-08-20,31.040001,31.040001,30.09,30.450001,19.79031,4918200,0.0,0.0
2007-08-21,30.200001,31.059999,30.17,30.82,20.030781,4996900,0.0,0.0
2007-08-22,31.23,32.189999,30.940001,31.389999,20.401249,4541100,0.0,0.0
2007-08-23,31.540001,31.6,31.09,31.24,20.303757,4716200,0.0,0.0
2007-08-24,31.35,31.940001,31.17,31.790001,20.661221,3448400,0.0,0.0
2007-08-27,31.74,31.74,31.1,31.25,20.310251,2469000,0.0,0.0
2007-08-28,31.01,31.25,30.07,30.110001,19.569344,3831000,0.0,0.0
2007-08-29,30.34,31.209999,29.9,31.16,20.25176,4503200,0.0,0.0
2007-08-30,30.76,31.139999,30.58,30.75,19.985287,3492900,0.0,0.0
2007-08-31,30.889999,31.73,30.83,31.51,20.479233,5453500,0.0,0.0
2007-09-04,31.719999,32.0,31.27,31.58,20.524733,59149200,0.0,0.0
2007-09-05,31.209999,31.370001,30.75,30.809999,20.024279,9526200,0.0,0.0
2007-09-06,30.77,31.41,30.049999,31.360001,20.381744,4599300,0.0,0.0
2007-09-07,30.860001,31.290001,30.1,30.950001,20.115282,4922100,0.0,0.0
2007-09-10,31.030001,31.15,30.65,30.73,19.972292,4682900,0.0,0.0
2007-09-11,30.73,31.09,30.629999,31.040001,20.173763,4437000,0.0,0.0
2007-09-12,30.66,30.82,30.25,30.25,19.819967,4846300,0.25,0.0
2007-09-13,30.389999,31.030001,30.389999,30.83,20.199986,5205100,0.0,0.0
2007-09-14,30.58,30.77,30.440001,30.65,20.082043,3500200,0.0,0.0
2007-09-17,30.469999,30.82,30.42,30.790001,20.173761,4166400,0.0,0.0
2007-09-18,30.889999,32.18,30.799999,32.139999,21.058296,6059100,0.0,0.0
2007-09-19,32.25,32.970001,32.139999,32.740002,21.451429,6096300,0.0,0.0
2007-09-20,32.52,32.59,31.34,31.389999,20.566896,8417500,0.0,0.0
2007-09-21,30.639999,32.669998,30.110001,31.59,20.697927,9305400,0.0,0.0
2007-09-24,31.5,31.559999,30.780001,30.860001,20.219637,6029700,0.0,0.0
2007-09-25,30.59,30.940001,30.43,30.809999,20.186878,6275100,0.0,0.0
2007-09-26,31.059999,31.4,30.92,31.110001,20.383442,5200500,0.0,0.0
2007-09-27,31.290001,31.309999,30.959999,31.01,20.317917,3950900,0.0,0.0
2007-09-28,30.93,31.549999,30.809999,31.5,20.638958,5651800,0.0,0.0
2007-10-01,31.559999,32.200001,30.940001,31.059999,20.350676,6085200,0.0,0.0
2007-10-02,30.780001,31.08,30.530001,30.809999,20.186878,5621200,0.0,0.0
2007-10-03,30.49,30.65,30.0,30.059999,19.695469,5979700,0.0,0.0
2007-10-04,30.23,30.9,30.139999,30.83,20.199986,4678300,0.0,0.0
2007-10-05,30.860001,31.219999,30.35,30.43,19.937899,5211100,0.0,0.0
2007-10-08,30.35,30.92,30.26,30.85,20.213083,3321800,0.0,0.0
2007-10-09,30.82,31.049999,30.65,30.73,20.134459,3299400,0.0,0.0
2007-10-10,30.59,30.85,30.389999,30.530001,20.003418,6153300,0.0,0.0
2007-10-11,30.549999,30.68,30.110001,30.120001,19.734785,4994000,0.0,0.0
2007-10-12,30.120001,30.370001,29.75,29.889999,19.58408,4022600,0.0,0.0
2007-10-15,29.83,29.969999,29.219999,29.290001,19.190968,4070000,0.0,0.0
2007-10-16,29.27,29.66,29.049999,29.360001,19.236826,4643200,0.0,0.0
2007-10-17,29.799999,29.889999,29.24,29.700001,19.459599,3939800,0.0,0.0
2007-10-18,29.5,29.59,29.32,29.41,19.269587,3475800,0.0,0.0
2007-10-19,29.42,29.52,28.700001,28.700001,18.804394,4756500,0.0,0.0
2007-10-22,28.42,29.120001,28.32,29.1,19.066479,3137400,0.0,0.0
2007-10-23,28.360001,29.969999,28.360001,29.459999,19.302357,4793200,0.0,0.0
2007-10-24,29.26,29.49,28.77,29.18,19.118891,6732300,0.0,0.0
2007-10-25,29.280001,29.370001,28.459999,28.799999,18.869919,5417600,0.0,0.0
2007-10-26,29.200001,29.200001,28.809999,29.0,19.000956,4574900,0.0,0.0
2007-10-29,29.049999,29.200001,28.719999,28.879999,18.922331,3943400,0.0,0.0
2007-10-30,28.700001,28.75,28.360001,28.379999,18.594727,6371100,0.0,0.0
2007-10-31,28.34,28.75,28.16,28.700001,18.804394,5334900,0.0,0.0
2007-11-01,28.219999,28.51,27.940001,28.26,18.5161,6826900,0.0,0.0
2007-11-02,27.870001,28.299999,27.209999,27.67,18.129534,6186400,0.0,0.0
2007-11-05,27.35,28.049999,27.35,27.6,18.083668,8018400,0.0,0.0
2007-11-06,26.860001,28.200001,26.860001,27.9,18.28023,7814100,0.0,0.0
2007-11-07,27.51,27.6,27.0,27.030001,17.710197,5565500,0.0,0.0
2007-11-08,27.049999,27.459999,26.65,27.26,17.860893,7964500,0.0,0.0
2007-11-09,26.85,27.219999,26.559999,26.74,17.520187,6190500,0.0,0.0
2007-11-12,26.700001,27.370001,26.610001,26.940001,17.651237,6057600,0.0,0.0
2007-11-13,27.110001,27.91,26.940001,27.889999,18.273674,4430900,0.0,0.0
2007-11-14,28.0,28.0,27.219999,27.299999,17.887102,4921900,0.0,0.0
2007-11-15,27.01,27.59,27.01,27.219999,17.834694,7844100,0.0,0.0
2007-11-16,27.42,27.540001,26.84,27.18,17.808479,6725300,0.0,0.0
2007-11-19,27.059999,27.059999,26.41,26.57,17.408806,5910300,0.0,0.0
2007-11-20,26.82,26.82,25.879999,26.280001,17.2188,6592800,0.0,0.0
2007-11-21,25.879999,26.24,25.57,25.9,16.969818,4815000,0.0,0.0
2007-11-23,26.120001,26.59,26.0,26.58,17.415356,1727800,0.0,0.0
2007-11-26,26.530001,26.620001,26.08,26.120001,17.113956,4306100,0.0,0.0
2007-11-27,26.200001,26.68,25.92,26.610001,17.435009,6662900,0.0,0.0
2007-11-28,26.76,27.290001,26.299999,27.139999,17.950922,5059200,0.25,0.0
2007-11-29,28.0,28.0,26.9,27.26,18.030287,4646200,0.0,0.0
2007-11-30,27.639999,27.639999,27.200001,27.43,18.142731,4559000,0.0,0.0
2007-12-03,27.5,27.5,26.969999,27.040001,17.884777,3973500,0.0,0.0
2007-12-04,26.879999,27.07,26.450001,26.700001,17.659891,5945700,0.0,0.0
2007-12-05,26.889999,27.440001,26.889999,27.219999,18.003834,5675800,0.0,0.0
2007-12-06,27.209999,27.209999,26.85,27.129999,17.9443,4316400,0.0,0.0
2007-12-07,27.129999,27.41,27.110001,27.15,17.957529,3531400,0.0,0.0
2007-12-10,27.17,27.290001,26.91,27.09,17.917854,3438200,0.0,0.0
2007-12-11,27.08,27.5,26.51,26.51,17.534225,4600800,0.0,0.0
2007-12-12,27.16,27.16,25.809999,26.26,17.368866,7189900,0.0,0.0
2007-12-13,26.08,26.65,26.07,26.58,17.580526,4646200,0.0,0.0
2007-12-14,26.41,26.49,26.1,26.15,17.29611,5482300,0.0,0.0
2007-12-17,25.98,26.51,25.9,26.139999,17.289501,5303400,0.0,0.0
2007-12-18,26.280001,26.280001,25.860001,26.07,17.243204,5140000,0.0,0.0
2007-12-19,26.02,26.23,25.639999,25.84,17.091068,5135700,0.0,0.0
2007-12-20,25.98,26.200001,25.77,25.92,17.143991,4705600,0.0,0.0
2007-12-21,26.17,26.469999,25.73,26.4,17.461466,6132000,0.0,0.0
2007-12-24,26.280001,26.93,26.25,26.77,17.706194,1720800,0.0,0.0
2007-12-26,26.620001,27.0,26.559999,26.870001,17.772339,2830600,0.0,0.0
2007-12-27,26.860001,27.16,26.82,26.950001,17.825249,4715600,0.0,0.0
2007-12-28,27.08,27.459999,27.08,27.209999,17.997219,3431400,0.0,0.0
2007-12-31,27.07,27.549999,27.07,27.25,18.023676,4909600,0.0,0.0
2008-01-02,27.18,27.18,26.379999,26.42,17.474695,6644900,0.0,0.0
2008-01-03,26.450001,26.450001,25.82,25.889999,17.12414,6932700,0.0,0.0
2008-01-04,25.700001,25.75,24.969999,25.01,16.542101,5064100,0.0,0.0
2008-01-07,25.209999,25.309999,24.559999,24.780001,16.389965,6447900,0.0,0.0
2008-01-08,24.860001,25.09,24.26,24.379999,16.125408,7574300,0.0,0.0
2008-01-09,24.299999,24.389999,23.450001,24.0,15.874064,9720000,0.0,0.0
2008-01-10,23.83,24.84,23.809999,24.59,16.264297,7899800,0.0,0.0
2008-01-11,24.389999,24.459999,24.1,24.1,15.940204,6822700,0.0,0.0
2008-01-14,24.25,24.41,24.07,24.27,16.052647,3608500,0.0,0.0
2008-01-15,24.08,24.129999,23.459999,23.530001,15.563198,6044100,0.0,0.0
2008-01-16,23.379999,23.75,23.17,23.450001,15.510283,5127800,0.0,0.0
2008-01-17,23.559999,23.73,22.93,23.299999,15.411063,6782900,0.0,0.0
2008-01-18,23.51,24.43,22.83,23.09,15.272173,7991400,0.0,0.0
2008-01-22,22.02,23.1,22.0,22.879999,15.133277,7663200,0.0,0.0
2008-01-23,22.030001,23.129999,21.34,23.1,15.278786,12140300,0.0,0.0
2008-01-24,23.110001,24.02,23.049999,23.959999,15.847613,10421400,0.0,0.0
2008-01-25,24.17,24.32,23.709999,23.879999,15.794699,9065100,0.0,0.0
2008-01-28,23.959999,24.860001,23.5,24.719999,16.350281,7886600,0.0,0.0
2008-01-29,24.92,25.549999,24.74,25.030001,16.555321,5272400,0.0,0.0
2008-01-30,24.969999,25.450001,24.68,24.870001,16.449495,4843300,0.0,0.0
2008-01-31,24.530001,25.540001,24.26,25.200001,16.667763,7068400,0.0,0.0
2008-02-01,25.16,25.610001,24.68,25.51,16.872805,4118000,0.0,0.0
2008-02-04,25.52,25.620001,25.200001,25.549999,16.899265,4794900,0.0,0.0
2008-02-05,25.379999,25.43,24.219999,24.25,16.039425,8614200,0.0,0.0
2008-02-06,24.370001,24.799999,24.040001,24.120001,15.953434,5023700,0.0,0.0
2008-02-07,24.030001,24.51,23.809999,24.43,16.158474,6338200,0.0,0.0
2008-02-08,24.549999,24.74,24.110001,24.58,16.257683,6229400,0.0,0.0
2008-02-11,24.620001,24.68,24.1,24.52,16.218,5731500,0.0,0.0
2008-02-12,24.620001,25.040001,24.450001,24.719999,16.350281,4794500,0.0,0.0
2008-02-13,24.950001,25.58,24.93,25.43,16.819887,5234400,0.0,0.0
2008-02-14,25.620001,25.629999,24.9,25.08,16.588392,4963400,0.0,0.0
2008-02-15,25.0,25.4,24.700001,25.379999,16.786823,10205200,0.0,0.0
2008-02-19,25.620001,25.83,25.040001,25.139999,16.628082,5575600,0.0,0.0
2008-02-20,24.82,25.379999,24.629999,25.24,16.694225,6259800,0.0,0.0
2008-02-21,25.280001,25.42,24.440001,24.51,16.211391,5445000,0.0,0.0
2008-02-22,24.559999,24.790001,24.139999,24.76,16.376736,4003600,0.0,0.0
2008-02-25,24.83,25.01,24.5,25.0,16.535482,4107100,0.0,0.0
2008-02-26,24.59,25.32,24.25,24.780001,16.389965,6208200,0.0,0.0
2008-02-27,24.389999,24.559999,23.84,23.99,15.86745,6884900,0.0,0.0
2008-02-28,23.889999,24.34,23.889999,23.959999,15.847613,4921600,0.0,0.0
2008-02-29,23.549999,23.549999,22.75,22.82,15.25274,8066000,0.25,0.0
2008-03-03,22.84,23.040001,22.549999,22.92,15.319573,4583000,0.0,0.0
2008-03-04,22.66,22.84,22.389999,22.67,15.152476,5330600,0.0,0.0
2008-03-05,22.629999,23.040001,22.440001,22.639999,15.132429,4559400,0.0,0.0
2008-03-06,22.5,22.540001,22.049999,22.1,14.77149,4166400,0.0,0.0
2008-03-07,21.969999,22.27,21.879999,21.99,14.697968,5346200,0.0,0.0
2008-03-10,21.969999,22.09,21.52,21.620001,14.450665,4579200,0.0,0.0
2008-03-11,22.280001,22.540001,21.950001,22.450001,15.005429,5347200,0.0,0.0
2008-03-12,22.57,22.6,22.030001,22.07,14.751442,3607800,0.0,0.0
2008-03-13,21.809999,22.23,21.16,21.98,14.691289,6348000,0.0,0.0
2008-03-14,21.950001,21.969999,21.0,21.57,14.417242,6101300,0.0,0.0
2008-03-17,21.030001,22.1,21.030001,21.9,14.637809,6258300,0.0,0.0
2008-03-18,22.27,22.559999,21.92,22.540001,15.06558,4463900,0.0,0.0
2008-03-19,22.82,22.85,22.26,22.299999,14.90517,3965300,0.0,0.0
2008-03-20,22.469999,23.26,22.290001,23.18,15.493356,7299000,0.0,0.0
2008-03-24,23.24,23.440001,23.110001,23.24,15.533462,4583700,0.0,0.0
2008-03-25,23.15,23.26,22.950001,23.059999,15.413157,3618600,0.0,0.0
2008-03-26,23.0,23.030001,22.6,22.93,15.326259,4921700,0.0,0.0
2008-03-27,23.07,23.07,22.389999,22.41,14.978687,5204100,0.0,0.0
2008-03-28,22.57,22.620001,21.9,21.940001,14.66455,6204600,0.0,0.0
2008-03-31,21.870001,22.24,21.77,22.08,14.758127,4138900,0.0,0.0
2008-04-01,22.34,22.940001,22.280001,22.860001,15.279473,3879900,0.0,0.0
2008-04-02,22.950001,23.02,22.629999,22.790001,15.232689,3978400,0.0,0.0
2008-04-03,22.700001,22.76,22.08,22.629999,15.125743,4159900,0.0,0.0
2008-04-04,22.620001,22.700001,22.209999,22.290001,14.898482,2630500,0.0,0.0
2008-04-07,22.34,22.629999,22.219999,22.51,15.045533,3006300,0.0,0.0
2008-04-08,22.4,22.5,22.110001,22.32,14.918537,2910700,0.0,0.0
2008-04-09,22.290001,22.51,21.889999,21.98,14.691289,2891000,0.0,0.0
2008-04-10,21.940001,22.42,21.799999,22.07,14.751442,2926200,0.0,0.0
2008-04-11,21.84,21.940001,21.309999,21.4,14.303614,5075000,0.0,0.0
2008-04-14,21.24,21.299999,20.93,20.959999,14.009521,4616800,0.0,0.0
2008-04-15,21.049999,21.120001,20.68,20.889999,13.962734,3604700,0.0,0.0
2008-04-16,21.0,21.290001,20.950001,21.24,14.19668,6968600,0.0,0.0
2008-04-17,21.129999,21.82,21.129999,21.690001,14.497452,3514200,0.0,0.0
2008-04-18,22.08,22.469999,21.91,22.27,14.885123,4619600,0.0,0.0
2008-04-21,22.09,22.24,21.83,22.09,14.764811,3514400,0.0,0.0
2008-04-22,21.959999,22.200001,21.809999,22.059999,14.744762,4161300,0.0,0.0
2008-04-23,22.02,22.25,21.32,21.389999,14.296933,5665500,0.0,0.0
2008-04-24,22.360001,22.49,21.41,21.969999,14.684607,3444500,0.0,0.0
2008-04-25,22.1,22.34,21.9,22.25,14.871755,3419100,0.0,0.0
2008-04-28,22.360001,22.799999,22.17,22.540001,15.06558,4891600,0.0,0.0
2008-04-29,23.940001,23.940001,22.629999,23.200001,15.506721,7975800,0.0,0.0
2008-04-30,23.200001,23.530001,23.0,23.07,15.419827,8270000,0.0,0.0
2008-05-01,23.030001,24.08,23.030001,24.049999,16.074858,5531300,0.0,0.0
2008-05-02,24.23,24.360001,23.959999,24.33,16.262012,6350200,0.0,0.0
2008-05-05,24.309999,24.309999,23.870001,24.02,16.054808,4793000,0.0,0.0
2008-05-06,23.780001,24.92,23.629999,24.67,16.48926,8718300,0.0,0.0
2008-05-07,24.629999,24.889999,24.469999,24.549999,16.409056,5779300,0.0,0.0
2008-05-08,24.51,24.82,24.48,24.549999,16.409056,6745300,0.0,0.0
2008-05-09,23.549999,24.6,23.549999,24.4,16.308796,4858800,0.0,0.0
2008-05-12,24.559999,24.77,24.26,24.77,16.55611,3393400,0.0,0.0
2008-05-13,24.969999,24.969999,24.530001,24.68,16.495953,3581600,0.0,0.0
2008-05-14,24.74,25.0,24.65,24.82,16.589523,3968000,0.0,0.0
2008-05-15,24.209999,24.450001,23.58,24.23,16.195169,11419900,0.0,0.0
2008-05-16,24.17,24.17,23.290001,23.42,15.653771,8829900,0.0,0.0
2008-05-19,23.379999,23.59,23.129999,23.25,15.540147,7959800,0.0,0.0
2008-05-20,23.17,23.35,23.0,23.120001,15.453258,8408200,0.0,0.0
2008-05-21,23.440001,23.440001,22.75,22.9,15.306203,5382100,0.0,0.0
2008-05-22,22.870001,23.25,22.76,23.0,15.373045,4239600,0.0,0.0
2008-05-23,22.889999,23.040001,22.67,22.700001,15.17253,3550700,0.0,0.0
2008-05-27,22.75,22.91,22.459999,22.629999,15.125743,6929400,0.0,0.0
2008-05-28,22.65,22.719999,22.08,22.18,14.824965,7510600,0.0,0.0
2008-05-29,22.18,22.27,21.75,21.93,14.657862,9909400,0.0,0.0
2008-05-30,21.549999,21.82,21.52,21.58,14.603726,7462500,0.27,0.0
2008-06-02,21.530001,21.77,21.51,21.74,14.712009,5395400,0.0,0.0
2008-06-03,21.639999,21.92,21.440001,21.549999,14.583425,8965700,0.0,0.0
2008-06-04,21.6,22.129999,21.52,21.870001,14.799977,6260600,0.0,0.0
2008-06-05,21.91,22.35,21.799999,22.290001,15.084201,7875100,0.0,0.0
2008-06-06,22.15,22.15,21.34,21.360001,14.454849,5517300,0.0,0.0
2008-06-09,21.35,21.360001,20.9,21.01,14.217995,4088200,0.0,0.0
2008-06-10,20.879999,21.27,20.76,21.08,14.265363,4743500,0.0,0.0
2008-06-11,20.940001,21.16,20.620001,20.639999,13.967606,5125500,0.0,0.0
2008-06-12,20.709999,20.860001,20.450001,20.59,13.933771,6292300,0.0,0.0
2008-06-13,20.639999,20.74,20.4,20.68,13.994669,4772700,0.0,0.0
2008-06-16,20.559999,20.969999,20.48,20.860001,14.116488,5788300,0.0,0.0
2008-06-17,21.059999,21.309999,20.6,20.65,13.974377,4536400,0.0,0.0
2008-06-18,20.5,20.5,20.049999,20.17,13.649544,5175700,0.0,0.0
2008-06-19,20.32,20.57,20.059999,20.43,13.8255,6686200,0.0,0.0
2008-06-20,20.299999,20.41,19.860001,20.0,13.534504,6669200,0.0,0.0
2008-06-23,20.049999,20.139999,19.77,19.82,13.412686,4395700,0.0,0.0
2008-06-24,19.75,19.9,19.299999,19.639999,13.290886,4866400,0.0,0.0
2008-06-25,19.74,20.540001,19.74,20.190001,13.663074,6512400,0.0,0.0
2008-06-26,20.0,20.059999,19.1,20.0,13.534504,13538100,0.0,0.0
2008-06-27,19.98,20.190001,19.379999,19.76,13.372091,10841200,0.0,0.0
2008-06-30,19.76,19.780001,19.389999,19.49,13.189377,6135200,0.0,0.0
2008-07-01,19.190001,19.4,18.799999,19.17,12.972817,6929000,0.0,0.0
2008-07-02,19.280001,19.370001,18.719999,18.73,12.675065,6139600,0.0,0.0
2008-07-03,18.92,18.93,18.52,18.6,12.587086,4914600,0.0,0.0
2008-07-07,17.860001,18.25,17.5,17.73,11.998331,9282400,0.0,0.0
2008-07-08,17.59,17.860001,17.379999,17.809999,12.052472,7711100,0.0,0.0
2008-07-09,17.84,18.07,17.530001,17.629999,11.930663,8693000,0.0,0.0
2008-07-10,17.66,17.75,17.299999,17.469999,11.822383,7384500,0.0,0.0
2008-07-11,17.25,17.360001,16.59,17.209999,11.646442,9458500,0.0,0.0
2008-07-14,17.389999,17.459999,16.860001,16.860001,11.409588,6397000,0.0,0.0
2008-07-15,16.709999,17.34,16.34,17.09,11.565232,9695600,0.0,0.0
2008-07-16,16.92,17.139999,16.41,16.91,11.443419,14424300,0.0,0.0
2008-07-17,17.030001,17.35,16.780001,17.309999,11.71411,12321100,0.0,0.0
2008-07-18,17.15,17.290001,16.799999,16.959999,11.47726,7648400,0.0,0.0
2008-07-21,17.1,17.129999,16.709999,16.77,11.348681,3729300,0.0,0.0
2008-07-22,16.620001,17.34,16.51,17.299999,11.707338,7630300,0.0,0.0
2008-07-23,17.43,18.139999,17.16,18.059999,12.22165,7853700,0.0,0.0
2008-07-24,18.1,18.219999,17.360001,17.370001,11.754712,9026500,0.0,0.0
2008-07-25,17.530001,17.77,16.860001,17.030001,11.524627,6592800,0.0,0.0
2008-07-28,16.950001,17.01,16.5,16.57,11.213337,6185000,0.0,0.0
2008-07-29,16.68,17.389999,16.6,17.15,11.605833,6381500,0.0,0.0
2008-07-30,17.1,17.360001,16.360001,16.879999,11.423122,8080600,0.0,0.0
2008-07-31,16.469999,16.9,16.139999,16.360001,11.071225,11822600,0.0,0.0
2008-08-01,16.5,16.51,15.83,15.98,10.81407,7380400,0.0,0.0
2008-08-04,16.0,16.18,15.76,16.01,10.834369,4391800,0.0,0.0
2008-08-05,16.17,16.5,16.110001,16.49,11.159199,5383700,0.0,0.0
2008-08-06,16.459999,16.76,16.08,16.700001,11.301311,8291600,0.0,0.0
2008-08-07,16.6,16.610001,15.99,16.049999,10.861437,4801500,0.0,0.0
2008-08-08,16.15,16.790001,16.040001,16.75,11.335151,4646600,0.0,0.0
2008-08-11,16.620001,17.82,16.610001,17.67,11.95773,10387400,0.0,0.0
2008-08-12,17.469999,17.66,17.219999,17.299999,11.707338,8156000,0.0,0.0
2008-08-13,17.219999,17.4,17.059999,17.200001,11.639668,5642300,0.0,0.0
2008-08-14,17.110001,18.27,17.1,18.049999,12.214887,11450900,0.0,0.0
2008-08-15,18.059999,18.34,17.790001,18.040001,12.208124,7499400,0.0,0.0
2008-08-18,18.139999,18.23,17.379999,17.559999,11.883293,5419200,0.0,0.0
2008-08-19,17.4,17.459999,16.690001,16.77,11.348681,4843900,0.0,0.0
2008-08-20,16.860001,16.889999,16.27,16.459999,11.138893,5048900,0.0,0.0
2008-08-21,16.309999,16.51,16.07,16.469999,11.145659,4265700,0.0,0.0
2008-08-22,16.5,16.83,16.370001,16.790001,11.362215,3266500,0.0,0.0
2008-08-25,16.719999,16.92,16.459999,16.540001,11.19303,4438300,0.0,0.0
2008-08-26,16.559999,16.639999,16.049999,16.370001,11.077992,6364500,0.0,0.0
2008-08-27,16.360001,16.629999,16.219999,16.440001,11.125361,4136600,0.0,0.0
2008-08-28,16.52,16.809999,16.440001,16.74,11.328375,5788600,0.0,0.0
2008-08-29,16.52,16.59,16.17,16.18,11.128912,4036500,0.27,0.0
2008-09-02,16.4,16.82,16.35,16.4,11.280228,7402900,0.0,0.0
2008-09-03,16.389999,16.700001,16.27,16.67,11.465943,5586800,0.0,0.0
2008-09-04,16.6,16.610001,16.17,16.18,11.128912,6240000,0.0,0.0
2008-09-05,16.110001,16.66,16.059999,16.559999,11.390281,8326500,0.0,0.0
2008-09-08,16.9,17.26,16.82,17.09,11.754826,7509900,0.0,0.0
2008-09-09,17.030001,17.27,16.59,16.6,11.417795,10864600,0.0,0.0
2008-09-10,16.690001,17.030001,16.48,16.870001,11.603509,10918900,0.0,0.0
2008-09-11,16.860001,17.17,16.66,16.99,11.686047,8228800,0.0,0.0
2008-09-12,16.82,16.950001,16.48,16.85,11.589752,6562300,0.0,0.0
2008-09-15,16.379999,17.07,16.059999,16.16,11.115153,8078800,0.0,0.0
2008-09-16,15.84,16.219999,15.54,16.0,11.005106,7432500,0.0,0.0
2008-09-17,15.85,15.89,15.0,15.05,10.351676,7917600,0.0,0.0
2008-09-18,15.25,16.02,14.76,15.68,10.785003,12416700,0.0,0.0
2008-09-19,16.0,16.99,15.64,15.69,10.791877,10568000,0.0,0.0
2008-09-22,15.51,15.85,15.33,15.39,10.585534,7406100,0.0,0.0
2008-09-23,15.49,15.69,14.68,14.85,10.214111,6391600,0.0,0.0
2008-09-24,14.88,15.09,14.63,14.72,10.1247,6809900,0.0,0.0
2008-09-25,14.79,15.43,14.76,15.24,10.482356,5592600,0.0,0.0
2008-09-26,15.11,15.53,14.93,15.4,10.592409,6675900,0.0,0.0
2008-09-29,15.23,15.51,14.05,14.3,9.835813,10688600,0.0,0.0
2008-09-30,14.6,14.63,14.09,14.58,10.0284,8389400,0.0,0.0
2008-10-01,14.45,14.61,14.25,14.43,9.925227,5763700,0.0,0.0
2008-10-02,14.41,14.47,13.58,13.62,9.368093,7221900,0.0,0.0
2008-10-03,13.83,13.89,12.8,12.89,8.865985,9885700,0.0,0.0
2008-10-06,12.59,12.99,12.18,12.93,8.8935,11701400,0.0,0.0
2008-10-07,13.06,13.14,11.8,11.85,8.150655,12431600,0.0,0.0
2008-10-08,11.58,12.35,11.37,11.42,7.854893,12063900,0.0,0.0
2008-10-09,11.62,11.62,10.13,10.14,6.974485,11086200,0.0,0.0
2008-10-10,9.7,10.45,7.54,8.1,5.571333,49717800,0.0,0.0
2008-10-13,8.64,8.86,7.66,8.74,6.011535,26884700,0.0,0.0
2008-10-14,9.43,9.6,8.89,9.53,6.554917,23655100,0.0,0.0
2008-10-15,9.42,9.52,8.54,8.62,5.928999,14944600,0.0,0.0
2008-10-16,8.66,8.88,7.96,8.8,6.052807,18988000,0.0,0.0
2008-10-17,8.6,9.51,8.58,9.41,6.472375,18038600,0.0,0.0
2008-10-20,9.25,9.45,8.86,9.4,6.465497,9502300,0.0,0.0
2008-10-21,9.38,9.51,9.01,9.04,6.217883,8449800,0.0,0.0
2008-10-22,8.9,8.9,7.8,8.09,5.564456,10604800,0.0,0.0
2008-10-23,8.15,8.46,7.76,8.42,5.791436,11032000,0.0,0.0
2008-10-24,7.93,8.16,7.7,7.79,5.358108,13669700,0.0,0.0
2008-10-27,7.64,8.14,7.52,7.78,5.351232,10405400,0.0,0.0
2008-10-28,8.15,8.9,7.81,8.83,6.073441,8950600,0.0,0.0
2008-10-29,8.93,9.52,8.72,8.72,5.997782,15899900,0.0,0.0
2008-10-30,8.9,9.81,8.9,9.43,6.486132,13240400,0.0,0.0
2008-10-31,9.43,10.06,9.03,9.71,6.67872,13813100,0.0,0.0
2008-11-03,9.7,9.88,9.36,9.58,6.589306,8804200,0.0,0.0
2008-11-04,9.83,9.89,9.41,9.84,6.768136,9417000,0.0,0.0
2008-11-05,9.71,9.87,9.05,9.1,6.259151,9766100,0.0,0.0
2008-11-06,8.93,9.0,8.07,8.11,5.578211,18120900,0.0,0.0
2008-11-07,8.25,8.45,8.0,8.16,5.612604,11976600,0.0,0.0
2008-11-10,8.21,8.46,7.88,8.0,5.502553,9832900,0.0,0.0
2008-11-11,8.03,8.03,7.44,7.66,5.268692,8549300,0.0,0.0
2008-11-12,7.49,7.52,6.05,6.07,4.175062,31802700,0.0,0.0
2008-11-13,6.08,6.67,5.86,6.43,4.422676,25107600,0.0,0.0
2008-11-14,6.41,7.19,6.28,6.62,4.553361,16500400,0.0,0.0
2008-11-17,6.47,6.59,6.1,6.11,4.202576,13222800,0.0,0.0
2008-11-18,6.09,6.3,5.79,6.07,4.175062,11901200,0.0,0.0
2008-11-19,5.95,6.08,5.36,5.39,3.707343,11564000,0.0,0.0
2008-11-20,5.33,5.34,4.49,4.51,3.102064,18547100,0.0,0.0
2008-11-21,4.75,5.04,4.36,4.98,3.425339,15294400,0.0,0.0
2008-11-24,5.21,6.17,5.04,5.99,4.120035,15533400,0.0,0.0
2008-11-25,6.13,6.4,5.58,5.92,4.071886,9005500,0.0,0.0
2008-11-26,5.78,6.59,5.61,6.55,4.505215,9579900,0.0,0.0
2008-11-28,6.52,6.74,6.22,6.66,4.580874,4111400,0.0,0.0
2008-12-01,6.42,6.49,5.8,5.83,4.009983,8698100,0.0,0.0
2008-12-02,5.65,6.74,5.33,6.41,4.623022,13952100,0.27,0.0
2008-12-03,6.23,7.38,5.81,7.31,5.27212,17088500,0.0,0.0
2008-12-04,7.15,7.8,6.98,7.4,5.337029,15839800,0.0,0.0
2008-12-05,7.2,7.44,6.67,7.39,5.329818,11518500,0.0,0.0
2008-12-08,7.61,8.0,7.44,7.83,5.647155,11705200,0.0,0.0
2008-12-09,7.71,8.02,7.39,7.45,5.373089,12741300,0.0,0.0
2008-12-10,7.54,8.24,7.5,7.93,5.719275,10476700,0.0,0.0
2008-12-11,7.83,8.11,7.66,7.75,5.589456,10326300,0.0,0.0
2008-12-12,7.48,8.34,7.25,8.2,5.914005,12173700,0.0,0.0
2008-12-15,8.25,8.4,7.41,7.66,5.524547,11645800,0.0,0.0
2008-12-16,7.93,7.98,7.42,7.97,5.748125,14543300,0.0,0.0
2008-12-17,7.66,7.95,7.48,7.75,5.589456,9548100,0.0,0.0
2008-12-18,7.78,7.92,7.32,7.4,5.337029,7715300,0.0,0.0
2008-12-19,8.51,8.51,7.32,7.71,5.560608,13334100,0.0,0.0
2008-12-22,7.69,7.69,7.27,7.46,5.380302,10139500,0.0,0.0
2008-12-23,7.59,7.59,7.32,7.47,5.387514,6599400,0.0,0.0
2008-12-24,7.33,7.57,7.3,7.51,5.416364,2223100,0.0,0.0
2008-12-26,7.47,7.82,7.47,7.72,5.567819,3927400,0.0,0.0
2008-12-29,7.74,7.9,7.35,7.56,5.452424,5299900,0.0,0.0
2008-12-30,7.6,7.98,7.55,7.97,5.748125,3903800,0.0,0.0
2008-12-31,7.93,8.25,7.87,8.19,5.906793,4659200,0.0,0.0
2009-01-02,8.19,8.93,8.15,8.91,6.426071,6197300,0.0,0.0
2009-01-05,8.85,9.0,8.62,8.7,6.274613,8665300,0.0,0.0
2009-01-06,8.83,9.19,8.71,8.92,6.433285,13714100,0.0,0.0
2009-01-07,8.75,8.8,8.37,8.51,6.137585,10367300,0.0,0.0
2009-01-08,8.45,8.83,8.29,8.71,6.28183,9377400,0.0,0.0
2009-01-09,8.6,8.77,8.36,8.4,6.05825,6402600,0.0,0.0
2009-01-12,8.5,8.5,7.74,7.82,5.639944,7796600,0.0,0.0
2009-01-13,7.84,7.84,7.42,7.59,5.474062,9576400,0.0,0.0
2009-01-14,7.43,7.55,7.04,7.22,5.207211,7732700,0.0,0.0
2009-01-15,7.21,7.36,6.64,7.1,5.120664,11894500,0.0,0.0
2009-01-16,7.23,7.41,6.89,7.2,5.192786,7592900,0.0,0.0
2009-01-20,7.19,7.28,6.45,6.48,4.673506,8156300,0.0,0.0
2009-01-21,6.6,7.15,6.55,7.14,5.149514,11501300,0.0,0.0
2009-01-22,6.7,6.88,6.37,6.44,4.644658,11825000,0.0,0.0
2009-01-23,6.26,6.63,6.0,6.5,4.687932,14897300,0.0,0.0
2009-01-26,6.29,6.59,5.93,6.12,4.413867,10018600,0.0,0.0
2009-01-27,6.15,6.4,6.08,6.13,4.42108,8204200,0.0,0.0
2009-01-28,6.29,6.65,6.07,6.51,4.695143,8305900,0.0,0.0
2009-01-29,6.43,6.43,5.93,6.02,4.341745,8386900,0.0,0.0
2009-01-30,6.13,6.16,5.68,5.72,4.12538,9872100,0.0,0.0
2009-02-02,5.63,5.88,5.49,5.8,4.183077,8346200,0.0,0.0
2009-02-03,5.8,5.94,5.52,5.85,4.219138,9848000,0.0,0.0
2009-02-04,5.79,6.16,5.7,5.76,4.154229,14912400,0.0,0.0
2009-02-05,5.75,6.2,5.6,5.99,4.320109,12318300,0.0,0.0
2009-02-06,6.01,6.67,5.93,6.4,4.615807,12639200,0.0,0.0
2009-02-09,6.4,6.46,6.15,6.22,4.485988,10068900,0.0,0.0
2009-02-10,6.13,6.22,5.62,5.67,4.089318,9810200,0.0,0.0
2009-02-11,5.75,6.07,5.66,5.88,4.240776,9523500,0.0,0.0
2009-02-12,5.67,5.9,5.5,5.85,4.219138,9980800,0.0,0.0
2009-02-13,5.87,5.92,5.55,5.81,4.190289,11534200,0.0,0.0
2009-02-17,5.51,5.64,5.2,5.25,3.786406,10193100,0.0,0.0
2009-02-18,5.31,5.31,4.91,5.13,3.699859,23730300,0.0,0.0
2009-02-19,5.66,6.15,4.96,4.97,3.584465,23078600,0.0,0.0
2009-02-20,4.85,5.15,4.73,4.89,3.526766,18314300,0.0,0.0
2009-02-23,5.06,5.06,4.8,4.9,3.533978,13761500,0.0,0.0
2009-02-24,4.81,5.3,4.69,5.2,3.750344,14509600,0.0,0.0
2009-02-25,5.17,5.24,4.77,4.98,3.591677,13103200,0.0,0.0
2009-02-26,5.11,5.2,4.49,4.55,3.28155,14955700,0.0,0.0
2009-02-27,4.89,4.89,4.25,4.27,3.07961,15801700,0.0,0.0
2009-03-02,4.16,4.16,3.85,3.99,2.877668,16494200,0.0,0.0
2009-03-03,4.06,4.07,3.53,3.6,2.596393,22782800,0.0,0.0
2009-03-04,3.85,4.05,3.62,3.85,2.776697,22167500,0.0,0.0
2009-03-05,3.72,3.75,3.31,3.43,2.473785,16576300,0.0,0.0
2009-03-06,3.55,3.55,3.25,3.36,2.4233,11229600,0.0,0.0
2009-03-09,3.38,3.38,3.06,3.09,2.262234,9770700,0.05,0.0
2009-03-10,3.17,3.73,3.08,3.56,2.606328,22482600,0.0,0.0
2009-03-11,3.6,3.93,3.41,3.75,2.74543,13153700,0.0,0.0
2009-03-12,3.75,4.07,3.53,4.02,2.943101,17027300,0.0,0.0
2009-03-13,4.05,4.09,3.76,3.88,2.840604,11481500,0.0,0.0
2009-03-16,4.0,4.13,3.81,3.83,2.804,9697600,0.0,0.0
2009-03-17,4.0,4.17,3.86,4.15,3.038277,11234600,0.0,0.0
2009-03-18,4.12,4.58,4.01,4.34,3.177378,16410000,0.0,0.0
2009-03-19,4.49,4.49,4.25,4.32,3.162735,9806500,0.0,0.0
2009-03-20,4.33,4.34,3.76,4.05,2.965065,12426500,0.0,0.0
2009-03-23,4.3,4.44,4.09,4.42,3.235947,9350500,0.0,0.0
2009-03-24,4.35,4.84,4.33,4.47,3.272553,11684200,0.0,0.0
2009-03-25,4.6,4.8,4.23,4.39,3.213984,10027800,0.0,0.0
2009-03-26,4.46,4.79,4.45,4.71,3.44826,10469200,0.0,0.0
2009-03-27,4.63,4.75,4.52,4.61,3.375048,6656900,0.0,0.0
2009-03-30,4.2,4.47,3.76,3.79,2.774715,16198700,0.0,0.0
2009-03-31,3.85,3.95,3.65,3.84,2.811321,9403900,0.0,0.0
2009-04-01,3.78,3.9,3.65,3.88,2.840604,8257900,0.0,0.0
2009-04-02,4.02,4.71,4.0,4.68,3.426297,19168000,0.0,0.0
2009-04-03,4.73,5.07,4.51,4.85,3.550755,13741300,0.0,0.0
2009-04-06,4.8,4.98,4.72,4.89,3.580042,9209400,0.0,0.0
2009-04-07,4.78,4.99,4.69,4.85,3.550755,7703300,0.0,0.0
2009-04-08,4.85,5.12,4.5,5.03,3.682537,11347300,0.0,0.0
2009-04-09,5.22,5.65,5.15,5.36,3.924135,14143100,0.0,0.0
2009-04-13,5.3,5.54,5.2,5.47,4.004666,6004600,0.0,0.0
2009-04-14,5.41,5.55,5.03,5.17,3.785032,11554400,0.0,0.0
2009-04-15,5.12,5.35,5.04,5.34,3.909492,5303900,0.0,0.0
2009-04-16,5.41,5.71,5.3,5.59,4.092521,6532800,0.0,0.0
2009-04-17,5.59,6.84,5.45,6.7,4.905169,29260400,0.0,0.0
2009-04-20,6.5,6.5,5.61,5.75,4.209661,18215000,0.0,0.0
2009-04-21,5.75,6.31,5.65,6.18,4.524467,10987800,0.0,0.0
2009-04-22,5.92,6.24,5.66,5.92,4.334119,11369500,0.0,0.0
2009-04-23,6.0,6.02,5.65,5.8,4.246265,8882100,0.0,0.0
2009-04-24,5.89,6.27,5.81,6.22,4.553753,9019800,0.0,0.0
2009-04-27,6.12,6.24,5.94,6.01,4.400009,9994300,0.0,0.0
2009-04-28,5.92,6.02,5.79,5.86,4.290192,8400700,0.0,0.0
2009-04-29,5.93,6.47,5.88,6.35,4.648929,11413000,0.0,0.0
2009-04-30,6.61,7.65,6.47,7.04,5.154086,19591900,0.0,0.0
2009-05-01,7.08,7.39,6.85,7.19,5.263906,9633300,0.0,0.0
2009-05-04,7.22,7.38,7.07,7.2,5.271228,9496900,0.0,0.0
2009-05-05,7.19,7.5,7.11,7.33,5.366403,13406400,0.0,0.0
2009-05-06,7.35,8.2,7.35,7.98,5.842276,19228600,0.0,0.0
2009-05-07,8.26,8.63,7.73,8.06,5.900842,20306900,0.0,0.0
2009-05-08,7.84,8.8,7.46,8.55,6.259579,24692400,0.0,0.0
2009-05-11,8.12,8.21,7.57,7.62,5.578714,13965300,0.0,0.0
2009-05-12,7.73,7.73,6.53,7.05,5.161409,22820800,0.0,0.0
2009-05-13,6.73,6.75,6.32,6.52,4.773387,17794800,0.0,0.0
2009-05-14,6.53,6.99,6.47,6.84,5.007665,12953600,0.0,0.0
2009-05-15,6.8,7.31,6.67,6.7,4.905169,15437500,0.0,0.0
2009-05-18,6.79,7.38,6.76,7.32,5.359082,12589400,0.0,0.0
2009-05-19,7.25,7.43,6.99,7.22,5.285868,13141400,0.0,0.0
2009-05-20,7.3,7.71,7.15,7.28,5.329795,12420400,0.0,0.0
2009-05-21,7.14,7.2,6.78,6.92,5.066235,11866600,0.0,0.0
2009-05-22,7.04,7.21,6.78,7.01,5.132126,7690400,0.0,0.0
2009-05-26,7.0,7.29,6.83,7.19,5.263906,7863100,0.0,0.0
2009-05-27,7.18,7.37,6.97,6.98,5.11016,8733000,0.0,0.0
2009-05-28,7.13,7.14,6.77,6.99,5.117481,9094200,0.0,0.0
2009-05-29,7.44,7.44,7.12,7.38,5.403007,11439300,0.0,0.0
2009-06-01,7.51,8.78,7.51,8.74,6.398685,21354600,0.0,0.0
2009-06-02,8.69,8.69,8.24,8.65,6.332791,12980600,0.0,0.0
2009-06-03,8.61,8.83,8.31,8.77,6.420646,17786100,0.0,0.0
2009-06-04,8.89,9.15,8.71,8.92,6.530463,13866300,0.0,0.0
2009-06-05,9.08,9.12,8.59,8.78,6.427968,12603100,0.0,0.0
2009-06-08,8.53,8.79,8.29,8.68,6.391153,8792700,0.05,0.0
2009-06-09,8.67,8.73,8.33,8.68,6.391153,8277100,0.0,0.0
2009-06-10,8.74,8.84,8.24,8.33,6.133445,11076900,0.0,0.0
2009-06-11,7.97,8.32,7.84,8.16,6.008271,18885100,0.0,0.0
2009-06-12,8.07,8.15,7.76,8.14,5.993546,7792700,0.0,0.0
2009-06-15,7.98,8.1,7.74,7.81,5.750565,7770400,0.0,0.0
2009-06-16,7.85,7.9,7.39,7.39,5.441314,8871200,0.0,0.0
2009-06-17,7.38,7.53,7.19,7.35,5.411861,6998100,0.0,0.0
2009-06-18,7.32,7.49,7.18,7.38,5.433952,6855700,0.0,0.0
2009-06-19,7.49,7.63,7.26,7.34,5.404498,7864900,0.0,0.0
2009-06-22,7.24,7.26,6.84,6.84,5.036345,7363700,0.0,0.0
2009-06-23,6.85,6.95,6.67,6.79,4.999529,10182500,0.0,0.0
2009-06-24,6.94,7.31,6.81,7.02,5.16888,9170600,0.0,0.0
2009-06-25,6.93,7.24,6.93,7.21,5.308779,8180000,0.0,0.0
2009-06-26,7.17,7.2,6.69,7.07,5.205698,12866100,0.0,0.0
2009-06-29,6.93,7.32,6.92,7.22,5.316141,6217300,0.0,0.0
2009-06-30,7.15,7.28,6.79,6.92,5.095249,8483000,0.0,0.0
2009-07-01,6.95,7.1,6.88,6.94,5.109976,4509300,0.0,0.0
2009-07-02,6.81,6.87,6.46,6.59,4.85227,7541200,0.0,0.0
2009-07-06,6.51,6.56,6.0,6.11,4.498839,17747300,0.0,0.0
2009-07-07,6.22,6.23,5.79,5.8,4.270585,7704400,0.0,0.0
2009-07-08,5.93,5.97,5.65,5.78,4.255859,15548000,0.0,0.0
2009-07-09,5.85,6.05,5.79,5.96,4.388395,9686600,0.0,0.0
2009-07-10,5.89,5.99,5.77,5.97,4.395756,6822700,0.0,0.0
2009-07-13,6.02,6.06,5.75,5.98,4.40312,9045900,0.0,0.0
2009-07-14,6.05,6.26,5.94,6.23,4.587197,8440100,0.0,0.0
2009-07-15,6.46,6.63,6.34,6.56,4.830181,7999500,0.0,0.0
2009-07-16,6.55,6.77,6.51,6.75,4.970078,6329300,0.0,0.0
2009-07-17,6.64,6.82,6.53,6.75,4.970078,10547600,0.0,0.0
2009-07-20,7.07,7.43,7.02,7.43,5.470767,12366500,0.0,0.0
2009-07-21,7.46,7.64,7.14,7.23,5.323506,8009600,0.0,0.0
2009-07-22,7.17,7.47,7.09,7.29,5.367685,5640300,0.0,0.0
2009-07-23,7.29,7.88,7.24,7.8,5.743202,11083600,0.0,0.0
2009-07-24,7.72,7.86,7.55,7.83,5.76529,5934600,0.0,0.0
2009-07-27,7.83,8.07,7.72,8.05,5.927277,8188400,0.0,0.0
2009-07-28,7.78,8.26,7.69,7.99,5.883099,9251900,0.0,0.0
2009-07-29,7.82,7.95,7.58,7.72,5.684297,6824400,0.0,0.0
2009-07-30,7.7,8.14,7.7,8.0,5.890465,8289100,0.0,0.0
2009-07-31,7.87,8.23,7.77,8.19,6.030362,9961800,0.0,0.0
2009-08-03,8.14,9.15,8.12,8.91,6.560502,17354500,0.0,0.0
2009-08-04,8.63,9.02,8.52,8.93,6.575227,11750400,0.0,0.0
2009-08-05,8.96,8.99,8.53,8.86,6.523686,15097000,0.0,0.0
2009-08-06,8.91,9.14,8.46,8.54,6.288068,12172100,0.0,0.0
2009-08-07,9.56,11.23,9.56,10.81,7.959488,49696900,0.0,0.0
2009-08-10,10.47,11.65,10.32,11.13,8.195107,23749400,0.0,0.0
2009-08-11,10.98,11.02,10.46,10.59,7.797502,15069600,0.0,0.0
2009-08-12,10.55,11.03,10.45,10.72,7.893217,13925900,0.0,0.0
2009-08-13,10.25,10.61,10.14,10.29,7.57661,13808600,0.0,0.0
2009-08-14,10.44,10.44,9.98,10.23,7.532431,8527600,0.0,0.0
2009-08-17,9.74,10.04,9.57,9.89,7.282085,14852900,0.0,0.0
2009-08-18,9.94,10.15,9.85,9.87,7.267359,9013700,0.0,0.0
2009-08-19,9.7,10.48,9.57,10.36,7.628149,12706400,0.0,0.0
2009-08-20,10.45,10.66,10.35,10.55,7.768047,8236900,0.0,0.0
2009-08-21,10.7,10.94,10.56,10.74,7.907945,7964000,0.0,0.0
2009-08-24,10.74,11.17,10.73,11.01,8.10675,9042700,0.0,0.0
2009-08-25,11.12,11.23,10.92,11.15,8.209831,10246200,0.0,0.0
2009-08-26,11.05,11.16,10.71,10.88,8.011029,9900100,0.0,0.0
2009-08-27,10.83,11.08,10.51,10.99,8.092022,8760000,0.0,0.0
2009-08-28,11.11,11.23,10.7,10.78,7.937396,8775600,0.0,0.0
2009-08-31,10.57,10.74,10.29,10.35,7.620783,8531400,0.0,0.0
2009-09-01,10.27,10.59,9.84,9.88,7.274721,9327700,0.0,0.0
2009-09-02,9.89,10.12,9.74,10.03,7.385165,10196100,0.0,0.0
2009-09-03,10.14,10.29,9.99,10.27,7.561882,8099400,0.0,0.0
2009-09-04,10.27,10.62,10.16,10.6,7.804863,7258600,0.0,0.0
2009-09-08,10.73,10.91,10.66,10.83,8.012005,8775900,0.05,0.0
2009-09-09,10.82,11.1,10.6,11.02,8.152569,9256600,0.0,0.0
2009-09-10,10.92,11.96,10.91,11.95,8.840576,16131400,0.0,0.0
2009-09-11,11.71,12.12,11.52,11.76,8.700021,16390700,0.0,0.0
2009-09-14,11.6,11.94,11.49,11.86,8.773996,9794700,0.0,0.0
2009-09-15,12.28,12.6,12.14,12.43,9.195682,21566700,0.0,0.0
2009-09-16,12.46,13.09,12.23,12.74,9.42502,27889900,0.0,0.0
2009-09-17,12.67,13.16,12.27,12.44,9.203077,14712600,0.0,0.0
2009-09-18,12.53,12.71,12.25,12.6,9.321449,11167800,0.0,0.0
2009-09-21,12.42,12.5,11.96,12.38,9.158691,13096000,0.0,0.0
2009-09-22,12.52,12.76,12.42,12.65,9.358437,7702700,0.0,0.0
2009-09-23,12.71,12.78,12.08,12.09,8.944153,8671900,0.0,0.0
2009-09-24,12.13,12.27,11.46,11.6,8.581652,7310600,0.0,0.0
2009-09-25,11.55,11.8,11.41,11.62,8.596448,9167100,0.0,0.0
2009-09-28,11.73,12.36,11.65,12.28,9.084712,6238200,0.0,0.0
2009-09-29,12.39,12.6,12.31,12.41,9.180886,8805200,0.0,0.0
2009-09-30,12.48,12.53,11.88,12.05,8.914557,10089100,0.0,0.0
2009-10-01,11.98,11.99,11.46,11.57,8.559458,15327700,0.0,0.0
2009-10-02,11.37,11.74,11.29,11.49,8.500272,15471100,0.0,0.0
2009-10-05,11.49,11.88,11.45,11.82,8.744403,11272500,0.0,0.0
2009-10-06,11.85,12.26,11.85,12.16,8.995934,9545700,0.0,0.0
2009-10-07,12.1,12.37,11.93,12.11,8.958947,13431100,0.0,0.0
2009-10-08,12.37,12.7,12.18,12.57,9.299253,9887200,0.0,0.0
2009-10-09,12.42,12.6,12.26,12.36,9.143897,8276400,0.0,0.0
2009-10-12,12.42,12.43,11.98,12.13,8.973744,6267700,0.0,0.0
2009-10-13,12.15,12.33,12.14,12.15,8.988544,6715800,0.0,0.0
2009-10-14,11.89,12.63,11.78,12.52,9.26226,30354900,0.0,0.0
2009-10-15,12.2,13.43,12.18,13.23,9.787519,39601100,0.0,0.0
2009-10-16,13.02,13.4,12.79,13.09,9.683948,13930900,0.0,0.0
2009-10-19,13.09,13.76,13.0,13.71,10.142626,10685100,0.0,0.0
2009-10-20,13.68,14.03,13.36,13.82,10.223999,11059500,0.0,0.0
2009-10-21,13.75,14.04,13.19,13.24,9.794917,11202900,0.0,0.0
2009-10-22,13.27,13.63,12.99,13.6,10.061244,8013500,0.0,0.0
2009-10-23,13.67,13.72,12.99,13.04,9.646958,9364200,0.0,0.0
2009-10-26,13.13,13.72,12.68,12.77,9.447213,12546700,0.0,0.0
2009-10-27,12.82,13.0,12.29,12.44,9.203077,10923900,0.0,0.0
2009-10-28,12.27,12.4,11.4,11.74,8.685222,23176200,0.0,0.0
2009-10-29,11.94,12.81,11.83,12.6,9.321449,14493000,0.0,0.0
2009-10-30,12.36,12.7,11.58,11.77,8.707415,13248900,0.0,0.0
2009-11-02,11.86,12.12,11.62,12.12,8.966345,14594400,0.0,0.0
2009-11-03,12.03,12.12,11.58,11.97,8.855374,11313000,0.0,0.0
2009-11-04,12.1,12.57,11.86,11.9,8.80359,13371000,0.0,0.0
2009-11-05,12.02,12.84,12.02,12.79,9.462006,17072200,0.0,0.0
2009-11-06,12.53,12.88,12.17,12.72,9.410224,20199300,0.0,0.0
2009-11-09,12.93,13.37,12.83,13.29,9.831909,7957800,0.0,0.0
2009-11-10,13.22,13.45,12.99,13.05,9.654359,11350700,0.0,0.0
2009-11-11,13.33,13.35,12.93,13.21,9.772727,11291400,0.0,0.0
2009-11-12,13.14,13.3,12.7,12.81,9.476807,12022400,0.0,0.0
2009-11-13,12.95,13.12,12.74,13.01,9.624763,9283000,0.0,0.0
2009-11-16,13.1,13.8,13.07,13.74,10.164815,13404500,0.0,0.0
2009-11-17,13.76,13.88,13.43,13.85,10.246198,7888300,0.0,0.0
2009-11-18,13.84,13.89,13.47,13.73,10.157417,6947600,0.0,0.0
2009-11-19,13.51,13.59,13.15,13.31,9.846706,5016100,0.0,0.0
2009-11-20,13.08,13.14,12.74,12.84,9.498999,7973100,0.0,0.0
2009-11-23,13.25,13.35,12.74,12.82,9.484205,5779600,0.0,0.0
2009-11-24,12.72,13.15,12.69,13.13,9.713538,10043300,0.0,0.0
2009-11-25,13.21,13.56,13.14,13.55,10.024256,12077300,0.0,0.0
2009-11-27,12.86,13.43,12.63,13.17,9.743134,3766900,0.0,0.0
2009-11-30,13.03,13.13,12.58,12.81,9.476807,8778900,0.0,0.0
2009-12-01,13.06,13.35,12.91,13.15,9.728334,7145900,0.0,0.0
2009-12-02,13.09,13.21,12.93,13.02,9.632162,5046100,0.0,0.0
2009-12-03,13.0,13.23,12.72,12.77,9.447213,10124700,0.0,0.0
2009-12-04,13.1,13.51,12.79,13.46,9.957672,13190900,0.0,0.0
2009-12-07,13.29,14.02,13.29,13.89,10.27579,16338700,0.0,0.0
2009-12-08,13.67,14.25,13.54,13.97,10.334971,14633800,0.0,0.0
2009-12-09,13.83,13.89,13.37,13.55,10.060262,9572400,0.05,0.0
2009-12-10,13.85,14.03,13.76,13.81,10.253298,9158500,0.0,0.0
2009-12-11,13.9,14.09,13.82,14.06,10.438916,9040600,0.0,0.0
2009-12-14,14.16,14.2,13.87,14.05,10.431489,6506700,0.0,0.0
2009-12-15,13.71,14.3,13.59,14.05,10.431489,9858000,0.0,0.0
2009-12-16,14.2,14.56,14.16,14.27,10.594828,9823900,0.0,0.0
2009-12-17,14.04,14.32,13.74,13.74,10.201326,8838100,0.0,0.0
2009-12-18,13.95,13.95,13.58,13.87,10.297849,10424400,0.0,0.0
2009-12-21,14.06,14.19,13.85,13.9,10.320119,7580200,0.0,0.0
2009-12-22,14.01,14.01,13.77,13.86,10.290421,4378900,0.0,0.0
2009-12-23,13.97,14.02,13.57,13.95,10.357247,5785000,0.0,0.0
2009-12-24,13.98,14.07,13.86,13.88,10.305276,1276100,0.0,0.0
2009-12-28,13.88,13.93,13.75,13.85,10.282998,4080300,0.0,0.0
2009-12-29,13.9,14.41,13.9,14.35,10.654225,7143900,0.0,0.0
2009-12-30,14.19,14.31,14.01,14.3,10.617105,4600400,0.0,0.0
2009-12-31,14.26,14.41,14.05,14.05,10.431489,4260000,0.0,0.0
2010-01-04,14.21,14.4,13.98,14.25,10.57998,6710900,0.0,0.0
2010-01-05,14.18,14.38,14.05,14.18,10.52801,5441000,0.0,0.0
2010-01-06,14.01,14.24,13.67,13.73,10.193902,14566200,0.0,0.0
2010-01-07,13.78,14.25,13.59,14.0,10.394363,9000300,0.0,0.0
2010-01-08,13.99,14.45,13.88,14.15,10.505736,6732900,0.0,0.0
2010-01-11,14.13,14.22,13.85,14.09,10.461189,5991400,0.0,0.0
2010-01-12,13.89,13.93,13.39,13.56,10.067683,8138900,0.0,0.0
2010-01-13,13.69,14.06,13.5,13.99,10.38694,7031200,0.0,0.0
2010-01-14,13.94,14.06,13.75,13.78,10.231025,6850300,0.0,0.0
2010-01-15,13.76,13.87,13.06,13.26,9.844953,14344500,0.0,0.0
2010-01-19,13.27,13.57,13.16,13.43,9.971169,6186200,0.0,0.0
2010-01-20,13.69,13.79,13.31,13.56,10.067683,10145000,0.0,0.0
2010-01-21,13.58,13.92,13.18,13.2,9.800404,10630600,0.0,0.0
2010-01-22,13.13,13.71,13.09,13.3,9.874651,15336100,0.0,0.0
2010-01-25,13.55,13.55,13.13,13.32,9.889499,6425300,0.0,0.0
2010-01-26,13.19,13.46,13.11,13.29,9.867224,10398100,0.0,0.0
2010-01-27,13.23,13.46,12.91,13.3,9.874651,7602300,0.0,0.0
2010-01-28,13.43,13.46,12.75,13.17,9.77813,10561500,0.0,0.0
2010-01-29,13.27,13.41,12.85,12.93,9.599941,9468900,0.0,0.0
2010-02-01,13.0,13.29,12.83,13.29,9.867224,9059600,0.0,0.0
2010-02-02,13.3,13.38,12.91,13.15,9.76328,19341800,0.0,0.0
2010-02-03,13.33,13.85,13.29,13.75,10.208754,15527900,0.0,0.0
2010-02-04,13.37,13.57,12.96,13.05,9.689034,16819400,0.0,0.0
2010-02-05,13.02,13.14,12.42,12.95,9.61479,12835900,0.0,0.0
2010-02-08,12.95,12.99,12.48,12.72,9.444023,13207000,0.0,0.0
2010-02-09,12.98,13.2,12.71,13.03,9.674187,9556200,0.0,0.0
2010-02-10,13.01,13.05,12.33,12.67,9.406905,8884700,0.0,0.0
2010-02-11,12.64,12.99,12.46,12.76,9.473724,8540600,0.0,0.0
2010-02-12,12.85,12.98,12.72,12.91,9.585095,9802400,0.0,0.0
2010-02-16,13.13,13.3,12.99,13.27,9.852374,6136000,0.0,0.0
2010-02-17,13.38,13.64,13.34,13.52,10.037983,8071600,0.0,0.0
2010-02-18,13.41,13.78,13.31,13.71,10.179056,11409100,0.0,0.0
2010-02-19,13.12,14.0,13.09,13.83,10.26815,21106800,0.0,0.0
2010-02-22,13.84,13.99,13.32,13.36,9.919199,12625500,0.0,0.0
2010-02-23,13.35,13.45,12.96,13.02,9.666762,10633700,0.0,0.0
2010-02-24,13.09,13.27,12.99,13.2,9.800404,5700200,0.0,0.0
2010-02-25,12.87,13.19,12.62,13.14,9.755857,12728400,0.0,0.0
2010-02-26,13.12,13.29,12.94,12.99,9.644488,7146900,0.0,0.0
2010-03-01,13.07,13.59,13.01,13.43,9.971169,6531400,0.0,0.0
2010-03-02,13.56,13.64,13.43,13.5,10.02314,6642900,0.0,0.0
2010-03-03,13.54,13.94,13.41,13.88,10.305276,12249900,0.0,0.0
2010-03-04,13.97,14.25,13.86,14.22,10.557709,16687100,0.0,0.0
2010-03-05,14.27,14.71,14.25,14.65,10.876962,14665100,0.0,0.0
2010-03-08,14.73,14.85,14.53,14.71,10.921508,8871800,0.0,0.0
2010-03-09,14.61,14.62,14.29,14.44,10.757614,7036400,0.05,0.0
2010-03-10,14.45,14.75,14.39,14.75,10.988559,8161300,0.0,0.0
2010-03-11,14.63,14.8,14.4,14.8,11.025807,6584300,0.0,0.0
2010-03-12,14.79,14.85,14.42,14.6,10.87681,6646700,0.0,0.0
2010-03-15,14.52,14.54,14.22,14.44,10.757614,6831400,0.0,0.0
2010-03-16,14.44,14.78,14.31,14.78,11.010909,10303100,0.0,0.0
2010-03-17,14.83,14.95,14.46,14.5,10.802313,8074800,0.0,0.0
2010-03-18,14.51,14.66,14.24,14.37,10.705463,5526800,0.0,0.0
2010-03-19,13.98,14.63,13.98,13.98,10.41492,9926200,0.0,0.0
2010-03-22,13.96,14.14,13.7,14.07,10.481966,5845700,0.0,0.0
2010-03-23,14.14,14.28,14.06,14.26,10.623512,6684500,0.0,0.0
2010-03-24,14.13,14.43,14.03,14.24,10.608613,8418900,0.0,0.0
2010-03-25,14.42,14.44,13.85,13.87,10.332972,10887900,0.0,0.0
2010-03-26,14.05,14.09,13.8,13.93,10.377668,7965300,0.0,0.0
2010-03-29,14.01,14.17,13.96,14.14,10.534117,7386800,0.0,0.0
2010-03-30,14.19,14.24,14.0,14.15,10.541566,6439100,0.0,0.0
2010-03-31,14.02,14.2,13.9,13.94,10.385121,6581400,0.0,0.0
2010-04-01,14.13,14.19,13.91,14.17,10.556466,8667900,0.0,0.0
2010-04-05,14.18,14.71,14.1,14.64,10.906613,12290300,0.0,0.0
2010-04-06,14.59,14.94,14.36,14.59,10.869362,11180300,0.0,0.0
2010-04-07,14.52,14.68,14.35,14.47,10.779963,7250200,0.0,0.0
2010-04-08,14.35,15.18,14.25,15.0,11.174806,15517300,0.0,0.0
2010-04-09,14.99,15.31,14.94,15.18,11.308904,8839000,0.0,0.0
2010-04-12,15.2,15.32,15.05,15.2,11.323798,7592100,0.0,0.0
2010-04-13,15.18,15.55,15.03,15.5,11.547298,7592100,0.0,0.0
2010-04-14,15.6,15.68,15.37,15.59,11.614343,11249200,0.0,0.0
2010-04-15,15.53,15.94,15.44,15.91,11.852743,8552600,0.0,0.0
2010-04-16,15.79,16.1,15.49,15.51,11.554749,11259200,0.0,0.0
2010-04-19,15.46,15.64,15.23,15.5,11.547298,8008900,0.0,0.0
2010-04-20,15.64,16.15,15.64,15.95,11.882541,6580600,0.0,0.0
2010-04-21,15.86,16.110001,15.75,16.1,11.994291,6679800,0.0,0.0
2010-04-22,15.93,16.5,15.73,16.43,12.240139,8765900,0.0,0.0
2010-04-23,16.459999,16.530001,16.25,16.48,12.277384,5981600,0.0,0.0
2010-04-26,16.48,16.639999,16.24,16.32,12.158189,4453100,0.0,0.0
2010-04-27,16.129999,16.25,15.67,15.85,11.808043,10482000,0.0,0.0
2010-04-28,16.209999,16.309999,15.91,16.08,11.979388,10485900,0.0,0.0
2010-04-29,16.280001,16.73,16.27,16.459999,12.262485,7775700,0.0,0.0
2010-04-30,16.49,16.610001,16.139999,16.209999,12.076238,9630200,0.0,0.0
2010-05-03,16.32,16.98,16.32,16.709999,12.448731,11561300,0.0,0.0
2010-05-04,16.41,16.42,15.84,16.200001,12.068788,16238700,0.0,0.0
2010-05-05,15.72,16.120001,15.2,15.58,11.606901,20493300,0.0,0.0
2010-05-06,15.21,15.5,13.75,14.96,11.145003,29521700,0.0,0.0
2010-05-07,14.98,15.0,13.85,14.21,10.586267,27277300,0.0,0.0
2010-05-10,15.05,15.52,14.54,15.34,11.428103,13641500,0.0,0.0
2010-05-11,14.99,15.5,14.99,15.09,11.241857,12360700,0.0,0.0
2010-05-12,15.18,15.57,14.99,15.43,11.495149,10663300,0.0,0.0
2010-05-13,15.33,15.52,14.94,15.0,11.174806,10602400,0.0,0.0
2010-05-14,14.75,14.91,14.48,14.67,10.928957,10016700,0.0,0.0
2010-05-17,14.74,15.36,14.58,15.25,11.36105,16496700,0.0,0.0
2010-05-18,15.41,15.5,14.84,14.91,11.107756,12462100,0.0,0.0
2010-05-19,14.75,15.1,14.41,14.91,11.107756,13194100,0.0,0.0
2010-05-20,14.28,14.55,13.84,13.88,10.340425,15329300,0.0,0.0
2010-05-21,13.54,14.32,13.46,14.32,10.668214,15869800,0.0,0.0
2010-05-24,14.26,14.64,13.92,13.96,10.400017,19601200,0.0,0.0
2010-05-25,13.35,13.94,13.17,13.89,10.347867,17879500,0.0,0.0
2010-05-26,14.1,14.56,13.94,14.16,10.549017,13468700,0.0,0.0
2010-05-27,14.58,14.87,14.46,14.85,11.063056,11554000,0.0,0.0
2010-05-28,14.89,14.94,14.47,14.56,10.847009,8752500,0.0,0.0
2010-06-01,14.29,14.72,14.07,14.08,10.489415,10496200,0.0,0.0
2010-06-02,14.18,14.63,14.13,14.63,10.899158,7612100,0.0,0.0
2010-06-03,14.74,14.89,14.59,14.76,10.996013,10217000,0.0,0.0
2010-06-04,14.29,14.6,13.8,13.93,10.377668,15407500,0.0,0.0
2010-06-07,14.01,14.23,13.39,13.41,9.990274,11087800,0.0,0.0
2010-06-08,13.38,13.6,13.1,13.31,9.952887,12724600,0.05,0.0
2010-06-09,13.49,14.27,13.37,13.65,10.20713,18731900,0.0,0.0
2010-06-10,14.0,14.48,13.94,14.4,10.767962,9523700,0.0,0.0
2010-06-11,14.16,14.6,14.13,14.41,10.775441,8761800,0.0,0.0
2010-06-14,14.67,15.19,14.6,14.63,10.939949,9703200,0.0,0.0
2010-06-15,14.89,15.4,14.76,15.37,11.493301,8334800,0.0,0.0
2010-06-16,15.14,15.25,14.95,15.16,11.336271,10247800,0.0,0.0
2010-06-17,15.23,15.29,14.85,15.12,11.306358,5350800,0.0,0.0
2010-06-18,15.19,15.25,14.87,14.93,11.164285,7612500,0.0,0.0
2010-06-21,15.27,15.29,14.71,14.78,11.052116,6078200,0.0,0.0
2010-06-22,14.8,14.99,14.31,14.37,10.745528,7000200,0.0,0.0
2010-06-23,14.43,14.73,14.16,14.47,10.820309,10184400,0.0,0.0
2010-06-24,14.33,14.37,13.65,13.77,10.296865,11163600,0.0,0.0
2010-06-25,13.81,14.16,13.6,14.13,10.566067,13572200,0.0,0.0
2010-06-28,14.06,14.47,14.04,14.32,10.708142,8919400,0.0,0.0
2010-06-29,13.96,14.06,13.1,13.25,9.908021,18555800,0.0,0.0
2010-06-30,13.15,13.44,12.86,12.93,9.668736,11447000,0.0,0.0
2010-07-01,12.89,13.01,12.26,12.85,9.608912,19249300,0.0,0.0
2010-07-02,12.96,13.09,12.58,12.82,9.586476,10420900,0.0,0.0
2010-07-06,13.08,13.44,12.75,12.92,9.661258,8744900,0.0,0.0
2010-07-07,13.02,13.4,12.88,13.33,9.967843,9923400,0.0,0.0
2010-07-08,13.53,14.06,13.43,13.95,10.431463,12154100,0.0,0.0
2010-07-09,13.97,14.09,13.77,14.04,10.498764,5223800,0.0,0.0
2010-07-12,13.89,14.2,13.77,14.09,10.536154,7238300,0.0,0.0
2010-07-13,14.26,14.7,14.24,14.6,10.917519,7538300,0.0,0.0
2010-07-14,14.5,14.6,14.18,14.32,10.708142,8609000,0.0,0.0
2010-07-15,14.27,14.46,14.13,14.39,10.760485,4486400,0.0,0.0
2010-07-16,14.24,14.31,13.45,13.53,10.117396,11279900,0.0,0.0
2010-07-19,13.6,13.93,13.41,13.86,10.364165,8005900,0.0,0.0
2010-07-20,13.57,13.88,13.39,13.87,10.371641,12346600,0.0,0.0
2010-07-21,13.96,14.08,13.63,13.74,10.274434,10689500,0.0,0.0
2010-07-22,14.02,14.42,13.96,14.2,10.618406,9160200,0.0,0.0
2010-07-23,14.19,14.77,14.13,14.62,10.93247,11346100,0.0,0.0
2010-07-26,14.64,15.03,14.53,15.0,11.21663,9530200,0.0,0.0
2010-07-27,15.18,15.28,14.73,14.88,11.126899,7765000,0.0,0.0
2010-07-28,14.79,14.84,14.49,14.62,10.93247,6162200,0.0,0.0
2010-07-29,14.83,15.12,14.33,14.68,10.977343,7816000,0.0,0.0
2010-07-30,14.36,14.87,14.14,14.78,11.052116,7216800,0.0,0.0
2010-08-02,14.98,15.49,14.98,15.3,11.440962,11057800,0.0,0.0
2010-08-03,15.24,15.29,14.71,15.01,11.224102,14300000,0.0,0.0
2010-08-04,15.53,15.68,15.27,15.64,11.695204,20855400,0.0,0.0
2010-08-05,15.49,15.76,15.44,15.53,11.612948,8179200,0.0,0.0
2010-08-06,15.27,15.48,15.02,15.36,11.485826,8412800,0.0,0.0
2010-08-09,15.49,15.62,15.33,15.55,11.627901,5709300,0.0,0.0
2010-08-10,15.26,15.61,15.2,15.42,11.530694,10479900,0.0,0.0
2010-08-11,15.01,15.02,14.38,14.47,10.820309,9232700,0.0,0.0
2010-08-12,14.19,14.32,14.07,14.17,10.595977,11285800,0.0,0.0
2010-08-13,14.08,14.18,13.88,13.95,10.431463,11345200,0.0,0.0
2010-08-16,13.81,14.15,13.69,14.13,10.566067,7032000,0.0,0.0
2010-08-17,14.3,14.53,14.14,14.14,10.573543,8641000,0.0,0.0
2010-08-18,14.16,14.39,13.93,14.2,10.618406,13153900,0.0,0.0
2010-08-19,14.1,14.19,13.64,13.76,10.289382,8582100,0.0,0.0
2010-08-20,13.59,13.69,13.33,13.61,10.177221,7218700,0.0,0.0
2010-08-23,13.57,13.76,13.25,13.42,10.035144,10823500,0.0,0.0
2010-08-24,13.12,13.4,13.04,13.25,9.908021,10989900,0.0,0.0
2010-08-25,13.06,13.63,13.01,13.57,10.147309,12487200,0.0,0.0
2010-08-26,13.63,13.83,13.42,13.43,10.042621,9473300,0.0,0.0
2010-08-27,13.59,14.0,13.16,13.92,10.409028,12934000,0.0,0.0
2010-08-30,13.87,14.06,13.66,13.68,10.229564,7595700,0.0,0.0
2010-08-31,13.56,13.89,13.46,13.82,10.334251,11298400,0.0,0.0
2010-09-01,14.06,14.83,14.06,14.59,10.910042,13036000,0.0,0.0
2010-09-02,14.64,15.02,14.64,14.95,11.179239,6770000,0.0,0.0
2010-09-03,15.22,15.39,15.03,15.23,11.388615,7103300,0.0,0.0
2010-09-07,15.08,15.17,14.65,14.74,11.022205,9449600,0.0,0.0
2010-09-08,14.68,15.01,14.66,14.91,11.187277,8620100,0.05,0.0
2010-09-09,15.12,15.27,15.03,15.05,11.292321,7208900,0.0,0.0
2010-09-10,15.09,15.59,15.03,15.5,11.629966,9194600,0.0,0.0
2010-09-13,15.69,15.86,15.47,15.73,11.802539,8176400,0.0,0.0
2010-09-14,15.7,15.85,15.41,15.72,11.795035,6347300,0.0,0.0
2010-09-15,15.55,15.6,15.26,15.59,11.697492,9859700,0.0,0.0
2010-09-16,15.46,15.51,14.86,15.24,11.434882,22931700,0.0,0.0
2010-09-17,15.26,15.39,14.81,15.12,11.344843,15328000,0.0,0.0
2010-09-20,15.17,15.77,15.09,15.71,11.787531,6990600,0.0,0.0
2010-09-21,15.76,15.78,15.39,15.61,11.712501,9604600,0.0,0.0
2010-09-22,15.54,15.66,15.14,15.25,11.442387,13413000,0.0,0.0
2010-09-23,15.03,15.77,14.96,15.41,11.562435,10455400,0.0,0.0
2010-09-24,15.64,16.200001,15.61,16.17,12.132678,11342400,0.0,0.0
2010-09-27,16.129999,16.129999,15.77,15.9,11.930092,9029800,0.0,0.0
2010-09-28,15.96,16.129999,15.54,16.030001,12.027636,8657500,0.0,0.0
2010-09-29,15.92,15.94,15.62,15.82,11.870068,6664800,0.0,0.0
2010-09-30,15.99,16.23,15.69,15.86,11.900077,9914900,0.0,0.0
2010-10-01,15.98,16.389999,15.89,16.379999,12.290249,10470700,0.0,0.0
2010-10-04,16.32,16.389999,15.97,16.389999,12.297748,12959700,0.0,0.0
2010-10-05,16.58,17.42,16.530001,16.66,12.500333,22714300,0.0,0.0
2010-10-06,16.66,17.120001,16.59,17.1,12.830478,15225400,0.0,0.0
2010-10-07,17.190001,17.24,16.76,16.98,12.740441,7695000,0.0,0.0
2010-10-08,17.040001,17.639999,16.85,17.23,12.928014,11439200,0.0,0.0
2010-10-11,17.440001,17.57,17.139999,17.51,13.138106,6107100,0.0,0.0
2010-10-12,17.459999,17.93,17.24,17.9,13.430733,9041800,0.0,0.0
2010-10-13,18.0,18.200001,17.799999,17.860001,13.400719,11171300,0.0,0.0
2010-10-14,17.809999,17.860001,17.41,17.530001,13.153113,9103700,0.0,0.0
2010-10-15,17.76,17.83,17.4,17.540001,13.160624,9990300,0.0,0.0
2010-10-18,17.610001,17.610001,17.379999,17.49,13.123104,7084500,0.0,0.0
2010-10-19,17.219999,17.33,16.92,17.120001,12.845487,9745800,0.0,0.0
2010-10-20,17.23,17.6,17.17,17.5,13.130607,11990300,0.0,0.0
2010-10-21,17.629999,17.700001,16.98,17.27,12.958035,9195500,0.0,0.0
2010-10-22,17.4,17.4,17.09,17.18,12.890505,5242400,0.0,0.0
2010-10-25,17.360001,17.610001,17.24,17.26,12.95053,7259700,0.0,0.0
2010-10-26,17.08,17.299999,16.950001,17.08,12.815475,11297200,0.0,0.0
2010-10-27,16.92,16.959999,16.629999,16.83,12.627887,8689300,0.0,0.0
2010-10-28,17.030001,17.07,16.74,16.860001,12.650401,7609600,0.0,0.0
2010-10-29,16.82,17.09,16.799999,16.93,12.702927,6945500,0.0,0.0
2010-11-01,17.120001,17.5,16.950001,17.059999,12.800461,9050500,0.0,0.0
2010-11-02,17.26,17.4,17.01,17.35,13.018059,11922600,0.0,0.0
2010-11-03,17.32,17.370001,16.93,17.290001,12.973042,7665900,0.0,0.0
2010-11-04,17.6,17.719999,17.4,17.66,13.250655,8993600,0.0,0.0
2010-11-05,17.73,17.76,16.790001,17.01,12.762952,17673300,0.0,0.0
2010-11-08,16.940001,17.1,16.790001,16.82,12.620388,8506100,0.0,0.0
2010-11-09,16.83,16.860001,16.290001,16.360001,12.27524,12179800,0.0,0.0
2010-11-10,16.379999,16.91,16.370001,16.82,12.620388,11310600,0.0,0.0
2010-11-11,16.530001,17.16,16.530001,16.969999,12.732941,13488900,0.0,0.0
2010-11-12,16.790001,16.959999,16.52,16.620001,12.470327,11164100,0.0,0.0
2010-11-15,16.700001,16.950001,16.549999,16.719999,12.545353,10759700,0.0,0.0
2010-11-16,16.549999,16.709999,16.07,16.209999,12.162693,15610100,0.0,0.0
2010-11-17,16.25,16.290001,16.07,16.200001,12.155186,8585900,0.0,0.0
2010-11-18,16.309999,16.610001,16.299999,16.549999,12.417798,14994300,0.0,0.0
2010-11-19,16.49,16.530001,16.25,16.49,12.372785,8018100,0.0,0.0
2010-11-22,16.35,16.530001,16.27,16.48,12.365279,8696500,0.0,0.0
2010-11-23,16.17,16.360001,16.1,16.24,12.185198,8791000,0.0,0.0
2010-11-24,16.35,16.49,16.25,16.450001,12.342774,15009100,0.0,0.0
2010-11-26,16.280001,16.51,16.24,16.450001,12.342774,2390400,0.0,0.0
2010-11-29,16.26,16.48,15.99,16.4,12.305251,10990900,0.0,0.0
2010-11-30,16.17,17.15,16.15,16.84,12.635394,14898400,0.0,0.0
2010-12-01,17.16,17.299999,17.07,17.17,12.883002,10084800,0.0,0.0
2010-12-02,17.15,17.389999,16.969999,17.290001,12.973042,7768000,0.0,0.0
2010-12-03,17.25,17.57,17.200001,17.530001,13.153113,7518300,0.0,0.0
2010-12-06,17.4,17.709999,17.360001,17.629999,13.228147,4785300,0.0,0.0
2010-12-07,17.84,18.120001,17.76,17.940001,13.460748,17960800,0.0,0.0
2010-12-08,17.83,18.15,17.75,17.98,13.528464,8344900,0.05,0.0
2010-12-09,18.389999,18.43,17.700001,17.98,13.528464,7558300,0.0,0.0
2010-12-10,18.02,18.110001,17.799999,18.049999,13.58113,7947300,0.0,0.0
2010-12-13,18.24,18.24,17.799999,17.799999,13.39303,7366300,0.0,0.0
2010-12-14,17.74,18.07,17.690001,17.889999,13.460746,5062400,0.0,0.0
2010-12-15,17.790001,17.940001,17.65,17.790001,13.385506,5124100,0.0,0.0
2010-12-16,17.84,18.01,17.73,18.0,13.543515,8158900,0.0,0.0
2010-12-17,18.18,18.99,18.049999,18.77,14.122874,20131600,0.0,0.0
2010-12-20,18.879999,19.0,18.68,18.92,14.235738,5619800,0.0,0.0
2010-12-21,18.84,19.35,18.83,19.27,14.499084,9229200,0.0,0.0
2010-12-22,19.33,19.59,19.290001,19.59,14.739851,3747700,0.0,0.0
2010-12-23,19.620001,19.65,19.16,19.379999,14.581842,4423700,0.0,0.0
2010-12-27,19.280001,19.35,19.17,19.290001,14.514128,2843700,0.0,0.0
2010-12-28,19.309999,19.309999,18.940001,19.049999,14.333548,6131500,0.0,0.0
2010-12-29,19.110001,19.370001,19.1,19.190001,14.438893,3032600,0.0,0.0
2010-12-30,19.200001,19.219999,19.0,19.049999,14.333548,2256700,0.0,0.0
2010-12-31,19.040001,19.219999,18.959999,19.049999,14.333548,2632000,0.0,0.0
2011-01-03,19.27,19.389999,19.17,19.280001,14.506609,8623400,0.0,0.0
2011-01-04,19.27,19.450001,18.98,19.42,14.611943,8312000,0.0,0.0
2011-01-05,19.280001,19.48,19.18,19.200001,14.446413,5986300,0.0,0.0
2011-01-06,19.16,19.49,19.0,19.469999,14.649566,6975500,0.0,0.0
2011-01-07,19.469999,19.65,18.99,19.25,14.484034,6910500,0.0,0.0
2011-01-10,19.059999,19.860001,19.0,19.780001,14.882817,10140300,0.0,0.0
2011-01-11,19.860001,19.91,19.440001,19.6,14.747376,7261200,0.0,0.0
2011-01-12,19.799999,20.0,19.65,19.780001,14.882817,7460600,0.0,0.0
2011-01-13,19.73,20.02,19.709999,19.870001,14.95053,7573300,0.0,0.0
2011-01-14,19.780001,19.959999,19.639999,19.940001,15.003202,6615700,0.0,0.0
2011-01-18,19.870001,20.52,19.85,20.469999,15.401988,19417400,0.0,0.0
2011-01-19,20.4,20.57,20.139999,20.209999,15.206353,14763900,0.0,0.0
2011-01-20,20.200001,20.68,20.18,20.5,15.424555,19439900,0.0,0.0
2011-01-21,20.700001,20.860001,20.549999,20.700001,15.575038,8363100,0.0,0.0
2011-01-24,20.709999,20.860001,20.57,20.780001,15.635231,5168300,0.0,0.0
2011-01-25,20.73,20.73,20.219999,20.610001,15.507322,7273200,0.0,0.0
2011-01-26,20.66,20.85,20.49,20.58,15.484752,6885900,0.0,0.0
2011-01-27,20.5,20.709999,20.17,20.26,15.243975,8605200,0.0,0.0
2011-01-28,20.24,20.389999,19.219999,19.280001,14.506609,21634800,0.0,0.0
2011-01-31,19.52,19.93,19.299999,19.83,14.920436,13888000,0.0,0.0
2011-02-01,19.93,20.17,19.75,19.940001,15.003202,8106500,0.0,0.0
2011-02-02,19.76,20.200001,19.76,19.969999,15.025771,9549800,0.0,0.0
2011-02-03,19.98,20.530001,19.93,20.25,15.23645,14784200,0.0,0.0
2011-02-04,20.32,20.370001,19.93,20.219999,15.213881,9164300,0.0,0.0
2011-02-07,20.26,20.84,20.209999,20.83,15.672859,6313100,0.0,0.0
2011-02-08,20.82,21.1,20.700001,21.08,15.860963,5324800,0.0,0.0
2011-02-09,21.0,21.620001,20.9,21.540001,16.207077,15542100,0.0,0.0
2011-02-10,21.33,21.82,21.25,21.620001,16.267258,10423300,0.0,0.0
2011-02-11,21.450001,22.110001,21.450001,21.940001,16.508034,7515800,0.0,0.0
2011-02-14,21.950001,21.969999,21.469999,21.75,16.365074,6212100,0.0,0.0
2011-02-15,21.620001,21.76,21.42,21.65,16.289837,6243600,0.0,0.0
2011-02-16,21.73,22.25,21.52,22.1,16.628426,13955300,0.0,0.0
2011-02-17,21.879999,22.52,21.0,22.35,16.816538,23787300,0.0,0.0
2011-02-18,22.209999,23.1,22.09,22.91,17.237883,13684200,0.0,0.0
2011-02-22,22.610001,22.629999,21.74,21.98,16.538128,11886500,0.0,0.0
2011-02-23,22.01,22.4,21.5,21.76,16.372601,12102700,0.0,0.0
2011-02-24,21.709999,22.309999,21.57,22.030001,16.575756,13884800,0.0,0.0
2011-02-25,22.24,23.65,22.17,23.540001,17.711905,16851800,0.0,0.0
2011-02-28,23.52,24.02,23.389999,23.860001,17.952677,15089500,0.0,0.0
2011-03-01,23.950001,23.969999,23.120001,23.190001,17.448563,12453100,0.0,0.0
2011-03-02,23.17,24.110001,23.040001,23.879999,17.96773,13241900,0.0,0.0
2011-03-03,24.17,24.67,23.950001,24.35,18.321362,9951800,0.0,0.0
2011-03-04,24.49,24.75,23.42,23.959999,18.027916,12473000,0.0,0.0
2011-03-07,24.129999,24.15,23.26,23.620001,17.772099,7593600,0.0,0.0
2011-03-08,23.700001,23.85,23.370001,23.700001,17.832291,8360000,0.0,0.0
2011-03-09,23.719999,24.35,23.719999,24.02,18.111271,9029300,0.05,0.0
2011-03-10,23.620001,23.91,23.35,23.690001,17.862448,11108900,0.0,0.0
2011-03-11,23.5,24.049999,23.469999,23.799999,17.945395,7326900,0.0,0.0
2011-03-14,23.620001,23.68,23.139999,23.610001,17.802134,11786100,0.0,0.0
2011-03-15,22.610001,23.549999,22.32,23.15,17.455294,14532900,0.0,0.0
2011-03-16,23.01,23.629999,22.639999,22.85,17.22909,12493200,0.0,0.0
2011-03-17,23.379999,23.59,23.15,23.25,17.530697,10042400,0.0,0.0
2011-03-18,23.65,23.65,23.040001,23.23,17.51561,12725600,0.0,0.0
2011-03-21,23.73,24.6,23.709999,24.51,18.48074,12579400,0.0,0.0
2011-03-22,24.51,25.059999,24.5,24.66,18.593842,9552500,0.0,0.0
2011-03-23,24.559999,24.959999,24.299999,24.870001,18.752176,8117500,0.0,0.0
2011-03-24,25.07,25.209999,24.469999,25.09,18.918058,8632700,0.0,0.0
2011-03-25,25.25,25.25,24.629999,24.67,18.601383,10195000,0.0,0.0
2011-03-28,24.690001,24.74,23.9,24.43,18.420422,12671800,0.0,0.0
2011-03-29,24.43,25.459999,24.040001,25.309999,19.083941,14464000,0.0,0.0
2011-03-30,25.360001,26.17,25.219999,26.120001,19.694691,12092200,0.0,0.0
2011-03-31,25.98,25.99,24.98,25.040001,18.880362,14802200,0.0,0.0
2011-04-01,25.16,25.469999,24.530001,24.790001,18.691862,11100800,0.0,0.0
2011-04-04,24.940001,25.08,24.709999,25.07,18.902987,7396300,0.0,0.0
2011-04-05,24.870001,25.690001,24.82,25.030001,18.872822,12097800,0.0,0.0
2011-04-06,25.25,25.32,24.32,24.51,18.48074,9790300,0.0,0.0
2011-04-07,24.5,24.6,23.950001,24.58,18.533518,10428700,0.0,0.0
2011-04-08,24.709999,24.83,23.99,24.27,18.299774,7993600,0.0,0.0
2011-04-11,24.219999,24.540001,23.75,24.440001,18.427959,10040000,0.0,0.0
2011-04-12,24.24,24.4,24.059999,24.309999,18.329935,8440300,0.0,0.0
2011-04-13,24.459999,24.75,24.09,24.450001,18.435495,7266900,0.0,0.0
2011-04-14,24.27,24.389999,23.690001,24.25,18.2847,10389300,0.0,0.0
2011-04-15,24.52,25.0,24.200001,24.34,18.352554,12269400,0.0,0.0
2011-04-18,23.950001,24.190001,23.35,24.059999,18.141443,8556400,0.0,0.0
2011-04-19,24.110001,24.24,23.860001,24.02,18.111271,5872200,0.0,0.0
2011-04-20,24.469999,24.75,24.42,24.6,18.548597,5104900,0.0,0.0
2011-04-21,24.879999,24.879999,24.49,24.799999,18.699402,4413500,0.0,0.0
2011-04-25,24.799999,25.0,24.58,24.690001,18.616461,5970600,0.0,0.0
2011-04-26,24.91,24.91,24.5,24.66,18.593842,6908900,0.0,0.0
2011-04-27,24.73,24.99,24.58,24.879999,18.759722,5479100,0.0,0.0
2011-04-28,24.879999,25.700001,24.83,25.25,19.038704,7850900,0.0,0.0
2011-04-29,25.24,25.34,25.0,25.219999,19.016083,6300000,0.0,0.0
2011-05-02,25.43,26.17,25.43,25.65,19.340311,13051600,0.0,0.0
2011-05-03,25.67,25.74,24.950001,25.24,19.031155,9671400,0.0,0.0
2011-05-04,26.32,27.719999,26.049999,27.209999,20.51656,23825600,0.0,0.0
2011-05-05,26.879999,27.120001,26.35,26.700001,20.132021,14591600,0.0,0.0
2011-05-06,26.99,27.07,26.370001,26.57,20.033995,7964300,0.0,0.0
2011-05-09,26.530001,26.82,26.25,26.610001,20.064156,5531400,0.0,0.0
2011-05-10,26.709999,27.639999,26.6,27.51,20.742767,10004100,0.0,0.0
2011-05-11,27.24,27.32,26.66,26.889999,20.275272,11737300,0.0,0.0
2011-05-12,26.790001,26.940001,26.360001,26.49,19.973675,10588700,0.0,0.0
2011-05-13,26.719999,26.73,25.940001,25.940001,19.558973,11199300,0.0,0.0
2011-05-16,25.860001,26.09,25.469999,25.49,19.219662,9219200,0.0,0.0
2011-05-17,25.450001,26.200001,25.219999,26.059999,19.649454,13150500,0.0,0.0
2011-05-18,26.139999,27.27,26.139999,27.040001,20.388378,11475700,0.0,0.0
2011-05-19,27.200001,27.49,27.110001,27.360001,20.62966,7719600,0.0,0.0
2011-05-20,27.25,27.32,26.9,26.99,20.350677,7063400,0.0,0.0
2011-05-23,26.530001,26.82,26.200001,26.709999,20.139563,7532900,0.0,0.0
2011-05-24,26.82,27.0,26.299999,26.360001,19.875658,12019700,0.0,0.0
2011-05-25,26.139999,26.48,25.959999,26.33,19.853039,8142900,0.0,0.0
2011-05-26,26.290001,27.530001,26.26,27.450001,20.697519,12036400,0.0,0.0
2011-05-27,27.459999,28.24,27.459999,27.98,21.097143,10602600,0.0,0.0
2011-05-31,28.15,28.34,27.66,27.950001,21.074528,9081800,0.0,0.0
2011-06-01,27.76,28.0,26.889999,26.92,20.297897,12106000,0.0,0.0
2011-06-02,27.0,27.809999,26.98,27.33,20.607044,8575200,0.0,0.0
2011-06-03,26.84,27.5,26.690001,27.200001,20.509022,10266200,0.0,0.0
2011-06-06,27.07,27.27,26.43,26.459999,19.951057,7730900,0.0,0.0
2011-06-07,26.719999,26.93,26.530001,26.549999,20.018909,5923800,0.0,0.0
2011-06-08,26.450001,26.6,25.93,26.389999,19.973505,8211700,0.1,0.0
2011-06-09,26.379999,26.98,26.299999,26.709999,20.215698,9506300,0.0,0.0
2011-06-10,26.51,26.59,26.09,26.200001,19.829706,7859500,0.0,0.0
2011-06-13,26.200001,26.51,25.65,25.82,19.542095,7721200,0.0,0.0
2011-06-14,26.17,26.450001,26.040001,26.209999,19.837267,7924300,0.0,0.0
2011-06-15,25.860001,26.190001,25.52,25.700001,19.451277,10255000,0.0,0.0
2011-06-16,25.639999,25.75,25.030001,25.360001,19.193937,8998500,0.0,0.0
2011-06-17,25.629999,26.540001,25.6,25.879999,19.587507,12772500,0.0,0.0
2011-06-20,25.9,26.709999,25.82,26.370001,19.958374,7130600,0.0,0.0
2011-06-21,26.52,27.139999,26.459999,26.91,20.367065,8369300,0.0,0.0
2011-06-22,26.77,26.969999,26.639999,26.66,20.177862,7344900,0.0,0.0
2011-06-23,26.209999,26.74,25.68,26.700001,20.208134,9014600,0.0,0.0
2011-06-24,26.709999,27.200001,26.709999,26.790001,20.276251,13420600,0.0,0.0
2011-06-27,26.75,27.690001,26.43,27.35,20.700092,9201500,0.0,0.0
2011-06-28,27.459999,28.15,27.41,28.1,21.267736,7510600,0.0,0.0
2011-06-29,28.219999,28.540001,27.93,28.360001,21.464512,8724300,0.0,0.0
2011-06-30,28.540001,29.129999,28.450001,28.49,21.562904,10356500,0.0,0.0
2011-07-01,28.59,28.719999,28.24,28.549999,21.608322,11650400,0.0,0.0
2011-07-05,28.530001,28.809999,28.290001,28.57,21.623457,8516000,0.0,0.0
2011-07-06,28.59,28.77,28.040001,28.52,21.585613,11095200,0.0,0.0
2011-07-07,28.83,29.360001,28.76,28.98,21.933771,8550300,0.0,0.0
2011-07-08,28.48,28.709999,28.110001,28.67,21.699141,6214400,0.0,0.0
2011-07-11,28.08,28.530001,27.780001,27.940001,21.146639,7061900,0.0,0.0
2011-07-12,27.870001,28.25,27.6,27.74,20.99526,7884200,0.0,0.0
2011-07-13,27.959999,28.6,27.790001,27.969999,21.169344,6367300,0.0,0.0
2011-07-14,27.99,28.08,27.27,27.360001,20.707659,8732900,0.0,0.0
2011-07-15,27.530001,27.83,27.299999,27.65,20.927147,6489600,0.0,0.0
2011-07-18,27.49,27.67,26.91,27.370001,20.715223,6347700,0.0,0.0
2011-07-19,27.66,28.110001,27.469999,27.959999,21.161766,8578400,0.0,0.0
2011-07-20,28.15,28.85,28.129999,28.74,21.752121,10565500,0.0,0.0
2011-07-21,28.93,29.620001,28.889999,29.23,22.122984,9857400,0.0,0.0
2011-07-22,29.17,29.68,29.110001,29.540001,22.357611,7182100,0.0,0.0
2011-07-25,29.16,29.389999,28.969999,29.139999,22.054876,6357400,0.0,0.0
2011-07-26,29.08,29.17,28.620001,28.799999,21.797531,7453600,0.0,0.0
2011-07-27,28.58,28.790001,28.040001,28.08,21.252602,11768700,0.0,0.0
2011-07-28,28.07,28.690001,27.84,27.93,21.139061,8673100,0.0,0.0
2011-07-29,27.549999,27.98,27.1,27.370001,20.715223,11903800,0.0,0.0
2011-08-01,27.610001,27.9,26.700001,27.280001,20.64711,14201500,0.0,0.0
2011-08-02,26.950001,27.52,26.23,26.280001,19.890245,18133400,0.0,0.0
2011-08-03,26.73,26.879999,25.299999,26.700001,20.208134,22756500,0.0,0.0
2011-08-04,26.17,26.17,24.190001,24.209999,18.323551,25921500,0.0,0.0
2011-08-05,24.690001,24.809999,22.84,23.76,17.982967,23572500,0.0,0.0
2011-08-08,22.639999,22.790001,20.940001,21.309999,16.128658,25020800,0.0,0.0
2011-08-09,21.780001,24.51,21.610001,24.48,18.527906,28937600,0.0,0.0
2011-08-10,23.73,24.25,23.030001,23.15,17.521284,19333700,0.0,0.0
2011-08-11,23.280001,24.93,23.049999,24.66,18.664145,18840900,0.0,0.0
2011-08-12,24.809999,25.059999,24.43,24.93,18.86849,9727000,0.0,0.0
2011-08-15,25.02,25.09,24.49,25.0,18.921471,8619600,0.0,0.0
2011-08-16,24.57,25.030001,24.299999,24.85,18.80794,7911700,0.0,0.0
2011-08-17,24.99,25.32,24.530001,24.92,18.86092,8640200,0.0,0.0
2011-08-18,23.559999,23.879999,22.200001,22.459999,16.999048,14839800,0.0,0.0
2011-08-19,21.91,23.0,21.91,22.040001,16.68117,9136100,0.0,0.0
2011-08-22,22.65,23.049999,22.049999,22.129999,16.749289,9233300,0.0,0.0
2011-08-23,22.32,23.379999,22.040001,23.309999,17.642378,10314100,0.0,0.0
2011-08-24,23.27,23.65,22.99,23.209999,17.566694,8726700,0.0,0.0
2011-08-25,23.35,23.68,22.57,22.66,17.150419,7432100,0.0,0.0
2011-08-26,22.42,23.43,21.83,23.17,17.536428,11222300,0.0,0.0
2011-08-29,23.610001,24.49,23.49,24.469999,18.52033,6394300,0.0,0.0
2011-08-30,24.16,25.25,24.110001,25.040001,18.951746,10745100,0.0,0.0
2011-08-31,25.290001,25.709999,24.709999,25.049999,18.959311,9850800,0.0,0.0
2011-09-01,25.040001,25.540001,24.66,24.799999,18.770096,8720800,0.0,0.0
2011-09-02,24.040001,24.26,23.110001,23.360001,17.680216,8315200,0.0,0.0
2011-09-06,22.41,23.07,21.959999,22.950001,17.369915,8820900,0.0,0.0
2011-09-07,23.309999,24.01,23.25,23.66,17.985651,9806400,0.1,0.0
2011-09-08,23.4,23.77,22.959999,23.07,17.537142,7094400,0.0,0.0
2011-09-09,22.780001,22.84,21.84,22.139999,16.830189,9721600,0.0,0.0
2011-09-12,21.700001,22.290001,21.389999,22.200001,16.875799,11440000,0.0,0.0
2011-09-13,22.34,23.290001,22.24,22.99,17.476336,11207100,0.0,0.0
2011-09-14,23.139999,23.84,22.700001,23.360001,17.757591,13762200,0.0,0.0
2011-09-15,23.610001,23.91,23.200001,23.889999,18.160488,7509400,0.0,0.0
2011-09-16,24.059999,24.33,23.620001,24.200001,18.396143,8705800,0.0,0.0
2011-09-19,23.559999,24.559999,23.299999,24.450001,18.586184,8745300,0.0,0.0
2011-09-20,24.6,24.629999,23.700001,23.76,18.06167,7354900,0.0,0.0
2011-09-21,23.709999,24.209999,22.68,22.73,17.278694,9995000,0.0,0.0
2011-09-22,21.690001,21.98,20.49,21.1,16.039614,18178700,0.0,0.0
2011-09-23,21.0,21.92,20.860001,21.440001,16.298063,8414300,0.0,0.0
2011-09-26,21.75,22.040001,21.0,22.01,16.731361,8157300,0.0,0.0
2011-09-27,22.73,23.139999,22.02,22.190001,16.868196,9978300,0.0,0.0
2011-09-28,22.35,22.459999,21.18,21.24,16.146032,9337100,0.0,0.0
2011-09-29,21.719999,21.719999,20.25,20.969999,15.940783,17298400,0.0,0.0
2011-09-30,20.530001,20.969999,20.07,20.379999,15.492282,8732700,0.0,0.0
2011-10-03,20.26,20.290001,18.870001,18.950001,14.405246,16741700,0.0,0.0
2011-10-04,18.620001,19.610001,17.99,19.59,14.891751,17100000,0.0,0.0
2011-10-05,20.41,20.959999,19.82,20.85,15.849566,11523300,0.0,0.0
2011-10-06,20.85,21.709999,20.370001,21.690001,16.488119,10015800,0.0,0.0
2011-10-07,21.870001,21.959999,21.25,21.51,16.351282,7301100,0.0,0.0
2011-10-10,22.059999,23.049999,22.049999,22.91,17.415518,7550900,0.0,0.0
2011-10-11,22.690001,23.209999,22.450001,23.09,17.552357,7209500,0.0,0.0
2011-10-12,23.440001,23.870001,23.299999,23.440001,17.818405,7331200,0.0,0.0
2011-10-13,23.209999,23.57,22.68,23.5,17.864021,7084000,0.0,0.0
2011-10-14,23.959999,24.6,23.16,23.59,17.932432,8629700,0.0,0.0
2011-10-17,23.440001,23.51,22.77,22.860001,17.377508,5735900,0.0,0.0
2011-10-18,23.42,24.09,22.879999,23.809999,18.099669,8096000,0.0,0.0
2011-10-19,23.77,23.99,23.23,23.33,17.734787,4957100,0.0,0.0
2011-10-20,23.35,24.15,23.01,24.059999,18.289722,7544600,0.0,0.0
2011-10-21,24.639999,25.1,24.370001,24.91,18.935865,7381000,0.0,0.0
2011-10-24,25.09,25.959999,24.860001,25.540001,19.414772,7057600,0.0,0.0
2011-10-25,25.219999,25.290001,24.540001,24.629999,18.723009,8046800,0.0,0.0
2011-10-26,25.049999,25.41,24.469999,25.200001,19.156303,7218300,0.0,0.0
2011-10-27,26.370001,26.77,25.85,26.01,19.772047,12805500,0.0,0.0
2011-10-28,26.190001,26.309999,25.26,25.799999,19.612411,8482000,0.0,0.0
2011-10-31,25.379999,26.200001,25.290001,25.809999,19.620008,10146900,0.0,0.0
2011-11-01,24.5,25.23,24.17,24.610001,18.707809,11051000,0.0,0.0
2011-11-02,25.24,25.540001,24.799999,24.950001,18.96627,8423200,0.0,0.0
2011-11-03,25.32,25.41,23.93,24.52,18.639395,14951500,0.0,0.0
2011-11-04,24.129999,25.530001,23.93,25.18,19.141117,14931900,0.0,0.0
2011-11-07,25.25,25.33,24.719999,25.24,19.186712,6934500,0.0,0.0
2011-11-08,25.360001,25.889999,24.83,25.82,19.627615,9625800,0.0,0.0
2011-11-09,24.969999,25.26,24.379999,24.52,18.639395,9018500,0.0,0.0
2011-11-10,24.860001,25.139999,24.379999,25.059999,19.049896,9403800,0.0,0.0
2011-11-11,25.620001,26.84,25.540001,26.25,19.954493,9286200,0.0,0.0
2011-11-14,25.48,26.18,25.48,26.08,19.825262,9730900,0.0,0.0
2011-11-15,25.92,25.98,25.200001,25.48,19.369156,9399400,0.0,0.0
2011-11-16,25.15,25.85,24.969999,25.059999,19.049896,7660500,0.0,0.0
2011-11-17,25.040001,25.129999,24.299999,24.75,18.814238,13186100,0.0,0.0
2011-11-18,25.059999,25.059999,24.549999,24.780001,18.83704,7568700,0.0,0.0
2011-11-21,24.190001,24.32,23.870001,24.09,18.312525,8181100,0.0,0.0
2011-11-22,23.969999,24.469999,23.860001,24.26,18.44175,7153800,0.0,0.0
2011-11-23,23.860001,24.02,23.35,23.440001,17.818405,5861600,0.0,0.0
2011-11-25,23.43,23.879999,23.43,23.549999,17.902031,3266400,0.0,0.0
2011-11-28,24.5,24.75,24.09,24.389999,18.540569,6112800,0.0,0.0
2011-11-29,24.5,24.85,24.24,24.620001,18.715416,6823900,0.0,0.0
2011-11-30,25.57,26.049999,25.469999,26.040001,19.794863,11340000,0.0,0.0
2011-12-01,26.120001,26.15,25.35,25.42,19.323544,7865200,0.0,0.0
2011-12-02,25.82,26.0,25.290001,25.559999,19.42997,7415100,0.0,0.0
2011-12-05,26.120001,26.4,25.49,25.639999,19.49078,9900400,0.0,0.0
2011-12-06,25.639999,26.370001,25.620001,26.23,19.939283,8307200,0.0,0.0
2011-12-07,25.809999,26.6,25.65,26.440001,20.175842,9920500,0.1,0.0
2011-12-08,26.25,26.27,25.559999,25.639999,19.565374,6672400,0.0,0.0
2011-12-09,25.93,26.75,25.709999,26.639999,20.328451,6398600,0.0,0.0
2011-12-12,26.18,26.360001,25.690001,26.25,20.030855,6488600,0.0,0.0
2011-12-13,26.440001,26.68,25.389999,25.530001,19.481436,7157300,0.0,0.0
2011-12-14,25.26,25.309999,24.620001,25.040001,19.107534,6495900,0.0,0.0
2011-12-15,25.25,25.299999,24.67,24.719999,18.863344,8664800,0.0,0.0
2011-12-16,24.959999,25.27,24.629999,24.84,18.954916,7486800,0.0,0.0
2011-12-19,25.08,25.280001,24.49,24.629999,18.794664,7474600,0.0,0.0
2011-12-20,25.16,26.1,25.08,25.84,19.717989,7012800,0.0,0.0
2011-12-21,25.799999,26.290001,25.65,26.129999,19.939281,5399600,0.0,0.0
2011-12-22,26.16,26.5,25.83,26.450001,20.18347,4786600,0.0,0.0
2011-12-23,26.530001,26.98,26.35,26.889999,20.519224,3210000,0.0,0.0
2011-12-27,26.780001,27.200001,26.76,27.049999,20.641325,3254300,0.0,0.0
2011-12-28,27.01,27.07,26.629999,26.91,20.534492,6474200,0.0,0.0
2011-12-29,27.049999,27.32,26.91,27.24,20.786301,3150400,0.0,0.0
2011-12-30,27.27,27.719999,27.139999,27.139999,20.709997,4222300,0.0,0.0
2012-01-03,27.85,28.139999,27.24,27.27,20.809202,7291700,0.0,0.0
2012-01-04,27.370001,27.959999,27.18,27.9,21.289936,7570100,0.0,0.0
2012-01-05,27.67,28.129999,27.33,27.969999,21.343351,4316400,0.0,0.0
2012-01-06,28.02,28.07,27.620001,27.790001,21.206005,5528800,0.0,0.0
2012-01-09,27.780001,28.17,27.66,27.85,21.251778,4866400,0.0,0.0
2012-01-10,28.059999,28.620001,27.84,28.610001,21.831728,7566600,0.0,0.0
2012-01-11,28.549999,28.639999,27.9,28.15,21.480705,4985700,0.0,0.0
2012-01-12,28.219999,28.309999,27.780001,28.08,21.427298,4765400,0.0,0.0
2012-01-13,27.82,27.959999,27.440001,27.75,21.175474,4369100,0.0,0.0
2012-01-17,28.26,28.51,27.93,28.09,21.434919,3514700,0.0,0.0
2012-01-18,28.01,28.32,27.84,28.290001,21.587545,5486200,0.0,0.0
2012-01-19,28.309999,28.85,28.209999,28.83,21.999601,4839900,0.0,0.0
2012-01-20,28.860001,28.870001,27.809999,28.040001,21.396772,7581300,0.0,0.0
2012-01-23,28.09,29.01,27.93,28.84,22.007238,8144400,0.0,0.0
2012-01-24,28.57,28.950001,28.290001,28.639999,21.85462,8403800,0.0,0.0
2012-01-25,28.559999,29.0,28.27,28.76,21.946182,8478600,0.0,0.0
2012-01-26,28.969999,29.18,28.59,28.719999,21.915663,5892500,0.0,0.0
2012-01-27,28.639999,28.959999,28.52,28.84,22.007238,4473800,0.0,0.0
2012-01-30,28.5,28.780001,28.16,28.68,21.885141,5923500,0.0,0.0
2012-01-31,29.040001,29.360001,28.389999,28.48,21.732521,5523600,0.0,0.0
2012-02-01,28.92,29.620001,28.879999,28.91,22.060659,7002100,0.0,0.0
2012-02-02,28.719999,29.32,28.24,29.1,22.205635,8832800,0.0,0.0
2012-02-03,29.48,29.610001,29.040001,29.48,22.495602,7018600,0.0,0.0
2012-02-06,29.24,29.639999,29.209999,29.629999,22.610073,4157900,0.0,0.0
2012-02-07,29.610001,29.93,29.280001,29.9,22.816103,7677100,0.0,0.0
2012-02-08,29.85,30.08,29.52,29.73,22.686377,4552700,0.0,0.0
2012-02-09,29.700001,29.879999,29.18,29.77,22.716892,5736500,0.0,0.0
2012-02-10,29.360001,30.0,29.1,29.9,22.816103,5107200,0.0,0.0
2012-02-13,30.200001,30.379999,30.07,30.209999,23.052652,6001600,0.0,0.0
2012-02-14,30.219999,30.309999,29.540001,29.790001,22.732164,5530900,0.0,0.0
2012-02-15,29.32,29.91,29.200001,29.57,22.564281,8429900,0.0,0.0
2012-02-16,28.35,29.469999,28.219999,29.299999,22.358253,14015200,0.0,0.0
2012-02-17,29.82,29.870001,29.35,29.59,22.579542,8171900,0.0,0.0
2012-02-21,29.82,30.059999,29.43,29.540001,22.541397,4857500,0.0,0.0
2012-02-22,29.5,29.85,29.389999,29.43,22.457455,4680000,0.0,0.0
2012-02-23,29.549999,29.610001,29.27,29.440001,22.465084,7255000,0.0,0.0
2012-02-24,29.58,29.93,29.469999,29.75,22.701635,5573900,0.0,0.0
2012-02-27,29.41,30.16,29.200001,29.83,22.762686,3748400,0.0,0.0
2012-02-28,29.83,30.09,29.59,29.99,22.884775,5411500,0.0,0.0
2012-02-29,30.129999,30.32,29.809999,29.9,22.816103,10969000,0.0,0.0
2012-03-01,29.950001,30.549999,29.82,30.35,23.159485,9150800,0.0,0.0
2012-03-02,30.35,30.52,30.059999,30.290001,23.113703,5475400,0.0,0.0
2012-03-05,30.15,30.26,29.610001,29.870001,22.793203,5549200,0.0,0.0
2012-03-06,29.450001,29.49,28.85,29.08,22.190372,7167600,0.0,0.0
2012-03-07,29.190001,29.879999,29.1,29.790001,22.732164,6892800,0.0,0.0
2012-03-08,29.93,30.67,29.91,30.540001,23.382963,8755800,0.1,0.0
2012-03-09,30.629999,30.99,30.49,30.809999,23.589689,6888300,0.0,0.0
2012-03-12,30.889999,31.0,30.379999,30.559999,23.398272,3866900,0.0,0.0
2012-03-13,30.639999,31.43,30.549999,31.33,23.987829,10211400,0.0,0.0
2012-03-14,31.639999,31.799999,31.280001,31.43,24.064392,9455900,0.0,0.0
2012-03-15,31.43,31.6,31.09,31.52,24.133301,6885900,0.0,0.0
2012-03-16,31.530001,31.75,31.459999,31.59,24.18689,5909000,0.0,0.0
2012-03-19,31.459999,32.049999,31.32,31.82,24.362999,4917300,0.0,0.0
2012-03-20,31.540001,31.709999,31.389999,31.700001,24.271116,5786100,0.0,0.0
2012-03-21,31.780001,31.85,31.379999,31.559999,24.163933,5101600,0.0,0.0
2012-03-22,31.26,31.52,31.16,31.43,24.064392,4594900,0.0,0.0
2012-03-23,31.4,31.98,31.34,31.84,24.378307,5464600,0.0,0.0
2012-03-26,32.220001,32.560001,31.98,32.419998,24.822384,7896200,0.0,0.0
2012-03-27,32.52,32.610001,32.279999,32.5,24.88364,5058300,0.0,0.0
2012-03-28,32.209999,32.66,32.139999,32.23,24.676914,8141100,0.0,0.0
2012-03-29,32.0,32.91,31.93,32.830002,25.136307,7633600,0.0,0.0
2012-03-30,32.98,33.939999,32.959999,33.91,25.9632,15510600,0.0,0.0
2012-04-02,33.799999,33.990002,33.400002,33.740002,25.833044,8158300,0.0,0.0
2012-04-03,33.740002,34.169998,33.419998,33.880001,25.940235,6675600,0.0,0.0
2012-04-04,33.459999,33.580002,32.759998,32.990002,25.258806,8367100,0.0,0.0
2012-04-05,32.939999,33.450001,32.790001,33.330002,25.519125,7203300,0.0,0.0
2012-04-09,31.98,32.759998,31.360001,32.540001,24.914261,8820000,0.0,0.0
2012-04-10,32.5,32.560001,31.25,31.299999,23.964863,12247100,0.0,0.0
2012-04-11,31.809999,31.879999,31.49,31.639999,24.225182,6601600,0.0,0.0
2012-04-12,31.66,32.209999,31.4,32.18,24.63863,8680900,0.0,0.0
2012-04-13,32.060001,32.630001,31.959999,32.509998,24.8913,6798600,0.0,0.0
2012-04-16,32.650002,32.650002,32.09,32.310001,24.738165,6928100,0.0,0.0
2012-04-17,32.669998,33.040001,32.279999,32.82,25.128643,7407000,0.0,0.0
2012-04-18,32.709999,33.049999,32.43,32.919998,25.205214,6464100,0.0,0.0
2012-04-19,33.049999,33.400002,32.759998,33.279999,25.480846,10225600,0.0,0.0
2012-04-20,33.400002,33.689999,33.189999,33.310001,25.503817,5024300,0.0,0.0
2012-04-23,32.950001,32.950001,32.259998,32.669998,25.013802,5815000,0.0,0.0
2012-04-24,32.610001,32.959999,32.360001,32.549999,24.921925,5094100,0.0,0.0
2012-04-25,32.900002,33.439999,32.84,33.259998,25.465538,3963000,0.0,0.0
2012-04-26,33.290001,34.200001,33.150002,34.130001,26.131641,6639800,0.0,0.0
2012-04-27,34.360001,34.560001,33.98,34.330002,26.28479,12078500,0.0,0.0
2012-04-30,33.919998,33.990002,33.27,33.380001,25.557417,7761700,0.0,0.0
2012-05-01,33.540001,33.93,33.209999,33.419998,25.588034,9398600,0.0,0.0
2012-05-02,34.990002,35.0,33.619999,34.189999,26.177591,14825000,0.0,0.0
2012-05-03,34.169998,34.470001,33.77,34.060001,26.078054,5142300,0.0,0.0
2012-05-04,33.75,33.91,33.130001,33.220001,25.434904,7134100,0.0,0.0
2012-05-07,32.400002,33.27,32.369999,32.970001,25.2435,7112000,0.0,0.0
2012-05-08,32.790001,33.009998,31.93,32.900002,25.189892,12351100,0.0,0.0
2012-05-09,32.509998,33.299999,32.209999,32.939999,25.220524,12483200,0.0,0.0
2012-05-10,33.209999,33.580002,32.939999,33.029999,25.289436,9100100,0.0,0.0
2012-05-11,32.900002,33.470001,32.77,32.799999,25.11334,5118000,0.0,0.0
2012-05-14,32.310001,32.389999,31.709999,31.77,24.324715,8269800,0.0,0.0
2012-05-15,31.709999,32.110001,31.51,31.969999,24.477842,10631800,0.0,0.0
2012-05-16,32.110001,32.470001,31.76,31.780001,24.332365,5147400,0.0,0.0
2012-05-17,31.790001,31.83,29.98,30.02,22.984825,15811700,0.0,0.0
2012-05-18,30.209999,30.950001,29.809999,30.559999,23.398272,11285700,0.0,0.0
2012-05-21,30.6,31.540001,30.41,31.5,24.117989,6384300,0.0,0.0
2012-05-22,31.620001,31.76,30.940001,31.17,23.86533,6744900,0.0,0.0
2012-05-23,30.92,31.610001,30.68,31.450001,24.079714,6476100,0.0,0.0
2012-05-24,31.6,31.950001,31.360001,31.629999,24.217522,4808000,0.0,0.0
2012-05-25,31.75,31.809999,31.309999,31.559999,24.163933,5050500,0.0,0.0
2012-05-29,31.620001,32.529999,31.610001,32.360001,24.77644,8024000,0.0,0.0
2012-05-30,31.940001,31.940001,31.26,31.540001,24.148611,5812800,0.0,0.0
2012-05-31,31.51,32.259998,30.969999,31.92,24.439558,7276700,0.0,0.0
2012-06-01,31.219999,31.299999,30.309999,30.33,23.222178,8354900,0.0,0.0
2012-06-04,30.450001,30.73,29.950001,30.620001,23.444216,7023000,0.0,0.0
2012-06-05,30.26,31.530001,30.219999,31.469999,24.09502,8040500,0.0,0.0
2012-06-06,31.85,32.139999,31.700001,31.93,24.447218,6305400,0.0,0.0
2012-06-07,32.380001,32.669998,31.66,31.74,24.378099,5037100,0.1,0.0
2012-06-08,31.48,32.25,31.379999,32.240002,24.762121,4302900,0.0,0.0
2012-06-11,32.68,32.720001,31.530001,31.58,24.255205,4220100,0.0,0.0
2012-06-12,31.66,32.529999,31.639999,32.459999,24.931091,4855400,0.0,0.0
2012-06-13,31.92,32.060001,31.23,31.41,24.124634,8599200,0.0,0.0
2012-06-14,31.629999,31.84,31.299999,31.73,24.370419,5698700,0.0,0.0
2012-06-15,31.82,31.950001,31.440001,31.620001,24.285931,8074800,0.0,0.0
2012-06-18,31.469999,31.700001,30.99,31.629999,24.293608,6846100,0.0,0.0
2012-06-19,31.889999,32.18,31.559999,31.950001,24.539387,3448200,0.0,0.0
2012-06-20,32.07,32.5,31.83,32.02,24.593151,6720100,0.0,0.0
2012-06-21,32.23,32.389999,31.65,31.74,24.378099,8584000,0.0,0.0
2012-06-22,31.66,31.92,31.34,31.450001,24.155357,7529200,0.0,0.0
2012-06-25,31.0,31.469999,30.73,31.09,23.878857,7574900,0.0,0.0
2012-06-26,31.34,31.92,31.129999,31.559999,24.239843,4480900,0.0,0.0
2012-06-27,31.719999,32.169998,31.719999,31.98,24.562422,3924300,0.0,0.0
2012-06-28,31.84,31.85,31.440001,31.76,24.393452,6939300,0.0,0.0
2012-06-29,32.5,32.779999,32.130001,32.779999,25.176863,6953200,0.0,0.0
2012-07-02,32.759998,33.110001,32.540001,33.0,25.345844,3888000,0.0,0.0
2012-07-03,32.93,33.0,32.639999,32.82,25.207602,1990200,0.0,0.0
2012-07-05,32.669998,32.880001,32.419998,32.580002,25.023264,3326700,0.0,0.0
2012-07-06,32.200001,32.66,32.189999,32.560001,25.007902,3494100,0.0,0.0
2012-07-09,32.52,32.709999,32.049999,32.189999,24.723724,2898200,0.0,0.0
2012-07-10,32.310001,32.450001,31.42,31.58,24.255205,4624400,0.0,0.0
2012-07-11,31.549999,31.639999,30.780001,30.92,23.748291,7624000,0.0,0.0
2012-07-12,30.620001,30.870001,29.85,30.610001,23.510185,11532600,0.0,0.0
2012-07-13,30.639999,31.4,30.639999,31.290001,24.032473,3402900,0.0,0.0
2012-07-16,31.120001,31.540001,30.620001,31.5,24.19376,6619100,0.0,0.0
2012-07-17,31.610001,32.040001,30.969999,31.969999,24.554743,5310800,0.0,0.0
2012-07-18,31.73,32.040001,31.469999,31.559999,24.239843,6141000,0.0,0.0
2012-07-19,31.6,32.049999,31.450001,31.76,24.393452,5504700,0.0,0.0
2012-07-20,31.4,31.639999,31.35,31.49,24.186081,6300600,0.0,0.0
2012-07-23,30.940001,31.040001,30.52,30.870001,23.709879,6375300,0.0,0.0
2012-07-24,30.950001,31.18,30.610001,30.9,23.732927,4771900,0.0,0.0
2012-07-25,31.07,31.34,30.870001,31.110001,23.894222,6063000,0.0,0.0
2012-07-26,31.73,32.740002,31.59,32.630001,25.061666,7179600,0.0,0.0
2012-07-27,32.880001,33.73,32.810001,33.57,25.78364,5451400,0.0,0.0
2012-07-30,33.59,33.889999,33.349998,33.549999,25.768272,3972400,0.0,0.0
2012-07-31,33.330002,33.84,32.880001,33.459999,25.699148,7727800,0.0,0.0
2012-08-01,33.599998,33.740002,33.02,33.07,25.399603,4231300,0.0,0.0
2012-08-02,32.82,33.630001,32.66,33.040001,25.376566,7429000,0.0,0.0
2012-08-03,34.27,35.18,34.27,35.060001,26.928038,10781300,0.0,0.0
2012-08-06,35.130001,35.880001,35.02,35.5,27.265989,6712000,0.0,0.0
2012-08-07,35.700001,35.900002,35.639999,35.650002,27.381199,4778700,0.0,0.0
2012-08-08,35.360001,35.68,35.34,35.650002,27.381199,6225000,0.0,0.0
2012-08-09,35.610001,35.830002,35.450001,35.57,27.319744,4699100,0.0,0.0
2012-08-10,35.470001,35.740002,35.419998,35.689999,27.411917,4505000,0.0,0.0
2012-08-13,35.509998,35.75,35.34,35.720001,27.434952,3603700,0.0,0.0
2012-08-14,35.830002,36.189999,35.66,36.0,27.650023,5294000,0.0,0.0
2012-08-15,36.009998,36.07,35.639999,36.07,27.703775,5067700,0.0,0.0
2012-08-16,36.049999,36.25,35.919998,36.040001,27.680731,5119900,0.0,0.0
2012-08-17,36.07,36.099998,35.740002,35.959999,27.619297,4700300,0.0,0.0
2012-08-20,35.93,36.080002,35.619999,36.080002,27.711462,3088500,0.0,0.0
2012-08-21,36.080002,36.43,35.740002,36.240002,27.834341,4120500,0.0,0.0
2012-08-22,36.200001,36.279999,35.970001,36.099998,27.726822,3530400,0.0,0.0
2012-08-23,36.110001,36.290001,35.869999,35.959999,27.619297,4818800,0.0,0.0
2012-08-24,35.810001,36.630001,35.810001,36.549999,28.072445,4205600,0.0,0.0
2012-08-27,36.610001,36.75,36.380001,36.459999,28.003325,3638800,0.0,0.0
2012-08-28,36.380001,36.41,36.080002,36.349998,27.918835,2912600,0.0,0.0
2012-08-29,36.360001,36.450001,36.040001,36.18,27.788263,3479800,0.0,0.0
2012-08-30,36.029999,36.259998,35.75,36.0,27.650023,3683400,0.0,0.0
2012-08-31,36.23,36.43,35.889999,36.34,27.911144,3729100,0.0,0.0
2012-09-04,36.23,36.389999,35.900002,35.939999,27.603931,3540300,0.0,0.0
2012-09-05,35.919998,36.0,35.310001,35.560001,27.312069,9069500,0.0,0.0
2012-09-06,35.91,36.73,35.869999,36.709999,28.290802,5310700,0.12,0.0
2012-09-07,36.619999,37.02,36.509998,37.02,28.529713,3883400,0.0,0.0
2012-09-10,36.880001,37.110001,36.720001,36.900002,28.437218,4018000,0.0,0.0
2012-09-11,36.889999,36.889999,36.439999,36.84,28.390995,5481500,0.0,0.0
2012-09-12,36.630001,36.830002,36.09,36.16,27.866938,6290600,0.0,0.0
2012-09-13,36.130001,37.099998,35.900002,36.950001,28.475748,7719700,0.0,0.0
2012-09-14,37.049999,37.82,36.849998,37.150002,28.629887,5768200,0.0,0.0
2012-09-17,37.139999,37.150002,36.740002,37.130001,28.614473,7419000,0.0,0.0
2012-09-18,37.040001,37.110001,36.529999,36.57,28.182907,5019600,0.0,0.0
2012-09-19,36.810001,37.259998,36.52,37.060001,28.560532,5415600,0.0,0.0
2012-09-20,36.900002,37.150002,36.549999,36.700001,28.283092,7697100,0.0,0.0
2012-09-21,36.990002,38.32,36.950001,37.900002,29.207884,14054100,0.0,0.0
2012-09-24,37.700001,37.779999,37.049999,37.240002,28.699247,8538700,0.0,0.0
2012-09-25,37.470001,37.709999,36.259998,36.34,28.005644,7988200,0.0,0.0
2012-09-26,36.25,36.330002,35.490002,35.57,27.412262,11529100,0.0,0.0
2012-09-27,35.720001,36.290001,35.639999,35.959999,27.712816,6113000,0.0,0.0
2012-09-28,35.779999,36.349998,35.689999,36.330002,27.99795,9620300,0.0,0.0
2012-10-01,36.400002,36.549999,35.48,35.52,27.37372,6745100,0.0,0.0
2012-10-02,35.57,35.790001,34.889999,34.990002,26.965271,7977100,0.0,0.0
2012-10-03,35.009998,35.18,34.130001,34.849998,26.85738,15557400,0.0,0.0
2012-10-04,35.07,36.07,35.0,36.0,27.743641,10496800,0.0,0.0
2012-10-05,36.130001,36.650002,35.900002,36.490002,28.12126,11914900,0.0,0.0
2012-10-08,36.400002,36.59,36.02,36.200001,27.897768,6691400,0.0,0.0
2012-10-09,36.119999,36.130001,34.759998,34.860001,26.865088,7756500,0.0,0.0
2012-10-10,34.830002,34.860001,34.419998,34.610001,26.67243,5646800,0.0,0.0
2012-10-11,34.84,34.84,33.419998,33.830002,26.07131,11684100,0.0,0.0
2012-10-12,33.790001,34.18,33.259998,33.77,26.025059,7346800,0.0,0.0
2012-10-15,33.360001,34.080002,33.18,34.029999,26.225445,6602700,0.0,0.0
2012-10-16,34.32,34.369999,33.950001,34.07,26.256264,5372200,0.0,0.0
2012-10-17,34.189999,34.450001,34.080002,34.419998,26.525988,5542600,0.0,0.0
2012-10-18,34.34,34.529999,34.0,34.060001,26.248562,6032700,0.0,0.0
2012-10-19,34.0,34.150002,33.310001,33.740002,26.001955,7722300,0.0,0.0
2012-10-22,33.630001,34.119999,33.549999,33.93,26.148378,4407200,0.0,0.0
2012-10-23,33.330002,33.540001,33.09,33.279999,25.647455,5219700,0.0,0.0
2012-10-24,33.41,33.59,33.0,33.07,25.485609,4540100,0.0,0.0
2012-10-25,33.369999,33.59,32.700001,33.279999,25.647455,6457600,0.0,0.0
2012-10-26,33.389999,33.580002,32.490002,32.869999,25.331472,7695700,0.0,0.0
2012-10-31,33.009998,33.009998,31.84,32.400002,24.969276,6407600,0.0,0.0
2012-11-01,32.560001,33.470001,32.529999,33.450001,25.778469,7625500,0.0,0.0
2012-11-02,33.790001,34.110001,33.16,33.209999,25.593502,7939600,0.0,0.0
2012-11-05,33.93,34.34,33.790001,34.009998,26.210024,6482800,0.0,0.0
2012-11-06,34.049999,34.509998,33.779999,34.43,26.533701,7008300,0.0,0.0
2012-11-07,34.18,34.419998,33.59,34.0,26.20233,11140800,0.0,0.0
2012-11-08,35.369999,35.630001,34.189999,34.360001,26.479763,12881700,0.0,0.0
2012-11-09,34.150002,35.150002,33.990002,34.880001,26.880507,8006300,0.0,0.0
2012-11-12,34.990002,35.599998,34.459999,34.529999,26.610771,4626100,0.0,0.0
2012-11-13,34.130001,35.09,34.130001,34.369999,26.487453,5567900,0.0,0.0
2012-11-14,34.490002,34.720001,33.209999,33.34,25.693682,8185200,0.0,0.0
2012-11-15,33.389999,33.869999,33.23,33.380001,25.72452,6342600,0.0,0.0
2012-11-16,33.450001,33.799999,33.040001,33.599998,25.894056,4126200,0.0,0.0
2012-11-19,34.060001,34.5,34.049999,34.490002,26.57995,8147900,0.0,0.0
2012-11-20,34.5,35.060001,34.459999,34.779999,26.803432,5126500,0.0,0.0
2012-11-21,34.810001,35.060001,34.580002,34.810001,26.826557,3608400,0.0,0.0
2012-11-23,35.040001,35.860001,34.939999,35.849998,27.628031,2729900,0.0,0.0
2012-11-26,35.619999,35.75,35.240002,35.529999,27.381422,3977600,0.0,0.0
2012-11-27,35.5,35.52,34.740002,34.77,26.795725,4942400,0.0,0.0
2012-11-28,34.59,35.43,34.32,35.310001,27.211893,6322800,0.0,0.0
2012-11-29,35.57,35.900002,35.209999,35.5,27.358309,6305200,0.0,0.0
2012-11-30,35.32,36.07,35.32,35.98,27.728222,7468600,0.0,0.0
2012-12-03,36.209999,36.630001,35.610001,35.619999,27.450775,6883400,0.0,0.0
2012-12-04,35.59,35.950001,35.279999,35.84,27.620333,7331300,0.0,0.0
2012-12-05,35.889999,35.959999,35.290001,35.470001,27.335192,6968100,0.0,0.0
2012-12-06,35.459999,35.810001,35.290001,35.650002,27.473913,4715700,0.0,0.0
2012-12-07,36.02,36.02,35.389999,35.939999,27.790941,4388200,0.12,0.0
2012-12-10,35.790001,36.080002,35.619999,35.880001,27.744547,2344600,0.0,0.0
2012-12-11,36.0,36.169998,35.689999,35.84,27.713621,3374000,0.0,0.0
2012-12-12,36.0,36.450001,35.93,36.110001,27.922388,4360400,0.0,0.0
2012-12-13,36.060001,36.18,35.150002,35.459999,27.419775,4871300,0.0,0.0
2012-12-14,35.259998,35.43,34.720001,34.830002,26.932629,5126900,0.0,0.0
2012-12-17,34.91,35.75,34.880001,35.73,27.628557,5377700,0.0,0.0
2012-12-18,35.77,36.560001,35.369999,36.400002,28.146639,8844400,0.0,0.0
2012-12-19,36.389999,36.830002,36.150002,36.43,28.169832,5575500,0.0,0.0
2012-12-20,36.779999,37.630001,36.549999,37.52,29.012688,10041200,0.0,0.0
2012-12-21,37.119999,37.439999,36.66,37.279999,28.827105,8822300,0.0,0.0
2012-12-24,37.150002,37.830002,37.09,37.470001,28.97403,3044100,0.0,0.0
2012-12-26,37.450001,37.610001,37.009998,37.330002,28.865774,6857600,0.0,0.0
2012-12-27,37.27,37.52,36.700001,37.279999,28.827105,4750100,0.0,0.0
2012-12-28,36.98,37.459999,36.799999,36.849998,28.494604,4499300,0.0,0.0
2012-12-31,36.720001,38.099998,36.689999,38.049999,29.422514,7391300,0.0,0.0
2013-01-02,38.82,39.77,38.59,39.299999,30.38908,8202500,0.0,0.0
2013-01-03,39.279999,39.450001,38.93,39.060001,30.203503,8486000,0.0,0.0
2013-01-04,39.139999,39.16,38.209999,38.650002,29.886478,11319100,0.0,0.0
2013-01-07,38.43,38.450001,38.099998,38.240002,29.569435,8793200,0.0,0.0
2013-01-08,38.049999,38.16,37.43,37.52,29.012688,9577200,0.0,0.0
2013-01-09,37.790001,38.279999,37.75,37.950001,29.345201,7304700,0.0,0.0
2013-01-10,38.330002,38.639999,38.060001,38.540001,29.80142,6333000,0.0,0.0
2013-01-11,38.630001,38.900002,38.389999,38.57,29.824621,4989100,0.0,0.0
2013-01-14,38.5,38.73,38.18,38.209999,29.54624,4766200,0.0,0.0
2013-01-15,37.880001,38.200001,37.669998,38.099998,29.46118,5991600,0.0,0.0
2013-01-16,37.880001,38.080002,37.630001,37.939999,29.337465,5083500,0.0,0.0
2013-01-17,41.580002,42.549999,40.939999,40.950001,31.664978,35077400,0.0,0.0
2013-01-18,40.950001,41.0,39.939999,40.419998,31.255142,11792300,0.0,0.0
2013-01-22,40.450001,41.93,40.400002,41.860001,32.368637,9206400,0.0,0.0
2013-01-23,41.689999,42.27,41.459999,42.240002,32.662483,7321100,0.0,0.0
2013-01-24,42.27,43.139999,41.650002,41.98,32.461422,7957800,0.0,0.0
2013-01-25,42.18,42.27,41.630001,42.189999,32.623814,5813600,0.0,0.0
2013-01-28,42.189999,42.619999,41.959999,42.330002,32.732056,6555300,0.0,0.0
2013-01-29,42.330002,42.43,41.779999,42.119999,32.569675,4674000,0.0,0.0
2013-01-30,42.220001,42.450001,41.970001,42.02,32.492348,4765000,0.0,0.0
2013-01-31,42.049999,42.049999,41.529999,41.720001,32.260372,4832600,0.0,0.0
2013-02-01,42.099998,42.450001,41.75,42.41,32.793926,4787100,0.0,0.0
2013-02-04,42.029999,42.360001,41.790001,41.860001,32.368637,3435100,0.0,0.0
2013-02-05,42.18,42.57,41.889999,42.330002,32.732056,3342200,0.0,0.0
2013-02-06,42.23,42.32,41.869999,41.98,32.461422,4216000,0.0,0.0
2013-02-07,41.84,42.48,41.330002,42.450001,32.824863,8756700,0.0,0.0
2013-02-08,42.41,42.849998,42.380001,42.830002,33.118694,5285400,0.0,0.0
2013-02-11,42.700001,42.73,42.049999,42.279999,32.693409,4555000,0.0,0.0
2013-02-12,42.400002,43.209999,42.369999,43.209999,33.412544,6166300,0.0,0.0
2013-02-13,43.369999,43.470001,42.380001,42.669998,32.994972,5312500,0.0,0.0
2013-02-14,42.43,43.099998,42.200001,42.939999,33.203751,9128700,0.0,0.0
2013-02-15,43.09,45.869999,42.990002,44.639999,34.518311,15734100,0.0,0.0
2013-02-19,44.630001,45.09,44.57,44.880001,34.703873,7257800,0.0,0.0
2013-02-20,44.75,45.009998,43.779999,43.82,33.884232,7167500,0.0,0.0
2013-02-21,43.599998,43.849998,43.23,43.41,33.567188,6876100,0.0,0.0
2013-02-22,43.549999,43.549999,42.959999,43.369999,33.536259,6314700,0.0,0.0
2013-02-25,43.48,43.630001,42.360001,42.360001,32.755276,7140900,0.0,0.0
2013-02-26,42.400002,42.619999,42.049999,42.490002,32.855793,10644400,0.0,0.0
2013-02-27,42.529999,44.02,42.529999,43.799999,33.868767,10417100,0.0,0.0
2013-02-28,43.610001,43.68,42.869999,43.389999,33.55172,10477200,0.0,0.0
2013-03-01,42.93,43.630001,42.91,43.549999,33.675434,7521200,0.0,0.0
2013-03-04,43.310001,43.869999,43.189999,43.779999,33.853279,6451100,0.0,0.0
2013-03-05,44.110001,45.18,42.799999,44.880001,34.703873,10590400,0.0,0.0
2013-03-06,45.02,45.490002,44.439999,44.810001,34.649754,6312300,0.0,0.0
2013-03-07,44.509998,45.639999,44.48,44.98,34.874592,8036100,0.12,0.0
2013-03-08,45.150002,46.130001,45.150002,46.0,35.665436,7998300,0.0,0.0
2013-03-11,45.860001,46.099998,45.549999,45.900002,35.587906,4325500,0.0,0.0
2013-03-12,45.830002,46.0,45.439999,45.919998,35.603416,4209400,0.0,0.0
2013-03-13,46.0,46.02,45.450001,45.939999,35.618912,4647600,0.0,0.0
2013-03-14,46.330002,47.419998,46.209999,46.950001,36.402016,9221900,0.0,0.0
2013-03-15,46.779999,47.130001,46.59,46.759998,36.254696,6930700,0.0,0.0
2013-03-18,46.029999,46.880001,45.52,46.540001,36.084118,5859700,0.0,0.0
2013-03-19,46.689999,46.950001,45.509998,45.75,35.471603,8394600,0.0,0.0
2013-03-20,46.200001,46.540001,46.099998,46.279999,35.882526,7359000,0.0,0.0
2013-03-21,45.860001,46.459999,45.77,45.889999,35.580158,6176700,0.0,0.0
2013-03-22,46.189999,46.48,45.830002,45.98,35.649944,7187700,0.0,0.0
2013-03-25,46.060001,46.299999,45.290001,45.419998,35.215744,7587500,0.0,0.0
2013-03-26,45.560001,45.959999,45.189999,45.709999,35.440578,6115400,0.0,0.0
2013-03-27,45.450001,46.279999,45.34,46.16,35.789505,4105400,0.0,0.0
2013-03-28,46.349998,46.799999,46.119999,46.689999,36.20042,5955500,0.0,0.0
2013-04-01,46.73,47.029999,45.330002,45.740002,35.46384,9448800,0.0,0.0
2013-04-02,45.860001,45.990002,45.380001,45.509998,35.285519,7122200,0.0,0.0
2013-04-03,45.639999,45.849998,44.619999,44.84,34.766048,8530900,0.0,0.0
2013-04-04,44.77,45.52,44.73,44.919998,34.828079,6933200,0.0,0.0
2013-04-05,44.25,45.380001,43.77,45.200001,35.045166,8295700,0.0,0.0
2013-04-08,45.220001,46.220001,45.119999,46.189999,35.812748,7022000,0.0,0.0
2013-04-09,46.34,46.490002,45.610001,45.860001,35.5569,5262500,0.0,0.0
2013-04-10,46.040001,46.68,45.990002,46.610001,36.138397,5755600,0.0,0.0
2013-04-11,46.52,46.959999,46.240002,46.299999,35.898037,4563900,0.0,0.0
2013-04-12,46.049999,46.759998,46.040001,46.57,36.107384,4808900,0.0,0.0
2013-04-15,46.139999,46.34,44.889999,44.959999,34.859097,5201800,0.0,0.0
2013-04-16,45.349998,46.310001,45.25,46.169998,35.797245,4103000,0.0,0.0
2013-04-17,45.810001,46.02,45.189999,45.439999,35.231266,5428600,0.0,0.0
2013-04-18,45.43,45.73,44.52,44.709999,34.665268,6696800,0.0,0.0
2013-04-19,44.830002,46.139999,44.599998,46.060001,35.711952,7563900,0.0,0.0
2013-04-22,46.27,47.150002,46.220001,46.950001,36.402016,4959600,0.0,0.0
2013-04-23,47.080002,47.130001,45.93,46.75,36.246937,6603600,0.0,0.0
2013-04-24,46.880001,47.139999,45.939999,46.060001,35.711952,4478200,0.0,0.0
2013-04-25,46.110001,46.380001,45.75,45.970001,35.642189,6970100,0.0,0.0
2013-04-26,45.970001,46.52,45.790001,46.27,35.874783,4846000,0.0,0.0
2013-04-29,46.360001,46.869999,46.139999,46.279999,35.882526,4432200,0.0,0.0
2013-04-30,46.279999,46.57,45.279999,45.779999,35.494858,8810900,0.0,0.0
2013-05-01,45.75,46.939999,45.470001,46.400002,35.975578,7927400,0.0,0.0
2013-05-02,47.02,48.299999,46.810001,47.349998,36.712135,10442800,0.0,0.0
2013-05-03,47.68,47.970001,47.330002,47.400002,36.750912,9129000,0.0,0.0
2013-05-06,47.419998,47.540001,47.139999,47.169998,36.57259,3705800,0.0,0.0
2013-05-07,47.209999,47.720001,47.130001,47.650002,36.944748,3395500,0.0,0.0
2013-05-08,47.5,47.59,46.669998,46.950001,36.402016,5899100,0.0,0.0
2013-05-09,46.939999,47.200001,46.740002,46.900002,36.363258,4401800,0.0,0.0
2013-05-10,46.950001,47.77,46.950001,47.75,37.022278,4818000,0.0,0.0
2013-05-13,47.560001,49.060001,47.540001,48.98,37.975952,6782800,0.0,0.0
2013-05-14,49.02,50.73,49.02,50.029999,38.790035,9562000,0.0,0.0
2013-05-15,49.759998,50.419998,49.599998,50.400002,39.076908,5072800,0.0,0.0
2013-05-16,50.330002,50.669998,49.560001,49.560001,38.425632,7089400,0.0,0.0
2013-05-17,50.189999,51.540001,50.130001,51.529999,39.953041,8500600,0.0,0.0
2013-05-20,51.439999,51.529999,50.93,51.049999,39.580875,5021000,0.0,0.0
2013-05-21,51.0,51.349998,50.560001,51.029999,39.565384,4126700,0.0,0.0
2013-05-22,51.049999,52.459999,50.84,51.259998,39.743698,7655900,0.0,0.0
2013-05-23,50.630001,51.290001,50.009998,51.060001,39.588631,4752400,0.0,0.0
2013-05-24,50.57,50.91,50.27,50.75,39.348282,3782500,0.0,0.0
2013-05-28,51.349998,51.84,51.02,51.299999,39.774723,3640900,0.0,0.0
2013-05-29,50.889999,50.950001,49.860001,50.450001,39.115688,4293300,0.0,0.0
2013-05-30,50.560001,51.27,50.259998,50.299999,38.99939,4710200,0.0,0.0
2013-05-31,50.220001,50.91,49.5,49.5,38.379124,5447500,0.0,0.0
2013-06-03,49.5,49.700001,48.650002,49.59,38.448902,4558100,0.0,0.0
2013-06-04,49.400002,50.130001,48.490002,49.110001,38.07674,5145400,0.0,0.0
2013-06-05,49.029999,49.18,47.919998,48.220001,37.386688,5381000,0.0,0.0
2013-06-06,48.240002,48.860001,47.689999,48.84,37.961868,5712000,0.12,0.0
2013-06-07,47.84,48.959999,47.610001,48.029999,37.332275,10327800,0.0,0.0
2013-06-10,48.259998,48.529999,47.639999,47.790001,37.145725,5045500,0.0,0.0
2013-06-11,47.380001,47.619999,46.84,47.09,36.601639,5977900,0.0,0.0
2013-06-12,47.299999,47.68,45.610001,45.919998,35.692238,8408500,0.0,0.0
2013-06-13,46.049999,47.5,45.77,47.360001,36.811508,9504500,0.0,0.0
2013-06-14,47.209999,48.09,47.049999,47.720001,37.091328,6243000,0.0,0.0
2013-06-17,47.91,48.09,47.52,47.790001,37.145725,5520700,0.0,0.0
2013-06-18,47.849998,49.209999,47.810001,48.75,37.891918,4363600,0.0,0.0
2013-06-19,48.700001,49.09,48.380001,48.380001,37.604321,6412900,0.0,0.0
2013-06-20,48.0,48.07,46.75,46.93,36.477287,6302700,0.0,0.0
2013-06-21,47.400002,47.610001,46.400002,46.889999,36.446198,8170100,0.0,0.0
2013-06-24,46.369999,47.02,45.779999,46.66,36.26741,4965200,0.0,0.0
2013-06-25,47.259998,48.310001,47.029999,47.93,37.254559,4831100,0.0,0.0
2013-06-26,48.310001,48.709999,47.970001,48.43,37.643185,2690700,0.0,0.0
2013-06-27,48.66,49.150002,48.560001,48.799999,37.930775,2767200,0.0,0.0
2013-06-28,48.700001,49.5,48.66,48.869999,37.985188,9526300,0.0,0.0
2013-07-01,48.889999,49.41,48.639999,48.73,37.876377,5135000,0.0,0.0
2013-07-02,48.720001,49.639999,48.450001,49.110001,38.17173,4152400,0.0,0.0
2013-07-03,48.68,49.849998,48.68,49.759998,38.676949,2150800,0.0,0.0
2013-07-05,50.0,50.389999,49.810001,50.060001,38.910145,2645200,0.0,0.0
2013-07-08,50.240002,50.889999,50.189999,50.860001,39.531944,4344100,0.0,0.0
2013-07-09,51.150002,51.82,51.049999,51.290001,39.86618,3949300,0.0,0.0
2013-07-10,51.200001,51.580002,50.889999,51.169998,39.772903,3040900,0.0,0.0
2013-07-11,52.119999,52.189999,51.16,51.41,39.959435,4803300,0.0,0.0
2013-07-12,51.389999,52.98,51.310001,52.889999,41.10981,4832700,0.0,0.0
2013-07-15,52.779999,53.18,52.439999,53.130001,41.296356,4578200,0.0,0.0
2013-07-16,53.150002,53.59,52.360001,52.68,40.946583,4153600,0.0,0.0
2013-07-17,52.959999,53.18,52.41,52.630001,40.907719,2783300,0.0,0.0
2013-07-18,52.900002,53.84,52.880001,53.540001,41.615032,3493300,0.0,0.0
2013-07-19,53.810001,53.810001,52.130001,52.5,40.806664,4928900,0.0,0.0
2013-07-22,52.630001,52.790001,52.099998,52.549999,40.845524,3790400,0.0,0.0
2013-07-23,52.650002,53.080002,52.16,52.470001,40.783367,2769000,0.0,0.0
2013-07-24,52.720001,53.130001,52.110001,52.48,40.791134,3089800,0.0,0.0
2013-07-25,52.400002,52.630001,51.93,52.490002,40.798893,2323900,0.0,0.0
2013-07-26,52.540001,53.779999,52.380001,53.5,41.58395,4771100,0.0,0.0
2013-07-29,53.48,53.700001,52.290001,52.389999,40.721172,3799800,0.0,0.0
2013-07-30,52.5,52.869999,52.139999,52.330002,40.67453,3063400,0.0,0.0
2013-07-31,52.099998,53.360001,52.099998,52.84,41.070938,6452900,0.0,0.0
2013-08-01,54.240002,55.580002,53.959999,54.880001,42.656586,8658800,0.0,0.0
2013-08-02,54.599998,55.0,53.869999,54.529999,42.384529,4198100,0.0,0.0
2013-08-05,54.209999,54.639999,53.720001,53.860001,41.863762,3848800,0.0,0.0
2013-08-06,53.91,54.130001,53.259998,54.0,41.972569,3840600,0.0,0.0
2013-08-07,53.91,54.099998,53.41,53.630001,41.684986,2906100,0.0,0.0
2013-08-08,54.099998,54.470001,53.799999,54.040001,42.00367,3024600,0.0,0.0
2013-08-09,53.91,54.259998,53.380001,53.549999,41.622814,1723900,0.0,0.0
2013-08-12,53.209999,53.900002,53.02,53.68,41.72385,1561000,0.0,0.0
2013-08-13,53.799999,53.84,53.16,53.650002,41.700539,1335400,0.0,0.0
2013-08-14,53.490002,53.66,52.439999,53.009998,41.203079,4881800,0.0,0.0
2013-08-15,52.470001,52.48,51.509998,51.970001,40.39473,5643000,0.0,0.0
2013-08-16,51.740002,52.189999,51.560001,51.68,40.169319,3014300,0.0,0.0
2013-08-19,51.599998,51.66,50.900002,51.09,39.710724,5589800,0.0,0.0
2013-08-20,50.98,51.970001,50.970001,51.549999,40.068268,2798900,0.0,0.0
2013-08-21,51.380001,51.419998,50.509998,50.849998,39.524185,3281900,0.0,0.0
2013-08-22,51.740002,53.060001,51.549999,52.740002,40.993225,4423700,0.0,0.0
2013-08-23,52.73,53.259998,52.119999,53.200001,41.350769,3111900,0.0,0.0
2013-08-26,53.189999,53.66,52.889999,52.91,41.125351,2841300,0.0,0.0
2013-08-27,52.310001,52.459999,51.029999,51.16,39.765137,4109900,0.0,0.0
2013-08-28,51.150002,51.810001,50.77,51.580002,40.091579,2444300,0.0,0.0
2013-08-29,51.27,52.360001,51.099998,51.57,40.083801,3507800,0.0,0.0
2013-08-30,51.68,51.700001,50.880001,51.099998,39.718502,3028000,0.0,0.0
2013-09-03,52.619999,53.869999,52.549999,53.5,41.58395,5755700,0.0,0.0
2013-09-04,54.099998,54.810001,53.810001,54.599998,42.43895,4041900,0.0,0.0
2013-09-05,54.48,54.799999,53.830002,53.939999,41.925945,3390100,0.0,0.0
2013-09-06,54.009998,54.380001,53.310001,53.619999,41.770149,3277100,0.12,0.0
2013-09-09,53.790001,54.290001,53.439999,53.580002,41.738976,3743100,0.0,0.0
2013-09-10,54.049999,54.279999,53.75,54.049999,42.105122,2611900,0.0,0.0
2013-09-11,54.310001,54.790001,54.110001,54.529999,42.479038,2831600,0.0,0.0
2013-09-12,54.509998,55.669998,54.369999,55.259998,43.047699,4868500,0.0,0.0
2013-09-13,55.18,55.459999,54.860001,55.459999,43.20351,3220700,0.0,0.0
2013-09-16,56.139999,56.259998,55.66,55.939999,43.577419,3459300,0.0,0.0
2013-09-17,55.950001,56.639999,55.73,56.389999,43.927986,3501900,0.0,0.0
2013-09-18,56.41,57.049999,55.720001,56.810001,44.255165,3637100,0.0,0.0
2013-09-19,57.080002,57.470001,56.41,56.57,44.068207,3456500,0.0,0.0
2013-09-20,56.599998,57.02,56.07,56.080002,43.686501,4481600,0.0,0.0
2013-09-23,56.009998,56.540001,55.849998,55.919998,43.561852,3078100,0.0,0.0
2013-09-24,56.119999,57.040001,56.02,56.07,43.678699,4856200,0.0,0.0
2013-09-25,56.189999,56.23,55.34,55.52,43.250237,3831400,0.0,0.0
2013-09-26,55.529999,56.049999,55.290001,55.560001,43.281422,4600300,0.0,0.0
2013-09-27,55.0,56.060001,54.599998,55.5,43.23465,5756700,0.0,0.0
2013-09-30,54.970001,55.59,54.84,55.16,42.969807,5730300,0.0,0.0
2013-10-01,55.290001,56.0,55.130001,55.759998,43.437206,3563300,0.0,0.0
2013-10-02,55.310001,55.82,55.259998,55.470001,43.211308,3383900,0.0,0.0
2013-10-03,55.23,55.599998,54.799999,54.98,42.829594,2953000,0.0,0.0
2013-10-04,55.099998,56.529999,55.040001,56.380001,43.920204,3881000,0.0,0.0
2013-10-07,55.57,56.27,55.299999,55.32,43.094448,2459600,0.0,0.0
2013-10-08,55.349998,55.689999,53.970001,53.990002,42.058357,3975500,0.0,0.0
2013-10-09,54.060001,54.169998,53.009998,53.619999,41.770149,5391300,0.0,0.0
2013-10-10,54.32,55.779999,54.080002,55.759998,43.437206,4318400,0.0,0.0
2013-10-11,55.610001,56.59,55.349998,56.25,43.818932,4053600,0.0,0.0
2013-10-14,55.889999,57.130001,55.709999,57.049999,44.442104,3379800,0.0,0.0
2013-10-15,56.790001,57.259998,56.48,56.68,44.153881,3166200,0.0,0.0
2013-10-16,57.16,57.73,57.009998,57.59,44.862782,4297500,0.0,0.0
2013-10-17,57.389999,58.57,57.310001,58.439999,45.524921,4529900,0.0,0.0
2013-10-18,58.66,59.439999,58.470001,59.200001,46.116978,5318400,0.0,0.0
2013-10-21,59.32,59.41,58.880001,59.169998,46.093616,2685400,0.0,0.0
2013-10-22,59.360001,59.98,59.330002,59.810001,46.592175,4910900,0.0,0.0
2013-10-23,59.48,59.630001,59.029999,59.25,46.155937,3796600,0.0,0.0
2013-10-24,59.450001,59.900002,59.23,59.599998,46.428581,2843300,0.0,0.0
2013-10-25,59.619999,60.0,59.150002,59.799999,46.584381,4629000,0.0,0.0
2013-10-28,59.889999,59.91,58.779999,59.25,46.155937,4644900,0.0,0.0
2013-10-29,59.799999,60.189999,59.09,59.419998,46.288349,4005300,0.0,0.0
2013-10-30,59.66,59.669998,57.860001,58.619999,45.665157,5795400,0.0,0.0
2013-10-31,58.639999,59.630001,58.41,59.139999,46.070244,3870200,0.0,0.0
2013-11-01,59.279999,60.27,59.279999,59.939999,46.693443,4469000,0.0,0.0
2013-11-04,60.07,60.25,59.259998,59.509998,46.358475,2775300,0.0,0.0
2013-11-05,59.310001,60.099998,58.93,59.900002,46.662285,3258000,0.0,0.0
2013-11-06,60.400002,60.91,59.0,59.619999,46.44416,6764900,0.0,0.0
2013-11-07,58.740002,59.32,56.860001,56.91,44.333069,11669100,0.0,0.0
2013-11-08,56.990002,58.790001,56.630001,58.740002,45.758633,8526600,0.0,0.0
2013-11-11,58.689999,59.330002,58.34,58.860001,45.852119,2869400,0.0,0.0
2013-11-12,58.669998,59.080002,58.34,58.73,45.750847,3216100,0.0,0.0
2013-11-13,58.349998,60.18,58.209999,60.169998,46.872616,6750900,0.0,0.0
2013-11-14,60.0,61.080002,59.919998,60.84,47.394547,5630600,0.0,0.0
2013-11-15,61.040001,61.049999,60.240002,60.549999,47.168648,3614000,0.0,0.0
2013-11-18,60.639999,60.75,59.450001,59.599998,46.428581,2801000,0.0,0.0
2013-11-19,59.43,59.59,58.5,58.880001,45.867699,3773400,0.0,0.0
2013-11-20,59.029999,59.110001,58.029999,58.200001,45.337975,6151200,0.0,0.0
2013-11-21,58.59,58.849998,58.16,58.41,45.501553,4967400,0.0,0.0
2013-11-22,58.599998,58.799999,58.32,58.630001,45.672947,3594400,0.0,0.0
2013-11-25,58.75,58.869999,58.310001,58.470001,45.548309,3014900,0.0,0.0
2013-11-26,58.389999,58.709999,58.130001,58.529999,45.595043,6083500,0.0,0.0
2013-11-27,58.599998,58.860001,58.189999,58.799999,45.805386,2812900,0.0,0.0
2013-11-29,58.91,59.02,58.549999,58.560001,45.618416,1777900,0.0,0.0
2013-12-02,58.599998,59.200001,58.220001,58.709999,45.735271,3673000,0.0,0.0
2013-12-03,58.369999,58.720001,58.150002,58.459999,45.54052,3169200,0.0,0.0
2013-12-04,58.09,59.279999,57.52,58.09,45.252277,4582700,0.0,0.0
2013-12-05,58.0,58.43,57.740002,58.259998,45.384724,3520600,0.0,0.0
2013-12-06,59.029999,59.259998,58.610001,58.900002,45.88327,3391700,0.0,0.0
2013-12-09,58.959999,59.57,58.529999,58.950001,46.01598,3007100,0.12,0.0
2013-12-10,58.77,59.369999,58.68,59.240002,46.242348,3953200,0.0,0.0
2013-12-11,59.610001,59.610001,58.25,58.439999,45.617874,3519100,0.0,0.0
2013-12-12,58.25,58.599998,57.84,58.169998,45.407127,3485400,0.0,0.0
2013-12-13,58.310001,58.73,58.060001,58.419998,45.60228,2523800,0.0,0.0
2013-12-16,58.84,59.400002,58.529999,59.130001,46.156475,3385100,0.0,0.0
2013-12-17,59.029999,59.09,58.209999,58.720001,45.836452,3290100,0.0,0.0
2013-12-18,58.720001,59.869999,58.099998,59.790001,46.671677,6198600,0.0,0.0
2013-12-19,59.610001,60.849998,59.560001,60.720001,47.397633,4903600,0.0,0.0
2013-12-20,60.66,61.23,60.380001,60.700001,47.382011,5626000,0.0,0.0
2013-12-23,61.07,61.849998,60.82,61.810001,48.248474,4681700,0.0,0.0
2013-12-24,61.689999,61.91,61.439999,61.66,48.13139,2351100,0.0,0.0
2013-12-26,62.060001,63.139999,61.740002,63.0,49.177387,3886400,0.0,0.0
2013-12-27,63.040001,63.330002,62.23,63.040001,49.208614,3968400,0.0,0.0
2013-12-30,62.990002,64.059998,62.990002,63.66,49.692577,6983700,0.0,0.0
2013-12-31,63.66,64.059998,63.360001,63.740002,49.755028,3884000,0.0,0.0
2014-01-02,63.25,63.73,62.41,63.25,49.372536,6723000,0.0,0.0
2014-01-03,63.189999,63.419998,62.790001,63.139999,49.286674,2226100,0.0,0.0
2014-01-06,63.709999,63.830002,62.889999,63.009998,49.185184,3663000,0.0,0.0
2014-01-07,63.290001,63.84,63.099998,63.380001,49.47401,2258700,0.0,0.0
2014-01-08,63.220001,63.330002,62.459999,62.740002,48.97443,2653400,0.0,0.0
2014-01-09,63.0,63.09,61.380001,62.490002,48.77927,3565500,0.0,0.0
2014-01-10,62.5,63.279999,62.07,62.990002,49.169579,3754800,0.0,0.0
2014-01-13,62.490002,62.689999,60.650002,60.939999,47.569351,5463200,0.0,0.0
2014-01-14,61.549999,61.549999,60.299999,60.650002,47.342987,5845500,0.0,0.0
2014-01-15,60.830002,61.369999,60.470001,61.0,47.616207,7616600,0.0,0.0
2014-01-16,61.02,61.310001,60.59,60.799999,47.460083,3943800,0.0,0.0
2014-01-17,60.790001,61.169998,60.029999,60.490002,47.218098,5014200,0.0,0.0
2014-01-21,61.23,61.23,59.290001,59.700001,46.601433,5797000,0.0,0.0
2014-01-22,60.009998,60.950001,59.709999,60.77,47.436661,3580500,0.0,0.0
2014-01-23,60.099998,60.5,59.16,59.700001,46.601433,4422200,0.0,0.0
2014-01-24,59.560001,59.689999,58.029999,58.389999,45.578846,7373300,0.0,0.0
2014-01-27,58.380001,58.849998,57.509998,58.18,45.414925,5826900,0.0,0.0
2014-01-28,58.389999,59.040001,58.240002,58.700001,45.820824,4131400,0.0,0.0
2014-01-29,58.25,58.43,57.369999,57.720001,45.055855,5709200,0.0,0.0
2014-01-30,59.0,60.169998,58.66,59.169998,46.187725,7782600,0.0,0.0
2014-01-31,58.189999,59.080002,57.900002,58.720001,45.836452,6940300,0.0,0.0
2014-02-03,58.59,58.720001,55.709999,56.310001,43.955215,11594800,0.0,0.0
2014-02-04,56.73,58.16,56.470001,57.869999,45.172943,8234500,0.0,0.0
2014-02-05,57.419998,59.040001,56.75,58.939999,46.008175,8278900,0.0,0.0
2014-02-06,59.18,61.040001,58.790001,60.290001,47.061981,6706800,0.0,0.0
2014-02-07,60.549999,60.849998,60.0,60.5,47.225899,4719500,0.0,0.0
2014-02-10,60.549999,60.700001,60.189999,60.59,47.296158,4311500,0.0,0.0
2014-02-11,60.580002,61.150002,60.369999,60.900002,47.538139,6747800,0.0,0.0
2014-02-12,61.599998,62.040001,61.130001,61.849998,48.279701,6713300,0.0,0.0
2014-02-13,63.91,64.900002,63.43,64.610001,50.434139,12806300,0.0,0.0
2014-02-14,64.139999,65.93,63.849998,64.959999,50.707336,7916300,0.0,0.0
2014-02-18,65.230003,66.449997,65.169998,66.290001,51.745525,6013100,0.0,0.0
2014-02-19,65.790001,66.580002,65.489998,65.82,51.378651,7185400,0.0,0.0
2014-02-20,65.949997,66.080002,64.660004,65.910004,51.44891,6616900,0.0,0.0
2014-02-21,66.07,66.599998,65.739998,66.059998,51.565998,5038300,0.0,0.0
2014-02-24,66.379997,67.290001,66.290001,66.459999,51.878235,4822800,0.0,0.0
2014-02-25,66.089996,66.330002,65.599998,65.760002,51.331821,4438800,0.0,0.0
2014-02-26,65.900002,66.449997,65.400002,65.540001,51.16008,4726900,0.0,0.0
2014-02-27,65.379997,66.540001,65.169998,66.400002,51.831398,4732500,0.0,0.0
2014-02-28,66.410004,67.470001,66.410004,67.080002,52.362209,5577100,0.0,0.0
2014-03-03,65.82,66.349998,64.639999,65.949997,51.480125,4303300,0.0,0.0
2014-03-04,66.910004,67.620003,66.910004,67.419998,52.62759,6201700,0.0,0.0
2014-03-05,67.529999,67.870003,67.120003,67.379997,52.596386,4321000,0.0,0.0
2014-03-06,67.580002,67.720001,67.209999,67.550003,52.729076,3757500,0.0,0.0
2014-03-07,67.800003,67.970001,67.129997,67.400002,52.705627,3450400,0.12,0.0
2014-03-10,67.129997,67.43,66.669998,66.760002,52.205139,3200700,0.0,0.0
2014-03-11,68.089996,68.099998,65.779999,66.089996,51.681217,4480800,0.0,0.0
2014-03-12,65.610001,66.080002,65.260002,65.900002,51.532665,4096900,0.0,0.0
2014-03-13,66.300003,66.589996,64.690002,64.959999,50.797585,5671000,0.0,0.0
2014-03-14,64.790001,66.019997,64.790001,65.370003,51.118198,5456300,0.0,0.0
2014-03-17,66.0,66.43,65.629997,65.839996,51.485729,4099200,0.0,0.0
2014-03-18,65.82,66.709999,65.699997,66.300003,51.845455,3027200,0.0,0.0
2014-03-19,66.339996,66.82,65.720001,65.940002,51.563923,4308200,0.0,0.0
2014-03-20,65.769997,66.5,65.5,66.169998,51.743782,3249400,0.0,0.0
2014-03-21,66.809998,67.220001,65.550003,65.690002,51.368446,6118400,0.0,0.0
2014-03-24,65.82,66.169998,63.990002,64.260002,50.25021,5897400,0.0,0.0
2014-03-25,65.18,65.18,63.02,63.139999,49.37439,9995200,0.0,0.0
2014-03-26,63.669998,63.700001,61.889999,61.959999,48.451637,10427700,0.0,0.0
2014-03-27,62.0,62.0,60.759998,61.470001,48.068474,10079200,0.0,0.0
2014-03-28,61.790001,62.93,61.610001,62.029999,48.506359,5791200,0.0,0.0
2014-03-31,62.380001,62.689999,61.669998,61.799999,48.326519,6177300,0.0,0.0
2014-04-01,62.25,63.630001,62.23,63.189999,49.413475,6713400,0.0,0.0
2014-04-02,63.41,63.959999,63.220001,63.349998,49.538593,5537800,0.0,0.0
2014-04-03,63.529999,63.709999,62.200001,62.619999,48.967739,6164900,0.0,0.0
2014-04-04,63.009998,63.299999,61.5,61.560001,48.13884,7989900,0.0,0.0
2014-04-07,61.400002,61.419998,58.950001,60.450001,47.270847,12214200,0.0,0.0
2014-04-08,60.41,60.790001,59.23,60.48,47.294292,8042800,0.0,0.0
2014-04-09,60.689999,62.52,60.689999,62.360001,48.764427,8256700,0.0,0.0
2014-04-10,62.279999,62.389999,59.880001,59.98,46.90332,9618000,0.0,0.0
2014-04-11,59.529999,60.23,58.59,58.68,45.886742,10666000,0.0,0.0
2014-04-14,59.25,59.560001,58.330002,58.790001,45.972759,6780000,0.0,0.0
2014-04-15,59.080002,59.580002,57.740002,59.169998,46.269913,7319700,0.0,0.0
2014-04-16,59.650002,60.720001,58.950001,60.299999,47.153542,9143500,0.0,0.0
2014-04-17,59.990002,60.740002,58.990002,60.639999,47.419415,7946900,0.0,0.0
2014-04-21,60.639999,60.650002,58.900002,59.709999,46.692188,6262600,0.0,0.0
2014-04-22,60.0,60.200001,59.16,59.77,46.73909,7537800,0.0,0.0
2014-04-23,59.889999,59.990002,58.16,58.389999,45.659958,10211800,0.0,0.0
2014-04-24,58.720001,59.02,58.110001,58.27,45.566132,8029800,0.0,0.0
2014-04-25,58.16,58.360001,57.689999,58.049999,45.394089,8560400,0.0,0.0
2014-04-28,58.619999,58.709999,56.5,57.02,44.58865,8078300,0.0,0.0
2014-04-29,56.650002,57.560001,56.650002,57.450001,44.924892,5669600,0.0,0.0
2014-04-30,57.200001,58.27,56.75,57.759998,45.167313,9322100,0.0,0.0
2014-05-01,57.849998,58.150002,57.330002,57.48,44.94836,4688800,0.0,0.0
2014-05-02,57.419998,57.830002,57.169998,57.23,44.752865,5292100,0.0,0.0
2014-05-05,57.080002,58.200001,56.720001,58.189999,45.503571,4280900,0.0,0.0
2014-05-06,57.849998,58.349998,56.709999,56.790001,44.408787,5327600,0.0,0.0
2014-05-07,57.0,57.349998,56.290001,56.650002,44.299305,7416500,0.0,0.0
2014-05-08,56.650002,58.41,56.400002,58.009998,45.362812,9019800,0.0,0.0
2014-05-09,56.549999,57.189999,55.009998,56.740002,44.369686,15272100,0.0,0.0
2014-05-12,56.98,57.939999,56.98,57.400002,44.885796,8218700,0.0,0.0
2014-05-13,57.41,57.779999,56.509998,57.0,44.573013,7510800,0.0,0.0
2014-05-14,56.790001,57.41,55.57,55.939999,43.744102,10258300,0.0,0.0
2014-05-15,56.150002,56.419998,55.509998,56.389999,44.095989,10271100,0.0,0.0
2014-05-16,56.470001,57.09,55.869999,57.029999,44.596462,5846100,0.0,0.0
2014-05-19,56.860001,57.689999,56.59,57.360001,44.85453,9107400,0.0,0.0
2014-05-20,57.220001,57.540001,56.73,57.09,44.643398,12850800,0.0,0.0
2014-05-21,57.299999,59.25,57.240002,59.02,46.152599,8706800,0.0,0.0
2014-05-22,58.970001,59.310001,58.389999,59.290001,46.363747,7469500,0.0,0.0
2014-05-23,59.41,60.98,59.169998,60.75,47.505436,8458300,0.0,0.0
2014-05-27,60.93,61.259998,60.419998,60.459999,47.278683,5051400,0.0,0.0
2014-05-28,60.470001,60.77,60.029999,60.48,47.294292,4067800,0.0,0.0
2014-05-29,60.810001,60.900002,59.73,60.150002,47.036251,4875700,0.0,0.0
2014-05-30,60.07,60.139999,59.380001,59.610001,46.613972,5250100,0.0,0.0
2014-06-02,59.619999,60.43,59.619999,60.32,47.16917,4201500,0.0,0.0
2014-06-03,60.169998,60.310001,59.580002,59.619999,46.621792,5669600,0.0,0.0
2014-06-04,59.52,60.07,59.25,59.84,46.793842,2720800,0.0,0.0
2014-06-05,60.029999,60.529999,59.490002,60.48,47.294292,3085500,0.0,0.0
2014-06-06,60.52,60.990002,60.130001,60.490002,47.396164,3178400,0.12,0.0
2014-06-09,60.540001,61.18,60.490002,60.740002,47.592052,3419600,0.0,0.0
2014-06-10,60.549999,61.150002,60.169998,61.130001,47.897633,3959400,0.0,0.0
2014-06-11,62.0,63.080002,61.689999,61.799999,48.4226,21619600,0.0,0.0
2014-06-12,61.59,61.650002,60.720001,60.880001,47.701752,12542000,0.0,0.0
2014-06-13,60.900002,60.98,60.040001,60.450001,47.364826,8535900,0.0,0.0
2014-06-16,60.150002,60.919998,59.93,60.700001,47.560692,13120300,0.0,0.0
2014-06-17,60.529999,60.720001,60.09,60.110001,47.098419,6471000,0.0,0.0
2014-06-18,60.18,61.360001,59.889999,61.23,47.975979,8784600,0.0,0.0
2014-06-19,61.119999,61.540001,59.91,60.369999,47.302147,6956100,0.0,0.0
2014-06-20,60.299999,60.299999,57.759998,59.040001,46.26004,20042500,0.0,0.0
2014-06-23,58.919998,59.290001,58.5,59.0,46.228695,7433900,0.0,0.0
2014-06-24,58.900002,59.799999,58.610001,58.84,46.103329,7006800,0.0,0.0
2014-06-25,58.48,63.75,58.310001,62.48,48.955399,32708000,0.0,0.0
2014-06-26,62.75,62.75,61.509998,61.990002,48.57148,11581900,0.0,0.0
2014-06-27,61.630001,62.0,61.150002,61.23,47.975979,10856500,0.0,0.0
2014-06-30,61.299999,62.400002,61.27,62.139999,48.688995,11778700,0.0,0.0
2014-07-01,62.34,63.330002,62.220001,62.919998,49.300159,22980800,0.0,0.0
2014-07-02,63.049999,64.529999,62.919998,64.300003,50.381432,40694800,0.0,0.0
2014-07-03,64.300003,64.540001,64.120003,64.300003,50.381432,14828900,0.0,0.0
2014-07-07,63.869999,65.239998,63.450001,63.610001,49.840809,48454400,0.0,0.0
2014-07-08,63.419998,63.720001,62.59,63.389999,49.668411,51073800,0.0,0.0
2014-07-09,63.41,64.139999,62.509998,63.93,50.091534,78584800,0.0,0.0
2014-07-10,61.889999,62.349998,61.310001,61.799999,48.4226,90000600,0.0,0.0
2014-07-11,61.970001,62.200001,61.220001,61.349998,48.070004,8576700,0.0,0.0
2014-07-14,61.790001,61.849998,60.599998,60.68,47.54504,15332900,0.0,0.0
2014-07-15,60.82,60.849998,59.330002,59.5,46.620449,16898900,0.0,0.0
2014-07-16,60.939999,61.09,59.939999,60.849998,47.67823,16020600,0.0,0.0
2014-07-17,60.389999,63.139999,60.360001,61.630001,48.289402,31086800,0.0,0.0
2014-07-18,61.599998,61.68,60.599998,61.5,48.187542,23209500,0.0,0.0
2014-07-21,61.380001,61.43,60.41,60.43,47.349152,10389400,0.0,0.0
2014-07-22,60.59,60.759998,59.25,59.400002,46.542099,13347000,0.0,0.0
2014-07-23,59.689999,59.689999,58.880001,58.970001,46.205189,15471500,0.0,0.0
2014-07-24,58.990002,59.150002,58.470001,58.509998,45.844761,14116500,0.0,0.0
2014-07-25,58.189999,58.470001,57.43,57.73,45.233608,13274400,0.0,0.0
2014-07-28,57.75,57.970001,57.369999,57.709999,45.217941,6626500,0.0,0.0
2014-07-29,57.709999,58.049999,57.439999,57.48,45.037724,8277000,0.0,0.0
2014-07-30,57.880001,58.23,57.509998,57.709999,45.217941,7125500,0.0,0.0
2014-07-31,57.299999,57.709999,56.810001,56.830002,44.528427,6107700,0.0,0.0
2014-08-01,56.470001,57.43,56.450001,57.029999,44.685127,6156200,0.0,0.0
2014-08-04,57.200001,58.009998,57.049999,57.68,45.194431,6504700,0.0,0.0
2014-08-05,57.299999,57.639999,56.73,56.990002,44.653793,5131600,0.0,0.0
2014-08-06,57.599998,58.0,56.959999,57.650002,45.170929,7642100,0.0,0.0
2014-08-07,58.060001,58.189999,56.740002,56.900002,44.583267,6718800,0.0,0.0
2014-08-08,58.0,59.5,57.880001,59.23,46.408909,11749900,0.0,0.0
2014-08-11,59.740002,60.400002,59.330002,60.18,47.153259,7528600,0.0,0.0
2014-08-12,59.880001,60.290001,58.82,58.91,46.158173,6640300,0.0,0.0
2014-08-13,59.169998,59.419998,58.759998,59.34,46.495087,4970700,0.0,0.0
2014-08-14,59.290001,59.630001,59.139999,59.459999,46.589127,4332400,0.0,0.0
2014-08-15,59.740002,60.25,59.330002,59.990002,47.004395,5841700,0.0,0.0
2014-08-18,60.549999,60.73,60.110001,60.23,47.192448,5928100,0.0,0.0
2014-08-19,60.48,60.939999,60.150002,60.740002,47.592052,3628400,0.0,0.0
2014-08-20,60.470001,60.720001,60.189999,60.43,47.349152,3844500,0.0,0.0
2014-08-21,60.549999,60.599998,60.16,60.360001,47.2943,4268900,0.0,0.0
2014-08-22,60.240002,60.830002,60.240002,60.5,47.40398,3230300,0.0,0.0
2014-08-25,60.77,61.369999,60.369999,60.630001,47.505875,4519800,0.0,0.0
2014-08-26,60.560001,60.700001,59.93,60.02,47.027901,4702000,0.0,0.0
2014-08-27,60.209999,60.580002,60.099998,60.419998,47.341312,3252900,0.0,0.0
2014-08-28,60.040001,60.369999,59.549999,59.549999,46.659641,5040900,0.0,0.0
2014-08-29,59.68,59.740002,59.130001,59.290001,46.455917,4831400,0.0,0.0
2014-09-02,59.299999,59.650002,58.66,58.830002,46.095505,6484800,0.0,0.0
2014-09-03,59.099998,59.189999,58.189999,58.529999,45.860432,5907700,0.0,0.0
2014-09-04,59.02,59.700001,58.900002,59.43,46.565613,7603900,0.0,0.0
2014-09-05,59.48,59.57,58.560001,59.400002,46.542099,7013700,0.0,0.0
2014-09-08,59.150002,59.240002,58.759998,59.060001,46.392849,4046100,0.15,0.0
2014-09-09,58.830002,58.939999,57.790001,57.860001,45.450226,7181400,0.0,0.0
2014-09-10,58.0,58.16,57.099998,57.639999,45.27742,5972800,0.0,0.0
2014-09-11,57.400002,58.669998,57.32,58.130001,45.662327,4797700,0.0,0.0
2014-09-12,57.41,57.419998,56.310001,57.259998,44.978931,11472500,0.0,0.0
2014-09-15,57.27,57.279999,56.700001,56.740002,44.570454,6361100,0.0,0.0
2014-09-16,56.709999,57.34,56.32,56.900002,44.696136,8350300,0.0,0.0
2014-09-17,57.049999,57.209999,56.560001,56.84,44.648998,5540300,0.0,0.0
2014-09-18,57.099998,57.130001,56.060001,56.5,44.381943,9888100,0.0,0.0
2014-09-19,56.880001,56.880001,55.619999,55.91,43.918468,10796100,0.0,0.0
2014-09-22,55.68,55.830002,54.43,54.619999,42.905155,11979200,0.0,0.0
2014-09-23,54.91,55.439999,54.32,55.029999,43.227211,10495700,0.0,0.0
2014-09-24,55.009998,55.099998,54.18,54.849998,43.085815,9998700,0.0,0.0
2014-09-25,54.779999,54.93,53.779999,53.84,42.292439,7942600,0.0,0.0
2014-09-26,53.830002,54.810001,53.779999,54.560001,42.858006,6369800,0.0,0.0
2014-09-29,53.919998,54.84,53.869999,54.32,42.669495,8208400,0.0,0.0
2014-09-30,54.419998,54.470001,53.490002,53.5,42.025368,10307500,0.0,0.0
2014-10-01,53.5,53.580002,52.779999,52.810001,41.483368,12324500,0.0,0.0
2014-10-02,52.419998,52.540001,50.52,52.34,41.114162,17811700,0.0,0.0
2014-10-03,52.689999,53.580002,52.279999,53.080002,41.695442,10696600,0.0,0.0
2014-10-06,53.220001,53.5,52.619999,52.77,41.451935,3514600,0.0,0.0
2014-10-07,52.310001,52.689999,52.07,52.16,40.972775,5835400,0.0,0.0
2014-10-08,52.150002,52.73,51.470001,52.59,41.310543,6185400,0.0,0.0
2014-10-09,52.299999,52.34,50.700001,50.720001,39.84161,10588800,0.0,0.0
2014-10-10,50.580002,51.16,49.810001,49.91,39.205334,9468900,0.0,0.0
2014-10-13,49.779999,50.119999,48.830002,48.91,38.419815,10407700,0.0,0.0
2014-10-14,49.59,50.75,49.330002,49.93,39.221054,10301900,0.0,0.0
2014-10-15,49.66,51.029999,48.919998,50.75,39.865192,13183700,0.0,0.0
2014-10-16,49.799999,52.349998,49.619999,51.18,40.202953,8451200,0.0,0.0
2014-10-17,51.790001,52.98,51.59,52.349998,41.122013,9047600,0.0,0.0
2014-10-20,52.970001,53.75,52.880001,53.470001,42.001789,8752300,0.0,0.0
2014-10-21,53.709999,54.610001,53.639999,54.240002,42.606651,6745400,0.0,0.0
2014-10-22,54.509998,54.540001,52.740002,52.91,41.561905,7743700,0.0,0.0
2014-10-23,53.490002,54.099998,53.099998,53.75,42.221745,5384300,0.0,0.0
2014-10-24,53.360001,53.810001,53.0,53.52,42.04108,3821700,0.0,0.0
2014-10-27,53.419998,53.900002,53.200001,53.52,42.04108,3191900,0.0,0.0
2014-10-28,53.740002,54.099998,53.59,54.07,42.473106,4010700,0.0,0.0
2014-10-29,53.93,54.130001,53.459999,54.060001,42.465252,3599800,0.0,0.0
2014-10-30,53.810001,54.139999,53.470001,53.889999,42.331703,3618500,0.0,0.0
2014-10-31,54.849998,54.860001,53.470001,54.220001,42.59095,6397100,0.0,0.0
2014-11-03,54.650002,54.650002,54.130001,54.43,42.755898,5734100,0.0,0.0
2014-11-04,53.400002,53.400002,51.32,51.990002,40.83923,14822600,0.0,0.0
2014-11-05,53.02,53.150002,51.700001,52.5,41.239838,11518900,0.0,0.0
2014-11-06,53.709999,53.709999,50.52,52.130001,40.949192,15307600,0.0,0.0
2014-11-07,51.77,51.790001,50.91,51.310001,40.305069,13100500,0.0,0.0
2014-11-10,51.66,52.41,51.360001,52.130001,40.949192,8673400,0.0,0.0
2014-11-11,52.049999,52.299999,51.57,51.84,40.721401,5418800,0.0,0.0
2014-11-12,51.59,51.700001,51.110001,51.57,40.509293,7317200,0.0,0.0
2014-11-13,51.759998,52.630001,51.630001,51.869999,40.744953,5012700,0.0,0.0
2014-11-14,52.060001,53.439999,51.959999,53.41,41.954666,8434100,0.0,0.0
2014-11-17,53.279999,53.490002,52.82,52.880001,41.538342,6850900,0.0,0.0
2014-11-18,52.400002,52.700001,52.0,52.540001,41.271259,7083600,0.0,0.0
2014-11-19,52.349998,53.360001,52.169998,53.34,41.899689,6380200,0.0,0.0
2014-11-20,53.049999,54.060001,52.93,53.669998,42.158909,7456900,0.0,0.0
2014-11-21,54.060001,54.110001,53.240002,53.549999,42.064636,9347800,0.0,0.0
2014-11-24,53.779999,53.93,53.330002,53.529999,42.048916,6153600,0.0,0.0
2014-11-25,53.669998,55.040001,53.48,54.650002,42.928722,7780200,0.0,0.0
2014-11-26,54.73,54.849998,54.07,54.200001,42.575222,4249500,0.0,0.0
2014-11-28,54.43,54.91,54.07,54.880001,43.109383,2562600,0.0,0.0
2014-12-01,54.560001,54.849998,54.040001,54.470001,42.787319,4607800,0.0,0.0
2014-12-02,54.639999,54.880001,54.27,54.310001,42.66164,3631000,0.0,0.0
2014-12-03,54.330002,55.490002,53.98,55.23,43.384308,6460500,0.0,0.0
2014-12-04,54.919998,55.02,54.450001,54.849998,43.085815,4472300,0.0,0.0
2014-12-05,54.830002,56.099998,54.630001,55.09,43.274342,9210800,0.0,0.0
2014-12-08,54.799999,55.0,53.560001,53.610001,42.111786,6148600,0.0,0.0
2014-12-09,52.529999,52.970001,51.400002,52.48,41.339809,9618100,0.15,0.0
2014-12-10,52.259998,52.529999,51.529999,51.59,40.63871,6309900,0.0,0.0
2014-12-11,51.75,52.759998,51.389999,52.490002,41.347675,5918500,0.0,0.0
2014-12-12,52.060001,54.119999,51.880001,53.48,42.127533,8560600,0.0,0.0
2014-12-15,53.790001,54.150002,52.900002,52.900002,41.67065,5241300,0.0,0.0
2014-12-16,52.509998,53.049999,52.029999,52.110001,41.048344,7127000,0.0,0.0
2014-12-17,52.259998,53.400002,52.169998,53.299999,41.985744,5226500,0.0,0.0
2014-12-18,54.060001,54.599998,53.790001,54.599998,43.009777,6882400,0.0,0.0
2014-12-19,54.950001,55.470001,54.59,55.18,43.466652,11220200,0.0,0.0
2014-12-22,55.380001,55.48,54.5,54.639999,43.041286,5800500,0.0,0.0
2014-12-23,54.900002,56.369999,54.900002,55.830002,43.978683,5991700,0.0,0.0
2014-12-24,55.82,56.07,55.32,55.700001,43.876274,2607000,0.0,0.0
2014-12-26,56.02,56.139999,55.540001,55.98,44.096832,4508800,0.0,0.0
2014-12-29,55.77,56.669998,55.740002,56.450001,44.467075,4251500,0.0,0.0
2014-12-30,56.389999,56.439999,55.75,55.830002,43.978683,3067000,0.0,0.0
2014-12-31,56.0,56.330002,55.25,55.34,43.59269,3361700,0.0,0.0
2015-01-02,55.75,55.77,54.459999,54.790001,43.159439,4328900,0.0,0.0
2015-01-05,54.509998,54.68,54.0,54.259998,42.741947,4762800,0.0,0.0
2015-01-06,54.25,54.32,52.939999,53.189999,41.899086,5231000,0.0,0.0
2015-01-07,53.599998,53.84,52.990002,53.110001,41.836063,5394700,0.0,0.0
2015-01-08,53.73,54.07,53.439999,53.740002,42.332344,5910400,0.0,0.0
2015-01-09,54.0,55.130001,53.82,54.560001,42.97826,8410500,0.0,0.0
2015-01-12,55.040001,55.299999,54.369999,54.849998,43.206703,5486300,0.0,0.0
2015-01-13,55.419998,56.290001,55.080002,55.599998,43.797493,7808600,0.0,0.0
2015-01-14,54.849998,54.939999,53.52,54.470001,42.907372,7631000,0.0,0.0
2015-01-15,54.68,54.93,53.490002,53.549999,42.182667,4580500,0.0,0.0
2015-01-16,53.810001,55.68,53.529999,55.560001,43.765995,10710300,0.0,0.0
2015-01-20,55.48,55.599998,54.75,55.470001,43.695103,8010300,0.0,0.0
2015-01-21,55.139999,56.220001,55.009998,56.189999,44.262268,6127400,0.0,0.0
2015-01-22,56.349998,56.860001,55.740002,56.73,44.687641,7611400,0.0,0.0
2015-01-23,56.799999,56.799999,55.68,55.880001,44.018063,4805100,0.0,0.0
2015-01-26,55.700001,57.099998,55.23,57.060001,44.947578,5830800,0.0,0.0
2015-01-27,56.209999,57.32,55.98,57.080002,44.963337,5595200,0.0,0.0
2015-01-28,57.290001,57.450001,56.139999,56.290001,44.34103,5747400,0.0,0.0
2015-01-29,56.290001,56.98,55.169998,55.720001,43.892044,8253800,0.0,0.0
2015-01-30,55.200001,55.669998,54.650002,54.810001,43.175209,5435800,0.0,0.0
2015-02-02,54.849998,55.450001,54.389999,55.369999,43.616322,4967900,0.0,0.0
2015-02-03,55.849998,56.939999,55.799999,56.919998,44.837292,4108900,0.0,0.0
2015-02-04,57.0,57.48,56.029999,56.740002,44.695507,5416800,0.0,0.0
2015-02-05,57.060001,57.279999,55.450001,56.0,44.112595,7003100,0.0,0.0
2015-02-06,56.279999,57.5,56.099998,56.740002,44.695507,8184600,0.0,0.0
2015-02-09,56.709999,57.48,56.560001,56.759998,44.711269,5431100,0.0,0.0
2015-02-10,57.040001,57.310001,56.400002,57.0,44.900322,6300200,0.0,0.0
2015-02-11,57.200001,57.290001,56.57,56.75,44.703384,5504600,0.0,0.0
2015-02-12,56.91,57.799999,56.450001,57.77,45.506863,6909200,0.0,0.0
2015-02-13,60.099998,60.790001,59.040001,59.830002,47.129585,16696400,0.0,0.0
2015-02-17,59.349998,60.200001,59.119999,60.200001,47.421043,6887300,0.0,0.0
2015-02-18,59.970001,60.25,59.639999,59.810001,47.113834,4773800,0.0,0.0
2015-02-19,59.790001,60.0,59.400002,59.540001,46.901131,5433000,0.0,0.0
2015-02-20,59.439999,59.709999,59.09,59.5,46.869629,5350800,0.0,0.0
2015-02-23,59.580002,59.75,59.09,59.669998,47.003548,4284200,0.0,0.0
2015-02-24,59.73,59.98,59.34,59.400002,46.790848,3599300,0.0,0.0
2015-02-25,59.470001,59.919998,59.369999,59.779999,47.090187,5842900,0.0,0.0
2015-02-26,59.610001,60.0,58.830002,59.139999,46.586044,4135500,0.0,0.0
2015-02-27,59.259998,59.48,58.869999,59.099998,46.554527,6354800,0.0,0.0
2015-03-02,59.25,61.860001,59.119999,61.75,48.642002,10733800,0.0,0.0
2015-03-03,61.5,63.27,61.330002,62.799999,49.46912,10016000,0.0,0.0
2015-03-04,62.509998,62.779999,61.599998,62.459999,49.201298,5399300,0.0,0.0
2015-03-05,62.470001,62.490002,61.290001,61.549999,48.484455,6736600,0.0,0.0
2015-03-06,61.380001,61.950001,60.580002,60.59,47.728241,5583800,0.0,0.0
2015-03-09,60.580002,61.02,59.529999,60.509998,47.783531,6373400,0.15,0.0
2015-03-10,60.220001,60.220001,59.220001,59.43,46.930676,4620000,0.0,0.0
2015-03-11,59.619999,59.950001,59.34,59.59,47.057026,3967200,0.0,0.0
2015-03-12,59.84,61.900002,59.830002,61.650002,48.683773,6178300,0.0,0.0
2015-03-13,61.459999,61.57,60.57,60.93,48.115192,4290400,0.0,0.0
2015-03-16,61.200001,62.200001,60.869999,62.080002,49.023327,3985000,0.0,0.0
2015-03-17,61.509998,62.02,61.150002,61.77,48.778526,4219100,0.0,0.0
2015-03-18,61.619999,63.419998,61.369999,63.110001,49.836693,5385900,0.0,0.0
2015-03-19,62.830002,63.259998,62.34,62.630001,49.457657,4105400,0.0,0.0
2015-03-20,63.220001,63.709999,62.93,63.349998,50.026215,9595800,0.0,0.0
2015-03-23,63.32,63.650002,62.57,62.68,49.497128,4033800,0.0,0.0
2015-03-24,62.549999,63.25,62.369999,62.380001,49.26022,3789100,0.0,0.0
2015-03-25,62.310001,62.459999,61.099998,61.509998,48.573204,4488700,0.0,0.0
2015-03-26,61.25,61.630001,60.759998,61.0,48.170471,4606100,0.0,0.0
2015-03-27,61.5,62.029999,61.110001,61.209999,48.336308,7933300,0.0,0.0
2015-03-30,61.43,62.07,61.41,61.869999,48.857487,3950200,0.0,0.0
2015-03-31,61.619999,61.810001,60.48,60.630001,47.878288,6534800,0.0,0.0
2015-04-01,60.43,60.73,59.09,59.619999,47.080704,7795800,0.0,0.0
2015-04-02,59.52,61.490002,59.110001,61.16,48.296814,9528400,0.0,0.0
2015-04-06,60.630001,61.720001,60.419998,60.889999,48.083599,4440100,0.0,0.0
2015-04-07,60.700001,61.52,60.700001,60.880001,48.075714,2702900,0.0,0.0
2015-04-08,61.029999,61.669998,60.799999,61.27,48.383682,3739600,0.0,0.0
2015-04-09,61.27,61.610001,60.610001,61.200001,48.328411,2954200,0.0,0.0
2015-04-10,61.470001,61.779999,61.139999,61.599998,48.644291,2789500,0.0,0.0
2015-04-13,61.689999,61.919998,61.279999,61.32,48.423172,2607200,0.0,0.0
2015-04-14,61.299999,61.619999,61.0,61.5,48.565296,2345500,0.0,0.0
2015-04-15,61.529999,62.0,61.459999,61.66,48.691654,2747100,0.0,0.0
2015-04-16,61.560001,62.09,61.360001,61.779999,48.786415,3493100,0.0,0.0
2015-04-17,61.330002,61.34,60.189999,60.68,47.917763,3899500,0.0,0.0
2015-04-20,61.110001,61.380001,60.939999,61.200001,48.328411,1915800,0.0,0.0
2015-04-21,61.380001,61.82,61.169998,61.48,48.549511,2025500,0.0,0.0
2015-04-22,61.5,61.720001,60.939999,61.57,48.620583,1594200,0.0,0.0
2015-04-23,61.59,62.080002,61.32,61.630001,48.667976,2640000,0.0,0.0
2015-04-24,62.009998,62.779999,61.720001,62.720001,49.528725,3816800,0.0,0.0
2015-04-27,62.779999,63.310001,61.650002,61.700001,48.723248,3589900,0.0,0.0
2015-04-28,61.509998,61.84,60.869999,61.599998,48.644291,2932700,0.0,0.0
2015-04-29,61.549999,63.009998,61.459999,62.77,49.568207,4079600,0.0,0.0
2015-04-30,62.5,63.040001,61.790001,62.130001,49.062805,3382300,0.0,0.0
2015-05-01,62.41,62.990002,62.0,62.630001,49.457657,2614400,0.0,0.0
2015-05-04,62.950001,63.200001,62.5,62.619999,49.44976,2656400,0.0,0.0
2015-05-05,62.669998,62.810001,61.639999,61.77,48.778526,3475200,0.0,0.0
2015-05-06,61.779999,61.869999,60.779999,61.119999,48.265236,3345300,0.0,0.0
2015-05-07,61.209999,61.599998,60.889999,61.220001,48.344196,5040800,0.0,0.0
2015-05-08,63.82,63.950001,59.68,60.82,48.028332,9050700,0.0,0.0
2015-05-11,60.900002,61.150002,59.439999,59.669998,47.120193,5981200,0.0,0.0
2015-05-12,59.439999,60.200001,58.759998,59.720001,47.159676,4536000,0.0,0.0
2015-05-13,59.77,60.139999,59.34,59.720001,47.159676,3520400,0.0,0.0
2015-05-14,60.110001,60.259998,59.52,59.639999,47.096504,2447700,0.0,0.0
2015-05-15,59.619999,60.0,59.389999,59.950001,47.341309,2853700,0.0,0.0
2015-05-18,59.98,60.950001,59.919998,60.779999,47.996742,2635900,0.0,0.0
2015-05-19,60.84,61.09,60.5,60.700001,47.933571,2531000,0.0,0.0
2015-05-20,60.889999,61.43,60.52,61.080002,48.233658,2193000,0.0,0.0
2015-05-21,60.91,62.049999,60.869999,61.810001,48.810112,2272400,0.0,0.0
2015-05-22,61.900002,61.959999,61.43,61.59,48.636379,1631600,0.0,0.0
2015-05-26,61.52,61.919998,60.5,60.68,47.917763,3269000,0.0,0.0
2015-05-27,60.759998,62.919998,60.419998,62.650002,49.473442,5527000,0.0,0.0
2015-05-28,62.360001,62.970001,61.77,62.029999,48.983845,3659700,0.0,0.0
2015-05-29,61.880001,62.080002,61.599998,61.720001,48.739048,3386100,0.0,0.0
2015-06-01,61.959999,62.389999,61.439999,61.5,48.565296,3417700,0.0,0.0
2015-06-02,61.5,62.099998,61.169998,61.650002,48.683773,2872300,0.0,0.0
2015-06-03,62.029999,62.509998,61.619999,62.220001,49.133869,4915500,0.0,0.0
2015-06-04,61.880001,62.459999,61.549999,61.740002,48.754833,3387100,0.0,0.0
2015-06-05,61.5,61.93,61.139999,61.330002,48.431076,2918200,0.0,0.0
2015-06-08,60.900002,60.970001,60.259998,60.279999,47.718601,2916100,0.15,0.0
2015-06-09,60.220001,60.34,59.130001,59.849998,47.378204,2964800,0.0,0.0
2015-06-10,60.009998,60.619999,59.34,59.490002,47.093239,5299100,0.0,0.0
2015-06-11,59.5,59.869999,58.279999,58.77,46.523262,5637000,0.0,0.0
2015-06-12,58.650002,58.880001,58.259998,58.490002,46.301617,3563700,0.0,0.0
2015-06-15,58.150002,58.450001,57.91,58.139999,46.024555,3556600,0.0,0.0
2015-06-16,58.130001,58.23,57.59,57.689999,45.668312,3490400,0.0,0.0
2015-06-17,57.709999,58.400002,57.459999,58.0,45.913723,4115900,0.0,0.0
2015-06-18,58.080002,58.75,58.080002,58.509998,46.31744,3087400,0.0,0.0
2015-06-19,58.330002,58.700001,58.0,58.060001,45.96122,4050800,0.0,0.0
2015-06-22,58.27,58.549999,58.130001,58.34,46.182865,2237400,0.0,0.0
2015-06-23,58.59,58.610001,57.869999,58.09,45.984966,2756700,0.0,0.0
2015-06-24,57.970001,58.02,56.759998,56.77,44.940041,4560900,0.0,0.0
2015-06-25,56.880001,57.549999,56.700001,57.130001,45.225014,5513700,0.0,0.0
2015-06-26,57.41,57.669998,56.810001,57.0,45.122116,4212100,0.0,0.0
2015-06-29,56.59,56.84,55.209999,55.330002,43.800106,4763400,0.0,0.0
2015-06-30,57.740002,57.740002,55.279999,55.5,43.934681,4208500,0.0,0.0
2015-07-01,55.889999,56.119999,55.439999,55.93,44.275093,3570200,0.0,0.0
2015-07-02,56.09,56.389999,55.330002,55.52,43.95052,2634600,0.0,0.0
2015-07-06,54.900002,55.16,54.610001,54.889999,43.451797,4243900,0.0,0.0
2015-07-07,54.869999,55.630001,54.18,55.580002,43.99802,5679400,0.0,0.0
2015-07-08,55.02,55.25,54.080002,54.279999,42.968922,5715600,0.0,0.0
2015-07-09,54.740002,54.939999,54.02,54.25,42.945168,6978100,0.0,0.0
2015-07-10,54.869999,55.189999,54.459999,54.849998,43.420135,4127800,0.0,0.0
2015-07-13,55.450001,55.75,55.299999,55.540001,43.966366,4667500,0.0,0.0
2015-07-14,55.439999,55.889999,55.18,55.400002,43.855522,3202900,0.0,0.0
2015-07-15,55.389999,55.799999,55.060001,55.369999,43.831776,3127000,0.0,0.0
2015-07-16,55.830002,55.91,55.349998,55.450001,43.895107,2801900,0.0,0.0
2015-07-17,55.290001,55.43,54.09,54.700001,43.301388,5474800,0.0,0.0
2015-07-20,54.360001,54.380001,53.450001,54.09,42.818508,7256600,0.0,0.0
2015-07-21,53.990002,54.41,53.610001,54.099998,42.826412,4162800,0.0,0.0
2015-07-22,53.959999,54.369999,53.529999,54.130001,42.85017,2897300,0.0,0.0
2015-07-23,54.220001,54.310001,53.549999,53.75,42.549358,2644800,0.0,0.0
2015-07-24,53.939999,54.009998,52.919998,53.040001,41.987305,3856600,0.0,0.0
2015-07-27,52.720001,53.27,52.240002,52.669998,41.694405,3172700,0.0,0.0
2015-07-28,52.970001,53.240002,52.610001,52.75,41.757748,3908500,0.0,0.0
2015-07-29,52.790001,52.98,52.360001,52.610001,41.6469,4585600,0.0,0.0
2015-07-30,52.459999,53.369999,52.330002,53.200001,42.113968,3375800,0.0,0.0
2015-07-31,53.52,54.02,53.25,53.470001,42.327709,3994800,0.0,0.0
2015-08-03,53.560001,53.610001,52.790001,53.029999,41.979389,3180100,0.0,0.0
2015-08-04,53.169998,53.57,52.57,52.860001,41.844818,3991200,0.0,0.0
2015-08-05,52.009998,52.889999,50.02,50.419998,39.913273,12661600,0.0,0.0
2015-08-06,50.0,52.369999,47.830002,52.240002,41.354027,20152100,0.0,0.0
2015-08-07,52.279999,52.490002,49.419998,50.34,39.849937,9149400,0.0,0.0
2015-08-10,50.509998,51.610001,50.470001,51.18,40.5149,4451800,0.0,0.0
2015-08-11,50.779999,51.290001,50.0,50.290001,39.810368,3741200,0.0,0.0
2015-08-12,50.07,50.330002,49.650002,50.169998,39.71537,3193000,0.0,0.0
2015-08-13,50.07,50.5,49.66,50.049999,39.620358,4970900,0.0,0.0
2015-08-14,49.939999,50.0,49.029999,49.220001,38.963345,4332800,0.0,0.0
2015-08-17,49.200001,50.040001,48.939999,50.029999,39.604538,2918900,0.0,0.0
2015-08-18,49.529999,49.740002,48.970001,49.349998,39.06625,3928800,0.0,0.0
2015-08-19,48.939999,49.09,48.369999,48.52,38.409206,3476100,0.0,0.0
2015-08-20,47.98,47.98,46.0,46.029999,36.438072,9558300,0.0,0.0
2015-08-21,45.549999,46.110001,45.09,45.09,35.69397,7892000,0.0,0.0
2015-08-24,42.349998,45.599998,40.75,43.950001,34.791527,8225300,0.0,0.0
2015-08-25,45.259998,45.360001,43.27,43.27,34.25322,10690200,0.0,0.0
2015-08-26,44.389999,44.450001,43.41,44.349998,35.108177,8199500,0.0,0.0
2015-08-27,44.830002,45.689999,44.419998,45.259998,35.828533,5580200,0.0,0.0
2015-08-28,45.200001,45.93,45.169998,45.790001,36.248085,5010500,0.0,0.0
2015-08-31,45.419998,45.490002,44.779999,45.240002,35.812702,5119000,0.0,0.0
2015-09-01,44.259998,44.869999,43.5,43.790001,34.664852,5504900,0.0,0.0
2015-09-02,44.380001,44.580002,43.459999,44.290001,35.060677,5180300,0.0,0.0
2015-09-03,44.48,44.619999,43.619999,43.810001,34.680695,4237200,0.0,0.0
2015-09-04,43.32,43.580002,42.52,42.919998,33.976151,5029000,0.0,0.0
2015-09-08,43.630001,43.919998,43.07,43.669998,34.691109,5121500,0.15,0.0
2015-09-09,44.349998,44.400002,43.290001,43.509998,34.564011,6196600,0.0,0.0
2015-09-10,44.27,44.279999,42.700001,43.939999,34.90559,8040100,0.0,0.0
2015-09-11,44.16,44.529999,43.43,43.93,34.897648,5837400,0.0,0.0
2015-09-14,43.919998,44.0,42.990002,43.279999,34.381294,4259400,0.0,0.0
2015-09-15,43.5,43.84,43.139999,43.759998,34.762608,5084500,0.0,0.0
2015-09-16,43.639999,44.110001,43.43,43.580002,34.619617,4813200,0.0,0.0
2015-09-17,43.860001,44.099998,43.279999,43.419998,34.492516,4437800,0.0,0.0
2015-09-18,42.669998,43.439999,42.630001,42.709999,33.928486,9288500,0.0,0.0
2015-09-21,42.93,43.18,42.470001,42.880001,34.063534,3576600,0.0,0.0
2015-09-22,42.360001,43.049999,42.220001,42.580002,33.825233,4843600,0.0,0.0
2015-09-23,42.639999,42.73,41.529999,41.669998,33.102329,3909100,0.0,0.0
2015-09-24,41.369999,41.369999,40.16,40.889999,32.482704,6926200,0.0,0.0
2015-09-25,41.18,41.299999,40.439999,40.77,32.387375,6323600,0.0,0.0
2015-09-28,40.540001,40.790001,38.580002,38.669998,30.719152,8789900,0.0,0.0
2015-09-29,38.66,39.610001,38.509998,38.970001,30.957474,8279700,0.0,0.0
2015-09-30,39.360001,40.049999,39.200001,39.900002,31.696251,8439000,0.0,0.0
2015-10-01,39.900002,40.18,39.34,39.470001,31.354673,7932700,0.0,0.0
2015-10-02,38.91,40.470001,38.759998,40.299999,32.014011,12399400,0.0,0.0
2015-10-05,40.5,41.84,40.5,41.639999,33.078491,7506700,0.0,0.0
2015-10-06,41.549999,42.009998,41.290001,41.34,32.840191,5090200,0.0,0.0
2015-10-07,41.810001,42.450001,41.369999,42.41,33.690174,7958100,0.0,0.0
2015-10-08,42.439999,44.110001,42.299999,43.860001,34.842041,8537500,0.0,0.0
2015-10-09,43.73,44.130001,42.959999,43.130001,34.262142,6337900,0.0,0.0
2015-10-12,43.080002,43.27,42.400002,42.619999,33.856983,3177200,0.0,0.0
2015-10-13,42.439999,42.950001,41.970001,42.34,33.634579,3407300,0.0,0.0
2015-10-14,42.439999,42.849998,42.18,42.43,33.706062,3073200,0.0,0.0
2015-10-15,42.580002,43.169998,42.189999,43.16,34.285973,3544600,0.0,0.0
2015-10-16,43.240002,43.32,42.73,43.18,34.301861,3753800,0.0,0.0
2015-10-19,42.939999,43.09,42.700001,42.919998,34.09531,4077800,0.0,0.0
2015-10-20,42.860001,44.389999,42.799999,43.950001,34.913548,6700400,0.0,0.0
2015-10-21,44.169998,44.380001,43.18,43.18,34.301861,5819700,0.0,0.0
2015-10-22,43.330002,43.950001,42.759998,43.209999,34.325699,16162100,0.0,0.0
2015-10-23,43.470001,44.57,43.43,44.490002,35.342503,9426200,0.0,0.0
2015-10-26,44.360001,44.549999,44.07,44.360001,35.239235,4125300,0.0,0.0
2015-10-27,44.650002,45.220001,44.16,44.5,35.350445,5990300,0.0,0.0
2015-10-28,44.470001,45.549999,44.310001,45.490002,36.136898,6912400,0.0,0.0
2015-10-29,45.349998,47.200001,45.099998,46.619999,37.034569,10102500,0.0,0.0
2015-10-30,46.720001,46.84,45.540001,46.52,36.955128,6026100,0.0,0.0
2015-11-02,46.639999,48.169998,46.59,47.869999,38.027557,8798600,0.0,0.0
2015-11-03,47.91,49.080002,47.630001,48.240002,38.321484,7681200,0.0,0.0
2015-11-04,49.880001,51.0,47.43,47.950001,38.09111,22368600,0.0,0.0
2015-11-05,48.09,48.470001,46.59,47.77,37.948112,8536400,0.0,0.0
2015-11-06,47.610001,48.75,46.970001,48.639999,38.639233,6796100,0.0,0.0
2015-11-09,48.290001,48.830002,47.880001,48.540001,38.559788,4588700,0.0,0.0
2015-11-10,48.25,49.82,48.25,49.75,39.521011,7263100,0.0,0.0
2015-11-11,49.799999,50.540001,49.509998,50.310001,39.965862,7736200,0.0,0.0
2015-11-12,49.970001,50.619999,49.669998,50.360001,40.005596,5798800,0.0,0.0
2015-11-13,50.110001,50.599998,49.740002,49.880001,39.624283,4225100,0.0,0.0
2015-11-16,49.700001,51.029999,49.599998,50.939999,40.466331,4750600,0.0,0.0
2015-11-17,51.029999,51.509998,50.43,50.779999,40.339233,3628100,0.0,0.0
2015-11-18,50.84,51.43,50.779999,51.310001,40.760265,4684500,0.0,0.0
2015-11-19,51.43,51.799999,51.029999,51.75,41.109802,4641100,0.0,0.0
2015-11-20,51.98,52.18,51.310001,51.689999,41.062126,4299600,0.0,0.0
2015-11-23,51.650002,51.84,50.939999,50.98,40.498108,4717800,0.0,0.0
2015-11-24,50.66,50.860001,50.310001,50.540001,40.148586,5066900,0.0,0.0
2015-11-25,50.529999,51.09,50.400002,50.98,40.498108,3954500,0.0,0.0
2015-11-27,50.709999,50.919998,50.16,50.75,40.315399,3470500,0.0,0.0
2015-11-30,50.919998,51.0,50.349998,50.48,40.100918,4352500,0.0,0.0
2015-12-01,50.759998,51.259998,50.560001,51.099998,40.593452,5217000,0.0,0.0
2015-12-02,50.990002,51.09,49.549999,50.049999,39.759315,6009800,0.0,0.0
2015-12-03,50.07,50.459999,48.830002,49.330002,39.187359,6249900,0.0,0.0
2015-12-04,49.540001,50.240002,49.029999,50.009998,39.727562,4005300,0.0,0.0
2015-12-07,49.77,50.57,49.369999,50.450001,40.077091,4531100,0.0,0.0
2015-12-08,50.02,50.330002,49.5,49.84,39.592518,4178900,0.0,0.0
2015-12-09,49.5,49.52,47.900002,48.360001,38.532784,5156500,0.15,0.0
2015-12-10,48.450001,49.049999,48.23,48.529999,38.668221,3484900,0.0,0.0
2015-12-11,47.889999,48.049999,46.740002,46.84,37.321671,6294200,0.0,0.0
2015-12-14,46.889999,47.25,45.709999,46.34,36.923264,5453800,0.0,0.0
2015-12-15,46.75,47.27,46.599998,46.830002,37.313694,3449700,0.0,0.0
2015-12-16,47.290001,47.790001,46.380001,47.5,37.847538,4698600,0.0,0.0
2015-12-17,47.57,47.720001,46.439999,46.52,37.066681,3019500,0.0,0.0
2015-12-18,46.27,46.490002,45.59,45.66,36.381451,6537500,0.0,0.0
2015-12-21,45.900002,46.18,45.369999,45.790001,36.48502,2828900,0.0,0.0
2015-12-22,45.900002,46.93,45.810001,46.610001,37.138397,4706700,0.0,0.0
2015-12-23,46.77,47.380001,46.599998,47.23,37.632412,4171600,0.0,0.0
2015-12-24,47.119999,48.02,47.110001,47.439999,37.799736,2025700,0.0,0.0
2015-12-28,47.200001,47.52,46.610001,46.830002,37.313694,2995600,0.0,0.0
2015-12-29,47.119999,47.41,46.740002,47.290001,37.680206,2523400,0.0,0.0
2015-12-30,47.16,47.459999,46.720001,46.759998,37.257904,1990200,0.0,0.0
2015-12-31,46.490002,47.52,46.34,47.130001,37.552723,3163600,0.0,0.0
2016-01-04,46.330002,46.889999,46.130001,46.650002,37.170261,5456300,0.0,0.0
2016-01-05,46.599998,46.759998,45.950001,46.119999,36.747971,4098300,0.0,0.0
2016-01-06,45.549999,46.869999,45.5,46.130001,36.755932,4444300,0.0,0.0
2016-01-07,45.34,46.389999,44.75,45.34,36.12648,6308500,0.0,0.0
2016-01-08,45.52,47.130001,45.52,46.459999,37.018867,6530900,0.0,0.0
2016-01-11,46.689999,47.07,45.669998,46.779999,37.273846,6583700,0.0,0.0
2016-01-12,47.040001,47.560001,46.419998,47.02,37.465088,3884900,0.0,0.0
2016-01-13,47.060001,47.23,44.91,44.939999,35.807751,5601500,0.0,0.0
2016-01-14,45.040001,47.330002,44.860001,46.73,37.234009,6171000,0.0,0.0
2016-01-15,45.560001,46.349998,45.080002,45.880001,36.55674,4856600,0.0,0.0
2016-01-19,46.299999,46.740002,44.919998,45.389999,36.166309,4918600,0.0,0.0
2016-01-20,44.639999,44.700001,42.18,44.02,35.074703,7172400,0.0,0.0
2016-01-21,44.02,46.459999,43.860001,45.77,36.469093,7068900,0.0,0.0
2016-01-22,46.5,47.299999,46.060001,46.939999,37.401325,4554400,0.0,0.0
2016-01-25,46.650002,46.939999,45.84,46.290001,36.883427,4575700,0.0,0.0
2016-01-26,46.700001,47.709999,46.43,47.509998,37.855507,3746000,0.0,0.0
2016-01-27,47.349998,48.41,47.0,47.34,37.720055,3955200,0.0,0.0
2016-01-28,47.759998,47.939999,45.77,46.290001,36.883427,4273900,0.0,0.0
2016-01-29,46.619999,47.799999,46.48,47.5,37.847538,3705900,0.0,0.0
2016-02-01,47.16,48.23,46.779999,47.91,38.174225,2778600,0.0,0.0
2016-02-02,47.360001,47.650002,46.529999,46.630001,37.154327,2999400,0.0,0.0
2016-02-03,47.040001,48.459999,46.66,48.259998,38.453098,5454000,0.0,0.0
2016-02-04,49.799999,50.32,47.849998,48.41,38.572609,8107700,0.0,0.0
2016-02-05,48.220001,48.540001,46.049999,46.25,36.851547,6104800,0.0,0.0
2016-02-08,45.650002,45.779999,43.349998,44.360001,35.345612,7405900,0.0,0.0
2016-02-09,43.299999,44.189999,42.59,42.650002,33.983105,7335800,0.0,0.0
2016-02-10,41.470001,43.619999,41.360001,42.880001,34.166367,7266900,0.0,0.0
2016-02-11,42.119999,43.93,41.900002,43.57,34.71616,7652900,0.0,0.0
2016-02-12,43.610001,44.040001,42.52,43.18,34.405407,6762700,0.0,0.0
2016-02-16,43.779999,45.619999,43.540001,44.919998,35.791817,6002000,0.0,0.0
2016-02-17,45.279999,46.759998,45.25,46.560001,37.09856,5567500,0.0,0.0
2016-02-18,46.490002,46.639999,45.41,45.790001,36.48502,4419300,0.0,0.0
2016-02-19,45.48,45.869999,44.900002,45.09,35.927269,5359700,0.0,0.0
2016-02-22,45.470001,46.98,45.41,46.869999,37.345554,5144600,0.0,0.0
2016-02-23,46.77,47.549999,46.369999,46.959999,37.417271,4322300,0.0,0.0
2016-02-24,46.259998,47.700001,45.779999,47.48,37.8316,4243800,0.0,0.0
2016-02-25,47.950001,48.240002,47.150002,47.639999,37.959091,3584300,0.0,0.0
2016-02-26,48.029999,48.810001,47.75,48.299999,38.484974,3897900,0.0,0.0
2016-02-29,48.299999,48.82,47.880001,48.380001,38.548717,7813500,0.0,0.0
2016-03-01,48.669998,50.279999,48.549999,50.25,40.038715,6543700,0.0,0.0
2016-03-02,49.900002,50.41,49.419998,50.150002,39.959034,3757500,0.0,0.0
2016-03-03,50.25,51.650002,50.189999,51.48,41.018764,5959000,0.0,0.0
2016-03-04,51.43,51.73,51.009998,51.400002,40.955021,4298500,0.0,0.0
2016-03-07,51.0,52.02,50.889999,52.0,41.433086,4103600,0.0,0.0
2016-03-08,51.560001,52.02,50.970001,51.18,40.779728,4530300,0.0,0.0
2016-03-09,52.73,53.099998,51.59,52.099998,41.634792,7024900,0.15,0.0
2016-03-10,52.25,52.299999,50.990002,51.779999,41.37907,3730400,0.0,0.0
2016-03-11,52.110001,53.16,52.080002,53.119999,42.449894,4393900,0.0,0.0
2016-03-14,52.689999,53.860001,52.68,53.299999,42.593758,5128600,0.0,0.0
2016-03-15,52.73,53.189999,51.830002,52.59,42.026375,6543800,0.0,0.0
2016-03-16,52.91,54.98,52.91,54.439999,43.504768,8553300,0.0,0.0
2016-03-17,54.389999,54.75,54.009998,54.25,43.352928,4781600,0.0,0.0
2016-03-18,54.490002,54.779999,54.049999,54.709999,43.720531,5924500,0.0,0.0
2016-03-21,54.619999,54.77,53.43,54.02,43.169125,4512800,0.0,0.0
2016-03-22,53.759998,54.290001,53.299999,53.860001,43.041267,2903500,0.0,0.0
2016-03-23,53.849998,53.939999,53.279999,53.5,42.753586,2674100,0.0,0.0
2016-03-24,53.0,54.18,52.75,54.060001,43.201096,3003700,0.0,0.0
2016-03-28,54.25,55.0,54.0,54.610001,43.64061,2986700,0.0,0.0
2016-03-29,54.220001,55.029999,54.02,54.900002,43.872372,3216100,0.0,0.0
2016-03-30,55.130001,55.16,54.060001,54.610001,43.64061,4020100,0.0,0.0
2016-03-31,54.689999,55.380001,54.689999,55.09,44.0242,4502500,0.0,0.0
2016-04-01,54.599998,55.400002,54.290001,55.169998,44.088139,4106800,0.0,0.0
2016-04-04,55.299999,55.650002,54.720001,54.82,43.808437,2968600,0.0,0.0
2016-04-05,54.240002,54.57,53.720001,54.259998,43.360924,3719600,0.0,0.0
2016-04-06,54.290001,54.959999,54.169998,54.849998,43.832409,2577400,0.0,0.0
2016-04-07,54.400002,54.849998,53.380001,53.580002,42.817509,4045400,0.0,0.0
2016-04-08,54.23,54.75,53.779999,54.119999,43.249043,3605600,0.0,0.0
2016-04-11,54.27,54.580002,53.419998,53.52,42.769566,2640200,0.0,0.0
2016-04-12,53.509998,53.900002,53.279999,53.580002,42.817509,2762800,0.0,0.0
2016-04-13,54.029999,54.549999,53.779999,54.290001,43.384903,4719900,0.0,0.0
2016-04-14,54.209999,54.490002,53.650002,53.66,42.881439,2896500,0.0,0.0
2016-04-15,53.599998,54.16,53.330002,53.889999,43.06525,2517100,0.0,0.0
2016-04-18,53.91,54.450001,53.75,54.130001,43.25703,2744900,0.0,0.0
2016-04-19,54.25,55.77,54.110001,54.959999,43.920315,4234600,0.0,0.0
2016-04-20,55.02,55.23,54.25,55.049999,43.992249,3390200,0.0,0.0
2016-04-21,55.189999,56.540001,54.91,55.82,44.607563,3153600,0.0,0.0
2016-04-22,55.84,57.07,55.84,56.490002,45.142979,4541200,0.0,0.0
2016-04-25,56.18,56.540001,55.75,56.290001,44.98315,2175600,0.0,0.0
2016-04-26,56.48,57.139999,56.09,56.439999,45.103039,2890100,0.0,0.0
2016-04-27,56.5,56.75,55.57,56.389999,45.063065,2905500,0.0,0.0
2016-04-28,55.950001,56.709999,55.549999,56.07,44.807343,3118900,0.0,0.0
2016-04-29,56.02,56.02,55.290001,55.91,44.679489,3590200,0.0,0.0
2016-05-02,56.02,56.650002,55.599998,56.470001,45.126999,2633500,0.0,0.0
2016-05-03,55.98,56.290001,55.349998,55.66,44.479717,5736600,0.0,0.0
2016-05-04,57.009998,57.59,55.75,56.529999,45.174969,12178700,0.0,0.0
2016-05-05,56.830002,57.889999,56.619999,57.470001,45.926144,7706700,0.0,0.0
2016-05-06,57.209999,57.73,57.009998,57.68,46.093945,4812800,0.0,0.0
2016-05-09,57.73,57.860001,55.889999,56.0,44.751423,5230700,0.0,0.0
2016-05-10,56.169998,57.02,55.889999,56.959999,45.518585,4210400,0.0,0.0
2016-05-11,56.209999,56.419998,55.389999,55.799999,44.591591,4891800,0.0,0.0
2016-05-12,56.25,56.330002,54.0,54.279999,43.376911,6142100,0.0,0.0
2016-05-13,54.220001,54.599998,53.470001,53.5,42.753586,3857400,0.0,0.0
2016-05-16,53.549999,54.049999,53.119999,53.650002,42.873463,3093700,0.0,0.0
2016-05-17,53.630001,54.43,53.240002,53.459999,42.721619,4637900,0.0,0.0
2016-05-18,53.23,53.310001,51.919998,52.279999,41.778633,5420500,0.0,0.0
2016-05-19,52.139999,52.240002,51.32,52.099998,41.634792,4529500,0.0,0.0
2016-05-20,52.349998,53.34,52.34,52.740002,42.14624,3329400,0.0,0.0
2016-05-23,52.560001,53.299999,52.41,52.439999,41.906498,2194800,0.0,0.0
2016-05-24,52.82,53.639999,52.599998,53.369999,42.649681,3520700,0.0,0.0
2016-05-25,53.470001,54.48,53.450001,53.93,43.097206,3670900,0.0,0.0
2016-05-26,53.869999,54.77,53.509998,54.349998,43.432854,3213700,0.0,0.0
2016-05-27,54.32,55.110001,54.099998,54.869999,43.8484,2711000,0.0,0.0
2016-05-31,55.0,55.290001,54.720001,55.200001,44.11211,3682100,0.0,0.0
2016-06-01,55.200001,55.200001,54.560001,55.169998,44.088139,3676300,0.0,0.0
2016-06-02,55.009998,55.549999,54.849998,55.400002,44.271946,2867000,0.0,0.0
2016-06-03,54.970001,55.0,53.720001,54.389999,43.464802,4480900,0.0,0.0
2016-06-06,54.529999,54.689999,53.77,54.029999,43.177116,4848100,0.0,0.0
2016-06-07,54.09,54.189999,53.459999,53.509998,42.761581,5634400,0.0,0.0
2016-06-08,53.43,53.889999,53.189999,53.529999,42.897808,3613100,0.15,0.0
2016-06-09,53.27,53.349998,52.560001,53.0,42.47308,4158800,0.0,0.0
2016-06-10,52.509998,52.830002,51.990002,52.73,42.256702,3342600,0.0,0.0
2016-06-13,52.619999,53.139999,52.09,52.110001,41.75985,3561100,0.0,0.0
2016-06-14,52.150002,52.950001,52.07,52.82,42.328823,2866400,0.0,0.0
2016-06-15,52.849998,53.669998,52.830002,53.200001,42.633358,2578600,0.0,0.0
2016-06-16,52.900002,54.669998,52.360001,54.48,43.659122,4980000,0.0,0.0
2016-06-17,54.290001,54.490002,53.549999,53.73,43.058079,5029800,0.0,0.0
2016-06-20,54.439999,54.939999,53.990002,54.02,43.290493,4229000,0.0,0.0
2016-06-21,54.029999,54.09,52.82,53.439999,42.82568,3064300,0.0,0.0
2016-06-22,53.669998,54.150002,53.299999,53.650002,42.993977,2772200,0.0,0.0
2016-06-23,54.119999,54.200001,53.200001,53.689999,43.026024,2794200,0.0,0.0
2016-06-24,51.540001,52.639999,51.32,51.650002,41.391212,6412000,0.0,0.0
2016-06-27,50.990002,51.439999,50.529999,50.889999,40.782162,4134900,0.0,0.0
2016-06-28,51.360001,52.200001,51.240002,52.07,41.727791,4298900,0.0,0.0
2016-06-29,52.5,53.049999,52.27,52.759998,42.280746,2404100,0.0,0.0
2016-06-30,53.279999,54.439999,52.970001,54.439999,43.627071,4332100,0.0,0.0
2016-07-01,54.439999,55.700001,54.349998,54.860001,43.963646,3519500,0.0,0.0
2016-07-05,54.580002,54.790001,54.130001,54.669998,43.81139,2483300,0.0,0.0
2016-07-06,54.459999,55.16,54.139999,55.09,44.147953,3220200,0.0,0.0
2016-07-07,55.27,56.110001,55.139999,56.110001,44.965351,3400800,0.0,0.0
2016-07-08,56.549999,57.110001,56.25,57.080002,45.742702,3434500,0.0,0.0
2016-07-11,57.25,57.790001,57.02,57.529999,46.103333,3101800,0.0,0.0
2016-07-12,57.720001,58.150002,57.669998,57.939999,46.431885,2454300,0.0,0.0
2016-07-13,58.009998,58.169998,57.290001,57.509998,46.087292,2778000,0.0,0.0
2016-07-14,58.049999,58.220001,57.650002,57.939999,46.431885,2665400,0.0,0.0
2016-07-15,56.91,57.150002,55.689999,55.849998,44.757,6783000,0.0,0.0
2016-07-18,55.900002,55.959999,54.669998,54.689999,43.827408,6549600,0.0,0.0
2016-07-19,54.599998,55.220001,54.099998,54.98,44.059811,4140400,0.0,0.0
2016-07-20,55.209999,55.209999,54.27,54.529999,43.699184,2980000,0.0,0.0
2016-07-21,54.630001,55.009998,53.779999,53.950001,43.234394,4795500,0.0,0.0
2016-07-22,54.200001,55.18,54.009998,55.150002,44.196041,4887700,0.0,0.0
2016-07-25,54.91,55.299999,54.389999,54.419998,43.611034,3309000,0.0,0.0
2016-07-26,54.41,54.810001,53.959999,54.439999,43.627071,3375300,0.0,0.0
2016-07-27,54.610001,54.93,54.060001,54.099998,43.354591,3674300,0.0,0.0
2016-07-28,53.900002,54.799999,53.630001,54.209999,43.442745,6528900,0.0,0.0
2016-07-29,53.09,53.299999,51.959999,52.220001,41.848011,8271100,0.0,0.0
2016-08-01,52.25,52.720001,52.0,52.099998,41.751835,4117500,0.0,0.0
2016-08-02,51.990002,52.349998,51.68,51.91,41.599571,4397300,0.0,0.0
2016-08-03,51.91,52.669998,51.77,52.09,41.74382,3633700,0.0,0.0
2016-08-04,52.0,52.580002,51.639999,51.830002,41.535458,3226600,0.0,0.0
2016-08-05,52.009998,52.240002,51.73,52.169998,41.807926,2536700,0.0,0.0
2016-08-08,52.310001,52.330002,51.790001,52.009998,41.679714,3679700,0.0,0.0
2016-08-09,51.900002,52.169998,51.66,51.849998,41.551483,2903800,0.0,0.0
2016-08-10,51.990002,52.41,51.77,52.049999,41.711761,2269800,0.0,0.0
2016-08-11,52.200001,53.040001,52.200001,52.919998,42.408966,2993700,0.0,0.0
2016-08-12,52.650002,52.880001,52.139999,52.349998,41.952187,2509000,0.0,0.0
2016-08-15,52.450001,52.599998,52.279999,52.279999,41.89608,2177100,0.0,0.0
2016-08-16,52.189999,52.330002,51.59,51.59,41.343132,4211200,0.0,0.0
2016-08-17,51.619999,51.880001,51.439999,51.75,41.471352,4225200,0.0,0.0
2016-08-18,51.740002,52.07,51.48,51.529999,41.295033,2395600,0.0,0.0
2016-08-19,51.380001,51.880001,51.119999,51.849998,41.551483,3344000,0.0,0.0
2016-08-22,51.77,52.830002,51.549999,52.68,42.216637,4234000,0.0,0.0
2016-08-23,52.880001,53.0,52.540001,52.799999,42.312801,4050600,0.0,0.0
2016-08-24,52.68,52.959999,52.200001,52.380001,41.976231,2631700,0.0,0.0
2016-08-25,52.25,52.360001,51.66,51.689999,41.423267,3134600,0.0,0.0
2016-08-26,51.73,52.09,51.16,51.439999,41.222912,3205600,0.0,0.0
2016-08-29,51.459999,51.740002,51.259998,51.459999,41.238949,2300900,0.0,0.0
2016-08-30,51.419998,51.52,51.07,51.27,41.086689,2659000,0.0,0.0
2016-08-31,51.029999,51.48,50.959999,51.029999,40.894356,2298600,0.0,0.0
2016-09-01,51.150002,52.07,51.049999,52.040001,41.703747,4210800,0.0,0.0
2016-09-02,52.290001,52.779999,52.119999,52.220001,41.848011,1844300,0.0,0.0
2016-09-06,52.23,52.32,51.18,51.75,41.471352,4087800,0.0,0.0
2016-09-07,51.48,53.0,51.32,52.619999,42.315739,5012300,0.18,0.0
2016-09-08,52.48,53.41,52.369999,53.360001,42.910828,4518500,0.0,0.0
2016-09-09,52.900002,52.919998,51.91,51.91,41.744766,5288500,0.0,0.0
2016-09-12,51.630001,53.130001,51.599998,52.759998,42.428326,4733400,0.0,0.0
2016-09-13,52.459999,52.459999,51.57,51.84,41.688496,4605800,0.0,0.0
2016-09-14,51.830002,52.540001,51.73,52.139999,41.929733,2171800,0.0,0.0
2016-09-15,52.07,52.52,51.77,52.240002,42.010147,2826600,0.0,0.0
2016-09-16,51.98,52.349998,51.130001,51.790001,41.648277,6386700,0.0,0.0
2016-09-19,51.740002,51.950001,50.959999,51.080002,41.077312,3319300,0.0,0.0
2016-09-20,51.900002,51.900002,49.16,49.970001,40.184669,8364400,0.0,0.0
2016-09-21,49.860001,50.299999,48.880001,50.080002,40.273125,7149900,0.0,0.0
2016-09-22,49.950001,50.369999,49.860001,50.07,40.265095,3814200,0.0,0.0
2016-09-23,49.73,51.080002,49.73,50.91,40.940598,4052200,0.0,0.0
2016-09-26,51.599998,51.610001,50.759998,51.130001,41.117508,4567800,0.0,0.0
2016-09-27,51.07,52.09,50.84,52.049999,41.857346,4383800,0.0,0.0
2016-09-28,52.09,54.419998,51.540001,54.150002,43.546131,11189700,0.0,0.0
2016-09-29,54.02,55.919998,53.57,54.57,43.883881,12488800,0.0,0.0
2016-09-30,54.82,54.959999,54.110001,54.740002,44.020588,8244000,0.0,0.0
2016-10-03,54.389999,55.029999,54.349998,54.93,44.173389,3130000,0.0,0.0
2016-10-04,55.5,56.400002,55.290001,55.549999,44.671982,5893300,0.0,0.0
2016-10-05,56.060001,56.849998,55.610001,56.41,45.363571,5608800,0.0,0.0
2016-10-06,56.240002,56.610001,55.669998,56.209999,45.202728,3971500,0.0,0.0
2016-10-07,56.57,56.790001,54.91,55.220001,44.406605,4099200,0.0,0.0
2016-10-10,55.41,56.110001,55.389999,55.73,44.816723,2728000,0.0,0.0
2016-10-11,55.650002,55.82,54.959999,55.450001,44.591564,4396700,0.0,0.0
2016-10-12,55.5,55.560001,54.900002,55.150002,44.350304,3792900,0.0,0.0
2016-10-13,54.709999,55.419998,54.369999,55.240002,44.422684,2529600,0.0,0.0
2016-10-14,55.630001,56.0,55.029999,55.110001,44.318134,2916600,0.0,0.0
2016-10-17,55.049999,55.610001,54.93,55.389999,44.543312,3586000,0.0,0.0
2016-10-18,56.130001,56.290001,55.060001,55.099998,44.310089,3747600,0.0,0.0
2016-10-19,55.330002,57.43,55.040001,55.529999,44.655888,4288500,0.0,0.0
2016-10-20,55.400002,57.0,55.27,56.490002,45.427898,6348700,0.0,0.0
2016-10-21,56.360001,58.349998,56.360001,57.66,46.368786,10802100,0.0,0.0
2016-10-24,58.0,58.189999,56.32,56.349998,45.315323,5624100,0.0,0.0
2016-10-25,56.380001,56.759998,55.91,55.990002,45.025806,4292300,0.0,0.0
2016-10-26,55.889999,57.029999,55.650002,56.779999,45.661102,4272600,0.0,0.0
2016-10-27,57.130001,57.290001,55.959999,56.41,45.363571,5563300,0.0,0.0
2016-10-28,56.349998,57.23,56.349998,56.540001,45.468102,3067700,0.0,0.0
2016-10-31,56.68,57.119999,56.48,56.619999,45.532433,2901000,0.0,0.0
2016-11-01,56.490002,56.619999,55.299999,55.830002,44.897141,4337600,0.0,0.0
2016-11-02,55.919998,56.060001,55.029999,55.150002,44.350304,4722100,0.0,0.0
2016-11-03,55.389999,56.369999,55.25,55.5,44.631771,5024800,0.0,0.0
2016-11-04,57.439999,57.599998,56.43,57.009998,45.846066,7193400,0.0,0.0
2016-11-07,57.709999,59.720001,57.34,57.619999,46.336624,5486000,0.0,0.0
2016-11-08,57.5,58.43,57.419998,57.73,46.425083,4962500,0.0,0.0
2016-11-09,56.400002,57.740002,56.25,57.419998,46.175774,5032400,0.0,0.0
2016-11-10,57.43,57.950001,57.060001,57.150002,45.958652,4305600,0.0,0.0
2016-11-11,56.950001,58.040001,56.950001,57.740002,46.433121,7195900,0.0,0.0
2016-11-14,57.889999,59.080002,57.66,58.860001,47.333801,5251100,0.0,0.0
2016-11-15,58.849998,59.470001,58.540001,59.209999,47.615253,5003700,0.0,0.0
2016-11-16,59.0,59.580002,58.849998,59.380001,47.751976,3754200,0.0,0.0
2016-11-17,59.330002,60.139999,59.200001,60.07,48.306858,3630900,0.0,0.0
2016-11-18,59.950001,60.52,59.919998,60.0,48.250557,5428300,0.0,0.0
2016-11-21,60.080002,60.700001,59.970001,60.290001,48.483768,5571500,0.0,0.0
2016-11-22,60.32,61.34,60.139999,60.93,48.99844,5325100,0.0,0.0
2016-11-23,60.290001,60.419998,59.75,60.009998,48.258583,3703600,0.0,0.0
2016-11-25,59.900002,60.93,59.849998,60.919998,48.990398,1191400,0.0,0.0
2016-11-28,60.709999,61.110001,60.439999,60.490002,48.644611,2527000,0.0,0.0
2016-11-29,60.48,61.259998,60.330002,61.0,49.054718,3811400,0.0,0.0
2016-11-30,60.970001,61.330002,60.439999,60.720001,48.829575,3763900,0.0,0.0
2016-12-01,60.740002,61.200001,60.27,60.57,48.708939,3900700,0.0,0.0
2016-12-02,60.57,60.880001,59.869999,60.18,48.395302,4842600,0.0,0.0
2016-12-05,60.41,61.310001,60.09,60.990002,49.046692,3621900,0.0,0.0
2016-12-06,61.0,61.349998,60.959999,61.150002,49.175362,4390200,0.0,0.0
2016-12-07,60.93,63.650002,60.66,63.439999,51.167542,4828500,0.18,0.0
2016-12-08,63.650002,63.900002,63.200001,63.580002,51.28046,4220800,0.0,0.0
2016-12-09,63.529999,64.040001,62.150002,62.560001,50.457783,5665900,0.0,0.0
2016-12-12,62.040001,64.230003,59.32,62.18,50.151291,18385400,0.0,0.0
2016-12-13,62.450001,63.439999,62.220001,63.060001,50.861053,4681900,0.0,0.0
2016-12-14,63.150002,64.550003,63.150002,63.639999,51.328846,5244400,0.0,0.0
2016-12-15,63.720001,64.599998,63.400002,64.029999,51.643398,3899900,0.0,0.0
2016-12-16,64.25,65.089996,64.080002,64.540001,52.054737,7637600,0.0,0.0
2016-12-19,64.849998,64.879997,64.040001,64.339996,51.893433,3443500,0.0,0.0
2016-12-20,64.559998,64.970001,64.379997,64.620003,52.11927,4011800,0.0,0.0
2016-12-21,64.550003,64.949997,64.400002,64.629997,52.127338,1672500,0.0,0.0
2016-12-22,64.480003,65.0,64.330002,64.5,52.02248,2437500,0.0,0.0
2016-12-23,64.550003,64.800003,64.470001,64.669998,52.159595,1550200,0.0,0.0
2016-12-27,64.709999,64.959999,64.57,64.849998,52.304775,1457700,0.0,0.0
2016-12-28,64.809998,64.959999,64.449997,64.5,52.02248,2027000,0.0,0.0
2016-12-29,64.589996,64.980003,64.480003,64.5,52.02248,1583700,0.0,0.0
2016-12-30,64.550003,64.709999,63.240002,63.619999,51.312725,3811600,0.0,0.0
2017-01-03,65.410004,65.699997,63.810001,64.389999,51.933754,3553800,0.0,0.0
2017-01-04,64.660004,66.879997,64.5,65.739998,53.022591,5365500,0.0,0.0
2017-01-05,65.669998,65.839996,65.010002,65.480003,52.812916,4186500,0.0,0.0
2017-01-06,65.5,65.5,64.150002,64.290001,51.8531,5275500,0.0,0.0
2017-01-09,64.129997,64.300003,63.34,63.48,51.199802,3595700,0.0,0.0
2017-01-10,63.490002,63.66,62.330002,62.689999,50.56263,6017300,0.0,0.0
2017-01-11,62.82,63.080002,62.16,62.98,50.796516,4293900,0.0,0.0
2017-01-12,62.639999,62.810001,61.950001,62.360001,50.296455,4385800,0.0,0.0
2017-01-13,62.209999,62.82,62.139999,62.32,50.264198,2641200,0.0,0.0
2017-01-17,62.23,62.52,61.990002,62.259998,50.215805,3905000,0.0,0.0
2017-01-18,62.5,63.529999,62.200001,63.490002,51.207878,3815900,0.0,0.0
2017-01-19,63.369999,63.459999,62.450001,62.630001,50.514236,2727600,0.0,0.0
2017-01-20,63.360001,63.580002,62.57,63.490002,51.207878,3989300,0.0,0.0
2017-01-23,63.310001,63.509998,62.91,63.259998,51.022346,3401300,0.0,0.0
2017-01-24,63.360001,63.360001,62.849998,62.98,50.796516,3951500,0.0,0.0
2017-01-25,63.400002,63.889999,62.689999,63.0,50.81266,4805300,0.0,0.0
2017-01-26,63.040001,64.370003,62.669998,64.160004,51.748264,4382200,0.0,0.0
2017-01-27,64.269997,64.940002,63.860001,64.739998,52.216045,1982400,0.0,0.0
2017-01-30,64.709999,64.730003,63.790001,64.400002,51.941814,2217400,0.0,0.0
2017-01-31,64.010002,64.809998,63.939999,64.489998,52.014416,3523900,0.0,0.0
2017-02-01,64.82,65.199997,64.32,64.599998,52.103134,2123200,0.0,0.0
2017-02-02,64.489998,65.349998,64.040001,64.139999,51.732124,2919900,0.0,0.0
2017-02-03,64.290001,64.699997,63.84,64.150002,51.740192,2236500,0.0,0.0
2017-02-06,64.330002,65.129997,64.150002,64.669998,52.159595,3849900,0.0,0.0
2017-02-07,64.82,64.93,64.169998,64.470001,51.998287,2256500,0.0,0.0
2017-02-08,64.470001,64.470001,63.240002,63.509998,51.223999,3600500,0.0,0.0
2017-02-09,63.650002,64.559998,63.560001,64.379997,51.925694,2414900,0.0,0.0
2017-02-10,64.559998,64.82,64.199997,64.400002,51.941814,3838100,0.0,0.0
2017-02-13,64.639999,65.419998,64.5,65.300003,52.667728,3109100,0.0,0.0
2017-02-14,64.970001,65.550003,64.470001,65.330002,52.691914,3044200,0.0,0.0
2017-02-15,65.379997,65.739998,65.160004,65.239998,52.619316,3541300,0.0,0.0
2017-02-16,65.190002,65.589996,64.080002,65.419998,52.764511,5978400,0.0,0.0
2017-02-17,65.139999,66.139999,64.980003,65.690002,52.982277,6926100,0.0,0.0
2017-02-21,65.610001,67.809998,65.589996,67.459999,54.40987,5234900,0.0,0.0
2017-02-22,67.620003,68.139999,67.089996,67.120003,54.135647,2751800,0.0,0.0
2017-02-23,67.510002,67.599998,66.169998,66.309998,53.482334,3856000,0.0,0.0
2017-02-24,65.900002,66.970001,65.82,66.970001,54.014656,2099900,0.0,0.0
2017-02-27,66.900002,67.190002,66.18,66.230003,53.417812,3057800,0.0,0.0
2017-02-28,66.050003,66.199997,65.739998,65.919998,53.167774,4249900,0.0,0.0
2017-03-01,66.5,67.980003,66.389999,67.260002,54.248562,4397600,0.0,0.0
2017-03-02,67.370003,67.739998,66.760002,67.150002,54.159847,2828900,0.0,0.0
2017-03-03,66.980003,68.489998,66.870003,68.239998,55.038979,6603000,0.0,0.0
2017-03-06,67.980003,68.589996,67.360001,67.989998,54.837349,5327300,0.0,0.0
2017-03-07,67.769997,68.239998,67.470001,67.940002,54.797009,2439500,0.0,0.0
2017-03-08,67.870003,68.360001,67.589996,68.010002,54.999184,2018800,0.18,0.0
2017-03-09,67.559998,68.089996,67.18,67.699997,54.748486,2476800,0.0,0.0
2017-03-10,68.059998,68.220001,67.120003,67.410004,54.513985,2732900,0.0,0.0
2017-03-13,67.540001,68.059998,67.330002,67.910004,54.918308,1936100,0.0,0.0
2017-03-14,67.68,68.360001,67.650002,68.010002,54.999184,2194200,0.0,0.0
2017-03-15,68.150002,68.489998,67.459999,68.18,55.136662,2271700,0.0,0.0
2017-03-16,68.160004,68.5,67.150002,67.300003,54.425007,2790800,0.0,0.0
2017-03-17,67.419998,67.57,66.82,66.949997,54.141972,4081800,0.0,0.0
2017-03-20,67.019997,67.25,66.550003,66.910004,54.109634,2737600,0.0,0.0
2017-03-21,67.169998,67.400002,65.860001,65.970001,53.349449,2693600,0.0,0.0
2017-03-22,66.099998,66.529999,65.660004,66.120003,53.470764,2351500,0.0,0.0
2017-03-23,66.32,67.330002,66.169998,66.730003,53.964058,2534400,0.0,0.0
2017-03-24,66.82,67.239998,66.610001,66.900002,54.101528,2088100,0.0,0.0
2017-03-27,66.400002,67.739998,66.089996,67.489998,54.578659,2807000,0.0,0.0
2017-03-28,67.32,67.989998,66.790001,67.769997,54.805107,2425000,0.0,0.0
2017-03-29,67.589996,68.290001,67.199997,68.25,55.193256,2075500,0.0,0.0
2017-03-30,68.089996,69.599998,68.019997,69.339996,56.074738,2753600,0.0,0.0
2017-03-31,69.160004,69.459999,68.690002,69.360001,56.090912,2828700,0.0,0.0
2017-04-03,69.370003,69.809998,68.610001,68.860001,55.686584,2267600,0.0,0.0
2017-04-04,68.68,69.260002,68.470001,69.199997,55.961533,1952900,0.0,0.0
2017-04-05,69.279999,70.099998,69.059998,69.510002,56.212231,2876700,0.0,0.0
2017-04-06,69.440002,69.440002,68.580002,68.879997,55.702736,2407500,0.0,0.0
2017-04-07,68.870003,69.080002,68.279999,68.669998,55.532928,2046800,0.0,0.0
2017-04-10,68.620003,68.980003,68.160004,68.220001,55.169014,1648000,0.0,0.0
2017-04-11,68.150002,68.32,67.610001,68.029999,55.015366,1835300,0.0,0.0
2017-04-12,67.800003,67.900002,67.059998,67.160004,54.311783,2290600,0.0,0.0
2017-04-13,67.230003,67.360001,66.449997,66.459999,53.745705,2419700,0.0,0.0
2017-04-17,66.75,67.190002,66.589996,67.18,54.327965,1728400,0.0,0.0
2017-04-18,66.989998,68.589996,66.720001,68.389999,55.306492,3540900,0.0,0.0
2017-04-19,68.629997,69.309998,68.379997,68.57,55.452057,2728200,0.0,0.0
2017-04-20,68.739998,68.93,68.080002,68.669998,55.532928,2045400,0.0,0.0
2017-04-21,68.620003,68.779999,66.370003,66.839996,54.053005,5890900,0.0,0.0
2017-04-24,67.199997,67.529999,65.419998,65.949997,53.333282,4313600,0.0,0.0
2017-04-25,65.720001,66.75,65.68,66.410004,53.705276,3066000,0.0,0.0
2017-04-26,66.400002,67.199997,66.360001,66.910004,54.109634,2114600,0.0,0.0
2017-04-27,67.220001,67.349998,66.080002,66.339996,53.64867,2236200,0.0,0.0
2017-04-28,66.550003,66.739998,66.0,66.559998,53.826591,2376100,0.0,0.0
2017-05-01,66.889999,66.970001,65.970001,66.650002,53.899372,2158100,0.0,0.0
2017-05-02,66.68,67.0,65.419998,65.660004,53.098755,3277000,0.0,0.0
2017-05-03,65.410004,65.879997,62.25,63.459999,51.31963,6579500,0.0,0.0
2017-05-04,63.09,64.239998,61.080002,63.849998,51.635033,9512300,0.0,0.0
2017-05-05,65.300003,66.0,64.309998,65.199997,52.726757,4726300,0.0,0.0
2017-05-08,65.32,65.699997,63.09,63.369999,51.246857,4997700,0.0,0.0
2017-05-09,63.400002,63.849998,62.099998,63.560001,51.40052,3169600,0.0,0.0
2017-05-10,63.09,63.09,61.939999,62.529999,50.567543,4436400,0.0,0.0
2017-05-11,62.470001,63.02,62.0,62.75,50.745461,2636900,0.0,0.0
2017-05-12,62.630001,62.93,62.009998,62.200001,50.300686,1877200,0.0,0.0
2017-05-15,62.209999,62.68,61.82,62.080002,50.20364,2132500,0.0,0.0
2017-05-16,62.310001,62.419998,60.810001,61.200001,49.491993,3622400,0.0,0.0
2017-05-17,61.200001,61.220001,60.290001,60.380001,48.828865,3608000,0.0,0.0
2017-05-18,60.529999,61.139999,60.25,60.380001,48.828865,4385300,0.0,0.0
2017-05-19,60.529999,61.869999,60.099998,61.66,49.863991,4054400,0.0,0.0
2017-05-22,61.689999,62.130001,61.41,62.049999,50.179375,2633400,0.0,0.0
2017-05-23,61.970001,62.040001,61.349998,61.470001,49.710335,1581400,0.0,0.0
2017-05-24,61.639999,61.950001,61.299999,61.610001,49.823555,1645300,0.0,0.0
2017-05-25,61.849998,62.5,61.490002,61.599998,49.815464,2479900,0.0,0.0
2017-05-26,61.599998,61.68,61.200001,61.57,49.791203,2002100,0.0,0.0
2017-05-30,61.599998,61.77,61.34,61.52,49.750778,1672600,0.0,0.0
2017-05-31,61.599998,61.830002,60.900002,61.110001,49.419205,3762300,0.0,0.0
2017-06-01,61.16,62.049999,60.82,61.73,49.920605,3283900,0.0,0.0
2017-06-02,61.75,62.150002,61.200001,61.299999,49.572861,3125200,0.0,0.0
2017-06-05,61.049999,61.09,59.720001,60.34,48.79652,4019200,0.0,0.0
2017-06-06,60.080002,61.52,59.779999,60.869999,49.225117,3670400,0.0,0.0
2017-06-07,60.919998,61.439999,60.720001,61.169998,49.614437,2031600,0.18,0.0
2017-06-08,61.169998,61.169998,60.009998,60.349998,48.949341,2128200,0.0,0.0
2017-06-09,60.290001,60.830002,59.720001,60.709999,49.241341,2543100,0.0,0.0
2017-06-12,60.82,63.369999,60.82,62.650002,50.814846,4753200,0.0,0.0
2017-06-13,62.459999,62.73,61.810001,61.849998,50.165981,2515900,0.0,0.0
2017-06-14,61.790001,61.959999,60.509998,60.740002,49.265667,2695100,0.0,0.0
2017-06-15,60.720001,61.610001,60.48,61.509998,49.890209,2378800,0.0,0.0
2017-06-16,61.599998,62.25,60.939999,62.23,50.474194,3595400,0.0,0.0
2017-06-19,62.169998,62.599998,61.939999,62.240002,50.482315,2030400,0.0,0.0
2017-06-20,62.029999,62.290001,60.509998,60.66,49.200787,2577300,0.0,0.0
2017-06-21,60.66,63.150002,60.299999,62.529999,50.717522,5826900,0.0,0.0
2017-06-22,62.27,63.41,62.080002,62.549999,50.733742,3926000,0.0,0.0
2017-06-23,62.389999,63.830002,62.110001,63.610001,51.593494,4268000,0.0,0.0
2017-06-26,63.77,64.720001,63.73,64.360001,52.201813,3226200,0.0,0.0
2017-06-27,64.279999,64.989998,64.0,64.019997,51.926041,2348700,0.0,0.0
2017-06-28,64.410004,65.230003,64.209999,65.150002,52.842583,2497200,0.0,0.0
2017-06-29,65.029999,65.220001,63.23,63.549999,51.544849,2615200,0.0,0.0
2017-06-30,63.889999,64.18,63.34,63.779999,51.731392,2391200,0.0,0.0
2017-07-03,64.169998,64.870003,63.919998,64.160004,52.039619,988500,0.0,0.0
2017-07-05,64.080002,64.32,63.25,63.27,51.317738,1589200,0.0,0.0
2017-07-06,63.200001,63.209999,62.02,62.07,50.344429,1805200,0.0,0.0
2017-07-07,62.240002,63.139999,61.950001,62.810001,50.944626,1836300,0.0,0.0
2017-07-10,62.779999,63.82,62.779999,63.700001,51.666515,1658800,0.0,0.0
2017-07-11,63.610001,64.07,63.150002,63.77,51.723282,1903500,0.0,0.0
2017-07-12,63.990002,64.389999,63.220001,63.369999,51.398846,1360500,0.0,0.0
2017-07-13,63.450001,63.880001,62.799999,63.09,51.171745,1672700,0.0,0.0
2017-07-14,63.18,64.330002,62.98,63.950001,51.86927,1426700,0.0,0.0
2017-07-17,63.939999,64.620003,63.549999,64.599998,52.396492,1371100,0.0,0.0
2017-07-18,64.620003,64.620003,63.650002,64.199997,52.072056,1445200,0.0,0.0
2017-07-19,65.169998,66.529999,64.32,64.980003,52.704704,2876600,0.0,0.0
2017-07-20,65.0,66.339996,64.769997,65.860001,53.418446,2851900,0.0,0.0
2017-07-21,65.720001,65.919998,65.099998,65.830002,53.394127,1808100,0.0,0.0
2017-07-24,65.889999,66.5,65.57,66.260002,53.742905,1628400,0.0,0.0
2017-07-25,66.360001,66.379997,65.559998,66.080002,53.596893,1671700,0.0,0.0
2017-07-26,66.330002,67.290001,66.25,66.620003,54.034893,2016200,0.0,0.0
2017-07-27,67.040001,68.75,67.040001,67.559998,54.797318,3487300,0.0,0.0
2017-07-28,67.379997,67.629997,67.0,67.43,54.691875,1523800,0.0,0.0
2017-07-31,67.470001,67.620003,65.75,65.830002,53.394127,2921200,0.0,0.0
2017-08-01,66.07,66.629997,65.949997,66.080002,53.596893,2535000,0.0,0.0
2017-08-02,65.580002,65.739998,63.75,64.809998,52.566826,3634200,0.0,0.0
2017-08-03,64.860001,65.339996,64.290001,64.830002,52.583038,1948200,0.0,0.0
2017-08-04,64.379997,64.629997,63.389999,63.619999,51.60162,2440900,0.0,0.0
2017-08-07,63.490002,64.629997,63.049999,64.519997,52.331585,4139900,0.0,0.0
2017-08-08,65.760002,66.660004,64.559998,65.699997,53.288685,4540700,0.0,0.0
2017-08-09,65.120003,65.57,62.700001,65.349998,53.00481,5345800,0.0,0.0
2017-08-10,65.199997,66.5,65.199997,66.190002,53.686111,3893800,0.0,0.0
2017-08-11,66.169998,67.169998,66.07,66.709999,54.107899,2770900,0.0,0.0
2017-08-14,67.169998,67.57,66.279999,66.279999,53.759098,2256300,0.0,0.0
2017-08-15,66.419998,66.910004,65.860001,66.699997,54.099777,2092900,0.0,0.0
2017-08-16,66.849998,66.940002,66.160004,66.519997,53.953789,1808600,0.0,0.0
2017-08-17,66.449997,67.110001,65.580002,65.690002,53.280571,2756400,0.0,0.0
2017-08-18,65.769997,65.839996,64.779999,64.800003,52.558704,1922100,0.0,0.0
2017-08-21,64.919998,65.239998,64.690002,65.010002,52.729027,1357400,0.0,0.0
2017-08-22,65.110001,65.940002,64.870003,65.650002,53.248146,1237300,0.0,0.0
2017-08-23,65.269997,65.5,64.349998,64.720001,52.493824,1972600,0.0,0.0
2017-08-24,64.900002,65.099998,63.98,63.98,51.893612,2233300,0.0,0.0
2017-08-25,64.099998,64.68,63.75,63.889999,51.820614,1792200,0.0,0.0
2017-08-28,64.129997,64.629997,63.540001,63.75,51.707066,1301400,0.0,0.0
2017-08-29,63.349998,63.75,63.040001,63.27,51.317738,2210800,0.0,0.0
2017-08-30,63.259998,64.550003,63.040001,64.510002,52.323486,2319800,0.0,0.0
2017-08-31,64.57,64.989998,64.010002,64.059998,51.958492,1508700,0.0,0.0
2017-09-01,64.230003,64.690002,64.019997,64.339996,52.185589,977400,0.0,0.0
2017-09-05,64.099998,64.510002,63.310001,63.639999,51.61784,1735200,0.0,0.0
2017-09-06,63.82,63.82,61.84,61.98,50.271423,3733200,0.0,0.0
2017-09-07,61.970001,61.990002,59.25,60.5,49.213932,6183500,0.18,0.0
2017-09-08,60.240002,60.389999,58.68,59.419998,48.335403,5201400,0.0,0.0
2017-09-11,59.790001,59.919998,57.919998,58.0,47.180302,5047200,0.0,0.0
2017-09-12,58.060001,59.450001,57.630001,58.82,47.847328,3633800,0.0,0.0
2017-09-13,59.0,60.599998,59.0,60.509998,49.222073,3588600,0.0,0.0
2017-09-14,60.080002,60.16,57.59,58.150002,47.302326,5421800,0.0,0.0
2017-09-15,57.889999,58.830002,57.889999,58.23,47.367393,4953000,0.0,0.0
2017-09-18,58.34,58.810001,57.450001,57.720001,46.952545,2822900,0.0,0.0
2017-09-19,57.830002,58.990002,57.439999,58.849998,47.871727,4056800,0.0,0.0
2017-09-20,58.91,59.389999,58.669998,59.049999,48.034428,1793700,0.0,0.0
2017-09-21,59.0,59.150002,58.549999,58.790001,47.822922,1581800,0.0,0.0
2017-09-22,58.73,59.259998,58.279999,59.23,48.180851,1988800,0.0,0.0
2017-09-25,59.400002,60.740002,59.259998,60.099998,48.888554,4654900,0.0,0.0
2017-09-26,60.0,60.209999,57.990002,58.0,47.180302,3754800,0.0,0.0
2017-09-27,58.049999,58.66,57.470001,58.209999,47.351116,4550400,0.0,0.0
2017-09-28,57.970001,58.200001,56.919998,56.919998,46.301765,3646600,0.0,0.0
2017-09-29,57.060001,58.099998,56.91,58.0,47.180302,5982400,0.0,0.0
2017-10-02,58.369999,58.709999,57.599998,58.549999,47.627705,3511800,0.0,0.0
2017-10-03,58.439999,59.040001,58.150002,58.889999,47.904285,3557900,0.0,0.0
2017-10-04,58.810001,60.139999,58.66,59.970001,48.78281,4218000,0.0,0.0
2017-10-05,59.91,60.279999,58.509998,58.900002,47.912415,3967300,0.0,0.0
2017-10-06,58.779999,58.880001,57.93,58.299999,47.424335,2351600,0.0,0.0
2017-10-09,58.349998,58.490002,57.84,57.919998,47.115223,1262500,0.0,0.0
2017-10-10,58.32,58.509998,57.119999,57.389999,46.684097,2848200,0.0,0.0
2017-10-11,57.330002,57.389999,56.360001,57.099998,46.448196,4973400,0.0,0.0
2017-10-12,56.599998,57.27,56.369999,56.509998,45.968258,3856900,0.0,0.0
2017-10-13,56.439999,57.32,56.220001,57.0,46.366848,2700000,0.0,0.0
2017-10-16,56.990002,57.599998,56.580002,56.900002,46.2855,2987600,0.0,0.0
2017-10-17,56.740002,56.939999,56.349998,56.66,46.090279,2288600,0.0,0.0
2017-10-18,56.709999,57.84,56.509998,56.959999,46.334312,3243000,0.0,0.0
2017-10-19,56.849998,57.889999,56.700001,57.830002,47.042019,1966800,0.0,0.0
2017-10-20,58.349998,59.27,58.209999,58.919998,47.928684,7969000,0.0,0.0
2017-10-23,58.82,58.82,57.84,57.950001,47.139633,3632400,0.0,0.0
2017-10-24,57.650002,58.110001,56.900002,56.939999,46.318043,4457100,0.0,0.0
2017-10-25,56.950001,57.459999,56.549999,57.23,46.553944,2564000,0.0,0.0
2017-10-26,57.09,58.009998,56.759998,57.040001,46.399387,6161200,0.0,0.0
2017-10-27,57.07,57.18,55.509998,56.75,46.16349,4937000,0.0,0.0
2017-10-30,56.509998,57.240002,56.119999,56.119999,45.651009,4882200,0.0,0.0
2017-10-31,56.189999,56.450001,55.799999,56.119999,45.651009,5025200,0.0,0.0
2017-11-01,56.209999,56.709999,55.740002,56.189999,45.707947,7009100,0.0,0.0
2017-11-02,56.07,56.07,54.0,54.459999,44.300667,12759700,0.0,0.0
2017-11-03,53.959999,56.200001,52.75,55.400002,45.065319,15150100,0.0,0.0
2017-11-06,55.200001,57.25,54.619999,56.959999,46.334312,10498200,0.0,0.0
2017-11-07,57.169998,59.25,57.130001,57.610001,46.863064,15637200,0.0,0.0
2017-11-08,57.369999,57.84,56.599998,57.25,46.570213,12565600,0.0,0.0
2017-11-09,56.799999,58.700001,56.669998,58.080002,47.245373,12348700,0.0,0.0
2017-11-10,58.509998,58.900002,56.48,56.740002,46.15535,17567300,0.0,0.0
2017-11-13,56.580002,56.740002,55.32,55.919998,45.488319,21413800,0.0,0.0
2017-11-14,55.919998,56.75,54.700001,56.41,45.886921,23062500,0.0,0.0
2017-11-15,56.330002,56.75,55.630001,56.040001,45.585926,29475700,0.0,0.0
2017-11-16,55.669998,57.599998,55.650002,56.400002,45.878788,29783800,0.0,0.0
2017-11-17,56.299999,57.25,55.16,56.740002,46.15535,29535500,0.0,0.0
2017-11-20,56.639999,57.290001,55.860001,55.93,45.496464,10854900,0.0,0.0
2017-11-21,55.889999,56.869999,55.779999,56.740002,46.15535,14975100,0.0,0.0
2017-11-22,56.639999,57.220001,55.860001,56.240002,45.748627,6799800,0.0,0.0
2017-11-24,56.5,56.959999,56.209999,56.540001,45.992664,3207800,0.0,0.0
2017-11-27,56.73,56.75,55.490002,55.959999,45.520863,6221700,0.0,0.0
2017-11-28,55.869999,55.869999,54.41,54.759998,44.54472,7858600,0.0,0.0
2017-11-29,54.790001,56.75,54.560001,56.540001,45.992664,7724100,0.0,0.0
2017-11-30,56.529999,56.84,55.610001,56.060001,45.602222,6163500,0.0,0.0
2017-12-01,55.889999,57.290001,55.509998,57.110001,46.456337,5410500,0.0,0.0
2017-12-04,57.57,60.139999,57.509998,60.099998,48.888554,6750900,0.0,0.0
2017-12-05,60.16,60.290001,58.080002,58.099998,47.261642,4501100,0.0,0.0
2017-12-06,58.349998,58.619999,57.310001,57.43,46.716644,2798000,0.0,0.0
2017-12-07,57.290001,58.099998,57.040001,57.200001,46.529533,2964500,0.0,0.0
2017-12-08,57.150002,57.700001,56.580002,57.470001,46.89674,2519800,0.18,0.0
2017-12-11,57.869999,57.900002,56.91,57.68,47.068115,4317100,0.0,0.0
2017-12-12,57.84,58.139999,57.18,57.970001,47.304764,3253400,0.0,0.0
2017-12-13,57.889999,58.150002,57.130001,57.169998,46.651947,3145200,0.0,0.0
2017-12-14,58.0,58.57,57.509998,58.130001,47.435329,4458600,0.0,0.0
2017-12-15,58.48,59.119999,58.200001,58.900002,48.063663,4760000,0.0,0.0
2017-12-18,59.09,59.57,58.580002,59.0,48.145256,3653000,0.0,0.0
2017-12-19,59.049999,60.009998,59.0,59.459999,48.520638,3018800,0.0,0.0
2017-12-20,59.849998,60.470001,58.84,60.080002,49.026562,5498500,0.0,0.0
2017-12-21,60.049999,60.77,59.77,60.529999,49.393772,5008500,0.0,0.0
2017-12-22,60.360001,60.66,59.959999,60.169998,49.10001,2404500,0.0,0.0
2017-12-26,59.869999,60.419998,59.869999,60.189999,49.116318,1647800,0.0,0.0
2017-12-27,60.349998,60.380001,58.970001,59.290001,48.381916,3696300,0.0,0.0
2017-12-28,59.310001,59.59,58.939999,59.259998,48.35743,2136800,0.0,0.0
2017-12-29,59.290001,59.439999,58.869999,59.0,48.145256,2335000,0.0,0.0
2018-01-02,58.189999,59.549999,58.189999,59.169998,48.283985,3177600,0.0,0.0
2018-01-03,59.200001,59.41,58.759998,59.200001,48.308475,2966100,0.0,0.0
2018-01-04,59.43,59.5,57.419998,58.0,47.329243,6646500,0.0,0.0
2018-01-05,58.259998,58.290001,57.389999,57.580002,46.986511,3169300,0.0,0.0
2018-01-08,57.580002,57.639999,56.43,56.759998,46.317364,3633100,0.0,0.0
2018-01-09,56.639999,56.860001,55.869999,55.990002,45.689034,5276600,0.0,0.0
2018-01-10,56.240002,57.25,55.68,56.66,46.235775,3773400,0.0,0.0
2018-01-11,56.849998,57.889999,56.830002,57.779999,47.149712,3483100,0.0,0.0
2018-01-12,57.779999,59.450001,57.259998,58.830002,48.006538,6280300,0.0,0.0
2018-01-16,59.189999,60.200001,58.450001,59.43,48.496155,5830900,0.0,0.0
2018-01-17,59.529999,61.0,58.029999,58.900002,48.063663,5879400,0.0,0.0
2018-01-18,59.279999,61.59,59.02,60.0,48.961281,7368900,0.0,0.0
2018-01-19,59.990002,60.189999,57.669998,57.75,47.125237,6221100,0.0,0.0
2018-01-22,57.18,58.259998,56.560001,58.25,47.533245,6673900,0.0,0.0
2018-01-23,58.049999,58.529999,57.16,57.52,46.93755,4838900,0.0,0.0
2018-01-24,57.759998,59.279999,57.610001,59.23,48.332951,3909400,0.0,0.0
2018-01-25,59.290001,60.099998,58.470001,59.27,48.365585,4618600,0.0,0.0
2018-01-26,59.59,60.07,59.41,60.0,48.961281,2829300,0.0,0.0
2018-01-29,59.310001,59.529999,58.59,58.73,47.924946,4499700,0.0,0.0
2018-01-30,58.540001,59.290001,58.360001,58.400002,47.655647,2663100,0.0,0.0
2018-01-31,58.5,59.130001,57.150002,57.610001,47.011009,4435100,0.0,0.0
2018-02-01,57.66,59.59,57.66,58.93,48.088135,3933300,0.0,0.0
2018-02-02,59.080002,59.09,55.290001,55.400002,45.207577,7625900,0.0,0.0
2018-02-05,55.25,56.18,53.990002,54.080002,44.130428,4686600,0.0,0.0
2018-02-06,53.099998,54.82,52.880001,53.810001,43.910122,4368500,0.0,0.0
2018-02-07,53.91,54.900002,53.299999,53.439999,43.608173,4062200,0.0,0.0
2018-02-08,53.549999,53.970001,51.740002,51.799999,42.269917,4790100,0.0,0.0
2018-02-09,52.080002,53.240002,50.630001,52.759998,43.053288,4509500,0.0,0.0
2018-02-12,53.189999,53.59,52.720001,53.16,43.379704,4591400,0.0,0.0
2018-02-13,53.029999,54.700001,52.98,54.669998,44.611889,4698700,0.0,0.0
2018-02-14,54.27,56.099998,54.060001,55.849998,45.574795,4108200,0.0,0.0
2018-02-15,56.07,57.07,55.439999,56.740002,46.301056,5333700,0.0,0.0
2018-02-16,57.0,57.48,55.02,55.389999,45.199425,5503900,0.0,0.0
2018-02-20,55.209999,56.759998,55.099998,56.25,45.901211,3267500,0.0,0.0
2018-02-21,55.849998,56.240002,55.32,55.380001,45.191265,2638100,0.0,0.0
2018-02-22,55.740002,56.060001,54.189999,54.32,44.326286,2833200,0.0,0.0
2018-02-23,54.689999,55.200001,54.240002,55.119999,44.979099,2855600,0.0,0.0
2018-02-26,55.25,55.82,54.73,55.68,45.436073,1982100,0.0,0.0
2018-02-27,55.599998,56.080002,54.130001,54.150002,44.187557,2437000,0.0,0.0
2018-02-28,54.189999,54.439999,52.950001,52.970001,43.224651,3082300,0.0,0.0
2018-03-01,53.049999,53.16,51.650002,52.110001,42.522877,2594600,0.0,0.0
2018-03-02,51.900002,53.439999,51.77,53.32,43.510258,3411000,0.0,0.0
2018-03-05,53.099998,53.799999,53.0,53.41,43.583702,2390300,0.0,0.0
2018-03-06,53.459999,53.75,52.07,53.23,43.436825,3460600,0.0,0.0
2018-03-07,52.889999,53.07,51.799999,52.110001,42.522877,3806000,0.0,0.0
2018-03-08,52.0,52.75,52.0,52.66,43.120632,2106100,0.18,0.0
2018-03-09,52.889999,53.200001,50.540001,52.18,42.727585,8606600,0.0,0.0
2018-03-12,52.279999,52.84,52.099998,52.290001,42.817646,8704400,0.0,0.0
2018-03-13,52.450001,52.700001,51.73,51.900002,42.498302,5230500,0.0,0.0
2018-03-14,51.779999,52.119999,51.080002,51.27,41.98243,3215900,0.0,0.0
2018-03-15,51.450001,51.779999,50.630001,51.040001,41.794106,2536900,0.0,0.0
2018-03-16,51.139999,51.700001,50.93,50.950001,41.720402,5182600,0.0,0.0
2018-03-19,50.959999,51.259998,50.139999,50.810001,41.605766,4029900,0.0,0.0
2018-03-20,50.91,51.0,50.080002,50.259998,41.155399,2609300,0.0,0.0
2018-03-21,50.25,51.220001,50.110001,50.869999,41.654888,2815200,0.0,0.0
2018-03-22,50.490002,50.939999,50.23,50.259998,41.155399,2488200,0.0,0.0
2018-03-23,50.389999,50.950001,49.240002,49.27,40.34473,2825800,0.0,0.0
2018-03-26,49.860001,51.759998,49.610001,51.689999,42.326336,4735100,0.0,0.0
2018-03-27,52.02,52.799999,51.630001,52.349998,42.866795,4267400,0.0,0.0
2018-03-28,52.43,53.43,51.650002,51.880001,42.481937,3730200,0.0,0.0
2018-03-29,51.900002,52.080002,50.650002,51.389999,42.080688,4046100,0.0,0.0
2018-04-02,51.400002,51.509998,50.330002,50.709999,41.523876,3175200,0.0,0.0
2018-04-03,51.689999,53.009998,51.09,52.860001,43.284405,5425400,0.0,0.0
2018-04-04,51.919998,53.889999,51.59,53.790001,44.045937,6509000,0.0,0.0
2018-04-05,53.700001,53.869999,52.529999,52.880001,43.300777,6397700,0.0,0.0
2018-04-06,52.639999,53.310001,52.150002,52.84,43.268024,3243100,0.0,0.0
2018-04-09,52.98,53.27,52.599998,52.849998,43.276211,2654300,0.0,0.0
2018-04-10,53.09,53.209999,52.080002,52.119999,42.678436,3985500,0.0,0.0
2018-04-11,51.740002,52.34,50.169998,51.009998,41.769535,6767600,0.0,0.0
2018-04-12,51.150002,51.25,49.650002,50.060001,40.991619,6522500,0.0,0.0
2018-04-13,50.18,51.349998,49.77,50.07,40.999821,2951200,0.0,0.0
2018-04-16,50.330002,51.16,49.880001,50.900002,41.679455,3181000,0.0,0.0
2018-04-17,51.07,51.599998,50.540001,51.139999,41.875988,2222100,0.0,0.0
2018-04-18,51.310001,51.849998,51.150002,51.169998,41.900547,1281300,0.0,0.0
2018-04-19,51.259998,51.990002,50.93,50.950001,41.720402,2446800,0.0,0.0
2018-04-20,51.0,51.02,49.040001,49.330002,40.393864,4512600,0.0,0.0
2018-04-23,49.360001,50.029999,49.220001,49.709999,40.705036,2307700,0.0,0.0
2018-04-24,49.950001,50.59,49.580002,49.950001,40.901562,2477700,0.0,0.0
2018-04-25,49.939999,50.82,49.689999,50.419998,41.2864,2375900,0.0,0.0
2018-04-26,50.369999,50.59,49.869999,50.029999,40.967064,1746600,0.0,0.0
2018-04-27,50.189999,50.279999,49.470001,49.970001,40.917934,4060600,0.0,0.0
2018-04-30,50.18,50.18,49.150002,49.200001,40.287415,2281500,0.0,0.0
2018-05-01,49.139999,49.639999,48.529999,49.610001,40.623142,2262100,0.0,0.0
2018-05-02,49.52,50.060001,48.860001,48.990002,40.115448,2429600,0.0,0.0
2018-05-03,48.93,49.119999,47.540001,48.740002,39.910736,3956000,0.0,0.0
2018-05-04,50.0,53.279999,49.380001,53.169998,43.53825,8772500,0.0,0.0
2018-05-07,52.970001,53.02,51.540001,52.419998,42.924118,4782000,0.0,0.0
2018-05-08,52.419998,52.73,50.880001,51.27,41.98243,2854300,0.0,0.0
2018-05-09,51.290001,51.919998,50.990002,51.439999,42.121624,1655800,0.0,0.0
2018-05-10,51.68,52.389999,51.349998,52.32,42.842224,1764900,0.0,0.0
2018-05-11,52.34,52.59,51.939999,52.52,43.006001,2489500,0.0,0.0
2018-05-14,53.099998,55.470001,52.57,53.650002,43.931297,9292700,0.0,0.0
2018-05-15,54.369999,55.5,53.970001,54.419998,44.561813,6122300,0.0,0.0
2018-05-16,54.52,54.630001,53.41,53.830002,44.078686,4001100,0.0,0.0
2018-05-17,53.099998,53.900002,49.950001,51.610001,42.260841,11988700,0.0,0.0
2018-05-18,51.619999,52.650002,51.349998,51.75,42.375484,5355000,0.0,0.0
2018-05-21,52.360001,52.580002,51.830002,52.0,42.580185,3564000,0.0,0.0
2018-05-22,52.029999,52.279999,51.490002,51.52,42.187145,1980400,0.0,0.0
2018-05-23,51.189999,51.43,50.369999,50.509998,41.360107,3718300,0.0,0.0
2018-05-24,50.720001,50.889999,50.25,50.599998,41.433811,2515400,0.0,0.0
2018-05-25,50.630001,51.439999,50.619999,50.970001,41.736771,1987300,0.0,0.0
2018-05-29,50.68,50.970001,50.060001,50.27,41.163589,3026600,0.0,0.0
2018-05-30,50.66,51.509998,50.299999,51.23,41.949684,3598500,0.0,0.0
2018-05-31,51.0,51.099998,49.860001,50.369999,41.245468,5211500,0.0,0.0
2018-06-01,50.5,50.560001,49.869999,49.98,40.926128,2107900,0.0,0.0
2018-06-04,50.099998,50.18,49.950001,50.110001,41.032558,2444400,0.0,0.0
2018-06-05,50.299999,50.43,49.880001,50.23,41.130829,2243600,0.0,0.0
2018-06-06,50.389999,50.799999,49.790001,50.639999,41.466549,4369200,0.0,0.0
2018-06-07,50.75,51.599998,50.549999,51.009998,41.918549,4457600,0.18,0.0
2018-06-08,51.0,51.43,50.939999,51.130001,42.017147,1985100,0.0,0.0
2018-06-11,51.07,52.349998,51.049999,51.990002,42.723869,4556600,0.0,0.0
2018-06-12,52.220001,52.459999,51.950001,52.380001,43.044361,1987300,0.0,0.0
2018-06-13,54.099998,55.02,53.549999,54.259998,44.589287,6966000,0.0,0.0
2018-06-14,54.59,55.34,54.580002,55.119999,45.296001,2948800,0.0,0.0
2018-06-15,55.16,56.349998,55.16,56.110001,46.109558,4680700,0.0,0.0
2018-06-18,56.0,56.950001,55.939999,56.310001,46.273918,4023700,0.0,0.0
2018-06-19,55.709999,56.740002,55.549999,56.459999,46.397194,3480400,0.0,0.0
2018-06-20,57.0,58.5,57.0,58.200001,47.827061,4075200,0.0,0.0
2018-06-21,57.869999,58.169998,56.240002,56.400002,46.347874,3639100,0.0,0.0
2018-06-22,56.779999,56.990002,56.369999,56.700001,46.594398,5465000,0.0,0.0
2018-06-25,56.630001,56.970001,55.619999,56.240002,46.2164,3253700,0.0,0.0
2018-06-26,56.110001,56.27,55.389999,55.860001,45.904133,2412900,0.0,0.0
2018-06-27,56.139999,56.59,55.639999,55.709999,45.780842,2490400,0.0,0.0
2018-06-28,56.0,56.259998,55.110001,56.130001,46.125999,2239000,0.0,0.0
2018-06-29,56.119999,56.75,55.799999,56.220001,46.199966,2435400,0.0,0.0
2018-07-02,55.970001,56.290001,55.5,55.98,46.002731,1766700,0.0,0.0
2018-07-03,56.080002,56.349998,55.509998,55.639999,45.723324,888100,0.0,0.0
2018-07-05,55.98,56.959999,55.860001,56.900002,46.758759,2020000,0.0,0.0
2018-07-06,57.060001,58.25,57.0,58.150002,47.785976,2642000,0.0,0.0
2018-07-09,58.200001,58.41,57.34,58.369999,47.96677,2437100,0.0,0.0
2018-07-10,58.580002,58.939999,57.900002,58.740002,48.270824,2454300,0.0,0.0
2018-07-11,58.389999,59.59,57.990002,59.299999,48.731007,4434200,0.0,0.0
2018-07-12,59.450001,59.52,59.009998,59.119999,48.583096,1718500,0.0,0.0
2018-07-13,58.900002,59.060001,58.59,59.009998,48.492699,1143900,0.0,0.0
2018-07-16,59.009998,59.07,58.419998,58.830002,48.344788,2507100,0.0,0.0
2018-07-17,58.400002,58.810001,57.630001,58.02,47.679146,1850900,0.0,0.0
2018-07-18,58.02,58.560001,57.880001,58.220001,47.84351,2103000,0.0,0.0
2018-07-19,58.209999,58.369999,57.419998,57.439999,47.202522,1645700,0.0,0.0
2018-07-20,57.34,57.369999,56.459999,57.23,47.029942,2313400,0.0,0.0
2018-07-23,57.25,57.349998,56.799999,56.869999,46.734112,1256900,0.0,0.0
2018-07-24,57.349998,57.439999,56.290001,56.66,46.561546,2123300,0.0,0.0
2018-07-25,56.799999,57.330002,56.509998,57.310001,47.095695,2324500,0.0,0.0
2018-07-26,57.549999,58.52,57.529999,57.529999,47.276478,1492700,0.0,0.0
2018-07-27,57.799999,57.869999,53.209999,54.009998,44.383839,15397800,0.0,0.0
2018-07-30,53.290001,53.450001,50.91,51.279999,42.140415,15733900,0.0,0.0
2018-07-31,51.400002,52.970001,51.009998,52.669998,43.282669,10900200,0.0,0.0
2018-08-01,52.68,53.0,52.009998,52.549999,43.184055,4070600,0.0,0.0
2018-08-02,52.450001,52.959999,51.619999,52.720001,43.323765,5450500,0.0,0.0
2018-08-03,52.200001,53.189999,51.209999,53.16,43.685341,8242700,0.0,0.0
2018-08-06,52.91,52.990002,52.299999,52.849998,43.430592,3676000,0.0,0.0
2018-08-07,52.950001,53.799999,52.700001,53.220001,43.734653,3220700,0.0,0.0
2018-08-08,53.150002,53.5,53.009998,53.16,43.685341,1969800,0.0,0.0
2018-08-09,53.299999,54.790001,53.130001,53.57,44.022266,4561500,0.0,0.0
2018-08-10,53.209999,53.32,52.419998,52.52,43.159405,2406400,0.0,0.0
2018-08-13,52.580002,52.889999,52.080002,52.209999,42.904663,1734900,0.0,0.0
2018-08-14,52.490002,52.779999,52.279999,52.57,43.2005,1103900,0.0,0.0
2018-08-15,52.240002,52.889999,51.869999,52.799999,43.3895,2286100,0.0,0.0
2018-08-16,53.0,53.439999,52.790001,52.98,43.537426,1432000,0.0,0.0
2018-08-17,52.970001,53.560001,52.900002,53.220001,43.734653,1525900,0.0,0.0
2018-08-20,53.450001,53.709999,53.200001,53.560001,44.01405,1074700,0.0,0.0
2018-08-21,53.700001,54.290001,53.529999,53.970001,44.350967,2038200,0.0,0.0
2018-08-22,54.0,54.0,53.299999,53.380001,43.866135,1389300,0.0,0.0
2018-08-23,53.279999,53.439999,52.689999,52.880001,43.45525,1729000,0.0,0.0
2018-08-24,52.939999,53.439999,52.900002,53.099998,43.636036,1149500,0.0,0.0
2018-08-27,53.330002,53.759998,53.259998,53.66,44.096226,2139000,0.0,0.0
2018-08-28,53.639999,53.869999,53.259998,53.389999,43.874348,1247800,0.0,0.0
2018-08-29,53.540001,54.119999,53.119999,53.889999,44.285225,1665400,0.0,0.0
2018-08-30,53.700001,53.779999,52.709999,53.009998,43.562065,1839800,0.0,0.0
2018-08-31,52.849998,53.25,52.759998,53.02,43.57029,1708100,0.0,0.0
2018-09-04,52.84,52.889999,52.240002,52.59,43.216919,1984300,0.0,0.0
2018-09-05,53.290001,53.709999,52.580002,52.950001,43.512775,3906100,0.0,0.0
2018-09-06,51.5,55.66,51.5,54.619999,44.88512,9002800,0.0,0.0
2018-09-07,54.849998,57.150002,54.509998,56.060001,46.220791,6751700,0.18,0.0
2018-09-10,56.23,56.25,53.869999,55.200001,45.511726,11239800,0.0,0.0
2018-09-11,54.68,55.84,54.68,55.400002,45.676628,4247400,0.0,0.0
2018-09-12,55.259998,55.669998,54.799999,55.139999,45.462265,4065200,0.0,0.0
2018-09-13,55.400002,56.720001,55.349998,56.209999,46.344475,3297300,0.0,0.0
2018-09-14,56.209999,56.529999,55.41,55.849998,46.047646,3179600,0.0,0.0
2018-09-17,55.900002,56.59,55.389999,56.279999,46.402191,3617100,0.0,0.0
2018-09-18,56.189999,56.330002,55.389999,55.669998,45.899246,2459500,0.0,0.0
2018-09-19,55.77,56.380001,55.470001,55.970001,46.146591,5072100,0.0,0.0
2018-09-20,56.009998,56.869999,55.939999,56.700001,46.748455,2436200,0.0,0.0
2018-09-21,56.490002,56.939999,56.290001,56.740002,46.781441,6121100,0.0,0.0
2018-09-24,56.740002,57.040001,56.130001,56.580002,46.649529,3679300,0.0,0.0
2018-09-25,56.700001,56.799999,56.369999,56.549999,46.624794,3346500,0.0,0.0
2018-09-26,56.77,57.189999,56.23,56.5,46.583569,4972100,0.0,0.0
2018-09-27,56.439999,56.740002,55.900002,56.549999,46.624794,2364500,0.0,0.0
2018-09-28,56.41,57.580002,56.110001,57.450001,47.366833,2744500,0.0,0.0
2018-10-01,57.509998,57.529999,55.470001,55.759998,45.973442,3608800,0.0,0.0
2018-10-02,55.810001,56.610001,55.75,56.509998,46.591816,3806500,0.0,0.0
2018-10-03,56.639999,56.639999,55.650002,55.91,46.09713,4171400,0.0,0.0
2018-10-04,55.77,56.34,55.540001,56.02,46.187817,3498500,0.0,0.0
2018-10-05,56.279999,56.549999,55.189999,55.32,45.61068,2042600,0.0,0.0
2018-10-08,55.080002,57.490002,54.669998,57.049999,47.037033,6315900,0.0,0.0
2018-10-09,57.0,58.529999,56.669998,57.380001,47.309135,4638100,0.0,0.0
2018-10-10,57.439999,57.439999,55.439999,55.529999,45.783817,3121600,0.0,0.0
2018-10-11,55.549999,55.66,53.689999,53.82,44.373943,3846200,0.0,0.0
2018-10-12,54.380001,54.779999,53.669998,54.32,44.786179,2642000,0.0,0.0
2018-10-15,53.939999,54.93,53.939999,54.360001,44.819168,1717700,0.0,0.0
2018-10-16,54.619999,55.290001,54.169998,55.049999,45.388058,5031600,0.0,0.0
2018-10-17,55.119999,56.16,54.970001,55.860001,46.055901,2680800,0.0,0.0
2018-10-18,55.869999,56.939999,55.860001,56.169998,46.311481,2763300,0.0,0.0
2018-10-19,56.450001,57.41,56.200001,57.200001,47.160721,2503700,0.0,0.0
2018-10-22,57.040001,57.380001,56.09,56.799999,46.830917,2145000,0.0,0.0
2018-10-23,56.02,56.57,55.380001,56.259998,46.385696,1708500,0.0,0.0
2018-10-24,56.119999,56.369999,53.16,53.279999,43.928711,6433500,0.0,0.0
2018-10-25,53.860001,55.07,53.279999,54.68,45.082993,3905200,0.0,0.0
2018-10-26,53.91,54.75,53.310001,53.830002,44.382179,3053700,0.0,0.0
2018-10-29,54.369999,55.25,53.34,54.130001,44.629532,2760900,0.0,0.0
2018-10-30,54.349998,56.27,54.060001,56.240002,46.369209,2670900,0.0,0.0
2018-10-31,56.66,57.939999,56.400002,57.349998,47.284382,2610500,0.0,0.0
2018-11-01,57.52,59.16,57.419998,58.490002,48.224304,4528600,0.0,0.0
2018-11-02,57.360001,59.560001,55.75,56.169998,46.311481,4739600,0.0,0.0
2018-11-05,56.490002,57.709999,56.16,57.299999,47.243156,2643600,0.0,0.0
2018-11-06,57.18,58.02,56.700001,57.790001,47.64716,1604400,0.0,0.0
2018-11-07,58.080002,58.080002,56.5,57.810001,47.663643,1947300,0.0,0.0
2018-11-08,57.810001,58.48,57.459999,57.919998,47.754337,1570200,0.0,0.0
2018-11-09,57.950001,58.380001,57.139999,57.549999,47.449276,1836200,0.0,0.0
2018-11-12,57.619999,57.950001,57.110001,57.130001,47.103004,1798700,0.0,0.0
2018-11-13,57.07,57.77,56.860001,56.970001,46.971085,1211300,0.0,0.0
2018-11-14,57.32,57.619999,56.610001,56.959999,46.962833,1723800,0.0,0.0
2018-11-15,56.639999,57.310001,55.689999,57.299999,47.243156,1230700,0.0,0.0
2018-11-16,57.119999,57.799999,56.52,57.490002,47.399807,1411100,0.0,0.0
2018-11-19,57.32,57.57,54.869999,54.970001,45.322105,5419400,0.0,0.0
2018-11-20,54.09,54.459999,52.16,52.880001,43.598923,4395200,0.0,0.0
2018-11-21,53.389999,54.23,53.200001,53.73,44.29974,3039700,0.0,0.0
2018-11-23,53.450001,54.450001,53.32,53.919998,44.456398,943400,0.0,0.0
2018-11-26,54.459999,54.48,53.52,53.720001,44.291492,1551100,0.0,0.0
2018-11-27,53.66,54.130001,53.540001,54.119999,44.621288,2332800,0.0,0.0
2018-11-28,54.5,55.369999,54.349998,55.139999,45.462265,1964300,0.0,0.0
2018-11-29,54.650002,55.75,54.5,55.349998,45.635406,1926500,0.0,0.0
2018-11-30,55.490002,55.490002,53.810001,54.18,44.670773,3397100,0.0,0.0
2018-12-03,54.48,54.84,52.52,53.509998,44.118351,3357900,0.0,0.0
2018-12-04,53.610001,53.91,51.259998,51.349998,42.337467,3842300,0.0,0.0
2018-12-06,51.02,51.349998,50.27,51.310001,42.304478,3657800,0.0,0.0
2018-12-07,51.049999,51.57,50.549999,51.099998,42.131344,2836100,0.0,0.0
2018-12-10,50.919998,51.110001,49.369999,49.759998,41.171558,3784700,0.18,0.0
2018-12-11,50.009998,50.68,48.23,48.240002,39.913898,3967700,0.0,0.0
2018-12-12,48.540001,49.400002,48.540001,48.66,40.261402,5318000,0.0,0.0
2018-12-13,49.049999,49.369999,47.470001,47.91,39.64085,4603600,0.0,0.0
2018-12-14,47.68,48.48,47.450001,48.049999,39.756695,3553900,0.0,0.0
2018-12-17,47.919998,47.990002,46.57,46.82,38.738979,4309100,0.0,0.0
2018-12-18,47.400002,47.5,45.830002,46.200001,38.225986,5371800,0.0,0.0
2018-12-19,46.189999,47.0,45.16,45.369999,37.539257,4693900,0.0,0.0
2018-12-20,45.049999,45.330002,43.43,44.139999,36.521542,3356500,0.0,0.0
2018-12-21,44.490002,45.41,43.099998,43.360001,35.876171,5068200,0.0,0.0
2018-12-24,42.639999,43.419998,42.0,42.02,34.767452,1921300,0.0,0.0
2018-12-26,42.240002,43.369999,41.380001,43.369999,35.884449,4512900,0.0,0.0
2018-12-27,42.77,43.369999,41.580002,43.369999,35.884449,4001900,0.0,0.0
2018-12-28,43.610001,44.099998,43.060001,43.41,35.917545,3553600,0.0,0.0
2018-12-31,43.75,43.84,42.810001,43.720001,36.174038,3278900,0.0,0.0
2019-01-02,43.619999,45.75,43.34,45.66,37.779202,4704600,0.0,0.0
2019-01-03,45.330002,46.689999,45.130001,46.130001,38.168072,5106600,0.0,0.0
2019-01-04,46.599998,47.349998,46.169998,47.169998,39.028576,3917700,0.0,0.0
2019-01-07,47.130001,48.279999,46.869999,47.669998,39.442265,3413800,0.0,0.0
2019-01-08,48.009998,48.669998,47.25,48.369999,40.021461,3219900,0.0,0.0
2019-01-09,48.470001,48.490002,47.700001,47.799999,39.549835,3239600,0.0,0.0
2019-01-10,47.630001,48.099998,47.200001,47.849998,39.591209,3106100,0.0,0.0
2019-01-11,47.84,48.32,47.57,47.970001,39.690498,2636100,0.0,0.0
2019-01-14,47.709999,48.369999,47.439999,47.93,39.657398,1998300,0.0,0.0
2019-01-15,47.880001,48.279999,47.639999,47.799999,39.549835,2360900,0.0,0.0
2019-01-16,47.869999,48.23,47.57,47.810001,39.558109,4400600,0.0,0.0
2019-01-17,48.720001,49.130001,48.200001,48.77,40.352417,6261500,0.0,0.0
2019-01-18,49.029999,49.73,48.860001,49.240002,40.741291,3277300,0.0,0.0
2019-01-22,49.099998,49.220001,48.240002,48.459999,40.095928,3263500,0.0,0.0
2019-01-23,48.759998,49.43,48.139999,48.450001,40.087646,2437300,0.0,0.0
2019-01-24,48.459999,49.09,48.279999,48.98,40.526169,2220100,0.0,0.0
2019-01-25,49.299999,49.5,48.889999,49.169998,40.683376,1735300,0.0,0.0
2019-01-28,48.950001,50.34,48.720001,50.049999,41.411491,3265700,0.0,0.0
2019-01-29,49.889999,50.610001,49.560001,50.360001,41.667992,2226500,0.0,0.0
2019-01-30,50.299999,50.639999,48.630001,49.5,40.956429,2261200,0.0,0.0
2019-01-31,49.32,49.970001,49.25,49.459999,40.923321,2831000,0.0,0.0
2019-02-01,49.689999,49.779999,49.009998,49.669998,41.09708,1902300,0.0,0.0
2019-02-04,49.57,49.790001,49.259998,49.509998,40.964699,1594300,0.0,0.0
2019-02-05,49.540001,49.990002,49.360001,49.810001,41.212917,2385100,0.0,0.0
2019-02-06,49.939999,50.189999,49.59,49.779999,41.188099,1771200,0.0,0.0
2019-02-07,49.52,49.580002,48.529999,49.150002,40.666832,1483100,0.0,0.0
2019-02-08,48.970001,49.560001,48.639999,49.560001,41.006073,1781700,0.0,0.0
2019-02-11,49.18,49.610001,47.950001,48.09,39.789791,2586100,0.0,0.0
2019-02-12,48.310001,48.759998,48.130001,48.380001,40.029739,3191800,0.0,0.0
2019-02-13,48.639999,48.790001,48.189999,48.43,40.07111,3068400,0.0,0.0
2019-02-14,48.330002,49.630001,48.150002,49.099998,40.625465,4485600,0.0,0.0
2019-02-15,48.599998,51.07,48.459999,50.639999,41.899666,6830900,0.0,0.0
2019-02-19,50.599998,50.82,50.290001,50.57,41.841743,4189700,0.0,0.0
2019-02-20,50.509998,51.630001,50.450001,51.200001,42.363007,4281100,0.0,0.0
2019-02-21,51.200001,51.209999,50.540001,50.919998,42.13134,1901500,0.0,0.0
2019-02-22,50.990002,51.700001,50.599998,51.689999,42.768425,3410500,0.0,0.0
2019-02-25,51.939999,51.939999,50.540001,50.580002,41.850025,2584600,0.0,0.0
2019-02-26,50.5,50.650002,49.970001,50.470001,41.758999,2121200,0.0,0.0
2019-02-27,50.189999,50.279999,49.450001,49.619999,41.055717,2439100,0.0,0.0
2019-02-28,49.75,50.41,49.18,50.209999,41.543884,2865900,0.0,0.0
2019-03-01,50.599998,50.93,50.380001,50.790001,42.023769,2426100,0.0,0.0
2019-03-04,51.080002,51.18,49.689999,50.110001,41.461136,2029400,0.0,0.0
2019-03-05,49.939999,50.23,49.75,50.200001,41.535603,2081800,0.0,0.0
2019-03-06,50.279999,50.419998,49.689999,50.02,41.386665,2225900,0.0,0.0
2019-03-07,50.029999,50.029999,48.77,49.139999,40.658558,2499700,0.0,0.0
2019-03-08,48.59,49.029999,48.349998,49.009998,40.700081,1856400,0.18,0.0
2019-03-11,49.130001,49.139999,48.580002,49.080002,40.758205,3112900,0.0,0.0
2019-03-12,49.330002,49.630001,49.18,49.439999,41.057163,1964900,0.0,0.0
2019-03-13,49.459999,49.889999,48.290001,48.700001,40.442646,3821300,0.0,0.0
2019-03-14,49.02,49.110001,47.970001,48.240002,40.060635,5885800,0.0,0.0
2019-03-15,48.110001,48.290001,47.66,47.700001,39.612206,6755200,0.0,0.0
2019-03-18,47.75,47.84,47.23,47.639999,39.562374,3620600,0.0,0.0
2019-03-19,47.650002,48.080002,47.139999,47.220001,39.213581,1990000,0.0,0.0
2019-03-20,47.0,47.200001,45.959999,46.16,38.333317,5196600,0.0,0.0
2019-03-21,45.970001,46.470001,45.75,46.099998,38.283493,4693600,0.0,0.0
2019-03-22,45.889999,46.110001,45.040001,45.060001,37.419819,2970100,0.0,0.0
2019-03-25,45.490002,46.27,45.200001,45.529999,37.810131,3423800,0.0,0.0
2019-03-26,45.810001,48.139999,45.810001,47.32,39.296638,6169100,0.0,0.0
2019-03-27,47.810001,47.91,47.09,47.580002,39.512547,3158700,0.0,0.0
2019-03-28,47.5,47.900002,47.290001,47.290001,39.271713,2733900,0.0,0.0
2019-03-29,47.529999,47.919998,47.139999,47.529999,39.471016,3071000,0.0,0.0
2019-04-01,48.0,48.66,47.900002,48.209999,40.035736,2290100,0.0,0.0
2019-04-02,48.310001,48.389999,47.740002,47.939999,39.811508,1284700,0.0,0.0
2019-04-03,48.200001,49.200001,47.959999,48.810001,40.533997,2864300,0.0,0.0
2019-04-04,48.939999,49.98,48.73,49.66,41.239864,2302900,0.0,0.0
2019-04-05,49.860001,50.400002,49.790001,50.369999,41.829483,2286300,0.0,0.0
2019-04-08,50.16,51.52,50.16,51.389999,42.676544,3892400,0.0,0.0
2019-04-09,51.150002,51.310001,50.77,51.110001,42.444012,2063100,0.0,0.0
2019-04-10,51.060001,51.689999,50.919998,51.630001,42.875843,2421200,0.0,0.0
2019-04-11,51.740002,52.130001,51.459999,51.560001,42.817711,2633300,0.0,0.0
2019-04-12,51.82,52.220001,50.91,51.580002,42.834328,2476400,0.0,0.0
2019-04-15,51.740002,51.939999,51.09,51.759998,42.983803,1785000,0.0,0.0
2019-04-16,52.099998,52.34,51.689999,52.240002,43.382431,2080000,0.0,0.0
2019-04-17,52.400002,52.889999,52.290001,52.529999,43.623245,2403900,0.0,0.0
2019-04-18,52.560001,52.810001,52.169998,52.389999,43.506981,2172600,0.0,0.0
2019-04-22,52.330002,52.330002,50.880001,51.110001,42.444012,2252700,0.0,0.0
2019-04-23,51.07,51.5,50.82,51.34,42.635014,2917600,0.0,0.0
2019-04-24,51.299999,52.02,51.0,51.349998,42.643326,2204000,0.0,0.0
2019-04-25,51.23,51.23,50.619999,50.66,42.070309,1573900,0.0,0.0
2019-04-26,50.91,51.389999,50.68,51.200001,42.518761,2313500,0.0,0.0
2019-04-29,51.279999,51.91,51.25,51.75,42.975498,1294000,0.0,0.0
2019-04-30,51.700001,51.849998,50.740002,51.27,42.576874,2598400,0.0,0.0
2019-05-01,51.23,51.759998,51.080002,51.130001,42.460621,1299500,0.0,0.0
2019-05-02,51.009998,51.27,49.93,50.419998,41.871014,2330100,0.0,0.0
2019-05-03,50.470001,50.810001,48.919998,49.73,41.297993,3983300,0.0,0.0
2019-05-06,49.040001,49.889999,48.700001,49.66,41.239864,1612000,0.0,0.0
2019-05-07,49.279999,49.490002,48.119999,48.490002,40.268246,2944600,0.0,0.0
2019-05-08,48.369999,48.849998,48.060001,48.540001,40.309776,2461300,0.0,0.0
2019-05-09,48.290001,48.91,48.009998,48.779999,40.509071,2322300,0.0,0.0
2019-05-10,48.52,49.459999,48.09,49.290001,40.932613,2255000,0.0,0.0
2019-05-13,48.580002,48.77,47.040001,47.25,39.238495,3266100,0.0,0.0
2019-05-14,47.349998,48.110001,47.209999,47.689999,39.603897,2009400,0.0,0.0
2019-05-15,47.459999,48.0,47.060001,47.84,39.728462,2031700,0.0,0.0
2019-05-16,48.200001,48.790001,47.869999,48.360001,40.160297,1448100,0.0,0.0
2019-05-17,47.93,48.68,47.700001,48.380001,40.17691,1414100,0.0,0.0
2019-05-20,48.25,48.389999,47.93,48.310001,40.118774,1202000,0.0,0.0
2019-05-21,48.439999,49.029999,48.349998,48.919998,40.625343,2572400,0.0,0.0
2019-05-22,48.700001,48.880001,48.25,48.32,40.127087,1850000,0.0,0.0
2019-05-23,47.810001,48.110001,47.389999,47.91,39.786598,2353300,0.0,0.0
2019-05-24,47.990002,48.080002,47.450001,47.48,39.429508,2193900,0.0,0.0
2019-05-28,47.709999,48.18,47.540001,47.619999,39.545765,1721100,0.0,0.0
2019-05-29,47.310001,47.5,46.43,46.720001,38.798367,1983800,0.0,0.0
2019-05-30,46.990002,48.970001,46.990002,48.200001,40.027416,3816700,0.0,0.0
2019-05-31,47.939999,48.599998,47.720001,48.279999,40.093868,3012700,0.0,0.0
2019-06-03,48.099998,48.639999,47.91,48.240002,40.060635,1872000,0.0,0.0
2019-06-04,48.66,49.099998,48.43,48.810001,40.533997,1654000,0.0,0.0
2019-06-05,49.150002,49.299999,48.110001,48.310001,40.118774,2146000,0.0,0.0
2019-06-06,48.549999,48.689999,48.18,48.439999,40.226727,1507600,0.0,0.0
2019-06-07,48.48,48.880001,48.209999,48.419998,40.360092,1496900,0.18,0.0
2019-06-10,48.48,48.75,47.77,47.970001,39.985001,2448400,0.0,0.0
2019-06-11,48.07,48.400002,47.799999,48.080002,40.076698,1863800,0.0,0.0
2019-06-12,48.209999,48.529999,48.09,48.330002,40.28508,1115600,0.0,0.0
2019-06-13,48.330002,49.490002,48.09,49.330002,41.118618,1768700,0.0,0.0
2019-06-14,49.369999,49.369999,48.650002,48.990002,40.83522,1302100,0.0,0.0
2019-06-17,49.07,49.529999,48.279999,49.150002,40.968578,1647700,0.0,0.0
2019-06-18,49.389999,49.91,49.060001,49.209999,41.018589,2369400,0.0,0.0
2019-06-19,49.459999,50.09,48.919998,49.740002,41.460361,2640800,0.0,0.0
2019-06-20,50.200001,50.93,49.91,50.77,42.318928,2561200,0.0,0.0
2019-06-21,50.84,50.98,50.16,50.470001,42.068867,3652800,0.0,0.0
2019-06-24,50.360001,50.529999,49.490002,50.290001,41.918812,1506100,0.0,0.0
2019-06-25,50.150002,50.27,49.259998,49.419998,41.193642,1595900,0.0,0.0
2019-06-26,49.490002,49.549999,48.580002,48.599998,40.510136,2038100,0.0,0.0
2019-06-27,48.57,48.900002,48.290001,48.82,40.69352,2252200,0.0,0.0
2019-06-28,48.810001,49.900002,48.73,49.900002,41.593742,3531600,0.0,0.0
2019-07-01,50.32,50.82,49.950001,50.549999,42.135529,2989100,0.0,0.0
2019-07-02,50.610001,51.200001,50.369999,50.98,42.493961,1885900,0.0,0.0
2019-07-03,51.130001,52.060001,51.029999,51.84,43.210812,1750300,0.0,0.0
2019-07-05,51.540001,52.32,51.490002,52.009998,43.352505,1408300,0.0,0.0
2019-07-08,51.799999,52.439999,51.75,52.400002,43.677589,2390300,0.0,0.0
2019-07-09,52.110001,52.490002,51.990002,52.310001,43.60257,1630200,0.0,0.0
2019-07-10,52.459999,52.68,52.040001,52.57,43.819298,1925400,0.0,0.0
2019-07-11,52.610001,53.099998,52.34,53.080002,44.244411,1639700,0.0,0.0
2019-07-12,53.169998,53.470001,53.040001,53.18,44.327759,3177700,0.0,0.0
2019-07-15,53.139999,53.48,52.900002,53.369999,44.48613,1376100,0.0,0.0
2019-07-16,53.360001,53.709999,52.639999,53.509998,44.602825,2608100,0.0,0.0
2019-07-17,53.490002,53.5,52.369999,52.419998,43.694271,2076500,0.0,0.0
2019-07-18,52.049999,52.220001,51.330002,51.330002,42.785706,2562800,0.0,0.0
2019-07-19,51.349998,51.740002,50.669998,50.700001,42.260574,2651000,0.0,0.0
2019-07-22,50.549999,51.02,49.599998,50.009998,41.685421,2215000,0.0,0.0
2019-07-23,50.139999,50.23,49.360001,50.080002,41.743771,2160100,0.0,0.0
2019-07-24,50.009998,51.380001,49.970001,51.049999,42.552307,2038700,0.0,0.0
2019-07-25,51.130001,51.459999,50.91,51.380001,42.827385,1786200,0.0,0.0
2019-07-26,51.529999,51.959999,51.380001,51.849998,43.219143,1502500,0.0,0.0
2019-07-29,51.900002,52.189999,51.799999,52.150002,43.469204,1536400,0.0,0.0
2019-07-30,51.990002,52.57,51.720001,52.540001,43.794292,1657500,0.0,0.0
2019-07-31,52.52,52.619999,51.220001,51.509998,42.935745,1555300,0.0,0.0
2019-08-01,51.400002,51.82,50.439999,50.619999,42.193882,1739900,0.0,0.0
2019-08-02,50.439999,50.830002,49.59,50.400002,42.010513,2741500,0.0,0.0
2019-08-05,49.490002,49.869999,48.779999,49.060001,40.893574,2318800,0.0,0.0
2019-08-06,49.490002,49.700001,49.0,49.560001,41.310333,1851500,0.0,0.0
2019-08-07,48.93,49.34,48.279999,49.18,40.993584,12381600,0.0,0.0
2019-08-08,49.970001,51.060001,49.970001,50.82,42.360592,3012000,0.0,0.0
2019-08-09,49.509998,49.93,48.049999,48.91,40.768532,5009300,0.0,0.0
2019-08-12,50.0,50.110001,47.860001,48.040001,40.04335,2687800,0.0,0.0
2019-08-13,48.130001,49.68,48.119999,48.700001,40.593487,7023600,0.0,0.0
2019-08-14,47.540001,47.669998,44.59,44.650002,37.217655,9513800,0.0,0.0
2019-08-15,44.740002,44.900002,42.959999,43.349998,36.134029,6028200,0.0,0.0
2019-08-16,43.650002,44.0,43.459999,43.799999,36.509129,4109100,0.0,0.0
2019-08-19,44.349998,44.860001,44.040001,44.220001,36.859222,5252600,0.0,0.0
2019-08-20,44.0,44.360001,43.540001,44.139999,36.79253,3436300,0.0,0.0
2019-08-21,44.32,44.360001,43.400002,44.080002,36.742523,3338700,0.0,0.0
2019-08-22,44.25,44.310001,43.419998,43.470001,36.234058,3171900,0.0,0.0
2019-08-23,43.200001,43.369999,41.220001,41.41,34.516972,6834200,0.0,0.0
2019-08-26,42.110001,42.34,41.48,41.759998,34.808712,3141700,0.0,0.0
2019-08-27,41.790001,41.970001,40.919998,41.040001,34.208557,3614700,0.0,0.0
2019-08-28,40.869999,41.919998,40.779999,41.740002,34.792038,4461800,0.0,0.0
2019-08-29,42.110001,42.810001,41.799999,42.360001,35.30883,5408300,0.0,0.0
2019-08-30,42.5,42.540001,41.799999,42.060001,35.058773,5099000,0.0,0.0
2019-09-03,41.369999,41.540001,40.650002,41.290001,34.416943,4633400,0.0,0.0
2019-09-04,41.779999,41.93,41.009998,41.669998,34.733688,5387100,0.0,0.0
2019-09-05,41.98,43.09,41.5,43.0,35.8423,5686500,0.0,0.0
2019-09-06,42.93,43.709999,42.93,43.630001,36.367428,5853700,0.0,0.0
2019-09-09,43.509998,44.150002,43.16,44.110001,36.919849,6928100,0.18,0.0
2019-09-10,43.959999,44.939999,43.959999,44.459999,37.212795,5604800,0.0,0.0
2019-09-11,44.41,44.669998,43.380001,43.810001,36.668743,5968100,0.0,0.0
2019-09-12,43.75,44.209999,42.950001,43.82,36.677128,5926500,0.0,0.0
2019-09-13,44.16,44.560001,43.57,43.82,36.677128,4590200,0.0,0.0
2019-09-16,43.509998,44.080002,43.299999,44.049999,36.869625,4705300,0.0,0.0
2019-09-17,43.959999,44.07,42.990002,43.299999,36.241879,5588500,0.0,0.0
2019-09-18,43.27,43.57,42.860001,43.380001,36.308838,4605700,0.0,0.0
2019-09-19,43.5,43.810001,42.209999,42.389999,35.480225,5325900,0.0,0.0
2019-09-20,42.52,42.689999,41.830002,41.880001,35.053352,8169300,0.0,0.0
2019-09-23,41.810001,42.27,41.5,41.970001,35.128677,6142400,0.0,0.0
2019-09-24,41.759998,42.07,40.689999,41.310001,34.576263,7617200,0.0,0.0
2019-09-25,41.259998,41.560001,40.810001,41.240002,34.517673,3803500,0.0,0.0
2019-09-26,41.279999,41.34,40.290001,40.299999,33.730896,3457000,0.0,0.0
2019-09-27,40.360001,40.799999,40.080002,40.32,33.747631,2873200,0.0,0.0
2019-09-30,40.450001,40.73,40.240002,40.369999,33.789482,2987300,0.0,0.0
2019-10-01,40.619999,41.080002,39.880001,40.169998,33.622078,2611100,0.0,0.0
2019-10-02,39.830002,39.91,38.52,38.52,32.241043,4562100,0.0,0.0
2019-10-03,38.400002,38.720001,37.880001,38.450001,32.182449,3626900,0.0,0.0
2019-10-04,38.610001,39.360001,38.330002,39.040001,32.676281,5835100,0.0,0.0
2019-10-07,38.91,39.23,38.470001,38.759998,32.441921,4222300,0.0,0.0
2019-10-08,38.400002,38.450001,37.099998,37.169998,31.111101,6439700,0.0,0.0
2019-10-09,37.619999,37.860001,37.279999,37.610001,31.479382,2971300,0.0,0.0
2019-10-10,37.639999,38.16,37.48,37.66,31.521225,3229100,0.0,0.0
2019-10-11,38.110001,39.02,38.110001,38.43,32.165722,3254200,0.0,0.0
2019-10-14,38.310001,38.34,37.52,37.939999,31.755592,3666300,0.0,0.0
2019-10-15,38.009998,38.400002,37.619999,38.07,31.864391,4039300,0.0,0.0
2019-10-16,38.139999,38.610001,37.98,38.099998,31.889503,3401400,0.0,0.0
2019-10-17,38.099998,38.290001,36.25,37.779999,31.621674,10451500,0.0,0.0
2019-10-18,37.52,37.98,36.740002,36.75,30.759552,5967900,0.0,0.0
2019-10-21,36.91,37.09,36.25,36.349998,30.424759,5785900,0.0,0.0
2019-10-22,36.310001,36.529999,35.759998,36.34,30.416388,6113100,0.0,0.0
2019-10-23,36.43,36.610001,35.869999,36.490002,30.541948,5003000,0.0,0.0
2019-10-24,36.560001,36.580002,35.080002,35.75,29.92256,8302300,0.0,0.0
2019-10-25,35.669998,36.799999,35.650002,36.040001,30.1653,4334000,0.0,0.0
2019-10-28,36.27,36.57,35.849998,35.849998,30.00626,3426500,0.0,0.0
2019-10-29,35.810001,36.400002,35.68,36.189999,30.290842,4057600,0.0,0.0
2019-10-30,36.099998,36.099998,35.049999,35.580002,29.780285,5621800,0.0,0.0
2019-10-31,35.459999,36.049999,35.02,36.040001,30.1653,7308700,0.0,0.0
2019-11-01,36.279999,36.880001,36.07,36.740002,30.751188,3681900,0.0,0.0
2019-11-04,36.950001,37.240002,36.740002,37.139999,31.086,4234900,0.0,0.0
2019-11-05,37.389999,37.830002,37.23,37.490002,31.378944,3994400,0.0,0.0
2019-11-06,37.389999,37.529999,36.759998,36.82,30.818148,3332500,0.0,0.0
2019-11-07,37.349998,38.299999,37.220001,37.799999,31.638412,4794800,0.0,0.0
2019-11-08,37.869999,38.130001,37.200001,38.110001,31.897871,3722900,0.0,0.0
2019-11-11,38.209999,39.220001,37.759998,39.18,32.793453,8863500,0.0,0.0
2019-11-12,38.52,38.709999,37.290001,37.759998,31.604923,10050900,0.0,0.0
2019-11-13,37.5,37.619999,36.669998,36.849998,30.843266,5112800,0.0,0.0
2019-11-14,37.200001,38.169998,36.970001,37.630001,31.496122,5789100,0.0,0.0
2019-11-15,37.919998,38.889999,37.75,38.57,32.282902,7693100,0.0,0.0
2019-11-18,38.400002,39.349998,37.880001,39.34,32.927376,7007800,0.0,0.0
2019-11-19,39.41,39.68,38.84,39.380001,32.960861,6753000,0.0,0.0
2019-11-20,39.23,39.48,38.529999,39.009998,32.651165,5065300,0.0,0.0
2019-11-21,39.0,39.5,38.52,38.98,32.626049,5115400,0.0,0.0
2019-11-22,38.98,39.560001,38.77,39.52,33.078053,4414300,0.0,0.0
2019-11-25,39.57,40.240002,39.09,40.09,33.555126,6902700,0.0,0.0
2019-11-26,40.119999,40.57,39.639999,40.509998,33.906666,8037400,0.0,0.0
2019-11-27,40.59,40.75,40.32,40.400002,33.814594,5298100,0.0,0.0
2019-11-29,40.23,40.740002,40.169998,40.380001,33.797844,1876400,0.0,0.0
2019-12-02,40.5,40.580002,39.720001,39.860001,33.362621,6128600,0.0,0.0
2019-12-03,39.310001,39.5,38.869999,39.34,32.927376,8706000,0.0,0.0
2019-12-04,39.34,41.779999,39.220001,40.77,34.124287,25531000,0.0,0.0
2019-12-05,41.0,41.240002,40.16,40.860001,34.199612,5486100,0.0,0.0
2019-12-06,41.27,41.32,39.349998,39.720001,33.245441,10050000,0.0,0.0
2019-12-09,40.240002,40.310001,38.599998,38.639999,32.341488,10083200,0.0,0.0
2019-12-10,38.57,40.110001,37.560001,37.619999,31.487747,8591900,0.0,0.0
2019-12-11,37.650002,38.279999,37.0,37.290001,31.21154,6673400,0.0,0.0
2019-12-12,37.259998,38.240002,36.91,37.779999,31.621674,7019500,0.0,0.0
2019-12-13,38.189999,38.740002,37.75,38.639999,32.341488,5853100,0.0,0.0
2019-12-16,39.07,40.009998,38.84,39.75,33.27055,8031300,0.0,0.0
2019-12-17,40.0,40.779999,39.540001,40.279999,33.714153,7746400,0.0,0.0
2019-12-18,40.759998,41.59,40.700001,41.150002,34.442333,9269700,0.0,0.0
2019-12-19,41.689999,42.5,41.610001,41.950001,35.111938,9771700,0.0,0.0
2019-12-20,43.040001,43.040001,41.82,42.389999,35.480225,11248200,0.0,0.0
2019-12-23,42.740002,42.959999,42.02,42.189999,35.312809,7123000,0.0,0.0
2019-12-24,42.18,42.709999,41.75,42.02,35.170525,2824200,0.0,0.0
2019-12-26,42.209999,42.68,41.959999,42.66,35.706207,3522000,0.0,0.0
2019-12-27,42.549999,42.82,41.619999,41.759998,35.150661,4175900,0.24,0.0
2019-12-30,41.779999,42.009998,41.389999,41.48,34.914986,4462000,0.0,0.0
2019-12-31,41.470001,42.09,41.220001,41.970001,35.327427,3993000,0.0,0.0
2020-01-02,42.209999,42.349998,41.759998,42.09,35.428429,5738100,0.0,0.0
2020-01-03,41.73,41.759998,41.07,41.450001,34.889732,4640100,0.0,0.0
2020-01-06,41.490002,42.07,41.419998,42.060001,35.403183,5700000,0.0,0.0
2020-01-07,41.880001,42.18,41.57,42.130001,35.462101,5104000,0.0,0.0
2020-01-08,42.200001,42.369999,41.43,41.869999,35.243252,8139300,0.0,0.0
2020-01-09,42.23,42.240002,40.57,40.810001,34.351025,7749200,0.0,0.0
2020-01-10,40.900002,41.0,40.130001,40.310001,33.930161,4688100,0.0,0.0
2020-01-13,40.400002,41.049999,40.060001,40.799999,34.342594,5809600,0.0,0.0
2020-01-14,40.599998,40.830002,40.240002,40.330002,33.946991,5479300,0.0,0.0
2020-01-15,40.220001,40.43,39.580002,39.689999,33.408268,6239500,0.0,0.0
2020-01-16,39.880001,40.110001,39.450001,40.040001,33.702885,6918500,0.0,0.0
2020-01-17,40.009998,40.110001,39.32,39.490002,33.239944,6566500,0.0,0.0
2020-01-21,39.5,39.619999,38.66,38.73,32.600227,9534200,0.0,0.0
2020-01-22,39.0,39.060001,38.32,38.450001,32.364536,4931000,0.0,0.0
2020-01-23,38.200001,38.27,36.959999,36.990002,31.135609,9293600,0.0,0.0
2020-01-24,37.0,37.07,35.400002,35.790001,30.125532,10789700,0.0,0.0
2020-01-27,35.369999,35.630001,34.790001,35.130001,29.569996,7931100,0.0,0.0
2020-01-28,35.400002,35.759998,35.16,35.360001,29.763592,6365300,0.0,0.0
2020-01-29,35.25,35.610001,34.610001,34.689999,29.199625,6885500,0.0,0.0
2020-01-30,34.290001,34.560001,33.490002,34.189999,28.778759,12968200,0.0,0.0
2020-01-31,34.16,34.689999,33.580002,34.130001,28.72826,8386800,0.0,0.0
2020-02-03,33.73,33.869999,32.599998,33.080002,27.84444,11674300,0.0,0.0
2020-02-04,33.5,33.849998,33.040001,33.57,28.256893,8788700,0.0,0.0
2020-02-05,33.860001,34.68,33.810001,34.34,28.90502,7413600,0.0,0.0
2020-02-06,34.639999,34.73,34.220001,34.599998,29.123877,6101800,0.0,0.0
2020-02-07,35.150002,35.259998,34.400002,34.709999,29.216469,6558200,0.0,0.0
2020-02-10,34.5,34.619999,33.959999,34.209999,28.795593,7112300,0.0,0.0
2020-02-11,34.5,35.07,33.970001,34.970001,29.435312,6381600,0.0,0.0
2020-02-12,35.16,35.580002,34.900002,35.290001,29.704666,5321600,0.0,0.0
2020-02-13,35.009998,35.490002,34.82,34.98,29.443727,3742500,0.0,0.0
2020-02-14,35.220001,35.279999,34.369999,34.98,29.443727,4349000,0.0,0.0
2020-02-18,35.02,35.700001,34.970001,35.099998,29.544729,6057700,0.0,0.0
2020-02-19,35.209999,35.970001,35.029999,35.669998,30.024513,10675500,0.0,0.0
2020-02-20,32.240002,32.299999,29.08,29.290001,24.654287,44416400,0.0,0.0
2020-02-21,28.93,29.35,28.17,28.26,23.787302,17502200,0.0,0.0
2020-02-24,27.5,27.51,26.35,26.93,22.667801,17546900,0.0,0.0
2020-02-25,27.120001,27.379999,25.15,25.360001,21.346281,25053800,0.0,0.0
2020-02-26,25.67,26.1,24.41,24.440001,20.571892,18715900,0.0,0.0
2020-02-27,23.959999,25.110001,23.07,23.889999,20.10894,21560500,0.0,0.0
2020-02-28,23.73,25.32,23.389999,24.610001,20.714985,22712100,0.0,0.0
2020-03-02,24.75,24.799999,23.27,24.309999,20.462469,18892200,0.0,0.0
2020-03-03,24.219999,24.540001,22.709999,23.08,19.427134,20205100,0.0,0.0
2020-03-04,23.43,23.49,22.5,23.1,19.443972,17083100,0.0,0.0
2020-03-05,22.85,22.860001,21.25,21.48,18.08037,20784500,0.0,0.0
2020-03-06,20.99,22.09,20.620001,21.57,18.156122,14435200,0.0,0.0
2020-03-09,20.0,20.200001,19.120001,19.17,16.135975,14525100,0.0,0.0
2020-03-10,20.049999,20.57,19.15,20.530001,17.280724,14906800,0.0,0.0
2020-03-11,19.809999,20.290001,19.280001,19.799999,16.666262,15620200,0.0,0.0
2020-03-12,18.18,18.299999,16.110001,16.139999,13.585529,21431500,0.0,0.0
2020-03-13,17.34,17.93,15.59,16.4,14.012745,17399900,0.24,0.0
2020-03-16,15.5,15.73,13.6,13.61,11.628868,18695600,0.0,0.0
2020-03-17,14.45,14.45,12.21,12.74,10.885511,21756300,0.0,0.0
2020-03-18,12.05,12.26,10.1,12.21,10.432661,19626400,0.0,0.0
2020-03-19,12.15,13.22,11.3,12.62,10.782979,14490700,0.0,0.0
2020-03-20,12.85,13.31,11.77,11.97,10.227599,18495100,0.0,0.0
2020-03-23,11.9,11.99,10.81,11.28,9.638036,21613200,0.0,0.0
2020-03-24,12.0,14.83,11.85,14.75,12.602927,24294700,0.0,0.0
2020-03-25,15.17,16.190001,14.18,14.74,12.594381,19993600,0.0,0.0
2020-03-26,14.85,14.85,13.27,13.99,11.953556,23227100,0.0,0.0
2020-03-27,13.58,13.58,12.27,12.79,10.928231,15405700,0.0,0.0
2020-03-30,12.97,14.21,12.27,14.09,12.038998,15460100,0.0,0.0
2020-03-31,14.07,14.89,13.86,14.01,11.970644,16262900,0.0,0.0
2020-04-01,13.41,13.56,12.69,12.78,10.919687,14039600,0.0,0.0
2020-04-02,12.75,13.94,12.52,12.76,10.902599,13340000,0.0,0.0
2020-04-03,12.69,13.12,11.92,12.43,10.620638,12254700,0.0,0.0
2020-04-06,13.12,14.17,12.94,13.94,11.910833,17272700,0.0,0.0
2020-04-07,14.74,16.67,14.62,14.69,12.551662,20200900,0.0,0.0
2020-04-08,15.13,16.16,14.82,15.8,13.500087,16587800,0.0,0.0
2020-04-09,16.719999,17.139999,16.09,16.559999,14.149457,15991700,0.0,0.0
2020-04-13,16.75,16.860001,15.64,16.059999,13.722236,11912800,0.0,0.0
2020-04-14,16.41,16.629999,15.37,16.27,13.90167,14021400,0.0,0.0
2020-04-15,15.57,15.75,15.0,15.2,12.987424,11604500,0.0,0.0
2020-04-16,15.15,15.16,14.39,14.63,12.500394,11751000,0.0,0.0
2020-04-17,15.34,15.84,15.2,15.8,13.500087,9142500,0.0,0.0
2020-04-20,15.11,16.01,14.85,15.52,13.260843,7836200,0.0,0.0
2020-04-21,15.16,15.5,14.86,15.15,12.944699,7964100,0.0,0.0
2020-04-22,15.53,15.69,14.89,14.93,12.756724,8503900,0.0,0.0
2020-04-23,14.95,15.89,14.66,15.52,13.260843,10601200,0.0,0.0
2020-04-24,15.56,15.88,15.17,15.63,13.354831,11014200,0.0,0.0
2020-04-27,15.72,17.09,15.72,16.98,14.508318,9611400,0.0,0.0
2020-04-28,17.549999,18.049999,16.99,17.450001,14.909904,10883200,0.0,0.0
2020-04-29,18.049999,19.5,18.01,18.99,16.225735,15216500,0.0,0.0
2020-04-30,18.200001,18.459999,17.09,17.26,14.747561,15791500,0.0,0.0
2020-05-01,16.790001,16.809999,15.9,16.459999,14.064012,11225600,0.0,0.0
2020-05-04,16.23,16.629999,15.69,16.1,13.756415,12886600,0.0,0.0
2020-05-05,16.280001,16.35,15.2,15.26,13.038691,10932900,0.0,0.0
2020-05-06,15.41,15.68,14.79,14.88,12.714003,12620600,0.0,0.0
2020-05-07,16.790001,17.52,16.219999,16.42,14.029836,29842000,0.0,0.0
2020-05-08,16.82,18.219999,16.6,18.08,15.448197,17206000,0.0,0.0
2020-05-11,18.440001,18.48,17.370001,18.040001,15.414021,13543700,0.0,0.0
2020-05-12,18.15,18.59,17.73,18.25,15.593451,12306900,0.0,0.0
2020-05-13,18.07,18.1,16.32,16.85,14.397242,18874700,0.0,0.0
2020-05-14,16.41,17.200001,16.049999,17.16,14.662119,10219600,0.0,0.0
2020-05-15,16.73,17.34,16.58,17.299999,14.781739,11608400,0.0,0.0
2020-05-18,18.360001,19.299999,18.209999,19.049999,16.276999,17608500,0.0,0.0
2020-05-19,19.17,20.280001,18.66,19.639999,16.781116,15382600,0.0,0.0
2020-05-20,20.370001,20.68,19.48,19.629999,16.772572,15998400,0.0,0.0
2020-05-21,19.5,20.190001,19.4,19.84,16.952003,13246700,0.0,0.0
2020-05-22,19.91,20.059999,19.1,19.59,16.738394,10553700,0.0,0.0
2020-05-26,20.35,20.559999,19.799999,20.370001,17.404861,16650200,0.0,0.0
2020-05-27,21.15,22.379999,20.940001,22.01,18.806135,16083200,0.0,0.0
2020-05-28,21.959999,22.09,21.120001,21.200001,18.114035,11246700,0.0,0.0
2020-05-29,20.74,21.049999,20.32,20.74,17.721003,15549300,0.0,0.0
2020-06-01,20.65,21.82,20.57,21.530001,18.395998,7165100,0.0,0.0
2020-06-02,21.74,21.879999,21.360001,21.84,18.660877,9835800,0.0,0.0
2020-06-03,22.27,23.059999,22.139999,22.719999,19.412779,8816900,0.0,0.0
2020-06-04,22.67,24.370001,22.450001,24.120001,20.608992,12649300,0.0,0.0
2020-06-05,25.73,26.530001,24.75,24.82,21.207098,17165200,0.0,0.0
2020-06-08,26.0,28.59,25.559999,28.51,24.359964,23066100,0.0,0.0
2020-06-09,27.5,27.610001,25.969999,26.02,22.232418,18642700,0.0,0.0
2020-06-10,26.02,26.059999,23.83,24.0,20.506458,20386200,0.0,0.0
2020-06-11,22.0,23.629999,21.799999,23.59,20.156139,19971100,0.0,0.0
2020-06-12,24.469999,24.799999,22.17,22.9,19.767693,22131300,0.24,0.0
2020-06-15,21.9,25.389999,21.700001,24.889999,21.485495,20166000,0.0,0.0
2020-06-16,26.25,26.58,23.34,24.190001,20.881239,17451300,0.0,0.0
2020-06-17,23.969999,24.4,23.200001,23.299999,20.112978,17232700,0.0,0.0
2020-06-18,23.0,24.559999,22.9,24.5,21.148844,12249200,0.0,0.0
2020-06-19,24.91,25.190001,23.549999,23.690001,20.449635,35548800,0.0,0.0
2020-06-22,23.610001,23.9,23.059999,23.49,20.276995,13738900,0.0,0.0
2020-06-23,23.83,24.15,23.52,23.709999,20.4669,10519600,0.0,0.0
2020-06-24,23.16,23.74,22.110001,23.58,20.354681,16923900,0.0,0.0
2020-06-25,22.969999,23.17,22.26,22.969999,19.828115,14766600,0.0,0.0
2020-06-26,22.77,23.09,22.02,22.32,19.267023,17517300,0.0,0.0
2020-06-29,22.389999,23.389999,21.879999,23.049999,19.897177,10918600,0.0,0.0
2020-06-30,23.24,23.450001,22.530001,23.32,20.130245,9886200,0.0,0.0
2020-07-01,23.33,24.120001,23.09,23.6,20.371948,8771700,0.0,0.0
2020-07-02,24.0,24.18,23.110001,23.25,20.06982,9947300,0.0,0.0
2020-07-06,23.790001,23.940001,23.280001,23.690001,20.449635,9234300,0.0,0.0
2020-07-07,23.5,23.51,22.68,22.950001,19.810852,8823200,0.0,0.0
2020-07-08,22.790001,22.99,22.209999,22.92,19.784954,9759000,0.0,0.0
2020-07-09,22.9,22.91,21.67,22.1,19.077118,13176200,0.0,0.0
2020-07-10,22.02,22.950001,21.83,22.93,19.793587,6351900,0.0,0.0
2020-07-13,23.32,24.09,22.540001,23.709999,20.4669,14111300,0.0,0.0
2020-07-14,23.51,24.33,23.16,24.25,20.933039,8983700,0.0,0.0
2020-07-15,24.719999,25.34,24.33,24.950001,21.537291,11980100,0.0,0.0
2020-07-16,24.58,25.6,24.389999,25.5,22.012056,8514300,0.0,0.0
2020-07-17,25.459999,25.6,24.73,25.190001,21.744461,16381900,0.0,0.0
2020-07-20,25.280001,25.290001,24.24,24.469999,21.122944,8481800,0.0,0.0
2020-07-21,24.49,25.08,24.41,24.52,21.166105,7930000,0.0,0.0
2020-07-22,24.33,24.959999,24.120001,24.860001,21.459599,6607900,0.0,0.0
2020-07-23,24.82,25.27,24.639999,25.129999,21.692667,8436100,0.0,0.0
2020-07-24,24.98,25.48,24.440001,24.75,21.364647,8646500,0.0,0.0
2020-07-27,24.67,24.879999,24.110001,24.83,21.433701,6861000,0.0,0.0
2020-07-28,24.469999,24.959999,24.34,24.52,21.166105,4636000,0.0,0.0
2020-07-29,24.65,25.459999,24.27,25.290001,21.830782,6711300,0.0,0.0
2020-07-30,24.639999,26.049999,24.440001,25.809999,22.279655,7469000,0.0,0.0
2020-07-31,25.68,26.18,25.34,26.07,22.504093,8446700,0.0,0.0
2020-08-03,26.07,26.129999,25.34,25.709999,22.193336,7970200,0.0,0.0
2020-08-04,25.84,26.690001,25.610001,26.549999,22.918434,8889400,0.0,0.0
2020-08-05,26.75,26.77,25.959999,26.0,22.44367,9744800,0.0,0.0
2020-08-06,26.6,27.57,25.91,26.889999,23.211933,17381600,0.0,0.0
2020-08-07,26.6,26.879999,25.66,26.209999,22.624939,11786400,0.0,0.0
2020-08-10,26.15,26.780001,25.870001,26.309999,22.711262,12312700,0.0,0.0
2020-08-11,26.77,27.799999,26.16,26.51,22.883911,12788300,0.0,0.0
2020-08-12,27.209999,27.309999,25.9,26.24,22.650843,11405800,0.0,0.0
2020-08-13,25.92,26.969999,25.610001,26.690001,23.039289,8121500,0.0,0.0
2020-08-14,26.67,28.24,26.549999,27.459999,23.70396,16534200,0.0,0.0
2020-08-17,27.5,27.629999,26.629999,27.23,23.505424,10933900,0.0,0.0
2020-08-18,27.209999,28.1,26.5,26.969999,23.280993,6345000,0.0,0.0
2020-08-19,27.129999,27.41,26.709999,27.32,23.58312,7598900,0.0,0.0
2020-08-20,27.0,27.0,26.34,26.690001,23.039289,10627200,0.0,0.0
2020-08-21,26.700001,26.889999,26.290001,26.51,22.883911,4982200,0.0,0.0
2020-08-24,26.549999,27.67,26.450001,27.639999,23.859344,6777600,0.0,0.0
2020-08-25,27.780001,28.0,27.18,27.57,23.798918,5039500,0.0,0.0
2020-08-26,27.49,27.99,27.17,27.889999,24.075148,7095000,0.0,0.0
2020-08-27,28.24,28.809999,27.76,28.27,24.403168,10530100,0.0,0.0
2020-08-28,28.49,28.49,27.92,27.99,24.161474,6122600,0.0,0.0
2020-08-31,27.82,28.25,27.68,27.85,24.040621,6894500,0.0,0.0
2020-09-01,27.639999,27.9,27.190001,27.700001,23.911139,5177400,0.0,0.0
2020-09-02,27.629999,28.42,27.4,28.309999,24.437704,6820100,0.0,0.0
2020-09-03,28.389999,29.02,27.879999,28.25,24.38591,8722900,0.0,0.0
2020-09-04,28.450001,28.860001,27.98,28.75,24.817513,9383200,0.0,0.0
2020-09-08,28.469999,29.1,28.23,28.709999,24.782988,14509200,0.0,0.0
2020-09-09,28.809999,29.040001,28.190001,28.709999,24.782988,7759900,0.0,0.0
2020-09-10,28.82,29.6,28.74,29.299999,25.292288,9877300,0.0,0.0
2020-09-11,29.360001,29.809999,29.040001,29.280001,25.275024,12297200,0.0,0.0
2020-09-14,29.370001,30.040001,29.200001,29.73,25.875565,10250000,0.24,0.0
2020-09-15,30.08,30.84,29.870001,30.129999,26.223707,11208100,0.0,0.0
2020-09-16,30.379999,31.4,29.93,30.68,26.702402,9539800,0.0,0.0
2020-09-17,30.26,30.809999,29.9,30.26,26.336847,11887700,0.0,0.0
2020-09-18,30.110001,30.48,29.9,30.16,26.249819,13423200,0.0,0.0
2020-09-21,29.51,29.719999,28.77,28.99,25.231504,13916800,0.0,0.0
2020-09-22,29.23,29.83,28.969999,29.41,25.597055,8809900,0.0,0.0
2020-09-23,29.719999,30.01,28.639999,28.82,25.083542,9744900,0.0,0.0
2020-09-24,28.57,29.5,28.110001,29.15,25.37076,13542900,0.0,0.0
2020-09-25,28.860001,29.59,28.84,29.530001,25.70149,9418000,0.0,0.0
2020-09-28,29.99,30.190001,29.57,29.84,25.971302,9323400,0.0,0.0
2020-09-29,29.65,29.91,28.9,28.959999,25.205393,11466500,0.0,0.0
2020-09-30,29.15,29.51,27.879999,28.01,24.378559,9358800,0.0,0.0
2020-10-01,28.16,28.16,27.030001,27.68,24.091345,13944100,0.0,0.0
2020-10-02,27.15,28.370001,26.99,27.969999,24.343742,9109000,0.0,0.0
2020-10-05,28.1,28.629999,28.059999,28.389999,24.709293,5874900,0.0,0.0
2020-10-06,28.75,29.49,28.43,28.450001,24.761517,8724400,0.0,0.0
2020-10-07,28.950001,29.110001,28.639999,28.85,25.109657,4870500,0.0,0.0
2020-10-08,29.049999,29.68,28.74,29.610001,25.77112,9561800,0.0,0.0
2020-10-09,29.889999,30.08,28.9,28.92,25.170582,5729600,0.0,0.0
2020-10-12,28.83,28.969999,28.27,28.33,24.657072,6608200,0.0,0.0
2020-10-13,27.73,28.18,27.09,27.450001,23.891165,13413100,0.0,0.0
2020-10-14,27.5,27.790001,27.200001,27.34,23.795418,7125100,0.0,0.0
2020-10-15,27.469999,27.870001,27.219999,27.83,24.221897,6884900,0.0,0.0
2020-10-16,27.969999,28.02,27.43,27.940001,24.317633,7503700,0.0,0.0
2020-10-19,28.15,28.17,27.01,27.129999,23.612648,15514800,0.0,0.0
2020-10-20,27.42,27.77,27.110001,27.459999,23.899862,9204100,0.0,0.0
2020-10-21,27.459999,28.57,27.1,28.469999,24.778923,9283100,0.0,0.0
2020-10-22,28.700001,29.5,28.6,29.1,25.327244,9179000,0.0,0.0
2020-10-23,29.299999,29.5,28.700001,29.280001,25.48391,5877800,0.0,0.0
2020-10-26,28.639999,28.940001,28.290001,28.75,25.022615,7403400,0.0,0.0
2020-10-27,28.559999,28.639999,28.059999,28.209999,24.552631,8316700,0.0,0.0
2020-10-28,27.5,28.17,27.4,27.799999,24.195787,12407000,0.0,0.0
2020-10-29,27.66,28.299999,27.52,28.129999,24.483002,7449700,0.0,0.0
2020-10-30,27.799999,28.59,27.66,28.57,24.865955,12162900,0.0,0.0
2020-11-02,28.799999,29.66,28.360001,29.6,25.762417,11088900,0.0,0.0
2020-11-03,30.0,30.48,29.690001,30.129999,26.223707,12412800,0.0,0.0
2020-11-04,29.959999,30.280001,29.309999,29.77,25.910379,8869700,0.0,0.0
2020-11-05,30.01,31.35,30.01,31.290001,27.233316,11691700,0.0,0.0
2020-11-06,30.75,30.98,28.85,29.299999,25.501314,26843600,0.0,0.0
2020-11-09,30.85,31.15,28.780001,29.049999,25.283722,17020200,0.0,0.0
2020-11-10,29.16,30.08,28.860001,30.07,26.171488,8927500,0.0,0.0
2020-11-11,29.76,30.35,29.59,30.200001,26.28463,9281700,0.0,0.0
2020-11-12,30.0,30.0,29.120001,29.25,25.457798,8077300,0.0,0.0
2020-11-13,29.4,30.48,29.379999,30.200001,26.28463,7894200,0.0,0.0
2020-11-16,30.77,32.529999,30.620001,31.9,27.764229,21017100,0.0,0.0
2020-11-17,31.6,32.889999,30.99,32.290001,28.103672,9860900,0.0,0.0
2020-11-18,32.5,33.240002,32.09,32.700001,28.460514,8265200,0.0,0.0
2020-11-19,32.400002,33.580002,32.240002,33.43,29.095865,9218600,0.0,0.0
2020-11-20,33.41,34.099998,33.130001,33.990002,29.583269,16974700,0.0,0.0
2020-11-23,34.25,35.48,34.200001,34.619999,30.131582,14833400,0.0,0.0
2020-11-24,34.549999,34.919998,34.139999,34.509998,30.035845,12525600,0.0,0.0
2020-11-25,34.48,34.889999,33.5,34.82,30.305653,12095000,0.0,0.0
2020-11-27,34.790001,35.279999,34.700001,35.07,30.523243,3903900,0.0,0.0
2020-11-30,34.84,35.41,34.82,35.279999,30.706017,18543000,0.0,0.0
2020-12-01,35.5,37.240002,35.369999,36.360001,31.645992,18436500,0.0,0.0
2020-12-02,36.189999,36.560001,35.59,36.369999,31.654705,9386500,0.0,0.0
2020-12-03,36.59,37.02,36.25,36.59,31.846182,10173300,0.0,0.0
2020-12-04,36.66,37.0,36.240002,36.950001,32.159508,8736500,0.0,0.0
2020-12-07,36.639999,36.869999,36.080002,36.82,32.046356,7706900,0.0,0.0
2020-12-08,36.799999,37.32,36.459999,36.650002,31.898397,10698000,0.0,0.0
2020-12-09,36.48,36.669998,36.060001,36.439999,31.715633,11809600,0.0,0.0
2020-12-10,35.93,36.599998,35.57,35.869999,31.219519,12962500,0.0,0.0
2020-12-11,35.459999,35.82,34.91,35.599998,30.984522,9883600,0.0,0.0
2020-12-14,35.849998,35.91,34.369999,34.669998,30.379902,20752300,0.24,0.0
2020-12-15,34.93,35.419998,34.450001,35.139999,30.791748,8888500,0.0,0.0
2020-12-16,35.169998,36.419998,34.91,35.889999,31.448957,20991800,0.0,0.0
2020-12-17,36.029999,36.279999,35.389999,36.200001,31.720581,10649700,0.0,0.0
2020-12-18,35.48,35.799999,34.869999,35.259998,30.896906,12922200,0.0,0.0
2020-12-21,34.580002,34.889999,34.130001,34.849998,30.537636,14495800,0.0,0.0
2020-12-22,34.880001,35.049999,34.119999,34.889999,30.572691,8805700,0.0,0.0
2020-12-23,34.919998,36.439999,34.91,35.950001,31.50152,12458700,0.0,0.0
2020-12-24,35.740002,36.029999,35.450001,35.990002,31.536564,4720500,0.0,0.0
2020-12-28,36.09,37.029999,36.029999,36.73,32.185013,6108200,0.0,0.0
2020-12-29,36.810001,36.990002,36.400002,36.720001,32.176243,8183000,0.0,0.0
2020-12-30,36.889999,37.450001,36.66,36.900002,32.333973,5264900,0.0,0.0
2020-12-31,36.75,37.459999,36.549999,37.259998,32.649422,7669800,0.0,0.0
2021-01-04,37.299999,37.759998,36.310001,36.599998,32.071091,12491900,0.0,0.0
2021-01-05,36.639999,37.040001,36.209999,36.990002,32.41283,13060300,0.0,0.0
2021-01-06,37.849998,40.740002,37.560001,40.200001,35.225628,20360700,0.0,0.0
2021-01-07,39.990002,40.380001,39.349998,40.119999,35.155533,13123600,0.0,0.0
2021-01-08,40.009998,40.209999,39.529999,40.060001,35.102959,11159500,0.0,0.0
2021-01-11,39.599998,41.169998,39.439999,41.060001,35.979202,7253200,0.0,0.0
2021-01-12,41.360001,42.59,41.209999,41.779999,36.610115,12478200,0.0,0.0
2021-01-13,41.580002,43.43,41.41,43.119999,37.784302,14475000,0.0,0.0
2021-01-14,43.119999,46.860001,42.91,46.0,40.307934,29667700,0.0,0.0
2021-01-15,45.59,46.32,44.849998,45.299999,39.69455,11513500,0.0,0.0
2021-01-19,44.119999,44.5,43.34,43.75,38.336349,21067200,0.0,0.0
2021-01-20,43.73,44.240002,42.889999,43.360001,37.994598,13048800,0.0,0.0
2021-01-21,44.0,45.740002,43.619999,45.110001,39.528061,24194100,0.0,0.0
2021-01-22,44.52,45.82,43.630001,45.580002,39.939911,14450400,0.0,0.0
2021-01-25,45.419998,51.290001,45.330002,47.709999,41.806335,24130800,0.0,0.0
2021-01-26,48.240002,52.299999,48.09,51.919998,45.495384,18865900,0.0,0.0
2021-01-27,52.27,60.73,52.099998,56.0,49.070522,45158900,0.0,0.0
2021-01-28,55.07,56.169998,48.220001,50.610001,44.347481,29765700,0.0,0.0
2021-01-29,50.990002,53.279999,48.389999,48.5,42.498581,23340800,0.0,0.0
2021-02-01,48.540001,52.540001,48.459999,52.330002,45.854656,18855000,0.0,0.0
2021-02-02,51.099998,52.07,49.77,50.259998,44.040787,17683400,0.0,0.0
2021-02-03,50.099998,52.369999,49.009998,52.060001,45.618053,13200000,0.0,0.0
2021-02-04,50.34,52.119999,49.5,52.060001,45.618053,18711000,0.0,0.0
2021-02-05,51.849998,54.880001,50.93,54.040001,47.353046,15575300,0.0,0.0
2021-02-08,53.16,55.34,52.580002,54.5,47.756123,16656200,0.0,0.0
2021-02-09,54.150002,55.419998,52.540001,55.029999,48.220562,7948500,0.0,0.0
2021-02-10,54.889999,57.200001,54.490002,56.57,49.57,13028200,0.0,0.0
2021-02-11,56.740002,57.759998,56.349998,57.200001,50.122032,8545700,0.0,0.0
2021-02-12,57.48,58.950001,56.779999,58.310001,51.094688,11056500,0.0,0.0
2021-02-16,58.220001,59.66,57.360001,59.139999,51.821987,14584500,0.0,0.0
2021-02-17,58.98,61.41,58.459999,61.0,53.451824,10102800,0.0,0.0
2021-02-18,62.0,63.060001,61.43,62.150002,54.459515,14245100,0.0,0.0
2021-02-19,62.18,63.73,62.18,62.689999,54.932693,14426600,0.0,0.0
2021-02-22,63.709999,67.199997,63.400002,66.139999,57.955811,21760600,0.0,0.0
2021-02-23,66.540001,67.120003,63.34,64.370003,56.404816,18354800,0.0,0.0
2021-02-24,63.68,66.190002,63.57,65.599998,57.482613,17322500,0.0,0.0
2021-02-25,66.400002,67.849998,61.799999,62.5,54.766201,25151200,0.0,0.0
2021-02-26,62.0,64.879997,61.0,64.489998,56.509964,16360300,0.0,0.0
2021-03-01,64.800003,67.980003,64.599998,67.129997,58.823292,13425700,0.0,0.0
2021-03-02,67.309998,69.370003,66.790001,68.720001,60.216553,14417500,0.0,0.0
2021-03-03,69.129997,72.449997,69.010002,70.910004,62.135551,17460100,0.0,0.0
2021-03-04,70.540001,72.589996,70.010002,71.879997,62.985523,21489300,0.0,0.0
2021-03-05,71.099998,74.760002,69.769997,74.239998,65.05349,14159000,0.0,0.0
2021-03-08,74.879997,84.940002,74.110001,83.660004,73.307861,21341100,0.0,0.0
2021-03-09,84.400002,84.599998,77.099998,79.660004,69.802818,23611600,0.0,0.0
2021-03-10,79.970001,83.470001,78.809998,82.889999,72.633141,22506900,0.0,0.0
2021-03-11,82.910004,87.379997,82.769997,86.279999,75.603668,22371000,0.0,0.0
2021-03-12,86.07,95.269997,85.879997,94.940002,83.424141,38020400,0.24,0.0
2021-03-15,94.709999,101.970001,93.769997,96.330002,84.645508,32035400,0.0,0.0
2021-03-16,97.260002,99.160004,94.209999,96.239998,84.566429,29110100,0.0,0.0
2021-03-17,94.459999,95.279999,86.169998,92.339996,81.139496,34687600,0.0,0.0
2021-03-18,90.879997,98.129997,90.150002,96.760002,85.023376,31797800,0.0,0.0
2021-03-19,95.75,98.599998,95.410004,97.349998,85.541779,33518700,0.0,0.0
2021-03-22,99.150002,100.419998,96.209999,100.339996,88.169121,20400200,0.0,0.0
2021-03-23,92.599998,96.339996,90.300003,91.25,80.181694,37782300,0.0,0.0
2021-03-24,84.400002,85.0,70.0,70.099998,61.597111,89815300,0.0,0.0
2021-03-25,66.699997,70.190002,64.519997,66.349998,58.301987,44269500,0.0,0.0
2021-03-26,65.75,66.269997,39.810001,48.23,42.379879,216631000,0.0,0.0
2021-03-29,46.990002,48.0,43.0,45.009998,39.550446,213578900,0.0,0.0
2021-03-30,46.720001,48.389999,45.16,46.610001,40.956375,150842500,0.0,0.0
2021-03-31,46.93,46.98,43.77,45.099998,39.62952,92028600,0.0,0.0
2021-04-01,45.59,46.240002,43.93,44.639999,39.225323,59501200,0.0,0.0
2021-04-05,44.549999,44.75,42.299999,42.900002,37.696384,68076000,0.0,0.0
2021-04-06,42.0,45.360001,41.950001,44.349998,38.970509,125164900,0.0,0.0
2021-04-07,45.93,46.200001,43.689999,43.889999,38.566296,84665200,0.0,0.0
2021-04-08,43.860001,44.360001,42.119999,42.290001,37.16037,58371800,0.0,0.0
2021-04-09,42.34,43.099998,41.16,41.880001,36.80011,49660000,0.0,0.0
2021-04-12,42.119999,42.68,39.66,39.77,34.946041,59418100,0.0,0.0
2021-04-13,40.34,41.459999,39.799999,40.490002,35.578712,33145100,0.0,0.0
2021-04-14,40.91,41.98,40.18,40.220001,35.341457,35659100,0.0,0.0
2021-04-15,40.619999,40.669998,38.959999,39.25,34.489109,34635500,0.0,0.0
2021-04-16,39.299999,39.950001,38.799999,39.349998,34.576992,40042700,0.0,0.0
2021-04-19,39.5,39.939999,37.91,38.400002,33.742218,44779700,0.0,0.0
2021-04-20,38.639999,39.240002,37.330002,37.919998,33.320438,41652900,0.0,0.0
2021-04-21,37.650002,40.91,37.540001,40.849998,35.895039,52142800,0.0,0.0
2021-04-22,42.25,42.57,40.43,40.73,35.7896,60658800,0.0,0.0
2021-04-23,40.869999,41.990002,40.68,41.709999,36.650726,40878500,0.0,0.0
2021-04-26,42.439999,42.52,41.009998,41.82,36.747387,30501300,0.0,0.0
2021-04-27,41.990002,43.34,41.82,42.810001,37.617294,33759800,0.0,0.0
2021-04-28,42.860001,42.959999,41.380001,41.43,36.404682,27913200,0.0,0.0
2021-04-29,41.720001,42.389999,40.68,41.5,36.466198,22505200,0.0,0.0
2021-04-30,41.349998,41.790001,40.709999,41.02,36.044418,20587400,0.0,0.0
2021-05-03,40.959999,41.09,39.389999,39.66,34.849377,34064100,0.0,0.0
2021-05-04,39.360001,39.98,38.580002,39.970001,35.121769,20480800,0.0,0.0
2021-05-05,40.009998,40.369999,39.0,39.099998,34.357315,24750100,0.0,0.0
2021-05-06,40.23,40.48,37.57,38.150002,33.522545,44431900,0.0,0.0
2021-05-07,38.5,39.740002,38.049999,39.389999,34.612137,25483700,0.0,0.0
2021-05-10,39.490002,40.09,38.860001,39.27,34.506687,18927400,0.0,0.0
2021-05-11,38.200001,39.52,37.950001,39.48,34.691212,19701400,0.0,0.0
2021-05-12,39.57,40.669998,39.0,39.060001,34.322159,21179800,0.0,0.0
2021-05-13,39.310001,40.27,38.099998,38.509998,33.838871,20742900,0.0,0.0
2021-05-14,38.939999,39.34,38.200001,38.91,34.190353,17029200,0.0,0.0
2021-05-17,40.279999,40.720001,38.220001,38.41,33.751003,33202600,0.0,0.0
2021-05-18,38.830002,40.720001,38.77,40.16,35.288738,29181900,0.0,0.0
2021-05-19,39.43,39.93,38.919998,39.689999,34.875748,19409600,0.0,0.0
2021-05-20,41.650002,41.889999,40.490002,41.52,36.483784,36244500,0.0,0.0
2021-05-21,41.759998,42.5,41.240002,42.150002,37.037357,27099400,0.0,0.0
2021-05-24,42.25,42.32,41.080002,41.540001,36.501347,19473100,0.0,0.0
2021-05-25,41.950001,42.220001,40.66,40.900002,35.938984,15314900,0.0,0.0
2021-05-26,41.23,42.66,41.02,42.459999,37.309753,18656600,0.0,0.0
2021-05-27,42.799999,43.549999,42.200001,43.150002,37.916065,22191800,0.0,0.0
2021-05-28,43.240002,43.259998,42.259998,42.419998,37.274605,14547300,0.0,0.0
2021-06-01,42.849998,43.240002,42.43,42.599998,37.43277,11165200,0.0,0.0
2021-06-02,43.0,43.34,41.939999,42.580002,37.415195,20988600,0.0,0.0
2021-06-03,42.220001,42.419998,41.16,41.580002,36.536503,18451200,0.0,0.0
2021-06-04,41.689999,42.07,41.32,41.700001,36.641945,11105600,0.0,0.0
2021-06-07,41.970001,42.099998,41.380001,41.740002,36.677097,9004600,0.0,0.0
2021-06-08,41.689999,42.169998,41.110001,41.68,36.624363,12402900,0.0,0.0
2021-06-09,41.59,42.990002,41.369999,42.25,37.125225,15497300,0.0,0.0
2021-06-10,42.52,42.689999,41.220001,41.509998,36.474983,12086700,0.0,0.0
2021-06-11,41.740002,42.41,41.290001,42.349998,37.213104,11266100,0.0,0.0
2021-06-14,42.139999,43.080002,41.959999,42.630001,37.672626,13862700,0.24,0.0
2021-06-15,42.509998,43.0,41.310001,41.669998,36.824268,19307900,0.0,0.0
2021-06-16,41.68,42.18,41.310001,41.810001,36.947987,12538600,0.0,0.0
2021-06-17,41.619999,42.029999,39.860001,40.189999,35.516369,21893700,0.0,0.0
2021-06-18,39.950001,40.259998,39.439999,40.029999,35.374969,24690600,0.0,0.0
2021-06-21,40.299999,41.0,39.560001,40.959999,36.196819,14021300,0.0,0.0
2021-06-22,40.860001,41.07,40.34,40.75,36.011242,8517300,0.0,0.0
2021-06-23,40.77,42.970001,40.639999,41.84,36.974499,29032600,0.0,0.0
2021-06-24,41.720001,43.23,41.68,42.869999,37.884708,17000900,0.0,0.0
2021-06-25,42.919998,43.98,42.560001,43.82,38.724243,15530300,0.0,0.0
2021-06-28,44.380001,47.459999,44.310001,46.0,40.650734,43425000,0.0,0.0
2021-06-29,46.0,46.299999,44.59,44.630001,39.440048,18654100,0.0,0.0
2021-06-30,44.5,45.34,43.919998,45.200001,39.94376,12847500,0.0,0.0
2021-07-01,45.34,45.869999,44.580002,44.950001,39.722832,13624100,0.0,0.0
2021-07-02,44.950001,45.130001,43.810001,44.16,39.024708,10022300,0.0,0.0
2021-07-06,44.0,44.029999,42.110001,42.869999,37.884708,14026900,0.0,0.0
2021-07-07,43.139999,43.18,42.060001,42.799999,37.822861,9848700,0.0,0.0
2021-07-08,41.939999,42.080002,40.689999,41.459999,36.63868,15650400,0.0,0.0
2021-07-09,41.75,42.849998,41.560001,42.77,37.796341,10049600,0.0,0.0
2021-07-12,42.5,44.23,41.84,43.439999,38.388435,17104900,0.0,0.0
2021-07-13,43.099998,43.560001,42.529999,42.580002,37.628437,9441000,0.0,0.0
2021-07-14,42.990002,43.040001,41.689999,41.889999,37.018684,11243000,0.0,0.0
2021-07-15,41.790001,42.450001,40.93,41.290001,36.488453,9672000,0.0,0.0
2021-07-16,41.380001,41.52,40.07,40.290001,35.604744,10837100,0.0,0.0
2021-07-19,39.779999,40.139999,39.169998,39.869999,35.233578,12677300,0.0,0.0
2021-07-20,40.209999,41.400002,39.439999,40.389999,35.693115,12779000,0.0,0.0
2021-07-21,40.599998,41.740002,40.5,41.299999,36.497292,8950800,0.0,0.0
2021-07-22,41.349998,41.360001,40.27,40.869999,36.117294,6260300,0.0,0.0
2021-07-23,40.98,41.130001,40.41,40.990002,36.223347,6552900,0.0,0.0
2021-07-26,41.029999,42.220001,40.919998,42.16,37.257278,12283700,0.0,0.0
2021-07-27,41.779999,42.040001,40.91,41.34,36.532635,7622600,0.0,0.0
2021-07-28,41.400002,42.169998,40.720001,41.650002,36.806595,9449600,0.0,0.0
2021-07-29,41.759998,42.450001,41.5,41.689999,36.841927,6833200,0.0,0.0
2021-07-30,41.470001,41.889999,40.759998,40.93,36.170322,8020600,0.0,0.0
2021-08-02,41.16,41.669998,40.720001,40.84,36.090778,8873800,0.0,0.0
2021-08-03,40.889999,40.990002,38.040001,38.470001,33.996384,34007800,0.0,0.0
2021-08-04,38.299999,39.290001,38.23,38.790001,34.279175,17040600,0.0,0.0
2021-08-05,38.75,41.68,38.630001,41.549999,36.718208,19426900,0.0,0.0
2021-08-06,41.77,42.110001,41.369999,41.5,36.674026,10609500,0.0,0.0
2021-08-09,41.32,41.349998,40.18,40.290001,35.604744,12343600,0.0,0.0
2021-08-10,40.419998,40.84,39.849998,40.75,36.011242,11877200,0.0,0.0
2021-08-11,40.82,41.040001,40.18,40.82,36.073109,8285900,0.0,0.0
2021-08-12,40.73,40.93,39.759998,39.959999,35.313118,8250300,0.0,0.0
2021-08-13,40.290001,40.490002,39.110001,39.16,34.606144,8991800,0.0,0.0
2021-08-16,38.939999,39.07,38.150002,38.52,34.040569,9775300,0.0,0.0
2021-08-17,38.209999,39.080002,37.77,39.029999,34.491261,12938800,0.0,0.0
2021-08-18,40.0,41.630001,39.439999,40.470001,35.763809,20720100,0.0,0.0
2021-08-19,40.299999,40.43,39.509998,39.639999,35.030323,12395500,0.0,0.0
2021-08-20,39.509998,40.02,39.220001,39.709999,35.092186,10167300,0.0,0.0
2021-08-23,39.959999,40.560001,39.599998,40.330002,35.640091,8201500,0.0,0.0
2021-08-24,40.5,40.990002,40.32,40.700001,35.967064,8818500,0.0,0.0
2021-08-25,40.860001,41.34,40.41,40.970001,36.205669,9384000,0.0,0.0
2021-08-26,40.950001,41.209999,39.91,39.959999,35.313118,8032500,0.0,0.0
2021-08-27,39.950001,40.919998,39.73,40.889999,36.134964,7827600,0.0,0.0
2021-08-30,40.889999,40.919998,39.34,40.23,35.551723,8721000,0.0,0.0
2021-08-31,40.18,41.689999,40.119999,41.450001,36.629848,12153600,0.0,0.0
2021-09-01,41.619999,41.84,41.209999,41.41,36.594494,7088000,0.0,0.0
2021-09-02,41.880001,42.150002,41.25,41.540001,36.709385,9273300,0.0,0.0
2021-09-03,41.549999,41.549999,40.950001,41.279999,36.47961,7396500,0.0,0.0
2021-09-07,41.23,42.169998,41.07,41.619999,36.780083,9260800,0.0,0.0
2021-09-08,41.5,41.970001,40.82,40.91,36.152649,9544800,0.0,0.0
2021-09-09,40.889999,41.139999,40.189999,40.34,35.648922,8952900,0.0,0.0
2021-09-10,40.529999,40.720001,39.599998,39.650002,35.039165,10474100,0.0,0.0
2021-09-13,39.959999,40.509998,39.630001,40.369999,35.675434,8894700,0.0,0.0
2021-09-14,40.220001,40.25,38.740002,38.919998,34.599751,16633100,0.24,0.0
2021-09-15,38.959999,40.389999,38.57,40.369999,35.888794,9786400,0.0,0.0
2021-09-16,40.200001,40.599998,39.950001,40.43,35.942142,7633000,0.0,0.0
2021-09-17,40.349998,40.740002,39.889999,39.990002,35.55098,9895300,0.0,0.0
2021-09-20,39.040001,39.27,38.119999,38.860001,34.546421,13967100,0.0,0.0
2021-09-21,39.150002,39.490002,38.529999,38.66,34.368618,6875400,0.0,0.0
2021-09-22,39.080002,40.139999,39.029999,39.200001,34.848667,9331300,0.0,0.0
2021-09-23,39.450001,40.43,39.290001,40.060001,35.613213,8066800,0.0,0.0
2021-09-24,39.93,40.299999,39.599998,39.990002,35.55098,5406400,0.0,0.0
2021-09-27,39.939999,41.130001,39.880001,40.439999,35.951023,7119000,0.0,0.0
2021-09-28,40.459999,41.18,40.009998,40.23,35.764343,9474000,0.0,0.0
2021-09-29,40.380001,40.52,39.830002,40.119999,35.666553,7628300,0.0,0.0
2021-09-30,40.290001,40.360001,39.34,39.509998,35.124256,9657300,0.0,0.0
2021-10-01,39.880001,40.220001,39.119999,39.900002,35.47097,6887500,0.0,0.0
2021-10-04,39.849998,39.880001,38.990002,39.110001,34.768661,7925800,0.0,0.0
2021-10-05,39.130001,39.869999,38.950001,39.57,35.177605,7714200,0.0,0.0
2021-10-06,39.310001,39.32,38.599998,39.169998,34.821999,9146900,0.0,0.0
2021-10-07,39.400002,40.5,39.32,39.84,35.417629,9246900,0.0,0.0
2021-10-08,40.060001,41.080002,39.77,39.810001,35.390953,6541900,0.0,0.0
2021-10-11,39.849998,40.060001,39.32,39.369999,34.999794,6762700,0.0,0.0
2021-10-12,39.450001,39.84,39.029999,39.150002,34.804226,6081800,0.0,0.0
2021-10-13,39.16,39.580002,38.990002,39.369999,34.999794,7715400,0.0,0.0
2021-10-14,39.919998,39.919998,39.330002,39.470001,35.088696,6305600,0.0,0.0
2021-10-15,39.619999,39.77,38.880001,38.919998,34.599751,12981100,0.0,0.0
2021-10-18,38.77,39.23,38.360001,38.529999,34.253044,12958100,0.0,0.0
2021-10-19,38.669998,39.119999,38.669998,39.07,34.733109,6645500,0.0,0.0
2021-10-20,38.91,39.540001,38.810001,38.869999,34.555298,6878300,0.0,0.0
2021-10-21,38.84,39.27,37.09,37.779999,33.586296,15778100,0.0,0.0
2021-10-22,37.759998,37.860001,36.93,37.509998,33.34626,13533900,0.0,0.0
2021-10-25,37.610001,37.740002,37.18,37.610001,33.435177,7760800,0.0,0.0
2021-10-26,37.77,37.860001,37.009998,37.080002,32.964001,7146300,0.0,0.0
2021-10-27,37.009998,37.029999,35.73,35.830002,31.852757,17112300,0.0,0.0
2021-10-28,35.830002,37.27,35.59,37.02,32.910652,9769000,0.0,0.0
2021-10-29,36.849998,37.029999,36.060001,36.220001,32.199463,8460000,0.0,0.0
2021-11-01,36.5,37.52,36.369999,37.25,33.115135,9750900,0.0,0.0
2021-11-02,37.099998,37.380001,36.740002,37.369999,33.221809,7792800,0.0,0.0
2021-11-03,37.23,37.700001,37.009998,37.549999,33.381821,7745700,0.0,0.0
2021-11-04,37.689999,38.0,35.740002,35.900002,31.914984,21669100,0.0,0.0
2021-11-05,35.880001,36.869999,35.16,36.34,32.306149,11927300,0.0,0.0
2021-11-08,36.34,36.450001,35.459999,35.84,31.861649,12223600,0.0,0.0
2021-11-09,35.889999,35.970001,35.139999,35.5,31.55938,8759300,0.0,0.0
2021-11-10,35.459999,36.400002,35.32,35.389999,31.461588,9085500,0.0,0.0
2021-11-11,35.330002,35.810001,34.689999,35.599998,31.648283,10585300,0.0,0.0
2021-11-12,35.66,35.880001,35.009998,35.200001,31.292679,11691800,0.0,0.0
2021-11-15,35.52,36.610001,35.470001,35.779999,31.808306,10887400,0.0,0.0
2021-11-16,35.82,35.880001,35.139999,35.150002,31.248238,10061900,0.0,0.0
2021-11-17,35.119999,35.299999,34.720001,35.080002,31.186005,9241200,0.0,0.0
2021-11-18,35.27,35.450001,34.029999,34.23,30.430359,13599300,0.0,0.0
2021-11-19,33.990002,34.34,33.330002,33.66,29.923628,12878500,0.0,0.0
2021-11-22,33.720001,33.959999,32.939999,33.540001,29.816952,12943800,0.0,0.0
2021-11-23,33.470001,33.639999,32.720001,32.950001,29.29244,15514800,0.0,0.0
2021-11-24,32.790001,33.439999,32.580002,33.240002,29.550253,12147400,0.0,0.0
2021-11-26,32.5,32.970001,32.279999,32.610001,28.990183,8737400,0.0,0.0
2021-11-29,32.689999,32.790001,31.549999,32.279999,28.69681,15881300,0.0,0.0
2021-11-30,32.139999,32.139999,30.469999,30.950001,27.514448,21862400,0.0,0.0
2021-12-01,31.0,31.870001,29.700001,29.700001,26.403204,17249900,0.0,0.0
2021-12-02,29.75,30.059999,28.9,29.559999,26.278742,31862500,0.0,0.0
2021-12-03,30.200001,31.16,29.9,31.07,27.621126,24840000,0.0,0.0
2021-12-06,31.110001,31.940001,30.59,31.120001,27.665581,14798200,0.0,0.0
2021-12-07,31.43,32.540001,31.09,31.379999,27.896717,16599200,0.0,0.0
2021-12-08,31.389999,32.099998,31.219999,31.84,28.305658,10991900,0.0,0.0
2021-12-09,31.49,31.940001,30.9,31.07,27.621126,10748400,0.0,0.0
2021-12-10,31.25,31.42,30.790001,31.219999,27.754477,18471600,0.0,0.0
2021-12-13,31.1,31.139999,30.059999,30.33,26.963268,8300100,0.0,0.0
2021-12-14,29.879999,30.190001,29.530001,29.6,26.524189,12239300,0.24,0.0
2021-12-15,29.43,29.690001,28.66,29.559999,26.488342,13234200,0.0,0.0
2021-12-16,29.74,30.32,29.65,29.74,26.649635,11798400,0.0,0.0
2021-12-17,29.75,29.940001,28.52,29.52,26.452503,18207700,0.0,0.0
2021-12-20,29.02,29.139999,28.290001,28.68,25.699789,15714400,0.0,0.0
2021-12-21,28.969999,29.950001,28.709999,29.35,26.300167,11746900,0.0,0.0
2021-12-22,29.299999,29.440001,28.65,29.18,26.147833,14243900,0.0,0.0
2021-12-23,29.309999,30.690001,29.16,30.58,27.402349,14137400,0.0,0.0
2021-12-27,30.530001,30.58,29.9,30.120001,26.990152,12801800,0.0,0.0
2021-12-28,30.030001,30.67,29.98,30.120001,26.990152,11393400,0.0,0.0
2021-12-29,30.120001,30.459999,29.59,29.99,26.873661,13096800,0.0,0.0
2021-12-30,29.92,31.52,29.84,31.120001,27.886242,12386300,0.0,0.0
2021-12-31,31.15,31.25,30.120001,30.18,27.043917,14554500,0.0,0.0
2022-01-03,30.620001,32.790001,30.58,32.240002,28.889864,19555600,0.0,0.0
2022-01-04,32.630001,33.490002,32.330002,33.049999,29.615692,20568400,0.0,0.0
2022-01-05,33.450001,34.09,32.560001,32.720001,29.319986,18118900,0.0,0.0
2022-01-06,33.200001,33.34,32.16,32.720001,29.319986,11555100,0.0,0.0
2022-01-07,33.349998,35.720001,33.080002,35.389999,31.712538,27736100,0.0,0.0
2022-01-10,36.549999,36.68,34.330002,34.91,31.282417,21648300,0.0,0.0
2022-01-11,34.91,35.330002,34.48,34.959999,31.327213,9730600,0.0,0.0
2022-01-12,35.189999,35.580002,34.740002,34.970001,31.33618,8473900,0.0,0.0
2022-01-13,35.919998,36.849998,35.32,36.189999,32.429398,15606600,0.0,0.0
2022-01-14,35.900002,36.880001,35.41,36.82,32.993935,10259000,0.0,0.0
2022-01-18,36.490002,37.400002,34.799999,35.209999,31.551235,20056700,0.0,0.0
2022-01-19,35.599998,36.610001,34.759998,35.07,31.425791,18207400,0.0,0.0
2022-01-20,35.009998,35.560001,33.669998,33.73,30.225025,15664500,0.0,0.0
2022-01-21,32.700001,32.82,31.129999,31.25,28.002737,21435800,0.0,0.0
2022-01-24,30.469999,32.580002,29.83,32.549999,29.167641,18787300,0.0,0.0
2022-01-25,32.209999,33.150002,31.190001,32.860001,29.445433,11808800,0.0,0.0
2022-01-26,33.150002,33.310001,31.200001,31.67,28.379089,15505200,0.0,0.0
2022-01-27,32.110001,32.419998,31.24,31.41,28.146105,14309800,0.0,0.0
2022-01-28,31.42,33.060001,31.01,32.970001,29.544003,14852900,0.0,0.0
2022-01-31,32.689999,33.849998,32.189999,33.450001,29.974125,10162300,0.0,0.0
2022-02-01,33.099998,34.240002,32.779999,33.700001,30.198145,8991500,0.0,0.0
2022-02-02,33.529999,33.549999,32.669998,32.77,29.36479,10144600,0.0,0.0
2022-02-03,32.5,34.080002,32.349998,33.099998,29.660496,9594900,0.0,0.0
2022-02-04,33.130001,33.790001,32.669998,33.41,29.938284,8516300,0.0,0.0
2022-02-07,33.529999,34.380001,33.5,34.0,30.466967,8546300,0.0,0.0
2022-02-08,34.02,34.799999,33.650002,34.529999,30.9419,9715300,0.0,0.0
2022-02-09,34.799999,35.869999,34.439999,35.779999,32.062008,10466300,0.0,0.0
2022-02-10,35.509998,36.689999,35.279999,35.880001,32.151623,11436200,0.0,0.0
2022-02-11,35.810001,36.830002,35.599998,36.0,32.259148,10450100,0.0,0.0
2022-02-14,35.900002,36.389999,34.889999,35.029999,31.389946,10548200,0.0,0.0
2022-02-15,35.0,36.029999,34.75,35.990002,32.250179,13294700,0.0,0.0
2022-02-16,30.24,30.33,27.84,29.58,26.506264,87606200,0.0,0.0
2022-02-17,29.51,30.450001,29.1,29.35,26.300167,12100500,0.0,0.0
2022-02-18,29.0,29.639999,27.620001,28.379999,25.430964,17020000,0.0,0.0
2022-02-22,28.120001,29.139999,27.75,27.85,24.956036,13261100,0.0,0.0
2022-02-23,28.07,28.93,27.799999,28.4,25.448883,14566900,0.0,0.0
2022-02-24,27.35,29.07,27.25,29.049999,26.03134,13670600,0.0,0.0
2022-02-25,29.1,29.68,28.379999,29.559999,26.488342,9130000,0.0,0.0
2022-02-28,28.82,30.9,28.82,30.610001,27.429235,23784100,0.0,0.0
2022-03-01,30.6,33.040001,30.42,32.259998,28.907778,21537700,0.0,0.0
2022-03-02,32.540001,35.740002,32.5,35.240002,31.578123,30575500,0.0,0.0
2022-03-03,34.75,35.529999,34.450001,35.439999,31.757328,15983400,0.0,0.0
2022-03-04,34.939999,35.59,33.669998,34.07,30.529699,17458900,0.0,0.0
2022-03-07,33.73,34.169998,33.169998,33.52,30.036852,14670000,0.0,0.0
2022-03-08,33.490002,35.41,33.400002,33.75,30.24295,12438500,0.0,0.0
2022-03-09,34.919998,35.130001,33.580002,33.740002,30.233994,8303800,0.0,0.0
2022-03-10,33.450001,33.939999,32.549999,33.23,29.776985,10428900,0.0,0.0
2022-03-11,33.57,33.669998,32.490002,32.619999,29.230366,6783900,0.0,0.0
2022-03-14,33.02,36.470001,32.849998,35.77,32.290619,25229200,0.24,0.0
2022-03-15,35.5,36.16,34.459999,35.209999,31.785091,13143100,0.0,0.0
2022-03-16,35.290001,36.290001,35.25,36.25,32.723938,10120500,0.0,0.0
2022-03-17,35.860001,36.939999,35.68,36.869999,33.283627,9887800,0.0,0.0
2022-03-18,36.919998,37.259998,35.990002,37.09,33.482227,26711400,0.0,0.0
2022-03-21,37.07,37.740002,35.84,36.400002,32.859333,9914000,0.0,0.0
2022-03-22,36.599998,38.490002,36.41,37.43,33.789162,15019400,0.0,0.0
2022-03-23,37.23,38.459999,37.16,37.619999,33.960667,8950100,0.0,0.0
2022-03-24,37.720001,37.970001,37.34,37.889999,34.204407,5347500,0.0,0.0
2022-03-25,37.759998,38.700001,37.669998,38.48,34.737015,7591800,0.0,0.0
2022-03-28,38.419998,39.209999,36.990002,37.599998,33.942616,9030100,0.0,0.0
2022-03-29,37.93,38.259998,37.580002,38.18,34.466198,6210200,0.0,0.0
2022-03-30,37.889999,38.549999,37.84,38.099998,34.393982,4589500,0.0,0.0
2022-03-31,37.77,38.189999,37.560001,37.810001,34.132202,7264200,0.0,0.0
2022-04-01,37.919998,38.16,36.810001,37.400002,33.762081,7748400,0.0,0.0
2022-04-04,37.389999,37.82,36.279999,37.720001,34.050938,8486100,0.0,0.0
2022-04-05,37.66,38.040001,36.709999,36.84,33.256542,6770000,0.0,0.0
2022-04-06,36.369999,36.669998,35.389999,35.849998,32.362839,10361600,0.0,0.0
2022-04-07,35.650002,35.860001,34.380001,35.310001,31.875362,10673500,0.0,0.0
2022-04-08,35.09,36.049999,35.009998,35.939999,32.444077,8966300,0.0,0.0
2022-04-11,35.790001,37.0,35.779999,35.91,32.417004,5494300,0.0,0.0
2022-04-12,36.110001,36.869999,35.889999,36.060001,32.55241,5670600,0.0,0.0
2022-04-13,35.950001,36.43,35.799999,36.240002,32.714912,4497900,0.0,0.0
2022-04-14,36.349998,36.98,36.02,36.41,32.868374,3950800,0.0,0.0
2022-04-18,36.360001,36.529999,35.669998,35.970001,32.471165,4182200,0.0,0.0
2022-04-19,35.900002,36.509998,35.77,36.279999,32.751007,5788100,0.0,0.0
2022-04-20,34.459999,34.560001,31.83,33.16,29.934507,20866000,0.0,0.0
2022-04-21,33.610001,33.900002,31.889999,32.310001,29.167179,8322900,0.0,0.0
2022-04-22,32.150002,32.459999,30.719999,31.040001,28.020718,9089800,0.0,0.0
2022-04-25,30.540001,31.43,30.35,31.200001,28.16515,7009500,0.0,0.0
2022-04-26,30.719999,31.08,29.35,29.370001,26.513157,8956400,0.0,0.0
2022-04-27,29.27,29.639999,28.58,28.93,26.115955,7891100,0.0,0.0
2022-04-28,29.18,29.280001,28.08,29.049999,26.224287,6742100,0.0,0.0
2022-04-29,28.99,29.790001,28.959999,29.120001,26.287476,7523000,0.0,0.0
2022-05-02,29.139999,30.73,29.09,30.27,27.325611,12111200,0.0,0.0
2022-05-03,28.51,30.049999,27.58,29.879999,26.973551,18703000,0.0,0.0
2022-05-04,29.77,30.32,28.700001,30.18,27.244364,13527200,0.0,0.0
2022-05-05,29.85,30.67,29.280001,29.719999,26.829111,10597700,0.0,0.0
2022-05-06,29.5,29.5,27.59,27.91,25.195169,11249300,0.0,0.0
2022-05-09,27.24,27.74,26.74,27.440001,24.770889,9804200,0.0,0.0
2022-05-10,27.700001,28.139999,27.120001,27.42,24.752834,8890300,0.0,0.0
2022-05-11,27.35,27.860001,26.629999,26.690001,24.093847,7066800,0.0,0.0
2022-05-12,26.530001,27.82,26.110001,27.120001,24.482016,11178700,0.0,0.0
2022-05-13,27.639999,28.42,27.4,28.35,25.592373,7768500,0.0,0.0
2022-05-16,28.469999,28.73,27.76,28.02,25.294472,7932500,0.0,0.0
2022-05-17,30.84,32.610001,30.459999,32.32,29.176203,27198900,0.0,0.0
2022-05-18,31.870001,33.389999,31.49,31.549999,28.481106,13586400,0.0,0.0
2022-05-19,31.42,32.849998,31.389999,32.220001,29.085939,10148600,0.0,0.0
2022-05-20,32.490002,32.799999,31.370001,32.639999,29.46508,9845700,0.0,0.0
2022-05-23,32.860001,33.59,32.220001,33.09,29.871309,8864300,0.0,0.0
2022-05-24,32.23,32.470001,31.059999,31.799999,28.706787,7081200,0.0,0.0
2022-05-25,31.950001,32.709999,31.809999,32.349998,29.203293,10647900,0.0,0.0
2022-05-26,32.43,33.029999,32.23,32.400002,29.248428,6418200,0.0,0.0
2022-05-27,32.700001,33.959999,32.459999,33.91,30.611546,9179100,0.0,0.0
2022-05-31,34.060001,34.5,33.389999,34.330002,30.990692,13664700,0.0,0.0
2022-06-01,34.470001,34.5,31.709999,32.349998,29.203293,12810000,0.0,0.0
2022-06-02,31.450001,31.52,30.389999,31.43,28.37278,19731900,0.0,0.0
2022-06-03,31.209999,31.559999,30.49,30.799999,27.80406,8669800,0.0,0.0
2022-06-06,30.82,31.07,30.34,30.42,27.461023,6316500,0.0,0.0
2022-06-07,30.34,30.629999,29.9,30.559999,27.5874,5179000,0.0,0.0
2022-06-08,30.4,31.07,30.299999,30.74,27.749897,4649600,0.0,0.0
2022-06-09,30.6,30.65,29.110001,29.15,26.314556,6872100,0.0,0.0
2022-06-10,28.719999,28.98,28.01,28.09,25.357666,10028800,0.0,0.0
2022-06-13,27.5,27.5,25.52,25.809999,23.299442,19415400,0.0,0.0
2022-06-14,25.84,26.08,25.17,25.41,23.15365,13727100,0.24,0.0
2022-06-15,25.66,26.129999,25.23,25.65,23.372339,9804300,0.0,0.0
2022-06-16,25.200001,25.43,23.690001,24.25,22.096653,14417200,0.0,0.0
2022-06-17,24.25,25.0,24.040001,24.559999,22.379124,14331300,0.0,0.0
2022-06-21,25.290001,25.389999,24.459999,24.6,22.415575,10581800,0.0,0.0
2022-06-22,24.280001,24.74,24.16,24.440001,22.269785,6624400,0.0,0.0
2022-06-23,24.440001,24.57,24.030001,24.52,22.342676,5325000,0.0,0.0
2022-06-24,24.65,25.879999,24.610001,25.76,23.472567,7962300,0.0,0.0
2022-06-27,25.959999,26.190001,25.5,25.98,23.673035,5007100,0.0,0.0
2022-06-28,26.030001,26.6,25.52,25.559999,23.290331,4538200,0.0,0.0
2022-06-29,25.58,25.629999,24.620001,25.08,22.852951,5194600,0.0,0.0
2022-06-30,24.700001,25.15,24.290001,24.68,22.488468,6891400,0.0,0.0
2022-07-01,24.780001,25.35,24.59,25.209999,22.971407,6442000,0.0,0.0
2022-07-05,24.42,25.200001,23.84,25.190001,22.953186,7952600,0.0,0.0
2022-07-06,25.139999,25.41,24.57,25.059999,22.834728,5869700,0.0,0.0
2022-07-07,25.32,26.049999,25.32,25.9,23.60014,5666700,0.0,0.0
2022-07-08,25.82,26.0,25.309999,25.559999,23.290331,10021500,0.0,0.0
2022-07-11,25.08,25.309999,24.110001,24.17,22.02376,10025000,0.0,0.0
2022-07-12,24.01,25.4,24.01,25.09,22.862062,7581900,0.0,0.0
2022-07-13,24.690001,25.16,24.26,25.02,22.798283,4768700,0.0,0.0
2022-07-14,24.57,24.57,23.870001,24.120001,21.978199,6283700,0.0,0.0
2022-07-15,24.51,25.02,24.290001,25.0,22.780056,6640700,0.0,0.0
2022-07-18,24.68,25.18,23.68,24.52,22.342676,11639300,0.0,0.0
2022-07-19,24.99,25.530001,24.530001,25.049999,22.825615,9739400,0.0,0.0
2022-07-20,25.33,26.139999,25.23,26.01,23.700369,10033600,0.0,0.0
2022-07-21,25.700001,26.059999,25.43,26.02,23.709482,6386200,0.0,0.0
2022-07-22,25.469999,25.91,24.91,25.27,23.026081,7962500,0.0,0.0
2022-07-25,25.459999,25.83,25.200001,25.34,23.089869,6291800,0.0,0.0
2022-07-26,24.200001,24.6,23.860001,24.139999,21.99642,9745800,0.0,0.0
2022-07-27,24.309999,24.68,24.110001,24.530001,22.351793,6505000,0.0,0.0
2022-07-28,24.26,24.5,23.59,24.35,22.187775,9365100,0.0,0.0
2022-07-29,24.110001,24.110001,23.360001,23.65,21.549932,15451700,0.0,0.0
2022-08-01,23.59,24.209999,23.15,24.15,22.005533,6976600,0.0,0.0
2022-08-02,23.959999,25.139999,23.870001,24.469999,22.297119,6494400,0.0,0.0
2022-08-03,24.690001,25.41,24.48,25.040001,22.816505,10863100,0.0,0.0
2022-08-04,23.9,25.889999,23.610001,25.309999,23.062529,14790000,0.0,0.0
2022-08-05,24.110001,24.35,23.549999,24.26,22.105766,14571200,0.0,0.0
2022-08-08,24.49,25.879999,24.49,25.209999,22.971407,11387500,0.0,0.0
2022-08-09,25.24,25.74,24.51,24.690001,22.497581,11436500,0.0,0.0
2022-08-10,25.309999,25.59,24.98,25.09,22.862062,6785100,0.0,0.0
2022-08-11,25.450001,26.709999,25.41,25.799999,23.509018,9007100,0.0,0.0
2022-08-12,26.17,26.25,25.5,26.190001,23.864388,5761400,0.0,0.0
2022-08-15,25.969999,27.379999,25.85,26.559999,24.201529,12383700,0.0,0.0
2022-08-16,26.67,27.49,26.370001,27.200001,24.784708,11285700,0.0,0.0
2022-08-17,26.9,27.0,26.24,26.299999,23.964621,7213200,0.0,0.0
2022-08-18,26.459999,26.559999,25.629999,25.969999,23.663925,7053100,0.0,0.0
2022-08-19,25.67,26.190001,25.49,25.9,23.60014,8227400,0.0,0.0
2022-08-22,25.530001,25.549999,24.52,24.559999,22.379124,13121400,0.0,0.0
2022-08-23,24.629999,24.889999,24.41,24.5,22.324455,8362700,0.0,0.0
2022-08-24,24.5,25.280001,24.41,25.01,22.789169,6255900,0.0,0.0
2022-08-25,25.07,25.950001,25.059999,25.940001,23.636591,5789400,0.0,0.0
2022-08-26,25.879999,26.139999,24.9,24.9,22.688938,12397100,0.0,0.0
2022-08-29,24.709999,24.950001,24.32,24.34,22.178665,6339300,0.0,0.0
2022-08-30,24.530001,24.629999,23.16,24.059999,21.923527,12212100,0.0,0.0
2022-08-31,24.139999,24.25,23.370001,23.389999,21.313021,9959800,0.0,0.0
2022-09-01,23.299999,23.49,22.93,23.459999,21.376802,9014800,0.0,0.0
2022-09-02,23.74,23.790001,22.940001,23.120001,21.066996,10100400,0.0,0.0
2022-09-06,23.139999,23.200001,22.18,22.9,20.866531,16381600,0.0,0.0
2022-09-07,22.66,23.190001,22.610001,22.959999,20.921204,9966400,0.0,0.0
2022-09-08,22.700001,22.9,22.34,22.709999,20.693403,10065200,0.0,0.0
2022-09-09,22.940001,23.68,22.780001,23.66,21.559046,9158000,0.0,0.0
2022-09-12,23.93,24.33,23.879999,24.26,22.105766,7972300,0.0,0.0
2022-09-13,23.389999,23.57,22.450001,22.530001,20.529387,13391200,0.0,0.0
2022-09-14,22.360001,22.370001,21.32,21.92,20.188612,14941100,0.24,0.0
2022-09-15,21.85,23.4,21.85,23.049999,21.229359,14745200,0.0,0.0
2022-09-16,22.940001,23.27,22.42,22.73,20.934635,31555800,0.0,0.0
2022-09-19,22.75,23.139999,22.540001,23.1,21.275412,6730000,0.0,0.0
2022-09-20,22.860001,23.01,22.440001,22.610001,20.824114,7830800,0.0,0.0
2022-09-21,22.66,22.700001,21.389999,21.4,19.709684,8761200,0.0,0.0
2022-09-22,21.51,21.690001,20.85,20.870001,19.22155,9425900,0.0,0.0
2022-09-23,20.26,20.5,19.870001,20.17,18.576839,14644900,0.0,0.0
2022-09-26,20.040001,20.450001,19.639999,19.66,18.107117,12885000,0.0,0.0
2022-09-27,20.02,20.360001,19.27,19.4,17.867657,9752500,0.0,0.0
2022-09-28,19.360001,19.969999,19.26,19.83,18.263695,7789800,0.0,0.0
2022-09-29,19.57,19.690001,18.799999,18.950001,17.453203,12029000,0.0,0.0
2022-09-30,18.959999,19.74,18.950001,19.040001,17.536097,9136300,0.0,0.0
2022-10-03,19.370001,19.77,18.92,19.620001,18.070276,8446900,0.0,0.0
2022-10-04,19.639999,20.08,19.41,20.07,18.484735,10613700,0.0,0.0
2022-10-05,19.67,19.709999,18.91,19.57,18.024229,11594800,0.0,0.0
2022-10-06,19.549999,19.700001,18.9,19.129999,17.618986,10672300,0.0,0.0
2022-10-07,18.9,19.129999,18.49,18.65,17.176899,9161200,0.0,0.0
2022-10-10,18.75,18.92,18.4,18.559999,17.094009,6246900,0.0,0.0
2022-10-11,18.4,18.690001,18.0,18.24,16.799282,8786400,0.0,0.0
2022-10-12,18.120001,18.66,17.93,18.540001,17.07559,6771200,0.0,0.0
2022-10-13,18.299999,19.26,17.98,19.15,17.637403,9972800,0.0,0.0
2022-10-14,19.379999,19.440001,18.73,18.77,17.28742,5577000,0.0,0.0
2022-10-17,19.16,19.629999,18.950001,19.290001,17.766346,9154000,0.0,0.0
2022-10-18,19.74,19.85,19.41,19.59,18.042652,7659400,0.0,0.0
2022-10-19,19.870001,20.09,19.01,19.08,17.572933,7266600,0.0,0.0
2022-10-20,19.030001,19.58,18.98,19.110001,17.600563,5938700,0.0,0.0
2022-10-21,19.08,19.379999,18.799999,19.219999,17.701876,9725000,0.0,0.0
2022-10-24,19.200001,19.360001,18.799999,19.09,17.582142,6977900,0.0,0.0
2022-10-25,19.129999,19.73,19.129999,19.67,18.116329,6681400,0.0,0.0
2022-10-26,19.610001,20.08,19.299999,19.34,17.812395,8154700,0.0,0.0
2022-10-27,19.280001,19.389999,18.360001,18.4,16.946648,12711200,0.0,0.0
2022-10-28,18.52,19.049999,18.389999,19.02,17.517673,8907300,0.0,0.0
2022-10-31,18.440001,18.700001,17.91,18.32,16.872963,16357100,0.0,0.0
2022-11-01,18.690001,19.6,18.690001,19.17,17.655827,14504100,0.0,0.0
2022-11-02,16.98,17.889999,16.76,16.790001,15.463816,34636100,0.0,0.0
2022-11-03,16.799999,16.82,15.72,16.209999,14.929625,20763900,0.0,0.0
2022-11-04,16.48,16.540001,15.29,15.57,14.340178,16457700,0.0,0.0
2022-11-07,15.77,16.4,15.54,16.370001,15.07699,14246800,0.0,0.0
2022-11-08,16.4,17.299999,16.299999,16.58,15.2704,14945000,0.0,0.0
2022-11-09,16.18,16.290001,15.51,15.53,14.303338,14495900,0.0,0.0
2022-11-10,16.280001,17.16,16.0,16.57,15.261189,18009100,0.0,0.0
2022-11-11,16.65,19.299999,16.450001,18.809999,17.324259,29935200,0.0,0.0
2022-11-14,18.57,19.110001,18.450001,18.49,17.029539,14656800,0.0,0.0
2022-11-15,19.809999,20.5,19.17,19.440001,17.904499,30421400,0.0,0.0
2022-11-16,19.290001,19.290001,17.85,18.139999,16.707182,19353300,0.0,0.0
2022-11-17,17.799999,18.450001,17.26,18.41,16.955856,12968200,0.0,0.0
2022-11-18,18.77,19.01,18.469999,18.66,17.186104,10379800,0.0,0.0
2022-11-21,18.66,18.85,18.23,18.52,17.057167,8575300,0.0,0.0
2022-11-22,18.58,19.190001,18.42,19.139999,17.628191,11642100,0.0,0.0
2022-11-23,19.110001,19.809999,19.110001,19.66,18.107117,8468600,0.0,0.0
2022-11-25,19.6,20.049999,19.540001,19.91,18.337374,4850300,0.0,0.0
2022-11-28,19.68,19.83,19.1,19.24,17.720293,7794400,0.0,0.0
2022-11-29,19.379999,19.870001,19.280001,19.75,18.190014,8143900,0.0,0.0
2022-11-30,19.75,20.120001,19.18,20.08,18.493946,11839600,0.0,0.0
2022-12-01,20.01,20.450001,19.65,20.17,18.576839,10115200,0.0,0.0
2022-12-02,19.969999,20.49,19.719999,20.379999,18.77025,7513400,0.0,0.0
2022-12-05,20.35,20.370001,19.33,19.51,17.968969,11282500,0.0,0.0
2022-12-06,19.459999,19.76,17.6,18.15,16.716393,21050800,0.0,0.0
2022-12-07,18.0,18.33,17.49,18.01,16.58745,10483800,0.0,0.0
2022-12-08,18.08,18.35,17.799999,18.1,16.67034,11494600,0.0,0.0
2022-12-09,18.18,19.309999,18.02,19.02,17.517673,13049400,0.0,0.0
2022-12-12,18.889999,20.040001,18.700001,19.67,18.116329,14828800,0.0,0.0
2022-12-13,20.360001,20.92,19.389999,19.67,18.116329,16741500,0.0,0.0
2022-12-14,19.23,19.9,19.09,19.360001,18.051065,8312800,0.24,0.0
2022-12-15,18.99,19.110001,17.629999,17.66,16.466003,17240400,0.0,0.0
2022-12-16,17.639999,17.74,16.99,17.309999,16.139664,23845900,0.0,0.0
2022-12-19,17.25,17.309999,16.75,16.92,15.776033,11286600,0.0,0.0
2022-12-20,16.84,17.129999,16.48,16.879999,15.738738,15489700,0.0,0.0
2022-12-21,17.059999,17.34,16.809999,16.879999,15.738738,9827000,0.0,0.0
2022-12-22,16.68,16.98,16.290001,16.940001,15.794683,8433800,0.0,0.0
2022-12-23,16.610001,16.98,16.43,16.66,15.533614,9685800,0.0,0.0
2022-12-27,16.459999,16.719999,16.07,16.52,15.403077,8231100,0.0,0.0
2022-12-28,16.360001,16.620001,16.08,16.110001,15.020798,8819200,0.0,0.0
2022-12-29,16.35,16.959999,16.280001,16.77,15.636176,10443200,0.0,0.0
2022-12-30,16.51,16.91,16.42,16.879999,15.738738,9652200,0.0,0.0
2023-01-03,17.389999,17.700001,16.870001,17.07,15.915892,12693300,0.0,0.0
2023-01-04,17.4,18.549999,17.139999,18.5,17.24921,13236100,0.0,0.0
2023-01-05,18.299999,18.77,17.92,18.66,17.398388,8568600,0.0,0.0
2023-01-06,18.799999,19.08,18.280001,19.030001,17.743376,8439300,0.0,0.0
2023-01-09,19.17,19.65,18.91,19.549999,18.228218,10371600,0.0,0.0
2023-01-10,19.42,19.959999,19.309999,19.889999,18.545233,9916200,0.0,0.0
2023-01-11,20.040001,20.110001,19.48,20.0,18.647795,11009200,0.0,0.0
2023-01-12,20.200001,20.49,19.83,20.23,18.862242,8381300,0.0,0.0
2023-01-13,19.98,20.08,19.709999,20.059999,18.703735,7647300,0.0,0.0
2023-01-17,20.049999,20.860001,19.870001,20.639999,19.244522,10509800,0.0,0.0
2023-01-18,20.700001,20.969999,20.01,20.02,18.666445,9207700,0.0,0.0
2023-01-19,19.610001,19.700001,19.17,19.57,18.246864,9280000,0.0,0.0
2023-01-20,19.66,20.379999,19.360001,20.299999,18.927509,8541200,0.0,0.0
2023-01-23,20.370001,21.280001,20.35,21.16,19.729366,9105200,0.0,0.0
2023-01-24,21.059999,21.26,20.82,20.83,19.421679,5835200,0.0,0.0
2023-01-25,20.540001,22.040001,20.4,21.93,20.447306,12569900,0.0,0.0
2023-01-26,22.129999,22.719999,21.889999,22.41,20.89485,17152600,0.0,0.0
2023-01-27,22.35,23.290001,22.200001,23.07,21.510231,12597300,0.0,0.0
2023-01-30,22.799999,23.16,22.6,22.610001,21.081331,9024100,0.0,0.0
2023-01-31,22.18,23.200001,21.780001,23.16,21.594141,27171400,0.0,0.0
2023-02-01,23.1,24.639999,22.950001,24.4,22.750307,16302100,0.0,0.0
2023-02-02,24.9,25.93,24.82,25.25,23.542839,20276500,0.0,0.0
2023-02-03,24.59,25.17,24.41,24.6,22.936787,7279400,0.0,0.0
2023-02-06,24.33,24.440001,23.870001,24.059999,22.433298,8478100,0.0,0.0
2023-02-07,23.9,23.99,22.84,23.35,21.771299,9283200,0.0,0.0
2023-02-08,23.33,23.389999,22.379999,22.42,20.904181,9786300,0.0,0.0
2023-02-09,22.84,22.92,21.66,21.790001,20.316774,10279700,0.0,0.0
2023-02-10,21.5,21.969999,21.41,21.59,20.130295,7748100,0.0,0.0
2023-02-13,21.559999,22.32,21.190001,22.309999,20.801615,8906700,0.0,0.0
2023-02-14,22.200001,22.5,21.719999,22.450001,20.93215,7773500,0.0,0.0
2023-02-15,22.950001,24.66,22.66,24.540001,22.880844,23919000,0.0,0.0
2023-02-16,22.5,24.41,22.32,23.5,21.91116,26736800,0.0,0.0
2023-02-17,23.530001,24.09,23.35,23.690001,22.088312,18133900,0.0,0.0
2023-02-21,23.129999,23.48,22.809999,22.93,21.379694,12343200,0.0,0.0
2023-02-22,22.9,23.57,22.879999,23.299999,21.724676,8819900,0.0,0.0
2023-02-23,23.370001,23.700001,22.82,23.440001,21.855213,10965500,0.0,0.0
2023-02-24,22.65,22.84,21.799999,22.299999,20.792288,13419000,0.0,0.0
2023-02-27,22.440001,22.700001,21.940001,22.09,20.596491,11372000,0.0,0.0
2023-02-28,22.190001,22.190001,21.209999,21.42,19.971788,13354200,0.0,0.0
2023-03-01,21.41,21.809999,21.049999,21.719999,20.251505,9925000,0.0,0.0
2023-03-02,21.530001,22.370001,21.48,22.35,20.838909,8009100,0.0,0.0
2023-03-03,22.469999,22.67,22.34,22.59,21.062687,7552400,0.0,0.0
2023-03-06,22.85,22.940001,22.02,22.040001,20.54987,9241900,0.0,0.0
2023-03-07,22.17,22.299999,21.389999,21.48,20.027727,7756800,0.0,0.0
2023-03-08,21.559999,21.92,21.25,21.870001,20.391363,7210700,0.0,0.0
2023-03-09,21.82,21.959999,20.790001,20.860001,19.449652,9073800,0.0,0.0
2023-03-10,20.67,20.74,19.65,19.889999,18.545233,11895200,0.0,0.0
2023-03-13,19.540001,20.030001,19.17,19.4,18.08836,15789700,0.0,0.0
2023-03-14,19.950001,20.27,19.35,19.65,18.321457,10390100,0.0,0.0
2023-03-15,19.200001,19.83,18.889999,19.799999,18.461315,11795700,0.0,0.0
2023-03-16,19.6,20.09,19.389999,19.969999,18.61982,10474100,0.0,0.0
2023-03-17,19.620001,19.860001,19.459999,19.700001,18.591507,28213400,0.24,0.0
2023-03-20,19.719999,20.17,19.65,20.0,18.874632,7202400,0.0,0.0
2023-03-21,20.459999,21.309999,20.370001,21.25,20.054293,11417300,0.0,0.0
2023-03-22,21.23,21.57,20.68,20.690001,19.525803,8618700,0.0,0.0
2023-03-23,21.030001,21.440001,20.49,20.74,19.572992,7610500,0.0,0.0
2023-03-24,20.469999,20.540001,19.75,20.23,19.091688,10231600,0.0,0.0
2023-03-27,20.530001,20.98,20.379999,20.76,19.591866,5256700,0.0,0.0
2023-03-28,22.370001,22.74,21.290001,21.41,20.20529,16222600,0.0,0.0
2023-03-29,21.77,21.809999,21.09,21.51,20.299665,8438700,0.0,0.0
2023-03-30,21.700001,21.83,21.540001,21.709999,20.488411,5987300,0.0,0.0
2023-03-31,21.84,22.35,21.75,22.309999,21.054651,9649700,0.0,0.0
2023-04-03,22.370001,22.440001,21.59,21.790001,20.56391,11501100,0.0,0.0
2023-04-04,21.84,21.959999,21.41,21.610001,20.394039,9940300,0.0,0.0
2023-04-05,21.32,21.4,20.9,21.0,19.818363,10836400,0.0,0.0
2023-04-06,20.959999,21.77,20.719999,21.66,20.441227,8478000,0.0,0.0
2023-04-10,21.5,22.389999,21.4,22.299999,21.045206,7208000,0.0,0.0
2023-04-11,22.450001,23.469999,22.41,22.879999,21.592573,13385900,0.0,0.0
2023-04-12,23.209999,23.32,22.09,22.129999,20.884775,10768900,0.0,0.0
2023-04-13,22.08,22.440001,21.959999,22.139999,20.894217,9708500,0.0,0.0
2023-04-14,22.110001,22.219999,21.25,21.58,20.365726,8089200,0.0,0.0
2023-04-17,21.700001,22.190001,21.58,22.08,20.837593,6431900,0.0,0.0
2023-04-18,22.110001,22.219999,21.65,21.82,20.592218,5583100,0.0,0.0
2023-04-19,21.549999,22.780001,21.360001,22.559999,21.290583,10613400,0.0,0.0
2023-04-20,22.129999,22.469999,22.0,22.15,20.903654,8104200,0.0,0.0
2023-04-21,22.15,22.57,21.870001,22.530001,21.262268,7918700,0.0,0.0
2023-04-24,22.57,22.82,22.18,22.58,21.309458,8892800,0.0,0.0
2023-04-25,22.33,22.450001,21.870001,21.969999,20.73378,9405900,0.0,0.0
2023-04-26,22.09,22.27,21.620001,21.65,20.431786,5664000,0.0,0.0
2023-04-27,21.99,23.190001,21.84,23.08,21.781321,11427300,0.0,0.0
2023-04-28,22.99,23.6,22.639999,23.33,22.017254,9519100,0.0,0.0
2023-05-01,23.35,24.0,23.25,23.440001,22.121067,9924400,0.0,0.0
2023-05-02,23.17,23.25,22.700001,22.99,21.696388,11174600,0.0,0.0
2023-05-03,22.969999,23.459999,22.780001,22.889999,21.602015,11986000,0.0,0.0
2023-05-04,18.91,19.040001,16.389999,16.4,15.477198,72171000,0.0,0.0
2023-05-05,16.98,17.35,15.78,16.860001,15.911309,52342100,0.0,0.0
2023-05-08,16.969999,17.1,16.290001,16.99,16.034,18853400,0.0,0.0
2023-05-09,16.799999,17.1,16.49,16.530001,15.599881,14977700,0.0,0.0
2023-05-10,16.6,16.639999,15.56,15.85,14.958142,18320700,0.0,0.0
2023-05-11,15.6,15.67,15.16,15.37,14.505154,19051700,0.0,0.0
2023-05-12,15.35,15.5,14.92,15.02,14.17485,14403600,0.0,0.0
2023-05-15,15.2,15.81,15.0,15.81,14.920397,14599700,0.0,0.0
2023-05-16,15.72,15.72,14.93,14.95,14.108788,16927600,0.0,0.0
2023-05-17,15.06,15.69,14.88,15.57,14.6939,15776200,0.0,0.0
2023-05-18,15.66,16.120001,15.45,15.71,14.826021,17445700,0.0,0.0
2023-05-19,15.69,15.73,15.13,15.17,14.316408,11065700,0.0,0.0
2023-05-22,15.19,15.22,14.76,14.99,14.146534,18178400,0.0,0.0
2023-05-23,15.04,15.54,14.89,14.92,14.080473,19687400,0.0,0.0
2023-05-24,14.69,14.81,14.34,14.64,13.816229,24032100,0.0,0.0
2023-05-25,14.46,14.54,13.8,14.08,13.28774,28822700,0.0,0.0
2023-05-26,15.13,15.18,14.6,14.91,14.071035,26299800,0.0,0.0
2023-05-30,15.16,15.92,15.08,15.86,14.96758,26061500,0.0,0.0
2023-05-31,15.77,15.77,15.2,15.21,14.354156,46194200,0.0,0.0
2023-06-01,15.35,15.68,14.93,15.39,14.524028,11966100,0.0,0.0
2023-06-02,15.65,15.9,15.38,15.4,14.533464,12417900,0.0,0.0
2023-06-05,15.29,15.54,15.0,15.13,14.278658,12354500,0.0,0.0
2023-06-06,15.04,16.07,15.0,15.79,14.90152,12253400,0.0,0.0
2023-06-07,15.83,17.190001,15.76,16.4,15.477198,28373600,0.0,0.0
2023-06-08,16.4,16.82,16.0,16.58,15.647066,14195600,0.0,0.0
2023-06-09,16.52,16.610001,15.92,16.1,15.194077,13686200,0.0,0.0
2023-06-12,16.280001,16.9,16.200001,16.51,15.581007,11436300,0.0,0.0
2023-06-13,16.610001,16.889999,16.559999,16.620001,15.684819,9224900,0.0,0.0
2023-06-14,16.639999,17.139999,16.389999,16.6,15.713215,10376300,0.05,0.0
2023-06-15,16.440001,16.82,16.200001,16.530001,15.646954,10109400,0.0,0.0
2023-06-16,16.639999,16.639999,16.139999,16.280001,15.410308,13016000,0.0,0.0
2023-06-20,16.110001,16.200001,15.65,15.67,14.832896,11601200,0.0,0.0
2023-06-21,15.55,16.35,15.5,15.74,14.899158,20746300,0.0,0.0
2023-06-22,15.73,15.75,15.36,15.55,14.719306,10108700,0.0,0.0
2023-06-23,15.35,15.67,15.33,15.36,14.539457,8522300,0.0,0.0
2023-06-26,15.41,15.73,15.29,15.57,14.738239,9242600,0.0,0.0
2023-06-27,15.57,16.049999,15.33,15.88,15.031678,11224900,0.0,0.0
2023-06-28,15.7,15.75,15.51,15.74,14.899158,7278900,0.0,0.0
2023-06-29,15.67,16.190001,15.62,15.99,15.135803,9163000,0.0,0.0
2023-06-30,16.110001,16.190001,15.89,15.91,15.060076,8376700,0.0,0.0
2023-07-03,15.91,16.34,15.89,16.32,15.448174,5382900,0.0,0.0
2023-07-05,16.0,16.370001,15.64,16.15,15.287252,9928100,0.0,0.0
2023-07-06,15.86,16.51,15.81,16.469999,15.590158,9911500,0.0,0.0
2023-07-07,16.02,16.700001,15.8,16.290001,15.419777,12992100,0.0,0.0
2023-07-10,16.25,16.65,16.139999,16.24,15.372446,11417800,0.0,0.0
2023-07-11,16.32,17.02,16.280001,16.83,15.930928,9404800,0.0,0.0
2023-07-12,17.08,17.190001,16.51,16.540001,15.656424,13612500,0.0,0.0
2023-07-13,16.620001,16.950001,16.360001,16.82,15.921463,11985900,0.0,0.0
2023-07-14,16.719999,16.77,15.86,15.96,15.107402,16266200,0.0,0.0
2023-07-17,15.7,15.72,15.19,15.36,14.539457,18671400,0.0,0.0
2023-07-18,15.33,15.95,15.21,15.52,14.69091,12672900,0.0,0.0
2023-07-19,15.56,16.5,15.56,16.040001,15.183131,12852000,0.0,0.0
2023-07-20,15.84,16.110001,15.69,15.9,15.050607,7502300,0.0,0.0
2023-07-21,15.94,16.0,15.4,15.52,14.69091,12118100,0.0,0.0
2023-07-24,15.57,15.75,15.37,15.48,14.653046,8893300,0.0,0.0
2023-07-25,15.5,15.58,15.1,15.1,14.293346,9463900,0.0,0.0
2023-07-26,15.15,15.49,15.14,15.49,14.662511,7211300,0.0,0.0
2023-07-27,15.65,15.68,14.98,15.04,14.236549,10479500,0.0,0.0
2023-07-28,15.35,15.48,15.21,15.33,14.511058,7631700,0.0,0.0
2023-07-31,15.48,16.24,15.42,16.030001,15.173665,12208100,0.0,0.0
2023-08-01,16.049999,16.15,15.8,16.059999,15.202063,8947300,0.0,0.0
2023-08-02,15.85,16.040001,15.53,15.55,14.719306,9222900,0.0,0.0
2023-08-03,15.43,15.45,14.85,15.09,14.28388,12955400,0.0,0.0
2023-08-04,15.2,15.9,15.17,15.63,14.795032,11777400,0.0,0.0
2023-08-07,15.72,16.25,15.7,16.09,15.23046,20930100,0.0,0.0
2023-08-08,16.360001,16.52,15.37,16.35,15.476569,22037000,0.0,0.0
2023-08-09,16.299999,16.450001,15.59,15.62,14.785566,10864200,0.0,0.0
2023-08-10,15.7,15.98,15.41,15.47,14.643579,10570500,0.0,0.0
2023-08-11,15.33,15.43,15.13,15.27,14.454264,9845400,0.0,0.0
2023-08-14,15.04,15.18,14.61,14.93,14.132427,14998800,0.0,0.0
2023-08-15,14.76,15.48,14.62,15.37,14.548923,10156700,0.0,0.0
2023-08-16,15.28,15.39,14.91,14.99,14.189221,7086300,0.0,0.0
2023-08-17,14.82,15.02,14.53,14.55,13.772728,13194400,0.0,0.0
2023-08-18,14.48,14.83,14.43,14.81,14.018839,8817700,0.0,0.0
2023-08-21,14.78,14.81,14.5,14.64,13.85792,7215600,0.0,0.0
2023-08-22,14.64,14.76,14.49,14.54,13.763265,6447100,0.0,0.0
2023-08-23,14.51,15.02,14.41,15.0,14.198689,7547600,0.0,0.0
2023-08-24,14.89,15.05,14.63,14.73,13.943111,5919700,0.0,0.0
2023-08-25,14.74,14.9,14.42,14.44,13.668602,7713500,0.0,0.0
2023-08-28,14.56,14.82,14.51,14.74,13.952578,7048800,0.0,0.0
2023-08-29,14.81,14.98,14.67,14.96,14.160827,6560900,0.0,0.0
2023-08-30,15.08,15.29,14.84,15.1,14.293346,6440300,0.0,0.0
2023-08-31,15.13,15.33,15.05,15.09,14.28388,6727400,0.0,0.0
2023-09-01,14.7,14.73,13.62,13.65,12.920806,32745300,0.0,0.0
2023-09-05,13.6,14.05,13.48,13.65,12.920806,12582600,0.0,0.0
2023-09-06,13.53,13.58,13.3,13.4,12.68416,15497300,0.0,0.0
2023-09-07,13.26,13.29,12.84,13.02,12.324464,20686600,0.0,0.0
2023-09-08,13.02,13.72,13.02,13.66,12.930271,13775600,0.0,0.0
2023-09-11,13.75,14.46,13.43,13.55,12.826149,19227900,0.0,0.0
2023-09-12,13.62,13.8,13.36,13.51,12.788285,10494400,0.0,0.0
2023-09-13,13.64,13.75,13.23,13.37,12.655764,10485800,0.0,0.0
2023-09-14,13.56,13.89,13.53,13.79,13.102326,9988800,0.05,0.0
2023-09-15,13.79,14.57,13.73,14.06,13.358862,18420100,0.0,0.0
2023-09-18,13.99,14.03,13.47,13.6,12.921802,9015800,0.0,0.0
2023-09-19,13.56,13.72,13.51,13.6,12.921802,6225600,0.0,0.0
2023-09-20,13.7,13.71,13.22,13.24,12.579753,7217200,0.0,0.0
2023-09-21,13.33,13.66,13.28,13.3,12.636762,9280500,0.0,0.0
2023-09-22,13.39,13.62,12.56,12.64,12.009673,20955900,0.0,0.0
2023-09-25,12.73,12.73,12.21,12.66,12.028676,16022300,0.0,0.0
2023-09-26,12.47,12.77,12.43,12.46,11.838651,9873900,0.0,0.0
2023-09-27,12.53,12.91,12.48,12.78,12.142692,9315700,0.0,0.0
2023-09-28,12.75,12.95,12.66,12.82,12.180697,6734000,0.0,0.0
2023-09-29,12.88,13.12,12.77,12.9,12.256707,8590300,0.0,0.0
2023-10-02,12.79,12.89,12.43,12.59,11.962168,7348000,0.0,0.0
2023-10-03,12.44,12.65,11.98,11.99,11.392087,17170700,0.0,0.0
2023-10-04,12.1,12.11,11.69,11.83,11.240067,12779100,0.0,0.0
2023-10-05,11.77,11.89,11.48,11.67,11.088047,12905300,0.0,0.0
2023-10-06,11.56,11.99,11.39,11.82,11.230564,11786000,0.0,0.0
2023-10-09,11.65,11.98,11.39,11.96,11.363585,9989000,0.0,0.0
2023-10-10,11.91,12.49,11.91,12.43,11.810147,8911300,0.0,0.0
2023-10-11,12.45,12.62,12.05,12.14,11.534608,7185300,0.0,0.0
2023-10-12,12.1,12.13,11.6,11.73,11.145052,8953900,0.0,0.0
2023-10-13,11.73,12.01,11.71,11.9,11.306576,8957500,0.0,0.0
2023-10-16,11.96,12.33,11.79,12.26,11.648624,9516500,0.0,0.0
2023-10-17,12.13,12.61,12.13,12.46,11.838651,7986600,0.0,0.0
2023-10-18,12.34,12.4,12.16,12.19,11.582114,6197000,0.0,0.0
2023-10-19,12.28,12.3,11.76,11.78,11.192561,11896000,0.0,0.0
2023-10-20,11.7,11.91,11.48,11.5,10.926522,9714800,0.0,0.0
2023-10-23,11.39,11.5,11.07,11.19,10.631981,13490700,0.0,0.0
2023-10-24,11.27,11.53,11.1,11.15,10.593977,13659000,0.0,0.0
2023-10-25,11.09,11.27,10.89,10.94,10.394447,12903900,0.0,0.0
2023-10-26,10.95,11.06,10.63,10.9,10.356443,12000800,0.0,0.0
2023-10-27,10.9,11.0,10.64,10.7,10.166418,11126900,0.0,0.0
2023-10-30,10.76,11.11,10.74,11.0,10.451455,13337400,0.0,0.0
2023-10-31,11.06,11.13,10.82,10.88,10.33744,15194100,0.0,0.0
2023-11-01,10.72,10.81,10.51,10.8,10.261431,16678200,0.0,0.0
2023-11-02,11.07,11.94,11.04,11.92,11.32558,23944800,0.0,0.0
2023-11-03,12.95,13.81,12.85,13.76,13.073823,31936400,0.0,0.0
2023-11-06,13.09,13.42,12.44,12.69,12.05718,22297000,0.0,0.0
2023-11-07,12.62,12.95,12.5,12.84,12.199699,12593400,0.0,0.0
2023-11-08,12.23,12.29,11.56,11.82,11.230564,24142800,0.0,0.0
2023-11-09,12.17,12.37,11.81,12.13,11.525105,18170000,0.0,0.0
2023-11-10,12.18,12.23,11.88,12.1,11.496603,9588600,0.0,0.0
2023-11-13,12.04,12.25,11.91,12.0,11.401588,8205800,0.0,0.0
2023-11-14,12.55,13.23,12.46,12.52,11.895658,16142300,0.0,0.0
2023-11-15,12.55,13.24,12.55,13.17,12.513244,11573500,0.0,0.0
2023-11-16,13.15,13.3,12.44,12.76,12.12369,12066000,0.0,0.0
2023-11-17,12.9,13.29,12.8,13.19,12.532247,9407700,0.0,0.0
2023-11-20,13.43,14.26,13.24,13.93,13.235345,21637600,0.0,0.0
2023-11-21,13.75,14.12,13.63,14.06,13.358862,16462800,0.0,0.0
2023-11-22,14.2,14.24,14.05,14.16,13.453876,15799100,0.0,0.0
2023-11-24,14.2,14.3,14.11,14.21,13.501381,3299700,0.0,0.0
2023-11-27,14.04,14.21,13.86,14.15,13.444373,7085400,0.0,0.0
2023-11-28,14.15,14.21,13.8,13.91,13.216343,11999500,0.0,0.0
2023-11-29,14.07,14.45,13.99,14.41,13.691409,10677500,0.0,0.0
2023-11-30,14.45,14.49,14.23,14.37,13.653403,13241500,0.0,0.0
2023-12-01,14.8,15.81,14.42,15.78,14.99309,30992200,0.0,0.0
2023-12-04,15.74,16.01,15.49,15.95,15.154613,13153200,0.0,0.0
2023-12-05,15.81,15.87,15.36,15.51,14.736554,12367500,0.0,0.0
2023-12-06,15.56,15.76,15.19,15.22,14.461016,9695600,0.0,0.0
2023-12-07,15.25,15.34,14.96,15.03,14.28049,9889100,0.0,0.0
2023-12-08,15.75,17.26,15.72,16.85,16.009733,49773400,0.0,0.0
2023-12-11,17.389999,17.5,16.120001,16.24,15.43015,26904100,0.0,0.0
2023-12-12,16.219999,16.280001,15.23,15.27,14.508523,19420900,0.0,0.0
2023-12-13,15.06,15.88,14.67,15.73,14.945583,26230000,0.0,0.0
2023-12-14,16.16,16.83,16.16,16.709999,15.927341,20096000,0.05,0.0
2023-12-15,16.59,16.629999,15.98,16.27,15.50795,24281300,0.0,0.0
2023-12-18,16.07,16.299999,15.45,15.51,14.783545,14119800,0.0,0.0
2023-12-19,15.55,15.93,15.4,15.82,15.079026,14748900,0.0,0.0
2023-12-20,16.01,16.280001,15.17,15.5,14.774014,36752800,0.0,0.0
2023-12-21,15.21,15.5,14.79,15.07,14.364153,30003100,0.0,0.0
2023-12-22,15.11,15.3,14.95,15.0,14.297435,17819000,0.0,0.0
2023-12-26,15.0,15.15,14.89,15.02,14.316496,12556500,0.0,0.0
2023-12-27,14.98,15.0,14.72,14.99,14.2879,9116200,0.0,0.0
2023-12-28,14.98,15.38,14.9,15.15,14.440407,21671700,0.0,0.0
2023-12-29,15.0,15.15,14.75,14.79,14.097267,12177900,0.0,0.0
2024-01-02,14.69,14.75,14.34,14.4,13.725536,14285900,0.0,0.0
2024-01-03,14.13,14.32,13.78,14.19,13.525373,14447400,0.0,0.0
2024-01-04,14.19,14.53,14.01,14.49,13.811321,10727600,0.0,0.0
2024-01-05,14.39,15.04,14.31,14.65,13.963825,12739800,0.0,0.0
2024-01-08,14.56,14.96,14.48,14.69,14.001952,12360800,0.0,0.0
2024-01-09,14.53,14.56,14.19,14.23,13.563496,10562000,0.0,0.0
2024-01-10,14.13,14.56,13.92,14.12,13.45865,21357300,0.0,0.0
2024-01-11,13.88,13.9,13.16,13.35,12.724715,19492100,0.0,0.0
2024-01-12,13.31,13.67,13.24,13.33,12.705652,12371300,0.0,0.0
2024-01-16,13.19,13.51,13.12,13.23,12.610336,11028800,0.0,0.0
2024-01-17,13.08,13.2,12.84,13.0,12.391109,10282900,0.0,0.0
2024-01-18,13.14,13.19,12.91,13.11,12.495955,7927900,0.0,0.0
2024-01-19,13.05,13.46,12.86,13.4,12.772373,13799700,0.0,0.0
2024-01-22,13.43,14.05,13.41,13.75,13.105979,11615900,0.0,0.0
2024-01-23,13.9,13.98,13.65,13.68,13.039259,9361500,0.0,0.0
2024-01-24,13.82,13.83,13.08,13.36,12.734247,17391900,0.0,0.0
2024-01-25,13.96,14.53,13.49,13.96,13.306145,30678900,0.0,0.0
2024-01-26,13.98,14.01,13.73,13.8,13.153637,8992600,0.0,0.0
2024-01-29,13.75,13.84,13.46,13.75,13.105979,8470100,0.0,0.0
2024-01-30,13.55,13.91,13.49,13.68,13.039259,8704100,0.0,0.0
2024-01-31,15.66,15.7,14.57,14.59,13.906636,71655800,0.0,0.0
2024-02-01,14.9,15.0,14.43,14.68,13.992422,16944300,0.0,0.0
2024-02-02,14.52,14.55,14.26,14.43,13.754131,14524400,0.0,0.0
2024-02-05,14.35,14.38,13.89,14.02,13.363335,13217600,0.0,0.0
2024-02-06,14.0,14.17,13.93,13.99,13.334739,11769800,0.0,0.0
2024-02-07,13.9,13.91,12.8,12.85,12.248134,27707100,0.0,0.0
2024-02-08,13.0,13.13,12.66,13.01,12.400639,12737800,0.0,0.0
2024-02-09,13.06,13.17,12.84,12.9,12.295792,9780300,0.0,0.0
2024-02-12,12.95,13.61,12.88,13.41,12.781905,18549900,0.0,0.0
2024-02-13,13.1,13.15,12.77,13.0,12.391109,15176500,0.0,0.0
2024-02-14,13.16,13.24,12.98,13.19,12.572208,12184200,0.0,0.0
2024-02-15,12.66,13.12,12.35,12.59,12.000312,20832800,0.0,0.0
2024-02-16,12.46,12.54,12.0,12.0,11.437946,21617200,0.0,0.0
2024-02-20,11.94,12.16,11.84,11.95,11.390287,13027000,0.0,0.0
2024-02-21,11.83,11.89,11.7,11.8,11.247314,10259800,0.0,0.0
2024-02-22,11.92,11.94,11.69,11.71,11.16153,11178600,0.0,0.0
2024-02-23,11.35,11.51,10.99,11.21,10.684949,23106600,0.0,0.0
2024-02-26,11.2,11.39,11.02,11.09,10.570569,19461400,0.0,0.0
2024-02-27,11.12,11.34,10.9,11.25,10.723074,25111200,0.0,0.0
2024-02-28,11.08,11.37,10.93,11.06,10.541973,28898500,0.0,0.0
2024-02-29,11.38,11.98,11.0,11.04,10.522912,38591000,0.0,0.0
2024-03-01,11.05,11.07,10.81,10.95,10.437126,15587000,0.0,0.0
2024-03-04,10.85,10.9,10.2,10.3,9.817572,25771200,0.0,0.0
2024-03-05,10.25,10.39,10.16,10.21,9.731785,11957200,0.0,0.0
2024-03-06,10.27,10.63,10.21,10.5,10.008202,14075000,0.0,0.0
2024-03-07,10.53,10.99,10.52,10.8,10.294151,15283600,0.0,0.0
2024-03-08,10.9,11.03,10.79,10.93,10.418063,12173600,0.0,0.0
2024-03-11,10.92,11.69,10.85,11.62,11.075744,18432600,0.0,0.0
2024-03-12,12.2,12.21,11.46,11.59,11.047149,19020600,0.0,0.0
2024-03-13,11.55,11.88,11.55,11.68,11.132935,9810100,0.0,0.0
2024-03-14,11.65,11.65,11.13,11.26,10.778749,16119900,0.05,0.0
2024-03-15,11.26,11.37,11.14,11.21,10.730886,35215200,0.0,0.0
2024-03-18,11.23,11.26,11.03,11.2,10.721313,9527200,0.0,0.0
2024-03-19,11.1,11.37,11.08,11.19,10.711739,10960200,0.0,0.0
2024-03-20,11.16,12.56,11.07,12.51,11.975324,40555900,0.0,0.0
2024-03-21,12.57,12.71,11.77,11.82,11.314813,25037500,0.0,0.0
2024-03-22,11.84,11.84,11.24,11.25,10.769176,16685700,0.0,0.0
2024-03-25,11.35,11.47,11.19,11.45,10.960628,9294800,0.0,0.0
2024-03-26,11.53,11.63,11.3,11.37,10.884047,8956500,0.0,0.0
2024-03-27,11.39,11.74,11.28,11.7,11.199942,17754500,0.0,0.0
2024-03-28,11.62,11.91,11.61,11.77,11.266951,9850400,0.0,0.0
2024-04-01,11.81,11.84,11.56,11.75,11.247805,9544600,0.0,0.0
2024-04-02,11.59,11.78,11.48,11.76,11.25738,10179800,0.0,0.0
2024-04-03,11.86,13.8,11.32,13.52,12.942157,63228800,0.0,0.0
2024-04-04,12.39,13.52,12.1,12.37,11.841306,51854600,0.0,0.0
2024-04-05,12.51,12.79,11.68,11.97,11.458403,51436900,0.0,0.0
2024-04-08,11.83,11.84,11.06,11.06,10.587296,36881000,0.0,0.0
2024-04-09,11.01,11.25,10.89,10.97,10.501143,17748200,0.0,0.0
2024-04-10,10.7,10.98,10.12,10.5,10.051229,35124900,0.0,0.0
2024-04-11,10.6,11.38,10.58,11.27,10.788321,27581200,0.0,0.0
2024-04-12,11.11,11.24,10.9,10.96,10.49157,14768800,0.0,0.0
2024-04-15,10.93,11.09,10.75,10.9,10.434134,18417000,0.0,0.0
2024-04-16,10.7,10.83,10.37,10.43,9.984222,14883100,0.0,0.0
2024-04-17,10.5,10.9,10.49,10.81,10.347981,11543100,0.0,0.0
2024-04-18,10.79,11.18,10.76,10.97,10.501143,11669400,0.0,0.0
2024-04-19,11.94,12.58,11.67,12.44,11.908316,45625400,0.0,0.0
2024-04-22,12.46,12.53,11.93,12.38,11.850881,19616800,0.0,0.0
2024-04-23,12.21,12.98,12.2,12.74,12.195492,15385700,0.0,0.0
2024-04-24,12.65,12.81,12.4,12.68,12.138059,9629300,0.0,0.0
2024-04-25,12.53,12.73,12.08,12.18,11.659428,18338200,0.0,0.0
2024-04-26,11.89,12.23,11.82,11.91,11.400967,15347000,0.0,0.0
2024-04-29,12.5,12.75,12.16,12.25,11.726436,26501600,0.0,0.0
2024-04-30,12.1,12.12,11.33,11.39,10.903193,23834600,0.0,0.0
2024-05-01,11.47,12.32,11.46,12.26,11.736008,18519500,0.0,0.0
2024-05-02,12.27,14.0,12.06,13.86,13.267623,64803800,0.0,0.0
2024-05-03,14.35,14.54,12.86,12.89,12.339083,67049300,0.0,0.0
2024-05-06,13.34,13.79,13.18,13.29,12.721985,23587300,0.0,0.0
2024-05-07,13.25,13.36,12.84,12.89,12.339083,15564800,0.0,0.0
2024-05-08,12.8,12.91,12.6,12.82,12.272074,12066800,0.0,0.0
2024-05-09,12.82,13.11,12.7,13.08,12.520961,10530600,0.0,0.0
2024-05-10,13.13,13.25,13.0,13.05,12.492244,9494500,0.0,0.0
2024-05-13,13.05,13.4,12.98,13.01,12.453951,8930600,0.0,0.0
2024-05-14,13.15,13.36,11.89,12.33,11.803017,29621000,0.0,0.0
2024-05-15,12.32,12.67,12.32,12.56,12.023186,12064600,0.0,0.0
2024-05-16,12.49,12.76,12.48,12.64,12.099767,8150100,0.0,0.0
2024-05-17,12.58,12.6,12.02,12.02,11.506266,17127600,0.0,0.0
2024-05-20,12.29,12.29,11.9,12.02,11.506266,10345300,0.0,0.0
2024-05-21,11.91,12.28,11.9,12.1,11.582847,11484900,0.0,0.0
2024-05-22,12.01,12.24,11.92,12.2,11.678573,6800600,0.0,0.0
2024-05-23,12.13,12.16,11.65,11.79,11.286095,12475700,0.0,0.0
2024-05-24,11.86,11.98,11.73,11.96,11.448831,6795900,0.0,0.0
2024-05-28,11.84,12.05,11.78,12.01,11.496695,8082900,0.0,0.0
2024-05-29,11.84,11.92,11.63,11.7,11.199942,7820000,0.0,0.0
2024-05-30,11.67,12.12,11.37,11.82,11.314813,25535200,0.0,0.0
2024-05-31,11.89,12.13,11.75,11.91,11.400967,19774900,0.0,0.0
2024-06-03,12.85,13.05,12.68,12.8,12.252929,34518500,0.0,0.0
2024-06-04,12.65,12.67,12.09,12.24,11.716864,18380100,0.0,0.0
2024-06-05,12.29,12.37,11.99,12.08,11.563701,10877700,0.0,0.0
2024-06-06,11.99,12.19,11.9,11.97,11.458403,9480400,0.0,0.0
2024-06-07,11.9,12.2,11.89,12.01,11.496695,10860800,0.0,0.0
2024-06-10,11.9,12.01,11.77,11.98,11.467974,8942600,0.0,0.0
2024-06-11,11.88,12.4,10.65,11.04,10.568152,36348700,0.0,0.0
2024-06-12,10.68,11.16,10.68,11.12,10.644731,31180700,0.0,0.0
2024-06-13,10.98,10.98,10.23,10.35,9.907641,30459800,0.0,0.0
2024-06-14,10.33,10.66,10.15,10.17,9.735335,15167100,0.0,0.0
2024-06-17,10.11,10.16,9.81,9.83,9.456357,15370600,0.05,0.0
2024-06-18,9.81,9.91,9.54,9.61,9.24472,14859900,0.0,0.0
2024-06-20,9.61,10.09,9.59,10.06,9.677617,22311000,0.0,0.0
2024-06-21,10.01,10.27,10.01,10.15,9.764193,20933000,0.0,0.0
2024-06-24,10.13,10.38,10.0,10.29,9.898873,9452400,0.0,0.0
2024-06-25,10.06,10.25,9.83,10.11,9.725715,12852200,0.0,0.0
2024-06-26,10.05,10.1,9.87,9.97,9.591035,9644000,0.0,0.0
2024-06-27,9.95,10.29,9.93,10.26,9.870014,12023600,0.0,0.0
2024-06-28,10.27,10.48,10.22,10.39,9.995073,14708800,0.0,0.0
2024-07-01,10.39,10.48,10.06,10.14,9.754575,11285400,0.0,0.0
2024-07-02,10.5,10.75,10.31,10.72,10.312529,20170500,0.0,0.0
2024-07-03,12.12,12.13,11.39,11.46,11.024401,35905200,0.0,0.0
2024-07-05,11.45,11.86,11.35,11.81,11.361097,20846500,0.0,0.0
2024-07-08,11.96,11.96,11.11,11.18,10.755044,42675400,0.0,0.0
2024-07-09,11.06,11.56,11.05,11.53,11.091741,22295800,0.0,0.0
2024-07-10,11.57,11.82,11.49,11.7,11.255278,16335400,0.0,0.0
2024-07-11,11.79,11.88,11.64,11.73,11.284138,9200700,0.0,0.0
2024-07-12,11.72,11.79,11.35,11.56,11.120601,9730400,0.0,0.0
2024-07-15,11.63,11.64,11.42,11.58,11.139838,6543700,0.0,0.0
2024-07-16,11.55,11.96,11.45,11.95,11.495775,9595700,0.0,0.0
2024-07-17,11.82,11.97,11.8,11.87,11.418818,7943300,0.0,0.0
2024-07-18,11.86,11.89,11.61,11.63,11.18794,10673900,0.0,0.0
2024-07-19,11.65,11.65,11.44,11.52,11.082121,6278100,0.0,0.0
2024-07-22,11.42,11.56,11.24,11.54,11.101358,7978000,0.0,0.0
2024-07-23,11.45,11.79,11.42,11.74,11.293758,6932100,0.0,0.0
2024-07-24,11.68,11.8,11.62,11.65,11.207179,6750600,0.0,0.0
2024-07-25,11.6,11.73,11.45,11.46,11.024401,9255800,0.0,0.0
2024-07-26,11.59,11.71,11.15,11.19,10.764663,9816100,0.0,0.0
2024-07-29,11.2,11.28,11.03,11.06,10.639604,8021000,0.0,0.0
2024-07-30,11.02,11.32,10.96,11.24,10.812763,9522500,0.0,0.0
2024-07-31,11.35,11.7,11.26,11.42,10.98592,15478600,0.0,0.0
2024-08-01,11.36,11.46,11.01,11.11,10.687704,7553400,0.0,0.0
2024-08-02,11.0,11.13,10.75,11.0,10.581885,8915000,0.0,0.0
2024-08-05,10.6,10.99,10.48,10.53,10.12975,10478600,0.0,0.0
2024-08-06,10.54,10.82,10.45,10.45,10.052793,10465900,0.0,0.0
2024-08-07,10.52,10.63,10.4,10.46,10.06241,7896200,0.0,0.0
2024-08-08,10.4,10.45,10.11,10.21,9.821913,14892300,0.0,0.0
2024-08-09,10.61,10.79,10.2,10.3,9.908493,14193200,0.0,0.0
2024-08-12,10.29,10.41,10.18,10.32,9.927731,6385100,0.0,0.0
2024-08-13,10.32,10.38,10.18,10.29,9.898873,10119300,0.0,0.0
2024-08-14,10.3,10.33,10.18,10.23,9.841154,7187100,0.0,0.0
2024-08-15,10.33,11.16,10.32,10.96,10.543407,22511200,0.0,0.0
2024-08-16,10.99,11.05,10.81,11.0,10.581885,9840300,0.0,0.0
2024-08-19,10.94,11.16,10.86,11.07,10.649224,11324000,0.0,0.0
2024-08-20,10.72,11.09,10.69,10.94,10.524164,12681800,0.0,0.0
2024-08-21,11.05,11.2,10.98,11.09,10.668466,7176000,0.0,0.0
2024-08-22,11.21,11.3,11.05,11.18,10.755044,7863300,0.0,0.0
2024-08-23,11.11,11.4,11.03,11.36,10.928201,7642300,0.0,0.0
2024-08-26,11.38,11.46,11.28,11.33,10.899343,9390300,0.0,0.0
2024-08-27,10.89,10.95,10.51,10.52,10.120131,17312700,0.0,0.0
2024-08-28,10.5,10.79,10.49,10.7,10.293287,9517700,0.0,0.0
2024-08-29,10.73,10.82,10.44,10.46,10.06241,11261800,0.0,0.0
2024-08-30,10.56,10.6,10.27,10.47,10.07203,18652600,0.0,0.0
2024-09-03,10.42,10.53,10.32,10.42,10.023932,7184300,0.0,0.0
2024-09-04,10.46,10.56,10.42,10.46,10.06241,7891100,0.0,0.0
2024-09-05,10.5,10.58,10.35,10.38,9.985452,10023300,0.0,0.0
2024-09-06,10.39,10.42,10.08,10.09,9.706474,8040200,0.0,0.0
2024-09-09,10.1,10.36,10.07,10.31,9.918114,9985400,0.0,0.0
2024-09-10,10.33,10.35,10.01,10.09,9.706474,8484900,0.0,0.0
2024-09-11,10.09,10.13,9.95,9.98,9.600657,7634600,0.0,0.0
2024-09-12,10.05,10.28,9.98,10.26,9.870014,7202800,0.0,0.0
2024-09-13,10.3,10.62,10.3,10.57,10.168231,8732500,0.0,0.0
2024-09-16,10.59,10.66,10.36,10.42,10.071574,6489100,0.05,0.0
2024-09-17,10.45,10.64,10.32,10.44,10.090903,5793000,0.0,0.0
2024-09-18,10.49,10.76,10.47,10.56,10.206892,7193200,0.0,0.0
2024-09-19,10.72,10.84,10.36,10.46,10.110235,6670400,0.0,0.0
2024-09-20,10.43,10.46,10.28,10.37,10.023246,33505500,0.0,0.0
2024-09-23,10.37,10.42,10.29,10.38,10.03291,5902300,0.0,0.0
2024-09-24,10.42,10.55,10.34,10.55,10.197227,4747500,0.0,0.0
2024-09-25,10.53,10.56,10.41,10.55,10.197227,4942500,0.0,0.0
2024-09-26,10.6,10.67,10.51,10.66,10.303548,4399000,0.0,0.0
2024-09-27,10.74,10.9,10.62,10.79,10.4292,5269800,0.0,0.0
2024-09-30,10.7,10.76,10.55,10.62,10.264885,7416200,0.0,0.0
2024-10-01,10.6,10.74,10.55,10.6,10.245555,5953800,0.0,0.0
2024-10-02,10.6,10.63,10.42,10.43,10.081241,5171000,0.0,0.0
2024-10-03,10.39,10.53,10.27,10.45,10.100572,6605000,0.0,0.0
2024-10-04,10.51,10.56,10.39,10.52,10.16823,5152100,0.0,0.0
2024-10-07,10.51,10.55,10.41,10.52,10.16823,4937800,0.0,0.0
2024-10-08,10.46,10.52,10.42,10.5,10.148897,4109100,0.0,0.0
2024-10-09,10.47,10.59,10.45,10.55,10.197227,6750700,0.0,0.0
2024-10-10,10.51,10.55,10.32,10.34,9.994247,4974400,0.0,0.0
2024-10-11,10.3,10.45,10.3,10.35,10.003913,4382500,0.0,0.0
2024-10-14,10.35,10.43,10.33,10.37,10.023246,3350500,0.0,0.0
2024-10-15,10.35,10.51,10.35,10.5,10.148897,6693000,0.0,0.0
2024-10-16,10.48,10.6,10.48,10.52,10.16823,4658600,0.0,0.0
2024-10-17,10.49,10.52,10.28,10.33,9.984584,9025300,0.0,0.0
2024-10-18,10.46,10.52,10.41,10.45,10.100572,4590700,0.0,0.0
2024-10-21,10.46,10.48,10.31,10.31,9.965253,5225400,0.0,0.0
2024-10-22,10.3,10.38,10.27,10.27,9.92659,5931500,0.0,0.0
2024-10-23,10.27,10.36,10.22,10.31,9.965253,4890600,0.0,0.0
2024-10-24,10.31,10.34,10.24,10.3,9.955586,3633000,0.0,0.0
2024-10-25,10.32,10.45,10.25,10.27,9.92659,5719700,0.0,0.0
2024-10-28,10.34,10.5,10.29,10.43,10.081241,5253800,0.0,0.0
2024-10-29,10.39,10.53,10.37,10.47,10.119901,3973100,0.0,0.0
2024-10-30,10.4,10.67,10.39,10.66,10.303548,5231700,0.0,0.0
2024-10-31,10.75,10.98,10.71,10.94,10.574183,8559600,0.0,0.0
2024-11-01,10.91,11.0,10.72,10.98,10.612848,6577400,0.0,0.0
2024-11-04,11.0,11.05,10.84,10.87,10.506525,4809700,0.0,0.0
2024-11-05,10.89,11.14,10.83,11.09,10.719171,6898200,0.0,0.0
2024-11-06,11.22,11.45,11.11,11.38,10.999473,12576200,0.0,0.0
2024-11-07,11.37,11.55,11.27,11.53,11.144458,10617900,0.0,0.0
2024-11-08,11.51,11.54,10.87,11.07,10.699839,15682600,0.0,0.0
2024-11-11,11.16,11.59,11.1,11.55,11.163789,14093800,0.0,0.0
2024-11-12,11.4,11.52,11.24,11.45,11.067132,10026800,0.0,0.0
2024-11-13,11.5,11.51,11.14,11.16,10.78683,12007300,0.0,0.0
2024-11-14,11.24,11.38,11.1,11.35,10.970476,9294800,0.0,0.0
2024-11-15,11.24,11.38,10.8,10.84,10.47753,14795800,0.0,0.0
2024-11-18,10.78,10.91,10.56,10.61,10.255219,12238900,0.0,0.0
2024-11-19,10.51,10.55,10.27,10.33,9.984584,16248600,0.0,0.0
2024-11-20,10.35,10.6,10.29,10.58,10.226223,8702400,0.0,0.0
2024-11-21,10.53,11.12,10.53,11.09,10.719171,11221100,0.0,0.0
2024-11-22,11.1,11.19,10.85,10.88,10.516191,11242700,0.0,0.0
2024-11-25,10.8,11.25,10.78,11.12,10.748168,55191500,0.0,0.0
2024-11-26,11.11,11.19,10.6,10.64,10.284217,13048300,0.0,0.0
2024-11-27,10.61,10.87,10.58,10.77,10.409871,11266300,0.0,0.0
2024-11-29,10.79,10.92,10.76,10.85,10.487195,3651800,0.0,0.0
2024-12-02,10.88,11.0,10.75,10.98,10.612848,6265800,0.0,0.0
2024-12-03,10.89,10.99,10.79,10.92,10.554853,5923400,0.0,0.0
2024-12-04,10.84,11.1,10.84,11.02,10.651512,8061700,0.0,0.0
2024-12-05,11.01,11.08,10.77,10.81,10.448533,7051400,0.0,0.0
2024-12-06,10.85,10.99,10.68,10.99,10.622514,7609400,0.0,0.0
2024-12-09,11.03,11.22,10.93,11.17,10.796494,11064900,0.0,0.0
2024-12-10,11.09,11.28,11.02,11.2,10.825491,8990300,0.0,0.0
2024-12-11,11.18,11.28,11.06,11.19,10.815825,9915500,0.0,0.0
2024-12-12,11.27,11.69,11.14,11.63,11.241114,11272600,0.0,0.0
2024-12-13,11.64,11.65,11.2,11.22,10.844824,5618800,0.0,0.0
2024-12-16,11.18,11.24,10.96,10.98,10.660355,8274700,0.05,0.0
2024-12-17,10.91,10.96,10.79,10.81,10.495304,7242400,0.0,0.0
2024-12-18,10.85,11.05,10.64,10.68,10.369089,12328500,0.0,0.0
2024-12-19,10.72,10.82,10.57,10.58,10.271999,9067300,0.0,0.0
2024-12-20,10.59,10.88,10.48,10.66,10.349669,18990900,0.0,0.0
2024-12-23,10.62,10.65,10.33,10.35,10.048694,9671800,0.0,0.0
2024-12-24,10.38,10.45,10.31,10.42,10.116657,4116200,0.0,0.0
2024-12-26,10.39,10.47,10.33,10.44,10.136073,6849800,0.0,0.0
2024-12-27,10.39,10.55,10.32,10.4,10.097239,5766200,0.0,0.0
2024-12-30,10.35,10.4,10.21,10.34,10.038985,8242100,0.0,0.0
2024-12-31,10.34,10.5,10.33,10.46,10.155492,9559000,0.0,0.0
2025-01-02,10.51,10.61,10.4,10.58,10.271999,9216900,0.0,0.0
2025-01-03,10.6,10.75,10.52,10.67,10.35938,5765700,0.0,0.0
2025-01-06,10.78,10.99,10.75,10.93,10.61181,7853300,0.0,0.0
2025-01-07,11.0,11.05,10.84,10.89,10.572974,6841200,0.0,0.0
2025-01-08,10.79,10.82,10.46,10.64,10.330252,8025400,0.0,0.0
2025-01-10,10.53,10.63,10.46,10.48,10.174909,10085800,0.0,0.0
2025-01-13,10.45,10.76,10.41,10.72,10.407924,8253900,0.0,0.0
2025-01-14,10.71,10.76,10.57,10.67,10.35938,6133200,0.0,0.0
2025-01-15,10.8,10.83,10.44,10.44,10.136073,9453600,0.0,0.0
2025-01-16,10.44,10.47,10.16,10.16,9.864226,14965800,0.0,0.0
2025-01-17,10.28,10.45,10.2,10.27,9.971025,9459900,0.0,0.0
2025-01-21,10.29,10.51,10.25,10.48,10.174909,7972400,0.0,0.0
2025-01-22,10.5,10.59,10.4,10.51,10.204038,10114900,0.0,0.0
2025-01-23,10.56,10.88,10.5,10.87,10.553555,8743400,0.0,0.0
2025-01-24,10.87,11.27,10.76,11.07,10.747733,22305800,0.0,0.0
2025-01-27,11.05,11.19,10.9,11.16,10.835114,7964000,0.0,0.0
2025-01-28,11.14,11.15,10.96,11.06,10.738025,7049400,0.0,0.0
2025-01-29,11.04,11.18,11.0,11.09,10.767152,12097100,0.0,0.0
2025-01-30,11.15,11.18,10.83,10.98,10.660355,6086600,0.0,0.0
2025-01-31,10.94,11.02,10.82,10.88,10.563265,6730700,0.0,0.0
2025-02-03,10.68,10.84,10.66,10.73,10.417632,7747900,0.0,0.0
2025-02-04,10.77,10.98,10.7,10.92,10.6021,5069800,0.0,0.0
2025-02-05,10.88,10.91,10.78,10.84,10.52443,7610000,0.0,0.0
2025-02-06,10.96,10.99,10.73,10.84,10.52443,6509000,0.0,0.0
2025-02-07,10.92,10.97,10.58,10.63,10.320542,9713800,0.0,0.0
2025-02-10,10.65,10.68,10.53,10.55,10.242873,6986900,0.0,0.0
2025-02-11,10.52,10.71,10.5,10.57,10.262291,6600800,0.0,0.0
2025-02-12,10.51,10.69,10.49,10.64,10.330252,7056800,0.0,0.0
2025-02-13,10.65,10.9,10.61,10.81,10.495304,8157300,0.0,0.0
2025-02-14,10.89,11.34,10.84,11.3,10.971039,15196900,0.0,0.0
2025-02-18,11.32,11.33,11.17,11.31,10.980747,8662300,0.0,0.0
2025-02-19,11.32,11.57,11.29,11.44,11.106962,12558300,0.0,0.0
2025-02-20,11.42,11.53,11.38,11.47,11.13609,8716500,0.0,0.0
2025-02-21,11.53,11.63,11.46,11.49,11.155508,10479100,0.0,0.0
2025-02-24,11.53,11.83,11.42,11.67,11.330267,12170900,0.0,0.0
2025-02-25,11.7,11.87,11.49,11.5,11.165217,6808500,0.0,0.0
2025-02-26,11.5,11.6,11.12,11.22,10.893369,10721000,0.0,0.0
2025-02-27,10.95,11.39,10.84,11.24,10.912786,13022700,0.0,0.0
2025-02-28,11.24,11.46,11.11,11.36,11.029291,10644800,0.0,0.0
2025-03-03,11.37,11.46,11.28,11.31,10.980747,7531500,0.0,0.0
2025-03-04,11.27,11.57,11.25,11.48,11.145798,9896800,0.0,0.0
2025-03-05,11.55,11.6,11.42,11.51,11.174925,7340600,0.0,0.0
2025-03-06,11.5,11.8,11.39,11.76,11.417646,9580300,0.0,0.0
2025-03-07,11.74,12.54,11.67,12.14,11.786586,23490100,0.0,0.0
2025-03-10,12.03,12.26,11.9,12.0,11.650661,9701200,0.0,0.0
2025-03-11,11.96,12.01,11.45,11.47,11.13609,9890300,0.0,0.0
2025-03-12,11.55,11.6,11.27,11.58,11.242887,8263300,0.0,0.0
2025-03-13,11.5,11.74,11.46,11.64,11.301141,8631100,0.0,0.0
2025-03-14,11.7,11.82,11.55,11.69,11.349685,7311000,0.0,0.0
2025-03-17,11.74,11.8,11.64,11.68,11.388688,4617800,0.05,0.0
2025-03-18,11.62,11.7,11.49,11.66,11.369186,5674500,0.0,0.0
2025-03-19,11.66,11.78,11.65,11.74,11.447191,4716900,0.0,0.0
2025-03-20,11.68,12.1,11.65,11.93,11.632453,7015300,0.0,0.0
2025-03-21,11.92,12.0,11.76,11.86,11.564198,14225600,0.0,0.0
2025-03-24,11.98,12.01,11.54,11.64,11.349686,8707200,0.0,0.0
2025-03-25,11.69,11.69,11.5,11.61,11.320433,5114600,0.0,0.0
2025-03-26,11.67,11.92,11.65,11.86,11.564198,9531000,0.0,0.0
2025-03-27,11.9,11.9,11.64,11.68,11.388688,4951500,0.0,0.0
2025-03-28,11.62,11.65,11.48,11.56,11.271682,5616800,0.0,0.0
2025-03-31,11.48,11.99,11.45,11.96,11.661704,27065100,0.0,0.0
2025-04-01,11.98,12.02,11.72,11.73,11.43744,8941400,0.0,0.0
2025-04-02,11.61,12.0,11.43,11.9,11.6032,9139800,0.0,0.0
2025-04-03,11.71,11.97,11.47,11.48,11.193675,12422900,0.0,0.0
2025-04-04,11.29,11.33,10.87,11.07,10.793901,12062000,0.0,0.0
2025-04-07,10.71,11.33,10.58,10.86,10.58914,10078500,0.0,0.0
2025-04-08,11.14,11.14,10.59,10.65,10.384377,9428100,0.0,0.0
2025-04-09,10.51,11.6,10.47,11.14,10.862155,13870800,0.0,0.0
2025-04-10,11.13,11.14,10.78,10.92,10.647642,9002300,0.0,0.0
2025-04-11,10.97,11.02,10.64,10.69,10.423379,5527900,0.0,0.0
2025-04-14,10.75,10.9,10.53,10.69,10.423379,7252100,0.0,0.0
2025-04-15,10.7,10.91,10.66,10.86,10.58914,7281300,0.0,0.0
2025-04-16,10.81,10.88,10.62,10.71,10.442883,6800400,0.0,0.0
2025-04-17,10.8,11.02,10.69,10.94,10.667143,6698700,0.0,0.0
2025-04-21,10.85,10.93,10.73,10.76,10.491632,8080100,0.0,0.0
2025-04-22,10.83,11.02,10.82,10.98,10.706146,8037700,0.0,0.0
2025-04-23,11.11,11.28,11.06,11.2,10.920659,7790600,0.0,0.0
2025-04-24,11.21,11.48,11.13,11.43,11.144923,7738800,0.0,0.0
2025-04-25,11.43,11.75,11.42,11.73,11.43744,9442400,0.0,0.0
2025-04-28,11.71,11.75,11.6,11.69,11.398438,5973300,0.0,0.0
2025-04-29,11.65,11.78,11.57,11.75,11.456942,6566200,0.0,0.0
2025-04-30,11.59,11.77,11.4,11.74,11.447191,9558900,0.0,0.0
2025-05-01,11.74,11.74,11.59,11.65,11.359436,6187900,0.0,0.0
2025-05-02,11.75,11.83,11.42,11.43,11.144923,8118200,0.0,0.0
2025-05-05,11.2,11.4,11.16,11.25,10.969412,8507100,0.0,0.0
2025-05-06,11.17,11.53,11.11,11.5,11.213178,6553000,0.0,0.0
2025-05-07,11.5,11.73,11.46,11.57,11.28143,6747000,0.0,0.0
2025-05-08,11.52,11.72,11.45,11.68,11.388688,7212600,0.0,0.0
2025-05-09,11.82,12.04,11.73,11.94,11.642202,10208500,0.0,0.0
2025-05-12,12.06,12.09,11.92,11.95,11.651953,8104900,0.0,0.0
2025-05-13,11.97,12.05,11.91,11.99,11.690955,5141100,0.0,0.0
2025-05-14,12.01,12.08,11.74,11.81,11.515445,7454300,0.0,0.0
2025-05-15,11.82,11.9,11.76,11.9,11.6032,5352400,0.0,0.0
2025-05-16,11.9,11.93,11.67,11.7,11.408188,10259000,0.0,0.0
2025-05-19,11.76,11.87,11.62,11.78,11.486194,6316300,0.0,0.0
2025-05-20,11.74,11.89,11.74,11.87,11.573949,5254000,0.0,0.0
2025-05-21,11.85,12.03,11.8,11.89,11.59345,9160700,0.0,0.0
2025-05-22,11.91,11.93,11.84,11.86,11.564198,4032000,0.0,0.0
2025-05-23,11.83,12.03,11.79,11.97,11.671455,4866700,0.0,0.0
2025-05-27,12.05,12.08,11.97,12.03,11.729959,4326400,0.0,0.0
2025-05-28,12.0,12.13,11.96,12.09,11.788463,6120100,0.0,0.0
2025-05-29,12.05,12.18,11.98,12.18,11.876219,6924400,0.0,0.0
2025-05-30,12.16,12.23,12.01,12.1,11.798212,9097500,0.0,0.0
2025-06-02,12.04,12.16,11.85,11.94,11.642202,8611900,0.0,0.0
2025-06-03,11.95,12.1,11.88,12.01,11.710458,5524700,0.0,0.0
2025-06-04,12.02,12.08,11.92,11.93,11.632453,4624700,0.0,0.0
2025-06-05,11.96,12.14,11.87,11.9,11.6032,6600700,0.0,0.0
2025-06-06,12.05,12.07,11.88,11.92,11.622703,4884400,0.0,0.0
2025-06-09,11.91,12.02,11.88,12.0,11.700707,4614200,0.0,0.0
2025-06-10,11.96,12.2,11.94,12.17,11.866467,6573900,0.0,0.0
2025-06-11,12.19,12.29,12.14,12.24,11.934719,6809900,0.0,0.0
2025-06-12,12.22,12.23,11.8,11.94,11.642202,9140400,0.0,0.0
2025-06-13,11.89,11.96,11.78,11.89,11.59345,5725100,0.0,0.0
2025-06-16,11.98,12.02,11.9,11.99,11.740327,5138800,0.05,0.0
2025-06-17,11.94,12.01,11.85,11.97,11.720743,10746300,0.0,0.0
2025-06-18,12.07,12.2,11.96,12.04,11.789286,9770900,0.0,0.0
2025-06-20,12.11,12.37,12.06,12.35,12.09283,27163800,0.0,0.0
2025-06-23,12.36,12.46,12.29,12.32,12.063455,6341000,0.0,0.0
2025-06-24,12.32,12.45,12.21,12.21,11.955746,4993100,0.0,0.0
2025-06-25,12.14,12.27,12.13,12.22,11.965538,5850400,0.0,0.0
2025-06-26,12.29,12.38,12.25,12.32,12.063455,5008500,0.0,0.0
2025-06-27,12.38,12.54,12.35,12.53,12.269082,8020200,0.0,0.0
2025-06-30,12.55,12.92,12.55,12.9,12.631376,12951100,0.0,0.0
2025-07-01,12.9,13.27,12.87,13.16,12.885963,12925600,0.0,0.0
2025-07-02,13.24,13.29,12.82,12.84,12.572628,10630400,0.0,0.0
2025-07-03,12.89,12.95,12.82,12.9,12.631376,4141400,0.0,0.0
2025-07-07,12.89,12.89,12.52,12.53,12.269082,9746000,0.0,0.0
2025-07-08,12.55,12.69,12.42,12.63,12.367,7522800,0.0,0.0
2025-07-09,12.73,12.85,12.58,12.61,12.347415,7622500,0.0,0.0
2025-07-10,12.64,12.8,12.55,12.77,12.504084,5848900,0.0,0.0
2025-07-11,12.69,12.76,12.57,12.75,12.4845,4084500,0.0,0.0
2025-07-14,12.67,13.05,12.66,13.0,12.729295,10525400,0.0,0.0
2025-07-15,13.07,13.07,12.93,12.96,12.690127,9600400,0.0,0.0
2025-07-16,12.99,13.03,12.94,12.97,12.699921,3037200,0.0,0.0
2025-07-17,12.94,13.01,12.91,12.94,12.670544,5853100,0.0,0.0
2025-07-18,12.99,13.07,12.87,12.99,12.719502,6848200,0.0,0.0
2025-07-21,13.03,13.12,12.96,13.03,12.75867,4758000,0.0,0.0
2025-07-22,13.13,13.2,13.05,13.11,12.837005,4139600,0.0,0.0
2025-07-23,13.17,13.24,13.11,13.2,12.92513,4885900,0.0,0.0
2025-07-24,13.18,13.3,13.13,13.26,12.983881,10758000,0.0,0.0
2025-07-25,13.48,13.59,12.87,13.05,12.778254,25566700,0.0,0.0
2025-07-28,12.99,13.31,12.78,13.04,12.768461,25205600,0.0,0.0
2025-07-29,13.05,13.32,13.04,13.25,12.97409,28752100,0.0,0.0
2025-07-30,13.3,13.53,13.12,13.3,13.023047,32766300,0.0,0.0
2025-07-31,12.0,12.61,11.54,12.57,12.308249,12951500,0.0,0.0
2025-08-01,12.64,13.32,12.35,13.01,12.739086,9689900,0.0,0.0
2025-08-04,13.01,13.05,12.3,12.31,12.053664,6560500,0.0,0.0
2025-08-05,12.31,12.36,11.54,11.75,11.505325,10124100,0.0,0.0
2025-08-06,11.61,11.65,10.87,11.04,10.810107,75616700,0.0,0.0
2025-08-07,11.64,12.79,10.57,11.74,11.495533,43086700,0.0,0.0
2025-08-08,11.42,11.86,10.38,10.51,10.291145,39967400,0.0,0.0
2025-08-11,10.62,10.66,9.95,10.12,9.909266,51349500,0.0,0.0
2025-08-12,10.23,11.3,10.14,10.97,10.741567,30385100,0.0,0.0
2025-08-13,11.2,17.530001,11.15,15.0,14.687647,133664900,0.0,0.0
2025-08-14,14.9,14.94,13.67,14.38,14.080559,26039900,0.0,0.0
2025-08-15,14.38,14.6,13.66,13.72,13.434303,16703500,0.0,0.0
2025-08-18,13.72,13.9,13.23,13.5,13.218883,11959400,0.0,0.0
2025-08-19,13.51,13.67,12.96,13.48,13.199299,11058900,0.0,0.0
2025-08-20,13.5,14.06,13.32,13.98,13.688887,9088500,0.0,0.0
2025-08-21,13.95,16.299999,13.95,16.030001,15.6962,46431500,0.0,0.0
2025-08-22,15.57,16.639999,15.25,16.0,15.666824,14871600,0.0,0.0
2025-08-25,15.91,16.4,15.75,15.96,15.627657,8131600,0.0,0.0
2025-08-26,15.71,15.91,15.15,15.84,15.510157,14226800,0.0,0.0
2025-08-27,15.71,15.71,14.63,14.81,14.501604,12166100,0.0,0.0
2025-08-28,14.77,15.03,14.42,14.69,14.384103,5585000,0.0,0.0
2025-08-29,14.62,14.79,14.38,14.7,14.393895,4862800,0.0,0.0
2025-09-02,14.54,14.66,14.19,14.46,14.158893,5127200,0.0,0.0
2025-09-03,14.45,15.31,14.39,15.06,14.746399,8362700,0.0,0.0
2025-09-04,14.92,15.04,14.41,14.74,14.433062,5291800,0.0,0.0
2025-09-05,14.48,15.18,14.48,15.0,14.687647,7422200,0.0,0.0
2025-09-08,15.07,15.24,14.75,15.19,14.87369,6514800,0.0,0.0
2025-09-09,14.95,15.47,14.72,15.2,14.883484,6071100,0.0,0.0
2025-09-10,15.3,15.79,14.83,15.11,14.795359,6164300,0.0,0.0
2025-09-11,15.02,17.58,13.99,17.459999,17.096422,48508800,0.0,0.0
2025-09-12,17.459999,18.870001,16.9,18.790001,18.398729,32421300,0.0,0.0
2025-09-15,18.799999,19.049999,18.219999,18.58,18.241642,11157400,0.05,0.0
2025-09-16,18.59,18.620001,17.450001,17.530001,17.210762,9622700,0.0,0.0
2025-09-17,17.639999,18.309999,17.57,17.92,17.59366,7332400,0.0,0.0
2025-09-18,18.0,18.15,17.66,17.879999,17.554386,5567000,0.0,0.0
2025-09-19,18.0,19.23,17.700001,18.92,18.575449,21734800,0.0,0.0
2025-09-22,18.92,19.299999,18.48,18.610001,18.271093,13813100,0.0,0.0
2025-09-23,18.690001,20.860001,18.290001,19.73,19.370697,23432200,0.0,0.0
2025-09-24,19.58,20.049999,19.0,19.120001,18.771807,11908400,0.0,0.0
2025-09-25,18.73,19.34,18.6,18.93,18.585266,7548200,0.0,0.0
2025-09-26,18.91,19.139999,18.68,18.92,18.575449,4528900,0.0,0.0
2025-09-29,19.17,19.700001,18.309999,19.5,19.144886,8183600,0.0,0.0
2025-09-30,19.309999,20.09,18.870001,18.92,18.575449,11997100,0.0,0.0
2025-10-01,18.879999,19.129999,18.6,18.889999,18.545994,4903000,0.0,0.0
2025-10-02,18.91,19.15,18.610001,18.620001,18.280912,4635400,0.0,0.0
2025-10-03,18.6,19.450001,18.6,19.09,18.742353,12239000,0.0,0.0
2025-10-06,19.139999,19.219999,18.68,19.129999,18.781622,10251200,0.0,0.0
2025-10-07,19.09,19.219999,18.23,18.51,18.172916,5035200,0.0,0.0
2025-10-08,18.379999,18.870001,18.139999,18.5,18.163097,8336300,0.0,0.0
2025-10-09,18.5,18.65,17.9,17.969999,17.64275,4697900,0.0,0.0
2025-10-10,18.1,18.1,16.889999,17.0,16.690413,6055600,0.0,0.0
2025-10-13,17.129999,17.540001,17.040001,17.1,16.788593,4426700,0.0,0.0
2025-10-14,16.959999,17.440001,16.629999,17.290001,16.975132,4230800,0.0,0.0
2025-10-15,17.27,17.68,17.08,17.43,17.112583,3790100,0.0,0.0
2025-10-16,17.35,17.43,16.76,16.9,16.592236,4354500,0.0,0.0
2025-10-17,16.780001,16.99,16.51,16.77,16.464603,4216200,0.0,0.0
2025-10-20,16.93,17.09,16.65,16.99,16.680595,2422000,0.0,0.0
2025-10-21,17.15,17.290001,16.450001,16.51,16.209339,4350700,0.0,0.0
2025-10-22,16.469999,16.73,16.280001,16.57,16.268246,2655200,0.0,0.0
2025-10-23,16.57,16.870001,16.459999,16.469999,16.170065,3585500,0.0,0.0
2025-10-24,16.690001,16.889999,16.58,16.719999,16.415512,2239000,0.0,0.0
2025-10-27,16.809999,16.93,16.360001,16.57,16.268246,3798300,0.0,0.0
2025-10-28,16.559999,16.559999,16.110001,16.209999,15.914799,3481800,0.0,0.0
2025-10-29,16.209999,16.280001,15.81,15.88,15.59081,4414400,0.0,0.0
2025-10-30,15.79,15.86,15.37,15.46,15.178458,4880200,0.0,0.0
2025-10-31,15.38,15.65,15.29,15.39,15.109735,6730500,0.0,0.0
2025-11-03,15.36,15.47,14.87,15.42,15.139187,6608200,0.0,0.0
2025-11-04,15.21,15.44,14.79,14.84,14.56975,7350400,0.0,0.0
2025-11-05,14.85,15.34,14.83,15.09,14.815197,6114600,0.0,0.0
2025-11-06,15.09,15.4,14.73,14.8,14.530478,6506000,0.0,0.0
2025-11-07,14.66,15.28,14.65,15.1,14.825015,9772900,0.0,0.0
2025-11-10,15.13,15.32,14.97,15.25,14.972283,13006300,0.0,0.0
2025-11-11,16.209999,17.16,16.01,16.74,16.435146,15858700,0.0,0.0
2025-11-12,16.559999,16.6,15.27,15.57,15.286455,12218000,0.0,0.0
2025-11-13,15.48,15.79,15.29,15.37,15.090097,5957600,0.0,0.0
2025-11-14,15.28,15.77,15.05,15.68,15.394453,6226900,0.0,0.0
2025-11-17,15.72,15.93,15.6,15.73,15.443542,7821900,0.0,0.0
2025-11-18,15.7,16.309999,15.25,16.09,15.796987,10117500,0.0,0.0
2025-11-19,15.98,16.15,15.45,15.47,15.188277,7942600,0.0,0.0
2025-11-20,15.58,16.299999,15.52,15.68,15.394453,8946300,0.0,0.0
2025-11-21,15.7,16.040001,15.46,15.89,15.60063,5483100,0.0,0.0
2025-11-24,15.89,15.9,15.0,15.06,14.785743,13558300,0.0,0.0
2025-11-25,15.15,15.67,15.1,15.64,15.355182,4552500,0.0,0.0
2025-11-26,15.68,15.85,15.45,15.79,15.502449,6666200,0.0,0.0
2025-11-28,15.8,16.030001,15.49,16.02,15.728261,2774900,0.0,0.0
2025-12-01,15.81,15.9,15.5,15.71,15.423906,4571600,0.0,0.0
2025-12-02,15.71,16.049999,15.5,15.82,15.531902,6446300,0.0,0.0
2025-12-03,15.8,15.83,14.64,14.67,14.402845,9614700,0.0,0.0
2025-12-04,14.63,14.91,14.25,14.82,14.550114,7527200,0.0,0.0
2025-12-05,14.41,14.41,13.2,13.37,13.126519,27103900,0.0,0.0
2025-12-08,14.08,14.76,13.53,14.57,14.304667,39522900,0.0,0.0
2025-12-09,14.42,14.81,13.97,14.64,14.373392,15404800,0.0,0.0
2025-12-10,14.68,15.3,14.55,14.72,14.451936,14626200,0.0,0.0
2025-12-11,14.81,15.03,14.05,14.12,13.862861,19132600,0.0,0.0
2025-12-12,14.09,14.24,13.71,13.74,13.489781,10241500,0.0,0.0
2025-12-15,13.78,14.0,13.47,13.99,13.735228,6609300,0.0,0.0
2025-12-16,13.86,13.98,13.51,13.85,13.597778,7513000,0.0,0.0
2025-12-17,13.55,13.58,13.06,13.1,12.861437,12883200,0.0,0.0
2025-12-18,13.11,13.24,12.95,13.01,12.822014,7405300,0.05,0.0
2025-12-19,12.95,13.14,12.87,13.05,12.861436,23333000,0.0,0.0
2025-12-22,13.48,14.1,13.44,13.61,13.413344,11618000,0.0,0.0
2025-12-23,13.49,13.64,13.44,13.53,13.334501,4407500,0.0,0.0
2025-12-24,13.49,13.75,13.36,13.74,13.541466,2464100,0.0,0.0
2025-12-26,13.7,13.74,13.46,13.59,13.393634,2886800,0.0,0.0
2025-12-29,13.5,13.56,13.42,13.5,13.304935,4764400,0.0,0.0
2025-12-30,13.4,13.69,13.4,13.51,13.314791,3937200,0.0,0.0
2025-12-31,13.39,13.51,13.34,13.4,13.206379,5084300,0.0,0.0
2026-01-02,13.4,13.43,13.13,13.18,12.989558,5927700,0.0,0.0
2026-01-05,13.13,13.17,12.89,12.98,12.792448,7570600,0.0,0.0
2026-01-06,12.98,12.98,12.45,12.5,12.319384,11137900,0.0,0.0
2026-01-07,12.56,12.6,12.23,12.37,12.191262,6702800,0.0,0.0
2026-01-08,12.36,12.51,12.25,12.27,12.092707,7859300,0.0,0.0
2026-01-09,12.29,12.32,12.02,12.06,11.885742,7700100,0.0,0.0
2026-01-12,12.01,12.2,11.97,12.15,11.974441,6919800,0.0,0.0
2026-01-13,12.13,12.22,12.04,12.14,11.964585,7364500,0.0,0.0
2026-01-14,12.13,12.2,12.0,12.08,11.905452,4829700,0.0,0.0
2026-01-15,12.07,12.12,11.77,11.83,11.659064,6835800,0.0,0.0
2026-01-16,11.89,11.96,11.75,11.8,11.629498,6144200,0.0,0.0
2026-01-20,11.53,11.82,11.45,11.55,11.383111,11269900,0.0,0.0
2026-01-21,11.51,11.63,11.42,11.6,11.432388,5892500,0.0,0.0
2026-01-22,11.71,11.94,11.65,11.78,11.609787,7224800,0.0,0.0
2026-01-23,11.73,11.83,11.7,11.7,11.530942,4484100,0.0,0.0
2026-01-26,11.75,12.0,11.58,11.89,11.718198,6274200,0.0,0.0
2026-01-27,11.91,11.96,11.46,11.55,11.383111,5415900,0.0,0.0
2026-01-28,11.59,11.66,11.33,11.34,11.176146,4473300,0.0,0.0
2026-01-29,11.34,11.34,10.96,11.26,11.097301,7729500,0.0,0.0
2026-01-30,11.22,11.26,10.98,11.21,11.048023,5752700,0.0,0.0
2026-02-02,11.1,11.23,11.03,11.18,11.018457,5975900,0.0,0.0
2026-02-03,11.11,11.15,10.75,10.81,10.653804,11221700,0.0,0.0
2026-02-04,10.8,10.98,10.65,10.75,10.594669,11096000,0.0,0.0
2026-02-05,10.8,10.85,10.34,10.52,10.367993,7618700,0.0,0.0
2026-02-06,10.6,10.78,10.45,10.56,10.407415,7137200,0.0,0.0
2026-02-09,10.5,10.69,10.31,10.68,10.525681,7458900,0.0,0.0
2026-02-10,10.77,10.93,10.7,10.84,10.68337,8683400,0.0,0.0
2026-02-11,10.83,11.07,10.68,11.01,10.850912,6938500,0.0,0.0
2026-02-12,11.0,11.02,10.15,10.25,10.101894,10202100,0.0,0.0
2026-02-13,10.27,10.45,10.19,10.32,10.170883,8460500,0.0,0.0
2026-02-17,10.62,11.33,10.62,10.83,10.673514,13681700,0.0,0.0
2026-02-18,10.83,11.25,10.7,11.12,10.959324,7349000,0.0,0.0
2026-02-19,11.08,11.13,10.78,10.94,10.781924,6815200,0.0,0.0
2026-02-20,10.95,10.97,10.71,10.71,10.555248,8880900,0.0,0.0
2026-02-23,10.73,10.74,10.4,10.56,10.407415,9263800,0.0,0.0
2026-02-24,10.51,10.68,10.36,10.39,10.239872,7891300,0.0,0.0
2026-02-25,10.4,10.55,10.15,10.16,10.013195,13242200,0.0,0.0
2026-02-26,10.32,11.3,10.31,11.18,11.018457,16079400,0.0,0.0
2026-02-27,11.21,14.0,10.98,13.51,13.314791,91699600,0.0,0.0
2026-03-02,14.1,14.1,13.06,13.34,13.147246,27383800,0.0,0.0
2026-03-03,12.85,13.12,12.25,12.45,12.270106,22139400,0.0,0.0
2026-03-04,12.3,12.63,12.01,12.05,11.875886,14241900,0.0,0.0
2026-03-05,12.06,12.51,11.71,11.74,11.570365,17429400,0.0,0.0
2026-03-06,11.53,12.14,11.33,11.99,11.816752,11347300,0.0,0.0
2026-03-09,11.49,11.6,11.02,11.19,11.028312,13474600,0.0,0.0
2026-03-10,11.03,11.09,10.25,10.33,10.180739,21087800,0.0,0.0
2026-03-11,10.38,10.42,9.91,9.94,9.796372,12482400,0.0,0.0
2026-03-12,9.85,10.05,9.79,9.8,9.658397,10735700,0.0,0.0
2026-03-13,9.85,9.99,9.54,9.72,9.579553,16612900,0.0,0.0
2026-03-16,9.62,9.72,9.48,9.5,9.411143,12748500,0.05,0.0
2026-03-17,9.52,9.7,9.22,9.23,9.143668,11598900,0.0,0.0
2026-03-18,9.12,9.3,8.96,9.0,8.915819,8799700,0.0,0.0
2026-03-19,8.89,9.0,8.62,8.96,8.876194,10724900,0.0,0.0
2026-03-20,8.92,9.24,8.86,9.15,9.064416,23898500,0.0,0.0
2026-03-23,9.24,9.42,9.04,9.14,9.05451,9541000,0.0,0.0
2026-03-24,9.1,9.35,9.09,9.17,9.084229,9786300,0.0,0.0
2026-03-25,9.2,9.32,9.07,9.23,9.143668,9298800,0.0,0.0
2026-03-26,9.16,9.25,8.86,8.88,8.796942,10668100,0.0,0.0
2026-03-27,8.88,9.02,8.65,8.79,8.707784,9833500,0.0,0.0
2026-03-30,8.85,9.07,8.76,8.92,8.836568,8343700,0.0,0.0
2026-03-31,8.9,9.25,8.71,9.02,8.935633,27912700,0.0,0.0
2026-04-01,9.03,9.28,8.97,9.25,9.163482,9585500,0.0,0.0
2026-04-02,9.02,9.71,9.02,9.52,9.430957,12892300,0.0,0.0
2026-04-06,9.52,10.04,9.47,9.85,9.75787,10663200,0.0,0.0
2026-04-07,9.76,11.15,9.76,10.9,10.798048,37937400,0.0,0.0
2026-04-08,10.96,11.34,10.8,10.82,10.718797,19513100,0.0,0.0
2026-04-09,10.78,10.96,10.43,10.85,10.748517,13849800,0.0,0.0
2026-04-10,10.9,11.01,10.49,10.62,10.520667,9474500,0.0,0.0
2026-04-13,10.53,10.76,10.32,10.73,10.629639,11251900,0.0,0.0
2026-04-14,10.77,11.14,10.74,11.08,10.976365,8876300,0.0,0.0
2026-04-15,11.1,11.78,11.05,11.67,11.560845,11100600,0.0,0.0
2026-04-16,11.76,11.94,11.6,11.73,11.620284,5981200,0.0,0.0
2026-04-17,11.79,11.97,11.61,11.74,11.630191,7187800,0.0,0.0
2026-04-20,11.68,11.87,11.61,11.82,11.709442,5952000,0.0,0.0
2026-04-21,11.86,11.92,11.61,11.61,11.501407,8428900,0.0,0.0
2026-04-22,11.71,11.83,11.48,11.8,11.68963,5347500,0.0,0.0
2026-04-23,11.8,11.82,11.06,11.27,11.164588,8489700,0.0,0.0
2026-04-24,11.27,11.33,10.9,10.97,10.867394,6288900,0.0,0.0
2026-04-27,11.02,11.19,10.57,10.59,10.490949,9839300,0.0,0.0
2026-04-28,10.58,10.63,10.3,10.52,10.421603,9172100,0.0,0.0
2026-04-29,10.55,10.55,10.21,10.34,10.243286,5899600,0.0,0.0
2026-04-30,10.26,10.4,10.18,10.24,10.144221,15083300,0.0,0.0
2026-05-01,10.78,11.25,10.71,11.09,10.986272,12286000,0.0,0.0
2026-05-04,11.01,11.23,10.84,11.13,11.025898,12353800,0.0,0.0
2026-05-05,10.83,10.96,10.17,10.66,10.560293,12843600,0.0,0.0
2026-05-06,10.8,11.05,10.69,10.91,10.807955,10000400,0.0,0.0
2026-05-07,10.86,11.06,10.67,10.76,10.659358,13606400,0.0,0.0
2026-05-08,10.71,11.11,10.66,11.09,10.986272,8164900,0.0,0.0
2026-05-11,11.15,11.17,10.73,10.9,10.798048,13264200,0.0,0.0
2026-05-12,10.91,10.96,10.53,10.69,10.590013,11018800,0.0,0.0
2026-05-13,10.61,10.65,10.39,10.47,10.37207,10685900,0.0,0.0
2026-05-14,10.5,10.62,10.1,10.11,10.015437,10650600,0.0,0.0
2026-05-15,10.03,10.14,9.81,9.89,9.797496,14996600,0.0,0.0
2026-05-18,9.9,10.01,9.76,9.82,9.728149,7559500,0.0,0.0
2026-05-19,9.81,9.96,9.71,9.9,9.807402,9796300,0.0,0.0
2026-05-20,9.86,10.19,9.72,10.13,10.035251,12427200,0.0,0.0
2026-05-21,10.07,10.37,9.93,10.28,10.183847,5373000,0.0,0.0
2026-05-22,10.34,10.61,10.29,10.46,10.362164,5042200,0.0,0.0
2026-05-26,10.41,10.54,10.3,10.37,10.273005,4730400,0.0,0.0
2026-05-27,10.3,10.87,10.29,10.62,10.520667,7290000,0.0,0.0
2026-05-28,10.56,10.84,10.43,10.81,10.708891,5717000,0.0,0.0
2026-05-29,10.66,10.85,10.53,10.61,10.51076,6996700,0.0,0.0
2026-06-01,10.6,11.17,10.45,10.98,10.8773,7128000,0.0,0.0
2026-06-02,10.91,10.94,10.63,10.78,10.679171,8088700,0.0,0.0
2026-06-03,10.78,10.78,10.4,10.45,10.352258,6224000,0.0,0.0
2026-06-04,10.51,10.87,10.51,10.68,10.580107,4881900,0.0,0.0
2026-06-05,10.65,10.72,9.81,10.22,10.124409,14616000,0.0,0.0
2026-06-08,10.16,10.42,9.87,10.39,10.292819,8844000,0.0,0.0
2026-06-09,10.4,10.51,10.22,10.24,10.144221,8326800,0.0,0.0
2026-06-10,10.26,10.43,10.19,10.31,10.213568,6066300,0.0,0.0
2026-06-11,10.25,10.76,10.08,10.49,10.391883,6901400,0.0,0.0
2026-06-12,10.46,10.53,10.17,10.47,10.37207,4767900,0.0,0.0
2026-06-15,10.85,10.97,10.37,10.49,10.441748,10877700,0.05,0.0
2026-06-16,10.44,10.79,10.2,10.3,10.252623,7950100,0.0,0.0
2026-06-17,10.19,10.29,9.91,9.98,9.934093,9025100,0.0,0.0
2026-06-18,9.98,10.2,9.75,9.94,9.894278,28105400,0.0,0.0
2026-06-22,9.88,10.1,9.75,9.89,9.844508,8102900,0.0,0.0
2026-06-23,9.8,9.89,9.59,9.72,9.67529,7896600,0.0,0.0
2026-06-24,9.69,9.88,9.64,9.75,9.705152,5872000,0.0,0.0
2026-06-25,9.7,9.84,9.4,9.43,9.386624,6645400,0.0,0.0
2026-06-26,9.36,9.83,9.35,9.64,9.595658,7282800,0.0,0.0
2026-06-29,9.82,9.96,9.67,9.82,9.77483,7001500,0.0,0.0
2026-06-30,9.8,10.01,9.61,9.86,9.814646,14379400,0.0,0.0
2026-07-01,9.9,10.24,9.72,10.17,10.12322,7970800,0.0,0.0
2026-07-02,10.23,10.39,10.09,10.39,10.342208,5750500,0.0,0.0
2026-07-06,10.32,10.37,9.97,10.09,10.043588,6825500,0.0,0.0
2026-07-07,10.14,10.22,9.93,9.94,9.894278,4327400,0.0,0.0
2026-07-08,9.95,9.95,9.6,9.75,9.705152,6541300,0.0,0.0
2026-07-09,9.25,9.42,8.84,9.33,9.287084,18873900,0.0,0.0
2026-07-10,9.42,9.53,9.24,9.41,9.366715,9351900,0.0,0.0
2026-07-13,9.46,9.8,9.38,9.55,9.506072,10841700,0.0,0.0
2026-07-14,9.46,9.55,9.1,9.12,9.07805,7986500,0.0,0.0
2026-07-15,9.22,9.35,9.07,9.25,9.207452,6546200,0.0,0.0
2026-07-16,9.28,9.38,9.12,9.14,9.097958,9007400,0.0,0.0
2026-07-17,9.06,9.13,8.69,8.75,8.709752,12992400,0.0,0.0
2026-07-20,8.8,8.84,8.56,8.57,8.53058,9185400,0.0,0.0
2026-07-21,8.51,8.65,8.41,8.53,8.490764,9092300,0.0,0.0
2026-07-22,8.57,8.92,8.46,8.78,8.739614,11617700,0.0,0.0
2026-07-23,8.67,8.73,8.46,8.49,8.450948,6753000,0.0,0.0
2026-07-24,8.5,8.57,8.17,8.21,8.172235,8476600,0.0,0.0
2026-07-27,8.2,8.24,7.86,8.03,7.993063,18407200,0.0,0.0
2026-07-28,8.08,8.18,7.96,8.07,8.032879,15794300,0.0,0.0
2026-07-29,8.11,8.13,7.82,7.95,7.913431,14341900,0.0,0.0
2026-07-30,7.9,7.91,7.66,7.81,7.774076,13565500,0.0,0.0
2026-07-31,7.8,8.0,7.62,7.96,7.923386,15142300,0.0,0.0
2026-08-03,8.0,8.23,7.92,8.22,8.18219,15180700,0.0,0.0
2026-08-04,8.23,8.52,8.21,8.38,8.341454,16253300,0.0,0.0
2026-08-05,8.49,8.85,8.09,8.76,8.719706,19256300,0.0,0.0
2026-08-06,8.92,9.26,8.71,9.06,9.018326,13262500,0.0,0.0
2026-08-07,9.06,9.46,9.03,9.19,9.147727,9326900,0.0,0.0
2026-08-10,9.13,9.3,9.0,9.27,9.22736,9787600,0.0,0.0
2026-08-11,9.23,9.42,9.14,9.38,9.336854,8369700,0.0,0.0
2026-08-12,9.33,10.0,9.31,9.5,9.456302,15823200,0.0,0.0
2026-08-13,9.5,10.05,9.5,9.97,9.92414,15035900,0.0,0.0
2026-08-14,9.99,10.32,9.97,10.14,10.093358,10676100,0.0,0.0
2026-08-17,10.05,10.33,10.0,10.28,10.232714,6878300,0.0,0.0
2026-08-18,10.34,10.47,10.15,10.43,10.382025,9512600,0.0,0.0
2026-08-19,10.44,10.63,10.33,10.6,10.551243,10702700,0.0,0.0
2026-08-20,10.5,10.65,10.17,10.29,10.242668,9308200,0.0,0.0
2026-08-21,10.37,10.42,10.23,10.35,10.302392,7448700,0.0,0.0
2026-08-24,10.31,10.55,10.13,10.35,10.302392,11258300,0.0,0.0
2026-08-25,10.32,10.76,10.26,10.67,10.62092,9603500,0.0,0.0
2026-08-26,10.63,10.77,10.44,10.74,10.690598,7899700,0.0,0.0
2026-08-27,10.68,10.98,10.51,10.8,10.750322,8432400,0.0,0.0
2026-08-28,10.78,10.98,10.68,10.88,10.829954,10029400,0.0,0.0
2026-08-31,10.8,11.21,10.74,10.91,10.859816,11109800,0.0,0.0
2026-09-01,10.81,10.86,10.37,10.55,10.501472,10431800,0.0,0.0
2026-09-02,10.55,11.2,10.55,10.97,10.91954,11984000,0.0,0.0
2026-09-03,11.14,11.19,10.78,11.04,10.989218,9272700,0.0,0.0
2026-09-04,10.96,11.13,10.76,10.86,10.810046,8468100,0.0,0.0
2026-09-08,10.75,11.03,10.62,10.8,10.750322,14293500,0.0,0.0
2026-09-09,10.78,10.81,10.19,10.22,10.17299,13151100,0.0,0.0
2026-09-10,10.19,10.55,10.17,10.38,10.332254,13039800,0.0,0.0
2026-09-11,10.45,10.63,10.41,10.6,10.551243,8178000,0.0,0.0
2026-09-14,10.84,11.1,10.7,10.87,10.82,11123400,0.0,0.0
2026-09-15,10.8,11.06,10.75,11.01,11.01,12310500,0.05,0.0
2026-09-16,10.9,11.28,10.9,11.14,11.14,17221900,0.0,0.0
2026-09-17,11.09,11.18,10.51,10.62,10.62,28630800,0.0,0.0
2026-09-18,10.59,10.62,10.12,10.21,10.21,78995500,0.0,0.0
2026-09-21,10.65,11.49,9.84,9.91,9.91,66174600,0.0,0.0
2026-09-22,10.26,10.73,9.88,10.11,10.11,46405300,0.0,0.0
2026-09-23,10.1,10.26,9.77,9.96,9.96,33609800,0.0,0.0
2026-09-24,9.98,10.3,9.96,10.18,10.18,15319100,0.0,0.0
2026-09-25,10.21,10.26,9.93,9.96,9.96,16846700,0.0,0.0
2026-09-28,9.9,10.4,9.79,10.28,10.28,24192600,0.0,0.0
2026-09-29,10.2,10.31,9.89,9.99,9.99,19006400,0.0,0.0
2026-09-30,10.12,10.42,10.06,10.33,10.33,31994500,0.0,0.0
2026-10-01,10.11,10.26,9.33,9.34,9.34,44268000,0.0,0.0
2026-10-02,9.35,9.67,8.97,9.5,9.5,37388700,0.0,0.0
2026-10-05,9.26,9.87,9.16,9.78,9.78,31682600,0.0,0.0
2026-10-06,9.84,9.84,9.13,9.53,9.53,25342800,0.0,0.0
2026-10-07,9.37,9.5,8.65,8.89,8.89,43300200,0.0,0.0
2026-10-08,8.96,9.53,8.95,9.28,9.28,55631100,0.0,0.0
2026-10-09,9.35,9.62,9.135,,,24498704,0.0,0.0
