Date,Open,High,Low,Close,Adj Close,Volume,Dividends,Stock Splits
2005-02-10,2.5,15.0,2.5,15.0,15.0,4200,0.0,0.0
2005-02-11,15.0,15.0,15.0,15.0,15.0,0,0.0,0.0
2005-02-14,15.0,15.0,15.0,15.0,15.0,0,0.0,0.0
2005-02-15,15.0,15.0,15.0,15.0,15.0,0,0.0,0.0
2005-02-16,15.0,15.0,15.0,15.0,15.0,0,0.0,0.0
2005-02-17,162.5,200.0,150.0,150.0,150.0,316,0.0,0.0
2005-02-18,150.0,205.0,150.0,205.0,205.0,158,0.0,0.0
2005-02-22,250.0,325.0,250.0,265.0,265.0,180,0.0,0.0
2005-02-23,265.0,265.0,265.0,265.0,265.0,0,0.0,0.0
2005-02-24,265.0,265.0,265.0,265.0,265.0,0,0.0,0.0
2005-02-25,265.0,265.0,265.0,265.0,265.0,0,0.0,0.0
2005-02-28,265.0,265.0,265.0,265.0,265.0,0,0.0,0.0
2005-03-01,265.0,265.0,265.0,265.0,265.0,0,0.0,0.0
2005-03-02,265.0,265.0,265.0,265.0,265.0,0,0.0,0.0
2005-03-03,265.0,265.0,265.0,265.0,265.0,0,0.0,0.0
2005-03-04,265.0,265.0,265.0,265.0,265.0,0,0.0,0.0
2005-03-07,225.0,225.0,225.0,225.0,225.0,2,0.0,0.0
2005-03-08,225.0,225.0,225.0,225.0,225.0,4,0.0,0.0
2005-03-09,225.0,225.0,225.0,225.0,225.0,0,0.0,0.0
2005-03-10,225.0,225.0,225.0,225.0,225.0,0,0.0,0.0
2005-03-11,225.0,225.0,225.0,225.0,225.0,0,0.0,0.0
2005-03-14,225.0,225.0,225.0,225.0,225.0,0,0.0,0.0
2005-03-15,225.0,225.0,225.0,225.0,225.0,0,0.0,0.0
2005-03-16,225.0,225.0,225.0,225.0,225.0,2,0.0,0.0
2005-03-17,225.0,225.0,225.0,225.0,225.0,0,0.0,0.0
2005-03-18,225.0,225.0,225.0,225.0,225.0,0,0.0,0.0
2005-03-21,225.0,225.0,225.0,225.0,225.0,0,0.0,0.0
2005-03-22,225.0,225.0,225.0,225.0,225.0,0,0.0,0.0
2005-03-23,225.0,225.0,225.0,225.0,225.0,0,0.0,0.0
2005-03-24,225.0,225.0,225.0,225.0,225.0,0,0.0,0.0
2005-03-28,225.0,225.0,225.0,225.0,225.0,0,0.0,0.0
2005-03-29,225.0,225.0,225.0,225.0,225.0,0,0.0,0.0
2005-03-30,225.0,225.0,225.0,225.0,225.0,0,0.0,0.0
2005-03-31,225.0,225.0,225.0,225.0,225.0,0,0.0,0.0
2005-04-01,225.0,225.0,225.0,225.0,225.0,0,0.0,0.0
2005-04-04,225.0,225.0,225.0,225.0,225.0,0,0.0,0.0
2005-04-05,225.0,225.0,225.0,225.0,225.0,0,0.0,0.0
2005-04-06,225.0,225.0,225.0,225.0,225.0,0,0.0,0.0
2005-04-07,225.0,225.0,225.0,225.0,225.0,0,0.0,0.0
2005-04-08,225.0,225.0,225.0,225.0,225.0,0,0.0,0.0
2005-04-11,225.0,225.0,225.0,225.0,225.0,0,0.0,0.0
2005-04-12,225.0,225.0,225.0,225.0,225.0,0,0.0,0.0
2005-04-13,225.0,225.0,225.0,225.0,225.0,0,0.0,0.0
2005-04-14,225.0,225.0,225.0,225.0,225.0,0,0.0,0.0
2005-04-15,275.0,275.0,275.0,275.0,275.0,4,0.0,0.0
2005-04-18,275.0,275.0,275.0,275.0,275.0,4,0.0,0.0
2005-04-19,275.0,275.0,275.0,275.0,275.0,0,0.0,0.0
2005-04-20,275.0,275.0,275.0,275.0,275.0,0,0.0,0.0
2005-04-21,275.0,275.0,275.0,275.0,275.0,0,0.0,0.0
2005-04-22,275.0,275.0,275.0,275.0,275.0,0,0.0,0.0
2005-04-25,275.0,275.0,217.5,217.5,217.5,38,0.0,0.0
2005-04-26,280.0,280.0,280.0,280.0,280.0,10,0.0,0.0
2005-04-27,212.5,212.5,212.5,212.5,212.5,4,0.0,0.0
2005-04-28,225.0,225.0,225.0,225.0,225.0,2,0.0,0.0
2005-04-29,225.0,225.0,225.0,225.0,225.0,0,0.0,0.0
2005-05-02,225.0,225.0,225.0,225.0,225.0,0,0.0,0.0
2005-05-03,225.0,225.0,225.0,225.0,225.0,0,0.0,0.0
2005-05-04,225.0,225.0,225.0,225.0,225.0,0,0.0,0.0
2005-05-05,225.0,225.0,225.0,225.0,225.0,0,0.0,0.0
2005-05-06,225.0,225.0,225.0,225.0,225.0,0,0.0,0.0
2005-05-09,225.0,225.0,225.0,225.0,225.0,0,0.0,0.0
2005-05-10,225.0,225.0,225.0,225.0,225.0,0,0.0,0.0
2005-05-11,225.0,225.0,225.0,225.0,225.0,0,0.0,0.0
2005-05-12,225.0,225.0,225.0,225.0,225.0,0,0.0,0.0
2005-05-13,225.0,225.0,225.0,225.0,225.0,0,0.0,0.0
2005-05-16,225.0,225.0,225.0,225.0,225.0,0,0.0,0.0
2005-05-17,225.0,225.0,225.0,225.0,225.0,0,0.0,0.0
2005-05-18,225.0,225.0,225.0,225.0,225.0,0,0.0,0.0
2005-05-19,225.0,225.0,225.0,225.0,225.0,0,0.0,0.0
2005-05-20,225.0,225.0,225.0,225.0,225.0,0,0.0,0.0
2005-05-23,225.0,225.0,225.0,225.0,225.0,0,0.0,0.0
2005-05-24,225.0,225.0,225.0,225.0,225.0,0,0.0,0.0
2005-05-25,230.0,230.0,230.0,230.0,230.0,2,0.0,0.0
2005-05-26,230.0,230.0,230.0,230.0,230.0,0,0.0,0.0
2005-05-27,230.0,230.0,230.0,230.0,230.0,0,0.0,0.0
2005-05-31,230.0,230.0,230.0,230.0,230.0,0,0.0,0.0
2005-06-01,230.0,230.0,230.0,230.0,230.0,0,0.0,0.0
2005-06-02,230.0,230.0,230.0,230.0,230.0,0,0.0,0.0
2005-06-03,230.0,230.0,230.0,230.0,230.0,0,0.0,0.0
2005-06-06,230.0,230.0,230.0,230.0,230.0,0,0.0,0.0
2005-06-07,230.0,230.0,230.0,230.0,230.0,0,0.0,0.0
2005-06-08,230.0,230.0,230.0,230.0,230.0,0,0.0,0.0
2005-06-09,230.0,230.0,230.0,230.0,230.0,0,0.0,0.0
2005-06-10,230.0,230.0,230.0,230.0,230.0,0,0.0,0.0
2005-06-13,230.0,230.0,230.0,230.0,230.0,0,0.0,0.0
2005-06-14,230.0,230.0,230.0,230.0,230.0,0,0.0,0.0
2005-06-15,230.0,230.0,230.0,230.0,230.0,0,0.0,0.0
2005-06-16,230.0,230.0,230.0,230.0,230.0,0,0.0,0.0
2005-06-17,230.0,230.0,230.0,230.0,230.0,0,0.0,0.0
2005-06-20,230.0,230.0,230.0,230.0,230.0,0,0.0,0.0
2005-06-21,230.0,230.0,230.0,230.0,230.0,0,0.0,0.0
2005-06-22,230.0,230.0,230.0,230.0,230.0,0,0.0,0.0
2005-06-23,300.0,300.0,300.0,300.0,300.0,2,0.0,0.0
2005-06-24,300.0,300.0,300.0,300.0,300.0,2,0.0,0.0
2005-06-27,350.0,350.0,350.0,350.0,350.0,2,0.0,0.0
2005-06-28,350.0,350.0,350.0,350.0,350.0,0,0.0,0.0
2005-06-29,350.0,350.0,350.0,350.0,350.0,0,0.0,0.0
2005-06-30,400.0,400.0,400.0,400.0,400.0,2,0.0,0.0
2005-07-01,400.0,400.0,400.0,400.0,400.0,0,0.0,0.0
2005-07-05,400.0,400.0,400.0,400.0,400.0,0,0.0,0.0
2005-07-06,400.0,400.0,400.0,400.0,400.0,2,0.0,0.0
2005-07-07,400.0,400.0,400.0,400.0,400.0,0,0.0,0.0
2005-07-08,400.0,400.0,400.0,400.0,400.0,0,0.0,0.0
2005-07-11,400.0,400.0,400.0,400.0,400.0,0,0.0,0.0
2005-07-12,400.0,400.0,400.0,400.0,400.0,0,0.0,0.0
2005-07-13,400.0,400.0,400.0,400.0,400.0,0,0.0,0.0
2005-07-14,400.0,400.0,400.0,400.0,400.0,0,0.0,0.0
2005-07-15,502.5,502.5,501.5,501.5,501.5,160,0.0,0.0
2005-07-18,501.5,501.5,501.5,501.5,501.5,0,0.0,0.0
2005-07-19,501.5,501.5,501.5,501.5,501.5,0,0.0,0.0
2005-07-20,450.0,455.0,450.0,455.0,455.0,28,0.0,0.0
2005-07-21,455.0,455.0,455.0,455.0,455.0,0,0.0,0.0
2005-07-22,455.0,455.0,455.0,455.0,455.0,0,0.0,0.0
2005-07-25,455.0,455.0,455.0,455.0,455.0,0,0.0,0.0
2005-07-26,400.0,400.0,400.0,400.0,400.0,2,0.0,0.0
2005-07-27,400.0,400.0,400.0,400.0,400.0,0,0.0,0.0
2005-07-28,400.0,400.0,400.0,400.0,400.0,0,0.0,0.0
2005-07-29,400.0,400.0,400.0,400.0,400.0,0,0.0,0.0
2005-08-01,400.0,400.0,400.0,400.0,400.0,0,0.0,0.0
2005-08-02,400.0,400.0,400.0,400.0,400.0,0,0.0,0.0
2005-08-03,400.0,400.0,400.0,400.0,400.0,0,0.0,0.0
2005-08-04,400.0,400.0,400.0,400.0,400.0,0,0.0,0.0
2005-08-05,400.0,400.0,400.0,400.0,400.0,0,0.0,0.0
2005-08-08,455.0,455.0,451.5,455.0,455.0,180,0.0,0.0
2005-08-09,455.0,455.0,455.0,455.0,455.0,0,0.0,0.0
2005-08-10,455.0,455.0,455.0,455.0,455.0,0,0.0,0.0
2005-08-11,455.0,455.0,455.0,455.0,455.0,0,0.0,0.0
2005-08-12,455.0,455.0,455.0,455.0,455.0,0,0.0,0.0
2005-08-15,455.0,455.0,455.0,455.0,455.0,0,0.0,0.0
2005-08-16,455.0,455.0,455.0,455.0,455.0,0,0.0,0.0
2005-08-17,455.0,455.0,455.0,455.0,455.0,0,0.0,0.0
2005-08-18,455.0,455.0,455.0,455.0,455.0,0,0.0,0.0
2005-08-19,455.0,455.0,455.0,455.0,455.0,0,0.0,0.0
2005-08-22,455.0,455.0,455.0,455.0,455.0,0,0.0,0.0
2005-08-23,455.0,455.0,455.0,455.0,455.0,0,0.0,0.0
2005-08-24,455.0,455.0,455.0,455.0,455.0,0,0.0,0.0
2005-08-25,455.0,455.0,455.0,455.0,455.0,0,0.0,0.0
2005-08-26,455.0,455.0,455.0,455.0,455.0,0,0.0,0.0
2005-08-29,455.0,455.0,455.0,455.0,455.0,0,0.0,0.0
2005-08-30,455.0,455.0,455.0,455.0,455.0,0,0.0,0.0
2005-08-31,455.0,455.0,455.0,455.0,455.0,0,0.0,0.0
2005-09-01,455.0,455.0,455.0,455.0,455.0,0,0.0,0.0
2005-09-02,455.0,455.0,455.0,455.0,455.0,0,0.0,0.0
2005-09-06,462.5,462.5,451.5,451.5,451.5,160,0.0,0.0
2005-09-07,451.5,451.5,451.5,451.5,451.5,0,0.0,0.0
2005-09-08,451.5,451.5,451.5,451.5,451.5,0,0.0,0.0
2005-09-09,451.5,451.5,451.5,451.5,451.5,0,0.0,0.0
2005-09-12,451.5,451.5,451.5,451.5,451.5,0,0.0,0.0
2005-09-13,451.5,451.5,451.5,451.5,451.5,0,0.0,0.0
2005-09-14,451.5,451.5,451.5,451.5,451.5,0,0.0,0.0
2005-09-15,451.5,451.5,451.5,451.5,451.5,0,0.0,0.0
2005-09-16,451.5,451.5,451.5,451.5,451.5,0,0.0,0.0
2005-09-19,451.5,451.5,451.5,451.5,451.5,0,0.0,0.0
2005-09-20,451.5,451.5,451.5,451.5,451.5,0,0.0,0.0
2005-09-21,451.5,451.5,451.5,451.5,451.5,0,0.0,0.0
2005-09-22,451.5,451.5,451.5,451.5,451.5,0,0.0,0.0
2005-09-23,451.5,451.5,451.5,451.5,451.5,0,0.0,0.0
2005-09-26,451.5,451.5,451.5,451.5,451.5,0,0.0,0.0
2005-09-27,451.5,451.5,451.5,451.5,451.5,0,0.0,0.0
2005-09-28,451.5,451.5,451.5,451.5,451.5,0,0.0,0.0
2005-09-29,451.5,451.5,451.5,451.5,451.5,0,0.0,0.0
2005-09-30,450.0,450.0,447.5,447.5,447.5,132,0.0,0.0
2005-10-03,447.5,447.5,447.5,447.5,447.5,0,0.0,0.0
2005-10-04,447.5,447.5,447.5,447.5,447.5,0,0.0,0.0
2005-10-05,447.5,447.5,447.5,447.5,447.5,0,0.0,0.0
2005-10-06,447.5,447.5,447.5,447.5,447.5,0,0.0,0.0
2005-10-07,447.5,447.5,447.5,447.5,447.5,0,0.0,0.0
2005-10-10,447.5,447.5,447.5,447.5,447.5,0,0.0,0.0
2005-10-11,447.5,447.5,447.5,447.5,447.5,0,0.0,0.0
2005-10-12,447.5,447.5,447.5,447.5,447.5,0,0.0,0.0
2005-10-13,447.5,447.5,447.5,447.5,447.5,0,0.0,0.0
2005-10-14,447.5,447.5,447.5,447.5,447.5,0,0.0,0.0
2005-10-17,452.5,452.5,451.5,451.5,451.5,120,0.0,0.0
2005-10-18,451.5,451.5,451.5,451.5,451.5,0,0.0,0.0
2005-10-19,451.5,451.5,451.5,451.5,451.5,0,0.0,0.0
2005-10-20,451.5,451.5,451.5,451.5,451.5,0,0.0,0.0
2005-10-21,451.5,451.5,451.5,451.5,451.5,0,0.0,0.0
2005-10-24,451.5,451.5,451.5,451.5,451.5,0,0.0,0.0
2005-10-25,451.5,451.5,451.5,451.5,451.5,0,0.0,0.0
2005-10-26,451.5,451.5,451.5,451.5,451.5,0,0.0,0.0
2005-10-27,451.5,451.5,451.5,451.5,451.5,0,0.0,0.0
2005-10-28,451.5,451.5,451.5,451.5,451.5,0,0.0,0.0
2005-10-31,451.5,451.5,451.5,451.5,451.5,0,0.0,0.0
2005-11-01,451.5,451.5,451.5,451.5,451.5,0,0.0,0.0
2005-11-02,451.5,451.5,451.5,451.5,451.5,0,0.0,0.0
2005-11-03,451.5,451.5,451.5,451.5,451.5,0,0.0,0.0
2005-11-04,451.5,451.5,451.5,451.5,451.5,0,0.0,0.0
2005-11-07,451.5,451.5,451.5,451.5,451.5,0,0.0,0.0
2005-11-08,451.5,451.5,451.5,451.5,451.5,0,0.0,0.0
2005-11-09,451.5,451.5,451.5,451.5,451.5,0,0.0,0.0
2005-11-10,451.5,451.5,451.5,451.5,451.5,0,0.0,0.0
2005-11-11,451.5,451.5,451.5,451.5,451.5,0,0.0,0.0
2005-11-14,451.5,451.5,451.5,451.5,451.5,0,0.0,0.0
2005-11-15,451.5,451.5,451.5,451.5,451.5,0,0.0,0.0
2005-11-16,451.5,451.5,451.5,451.5,451.5,0,0.0,0.0
2005-11-17,451.5,451.5,451.5,451.5,451.5,0,0.0,0.0
2005-11-18,451.5,451.5,451.5,451.5,451.5,0,0.0,0.0
2005-11-21,451.5,451.5,451.5,451.5,451.5,0,0.0,0.0
2005-11-22,451.5,451.5,451.5,451.5,451.5,0,0.0,0.0
2005-11-23,451.5,451.5,451.5,451.5,451.5,0,0.0,0.0
2005-11-25,451.5,451.5,451.5,451.5,451.5,0,0.0,0.0
2005-11-28,451.5,451.5,451.5,451.5,451.5,0,0.0,0.0
2005-11-29,451.5,451.5,451.5,451.5,451.5,0,0.0,0.0
2005-11-30,451.5,451.5,451.5,451.5,451.5,0,0.0,0.0
2005-12-01,451.5,451.5,451.5,451.5,451.5,0,0.0,0.0
2005-12-02,451.5,451.5,451.5,451.5,451.5,0,0.0,0.0
2005-12-05,451.5,451.5,451.5,451.5,451.5,0,0.0,0.0
2005-12-06,451.5,451.5,451.5,451.5,451.5,0,0.0,0.0
2005-12-07,451.5,451.5,451.5,451.5,451.5,0,0.0,0.0
2005-12-08,451.5,451.5,451.5,451.5,451.5,0,0.0,0.0
2005-12-09,451.5,451.5,451.5,451.5,451.5,0,0.0,0.0
2005-12-12,451.5,451.5,451.5,451.5,451.5,0,0.0,0.0
2005-12-13,451.5,451.5,451.5,451.5,451.5,0,0.0,0.0
2005-12-14,400.0,402.5,400.0,400.0,400.0,122,0.0,0.0
2005-12-15,400.0,400.0,400.0,400.0,400.0,0,0.0,0.0
2005-12-16,400.0,400.0,400.0,400.0,400.0,0,0.0,0.0
2005-12-19,350.0,355.0,350.0,355.0,355.0,20,0.0,0.0
2005-12-20,355.0,355.0,355.0,355.0,355.0,0,0.0,0.0
2005-12-21,355.0,355.0,355.0,355.0,355.0,0,0.0,0.0
2005-12-22,355.0,355.0,355.0,355.0,355.0,0,0.0,0.0
2005-12-23,355.0,355.0,355.0,355.0,355.0,0,0.0,0.0
2005-12-27,355.0,355.0,355.0,355.0,355.0,0,0.0,0.0
2005-12-28,355.0,355.0,355.0,355.0,355.0,0,0.0,0.0
2005-12-29,355.0,355.0,355.0,355.0,355.0,0,0.0,0.0
2005-12-30,355.0,355.0,355.0,355.0,355.0,0,0.0,0.0
2006-01-03,355.0,355.0,355.0,355.0,355.0,0,0.0,0.0
2006-01-04,355.0,355.0,355.0,355.0,355.0,0,0.0,0.0
2006-01-05,355.0,355.0,355.0,355.0,355.0,0,0.0,0.0
2006-01-06,355.0,355.0,355.0,355.0,355.0,0,0.0,0.0
2006-01-09,355.0,355.0,355.0,355.0,355.0,0,0.0,0.0
2006-01-10,355.0,355.0,355.0,355.0,355.0,0,0.0,0.0
2006-01-11,355.0,355.0,355.0,355.0,355.0,0,0.0,0.0
2006-01-12,355.0,355.0,355.0,355.0,355.0,0,0.0,0.0
2006-01-13,450.0,450.0,447.5,447.5,447.5,60,0.0,0.0
2006-01-17,447.5,447.5,447.5,447.5,447.5,0,0.0,0.0
2006-01-18,447.5,447.5,447.5,447.5,447.5,0,0.0,0.0
2006-01-19,447.5,447.5,447.5,447.5,447.5,0,0.0,0.0
2006-01-20,447.5,447.5,447.5,447.5,447.5,0,0.0,0.0
2006-01-23,447.5,447.5,447.5,447.5,447.5,0,0.0,0.0
2006-01-24,447.5,447.5,447.5,447.5,447.5,0,0.0,0.0
2006-01-25,447.5,447.5,447.5,447.5,447.5,0,0.0,0.0
2006-01-26,447.5,447.5,447.5,447.5,447.5,0,0.0,0.0
2006-01-27,250.0,250.0,250.0,250.0,250.0,40,0.0,0.0
2006-01-30,250.0,250.0,250.0,250.0,250.0,0,0.0,0.0
2006-01-31,250.0,250.0,250.0,250.0,250.0,0,0.0,0.0
2006-02-01,250.0,250.0,250.0,250.0,250.0,0,0.0,0.0
2006-02-02,250.0,250.0,250.0,250.0,250.0,0,0.0,0.0
2006-02-03,250.0,250.0,250.0,250.0,250.0,0,0.0,0.0
2006-02-06,212.5,212.5,212.5,212.5,212.5,12,0.0,0.0
2006-02-07,212.5,212.5,212.5,212.5,212.5,0,0.0,0.0
2006-02-08,212.5,212.5,212.5,212.5,212.5,0,0.0,0.0
2006-02-09,212.5,212.5,212.5,212.5,212.5,0,0.0,0.0
2006-02-10,212.5,212.5,212.5,212.5,212.5,0,0.0,0.0
2006-02-13,212.5,212.5,212.5,212.5,212.5,0,0.0,0.0
2006-02-14,212.5,212.5,212.5,212.5,212.5,0,0.0,0.0
2006-02-15,212.5,212.5,212.5,212.5,212.5,0,0.0,0.0
2006-02-16,212.5,212.5,212.5,212.5,212.5,0,0.0,0.0
2006-02-17,212.5,212.5,212.5,212.5,212.5,0,0.0,0.0
2006-02-21,212.5,212.5,212.5,212.5,212.5,0,0.0,0.0
2006-02-22,212.5,212.5,212.5,212.5,212.5,0,0.0,0.0
2006-02-23,212.5,212.5,212.5,212.5,212.5,0,0.0,0.0
2006-02-24,212.5,212.5,212.5,212.5,212.5,0,0.0,0.0
2006-02-27,212.5,212.5,212.5,212.5,212.5,0,0.0,0.0
2006-02-28,212.5,212.5,212.5,212.5,212.5,0,0.0,0.0
2006-03-01,200.0,200.0,200.0,200.0,200.0,10,0.0,0.0
2006-03-02,275.0,275.0,275.0,275.0,275.0,14,0.0,0.0
2006-03-03,275.0,275.0,275.0,275.0,275.0,0,0.0,0.0
2006-03-06,275.0,275.0,275.0,275.0,275.0,0,0.0,0.0
2006-03-07,275.0,275.0,275.0,275.0,275.0,0,0.0,0.0
2006-03-08,275.0,275.0,275.0,275.0,275.0,0,0.0,0.0
2006-03-09,275.0,275.0,275.0,275.0,275.0,0,0.0,0.0
2006-03-10,275.0,275.0,275.0,275.0,275.0,0,0.0,0.0
2006-03-13,275.0,275.0,275.0,275.0,275.0,0,0.0,0.0
2006-03-14,275.0,275.0,275.0,275.0,275.0,0,0.0,0.0
2006-03-15,275.0,275.0,275.0,275.0,275.0,0,0.0,0.0
2006-03-16,275.0,275.0,275.0,275.0,275.0,0,0.0,0.0
2006-03-17,275.0,275.0,275.0,275.0,275.0,0,0.0,0.0
2006-03-20,275.0,275.0,275.0,275.0,275.0,0,0.0,0.0
2006-03-21,275.0,275.0,275.0,275.0,275.0,0,0.0,0.0
2006-03-22,275.0,275.0,275.0,275.0,275.0,0,0.0,0.0
2006-03-23,275.0,275.0,275.0,275.0,275.0,0,0.0,0.0
2006-03-24,275.0,275.0,275.0,275.0,275.0,0,0.0,0.0
2006-03-27,275.0,275.0,275.0,275.0,275.0,0,0.0,0.0
2006-03-28,275.0,275.0,275.0,275.0,275.0,0,0.0,0.0
2006-03-29,275.0,275.0,275.0,275.0,275.0,0,0.0,0.0
2006-03-30,275.0,275.0,275.0,275.0,275.0,0,0.0,0.0
2006-03-31,275.0,275.0,275.0,275.0,275.0,0,0.0,0.0
2006-04-03,275.0,275.0,275.0,275.0,275.0,0,0.0,0.0
2006-04-04,357.5,412.5,357.5,410.0,410.0,80,0.0,0.0
2006-04-05,410.0,410.0,410.0,410.0,410.0,0,0.0,0.0
2006-04-06,410.0,410.0,410.0,410.0,410.0,0,0.0,0.0
2006-04-07,410.0,410.0,410.0,410.0,410.0,0,0.0,0.0
2006-04-10,410.0,410.0,410.0,410.0,410.0,0,0.0,0.0
2006-04-11,410.0,410.0,410.0,410.0,410.0,0,0.0,0.0
2006-04-12,410.0,410.0,410.0,410.0,410.0,0,0.0,0.0
2006-04-13,410.0,410.0,410.0,410.0,410.0,0,0.0,0.0
2006-04-17,410.0,410.0,410.0,410.0,410.0,0,0.0,0.0
2006-04-18,410.0,410.0,410.0,410.0,410.0,0,0.0,0.0
2006-04-19,410.0,410.0,410.0,410.0,410.0,0,0.0,0.0
2006-04-20,410.0,410.0,410.0,410.0,410.0,0,0.0,0.0
2006-04-21,410.0,410.0,410.0,410.0,410.0,0,0.0,0.0
2006-04-24,275.0,275.0,225.0,225.0,225.0,90,0.0,0.0
2006-04-25,225.0,225.0,225.0,225.0,225.0,0,0.0,0.0
2006-04-26,225.0,225.0,225.0,225.0,225.0,0,0.0,0.0
2006-04-27,225.0,225.0,225.0,225.0,225.0,0,0.0,0.0
2006-04-28,225.0,225.0,225.0,225.0,225.0,0,0.0,0.0
2006-05-01,225.0,225.0,225.0,225.0,225.0,0,0.0,0.0
2006-05-02,225.0,225.0,225.0,225.0,225.0,0,0.0,0.0
2006-05-03,225.0,225.0,225.0,225.0,225.0,0,0.0,0.0
2006-05-04,225.0,225.0,225.0,225.0,225.0,0,0.0,0.0
2006-05-05,225.0,225.0,225.0,225.0,225.0,0,0.0,0.0
2006-05-08,225.0,225.0,225.0,225.0,225.0,0,0.0,0.0
2006-05-09,225.0,225.0,225.0,225.0,225.0,0,0.0,0.0
2006-05-10,225.0,225.0,225.0,225.0,225.0,0,0.0,0.0
2006-05-11,225.0,225.0,225.0,225.0,225.0,0,0.0,0.0
2006-05-12,225.0,225.0,225.0,225.0,225.0,0,0.0,0.0
2006-05-15,225.0,225.0,225.0,225.0,225.0,0,0.0,0.0
2006-05-16,225.0,225.0,225.0,225.0,225.0,0,0.0,0.0
2006-05-17,225.0,225.0,225.0,225.0,225.0,0,0.0,0.0
2006-05-18,225.0,225.0,225.0,225.0,225.0,0,0.0,0.0
2006-05-19,225.0,225.0,225.0,225.0,225.0,0,0.0,0.0
2006-05-22,225.0,225.0,225.0,225.0,225.0,0,0.0,0.0
2006-05-23,225.0,225.0,225.0,225.0,225.0,0,0.0,0.0
2006-05-24,225.0,225.0,225.0,225.0,225.0,0,0.0,0.0
2006-05-25,225.0,225.0,225.0,225.0,225.0,0,0.0,0.0
2006-05-26,225.0,225.0,225.0,225.0,225.0,0,0.0,0.0
2006-05-30,225.0,225.0,225.0,225.0,225.0,0,0.0,0.0
2006-05-31,285.0,285.0,285.0,285.0,285.0,60,0.0,0.0
2006-06-01,350.0,352.5,350.0,352.5,352.5,50,0.0,0.0
2006-06-02,352.5,352.5,352.5,352.5,352.5,0,0.0,0.0
2006-06-05,350.0,402.5,350.0,402.5,402.5,12,0.0,0.0
2006-06-06,402.5,402.5,402.5,402.5,402.5,30,0.0,0.0
2006-06-07,414.0,414.0,407.5,407.5,407.5,60,0.0,0.0
2006-06-08,407.5,414.0,407.5,414.0,414.0,16,0.0,0.0
2006-06-09,414.0,425.0,410.0,425.0,425.0,96,0.0,0.0
2006-06-12,417.5,439.0,417.5,439.0,439.0,134,0.0,0.0
2006-06-13,450.0,451.0,450.0,451.0,451.0,60,0.0,0.0
2006-06-14,451.0,451.0,451.0,451.0,451.0,0,0.0,0.0
2006-06-15,445.0,461.5,445.0,461.5,461.5,122,0.0,0.0
2006-06-16,461.5,477.5,461.5,475.0,475.0,60,0.0,0.0
2006-06-19,490.0,502.5,490.0,502.5,502.5,30,0.0,0.0
2006-06-20,482.5,515.0,482.5,490.0,490.0,90,0.0,0.0
2006-06-21,517.5,527.5,517.5,527.5,527.5,30,0.0,0.0
2006-06-22,537.5,557.5,512.5,555.0,555.0,228,0.0,0.0
2006-06-23,552.5,565.0,552.5,565.0,565.0,60,0.0,0.0
2006-06-26,565.0,577.5,565.0,577.5,577.5,30,0.0,0.0
2006-06-27,552.5,590.0,552.5,590.0,590.0,40,0.0,0.0
2006-06-28,590.0,590.0,590.0,590.0,590.0,0,0.0,0.0
2006-06-29,587.0,587.0,585.0,585.0,585.0,8,0.0,0.0
2006-06-30,585.0,585.0,585.0,585.0,585.0,0,0.0,0.0
2006-07-03,575.0,575.0,575.0,575.0,575.0,20,0.0,0.0
2006-07-05,575.0,575.0,575.0,575.0,575.0,0,0.0,0.0
2006-07-06,602.5,612.5,590.0,612.5,612.5,60,0.0,0.0
2006-07-07,627.0,627.5,627.0,627.5,627.5,60,0.0,0.0
2006-07-10,600.0,600.0,600.0,600.0,600.0,4,0.0,0.0
2006-07-11,600.0,600.0,600.0,600.0,600.0,4,0.0,0.0
2006-07-12,600.0,600.0,600.0,600.0,600.0,6,0.0,0.0
2006-07-13,595.0,595.0,595.0,595.0,595.0,2,0.0,0.0
2006-07-14,614.5,627.0,502.5,587.5,587.5,174,0.0,0.0
2006-07-17,602.0,625.0,602.0,614.5,614.5,82,0.0,0.0
2006-07-18,612.5,612.5,612.5,612.5,612.5,8,0.0,0.0
2006-07-19,750.0,1250.0,700.0,700.0,700.0,34,0.0,0.0
2006-07-20,700.0,700.0,700.0,700.0,700.0,4,0.0,0.0
2006-07-21,700.0,700.0,700.0,700.0,700.0,0,0.0,0.0
2006-07-24,650.0,725.0,650.0,725.0,725.0,64,0.0,0.0
2006-07-25,725.0,725.0,725.0,725.0,725.0,0,0.0,0.0
2006-07-26,725.0,725.0,725.0,725.0,725.0,0,0.0,0.0
2006-07-27,727.5,900.0,725.0,900.0,900.0,116,0.0,0.0
2006-07-28,740.0,887.5,718.5,800.0,800.0,126,0.0,0.0
2006-07-31,755.0,825.0,755.0,800.0,800.0,18,0.0,0.0
2006-08-01,800.0,800.0,800.0,800.0,800.0,0,0.0,10.0
2006-08-02,800.0,950.0,800.0,875.0,875.0,195,0.0,0.0
2006-08-03,900.0,970.0,900.0,925.0,925.0,47,0.0,0.0
2006-08-04,900.0,900.0,750.0,750.0,750.0,52,0.0,0.0
2006-08-07,750.0,800.0,750.0,750.0,750.0,6,0.0,0.0
2006-08-08,725.0,725.0,550.0,550.0,550.0,8,0.0,0.0
2006-08-09,550.0,590.0,500.0,590.0,590.0,23,0.0,0.0
2006-08-10,600.0,725.0,550.0,725.0,725.0,7,0.0,0.0
2006-08-11,725.0,725.0,725.0,725.0,725.0,0,0.0,0.0
2006-08-14,725.0,725.0,725.0,725.0,725.0,0,0.0,0.0
2006-08-15,725.0,725.0,725.0,725.0,725.0,0,0.0,0.0
2006-08-16,725.0,725.0,725.0,725.0,725.0,0,0.0,0.0
2006-08-17,725.0,725.0,725.0,725.0,725.0,0,0.0,0.0
2006-08-18,725.0,725.0,725.0,725.0,725.0,0,0.0,0.0
2006-08-21,725.0,725.0,725.0,725.0,725.0,0,0.0,0.0
2006-08-22,725.0,725.0,725.0,725.0,725.0,0,0.0,0.0
2006-08-23,625.0,650.0,575.0,650.0,650.0,9,0.0,0.0
2006-08-24,650.0,650.0,650.0,650.0,650.0,0,0.0,0.0
2006-08-25,625.0,700.0,600.0,700.0,700.0,7,0.0,0.0
2006-08-28,700.0,775.0,700.0,775.0,775.0,13,0.0,0.0
2006-08-29,775.0,775.0,775.0,775.0,775.0,0,0.0,0.0
2006-08-30,750.0,755.0,725.0,725.0,725.0,14,0.0,0.0
2006-08-31,745.0,875.0,745.0,825.0,825.0,51,0.0,0.0
2006-09-01,875.0,930.0,875.0,925.0,925.0,22,0.0,0.0
2006-09-05,925.0,930.0,925.0,930.0,930.0,4,0.0,0.0
2006-09-06,900.0,925.0,800.0,800.0,800.0,21,0.0,0.0
2006-09-07,800.0,800.0,800.0,800.0,800.0,0,0.0,0.0
2006-09-08,900.0,900.0,900.0,900.0,900.0,1,0.0,0.0
2006-09-11,900.0,900.0,900.0,900.0,900.0,1,0.0,0.0
2006-09-12,850.0,1000.0,850.0,1000.0,1000.0,87,0.0,0.0
2006-09-13,1000.0,1075.0,975.0,1075.0,1075.0,100,0.0,0.0
2006-09-14,1050.0,1080.0,1025.0,1025.0,1025.0,19,0.0,0.0
2006-09-15,1080.0,1100.0,1050.0,1055.0,1055.0,17,0.0,0.0
2006-09-18,1075.0,1125.0,1075.0,1075.0,1075.0,30,0.0,0.0
2006-09-19,1070.0,1100.0,1025.0,1100.0,1100.0,7,0.0,0.0
2006-09-20,1050.0,1150.0,1045.0,1100.0,1100.0,103,0.0,0.0
2006-09-21,1150.0,1150.0,1100.0,1150.0,1150.0,18,0.0,0.0
2006-09-22,1150.0,1260.0,1100.0,1100.0,1100.0,27,0.0,0.0
2006-09-25,1125.0,1175.0,1075.0,1075.0,1075.0,11,0.0,0.0
2006-09-26,1175.0,1225.0,1175.0,1185.0,1185.0,16,0.0,0.0
2006-09-27,1195.0,1200.0,1140.0,1150.0,1150.0,93,0.0,0.0
2006-09-28,1175.0,1250.0,1175.0,1249.5,1249.5,37,0.0,0.0
2006-09-29,1250.0,1300.0,1250.0,1300.0,1300.0,71,0.0,0.0
2006-10-02,1300.0,1320.0,1275.0,1300.0,1300.0,149,0.0,0.0
2006-10-03,1300.0,1300.0,1300.0,1300.0,1300.0,0,0.0,0.0
2006-10-04,1200.0,1200.0,1075.0,1175.0,1175.0,13,0.0,0.0
2006-10-05,1250.0,1250.0,1225.0,1250.0,1250.0,9,0.0,0.0
2006-10-06,1225.0,1225.0,1175.0,1200.0,1200.0,29,0.0,0.0
2006-10-09,1200.0,1200.0,1200.0,1200.0,1200.0,0,0.0,0.0
2006-10-10,1200.0,1200.0,1200.0,1200.0,1200.0,0,0.0,0.0
2006-10-11,1125.0,1150.0,1125.0,1125.0,1125.0,21,0.0,0.0
2006-10-12,1125.0,1125.0,925.0,1025.0,1025.0,23,0.0,0.0
2006-10-13,1050.0,1110.0,1050.0,1110.0,1110.0,43,0.0,0.0
2006-10-16,1135.0,1145.0,1125.0,1125.0,1125.0,28,0.0,0.0
2006-10-17,1125.0,1140.0,1100.0,1100.0,1100.0,27,0.0,0.0
2006-10-18,1075.0,1115.0,1075.0,1115.0,1115.0,10,0.0,0.0
2006-10-19,1085.0,1085.0,1085.0,1085.0,1085.0,2,0.0,0.0
2006-10-20,1050.0,1050.0,1000.0,1000.0,1000.0,2,0.0,0.0
2006-10-23,1000.0,1000.0,1000.0,1000.0,1000.0,0,0.0,0.0
2006-10-24,1000.0,1000.0,1000.0,1000.0,1000.0,0,0.0,0.0
2006-10-25,950.0,950.0,950.0,950.0,950.0,1,0.0,0.0
2006-10-26,950.0,950.0,950.0,950.0,950.0,0,0.0,0.0
2006-10-27,900.0,900.0,825.0,825.0,825.0,5,0.0,0.0
2006-10-30,825.0,825.0,825.0,825.0,825.0,0,0.0,0.0
2006-10-31,1000.0,1005.0,1000.0,1005.0,1005.0,58,0.0,0.0
2006-11-01,1005.0,1005.0,1005.0,1005.0,1005.0,0,0.0,0.0
2006-11-02,1005.0,1005.0,1005.0,1005.0,1005.0,0,0.0,0.0
2006-11-03,1005.0,1005.0,1005.0,1005.0,1005.0,0,0.0,0.0
2006-11-06,1005.0,1005.0,1005.0,1005.0,1005.0,0,0.0,0.0
2006-11-07,675.0,675.0,575.0,575.0,575.0,10,0.0,0.0
2006-11-08,575.0,875.0,575.0,800.0,800.0,22,0.0,0.0
2006-11-09,850.0,870.0,850.0,870.0,870.0,6,0.0,0.0
2006-11-10,870.0,1000.0,870.0,1000.0,1000.0,25,0.0,0.0
2006-11-13,1000.0,1000.0,1000.0,1000.0,1000.0,0,0.0,0.0
2006-11-14,925.0,975.0,925.0,975.0,975.0,3,0.0,0.0
2006-11-15,1000.0,1000.0,975.0,975.0,975.0,2,0.0,0.0
2006-11-16,950.0,950.0,750.0,750.0,750.0,7,0.0,0.0
2006-11-17,850.0,850.0,825.0,850.0,850.0,6,0.0,0.0
2006-11-20,850.0,850.0,850.0,850.0,850.0,0,0.0,0.0
2006-11-21,825.0,825.0,725.0,750.0,750.0,5,0.0,0.0
2006-11-22,675.0,750.0,625.0,750.0,750.0,6,0.0,0.0
2006-11-24,750.0,750.0,750.0,750.0,750.0,0,0.0,0.0
2006-11-27,600.0,600.0,600.0,600.0,600.0,1,0.0,0.0
2006-11-28,600.0,661.25,550.0,661.25,661.25,5,0.0,0.0
2006-11-29,800.0,800.0,800.0,800.0,800.0,1,0.0,0.0
2006-11-30,800.0,800.0,800.0,800.0,800.0,0,0.0,0.0
2006-12-01,800.0,800.0,800.0,800.0,800.0,0,0.0,0.0
2006-12-04,800.0,800.0,800.0,800.0,800.0,0,0.0,0.0
2006-12-05,800.0,800.0,800.0,800.0,800.0,0,0.0,0.0
2006-12-06,800.0,800.0,800.0,800.0,800.0,0,0.0,0.0
2006-12-07,800.0,800.0,800.0,800.0,800.0,0,0.0,0.0
2006-12-08,800.0,800.0,800.0,800.0,800.0,0,0.0,0.0
2006-12-11,800.0,800.0,800.0,800.0,800.0,0,0.0,0.0
2006-12-12,700.0,805.0,700.0,805.0,805.0,3,0.0,0.0
2006-12-13,760.0,825.0,760.0,825.0,825.0,34,0.0,0.0
2006-12-14,825.0,825.0,800.0,800.0,800.0,1,0.0,0.0
2006-12-15,800.0,800.0,800.0,800.0,800.0,0,0.0,0.0
2006-12-18,800.0,800.0,800.0,800.0,800.0,0,0.0,0.0
2006-12-19,600.0,600.0,550.0,550.0,550.0,9,0.0,0.0
2006-12-20,550.0,550.0,505.0,505.0,505.0,7,0.0,0.0
2006-12-21,300.0,300.0,225.0,255.0,255.0,79,0.0,0.0
2006-12-22,300.0,300.0,275.0,275.0,275.0,30,0.0,0.0
2006-12-26,265.0,265.0,265.0,265.0,265.0,10,0.0,0.0
2006-12-27,255.0,255.0,255.0,255.0,255.0,2,0.0,0.0
2006-12-28,255.0,255.0,255.0,255.0,255.0,2,0.0,0.0
2006-12-29,265.0,265.0,265.0,265.0,265.0,21,0.0,0.0
2007-01-03,265.0,265.0,265.0,265.0,265.0,0,0.0,0.0
2007-01-04,265.0,265.0,265.0,265.0,265.0,0,0.0,0.0
2007-01-05,265.0,265.0,265.0,265.0,265.0,0,0.0,0.0
2007-01-08,255.0,255.0,255.0,255.0,255.0,5,0.0,0.0
2007-01-09,255.0,255.0,255.0,255.0,255.0,5,0.0,0.0
2007-01-10,250.0,250.0,250.0,250.0,250.0,10,0.0,0.0
2007-01-11,250.0,250.0,250.0,250.0,250.0,0,0.0,0.0
2007-01-12,250.0,250.0,250.0,250.0,250.0,0,0.0,0.0
2007-01-16,250.0,250.0,250.0,250.0,250.0,0,0.0,0.0
2007-01-17,250.0,250.0,250.0,250.0,250.0,0,0.0,0.0
2007-01-18,250.0,250.0,250.0,250.0,250.0,0,0.0,0.0
2007-01-19,250.0,250.0,250.0,250.0,250.0,0,0.0,0.0
2007-01-22,250.0,250.0,250.0,250.0,250.0,0,0.0,0.0
2007-01-23,250.0,250.0,250.0,250.0,250.0,0,0.0,0.0
2007-01-24,250.0,250.0,250.0,250.0,250.0,0,0.0,0.0
2007-01-25,250.0,250.0,250.0,250.0,250.0,0,0.0,0.0
2007-01-26,250.0,250.0,250.0,250.0,250.0,0,0.0,0.0
2007-01-29,250.0,250.0,250.0,250.0,250.0,0,0.0,0.0
2007-01-30,250.0,250.0,250.0,250.0,250.0,0,0.0,0.0
2007-01-31,245.0,260.0,240.0,260.0,260.0,43,0.0,0.0
2007-02-01,265.0,265.0,240.0,240.0,240.0,23,0.0,0.0
2007-02-02,240.0,240.0,240.0,240.0,240.0,0,0.0,0.0
2007-02-05,240.0,240.0,240.0,240.0,240.0,0,0.0,0.0
2007-02-06,240.0,240.0,240.0,240.0,240.0,0,0.0,0.0
2007-02-07,240.0,240.0,240.0,240.0,240.0,0,0.0,0.0
2007-02-08,240.0,240.0,240.0,240.0,240.0,0,0.0,0.0
2007-02-09,240.0,240.0,240.0,240.0,240.0,0,0.0,0.0
2007-02-12,240.0,240.0,240.0,240.0,240.0,0,0.0,0.0
2007-02-13,240.0,240.0,240.0,240.0,240.0,0,0.0,0.0
2007-02-14,240.0,240.0,240.0,240.0,240.0,0,0.0,0.0
2007-02-15,240.0,240.0,240.0,240.0,240.0,0,0.0,0.0
2007-02-16,240.0,240.0,240.0,240.0,240.0,0,0.0,0.0
2007-02-20,240.0,240.0,240.0,240.0,240.0,0,0.0,0.0
2007-02-21,240.0,240.0,240.0,240.0,240.0,0,0.0,0.0
2007-02-22,240.0,240.0,240.0,240.0,240.0,0,0.0,0.0
2007-02-23,240.0,240.0,240.0,240.0,240.0,0,0.0,0.0
2007-02-26,240.0,240.0,240.0,240.0,240.0,0,0.0,0.0
2007-02-27,230.0,230.0,230.0,230.0,230.0,6,0.0,0.0
2007-02-28,230.0,230.0,230.0,230.0,230.0,0,0.0,0.0
2007-03-01,230.0,230.0,230.0,230.0,230.0,0,0.0,0.0
2007-03-02,230.0,230.0,230.0,230.0,230.0,0,0.0,0.0
2007-03-05,230.0,230.0,230.0,230.0,230.0,0,0.0,0.0
2007-03-06,230.0,230.0,230.0,230.0,230.0,0,0.0,0.0
2007-03-07,230.0,230.0,230.0,230.0,230.0,0,0.0,0.0
2007-03-08,230.0,230.0,230.0,230.0,230.0,0,0.0,0.0
2007-03-09,250.0,275.0,250.0,250.0,250.0,25,0.0,0.0
2007-03-12,275.0,275.0,275.0,275.0,275.0,6,0.0,0.0
2007-03-13,275.0,275.0,275.0,275.0,275.0,8,0.0,0.0
2007-03-14,300.0,300.0,300.0,300.0,300.0,25,0.0,0.0
2007-03-15,325.0,350.0,325.0,350.0,350.0,40,0.0,0.0
2007-03-16,350.0,375.0,350.0,375.0,375.0,24,0.0,0.0
2007-03-19,375.0,425.0,375.0,425.0,425.0,26,0.0,0.0
2007-03-20,415.0,450.0,400.0,415.0,415.0,32,0.0,0.0
2007-03-21,435.0,450.0,435.0,450.0,450.0,37,0.0,0.0
2007-03-22,450.0,500.0,450.0,475.0,475.0,31,0.0,0.0
2007-03-23,475.0,500.0,395.0,400.0,400.0,68,0.0,0.0
2007-03-26,415.0,415.0,365.0,415.0,415.0,4,0.0,0.0
2007-03-27,415.0,425.0,350.0,350.0,350.0,40,0.0,0.0
2007-03-28,350.0,400.0,350.0,400.0,400.0,20,0.0,0.0
2007-03-29,375.0,400.0,370.0,370.0,370.0,35,0.0,0.0
2007-03-30,325.0,325.0,325.0,325.0,325.0,5,0.0,0.0
2007-04-02,325.0,325.0,325.0,325.0,325.0,2,0.0,0.0
2007-04-03,350.0,350.0,350.0,350.0,350.0,2,0.0,0.0
2007-04-04,350.0,350.0,350.0,350.0,350.0,0,0.0,0.0
2007-04-05,375.0,375.0,375.0,375.0,375.0,14,0.0,0.0
2007-04-09,375.0,375.0,375.0,375.0,375.0,0,0.0,0.0
2007-04-10,375.0,375.0,375.0,375.0,375.0,0,0.0,0.0
2007-04-11,375.0,425.0,350.0,375.0,375.0,45,0.0,0.0
2007-04-12,375.0,375.0,375.0,375.0,375.0,0,0.0,0.0
2007-04-13,400.0,425.0,400.0,425.0,425.0,22,0.0,0.0
2007-04-16,350.0,350.0,350.0,350.0,350.0,0,0.0,0.0
2007-04-17,350.0,350.0,350.0,350.0,350.0,0,0.0,0.0
2007-04-18,350.0,350.0,265.0,265.0,265.0,6,0.0,0.0
2007-04-19,265.0,265.0,265.0,265.0,265.0,0,0.0,0.0
2007-04-20,265.0,265.0,265.0,265.0,265.0,0,0.0,0.0
2007-04-23,265.0,265.0,265.0,265.0,265.0,0,0.0,0.0
2007-04-24,265.0,265.0,265.0,265.0,265.0,0,0.0,0.0
2007-04-25,265.0,265.0,265.0,265.0,265.0,0,0.0,0.0
2007-04-26,275.0,375.0,275.0,375.0,375.0,14,0.0,0.0
2007-04-27,275.0,350.0,265.0,350.0,350.0,15,0.0,0.0
2007-04-30,350.0,350.0,350.0,350.0,350.0,0,0.0,0.0
2007-05-01,255.0,255.0,255.0,255.0,255.0,1,0.0,0.0
2007-05-02,255.0,255.0,255.0,255.0,255.0,0,0.0,0.0
2007-05-03,255.0,255.0,255.0,255.0,255.0,0,0.0,0.0
2007-05-04,255.0,255.0,255.0,255.0,255.0,0,0.0,0.0
2007-05-07,255.0,255.0,255.0,255.0,255.0,0,0.0,0.0
2007-05-08,255.0,255.0,255.0,255.0,255.0,5,0.0,0.0
2007-05-09,255.0,255.0,255.0,255.0,255.0,0,0.0,0.0
2007-05-10,255.0,255.0,255.0,255.0,255.0,0,0.0,0.0
2007-05-11,255.0,255.0,255.0,255.0,255.0,0,0.0,0.0
2007-05-14,200.0,200.0,200.0,200.0,200.0,5,0.0,0.0
2007-05-15,200.0,200.0,200.0,200.0,200.0,0,0.0,0.0
2007-05-16,200.0,200.0,200.0,200.0,200.0,0,0.0,0.0
2007-05-17,200.0,200.0,200.0,200.0,200.0,10,0.0,0.0
2007-05-18,200.0,200.0,200.0,200.0,200.0,0,0.0,0.0
2007-05-21,200.0,200.0,200.0,200.0,200.0,0,0.0,0.0
2007-05-22,200.0,200.0,200.0,200.0,200.0,0,0.0,0.0
2007-05-23,200.0,200.0,200.0,200.0,200.0,0,0.0,0.0
2007-05-24,200.0,200.0,200.0,200.0,200.0,0,0.0,0.0
2007-05-25,200.0,200.0,175.0,175.0,175.0,7,0.0,0.0
2007-05-29,175.0,175.0,175.0,175.0,175.0,0,0.0,0.0
2007-05-30,175.0,175.0,175.0,175.0,175.0,20,0.0,0.0
2007-05-31,175.0,175.0,175.0,175.0,175.0,0,0.0,0.0
2007-06-01,175.0,175.0,175.0,175.0,175.0,0,0.0,0.0
2007-06-04,150.0,150.0,150.0,150.0,150.0,20,0.0,0.0
2007-06-05,175.0,275.0,175.0,275.0,275.0,115,0.0,0.0
2007-06-06,272.5,350.0,272.5,325.0,325.0,263,0.0,0.0
2007-06-07,275.0,325.0,245.0,325.0,325.0,88,0.0,0.0
2007-06-08,310.0,375.0,300.0,375.0,375.0,102,0.0,0.0
2007-06-11,350.0,375.0,325.0,375.0,375.0,84,0.0,0.0
2007-06-12,375.0,390.0,375.0,390.0,390.0,20,0.0,0.0
2007-06-13,350.0,425.0,350.0,425.0,425.0,60,0.0,0.0
2007-06-14,385.0,425.0,385.0,425.0,425.0,16,0.0,0.0
2007-06-15,425.0,475.0,400.0,450.0,450.0,22,0.0,0.0
2007-06-18,425.0,425.0,425.0,425.0,425.0,2,0.0,0.0
2007-06-19,425.0,425.0,425.0,425.0,425.0,0,0.0,0.0
2007-06-20,425.0,425.0,425.0,425.0,425.0,1,0.0,0.0
2007-06-21,425.0,425.0,425.0,425.0,425.0,1,0.0,0.0
2007-06-22,425.0,425.0,425.0,425.0,425.0,0,0.0,0.0
2007-06-25,410.0,425.0,410.0,425.0,425.0,274,0.0,0.0
2007-06-26,375.0,375.0,375.0,375.0,375.0,5,0.0,0.0
2007-06-27,375.0,375.0,375.0,375.0,375.0,5,0.0,0.0
2007-06-28,255.0,255.0,255.0,255.0,255.0,1,0.0,0.0
2007-06-29,425.0,425.0,425.0,425.0,425.0,0,0.0,0.0
2007-07-02,425.0,425.0,425.0,425.0,425.0,0,0.0,0.0
2007-07-03,425.0,425.0,425.0,425.0,425.0,0,0.0,0.0
2007-07-05,425.0,425.0,425.0,425.0,425.0,0,0.0,0.0
2007-07-06,425.0,425.0,425.0,425.0,425.0,0,0.0,0.0
2007-07-09,255.0,425.0,255.0,425.0,425.0,2,0.0,0.0
2007-07-10,425.0,425.0,425.0,425.0,425.0,0,0.0,0.0
2007-07-11,425.0,425.0,425.0,425.0,425.0,0,0.0,0.0
2007-07-12,425.0,425.0,425.0,425.0,425.0,0,0.0,0.0
2007-07-13,425.0,425.0,425.0,425.0,425.0,0,0.0,0.0
2007-07-16,425.0,425.0,425.0,425.0,425.0,0,0.0,0.0
2007-07-17,425.0,425.0,425.0,425.0,425.0,0,0.0,0.0
2007-07-18,260.0,375.0,260.0,375.0,375.0,5,0.0,0.0
2007-07-19,375.0,375.0,375.0,375.0,375.0,0,0.0,0.0
2007-07-20,375.0,375.0,375.0,375.0,375.0,0,0.0,0.0
2007-07-23,375.0,375.0,375.0,375.0,375.0,0,0.0,0.0
2007-07-24,375.0,375.0,375.0,375.0,375.0,0,0.0,0.0
2007-07-25,375.0,375.0,375.0,375.0,375.0,0,0.0,0.0
2007-07-26,375.0,375.0,375.0,375.0,375.0,0,0.0,0.0
2007-07-27,375.0,375.0,375.0,375.0,375.0,0,0.0,0.0
2007-07-30,375.0,375.0,375.0,375.0,375.0,0,0.0,0.0
2007-07-31,375.0,375.0,375.0,375.0,375.0,0,0.0,0.0
2007-08-01,375.0,375.0,375.0,375.0,375.0,0,0.0,0.0
2007-08-02,375.0,375.0,375.0,375.0,375.0,0,0.0,0.0
2007-08-03,375.0,375.0,375.0,375.0,375.0,0,0.0,0.0
2007-08-06,375.0,375.0,375.0,375.0,375.0,0,0.0,0.0
2007-08-07,375.0,375.0,375.0,375.0,375.0,0,0.0,0.0
2007-08-08,375.0,375.0,375.0,375.0,375.0,0,0.0,0.0
2007-08-09,375.0,375.0,375.0,375.0,375.0,0,0.0,0.0
2007-08-10,375.0,375.0,375.0,375.0,375.0,0,0.0,0.0
2007-08-13,375.0,375.0,375.0,375.0,375.0,0,0.0,0.0
2007-08-14,255.0,255.0,255.0,255.0,255.0,5,0.0,0.0
2007-08-15,255.0,255.0,255.0,255.0,255.0,0,0.0,0.0
2007-08-16,255.0,255.0,255.0,255.0,255.0,0,0.0,0.0
2007-08-17,255.0,255.0,255.0,255.0,255.0,0,0.0,0.0
2007-08-20,255.0,255.0,255.0,255.0,255.0,0,0.0,0.0
2007-08-21,375.0,375.0,375.0,375.0,375.0,1,0.0,0.0
2007-08-22,375.0,375.0,375.0,375.0,375.0,0,0.0,0.0
2007-08-23,375.0,375.0,375.0,375.0,375.0,0,0.0,0.0
2007-08-24,375.0,375.0,375.0,375.0,375.0,0,0.0,0.0
2007-08-27,375.0,375.0,375.0,375.0,375.0,0,0.0,0.0
2007-08-28,375.0,375.0,375.0,375.0,375.0,0,0.0,0.0
2007-08-29,375.0,375.0,375.0,375.0,375.0,0,0.0,0.0
2007-08-30,350.0,350.0,350.0,350.0,350.0,20,0.0,0.0
2007-08-31,350.0,350.0,350.0,350.0,350.0,0,0.0,0.0
2007-09-04,175.0,175.0,175.0,175.0,175.0,6,0.0,0.0
2007-09-05,175.0,175.0,175.0,175.0,175.0,0,0.0,0.0
2007-09-06,175.0,175.0,175.0,175.0,175.0,0,0.0,0.0
2007-09-07,175.0,175.0,175.0,175.0,175.0,0,0.0,0.0
2007-09-10,175.0,175.0,175.0,175.0,175.0,0,0.0,0.0
2007-09-11,175.0,175.0,175.0,175.0,175.0,0,0.0,0.0
2007-09-12,175.0,175.0,175.0,175.0,175.0,0,0.0,0.0
2007-09-13,175.0,175.0,175.0,175.0,175.0,0,0.0,0.0
2007-09-14,175.0,175.0,175.0,175.0,175.0,0,0.0,0.0
2007-09-17,175.0,175.0,175.0,175.0,175.0,0,0.0,0.0
2007-09-18,175.0,175.0,175.0,175.0,175.0,0,0.0,0.0
2007-09-19,175.0,175.0,175.0,175.0,175.0,5,0.0,0.0
2007-09-20,175.0,175.0,175.0,175.0,175.0,0,0.0,0.0
2007-09-21,255.0,300.0,255.0,300.0,300.0,11,0.0,0.0
2007-09-24,300.0,300.0,300.0,300.0,300.0,0,0.0,0.0
2007-09-25,300.0,300.0,300.0,300.0,300.0,0,0.0,0.0
2007-09-26,300.0,300.0,300.0,300.0,300.0,0,0.0,0.0
2007-09-27,300.0,300.0,300.0,300.0,300.0,0,0.0,0.0
2007-09-28,300.0,300.0,300.0,300.0,300.0,0,0.0,0.0
2007-10-01,300.0,300.0,300.0,300.0,300.0,0,0.0,0.0
2007-10-02,335.0,335.0,225.0,335.0,335.0,67,0.0,0.0
2007-10-03,350.0,350.0,347.5,350.0,350.0,54,0.0,0.0
2007-10-04,350.0,350.0,350.0,350.0,350.0,0,0.0,0.0
2007-10-05,350.0,375.0,350.0,375.0,375.0,22,0.0,0.0
2007-10-08,375.0,375.0,375.0,375.0,375.0,0,0.0,0.0
2007-10-09,375.0,375.0,375.0,375.0,375.0,2,0.0,0.0
2007-10-10,375.0,375.0,375.0,375.0,375.0,28,0.0,0.0
2007-10-11,375.0,400.0,375.0,400.0,400.0,14,0.0,0.0
2007-10-12,400.0,400.0,400.0,400.0,400.0,2,0.0,0.0
2007-10-15,400.0,400.0,400.0,400.0,400.0,0,0.0,0.0
2007-10-16,300.0,400.0,300.0,400.0,400.0,3,0.0,0.0
2007-10-17,325.0,325.0,325.0,325.0,325.0,69,0.0,0.0
2007-10-18,325.0,325.0,325.0,325.0,325.0,5,0.0,0.0
2007-10-19,350.0,350.0,325.0,350.0,350.0,13,0.0,0.0
2007-10-22,350.0,350.0,350.0,350.0,350.0,0,0.0,0.0
2007-10-23,350.0,350.0,350.0,350.0,350.0,4,0.0,0.0
2007-10-24,350.0,375.0,350.0,350.0,350.0,24,0.0,0.0
2007-10-25,350.0,350.0,350.0,350.0,350.0,0,0.0,0.0
2007-10-26,350.0,350.0,350.0,350.0,350.0,0,0.0,0.0
2007-10-29,350.0,350.0,350.0,350.0,350.0,0,0.0,0.0
2007-10-30,350.0,350.0,350.0,350.0,350.0,0,0.0,0.0
2007-10-31,300.0,300.0,300.0,300.0,300.0,7,0.0,0.0
2007-11-01,255.0,255.0,255.0,255.0,255.0,2,0.0,0.0
2007-11-02,255.0,255.0,255.0,255.0,255.0,0,0.0,0.0
2007-11-05,255.0,255.0,255.0,255.0,255.0,0,0.0,0.0
2007-11-06,255.0,255.0,255.0,255.0,255.0,0,0.0,0.0
2007-11-07,255.0,255.0,230.0,230.0,230.0,15,0.0,0.0
2007-11-08,230.0,230.0,230.0,230.0,230.0,0,0.0,0.0
2007-11-09,230.0,230.0,230.0,230.0,230.0,0,0.0,0.0
2007-11-12,175.0,175.0,175.0,175.0,175.0,5,0.0,0.0
2007-11-13,255.0,315.0,200.0,315.0,315.0,14,0.0,0.0
2007-11-14,250.0,310.0,250.0,250.0,250.0,15,0.0,0.0
2007-11-15,305.0,310.0,305.0,310.0,310.0,10,0.0,0.0
2007-11-16,255.0,300.0,255.0,300.0,300.0,9,0.0,0.0
2007-11-19,250.0,250.0,250.0,250.0,250.0,10,0.0,0.0
2007-11-20,250.0,250.0,250.0,250.0,250.0,0,0.0,0.0
2007-11-21,250.0,250.0,250.0,250.0,250.0,0,0.0,0.0
2007-11-23,250.0,250.0,250.0,250.0,250.0,0,0.0,0.0
2007-11-26,250.0,250.0,250.0,250.0,250.0,0,0.0,0.0
2007-11-27,250.0,250.0,250.0,250.0,250.0,0,0.0,0.0
2007-11-28,250.0,250.0,250.0,250.0,250.0,0,0.0,0.0
2007-11-29,250.0,250.0,250.0,250.0,250.0,0,0.0,0.0
2007-11-30,250.0,250.0,250.0,250.0,250.0,0,0.0,0.0
2007-12-03,250.0,250.0,250.0,250.0,250.0,0,0.0,0.0
2007-12-04,250.0,250.0,250.0,250.0,250.0,0,0.0,0.0
2007-12-05,250.0,250.0,250.0,250.0,250.0,0,0.0,0.0
2007-12-06,250.0,250.0,250.0,250.0,250.0,0,0.0,0.0
2007-12-07,250.0,250.0,250.0,250.0,250.0,0,0.0,0.0
2007-12-10,250.0,250.0,250.0,250.0,250.0,0,0.0,0.0
2007-12-11,250.0,250.0,250.0,250.0,250.0,0,0.0,0.0
2007-12-12,250.0,250.0,250.0,250.0,250.0,0,0.0,0.0
2007-12-13,250.0,250.0,250.0,250.0,250.0,0,0.0,0.0
2007-12-14,150.0,150.0,105.0,125.0,125.0,95,0.0,0.0
2007-12-17,105.0,105.0,70.0,75.0,75.0,245,0.0,0.0
2007-12-18,70.0,70.0,70.0,70.0,70.0,10,0.0,0.0
2007-12-19,70.0,105.0,70.0,85.0,85.0,249,0.0,0.0
2007-12-20,90.0,115.0,90.0,115.0,115.0,113,0.0,0.0
2007-12-21,115.0,115.0,115.0,115.0,115.0,0,0.0,0.0
2007-12-24,100.0,100.0,75.0,75.0,75.0,20,0.0,0.0
2007-12-26,75.0,75.0,75.0,75.0,75.0,29,0.0,0.0
2007-12-27,75.0,75.0,75.0,75.0,75.0,0,0.0,0.0
2007-12-28,65.0,80.0,65.0,75.0,75.0,68,0.0,0.0
2007-12-31,80.0,120.0,80.0,85.0,85.0,44,0.0,0.0
2008-01-02,87.5,95.0,87.5,95.0,95.0,70,0.0,0.0
2008-01-03,100.0,105.0,90.0,90.0,90.0,120,0.0,0.0
2008-01-04,85.0,85.0,75.0,75.0,75.0,240,0.0,0.0
2008-01-07,75.0,95.0,75.0,95.0,95.0,173,0.0,0.0
2008-01-08,85.0,90.0,85.0,90.0,90.0,87,0.0,0.0
2008-01-09,90.0,95.0,85.0,90.0,90.0,202,0.0,0.0
2008-01-10,95.0,95.0,85.0,95.0,95.0,68,0.0,0.0
2008-01-11,95.0,125.0,95.0,125.0,125.0,221,0.0,0.0
2008-01-14,130.0,130.0,130.0,130.0,130.0,0,0.0,0.0
2008-01-15,130.0,140.0,125.0,140.0,140.0,89,0.0,0.0
2008-01-16,140.0,145.0,140.0,145.0,145.0,56,0.0,0.0
2008-01-17,150.0,175.0,145.0,175.0,175.0,201,0.0,0.0
2008-01-18,175.0,175.0,175.0,175.0,175.0,0,0.0,0.0
2008-01-22,200.0,200.0,180.0,180.0,180.0,12,0.0,0.0
2008-01-23,180.0,180.0,180.0,180.0,180.0,0,0.0,0.0
2008-01-24,125.0,125.0,80.0,100.0,100.0,125,0.0,0.0
2008-01-25,77.5,130.0,75.0,95.0,95.0,221,0.0,0.0
2008-01-28,95.0,95.0,90.0,95.0,95.0,88,0.0,0.0
2008-01-29,75.0,95.0,70.0,95.0,95.0,162,0.0,0.0
2008-01-30,75.0,90.0,75.0,90.0,90.0,159,0.0,0.0
2008-01-31,85.0,90.0,85.0,90.0,90.0,98,0.0,0.0
2008-02-01,90.0,100.0,90.0,100.0,100.0,440,0.0,0.0
2008-02-04,90.0,90.0,85.0,85.0,85.0,20,0.0,0.0
2008-02-05,90.0,110.0,90.0,105.0,105.0,139,0.0,0.0
2008-02-06,100.0,105.0,85.0,85.0,85.0,50,0.0,0.0
2008-02-07,76.5,105.0,60.0,70.0,70.0,234,0.0,0.0
2008-02-08,75.0,75.0,75.0,75.0,75.0,20,0.0,0.0
2008-02-11,80.0,85.0,75.0,85.0,85.0,175,0.0,0.0
2008-02-12,90.0,100.0,90.0,100.0,100.0,41,0.0,0.0
2008-02-13,100.0,105.0,90.0,105.0,105.0,126,0.0,0.0
2008-02-14,95.0,105.0,95.0,105.0,105.0,95,0.0,0.0
2008-02-15,105.0,110.0,105.0,110.0,110.0,79,0.0,0.0
2008-02-19,115.0,115.0,115.0,115.0,115.0,4,0.0,0.0
2008-02-20,115.0,115.0,115.0,115.0,115.0,23,0.0,0.0
2008-02-21,101.0,101.0,70.0,95.0,95.0,112,0.0,0.0
2008-02-22,80.0,80.0,80.0,80.0,80.0,35,0.0,0.0
2008-02-25,80.0,105.0,80.0,105.0,105.0,49,0.0,0.0
2008-02-26,105.0,105.0,85.0,90.0,90.0,41,0.0,0.0
2008-02-27,70.0,95.0,70.0,95.0,95.0,201,0.0,0.0
2008-02-28,95.0,95.0,95.0,95.0,95.0,10,0.0,0.0
2008-02-29,90.0,90.0,90.0,90.0,90.0,10,0.0,0.0
2008-03-03,85.0,120.0,85.0,115.0,115.0,732,0.0,0.0
2008-03-04,95.0,125.0,95.0,125.0,125.0,36,0.0,0.0
2008-03-05,125.0,125.0,125.0,125.0,125.0,0,0.0,0.0
2008-03-06,125.0,125.0,125.0,125.0,125.0,0,0.0,0.0
2008-03-07,125.0,125.0,125.0,125.0,125.0,0,0.0,0.0
2008-03-10,105.0,105.0,105.0,105.0,105.0,31,0.0,0.0
2008-03-11,105.0,105.0,105.0,105.0,105.0,0,0.0,0.0
2008-03-12,110.0,110.0,110.0,110.0,110.0,4,0.0,0.0
2008-03-13,110.0,110.0,105.0,105.0,105.0,28,0.0,0.0
2008-03-14,105.0,105.0,105.0,105.0,105.0,2,0.0,0.0
2008-03-17,105.0,105.0,105.0,105.0,105.0,0,0.0,0.0
2008-03-18,105.0,105.0,105.0,105.0,105.0,0,0.0,0.0
2008-03-19,105.0,105.0,105.0,105.0,105.0,0,0.0,0.0
2008-03-20,105.0,105.0,105.0,105.0,105.0,0,0.0,0.0
2008-03-24,75.0,80.0,75.0,80.0,80.0,60,0.0,0.0
2008-03-25,80.0,80.0,80.0,80.0,80.0,0,0.0,0.0
2008-03-26,60.0,60.0,60.0,60.0,60.0,10,0.0,0.0
2008-03-27,60.0,60.0,50.0,50.0,50.0,40,0.0,0.0
2008-03-28,65.0,65.0,65.0,65.0,65.0,54,0.0,0.0
2008-03-31,65.0,70.0,65.0,70.0,70.0,32,0.0,0.0
2008-04-01,70.0,70.0,50.0,50.0,50.0,12,0.0,0.0
2008-04-02,50.0,70.0,50.0,70.0,70.0,2,0.0,0.0
2008-04-03,60.0,70.0,60.0,70.0,70.0,22,0.0,0.0
2008-04-04,70.0,70.0,70.0,70.0,70.0,0,0.0,0.0
2008-04-07,70.0,70.0,70.0,70.0,70.0,0,0.0,0.0
2008-04-08,70.0,70.0,70.0,70.0,70.0,0,0.0,0.0
2008-04-09,70.0,70.0,70.0,70.0,70.0,0,0.0,0.0
2008-04-10,51.0,51.0,51.0,51.0,51.0,2,0.0,0.0
2008-04-11,70.0,70.0,70.0,70.0,70.0,10,0.0,0.0
2008-04-14,70.0,70.0,70.0,70.0,70.0,0,0.0,0.0
2008-04-15,70.0,70.0,70.0,70.0,70.0,0,0.0,0.0
2008-04-16,70.0,70.0,70.0,70.0,70.0,0,0.0,0.0
2008-04-17,70.0,70.0,70.0,70.0,70.0,0,0.0,0.0
2008-04-18,70.0,70.0,70.0,70.0,70.0,0,0.0,0.0
2008-04-21,70.0,70.0,70.0,70.0,70.0,0,0.0,0.0
2008-04-22,70.0,70.0,70.0,70.0,70.0,0,0.0,0.0
2008-04-23,70.0,70.0,70.0,70.0,70.0,0,0.0,0.0
2008-04-24,65.0,85.0,65.0,85.0,85.0,184,0.0,0.0
2008-04-25,85.0,85.0,85.0,85.0,85.0,0,0.0,0.0
2008-04-28,85.0,85.0,80.0,85.0,85.0,29,0.0,0.0
2008-04-29,85.0,90.0,80.0,90.0,90.0,76,0.0,0.0
2008-04-30,90.0,90.0,80.0,80.0,80.0,126,0.0,0.0
2008-05-01,80.0,80.0,80.0,80.0,80.0,0,0.0,0.0
2008-05-02,80.0,80.0,80.0,80.0,80.0,0,0.0,0.0
2008-05-05,80.0,80.0,80.0,80.0,80.0,0,0.0,0.0
2008-05-06,80.0,80.0,80.0,80.0,80.0,0,0.0,0.0
2008-05-07,80.0,80.0,80.0,80.0,80.0,0,0.0,0.0
2008-05-08,80.0,80.0,80.0,80.0,80.0,0,0.0,0.0
2008-05-09,80.0,80.0,80.0,80.0,80.0,0,0.0,0.0
2008-05-12,80.0,90.0,80.0,90.0,90.0,181,0.0,0.0
2008-05-13,90.0,90.0,90.0,90.0,90.0,0,0.0,0.0
2008-05-14,90.0,90.0,90.0,90.0,90.0,0,0.0,0.0
2008-05-15,90.0,90.0,90.0,90.0,90.0,0,0.0,0.0
2008-05-16,90.0,90.0,90.0,90.0,90.0,0,0.0,0.0
2008-05-19,90.0,90.0,90.0,90.0,90.0,0,0.0,0.0
2008-05-20,60.0,60.0,60.0,60.0,60.0,10,0.0,0.0
2008-05-21,60.0,85.0,60.0,85.0,85.0,50,0.0,0.0
2008-05-22,85.0,85.0,85.0,85.0,85.0,6,0.0,0.0
2008-05-23,85.0,85.0,85.0,85.0,85.0,10,0.0,0.0
2008-05-27,85.0,85.0,85.0,85.0,85.0,0,0.0,0.0
2008-05-28,85.0,85.0,85.0,85.0,85.0,54,0.0,0.0
2008-05-29,85.0,95.0,85.0,90.0,90.0,198,0.0,0.0
2008-05-30,85.0,85.0,85.0,85.0,85.0,40,0.0,0.0
2008-06-02,85.0,85.0,85.0,85.0,85.0,0,0.0,0.0
2008-06-03,85.0,85.0,85.0,85.0,85.0,0,0.0,0.0
2008-06-04,80.0,80.0,55.0,55.0,55.0,40,0.0,0.0
2008-06-05,75.0,75.0,65.0,65.0,65.0,30,0.0,0.0
2008-06-06,65.0,65.0,65.0,65.0,65.0,0,0.0,0.0
2008-06-09,65.0,65.0,65.0,65.0,65.0,0,0.0,0.0
2008-06-10,65.0,65.0,65.0,65.0,65.0,0,0.0,0.0
2008-06-11,80.0,80.0,80.0,80.0,80.0,100,0.0,0.0
2008-06-12,80.0,80.0,80.0,80.0,80.0,0,0.0,0.0
2008-06-13,80.0,80.0,80.0,80.0,80.0,43,0.0,0.0
2008-06-16,80.0,85.0,70.0,85.0,85.0,99,0.0,0.0
2008-06-17,85.0,90.0,65.0,75.0,75.0,233,0.0,0.0
2008-06-18,75.0,87.5,65.0,87.5,87.5,674,0.0,0.0
2008-06-19,75.0,80.0,60.0,75.0,75.0,101,0.0,0.0
2008-06-20,75.0,75.0,51.0,70.0,70.0,188,0.0,0.0
2008-06-23,60.0,75.0,50.0,75.0,75.0,86,0.0,0.0
2008-06-24,70.0,75.0,70.0,75.0,75.0,93,0.0,0.0
2008-06-25,75.0,75.0,60.0,70.0,70.0,70,0.0,0.0
2008-06-26,65.0,75.0,50.0,75.0,75.0,96,0.0,0.0
2008-06-27,72.5,72.5,55.0,70.0,70.0,80,0.0,0.0
2008-06-30,75.0,80.0,75.0,80.0,80.0,6,0.0,0.0
2008-07-01,80.0,80.0,65.0,65.0,65.0,62,0.0,0.0
2008-07-02,65.0,80.0,65.0,80.0,80.0,16,0.0,0.0
2008-07-03,80.0,80.0,80.0,80.0,80.0,0,0.0,0.0
2008-07-07,80.0,80.0,80.0,80.0,80.0,0,0.0,0.0
2008-07-08,80.0,80.0,80.0,80.0,80.0,0,0.0,0.0
2008-07-09,80.0,80.0,80.0,80.0,80.0,0,0.0,0.0
2008-07-10,75.0,85.0,55.0,55.0,55.0,117,0.0,0.0
2008-07-11,55.0,55.0,50.0,50.0,50.0,60,0.0,0.0
2008-07-14,50.0,50.0,50.0,50.0,50.0,0,0.0,0.0
2008-07-15,51.0,51.049999,51.0,51.049999,51.049999,40,0.0,0.0
2008-07-16,51.049999,51.049999,51.049999,51.049999,51.049999,0,0.0,0.0
2008-07-17,51.049999,51.049999,51.049999,51.049999,51.049999,0,0.0,0.0
2008-07-18,69.5,69.5,69.5,69.5,69.5,3,0.0,0.0
2008-07-21,69.5,69.5,69.5,69.5,69.5,0,0.0,0.0
2008-07-22,69.5,69.5,69.5,69.5,69.5,0,0.0,0.0
2008-07-23,60.0,60.0,60.0,60.0,60.0,10,0.0,0.0
2008-07-24,60.0,60.0,60.0,60.0,60.0,0,0.0,0.0
2008-07-25,60.0,60.0,60.0,60.0,60.0,0,0.0,0.0
2008-07-28,27.5,59.5,27.5,59.5,59.5,20,0.0,0.0
2008-07-29,59.5,59.5,59.5,59.5,59.5,0,0.0,0.0
2008-07-30,59.5,59.5,59.5,59.5,59.5,0,0.0,0.0
2008-07-31,50.0,50.0,50.0,50.0,50.0,4,0.0,0.0
2008-08-01,50.0,50.0,50.0,50.0,50.0,0,0.0,0.0
2008-08-04,50.0,50.0,50.0,50.0,50.0,14,0.0,0.0
2008-08-05,50.0,50.0,50.0,50.0,50.0,0,0.0,0.0
2008-08-06,50.0,50.0,50.0,50.0,50.0,0,0.0,0.0
2008-08-07,50.0,50.0,50.0,50.0,50.0,0,0.0,0.0
2008-08-08,50.0,50.0,50.0,50.0,50.0,0,0.0,0.0
2008-08-11,50.0,50.0,50.0,50.0,50.0,0,0.0,0.0
2008-08-12,50.0,50.0,50.0,50.0,50.0,0,0.0,0.0
2008-08-13,50.0,50.0,50.0,50.0,50.0,0,0.0,0.0
2008-08-14,50.0,50.0,50.0,50.0,50.0,0,0.0,0.0
2008-08-15,50.0,50.0,50.0,50.0,50.0,0,0.0,0.0
2008-08-18,25.0,25.0,25.0,25.0,25.0,2,0.0,0.0
2008-08-19,25.0,25.0,25.0,25.0,25.0,0,0.0,0.0
2008-08-20,25.0,25.0,25.0,25.0,25.0,0,0.0,0.0
2008-08-21,50.0,64.0,50.0,64.0,64.0,4,0.0,0.0
2008-08-22,64.0,64.0,64.0,64.0,64.0,0,0.0,0.0
2008-08-25,64.0,64.0,64.0,64.0,64.0,5,0.0,0.0
2008-08-26,64.0,64.0,64.0,64.0,64.0,0,0.0,0.0
2008-08-27,64.0,64.0,64.0,64.0,64.0,0,0.0,0.0
2008-08-28,64.0,64.0,64.0,64.0,64.0,0,0.0,0.0
2008-08-29,64.0,64.0,64.0,64.0,64.0,0,0.0,0.0
2008-09-02,64.0,64.0,64.0,64.0,64.0,0,0.0,0.0
2008-09-03,64.0,64.0,64.0,64.0,64.0,0,0.0,0.0
2008-09-04,64.0,64.0,64.0,64.0,64.0,0,0.0,0.0
2008-09-05,64.0,64.0,64.0,64.0,64.0,0,0.0,0.0
2008-09-08,64.0,64.0,64.0,64.0,64.0,0,0.0,0.0
2008-09-09,64.0,64.0,64.0,64.0,64.0,0,0.0,0.0
2008-09-10,64.0,64.0,64.0,64.0,64.0,0,0.0,0.0
2008-09-11,64.0,64.0,64.0,64.0,64.0,0,0.0,0.0
2008-09-12,64.0,64.0,64.0,64.0,64.0,0,0.0,0.0
2008-09-15,64.0,64.0,64.0,64.0,64.0,0,0.0,0.0
2008-09-16,50.0,50.0,50.0,50.0,50.0,20,0.0,0.0
2008-09-17,50.0,50.0,50.0,50.0,50.0,0,0.0,0.0
2008-09-18,50.0,50.0,50.0,50.0,50.0,0,0.0,0.0
2008-09-19,50.0,50.0,50.0,50.0,50.0,0,0.0,0.0
2008-09-22,64.0,64.0,64.0,64.0,64.0,14,0.0,0.0
2008-09-23,64.0,64.0,64.0,64.0,64.0,0,0.0,0.0
2008-09-24,64.0,64.0,64.0,64.0,64.0,0,0.0,0.0
2008-09-25,64.0,64.0,64.0,64.0,64.0,0,0.0,0.0
2008-09-26,64.0,64.0,64.0,64.0,64.0,0,0.0,0.0
2008-09-29,25.0,25.0,25.0,25.0,25.0,19,0.0,0.0
2008-09-30,64.0,64.0,64.0,64.0,64.0,1,0.0,0.0
2008-10-01,25.0,25.0,25.0,25.0,25.0,17,0.0,0.0
2008-10-02,25.0,25.0,25.0,25.0,25.0,0,0.0,0.0
2008-10-03,35.0,50.0,35.0,50.0,50.0,2,0.0,0.0
2008-10-06,50.0,50.0,50.0,50.0,50.0,0,0.0,0.0
2008-10-07,50.0,50.0,50.0,50.0,50.0,0,0.0,0.0
2008-10-08,50.0,50.0,50.0,50.0,50.0,0,0.0,0.0
2008-10-09,50.0,50.0,50.0,50.0,50.0,0,0.0,0.0
2008-10-10,50.0,50.0,50.0,50.0,50.0,0,0.0,0.0
2008-10-13,50.0,50.0,50.0,50.0,50.0,0,0.0,0.0
2008-10-14,50.0,50.0,50.0,50.0,50.0,0,0.0,0.0
2008-10-15,50.0,50.0,50.0,50.0,50.0,0,0.0,0.0
2008-10-16,50.0,50.0,50.0,50.0,50.0,0,0.0,0.0
2008-10-17,50.0,50.0,50.0,50.0,50.0,0,0.0,0.0
2008-10-20,50.0,50.0,50.0,50.0,50.0,0,0.0,0.0
2008-10-21,50.0,50.0,50.0,50.0,50.0,0,0.0,0.0
2008-10-22,50.0,50.0,50.0,50.0,50.0,0,0.0,0.0
2008-10-23,50.0,50.0,50.0,50.0,50.0,0,0.0,0.0
2008-10-24,25.0,25.0,15.0,25.0,25.0,98,0.0,0.0
2008-10-27,15.0,17.5,15.0,15.0,15.0,97,0.0,0.0
2008-10-28,12.5,15.0,12.5,15.0,15.0,14,0.0,0.0
2008-10-29,15.0,20.0,15.0,20.0,20.0,140,0.0,0.0
2008-10-30,15.0,45.0,15.0,20.0,20.0,186,0.0,0.0
2008-10-31,15.0,22.5,10.0,15.0,15.0,536,0.0,0.0
2008-11-03,15.0,20.0,15.0,15.0,15.0,608,0.0,0.0
2008-11-04,15.0,20.0,15.0,20.0,20.0,394,0.0,0.0
2008-11-05,20.0,25.0,20.0,25.0,25.0,232,0.0,0.0
2008-11-06,25.0,26.0,10.5,25.0,25.0,3916,0.0,0.0
2008-11-07,15.0,20.0,12.75,15.0,15.0,831,0.0,0.0
2008-11-10,12.75,15.0,12.0,12.5,12.5,699,0.0,0.0
2008-11-11,12.5,12.5,12.0,12.5,12.5,130,0.0,0.0
2008-11-12,12.5,15.0,12.5,15.0,15.0,282,0.0,0.0
2008-11-13,12.5,12.5,12.5,12.5,12.5,50,0.0,0.0
2008-11-14,12.5,17.5,12.0,17.5,17.5,712,0.0,0.0
2008-11-17,17.5,25.0,17.5,25.0,25.0,244,0.0,0.0
2008-11-18,25.0,45.0,25.0,26.25,26.25,590,0.0,0.0
2008-11-19,26.25,37.5,25.0,37.5,37.5,112,0.0,0.0
2008-11-20,35.0,35.0,20.0,20.0,20.0,170,0.0,0.0
2008-11-21,20.0,30.0,15.0,30.0,30.0,254,0.0,0.0
2008-11-24,30.0,30.0,30.0,30.0,30.0,0,0.0,0.0
2008-11-25,17.5,22.5,15.0,15.0,15.0,44,0.0,0.0
2008-11-26,15.0,17.5,12.5,15.0,15.0,318,0.0,0.0
2008-11-28,13.75,40.0,13.75,40.0,40.0,300,0.0,0.0
2008-12-01,20.0,40.0,12.5,40.0,40.0,127,0.0,0.0
2008-12-02,12.25,17.5,11.75,17.25,17.25,444,0.0,0.0
2008-12-03,11.75,17.5,11.25,17.5,17.5,316,0.0,0.0
2008-12-04,7.5,15.5,7.5,15.5,15.5,965,0.0,0.0
2008-12-05,15.5,25.0,15.5,25.0,25.0,200,0.0,0.0
2008-12-08,22.5,30.0,17.5,30.0,30.0,886,0.0,0.0
2008-12-09,17.5,25.0,17.5,25.0,25.0,430,0.0,0.0
2008-12-10,20.0,22.5,17.5,20.0,20.0,295,0.0,0.0
2008-12-11,17.5,17.5,15.0,15.0,15.0,70,0.0,0.0
2008-12-12,15.0,22.5,15.0,22.5,22.5,556,0.0,0.0
2008-12-15,22.5,35.0,15.0,35.0,35.0,376,0.0,0.0
2008-12-16,22.5,30.0,20.0,20.0,20.0,40,0.0,0.0
2008-12-17,15.5,17.75,10.0,11.75,11.75,1337,0.0,0.0
2008-12-18,10.0,12.0,9.5,10.0,10.0,404,0.0,0.0
2008-12-19,12.25,15.25,10.0,15.0,15.0,680,0.0,0.0
2008-12-22,11.25,15.25,10.0,11.75,11.75,900,0.0,0.0
2008-12-23,9.5,11.75,9.5,11.75,11.75,358,0.0,0.0
2008-12-24,11.5,13.75,10.0,10.0,10.0,705,0.0,0.0
2008-12-26,11.5,13.25,10.0,13.25,13.25,1344,0.0,0.0
2008-12-29,12.0,24.0,11.75,24.0,24.0,1738,0.0,0.0
2008-12-30,24.0,30.0,19.0,30.0,30.0,2207,0.0,0.0
2008-12-31,24.0,28.25,16.25,17.5,17.5,1231,0.0,0.0
2009-01-02,18.75,27.5,11.75,27.5,27.5,1900,0.0,0.0
2009-01-05,15.0,16.5,11.75,12.0,12.0,5637,0.0,0.0
2009-01-06,14.5,15.0,12.5,15.0,15.0,2358,0.0,0.0
2009-01-07,15.0,15.0,12.5,14.25,14.25,1715,0.0,0.0
2009-01-08,15.0,17.25,12.0,14.9,14.9,1730,0.0,0.0
2009-01-09,14.5,14.5,12.0,12.0,12.0,1574,0.0,0.0
2009-01-12,12.5,12.5,10.75,12.5,12.5,1095,0.0,0.0
2009-01-13,12.0,14.5,12.0,12.5,12.5,1358,0.0,0.0
2009-01-14,12.0,13.5,10.0,11.5,11.5,722,0.0,0.0
2009-01-15,11.5,14.5,11.5,14.0,14.0,506,0.0,0.0
2009-01-16,13.5,14.9,12.5,13.5,13.5,264,0.0,0.0
2009-01-20,12.5,13.5,10.5,13.5,13.5,700,0.0,0.0
2009-01-21,12.0,13.5,11.5,12.0,12.0,702,0.0,0.0
2009-01-22,13.5,13.5,12.5,13.5,13.5,413,0.0,0.0
2009-01-23,13.0,13.5,11.5,13.5,13.5,294,0.0,0.0
2009-01-26,13.0,13.0,13.0,13.0,13.0,73,0.0,0.0
2009-01-27,13.0,13.0,10.8,11.0,11.0,894,0.0,0.0
2009-01-28,12.0,13.0,11.0,12.0,12.0,1352,0.0,0.0
2009-01-29,12.0,12.0,11.5,12.0,12.0,739,0.0,0.0
2009-01-30,11.25,12.0,11.0,12.0,12.0,871,0.0,0.0
2009-02-02,12.0,12.0,12.0,12.0,12.0,0,0.0,0.0
2009-02-03,12.5,12.5,8.75,11.5,11.5,151,0.0,0.0
2009-02-04,10.0,11.0,8.25,10.0,10.0,565,0.0,0.0
2009-02-05,10.0,12.5,9.5,12.5,12.5,692,0.0,0.0
2009-02-06,12.5,12.5,10.0,11.0,11.0,606,0.0,0.0
2009-02-09,10.0,10.5,9.75,10.5,10.5,181,0.0,0.0
2009-02-10,10.5,13.5,10.0,13.5,13.5,1218,0.0,0.0
2009-02-11,13.5,16.5,13.0,15.0,15.0,2247,0.0,0.0
2009-02-12,14.0,15.5,14.0,15.5,15.5,956,0.0,0.0
2009-02-13,15.0,20.75,14.0,20.75,20.75,2787,0.0,0.0
2009-02-17,20.0,25.5,15.0,24.0,24.0,3086,0.0,0.0
2009-02-18,25.5,25.5,20.0,24.5,24.5,301,0.0,0.0
2009-02-19,25.5,25.5,20.0,23.5,23.5,626,0.0,0.0
2009-02-20,23.5,23.5,12.0,15.5,15.5,2162,0.0,0.0
2009-02-23,20.0,20.0,10.0,14.5,14.5,1274,0.0,0.0
2009-02-24,12.0,14.5,10.0,14.5,14.5,1364,0.0,0.0
2009-02-25,14.5,14.5,10.5,12.95,12.95,413,0.0,0.0
2009-02-26,10.75,13.0,10.75,13.0,13.0,405,0.0,0.0
2009-02-27,12.5,13.0,10.0,12.5,12.5,1207,0.0,0.0
2009-03-02,11.0,12.5,10.0,11.5,11.5,1066,0.0,0.0
2009-03-03,11.0,11.5,9.5,11.45,11.45,416,0.0,0.0
2009-03-04,11.0,11.95,11.0,11.95,11.95,290,0.0,0.0
2009-03-05,11.5,14.0,10.0,12.5,12.5,1145,0.0,0.0
2009-03-06,10.1,11.95,10.0,11.95,11.95,90,0.0,0.0
2009-03-09,11.95,11.95,11.95,11.95,11.95,0,0.0,0.0
2009-03-10,11.95,11.95,11.95,11.95,11.95,0,0.0,0.0
2009-03-11,8.0,11.25,6.25,11.25,11.25,264,0.0,0.0
2009-03-12,10.75,11.5,10.0,11.0,11.0,638,0.0,0.0
2009-03-13,12.5,12.5,10.0,10.8,10.8,485,0.0,0.0
2009-03-16,11.0,12.5,8.0,11.0,11.0,761,0.0,0.0
2009-03-17,9.05,11.25,8.5,8.5,8.5,1086,0.0,0.0
2009-03-18,8.5,11.0,8.5,11.0,11.0,550,0.0,0.0
2009-03-19,10.0,10.95,8.75,10.95,10.95,540,0.0,0.0
2009-03-20,10.0,10.0,9.0,9.25,9.25,1267,0.0,0.0
2009-03-23,9.25,11.0,9.25,9.95,9.95,220,0.0,0.0
2009-03-24,9.95,11.0,8.55,11.0,11.0,1250,0.0,0.0
2009-03-25,10.5,11.05,8.55,9.0,9.0,769,0.0,0.0
2009-03-26,15.0,15.0,10.0,11.35,11.35,1100,0.0,0.0
2009-03-27,10.5,12.5,10.0,12.4,12.4,2122,0.0,0.0
2009-03-30,12.0,12.0,10.0,11.5,11.5,224,0.0,0.0
2009-03-31,12.5,12.5,10.05,12.25,12.25,734,0.0,0.0
2009-04-01,12.0,12.25,9.5,12.0,12.0,1143,0.0,0.0
2009-04-02,12.0,12.0,9.0,11.0,11.0,1220,0.0,0.0
2009-04-03,9.5,11.0,9.0,10.0,10.0,696,0.0,0.0
2009-04-06,11.0,12.0,10.0,11.25,11.25,1444,0.0,0.0
2009-04-07,11.0,11.25,9.2,10.75,10.75,921,0.0,0.0
2009-04-08,11.0,11.5,9.3,11.0,11.0,488,0.0,0.0
2009-04-09,11.0,11.5,9.6,11.5,11.5,277,0.0,0.0
2009-04-13,11.0,19.25,11.0,16.0,16.0,3862,0.0,0.0
2009-04-14,17.5,17.5,13.4,15.0,15.0,1708,0.0,0.0
2009-04-15,16.0,16.0,12.5,16.0,16.0,554,0.0,0.0
2009-04-16,16.0,16.0,14.0,14.0,14.0,10,0.0,0.0
2009-04-17,14.0,18.0,12.5,18.0,18.0,1375,0.0,0.0
2009-04-20,17.5,24.5,16.5,24.5,24.5,3107,0.0,0.0
2009-04-21,24.5,24.5,15.5,23.5,23.5,1389,0.0,0.0
2009-04-22,23.0,23.0,16.25,23.0,23.0,1187,0.0,0.0
2009-04-23,18.0,22.450001,15.0,20.5,20.5,1030,0.0,0.0
2009-04-24,17.5,20.0,14.5,19.5,19.5,1791,0.0,0.0
2009-04-27,20.0,20.0,12.55,15.95,15.95,581,0.0,0.0
2009-04-28,14.95,16.5,12.5,15.0,15.0,1339,0.0,0.0
2009-04-29,13.75,15.0,11.25,15.0,15.0,1388,0.0,0.0
2009-04-30,14.75,14.75,11.25,13.7,13.7,917,0.0,0.0
2009-05-01,13.45,13.45,10.25,12.4,12.4,564,0.0,0.0
2009-05-04,12.25,13.0,11.0,12.95,12.95,408,0.0,0.0
2009-05-05,25.0,25.0,11.5,12.5,12.5,302,0.0,0.0
2009-05-06,12.5,16.0,10.55,10.6,10.6,2168,0.0,0.0
2009-05-07,12.5,15.0,10.6,15.0,15.0,1535,0.0,0.0
2009-05-08,11.25,13.5,10.5,12.5,12.5,573,0.0,0.0
2009-05-11,12.5,14.5,10.65,12.5,12.5,1678,0.0,0.0
2009-05-12,12.5,15.0,10.65,13.0,13.0,1510,0.0,0.0
2009-05-13,13.0,13.25,11.0,12.5,12.5,1797,0.0,0.0
2009-05-14,11.0,12.5,11.0,12.5,12.5,126,0.0,0.0
2009-05-15,12.4,12.4,11.0,12.4,12.4,210,0.0,0.0
2009-05-18,11.0,12.45,10.5,12.45,12.45,2025,0.0,0.0
2009-05-19,12.5,12.5,10.0,11.45,11.45,342,0.0,0.0
2009-05-20,11.0,11.5,9.5,10.25,10.25,1687,0.0,0.0
2009-05-21,10.0,11.5,9.5,11.45,11.45,1550,0.0,0.0
2009-05-22,11.5,11.5,11.5,11.5,11.5,163,0.0,0.0
2009-05-26,11.5,12.0,10.0,11.45,11.45,947,0.0,0.0
2009-05-27,10.5,11.0,9.5,9.5,9.5,785,0.0,0.0
2009-05-28,9.5,10.95,8.4,10.75,10.75,1254,0.0,0.0
2009-05-29,10.75,10.75,10.75,10.75,10.75,0,0.0,0.0
2009-06-01,9.75,9.75,9.25,9.7,9.7,294,0.0,0.0
2009-06-02,9.25,9.65,9.0,9.0,9.0,724,0.0,0.0
2009-06-03,9.0,9.4,8.5,9.35,9.35,650,0.0,0.0
2009-06-04,9.3,9.3,8.5,9.0,9.0,1079,0.0,0.0
2009-06-05,8.5,12.5,6.65,12.0,12.0,3216,0.0,0.0
2009-06-08,10.0,10.0,8.5,8.9,8.9,539,0.0,0.0
2009-06-09,9.0,11.5,9.0,11.5,11.5,630,0.0,0.0
2009-06-10,11.0,13.0,10.0,13.0,13.0,2561,0.0,0.0
2009-06-11,13.0,13.0,10.25,10.5,10.5,261,0.0,0.0
2009-06-12,10.5,10.5,10.5,10.5,10.5,180,0.0,0.0
2009-06-15,10.5,11.5,9.1,11.5,11.5,460,0.0,0.0
2009-06-16,11.5,11.5,10.0,11.5,11.5,343,0.0,0.0
2009-06-17,10.5,12.0,9.0,12.0,12.0,1380,0.0,0.0
2009-06-18,10.5,12.0,9.1,12.0,12.0,521,0.0,0.0
2009-06-19,9.5,10.0,9.25,9.25,9.25,314,0.0,0.0
2009-06-22,10.0,10.0,9.0,9.0,9.0,74,0.0,0.0
2009-06-23,9.0,9.0,8.95,8.95,8.95,30,0.0,0.0
2009-06-24,8.95,8.95,8.95,8.95,8.95,0,0.0,0.0
2009-06-25,8.95,10.5,8.95,10.5,10.5,161,0.0,0.0
2009-06-26,7.5,9.0,7.5,9.0,9.0,194,0.0,0.0
2009-06-29,9.0,9.0,8.0,8.0,8.0,20,0.0,0.0
2009-06-30,8.0,8.7,6.15,8.7,8.7,1210,0.0,0.0
2009-07-01,8.0,8.35,6.5,8.35,8.35,1417,0.0,0.0
2009-07-02,8.0,8.0,6.0,7.65,7.65,1396,0.0,0.0
2009-07-06,7.7,7.75,7.7,7.75,7.75,121,0.0,0.0
2009-07-07,7.5,7.5,6.5,7.4,7.4,520,0.0,0.0
2009-07-08,7.4,7.4,6.5,7.25,7.25,633,0.0,0.0
2009-07-09,6.5,7.5,5.5,5.6,5.6,1736,0.0,0.0
2009-07-10,6.0,7.0,5.0,7.0,7.0,990,0.0,0.0
2009-07-13,7.0,7.0,6.65,6.95,6.95,242,0.0,0.0
2009-07-14,5.25,6.5,4.95,6.2,6.2,1756,0.0,0.0
2009-07-15,6.15,7.0,5.0,7.0,7.0,968,0.0,0.0
2009-07-16,6.5,6.95,5.0,6.95,6.95,1300,0.0,0.0
2009-07-17,6.5,6.5,5.0,6.45,6.45,1041,0.0,0.0
2009-07-20,5.0,6.35,5.0,6.35,6.35,83,0.0,0.0
2009-07-21,5.0,5.0,5.0,5.0,5.0,100,0.0,0.0
2009-07-22,5.95,5.95,5.0,5.95,5.95,280,0.0,0.0
2009-07-23,5.9,6.3,5.05,5.05,5.05,1340,0.0,0.0
2009-07-24,5.5,5.5,5.0,5.0,5.0,660,0.0,0.0
2009-07-27,4.5,5.45,4.5,5.45,5.45,1530,0.0,0.0
2009-07-28,5.5,5.5,5.0,5.0,5.0,458,0.0,0.0
2009-07-29,5.0,5.0,5.0,5.0,5.0,110,0.0,0.0
2009-07-30,4.95,8.5,4.95,6.95,6.95,2969,0.0,0.0
2009-07-31,6.5,7.5,5.05,7.45,7.45,1223,0.0,0.0
2009-08-03,5.5,6.5,5.5,5.95,5.95,835,0.0,0.0
2009-08-04,5.25,6.25,5.0,6.0,6.0,1113,0.0,0.0
2009-08-05,6.0,6.0,5.05,5.75,5.75,1040,0.0,0.0
2009-08-06,5.5,6.25,5.0,6.25,6.25,1279,0.0,0.0
2009-08-07,6.0,7.0,6.0,6.5,6.5,1164,0.0,0.0
2009-08-10,7.0,7.5,6.0,6.25,6.25,2307,0.0,0.0
2009-08-11,6.5,6.5,5.05,6.25,6.25,820,0.0,0.0
2009-08-12,5.1,6.0,5.05,6.0,6.0,1435,0.0,0.0
2009-08-13,5.05,6.0,4.5,4.5,4.5,1338,0.0,0.0
2009-08-14,4.5,5.45,4.5,5.45,5.45,110,0.0,0.0
2009-08-17,5.0,5.0,4.0,4.1,4.1,280,0.0,0.0
2009-08-18,4.25,4.25,4.25,4.25,4.25,298,0.0,0.0
2009-08-19,5.0,6.1,4.25,5.05,5.05,2384,0.0,0.0
2009-08-20,5.5,5.5,4.75,4.75,4.75,220,0.0,0.0
2009-08-21,4.75,4.75,4.5,4.5,4.5,104,0.0,0.0
2009-08-24,4.5,4.5,4.5,4.5,4.5,0,0.0,0.0
2009-08-25,4.5,5.0,4.25,4.25,4.25,500,0.0,0.0
2009-08-26,4.25,4.25,4.25,4.25,4.25,300,0.0,0.0
2009-08-27,4.5,4.5,4.5,4.5,4.5,110,0.0,0.0
2009-08-28,5.0,5.0,4.45,4.45,4.45,20,0.0,0.0
2009-08-31,4.45,4.45,4.45,4.45,4.45,20,0.0,0.0
2009-09-01,4.45,5.0,4.45,5.0,5.0,1330,0.0,0.0
2009-09-02,5.0,5.0,4.5,4.5,4.5,1369,0.0,0.0
2009-09-03,5.0,5.0,4.25,4.3,4.3,1810,0.0,0.0
2009-09-04,4.3,5.0,3.75,4.75,4.75,703,0.0,0.0
2009-09-08,4.5,4.5,4.0,4.0,4.0,1710,0.0,0.0
2009-09-09,4.5,4.5,4.0,4.0,4.0,1940,0.0,0.0
2009-09-10,4.5,4.5,3.75,4.0,4.0,610,0.0,0.0
2009-09-11,4.4,4.4,3.75,3.75,3.75,650,0.0,0.0
2009-09-14,4.5,4.5,4.5,4.5,4.5,215,0.0,0.0
2009-09-15,4.75,4.75,4.0,4.5,4.5,1690,0.0,0.0
2009-09-16,4.5,4.5,3.75,3.75,3.75,1110,0.0,0.0
2009-09-17,4.0,4.0,3.75,3.75,3.75,950,0.0,0.0
2009-09-18,3.75,3.75,3.75,3.75,3.75,0,0.0,0.0
2009-09-21,3.75,3.75,3.75,3.75,3.75,730,0.0,0.0
2009-09-22,4.0,4.0,3.75,4.0,4.0,470,0.0,0.0
2009-09-23,3.75,4.45,3.5,4.45,4.45,1934,0.0,0.0
2009-09-24,4.0,4.0,3.5,3.5,3.5,1770,0.0,0.0
2009-09-25,3.5,3.5,3.5,3.5,3.5,100,0.0,0.0
2009-09-28,4.0,4.0,3.75,3.75,3.75,370,0.0,0.0
2009-09-29,3.7,3.9,3.7,3.9,3.9,70,0.0,0.0
2009-09-30,3.75,3.75,3.25,3.3,3.3,1280,0.0,0.0
2009-10-01,3.3,3.5,3.25,3.25,3.25,1944,0.0,0.0
2009-10-02,3.35,3.5,3.25,3.5,3.5,1616,0.0,0.0
2009-10-05,3.5,3.95,3.0,3.75,3.75,2814,0.0,0.0
2009-10-06,3.75,7.0,3.75,7.0,7.0,8894,0.0,0.0
2009-10-07,6.5,6.5,4.0,5.5,5.5,7574,0.0,0.0
2009-10-08,5.0,6.5,4.3,5.25,5.25,8282,0.0,0.0
2009-10-09,5.0,7.0,4.7,6.5,6.5,7830,0.0,0.0
2009-10-12,7.0,9.75,7.0,9.0,9.0,8287,0.0,0.0
2009-10-13,8.95,8.95,6.0,6.75,6.75,4226,0.0,0.0
2009-10-14,6.55,7.5,5.5,6.25,6.25,2884,0.0,0.0
2009-10-15,5.3,8.5,5.05,7.5,7.5,6593,0.0,0.0
2009-10-16,7.0,7.5,5.55,7.5,7.5,4276,0.0,0.0
2009-10-19,6.25,7.75,5.1,6.0,6.0,2398,0.0,0.0
2009-10-20,6.5,6.75,5.1,5.1,5.1,3087,0.0,0.0
2009-10-21,5.1,6.5,5.1,6.5,6.5,1155,0.0,0.0
2009-10-22,5.5,6.25,5.5,6.0,6.0,999,0.0,0.0
2009-10-23,5.45,6.0,5.45,6.0,6.0,824,0.0,0.0
2009-10-26,6.0,6.45,5.15,5.65,5.65,2413,0.0,0.0
2009-10-27,5.05,6.45,4.85,6.25,6.25,1326,0.0,0.0
2009-10-28,5.0,5.95,5.0,5.95,5.95,1163,0.0,0.0
2009-10-29,5.5,7.75,5.5,7.0,7.0,1201,0.0,0.0
2009-10-30,6.25,6.4,5.55,6.0,6.0,2524,0.0,0.0
2009-11-02,6.0,8.0,6.0,8.0,8.0,1649,0.0,0.0
2009-11-03,8.0,8.0,7.5,8.0,8.0,928,0.0,0.0
2009-11-04,8.0,8.0,7.95,8.0,8.0,250,0.0,0.0
2009-11-05,6.25,7.7,6.25,7.45,7.45,1214,0.0,0.0
2009-11-06,7.45,7.75,6.55,7.75,7.75,58,0.0,0.0
2009-11-09,7.75,7.75,6.95,7.25,7.25,320,0.0,0.0
2009-11-10,7.0,7.25,6.95,6.95,6.95,89,0.0,0.0
2009-11-11,6.95,7.0,6.5,6.5,6.5,800,0.0,0.0
2009-11-12,6.0,6.25,6.0,6.25,6.25,750,0.0,0.0
2009-11-13,6.0,6.45,5.25,5.45,5.45,4025,0.0,0.0
2009-11-16,5.45,6.5,5.45,6.4,6.4,2321,0.0,0.0
2009-11-17,6.0,6.0,5.3,5.3,5.3,1050,0.0,0.0
2009-11-18,5.3,5.3,5.0,5.3,5.3,2322,0.0,0.0
2009-11-19,5.25,5.25,3.75,4.25,4.25,523,0.0,0.0
2009-11-20,4.5,4.5,4.4,4.4,4.4,240,0.0,0.0
2009-11-23,4.4,5.0,4.4,4.4,4.4,390,0.0,0.0
2009-11-24,5.0,5.0,4.0,4.0,4.0,521,0.0,0.0
2009-11-25,4.0,4.75,3.8,4.75,4.75,474,0.0,0.0
2009-11-27,4.75,4.75,4.75,4.75,4.75,0,0.0,0.0
2009-11-30,3.85,5.0,3.85,4.25,4.25,3195,0.0,0.0
2009-12-01,4.0,4.0,4.0,4.0,4.0,40,0.0,0.0
2009-12-02,4.0,4.0,4.0,4.0,4.0,0,0.0,0.0
2009-12-03,4.0,4.15,3.55,3.6,3.6,1105,0.0,0.0
2009-12-04,3.65,4.15,3.65,4.0,4.0,893,0.0,0.0
2009-12-07,4.15,5.0,4.0,4.5,4.5,3343,0.0,0.0
2009-12-08,4.75,5.9,4.25,5.9,5.9,5852,0.0,0.0
2009-12-09,5.75,5.75,4.5,4.5,4.5,2627,0.0,0.0
2009-12-10,4.5,4.5,4.5,4.5,4.5,164,0.0,0.0
2009-12-11,5.45,5.5,5.25,5.5,5.5,707,0.0,0.0
2009-12-14,5.0,5.95,5.0,5.95,5.95,720,0.0,0.0
2009-12-15,5.95,5.95,5.95,5.95,5.95,0,0.0,0.0
2009-12-16,5.5,5.75,4.25,5.75,5.75,778,0.0,0.0
2009-12-17,5.75,5.75,5.75,5.75,5.75,0,0.0,0.0
2009-12-18,5.65,5.65,5.5,5.5,5.5,110,0.0,0.0
2009-12-21,5.0,5.0,4.35,4.35,4.35,312,0.0,0.0
2009-12-22,4.35,5.45,3.85,4.1,4.1,1515,0.0,0.0
2009-12-23,4.25,5.4,4.25,5.4,5.4,168,0.0,0.0
2009-12-24,5.75,5.9,4.2,4.5,4.5,2250,0.0,0.0
2009-12-28,4.5,5.45,4.25,4.25,4.25,1824,0.0,0.0
2009-12-29,4.5,5.0,4.5,4.5,4.5,283,0.0,0.0
2009-12-30,5.45,5.45,4.25,5.45,5.45,570,0.0,0.0
2009-12-31,5.0,5.9,5.0,5.9,5.9,1661,0.0,0.0
2010-01-04,5.4,5.9,5.4,5.9,5.9,255,0.0,0.0
2010-01-05,5.9,5.9,5.9,5.9,5.9,0,0.0,0.0
2010-01-06,5.75,6.0,5.75,5.95,5.95,971,0.0,0.0
2010-01-07,5.5,5.5,5.05,5.05,5.05,54,0.0,0.0
2010-01-08,5.0,5.0,5.0,5.0,5.0,423,0.0,0.0
2010-01-11,5.05,5.5,5.0,5.5,5.5,768,0.0,0.0
2010-01-12,5.5,5.5,5.5,5.5,5.5,63,0.0,0.0
2010-01-13,5.5,5.5,4.25,4.25,4.25,719,0.0,0.0
2010-01-14,4.25,4.25,4.25,4.25,4.25,0,0.0,0.0
2010-01-15,4.75,4.75,4.1,4.1,4.1,63,0.0,0.0
2010-01-19,4.05,4.05,4.05,4.05,4.05,220,0.0,0.0
2010-01-20,4.05,4.05,4.05,4.05,4.05,0,0.0,0.0
2010-01-21,4.05,4.05,4.05,4.05,4.05,0,0.0,0.0
2010-01-22,4.05,4.05,4.05,4.05,4.05,50,0.0,0.0
2010-01-25,4.05,4.05,4.05,4.05,4.05,0,0.0,0.0
2010-01-26,3.75,3.75,2.5,3.7,3.7,2872,0.0,0.0
2010-01-27,3.7,3.7,3.7,3.7,3.7,0,0.0,0.0
2010-01-28,3.7,4.5,3.7,3.75,3.75,206,0.0,0.0
2010-01-29,3.75,3.75,3.75,3.75,3.75,10,0.0,0.0
2010-02-01,3.75,3.75,3.75,3.75,3.75,0,0.0,0.0
2010-02-02,3.0,3.2,3.0,3.2,3.2,70,0.0,0.0
2010-02-03,3.25,3.25,3.25,3.25,3.25,75,0.0,0.0
2010-02-04,3.45,3.45,3.25,3.25,3.25,25,0.0,0.0
2010-02-05,3.25,3.25,3.25,3.25,3.25,30,0.0,0.0
2010-02-08,3.25,3.3,3.25,3.3,3.3,90,0.0,0.0
2010-02-09,3.3,3.3,3.25,3.25,3.25,30,0.0,0.0
2010-02-10,3.3,3.3,3.3,3.3,3.3,200,0.0,0.0
2010-02-11,3.3,4.2,2.25,4.2,4.2,1462,0.0,0.0
2010-02-12,3.5,4.2,3.5,4.2,4.2,110,0.0,0.0
2010-02-16,4.2,4.2,4.2,4.2,4.2,0,0.0,0.0
2010-02-17,4.75,4.75,4.2,4.7,4.7,30,0.0,0.0
2010-02-18,4.75,4.75,3.75,4.5,4.5,382,0.0,0.0
2010-02-19,4.5,4.5,4.5,4.5,4.5,0,0.0,0.0
2010-02-22,4.75,4.75,4.5,4.5,4.5,60,0.0,0.0
2010-02-23,4.75,4.75,4.0,4.0,4.0,210,0.0,0.0
2010-02-24,4.75,4.75,4.2,4.2,4.2,23,0.0,0.0
2010-02-25,4.2,4.2,4.2,4.2,4.2,0,0.0,0.0
2010-02-26,4.2,4.2,4.2,4.2,4.2,0,0.0,0.0
2010-03-01,4.75,4.75,4.0,4.25,4.25,130,0.0,0.0
2010-03-02,4.25,4.25,4.25,4.25,4.25,0,0.0,0.0
2010-03-03,4.75,4.75,3.2,3.2,3.2,10,0.0,0.0
2010-03-04,3.2,3.2,3.2,3.2,3.2,0,0.0,0.0
2010-03-05,3.2,3.2,3.2,3.2,3.2,0,0.0,0.0
2010-03-08,4.75,4.75,3.0,3.0,3.0,40,0.0,0.0
2010-03-09,3.15,4.7,3.0,4.5,4.5,3645,0.0,0.0
2010-03-10,4.75,4.75,3.55,3.55,3.55,103,0.0,0.0
2010-03-11,4.75,4.75,4.0,4.0,4.0,404,0.0,0.0
2010-03-12,4.75,4.75,3.55,3.55,3.55,100,0.0,0.0
2010-03-15,4.75,4.75,3.5,3.5,3.5,144,0.0,0.0
2010-03-16,4.75,4.75,3.5,3.5,3.5,26,0.0,0.0
2010-03-17,4.75,4.75,3.5,3.5,3.5,40,0.0,0.0
2010-03-18,3.5,3.5,3.5,3.5,3.5,0,0.0,0.0
2010-03-19,3.5,3.5,3.5,3.5,3.5,0,0.0,0.0
2010-03-22,3.5,3.5,3.5,3.5,3.5,0,0.0,0.0
2010-03-23,3.5,3.5,3.5,3.5,3.5,0,0.0,0.0
2010-03-24,3.5,3.5,3.5,3.5,3.5,0,0.0,0.0
2010-03-25,3.5,3.5,3.5,3.5,3.5,0,0.0,0.0
2010-03-26,3.5,3.5,3.5,3.5,3.5,0,0.0,0.0
2010-03-29,3.5,3.5,3.5,3.5,3.5,0,0.0,0.0
2010-03-30,3.5,3.5,3.5,3.5,3.5,0,0.0,0.0
2010-03-31,3.5,3.5,3.5,3.5,3.5,0,0.0,0.0
2010-04-01,3.5,3.5,3.5,3.5,3.5,0,0.0,0.0
2010-04-05,4.75,4.75,2.05,2.05,2.05,682,0.0,0.0
2010-04-06,4.75,4.75,1.5,2.5,2.5,2470,0.0,0.0
2010-04-07,2.5,2.5,2.5,2.5,2.5,0,0.0,0.0
2010-04-08,4.75,4.75,3.0,4.5,4.5,110,0.0,0.0
2010-04-09,4.75,4.75,2.55,2.55,2.55,458,0.0,0.0
2010-04-12,2.05,2.05,2.05,2.05,2.05,88,0.0,0.0
2010-04-13,2.1,2.1,2.1,2.1,2.1,10,0.0,0.0
2010-04-14,2.1,2.1,2.1,2.1,2.1,0,0.0,0.0
2010-04-15,4.75,4.75,2.25,2.25,2.25,18,0.0,0.0
2010-04-16,2.25,2.25,2.25,2.25,2.25,0,0.0,0.0
2010-04-19,4.75,4.75,3.25,3.25,3.25,231,0.0,0.0
2010-04-20,4.75,4.75,3.25,3.25,3.25,1218,0.0,0.0
2010-04-21,4.75,4.75,2.5,2.5,2.5,100,0.0,0.0
2010-04-22,4.75,4.75,2.5,2.5,2.5,131,0.0,0.0
2010-04-23,2.5,2.5,2.5,2.5,2.5,0,0.0,0.0
2010-04-26,4.75,4.75,2.5,2.5,2.5,54,0.0,0.0
2010-04-27,4.75,4.75,2.05,2.05,2.05,102,0.0,0.0
2010-04-28,2.05,2.05,2.05,2.05,2.05,0,0.0,0.0
2010-04-29,2.05,2.05,2.05,2.05,2.05,0,0.0,0.0
2010-04-30,4.75,4.75,2.25,2.25,2.25,190,0.0,0.0
2010-05-03,4.75,4.75,2.0,2.9,2.9,1052,0.0,0.0
2010-05-04,4.75,4.75,2.0,2.0,2.0,900,0.0,0.0
2010-05-05,4.75,4.75,2.0,2.0,2.0,100,0.0,0.0
2010-05-06,2.0,2.0,2.0,2.0,2.0,0,0.0,0.0
2010-05-07,4.75,4.75,2.0,2.05,2.05,166,0.0,0.0
2010-05-10,4.75,4.75,2.5,2.5,2.5,10,0.0,0.0
2010-05-11,2.5,2.5,2.5,2.5,2.5,0,0.0,0.0
2010-05-12,4.75,4.75,3.0,3.25,3.25,405,0.0,0.0
2010-05-13,4.75,4.75,3.6,4.25,4.25,1222,0.0,0.0
2010-05-14,4.25,4.25,4.25,4.25,4.25,0,0.0,0.0
2010-05-17,4.75,4.75,4.25,4.25,4.25,1552,0.0,0.0
2010-05-18,4.75,4.75,3.6,3.6,3.6,202,0.0,0.0
2010-05-19,3.6,3.6,3.6,3.6,3.6,0,0.0,0.0
2010-05-20,3.6,3.6,3.6,3.6,3.6,0,0.0,0.0
2010-05-21,3.6,3.6,3.6,3.6,3.6,0,0.0,0.0
2010-05-24,3.6,3.6,3.6,3.6,3.6,0,0.0,0.0
2010-05-25,3.6,3.6,3.6,3.6,3.6,0,0.0,0.0
2010-05-26,4.75,4.75,2.05,2.5,2.5,2480,0.0,0.0
2010-05-27,2.5,2.5,2.5,2.5,2.5,0,0.0,0.0
2010-05-28,4.75,4.75,2.0,2.0,2.0,1761,0.0,0.0
2010-06-01,2.0,2.0,2.0,2.0,2.0,0,0.0,0.0
2010-06-02,4.75,4.75,3.35,4.0,4.0,32,0.0,0.0
2010-06-03,4.0,4.0,4.0,4.0,4.0,0,0.0,0.0
2010-06-04,4.0,4.0,4.0,4.0,4.0,0,0.0,0.0
2010-06-07,4.0,4.0,4.0,4.0,4.0,0,0.0,0.0
2010-06-08,4.75,4.75,2.1,2.1,2.1,60,0.0,0.0
2010-06-09,4.75,4.75,2.05,2.05,2.05,610,0.0,0.0
2010-06-10,2.05,2.05,2.05,2.05,2.05,0,0.0,0.0
2010-06-11,2.05,2.05,2.05,2.05,2.05,0,0.0,0.0
2010-06-14,2.05,2.05,2.05,2.05,2.05,0,0.0,0.0
2010-06-15,2.05,2.05,2.05,2.05,2.05,0,0.0,0.0
2010-06-16,2.05,2.05,2.05,2.05,2.05,0,0.0,0.0
2010-06-17,4.75,4.75,1.75,1.9,1.9,1767,0.0,0.0
2010-06-18,4.75,4.75,1.75,1.9,1.9,1245,0.0,0.0
2010-06-21,4.75,4.75,1.85,1.85,1.85,1734,0.0,0.0
2010-06-22,1.85,1.85,1.85,1.85,1.85,0,0.0,0.0
2010-06-23,1.85,1.85,1.85,1.85,1.85,0,0.0,0.0
2010-06-24,1.85,1.85,1.85,1.85,1.85,0,0.0,0.0
2010-06-25,4.75,4.75,1.55,1.55,1.55,20,0.0,0.0
2010-06-28,4.75,4.75,1.85,1.85,1.85,200,0.0,0.0
2010-06-29,1.85,1.85,1.85,1.85,1.85,0,0.0,0.0
2010-06-30,1.55,1.55,1.55,1.55,1.55,220,0.0,0.0
2010-07-01,1.1,1.1,1.1,1.1,1.1,274,0.0,0.0
2010-07-02,1.1,1.1,1.1,1.1,1.1,0,0.0,0.0
2010-07-06,1.1,1.1,1.1,1.1,1.1,0,0.0,0.0
2010-07-07,1.1,1.1,1.1,1.1,1.1,0,0.0,0.0
2010-07-08,1.1,1.1,1.1,1.1,1.1,0,0.0,0.0
2010-07-09,1.1,1.1,1.1,1.1,1.1,0,0.0,0.0
2010-07-12,1.5,1.85,1.5,1.85,1.85,4422,0.0,0.0
2010-07-13,1.9,3.25,1.75,3.25,3.25,6916,0.0,0.0
2010-07-14,2.6,3.15,2.5,2.6,2.6,3718,0.0,0.0
2010-07-15,2.75,3.15,2.75,2.95,2.95,5470,0.0,0.0
2010-07-16,2.85,2.85,2.0,2.0,2.0,3426,0.0,0.0
2010-07-19,2.0,2.25,1.75,2.25,2.25,1162,0.0,0.0
2010-07-20,2.2,2.2,1.75,2.0,2.0,1510,0.0,0.0
2010-07-21,1.95,2.0,1.7,1.85,1.85,2420,0.0,0.0
2010-07-22,1.6,1.7,1.5,1.6,1.6,1755,0.0,0.0
2010-07-23,1.6,2.0,1.55,1.85,1.85,2430,0.0,0.0
2010-07-26,2.0,2.25,1.9,2.25,2.25,4298,0.0,0.0
2010-07-27,2.25,2.35,2.2,2.35,2.35,1410,0.0,0.0
2010-07-28,2.35,2.35,2.35,2.35,2.35,100,0.0,0.0
2010-07-29,2.3,2.3,2.0,2.2,2.2,692,0.0,0.0
2010-07-30,2.2,2.2,2.2,2.2,2.2,0,0.0,0.0
2010-08-02,2.1,2.3,2.0,2.3,2.3,1410,0.0,0.0
2010-08-03,1.9,2.0,1.7,1.7,1.7,280,0.0,0.0
2010-08-04,1.7,1.7,1.6,1.6,1.6,850,0.0,0.0
2010-08-05,1.55,2.0,1.4,2.0,2.0,2460,0.0,0.0
2010-08-06,1.75,2.1,1.75,2.1,2.1,1010,0.0,0.0
2010-08-09,1.9,1.9,1.85,1.85,1.85,270,0.0,0.0
2010-08-10,1.8,1.9,1.6,1.6,1.6,620,0.0,0.0
2010-08-11,1.7,1.7,1.4,1.4,1.4,1858,0.0,0.0
2010-08-12,1.5,2.1,1.5,2.1,2.1,430,0.0,0.0
2010-08-13,2.1,2.1,2.1,2.1,2.1,0,0.0,0.0
2010-08-16,2.1,2.1,2.1,2.1,2.1,200,0.0,0.0
2010-08-17,2.15,2.15,2.1,2.1,2.1,200,0.0,0.0
2010-08-18,1.5,2.0,1.5,1.8,1.8,287,0.0,0.0
2010-08-19,1.75,1.75,1.6,1.75,1.75,1000,0.0,0.0
2010-08-20,1.45,1.45,1.15,1.15,1.15,140,0.0,0.0
2010-08-23,1.45,1.45,1.3,1.3,1.3,187,0.0,0.0
2010-08-24,1.3,1.45,1.25,1.25,1.25,435,0.0,0.0
2010-08-25,1.2,1.2,1.2,1.2,1.2,530,0.0,0.0
2010-08-26,1.2,1.75,1.1,1.1,1.1,760,0.0,0.0
2010-08-27,1.1,1.15,0.85,1.15,1.15,1959,0.0,0.0
2010-08-30,1.15,1.5,1.15,1.45,1.45,1977,0.0,0.0
2010-08-31,1.5,1.65,1.5,1.65,1.65,600,0.0,0.0
2010-09-01,4.75,4.75,1.65,1.75,1.75,456,0.0,0.0
2010-09-02,1.3,1.7,1.2,1.5,1.5,558,0.0,0.0
2010-09-03,4.75,4.75,1.5,1.5,1.5,110,0.0,0.0
2010-09-07,1.45,1.85,1.45,1.75,1.75,2165,0.0,0.0
2010-09-08,1.85,2.25,1.85,2.0,2.0,2941,0.0,0.0
2010-09-09,2.0,2.0,1.95,2.0,2.0,1410,0.0,0.0
2010-09-10,2.0,2.0,2.0,2.0,2.0,162,0.0,0.0
2010-09-13,2.0,2.2,2.0,2.2,2.2,337,0.0,0.0
2010-09-14,2.2,2.25,2.15,2.15,2.15,1430,0.0,0.0
2010-09-15,2.15,2.35,2.15,2.35,2.35,90,0.0,0.0
2010-09-16,2.15,2.15,2.15,2.15,2.15,150,0.0,0.0
2010-09-17,1.85,2.25,1.85,2.25,2.25,218,0.0,0.0
2010-09-20,2.25,2.35,2.1,2.35,2.35,2341,0.0,0.0
2010-09-21,2.35,2.45,2.35,2.35,2.35,1300,0.0,0.0
2010-09-22,2.35,2.35,2.35,2.35,2.35,137,0.0,0.0
2010-09-23,2.35,2.35,2.35,2.35,2.35,0,0.0,0.0
2010-09-24,2.35,2.45,2.2,2.25,2.25,1336,0.0,0.0
2010-09-27,2.45,2.5,1.85,2.25,2.25,2620,0.0,0.0
2010-09-28,2.25,2.5,2.25,2.5,2.5,580,0.0,0.0
2010-09-29,2.5,2.5,2.45,2.5,2.5,440,0.0,0.0
2010-09-30,2.35,2.35,2.2,2.25,2.25,850,0.0,0.0
2010-10-01,2.5,3.25,2.4,2.4,2.4,7071,0.0,0.0
2010-10-04,2.35,2.7,2.25,2.6,2.6,1200,0.0,0.0
2010-10-05,2.5,2.5,2.3,2.3,2.3,420,0.0,0.0
2010-10-06,2.5,2.5,2.3,2.5,2.5,1060,0.0,0.0
2010-10-07,2.6,2.6,2.55,2.55,2.55,1021,0.0,0.0
2010-10-08,2.3,2.5,2.25,2.5,2.5,1231,0.0,0.0
2010-10-11,2.5,2.5,2.5,2.5,2.5,2,0.0,0.0
2010-10-12,2.5,2.5,2.25,2.25,2.25,2490,0.0,0.0
2010-10-13,2.4,2.4,2.25,2.4,2.4,310,0.0,0.0
2010-10-14,2.4,2.4,2.4,2.4,2.4,394,0.0,0.0
2010-10-15,2.4,2.4,2.0,2.0,2.0,1380,0.0,0.0
2010-10-18,2.15,2.3,2.0,2.0,2.0,517,0.0,0.0
2010-10-19,2.25,2.3,2.25,2.25,2.25,330,0.0,0.0
2010-10-20,2.25,2.3,2.25,2.3,2.3,560,0.0,0.0
2010-10-21,2.3,2.3,2.3,2.3,2.3,0,0.0,0.0
2010-10-22,2.3,2.3,2.3,2.3,2.3,0,0.0,0.0
2010-10-25,2.3,2.3,2.3,2.3,2.3,0,0.0,0.0
2010-10-26,2.3,2.3,2.3,2.3,2.3,0,0.0,0.0
2010-10-27,2.3,2.3,2.3,2.3,2.3,0,0.0,0.0
2010-10-28,2.0,2.3,2.0,2.3,2.3,300,0.0,0.0
2010-10-29,2.3,2.3,2.3,2.3,2.3,60,0.0,0.0
2010-11-01,2.3,2.3,2.3,2.3,2.3,0,0.0,0.0
2010-11-02,1.5,2.3,1.5,2.3,2.3,600,0.0,0.0
2010-11-03,2.3,2.3,2.3,2.3,2.3,0,0.0,0.0
2010-11-04,2.3,2.3,2.3,2.3,2.3,0,0.0,0.0
2010-11-05,2.3,2.3,2.3,2.3,2.3,0,0.0,0.0
2010-11-08,2.3,2.3,2.3,2.3,2.3,0,0.0,0.0
2010-11-09,1.75,2.3,1.75,2.3,2.3,90,0.0,0.0
2010-11-10,2.3,2.3,2.3,2.3,2.3,18,0.0,0.0
2010-11-11,2.3,2.3,2.3,2.3,2.3,40,0.0,0.0
2010-11-12,2.3,2.3,2.3,2.3,2.3,0,0.0,0.0
2010-11-15,2.3,2.3,2.3,2.3,2.3,0,0.0,0.0
2010-11-16,2.3,2.3,2.3,2.3,2.3,0,0.0,0.0
2010-11-17,2.3,2.3,2.3,2.3,2.3,0,0.0,0.0
2010-11-18,2.3,2.3,2.3,2.3,2.3,0,0.0,0.0
2010-11-19,1.75,1.75,1.75,1.75,1.75,26,0.0,0.0
2010-11-22,1.75,1.75,1.75,1.75,1.75,0,0.0,0.0
2010-11-23,1.75,1.75,1.75,1.75,1.75,0,0.0,0.0
2010-11-24,1.75,2.3,1.5,2.3,2.3,562,0.0,0.0
2010-11-26,2.3,2.3,2.3,2.3,2.3,1006,0.0,0.0
2010-11-29,2.3,2.5,2.05,2.4,2.4,2838,0.0,0.0
2010-11-30,2.4,2.4,2.4,2.4,2.4,200,0.0,0.0
2010-12-01,2.4,2.4,2.4,2.4,2.4,518,0.0,0.0
2010-12-02,2.4,2.4,2.05,2.4,2.4,1378,0.0,0.0
2010-12-03,2.4,2.55,2.2,2.25,2.25,5464,0.0,0.0
2010-12-06,2.25,2.5,1.65,1.65,1.65,1560,0.0,0.0
2010-12-07,1.65,1.65,1.35,1.35,1.35,196,0.0,0.0
2010-12-08,1.35,1.35,1.35,1.35,1.35,0,0.0,0.0
2010-12-09,1.35,2.25,1.35,1.65,1.65,900,0.0,0.0
2010-12-10,2.5,2.55,2.5,2.55,2.55,500,0.0,0.0
2010-12-13,2.0,2.0,2.0,2.0,2.0,200,0.0,0.0
2010-12-14,2.0,2.0,1.55,1.55,1.55,240,0.0,0.0
2010-12-15,1.55,1.55,1.55,1.55,1.55,0,0.0,0.0
2010-12-16,2.4,2.5,2.4,2.5,2.5,590,0.0,0.0
2010-12-17,1.6,2.5,1.6,2.5,2.5,157,0.0,0.0
2010-12-20,2.5,2.5,1.6,1.6,1.6,530,0.0,0.0
2010-12-21,1.6,1.6,1.6,1.6,1.6,0,0.0,0.0
2010-12-22,1.6,1.6,1.6,1.6,1.6,0,0.0,0.0
2010-12-23,1.6,2.5,1.6,2.5,2.5,150,0.0,0.0
2010-12-27,2.6,2.6,1.45,1.45,1.45,630,0.0,0.0
2010-12-28,1.45,1.45,1.45,1.45,1.45,0,0.0,0.0
2010-12-29,1.5,2.55,1.45,2.4,2.4,502,0.0,0.0
2010-12-30,2.4,2.4,2.4,2.4,2.4,50,0.0,0.0
2010-12-31,2.25,2.25,2.25,2.25,2.25,16,0.0,0.0
2011-01-03,2.25,2.25,2.25,2.25,2.25,0,0.0,0.0
2011-01-04,0.85,0.85,0.85,0.85,0.85,10,0.0,0.0
2011-01-05,1.95,2.6,1.95,2.6,2.6,728,0.0,0.0
2011-01-06,2.6,2.6,2.5,2.5,2.5,3148,0.0,0.0
2011-01-07,2.5,2.5,2.5,2.5,2.5,192,0.0,0.0
2011-01-10,2.5,2.5,2.5,2.5,2.5,130,0.0,0.0
2011-01-11,2.5,2.5,2.5,2.5,2.5,0,0.0,0.0
2011-01-12,2.5,2.5,2.5,2.5,2.5,0,0.0,0.0
2011-01-13,2.6,2.6,2.6,2.6,2.6,750,0.0,0.0
2011-01-14,2.6,2.75,2.6,2.75,2.75,1000,0.0,0.0
2011-01-18,2.65,2.95,2.65,2.95,2.95,1439,0.0,0.0
2011-01-19,2.95,3.0,2.95,3.0,3.0,376,0.0,0.0
2011-01-20,3.0,3.0,3.0,3.0,3.0,0,0.0,0.0
2011-01-21,3.0,3.0,3.0,3.0,3.0,0,0.0,0.0
2011-01-24,3.0,3.0,3.0,3.0,3.0,0,0.0,0.0
2011-01-25,3.0,3.0,3.0,3.0,3.0,0,0.0,0.0
2011-01-26,1.85,1.85,1.85,1.85,1.85,40,0.0,0.0
2011-01-27,1.85,1.85,1.85,1.85,1.85,0,0.0,0.0
2011-01-28,1.85,1.85,1.85,1.85,1.85,0,0.0,0.0
2011-01-31,1.85,1.85,1.85,1.85,1.85,0,0.0,0.0
2011-02-01,1.85,1.85,1.85,1.85,1.85,0,0.0,0.0
2011-02-02,1.85,1.85,1.85,1.85,1.85,0,0.0,0.0
2011-02-03,1.85,1.85,1.85,1.85,1.85,0,0.0,0.0
2011-02-04,1.85,1.85,1.85,1.85,1.85,10,0.0,0.0
2011-02-07,1.85,1.85,1.85,1.85,1.85,0,0.0,0.0
2011-02-08,1.85,1.85,1.85,1.85,1.85,0,0.0,0.0
2011-02-09,2.5,2.65,2.5,2.65,2.65,328,0.0,0.0
2011-02-10,2.55,2.55,2.5,2.5,2.5,474,0.0,0.0
2011-02-11,2.5,2.5,2.5,2.5,2.5,200,0.0,0.0
2011-02-14,2.5,2.5,2.5,2.5,2.5,0,0.0,0.0
2011-02-15,2.5,2.5,2.5,2.5,2.5,0,0.0,0.0
2011-02-16,2.5,2.5,2.5,2.5,2.5,0,0.0,0.0
2011-02-17,2.5,2.5,2.5,2.5,2.5,0,0.0,0.0
2011-02-18,2.5,2.5,2.5,2.5,2.5,0,0.0,0.0
2011-02-22,2.5,2.5,2.5,2.5,2.5,0,0.0,0.0
2011-02-23,2.5,2.5,2.5,2.5,2.5,0,0.0,0.0
2011-02-24,2.5,2.5,2.5,2.5,2.5,0,0.0,0.0
2011-02-25,2.5,2.5,2.5,2.5,2.5,0,0.0,0.0
2011-02-28,2.5,2.5,2.5,2.5,2.5,0,0.0,0.0
2011-03-01,2.5,2.5,2.5,2.5,2.5,0,0.0,0.0
2011-03-02,2.5,2.5,2.5,2.5,2.5,0,0.0,0.0
2011-03-03,2.5,2.5,2.5,2.5,2.5,0,0.0,0.0
2011-03-04,2.5,2.5,2.5,2.5,2.5,0,0.0,0.0
2011-03-07,2.0,2.5,2.0,2.5,2.5,1873,0.0,0.0
2011-03-08,2.5,2.5,2.5,2.5,2.5,0,0.0,0.0
2011-03-09,2.5,3.5,2.5,3.4,3.4,949,0.0,0.0
2011-03-10,3.5,3.7,3.5,3.7,3.7,610,0.0,0.0
2011-03-11,3.7,3.7,3.7,3.7,3.7,220,0.0,0.0
2011-03-14,3.7,3.7,3.7,3.7,3.7,24,0.0,0.0
2011-03-15,3.7,3.95,3.7,3.95,3.95,575,0.0,0.0
2011-03-16,3.75,4.0,3.75,4.0,4.0,450,0.0,0.0
2011-03-17,4.0,4.0,3.95,3.95,3.95,3689,0.0,0.0
2011-03-18,2.55,3.45,1.6,3.45,3.45,110,0.0,0.0
2011-03-21,3.45,4.0,3.45,4.0,4.0,150,0.0,0.0
2011-03-22,4.05,4.5,4.05,4.5,4.5,184,0.0,0.0
2011-03-23,4.5,4.5,4.25,4.25,4.25,735,0.0,0.0
2011-03-24,4.25,4.5,4.25,4.5,4.5,586,0.0,0.0
2011-03-25,4.5,4.5,4.5,4.5,4.5,0,0.0,0.0
2011-03-28,4.5,5.0,4.5,5.0,5.0,1350,0.0,0.0
2011-03-29,5.0,5.0,4.25,4.5,4.5,453,0.0,0.0
2011-03-30,4.5,4.5,4.5,4.5,4.5,6,0.0,0.0
2011-03-31,4.5,4.5,4.5,4.5,4.5,0,0.0,0.0
2011-04-01,4.5,4.5,4.5,4.5,4.5,100,0.0,0.0
2011-04-04,4.5,4.5,4.25,4.5,4.5,910,0.0,0.0
2011-04-05,4.45,4.5,4.45,4.5,4.5,202,0.0,0.0
2011-04-06,4.5,5.0,4.0,5.0,5.0,1127,0.0,0.0
2011-04-07,5.0,5.0,4.75,4.9,4.9,2511,0.0,0.0
2011-04-08,4.9,4.9,4.8,4.8,4.8,470,0.0,0.0
2011-04-11,4.8,4.8,2.25,2.25,2.25,104,0.0,0.0
2011-04-12,2.45,4.8,2.45,4.8,4.8,38,0.0,0.0
2011-04-13,4.8,4.8,4.0,4.8,4.8,242,0.0,0.0
2011-04-14,4.5,4.9,4.5,4.8,4.8,1497,0.0,0.0
2011-04-15,2.25,5.0,2.25,4.9,4.9,3512,0.0,0.0
2011-04-18,5.0,5.0,4.9,4.9,4.9,56,0.0,0.0
2011-04-19,4.9,4.9,4.75,4.9,4.9,550,0.0,0.0
2011-04-20,4.5,5.0,4.5,5.0,5.0,2030,0.0,0.0
2011-04-21,5.0,5.0,5.0,5.0,5.0,924,0.0,0.0
2011-04-25,5.0,5.0,5.0,5.0,5.0,1030,0.0,0.0
2011-04-26,5.5,5.5,2.7,5.5,5.5,71,0.0,0.0
2011-04-27,5.5,6.5,5.0,6.5,6.5,1076,0.0,0.0
2011-04-28,7.0,10.0,6.5,10.0,10.0,4639,0.0,0.0
2011-04-29,10.5,14.5,8.0,14.0,14.0,7223,0.0,0.0
2011-05-02,15.0,19.0,8.0,18.5,18.5,11805,0.0,0.0
2011-05-03,18.25,19.0,10.0,11.5,11.5,2520,0.0,0.0
2011-05-04,12.5,13.5,10.0,13.5,13.5,2310,0.0,0.0
2011-05-05,12.5,14.5,12.5,13.5,13.5,148,0.0,0.0
2011-05-06,11.5,14.5,10.0,10.0,10.0,818,0.0,0.0
2011-05-09,10.0,10.0,10.0,10.0,10.0,0,0.0,0.0
2011-05-10,10.0,12.0,10.0,11.0,11.0,853,0.0,0.0
2011-05-11,12.5,12.5,11.0,12.0,12.0,547,0.0,0.0
2011-05-12,11.0,12.0,10.0,12.0,12.0,340,0.0,0.0
2011-05-13,10.0,10.0,10.0,10.0,10.0,44,0.0,0.0
2011-05-16,11.0,11.0,10.0,10.0,10.0,132,0.0,0.0
2011-05-17,10.0,10.0,10.0,10.0,10.0,20,0.0,0.0
2011-05-18,9.25,10.0,9.0,9.0,9.0,538,0.0,0.0
2011-05-19,9.0,10.0,9.0,10.0,10.0,142,0.0,0.0
2011-05-20,10.0,12.0,8.05,8.25,8.25,288,0.0,0.0
2011-05-23,8.05,9.5,8.0,9.5,9.5,212,0.0,0.0
2011-05-24,8.0,8.0,8.0,8.0,8.0,4,0.0,0.0
2011-05-25,8.0,10.0,8.0,10.0,10.0,220,0.0,0.0
2011-05-26,10.0,10.0,10.0,10.0,10.0,0,0.0,0.0
2011-05-27,9.5,9.5,5.0,5.0,5.0,300,0.0,0.0
2011-05-31,9.0,9.0,8.0,8.0,8.0,22,0.0,0.0
2011-06-01,8.0,8.0,8.0,8.0,8.0,17,0.0,0.0
2011-06-02,8.0,8.0,7.5,7.5,7.5,418,0.0,0.0
2011-06-03,7.5,7.5,7.5,7.5,7.5,0,0.0,0.0
2011-06-06,6.0,6.0,6.0,6.0,6.0,40,0.0,0.0
2011-06-07,6.0,6.0,6.0,6.0,6.0,0,0.0,0.0
2011-06-08,6.0,6.0,6.0,6.0,6.0,200,0.0,0.0
2011-06-09,6.0,6.0,5.0,5.0,5.0,114,0.0,0.0
2011-06-10,5.0,5.0,5.0,5.0,5.0,0,0.0,0.0
2011-06-13,5.0,5.0,5.0,5.0,5.0,162,0.0,0.0
2011-06-14,5.0,5.0,5.0,5.0,5.0,0,0.0,0.0
2011-06-15,6.45,7.2,5.75,7.2,7.2,440,0.0,0.0
2011-06-16,7.0,7.0,2.5,7.0,7.0,1180,0.0,0.0
2011-06-17,7.0,7.75,7.0,7.75,7.75,60,0.0,0.0
2011-06-20,7.75,11.0,7.75,11.0,11.0,294,0.0,0.0
2011-06-21,11.0,11.0,11.0,11.0,11.0,0,0.0,0.0
2011-06-22,7.5,7.5,7.5,7.5,7.5,60,0.0,0.0
2011-06-23,7.5,7.5,7.5,7.5,7.5,0,0.0,0.0
2011-06-24,9.0,11.0,9.0,11.0,11.0,12,0.0,0.0
2011-06-27,11.0,11.0,7.5,8.0,8.0,58,0.0,0.0
2011-06-28,8.0,8.95,2.5,8.95,8.95,571,0.0,0.0
2011-06-29,7.5,8.25,7.5,7.5,7.5,178,0.0,0.0
2011-06-30,8.25,10.0,7.5,7.5,7.5,114,0.0,0.0
2011-07-01,7.5,7.5,7.5,7.5,7.5,0,0.0,0.0
2011-07-05,5.3,5.3,2.0,5.0,5.0,4508,0.0,0.0
2011-07-06,4.5,5.0,3.5,5.0,5.0,1718,0.0,0.0
2011-07-07,4.5,4.75,4.0,4.0,4.0,1067,0.0,0.0
2011-07-08,4.95,6.45,4.95,6.45,6.45,519,0.0,0.0
2011-07-11,6.45,6.45,6.45,6.45,6.45,51,0.0,0.0
2011-07-12,6.45,6.45,6.45,6.45,6.45,71,0.0,0.0
2011-07-13,7.15,10.0,7.15,7.15,7.15,424,0.0,0.0
2011-07-14,7.15,7.15,7.15,7.15,7.15,0,0.0,0.0
2011-07-15,10.0,10.0,10.0,10.0,10.0,10,0.0,0.0
2011-07-18,10.0,10.0,10.0,10.0,10.0,0,0.0,0.0
2011-07-19,7.2,7.2,5.0,6.95,6.95,390,0.0,0.0
2011-07-20,6.95,10.0,5.05,5.05,5.05,210,0.0,0.0
2011-07-21,5.05,5.05,5.05,5.05,5.05,0,0.0,0.0
2011-07-22,5.05,5.05,5.05,5.05,5.05,0,0.0,0.0
2011-07-25,5.05,5.05,5.05,5.05,5.05,0,0.0,0.0
2011-07-26,5.05,5.05,5.05,5.05,5.05,0,0.0,0.0
2011-07-27,5.25,5.25,5.25,5.25,5.25,23,0.0,0.0
2011-07-28,5.25,5.25,5.25,5.25,5.25,0,0.0,0.0
2011-07-29,9.9,9.9,9.9,9.9,9.9,0,0.0,0.0
2011-08-01,9.9,9.9,9.9,9.9,9.9,0,0.0,0.0
2011-08-02,9.9,9.9,9.9,9.9,9.9,0,0.0,0.0
2011-08-03,5.1,7.5,5.1,7.5,7.5,140,0.0,0.0
2011-08-04,7.5,9.9,5.1,9.9,9.9,97,0.0,0.0
2011-08-05,7.5,7.5,7.5,7.5,7.5,184,0.0,0.0
2011-08-08,5.55,5.55,5.55,5.55,5.55,102,0.0,0.0
2011-08-09,7.45,7.45,7.45,7.45,7.45,6,0.0,0.0
2011-08-10,5.55,5.55,5.1,5.1,5.1,43,0.0,0.0
2011-08-11,6.95,7.0,5.0,5.0,5.0,222,0.0,0.0
2011-08-12,5.0,5.0,5.0,5.0,5.0,0,0.0,0.0
2011-08-15,5.05,5.05,5.05,5.05,5.05,30,0.0,0.0
2011-08-16,5.05,5.05,5.05,5.05,5.05,0,0.0,0.0
2011-08-17,6.95,6.95,6.95,6.95,6.95,116,0.0,0.0
2011-08-18,6.95,6.95,6.95,6.95,6.95,0,0.0,0.0
2011-08-19,5.05,5.05,5.0,5.0,5.0,79,0.0,0.0
2011-08-22,5.0,5.0,5.0,5.0,5.0,73,0.0,0.0
2011-08-23,7.5,7.5,5.0,5.0,5.0,70,0.0,0.0
2011-08-24,5.0,6.45,5.0,6.45,6.45,368,0.0,0.0
2011-08-25,6.45,6.45,6.45,6.45,6.45,0,0.0,0.0
2011-08-26,6.45,7.5,4.5,7.5,7.5,512,0.0,0.0
2011-08-29,6.0,6.0,6.0,6.0,6.0,20,0.0,0.0
2011-08-30,6.0,6.0,6.0,6.0,6.0,0,0.0,0.0
2011-08-31,5.05,6.0,5.0,6.0,6.0,280,0.0,0.0
2011-09-01,6.0,6.0,6.0,6.0,6.0,0,0.0,0.0
2011-09-02,6.0,6.0,6.0,6.0,6.0,0,0.0,0.0
2011-09-06,6.0,6.0,6.0,6.0,6.0,0,0.0,0.0
2011-09-07,6.0,6.0,6.0,6.0,6.0,29,0.0,0.0
2011-09-08,6.0,6.0,6.0,6.0,6.0,0,0.0,0.0
2011-09-09,6.0,6.0,6.0,6.0,6.0,0,0.0,0.0
2011-09-12,5.05,5.05,5.0,5.0,5.0,70,0.0,0.0
2011-09-13,5.0,5.0,5.0,5.0,5.0,18,0.0,0.0
2011-09-14,5.0,5.0,4.0,4.0,4.0,693,0.0,0.0
2011-09-15,4.0,4.0,4.0,4.0,4.0,644,0.0,0.0
2011-09-16,4.0,5.0,4.0,5.0,5.0,168,0.0,0.0
2011-09-19,5.0,5.0,5.0,5.0,5.0,10,0.0,0.0
2011-09-20,5.0,5.5,5.0,5.5,5.5,22,0.0,0.0
2011-09-21,4.0,4.0,3.5,3.5,3.5,2067,0.0,0.0
2011-09-22,3.5,3.5,3.5,3.5,3.5,0,0.0,0.0
2011-09-23,3.5,3.5,3.5,3.5,3.5,10,0.0,0.0
2011-09-26,3.5,3.5,3.5,3.5,3.5,0,0.0,0.0
2011-09-27,3.5,3.5,3.5,3.5,3.5,0,0.0,0.0
2011-09-28,3.5,3.5,3.5,3.5,3.5,0,0.0,0.0
2011-09-29,3.55,3.55,3.55,3.55,3.55,10,0.0,0.0
2011-09-30,5.0,5.0,5.0,5.0,5.0,50,0.0,0.0
2011-10-03,5.0,5.0,5.0,5.0,5.0,0,0.0,0.0
2011-10-04,5.0,5.0,5.0,5.0,5.0,0,0.0,0.0
2011-10-05,3.55,3.55,3.55,3.55,3.55,40,0.0,0.0
2011-10-06,3.55,3.55,3.55,3.55,3.55,30,0.0,0.0
2011-10-07,3.55,5.0,3.55,5.0,5.0,410,0.0,0.0
2011-10-10,5.0,5.0,5.0,5.0,5.0,82,0.0,0.0
2011-10-11,5.0,5.0,5.0,5.0,5.0,0,0.0,0.0
2011-10-12,5.0,5.0,5.0,5.0,5.0,0,0.0,0.0
2011-10-13,5.0,5.0,5.0,5.0,5.0,0,0.0,0.0
2011-10-14,5.0,5.0,5.0,5.0,5.0,0,0.0,0.0
2011-10-17,4.0,4.0,4.0,4.0,4.0,4,0.0,0.0
2011-10-18,4.5,5.0,4.0,5.0,5.0,422,0.0,0.0
2011-10-19,5.0,5.0,3.5,3.5,3.5,271,0.0,0.0
2011-10-20,4.5,5.0,3.0,5.0,5.0,488,0.0,0.0
2011-10-21,5.0,5.0,4.95,5.0,5.0,780,0.0,0.0
2011-10-24,5.0,5.0,5.0,5.0,5.0,491,0.0,0.0
2011-10-25,5.0,5.0,4.5,4.5,4.5,522,0.0,0.0
2011-10-26,4.5,6.25,4.5,6.25,6.25,2849,0.0,0.0
2011-10-27,5.0,6.0,4.5,5.5,5.5,3850,0.0,0.0
2011-10-28,4.85,5.0,4.85,5.0,5.0,284,0.0,0.0
2011-10-31,5.0,5.0,5.0,5.0,5.0,260,0.0,0.0
2011-11-01,5.0,5.0,5.0,5.0,5.0,1874,0.0,0.0
2011-11-02,4.95,5.0,4.95,4.95,4.95,428,0.0,0.0
2011-11-03,4.95,5.0,4.95,5.0,5.0,85,0.0,0.0
2011-11-04,5.0,5.5,5.0,5.0,5.0,1529,0.0,0.0
2011-11-07,4.0,5.0,4.0,5.0,5.0,530,0.0,0.0
2011-11-08,5.0,5.0,5.0,5.0,5.0,0,0.0,0.0
2011-11-09,4.5,4.5,4.5,4.5,4.5,60,0.0,0.0
2011-11-10,4.5,4.75,4.0,4.75,4.75,431,0.0,0.0
2011-11-11,4.75,4.75,4.75,4.75,4.75,0,0.0,0.0
2011-11-14,4.75,4.75,4.75,4.75,4.75,0,0.0,0.0
2011-11-15,4.0,4.0,4.0,4.0,4.0,153,0.0,0.0
2011-11-16,3.5,4.5,3.5,4.5,4.5,630,0.0,0.0
2011-11-17,4.5,4.5,4.5,4.5,4.5,110,0.0,0.0
2011-11-18,4.5,4.5,4.5,4.5,4.5,40,0.0,0.0
2011-11-21,4.0,4.0,4.0,4.0,4.0,40,0.0,0.0
2011-11-22,4.0,4.0,4.0,4.0,4.0,0,0.0,0.0
2011-11-23,4.0,4.0,4.0,4.0,4.0,0,0.0,0.0
2011-11-25,4.0,4.0,4.0,4.0,4.0,80,0.0,0.0
2011-11-28,4.1,4.1,4.1,4.1,4.1,13,0.0,0.0
2011-11-29,4.1,4.2,4.1,4.2,4.2,50,0.0,0.0
2011-11-30,3.5,3.5,2.0,2.05,2.05,155,0.0,0.0
2011-12-01,4.2,4.2,3.5,3.5,3.5,83,0.0,0.0
2011-12-02,3.5,3.5,3.5,3.5,3.5,20,0.0,0.0
2011-12-05,3.25,3.25,3.25,3.25,3.25,400,0.0,0.0
2011-12-06,2.5,4.9,2.5,4.25,4.25,450,0.0,0.0
2011-12-07,3.5,3.5,3.5,3.5,3.5,80,0.0,0.0
2011-12-08,3.5,3.5,3.5,3.5,3.5,0,0.0,0.0
2011-12-09,3.5,3.5,3.5,3.5,3.5,0,0.0,0.0
2011-12-12,4.9,5.0,4.9,5.0,5.0,166,0.0,0.0
2011-12-13,4.5,4.5,4.5,4.5,4.5,162,0.0,0.0
2011-12-14,3.0,4.5,2.6,4.5,4.5,908,0.0,0.0
2011-12-15,4.5,4.5,4.5,4.5,4.5,0,0.0,0.0
2011-12-16,4.5,4.5,4.5,4.5,4.5,100,0.0,0.0
2011-12-19,4.25,4.25,4.25,4.25,4.25,427,0.0,0.0
2011-12-20,4.25,4.25,4.25,4.25,4.25,80,0.0,0.0
2011-12-21,4.25,4.25,4.25,4.25,4.25,0,0.0,0.0
2011-12-22,4.25,4.25,4.25,4.25,4.25,0,0.0,0.0
2011-12-23,4.25,4.25,4.25,4.25,4.25,40,0.0,0.0
2011-12-27,4.25,4.25,4.25,4.25,4.25,0,0.0,0.0
2011-12-28,4.25,4.25,4.25,4.25,4.25,80,0.0,0.0
2011-12-29,4.25,4.25,4.25,4.25,4.25,104,0.0,0.0
2011-12-30,3.0,3.0,3.0,3.0,3.0,90,0.0,0.0
2012-01-03,4.25,4.5,3.25,3.25,3.25,906,0.0,0.0
2012-01-04,3.25,3.25,3.25,3.25,3.25,0,0.0,0.0
2012-01-05,4.5,4.5,4.5,4.5,4.5,30,0.0,0.0
2012-01-06,4.5,4.5,4.5,4.5,4.5,0,0.0,0.0
2012-01-09,4.45,4.45,3.25,3.25,3.25,140,0.0,0.0
2012-01-10,4.0,4.0,3.25,3.25,3.25,110,0.0,0.0
2012-01-11,3.25,3.25,3.25,3.25,3.25,0,0.0,0.0
2012-01-12,3.25,3.25,3.25,3.25,3.25,0,0.0,0.0
2012-01-13,4.0,4.5,4.0,4.5,4.5,366,0.0,0.0
2012-01-17,4.45,5.0,4.45,4.5,4.5,335,0.0,0.0
2012-01-18,4.5,5.0,4.5,5.0,5.0,100,0.0,0.0
2012-01-19,5.0,5.0,5.0,5.0,5.0,10,0.0,0.0
2012-01-20,3.5,3.5,3.5,3.5,3.5,100,0.0,0.0
2012-01-23,3.5,3.5,3.5,3.5,3.5,0,0.0,0.0
2012-01-24,5.0,5.0,5.0,5.0,5.0,70,0.0,0.0
2012-01-25,3.5,3.5,3.5,3.5,3.5,500,0.0,0.0
2012-01-26,3.5,3.5,3.5,3.5,3.5,0,0.0,0.0
2012-01-27,3.5,3.5,3.5,3.5,3.5,0,0.0,0.0
2012-01-30,3.5,3.5,3.5,3.5,3.5,58,0.0,0.0
2012-01-31,3.5,3.5,3.5,3.5,3.5,0,0.0,0.0
2012-02-01,3.5,3.5,3.5,3.5,3.5,0,0.0,0.0
2012-02-02,3.5,3.5,3.5,3.5,3.5,0,0.0,0.0
2012-02-03,3.5,3.5,3.5,3.5,3.5,0,0.0,0.0
2012-02-06,3.5,3.5,3.5,3.5,3.5,0,0.0,0.0
2012-02-07,3.5,3.5,3.5,3.5,3.5,10,0.0,0.0
2012-02-08,3.5,3.5,3.5,3.5,3.5,0,0.0,0.0
2012-02-09,4.5,4.5,4.5,4.5,4.5,50,0.0,0.0
2012-02-10,4.5,4.5,4.5,4.5,4.5,0,0.0,0.0
2012-02-13,4.5,4.5,4.5,4.5,4.5,0,0.0,0.0
2012-02-14,4.5,4.5,4.5,4.5,4.5,0,0.0,0.0
2012-02-15,4.5,4.5,4.5,4.5,4.5,0,0.0,0.0
2012-02-16,4.5,4.5,4.5,4.5,4.5,0,0.0,0.0
2012-02-17,3.0,3.0,1.3,1.65,1.65,598,0.0,0.0
2012-02-21,2.9,4.0,2.0,2.0,2.0,572,0.0,0.0
2012-02-22,3.5,3.5,3.5,3.5,3.5,50,0.0,0.0
2012-02-23,3.5,3.5,3.5,3.5,3.5,0,0.0,0.0
2012-02-24,3.5,4.0,3.5,4.0,4.0,277,0.0,0.0
2012-02-27,3.0,3.0,3.0,3.0,3.0,10,0.0,0.0
2012-02-28,3.0,3.0,3.0,3.0,3.0,0,0.0,0.0
2012-02-29,3.0,3.0,3.0,3.0,3.0,0,0.0,0.0
2012-03-01,3.0,3.0,3.0,3.0,3.0,0,0.0,0.0
2012-03-02,2.9,2.9,1.75,2.25,2.25,6874,0.0,0.0
2012-03-05,2.95,2.95,2.9,2.9,2.9,80,0.0,0.0
2012-03-06,2.5,2.5,2.5,2.5,2.5,78,0.0,0.0
2012-03-07,3.0,3.0,3.0,3.0,3.0,0,0.0,0.0
2012-03-08,3.0,3.0,3.0,3.0,3.0,0,0.0,0.0
2012-03-09,2.25,2.25,2.25,2.25,2.25,15,0.0,0.0
2012-03-12,2.25,2.25,2.25,2.25,2.25,610,0.0,0.0
2012-03-13,2.25,2.25,2.0,2.0,2.0,371,0.0,0.0
2012-03-14,2.0,2.0,2.0,2.0,2.0,0,0.0,0.0
2012-03-15,1.5,1.5,1.5,1.5,1.5,50,0.0,0.0
2012-03-16,2.0,2.0,2.0,2.0,2.0,100,0.0,0.0
2012-03-19,2.0,2.0,2.0,2.0,2.0,0,0.0,0.0
2012-03-20,2.0,2.0,2.0,2.0,2.0,0,0.0,0.0
2012-03-21,2.0,2.0,2.0,2.0,2.0,0,0.0,0.0
2012-03-22,2.0,2.0,2.0,2.0,2.0,0,0.0,0.0
2012-03-23,2.0,2.0,2.0,2.0,2.0,0,0.0,0.0
2012-03-26,2.0,2.0,2.0,2.0,2.0,0,0.0,0.0
2012-03-27,2.0,2.0,2.0,2.0,2.0,0,0.0,0.0
2012-03-28,2.0,2.0,2.0,2.0,2.0,0,0.0,0.0
2012-03-29,2.0,2.0,2.0,2.0,2.0,0,0.0,0.0
2012-03-30,1.5,1.5,1.5,1.5,1.5,10,0.0,0.0
2012-04-02,2.0,3.0,2.0,3.0,3.0,1450,0.0,0.0
2012-04-03,3.0,3.25,2.0,3.25,3.25,1095,0.0,0.0
2012-04-04,2.0,2.0,2.0,2.0,2.0,18,0.0,0.0
2012-04-05,2.0,2.0,2.0,2.0,2.0,0,0.0,0.0
2012-04-09,1.75,1.75,1.75,1.75,1.75,30,0.0,0.0
2012-04-10,3.25,3.25,3.25,3.25,3.25,40,0.0,0.0
2012-04-11,3.25,3.25,3.25,3.25,3.25,0,0.0,0.0
2012-04-12,3.25,3.25,3.25,3.25,3.25,0,0.0,0.0
2012-04-13,3.25,3.25,3.25,3.25,3.25,0,0.0,0.0
2012-04-16,3.25,3.25,3.25,3.25,3.25,0,0.0,0.0
2012-04-17,2.5,2.5,2.5,2.5,2.5,100,0.0,0.0
2012-04-18,2.5,2.5,2.5,2.5,2.5,0,0.0,0.0
2012-04-19,2.5,2.5,2.5,2.5,2.5,0,0.0,0.0
2012-04-20,2.5,2.5,2.5,2.5,2.5,0,0.0,0.0
2012-04-23,1.55,1.55,1.5,1.5,1.5,3999,0.0,0.0
2012-04-24,1.5,1.5,1.5,1.5,1.5,916,0.0,0.0
2012-04-25,1.5,1.5,1.5,1.5,1.5,1640,0.0,0.0
2012-04-26,1.5,1.5,1.5,1.5,1.5,1844,0.0,0.0
2012-04-27,1.6,1.6,1.5,1.5,1.5,1763,0.0,0.0
2012-04-30,1.5,2.0,1.5,2.0,2.0,4076,0.0,0.0
2012-05-01,1.9,2.0,1.9,2.0,2.0,1973,0.0,0.0
2012-05-02,2.0,2.0,2.0,2.0,2.0,0,0.0,0.0
2012-05-03,1.9,1.9,1.55,1.55,1.55,4391,0.0,0.0
2012-05-04,1.55,1.55,1.55,1.55,1.55,0,0.0,0.0
2012-05-07,1.3,2.0,1.3,2.0,2.0,2541,0.0,0.0
2012-05-08,2.0,2.0,2.0,2.0,2.0,180,0.0,0.0
2012-05-09,1.75,1.75,1.3,1.4,1.4,1735,0.0,0.0
2012-05-10,1.4,1.4,1.4,1.4,1.4,0,0.0,0.0
2012-05-11,1.4,1.4,1.4,1.4,1.4,0,0.0,0.0
2012-05-14,1.7,1.75,1.7,1.75,1.75,1000,0.0,0.0
2012-05-15,1.75,1.75,1.75,1.75,1.75,0,0.0,0.0
2012-05-16,1.75,1.75,1.75,1.75,1.75,0,0.0,0.0
2012-05-17,1.6,1.6,1.6,1.6,1.6,50,0.0,0.0
2012-05-18,1.6,2.25,1.6,2.25,2.25,6491,0.0,0.0
2012-05-21,2.25,2.5,2.25,2.5,2.5,2048,0.0,0.0
2012-05-22,2.5,2.5,2.5,2.5,2.5,0,0.0,0.0
2012-05-23,2.2,2.2,2.15,2.15,2.15,1100,0.0,0.0
2012-05-24,2.5,2.5,2.5,2.5,2.5,200,0.0,0.0
2012-05-25,2.15,2.15,2.15,2.15,2.15,755,0.0,0.0
2012-05-29,2.15,2.15,2.15,2.15,2.15,0,0.0,0.0
2012-05-30,2.15,2.15,2.15,2.15,2.15,0,0.0,0.0
2012-05-31,2.15,2.15,2.15,2.15,2.15,0,0.0,0.0
2012-06-01,2.15,2.15,2.15,2.15,2.15,0,0.0,0.0
2012-06-04,2.15,2.15,2.15,2.15,2.15,0,0.0,0.0
2012-06-05,2.15,2.15,2.15,2.15,2.15,0,0.0,0.0
2012-06-06,2.15,2.15,2.15,2.15,2.15,0,0.0,0.0
2012-06-07,2.15,2.15,2.15,2.15,2.15,0,0.0,0.0
2012-06-08,2.15,2.15,2.15,2.15,2.15,0,0.0,0.0
2012-06-11,2.15,2.15,2.15,2.15,2.15,0,0.0,0.0
2012-06-12,2.15,2.15,2.15,2.15,2.15,0,0.0,0.0
2012-06-13,2.15,2.15,2.15,2.15,2.15,0,0.0,0.0
2012-06-14,1.95,1.95,1.95,1.95,1.95,100,0.0,0.0
2012-06-15,1.95,1.95,1.95,1.95,1.95,0,0.0,0.0
2012-06-18,2.15,2.15,2.15,2.15,2.15,130,0.0,0.0
2012-06-19,2.15,2.15,2.15,2.15,2.15,200,0.0,0.0
2012-06-20,2.15,2.15,2.15,2.15,2.15,0,0.0,0.0
2012-06-21,2.15,2.15,2.15,2.15,2.15,0,0.0,0.0
2012-06-22,2.15,2.15,2.15,2.15,2.15,0,0.0,0.0
2012-06-25,2.15,2.15,2.15,2.15,2.15,30,0.0,0.0
2012-06-26,1.5,1.5,1.5,1.5,1.5,400,0.0,0.0
2012-06-27,1.5,1.5,1.5,1.5,1.5,0,0.0,0.0
2012-06-28,1.5,1.5,1.5,1.5,1.5,0,0.0,0.0
2012-06-29,1.5,1.5,1.5,1.5,1.5,88,0.0,0.0
2012-07-02,1.5,1.5,1.5,1.5,1.5,40,0.0,0.0
2012-07-03,1.5,1.5,1.5,1.5,1.5,0,0.0,0.0
2012-07-05,1.5,1.5,1.5,1.5,1.5,1012,0.0,0.0
2012-07-06,1.25,1.5,1.25,1.5,1.5,1541,0.0,0.0
2012-07-09,1.5,1.5,1.5,1.5,1.5,0,0.0,0.0
2012-07-10,1.5,1.5,1.5,1.5,1.5,0,0.0,0.0
2012-07-11,1.5,1.5,1.5,1.5,1.5,0,0.0,0.0
2012-07-12,1.5,1.5,1.5,1.5,1.5,0,0.0,0.0
2012-07-13,1.5,1.5,1.5,1.5,1.5,0,0.0,0.0
2012-07-16,1.2,1.2,1.2,1.2,1.2,40,0.0,0.0
2012-07-17,1.5,1.5,1.5,1.5,1.5,310,0.0,0.0
2012-07-18,1.5,1.5,1.5,1.5,1.5,0,0.0,0.0
2012-07-19,1.5,1.5,1.5,1.5,1.5,0,0.0,0.0
2012-07-20,1.5,1.5,1.5,1.5,1.5,200,0.0,0.0
2012-07-23,1.5,1.5,1.5,1.5,1.5,30,0.0,0.0
2012-07-24,1.55,1.55,1.5,1.5,1.5,1311,0.0,0.0
2012-07-25,1.5,1.5,1.5,1.5,1.5,0,0.0,0.0
2012-07-26,1.5,1.5,1.5,1.5,1.5,0,0.0,0.0
2012-07-27,1.5,1.5,1.5,1.5,1.5,0,0.0,0.0
2012-07-30,1.5,1.5,1.5,1.5,1.5,0,0.0,0.0
2012-07-31,1.5,1.5,1.5,1.5,1.5,2047,0.0,0.0
2012-08-01,1.5,1.5,1.5,1.5,1.5,500,0.0,0.0
2012-08-02,1.5,2.0,1.5,1.5,1.5,5705,0.0,0.0
2012-08-03,1.75,1.75,1.45,1.5,1.5,1480,0.0,0.0
2012-08-06,1.5,1.65,1.5,1.5,1.5,2100,0.0,0.0
2012-08-07,1.65,1.65,1.5,1.5,1.5,1720,0.0,0.0
2012-08-08,1.65,1.9,1.65,1.9,1.9,2740,0.0,0.0
2012-08-09,2.0,2.45,2.0,2.45,2.45,48,0.0,0.0
2012-08-10,1.75,1.75,1.75,1.75,1.75,240,0.0,0.0
2012-08-13,2.0,2.0,1.9,1.9,1.9,2770,0.0,0.0
2012-08-14,1.9,2.1,1.9,2.0,2.0,6310,0.0,0.0
2012-08-15,2.2,2.25,2.1,2.25,2.25,1448,0.0,0.0
2012-08-16,2.2,2.25,2.2,2.25,2.25,240,0.0,0.0
2012-08-17,2.2,2.35,2.2,2.35,2.35,3240,0.0,0.0
2012-08-20,2.3,2.3,2.0,2.25,2.25,1645,0.0,0.0
2012-08-21,2.15,2.3,2.15,2.25,2.25,1632,0.0,0.0
2012-08-22,2.3,2.3,2.3,2.3,2.3,376,0.0,0.0
2012-08-23,2.3,2.3,2.25,2.3,2.3,1460,0.0,0.0
2012-08-24,2.2,2.35,1.7,2.35,2.35,3033,0.0,0.0
2012-08-27,2.5,2.5,2.35,2.35,2.35,1018,0.0,0.0
2012-08-28,2.35,2.55,2.25,2.5,2.5,4361,0.0,0.0
2012-08-29,2.5,2.55,2.5,2.55,2.55,2887,0.0,0.0
2012-08-30,2.7,4.2,2.65,4.2,4.2,6904,0.0,0.0
2012-08-31,4.0,4.4,4.0,4.0,4.0,5828,0.0,0.0
2012-09-04,4.0,4.0,3.25,3.35,3.35,120,0.0,0.0
2012-09-05,3.25,3.7,3.25,3.5,3.5,910,0.0,0.0
2012-09-06,3.0,3.45,2.75,3.25,3.25,882,0.0,0.0
2012-09-07,3.45,3.5,3.45,3.5,3.5,800,0.0,0.0
2012-09-10,3.5,3.5,3.5,3.5,3.5,10,0.0,0.0
2012-09-11,3.95,3.95,3.25,3.25,3.25,395,0.0,0.0
2012-09-12,3.0,3.25,3.0,3.25,3.25,70,0.0,0.0
2012-09-13,2.6,3.25,2.6,3.25,3.25,850,0.0,0.0
2012-09-14,3.0,3.25,2.5,2.5,2.5,1120,0.0,0.0
2012-09-17,3.0,3.7,3.0,3.25,3.25,660,0.0,0.0
2012-09-18,3.25,3.25,3.25,3.25,3.25,0,0.0,0.0
2012-09-19,3.65,3.65,3.65,3.65,3.65,70,0.0,0.0
2012-09-20,3.25,3.25,3.0,3.0,3.0,280,0.0,0.0
2012-09-21,2.5,3.45,2.5,3.45,3.45,20,0.0,0.0
2012-09-24,2.55,3.35,2.25,2.75,2.75,480,0.0,0.0
2012-09-25,2.5,2.5,2.5,2.5,2.5,26,0.0,0.0
2012-09-26,2.5,3.45,2.45,3.45,3.45,470,0.0,0.0
2012-09-27,3.35,3.35,3.35,3.35,3.35,288,0.0,0.0
2012-09-28,3.35,3.35,3.35,3.35,3.35,0,0.0,0.0
2012-10-01,2.5,3.0,2.5,3.0,3.0,1079,0.0,0.0
2012-10-02,2.9,3.35,2.9,3.25,3.25,1350,0.0,0.0
2012-10-03,3.0,3.45,2.75,3.45,3.45,16975,0.0,0.0
2012-10-04,4.15,4.15,3.0,4.0,4.0,958,0.0,0.0
2012-10-05,4.25,4.25,3.75,3.75,3.75,1157,0.0,0.0
2012-10-08,3.0,3.0,3.0,3.0,3.0,121,0.0,0.0
2012-10-09,3.8,4.05,3.7,3.7,3.7,3352,0.0,0.0
2012-10-10,4.05,4.05,3.75,3.75,3.75,308,0.0,0.0
2012-10-11,3.75,4.1,3.75,4.05,4.05,844,0.0,0.0
2012-10-12,4.1,4.75,3.5,4.75,4.75,10330,0.0,0.0
2012-10-15,4.75,4.75,3.5,4.75,4.75,2610,0.0,0.0
2012-10-16,4.75,4.75,4.5,4.75,4.75,3130,0.0,0.0
2012-10-17,4.75,4.95,4.65,4.9,4.9,1547,0.0,0.0
2012-10-18,4.6,4.95,4.6,4.95,4.95,1007,0.0,0.0
2012-10-19,4.55,5.0,4.25,4.75,4.75,6320,0.0,0.0
2012-10-22,4.75,5.0,4.5,5.0,5.0,9232,0.0,0.0
2012-10-23,5.0,5.5,4.65,5.2,5.2,1269,0.0,0.0
2012-10-24,5.15,5.15,5.0,5.1,5.1,955,0.0,0.0
2012-10-25,5.1,5.2,4.5,4.5,4.5,390,0.0,0.0
2012-10-26,4.5,5.0,3.05,4.7,4.7,730,0.0,0.0
2012-10-31,4.5,4.5,3.05,3.15,3.15,3070,0.0,0.0
2012-11-01,3.15,3.45,2.85,3.45,3.45,1583,0.0,0.0
2012-11-02,2.75,4.15,2.0,3.5,3.5,5260,0.0,0.0
2012-11-05,4.25,4.25,3.0,3.8,3.8,2710,0.0,0.0
2012-11-06,3.8,5.5,3.8,4.5,4.5,1860,0.0,0.0
2012-11-07,4.5,4.75,4.0,4.25,4.25,2360,0.0,0.0
2012-11-08,4.5,5.0,4.0,5.0,5.0,1835,0.0,0.0
2012-11-09,5.0,5.0,4.5,4.5,4.5,92,0.0,0.0
2012-11-12,5.0,5.5,4.5,5.5,5.5,735,0.0,0.0
2012-11-13,5.5,5.5,5.5,5.5,5.5,64,0.0,0.0
2012-11-14,5.0,5.0,4.25,4.5,4.5,1388,0.0,0.0
2012-11-15,4.05,4.9,2.6,3.75,3.75,3415,0.0,0.0
2012-11-16,3.75,4.0,3.0,3.95,3.95,1924,0.0,0.0
2012-11-19,4.5,4.5,3.3,4.25,4.25,822,0.0,0.0
2012-11-20,4.25,4.25,4.25,4.25,4.25,0,0.0,0.0
2012-11-21,4.0,4.0,3.25,3.7,3.7,380,0.0,0.0
2012-11-23,3.7,3.75,3.7,3.75,3.75,140,0.0,0.0
2012-11-26,4.25,4.25,4.0,4.0,4.0,568,0.0,0.0
2012-11-27,4.0,4.0,4.0,4.0,4.0,50,0.0,0.0
2012-11-28,2.7,4.0,2.7,4.0,4.0,415,0.0,0.0
2012-11-29,3.5,4.1,2.5,4.1,4.1,3720,0.0,0.0
2012-11-30,2.6,3.95,2.55,3.0,3.0,1630,0.0,0.0
2012-12-03,2.5,3.25,2.5,3.25,3.25,440,0.0,0.0
2012-12-04,3.25,3.25,3.25,3.25,3.25,0,0.0,0.0
2012-12-05,3.25,3.75,3.25,3.25,3.25,480,0.0,0.0
2012-12-06,3.1,3.1,2.1,2.5,2.5,2476,0.0,0.0
2012-12-07,2.5,2.6,2.1,2.5,2.5,660,0.0,0.0
2012-12-10,2.15,2.65,2.15,2.65,2.65,570,0.0,0.0
2012-12-11,2.65,3.25,2.65,3.25,3.25,450,0.0,0.0
2012-12-12,2.95,2.95,2.65,2.65,2.65,320,0.0,0.0
2012-12-13,2.65,3.25,2.65,3.25,3.25,600,0.0,0.0
2012-12-14,2.9,2.9,2.9,2.9,2.9,280,0.0,0.0
2012-12-17,2.9,2.9,2.9,2.9,2.9,0,0.0,0.0
2012-12-18,2.5,2.5,2.5,2.5,2.5,554,0.0,0.0
2012-12-19,2.5,2.75,2.45,2.75,2.75,2056,0.0,0.0
2012-12-20,2.75,2.75,2.15,2.15,2.15,1412,0.0,0.0
2012-12-21,2.15,2.15,2.15,2.15,2.15,0,0.0,0.0
2012-12-24,2.15,2.15,2.15,2.15,2.15,0,0.0,0.0
2012-12-26,2.5,2.5,2.5,2.5,2.5,100,0.0,0.0
2012-12-27,2.05,2.4,2.05,2.4,2.4,530,0.0,0.0
2012-12-28,2.05,2.05,2.05,2.05,2.05,80,0.0,0.0
2012-12-31,2.05,2.05,2.05,2.05,2.05,0,0.0,0.0
2013-01-02,2.4,2.4,2.4,2.4,2.4,230,0.0,0.0
2013-01-03,2.4,2.5,2.4,2.5,2.5,232,0.0,0.0
2013-01-04,2.5,2.5,2.5,2.5,2.5,0,0.0,0.0
2013-01-07,2.3,2.3,2.1,2.1,2.1,160,0.0,0.0
2013-01-08,2.1,2.1,2.1,2.1,2.1,340,0.0,0.0
2013-01-09,2.4,2.4,2.4,2.4,2.4,30,0.0,0.0
2013-01-10,2.5,2.5,2.05,2.05,2.05,400,0.0,0.0
2013-01-11,2.05,2.05,1.75,1.8,1.8,643,0.0,0.0
2013-01-14,2.5,2.5,2.5,2.5,2.5,160,0.0,0.0
2013-01-15,2.5,2.5,2.5,2.5,2.5,50,0.0,0.0
2013-01-16,1.95,1.95,1.85,1.85,1.85,720,0.0,0.0
2013-01-17,1.95,1.95,1.8,1.8,1.8,2046,0.0,0.0
2013-01-18,1.8,2.4,1.8,2.4,2.4,210,0.0,0.0
2013-01-22,2.4,2.4,2.4,2.4,2.4,0,0.0,0.0
2013-01-23,2.4,2.4,2.4,2.4,2.4,0,0.0,0.0
2013-01-24,2.4,2.4,2.4,2.4,2.4,0,0.0,0.0
2013-01-25,1.65,1.65,1.65,1.65,1.65,102,0.0,0.0
2013-01-28,1.65,1.65,1.55,1.55,1.55,280,0.0,0.0
2013-01-29,1.55,1.55,1.55,1.55,1.55,250,0.0,0.0
2013-01-30,1.5,1.5,1.15,1.5,1.5,2130,0.0,0.0
2013-01-31,1.5,1.5,1.2,1.4,1.4,3646,0.0,0.0
2013-02-01,1.4,1.5,1.4,1.45,1.45,772,0.0,0.0
2013-02-04,1.45,1.45,1.15,1.3,1.3,6111,0.0,0.0
2013-02-05,1.3,1.3,1.3,1.3,1.3,0,0.0,0.0
2013-02-06,1.3,1.3,1.3,1.3,1.3,0,0.0,0.0
2013-02-07,1.35,1.35,1.35,1.35,1.35,706,0.0,0.0
2013-02-08,1.3,1.35,1.3,1.35,1.35,424,0.0,0.0
2013-02-11,1.3,1.4,1.25,1.25,1.25,189,0.0,0.0
2013-02-12,1.25,1.25,1.25,1.25,1.25,0,0.0,0.0
2013-02-13,1.25,1.25,1.2,1.25,1.25,1190,0.0,0.0
2013-02-14,1.25,1.25,1.25,1.25,1.25,0,0.0,0.0
2013-02-15,1.25,1.25,1.2,1.2,1.2,360,0.0,0.0
2013-02-19,1.2,1.2,1.2,1.2,1.2,200,0.0,0.0
2013-02-20,1.15,1.2,1.1,1.2,1.2,760,0.0,0.0
2013-02-21,1.2,1.2,1.1,1.15,1.15,2080,0.0,0.0
2013-02-22,0.9,1.15,0.9,1.15,1.15,2308,0.0,0.0
2013-02-25,1.15,1.15,1.15,1.15,1.15,0,0.0,0.0
2013-02-26,1.15,1.15,1.15,1.15,1.15,0,0.0,0.0
2013-02-27,1.15,1.15,1.15,1.15,1.15,0,0.0,0.0
2013-02-28,1.1,1.1,1.1,1.1,1.1,20,0.0,0.0
2013-03-01,1.1,1.1,1.1,1.1,1.1,0,0.0,0.0
2013-03-04,1.1,1.1,1.1,1.1,1.1,0,0.0,0.0
2013-03-05,1.1,1.1,1.1,1.1,1.1,0,0.0,0.0
2013-03-06,1.1,1.1,1.1,1.1,1.1,0,0.0,0.0
2013-03-07,1.0,1.0,0.9,0.9,0.9,490,0.0,0.0
2013-03-08,1.0,1.15,0.9,0.9,0.9,63,0.0,0.0
2013-03-11,1.25,2.5,1.25,2.5,2.5,187,0.0,0.0
2013-03-12,1.5,1.5,0.95,0.95,0.95,36,0.0,0.0
2013-03-13,0.95,0.95,0.95,0.95,0.95,0,0.0,0.0
2013-03-14,0.95,0.95,0.95,0.95,0.95,0,0.0,0.0
2013-03-15,0.95,0.95,0.95,0.95,0.95,0,0.0,0.0
2013-03-18,0.95,0.95,0.95,0.95,0.95,0,0.0,0.0
2013-03-19,0.95,0.95,0.95,0.95,0.95,260,0.0,0.0
2013-03-20,0.95,0.95,0.95,0.95,0.95,0,0.0,0.0
2013-03-21,1.0,1.0,0.95,0.95,0.95,1015,0.0,0.0
2013-03-22,0.95,0.95,0.95,0.95,0.95,0,0.0,0.0
2013-03-25,0.95,0.95,0.95,0.95,0.95,0,0.0,0.0
2013-03-26,2.0,2.0,2.0,2.0,2.0,50,0.0,0.0
2013-03-27,1.5,1.5,1.5,1.5,1.5,80,0.0,0.0
2013-03-28,1.5,1.5,1.5,1.5,1.5,0,0.0,0.0
2013-04-01,1.5,1.5,1.5,1.5,1.5,0,0.0,0.0
2013-04-02,1.5,1.5,1.5,1.5,1.5,60,0.0,0.0
2013-04-03,1.5,1.5,1.5,1.5,1.5,0,0.0,0.0
2013-04-04,2.0,2.0,2.0,2.0,2.0,10,0.0,0.0
2013-04-05,2.0,2.0,2.0,2.0,2.0,0,0.0,0.0
2013-04-08,2.0,2.0,2.0,2.0,2.0,0,0.0,0.0
2013-04-09,1.75,1.75,1.75,1.75,1.75,20,0.0,0.0
2013-04-10,1.75,1.75,1.75,1.75,1.75,20,0.0,0.0
2013-04-11,1.75,1.75,1.75,1.75,1.75,0,0.0,0.0
2013-04-12,1.95,1.95,1.95,1.95,1.95,20,0.0,0.0
2013-04-15,1.95,1.95,1.95,1.95,1.95,0,0.0,0.0
2013-04-16,1.95,1.95,1.95,1.95,1.95,20,0.0,0.0
2013-04-17,1.95,1.95,1.95,1.95,1.95,20,0.0,0.0
2013-04-18,0.95,0.95,0.95,0.95,0.95,20,0.0,0.0
2013-04-19,1.95,2.25,1.95,2.25,2.25,104,0.0,0.0
2013-04-22,2.25,2.25,2.25,2.25,2.25,0,0.0,0.0
2013-04-23,2.25,2.25,2.25,2.25,2.25,0,0.0,0.0
2013-04-24,2.25,2.25,2.25,2.25,2.25,0,0.0,0.0
2013-04-25,2.25,2.25,2.25,2.25,2.25,0,0.0,0.0
2013-04-26,2.25,2.25,2.25,2.25,2.25,0,0.0,0.0
2013-04-29,2.25,2.25,2.25,2.25,2.25,0,0.0,0.0
2013-04-30,2.25,2.25,2.25,2.25,2.25,0,0.0,0.0
2013-05-01,2.25,2.25,2.25,2.25,2.25,0,0.0,0.0
2013-05-02,2.25,2.25,2.25,2.25,2.25,0,0.0,0.0
2013-05-03,2.25,2.25,2.25,2.25,2.25,0,0.0,0.0
2013-05-06,2.25,2.25,2.25,2.25,2.25,0,0.0,0.0
2013-05-07,2.25,2.25,2.25,2.25,2.25,0,0.0,0.0
2013-05-08,2.0,2.0,2.0,2.0,2.0,120,0.0,0.0
2013-05-09,1.5,1.5,0.75,0.75,0.75,2457,0.0,0.0
2013-05-10,0.75,0.75,0.75,0.75,0.75,0,0.0,0.0
2013-05-13,0.75,0.75,0.75,0.75,0.75,0,0.0,0.0
2013-05-14,0.75,0.75,0.75,0.75,0.75,0,0.0,0.0
2013-05-15,0.75,0.75,0.75,0.75,0.75,0,0.0,0.0
2013-05-16,0.75,0.75,0.75,0.75,0.75,0,0.0,0.0
2013-05-17,0.75,0.75,0.75,0.75,0.75,0,0.0,0.0
2013-05-20,0.75,0.75,0.75,0.75,0.75,0,0.0,0.0
2013-05-21,1.0,1.0,1.0,1.0,1.0,20,0.0,0.0
2013-05-22,0.8,1.0,0.8,1.0,1.0,270,0.0,0.0
2013-05-23,1.0,1.0,1.0,1.0,1.0,50,0.0,0.0
2013-05-24,1.05,1.9,0.8,1.9,1.9,970,0.0,0.0
2013-05-28,1.55,1.95,1.55,1.85,1.85,19632,0.0,0.0
2013-05-29,1.85,2.75,1.85,2.75,2.75,10905,0.0,0.0
2013-05-30,2.85,2.85,2.35,2.55,2.55,12674,0.0,0.0
2013-05-31,2.3,2.55,2.3,2.55,2.55,4382,0.0,0.0
2013-06-03,2.45,2.45,2.15,2.25,2.25,9580,0.0,0.0
2013-06-04,2.2,2.3,2.05,2.3,2.3,4180,0.0,0.0
2013-06-05,2.3,2.3,1.95,1.95,1.95,460,0.0,0.0
2013-06-06,1.8,1.85,1.25,1.85,1.85,1788,0.0,0.0
2013-06-07,1.85,1.85,1.8,1.8,1.8,780,0.0,0.0
2013-06-10,1.95,1.95,1.5,1.65,1.65,1700,0.0,0.0
2013-06-11,1.65,2.2,1.4,2.0,2.0,3184,0.0,0.0
2013-06-12,1.85,1.85,1.85,1.85,1.85,550,0.0,0.0
2013-06-13,1.75,1.8,1.65,1.65,1.65,2387,0.0,0.0
2013-06-14,1.65,2.0,1.55,2.0,2.0,7560,0.0,0.0
2013-06-17,1.9,2.0,1.9,2.0,2.0,7429,0.0,0.0
2013-06-18,2.05,2.1,2.05,2.1,2.1,814,0.0,0.0
2013-06-19,2.05,2.2,2.05,2.1,2.1,3140,0.0,0.0
2013-06-20,2.0,2.0,1.9,1.95,1.95,2820,0.0,0.0
2013-06-21,1.7,2.0,1.7,2.0,2.0,221,0.0,0.0
2013-06-24,2.0,2.0,2.0,2.0,2.0,580,0.0,0.0
2013-06-25,2.0,2.0,2.0,2.0,2.0,0,0.0,0.0
2013-06-26,2.0,2.1,1.8,1.8,1.8,5000,0.0,0.0
2013-06-27,1.85,1.85,1.75,1.75,1.75,518,0.0,0.0
2013-06-28,1.75,1.75,1.6,1.65,1.65,862,0.0,0.0
2013-07-01,1.65,1.65,1.65,1.65,1.65,0,0.0,0.0
2013-07-02,1.7,1.8,1.5,1.5,1.5,1513,0.0,0.0
2013-07-03,1.7,1.9,1.7,1.9,1.9,2736,0.0,0.0
2013-07-05,1.9,1.9,1.9,1.9,1.9,0,0.0,0.0
2013-07-08,1.75,1.75,1.75,1.75,1.75,30,0.0,0.0
2013-07-09,1.75,1.75,1.05,1.75,1.75,540,0.0,0.0
2013-07-10,1.75,1.75,1.75,1.75,1.75,660,0.0,0.0
2013-07-11,1.8,1.9,1.75,1.75,1.75,658,0.0,0.0
2013-07-12,1.8,1.8,1.8,1.8,1.8,40,0.0,0.0
2013-07-15,1.5,1.5,1.5,1.5,1.5,20,0.0,0.0
2013-07-16,1.25,1.25,1.15,1.15,1.15,120,0.0,0.0
2013-07-17,1.25,1.75,1.25,1.75,1.75,1560,0.0,0.0
2013-07-18,1.6,1.6,1.6,1.6,1.6,20,0.0,0.0
2013-07-19,1.35,1.35,1.25,1.25,1.25,500,0.0,0.0
2013-07-22,1.3,1.3,1.3,1.3,1.3,140,0.0,0.0
2013-07-23,1.35,1.35,1.25,1.25,1.25,84,0.0,0.0
2013-07-24,1.25,1.25,1.25,1.25,1.25,0,0.0,0.0
2013-07-25,1.25,1.25,1.25,1.25,1.25,0,0.0,0.0
2013-07-26,1.4,1.4,1.4,1.4,1.4,40,0.0,0.0
2013-07-29,1.4,1.4,1.4,1.4,1.4,0,0.0,0.0
2013-07-30,1.4,1.4,1.4,1.4,1.4,0,0.0,0.0
2013-07-31,1.3,1.3,1.3,1.3,1.3,140,0.0,0.0
2013-08-01,1.25,1.25,1.25,1.25,1.25,1200,0.0,0.0
2013-08-02,1.3,1.5,1.25,1.5,1.5,888,0.0,0.0
2013-08-05,1.9,1.9,1.9,1.9,1.9,180,0.0,0.0
2013-08-06,1.9,1.9,1.9,1.9,1.9,0,0.0,0.0
2013-08-07,1.9,1.9,1.9,1.9,1.9,0,0.0,0.0
2013-08-08,1.9,1.9,1.9,1.9,1.9,0,0.0,0.0
2013-08-09,1.5,1.75,1.5,1.75,1.75,700,0.0,0.0
2013-08-12,1.75,1.75,1.75,1.75,1.75,0,0.0,0.0
2013-08-13,1.75,1.75,1.75,1.75,1.75,0,0.0,0.0
2013-08-14,1.75,1.75,1.75,1.75,1.75,0,0.0,0.0
2013-08-15,1.75,1.75,1.75,1.75,1.75,0,0.0,0.0
2013-08-16,1.75,1.75,1.75,1.75,1.75,760,0.0,0.0
2013-08-19,1.25,1.25,1.25,1.25,1.25,4,0.0,0.0
2013-08-20,1.25,1.25,1.25,1.25,1.25,700,0.0,0.0
2013-08-21,1.5,1.5,1.5,1.5,1.5,40,0.0,0.0
2013-08-22,1.55,1.55,1.55,1.55,1.55,200,0.0,0.0
2013-08-23,1.75,1.75,1.75,1.75,1.75,32,0.0,0.0
2013-08-26,1.75,1.75,1.75,1.75,1.75,0,0.0,0.0
2013-08-27,1.75,1.75,1.75,1.75,1.75,0,0.0,0.0
2013-08-28,1.3,1.3,1.3,1.3,1.3,80,0.0,0.0
2013-08-29,1.7,1.7,1.7,1.7,1.7,34,0.0,0.0
2013-08-30,1.7,1.7,1.7,1.7,1.7,0,0.0,0.0
2013-09-03,1.7,1.7,1.7,1.7,1.7,0,0.0,0.0
2013-09-04,1.7,1.7,1.7,1.7,1.7,0,0.0,0.0
2013-09-05,1.7,1.7,1.7,1.7,1.7,0,0.0,0.0
2013-09-06,1.7,1.7,1.7,1.7,1.7,0,0.0,0.0
2013-09-09,1.7,1.7,1.7,1.7,1.7,0,0.0,0.0
2013-09-10,1.7,1.7,1.7,1.7,1.7,0,0.0,0.0
2013-09-11,1.45,1.45,1.45,1.45,1.45,240,0.0,0.0
2013-09-12,1.45,1.45,1.45,1.45,1.45,0,0.0,0.0
2013-09-13,1.3,1.3,1.25,1.25,1.25,912,0.0,0.0
2013-09-16,1.25,1.25,1.25,1.25,1.25,0,0.0,0.0
2013-09-17,1.25,1.25,1.25,1.25,1.25,0,0.0,0.0
2013-09-18,1.25,1.25,1.25,1.25,1.25,40,0.0,0.0
2013-09-19,1.25,1.25,1.25,1.25,1.25,817,0.0,0.0
2013-09-20,1.25,1.25,1.25,1.25,1.25,0,0.0,0.0
2013-09-23,1.25,1.25,1.25,1.25,1.25,0,0.0,0.0
2013-09-24,1.25,1.25,1.25,1.25,1.25,0,0.0,0.0
2013-09-25,1.25,1.25,1.25,1.25,1.25,0,0.0,0.0
2013-09-26,1.25,1.25,1.25,1.25,1.25,0,0.0,0.0
2013-09-27,1.25,1.25,1.25,1.25,1.25,0,0.0,0.0
2013-09-30,1.25,1.25,1.25,1.25,1.25,0,0.0,0.0
2013-10-01,1.25,1.25,1.25,1.25,1.25,0,0.0,0.0
2013-10-02,1.1,1.1,1.1,1.1,1.1,88,0.0,0.0
2013-10-03,1.1,1.1,1.1,1.1,1.1,0,0.0,0.0
2013-10-04,1.1,1.1,1.1,1.1,1.1,12,0.0,0.0
2013-10-07,1.1,1.1,1.1,1.1,1.1,0,0.0,0.0
2013-10-08,1.1,1.1,1.1,1.1,1.1,0,0.0,0.0
2013-10-09,1.1,1.1,1.1,1.1,1.1,0,0.0,0.0
2013-10-10,1.1,1.1,1.1,1.1,1.1,0,0.0,0.0
2013-10-11,1.05,1.05,1.05,1.05,1.05,5,0.0,0.0
2013-10-14,1.05,1.05,1.05,1.05,1.05,0,0.0,0.0
2013-10-15,1.1,1.1,1.1,1.1,1.1,1073,0.0,0.0
2013-10-16,1.1,1.1,1.1,1.1,1.1,0,0.0,0.0
2013-10-17,1.1,1.1,1.1,1.1,1.1,0,0.0,0.0
2013-10-18,1.1,1.1,1.05,1.05,1.05,100,0.0,0.0
2013-10-21,1.05,1.05,1.05,1.05,1.05,92,0.0,0.0
2013-10-22,1.05,1.05,1.05,1.05,1.05,0,0.0,0.0
2013-10-23,1.05,1.05,1.05,1.05,1.05,0,0.0,0.0
2013-10-24,1.1,1.1,1.1,1.1,1.1,50,0.0,0.0
2013-10-25,1.15,1.3,1.15,1.3,1.3,268,0.0,0.0
2013-10-28,1.3,1.3,1.05,1.05,1.05,540,0.0,0.0
2013-10-29,1.05,1.05,0.55,0.85,0.85,8174,0.0,0.0
2013-10-30,0.95,0.95,0.95,0.95,0.95,552,0.0,0.0
2013-10-31,0.95,0.95,0.95,0.95,0.95,0,0.0,0.0
2013-11-01,0.9,0.9,0.9,0.9,0.9,150,0.0,0.0
2013-11-04,0.9,0.9,0.9,0.9,0.9,0,0.0,0.0
2013-11-05,0.75,0.75,0.7,0.7,0.7,630,0.0,0.0
2013-11-06,0.7,0.7,0.7,0.7,0.7,0,0.0,0.0
2013-11-07,0.95,0.95,0.95,0.95,0.95,150,0.0,0.0
2013-11-08,0.95,0.95,0.95,0.95,0.95,100,0.0,0.0
2013-11-11,0.95,0.95,0.95,0.95,0.95,0,0.0,0.0
2013-11-12,0.95,0.95,0.95,0.95,0.95,0,0.0,0.0
2013-11-13,0.95,0.95,0.95,0.95,0.95,0,0.0,0.0
2013-11-14,0.9,0.9,0.9,0.9,0.9,100,0.0,0.0
2013-11-15,0.9,0.9,0.9,0.9,0.9,0,0.0,0.0
2013-11-18,0.9,0.9,0.9,0.9,0.9,140,0.0,0.0
2013-11-19,0.9,0.9,0.9,0.9,0.9,50,0.0,0.0
2013-11-20,0.9,0.9,0.9,0.9,0.9,0,0.0,0.0
2013-11-21,0.9,0.9,0.9,0.9,0.9,0,0.0,0.0
2013-11-22,0.75,0.75,0.65,0.65,0.65,4150,0.0,0.0
2013-11-25,0.7,0.7,0.7,0.7,0.7,100,0.0,0.0
2013-11-26,1.1,1.6,0.75,0.85,0.85,21534,0.0,0.0
2013-11-27,1.05,1.2,0.75,0.75,0.75,5650,0.0,0.0
2013-11-29,0.85,1.1,0.85,1.0,1.0,7991,0.0,0.0
2013-12-02,1.05,1.05,0.75,0.8,0.8,1433,0.0,0.0
2013-12-03,0.75,0.8,0.7,0.8,0.8,3890,0.0,0.0
2013-12-04,0.7,0.75,0.65,0.75,0.75,4849,0.0,0.0
2013-12-05,0.75,0.8,0.75,0.75,0.75,2500,0.0,0.0
2013-12-06,0.75,0.75,0.75,0.75,0.75,0,0.0,0.0
2013-12-09,0.65,0.65,0.6,0.6,0.6,3360,0.0,0.0
2013-12-10,0.65,0.65,0.55,0.6,0.6,7376,0.0,0.0
2013-12-11,0.6,0.65,0.6,0.6,0.6,2470,0.0,0.0
2013-12-12,0.65,0.65,0.6,0.6,0.6,1651,0.0,0.0
2013-12-13,0.55,0.65,0.55,0.65,0.65,2550,0.0,0.0
2013-12-16,0.55,0.6,0.5,0.6,0.6,1801,0.0,0.0
2013-12-17,0.55,0.65,0.5,0.55,0.55,12528,0.0,0.0
2013-12-18,0.55,0.55,0.55,0.55,0.55,1000,0.0,0.0
2013-12-19,0.55,0.55,0.55,0.55,0.55,0,0.0,0.0
2013-12-20,0.5,0.65,0.5,0.5,0.5,1580,0.0,0.0
2013-12-23,0.75,0.8,0.5,0.5,0.5,1657,0.0,0.0
2013-12-24,0.5,0.5,0.5,0.5,0.5,0,0.0,0.0
2013-12-26,0.55,0.55,0.5,0.5,0.5,1200,0.0,0.0
2013-12-27,0.55,0.55,0.55,0.55,0.55,320,0.0,0.0
2013-12-30,0.55,0.6,0.55,0.6,0.6,121,0.0,0.0
2013-12-31,0.6,0.7,0.55,0.6,0.6,760,0.0,0.0
2014-01-02,0.65,0.65,0.6,0.6,0.6,856,0.0,0.0
2014-01-03,0.6,0.6,0.6,0.6,0.6,0,0.0,0.0
2014-01-06,0.5,0.75,0.5,0.6,0.6,27732,0.0,0.0
2014-01-07,0.65,0.75,0.55,0.55,0.55,10072,0.0,0.0
2014-01-08,0.65,0.65,0.55,0.55,0.55,1756,0.0,0.0
2014-01-09,0.55,0.7,0.55,0.7,0.7,2887,0.0,0.0
2014-01-10,0.55,0.7,0.55,0.7,0.7,1600,0.0,0.0
2014-01-13,0.7,0.7,0.55,0.55,0.55,902,0.0,0.0
2014-01-14,0.65,1.0,0.65,1.0,1.0,19996,0.0,0.0
2014-01-15,1.0,1.0,0.6,0.85,0.85,19211,0.0,0.0
2014-01-16,0.85,1.15,0.65,1.0,1.0,30373,0.0,0.0
2014-01-17,0.9,1.1,0.7,1.05,1.05,16241,0.0,0.0
2014-01-21,1.05,1.05,0.8,0.9,0.9,8143,0.0,0.0
2014-01-22,0.8,1.05,0.7,0.85,0.85,3322,0.0,0.0
2014-01-23,0.85,0.95,0.75,0.95,0.95,1386,0.0,0.0
2014-01-24,0.9,1.05,0.9,1.05,1.05,1000,0.0,0.0
2014-01-27,0.9,0.9,0.75,0.9,0.9,2089,0.0,0.0
2014-01-28,0.9,0.9,0.9,0.9,0.9,0,0.0,0.0
2014-01-29,0.85,0.85,0.85,0.85,0.85,110,0.0,0.0
2014-01-30,0.65,0.7,0.65,0.65,0.65,1779,0.0,0.0
2014-01-31,0.75,0.75,0.75,0.75,0.75,1073,0.0,0.0
2014-02-03,0.75,0.85,0.65,0.85,0.85,5247,0.0,0.0
2014-02-04,0.65,0.7,0.65,0.7,0.7,1183,0.0,0.0
2014-02-05,0.7,0.75,0.65,0.75,0.75,4189,0.0,0.0
2014-02-06,0.65,0.75,0.6,0.75,0.75,6030,0.0,0.0
2014-02-07,0.8,0.9,0.75,0.9,0.9,3942,0.0,0.0
2014-02-10,0.7,0.95,0.7,0.95,0.95,1982,0.0,0.0
2014-02-11,0.7,0.9,0.7,0.85,0.85,353,0.0,0.0
2014-02-12,0.85,0.95,0.7,0.9,0.9,3029,0.0,0.0
2014-02-13,0.85,0.9,0.85,0.85,0.85,1000,0.0,0.0
2014-02-14,0.85,0.85,0.85,0.85,0.85,114,0.0,0.0
2014-02-18,0.85,0.85,0.85,0.85,0.85,230,0.0,0.0
2014-02-19,0.85,0.85,0.6,0.6,0.6,6000,0.0,0.0
2014-02-20,0.75,0.75,0.65,0.65,0.65,2329,0.0,0.0
2014-02-21,0.65,0.65,0.65,0.65,0.65,2200,0.0,0.0
2014-02-24,0.6,0.85,0.6,0.8,0.8,1810,0.0,0.0
2014-02-25,0.8,0.8,0.8,0.8,0.8,0,0.0,0.0
2014-02-26,0.6,0.7,0.6,0.7,0.7,5480,0.0,0.0
2014-02-27,0.65,0.65,0.65,0.65,0.65,3829,0.0,0.0
2014-02-28,0.6,0.65,0.55,0.65,0.65,23680,0.0,0.0
2014-03-03,0.65,0.75,0.65,0.75,0.75,219,0.0,0.0
2014-03-04,0.75,0.75,0.75,0.75,0.75,200,0.0,0.0
2014-03-05,0.6,0.6,0.6,0.6,0.6,1350,0.0,0.0
2014-03-06,0.7,1.0,0.7,1.0,1.0,13820,0.0,0.0
2014-03-07,0.85,0.9,0.85,0.85,0.85,4292,0.0,0.0
2014-03-10,0.75,0.75,0.65,0.65,0.65,2230,0.0,0.0
2014-03-11,0.7,0.8,0.7,0.8,0.8,10606,0.0,0.0
2014-03-12,0.7,0.7,0.65,0.65,0.65,3000,0.0,0.0
2014-03-13,0.65,0.8,0.65,0.8,0.8,1952,0.0,0.0
2014-03-14,0.85,0.85,0.8,0.8,0.8,1262,0.0,0.0
2014-03-17,0.7,0.8,0.7,0.7,0.7,6355,0.0,0.0
2014-03-18,0.75,0.95,0.65,0.95,0.95,2344,0.0,0.0
2014-03-19,0.95,0.95,0.95,0.95,0.95,0,0.0,0.0
2014-03-20,0.95,0.95,0.9,0.9,0.9,2004,0.0,0.0
2014-03-21,0.9,0.95,0.85,0.95,0.95,1374,0.0,0.0
2014-03-24,0.9,0.95,0.9,0.95,0.95,4397,0.0,0.0
2014-03-25,0.9,0.95,0.9,0.95,0.95,500,0.0,0.0
2014-03-26,0.75,0.75,0.75,0.75,0.75,720,0.0,0.0
2014-03-27,0.75,0.95,0.75,0.9,0.9,1802,0.0,0.0
2014-03-28,0.9,0.9,0.9,0.9,0.9,0,0.0,0.0
2014-03-31,0.85,1.0,0.65,1.0,1.0,2921,0.0,0.0
2014-04-01,0.95,0.95,0.75,0.9,0.9,2700,0.0,0.0
2014-04-02,0.75,0.75,0.65,0.75,0.75,1140,0.0,0.0
2014-04-03,0.7,0.95,0.7,0.75,0.75,4521,0.0,0.0
2014-04-04,0.75,0.75,0.7,0.7,0.7,3200,0.0,0.0
2014-04-07,0.75,0.75,0.75,0.75,0.75,3040,0.0,0.0
2014-04-08,0.75,0.8,0.75,0.8,0.8,5200,0.0,0.0
2014-04-09,0.8,0.9,0.8,0.9,0.9,5760,0.0,0.0
2014-04-10,0.9,0.95,0.7,0.95,0.95,2138,0.0,0.0
2014-04-11,0.9,0.9,0.9,0.9,0.9,1000,0.0,0.0
2014-04-14,0.75,0.9,0.75,0.75,0.75,528,0.0,0.0
2014-04-15,0.75,0.75,0.7,0.7,0.7,1575,0.0,0.0
2014-04-16,0.7,0.85,0.7,0.85,0.85,6355,0.0,0.0
2014-04-17,0.85,0.85,0.75,0.75,0.75,4078,0.0,0.0
2014-04-21,0.8,0.85,0.75,0.85,0.85,5355,0.0,0.0
2014-04-22,0.85,0.85,0.85,0.85,0.85,0,0.0,0.0
2014-04-23,0.75,0.85,0.75,0.85,0.85,4676,0.0,0.0
2014-04-24,0.75,0.75,0.45,0.7,0.7,38420,0.0,0.0
2014-04-25,0.7,0.7,0.7,0.7,0.7,142,0.0,0.0
2014-04-28,0.5,0.65,0.5,0.65,0.65,934,0.0,0.0
2014-04-29,0.65,0.7,0.65,0.7,0.7,1646,0.0,0.0
2014-04-30,0.7,0.7,0.7,0.7,0.7,0,0.0,0.0
2014-05-01,0.55,0.7,0.55,0.7,0.7,480,0.0,0.0
2014-05-02,0.7,0.7,0.7,0.7,0.7,0,0.0,0.0
2014-05-05,0.7,0.7,0.7,0.7,0.7,0,0.0,0.0
2014-05-06,0.7,0.7,0.7,0.7,0.7,0,0.0,0.0
2014-05-07,0.5,0.5,0.5,0.5,0.5,400,0.0,0.0
2014-05-08,0.5,0.5,0.5,0.5,0.5,0,0.0,0.0
2014-05-09,0.55,0.55,0.55,0.55,0.55,1000,0.0,0.0
2014-05-12,0.55,0.7,0.55,0.7,0.7,1424,0.0,0.0
2014-05-13,0.6,0.6,0.6,0.6,0.6,476,0.0,0.0
2014-05-14,0.6,0.6,0.6,0.6,0.6,0,0.0,0.0
2014-05-15,0.6,0.6,0.6,0.6,0.6,0,0.0,0.0
2014-05-16,0.6,0.6,0.6,0.6,0.6,10,0.0,0.0
2014-05-19,0.6,0.6,0.6,0.6,0.6,220,0.0,0.0
2014-05-20,0.7,0.75,0.6,0.6,0.6,831,0.0,0.0
2014-05-21,0.55,0.55,0.55,0.55,0.55,600,0.0,0.0
2014-05-22,0.55,0.55,0.55,0.55,0.55,600,0.0,0.0
2014-05-23,0.5,0.5,0.5,0.5,0.5,400,0.0,0.0
2014-05-27,0.5,0.5,0.5,0.5,0.5,20,0.0,0.0
2014-05-28,0.45,0.45,0.45,0.45,0.45,446,0.0,0.0
2014-05-29,0.45,0.45,0.45,0.45,0.45,284,0.0,0.0
2014-05-30,0.4,0.4,0.4,0.4,0.4,0,0.0,0.0
2014-06-02,0.4,0.4,0.4,0.4,0.4,0,0.0,0.1
2014-06-03,0.6,1.0,0.6,1.0,1.0,222,0.0,0.0
2014-06-04,0.8,1.25,0.75,1.25,1.25,8802,0.0,0.0
2014-06-05,1.42,1.69,1.415,1.42,1.42,3558,0.0,0.0
2014-06-06,1.5,1.69,1.425,1.69,1.69,2270,0.0,0.0
2014-06-09,1.425,1.425,1.425,1.425,1.425,418,0.0,0.0
2014-06-10,1.425,1.5,1.25,1.425,1.425,2562,0.0,0.0
2014-06-11,1.425,1.425,1.425,1.425,1.425,860,0.0,0.0
2014-06-12,1.55,2.0,1.4,1.65,1.65,9968,0.0,0.0
2014-06-13,0.65,1.5,0.65,1.5,1.5,6302,0.0,0.0
2014-06-16,1.5,1.5,1.5,1.5,1.5,0,0.0,0.0
2014-06-17,0.9,0.9,0.875,0.875,0.875,2884,0.0,0.0
2014-06-18,0.875,0.875,0.8,0.8,0.8,2202,0.0,0.0
2014-06-19,1.15,1.15,0.85,1.1,1.1,480,0.0,0.0
2014-06-20,0.8,0.8,0.8,0.8,0.8,184,0.0,0.0
2014-06-23,0.8,0.8,0.605,0.78,0.78,2621,0.0,0.0
2014-06-24,0.795,0.795,0.515,0.795,0.795,796,0.0,0.0
2014-06-25,0.795,0.795,0.795,0.795,0.795,0,0.0,0.0
2014-06-26,0.475,0.475,0.475,0.475,0.475,730,0.0,0.0
2014-06-27,0.795,0.795,0.795,0.795,0.795,1440,0.0,0.0
2014-06-30,0.795,0.795,0.795,0.795,0.795,0,0.0,0.0
2014-07-01,0.79,1.25,0.79,0.9,0.9,2961,0.0,0.0
2014-07-02,0.9,0.9,0.9,0.9,0.9,0,0.0,0.0
2014-07-03,0.9,0.9,0.9,0.9,0.9,300,0.0,0.0
2014-07-07,0.785,0.9,0.785,0.9,0.9,988,0.0,0.0
2014-07-08,0.9,0.9,0.9,0.9,0.9,0,0.0,0.0
2014-07-09,0.9,0.9,0.9,0.9,0.9,0,0.0,0.0
2014-07-10,0.9,0.925,0.75,0.75,0.75,980,0.0,0.0
2014-07-11,0.75,0.75,0.625,0.625,0.625,400,0.0,0.0
2014-07-14,0.625,0.625,0.625,0.625,0.625,0,0.0,0.0
2014-07-15,0.51,0.51,0.51,0.51,0.51,800,0.0,0.0
2014-07-16,0.51,0.51,0.51,0.51,0.51,0,0.0,0.0
2014-07-17,0.51,0.51,0.51,0.51,0.51,0,0.0,0.0
2014-07-18,0.51,0.51,0.51,0.51,0.51,0,0.0,0.0
2014-07-21,0.75,0.75,0.75,0.75,0.75,90,0.0,0.0
2014-07-22,0.75,0.75,0.75,0.75,0.75,1000,0.0,0.0
2014-07-23,0.75,0.75,0.75,0.75,0.75,0,0.0,0.0
2014-07-24,0.75,0.75,0.75,0.75,0.75,0,0.0,0.0
2014-07-25,1.0,1.0,0.9,0.9,0.9,397,0.0,0.0
2014-07-28,0.9,0.9,0.9,0.9,0.9,0,0.0,0.0
2014-07-29,0.75,0.75,0.5,0.75,0.75,1580,0.0,0.0
2014-07-30,0.5,0.5,0.5,0.5,0.5,140,0.0,0.0
2014-07-31,0.75,0.75,0.75,0.75,0.75,1420,0.0,0.0
2014-08-01,0.85,0.85,0.85,0.85,0.85,740,0.0,0.0
2014-08-04,0.705,0.705,0.705,0.705,0.705,2,0.0,0.0
2014-08-05,0.705,0.705,0.705,0.705,0.705,100,0.0,0.0
2014-08-06,0.705,0.705,0.705,0.705,0.705,0,0.0,0.0
2014-08-07,0.705,0.705,0.705,0.705,0.705,27,0.0,0.0
2014-08-08,0.705,0.705,0.705,0.705,0.705,0,0.0,0.0
2014-08-11,0.705,0.705,0.705,0.705,0.705,0,0.0,0.0
2014-08-12,0.705,0.705,0.705,0.705,0.705,0,0.0,0.0
2014-08-13,0.705,0.705,0.705,0.705,0.705,0,0.0,0.0
2014-08-14,0.705,0.705,0.705,0.705,0.705,0,0.0,0.0
2014-08-15,0.705,0.705,0.705,0.705,0.705,0,0.0,0.0
2014-08-18,0.705,0.705,0.65,0.65,0.65,1602,0.0,0.0
2014-08-19,0.6,0.6,0.6,0.6,0.6,715,0.0,0.0
2014-08-20,0.85,0.85,0.85,0.85,0.85,140,0.0,0.0
2014-08-21,0.6,0.6,0.6,0.6,0.6,2,0.0,0.0
2014-08-22,0.85,0.85,0.85,0.85,0.85,20,0.0,0.0
2014-08-25,0.75,0.75,0.75,0.75,0.75,40,0.0,0.0
2014-08-26,0.6,0.6,0.6,0.6,0.6,140,0.0,0.0
2014-08-27,0.6,0.6,0.6,0.6,0.6,0,0.0,0.0
2014-08-28,0.6,0.6,0.6,0.6,0.6,0,0.0,0.0
2014-08-29,0.6,0.6,0.5,0.5,0.5,800,0.0,0.0
2014-09-02,0.65,0.65,0.55,0.55,0.55,1100,0.0,0.0
2014-09-03,0.55,0.55,0.55,0.55,0.55,2202,0.0,0.0
2014-09-04,0.55,0.55,0.55,0.55,0.55,1000,0.0,0.0
2014-09-05,0.55,0.55,0.55,0.55,0.55,0,0.0,0.0
2014-09-08,0.55,0.55,0.55,0.55,0.55,2574,0.0,0.0
2014-09-09,0.55,0.55,0.55,0.55,0.55,0,0.0,0.0
2014-09-10,0.55,0.55,0.55,0.55,0.55,54,0.0,0.0
2014-09-11,0.55,0.55,0.55,0.55,0.55,0,0.0,0.0
2014-09-12,0.625,0.625,0.625,0.625,0.625,700,0.0,0.0
2014-09-15,0.625,0.625,0.625,0.625,0.625,240,0.0,0.0
2014-09-16,0.555,0.615,0.55,0.615,0.615,780,0.0,0.0
2014-09-17,0.55,0.55,0.55,0.55,0.55,100,0.0,0.0
2014-09-18,0.55,0.55,0.55,0.55,0.55,0,0.0,0.0
2014-09-19,0.55,0.55,0.55,0.55,0.55,0,0.0,0.0
2014-09-22,0.615,0.615,0.615,0.615,0.615,2362,0.0,0.0
2014-09-23,0.615,0.615,0.615,0.615,0.615,1480,0.0,0.0
2014-09-24,0.615,0.615,0.615,0.615,0.615,300,0.0,0.0
2014-09-25,0.55,0.55,0.505,0.505,0.505,2040,0.0,0.0
2014-09-26,0.625,0.625,0.625,0.625,0.625,1000,0.0,0.0
2014-09-29,0.625,0.625,0.625,0.625,0.625,0,0.0,0.0
2014-09-30,0.625,0.625,0.625,0.625,0.625,0,0.0,0.0
2014-10-01,0.625,0.625,0.625,0.625,0.625,0,0.0,0.0
2014-10-02,0.625,0.625,0.625,0.625,0.625,0,0.0,0.0
2014-10-03,0.6,0.6,0.6,0.6,0.6,1360,0.0,0.0
2014-10-06,0.6,0.6,0.6,0.6,0.6,1680,0.0,0.0
2014-10-07,0.6,0.6,0.6,0.6,0.6,0,0.0,0.0
2014-10-08,0.505,0.505,0.505,0.505,0.505,260,0.0,0.0
2014-10-09,0.745,0.75,0.745,0.75,0.75,1000,0.0,0.0
2014-10-10,0.75,0.75,0.75,0.75,0.75,0,0.0,0.0
2014-10-13,0.75,0.75,0.75,0.75,0.75,0,0.0,0.0
2014-10-14,0.75,0.75,0.75,0.75,0.75,0,0.0,0.0
2014-10-15,0.85,1.0,0.85,0.95,0.95,4820,0.0,0.0
2014-10-16,0.95,0.95,0.76,0.76,0.76,457,0.0,0.0
2014-10-17,0.805,0.87,0.805,0.87,0.87,582,0.0,0.0
2014-10-20,0.805,0.805,0.65,0.75,0.75,851,0.0,0.0
2014-10-21,0.705,0.705,0.705,0.705,0.705,800,0.0,0.0
2014-10-22,0.68,0.945,0.51,0.9,0.9,7024,0.0,0.0
2014-10-23,0.9,1.1,0.895,1.0,1.0,2698,0.0,0.0
2014-10-24,0.515,1.11,0.515,0.925,0.925,4361,0.0,0.0
2014-10-27,1.0,1.0,1.0,1.0,1.0,2000,0.0,0.0
2014-10-28,0.95,0.95,0.95,0.95,0.95,200,0.0,0.0
2014-10-29,0.95,0.95,0.95,0.95,0.95,0,0.0,0.0
2014-10-30,0.95,0.95,0.95,0.95,0.95,0,0.0,0.0
2014-10-31,0.95,0.95,0.95,0.95,0.95,0,0.0,0.0
2014-11-03,1.0,1.11,1.0,1.11,1.11,502,0.0,0.0
2014-11-04,1.11,1.11,1.11,1.11,1.11,0,0.0,0.0
2014-11-05,0.655,0.955,0.655,0.95,0.95,468,0.0,0.0
2014-11-06,0.855,0.855,0.855,0.855,0.855,200,0.0,0.0
2014-11-07,0.855,0.855,0.855,0.855,0.855,0,0.0,0.0
2014-11-10,0.855,0.855,0.855,0.855,0.855,0,0.0,0.0
2014-11-11,0.855,0.855,0.855,0.855,0.855,0,0.0,0.0
2014-11-12,0.755,0.755,0.75,0.75,0.75,1520,0.0,0.0
2014-11-13,0.75,0.75,0.75,0.75,0.75,0,0.0,0.0
2014-11-14,0.75,0.75,0.75,0.75,0.75,0,0.0,0.0
2014-11-17,1.195,1.195,1.0,1.0,1.0,1200,0.0,0.0
2014-11-18,1.0,1.0,1.0,1.0,1.0,900,0.0,0.0
2014-11-19,1.0,1.0,1.0,1.0,1.0,0,0.0,0.0
2014-11-20,1.0,1.0,1.0,1.0,1.0,0,0.0,0.0
2014-11-21,1.0,1.0,1.0,1.0,1.0,0,0.0,0.0
2014-11-24,1.0,1.0,1.0,1.0,1.0,0,0.0,0.0
2014-11-25,0.995,1.0,0.7,0.95,0.95,2320,0.0,0.0
2014-11-26,1.0,1.0,1.0,1.0,1.0,980,0.0,0.0
2014-11-28,0.95,0.95,0.95,0.95,0.95,820,0.0,0.0
2014-12-01,0.95,0.95,0.95,0.95,0.95,0,0.0,0.0
2014-12-02,1.0,1.15,0.51,1.1,1.1,2218,0.0,0.0
2014-12-03,0.51,0.51,0.51,0.51,0.51,150,0.0,0.0
2014-12-04,1.1,1.15,1.1,1.15,1.15,1110,0.0,0.0
2014-12-05,1.15,1.15,1.15,1.15,1.15,0,0.0,0.0
2014-12-08,1.15,1.15,1.15,1.15,1.15,0,0.0,0.0
2014-12-09,0.9,0.9,0.85,0.85,0.85,600,0.0,0.0
2014-12-10,1.1,1.1,1.1,1.1,1.1,400,0.0,0.0
2014-12-11,1.1,1.1,1.1,1.1,1.1,0,0.0,0.0
2014-12-12,1.1,1.1,1.1,1.1,1.1,0,0.0,0.0
2014-12-15,1.1,1.1,1.1,1.1,1.1,0,0.0,0.0
2014-12-16,0.75,0.75,0.55,0.55,0.55,1998,0.0,0.0
2014-12-17,0.8,1.0,0.8,1.0,1.0,700,0.0,0.0
2014-12-18,1.0,1.0,1.0,1.0,1.0,0,0.0,0.0
2014-12-19,1.0,1.0,1.0,1.0,1.0,0,0.0,0.0
2014-12-22,1.0,1.0,1.0,1.0,1.0,0,0.0,0.0
2014-12-23,0.575,0.975,0.575,0.975,0.975,1825,0.0,0.0
2014-12-24,0.75,1.0,0.75,1.0,1.0,852,0.0,0.0
2014-12-26,0.85,1.0,0.85,1.0,1.0,489,0.0,0.0
2014-12-29,0.95,1.14,0.95,1.14,1.14,6010,0.0,0.0
2014-12-30,1.135,1.14,1.135,1.14,1.14,3100,0.0,0.0
2014-12-31,1.14,1.5,1.14,1.5,1.5,6800,0.0,0.0
2015-01-02,1.25,1.745,1.25,1.745,1.745,925,0.0,0.0
2015-01-05,1.745,2.25,1.745,2.0,2.0,2123,0.0,0.0
2015-01-06,2.25,2.25,2.0,2.0,2.0,320,0.0,0.0
2015-01-07,2.0,2.25,2.0,2.1,2.1,2830,0.0,0.0
2015-01-08,2.15,2.15,2.15,2.15,2.15,350,0.0,0.0
2015-01-09,2.1,2.1,2.1,2.1,2.1,1000,0.0,0.0
2015-01-12,2.0,2.1,1.9,1.9,1.9,2540,0.0,0.0
2015-01-13,1.9,2.25,1.75,1.75,1.75,2200,0.0,0.0
2015-01-14,1.75,1.75,1.75,1.75,1.75,1200,0.0,0.0
2015-01-15,2.45,2.45,1.5,1.5,1.5,1300,0.0,0.0
2015-01-16,1.5,2.0,1.5,2.0,2.0,230,0.0,0.0
2015-01-20,2.0,2.1,1.5,2.1,2.1,2215,0.0,0.0
2015-01-21,2.1,2.1,1.75,1.75,1.75,1176,0.0,0.0
2015-01-22,2.15,2.15,2.15,2.15,2.15,200,0.0,0.0
2015-01-23,1.75,1.75,1.75,1.75,1.75,1100,0.0,0.0
2015-01-26,1.545,1.545,1.5,1.5,1.5,400,0.0,0.0
2015-01-27,1.805,1.805,1.805,1.805,1.805,400,0.0,0.0
2015-01-28,1.55,2.1,1.55,2.1,2.1,702,0.0,0.0
2015-01-29,2.35,2.35,1.755,1.755,1.755,850,0.0,0.0
2015-01-30,1.755,1.755,1.755,1.755,1.755,0,0.0,0.0
2015-02-02,1.9,1.9,1.9,1.9,1.9,254,0.0,0.0
2015-02-03,1.9,1.9,1.9,1.9,1.9,0,0.0,0.0
2015-02-04,1.93,1.93,1.75,1.75,1.75,901,0.0,0.0
2015-02-05,3.995,3.995,1.8,2.75,2.75,1255,0.0,0.0
2015-02-06,2.75,2.75,2.505,2.75,2.75,1171,0.0,0.0
2015-02-09,3.0,3.5,3.0,3.5,3.5,440,0.0,0.0
2015-02-10,3.0,3.0,2.005,2.995,2.995,1564,0.0,0.0
2015-02-11,2.995,2.995,2.995,2.995,2.995,0,0.0,0.0
2015-02-12,2.995,2.995,2.995,2.995,2.995,0,0.0,0.0
2015-02-13,2.233,2.233,2.233,2.233,2.233,20,0.0,0.0
2015-02-17,2.233,2.233,2.233,2.233,2.233,0,0.0,0.0
2015-02-18,2.09,2.09,2.09,2.09,2.09,160,0.0,0.0
2015-02-19,2.5,2.5,2.5,2.5,2.5,200,0.0,0.0
2015-02-20,2.5,2.5,2.5,2.5,2.5,0,0.0,0.0
2015-02-23,2.5,2.5,2.5,2.5,2.5,0,0.0,0.0
2015-02-24,1.925,1.925,1.925,1.925,1.925,240,0.0,0.0
2015-02-25,1.665,1.665,1.665,1.665,1.665,560,0.0,0.0
2015-02-26,2.25,2.25,2.25,2.25,2.25,400,0.0,0.0
2015-02-27,1.525,1.525,1.52,1.52,1.52,500,0.0,0.0
2015-03-02,1.875,1.875,1.875,1.875,1.875,10,0.0,0.0
2015-03-03,1.875,1.875,1.875,1.875,1.875,0,0.0,0.0
2015-03-04,1.875,1.875,1.875,1.875,1.875,0,0.0,0.0
2015-03-05,1.875,1.875,1.875,1.875,1.875,0,0.0,0.0
2015-03-06,1.735,1.735,1.55,1.735,1.735,908,0.0,0.0
2015-03-09,1.75,1.75,1.75,1.75,1.75,200,0.0,0.0
2015-03-10,1.75,1.75,1.75,1.75,1.75,0,0.0,0.0
2015-03-11,2.0,2.0,1.005,1.005,1.005,1066,0.0,0.0
2015-03-12,2.0,2.0,2.0,2.0,2.0,60,0.0,0.0
2015-03-13,2.0,2.0,2.0,2.0,2.0,0,0.0,0.0
2015-03-16,1.0,1.0,1.0,1.0,1.0,50,0.0,0.0
2015-03-17,1.0,1.0,1.0,1.0,1.0,0,0.0,0.0
2015-03-18,1.0,1.0,1.0,1.0,1.0,0,0.0,0.0
2015-03-19,1.25,1.25,1.1,1.1,1.1,1014,0.0,0.0
2015-03-20,1.1,1.1,1.1,1.1,1.1,0,0.0,0.0
2015-03-23,1.1,1.1,1.1,1.1,1.1,0,0.0,0.0
2015-03-24,1.5,1.995,1.5,1.995,1.995,600,0.0,0.0
2015-03-25,1.995,1.995,1.995,1.995,1.995,0,0.0,0.0
2015-03-26,1.995,1.995,1.995,1.995,1.995,0,0.0,0.0
2015-03-27,1.2,1.4,1.05,1.05,1.05,1953,0.0,0.0
2015-03-30,1.05,1.05,1.05,1.05,1.05,0,0.0,0.0
2015-03-31,1.05,1.05,1.05,1.05,1.05,0,0.0,0.0
2015-04-01,1.05,1.05,1.05,1.05,1.05,0,0.0,0.0
2015-04-02,1.25,1.25,1.25,1.25,1.25,440,0.0,0.0
2015-04-06,1.25,1.25,1.25,1.25,1.25,0,0.0,0.0
2015-04-07,1.25,1.25,1.25,1.25,1.25,0,0.0,0.0
2015-04-08,1.25,1.25,1.25,1.25,1.25,0,0.0,0.0
2015-04-09,1.25,1.25,1.25,1.25,1.25,700,0.0,0.0
2015-04-10,1.25,1.25,0.77,0.77,0.77,4526,0.0,0.0
2015-04-13,0.77,0.77,0.77,0.77,0.77,0,0.0,0.0
2015-04-14,1.38,1.38,1.38,1.38,1.38,20,0.0,0.0
2015-04-15,1.0,1.1,1.0,1.0,1.0,600,0.0,0.0
2015-04-16,1.33,1.33,1.27,1.27,1.27,480,0.0,0.0
2015-04-17,1.005,1.005,1.0,1.0,1.0,540,0.0,0.0
2015-04-20,1.0,1.0,1.0,1.0,1.0,0,0.0,0.0
2015-04-21,1.0,1.0,1.0,1.0,1.0,0,0.0,0.0
2015-04-22,0.775,0.775,0.775,0.775,0.775,460,0.0,0.0
2015-04-23,0.775,0.775,0.775,0.775,0.775,0,0.0,0.0
2015-04-24,0.775,0.775,0.775,0.775,0.775,0,0.0,0.0
2015-04-27,0.78,0.78,0.775,0.775,0.775,400,0.0,0.0
2015-04-28,0.775,0.775,0.775,0.775,0.775,0,0.0,0.0
2015-04-29,0.775,0.775,0.775,0.775,0.775,600,0.0,0.0
2015-04-30,0.775,0.775,0.775,0.775,0.775,0,0.0,0.0
2015-05-01,0.775,0.775,0.775,0.775,0.775,0,0.0,0.0
2015-05-04,0.775,0.775,0.775,0.775,0.775,0,0.0,0.0
2015-05-05,0.775,0.775,0.775,0.775,0.775,0,0.0,0.0
2015-05-06,0.775,0.775,0.775,0.775,0.775,130,0.0,0.0
2015-05-07,0.775,0.775,0.775,0.775,0.775,0,0.0,0.0
2015-05-08,0.775,0.775,0.775,0.775,0.775,0,0.0,0.0
2015-05-11,0.775,0.775,0.775,0.775,0.775,28,0.0,0.0
2015-05-12,0.775,0.775,0.775,0.775,0.775,0,0.0,0.0
2015-05-13,0.775,0.775,0.775,0.775,0.775,200,0.0,0.0
2015-05-14,0.775,0.775,0.775,0.775,0.775,0,0.0,0.0
2015-05-15,0.775,0.775,0.775,0.775,0.775,0,0.0,0.0
2015-05-18,0.775,0.775,0.775,0.775,0.775,0,0.0,0.0
2015-05-19,0.775,0.775,0.775,0.775,0.775,40,0.0,0.0
2015-05-20,0.505,0.795,0.5,0.795,0.795,2640,0.0,0.0
2015-05-21,0.795,0.795,0.795,0.795,0.795,0,0.0,0.0
2015-05-22,0.795,0.795,0.795,0.795,0.795,0,0.0,0.0
2015-05-26,0.795,0.795,0.795,0.795,0.795,0,0.0,0.0
2015-05-27,0.69,0.69,0.69,0.69,0.69,760,0.0,0.0
2015-05-28,0.69,0.69,0.69,0.69,0.69,0,0.0,0.0
2015-05-29,0.69,0.69,0.69,0.69,0.69,0,0.0,0.0
2015-06-01,0.69,0.69,0.69,0.69,0.69,0,0.0,0.0
2015-06-02,0.69,0.69,0.69,0.69,0.69,0,0.0,0.0
2015-06-03,0.69,0.69,0.69,0.69,0.69,0,0.0,0.0
2015-06-04,0.75,0.75,0.75,0.75,0.75,50,0.0,0.0
2015-06-05,0.75,0.75,0.75,0.75,0.75,0,0.0,0.0
2015-06-08,0.75,0.75,0.75,0.75,0.75,0,0.0,0.0
2015-06-09,0.69,0.69,0.69,0.69,0.69,26,0.0,0.0
2015-06-10,0.69,0.69,0.69,0.69,0.69,62,0.0,0.0
2015-06-11,0.69,0.75,0.5,0.75,0.75,430,0.0,0.0
2015-06-12,0.8,0.8,0.8,0.8,0.8,20,0.0,0.0
2015-06-15,0.7,0.895,0.7,0.895,0.895,9005,0.0,0.0
2015-06-16,0.895,0.895,0.895,0.895,0.895,0,0.0,0.0
2015-06-17,0.895,0.895,0.895,0.895,0.895,0,0.0,0.0
2015-06-18,1.0,1.0,1.0,1.0,1.0,40,0.0,0.0
2015-06-19,0.9,1.0,0.9,1.0,1.0,2156,0.0,0.0
2015-06-22,0.775,0.775,0.775,0.775,0.775,90,0.0,0.0
2015-06-23,0.775,0.775,0.775,0.775,0.775,0,0.0,0.0
2015-06-24,0.775,0.775,0.775,0.775,0.775,0,0.0,0.0
2015-06-25,0.775,0.775,0.775,0.775,0.775,0,0.0,0.0
2015-06-26,0.775,0.775,0.775,0.775,0.775,6,0.0,0.0
2015-06-29,0.775,0.775,0.775,0.775,0.775,0,0.0,0.0
2015-06-30,0.775,0.775,0.75,0.75,0.75,393,0.0,0.0
2015-07-01,0.75,0.75,0.75,0.75,0.75,0,0.0,0.0
2015-07-02,0.56,0.56,0.55,0.55,0.55,2336,0.0,0.0
2015-07-06,0.55,0.55,0.55,0.55,0.55,0,0.0,0.0
2015-07-07,0.55,0.55,0.55,0.55,0.55,0,0.0,0.0
2015-07-08,0.56,0.56,0.55,0.55,0.55,260,0.0,0.0
2015-07-09,0.55,0.55,0.55,0.55,0.55,200,0.0,0.0
2015-07-10,0.5,0.5,0.5,0.5,0.5,60,0.0,0.0
2015-07-13,0.5,0.5,0.5,0.5,0.5,0,0.0,0.0
2015-07-14,0.505,0.505,0.405,0.405,0.405,4770,0.0,0.0
2015-07-15,0.405,0.405,0.405,0.405,0.405,0,0.0,0.0
2015-07-16,0.405,0.405,0.405,0.405,0.405,0,0.0,0.0
2015-07-17,0.33,0.33,0.33,0.33,0.33,35,0.0,0.0
2015-07-20,0.33,0.33,0.3,0.305,0.305,4000,0.0,0.0
2015-07-21,0.305,0.305,0.305,0.305,0.305,0,0.0,0.0
2015-07-22,0.305,0.305,0.305,0.305,0.305,53,0.0,0.0
2015-07-23,0.305,0.305,0.25,0.25,0.25,6000,0.0,0.0
2015-07-24,0.3,0.3,0.3,0.3,0.3,1200,0.0,0.0
2015-07-27,0.3,0.3,0.3,0.3,0.3,0,0.0,0.0
2015-07-28,0.23,0.23,0.23,0.23,0.23,83,0.0,0.0
2015-07-29,0.23,0.23,0.225,0.225,0.225,4027,0.0,0.0
2015-07-30,0.225,0.225,0.205,0.205,0.205,2600,0.0,0.0
2015-07-31,0.22,0.22,0.22,0.22,0.22,300,0.0,0.0
2015-08-03,0.2,0.2,0.2,0.2,0.2,132,0.0,0.0
2015-08-04,0.2,0.2,0.2,0.2,0.2,0,0.0,0.0
2015-08-05,0.175,0.175,0.175,0.175,0.175,1340,0.0,0.0
2015-08-06,0.175,0.175,0.175,0.175,0.175,0,0.0,0.0
2015-08-07,0.175,0.175,0.175,0.175,0.175,0,0.0,0.0
2015-08-10,0.175,0.175,0.175,0.175,0.175,0,0.0,0.0
2015-08-11,0.175,0.175,0.175,0.175,0.175,0,0.0,0.0
2015-08-12,0.175,0.175,0.175,0.175,0.175,0,0.0,0.0
2015-08-13,0.21,0.25,0.21,0.25,0.25,800,0.0,0.0
2015-08-14,0.25,0.25,0.25,0.25,0.25,0,0.0,0.0
2015-08-17,0.25,0.25,0.25,0.25,0.25,0,0.0,0.0
2015-08-18,0.25,0.25,0.25,0.25,0.25,0,0.0,0.0
2015-08-19,0.25,0.25,0.25,0.25,0.25,0,0.0,0.0
2015-08-20,0.25,0.25,0.25,0.25,0.25,0,0.0,0.0
2015-08-21,0.25,0.25,0.25,0.25,0.25,0,0.0,0.0
2015-08-24,0.175,0.175,0.175,0.175,0.175,100,0.0,0.0
2015-08-25,0.175,0.175,0.175,0.175,0.175,13,0.0,0.0
2015-08-26,0.175,0.175,0.175,0.175,0.175,0,0.0,0.0
2015-08-27,0.25,0.25,0.25,0.25,0.25,1040,0.0,0.0
2015-08-28,0.25,0.25,0.25,0.25,0.25,0,0.0,0.0
2015-08-31,0.25,0.25,0.25,0.25,0.25,0,0.0,0.0
2015-09-01,0.25,0.25,0.25,0.25,0.25,0,0.0,0.0
2015-09-02,0.165,0.3,0.165,0.3,0.3,240,0.0,0.0
2015-09-03,0.3,0.3,0.3,0.3,0.3,0,0.0,0.0
2015-09-04,0.3,0.3,0.3,0.3,0.3,0,0.0,0.0
2015-09-08,0.3,0.3,0.3,0.3,0.3,0,0.0,0.0
2015-09-09,0.3,0.3,0.3,0.3,0.3,0,0.0,0.0
2015-09-10,0.3,0.3,0.3,0.3,0.3,0,0.0,0.0
2015-09-11,0.3,0.3,0.13,0.13,0.13,6356,0.0,0.0
2015-09-14,0.13,0.135,0.13,0.13,0.13,5393,0.0,0.0
2015-09-15,0.145,0.145,0.145,0.145,0.145,840,0.0,0.0
2015-09-16,0.145,0.145,0.145,0.145,0.145,0,0.0,0.0
2015-09-17,0.145,0.145,0.145,0.145,0.145,560,0.0,0.0
2015-09-18,0.125,0.125,0.11,0.11,0.11,5560,0.0,0.0
2015-09-21,0.11,0.11,0.08,0.08,0.08,15150,0.0,0.0
2015-09-22,0.08,0.08,0.08,0.08,0.08,0,0.0,0.0
2015-09-23,0.145,0.145,0.145,0.145,0.145,2700,0.0,0.0
2015-09-24,0.145,0.145,0.145,0.145,0.145,540,0.0,0.0
2015-09-25,0.075,0.145,0.075,0.145,0.145,8002,0.0,0.0
2015-09-28,0.145,0.145,0.145,0.145,0.145,0,0.0,0.0
2015-09-29,0.145,0.145,0.145,0.145,0.145,0,0.0,0.0
2015-09-30,0.06,0.06,0.06,0.06,0.06,16,0.0,0.0
2015-10-01,0.145,0.145,0.145,0.145,0.145,200,0.0,0.0
2015-10-02,0.145,0.145,0.145,0.145,0.145,0,0.0,0.0
2015-10-05,0.14,0.14,0.14,0.14,0.14,1000,0.0,0.0
2015-10-06,0.14,0.14,0.14,0.14,0.14,400,0.0,0.0
2015-10-07,0.14,0.14,0.14,0.14,0.14,0,0.0,0.0
2015-10-08,0.14,0.14,0.14,0.14,0.14,0,0.0,0.0
2015-10-09,0.14,0.14,0.14,0.14,0.14,400,0.0,0.0
2015-10-12,0.14,0.14,0.14,0.14,0.14,125,0.0,0.0
2015-10-13,0.14,0.14,0.14,0.14,0.14,71,0.0,0.0
2015-10-14,0.14,0.14,0.14,0.14,0.14,0,0.0,0.0
2015-10-15,0.14,0.14,0.14,0.14,0.14,0,0.0,0.0
2015-10-16,0.14,0.14,0.14,0.14,0.14,0,0.0,0.0
2015-10-19,0.075,0.075,0.075,0.075,0.075,531,0.0,0.0
2015-10-20,0.075,0.075,0.075,0.075,0.075,0,0.0,0.0
2015-10-21,0.075,0.075,0.075,0.075,0.075,0,0.0,0.0
2015-10-22,0.075,0.075,0.075,0.075,0.075,0,0.0,0.0
2015-10-23,0.075,0.075,0.075,0.075,0.075,0,0.0,0.0
2015-10-26,0.075,0.075,0.075,0.075,0.075,0,0.0,0.0
2015-10-27,0.08,0.14,0.08,0.14,0.14,1802,0.0,0.0
2015-10-28,0.14,0.14,0.14,0.14,0.14,0,0.0,0.0
2015-10-29,0.14,0.14,0.14,0.14,0.14,0,0.0,0.0
2015-10-30,0.14,0.14,0.14,0.14,0.14,0,0.0,0.0
2015-11-02,0.14,0.14,0.14,0.14,0.14,0,0.0,0.0
2015-11-03,0.14,0.14,0.14,0.14,0.14,2,0.0,0.0
2015-11-04,0.14,0.14,0.14,0.14,0.14,0,0.0,0.0
2015-11-05,0.075,0.075,0.06,0.06,0.06,3812,0.0,0.0
2015-11-06,0.06,0.06,0.06,0.06,0.06,0,0.0,0.0
2015-11-09,0.06,0.06,0.06,0.06,0.06,0,0.0,0.0
2015-11-10,0.06,0.06,0.06,0.06,0.06,0,0.0,0.0
2015-11-11,0.125,0.125,0.125,0.125,0.125,2340,0.0,0.0
2015-11-12,0.125,0.125,0.125,0.125,0.125,0,0.0,0.0
2015-11-13,0.125,0.125,0.125,0.125,0.125,0,0.0,0.0
2015-11-16,0.125,0.125,0.125,0.125,0.125,0,0.0,0.0
2015-11-17,0.105,0.125,0.105,0.125,0.125,1240,0.0,0.0
2015-11-18,0.1,0.1,0.1,0.1,0.1,592,0.0,0.0
2015-11-19,0.1,0.1,0.1,0.1,0.1,0,0.0,0.0
2015-11-20,0.1,0.1,0.1,0.1,0.1,0,0.0,0.0
2015-11-23,0.1,0.1,0.1,0.1,0.1,0,0.0,0.0
2015-11-24,0.1,0.1,0.1,0.1,0.1,0,0.0,0.0
2015-11-25,0.09,0.09,0.09,0.09,0.09,3828,0.0,0.0
2015-11-27,0.09,0.09,0.09,0.09,0.09,0,0.0,0.0
2015-11-30,0.075,0.085,0.075,0.085,0.085,1784,0.0,0.0
2015-12-01,0.08,0.08,0.08,0.08,0.08,600,0.0,0.0
2015-12-02,0.08,0.08,0.08,0.08,0.08,2500,0.0,0.0
2015-12-03,0.08,0.08,0.08,0.08,0.08,0,0.0,0.0
2015-12-04,0.08,0.08,0.08,0.08,0.08,600,0.0,0.0
2015-12-07,0.08,0.08,0.08,0.08,0.08,0,0.0,0.0
2015-12-08,0.095,0.095,0.07,0.07,0.07,3460,0.0,0.0
2015-12-09,0.07,0.07,0.07,0.07,0.07,0,0.0,0.0
2015-12-10,0.07,0.07,0.07,0.07,0.07,0,0.0,0.0
2015-12-11,0.07,0.07,0.07,0.07,0.07,0,0.0,0.0
2015-12-14,0.07,0.07,0.07,0.07,0.07,0,0.0,0.0
2015-12-15,0.07,0.07,0.07,0.07,0.07,0,0.0,0.0
2015-12-16,0.075,0.075,0.075,0.075,0.075,2000,0.0,0.0
2015-12-17,0.07,0.1,0.07,0.09,0.09,1684,0.0,0.0
2015-12-18,0.09,0.09,0.09,0.09,0.09,0,0.0,0.0
2015-12-21,0.07,0.07,0.07,0.07,0.07,304,0.0,0.0
2015-12-22,0.09,0.09,0.09,0.09,0.09,400,0.0,0.0
2015-12-23,0.09,0.09,0.09,0.09,0.09,0,0.0,0.0
2015-12-24,0.09,0.09,0.09,0.09,0.09,0,0.0,0.0
2015-12-28,0.09,0.09,0.09,0.09,0.09,200,0.0,0.0
2015-12-29,0.09,0.09,0.09,0.09,0.09,0,0.0,0.0
2015-12-30,0.09,0.09,0.09,0.09,0.09,0,0.0,0.0
2015-12-31,0.09,0.09,0.09,0.09,0.09,471,0.0,0.0
2016-01-04,0.09,0.09,0.09,0.09,0.09,0,0.0,0.0
2016-01-05,0.09,0.09,0.09,0.09,0.09,0,0.0,0.0
2016-01-06,0.08,0.08,0.08,0.08,0.08,400,0.0,0.0
2016-01-07,0.09,0.09,0.09,0.09,0.09,400,0.0,0.0
2016-01-08,0.09,0.09,0.09,0.09,0.09,0,0.0,0.0
2016-01-11,0.09,0.09,0.09,0.09,0.09,0,0.0,0.0
2016-01-12,0.09,0.09,0.09,0.09,0.09,0,0.0,0.0
2016-01-13,0.09,0.09,0.09,0.09,0.09,0,0.0,0.0
2016-01-14,0.09,0.09,0.09,0.09,0.09,200,0.0,0.0
2016-01-15,0.09,0.09,0.09,0.09,0.09,10,0.0,0.0
2016-01-19,0.09,0.09,0.09,0.09,0.09,0,0.0,0.0
2016-01-20,0.09,0.09,0.09,0.09,0.09,0,0.0,0.0
2016-01-21,0.09,0.09,0.09,0.09,0.09,0,0.0,0.0
2016-01-22,0.09,0.09,0.09,0.09,0.09,0,0.0,0.0
2016-01-25,0.09,0.09,0.09,0.09,0.09,0,0.0,0.0
2016-01-26,0.09,0.09,0.09,0.09,0.09,0,0.0,0.0
2016-01-27,0.09,0.09,0.09,0.09,0.09,0,0.0,0.0
2016-01-28,0.09,0.09,0.09,0.09,0.09,0,0.0,0.0
2016-01-29,0.125,0.125,0.125,0.125,0.125,200,0.0,0.0
2016-02-01,0.125,0.125,0.125,0.125,0.125,0,0.0,0.0
2016-02-02,0.125,0.125,0.125,0.125,0.125,216,0.0,0.0
2016-02-03,0.125,0.125,0.125,0.125,0.125,0,0.0,0.0
2016-02-04,0.13,0.13,0.13,0.13,0.13,696,0.0,0.0
2016-02-05,0.121,0.121,0.121,0.121,0.121,388,0.0,0.0
2016-02-08,0.121,0.121,0.121,0.121,0.121,0,0.0,0.0
2016-02-09,0.121,0.121,0.121,0.121,0.121,0,0.0,0.0
2016-02-10,0.121,0.121,0.121,0.121,0.121,0,0.0,0.0
2016-02-11,0.121,0.121,0.121,0.121,0.121,0,0.0,0.0
2016-02-12,0.121,0.121,0.121,0.121,0.121,0,0.0,0.0
2016-02-16,0.121,0.121,0.121,0.121,0.121,0,0.0,0.0
2016-02-17,0.121,0.121,0.121,0.121,0.121,0,0.0,0.0
2016-02-18,0.09,0.09,0.09,0.09,0.09,620,0.0,0.0
2016-02-19,0.09,0.09,0.09,0.09,0.09,0,0.0,0.0
2016-02-22,0.09,0.09,0.09,0.09,0.09,0,0.0,0.0
2016-02-23,0.09,0.09,0.09,0.09,0.09,0,0.0,0.0
2016-02-24,0.09,0.09,0.09,0.09,0.09,0,0.0,0.0
2016-02-25,0.09,0.09,0.09,0.09,0.09,0,0.0,0.0
2016-02-26,0.09,0.09,0.09,0.09,0.09,0,0.0,0.0
2016-02-29,0.09,0.09,0.09,0.09,0.09,0,0.0,0.0
2016-03-01,0.09,0.09,0.09,0.09,0.09,0,0.0,0.0
2016-03-02,0.09,0.09,0.09,0.09,0.09,99,0.0,0.0
2016-03-03,0.09,0.09,0.09,0.09,0.09,0,0.0,0.0
2016-03-04,0.09,0.09,0.09,0.09,0.09,0,0.0,0.0
2016-03-07,0.09,0.09,0.09,0.09,0.09,0,0.0,0.0
2016-03-08,0.09,0.09,0.09,0.09,0.09,0,0.0,0.0
2016-03-09,0.09,0.09,0.09,0.09,0.09,0,0.0,0.0
2016-03-10,0.09,0.09,0.09,0.09,0.09,0,0.0,0.0
2016-03-11,0.09,0.09,0.09,0.09,0.09,0,0.0,0.0
2016-03-14,0.09,0.09,0.09,0.09,0.09,0,0.0,0.0
2016-03-15,0.09,0.09,0.09,0.09,0.09,0,0.0,0.0
2016-03-16,0.09,0.09,0.09,0.09,0.09,0,0.0,0.0
2016-03-17,0.09,0.09,0.09,0.09,0.09,0,0.0,0.0
2016-03-18,0.1,0.1,0.09,0.09,0.09,5800,0.0,0.0
2016-03-21,0.09,0.09,0.09,0.09,0.09,0,0.0,0.0
2016-03-22,0.09,0.09,0.09,0.09,0.09,0,0.0,0.0
2016-03-23,0.09,0.09,0.09,0.09,0.09,0,0.0,0.0
2016-03-24,0.09,0.09,0.09,0.09,0.09,0,0.0,0.0
2016-03-28,0.09,0.09,0.09,0.09,0.09,0,0.0,0.0
2016-03-29,0.09,0.09,0.09,0.09,0.09,0,0.0,0.0
2016-03-30,0.075,0.075,0.075,0.075,0.075,120,0.0,0.0
2016-03-31,0.075,0.075,0.075,0.075,0.075,260,0.0,0.0
2016-04-01,0.075,0.075,0.075,0.075,0.075,0,0.0,0.0
2016-04-04,0.075,0.075,0.075,0.075,0.075,0,0.0,0.0
2016-04-05,0.075,0.075,0.075,0.075,0.075,0,0.0,0.0
2016-04-06,0.075,0.09,0.075,0.09,0.09,320,0.0,0.0
2016-04-07,0.09,0.09,0.09,0.09,0.09,0,0.0,0.0
2016-04-08,0.09,0.09,0.09,0.09,0.09,0,0.0,0.0
2016-04-11,0.09,0.09,0.09,0.09,0.09,0,0.0,0.0
2016-04-12,0.09,0.09,0.09,0.09,0.09,0,0.0,0.0
2016-04-13,0.09,0.09,0.09,0.09,0.09,0,0.0,0.0
2016-04-14,0.09,0.09,0.09,0.09,0.09,0,0.0,0.0
2016-04-15,0.09,0.09,0.09,0.09,0.09,0,0.0,0.0
2016-04-18,0.09,0.09,0.09,0.09,0.09,0,0.0,0.0
2016-04-19,0.09,0.09,0.09,0.09,0.09,1000,0.0,0.0
2016-04-20,0.09,0.09,0.09,0.09,0.09,0,0.0,0.0
2016-04-21,0.09,0.09,0.09,0.09,0.09,0,0.0,0.0
2016-04-22,0.09,0.09,0.09,0.09,0.09,0,0.0,0.0
2016-04-25,0.09,0.09,0.09,0.09,0.09,0,0.0,0.0
2016-04-26,0.09,0.09,0.09,0.09,0.09,0,0.0,0.0
2016-04-27,0.09,0.09,0.09,0.09,0.09,0,0.0,0.0
2016-04-28,0.09,0.09,0.09,0.09,0.09,0,0.0,0.0
2016-04-29,0.09,0.09,0.09,0.09,0.09,0,0.0,0.0
2016-05-02,0.09,0.09,0.09,0.09,0.09,0,0.0,0.0
2016-05-03,0.07,0.07,0.07,0.07,0.07,30,0.0,0.0
2016-05-04,0.07,0.07,0.07,0.07,0.07,0,0.0,0.0
2016-05-05,0.07,0.07,0.07,0.07,0.07,0,0.0,0.0
2016-05-06,0.07,0.07,0.07,0.07,0.07,0,0.0,0.0
2016-05-09,0.07,0.07,0.07,0.07,0.07,0,0.0,0.0
2016-05-10,0.07,0.07,0.07,0.07,0.07,0,0.0,0.0
2016-05-11,0.07,0.07,0.07,0.07,0.07,0,0.0,0.0
2016-05-12,0.075,0.075,0.075,0.075,0.075,1055,0.0,0.0
2016-05-13,0.075,0.075,0.075,0.075,0.075,0,0.0,0.0
2016-05-16,0.07,0.07,0.07,0.07,0.07,945,0.0,0.0
2016-05-17,0.06,0.06,0.06,0.06,0.06,4884,0.0,0.0
2016-05-18,0.06,0.06,0.06,0.06,0.06,0,0.0,0.0
2016-05-19,0.06,0.06,0.06,0.06,0.06,0,0.0,0.0
2016-05-20,0.06,0.06,0.06,0.06,0.06,1000,0.0,0.0
2016-05-23,0.06,0.06,0.06,0.06,0.06,34,0.0,0.0
2016-05-24,0.06,0.06,0.06,0.06,0.06,0,0.0,0.0
2016-05-25,0.06,0.06,0.06,0.06,0.06,0,0.0,0.0
2016-05-26,0.06,0.06,0.06,0.06,0.06,0,0.0,0.0
2016-05-27,0.06,0.06,0.06,0.06,0.06,0,0.0,0.0
2016-05-31,0.06,0.06,0.06,0.06,0.06,0,0.0,0.0
2016-06-01,0.065,0.145,0.06,0.145,0.145,53095,0.0,0.0
2016-06-02,0.225,0.225,0.225,0.225,0.225,1211,0.0,0.0
2016-06-03,0.225,0.225,0.225,0.225,0.225,0,0.0,0.0
2016-06-06,0.225,0.225,0.225,0.225,0.225,0,0.0,0.0
2016-06-07,0.225,0.225,0.225,0.225,0.225,1740,0.0,0.0
2016-06-08,0.225,0.225,0.225,0.225,0.225,0,0.0,0.0
2016-06-09,0.125,0.125,0.125,0.125,0.125,1800,0.0,0.0
2016-06-10,0.125,0.125,0.125,0.125,0.125,0,0.0,0.0
2016-06-13,0.125,0.125,0.125,0.125,0.125,0,0.0,0.0
2016-06-14,0.125,0.125,0.125,0.125,0.125,0,0.0,0.0
2016-06-15,0.125,0.125,0.125,0.125,0.125,0,0.0,0.0
2016-06-16,0.19,0.215,0.19,0.215,0.215,2000,0.0,0.0
2016-06-17,0.2,0.2,0.2,0.2,0.2,392,0.0,0.0
2016-06-20,0.215,0.22,0.215,0.22,0.22,2000,0.0,0.0
2016-06-21,0.1855,0.2095,0.1855,0.2095,0.2095,296,0.0,0.0
2016-06-22,0.2095,0.2095,0.2095,0.2095,0.2095,0,0.0,0.0
2016-06-23,0.2095,0.2095,0.2095,0.2095,0.2095,0,0.0,0.0
2016-06-24,0.2095,0.2095,0.2095,0.2095,0.2095,0,0.0,0.0
2016-06-27,0.2095,0.2095,0.2095,0.2095,0.2095,0,0.0,0.0
2016-06-28,0.2095,0.2095,0.2095,0.2095,0.2095,0,0.0,0.0
2016-06-29,0.2095,0.2095,0.2095,0.2095,0.2095,0,0.0,0.0
2016-06-30,0.2095,0.2095,0.2095,0.2095,0.2095,0,0.0,0.0
2016-07-01,0.2095,0.2095,0.2095,0.2095,0.2095,0,0.0,0.0
2016-07-05,0.2095,0.2095,0.2095,0.2095,0.2095,0,0.0,0.0
2016-07-06,0.2095,0.2095,0.2095,0.2095,0.2095,0,0.0,0.0
2016-07-07,0.2095,0.2095,0.2095,0.2095,0.2095,0,0.0,0.0
2016-07-08,0.2095,0.2095,0.2095,0.2095,0.2095,0,0.0,0.0
2016-07-11,0.2095,0.2095,0.2095,0.2095,0.2095,0,0.0,0.0
2016-07-12,0.2095,0.2095,0.2095,0.2095,0.2095,0,0.0,0.0
2016-07-13,0.2095,0.2095,0.2095,0.2095,0.2095,0,0.0,0.0
2016-07-14,0.2095,0.2095,0.2095,0.2095,0.2095,0,0.0,0.0
2016-07-15,0.2095,0.2095,0.2095,0.2095,0.2095,0,0.0,0.0
2016-07-18,0.2095,0.2095,0.2095,0.2095,0.2095,0,0.0,0.0
2016-07-19,0.2095,0.2095,0.2095,0.2095,0.2095,0,0.0,0.0
2016-07-20,0.2,0.2,0.2,0.2,0.2,271,0.0,0.0
2016-07-21,0.2,0.2,0.2,0.2,0.2,0,0.0,0.0
2016-07-22,0.209,0.225,0.209,0.225,0.225,57,0.0,0.0
2016-07-25,0.225,0.225,0.225,0.225,0.225,0,0.0,0.0
2016-07-26,0.225,0.225,0.225,0.225,0.225,0,0.0,0.0
2016-07-27,0.225,0.225,0.225,0.225,0.225,0,0.0,0.0
2016-07-28,0.155,0.195,0.15,0.155,0.155,1717,0.0,0.0
2016-07-29,0.155,0.155,0.155,0.155,0.155,60,0.0,0.0
2016-08-01,0.155,0.155,0.155,0.155,0.155,0,0.0,0.0
2016-08-02,0.155,0.155,0.155,0.155,0.155,0,0.0,0.0
2016-08-03,0.155,0.155,0.155,0.155,0.155,0,0.0,0.0
2016-08-04,0.228,0.25,0.228,0.25,0.25,473,0.0,0.0
2016-08-05,0.25,0.25,0.25,0.25,0.25,0,0.0,0.0
2016-08-08,0.25,0.25,0.25,0.25,0.25,0,0.0,0.0
2016-08-09,0.16,0.16,0.16,0.16,0.16,700,0.0,0.0
2016-08-10,0.1805,0.1805,0.16,0.16,0.16,800,0.0,0.0
2016-08-11,0.155,0.155,0.155,0.155,0.155,900,0.0,0.0
2016-08-12,0.155,0.155,0.155,0.155,0.155,0,0.0,0.0
2016-08-15,0.155,0.155,0.155,0.155,0.155,0,0.0,0.0
2016-08-16,0.155,0.155,0.155,0.155,0.155,0,0.0,0.0
2016-08-17,0.155,0.155,0.155,0.155,0.155,0,0.0,0.0
2016-08-18,0.155,0.155,0.155,0.155,0.155,0,0.0,0.0
2016-08-19,0.155,0.155,0.155,0.155,0.155,0,0.0,0.0
2016-08-22,0.155,0.155,0.155,0.155,0.155,0,0.0,0.0
2016-08-23,0.155,0.155,0.155,0.155,0.155,0,0.0,0.0
2016-08-24,0.155,0.155,0.155,0.155,0.155,0,0.0,0.0
2016-08-25,0.155,0.155,0.155,0.155,0.155,0,0.0,0.0
2016-08-26,0.155,0.155,0.155,0.155,0.155,0,0.0,0.0
2016-08-29,0.155,0.155,0.155,0.155,0.155,0,0.0,0.0
2016-08-30,0.155,0.155,0.155,0.155,0.155,0,0.0,0.0
2016-08-31,0.155,0.155,0.155,0.155,0.155,0,0.0,0.0
2016-09-01,0.155,0.155,0.155,0.155,0.155,0,0.0,0.0
2016-09-02,0.155,0.155,0.155,0.155,0.155,0,0.0,0.0
2016-09-06,0.2,0.2,0.2,0.2,0.2,396,0.0,0.0
2016-09-07,0.171,0.171,0.171,0.171,0.171,24,0.0,0.0
2016-09-08,0.171,0.171,0.171,0.171,0.171,0,0.0,0.0
2016-09-09,0.171,0.171,0.171,0.171,0.171,0,0.0,0.0
2016-09-12,0.155,0.175,0.105,0.175,0.175,2784,0.0,0.0
2016-09-13,0.175,0.175,0.175,0.175,0.175,0,0.0,0.0
2016-09-14,0.175,0.175,0.175,0.175,0.175,0,0.0,0.0
2016-09-15,0.115,0.125,0.115,0.125,0.125,51,0.0,0.0
2016-09-16,0.125,0.125,0.125,0.125,0.125,0,0.0,0.0
2016-09-19,0.125,0.1255,0.125,0.1255,0.1255,580,0.0,0.0
2016-09-20,0.1255,0.1255,0.1255,0.1255,0.1255,0,0.0,0.0
2016-09-21,0.1255,0.1255,0.1255,0.1255,0.1255,0,0.0,0.0
2016-09-22,0.1255,0.1255,0.1255,0.1255,0.1255,0,0.0,0.0
2016-09-23,0.105,0.105,0.105,0.105,0.105,1000,0.0,0.0
2016-09-26,0.096,0.096,0.096,0.096,0.096,180,0.0,0.0
2016-09-27,0.096,0.096,0.096,0.096,0.096,0,0.0,0.0
2016-09-28,0.096,0.096,0.096,0.096,0.096,0,0.0,0.0
2016-09-29,0.096,0.096,0.096,0.096,0.096,0,0.0,0.0
2016-09-30,0.096,0.096,0.096,0.096,0.096,0,0.0,0.0
2016-10-03,0.096,0.096,0.096,0.096,0.096,0,0.0,0.0
2016-10-04,0.096,0.096,0.096,0.096,0.096,0,0.0,0.0
2016-10-05,0.096,0.096,0.096,0.096,0.096,0,0.0,0.0
2016-10-06,0.096,0.096,0.096,0.096,0.096,0,0.0,0.0
2016-10-07,0.096,0.096,0.096,0.096,0.096,0,0.0,0.0
2016-10-10,0.09,0.195,0.09,0.195,0.195,1700,0.0,0.0
2016-10-11,0.195,0.195,0.195,0.195,0.195,0,0.0,0.0
2016-10-12,0.195,0.195,0.195,0.195,0.195,0,0.0,0.0
2016-10-13,0.195,0.2385,0.195,0.2,0.2,1620,0.0,0.0
2016-10-14,0.2,0.2,0.2,0.2,0.2,0,0.0,0.0
2016-10-17,0.2,0.2,0.2,0.2,0.2,0,0.0,0.0
2016-10-18,0.2,0.2,0.2,0.2,0.2,0,0.0,0.0
2016-10-19,0.2,0.2,0.2,0.2,0.2,0,0.0,0.0
2016-10-20,0.2,0.2,0.2,0.2,0.2,0,0.0,0.0
2016-10-21,0.2,0.2,0.2,0.2,0.2,0,0.0,0.0
2016-10-24,0.1745,0.1745,0.1745,0.1745,0.1745,25,0.0,0.0
2016-10-25,0.1745,0.1745,0.1745,0.1745,0.1745,0,0.0,0.0
2016-10-26,0.1745,0.1745,0.1745,0.1745,0.1745,0,0.0,0.0
2016-10-27,0.1735,0.1735,0.1735,0.1735,0.1735,31,0.0,0.0
2016-10-28,0.1735,0.1735,0.1735,0.1735,0.1735,0,0.0,0.0
2016-10-31,0.1735,0.1735,0.1735,0.1735,0.1735,0,0.0,0.0
2016-11-01,0.1735,0.1735,0.1735,0.1735,0.1735,0,0.0,0.0
2016-11-02,0.155,0.1945,0.155,0.155,0.155,60,0.0,0.0
2016-11-03,0.155,0.155,0.155,0.155,0.155,0,0.0,0.0
2016-11-04,0.155,0.155,0.155,0.155,0.155,250,0.0,0.0
2016-11-07,0.155,0.155,0.155,0.155,0.155,0,0.0,0.0
2016-11-08,0.155,0.155,0.155,0.155,0.155,0,0.0,0.0
2016-11-09,0.155,0.155,0.155,0.155,0.155,0,0.0,0.0
2016-11-10,0.155,0.155,0.155,0.155,0.155,0,0.0,0.0
2016-11-11,0.155,0.155,0.155,0.155,0.155,0,0.0,0.0
2016-11-14,0.155,0.155,0.155,0.155,0.155,0,0.0,0.0
2016-11-15,0.155,0.155,0.155,0.155,0.155,0,0.0,0.0
2016-11-16,0.155,0.155,0.155,0.155,0.155,0,0.0,0.0
2016-11-17,0.155,0.155,0.155,0.155,0.155,0,0.0,0.0
2016-11-18,0.155,0.155,0.155,0.155,0.155,0,0.0,0.0
2016-11-21,0.155,0.155,0.155,0.155,0.155,0,0.0,0.0
2016-11-22,0.155,0.155,0.155,0.155,0.155,0,0.0,0.0
2016-11-23,0.155,0.155,0.155,0.155,0.155,0,0.0,0.0
2016-11-25,0.155,0.155,0.155,0.155,0.155,0,0.0,0.0
2016-11-28,0.155,0.155,0.155,0.155,0.155,0,0.0,0.0
2016-11-29,0.155,0.155,0.155,0.155,0.155,0,0.0,0.0
2016-11-30,0.155,0.155,0.155,0.155,0.155,0,0.0,0.0
2016-12-01,0.155,0.155,0.155,0.155,0.155,0,0.0,0.0
2016-12-02,0.155,0.155,0.155,0.155,0.155,0,0.0,0.0
2016-12-05,0.155,0.155,0.155,0.155,0.155,0,0.0,0.0
2016-12-06,0.155,0.155,0.11,0.11,0.11,990,0.0,0.0
2016-12-07,0.11,0.11,0.11,0.11,0.11,0,0.0,0.0
2016-12-08,0.11,0.11,0.11,0.11,0.11,0,0.0,0.0
2016-12-09,0.07,0.07,0.07,0.07,0.07,2000,0.0,0.0
2016-12-12,0.07,0.07,0.07,0.07,0.07,0,0.0,0.0
2016-12-13,0.07,0.07,0.07,0.07,0.07,0,0.0,0.0
2016-12-14,0.07,0.07,0.07,0.07,0.07,0,0.0,0.0
2016-12-15,0.07,0.07,0.07,0.07,0.07,0,0.0,0.0
2016-12-16,0.07,0.07,0.07,0.07,0.07,0,0.0,0.0
2016-12-19,0.2065,0.2065,0.183,0.183,0.183,200,0.0,0.0
2016-12-20,0.183,0.183,0.183,0.183,0.183,0,0.0,0.0
2016-12-21,0.183,0.183,0.183,0.183,0.183,0,0.0,0.0
2016-12-22,0.183,0.183,0.183,0.183,0.183,0,0.0,0.0
2016-12-23,0.183,0.183,0.183,0.183,0.183,0,0.0,0.0
2016-12-27,0.11,0.11,0.11,0.11,0.11,20,0.0,0.0
2016-12-28,0.11,0.11,0.11,0.11,0.11,0,0.0,0.0
2016-12-29,0.1575,0.1575,0.11,0.11,0.11,2342,0.0,0.0
2016-12-30,0.15,0.15,0.15,0.15,0.15,680,0.0,0.0
2017-01-03,0.105,0.105,0.105,0.105,0.105,100,0.0,0.0
2017-01-04,0.105,0.105,0.105,0.105,0.105,0,0.0,0.0
2017-01-05,0.105,0.105,0.105,0.105,0.105,0,0.0,0.0
2017-01-06,0.105,0.105,0.105,0.105,0.105,600,0.0,0.0
2017-01-09,0.105,0.105,0.105,0.105,0.105,0,0.0,0.0
2017-01-10,0.105,0.105,0.105,0.105,0.105,0,0.0,0.0
2017-01-11,0.105,0.105,0.105,0.105,0.105,0,0.0,0.0
2017-01-12,0.105,0.105,0.105,0.105,0.105,0,0.0,0.0
2017-01-13,0.105,0.105,0.105,0.105,0.105,0,0.0,0.0
2017-01-17,0.105,0.105,0.105,0.105,0.105,0,0.0,0.0
2017-01-18,0.105,0.105,0.105,0.105,0.105,0,0.0,0.0
2017-01-19,0.105,0.105,0.105,0.105,0.105,0,0.0,0.0
2017-01-20,0.105,0.105,0.105,0.105,0.105,0,0.0,0.0
2017-01-23,0.105,0.105,0.105,0.105,0.105,0,0.0,0.0
2017-01-24,0.105,0.105,0.105,0.105,0.105,0,0.0,0.0
2017-01-25,0.127,0.127,0.105,0.105,0.105,300,0.0,0.0
2017-01-26,0.105,0.105,0.105,0.105,0.105,0,0.0,0.0
2017-01-27,0.105,0.105,0.105,0.105,0.105,0,0.0,0.0
2017-01-30,0.105,0.105,0.105,0.105,0.105,0,0.0,0.0
2017-01-31,0.105,0.105,0.105,0.105,0.105,0,0.0,0.0
2017-02-01,0.105,0.105,0.105,0.105,0.105,3000,0.0,0.0
2017-02-02,0.105,0.105,0.105,0.105,0.105,0,0.0,0.0
2017-02-03,0.105,0.105,0.105,0.105,0.105,0,0.0,0.0
2017-02-06,0.195,0.195,0.105,0.105,0.105,4296,0.0,0.0
2017-02-07,0.105,0.105,0.105,0.105,0.105,0,0.0,0.0
2017-02-08,0.105,0.105,0.105,0.105,0.105,0,0.0,0.0
2017-02-09,0.105,0.105,0.105,0.105,0.105,0,0.0,0.0
2017-02-10,0.105,0.105,0.105,0.105,0.105,0,0.0,0.0
2017-02-13,0.105,0.105,0.105,0.105,0.105,0,0.0,0.0
2017-02-14,0.105,0.105,0.105,0.105,0.105,0,0.0,0.0
2017-02-15,0.105,0.105,0.105,0.105,0.105,0,0.0,0.0
2017-02-16,0.105,0.105,0.105,0.105,0.105,0,0.0,0.0
2017-02-17,0.105,0.105,0.105,0.105,0.105,0,0.0,0.0
2017-02-21,0.105,0.105,0.105,0.105,0.105,0,0.0,0.0
2017-02-22,0.1815,0.19,0.1815,0.19,0.19,100,0.0,0.0
2017-02-23,0.19,0.19,0.19,0.19,0.19,0,0.0,0.0
2017-02-24,0.19,0.19,0.19,0.19,0.19,0,0.0,0.0
2017-02-27,0.19,0.19,0.19,0.19,0.19,0,0.0,0.0
2017-02-28,0.19,0.19,0.19,0.19,0.19,0,0.0,0.0
2017-03-01,0.19,0.19,0.19,0.19,0.19,0,0.0,0.0
2017-03-02,0.19,0.19,0.19,0.19,0.19,0,0.0,0.0
2017-03-03,0.19,0.19,0.19,0.19,0.19,0,0.0,0.0
2017-03-06,0.105,0.105,0.08,0.08,0.08,4200,0.0,0.0
2017-03-07,0.1,0.1,0.08,0.08,0.08,3000,0.0,0.0
2017-03-08,0.11,0.11,0.11,0.11,0.11,960,0.0,0.0
2017-03-09,0.11,0.11,0.11,0.11,0.11,0,0.0,0.0
2017-03-10,0.11,0.11,0.11,0.11,0.11,0,0.0,0.0
2017-03-13,0.11,0.11,0.11,0.11,0.11,0,0.0,0.0
2017-03-14,0.11,0.11,0.11,0.11,0.11,0,0.0,0.0
2017-03-15,0.11,0.11,0.11,0.11,0.11,0,0.0,0.0
2017-03-16,0.11,0.11,0.11,0.11,0.11,0,0.0,0.0
2017-03-17,0.092,0.092,0.092,0.092,0.092,400,0.0,0.0
2017-03-20,0.092,0.092,0.092,0.092,0.092,0,0.0,0.0
2017-03-21,0.092,0.092,0.092,0.092,0.092,0,0.0,0.0
2017-03-22,0.092,0.092,0.092,0.092,0.092,0,0.0,0.0
2017-03-23,0.092,0.092,0.092,0.092,0.092,0,0.0,0.0
2017-03-24,0.092,0.092,0.092,0.092,0.092,0,0.0,0.0
2017-03-27,0.15,0.15,0.15,0.15,0.15,1161,0.0,0.0
2017-03-28,0.085,0.085,0.085,0.085,0.085,90,0.0,0.0
2017-03-29,0.08,0.08,0.08,0.08,0.08,300,0.0,0.0
2017-03-30,0.08,0.08,0.08,0.08,0.08,0,0.0,0.0
2017-03-31,0.08,0.08,0.08,0.08,0.08,0,0.0,0.0
2017-04-03,0.08,0.08,0.08,0.08,0.08,0,0.0,0.0
2017-04-04,0.145,0.145,0.145,0.145,0.145,392,0.0,0.0
2017-04-05,0.085,0.085,0.085,0.085,0.085,1200,0.0,0.0
2017-04-06,0.085,0.085,0.085,0.085,0.085,0,0.0,0.0
2017-04-07,0.085,0.085,0.075,0.075,0.075,1000,0.0,0.0
2017-04-10,0.15,0.15,0.133,0.133,0.133,1488,0.0,0.0
2017-04-11,0.133,0.133,0.133,0.133,0.133,0,0.0,0.0
2017-04-12,0.133,0.133,0.133,0.133,0.133,0,0.0,0.0
2017-04-13,0.133,0.19,0.133,0.19,0.19,8122,0.0,0.0
2017-04-17,0.19,0.19,0.19,0.19,0.19,0,0.0,0.0
2017-04-18,0.19,0.19,0.19,0.19,0.19,0,0.0,0.0
2017-04-19,0.19,0.19,0.19,0.19,0.19,0,0.0,0.0
2017-04-20,0.19,0.19,0.19,0.19,0.19,0,0.0,0.0
2017-04-21,0.1695,0.1695,0.1695,0.1695,0.1695,40,0.0,0.0
2017-04-24,0.1695,0.1695,0.1695,0.1695,0.1695,0,0.0,0.0
2017-04-25,0.1,0.1,0.1,0.1,0.1,72,0.0,0.0
2017-04-26,0.1,0.1,0.1,0.1,0.1,0,0.0,0.0
2017-04-27,0.19,0.19,0.19,0.19,0.19,2900,0.0,0.0
2017-04-28,0.19,0.19,0.19,0.19,0.19,0,0.0,0.0
2017-05-01,0.19,0.19,0.19,0.19,0.19,0,0.0,0.0
2017-05-02,0.19,0.19,0.19,0.19,0.19,0,0.0,0.0
2017-05-03,0.19,0.19,0.19,0.19,0.19,0,0.0,0.0
2017-05-04,0.19,0.19,0.19,0.19,0.19,0,0.0,0.0
2017-05-05,0.19,0.19,0.19,0.19,0.19,400,0.0,0.0
2017-05-08,0.19,0.19,0.19,0.19,0.19,0,0.0,0.0
2017-05-09,0.19,0.19,0.19,0.19,0.19,0,0.0,0.0
2017-05-10,0.19,0.19,0.19,0.19,0.19,0,0.0,0.0
2017-05-11,0.19,0.19,0.19,0.19,0.19,0,0.0,0.0
2017-05-12,0.1,0.1,0.1,0.1,0.1,860,0.0,0.0
2017-05-15,0.1,0.1,0.1,0.1,0.1,0,0.0,0.0
2017-05-16,0.1,0.1,0.1,0.1,0.1,0,0.0,0.0
2017-05-17,0.1,0.1,0.1,0.1,0.1,0,0.0,0.0
2017-05-18,0.177,0.177,0.177,0.177,0.177,100,0.0,0.0
2017-05-19,0.177,0.177,0.177,0.177,0.177,0,0.0,0.0
2017-05-22,0.123,0.123,0.123,0.123,0.123,29,0.0,0.0
2017-05-23,0.123,0.123,0.123,0.123,0.123,0,0.0,0.0
2017-05-24,0.123,0.123,0.123,0.123,0.123,0,0.0,0.0
2017-05-25,0.123,0.123,0.123,0.123,0.123,0,0.0,0.0
2017-05-26,0.123,0.123,0.123,0.123,0.123,0,0.0,0.0
2017-05-30,0.123,0.123,0.123,0.123,0.123,0,0.0,0.0
2017-05-31,0.123,0.123,0.123,0.123,0.123,0,0.0,0.0
2017-06-01,0.123,0.123,0.123,0.123,0.123,0,0.0,0.0
2017-06-02,0.123,0.123,0.123,0.123,0.123,0,0.0,0.0
2017-06-05,0.1,0.1,0.1,0.1,0.1,4000,0.0,0.0
2017-06-06,0.1,0.1,0.1,0.1,0.1,0,0.0,0.0
2017-06-07,0.1,0.1,0.1,0.1,0.1,0,0.0,0.0
2017-06-08,0.1,0.1,0.1,0.1,0.1,0,0.0,0.0
2017-06-09,0.1,0.1,0.1,0.1,0.1,0,0.0,0.0
2017-06-12,0.146,0.146,0.146,0.146,0.146,100,0.0,0.0
2017-06-13,0.1,0.114,0.1,0.114,0.114,186,0.0,0.0
2017-06-14,0.114,0.114,0.114,0.114,0.114,0,0.0,0.0
2017-06-15,0.114,0.114,0.114,0.114,0.114,0,0.0,0.0
2017-06-16,0.112,0.112,0.112,0.112,0.112,10,0.0,0.0
2017-06-19,0.112,0.112,0.112,0.112,0.112,0,0.0,0.0
2017-06-20,0.1,0.1,0.1,0.1,0.1,141,0.0,0.0
2017-06-21,0.15,0.15,0.15,0.15,0.15,354,0.0,0.0
2017-06-22,0.15,0.15,0.15,0.15,0.15,0,0.0,0.0
2017-06-23,0.15,0.15,0.15,0.15,0.15,0,0.0,0.0
2017-06-26,0.15,0.15,0.15,0.15,0.15,0,0.0,0.0
2017-06-27,0.155,0.155,0.155,0.155,0.155,196,0.0,0.0
2017-06-28,0.11,0.11,0.11,0.11,0.11,2,0.0,0.0
2017-06-29,0.11,0.11,0.11,0.11,0.11,0,0.0,0.0
2017-06-30,0.11,0.11,0.11,0.11,0.11,0,0.0,0.0
2017-07-03,0.11,0.11,0.11,0.11,0.11,0,0.0,0.0
2017-07-05,0.11,0.11,0.11,0.11,0.11,0,0.0,0.0
2017-07-06,0.11,0.11,0.11,0.11,0.11,0,0.0,0.0
2017-07-07,0.11,0.11,0.11,0.11,0.11,0,0.0,0.0
2017-07-10,0.11,0.11,0.11,0.11,0.11,1457,0.0,0.0
2017-07-11,0.11,0.11,0.11,0.11,0.11,0,0.0,0.0
2017-07-12,0.0945,0.0945,0.0945,0.0945,0.0945,63,0.0,0.0
2017-07-13,0.0945,0.0945,0.0945,0.0945,0.0945,0,0.0,0.0
2017-07-14,0.0945,0.0945,0.0945,0.0945,0.0945,0,0.0,0.0
2017-07-17,0.1,0.1,0.1,0.1,0.1,6,0.0,0.0
2017-07-18,0.1,0.1,0.1,0.1,0.1,0,0.0,0.0
2017-07-19,0.11,0.125,0.11,0.125,0.125,1657,0.0,0.0
2017-07-20,0.125,0.125,0.125,0.125,0.125,0,0.0,0.0
2017-07-21,0.125,0.125,0.125,0.125,0.125,0,0.0,0.0
2017-07-24,0.125,0.125,0.125,0.125,0.125,0,0.0,0.0
2017-07-25,0.1625,0.1625,0.1625,0.1625,0.1625,160,0.0,0.0
2017-07-26,0.1625,0.1625,0.1625,0.1625,0.1625,0,0.0,0.0
2017-07-27,0.1625,0.1625,0.1625,0.1625,0.1625,0,0.0,0.0
2017-07-28,0.1625,0.1625,0.1625,0.1625,0.1625,0,0.0,0.0
2017-07-31,0.1625,0.1625,0.1625,0.1625,0.1625,0,0.0,0.0
2017-08-01,0.125,0.125,0.125,0.125,0.125,182,0.0,0.0
2017-08-02,0.125,0.125,0.125,0.125,0.125,0,0.0,0.0
2017-08-03,0.125,0.125,0.12,0.12,0.12,2000,0.0,0.0
2017-08-04,0.12,0.12,0.12,0.12,0.12,0,0.0,0.0
2017-08-07,0.12,0.12,0.1,0.1,0.1,9900,0.0,0.0
2017-08-08,0.1,0.1,0.1,0.1,0.1,0,0.0,0.0
2017-08-09,0.1,0.1,0.1,0.1,0.1,0,0.0,0.0
2017-08-10,0.1,0.1,0.1,0.1,0.1,400,0.0,0.0
2017-08-11,0.1,0.1,0.1,0.1,0.1,0,0.0,0.0
2017-08-14,0.1,0.1,0.1,0.1,0.1,0,0.0,0.0
2017-08-15,0.1,0.1,0.1,0.1,0.1,0,0.0,0.0
2017-08-16,0.1,0.1,0.1,0.1,0.1,0,0.0,0.0
2017-08-17,0.1,0.1,0.1,0.1,0.1,0,0.0,0.0
2017-08-18,0.1,0.1,0.1,0.1,0.1,0,0.0,0.0
2017-08-21,0.1,0.1,0.1,0.1,0.1,0,0.0,0.0
2017-08-22,0.1,0.1,0.1,0.1,0.1,0,0.0,0.0
2017-08-23,0.1,0.1,0.1,0.1,0.1,0,0.0,0.0
2017-08-24,0.1,0.1,0.1,0.1,0.1,0,0.0,0.0
2017-08-25,0.1,0.1,0.1,0.1,0.1,0,0.0,0.0
2017-08-28,0.1,0.1,0.1,0.1,0.1,0,0.0,0.0
2017-08-29,0.1,0.1,0.1,0.1,0.1,1000,0.0,0.0
2017-08-30,0.1,0.1,0.1,0.1,0.1,0,0.0,0.0
2017-08-31,0.1,0.1,0.1,0.1,0.1,0,0.0,0.0
2017-09-01,0.1,0.1,0.1,0.1,0.1,0,0.0,0.0
2017-09-05,0.09,0.09,0.09,0.09,0.09,40,0.0,0.0
2017-09-06,0.09,0.09,0.09,0.09,0.09,0,0.0,0.0
2017-09-07,0.09,0.09,0.09,0.09,0.09,0,0.0,0.0
2017-09-08,0.09,0.09,0.09,0.09,0.09,0,0.0,0.0
2017-09-11,0.09,0.09,0.09,0.09,0.09,0,0.0,0.0
2017-09-12,0.14,0.14,0.14,0.14,0.14,1300,0.0,0.0
2017-09-13,0.14,0.14,0.14,0.14,0.14,0,0.0,0.0
2017-09-14,0.14,0.14,0.14,0.14,0.14,0,0.0,0.0
2017-09-15,0.14,0.14,0.14,0.14,0.14,0,0.0,0.0
2017-09-18,0.14,0.14,0.14,0.14,0.14,0,0.0,0.0
2017-09-19,0.14,0.14,0.14,0.14,0.14,0,0.0,0.0
2017-09-20,0.14,0.14,0.14,0.14,0.14,0,0.0,0.0
2017-09-21,0.14,0.14,0.14,0.14,0.14,0,0.0,0.0
2017-09-22,0.14,0.14,0.14,0.14,0.14,0,0.0,0.0
2017-09-25,0.09,0.09,0.09,0.09,0.09,116,0.0,0.0
2017-09-26,0.136,0.145,0.136,0.145,0.145,1200,0.0,0.0
2017-09-27,0.145,0.145,0.145,0.145,0.145,0,0.0,0.0
2017-09-28,0.145,0.145,0.145,0.145,0.145,0,0.0,0.0
2017-09-29,0.145,0.145,0.145,0.145,0.145,0,0.0,0.0
2017-10-02,0.145,0.145,0.145,0.145,0.145,0,0.0,0.0
2017-10-03,0.145,0.145,0.145,0.145,0.145,0,0.0,0.0
2017-10-04,0.145,0.145,0.145,0.145,0.145,0,0.0,0.0
2017-10-05,0.145,0.145,0.145,0.145,0.145,0,0.0,0.0
2017-10-06,0.145,0.145,0.145,0.145,0.145,0,0.0,0.0
2017-10-09,0.145,0.145,0.145,0.145,0.145,0,0.0,0.0
2017-10-10,0.145,0.145,0.145,0.145,0.145,0,0.0,0.0
2017-10-11,0.145,0.145,0.145,0.145,0.145,0,0.0,0.0
2017-10-12,0.145,0.145,0.145,0.145,0.145,0,0.0,0.0
2017-10-13,0.145,0.145,0.145,0.145,0.145,0,0.0,0.0
2017-10-16,0.145,0.145,0.145,0.145,0.145,0,0.0,0.0
2017-10-17,0.145,0.145,0.145,0.145,0.145,0,0.0,0.0
2017-10-18,0.105,0.113,0.105,0.105,0.105,3000,0.0,0.0
2017-10-19,0.105,0.105,0.105,0.105,0.105,0,0.0,0.0
2017-10-20,0.105,0.105,0.105,0.105,0.105,0,0.0,0.0
2017-10-23,0.105,0.105,0.105,0.105,0.105,0,0.0,0.0
2017-10-24,0.105,0.105,0.105,0.105,0.105,0,0.0,0.0
2017-10-25,0.105,0.105,0.105,0.105,0.105,0,0.0,0.0
2017-10-26,0.105,0.185,0.105,0.185,0.185,13328,0.0,0.0
2017-10-27,0.15,0.15,0.15,0.15,0.15,700,0.0,0.0
2017-10-30,0.15,0.15,0.15,0.15,0.15,0,0.0,0.0
2017-10-31,0.15,0.15,0.1,0.1,0.1,4456,0.0,0.0
2017-11-01,0.145,0.145,0.145,0.145,0.145,52,0.0,0.0
2017-11-02,0.145,0.145,0.145,0.145,0.145,0,0.0,0.0
2017-11-03,0.145,0.145,0.145,0.145,0.145,0,0.0,0.0
2017-11-06,0.145,0.145,0.145,0.145,0.145,0,0.0,0.0
2017-11-07,0.145,0.145,0.145,0.145,0.145,0,0.0,0.0
2017-11-08,0.1,0.1,0.1,0.1,0.1,138,0.0,0.0
2017-11-09,0.1,0.1,0.1,0.1,0.1,0,0.0,0.0
2017-11-10,0.1,0.1,0.1,0.1,0.1,0,0.0,0.0
2017-11-13,0.09,0.09,0.09,0.09,0.09,700,0.0,0.0
2017-11-14,0.09,0.09,0.09,0.09,0.09,0,0.0,0.0
2017-11-15,0.09,0.09,0.09,0.09,0.09,2314,0.0,0.0
2017-11-16,0.09,0.09,0.09,0.09,0.09,0,0.0,0.0
2017-11-17,0.09,0.09,0.09,0.09,0.09,150,0.0,0.0
2017-11-20,0.09,0.09,0.09,0.09,0.09,0,0.0,0.0
2017-11-21,0.09,0.09,0.09,0.09,0.09,0,0.0,0.0
2017-11-22,0.09,0.09,0.09,0.09,0.09,0,0.0,0.0
2017-11-24,0.09,0.09,0.09,0.09,0.09,0,0.0,0.0
2017-11-27,0.09,0.09,0.09,0.09,0.09,0,0.0,0.0
2017-11-28,0.09,0.09,0.09,0.09,0.09,140,0.0,0.0
2017-11-29,0.09,0.09,0.09,0.09,0.09,660,0.0,0.0
2017-11-30,0.09,0.09,0.09,0.09,0.09,2430,0.0,0.0
2017-12-01,0.1,0.1,0.08,0.08,0.08,2620,0.0,0.0
2017-12-04,0.08,0.08,0.08,0.08,0.08,0,0.0,0.0
2017-12-05,0.08,0.08,0.08,0.08,0.08,0,0.0,0.0
2017-12-06,0.08,0.08,0.08,0.08,0.08,0,0.0,0.0
2017-12-07,0.08,0.08,0.08,0.08,0.08,0,0.0,0.0
2017-12-08,0.08,0.08,0.08,0.08,0.08,0,0.0,0.0
2017-12-11,0.08,0.08,0.08,0.08,0.08,0,0.0,0.0
2017-12-12,0.08,0.08,0.08,0.08,0.08,0,0.0,0.0
2017-12-13,0.08,0.08,0.08,0.08,0.08,0,0.0,0.0
2017-12-14,0.075,0.075,0.075,0.075,0.075,110,0.0,0.0
2017-12-15,0.075,0.075,0.075,0.075,0.075,0,0.0,0.0
2017-12-18,0.075,0.075,0.06,0.06,0.06,4700,0.0,0.0
2017-12-19,0.06,0.06,0.06,0.06,0.06,0,0.0,0.0
2017-12-20,0.06,0.06,0.06,0.06,0.06,228,0.0,0.0
2017-12-21,0.06,0.06,0.06,0.06,0.06,0,0.0,0.0
2017-12-22,0.06,0.06,0.06,0.06,0.06,0,0.0,0.0
2017-12-26,0.06,0.06,0.06,0.06,0.06,0,0.0,0.0
2017-12-27,0.06,0.06,0.06,0.06,0.06,0,0.0,0.0
2017-12-28,0.06,0.06,0.06,0.06,0.06,0,0.0,0.0
2017-12-29,0.06,0.06,0.06,0.06,0.06,100,0.0,0.0
2018-01-02,0.06,0.06,0.06,0.06,0.06,0,0.0,0.0
2018-01-03,0.13,0.14,0.13,0.14,0.14,2000,0.0,0.0
2018-01-04,0.14,0.14,0.14,0.14,0.14,0,0.0,0.0
2018-01-05,0.14,0.14,0.14,0.14,0.14,0,0.0,0.0
2018-01-08,0.14,0.14,0.14,0.14,0.14,0,0.0,0.0
2018-01-09,0.14,0.14,0.14,0.14,0.14,0,0.0,0.0
2018-01-10,0.14,0.14,0.14,0.14,0.14,0,0.0,0.0
2018-01-11,0.14,0.14,0.14,0.14,0.14,0,0.0,0.0
2018-01-12,0.14,0.14,0.14,0.14,0.14,0,0.0,0.0
2018-01-16,0.14,0.14,0.14,0.14,0.14,0,0.0,0.0
2018-01-17,0.14,0.14,0.14,0.14,0.14,0,0.0,0.0
2018-01-18,0.14,0.14,0.14,0.14,0.14,0,0.0,0.0
2018-01-19,0.14,0.14,0.14,0.14,0.14,0,0.0,0.0
2018-01-22,0.14,0.14,0.14,0.14,0.14,0,0.0,0.0
2018-01-23,0.14,0.14,0.14,0.14,0.14,0,0.0,0.0
2018-01-24,0.14,0.14,0.14,0.14,0.14,0,0.0,0.0
2018-01-25,0.13,0.13,0.13,0.13,0.13,80,0.0,0.0
2018-01-26,0.13,0.13,0.13,0.13,0.13,0,0.0,0.0
2018-01-29,0.13,0.13,0.13,0.13,0.13,0,0.0,0.0
2018-01-30,0.13,0.13,0.13,0.13,0.13,0,0.0,0.0
2018-01-31,0.13,0.13,0.13,0.13,0.13,0,0.0,0.0
2018-02-01,0.07,0.07,0.06,0.06,0.06,2820,0.0,0.0
2018-02-02,0.06,0.06,0.06,0.06,0.06,0,0.0,0.0
2018-02-05,0.06,0.06,0.06,0.06,0.06,0,0.0,0.0
2018-02-06,0.06,0.06,0.06,0.06,0.06,0,0.0,0.0
2018-02-07,0.06,0.06,0.06,0.06,0.06,0,0.0,0.0
2018-02-08,0.06,0.06,0.06,0.06,0.06,0,0.0,0.0
2018-02-09,0.06,0.06,0.06,0.06,0.06,0,0.0,0.0
2018-02-12,0.06,0.06,0.06,0.06,0.06,0,0.0,0.0
2018-02-13,0.06,0.06,0.06,0.06,0.06,0,0.0,0.0
2018-02-14,0.06,0.06,0.06,0.06,0.06,0,0.0,0.0
2018-02-15,0.065,0.065,0.065,0.065,0.065,204,0.0,0.0
2018-02-16,0.065,0.065,0.065,0.065,0.065,0,0.0,0.0
2018-02-20,0.075,0.1235,0.075,0.1235,0.1235,2050,0.0,0.0
2018-02-21,0.1235,0.1235,0.1235,0.1235,0.1235,0,0.0,0.0
2018-02-22,0.1235,0.1235,0.1235,0.1235,0.1235,0,0.0,0.0
2018-02-23,0.1235,0.1235,0.1235,0.1235,0.1235,0,0.0,0.0
2018-02-26,0.1235,0.1235,0.1235,0.1235,0.1235,0,0.0,0.0
2018-02-27,0.1235,0.1235,0.1235,0.1235,0.1235,0,0.0,0.0
2018-02-28,0.065,0.065,0.065,0.065,0.065,135,0.0,0.0
2018-03-01,0.065,0.065,0.065,0.065,0.065,0,0.0,0.0
2018-03-02,0.065,0.065,0.065,0.065,0.065,0,0.0,0.0
2018-03-05,0.065,0.085,0.065,0.085,0.085,10480,0.0,0.0
2018-03-06,0.065,0.065,0.065,0.065,0.065,1000,0.0,0.0
2018-03-07,0.065,0.065,0.065,0.065,0.065,0,0.0,0.0
2018-03-08,0.065,0.065,0.065,0.065,0.065,0,0.0,0.0
2018-03-09,0.065,0.065,0.065,0.065,0.065,560,0.0,0.0
2018-03-12,0.065,0.065,0.065,0.065,0.065,0,0.0,0.0
2018-03-13,0.065,0.065,0.065,0.065,0.065,0,0.0,0.0
2018-03-14,0.065,0.065,0.065,0.065,0.065,0,0.0,0.0
2018-03-15,0.065,0.065,0.065,0.065,0.065,0,0.0,0.0
2018-03-16,0.065,0.065,0.065,0.065,0.065,0,0.0,0.0
2018-03-19,0.065,0.065,0.065,0.065,0.065,0,0.0,0.0
2018-03-20,0.065,0.065,0.065,0.065,0.065,0,0.0,0.0
2018-03-21,0.065,0.065,0.065,0.065,0.065,0,0.0,0.0
2018-03-22,0.065,0.065,0.065,0.065,0.065,0,0.0,0.0
2018-03-23,0.065,0.065,0.065,0.065,0.065,0,0.0,0.0
2018-03-26,0.065,0.065,0.065,0.065,0.065,0,0.0,0.0
2018-03-27,0.065,0.065,0.065,0.065,0.065,0,0.0,0.0
2018-03-28,0.065,0.065,0.065,0.065,0.065,0,0.0,0.0
2018-03-29,0.065,0.065,0.065,0.065,0.065,0,0.0,0.0
2018-04-02,0.065,0.065,0.065,0.065,0.065,0,0.0,0.0
2018-04-03,0.065,0.065,0.065,0.065,0.065,0,0.0,0.0
2018-04-04,0.065,0.065,0.065,0.065,0.065,0,0.0,0.0
2018-04-05,0.065,0.065,0.065,0.065,0.065,0,0.0,0.0
2018-04-06,0.065,0.065,0.065,0.065,0.065,0,0.0,0.0
2018-04-09,0.065,0.065,0.065,0.065,0.065,0,0.0,0.0
2018-04-10,0.065,0.065,0.065,0.065,0.065,0,0.0,0.0
2018-04-11,0.065,0.065,0.065,0.065,0.065,0,0.0,0.0
2018-04-12,0.065,0.065,0.065,0.065,0.065,200,0.0,0.0
2018-04-13,0.065,0.065,0.065,0.065,0.065,0,0.0,0.0
2018-04-16,0.065,0.065,0.065,0.065,0.065,1300,0.0,0.0
2018-04-17,0.065,0.065,0.065,0.065,0.065,0,0.0,0.0
2018-04-18,0.065,0.065,0.065,0.065,0.065,100,0.0,0.0
2018-04-19,0.07,0.135,0.07,0.135,0.135,3400,0.0,0.0
2018-04-20,0.135,0.135,0.135,0.135,0.135,0,0.0,0.0
2018-04-23,0.135,0.135,0.135,0.135,0.135,0,0.0,0.0
2018-04-24,0.125,0.13,0.125,0.13,0.13,1400,0.0,0.0
2018-04-25,0.13,0.13,0.13,0.13,0.13,0,0.0,0.0
2018-04-26,0.13,0.13,0.13,0.13,0.13,0,0.0,0.0
2018-04-27,0.13,0.13,0.13,0.13,0.13,0,0.0,0.0
2018-04-30,0.13,0.13,0.13,0.13,0.13,0,0.0,0.0
2018-05-01,0.13,0.13,0.13,0.13,0.13,0,0.0,0.0
2018-05-02,0.13,0.13,0.13,0.13,0.13,0,0.0,0.0
2018-05-03,0.13,0.13,0.13,0.13,0.13,0,0.0,0.0
2018-05-04,0.08,0.08,0.065,0.065,0.065,1524,0.0,0.0
2018-05-07,0.065,0.065,0.065,0.065,0.065,0,0.0,0.0
2018-05-08,0.065,0.065,0.065,0.065,0.065,0,0.0,0.0
2018-05-09,0.065,0.065,0.065,0.065,0.065,0,0.0,0.0
2018-05-10,0.065,0.065,0.065,0.065,0.065,0,0.0,0.0
2018-05-11,0.115,0.115,0.115,0.115,0.115,1800,0.0,0.0
2018-05-14,0.115,0.115,0.115,0.115,0.115,0,0.0,0.0
2018-05-15,0.115,0.115,0.115,0.115,0.115,0,0.0,0.0
2018-05-16,0.115,0.115,0.115,0.115,0.115,0,0.0,0.0
2018-05-17,0.115,0.115,0.115,0.115,0.115,0,0.0,0.0
2018-05-18,0.115,0.115,0.115,0.115,0.115,0,0.0,0.0
2018-05-21,0.115,0.115,0.115,0.115,0.115,0,0.0,0.0
2018-05-22,0.115,0.115,0.115,0.115,0.115,0,0.0,0.0
2018-05-23,0.065,0.065,0.065,0.065,0.065,20,0.0,0.0
2018-05-24,0.065,0.065,0.065,0.065,0.065,0,0.0,0.0
2018-05-25,0.065,0.065,0.065,0.065,0.065,0,0.0,0.0
2018-05-29,0.065,0.065,0.065,0.065,0.065,0,0.0,0.0
2018-05-30,0.065,0.065,0.065,0.065,0.065,0,0.0,0.0
2018-05-31,0.065,0.065,0.065,0.065,0.065,0,0.0,0.0
2018-06-01,0.065,0.065,0.065,0.065,0.065,0,0.0,0.0
2018-06-04,0.065,0.065,0.065,0.065,0.065,800,0.0,0.0
2018-06-05,0.065,0.065,0.065,0.065,0.065,0,0.0,0.0
2018-06-06,0.065,0.065,0.065,0.065,0.065,0,0.0,0.0
2018-06-07,0.065,0.065,0.065,0.065,0.065,0,0.0,0.0
2018-06-08,0.065,0.065,0.065,0.065,0.065,0,0.0,0.0
2018-06-11,0.065,0.065,0.065,0.065,0.065,0,0.0,0.0
2018-06-12,0.065,0.065,0.065,0.065,0.065,0,0.0,0.0
2018-06-13,0.065,0.065,0.065,0.065,0.065,0,0.0,0.0
2018-06-14,0.065,0.065,0.065,0.065,0.065,0,0.0,0.0
2018-06-15,0.065,0.065,0.065,0.065,0.065,0,0.0,0.0
2018-06-18,0.065,0.065,0.065,0.065,0.065,0,0.0,0.0
2018-06-19,0.065,0.065,0.065,0.065,0.065,0,0.0,0.0
2018-06-20,0.065,0.065,0.065,0.065,0.065,0,0.0,0.0
2018-06-21,0.065,0.065,0.065,0.065,0.065,0,0.0,0.0
2018-06-22,0.065,0.065,0.065,0.065,0.065,0,0.0,0.0
2018-06-25,0.065,0.065,0.065,0.065,0.065,0,0.0,0.0
2018-06-26,0.065,0.065,0.065,0.065,0.065,0,0.0,0.0
2018-06-27,0.065,0.065,0.065,0.065,0.065,0,0.0,0.0
2018-06-28,0.065,0.065,0.065,0.065,0.065,0,0.0,0.0
2018-06-29,0.065,0.065,0.065,0.065,0.065,0,0.0,0.0
2018-07-02,0.065,0.065,0.065,0.065,0.065,0,0.0,0.0
2018-07-03,0.065,0.065,0.065,0.065,0.065,0,0.0,0.0
2018-07-05,0.065,0.065,0.065,0.065,0.065,0,0.0,0.0
2018-07-06,0.065,0.065,0.065,0.065,0.065,0,0.0,0.0
2018-07-09,0.065,0.065,0.065,0.065,0.065,0,0.0,0.0
2018-07-10,0.065,0.065,0.065,0.065,0.065,0,0.0,0.0
2018-07-11,0.065,0.065,0.065,0.065,0.065,0,0.0,0.0
2018-07-12,0.065,0.065,0.065,0.065,0.065,0,0.0,0.0
2018-07-13,0.065,0.065,0.065,0.065,0.065,0,0.0,0.0
2018-07-16,0.065,0.065,0.065,0.065,0.065,0,0.0,0.0
2018-07-17,0.065,0.065,0.065,0.065,0.065,0,0.0,0.0
2018-07-18,0.065,0.065,0.065,0.065,0.065,0,0.0,0.0
2018-07-19,0.065,0.065,0.065,0.065,0.065,0,0.0,0.0
2018-07-20,0.065,0.065,0.065,0.065,0.065,0,0.0,0.0
2018-07-23,0.065,0.065,0.065,0.065,0.065,0,0.0,0.0
2018-07-24,0.065,0.065,0.065,0.065,0.065,0,0.0,0.0
2018-07-25,0.065,0.065,0.065,0.065,0.065,0,0.0,0.0
2018-07-26,0.065,0.065,0.065,0.065,0.065,0,0.0,0.0
2018-07-27,0.11,0.325,0.0975,0.25,0.25,34070,0.0,0.0
2018-07-30,0.2,0.25,0.155,0.165,0.165,32004,0.0,0.0
2018-07-31,0.165,0.225,0.09,0.16,0.16,14200,0.0,0.0
2018-08-01,0.202,0.2125,0.195,0.195,0.195,1461,0.0,0.0
2018-08-02,0.195,0.195,0.195,0.195,0.195,0,0.0,0.0
2018-08-03,0.16,0.16,0.14,0.14,0.14,2112,0.0,0.0
2018-08-06,0.145,0.145,0.145,0.145,0.145,8,0.0,0.0
2018-08-07,0.22,0.495,0.22,0.425,0.425,11879,0.0,0.0
2018-08-08,0.425,0.425,0.425,0.425,0.425,0,0.0,0.0
2018-08-09,0.265,0.3,0.265,0.3,0.3,1000,0.0,0.0
2018-08-10,0.325,0.325,0.325,0.325,0.325,100,0.0,0.0
2018-08-13,0.2575,0.2575,0.2575,0.2575,0.2575,240,0.0,0.0
2018-08-14,0.26,0.325,0.225,0.325,0.325,1500,0.0,0.0
2018-08-15,0.29,0.325,0.29,0.325,0.325,650,0.0,0.0
2018-08-16,0.325,0.325,0.325,0.325,0.325,0,0.0,0.0
2018-08-17,0.325,0.325,0.325,0.325,0.325,0,0.0,0.0
2018-08-20,0.2925,0.325,0.2925,0.325,0.325,2000,0.0,0.0
2018-08-21,0.49,0.49,0.3,0.3,0.3,1180,0.0,0.0
2018-08-22,0.3,0.3,0.3,0.3,0.3,0,0.0,0.0
2018-08-23,0.25,0.49,0.25,0.49,0.49,320,0.0,0.0
2018-08-24,0.49,0.49,0.49,0.49,0.49,0,0.0,0.0
2018-08-27,0.49,0.49,0.49,0.49,0.49,0,0.0,0.0
2018-08-28,0.3,0.3,0.3,0.3,0.3,199,0.0,0.0
2018-08-29,0.295,0.295,0.295,0.295,0.295,1000,0.0,0.0
2018-08-30,0.35,0.975,0.325,0.9,0.9,53196,0.0,0.0
2018-08-31,0.9,0.9,0.455,0.75,0.75,11040,0.0,0.0
2018-09-04,0.475,0.7,0.475,0.7,0.7,751,0.0,0.0
2018-09-05,0.475,0.5975,0.475,0.5975,0.5975,1871,0.0,0.0
2018-09-06,0.461,0.5245,0.43,0.5245,0.5245,5182,0.0,0.0
2018-09-07,0.42,0.49,0.42,0.49,0.49,5996,0.0,0.0
2018-09-10,0.475,0.5,0.4,0.5,0.5,1072,0.0,0.0
2018-09-11,0.4,1.964,0.4,1.964,1.964,1616,0.0,0.0
2018-09-12,0.425,0.87,0.425,0.87,0.87,162,0.0,0.0
2018-09-13,0.775,0.775,0.4,0.4,0.4,12052,0.0,0.0
2018-09-14,0.412,0.6,0.39,0.4,0.4,2878,0.0,0.0
2018-09-17,0.41,0.49,0.41,0.49,0.49,220,0.0,0.0
2018-09-18,0.4,0.49,0.4,0.49,0.49,2202,0.0,0.0
2018-09-19,0.385,0.4795,0.385,0.4795,0.4795,181,0.0,0.0
2018-09-20,0.4425,0.4425,0.38,0.38,0.38,2807,0.0,0.0
2018-09-21,0.38,0.5,0.379,0.5,0.5,1920,0.0,0.0
2018-09-24,0.285,0.498,0.285,0.498,0.498,56,0.0,0.0
2018-09-25,0.498,0.498,0.498,0.498,0.498,0,0.0,0.0
2018-09-26,0.498,0.498,0.498,0.498,0.498,0,0.0,0.0
2018-09-27,0.498,0.498,0.498,0.498,0.498,0,0.0,0.0
2018-09-28,0.498,0.498,0.498,0.498,0.498,0,0.0,0.0
2018-10-01,0.498,0.498,0.498,0.498,0.498,0,0.0,0.0
2018-10-02,0.38,0.38,0.355,0.355,0.355,3000,0.0,0.0
2018-10-03,0.355,0.355,0.355,0.355,0.355,0,0.0,0.0
2018-10-04,0.355,0.6,0.355,0.6,0.6,770,0.0,0.0
2018-10-05,0.305,0.458,0.305,0.458,0.458,96,0.0,0.0
2018-10-08,0.458,0.458,0.458,0.458,0.458,0,0.0,0.0
2018-10-09,0.458,0.458,0.458,0.458,0.458,0,0.0,0.0
2018-10-10,0.4025,0.5,0.4025,0.5,0.5,40,0.0,0.0
2018-10-11,0.5,0.5,0.5,0.5,0.5,0,0.0,0.0
2018-10-12,0.5,0.5,0.5,0.5,0.5,0,0.0,0.0
2018-10-15,0.75,0.9,0.555,0.7,0.7,13720,0.0,0.0
2018-10-16,0.7,0.7,0.7,0.7,0.7,0,0.0,0.0
2018-10-17,0.645,0.69,0.6,0.69,0.69,710,0.0,0.0
2018-10-18,0.609,0.609,0.36,0.36,0.36,2732,0.0,0.0
2018-10-19,0.67,0.67,0.65,0.65,0.65,1689,0.0,0.0
2018-10-22,0.5,0.5,0.5,0.5,0.5,1440,0.0,0.0
2018-10-23,0.5,0.5,0.5,0.5,0.5,0,0.0,0.0
2018-10-24,0.5,0.5,0.5,0.5,0.5,0,0.0,0.0
2018-10-25,0.5,0.5,0.5,0.5,0.5,0,0.0,0.0
2018-10-26,0.501,0.501,0.5,0.5,0.5,400,0.0,0.0
2018-10-29,0.645,0.8865,0.6125,0.8865,0.8865,6198,0.0,0.0
2018-10-30,0.5,0.5,0.494,0.494,0.494,150,0.0,0.0
2018-10-31,0.89,1.05,0.89,1.05,1.05,2496,0.0,0.0
2018-11-01,0.555,0.5915,0.555,0.56,0.56,1200,0.0,0.0
2018-11-02,0.76,0.76,0.76,0.76,0.76,100,0.0,0.0
2018-11-05,0.87,1.095,0.705,0.705,0.705,1575,0.0,0.0
2018-11-06,0.605,1.095,0.6,1.095,1.095,802,0.0,0.0
2018-11-07,1.0445,1.0445,1.0445,1.0445,1.0445,18,0.0,0.0
2018-11-08,1.0445,1.0445,1.0445,1.0445,1.0445,0,0.0,0.0
2018-11-09,1.0445,1.0445,1.0445,1.0445,1.0445,0,0.0,0.0
2018-11-12,1.0445,1.0445,1.0445,1.0445,1.0445,0,0.0,0.0
2018-11-13,0.715,0.715,0.42,0.55,0.55,3970,0.0,0.0
2018-11-14,0.93,0.93,0.93,0.93,0.93,2,0.0,0.0
2018-11-15,0.6675,0.6675,0.6675,0.6675,0.6675,2,0.0,0.0
2018-11-16,0.6675,0.6675,0.6675,0.6675,0.6675,0,0.0,0.0
2018-11-19,0.75,0.75,0.75,0.75,0.75,18,0.0,0.0
2018-11-20,0.75,0.75,0.75,0.75,0.75,0,0.0,0.0
2018-11-21,0.75,0.75,0.75,0.75,0.75,0,0.0,0.0
2018-11-23,0.75,0.75,0.75,0.75,0.75,0,0.0,0.0
2018-11-26,0.75,0.75,0.75,0.75,0.75,0,0.0,0.0
2018-11-27,0.75,0.75,0.75,0.75,0.75,0,0.0,0.0
2018-11-28,0.575,0.575,0.405,0.405,0.405,1699,0.0,0.0
2018-11-29,0.405,0.405,0.405,0.405,0.405,0,0.0,0.0
2018-11-30,0.405,0.405,0.405,0.405,0.405,0,0.0,0.0
2018-12-03,0.405,0.405,0.405,0.405,0.405,0,0.0,0.0
2018-12-04,0.405,0.405,0.405,0.405,0.405,0,0.0,0.0
2018-12-06,0.405,0.405,0.405,0.405,0.405,0,0.0,0.0
2018-12-07,0.405,0.405,0.405,0.405,0.405,0,0.0,0.0
2018-12-10,0.405,0.405,0.405,0.405,0.405,0,0.0,0.0
2018-12-11,0.5,0.8325,0.5,0.8325,0.8325,4580,0.0,0.0
2018-12-12,0.45,0.45,0.175,0.23,0.23,11583,0.0,0.0
2018-12-13,0.4,0.45,0.4,0.45,0.45,1446,0.0,0.0
2018-12-14,0.45,0.45,0.45,0.45,0.45,0,0.0,0.0
2018-12-17,0.45,0.45,0.45,0.45,0.45,0,0.0,0.0
2018-12-18,0.45,0.45,0.45,0.45,0.45,0,0.0,0.0
2018-12-19,0.45,0.45,0.45,0.45,0.45,0,0.0,0.0
2018-12-20,0.295,0.295,0.225,0.225,0.225,200,0.0,0.0
2018-12-21,0.225,0.225,0.225,0.225,0.225,0,0.0,0.0
2018-12-24,0.225,0.225,0.225,0.225,0.225,0,0.0,0.0
2018-12-26,0.225,0.225,0.225,0.225,0.225,0,0.0,0.0
2018-12-27,0.4,0.72,0.255,0.4,0.4,50148,0.0,0.0
2018-12-28,0.375,0.41,0.3,0.41,0.41,1346,0.0,0.0
2018-12-31,0.41,0.505,0.345,0.345,0.345,3726,0.0,0.0
2019-01-02,0.345,0.345,0.345,0.345,0.345,0,0.0,0.0
2019-01-03,0.345,0.345,0.345,0.345,0.345,0,0.0,0.0
2019-01-04,0.345,0.345,0.345,0.345,0.345,0,0.0,0.0
2019-01-07,0.345,0.345,0.345,0.345,0.345,0,0.0,0.0
2019-01-08,0.305,0.407,0.21,0.35,0.35,17628,0.0,0.0
2019-01-09,1.0,1.0,1.0,1.0,1.0,300,0.0,0.02
2019-01-10,0.4,0.4,0.4,0.4,0.4,3860,0.0,0.0
2019-01-11,0.4,0.4,0.4,0.4,0.4,0,0.0,0.0
2019-01-14,0.4,0.4,0.4,0.4,0.4,0,0.0,0.0
2019-01-15,0.4,0.4,0.4,0.4,0.4,0,0.0,0.0
2019-01-16,0.4,0.55,0.4,0.55,0.55,3101,0.0,0.0
2019-01-17,0.6,0.6,0.5,0.5,0.5,3462,0.0,0.0
2019-01-18,0.5,0.7,0.5,0.7,0.7,2800,0.0,0.0
2019-01-22,0.7,0.7,0.5,0.5,0.5,1609,0.0,0.0
2019-01-23,0.5,0.5,0.5,0.5,0.5,0,0.0,0.0
2019-01-24,0.5,0.5,0.5,0.5,0.5,0,0.0,0.0
2019-01-25,0.362,0.362,0.36,0.36,0.36,3680,0.0,0.0
2019-01-28,0.36,0.412,0.36,0.412,0.412,703,0.0,0.0
2019-01-29,0.412,0.412,0.412,0.412,0.412,0,0.0,0.0
2019-01-30,0.412,0.412,0.412,0.412,0.412,0,0.0,0.0
2019-01-31,0.51,0.51,0.51,0.51,0.51,2000,0.0,0.0
2019-02-01,0.4,0.4,0.4,0.4,0.4,470,0.0,0.0
2019-02-04,0.38,0.38,0.38,0.38,0.38,1500,0.0,0.0
2019-02-05,0.38,0.38,0.38,0.38,0.38,0,0.0,0.0
2019-02-06,0.38,0.38,0.38,0.38,0.38,0,0.0,0.0
2019-02-07,0.38,0.38,0.38,0.38,0.38,0,0.0,0.0
2019-02-08,0.38,0.38,0.38,0.38,0.38,0,0.0,0.0
2019-02-11,0.44,0.44,0.44,0.44,0.44,888,0.0,0.0
2019-02-12,0.44,0.44,0.44,0.44,0.44,595,0.0,0.0
2019-02-13,0.38,0.38,0.38,0.38,0.38,340,0.0,0.0
2019-02-14,0.38,0.38,0.38,0.38,0.38,0,0.0,0.0
2019-02-15,0.38,0.38,0.38,0.38,0.38,0,0.0,0.0
2019-02-19,0.38,0.38,0.38,0.38,0.38,0,0.0,0.0
2019-02-20,0.38,0.38,0.38,0.38,0.38,0,0.0,0.0
2019-02-21,0.38,0.38,0.38,0.38,0.38,200,0.0,0.0
2019-02-22,0.38,0.38,0.38,0.38,0.38,0,0.0,0.0
2019-02-25,0.38,0.38,0.38,0.38,0.38,0,0.0,0.0
2019-02-26,0.38,0.38,0.38,0.38,0.38,0,0.0,0.0
2019-02-27,0.38,0.38,0.38,0.38,0.38,0,0.0,0.0
2019-02-28,0.38,0.38,0.38,0.38,0.38,290,0.0,0.0
2019-03-01,0.38,0.38,0.38,0.38,0.38,0,0.0,0.0
2019-03-04,0.38,0.38,0.38,0.38,0.38,0,0.0,0.0
2019-03-05,0.38,0.55,0.38,0.55,0.55,11500,0.0,0.0
2019-03-06,0.45,0.45,0.45,0.45,0.45,1000,0.0,0.0
2019-03-07,0.38,0.38,0.38,0.38,0.38,320,0.0,0.0
2019-03-08,0.38,0.38,0.38,0.38,0.38,0,0.0,0.0
2019-03-11,0.38,0.38,0.38,0.38,0.38,0,0.0,0.0
2019-03-12,0.4,0.4,0.4,0.4,0.4,3230,0.0,0.0
2019-03-13,0.4,0.4,0.4,0.4,0.4,0,0.0,0.0
2019-03-14,0.4,0.4,0.4,0.4,0.4,0,0.0,0.0
2019-03-15,0.4,0.4,0.4,0.4,0.4,0,0.0,0.0
2019-03-18,0.4,0.4,0.4,0.4,0.4,0,0.0,0.0
2019-03-19,0.4,0.4,0.4,0.4,0.4,0,0.0,0.0
2019-03-20,0.4,0.4,0.4,0.4,0.4,0,0.0,0.0
2019-03-21,0.4,0.4,0.4,0.4,0.4,0,0.0,0.0
2019-03-22,0.38,0.38,0.38,0.38,0.38,454,0.0,0.0
2019-03-25,0.38,0.38,0.38,0.38,0.38,0,0.0,0.0
2019-03-26,0.38,0.38,0.38,0.38,0.38,0,0.0,0.0
2019-03-27,0.38,0.38,0.38,0.38,0.38,280,0.0,0.0
2019-03-28,0.38,0.38,0.38,0.38,0.38,0,0.0,0.0
2019-03-29,0.38,0.38,0.38,0.38,0.38,0,0.0,0.0
2019-04-01,0.38,0.38,0.38,0.38,0.38,0,0.0,0.0
2019-04-02,0.38,0.38,0.38,0.38,0.38,0,0.0,0.0
2019-04-03,0.38,0.38,0.38,0.38,0.38,0,0.0,0.0
2019-04-04,0.38,0.38,0.38,0.38,0.38,0,0.0,0.0
2019-04-05,0.38,0.38,0.38,0.38,0.38,0,0.0,0.0
2019-04-08,0.38,0.38,0.38,0.38,0.38,0,0.0,0.0
2019-04-09,0.44,0.6,0.44,0.57,0.57,3000,0.0,0.0
2019-04-10,0.44,0.44,0.25,0.35,0.35,21816,0.0,0.0
2019-04-11,0.35,0.35,0.35,0.35,0.35,0,0.0,0.0
2019-04-12,0.35,0.35,0.35,0.35,0.35,0,0.0,0.0
2019-04-15,0.35,0.35,0.35,0.35,0.35,0,0.0,0.0
2019-04-16,0.35,0.35,0.35,0.35,0.35,0,0.0,0.0
2019-04-17,0.35,0.35,0.35,0.35,0.35,0,0.0,0.0
2019-04-18,0.35,0.35,0.35,0.35,0.35,0,0.0,0.0
2019-04-22,0.35,0.35,0.35,0.35,0.35,0,0.0,0.0
2019-04-23,0.3,0.3,0.3,0.3,0.3,700,0.0,0.0
2019-04-24,0.34,0.35,0.34,0.35,0.35,6070,0.0,0.0
2019-04-25,0.301,0.301,0.301,0.301,0.301,934,0.0,0.0
2019-04-26,0.301,0.301,0.301,0.301,0.301,0,0.0,0.0
2019-04-29,0.301,0.301,0.301,0.301,0.301,0,0.0,0.0
2019-04-30,0.301,0.301,0.301,0.301,0.301,0,0.0,0.0
2019-05-01,0.301,0.301,0.301,0.301,0.301,0,0.0,0.0
2019-05-02,0.3,0.3,0.3,0.3,0.3,2500,0.0,0.0
2019-05-03,0.25,0.25,0.25,0.25,0.25,3200,0.0,0.0
2019-05-06,0.25,0.25,0.25,0.25,0.25,200,0.0,0.0
2019-05-07,0.3,0.51,0.3,0.4,0.4,27550,0.0,0.0
2019-05-08,0.275,0.275,0.202,0.202,0.202,11000,0.0,0.0
2019-05-09,0.202,0.202,0.202,0.202,0.202,0,0.0,0.0
2019-05-10,0.444,0.444,0.27,0.444,0.444,4889,0.0,0.0
2019-05-13,0.446,0.446,0.446,0.446,0.446,1180,0.0,0.0
2019-05-14,0.446,0.446,0.446,0.446,0.446,0,0.0,0.0
2019-05-15,0.446,0.446,0.446,0.446,0.446,0,0.0,0.0
2019-05-16,0.408,1.0,0.408,0.56,0.56,64217,0.0,0.0
2019-05-17,0.8,0.8,0.4,0.47885,0.47885,12653,0.0,0.0
2019-05-20,0.6845,0.7,0.3511,0.422,0.422,14585,0.0,0.0
2019-05-21,0.42,0.4321,0.3,0.33,0.33,3200,0.0,0.0
2019-05-22,0.33,0.5,0.33,0.5,0.5,2110,0.0,0.0
2019-05-23,0.5,0.5,0.5,0.5,0.5,0,0.0,0.0
2019-05-24,0.3598,0.3598,0.3598,0.3598,0.3598,280,0.0,0.0
2019-05-28,0.33,0.33,0.311,0.311,0.311,1600,0.0,0.0
2019-05-29,0.3598,0.3598,0.3598,0.3598,0.3598,100,0.0,0.0
2019-05-30,0.5,0.65,0.4,0.4,0.4,6360,0.0,0.0
2019-05-31,0.4,0.4,0.4,0.4,0.4,0,0.0,0.0
2019-06-03,0.4785,0.4785,0.357,0.357,0.357,8000,0.0,0.0
2019-06-04,0.3571,0.3571,0.3571,0.3571,0.3571,2500,0.0,0.0
2019-06-05,0.3571,0.3571,0.31,0.31,0.31,2500,0.0,0.0
2019-06-06,0.3071,0.3071,0.3071,0.3071,0.3071,2500,0.0,0.0
2019-06-07,0.31,0.33,0.31,0.31,0.31,5000,0.0,0.0
2019-06-10,0.3038,0.3038,0.3038,0.3038,0.3038,2500,0.0,0.0
2019-06-11,0.3038,0.3038,0.3038,0.3038,0.3038,2500,0.0,0.0
2019-06-12,0.3038,0.3038,0.3038,0.3038,0.3038,0,0.0,0.0
2019-06-13,0.28,0.28,0.27,0.27,0.27,5000,0.0,0.0
2019-06-14,0.26,0.27,0.26,0.27,0.27,1223,0.0,0.0
2019-06-17,0.33,0.45,0.33,0.44,0.44,16534,0.0,0.0
2019-06-18,0.2801,0.30443,0.2801,0.30443,0.30443,1656,0.0,0.0
2019-06-19,0.29,0.29,0.29,0.29,0.29,3800,0.0,0.0
2019-06-20,0.29,0.29,0.29,0.29,0.29,0,0.0,0.0
2019-06-21,0.29,0.29,0.29,0.29,0.29,0,0.0,0.0
2019-06-24,0.28,0.28,0.28,0.28,0.28,2500,0.0,0.0
2019-06-25,0.28,0.28,0.28,0.28,0.28,0,0.0,0.0
2019-06-26,0.275,0.285,0.275,0.275,0.275,5000,0.0,0.0
2019-06-27,0.275,0.275,0.275,0.275,0.275,0,0.0,0.0
2019-06-28,0.23,0.3495,0.23,0.265,0.265,4900,0.0,0.0
2019-07-01,0.265,0.265,0.265,0.265,0.265,0,0.0,0.0
2019-07-02,0.265,0.265,0.265,0.265,0.265,0,0.0,0.0
2019-07-03,0.265,0.265,0.265,0.265,0.265,0,0.0,0.0
2019-07-05,0.265,0.265,0.265,0.265,0.265,0,0.0,0.0
2019-07-08,0.265,0.265,0.265,0.265,0.265,0,0.0,0.0
2019-07-09,0.23,0.23,0.23,0.23,0.23,650,0.0,0.0
2019-07-10,0.23,0.23,0.23,0.23,0.23,0,0.0,0.0
2019-07-11,0.23,0.23,0.23,0.23,0.23,0,0.0,0.0
2019-07-12,0.23,0.23,0.23,0.23,0.23,0,0.0,0.0
2019-07-15,0.23,0.23,0.23,0.23,0.23,0,0.0,0.0
2019-07-16,0.23,0.23,0.23,0.23,0.23,1276,0.0,0.0
2019-07-17,0.23,0.23,0.23,0.23,0.23,0,0.0,0.0
2019-07-18,0.23,0.23,0.23,0.23,0.23,238,0.0,0.0
2019-07-19,0.23,0.23,0.23,0.23,0.23,0,0.0,0.0
2019-07-22,0.23,0.23,0.23,0.23,0.23,0,0.0,0.0
2019-07-23,0.34,0.53,0.34,0.53,0.53,18000,0.0,0.0
2019-07-24,0.2538,0.2538,0.2538,0.2538,0.2538,1000,0.0,0.0
2019-07-25,0.3869,0.3869,0.2538,0.255,0.255,19000,0.0,0.0
2019-07-26,0.255,0.255,0.255,0.255,0.255,0,0.0,0.0
2019-07-29,0.518,0.518,0.518,0.518,0.518,100,0.0,0.0
2019-07-30,0.518,0.518,0.518,0.518,0.518,0,0.0,0.0
2019-07-31,0.518,0.518,0.518,0.518,0.518,0,0.0,0.0
2019-08-01,0.518,0.518,0.518,0.518,0.518,0,0.0,0.0
2019-08-02,0.528,0.528,0.516,0.516,0.516,200,0.0,0.0
2019-08-05,0.516,0.516,0.516,0.516,0.516,0,0.0,0.0
2019-08-06,0.516,0.516,0.516,0.516,0.516,0,0.0,0.0
2019-08-07,0.516,0.516,0.516,0.516,0.516,0,0.0,0.0
2019-08-08,0.3,0.413,0.3,0.413,0.413,5000,0.0,0.0
2019-08-09,0.413,0.413,0.413,0.413,0.413,0,0.0,0.0
2019-08-12,0.413,0.413,0.413,0.413,0.413,0,0.0,0.0
2019-08-13,0.413,0.413,0.413,0.413,0.413,0,0.0,0.0
2019-08-14,0.413,0.413,0.413,0.413,0.413,0,0.0,0.0
2019-08-15,0.413,0.413,0.413,0.413,0.413,0,0.0,0.0
2019-08-16,0.413,0.413,0.413,0.413,0.413,0,0.0,0.0
2019-08-19,0.413,0.413,0.413,0.413,0.413,0,0.0,0.0
2019-08-20,0.413,0.413,0.413,0.413,0.413,0,0.0,0.0
2019-08-21,0.413,0.413,0.413,0.413,0.413,0,0.0,0.0
2019-08-22,0.413,0.413,0.413,0.413,0.413,0,0.0,0.0
2019-08-23,0.413,0.413,0.413,0.413,0.413,0,0.0,0.0
2019-08-26,0.413,0.413,0.413,0.413,0.413,0,0.0,0.0
2019-08-27,0.413,0.413,0.413,0.413,0.413,0,0.0,0.0
2019-08-28,0.413,0.413,0.413,0.413,0.413,0,0.0,0.0
2019-08-29,0.413,0.413,0.413,0.413,0.413,0,0.0,0.0
2019-08-30,0.413,0.413,0.413,0.413,0.413,0,0.0,0.0
2019-09-03,0.413,0.413,0.413,0.413,0.413,0,0.0,0.0
2019-09-04,0.413,0.413,0.413,0.413,0.413,0,0.0,0.0
2019-09-05,0.31,0.31,0.31,0.31,0.31,500,0.0,0.0
2019-09-06,0.25005,0.25005,0.2,0.2,0.2,11884,0.0,0.0
2019-09-09,0.24,0.24,0.24,0.24,0.24,700,0.0,0.0
2019-09-10,0.24,0.24,0.24,0.24,0.24,0,0.0,0.0
2019-09-11,0.24,0.24,0.24,0.24,0.24,0,0.0,0.0
2019-09-12,0.24,0.24,0.24,0.24,0.24,0,0.0,0.0
2019-09-13,0.24,0.24,0.24,0.24,0.24,2200,0.0,0.0
2019-09-16,0.24,0.24,0.24,0.24,0.24,2801,0.0,0.0
2019-09-17,0.151,0.151,0.151,0.151,0.151,484,0.0,0.0
2019-09-18,0.1501,0.1512,0.1501,0.1512,0.1512,2000,0.0,0.0
2019-09-19,0.1512,0.1512,0.1512,0.1512,0.1512,0,0.0,0.0
2019-09-20,0.1512,0.1512,0.1512,0.1512,0.1512,0,0.0,0.0
2019-09-23,0.1512,0.1512,0.1512,0.1512,0.1512,0,0.0,0.0
2019-09-24,0.1512,0.1512,0.1512,0.1512,0.1512,0,0.0,0.0
2019-09-25,0.1512,0.1512,0.1512,0.1512,0.1512,0,0.0,0.0
2019-09-26,0.1512,0.1512,0.1512,0.1512,0.1512,0,0.0,0.0
2019-09-27,0.1512,0.1512,0.1512,0.1512,0.1512,0,0.0,0.0
2019-09-30,0.1512,0.1512,0.1512,0.1512,0.1512,0,0.0,0.0
2019-10-01,0.1512,0.1512,0.1512,0.1512,0.1512,0,0.0,0.0
2019-10-02,0.1512,0.1512,0.1512,0.1512,0.1512,0,0.0,0.0
2019-10-03,0.1512,0.1512,0.1512,0.1512,0.1512,0,0.0,0.0
2019-10-04,0.1512,0.1512,0.1512,0.1512,0.1512,0,0.0,0.0
2019-10-07,0.1512,0.1512,0.1512,0.1512,0.1512,0,0.0,0.0
2019-10-08,0.3299,0.3299,0.3299,0.3299,0.3299,300,0.0,0.0
2019-10-09,0.3299,0.3299,0.3299,0.3299,0.3299,0,0.0,0.0
2019-10-10,0.3299,0.3299,0.3299,0.3299,0.3299,0,0.0,0.0
2019-10-11,0.3299,0.3299,0.3299,0.3299,0.3299,0,0.0,0.0
2019-10-14,0.3299,0.3299,0.3299,0.3299,0.3299,0,0.0,0.0
2019-10-15,0.151,0.151,0.151,0.151,0.151,400,0.0,0.0
2019-10-16,0.151,0.151,0.151,0.151,0.151,0,0.0,0.0
2019-10-17,0.151,0.151,0.151,0.151,0.151,0,0.0,0.0
2019-10-18,0.151,0.151,0.151,0.151,0.151,0,0.0,0.0
2019-10-21,0.151,0.151,0.151,0.151,0.151,0,0.0,0.0
2019-10-22,0.161,0.161,0.161,0.161,0.161,1000,0.0,0.0
2019-10-23,0.161,0.161,0.161,0.161,0.161,0,0.0,0.0
2019-10-24,0.161,0.161,0.161,0.161,0.161,0,0.0,0.0
2019-10-25,0.161,0.161,0.161,0.161,0.161,0,0.0,0.0
2019-10-28,0.161,0.161,0.161,0.161,0.161,0,0.0,0.0
2019-10-29,0.161,0.161,0.161,0.161,0.161,0,0.0,0.0
2019-10-30,0.161,0.161,0.161,0.161,0.161,0,0.0,0.0
2019-10-31,0.161,0.161,0.161,0.161,0.161,0,0.0,0.0
2019-11-01,0.161,0.161,0.161,0.161,0.161,0,0.0,0.0
2019-11-04,0.161,0.161,0.161,0.161,0.161,0,0.0,0.0
2019-11-05,0.161,0.161,0.161,0.161,0.161,0,0.0,0.0
2019-11-06,0.161,0.161,0.161,0.161,0.161,0,0.0,0.0
2019-11-07,0.161,0.161,0.161,0.161,0.161,0,0.0,0.0
2019-11-08,0.161,0.161,0.161,0.161,0.161,0,0.0,0.0
2019-11-11,0.1502,0.151,0.15,0.15,0.15,4760,0.0,0.0
2019-11-12,0.15,0.15,0.15,0.15,0.15,0,0.0,0.0
2019-11-13,0.15,0.15,0.15,0.15,0.15,0,0.0,0.0
2019-11-14,0.15,0.15,0.15,0.15,0.15,0,0.0,0.0
2019-11-15,0.15,0.15,0.15,0.15,0.15,0,0.0,0.0
2019-11-18,0.15,0.15,0.15,0.15,0.15,0,0.0,0.0
2019-11-19,0.33,0.33,0.33,0.33,0.33,100,0.0,0.0
2019-11-20,0.33,0.33,0.33,0.33,0.33,0,0.0,0.0
2019-11-21,0.33,0.33,0.33,0.33,0.33,0,0.0,0.0
2019-11-22,0.33,0.33,0.33,0.33,0.33,0,0.0,0.0
2019-11-25,0.33,0.33,0.33,0.33,0.33,0,0.0,0.0
2019-11-26,0.33,0.33,0.33,0.33,0.33,0,0.0,0.0
2019-11-27,0.33,0.33,0.33,0.33,0.33,0,0.0,0.0
2019-11-29,0.1501,0.1501,0.1475,0.1475,0.1475,1137,0.0,0.0
2019-12-02,0.1475,0.1475,0.1475,0.1475,0.1475,0,0.0,0.0
2019-12-03,0.0352,0.3296,0.0352,0.0551,0.0551,3317,0.0,0.0
2019-12-04,0.0551,0.0551,0.0551,0.0551,0.0551,0,0.0,0.0
2019-12-05,0.0551,0.0551,0.0551,0.0551,0.0551,0,0.0,0.0
2019-12-06,0.0551,0.0551,0.0551,0.0551,0.0551,0,0.0,0.0
2019-12-09,0.0551,0.0551,0.0551,0.0551,0.0551,0,0.0,0.0
2019-12-10,0.0551,0.0551,0.0551,0.0551,0.0551,0,0.0,0.0
2019-12-11,0.0551,0.0551,0.0551,0.0551,0.0551,0,0.0,0.0
2019-12-12,0.0402,0.0459,0.0402,0.0459,0.0459,696,0.0,0.0
2019-12-13,0.0459,0.0459,0.0459,0.0459,0.0459,0,0.0,0.0
2019-12-16,0.0459,0.0459,0.0459,0.0459,0.0459,0,0.0,0.0
2019-12-17,0.0459,0.0459,0.0459,0.0459,0.0459,0,0.0,0.0
2019-12-18,0.0459,0.0459,0.0459,0.0459,0.0459,0,0.0,0.0
2019-12-19,0.0459,0.0459,0.0459,0.0459,0.0459,0,0.0,0.0
2019-12-20,0.0459,0.0459,0.0459,0.0459,0.0459,0,0.0,0.0
2019-12-23,0.0459,0.0459,0.0459,0.0459,0.0459,0,0.0,0.0
2019-12-24,0.22,0.22,0.1275,0.1275,0.1275,2794,0.0,0.0
2019-12-26,0.1275,0.1275,0.1275,0.1275,0.1275,0,0.0,0.0
2019-12-27,0.17375,0.17375,0.1275,0.1275,0.1275,1750,0.0,0.0
2019-12-30,0.1275,0.1275,0.1275,0.1275,0.1275,0,0.0,0.0
2019-12-31,0.1275,0.1275,0.1275,0.1275,0.1275,0,0.0,0.0
2020-01-02,0.1275,0.1275,0.1275,0.1275,0.1275,0,0.0,0.0
2020-01-03,0.1275,0.1275,0.1275,0.1275,0.1275,0,0.0,0.0
2020-01-06,0.2,0.2,0.2,0.2,0.2,3000,0.0,0.0
2020-01-07,0.12,0.1201,0.12,0.1201,0.1201,290,0.0,0.0
2020-01-08,0.1201,0.1201,0.1201,0.1201,0.1201,0,0.0,0.0
2020-01-09,0.3279,0.3279,0.298,0.298,0.298,4500,0.0,0.0
2020-01-10,0.298,0.298,0.298,0.298,0.298,0,0.0,0.0
2020-01-13,0.298,0.298,0.298,0.298,0.298,0,0.0,0.0
2020-01-14,0.298,0.298,0.298,0.298,0.298,0,0.0,0.0
2020-01-15,0.25,0.45,0.25,0.45,0.45,47300,0.0,0.0
2020-01-16,0.4,0.535,0.336,0.4,0.4,12445,0.0,0.0
2020-01-17,0.4,0.4,0.4,0.4,0.4,0,0.0,0.0
2020-01-21,0.4,0.4,0.4,0.4,0.4,0,0.0,0.0
2020-01-22,0.4,0.4,0.4,0.4,0.4,0,0.0,0.0
2020-01-23,0.423,0.423,0.272,0.272,0.272,13809,0.0,0.0
2020-01-24,0.272,0.272,0.272,0.272,0.272,0,0.0,0.0
2020-01-27,0.46,0.46,0.46,0.46,0.46,2500,0.0,0.0
2020-01-28,0.46,0.46,0.46,0.46,0.46,0,0.0,0.0
2020-01-29,0.46,0.46,0.46,0.46,0.46,0,0.0,0.0
2020-01-30,0.46,0.46,0.46,0.46,0.46,0,0.0,0.0
2020-01-31,0.46,0.46,0.45,0.45,0.45,4001,0.0,0.0
2020-02-03,0.323,0.323,0.323,0.323,0.323,15711,0.0,0.0
2020-02-04,0.315,0.315,0.3,0.3,0.3,5650,0.0,0.0
2020-02-05,0.3,0.3,0.3,0.3,0.3,0,0.0,0.0
2020-02-06,0.274,0.274,0.274,0.274,0.274,10400,0.0,0.0
2020-02-07,0.274,0.274,0.274,0.274,0.274,0,0.0,0.0
2020-02-10,0.274,0.274,0.274,0.274,0.274,0,0.0,0.0
2020-02-11,0.27,0.27,0.27,0.27,0.27,600,0.0,0.0
2020-02-12,0.27,0.27,0.27,0.27,0.27,0,0.0,0.0
2020-02-13,0.27,0.27,0.27,0.27,0.27,0,0.0,0.0
2020-02-14,0.27,0.27,0.27,0.27,0.27,0,0.0,0.0
2020-02-18,0.27,0.27,0.27,0.27,0.27,0,0.0,0.0
2020-02-19,0.27,0.27,0.27,0.27,0.27,0,0.0,0.0
2020-02-20,0.27,0.27,0.27,0.27,0.27,0,0.0,0.0
2020-02-21,0.27,0.27,0.27,0.27,0.27,0,0.0,0.0
2020-02-24,0.27,0.27,0.27,0.27,0.27,0,0.0,0.0
2020-02-25,0.27,0.27,0.27,0.27,0.27,0,0.0,0.0
2020-02-26,0.27,0.27,0.27,0.27,0.27,0,0.0,0.0
2020-02-27,0.27,0.27,0.27,0.27,0.27,0,0.0,0.0
2020-02-28,0.27,0.27,0.27,0.27,0.27,0,0.0,0.0
2020-03-02,0.27,0.27,0.27,0.27,0.27,0,0.0,0.0
2020-03-03,0.27,0.27,0.27,0.27,0.27,0,0.0,0.0
2020-03-04,0.28,0.28,0.28,0.28,0.28,200,0.0,0.0
2020-03-05,0.28,0.28,0.28,0.28,0.28,0,0.0,0.0
2020-03-06,0.28,0.28,0.28,0.28,0.28,0,0.0,0.0
2020-03-09,0.487,0.487,0.23,0.23,0.23,2674,0.0,0.0
2020-03-10,0.23,0.23,0.23,0.23,0.23,0,0.0,0.0
2020-03-11,0.23,0.23,0.23,0.23,0.23,0,0.0,0.0
2020-03-12,0.23,0.23,0.23,0.23,0.23,0,0.0,0.0
2020-03-13,0.207,0.207,0.207,0.207,0.207,2026,0.0,0.0
2020-03-16,0.207,0.207,0.207,0.207,0.207,0,0.0,0.0
2020-03-17,0.207,0.207,0.207,0.207,0.207,0,0.0,0.0
2020-03-18,0.207,0.207,0.207,0.207,0.207,8000,0.0,0.0
2020-03-19,0.207,0.207,0.207,0.207,0.207,0,0.0,0.0
2020-03-20,0.207,0.207,0.207,0.207,0.207,0,0.0,0.0
2020-03-23,0.207,0.207,0.207,0.207,0.207,0,0.0,0.0
2020-03-24,0.207,0.207,0.207,0.207,0.207,0,0.0,0.0
2020-03-25,0.207,0.207,0.207,0.207,0.207,0,0.0,0.0
2020-03-26,0.207,0.207,0.207,0.207,0.207,0,0.0,0.0
2020-03-27,0.207,0.207,0.207,0.207,0.207,0,0.0,0.0
2020-03-30,0.207,0.207,0.207,0.207,0.207,0,0.0,0.0
2020-03-31,0.207,0.207,0.207,0.207,0.207,0,0.0,0.0
2020-04-01,0.207,0.207,0.207,0.207,0.207,0,0.0,0.0
2020-04-02,0.207,0.207,0.207,0.207,0.207,0,0.0,0.0
2020-04-03,0.207,0.207,0.207,0.207,0.207,0,0.0,0.0
2020-04-06,0.207,0.207,0.207,0.207,0.207,0,0.0,0.0
2020-04-07,0.207,0.207,0.207,0.207,0.207,0,0.0,0.0
2020-04-08,0.207,0.207,0.207,0.207,0.207,0,0.0,0.0
2020-04-09,0.207,0.207,0.207,0.207,0.207,0,0.0,0.0
2020-04-13,0.207,0.207,0.207,0.207,0.207,0,0.0,0.0
2020-04-14,0.207,0.207,0.207,0.207,0.207,0,0.0,0.0
2020-04-15,0.207,0.207,0.207,0.207,0.207,0,0.0,0.0
2020-04-16,0.207,0.207,0.207,0.207,0.207,0,0.0,0.0
2020-04-17,0.207,0.207,0.207,0.207,0.207,0,0.0,0.0
2020-04-20,0.21499,0.21499,0.205,0.205,0.205,1050,0.0,0.0
2020-04-21,0.205,0.205,0.205,0.205,0.205,0,0.0,0.0
2020-04-22,0.205,0.205,0.205,0.205,0.205,0,0.0,0.0
2020-04-23,0.205,0.205,0.205,0.205,0.205,0,0.0,0.0
2020-04-24,0.205,0.205,0.205,0.205,0.205,0,0.0,0.0
2020-04-27,0.205,0.205,0.205,0.205,0.205,0,0.0,0.0
2020-04-28,0.205,0.205,0.205,0.205,0.205,0,0.0,0.0
2020-04-29,0.205,0.205,0.205,0.205,0.205,0,0.0,0.0
2020-04-30,0.205,0.205,0.205,0.205,0.205,0,0.0,0.0
2020-05-01,0.205,0.205,0.2,0.2,0.2,5000,0.0,0.0
2020-05-04,0.2,0.2,0.2,0.2,0.2,0,0.0,0.0
2020-05-05,0.29,0.3,0.16,0.16,0.16,3476,0.0,0.0
2020-05-06,0.16,0.16,0.16,0.16,0.16,410,0.0,0.0
2020-05-07,0.16,0.16,0.16,0.16,0.16,0,0.0,0.0
2020-05-08,0.16,0.16,0.16,0.16,0.16,0,0.0,0.0
2020-05-11,0.16,0.16,0.16,0.16,0.16,0,0.0,0.0
2020-05-12,0.16,0.16,0.16,0.16,0.16,0,0.0,0.0
2020-05-13,0.16,0.16,0.16,0.16,0.16,0,0.0,0.0
2020-05-14,0.16,0.16,0.16,0.16,0.16,762,0.0,0.0
2020-05-15,0.16,0.16,0.16,0.16,0.16,0,0.0,0.0
2020-05-18,0.16,0.16,0.16,0.16,0.16,0,0.0,0.0
2020-05-19,0.16,0.16,0.16,0.16,0.16,0,0.0,0.0
2020-05-20,0.16,0.16,0.16,0.16,0.16,0,0.0,0.0
2020-05-21,0.16,0.16,0.16,0.16,0.16,604,0.0,0.0
2020-05-22,0.16,0.16,0.16,0.16,0.16,0,0.0,0.0
2020-05-26,0.16,0.16,0.16,0.16,0.16,400,0.0,0.0
2020-05-27,0.16,0.16,0.16,0.16,0.16,0,0.0,0.0
2020-05-28,0.17,0.17,0.16,0.16,0.16,200,0.0,0.0
2020-05-29,0.16,0.16,0.16,0.16,0.16,0,0.0,0.0
2020-06-01,0.16,0.16,0.16,0.16,0.16,0,0.0,0.0
2020-06-02,0.16,0.16,0.16,0.16,0.16,0,0.0,0.0
2020-06-03,0.16,0.16,0.16,0.16,0.16,0,0.0,0.0
2020-06-04,0.16,0.16,0.16,0.16,0.16,0,0.0,0.0
2020-06-05,0.16,0.16,0.16,0.16,0.16,0,0.0,0.0
2020-06-08,0.16,0.16,0.16,0.16,0.16,1091,0.0,0.0
2020-06-09,0.16,0.16,0.16,0.16,0.16,0,0.0,0.0
2020-06-10,0.16,0.16,0.16,0.16,0.16,0,0.0,0.0
2020-06-11,0.16,0.16,0.16,0.16,0.16,0,0.0,0.0
2020-06-12,0.16,0.16,0.16,0.16,0.16,0,0.0,0.0
2020-06-15,0.16,0.16,0.16,0.16,0.16,0,0.0,0.0
2020-06-16,0.16,0.16,0.16,0.16,0.16,0,0.0,0.0
2020-06-17,0.16,0.16,0.16,0.16,0.16,0,0.0,0.0
2020-06-18,0.16,0.16,0.16,0.16,0.16,0,0.0,0.0
2020-06-19,0.16,0.16,0.16,0.16,0.16,0,0.0,0.0
2020-06-22,0.16,0.16,0.16,0.16,0.16,0,0.0,0.0
2020-06-23,0.16,0.16,0.16,0.16,0.16,0,0.0,0.0
2020-06-24,0.16,0.16,0.16,0.16,0.16,0,0.0,0.0
2020-06-25,0.329,0.349,0.329,0.347,0.347,2300,0.0,0.0
2020-06-26,0.16,0.16,0.16,0.16,0.16,360,0.0,0.0
2020-06-29,0.17,0.17,0.16,0.16,0.16,1669,0.0,0.0
2020-06-30,0.16,0.16,0.16,0.16,0.16,300,0.0,0.0
2020-07-01,0.16,0.16,0.16,0.16,0.16,0,0.0,0.0
2020-07-02,0.16,0.16,0.16,0.16,0.16,0,0.0,0.0
2020-07-06,0.16,0.16,0.16,0.16,0.16,0,0.0,0.0
2020-07-07,0.16,0.1601,0.16,0.1601,0.1601,700,0.0,0.0
2020-07-08,0.1601,0.1601,0.1601,0.1601,0.1601,0,0.0,0.0
2020-07-09,0.1601,0.1601,0.1601,0.1601,0.1601,0,0.0,0.0
2020-07-10,0.1601,0.1601,0.1601,0.1601,0.1601,0,0.0,0.0
2020-07-13,0.1601,0.1601,0.1601,0.1601,0.1601,0,0.0,0.0
2020-07-14,0.1601,0.1601,0.1601,0.1601,0.1601,0,0.0,0.0
2020-07-15,0.1601,0.1601,0.1601,0.1601,0.1601,0,0.0,0.0
2020-07-16,0.1601,0.1601,0.1601,0.1601,0.1601,0,0.0,0.0
2020-07-17,0.1601,0.1601,0.1601,0.1601,0.1601,0,0.0,0.0
2020-07-20,0.1601,0.1601,0.1601,0.1601,0.1601,0,0.0,0.0
2020-07-21,0.1601,0.1601,0.1601,0.1601,0.1601,0,0.0,0.0
2020-07-22,0.1601,0.1601,0.1601,0.1601,0.1601,0,0.0,0.0
2020-07-23,0.1601,0.1601,0.1601,0.1601,0.1601,0,0.0,0.0
2020-07-24,0.1601,0.1601,0.1601,0.1601,0.1601,0,0.0,0.0
2020-07-27,0.1601,0.1601,0.1601,0.1601,0.1601,0,0.0,0.0
2020-07-28,0.1601,0.1601,0.1601,0.1601,0.1601,0,0.0,0.0
2020-07-29,0.1601,0.1601,0.1601,0.1601,0.1601,0,0.0,0.0
2020-07-30,0.1601,0.1601,0.1601,0.1601,0.1601,0,0.0,0.0
2020-07-31,0.1601,0.1601,0.1601,0.1601,0.1601,0,0.0,0.0
2020-08-03,0.1601,0.1601,0.1601,0.1601,0.1601,0,0.0,0.0
2020-08-04,0.1601,0.1601,0.1601,0.1601,0.1601,0,0.0,0.0
2020-08-05,0.1601,0.1601,0.1601,0.1601,0.1601,0,0.0,0.0
2020-08-06,0.1601,0.1601,0.1601,0.1601,0.1601,0,0.0,0.0
2020-08-07,0.1601,0.1601,0.1601,0.1601,0.1601,0,0.0,0.0
2020-08-10,0.1601,0.1601,0.1601,0.1601,0.1601,0,0.0,0.0
2020-08-11,0.35,0.35,0.34,0.35,0.35,1600,0.0,0.0
2020-08-12,0.35,0.35,0.35,0.35,0.35,0,0.0,0.0
2020-08-13,0.35,0.35,0.35,0.35,0.35,500,0.0,0.0
2020-08-14,0.16,0.16,0.16,0.16,0.16,345,0.0,0.0
2020-08-17,0.16,0.16,0.16,0.16,0.16,0,0.0,0.0
2020-08-18,0.16,0.16,0.16,0.16,0.16,0,0.0,0.0
2020-08-19,0.16,0.16,0.16,0.16,0.16,0,0.0,0.0
2020-08-20,0.18,0.18,0.18,0.18,0.18,720,0.0,0.0
2020-08-21,0.18,0.18,0.18,0.18,0.18,0,0.0,0.0
2020-08-24,0.16,0.16,0.16,0.16,0.16,3053,0.0,0.0
2020-08-25,0.16,0.16,0.16,0.16,0.16,0,0.0,0.0
2020-08-26,0.16,0.16,0.16,0.16,0.16,0,0.0,0.0
2020-08-27,0.16,0.16,0.16,0.16,0.16,0,0.0,0.0
2020-08-28,0.16,0.16,0.16,0.16,0.16,0,0.0,0.0
2020-08-31,0.16,0.16,0.16,0.16,0.16,0,0.0,0.0
2020-09-01,0.16,0.16,0.16,0.16,0.16,0,0.0,0.0
2020-09-02,0.16,0.16,0.16,0.16,0.16,0,0.0,0.0
2020-09-03,0.16,0.16,0.16,0.16,0.16,0,0.0,0.0
2020-09-04,0.16,0.16,0.16,0.16,0.16,0,0.0,0.0
2020-09-08,0.16,0.16,0.16,0.16,0.16,0,0.0,0.0
2020-09-09,0.16,0.16,0.16,0.16,0.16,0,0.0,0.0
2020-09-10,0.16,0.16,0.16,0.16,0.16,0,0.0,0.0
2020-09-11,0.16,0.16,0.16,0.16,0.16,100,0.0,0.0
2020-09-14,0.157,0.157,0.1,0.15,0.15,1800,0.0,0.0
2020-09-15,0.15,0.15,0.15,0.15,0.15,0,0.0,0.0
2020-09-16,0.15,0.15,0.15,0.15,0.15,0,0.0,0.0
2020-09-17,0.35,0.35,0.35,0.35,0.35,100,0.0,0.0
2020-09-18,0.35,0.35,0.35,0.35,0.35,0,0.0,0.0
2020-09-21,0.35,0.35,0.35,0.35,0.35,0,0.0,0.0
2020-09-22,0.35,0.35,0.35,0.35,0.35,0,0.0,0.0
2020-09-23,0.02009,0.02009,0.0101,0.0101,0.0101,1000,0.0,0.0
2020-09-24,0.0101,0.0101,0.0101,0.0101,0.0101,0,0.0,0.0
2020-09-25,0.0101,0.0101,0.0101,0.0101,0.0101,0,0.0,0.0
2020-09-28,0.0101,0.0101,0.0101,0.0101,0.0101,0,0.0,0.0
2020-09-29,0.0101,0.0101,0.0101,0.0101,0.0101,0,0.0,0.0
2020-09-30,0.0101,0.0101,0.0101,0.0101,0.0101,0,0.0,0.0
2020-10-01,0.0101,0.0101,0.0101,0.0101,0.0101,0,0.0,0.0
2020-10-02,0.0101,0.0101,0.0101,0.0101,0.0101,0,0.0,0.0
2020-10-05,0.0101,0.0101,0.0101,0.0101,0.0101,0,0.0,0.0
2020-10-06,0.0101,0.0101,0.0101,0.0101,0.0101,0,0.0,0.0
2020-10-07,0.0101,0.0101,0.0101,0.0101,0.0101,0,0.0,0.0
2020-10-08,0.0101,0.0101,0.0101,0.0101,0.0101,0,0.0,0.0
2020-10-09,0.0101,0.0101,0.0101,0.0101,0.0101,0,0.0,0.0
2020-10-12,0.33,0.33,0.33,0.33,0.33,100,0.0,0.0
2020-10-13,0.33,0.33,0.33,0.33,0.33,0,0.0,0.0
2020-10-14,0.33,0.33,0.33,0.33,0.33,0,0.0,0.0
2020-10-15,0.33,0.33,0.33,0.33,0.33,0,0.0,0.0
2020-10-16,0.33,0.33,0.33,0.33,0.33,0,0.0,0.0
2020-10-19,0.33,0.33,0.33,0.33,0.33,0,0.0,0.0
2020-10-20,0.33,0.33,0.33,0.33,0.33,0,0.0,0.0
2020-10-21,0.33,0.33,0.33,0.33,0.33,0,0.0,0.0
2020-10-22,0.33,0.33,0.33,0.33,0.33,0,0.0,0.0
2020-10-23,0.33,0.33,0.33,0.33,0.33,0,0.0,0.0
2020-10-26,0.33,0.33,0.33,0.33,0.33,0,0.0,0.0
2020-10-27,0.32,0.32,0.32,0.32,0.32,7400,0.0,0.0
2020-10-28,0.32,0.32,0.32,0.32,0.32,0,0.0,0.0
2020-10-29,0.32,0.32,0.32,0.32,0.32,0,0.0,0.0
2020-10-30,0.0112,0.15,0.0112,0.15,0.15,4970,0.0,0.0
2020-11-02,0.15,0.15,0.15,0.15,0.15,0,0.0,0.0
2020-11-03,0.2,0.2,0.2,0.2,0.2,29910,0.0,0.0
2020-11-04,0.2,0.2,0.2,0.2,0.2,0,0.0,0.0
2020-11-05,0.2,0.2,0.2,0.2,0.2,0,0.0,0.0
2020-11-06,0.2,0.2,0.2,0.2,0.2,0,0.0,0.0
2020-11-09,0.3,0.3,0.3,0.3,0.3,100,0.0,0.0
2020-11-10,0.3,0.3,0.3,0.3,0.3,0,0.0,0.0
2020-11-11,0.3,0.3,0.3,0.3,0.3,0,0.0,0.0
2020-11-12,0.3,0.3,0.3,0.3,0.3,0,0.0,0.0
2020-11-13,0.3,0.3,0.3,0.3,0.3,0,0.0,0.0
2020-11-16,0.3,0.3,0.3,0.3,0.3,0,0.0,0.0
2020-11-17,0.3,0.3,0.3,0.3,0.3,0,0.0,0.0
2020-11-18,0.3,0.3,0.3,0.3,0.3,0,0.0,0.0
2020-11-19,0.3,0.3,0.3,0.3,0.3,0,0.0,0.0
2020-11-20,0.3,0.3,0.3,0.3,0.3,0,0.0,0.0
2020-11-23,0.3,0.3,0.3,0.3,0.3,0,0.0,0.0
2020-11-24,0.3,0.3,0.3,0.3,0.3,100,0.0,0.0
2020-11-25,0.3,0.3,0.3,0.3,0.3,0,0.0,0.0
2020-11-27,0.3,0.3,0.3,0.3,0.3,0,0.0,0.0
2020-11-30,0.3,0.3,0.3,0.3,0.3,100,0.0,0.0
2020-12-01,0.3,0.3,0.3,0.3,0.3,0,0.0,0.0
2020-12-02,0.3,0.3,0.3,0.3,0.3,0,0.0,0.0
2020-12-03,0.3,0.3,0.3,0.3,0.3,0,0.0,0.0
2020-12-04,0.3,0.3,0.3,0.3,0.3,0,0.0,0.0
2020-12-07,0.3,0.3,0.3,0.3,0.3,0,0.0,0.0
2020-12-08,0.3,0.3,0.3,0.3,0.3,0,0.0,0.0
2020-12-09,0.0355,0.0355,0.0355,0.0355,0.0355,200,0.0,0.0
2020-12-10,0.0355,0.0355,0.0355,0.0355,0.0355,0,0.0,0.0
2020-12-11,0.0355,0.0355,0.0355,0.0355,0.0355,0,0.0,0.0
2020-12-14,0.0355,0.0355,0.0355,0.0355,0.0355,0,0.0,0.0
2020-12-15,0.03545,0.03545,0.03545,0.03545,0.03545,2000,0.0,0.0
2020-12-16,0.03545,0.03545,0.03545,0.03545,0.03545,0,0.0,0.0
2020-12-17,0.03545,0.03545,0.03545,0.03545,0.03545,0,0.0,0.0
2020-12-18,0.24945,0.24945,0.24945,0.24945,0.24945,1000,0.0,0.0
2020-12-21,0.24945,0.24945,0.24945,0.24945,0.24945,0,0.0,0.0
2020-12-22,0.06,0.06,0.05,0.05,0.05,3236,0.0,0.0
2020-12-23,0.05,0.05,0.05,0.05,0.05,0,0.0,0.0
2020-12-24,0.05,0.05,0.05,0.05,0.05,0,0.0,0.0
2020-12-28,0.05,0.05,0.05,0.05,0.05,0,0.0,0.0
2020-12-29,0.04815,0.04815,0.0352,0.0352,0.0352,1894,0.0,0.0
2020-12-30,0.0352,0.0352,0.0352,0.0352,0.0352,0,0.0,0.0
2020-12-31,0.0352,0.0352,0.0352,0.0352,0.0352,0,0.0,0.0
2021-01-04,0.295,0.295,0.295,0.295,0.295,200,0.0,0.0
2021-01-05,0.295,0.295,0.295,0.295,0.295,0,0.0,0.0
2021-01-06,0.295,0.295,0.295,0.295,0.295,0,0.0,0.0
2021-01-07,0.295,0.295,0.295,0.295,0.295,0,0.0,0.0
2021-01-08,0.295,0.295,0.295,0.295,0.295,0,0.0,0.0
2021-01-11,0.295,0.295,0.295,0.295,0.295,0,0.0,0.0
2021-01-12,0.295,0.295,0.295,0.295,0.295,0,0.0,0.0
2021-01-13,0.295,0.295,0.295,0.295,0.295,0,0.0,0.0
2021-01-14,0.295,0.295,0.295,0.295,0.295,0,0.0,0.0
2021-01-15,0.25,0.25,0.25,0.25,0.25,100,0.0,0.0
2021-01-19,0.0394,0.0394,0.0393,0.0393,0.0393,624,0.0,0.0
2021-01-20,0.295,0.295,0.295,0.295,0.295,125,0.0,0.0
2021-01-21,0.295,0.295,0.295,0.295,0.295,0,0.0,0.0
2021-01-22,0.2413,0.2413,0.2413,0.2413,0.2413,1000,0.0,0.0
2021-01-25,0.0493,0.0493,0.0393,0.0393,0.0393,620,0.0,0.0
2021-01-26,0.0393,0.0393,0.0393,0.0393,0.0393,0,0.0,0.0
2021-01-27,0.26405,0.26555,0.26405,0.26555,0.26555,355,0.0,0.0
2021-01-28,0.26555,0.26555,0.26555,0.26555,0.26555,0,0.0,0.0
2021-01-29,0.26555,0.26555,0.26555,0.26555,0.26555,0,0.0,0.0
2021-02-01,0.0393,0.0393,0.0393,0.0393,0.0393,252,0.0,0.0
2021-02-02,0.298,0.298,0.298,0.298,0.298,950,0.0,0.0
2021-02-03,0.298,0.298,0.298,0.298,0.298,0,0.0,0.0
2021-02-04,0.298,0.298,0.298,0.298,0.298,0,0.0,0.0
2021-02-05,0.298,0.298,0.298,0.298,0.298,0,0.0,0.0
2021-02-08,0.298,0.298,0.298,0.298,0.298,0,0.0,0.0
2021-02-09,0.298,0.298,0.298,0.298,0.298,0,0.0,0.0
2021-02-10,0.298,0.298,0.298,0.298,0.298,0,0.0,0.0
2021-02-11,0.298,0.298,0.298,0.298,0.298,0,0.0,0.0
2021-02-12,0.298,0.298,0.298,0.298,0.298,0,0.0,0.0
2021-02-16,0.298,0.298,0.298,0.298,0.298,1020,0.0,0.0
2021-02-17,0.298,0.298,0.298,0.298,0.298,0,0.0,0.0
2021-02-18,0.298,0.298,0.298,0.298,0.298,0,0.0,0.0
2021-02-19,0.298,0.298,0.298,0.298,0.298,0,0.0,0.0
2021-02-22,0.298,0.298,0.298,0.298,0.298,0,0.0,0.0
2021-02-23,0.298,0.298,0.298,0.298,0.298,0,0.0,0.0
2021-02-24,0.298,0.298,0.298,0.298,0.298,0,0.0,0.0
2021-02-25,0.298,0.298,0.298,0.298,0.298,0,0.0,0.0
2021-02-26,0.298,0.298,0.298,0.298,0.298,0,0.0,0.0
2021-03-01,0.041,0.041,0.041,0.041,0.041,1000,0.0,0.0
2021-03-02,0.041,0.041,0.041,0.041,0.041,0,0.0,0.0
2021-03-03,0.3,3.85,0.1002,1.49,1.49,380993,0.0,0.0
2021-03-04,1.67,1.92,1.06,1.3,1.3,52517,0.0,0.0
2021-03-05,1.3,2.8,1.3,1.95,1.95,75232,0.0,0.0
2021-03-08,1.7,1.9,1.29,1.49,1.49,18793,0.0,0.0
2021-03-09,1.31,1.5,1.22,1.38,1.38,10120,0.0,0.0
2021-03-10,1.325,1.325,1.01,1.05,1.05,25207,0.0,0.0
2021-03-11,1.05,1.7,1.05,1.1,1.1,26623,0.0,0.0
2021-03-12,1.07,1.11,0.85,1.11,1.11,7029,0.0,0.0
2021-03-15,0.6,1.1,0.6,1.09,1.09,5592,0.0,0.0
2021-03-16,1.09,1.09,1.0,1.0,1.0,8255,0.0,0.0
2021-03-17,0.855,1.0,0.71,1.0,1.0,4589,0.0,0.0
2021-03-18,0.8,1.0,0.73,0.85,0.85,2206,0.0,0.0
2021-03-19,0.6122,1.0,0.6122,0.65,0.65,2765,0.0,0.0
2021-03-22,0.77,0.77,0.6601,0.6601,0.6601,9500,0.0,0.0
2021-03-23,0.4102,0.9,0.4102,0.5212,0.5212,1100,0.0,0.0
2021-03-24,0.88,0.88,0.85,0.85,0.85,1401,0.0,0.0
2021-03-25,0.69005,0.69005,0.542,0.61,0.61,1633,0.0,0.0
2021-03-26,0.82,0.82,0.82,0.82,0.82,120,0.0,0.0
2021-03-29,0.82,0.82,0.82,0.82,0.82,0,0.0,0.0
2021-03-30,0.62009,0.8,0.6101,0.8,0.8,5349,0.0,0.0
2021-03-31,0.82,0.9,0.6181,0.85,0.85,6448,0.0,0.0
2021-04-01,0.542,0.6,0.52055,0.6,0.6,989,0.0,0.0
2021-04-05,0.61,0.61,0.61,0.61,0.61,660,0.0,0.0
2021-04-06,0.61,0.61,0.61,0.61,0.61,0,0.0,0.0
2021-04-07,0.542,0.542,0.54,0.54,0.54,1160,0.0,0.0
2021-04-08,0.65,0.65,0.55,0.55,0.55,1250,0.0,0.0
2021-04-09,0.57,0.57,0.57,0.57,0.57,179,0.0,0.0
2021-04-12,0.52,0.5205,0.52,0.52,0.52,5810,0.0,0.0
2021-04-13,0.53,0.53,0.53,0.53,0.53,284,0.0,0.0
2021-04-14,0.57,0.63498,0.52,0.52,0.52,5266,0.0,0.0
2021-04-15,0.52,0.52,0.52,0.52,0.52,200,0.0,0.0
2021-04-16,0.52,0.52,0.41999,0.41999,0.41999,1411,0.0,0.0
2021-04-19,0.45,0.45,0.4101,0.4101,0.4101,602,0.0,0.0
2021-04-20,0.43005,0.43005,0.43005,0.43005,0.43005,500,0.0,0.0
2021-04-21,0.41999,0.41999,0.41999,0.41999,0.41999,160,0.0,0.0
2021-04-22,0.4302,0.4302,0.4302,0.4302,0.4302,275,0.0,0.0
2021-04-23,0.8997,0.9,0.4202,0.4202,0.4202,6430,0.0,0.0
2021-04-26,0.4309,0.44,0.4309,0.44,0.44,520,0.0,0.0
2021-04-27,0.46,0.46,0.46,0.46,0.46,501,0.0,0.0
2021-04-28,0.46,0.46,0.46,0.46,0.46,0,0.0,0.0
2021-04-29,0.4651,0.468,0.4651,0.468,0.468,3150,0.0,0.0
2021-04-30,0.89,0.89,0.4651,0.4656,0.4656,1416,0.0,0.0
2021-05-03,0.52,0.52,0.52,0.52,0.52,1150,0.0,0.0
2021-05-04,0.52,0.52,0.52,0.52,0.52,0,0.0,0.0
2021-05-05,0.52,0.52,0.52,0.52,0.52,0,0.0,0.0
2021-05-06,0.87,0.87,0.41255,0.8,0.8,600,0.0,0.0
2021-05-07,0.8,0.8,0.8,0.8,0.8,3189,0.0,0.0
2021-05-10,0.78,0.78,0.76,0.76,0.76,765,0.0,0.0
2021-05-11,0.4,0.56,0.4,0.56,0.56,1667,0.0,0.0
2021-05-12,0.56,0.56,0.56,0.56,0.56,0,0.0,0.0
2021-05-13,0.47,0.47,0.47,0.47,0.47,420,0.0,0.0
2021-05-14,0.47,0.89,0.47,0.7,0.7,2071,0.0,0.0
2021-05-17,0.7,0.7,0.4733,0.4733,0.4733,550,0.0,0.0
2021-05-18,0.4301,0.4301,0.4301,0.4301,0.4301,100,0.0,0.0
2021-05-19,0.4301,0.4301,0.4301,0.4301,0.4301,0,0.0,0.0
2021-05-20,0.53265,0.53265,0.4103,0.4103,0.4103,731,0.0,0.0
2021-05-21,0.45,0.45,0.45,0.45,0.45,110,0.0,0.0
2021-05-24,0.45,0.45,0.45,0.45,0.45,0,0.0,0.0
2021-05-25,0.45,0.45,0.45,0.45,0.45,0,0.0,0.0
2021-05-26,0.45,0.45,0.45,0.45,0.45,0,0.0,0.0
2021-05-27,0.45,0.45,0.45,0.45,0.45,2592,0.0,0.0
2021-05-28,0.65,0.66,0.565,0.655,0.655,18349,0.0,0.0
2021-06-01,0.8325,1.65,0.72,0.7521,0.7521,77137,0.0,0.0
2021-06-02,0.98,0.98,0.81,0.85,0.85,8254,0.0,0.0
2021-06-03,0.9,1.25,0.85,0.9,0.9,10189,0.0,0.0
2021-06-04,0.78,0.8,0.77,0.8,0.8,4751,0.0,0.0
2021-06-07,0.79,0.99,0.7521,0.99,0.99,1655,0.0,0.0
2021-06-08,1.0,1.0,0.7521,0.7521,0.7521,550,0.0,0.0
2021-06-09,0.6601,0.6601,0.6501,0.6501,0.6501,1411,0.0,0.0
2021-06-10,0.6001,0.80005,0.6001,0.75005,0.75005,2349,0.0,0.0
2021-06-11,0.7,1.0,0.7,0.95,0.95,8381,0.0,0.0
2021-06-14,0.95,0.95,0.9,0.95,0.95,4670,0.0,0.0
2021-06-15,0.9,0.95,0.9,0.95,0.95,3516,0.0,0.0
2021-06-16,0.95,0.99,0.7875,0.7875,0.7875,3296,0.0,0.0
2021-06-17,0.83,0.83,0.83,0.83,0.83,650,0.0,0.0
2021-06-18,0.6501,0.98,0.6501,0.98,0.98,7546,0.0,0.0
2021-06-21,0.8901,1.03,0.8901,1.03,1.03,6668,0.0,0.0
2021-06-22,1.03,1.05,1.0,1.05,1.05,3215,0.0,0.0
2021-06-23,1.075,1.1,1.01,1.03,1.03,1940,0.0,0.0
2021-06-24,1.01,1.14,1.01,1.0275,1.0275,3639,0.0,0.0
2021-06-25,0.955,0.955,0.95,0.95,0.95,2608,0.0,0.0
2021-06-28,0.95,1.0,0.95,1.0,1.0,2587,0.0,0.0
2021-06-29,0.9501,1.02505,0.95,0.95,0.95,3435,0.0,0.0
2021-06-30,1.0,1.0,1.0,1.0,1.0,1863,0.0,0.0
2021-07-01,0.61009,0.75,0.605,0.75,0.75,3760,0.0,0.0
2021-07-02,0.75,0.75,0.75,0.75,0.75,0,0.0,0.0
2021-07-06,0.75,0.75,0.75,0.75,0.75,0,0.0,0.0
2021-07-07,0.75,0.75,0.75,0.75,0.75,0,0.0,0.0
2021-07-08,0.6001,0.6001,0.6001,0.6001,0.6001,579,0.0,0.0
2021-07-09,0.6125,0.6125,0.6125,0.6125,0.6125,1000,0.0,0.0
2021-07-12,0.6,1.07,0.6,0.6151,0.6151,7090,0.0,0.0
2021-07-13,0.99,1.08,0.8899,0.9999,0.9999,6032,0.0,0.0
2021-07-14,0.7338,0.7338,0.7338,0.7338,0.7338,185,0.0,0.0
2021-07-15,0.7338,0.7338,0.7338,0.7338,0.7338,0,0.0,0.0
2021-07-16,0.6501,0.6501,0.6501,0.6501,0.6501,600,0.0,0.0
2021-07-19,0.75,0.75,0.75,0.75,0.75,280,0.0,0.0
2021-07-20,0.63,0.63,0.63,0.63,0.63,4500,0.0,0.0
2021-07-21,0.75,0.75,0.75,0.75,0.75,370,0.0,0.0
2021-07-22,0.72248,0.72248,0.72248,0.72248,0.72248,1004,0.0,0.0
2021-07-23,0.63,0.63,0.63,0.63,0.63,2440,0.0,0.0
2021-07-26,0.64,0.8799,0.64,0.8799,0.8799,248,0.0,0.0
2021-07-27,0.63,0.63,0.63,0.63,0.63,240,0.0,0.0
2021-07-28,0.68,0.68,0.68,0.68,0.68,625,0.0,0.0
2021-07-29,0.68,0.68,0.68,0.68,0.68,0,0.0,0.0
2021-07-30,0.68,0.68,0.68,0.68,0.68,0,0.0,0.0
2021-08-02,0.68,0.68,0.68,0.68,0.68,0,0.0,0.0
2021-08-03,0.68,0.68,0.63,0.63,0.63,1555,0.0,0.0
2021-08-04,0.63,0.63,0.63,0.63,0.63,0,0.0,0.0
2021-08-05,0.78,0.7908,0.78,0.7908,0.7908,1000,0.0,0.0
2021-08-06,0.7908,0.7908,0.7908,0.7908,0.7908,0,0.0,0.0
2021-08-09,0.54005,0.54005,0.54005,0.54005,0.54005,1870,0.0,0.0
2021-08-10,0.54005,0.54005,0.54005,0.54005,0.54005,0,0.0,0.0
2021-08-11,0.55,0.55,0.55,0.55,0.55,153,0.0,0.0
2021-08-12,0.78753,0.78753,0.78753,0.78753,0.78753,145,0.0,0.0
2021-08-13,0.82495,0.83995,0.4502,0.4502,0.4502,670,0.0,0.0
2021-08-16,0.4701,0.4701,0.4701,0.4701,0.4701,130,0.0,0.0
2021-08-17,0.63,0.63,0.63,0.63,0.63,500,0.0,0.0
2021-08-18,0.5,0.8899,0.4502,0.5,0.5,1195,0.0,0.0
2021-08-19,0.79,0.7999,0.79,0.7999,0.7999,230,0.0,0.0
2021-08-20,0.5201,0.53,0.51,0.53,0.53,1757,0.0,0.0
2021-08-23,0.53,0.53,0.53,0.53,0.53,0,0.0,0.0
2021-08-24,0.6,0.6,0.55,0.55,0.55,7147,0.0,0.0
2021-08-25,0.55,0.55,0.55,0.55,0.55,0,0.0,0.0
2021-08-26,0.65,0.65,0.65,0.65,0.65,3538,0.0,0.0
2021-08-27,0.67,0.67,0.67,0.67,0.67,500,0.0,0.0
2021-08-30,0.755,0.755,0.5501,0.5501,0.5501,2700,0.0,0.0
2021-08-31,0.5501,0.5501,0.5501,0.5501,0.5501,0,0.0,0.0
2021-09-01,0.5501,0.5501,0.5501,0.5501,0.5501,0,0.0,0.0
2021-09-02,0.5501,0.5501,0.55,0.55,0.55,2025,0.0,0.0
2021-09-03,0.55,0.55,0.55,0.55,0.55,1271,0.0,0.0
2021-09-07,0.5602,0.62758,0.5501,0.5501,0.5501,7000,0.0,0.0
2021-09-08,0.5501,0.5501,0.5501,0.5501,0.5501,0,0.0,0.0
2021-09-09,0.5501,0.5501,0.5501,0.5501,0.5501,0,0.0,0.0
2021-09-10,0.5701,0.5701,0.56,0.56,0.56,7098,0.0,0.0
2021-09-13,0.63493,0.63493,0.63493,0.63493,0.63493,200,0.0,0.0
2021-09-14,0.555,0.555,0.555,0.555,0.555,500,0.0,0.0
2021-09-15,0.565,0.8397,0.565,0.8397,0.8397,3127,0.0,0.0
2021-09-16,0.8397,0.8397,0.8397,0.8397,0.8397,0,0.0,0.0
2021-09-17,0.8397,0.8397,0.8397,0.8397,0.8397,0,0.0,0.0
2021-09-20,0.8398,0.8398,0.6,0.6,0.6,500,0.0,0.0
2021-09-21,0.6,0.6,0.6,0.6,0.6,320,0.0,0.0
2021-09-22,0.6,0.6,0.55,0.55,0.55,1104,0.0,0.0
2021-09-23,0.55,0.55,0.55,0.55,0.55,0,0.0,0.0
2021-09-24,0.5775,0.5775,0.5775,0.5775,0.5775,135,0.0,0.0
2021-09-27,0.5775,0.5775,0.5775,0.5775,0.5775,0,0.0,0.0
2021-09-28,0.7999,0.7999,0.7998,0.7999,0.7999,2500,0.0,0.0
2021-09-29,0.7999,0.7999,0.7998,0.7999,0.7999,1250,0.0,0.0
2021-09-30,0.7999,0.7999,0.7999,0.7999,0.7999,0,0.0,0.0
2021-10-01,0.7999,0.7999,0.7999,0.7999,0.7999,0,0.0,0.0
2021-10-04,0.5501,0.7989,0.5501,0.7989,0.7989,650,0.0,0.0
2021-10-05,0.7989,0.7989,0.7989,0.7989,0.7989,0,0.0,0.0
2021-10-06,0.7989,0.7989,0.7989,0.7989,0.7989,0,0.0,0.0
2021-10-07,0.7989,0.7989,0.7989,0.7989,0.7989,0,0.0,0.0
2021-10-08,0.7989,0.7989,0.7989,0.7989,0.7989,0,0.0,0.0
2021-10-11,0.7989,0.7989,0.7989,0.7989,0.7989,0,0.0,0.0
2021-10-12,0.7,0.7,0.5501,0.5701,0.5701,9520,0.0,0.0
2021-10-13,0.6,0.9,0.6,0.66,0.66,100442,0.0,0.0
2021-10-14,0.6138,0.6399,0.55,0.63,0.63,13242,0.0,0.0
2021-10-15,0.63,0.63,0.63,0.63,0.63,0,0.0,0.0
2021-10-18,0.63,0.63,0.63,0.63,0.63,0,0.0,0.0
2021-10-19,0.5601,0.5601,0.5601,0.5601,0.5601,1000,0.0,0.0
2021-10-20,0.61796,0.6255,0.61796,0.6255,0.6255,1580,0.0,0.0
2021-10-21,0.58505,0.62,0.5501,0.62,0.62,620,0.0,0.0
2021-10-22,0.62,0.62,0.62,0.62,0.62,0,0.0,0.0
2021-10-25,0.62,0.62,0.62,0.62,0.62,0,0.0,0.0
2021-10-26,0.62,0.62,0.62,0.62,0.62,0,0.0,0.0
2021-10-27,0.62,0.62,0.62,0.62,0.62,0,0.0,0.0
2021-10-28,0.5601,0.58955,0.5601,0.5701,0.5701,2602,0.0,0.0
2021-10-29,0.5501,0.5501,0.55,0.55,0.55,3000,0.0,0.0
2021-11-01,0.55,0.55,0.55,0.55,0.55,7929,0.0,0.0
2021-11-02,0.55,0.55,0.42,0.42,0.42,4000,0.0,0.0
2021-11-03,0.525,0.525,0.525,0.525,0.525,1550,0.0,0.0
2021-11-04,0.545,0.56,0.525,0.525,0.525,3300,0.0,0.0
2021-11-05,0.525,0.525,0.525,0.525,0.525,0,0.0,0.0
2021-11-08,0.525,0.525,0.525,0.525,0.525,8900,0.0,0.0
2021-11-09,0.525,0.525,0.525,0.525,0.525,0,0.0,0.0
2021-11-10,0.525,0.525,0.525,0.525,0.525,400,0.0,0.0
2021-11-11,0.4,0.525,0.4,0.525,0.525,1000,0.0,0.0
2021-11-12,0.525,0.525,0.525,0.525,0.525,2751,0.0,0.0
2021-11-15,0.525,0.525,0.525,0.525,0.525,0,0.0,0.0
2021-11-16,0.525,0.525,0.4,0.4,0.4,600,0.0,0.0
2021-11-17,0.4,0.6099,0.4,0.6099,0.6099,500,0.0,0.0
2021-11-18,0.5799,0.5899,0.5799,0.5899,0.5899,827,0.0,0.0
2021-11-19,0.5899,0.5899,0.5899,0.5899,0.5899,0,0.0,0.0
2021-11-22,0.4,0.4,0.4,0.4,0.4,2500,0.0,0.0
2021-11-23,0.4,0.4,0.4,0.4,0.4,0,0.0,0.0
2021-11-24,0.4,0.4,0.4,0.4,0.4,0,0.0,0.0
2021-11-26,0.4,0.4,0.4,0.4,0.4,0,0.0,0.0
2021-11-29,0.4,0.4,0.4,0.4,0.4,0,0.0,0.0
2021-11-30,0.525,0.525,0.525,0.525,0.525,1415,0.0,0.0
2021-12-01,0.525,0.525,0.525,0.525,0.525,0,0.0,0.0
2021-12-02,0.525,0.525,0.525,0.525,0.525,0,0.0,0.0
2021-12-03,0.36545,0.36545,0.32,0.32,0.32,3588,0.0,0.0
2021-12-06,0.32,0.32,0.32,0.32,0.32,0,0.0,0.0
2021-12-07,0.34,0.34,0.32015,0.32015,0.32015,1100,0.0,0.0
2021-12-08,0.32015,0.32015,0.32015,0.32015,0.32015,0,0.0,0.0
2021-12-09,0.32,0.352,0.32,0.34,0.34,2000,0.0,0.0
2021-12-10,0.341,0.341,0.341,0.341,0.341,500,0.0,0.0
2021-12-13,0.341,0.341,0.341,0.341,0.341,0,0.0,0.0
2021-12-14,0.341,0.341,0.341,0.341,0.341,0,0.0,0.0
2021-12-15,0.341,0.341,0.341,0.341,0.341,0,0.0,0.0
2021-12-16,0.341,0.341,0.341,0.341,0.341,0,0.0,0.0
2021-12-17,0.341,0.341,0.341,0.341,0.341,0,0.0,0.0
2021-12-20,0.341,0.341,0.341,0.341,0.341,0,0.0,0.0
2021-12-21,0.341,0.341,0.341,0.341,0.341,0,0.0,0.0
2021-12-22,0.341,0.341,0.341,0.341,0.341,0,0.0,0.0
2021-12-23,0.341,0.341,0.341,0.341,0.341,0,0.0,0.0
2021-12-27,0.341,0.341,0.341,0.341,0.341,0,0.0,0.0
2021-12-28,0.33,0.33,0.321,0.321,0.321,6482,0.0,0.0
2021-12-29,0.321,0.321,0.31,0.31,0.31,14233,0.0,0.0
2021-12-30,0.28,0.28,0.28,0.28,0.28,546,0.0,0.0
2021-12-31,0.31,0.31,0.31,0.31,0.31,6850,0.0,0.0
2022-01-03,0.31,0.31,0.31,0.31,0.31,0,0.0,0.0
2022-01-04,0.31,0.31,0.31,0.31,0.31,0,0.0,0.0
2022-01-05,0.31,0.31,0.31,0.31,0.31,0,0.0,0.0
2022-01-06,0.31,0.31,0.31,0.31,0.31,0,0.0,0.0
2022-01-07,0.261,0.261,0.261,0.261,0.261,1000,0.0,0.0
2022-01-10,0.261,0.261,0.261,0.261,0.261,0,0.0,0.0
2022-01-11,0.261,0.261,0.261,0.261,0.261,0,0.0,0.0
2022-01-12,0.261,0.261,0.261,0.261,0.261,0,0.0,0.0
2022-01-13,0.261,0.261,0.261,0.261,0.261,0,0.0,0.0
2022-01-14,0.261,0.261,0.261,0.261,0.261,0,0.0,0.0
2022-01-18,0.261,0.261,0.261,0.261,0.261,0,0.0,0.0
2022-01-19,0.26,0.27,0.26,0.27,0.27,1790,0.0,0.0
2022-01-20,0.27,0.27,0.27,0.27,0.27,0,0.0,0.0
2022-01-21,0.27,0.27,0.27,0.27,0.27,0,0.0,0.0
2022-01-24,0.27,0.27,0.27,0.27,0.27,0,0.0,0.0
2022-01-25,0.27,0.27,0.27,0.27,0.27,0,0.0,0.0
2022-01-26,0.27,0.27,0.27,0.27,0.27,0,0.0,0.0
2022-01-27,0.27,0.27,0.27,0.27,0.27,0,0.0,0.0
2022-01-28,0.27,0.27,0.27,0.27,0.27,0,0.0,0.0
2022-01-31,0.27,0.27,0.27,0.27,0.27,0,0.0,0.0
2022-02-01,0.27,0.27,0.27,0.27,0.27,0,0.0,0.0
2022-02-02,0.42495,0.45,0.42495,0.45,0.45,1122,0.0,0.0
2022-02-03,0.45,0.45,0.25,0.25,0.25,3130,0.0,0.0
2022-02-04,0.25,0.25,0.21,0.21,0.21,900,0.0,0.0
2022-02-07,0.21,0.21,0.21,0.21,0.21,0,0.0,0.0
2022-02-08,0.21,0.21,0.21,0.21,0.21,0,0.0,0.0
2022-02-09,0.211,0.211,0.211,0.211,0.211,8000,0.0,0.0
2022-02-10,0.211,0.211,0.211,0.211,0.211,0,0.0,0.0
2022-02-11,0.211,0.211,0.211,0.211,0.211,1500,0.0,0.0
2022-02-14,0.211,0.211,0.211,0.211,0.211,0,0.0,0.0
2022-02-15,0.211,0.211,0.211,0.211,0.211,0,0.0,0.0
2022-02-16,0.211,0.211,0.211,0.211,0.211,0,0.0,0.0
2022-02-17,0.211,0.211,0.211,0.211,0.211,0,0.0,0.0
2022-02-18,0.211,0.211,0.211,0.211,0.211,0,0.0,0.0
2022-02-22,0.5567,0.5567,0.5567,0.5567,0.5567,1990,0.0,0.0
2022-02-23,0.5567,0.5567,0.5567,0.5567,0.5567,0,0.0,0.0
2022-02-24,0.27,0.27,0.27,0.27,0.27,221,0.0,0.0
2022-02-25,0.27,0.27,0.27,0.27,0.27,0,0.0,0.0
2022-02-28,0.27,0.27,0.27,0.27,0.27,0,0.0,0.0
2022-03-01,0.27,0.27,0.27,0.27,0.27,0,0.0,0.0
2022-03-02,0.27,0.27,0.211,0.211,0.211,2000,0.0,0.0
2022-03-03,0.211,0.211,0.211,0.211,0.211,0,0.0,0.0
2022-03-04,0.211,0.211,0.211,0.211,0.211,0,0.0,0.0
2022-03-07,0.212,0.212,0.212,0.212,0.212,110,0.0,0.0
2022-03-08,0.212,0.212,0.212,0.212,0.212,0,0.0,0.0
2022-03-09,0.212,0.212,0.212,0.212,0.212,0,0.0,0.0
2022-03-10,0.212,0.212,0.212,0.212,0.212,0,0.0,0.0
2022-03-11,0.212,0.212,0.212,0.212,0.212,0,0.0,0.0
2022-03-14,0.212,0.212,0.212,0.212,0.212,0,0.0,0.0
2022-03-15,0.212,0.212,0.212,0.212,0.212,0,0.0,0.0
2022-03-16,0.212,0.212,0.212,0.212,0.212,0,0.0,0.0
2022-03-17,0.212,0.212,0.212,0.212,0.212,0,0.0,0.0
2022-03-18,0.212,0.212,0.212,0.212,0.212,0,0.0,0.0
2022-03-21,0.212,0.212,0.212,0.212,0.212,0,0.0,0.0
2022-03-22,0.212,0.212,0.212,0.212,0.212,0,0.0,0.0
2022-03-23,0.212,0.212,0.212,0.212,0.212,171,0.0,0.0
2022-03-24,0.212,0.212,0.212,0.212,0.212,0,0.0,0.0
2022-03-25,0.5295,0.5495,0.5295,0.5495,0.5495,9309,0.0,0.0
2022-03-28,0.221,0.221,0.221,0.221,0.221,1000,0.0,0.0
2022-03-29,0.221,0.221,0.221,0.221,0.221,0,0.0,0.0
2022-03-30,0.221,0.221,0.221,0.221,0.221,0,0.0,0.0
2022-03-31,0.221,0.221,0.221,0.221,0.221,0,0.0,0.0
2022-04-01,0.221,0.221,0.221,0.221,0.221,0,0.0,0.0
2022-04-04,0.221,0.221,0.221,0.221,0.221,0,0.0,0.0
2022-04-05,0.221,0.221,0.221,0.221,0.221,0,0.0,0.0
2022-04-06,0.221,0.221,0.221,0.221,0.221,0,0.0,0.0
2022-04-07,0.221,0.221,0.221,0.221,0.221,0,0.0,0.0
2022-04-08,0.548,0.548,0.2205,0.2205,0.2205,3800,0.0,0.0
2022-04-11,0.2205,0.2205,0.2205,0.2205,0.2205,0,0.0,0.0
2022-04-12,0.2205,0.2205,0.2205,0.2205,0.2205,0,0.0,0.0
2022-04-13,0.2205,0.2205,0.2205,0.2205,0.2205,0,0.0,0.0
2022-04-14,0.2205,0.2205,0.2205,0.2205,0.2205,0,0.0,0.0
2022-04-18,0.22525,0.2405,0.2205,0.2205,0.2205,2000,0.0,0.0
2022-04-19,0.2205,0.2205,0.2205,0.2205,0.2205,0,0.0,0.0
2022-04-20,0.2205,0.2205,0.2205,0.2205,0.2205,0,0.0,0.0
2022-04-21,0.2205,0.2205,0.2205,0.2205,0.2205,0,0.0,0.0
2022-04-22,0.2205,0.2205,0.2205,0.2205,0.2205,0,0.0,0.0
2022-04-25,0.2205,0.2205,0.2205,0.2205,0.2205,0,0.0,0.0
2022-04-26,0.22525,0.22525,0.2205,0.2206,0.2206,11500,0.0,0.0
2022-04-27,0.2206,0.2206,0.2206,0.2206,0.2206,0,0.0,0.0
2022-04-28,0.2206,0.2206,0.2206,0.2206,0.2206,0,0.0,0.0
2022-04-29,0.2206,0.2206,0.2206,0.2206,0.2206,0,0.0,0.0
2022-05-02,0.2305,0.2305,0.2305,0.2305,0.2305,1020,0.0,0.0
2022-05-03,0.2305,0.2305,0.2305,0.2305,0.2305,0,0.0,0.0
2022-05-04,0.2305,0.2305,0.2305,0.2305,0.2305,314,0.0,0.0
2022-05-05,0.2305,0.2305,0.2305,0.2305,0.2305,0,0.0,0.0
2022-05-06,0.2305,0.2305,0.2305,0.2305,0.2305,0,0.0,0.0
2022-05-09,0.2305,0.2305,0.2305,0.2305,0.2305,0,0.0,0.0
2022-05-10,0.2205,0.2205,0.2205,0.2205,0.2205,100,0.0,0.0
2022-05-11,0.2205,0.2205,0.2205,0.2205,0.2205,0,0.0,0.0
2022-05-12,0.2205,0.2205,0.2205,0.2205,0.2205,0,0.0,0.0
2022-05-13,0.2205,0.2205,0.2205,0.2205,0.2205,0,0.0,0.0
2022-05-16,0.2205,0.2205,0.2205,0.2205,0.2205,0,0.0,0.0
2022-05-17,0.2205,0.2205,0.2205,0.2205,0.2205,0,0.0,0.0
2022-05-18,0.2205,0.2205,0.2205,0.2205,0.2205,0,0.0,0.0
2022-05-19,0.2205,0.2205,0.2205,0.2205,0.2205,0,0.0,0.0
2022-05-20,0.2205,0.2205,0.2205,0.2205,0.2205,0,0.0,0.0
2022-05-23,0.2205,0.2205,0.2205,0.2205,0.2205,0,0.0,0.0
2022-05-24,0.23525,0.24,0.22,0.24,0.24,7050,0.0,0.0
2022-05-25,0.24,0.24,0.24,0.24,0.24,0,0.0,0.0
2022-05-26,0.24,0.24,0.24,0.24,0.24,0,0.0,0.0
2022-05-27,0.24,0.24,0.24,0.24,0.24,0,0.0,0.0
2022-05-31,0.24,0.24,0.24,0.24,0.24,0,0.0,0.0
2022-06-01,0.24,0.24,0.24,0.24,0.24,0,0.0,0.0
2022-06-02,0.24,0.24,0.24,0.24,0.24,0,0.0,0.0
2022-06-03,0.238,0.238,0.238,0.238,0.238,4167,0.0,0.0
2022-06-06,0.238,0.238,0.238,0.238,0.238,0,0.0,0.0
2022-06-07,0.238,0.238,0.238,0.238,0.238,0,0.0,0.0
2022-06-08,0.237,0.237,0.237,0.237,0.237,2500,0.0,0.0
2022-06-09,0.237,0.237,0.237,0.237,0.237,0,0.0,0.0
2022-06-10,0.237,0.237,0.237,0.237,0.237,0,0.0,0.0
2022-06-13,0.237,0.237,0.237,0.237,0.237,0,0.0,0.0
2022-06-14,0.237,0.237,0.237,0.237,0.237,0,0.0,0.0
2022-06-15,0.237,0.237,0.237,0.237,0.237,0,0.0,0.0
2022-06-16,0.237,0.237,0.237,0.237,0.237,0,0.0,0.0
2022-06-17,0.237,0.237,0.237,0.237,0.237,0,0.0,0.0
2022-06-21,0.191,0.191,0.191,0.191,0.191,1000,0.0,0.0
2022-06-22,0.191,0.191,0.191,0.191,0.191,0,0.0,0.0
2022-06-23,0.191,0.191,0.191,0.191,0.191,0,0.0,0.0
2022-06-24,0.1711,0.1711,0.1711,0.1711,0.1711,5000,0.0,0.0
2022-06-27,0.1711,0.1711,0.1711,0.1711,0.1711,3600,0.0,0.0
2022-06-28,0.1711,0.1711,0.1711,0.1711,0.1711,0,0.0,0.0
2022-06-29,0.171,0.171,0.171,0.171,0.171,100,0.0,0.0
2022-06-30,0.171,0.171,0.171,0.171,0.171,0,0.0,0.0
2022-07-01,0.171,0.171,0.171,0.171,0.171,0,0.0,0.0
2022-07-05,0.171,0.171,0.171,0.171,0.171,0,0.0,0.0
2022-07-06,0.171,0.171,0.171,0.171,0.171,0,0.0,0.0
2022-07-07,0.171,0.171,0.171,0.171,0.171,0,0.0,0.0
2022-07-08,0.189,0.189,0.189,0.189,0.189,1500,0.0,0.0
2022-07-11,0.14,0.14,0.12,0.12,0.12,300,0.0,0.0
2022-07-12,0.14,0.14,0.14,0.14,0.14,100,0.0,0.0
2022-07-13,0.14,0.14,0.14,0.14,0.14,0,0.0,0.0
2022-07-14,0.14,0.14,0.14,0.14,0.14,0,0.0,0.0
2022-07-15,0.14,0.14,0.14,0.14,0.14,0,0.0,0.0
2022-07-18,0.14,0.14,0.14,0.14,0.14,0,0.0,0.0
2022-07-19,0.14,0.14,0.14,0.14,0.14,0,0.0,0.0
2022-07-20,0.13,0.14,0.13,0.14,0.14,1500,0.0,0.0
2022-07-21,0.14,0.14,0.14,0.14,0.14,0,0.0,0.0
2022-07-22,0.14,0.14,0.14,0.14,0.14,0,0.0,0.0
2022-07-25,0.14,0.14,0.14,0.14,0.14,0,0.0,0.0
2022-07-26,0.14,0.14,0.14,0.14,0.14,0,0.0,0.0
2022-07-27,0.14,0.14,0.14,0.14,0.14,0,0.0,0.0
2022-07-28,0.14,0.14,0.14,0.14,0.14,0,0.0,0.0
2022-07-29,0.14,0.14,0.14,0.14,0.14,0,0.0,0.0
2022-08-01,0.14,0.14,0.14,0.14,0.14,0,0.0,0.0
2022-08-02,0.1645,0.1645,0.1645,0.1645,0.1645,104,0.0,0.0
2022-08-03,0.1645,0.1645,0.1645,0.1645,0.1645,0,0.0,0.0
2022-08-04,0.1645,0.1645,0.1645,0.1645,0.1645,0,0.0,0.0
2022-08-05,0.1645,0.1645,0.1645,0.1645,0.1645,0,0.0,0.0
2022-08-08,0.1645,0.1645,0.1645,0.1645,0.1645,0,0.0,0.0
2022-08-09,0.1645,0.1645,0.1645,0.1645,0.1645,0,0.0,0.0
2022-08-10,0.12,0.12,0.12,0.12,0.12,420,0.0,0.0
2022-08-11,0.12,0.12,0.12,0.12,0.12,0,0.0,0.0
2022-08-12,0.12,0.12,0.12,0.12,0.12,0,0.0,0.0
2022-08-15,0.12,0.12,0.12,0.12,0.12,0,0.0,0.0
2022-08-16,0.209,0.209,0.208,0.208,0.208,5000,0.0,0.0
2022-08-17,0.208,0.208,0.208,0.208,0.208,0,0.0,0.0
2022-08-18,0.208,0.208,0.208,0.208,0.208,0,0.0,0.0
2022-08-19,0.208,0.208,0.208,0.208,0.208,0,0.0,0.0
2022-08-22,0.208,0.208,0.208,0.208,0.208,0,0.0,0.0
2022-08-23,0.208,0.208,0.208,0.208,0.208,0,0.0,0.0
2022-08-24,0.208,0.208,0.208,0.208,0.208,0,0.0,0.0
2022-08-25,0.208,0.208,0.208,0.208,0.208,0,0.0,0.0
2022-08-26,0.208,0.208,0.208,0.208,0.208,0,0.0,0.0
2022-08-29,0.208,0.208,0.208,0.208,0.208,0,0.0,0.0
2022-08-30,0.208,0.208,0.208,0.208,0.208,0,0.0,0.0
2022-08-31,0.208,0.208,0.208,0.208,0.208,0,0.0,0.0
2022-09-01,0.208,0.208,0.208,0.208,0.208,0,0.0,0.0
2022-09-02,0.122,0.122,0.122,0.122,0.122,144,0.0,0.0
2022-09-06,0.122,0.122,0.122,0.122,0.122,0,0.0,0.0
2022-09-07,0.122,0.122,0.122,0.122,0.122,0,0.0,0.0
2022-09-08,0.2,0.2,0.2,0.2,0.2,10000,0.0,0.0
2022-09-09,0.2,0.2,0.2,0.2,0.2,0,0.0,0.0
2022-09-12,0.2,0.21,0.2,0.21,0.21,10000,0.0,0.0
2022-09-13,0.21,0.21,0.21,0.21,0.21,0,0.0,0.0
2022-09-14,0.21,0.21,0.21,0.21,0.21,0,0.0,0.0
2022-09-15,0.21,0.21,0.21,0.21,0.21,0,0.0,0.0
2022-09-16,0.21,0.21,0.21,0.21,0.21,0,0.0,0.0
2022-09-19,0.21,0.21,0.21,0.21,0.21,0,0.0,0.0
2022-09-20,0.21,0.21,0.21,0.21,0.21,0,0.0,0.0
2022-09-21,0.15,0.15,0.15,0.15,0.15,5000,0.0,0.0
2022-09-22,0.15,0.15,0.15,0.15,0.15,0,0.0,0.0
2022-09-23,0.15,0.15,0.15,0.15,0.15,0,0.0,0.0
2022-09-26,0.15,0.15,0.15,0.15,0.15,0,0.0,0.0
2022-09-27,0.15,0.15,0.15,0.15,0.15,0,0.0,0.0
2022-09-28,0.15,0.15,0.15,0.15,0.15,0,0.0,0.0
2022-09-29,0.15,0.15,0.15,0.15,0.15,0,0.0,0.0
2022-09-30,0.15,0.15,0.15,0.15,0.15,0,0.0,0.0
2022-10-03,0.15,0.15,0.15,0.15,0.15,0,0.0,0.0
2022-10-04,0.15,0.15,0.15,0.15,0.15,0,0.0,0.0
2022-10-05,0.15,0.15,0.15,0.15,0.15,0,0.0,0.0
2022-10-06,0.15,0.15,0.15,0.15,0.15,0,0.0,0.0
2022-10-07,0.14225,0.14225,0.14225,0.14225,0.14225,6012,0.0,0.0
2022-10-10,0.14225,0.14225,0.14225,0.14225,0.14225,0,0.0,0.0
2022-10-11,0.14225,0.14225,0.14225,0.14225,0.14225,0,0.0,0.0
2022-10-12,0.14225,0.14225,0.14225,0.14225,0.14225,0,0.0,0.0
2022-10-13,0.123,0.123,0.123,0.123,0.123,128,0.0,0.0
2022-10-14,0.123,0.123,0.123,0.123,0.123,0,0.0,0.0
2022-10-17,0.123,0.123,0.123,0.123,0.123,0,0.0,0.0
2022-10-18,0.123,0.123,0.123,0.123,0.123,0,0.0,0.0
2022-10-19,0.123,0.123,0.123,0.123,0.123,0,0.0,0.0
2022-10-20,0.123,0.123,0.123,0.123,0.123,0,0.0,0.0
2022-10-21,0.123,0.123,0.123,0.123,0.123,0,0.0,0.0
2022-10-24,0.123,0.123,0.123,0.123,0.123,0,0.0,0.0
2022-10-25,0.123,0.123,0.123,0.123,0.123,0,0.0,0.0
2022-10-26,0.123,0.123,0.123,0.123,0.123,0,0.0,0.0
2022-10-27,0.123,0.123,0.123,0.123,0.123,0,0.0,0.0
2022-10-28,0.2,0.2,0.18,0.18,0.18,5192,0.0,0.0
2022-10-31,0.18,0.18,0.18,0.18,0.18,0,0.0,0.0
2022-11-01,0.18,0.18,0.18,0.18,0.18,0,0.0,0.0
2022-11-02,0.18,0.18,0.18,0.18,0.18,0,0.0,0.0
2022-11-03,0.18,0.18,0.18,0.18,0.18,0,0.0,0.0
2022-11-04,0.18,0.18,0.18,0.18,0.18,0,0.0,0.0
2022-11-07,0.18,0.18,0.18,0.18,0.18,0,0.0,0.0
2022-11-08,0.18,0.18,0.18,0.18,0.18,0,0.0,0.0
2022-11-09,0.18,0.18,0.18,0.18,0.18,0,0.0,0.0
2022-11-10,0.18,0.18,0.18,0.18,0.18,0,0.0,0.0
2022-11-11,0.18,0.18,0.18,0.18,0.18,0,0.0,0.0
2022-11-14,0.18,0.18,0.18,0.18,0.18,0,0.0,0.0
2022-11-15,0.18,0.18,0.18,0.18,0.18,0,0.0,0.0
2022-11-16,0.18,0.18,0.18,0.18,0.18,0,0.0,0.0
2022-11-17,0.18,0.18,0.18,0.18,0.18,0,0.0,0.0
2022-11-18,0.18,0.18,0.18,0.18,0.18,0,0.0,0.0
2022-11-21,0.18,0.18,0.18,0.18,0.18,0,0.0,0.0
2022-11-22,0.18,0.18,0.18,0.18,0.18,0,0.0,0.0
2022-11-23,0.18,0.18,0.18,0.18,0.18,0,0.0,0.0
2022-11-25,0.18,0.18,0.18,0.18,0.18,0,0.0,0.0
2022-11-28,0.18,0.18,0.18,0.18,0.18,0,0.0,0.0
2022-11-29,0.18,0.18,0.18,0.18,0.18,0,0.0,0.0
2022-11-30,0.18,0.18,0.18,0.18,0.18,0,0.0,0.0
2022-12-01,0.18,0.18,0.18,0.18,0.18,0,0.0,0.0
2022-12-02,0.18,0.18,0.18,0.18,0.18,0,0.0,0.0
2022-12-05,0.18,0.18,0.18,0.18,0.18,0,0.0,0.0
2022-12-06,0.18,0.18,0.18,0.18,0.18,0,0.0,0.0
2022-12-07,0.18,0.18,0.18,0.18,0.18,0,0.0,0.0
2022-12-08,0.15,0.15,0.15,0.15,0.15,180,0.0,0.0
2022-12-09,0.15,0.15,0.15,0.15,0.15,0,0.0,0.0
2022-12-12,0.15,0.15,0.15,0.15,0.15,0,0.0,0.0
2022-12-13,0.15,0.15,0.15,0.15,0.15,0,0.0,0.0
2022-12-14,0.15,0.15,0.15,0.15,0.15,0,0.0,0.0
2022-12-15,0.123,0.123,0.123,0.123,0.123,4000,0.0,0.0
2022-12-16,0.123,0.123,0.123,0.123,0.123,0,0.0,0.0
2022-12-19,0.123,0.123,0.123,0.123,0.123,0,0.0,0.0
2022-12-20,0.123,0.123,0.123,0.123,0.123,0,0.0,0.0
2022-12-21,0.123,0.123,0.123,0.123,0.123,0,0.0,0.0
2022-12-22,0.123,0.123,0.123,0.123,0.123,0,0.0,0.0
2022-12-23,0.123,0.123,0.123,0.123,0.123,0,0.0,0.0
2022-12-27,0.123,0.1446,0.0875,0.1446,0.1446,32967,0.0,0.0
2022-12-28,0.1446,0.1446,0.1446,0.1446,0.1446,0,0.0,0.0
2022-12-29,0.126,0.126,0.126,0.126,0.126,5573,0.0,0.0
2022-12-30,0.126,0.126,0.126,0.126,0.126,0,0.0,0.0
2023-01-03,0.126,0.126,0.126,0.126,0.126,0,0.0,0.0
2023-01-04,0.126,0.126,0.126,0.126,0.126,0,0.0,0.0
2023-01-05,0.126,0.126,0.126,0.126,0.126,0,0.0,0.0
2023-01-06,0.126,0.126,0.126,0.126,0.126,0,0.0,0.0
2023-01-09,0.126,0.126,0.126,0.126,0.126,0,0.0,0.0
2023-01-10,0.126,0.126,0.126,0.126,0.126,0,0.0,0.0
2023-01-11,0.126,0.126,0.126,0.126,0.126,0,0.0,0.0
2023-01-12,0.126,0.126,0.126,0.126,0.126,0,0.0,0.0
2023-01-13,0.126,0.126,0.126,0.126,0.126,0,0.0,0.0
2023-01-17,0.126,0.126,0.126,0.126,0.126,0,0.0,0.0
2023-01-18,0.126,0.126,0.126,0.126,0.126,0,0.0,0.0
2023-01-19,0.126,0.126,0.126,0.126,0.126,0,0.0,0.0
2023-01-20,0.126,0.126,0.126,0.126,0.126,0,0.0,0.0
2023-01-23,0.126,0.126,0.126,0.126,0.126,0,0.0,0.0
2023-01-24,0.126,0.126,0.126,0.126,0.126,0,0.0,0.0
2023-01-25,0.198,0.198,0.198,0.198,0.198,700,0.0,0.0
2023-01-26,0.106,0.106,0.106,0.106,0.106,100,0.0,0.0
2023-01-27,0.198,0.2,0.198,0.2,0.2,1000,0.0,0.0
2023-01-30,0.2,0.2,0.2,0.2,0.2,0,0.0,0.0
2023-01-31,0.2,0.2,0.2,0.2,0.2,0,0.0,0.0
2023-02-01,0.198,0.198,0.198,0.198,0.198,1000,0.0,0.0
2023-02-02,0.198,0.198,0.198,0.198,0.198,0,0.0,0.0
2023-02-03,0.12,0.12,0.12,0.12,0.12,150,0.0,0.0
2023-02-06,0.12,0.12,0.12,0.12,0.12,0,0.0,0.0
2023-02-07,0.12,0.12,0.12,0.12,0.12,0,0.0,0.0
2023-02-08,0.12,0.12,0.12,0.12,0.12,0,0.0,0.0
2023-02-09,0.12,0.12,0.12,0.12,0.12,0,0.0,0.0
2023-02-10,0.12,0.12,0.12,0.12,0.12,0,0.0,0.0
2023-02-13,0.12,0.12,0.12,0.12,0.12,0,0.0,0.0
2023-02-14,0.12,0.12,0.12,0.12,0.12,0,0.0,0.0
2023-02-15,0.12,0.12,0.12,0.12,0.12,0,0.0,0.0
2023-02-16,0.12,0.12,0.12,0.12,0.12,0,0.0,0.0
2023-02-17,0.12,0.12,0.12,0.12,0.12,0,0.0,0.0
2023-02-21,0.12,0.12,0.12,0.12,0.12,0,0.0,0.0
2023-02-22,0.12,0.12,0.12,0.12,0.12,0,0.0,0.0
2023-02-23,0.13,0.13,0.13,0.13,0.13,130,0.0,0.0
2023-02-24,0.13,0.13,0.13,0.13,0.13,0,0.0,0.0
2023-02-27,0.13,0.13,0.13,0.13,0.13,0,0.0,0.0
2023-02-28,0.13,0.13,0.13,0.13,0.13,0,0.0,0.0
2023-03-01,0.13,0.13,0.13,0.13,0.13,0,0.0,0.0
2023-03-02,0.13,0.13,0.13,0.13,0.13,0,0.0,0.0
2023-03-03,0.1368,0.1368,0.1368,0.1368,0.1368,5000,0.0,0.0
2023-03-06,0.1368,0.1368,0.1368,0.1368,0.1368,0,0.0,0.0
2023-03-07,0.13,0.13,0.13,0.13,0.13,3182,0.0,0.0
2023-03-08,0.13,0.13,0.13,0.13,0.13,0,0.0,0.0
2023-03-09,0.13,0.13,0.13,0.13,0.13,0,0.0,0.0
2023-03-10,0.13,0.13,0.13,0.13,0.13,0,0.0,0.0
2023-03-13,0.13,0.13,0.13,0.13,0.13,0,0.0,0.0
2023-03-14,0.13,0.13,0.13,0.13,0.13,0,0.0,0.0
2023-03-15,0.13,0.13,0.13,0.13,0.13,0,0.0,0.0
2023-03-16,0.13,0.13,0.13,0.13,0.13,0,0.0,0.0
2023-03-17,0.13,0.13,0.13,0.13,0.13,0,0.0,0.0
2023-03-20,0.13,0.13,0.13,0.13,0.13,0,0.0,0.0
2023-03-21,0.1912,0.1912,0.1912,0.1912,0.1912,100,0.0,0.0
2023-03-22,0.1912,0.1912,0.1912,0.1912,0.1912,0,0.0,0.0
2023-03-23,0.13,0.13,0.13,0.13,0.13,150,0.0,0.0
2023-03-24,0.13,0.13,0.13,0.13,0.13,0,0.0,0.0
2023-03-27,0.13,0.13,0.13,0.13,0.13,0,0.0,0.0
2023-03-28,0.13,0.13,0.13,0.13,0.13,0,0.0,0.0
2023-03-29,0.13,0.13,0.13,0.13,0.13,0,0.0,0.0
2023-03-30,0.13,0.13,0.13,0.13,0.13,0,0.0,0.0
2023-03-31,0.13,0.13,0.13,0.13,0.13,0,0.0,0.0
2023-04-03,0.13,0.13,0.13,0.13,0.13,0,0.0,0.0
2023-04-04,0.13,0.13,0.13,0.13,0.13,0,0.0,0.0
2023-04-05,0.13,0.13,0.13,0.13,0.13,0,0.0,0.0
2023-04-06,0.131,0.131,0.131,0.131,0.131,2700,0.0,0.0
2023-04-10,0.131,0.131,0.131,0.131,0.131,0,0.0,0.0
2023-04-11,0.131,0.131,0.131,0.131,0.131,0,0.0,0.0
2023-04-12,0.131,0.131,0.131,0.131,0.131,0,0.0,0.0
2023-04-13,0.131,0.131,0.131,0.131,0.131,0,0.0,0.0
2023-04-14,0.133,0.133,0.133,0.133,0.133,632,0.0,0.0
2023-04-17,0.133,0.133,0.133,0.133,0.133,5000,0.0,0.0
2023-04-18,0.133,0.133,0.133,0.133,0.133,0,0.0,0.0
2023-04-19,0.133,0.133,0.133,0.133,0.133,0,0.0,0.0
2023-04-20,0.133,0.133,0.133,0.133,0.133,0,0.0,0.0
2023-04-21,0.133,0.133,0.133,0.133,0.133,0,0.0,0.0
2023-04-24,0.133,0.133,0.133,0.133,0.133,0,0.0,0.0
2023-04-25,0.133,0.133,0.133,0.133,0.133,0,0.0,0.0
2023-04-26,0.133,0.133,0.133,0.133,0.133,0,0.0,0.0
2023-04-27,0.133,0.133,0.133,0.133,0.133,0,0.0,0.0
2023-04-28,0.133,0.133,0.133,0.133,0.133,0,0.0,0.0
2023-05-01,0.133,0.133,0.133,0.133,0.133,682,0.0,0.0
2023-05-02,0.133,0.133,0.133,0.133,0.133,0,0.0,0.0
2023-05-03,0.133,0.133,0.133,0.133,0.133,0,0.0,0.0
2023-05-04,0.133,0.133,0.133,0.133,0.133,0,0.0,0.0
2023-05-05,0.133,0.133,0.133,0.133,0.133,0,0.0,0.0
2023-05-08,0.133,0.133,0.133,0.133,0.133,0,0.0,0.0
2023-05-09,0.133,0.133,0.133,0.133,0.133,0,0.0,0.0
2023-05-10,0.133,0.133,0.133,0.133,0.133,0,0.0,0.0
2023-05-11,0.133,0.133,0.133,0.133,0.133,0,0.0,0.0
2023-05-12,0.133,0.133,0.133,0.133,0.133,0,0.0,0.0
2023-05-15,0.133,0.133,0.133,0.133,0.133,0,0.0,0.0
2023-05-16,0.133,0.133,0.133,0.133,0.133,1960,0.0,0.0
2023-05-17,0.133,0.133,0.133,0.133,0.133,0,0.0,0.0
2023-05-18,0.133,0.133,0.133,0.133,0.133,0,0.0,0.0
2023-05-19,0.238,0.238,0.238,0.238,0.238,2000,0.0,0.0
2023-05-22,0.238,0.238,0.238,0.238,0.238,0,0.0,0.0
2023-05-23,0.238,0.238,0.238,0.238,0.238,0,0.0,0.0
2023-05-24,0.238,0.238,0.238,0.238,0.238,0,0.0,0.0
2023-05-25,0.238,0.238,0.238,0.238,0.238,0,0.0,0.0
2023-05-26,0.238,0.238,0.238,0.238,0.238,0,0.0,0.0
2023-05-30,0.238,0.238,0.238,0.238,0.238,0,0.0,0.0
2023-05-31,0.238,0.238,0.238,0.238,0.238,0,0.0,0.0
2023-06-01,0.141,0.354,0.141,0.34,0.34,43877,0.0,0.0
2023-06-02,0.347,0.694,0.347,0.59,0.59,98127,0.0,0.0
2023-06-05,0.79,0.79,0.51999,0.59,0.59,12130,0.0,0.0
2023-06-06,0.7,0.7,0.4337,0.63199,0.63199,41506,0.0,0.0
2023-06-07,0.63,0.64071,0.51,0.51,0.51,9892,0.0,0.0
2023-06-08,0.475,0.475,0.44,0.44,0.44,1725,0.0,0.0
2023-06-09,0.44,0.44,0.44,0.44,0.44,0,0.0,0.0
2023-06-12,0.39,0.395,0.375,0.375,0.375,2940,0.0,0.0
2023-06-13,0.45,0.45,0.45,0.45,0.45,1500,0.0,0.0
2023-06-14,0.335,0.4,0.335,0.4,0.4,9013,0.0,0.0
2023-06-15,0.4,0.45,0.35005,0.45,0.45,3930,0.0,0.0
2023-06-16,0.45,0.45,0.45,0.45,0.45,0,0.0,0.0
2023-06-20,0.43,0.43,0.43,0.43,0.43,450,0.0,0.0
2023-06-21,0.39,0.39,0.39,0.39,0.39,500,0.0,0.0
2023-06-22,0.33,0.35,0.33,0.34,0.34,5000,0.0,0.0
2023-06-23,0.33,0.34,0.32,0.34,0.34,4444,0.0,0.0
2023-06-26,0.34,0.34,0.34,0.34,0.34,0,0.0,0.0
2023-06-27,0.35258,0.35258,0.35258,0.35258,0.35258,2504,0.0,0.0
2023-06-28,0.35258,0.35258,0.35258,0.35258,0.35258,0,0.0,0.0
2023-06-29,0.35258,0.35258,0.35258,0.35258,0.35258,0,0.0,0.0
2023-06-30,0.35258,0.35258,0.35258,0.35258,0.35258,0,0.0,0.0
2023-07-03,0.35258,0.35258,0.35258,0.35258,0.35258,0,0.0,0.0
2023-07-05,0.35258,0.35258,0.35258,0.35258,0.35258,0,0.0,0.0
2023-07-06,0.3401,0.3401,0.3401,0.3401,0.3401,550,0.0,0.0
2023-07-07,0.3401,0.3401,0.3401,0.3401,0.3401,0,0.0,0.0
2023-07-10,0.3401,0.3401,0.3401,0.3401,0.3401,0,0.0,0.0
2023-07-11,0.3401,0.3401,0.3401,0.3401,0.3401,0,0.0,0.0
2023-07-12,0.3401,0.3401,0.3401,0.3401,0.3401,0,0.0,0.0
2023-07-13,0.3401,0.3401,0.3401,0.3401,0.3401,0,0.0,0.0
2023-07-14,0.3401,0.3401,0.3401,0.3401,0.3401,0,0.0,0.0
2023-07-17,0.3201,0.3201,0.3201,0.3201,0.3201,2500,0.0,0.0
2023-07-18,0.3201,0.3201,0.3201,0.3201,0.3201,0,0.0,0.0
2023-07-19,0.3201,0.3201,0.3201,0.3201,0.3201,0,0.0,0.0
2023-07-20,0.3201,0.3201,0.3201,0.3201,0.3201,0,0.0,0.0
2023-07-21,0.3201,0.3201,0.3201,0.3201,0.3201,0,0.0,0.0
2023-07-24,0.3201,0.3201,0.3201,0.3201,0.3201,0,0.0,0.0
2023-07-25,0.3201,0.3201,0.3201,0.3201,0.3201,0,0.0,0.0
2023-07-26,0.365,0.375,0.365,0.375,0.375,2000,0.0,0.0
2023-07-27,0.375,0.375,0.375,0.375,0.375,0,0.0,0.0
2023-07-28,0.375,0.375,0.375,0.375,0.375,0,0.0,0.0
2023-07-31,0.375,0.375,0.375,0.375,0.375,0,0.0,0.0
2023-08-01,0.375,0.375,0.375,0.375,0.375,0,0.0,0.0
2023-08-02,0.321,0.321,0.321,0.321,0.321,950,0.0,0.0
2023-08-03,0.321,0.321,0.321,0.321,0.321,0,0.0,0.0
2023-08-04,0.321,0.321,0.321,0.321,0.321,0,0.0,0.0
2023-08-07,0.321,0.321,0.321,0.321,0.321,0,0.0,0.0
2023-08-08,0.321,0.321,0.321,0.321,0.321,0,0.0,0.0
2023-08-09,0.285,0.3,0.275,0.3,0.3,6144,0.0,0.0
2023-08-10,0.3,0.3,0.3,0.3,0.3,0,0.0,0.0
2023-08-11,0.3,0.3,0.3,0.3,0.3,0,0.0,0.0
2023-08-14,0.3,0.3,0.3,0.3,0.3,0,0.0,0.0
2023-08-15,0.3,0.3,0.3,0.3,0.3,0,0.0,0.0
2023-08-16,0.3,0.3,0.3,0.3,0.3,0,0.0,0.0
2023-08-17,0.3,0.3,0.3,0.3,0.3,0,0.0,0.0
2023-08-18,0.3,0.3,0.3,0.3,0.3,0,0.0,0.0
2023-08-21,0.3,0.3,0.3,0.3,0.3,0,0.0,0.0
2023-08-22,0.3,0.3,0.3,0.3,0.3,0,0.0,0.0
2023-08-23,0.3,0.3,0.3,0.3,0.3,0,0.0,0.0
2023-08-24,0.251,0.251,0.215,0.215,0.215,1200,0.0,0.0
2023-08-25,0.215,0.215,0.215,0.215,0.215,0,0.0,0.0
2023-08-28,0.215,0.215,0.215,0.215,0.215,0,0.0,0.0
2023-08-29,0.215,0.215,0.215,0.215,0.215,0,0.0,0.0
2023-08-30,0.215,0.215,0.215,0.215,0.215,0,0.0,0.0
2023-08-31,0.215,0.215,0.215,0.215,0.215,0,0.0,0.0
2023-09-01,0.215,0.215,0.215,0.215,0.215,0,0.0,0.0
2023-09-05,0.215,0.215,0.215,0.215,0.215,0,0.0,0.0
2023-09-06,0.215,0.215,0.215,0.215,0.215,0,0.0,0.0
2023-09-07,0.215,0.215,0.215,0.215,0.215,0,0.0,0.0
2023-09-08,0.215,0.215,0.215,0.215,0.215,0,0.0,0.0
2023-09-11,0.22,0.22,0.22,0.22,0.22,1400,0.0,0.0
2023-09-12,0.22,0.22,0.22,0.22,0.22,0,0.0,0.0
2023-09-13,0.22,0.22,0.22,0.22,0.22,0,0.0,0.0
2023-09-14,0.22,0.22,0.22,0.22,0.22,0,0.0,0.0
2023-09-15,0.22,0.22,0.22,0.22,0.22,0,0.0,0.0
2023-09-18,0.22,0.22,0.22,0.22,0.22,0,0.0,0.0
2023-09-19,0.22,0.22,0.22,0.22,0.22,435,0.0,0.0
2023-09-20,0.22,0.25,0.22,0.247,0.247,5470,0.0,0.0
2023-09-21,0.247,0.247,0.247,0.247,0.247,0,0.0,0.0
2023-09-22,0.247,0.247,0.247,0.247,0.247,0,0.0,0.0
2023-09-25,0.2356,0.2356,0.22,0.22,0.22,6400,0.0,0.0
2023-09-26,0.22,0.22,0.22,0.22,0.22,0,0.0,0.0
2023-09-27,0.22,0.22,0.22,0.22,0.22,0,0.0,0.0
2023-09-28,0.22,0.22,0.22,0.22,0.22,0,0.0,0.0
2023-09-29,0.181,0.181,0.142,0.142,0.142,14945,0.0,0.0
2023-10-02,0.142,0.142,0.142,0.142,0.142,0,0.0,0.0
2023-10-03,0.142,0.142,0.142,0.142,0.142,0,0.0,0.0
2023-10-04,0.142,0.142,0.142,0.142,0.142,0,0.0,0.0
2023-10-05,0.142,0.142,0.142,0.142,0.142,0,0.0,0.0
2023-10-06,0.142,0.142,0.142,0.142,0.142,0,0.0,0.0
2023-10-09,0.142,0.142,0.142,0.142,0.142,0,0.0,0.0
2023-10-10,0.142,0.142,0.142,0.142,0.142,0,0.0,0.0
2023-10-11,0.142,0.142,0.142,0.142,0.142,0,0.0,0.0
2023-10-12,0.142,0.142,0.142,0.142,0.142,0,0.0,0.0
2023-10-13,0.142,0.142,0.142,0.142,0.142,0,0.0,0.0
2023-10-16,0.142,0.142,0.142,0.142,0.142,0,0.0,0.0
2023-10-17,0.142,0.142,0.142,0.142,0.142,0,0.0,0.0
2023-10-18,0.142,0.142,0.142,0.142,0.142,0,0.0,0.0
2023-10-19,0.142,0.142,0.142,0.142,0.142,0,0.0,0.0
2023-10-20,0.142,0.142,0.142,0.142,0.142,0,0.0,0.0
2023-10-23,0.142,0.142,0.142,0.142,0.142,0,0.0,0.0
2023-10-24,0.132,0.132,0.132,0.132,0.132,1694,0.0,0.0
2023-10-25,0.132,0.132,0.132,0.132,0.132,0,0.0,0.0
2023-10-26,0.132,0.132,0.132,0.132,0.132,0,0.0,0.0
2023-10-27,0.132,0.132,0.132,0.132,0.132,0,0.0,0.0
2023-10-30,0.132,0.132,0.132,0.132,0.132,0,0.0,0.0
2023-10-31,0.132,0.132,0.132,0.132,0.132,0,0.0,0.0
2023-11-01,0.132,0.132,0.132,0.132,0.132,0,0.0,0.0
2023-11-02,0.132,0.132,0.132,0.132,0.132,0,0.0,0.0
2023-11-03,0.132,0.132,0.132,0.132,0.132,0,0.0,0.0
2023-11-06,0.132,0.132,0.132,0.132,0.132,0,0.0,0.0
2023-11-07,0.132,0.132,0.132,0.132,0.132,0,0.0,0.0
2023-11-08,0.132,0.132,0.132,0.132,0.132,0,0.0,0.0
2023-11-09,0.142,0.142,0.142,0.142,0.142,1000,0.0,0.0
2023-11-10,0.142,0.142,0.142,0.142,0.142,0,0.0,0.0
2023-11-13,0.142,0.142,0.142,0.142,0.142,0,0.0,0.0
2023-11-14,0.122,0.122,0.122,0.122,0.122,2999,0.0,0.0
2023-11-15,0.122,0.122,0.122,0.122,0.122,0,0.0,0.0
2023-11-16,0.122,0.122,0.122,0.122,0.122,0,0.0,0.0
2023-11-17,0.122,0.122,0.122,0.122,0.122,0,0.0,0.0
2023-11-20,0.122,0.122,0.122,0.122,0.122,0,0.0,0.0
2023-11-21,0.122,0.122,0.122,0.122,0.122,0,0.0,0.0
2023-11-22,0.122,0.122,0.122,0.122,0.122,0,0.0,0.0
2023-11-24,0.122,0.122,0.122,0.122,0.122,0,0.0,0.0
2023-11-27,0.122,0.122,0.122,0.122,0.122,0,0.0,0.0
2023-11-28,0.122,0.122,0.122,0.122,0.122,0,0.0,0.0
2023-11-29,0.198,0.198,0.198,0.198,0.198,200,0.0,0.0
2023-11-30,0.198,0.198,0.198,0.198,0.198,0,0.0,0.0
2023-12-01,0.198,0.328,0.198,0.315,0.315,8210,0.0,0.0
2023-12-04,0.1501,0.1501,0.1501,0.1501,0.1501,409,0.0,0.0
2023-12-05,0.328,0.348,0.328,0.348,0.348,3125,0.0,0.0
2023-12-06,0.298,0.3,0.26175,0.26175,0.26175,3220,0.0,0.0
2023-12-07,0.2455,0.2455,0.2455,0.2455,0.2455,1268,0.0,0.0
2023-12-08,0.2255,0.2255,0.2255,0.2255,0.2255,800,0.0,0.0
2023-12-11,0.2255,0.2255,0.2255,0.2255,0.2255,0,0.0,0.0
2023-12-12,0.136,0.1361,0.136,0.1361,0.1361,760,0.0,0.0
2023-12-13,0.1361,0.1361,0.1361,0.1361,0.1361,0,0.0,0.0
2023-12-14,0.1361,0.1361,0.1361,0.1361,0.1361,0,0.0,0.0
2023-12-15,0.1361,0.1361,0.1361,0.1361,0.1361,0,0.0,0.0
2023-12-18,0.1361,0.1361,0.1361,0.1361,0.1361,0,0.0,0.0
2023-12-19,0.1361,0.1361,0.1361,0.1361,0.1361,0,0.0,0.0
2023-12-20,0.1361,0.1361,0.1361,0.1361,0.1361,0,0.0,0.0
2023-12-21,0.1361,0.1361,0.1361,0.1361,0.1361,0,0.0,0.0
2023-12-22,0.1361,0.1361,0.1361,0.1361,0.1361,0,0.0,0.0
2023-12-26,0.225,0.225,0.225,0.225,0.225,417,0.0,0.0
2023-12-27,0.27,0.3675,0.27,0.29,0.29,21457,0.0,0.0
2023-12-28,0.34675,0.34675,0.27,0.27,0.27,1650,0.0,0.0
2023-12-29,0.268,0.268,0.268,0.268,0.268,812,0.0,0.0
2024-01-02,0.27,0.27,0.27,0.27,0.27,100,0.0,0.0
2024-01-03,0.346,0.365,0.346,0.346,0.346,420,0.0,0.0
2024-01-04,0.378,0.378,0.378,0.378,0.378,106,0.0,0.0
2024-01-05,0.346,0.346,0.346,0.346,0.346,100,0.0,0.0
2024-01-08,0.314,0.314,0.314,0.314,0.314,250,0.0,0.0
2024-01-09,0.314,0.314,0.314,0.314,0.314,0,0.0,0.0
2024-01-10,0.2754,0.2754,0.2754,0.2754,0.2754,574,0.0,0.0
2024-01-11,0.25,0.25,0.25,0.25,0.25,325,0.0,0.0
2024-01-12,0.25,0.25,0.25,0.25,0.25,0,0.0,0.0
2024-01-16,0.25,0.25,0.25,0.25,0.25,0,0.0,0.0
2024-01-17,0.25,0.25,0.25,0.25,0.25,0,0.0,0.0
2024-01-18,0.25,0.25,0.25,0.25,0.25,0,0.0,0.0
2024-01-19,0.25,0.25,0.25,0.25,0.25,0,0.0,0.0
2024-01-22,0.25,0.25,0.25,0.25,0.25,0,0.0,0.0
2024-01-23,0.25,0.25,0.25,0.25,0.25,0,0.0,0.0
2024-01-24,0.25,0.25,0.25,0.25,0.25,0,0.0,0.0
2024-01-25,0.377,0.377,0.357,0.357,0.357,5100,0.0,0.0
2024-01-26,0.3478,0.37024,0.3478,0.37024,0.37024,402,0.0,0.0
2024-01-29,0.2975,0.2975,0.2325,0.2325,0.2325,201,0.0,0.0
2024-01-30,0.30628,0.33,0.30628,0.33,0.33,3687,0.0,0.0
2024-01-31,0.28125,0.28125,0.28125,0.28125,0.28125,600,0.0,0.0
2024-02-01,0.28125,0.28125,0.28125,0.28125,0.28125,0,0.0,0.0
2024-02-02,0.28125,0.28125,0.28125,0.28125,0.28125,0,0.0,0.0
2024-02-05,0.28125,0.28125,0.28125,0.28125,0.28125,0,0.0,0.0
2024-02-06,0.245,0.245,0.245,0.245,0.245,2550,0.0,0.0
2024-02-07,0.245,0.245,0.245,0.245,0.245,0,0.0,0.0
2024-02-08,0.25,0.27,0.25,0.27,0.27,3333,0.0,0.0
2024-02-09,0.27,0.27,0.27,0.27,0.27,0,0.0,0.0
2024-02-12,0.28,0.28,0.28,0.28,0.28,3500,0.0,0.0
2024-02-13,0.28,0.28,0.28,0.28,0.28,4833,0.0,0.0
2024-02-14,0.28,0.28,0.28,0.28,0.28,0,0.0,0.0
2024-02-15,0.28,0.28,0.28,0.28,0.28,0,0.0,0.0
2024-02-16,0.28,0.28,0.28,0.28,0.28,0,0.0,0.0
2024-02-20,0.28,0.28,0.28,0.28,0.28,0,0.0,0.0
2024-02-21,0.28,0.28,0.28,0.28,0.28,0,0.0,0.0
2024-02-22,0.28,0.28,0.28,0.28,0.28,0,0.0,0.0
2024-02-23,0.28,0.28,0.28,0.28,0.28,0,0.0,0.0
2024-02-26,0.28,0.28,0.28,0.28,0.28,0,0.0,0.0
2024-02-27,0.28,0.28,0.28,0.28,0.28,0,0.0,0.0
2024-02-28,0.28,0.28,0.28,0.28,0.28,0,0.0,0.0
2024-02-29,0.278,0.278,0.278,0.278,0.278,2450,0.0,0.0
2024-03-01,0.278,0.278,0.278,0.278,0.278,0,0.0,0.0
2024-03-04,0.278,0.278,0.278,0.278,0.278,0,0.0,0.0
2024-03-05,0.278,0.278,0.278,0.278,0.278,0,0.0,0.0
2024-03-06,0.196,0.196,0.176,0.176,0.176,600,0.0,0.0
2024-03-07,0.176,0.176,0.176,0.176,0.176,0,0.0,0.0
2024-03-08,0.176,0.176,0.176,0.176,0.176,0,0.0,0.0
2024-03-11,0.176,0.176,0.176,0.176,0.176,0,0.0,0.0
2024-03-12,0.176,0.176,0.176,0.176,0.176,0,0.0,0.0
2024-03-13,0.176,0.176,0.176,0.176,0.176,0,0.0,0.0
2024-03-14,0.176,0.176,0.176,0.176,0.176,0,0.0,0.0
2024-03-15,0.176,0.176,0.176,0.176,0.176,0,0.0,0.0
2024-03-18,0.176,0.176,0.176,0.176,0.176,0,0.0,0.0
2024-03-19,0.176,0.176,0.176,0.176,0.176,0,0.0,0.0
2024-03-20,0.176,0.176,0.176,0.176,0.176,0,0.0,0.0
2024-03-21,0.176,0.176,0.176,0.176,0.176,0,0.0,0.0
2024-03-22,0.176,0.176,0.176,0.176,0.176,0,0.0,0.0
2024-03-25,0.176,0.176,0.176,0.176,0.176,0,0.0,0.0
2024-03-26,0.176,0.176,0.176,0.176,0.176,0,0.0,0.0
2024-03-27,0.176,0.176,0.176,0.176,0.176,0,0.0,0.0
2024-03-28,0.176,0.176,0.176,0.176,0.176,0,0.0,0.0
2024-04-01,0.176,0.176,0.176,0.176,0.176,0,0.0,0.0
2024-04-02,0.176,0.176,0.176,0.176,0.176,0,0.0,0.0
2024-04-03,0.278,0.278,0.25,0.25,0.25,9450,0.0,0.0
2024-04-04,0.25,0.25,0.25,0.25,0.25,0,0.0,0.0
2024-04-05,0.25,0.25,0.25,0.25,0.25,0,0.0,0.0
2024-04-08,0.21,0.398,0.21,0.398,0.398,10950,0.0,0.0
2024-04-09,0.398,0.398,0.398,0.398,0.398,0,0.0,0.0
2024-04-10,0.398,0.398,0.398,0.398,0.398,0,0.0,0.0
2024-04-11,0.398,0.398,0.398,0.398,0.398,0,0.0,0.0
2024-04-12,0.38484,0.38484,0.38484,0.38484,0.38484,1130,0.0,0.0
2024-04-15,0.38484,0.38484,0.38484,0.38484,0.38484,0,0.0,0.0
2024-04-16,0.38484,0.38484,0.38484,0.38484,0.38484,0,0.0,0.0
2024-04-17,0.38484,0.38484,0.38484,0.38484,0.38484,0,0.0,0.0
2024-04-18,0.38484,0.38484,0.38484,0.38484,0.38484,0,0.0,0.0
2024-04-19,0.38484,0.38484,0.38484,0.38484,0.38484,0,0.0,0.0
2024-04-22,0.38484,0.38484,0.38484,0.38484,0.38484,0,0.0,0.0
2024-04-23,0.38484,0.38484,0.38484,0.38484,0.38484,0,0.0,0.0
2024-04-24,0.378,0.378,0.378,0.378,0.378,1000,0.0,0.0
2024-04-25,0.355,0.375,0.355,0.375,0.375,1430,0.0,0.0
2024-04-26,0.375,0.375,0.375,0.375,0.375,0,0.0,0.0
2024-04-29,0.4,0.4,0.4,0.4,0.4,1090,0.0,0.0
2024-04-30,0.4,0.4,0.4,0.4,0.4,0,0.0,0.0
2024-05-01,0.4,0.4,0.4,0.4,0.4,0,0.0,0.0
2024-05-02,0.4,0.4,0.4,0.4,0.4,0,0.0,0.0
2024-05-03,0.4,0.4,0.4,0.4,0.4,0,0.0,0.0
2024-05-06,0.222,0.222,0.222,0.222,0.222,2214,0.0,0.0
2024-05-07,0.232,0.232,0.232,0.232,0.232,680,0.0,0.0
2024-05-08,0.3,0.3,0.3,0.3,0.3,704,0.0,0.0
2024-05-09,0.3,0.3,0.3,0.3,0.3,0,0.0,0.0
2024-05-10,0.3,0.3,0.3,0.3,0.3,0,0.0,0.0
2024-05-13,0.35,0.35,0.35,0.35,0.35,1213,0.0,0.0
2024-05-14,0.35,0.35,0.35,0.35,0.35,0,0.0,0.0
2024-05-15,0.35,0.35,0.35,0.35,0.35,0,0.0,0.0
2024-05-16,0.388,0.398,0.388,0.398,0.398,330,0.0,0.0
2024-05-17,0.348,0.348,0.348,0.348,0.348,180,0.0,0.0
2024-05-20,0.348,0.348,0.348,0.348,0.348,0,0.0,0.0
2024-05-21,0.348,0.348,0.348,0.348,0.348,0,0.0,0.0
2024-05-22,0.348,0.348,0.348,0.348,0.348,0,0.0,0.0
2024-05-23,0.348,0.348,0.348,0.348,0.348,0,0.0,0.0
2024-05-24,0.348,0.348,0.348,0.348,0.348,0,0.0,0.0
2024-05-28,0.348,0.348,0.348,0.348,0.348,0,0.0,0.0
2024-05-29,0.348,0.348,0.348,0.348,0.348,0,0.0,0.0
2024-05-30,0.312,0.325,0.3,0.3,0.3,9500,0.0,0.0
2024-05-31,0.3,0.3,0.3,0.3,0.3,0,0.0,0.0
2024-06-03,0.3,0.3,0.3,0.3,0.3,1676,0.0,0.0
2024-06-04,0.3,0.3,0.3,0.3,0.3,0,0.0,0.0
2024-06-05,0.3,0.3,0.3,0.3,0.3,0,0.0,0.0
2024-06-06,0.28,0.28,0.1915,0.1915,0.1915,250,0.0,0.0
2024-06-07,0.1915,0.1915,0.1915,0.1915,0.1915,0,0.0,0.0
2024-06-10,0.1915,0.1915,0.1915,0.1915,0.1915,0,0.0,0.0
2024-06-11,0.1915,0.1915,0.1915,0.1915,0.1915,0,0.0,0.0
2024-06-12,0.27,0.27,0.25,0.25,0.25,4564,0.0,0.0
2024-06-13,0.3,0.3,0.3,0.3,0.3,168,0.0,0.0
2024-06-14,0.3,0.3,0.3,0.3,0.3,0,0.0,0.0
2024-06-17,0.3,0.3,0.3,0.3,0.3,0,0.0,0.0
2024-06-18,0.3,0.4,0.3,0.4,0.4,11128,0.0,0.0
2024-06-20,0.165,0.4,0.165,0.4,0.4,12525,0.0,0.0
2024-06-21,0.4,0.4,0.4,0.4,0.4,264,0.0,0.0
2024-06-24,0.4,0.4,0.4,0.4,0.4,0,0.0,0.0
2024-06-25,0.4,0.4,0.4,0.4,0.4,225,0.0,0.0
2024-06-26,0.4,0.4,0.4,0.4,0.4,210,0.0,0.0
2024-06-27,0.4,0.4,0.38,0.38,0.38,218,0.0,0.0
2024-06-28,0.4,0.4,0.4,0.4,0.4,418,0.0,0.0
2024-07-01,0.4,0.4,0.203,0.203,0.203,3050,0.0,0.0
2024-07-02,0.203,0.203,0.203,0.203,0.203,0,0.0,0.0
2024-07-03,0.203,0.203,0.203,0.203,0.203,0,0.0,0.0
2024-07-05,0.329,0.329,0.329,0.329,0.329,520,0.0,0.0
2024-07-08,0.329,0.329,0.329,0.329,0.329,0,0.0,0.0
2024-07-09,0.329,0.329,0.329,0.329,0.329,0,0.0,0.0
2024-07-10,0.329,0.329,0.329,0.329,0.329,0,0.0,0.0
2024-07-11,0.329,0.329,0.329,0.329,0.329,0,0.0,0.0
2024-07-12,0.329,0.329,0.329,0.329,0.329,0,0.0,0.0
2024-07-15,0.33,0.33,0.305,0.305,0.305,3000,0.0,0.0
2024-07-16,0.305,0.305,0.305,0.305,0.305,0,0.0,0.0
2024-07-17,0.305,0.305,0.305,0.305,0.305,0,0.0,0.0
2024-07-18,0.285,0.285,0.285,0.285,0.285,308,0.0,0.0
2024-07-19,0.285,0.285,0.285,0.285,0.285,0,0.0,0.0
2024-07-22,0.285,0.285,0.285,0.285,0.285,0,0.0,0.0
2024-07-23,0.34,0.35,0.34,0.35,0.35,440,0.0,0.0
2024-07-24,0.35,0.35,0.35,0.35,0.35,0,0.0,0.0
2024-07-25,0.35,0.35,0.35,0.35,0.35,0,0.0,0.0
2024-07-26,0.35,0.35,0.35,0.35,0.35,0,0.0,0.0
2024-07-29,0.35,0.35,0.35,0.35,0.35,0,0.0,0.0
2024-07-30,0.35,0.35,0.35,0.35,0.35,0,0.0,0.0
2024-07-31,0.35,0.35,0.35,0.35,0.35,0,0.0,0.0
2024-08-01,0.35,0.35,0.35,0.35,0.35,0,0.0,0.0
2024-08-02,0.35,0.35,0.35,0.35,0.35,0,0.0,0.0
2024-08-05,0.35,0.35,0.35,0.35,0.35,0,0.0,0.0
2024-08-06,0.35,0.35,0.35,0.35,0.35,0,0.0,0.0
2024-08-07,0.35,0.35,0.35,0.35,0.35,0,0.0,0.0
2024-08-08,0.35,0.35,0.35,0.35,0.35,0,0.0,0.0
2024-08-09,0.35,0.35,0.35,0.35,0.35,0,0.0,0.0
2024-08-12,0.35,0.35,0.35,0.35,0.35,0,0.0,0.0
2024-08-13,0.3155,0.3155,0.3155,0.3155,0.3155,100,0.0,0.0
2024-08-14,0.3155,0.3155,0.3155,0.3155,0.3155,0,0.0,0.0
2024-08-15,0.3155,0.3155,0.3155,0.3155,0.3155,0,0.0,0.0
2024-08-16,0.3155,0.3155,0.3155,0.3155,0.3155,0,0.0,0.0
2024-08-19,0.3155,0.3155,0.3155,0.3155,0.3155,0,0.0,0.0
2024-08-20,0.29,0.29,0.29,0.29,0.29,266,0.0,0.0
2024-08-21,0.29,0.29,0.29,0.29,0.29,0,0.0,0.0
2024-08-22,0.29,0.29,0.29,0.29,0.29,0,0.0,0.0
2024-08-23,0.29,0.29,0.29,0.29,0.29,0,0.0,0.0
2024-08-26,0.29,0.29,0.29,0.29,0.29,0,0.0,0.0
2024-08-27,0.29,0.29,0.29,0.29,0.29,0,0.0,0.0
2024-08-28,0.29,0.29,0.29,0.29,0.29,0,0.0,0.0
2024-08-29,0.24,0.24,0.24,0.24,0.24,200,0.0,0.0
2024-08-30,0.24,0.24,0.24,0.24,0.24,0,0.0,0.0
2024-09-03,0.24,0.24,0.24,0.24,0.24,0,0.0,0.0
2024-09-04,0.24,0.24,0.24,0.24,0.24,0,0.0,0.0
2024-09-05,0.3155,0.3155,0.3155,0.3155,0.3155,1267,0.0,0.0
2024-09-06,0.3155,0.3155,0.3155,0.3155,0.3155,0,0.0,0.0
2024-09-09,0.3155,0.3155,0.3155,0.3155,0.3155,0,0.0,0.0
2024-09-10,0.3155,0.3155,0.3155,0.3155,0.3155,0,0.0,0.0
2024-09-11,0.3155,0.3155,0.3155,0.3155,0.3155,0,0.0,0.0
2024-09-12,0.3155,0.3155,0.3155,0.3155,0.3155,0,0.0,0.0
2024-09-13,0.3155,0.3155,0.3155,0.3155,0.3155,0,0.0,0.0
2024-09-16,0.3155,0.3155,0.3155,0.3155,0.3155,0,0.0,0.0
2024-09-17,0.3155,0.3155,0.3155,0.3155,0.3155,0,0.0,0.0
2024-09-18,0.3155,0.3155,0.3155,0.3155,0.3155,0,0.0,0.0
2024-09-19,0.3155,0.3155,0.3155,0.3155,0.3155,0,0.0,0.0
2024-09-20,0.3155,0.3155,0.3155,0.3155,0.3155,0,0.0,0.0
2024-09-23,0.3155,0.3155,0.3155,0.3155,0.3155,0,0.0,0.0
2024-09-24,0.3155,0.3155,0.3155,0.3155,0.3155,0,0.0,0.0
2024-09-25,0.3155,0.3155,0.3155,0.3155,0.3155,0,0.0,0.0
2024-09-26,0.3155,0.3155,0.3155,0.3155,0.3155,0,0.0,0.0
2024-09-27,0.3155,0.3155,0.3155,0.3155,0.3155,0,0.0,0.0
2024-09-30,0.3155,0.3155,0.3155,0.3155,0.3155,0,0.0,0.0
2024-10-01,0.3155,0.3155,0.3155,0.3155,0.3155,0,0.0,0.0
2024-10-02,0.3155,0.3155,0.3155,0.3155,0.3155,0,0.0,0.0
2024-10-03,0.285,0.285,0.285,0.285,0.285,144,0.0,0.0
2024-10-04,0.285,0.285,0.285,0.285,0.285,0,0.0,0.0
2024-10-07,0.285,0.285,0.285,0.285,0.285,0,0.0,0.0
2024-10-08,0.2525,0.2525,0.2525,0.2525,0.2525,600,0.0,0.0
2024-10-09,0.2525,0.2525,0.2525,0.2525,0.2525,0,0.0,0.0
2024-10-10,0.2525,0.2525,0.2525,0.2525,0.2525,0,0.0,0.0
2024-10-11,0.285,0.291,0.285,0.291,0.291,782,0.0,0.0
2024-10-14,0.291,0.291,0.291,0.291,0.291,0,0.0,0.0
2024-10-15,0.291,0.291,0.291,0.291,0.291,0,0.0,0.0
2024-10-16,0.291,0.291,0.291,0.291,0.291,0,0.0,0.0
2024-10-17,0.291,0.291,0.291,0.291,0.291,0,0.0,0.0
2024-10-18,0.291,0.291,0.291,0.291,0.291,0,0.0,0.0
2024-10-21,0.291,0.291,0.291,0.291,0.291,0,0.0,0.0
2024-10-22,0.2875,0.2875,0.2875,0.2875,0.2875,2000,0.0,0.0
2024-10-23,0.23,0.3,0.2236,0.2427,0.2427,7506,0.0,0.0
2024-10-24,0.2427,0.2427,0.2427,0.2427,0.2427,0,0.0,0.0
2024-10-25,0.2427,0.2427,0.2427,0.2427,0.2427,0,0.0,0.0
2024-10-28,0.2427,0.2427,0.2427,0.2427,0.2427,0,0.0,0.0
2024-10-29,0.2427,0.2427,0.2427,0.2427,0.2427,0,0.0,0.0
2024-10-30,0.2427,0.2427,0.2427,0.2427,0.2427,0,0.0,0.0
2024-10-31,0.2427,0.2427,0.2427,0.2427,0.2427,0,0.0,0.0
2024-11-01,0.3,0.3,0.3,0.3,0.3,4850,0.0,0.0
2024-11-04,0.3,0.3,0.3,0.3,0.3,0,0.0,0.0
2024-11-05,0.3,0.3,0.3,0.3,0.3,0,0.0,0.0
2024-11-06,0.3,0.3,0.3,0.3,0.3,0,0.0,0.0
2024-11-07,0.3,0.3,0.3,0.3,0.3,0,0.0,0.0
2024-11-08,0.3,0.3,0.3,0.3,0.3,0,0.0,0.0
2024-11-11,0.3,0.3,0.3,0.3,0.3,0,0.0,0.0
2024-11-12,0.3,0.3,0.3,0.3,0.3,0,0.0,0.0
2024-11-13,0.3,0.3,0.3,0.3,0.3,0,0.0,0.0
2024-11-14,0.3,0.3,0.3,0.3,0.3,0,0.0,0.0
2024-11-15,0.3,0.3,0.3,0.3,0.3,0,0.0,0.0
2024-11-18,0.3,0.3,0.3,0.3,0.3,0,0.0,0.0
2024-11-19,0.3,0.3,0.3,0.3,0.3,0,0.0,0.0
2024-11-20,0.3,0.3,0.3,0.3,0.3,0,0.0,0.0
2024-11-21,0.3,0.3,0.3,0.3,0.3,0,0.0,0.0
2024-11-22,0.16199,0.16199,0.16199,0.16199,0.16199,2500,0.0,0.0
2024-11-25,0.16199,0.16199,0.16199,0.16199,0.16199,0,0.0,0.0
2024-11-26,0.16199,0.16199,0.16199,0.16199,0.16199,0,0.0,0.0
2024-11-27,0.16199,0.16199,0.16199,0.16199,0.16199,0,0.0,0.0
2024-11-29,0.26325,0.26325,0.26325,0.26325,0.26325,350,0.0,0.0
2024-12-02,0.29,0.29,0.2215,0.29,0.29,958,0.0,0.0
2024-12-03,0.27356,0.29,0.18725,0.18725,0.18725,990,0.0,0.0
2024-12-04,0.162,0.258,0.162,0.258,0.258,2746,0.0,0.0
2024-12-05,0.226,0.29,0.226,0.29,0.29,1482,0.0,0.0
2024-12-06,0.182,0.26,0.182,0.258,0.258,864,0.0,0.0
2024-12-09,0.258,0.258,0.258,0.258,0.258,0,0.0,0.0
2024-12-10,0.162,0.29,0.162,0.29,0.29,716,0.0,0.0
2024-12-11,0.29,0.29,0.2275,0.28,0.28,8468,0.0,0.0
2024-12-12,0.29,0.29,0.26,0.28,0.28,3830,0.0,0.0
2024-12-13,0.29,0.49536,0.29,0.3,0.3,9073,0.0,0.0
2024-12-16,0.35,0.35,0.35,0.35,0.35,3117,0.0,0.0
2024-12-17,0.35,0.35,0.35,0.35,0.35,0,0.0,0.0
2024-12-18,0.28264,0.28264,0.28264,0.28264,0.28264,700,0.0,0.0
2024-12-19,0.48936,0.48936,0.48936,0.48936,0.48936,438,0.0,0.0
2024-12-20,0.48936,0.522,0.48936,0.48936,0.48936,2099,0.0,0.0
2024-12-23,0.522,0.522,0.386,0.522,0.522,1097,0.0,0.0
2024-12-24,0.512,0.522,0.512,0.522,0.522,1160,0.0,0.0
2024-12-26,0.28264,0.28264,0.28264,0.28264,0.28264,1483,0.0,0.0
2024-12-27,0.28264,0.28264,0.28264,0.28264,0.28264,0,0.0,0.0
2024-12-30,0.28264,0.522,0.2501,0.2501,0.2501,8930,0.0,0.0
2024-12-31,0.2501,0.2501,0.2501,0.2501,0.2501,0,0.0,0.0
2025-01-02,0.28234,0.28234,0.28234,0.28234,0.28234,500,0.0,0.0
2025-01-03,0.28234,0.28234,0.28234,0.28234,0.28234,0,0.0,0.0
2025-01-06,0.2823,0.31058,0.2823,0.31058,0.31058,323,0.0,0.0
2025-01-07,0.29,0.29,0.29,0.29,0.29,218,0.0,0.0
2025-01-08,0.29,0.29,0.29,0.29,0.29,0,0.0,0.0
2025-01-10,0.29,0.29,0.29,0.29,0.29,0,0.0,0.0
2025-01-13,0.29,0.29,0.29,0.29,0.29,0,0.0,0.0
2025-01-14,0.29,0.29,0.2823,0.2823,0.2823,2550,0.0,0.0
2025-01-15,0.29229,0.29229,0.29229,0.29229,0.29229,200,0.0,0.0
2025-01-16,0.29229,0.29229,0.29229,0.29229,0.29229,0,0.0,0.0
2025-01-17,0.29229,0.29229,0.29229,0.29229,0.29229,0,0.0,0.0
2025-01-21,0.29229,0.29229,0.29229,0.29229,0.29229,0,0.0,0.0
2025-01-22,0.29229,0.29229,0.29229,0.29229,0.29229,0,0.0,0.0
2025-01-23,0.3216,0.3216,0.32,0.32,0.32,200,0.0,0.0
2025-01-24,0.48,0.48,0.48,0.48,0.48,4950,0.0,0.0
2025-01-27,0.48,0.48,0.48,0.48,0.48,0,0.0,0.0
2025-01-28,0.48,0.48,0.48,0.48,0.48,0,0.0,0.0
2025-01-29,0.48,0.48,0.48,0.48,0.48,0,0.0,0.0
2025-01-30,0.48,0.48,0.48,0.48,0.48,0,0.0,0.0
2025-01-31,0.48,0.48,0.48,0.48,0.48,0,0.0,0.0
2025-02-03,0.5747,0.5747,0.5747,0.5747,0.5747,400,0.0,0.0
2025-02-04,0.58,0.58,0.48,0.48,0.48,4700,0.0,0.0
2025-02-05,0.58,0.58,0.58,0.58,0.58,500,0.0,0.0
2025-02-06,0.58,0.58,0.58,0.58,0.58,0,0.0,0.0
2025-02-07,0.58,0.5891,0.58,0.5891,0.5891,2068,0.0,0.0
2025-02-10,0.565,0.565,0.565,0.565,0.565,400,0.0,0.0
2025-02-11,0.565,0.565,0.565,0.565,0.565,0,0.0,0.0
2025-02-12,0.5891,0.5891,0.5891,0.5891,0.5891,1020,0.0,0.0
2025-02-13,0.51,0.55,0.51,0.55,0.55,7215,0.0,0.0
2025-02-14,0.55,0.55,0.55,0.55,0.55,0,0.0,0.0
2025-02-18,0.57,0.65,0.57,0.65,0.65,7403,0.0,0.0
2025-02-19,0.68905,0.77333,0.68905,0.77333,0.77333,3150,0.0,0.0
2025-02-20,0.77333,0.77333,0.77333,0.77333,0.77333,0,0.0,0.0
2025-02-21,0.77333,0.77333,0.77333,0.77333,0.77333,0,0.0,0.0
2025-02-24,1.0,1.0,1.0,1.0,1.0,6300,0.0,0.0
2025-02-25,1.0,1.0,1.0,1.0,1.0,0,0.0,0.0
2025-02-26,1.0,1.08,0.788,0.98,0.98,11564,0.0,0.0
2025-02-27,1.0,1.0,1.0,1.0,1.0,1300,0.0,0.0
2025-02-28,1.0,1.0,0.9525,1.0,1.0,3013,0.0,0.0
2025-03-03,0.99,1.0,0.99,1.0,1.0,2400,0.0,0.0
2025-03-04,0.8,0.98,0.7911,0.8,0.8,19839,0.0,0.0
2025-03-05,0.8,0.8,0.8,0.8,0.8,0,0.0,0.0
2025-03-06,0.8,0.8,0.8,0.8,0.8,0,0.0,0.0
2025-03-07,0.9999,0.9999,0.9999,0.9999,0.9999,1026,0.0,0.0
2025-03-10,0.9999,0.9999,0.9999,0.9999,0.9999,0,0.0,0.0
2025-03-11,1.0,1.0099,0.88,0.95,0.95,8554,0.0,0.0
2025-03-12,0.95,0.95,0.95,0.95,0.95,0,0.0,0.0
2025-03-13,0.95,0.95,0.95,0.95,0.95,0,0.0,0.0
2025-03-14,1.0,1.02,1.0,1.02,1.02,400,0.0,0.0
2025-03-17,0.9,0.9,0.86979,0.86979,0.86979,861,0.0,0.0
2025-03-18,0.86979,0.86979,0.86979,0.86979,0.86979,0,0.0,0.0
2025-03-19,0.86979,0.86979,0.86979,0.86979,0.86979,0,0.0,0.0
2025-03-20,0.86979,0.86979,0.86979,0.86979,0.86979,0,0.0,0.0
2025-03-21,0.86979,0.86979,0.86979,0.86979,0.86979,0,0.0,0.0
2025-03-24,0.86979,0.86979,0.86979,0.86979,0.86979,0,0.0,0.0
2025-03-25,0.9,0.945,0.9,0.945,0.945,2211,0.0,0.0
2025-03-26,0.945,0.945,0.945,0.945,0.945,0,0.0,0.0
2025-03-27,0.945,0.945,0.945,0.945,0.945,0,0.0,0.0
2025-03-28,0.945,0.945,0.945,0.945,0.945,0,0.0,0.0
2025-03-31,0.945,0.945,0.945,0.945,0.945,0,0.0,0.0
2025-04-01,1.0,1.0,1.0,1.0,1.0,900,0.0,0.0
2025-04-02,1.0,1.0,1.0,1.0,1.0,0,0.0,0.0
2025-04-03,1.0,1.0,1.0,1.0,1.0,0,0.0,0.0
2025-04-04,1.02,1.02,1.02,1.02,1.02,600,0.0,0.0
2025-04-07,1.02,1.02,1.02,1.02,1.02,0,0.0,0.0
2025-04-08,1.02,1.02,1.02,1.02,1.02,0,0.0,0.0
2025-04-09,1.0199,1.0275,0.9376,0.99,0.99,2335,0.0,0.0
2025-04-10,0.99,0.99,0.99,0.99,0.99,0,0.0,0.0
2025-04-11,0.99,0.99,0.99,0.99,0.99,0,0.0,0.0
2025-04-14,0.99,0.99,0.99,0.99,0.99,0,0.0,0.0
2025-04-15,0.99,0.99,0.99,0.99,0.99,0,0.0,0.0
2025-04-16,0.99,0.99,0.99,0.99,0.99,0,0.0,0.0
2025-04-17,0.95,1.4,0.76,1.4,1.4,13662,0.0,0.0
2025-04-21,1.1926,1.45,1.1926,1.45,1.45,1614,0.0,0.0
2025-04-22,1.45,1.45,1.45,1.45,1.45,0,0.0,0.0
2025-04-23,1.45,1.45,1.45,1.45,1.45,0,0.0,0.0
2025-04-24,1.45,1.45,1.45,1.45,1.45,0,0.0,0.0
2025-04-25,1.35,1.35,1.0199,1.0199,1.0199,998,0.0,0.0
2025-04-28,1.02,1.0625,1.02,1.0625,1.0625,2250,0.0,0.0
2025-04-29,1.0625,1.0625,1.0625,1.0625,1.0625,0,0.0,0.0
2025-04-30,1.0,1.0,1.0,1.0,1.0,120,0.0,0.0
2025-05-01,1.0,1.0,1.0,1.0,1.0,0,0.0,0.0
2025-05-02,1.0,1.0,1.0,1.0,1.0,0,0.0,0.0
2025-05-05,1.0,1.0,1.0,1.0,1.0,0,0.0,0.0
2025-05-06,1.0,1.0,1.0,1.0,1.0,0,0.0,0.0
2025-05-07,1.0,1.0,1.0,1.0,1.0,0,0.0,0.0
2025-05-08,1.0,1.0,1.0,1.0,1.0,0,0.0,0.0
2025-05-09,1.135,1.25,1.135,1.1925,1.1925,505,0.0,0.0
2025-05-12,1.1925,1.1925,1.1925,1.1925,1.1925,0,0.0,0.0
2025-05-13,1.02,1.02,1.02,1.02,1.02,500,0.0,0.0
2025-05-14,1.11,1.11,1.05,1.05,1.05,200,0.0,0.0
2025-05-15,1.05,1.05,1.05,1.05,1.05,0,0.0,0.0
2025-05-16,1.05,1.05,1.05,1.05,1.05,0,0.0,0.0
2025-05-19,1.05,1.05,1.05,1.05,1.05,0,0.0,0.0
2025-05-20,1.05,1.05,1.05,1.05,1.05,0,0.0,0.0
2025-05-21,1.05,1.05,1.05,1.05,1.05,0,0.0,0.0
2025-05-22,1.05,1.05,1.05,1.05,1.05,134,0.0,0.0
2025-05-23,1.05,1.05,1.05,1.05,1.05,0,0.0,0.0
2025-05-27,1.05,1.05,1.05,1.05,1.05,0,0.0,0.0
2025-05-28,1.05,1.05,1.05,1.05,1.05,0,0.0,0.0
2025-05-29,1.05,1.05,1.05,1.05,1.05,0,0.0,0.0
2025-05-30,1.05,1.05,1.05,1.05,1.05,0,0.0,0.0
2025-06-02,1.38,1.38,1.38,1.38,1.38,800,0.0,0.0
2025-06-03,1.38,1.38,1.38,1.38,1.38,0,0.0,0.0
2025-06-04,1.35,1.35,1.34,1.35,1.35,1901,0.0,0.0
2025-06-05,1.35,1.375,1.35,1.375,1.375,365,0.0,0.0
2025-06-06,1.375,1.375,1.375,1.375,1.375,0,0.0,0.0
2025-06-09,1.68,1.75,1.68,1.68,1.68,7050,0.0,0.0
2025-06-10,1.68,1.68,1.68,1.68,1.68,0,0.0,0.0
2025-06-11,1.68,1.68,1.68,1.68,1.68,0,0.0,0.0
2025-06-12,1.7,1.7,1.7,1.7,1.7,1000,0.0,0.0
2025-06-13,1.6,1.6,1.07,1.07,1.07,700,0.0,0.0
2025-06-16,1.07,1.07,1.07,1.07,1.07,0,0.0,0.0
2025-06-17,1.07,1.07,1.07,1.07,1.07,0,0.0,0.0
2025-06-18,0.9631,0.9631,0.8755,0.8755,0.8755,1100,0.0,0.0
2025-06-20,0.8755,0.8755,0.8755,0.8755,0.8755,0,0.0,0.0
2025-06-23,0.9501,0.9501,0.8418,0.9,0.9,2500,0.0,0.0
2025-06-24,0.9,0.9,0.9,0.9,0.9,0,0.0,0.0
2025-06-25,1.0205,1.0205,0.7637,0.7637,0.7637,2200,0.0,0.0
2025-06-26,0.7637,0.7637,0.7637,0.7637,0.7637,0,0.0,0.0
2025-06-27,0.7637,0.7637,0.7637,0.7637,0.7637,0,0.0,0.0
2025-06-30,0.7637,0.7637,0.7637,0.7637,0.7637,0,0.0,0.0
2025-07-01,0.7637,0.7637,0.7637,0.7637,0.7637,0,0.0,0.0
2025-07-02,0.7637,0.7637,0.7637,0.7637,0.7637,0,0.0,0.0
2025-07-03,0.7637,0.7637,0.7637,0.7637,0.7637,0,0.0,0.0
2025-07-07,0.7637,0.7637,0.7637,0.7637,0.7637,0,0.0,0.0
2025-07-08,0.7637,0.7637,0.7637,0.7637,0.7637,0,0.0,0.0
2025-07-09,0.7637,0.7637,0.7637,0.7637,0.7637,0,0.0,0.0
2025-07-10,0.9,0.9,0.9,0.9,0.9,1000,0.0,0.0
2025-07-11,0.9,0.9,0.9,0.9,0.9,0,0.0,0.0
2025-07-14,0.9,0.9,0.9,0.9,0.9,0,0.0,0.0
2025-07-15,0.9,0.9,0.9,0.9,0.9,0,0.0,0.0
2025-07-16,0.9,0.9,0.9,0.9,0.9,0,0.0,0.0
2025-07-17,0.9,0.9,0.9,0.9,0.9,500,0.0,0.0
2025-07-18,1.0,1.0,1.0,1.0,1.0,1100,0.0,0.0
2025-07-21,1.0,1.35,1.0,1.35,1.35,2550,0.0,0.0
2025-07-22,1.35,1.35,1.35,1.35,1.35,0,0.0,0.0
2025-07-23,1.4,1.55,1.4,1.4,1.4,10647,0.0,0.0
2025-07-24,0.85,1.25,0.85,1.19,1.19,2550,0.0,0.0
2025-07-25,1.19,1.19,1.19,1.19,1.19,0,0.0,0.0
2025-07-28,1.5,1.75,1.42,1.75,1.75,3496,0.0,0.0
2025-07-29,1.75,1.75,1.75,1.75,1.75,0,0.0,0.0
2025-07-30,1.75,1.75,1.75,1.75,1.75,2304,0.0,0.0
2025-07-31,1.75,1.75,1.75,1.75,1.75,0,0.0,0.0
2025-08-01,1.75,1.75,1.75,1.75,1.75,0,0.0,0.0
2025-08-04,1.75,1.75,1.75,1.75,1.75,0,0.0,0.0
2025-08-05,1.3,1.85,1.3,1.85,1.85,406,0.0,0.0
2025-08-06,1.84,1.85,1.654,1.654,1.654,12500,0.0,0.0
2025-08-07,1.45,1.45,1.45,1.45,1.45,100,0.0,0.0
2025-08-08,1.45,1.45,1.45,1.45,1.45,0,0.0,0.0
2025-08-11,1.7,1.84,1.58,1.84,1.84,9231,0.0,0.0
2025-08-12,1.95,1.95,1.45,1.45,1.45,354,0.0,0.0
2025-08-13,1.65,1.8824,1.65,1.8824,1.8824,866,0.0,0.0
2025-08-14,1.9099,2.14,1.9099,2.14,2.14,1338,0.0,0.0
2025-08-15,3.0,3.0,1.77,1.77,1.77,2047,0.0,0.0
2025-08-18,1.77,1.77,1.77,1.77,1.77,0,0.0,0.0
2025-08-19,1.77,1.77,1.77,1.77,1.77,0,0.0,0.0
2025-08-20,1.77,1.77,1.77,1.77,1.77,0,0.0,0.0
2025-08-21,1.77,1.77,1.77,1.77,1.77,0,0.0,0.0
2025-08-22,1.77,1.77,1.77,1.77,1.77,0,0.0,0.0
2025-08-25,2.0,2.0,1.75,1.75,1.75,300,0.0,0.0
2025-08-26,1.75,1.75,1.75,1.75,1.75,0,0.0,0.0
2025-08-27,2.0,2.0,2.0,2.0,2.0,300,0.0,0.0
2025-08-28,2.0,2.0,1.94,1.94,1.94,200,0.0,0.0
2025-08-29,1.88,1.88,1.51,1.51,1.51,705,0.0,0.0
2025-09-02,1.5,1.5,1.45,1.45,1.45,2100,0.0,0.0
2025-09-03,1.45,1.45,1.45,1.45,1.45,0,0.0,0.0
2025-09-04,1.5,1.5,1.5,1.5,1.5,100,0.0,0.0
2025-09-05,1.77,1.77,1.77,1.77,1.77,200,0.0,0.0
2025-09-08,2.08,2.08,1.99,2.0,2.0,2156,0.0,0.0
2025-09-09,2.25,2.25,2.05,2.05,2.05,1300,0.0,0.0
2025-09-10,2.05,2.05,2.05,2.05,2.05,0,0.0,0.0
2025-09-11,2.05,2.5,2.05,2.5,2.5,2677,0.0,0.0
2025-09-12,2.5,2.6,2.425,2.6,2.6,2853,0.0,0.0
2025-09-15,2.74,3.28,2.74,2.95,2.95,6257,0.0,0.0
2025-09-16,2.9,2.95,2.9,2.95,2.95,430,0.0,0.0
2025-09-17,3.1,3.2,3.1,3.2,3.2,534,0.0,0.0
2025-09-18,3.28,4.18,3.19,4.18,4.18,5637,0.0,0.0
2025-09-19,4.0,4.0,3.98,3.98,3.98,1690,0.0,0.0
2025-09-22,4.0,4.3833,3.75,3.75,3.75,15784,0.0,0.0
2025-09-23,3.75,3.75,3.75,3.75,3.75,0,0.0,0.0
2025-09-24,3.99,3.99,3.78,3.8,3.8,2633,0.0,0.0
2025-09-25,3.99,3.99,3.8099,3.8099,3.8099,668,0.0,0.0
2025-09-26,3.8099,3.8099,3.8099,3.8099,3.8099,0,0.0,0.0
2025-09-29,3.79,3.79,3.79,3.79,3.79,626,0.0,0.0
2025-09-30,3.78,3.78,3.78,3.78,3.78,899,0.0,0.0
2025-10-01,3.5099,3.6225,3.5099,3.6225,3.6225,376,0.0,0.0
2025-10-02,3.5,3.99,3.5,3.99,3.99,1265,0.0,0.0
2025-10-03,3.98,3.98,3.98,3.98,3.98,200,0.0,0.0
2025-10-06,3.8375,3.98,3.8375,3.98,3.98,1631,0.0,0.0
2025-10-07,3.98,3.98,3.98,3.98,3.98,100,0.0,0.0
2025-10-08,3.98,3.98,3.98,3.98,3.98,0,0.0,0.0
2025-10-09,3.98,3.98,3.98,3.98,3.98,0,0.0,0.0
2025-10-10,3.73,3.97,3.73,3.73,3.73,540,0.0,0.0
2025-10-13,3.948,4.38,3.925,4.2984,4.2984,24091,0.0,0.0
2025-10-14,4.4,4.4,4.0405,4.2,4.2,4655,0.0,0.0
2025-10-15,4.11,4.96,4.1,4.3644,4.3644,5662,0.0,0.0
2025-10-16,4.36,4.36,4.1,4.2215,4.2215,3200,0.0,0.0
2025-10-17,3.8099,3.8099,2.49,2.748,2.748,7553,0.0,0.0
2025-10-20,3.0,4.69,3.0,4.69,4.69,9093,0.0,0.0
2025-10-21,4.6,4.6,4.0,4.0,4.0,2808,0.0,0.0
2025-10-22,4.99,5.3,4.24,4.24,4.24,2310,0.0,0.0
2025-10-23,4.45,4.45,4.02,4.02,4.02,2300,0.0,0.0
2025-10-24,4.75,4.77,4.55,4.5823,4.5823,18650,0.0,0.0
2025-10-27,4.58,5.2,4.0,4.6,4.6,8733,0.0,0.0
2025-10-28,4.36,4.48,4.3,4.48,4.48,809,0.0,0.0
2025-10-29,4.3875,4.3875,4.3875,4.3875,4.3875,100,0.0,0.0
2025-10-30,4.372,4.372,4.33,4.35,4.35,1252,0.0,0.0
2025-10-31,4.35,4.3599,4.35,4.35,4.35,400,0.0,0.0
2025-11-03,4.47,4.602,4.2,4.24,4.24,3405,0.0,0.0
2025-11-04,4.24,4.24,4.24,4.24,4.24,0,0.0,0.0
2025-11-05,4.24,4.24,4.24,4.24,4.24,0,0.0,0.0
2025-11-06,4.2,4.2,4.2,4.2,4.2,450,0.0,0.0
2025-11-07,4.2,4.6,4.2,4.6,4.6,8540,0.0,0.0
2025-11-10,4.7,4.7,4.7,4.7,4.7,100,0.0,0.0
2025-11-11,5.0,5.0,5.0,5.0,5.0,580,0.0,0.0
2025-11-12,4.9,4.9,4.62,4.62,4.62,642,0.0,0.0
2025-11-13,4.7,5.0,4.7,5.0,5.0,3249,0.0,0.0
2025-11-14,5.0,7.0,5.0,7.0,7.0,2551,0.0,0.0
2025-11-17,6.0,6.26,6.0,6.0,6.0,3765,0.0,0.0
2025-11-18,6.0,6.15,4.34,5.0,5.0,2975,0.0,0.0
2025-11-19,5.06,6.0,5.0,6.0,6.0,1355,0.0,0.0
2025-11-20,5.0,5.0,4.51,4.5933,4.5933,8201,0.0,0.0
2025-11-21,6.0,6.0,4.6,4.6,4.6,10780,0.0,0.0
2025-11-24,4.7,4.7,4.7,4.7,4.7,515,0.0,0.0
2025-11-25,4.95,4.95,4.95,4.95,4.95,1000,0.0,0.0
2025-11-26,4.95,4.95,4.95,4.95,4.95,2515,0.0,0.0
2025-11-28,5.0,5.0,5.0,5.0,5.0,1350,0.0,0.0
2025-12-01,5.5483,5.9032,5.5483,5.9032,5.9032,2037,0.0,0.0
2025-12-02,5.98,6.9,5.98,6.51,6.51,8459,0.0,0.0
2025-12-03,6.95,7.5,6.95,7.5,7.5,6593,0.0,0.0
2025-12-04,7.0,7.0,6.0,6.06,6.06,4414,0.0,0.0
2025-12-05,6.06,6.06,6.06,6.06,6.06,224,0.0,0.0
2025-12-08,6.3,6.3,6.3,6.3,6.3,326,0.0,0.0
2025-12-09,6.3,6.3,6.0,6.3,6.3,1620,0.0,0.0
2025-12-10,6.0,6.1,6.0,6.1,6.1,2300,0.0,0.0
2025-12-11,6.19,6.19,6.19,6.19,6.19,114,0.0,0.0
2025-12-12,6.1,6.1,6.1,6.1,6.1,423,0.0,0.0
2025-12-15,6.1,6.11,6.1,6.1,6.1,1882,0.0,0.0
2025-12-16,6.5,6.5,6.1,6.5,6.5,2633,0.0,0.0
2025-12-17,6.5,6.5,6.5,6.5,6.5,3000,0.0,0.0
2025-12-18,6.5,6.5,6.5,6.5,6.5,500,0.0,0.0
2025-12-19,6.33,6.5,6.33,6.5,6.5,1500,0.0,0.0
2025-12-22,6.5,6.5,6.5,6.5,6.5,1075,0.0,0.0
2025-12-23,5.75,5.75,5.75,5.75,5.75,950,0.0,0.0
2025-12-24,7.0,7.0,6.88,6.88,6.88,2100,0.0,0.0
2025-12-26,5.8,5.8,5.75,5.75,5.75,2000,0.0,0.0
2025-12-29,6.0,6.0,6.0,6.0,6.0,462,0.0,0.0
2025-12-30,5.51,5.51,5.0,5.25,5.25,4234,0.0,0.0
2025-12-31,5.0,5.25,4.7,5.1,5.1,9834,0.0,0.0
2026-01-02,5.4,5.4,5.4,5.4,5.4,169,0.0,0.0
2026-01-05,6.3,6.3,5.9,5.9,5.9,1188,0.0,0.0
2026-01-06,6.3,6.3,5.9,5.9,5.9,253,0.0,0.0
2026-01-07,5.98,6.4,5.98,6.4,6.4,5804,0.0,0.0
2026-01-08,6.4,6.4,6.4,6.4,6.4,2408,0.0,0.0
2026-01-09,6.4,6.4,6.4,6.4,6.4,1100,0.0,0.0
2026-01-12,6.4,6.4,4.75,4.75,4.75,6132,0.0,0.0
2026-01-13,6.85,6.85,5.0,5.0,5.0,469,0.0,0.0
2026-01-14,5.0,5.0,5.0,5.0,5.0,0,0.0,0.0
2026-01-15,5.0,5.0,5.0,5.0,5.0,0,0.0,0.0
2026-01-16,4.0,4.15,4.0,4.15,4.15,1857,0.0,0.0
2026-01-20,4.0,4.05,4.0,4.0,4.0,6241,0.0,0.0
2026-01-21,4.0,4.0,4.0,4.0,4.0,0,0.0,0.0
2026-01-22,4.2,4.2,4.2,4.2,4.2,1000,0.0,0.0
2026-01-23,4.2,4.2,4.1,4.1,4.1,1053,0.0,0.0
2026-01-26,4.25925,4.25925,4.2,4.2,4.2,1595,0.0,0.0
2026-01-27,4.2,4.2,4.2,4.2,4.2,0,0.0,0.0
2026-01-28,3.7,4.2,3.7,4.2,4.2,1190,0.0,0.0
2026-01-29,4.2,4.2,4.2,4.2,4.2,0,0.0,0.0
2026-01-30,4.0,4.52,3.88,4.5,4.5,2211,0.0,0.0
2026-02-02,3.95,3.95,3.95,3.95,3.95,507,0.0,0.0
2026-02-03,4.5,4.5,3.97,3.97,3.97,2463,0.0,0.0
2026-02-04,3.8,3.85,3.75,3.81,3.81,4944,0.0,0.0
2026-02-05,4.315,4.315,4.315,4.315,4.315,200,0.0,0.0
2026-02-06,4.315,4.315,4.315,4.315,4.315,0,0.0,0.0
2026-02-09,3.85,3.85,3.85,3.85,3.85,3906,0.0,0.0
2026-02-10,3.85,3.85,3.85,3.85,3.85,0,0.0,0.0
2026-02-11,3.85,3.85,3.85,3.85,3.85,0,0.0,0.0
2026-02-12,3.85,3.85,3.85,3.85,3.85,0,0.0,0.0
2026-02-13,3.85,3.85,3.85,3.85,3.85,0,0.0,0.0
2026-02-17,3.85,3.85,3.85,3.85,3.85,0,0.0,0.0
2026-02-18,3.85,3.85,3.85,3.85,3.85,0,0.0,0.0
2026-02-19,3.85,3.85,3.85,3.85,3.85,0,0.0,0.0
2026-02-20,3.9,3.9,3.9,3.9,3.9,1000,0.0,0.0
2026-02-23,3.9,3.9,3.9,3.9,3.9,0,0.0,0.0
2026-02-24,3.9,3.9,3.9,3.9,3.9,0,0.0,0.0
2026-02-25,3.95,4.0,3.9,3.9,3.9,1770,0.0,0.0
2026-02-26,3.85,3.88,3.85,3.88,3.88,426,0.0,0.0
2026-02-27,3.85,3.85,3.85,3.85,3.85,500,0.0,0.0
2026-03-02,3.4,3.4,3.4,3.4,3.4,1270,0.0,0.0
2026-03-03,3.4,3.4,3.4,3.4,3.4,0,0.0,0.0
2026-03-04,3.4,3.4,3.4,3.4,3.4,687,0.0,0.0
2026-03-05,3.5,3.5,3.5,3.5,3.5,800,0.0,0.0
2026-03-06,3.5,3.5,3.5,3.5,3.5,0,0.0,0.0
2026-03-09,3.5,3.5,3.5,3.5,3.5,0,0.0,0.0
2026-03-10,4.0,4.0,4.0,4.0,4.0,125,0.0,0.0
2026-03-11,4.0,4.0,4.0,4.0,4.0,0,0.0,0.0
2026-03-12,3.7,3.7,3.7,3.7,3.7,500,0.0,0.0
2026-03-13,3.7,3.7,3.7,3.7,3.7,0,0.0,0.0
2026-03-16,3.7,3.7,3.7,3.7,3.7,0,0.0,0.0
2026-03-17,3.7,3.7,3.7,3.7,3.7,0,0.0,0.0
2026-03-18,3.3,3.3248,3.0,3.0,3.0,2600,0.0,0.0
2026-03-19,3.0,3.0,3.0,3.0,3.0,400,0.0,0.0
2026-03-20,2.99,3.0,2.99,3.0,3.0,1213,0.0,0.0
2026-03-23,3.0,3.0,3.0,3.0,3.0,0,0.0,0.0
2026-03-24,3.0,3.0,3.0,3.0,3.0,1000,0.0,0.0
2026-03-25,2.75,2.75,2.65,2.7013,2.7013,1012,0.0,0.0
2026-03-26,2.84,3.0,2.84,3.0,3.0,5209,0.0,0.0
2026-03-27,3.0,3.0,3.0,3.0,3.0,0,0.0,0.0
2026-03-30,3.05,3.05,3.05,3.05,3.05,100,0.0,0.0
2026-03-31,3.05,3.05,3.05,3.05,3.05,0,0.0,0.0
2026-04-01,3.2,3.2,2.8,2.8,2.8,2100,0.0,0.0
2026-04-02,2.8,2.8,2.8,2.8,2.8,0,0.0,0.0
2026-04-06,2.8,5.6,2.8,2.8,2.8,1225,0.0,0.0
2026-04-07,2.8,2.8,2.8,2.8,2.8,0,0.0,0.0
2026-04-08,2.3,2.4,2.3,2.4,2.4,4984,0.0,0.0
2026-04-09,2.4,2.4,2.4,2.4,2.4,0,0.0,0.0
2026-04-10,2.4,2.4,2.4,2.4,2.4,0,0.0,0.0
2026-04-13,3.098,3.098,3.098,3.098,3.098,170,0.0,0.0
2026-04-14,3.1,3.1,3.1,3.1,3.1,1000,0.0,0.0
2026-04-15,2.8099,2.8099,2.8,2.8,2.8,1258,0.0,0.0
2026-04-16,2.8,2.8,2.8,2.8,2.8,0,0.0,0.0
2026-04-17,2.9,2.9,2.9,2.9,2.9,1000,0.0,0.0
2026-04-20,2.82,2.82,2.7,2.71,2.71,2200,0.0,0.0
2026-04-21,2.71,2.71,2.71,2.71,2.71,0,0.0,0.0
2026-04-22,2.71,2.71,2.71,2.71,2.71,0,0.0,0.0
2026-04-23,2.71,2.71,2.71,2.71,2.71,0,0.0,0.0
2026-04-24,2.71,2.71,2.71,2.71,2.71,0,0.0,0.0
2026-04-27,2.71,2.71,2.71,2.71,2.71,0,0.0,0.0
2026-04-28,2.71,2.71,2.71,2.71,2.71,0,0.0,0.0
2026-04-29,2.71,2.71,2.71,2.71,2.71,0,0.0,0.0
2026-04-30,2.71,2.71,2.71,2.71,2.71,0,0.0,0.0
2026-05-01,2.71,2.71,2.71,2.71,2.71,0,0.0,0.0
2026-05-04,2.88,2.88,2.88,2.88,2.88,118,0.0,0.0
2026-05-05,2.88,2.88,2.88,2.88,2.88,0,0.0,0.0
2026-05-06,3.0,4.196,3.0,3.01,3.01,1532,0.0,0.0
2026-05-07,3.01,3.01,3.0,3.0,3.0,3000,0.0,0.0
2026-05-08,3.0,3.0,3.0,3.0,3.0,0,0.0,0.0
2026-05-11,3.0,3.0,3.0,3.0,3.0,0,0.0,0.0
2026-05-12,3.0,3.0,3.0,3.0,3.0,0,0.0,0.0
2026-05-13,3.0,3.0,3.0,3.0,3.0,1000,0.0,0.0
2026-05-14,3.0,3.0,3.0,3.0,3.0,0,0.0,0.0
2026-05-15,3.0,3.0,3.0,3.0,3.0,4500,0.0,0.0
2026-05-18,3.0,3.0,3.0,3.0,3.0,100,0.0,0.0
2026-05-19,3.0,3.0,3.0,3.0,3.0,405,0.0,0.0
2026-05-20,3.0,3.0,3.0,3.0,3.0,0,0.0,0.0
2026-05-21,3.0,3.0,3.0,3.0,3.0,0,0.0,0.0
2026-05-22,3.0,3.0,3.0,3.0,3.0,0,0.0,0.0
2026-05-26,3.2,3.2,3.2,3.2,3.2,1600,0.0,0.0
2026-05-27,3.2,3.2,3.2,3.2,3.2,0,0.0,0.0
2026-05-28,3.19,3.19,3.19,3.19,3.19,204,0.0,0.0
2026-05-29,3.19,3.19,3.19,3.19,3.19,0,0.0,0.0
2026-06-01,3.19,3.19,3.0,3.0,3.0,2395,0.0,0.0
2026-06-02,3.0,3.0,3.0,3.0,3.0,0,0.0,0.0
2026-06-03,2.9099,2.9099,2.9099,2.9099,2.9099,120,0.0,0.0
2026-06-04,2.9099,2.9099,2.9099,2.9099,2.9099,0,0.0,0.0
2026-06-05,2.9099,2.9099,2.9099,2.9099,2.9099,0,0.0,0.0
2026-06-08,2.9099,2.9099,2.9099,2.9099,2.9099,0,0.0,0.0
2026-06-09,2.9099,2.9099,2.9099,2.9099,2.9099,0,0.0,0.0
2026-06-10,2.9,2.9,2.9,2.9,2.9,140,0.0,0.0
2026-06-11,2.9,2.9,2.9,2.9,2.9,0,0.0,0.0
2026-06-12,2.9,2.9,2.9,2.9,2.9,0,0.0,0.0
2026-06-15,2.9,2.9,2.9,2.9,2.9,0,0.0,0.0
2026-06-16,2.9,2.9,2.42,2.67,2.67,1300,0.0,0.0
2026-06-17,2.67,2.67,2.67,2.67,2.67,1000,0.0,0.0
2026-06-18,3.74,3.76,3.6,3.6,3.6,3145,0.0,0.0
2026-06-22,3.6,3.6,3.6,3.6,3.6,0,0.0,0.0
2026-06-23,3.6,3.6,2.3,3.0,3.0,5442,0.0,0.0
2026-06-24,2.75,2.75,2.75,2.75,2.75,455,0.0,0.0
2026-06-25,2.75,2.75,2.75,2.75,2.75,1000,0.0,0.0
2026-06-26,2.75,2.75,2.75,2.75,2.75,0,0.0,0.0
2026-06-29,2.75,2.75,2.75,2.75,2.75,1000,0.0,0.0
2026-06-30,2.5,2.5,2.5,2.5,2.5,135,0.0,0.0
2026-07-01,2.5,2.5,2.5,2.5,2.5,0,0.0,0.0
2026-07-02,2.5,2.5,2.5,2.5,2.5,0,0.0,0.0
2026-07-06,2.5,2.5,2.5,2.5,2.5,100,0.0,0.0
2026-07-07,2.5,2.5,2.5,2.5,2.5,0,0.0,0.0
2026-07-08,3.0424,3.0424,3.0,3.0,3.0,330,0.0,0.0
2026-07-09,3.0,3.0,3.0,3.0,3.0,0,0.0,0.0
2026-07-10,3.0,3.0,3.0,3.0,3.0,0,0.0,0.0
2026-07-13,3.0,3.0,3.0,3.0,3.0,0,0.0,0.0
2026-07-14,3.0,3.0,3.0,3.0,3.0,0,0.0,0.0
2026-07-15,3.0,3.0,3.0,3.0,3.0,0,0.0,0.0
2026-07-16,2.9,2.9,2.9,2.9,2.9,800,0.0,0.0
2026-07-17,2.9,2.9,2.9,2.9,2.9,0,0.0,0.0
2026-07-20,2.5,2.5,2.5,2.5,2.5,244,0.0,0.0
2026-07-21,2.99,3.56,2.99,3.56,3.56,2950,0.0,0.0
2026-07-22,3.48299,4.105,3.25,4.05,4.05,5948,0.0,0.0
2026-07-23,4.244,4.3,3.6,4.25,4.25,3643,0.0,0.0
2026-07-24,4.3,4.4344,3.35,4.2245,4.2245,4844,0.0,0.0
2026-07-27,4.5,4.5,4.5,4.5,4.5,2150,0.0,0.0
2026-07-28,4.5,4.55,4.5,4.55,4.55,2130,0.0,0.0
2026-07-29,4.55,4.55,4.5245,4.5245,4.5245,2835,0.0,0.0
2026-07-30,4.5,4.5,4.1,4.1,4.1,3011,0.0,0.0
2026-07-31,4.1908,4.23,4.05,4.05,4.05,3600,0.0,0.0
2026-08-03,4.15,4.25038,4.0,4.25038,4.25038,2575,0.0,0.0
2026-08-04,4.15,4.55,4.15,4.55,4.55,2054,0.0,0.0
2026-08-05,4.5,4.5,4.44,4.5,4.5,3830,0.0,0.0
2026-08-06,4.46,4.47,4.105,4.17914,4.17914,2000,0.0,0.0
2026-08-07,4.2092,4.5456,4.2092,4.332,4.332,2457,0.0,0.0
2026-08-10,4.38,4.38,4.01,4.15,4.15,2362,0.0,0.0
2026-08-11,4.0,4.2,3.99,4.16,4.16,7025,0.0,0.0
2026-08-12,3.99,4.1,3.94472,4.0916,4.0916,2565,0.0,0.0
2026-08-13,3.65077,4.0,3.56,4.0,4.0,3400,0.0,0.0
2026-08-14,3.05,4.01,3.05,4.01,4.01,4625,0.0,0.0
2026-08-17,4.0,6.0,3.8888,4.02,4.02,9188,0.0,0.0
2026-08-18,4.0,4.0,3.6299,4.0,4.0,3526,0.0,0.0
2026-08-19,4.0,4.1,3.7416,4.0,4.0,3980,0.0,0.0
2026-08-20,3.55,4.0,3.15,4.0,4.0,16230,0.0,0.0
2026-08-21,3.921,3.99,3.4,3.6099,3.6099,9351,0.0,0.0
2026-08-24,3.6299,3.99,3.62,3.99,3.99,4240,0.0,0.0
2026-08-25,3.905,3.99,3.55,3.55,3.55,3980,0.0,0.0
2026-08-26,3.77,3.87,3.3099,3.87,3.87,3310,0.0,0.0
2026-08-27,3.99,4.01,3.34,3.535,3.535,24890,0.0,0.0
2026-08-28,3.2699,3.96,3.25,3.95,3.95,13530,0.0,0.0
2026-08-31,3.3099,3.931,3.3,3.555,3.555,22374,0.0,0.0
2026-09-01,3.5,3.5,3.01,3.1776,3.1776,17860,0.0,0.0
2026-09-02,3.264,3.47,3.23,3.47,3.47,10653,0.0,0.0
2026-09-03,3.558,3.7756,3.5,3.7756,3.7756,1550,0.0,0.0
2026-09-04,3.339,3.8,3.339,3.8,3.8,2051,0.0,0.0
2026-09-08,3.5,3.57,3.25,3.35,3.35,11337,0.0,0.0
2026-09-09,3.4,4.22,3.22,4.1,4.1,60811,0.0,0.0
2026-09-10,3.4,3.45,1.82,2.23,2.23,2080000,0.0,0.0
2026-09-11,2.5,5.5,2.49,2.96,2.96,27754000,0.0,0.0
2026-09-14,3.02,3.08,2.5,2.78,2.78,1196000,0.0,0.0
2026-09-15,2.42,2.54,1.81,1.94,1.94,842300,0.0,0.0
2026-09-16,2.0,2.0,1.46,,,639795,0.0,0.0
