Date,Open,High,Low,Close,Adj Close,Volume,Dividends,Stock Splits
2018-09-27,51062500.0,52250000.0,45125000.0,47500000.0,47500000.0,1,0.0,0.0
2018-09-28,47381248.0,47903752.0,41776248.0,43225000.0,43225000.0,0,0.0,0.0
2018-10-01,43225000.0,43367500.0,34675000.0,35173752.0,35173752.0,0,0.0,0.0
2018-10-02,35173752.0,36646248.0,32110000.0,33938752.0,33938752.0,0,0.0,0.0
2018-10-03,33915000.0,34413752.0,31635000.0,34413752.0,34413752.0,0,0.0,0.0
2018-10-04,34271248.0,34271248.0,30043750.0,33012500.0,33012500.0,0,0.0,0.0
2018-10-05,32775000.0,32965000.0,31112500.0,31872500.0,31872500.0,0,0.0,0.0
2018-10-08,32300000.0,32442500.0,30423750.0,30875000.0,30875000.0,0,0.0,0.0
2018-10-09,30637500.0,31350000.0,28785000.0,30162500.0,30162500.0,0,0.0,0.0
2018-10-10,30138750.0,30138750.0,28761250.0,29093750.0,29093750.0,0,0.0,0.0
2018-10-11,29070000.0,29663750.0,28737500.0,28975000.0,28975000.0,0,0.0,0.0
2018-10-12,30233750.0,30233750.0,27431250.0,28666250.0,28666250.0,0,0.0,0.0
2018-10-15,26220000.0,29640000.0,26220000.0,26695000.0,26695000.0,0,0.0,0.0
2018-10-16,26600000.0,27787500.0,25555000.0,27075000.0,27075000.0,0,0.0,0.0
2018-10-17,26932500.0,27550000.0,26125000.0,26600000.0,26600000.0,0,0.0,0.0
2018-10-18,26528750.0,28452500.0,26125000.0,28381250.0,28381250.0,0,0.0,0.0
2018-10-19,28500000.0,32537500.0,28476250.0,31706250.0,31706250.0,0,0.0,0.0
2018-10-22,31563750.0,31706250.0,25483750.0,28523750.0,28523750.0,0,0.0,0.0
2018-10-23,28238750.0,28357500.0,26718750.0,27312500.0,27312500.0,0,0.0,0.0
2018-10-24,27312500.0,28025000.0,25650000.0,26837500.0,26837500.0,0,0.0,0.0
2018-10-25,27075000.0,27312500.0,25460000.0,25578750.0,25578750.0,0,0.0,0.0
2018-10-26,25697500.0,27906250.0,24937500.0,26600000.0,26600000.0,0,0.0,0.0
2018-10-29,26790000.0,27288750.0,25175000.0,25436250.0,25436250.0,0,0.0,0.0
2018-10-30,25436250.0,26125000.0,24581250.0,25175000.0,25175000.0,0,0.0,0.0
2018-10-31,25151250.0,25911250.0,24652500.0,25412500.0,25412500.0,0,0.0,0.0
2018-11-01,25531250.0,26125000.0,24890000.0,25056250.0,25056250.0,0,0.0,0.0
2018-11-02,25531250.0,26600000.0,25531250.0,25768750.0,25768750.0,0,0.0,0.0
2018-11-05,25958750.0,25958750.0,24723750.0,24723750.0,24723750.0,0,0.0,0.0
2018-11-06,24652500.0,24818750.0,22158750.0,23678750.0,23678750.0,0,0.0,0.0
2018-11-07,23773750.0,25531250.0,23156250.0,23156250.0,23156250.0,0,0.0,0.0
2018-11-08,23132500.0,23393750.0,20781250.0,20923750.0,20923750.0,0,0.0,0.0
2018-11-09,20995000.0,21968750.0,19688750.0,21161250.0,21161250.0,0,0.0,0.0
2018-11-12,20971250.0,21470000.0,19973750.0,19973750.0,19973750.0,0,0.0,0.0
2018-11-13,20591250.0,20591250.0,17812500.0,19546250.0,19546250.0,0,0.0,0.0
2018-11-14,20235000.0,21778750.0,18430000.0,20140000.0,20140000.0,0,0.0,0.0
2018-11-15,19997500.0,21090000.0,19403750.0,20306250.0,20306250.0,0,0.0,0.0
2018-11-16,20472500.0,21375000.0,18643750.0,19332500.0,19332500.0,0,0.0,0.0
2018-11-19,19522500.0,20425000.0,18833750.0,19736250.0,19736250.0,0,0.0,0.0
2018-11-20,19593750.0,20092500.0,19095000.0,19403750.0,19403750.0,0,0.0,0.0
2018-11-21,19475000.0,20567500.0,19475000.0,19950000.0,19950000.0,0,0.0,0.0
2018-11-23,19688750.0,19807500.0,18477500.0,18501250.0,18501250.0,0,0.0,0.0
2018-11-26,18572500.0,19498750.0,18572500.0,19237500.0,19237500.0,0,0.0,0.0
2018-11-27,19237500.0,19997500.0,18715000.0,18810000.0,18810000.0,0,0.0,0.0
2018-11-28,19047500.0,19926250.0,18976250.0,19760000.0,19760000.0,0,0.0,0.0
2018-11-29,19926250.0,21351250.0,19261250.0,21351250.0,21351250.0,0,0.0,0.0
2018-11-30,21707500.0,24533750.0,21541250.0,23750000.0,23750000.0,0,0.0,0.0
2018-12-03,24225000.0,24771250.0,23512500.0,23655000.0,23655000.0,0,0.0,0.0
2018-12-04,24415000.0,24415000.0,22776250.0,23037500.0,23037500.0,0,0.0,0.0
2018-12-06,23370000.0,23512500.0,21422500.0,21826250.0,21826250.0,0,0.0,0.0
2018-12-07,21778750.0,22230000.0,21327500.0,21446250.0,21446250.0,0,0.0,0.0
2018-12-10,21517500.0,21945000.0,20187500.0,20995000.0,20995000.0,0,0.0,0.0
2018-12-11,21612500.0,22301250.0,19641250.0,19997500.0,19997500.0,0,0.0,0.0
2018-12-12,20045000.0,20092500.0,18976250.0,19166250.0,19166250.0,0,0.0,0.0
2018-12-13,19237500.0,19950000.0,19000000.0,19142500.0,19142500.0,0,0.0,0.0
2018-12-14,18667500.0,19071250.0,18073750.0,18525000.0,18525000.0,0,0.0,0.0
2018-12-17,18762500.0,19190000.0,17931250.0,18287500.0,18287500.0,0,0.0,0.0
2018-12-18,18287500.0,19047500.0,18050000.0,18952500.0,18952500.0,0,0.0,0.0
2018-12-19,19071250.0,19831250.0,18501250.0,18928750.0,18928750.0,0,0.0,0.0
2018-12-20,18833750.0,19356250.0,18643750.0,19071250.0,19071250.0,0,0.0,0.0
2018-12-21,19071250.0,19593750.0,18572500.0,18928750.0,18928750.0,0,0.0,0.0
2018-12-24,19000000.0,19118750.0,17503750.0,17717500.0,17717500.0,0,0.0,0.0
2018-12-26,17812500.0,18026250.0,16981250.0,17883750.0,17883750.0,0,0.0,0.0
2018-12-27,17551250.0,17931250.0,17218750.0,17456250.0,17456250.0,0,0.0,0.0
2018-12-28,17575000.0,18430000.0,17408750.0,18026250.0,18026250.0,0,0.0,0.0
2018-12-31,18572500.0,18976250.0,17741250.0,18881250.0,18881250.0,0,0.0,0.0
2019-01-02,18762500.0,19736250.0,18430000.0,19546250.0,19546250.0,0,0.0,0.0
2019-01-03,19475000.0,20187500.0,19475000.0,19665000.0,19665000.0,0,0.0,0.0
2019-01-04,19878750.0,20543750.0,19712500.0,20116250.0,20116250.0,0,0.0,0.0
2019-01-07,20330000.0,22230000.0,19902500.0,22087500.0,22087500.0,0,0.0,0.0
2019-01-08,22800000.0,23013750.0,22063750.0,22942500.0,22942500.0,0,0.0,0.0
2019-01-09,23227500.0,23488750.0,22230000.0,23037500.0,23037500.0,0,0.0,0.0
2019-01-10,23940000.0,24201250.0,22610000.0,22681250.0,22681250.0,0,0.0,0.0
2019-01-11,22633750.0,24201250.0,22633750.0,23251250.0,23251250.0,0,0.0,0.0
2019-01-14,23251250.0,23251250.0,22562500.0,23013750.0,23013750.0,0,0.0,0.0
2019-01-15,23322500.0,23750000.0,23061250.0,23085000.0,23085000.0,0,0.0,0.0
2019-01-16,23203750.0,23322500.0,22301250.0,22515000.0,22515000.0,0,0.0,0.0
2019-01-17,21636250.0,22277500.0,21422500.0,21422500.0,21422500.0,0,0.0,0.0
2019-01-18,21327500.0,21422500.0,20235000.0,20496250.0,20496250.0,0,0.0,0.0
2019-01-22,20401250.0,20401250.0,19475000.0,19712500.0,19712500.0,0,0.0,0.0
2019-01-23,19926250.0,20662500.0,19926250.0,20425000.0,20425000.0,0,0.0,0.0
2019-01-24,20567500.0,20662500.0,20045000.0,20068750.0,20068750.0,0,0.0,0.0
2019-01-25,20187500.0,20615000.0,19356250.0,19403750.0,19403750.0,0,0.0,0.0
2019-01-28,19427500.0,20258750.0,19285000.0,19285000.0,19285000.0,0,0.0,0.0
2019-01-29,19475000.0,19878750.0,18145000.0,18335000.0,18335000.0,0,0.0,0.0
2019-01-30,18501250.0,18928750.0,17385000.0,17385000.0,17385000.0,0,0.0,0.0
2019-01-31,17670000.0,18050000.0,17385000.0,17527500.0,17527500.0,0,0.0,0.0
2019-02-01,17765000.0,17765000.0,17456250.0,17456250.0,17456250.0,0,0.0,0.0
2019-02-04,17456250.0,18216250.0,17456250.0,17670000.0,17670000.0,0,0.0,0.0
2019-02-05,17670000.0,18050000.0,17456250.0,17456250.0,17456250.0,0,0.0,0.0
2019-02-06,17598750.0,18168750.0,16292500.0,16720000.0,16720000.0,0,0.0,0.0
2019-02-07,16838750.0,17385000.0,15675000.0,15912500.0,15912500.0,0,0.0,0.0
2019-02-08,16055000.0,17242500.0,16055000.0,16910000.0,16910000.0,0,0.0,0.0
2019-02-11,17100000.0,17480000.0,16340000.0,16458750.0,16458750.0,0,0.0,0.0
2019-02-12,16458750.0,16791250.0,16221250.0,16221250.0,16221250.0,0,0.0,0.0
2019-02-13,16482500.0,16791250.0,16268750.0,16530000.0,16530000.0,0,0.0,0.0
2019-02-14,16553750.0,16553750.0,16102500.0,16553750.0,16553750.0,0,0.0,0.0
2019-02-15,16458750.0,17670000.0,16458750.0,17480000.0,17480000.0,0,0.0,0.0
2019-02-19,17480000.0,17598750.0,17100000.0,17456250.0,17456250.0,0,0.0,0.0
2019-02-20,17456250.0,18358750.0,17456250.0,17456250.0,17456250.0,0,0.0,0.0
2019-02-21,17337500.0,17788750.0,16815000.0,17337500.0,17337500.0,0,0.0,0.0
2019-02-22,17646250.0,17907500.0,16886250.0,16886250.0,16886250.0,0,0.0,0.0
2019-02-25,16957500.0,17551250.0,15912500.0,17195000.0,17195000.0,0,0.0,0.0
2019-02-26,17337500.0,17408750.0,16173750.0,16862500.0,16862500.0,0,0.0,0.0
2019-02-27,17123750.0,17266250.0,16221250.0,16577500.0,16577500.0,0,0.0,0.0
2019-02-28,15532500.0,16387500.0,14250000.0,16007500.0,16007500.0,0,0.0,0.0
2019-03-01,15983750.0,17503750.0,15983750.0,16506250.0,16506250.0,0,0.0,0.0
2019-03-04,15675000.0,16648750.0,15675000.0,16648750.0,16648750.0,0,0.0,0.0
2019-03-05,16648750.0,16815000.0,15983750.0,16506250.0,16506250.0,0,0.0,0.0
2019-03-06,16482500.0,16482500.0,15200000.0,15200000.0,15200000.0,0,0.0,0.0
2019-03-07,15413750.0,16031250.0,14796250.0,15247500.0,15247500.0,0,0.0,0.0
2019-03-08,17646250.0,17646250.0,15271250.0,15746250.0,15746250.0,0,0.0,0.0
2019-03-11,16150000.0,16601250.0,15580000.0,15580000.0,15580000.0,0,0.0,0.0
2019-03-12,15675000.0,16387500.0,15508750.0,15556250.0,15556250.0,0,0.0,0.0
2019-03-13,15675000.0,15722500.0,15508750.0,15556250.0,15556250.0,0,0.0,0.0
2019-03-14,15437500.0,16340000.0,15247500.0,15603750.0,15603750.0,0,0.0,0.0
2019-03-15,13062500.0,13062500.0,8930000.0,10521250.0,10521250.0,0,0.0,0.0
2019-03-18,10521250.0,10521250.0,9476250.0,9500000.0,9500000.0,0,0.0,0.0
2019-03-19,9500000.0,10212500.0,9191250.0,9191250.0,9191250.0,0,0.0,0.0
2019-03-20,9238750.0,9500000.0,9025000.0,9262500.0,9262500.0,0,0.0,0.0
2019-03-21,9262500.0,10378750.0,9215000.0,9927500.0,9927500.0,0,0.0,0.0
2019-03-22,9951250.0,9998750.0,9262500.0,9381250.0,9381250.0,0,0.0,0.0
2019-03-25,9286250.0,9737500.0,9096250.0,9405000.0,9405000.0,0,0.0,0.0
2019-03-26,9405000.0,9690000.0,9405000.0,9452500.0,9452500.0,0,0.0,0.0
2019-03-27,9357500.0,9476250.0,8193750.0,8312500.0,8312500.0,0,0.0,0.0
2019-03-28,8336250.0,9143750.0,8336250.0,8478750.0,8478750.0,0,0.0,0.0
2019-03-29,8550000.0,8740000.0,8051250.0,8075000.0,8075000.0,0,0.0,0.0
2019-04-01,8122500.0,8763750.0,7932500.0,8645000.0,8645000.0,0,0.0,0.0
2019-04-02,8692500.0,9215000.0,8573750.0,9048750.0,9048750.0,0,0.0,0.0
2019-04-03,9191250.0,9357500.0,8170000.0,8288750.0,8288750.0,0,0.0,0.0
2019-04-04,8312500.0,8763750.0,8265000.0,8312500.0,8312500.0,0,0.0,0.0
2019-04-05,8241250.0,8906250.0,8122500.0,8217500.0,8217500.0,0,0.0,0.0
2019-04-08,8312500.0,8763750.0,8312500.0,8383750.0,8383750.0,0,0.0,0.0
2019-04-09,8431250.0,8526250.0,8312500.0,8383750.0,8383750.0,0,0.0,0.0
2019-04-10,8312500.0,8478750.0,8193750.0,8265000.0,8265000.0,0,0.0,0.0
2019-04-11,8288750.0,8336250.0,8265000.0,8288750.0,8288750.0,0,0.0,0.0
2019-04-12,8336250.0,9808750.0,8336250.0,9262500.0,9262500.0,0,0.0,0.0
2019-04-15,9286250.0,9286250.0,8668750.0,9072500.0,9072500.0,0,0.0,0.0
2019-04-16,9072500.0,10188750.0,8977500.0,10046250.0,10046250.0,0,0.0,0.0
2019-04-17,10070000.0,10996250.0,9547500.0,9642500.0,9642500.0,0,0.0,0.0
2019-04-18,9737500.0,10022500.0,9500000.0,9618750.0,9618750.0,0,0.0,0.0
2019-04-22,9523750.0,10165000.0,9500000.0,9975000.0,9975000.0,0,0.0,0.0
2019-04-23,9903750.0,10663750.0,9666250.0,10592500.0,10592500.0,0,0.0,0.0
2019-04-24,10640000.0,12065000.0,10497500.0,11993750.0,11993750.0,0,0.0,0.0
2019-04-25,12112500.0,13086250.0,11780000.0,13038750.0,13038750.0,0,0.0,0.0
2019-04-26,13110000.0,13775000.0,10711250.0,11376250.0,11376250.0,0,0.0,0.0
2019-04-29,11257500.0,11328750.0,9998750.0,10188750.0,10188750.0,0,0.0,0.0
2019-04-30,10188750.0,10758750.0,9856250.0,10165000.0,10165000.0,0,0.0,0.0
2019-05-01,10070000.0,10640000.0,9927500.0,10521250.0,10521250.0,0,0.0,0.0
2019-05-02,10450000.0,10925000.0,10165000.0,10450000.0,10450000.0,0,0.0,0.0
2019-05-03,10450000.0,10877500.0,9167500.0,9595000.0,9595000.0,0,0.0,0.0
2019-05-06,9595000.0,10260000.0,9571250.0,9808750.0,9808750.0,0,0.0,0.0
2019-05-07,9761250.0,10188750.0,9500000.0,9880000.0,9880000.0,0,0.0,0.0
2019-05-08,9761250.0,9880000.0,9476250.0,9666250.0,9666250.0,0,0.0,0.0
2019-05-09,9690000.0,9737500.0,9476250.0,9618750.0,9618750.0,0,0.0,0.0
2019-05-10,9642500.0,9690000.0,9452500.0,9618750.0,9618750.0,0,0.0,0.0
2019-05-13,9262500.0,9381250.0,8906250.0,9215000.0,9215000.0,0,0.0,0.0
2019-05-14,8597500.0,9951250.0,8431250.0,9927500.0,9927500.0,0,0.0,0.0
2019-05-15,9785000.0,9880000.0,9500000.0,9808750.0,9808750.0,0,0.0,0.0
2019-05-16,9832500.0,10853750.0,9761250.0,10830000.0,10830000.0,0,0.0,0.0
2019-05-17,10758750.0,11875000.0,10212500.0,11400000.0,11400000.0,0,0.0,0.0
2019-05-20,11447500.0,11708750.0,10806250.0,11328750.0,11328750.0,0,0.0,0.0
2019-05-21,11281250.0,11542500.0,10853750.0,11138750.0,11138750.0,0,0.0,0.0
2019-05-22,11210000.0,11257500.0,10093750.0,10260000.0,10260000.0,0,0.0,0.0
2019-05-23,10093750.0,10093750.0,9310000.0,9381250.0,9381250.0,0,0.0,0.0
2019-05-24,9523750.0,9666250.0,8573750.0,8835000.0,8835000.0,0,0.0,0.0
2019-05-28,8597500.0,8977500.0,8550000.0,8550000.0,8550000.0,0,0.0,0.0
2019-05-29,8550000.0,8550000.0,8003750.0,8312500.0,8312500.0,0,0.0,0.0
2019-05-30,8668750.0,8668750.0,8003750.0,8146250.0,8146250.0,0,0.0,0.0
2019-05-31,8122500.0,8193750.0,7885000.0,8170000.0,8170000.0,0,0.0,0.0
2019-06-03,8288750.0,8787500.0,7718750.0,7790000.0,7790000.0,0,0.0,0.0
2019-06-04,7790000.0,8336250.0,7790000.0,8312500.0,8312500.0,0,0.0,0.0
2019-06-05,8668750.0,8668750.0,7885000.0,8122500.0,8122500.0,0,0.0,0.0
2019-06-06,8122500.0,8217500.0,7908750.0,7956250.0,7956250.0,0,0.0,0.0
2019-06-07,8051250.0,8098750.0,7790000.0,7908750.0,7908750.0,0,0.0,0.0
2019-06-10,8312500.0,8645000.0,7837500.0,8075000.0,8075000.0,0,0.0,0.0
2019-06-11,7980000.0,8431250.0,7338750.0,7338750.0,7338750.0,0,0.0,0.0
2019-06-12,7338750.0,7837500.0,6887500.0,7267500.0,7267500.0,0,0.0,0.0
2019-06-13,7101250.0,8051250.0,7101250.0,7813750.0,7813750.0,0,0.0,0.0
2019-06-14,7837500.0,8288750.0,7291250.0,7813750.0,7813750.0,0,0.0,0.0
2019-06-17,7790000.0,8146250.0,7243750.0,7433750.0,7433750.0,0,0.0,0.0
2019-06-18,7552500.0,7837500.0,7220000.0,7718750.0,7718750.0,0,0.0,0.0
2019-06-19,7837500.0,8265000.0,7600000.0,7956250.0,7956250.0,0,0.0,0.0
2019-06-20,8098750.0,8336250.0,7623750.0,8170000.0,8170000.0,0,0.0,0.0
2019-06-21,8075000.0,8336250.0,7671250.0,8075000.0,8075000.0,0,0.0,0.0
2019-06-24,8241250.0,8573750.0,7980000.0,8003750.0,8003750.0,0,0.0,0.0
2019-06-25,8003750.0,8478750.0,7742500.0,8193750.0,8193750.0,0,0.0,0.0
2019-06-26,8312500.0,8478750.0,8027500.0,8265000.0,8265000.0,0,0.0,0.0
2019-06-27,8217500.0,8431250.0,7790000.0,8122500.0,8122500.0,0,0.0,0.0
2019-06-28,8288750.0,8597500.0,7980000.0,8597500.0,8597500.0,0,0.0,0.0
2019-07-01,8716250.0,8716250.0,8146250.0,8312500.0,8312500.0,0,0.0,0.0
2019-07-02,8241250.0,8336250.0,7813750.0,8336250.0,8336250.0,0,0.0,0.0
2019-07-03,8312500.0,8312500.0,7956250.0,8075000.0,8075000.0,0,0.0,0.0
2019-07-05,8075000.0,8478750.0,7220000.0,8478750.0,8478750.0,0,0.0,0.0
2019-07-08,8383750.0,8431250.0,8098750.0,8217500.0,8217500.0,0,0.0,0.0
2019-07-09,8217500.0,8431250.0,7956250.0,8146250.0,8146250.0,0,0.0,0.0
2019-07-10,8265000.0,8621250.0,8170000.0,8288750.0,8288750.0,0,0.0,0.0
2019-07-11,8122500.0,8312500.0,7837500.0,7980000.0,7980000.0,0,0.0,0.0
2019-07-12,8075000.0,8312500.0,7291250.0,7837500.0,7837500.0,0,0.0,0.0
2019-07-15,8051250.0,8122500.0,7315000.0,7528750.0,7528750.0,0,0.0,0.0
2019-07-16,7505000.0,7600000.0,7267500.0,7433750.0,7433750.0,0,0.0,0.0
2019-07-17,7267500.0,7481250.0,6650000.0,6935000.0,6935000.0,0,0.0,0.0
2019-07-18,6887500.0,7315000.0,6531250.0,6555000.0,6555000.0,0,0.0,0.0
2019-07-19,6626250.0,6721250.0,6293750.0,6507500.0,6507500.0,0,0.0,0.0
2019-07-22,6578750.0,6840000.0,6317500.0,6436250.0,6436250.0,0,0.0,0.0
2019-07-23,6317500.0,6507500.0,6056250.0,6460000.0,6460000.0,0,0.0,0.0
2019-07-24,6365000.0,6792500.0,6365000.0,6555000.0,6555000.0,0,0.0,0.0
2019-07-25,6602500.0,6697500.0,6317500.0,6531250.0,6531250.0,0,0.0,0.0
2019-07-26,6531250.0,6697500.0,6483750.0,6483750.0,6483750.0,0,0.0,0.0
2019-07-29,6531250.0,6840000.0,6507500.0,6768750.0,6768750.0,0,0.0,0.0
2019-07-30,6792500.0,6840000.0,6531250.0,6840000.0,6840000.0,0,0.0,0.0
2019-07-31,6840000.0,6958750.0,6697500.0,6721250.0,6721250.0,0,0.0,0.0
2019-08-01,6958750.0,7030000.0,6365000.0,6840000.0,6840000.0,0,0.0,0.0
2019-08-02,6792500.0,6816250.0,6412500.0,6768750.0,6768750.0,0,0.0,0.0
2019-08-05,6602500.0,6602500.0,5581250.0,6412500.0,6412500.0,0,0.0,0.0
2019-08-06,6507500.0,6626250.0,6175000.0,6460000.0,6460000.0,0,0.0,0.0
2019-08-07,6341250.0,6483750.0,6293750.0,6365000.0,6365000.0,0,0.0,0.0
2019-08-08,6341250.0,6673750.0,6175000.0,6436250.0,6436250.0,0,0.0,0.0
2019-08-09,6958750.0,6958750.0,6483750.0,6483750.0,6483750.0,0,0.0,0.0
2019-08-12,6531250.0,6697500.0,6507500.0,6697500.0,6697500.0,0,0.0,0.0
2019-08-13,3586250.0,4037500.0,2588750.0,2873750.0,2873750.0,0,0.0,0.0
2019-08-14,2968750.0,4108750.0,2802500.0,3515000.0,3515000.0,0,0.0,0.0
2019-08-15,3515000.0,4987500.0,3325000.0,4655000.0,4655000.0,0,0.0,0.0
2019-08-16,4678750.0,4678750.0,3728750.0,4275000.0,4275000.0,0,0.0,0.0
2019-08-19,4275000.0,4465000.0,4180000.0,4465000.0,4465000.0,0,0.0,0.0
2019-08-20,4512500.0,4987500.0,4512500.0,4963750.0,4963750.0,0,0.0,0.0
2019-08-21,4963750.0,4963750.0,4512500.0,4963750.0,4963750.0,0,0.0,0.0
2019-08-22,4963750.0,4963750.0,4560000.0,4726250.0,4726250.0,0,0.0,0.0
2019-08-23,4702500.0,4702500.0,4441250.0,4441250.0,4441250.0,0,0.0,0.0
2019-08-26,4298750.0,4417500.0,3776250.0,4251250.0,4251250.0,0,0.0,0.0
2019-08-27,4275000.0,4346250.0,3871250.0,3918750.0,3918750.0,0,0.0,0.0
2019-08-28,3895000.0,3990000.0,3538750.0,3562500.0,3562500.0,0,0.0,0.0
2019-08-29,3562500.0,3800000.0,3538750.0,3728750.0,3728750.0,0,0.0,0.0
2019-08-30,3705000.0,3942500.0,3562500.0,3657500.0,3657500.0,0,0.0,0.0
2019-09-03,3633750.0,3776250.0,3325000.0,3562500.0,3562500.0,0,0.0,0.0
2019-09-04,3586250.0,3705000.0,3420000.0,3538750.0,3538750.0,0,0.0,0.0
2019-09-05,3467500.0,3752500.0,3348750.0,3633750.0,3633750.0,0,0.0,0.0
2019-09-06,3657500.0,3800000.0,3610000.0,3657500.0,3657500.0,0,0.0,0.0
2019-09-09,3681250.0,3705000.0,3301250.0,3396250.0,3396250.0,0,0.0,0.0
2019-09-10,3420000.0,4298750.0,3277500.0,4013750.0,4013750.0,0,0.0,0.0
2019-09-11,4156250.0,4512500.0,3990000.0,4417500.0,4417500.0,0,0.0,0.0
2019-09-12,4370000.0,4370000.0,3918750.0,3990000.0,3990000.0,0,0.0,0.0
2019-09-13,4013750.0,4156250.0,3515000.0,4108750.0,4108750.0,0,0.0,0.0
2019-09-16,4108750.0,4346250.0,3895000.0,4013750.0,4013750.0,0,0.0,0.0
2019-09-17,3990000.0,4275000.0,3823750.0,4037500.0,4037500.0,0,0.0,0.0
2019-09-18,4013750.0,4132500.0,3847500.0,3871250.0,3871250.0,0,0.0,0.0
2019-09-19,3823750.0,4085000.0,3515000.0,3538750.0,3538750.0,0,0.0,0.0
2019-09-20,3538750.0,3752500.0,3443750.0,3538750.0,3538750.0,0,0.0,0.0
2019-09-23,3538750.0,3586250.0,3253750.0,3491250.0,3491250.0,0,0.0,0.0
2019-09-24,3467500.0,3562500.0,3230000.0,3230000.0,3230000.0,0,0.0,0.0
2019-09-25,3230000.0,3538750.0,2897500.0,3301250.0,3301250.0,0,0.0,0.0
2019-09-26,3348750.0,3348750.0,3158750.0,3277500.0,3277500.0,0,0.0,0.0
2019-09-27,3182500.0,4013750.0,3182500.0,3752500.0,3752500.0,0,0.0,0.0
2019-09-30,3752500.0,3752500.0,3277500.0,3325000.0,3325000.0,0,0.0,0.0
2019-10-01,3301250.0,3586250.0,3016250.0,3016250.0,3016250.0,0,0.0,0.0
2019-10-02,3016250.0,3633750.0,2755000.0,2778750.0,2778750.0,0,0.0,0.0
2019-10-03,2826250.0,2897500.0,2517500.0,2707500.0,2707500.0,0,0.0,0.0
2019-10-04,2683750.0,2992500.0,2612500.0,2992500.0,2992500.0,0,0.0,0.0
2019-10-07,2968750.0,3158750.0,2565000.0,2802500.0,2802500.0,0,0.0,0.0
2019-10-08,2826250.0,2850000.0,2778750.0,2802500.0,2802500.0,0,0.0,0.0
2019-10-09,2826250.0,3040000.0,2755000.0,2850000.0,2850000.0,0,0.0,0.0
2019-10-10,2850000.0,2897500.0,2636250.0,2683750.0,2683750.0,0,0.0,0.0
2019-10-11,2683750.0,2921250.0,2588750.0,2897500.0,2897500.0,0,0.0,0.0
2019-10-14,2873750.0,2873750.0,2683750.0,2731250.0,2731250.0,0,0.0,0.0
2019-10-15,2755000.0,3823750.0,2755000.0,3372500.0,3372500.0,0,0.0,0.0
2019-10-16,3420000.0,3562500.0,3158750.0,3491250.0,3491250.0,0,0.0,0.0
2019-10-17,3420000.0,3467500.0,3277500.0,3420000.0,3420000.0,0,0.0,0.0
2019-10-18,3396250.0,3396250.0,3182500.0,3182500.0,3182500.0,0,0.0,0.0
2019-10-21,3182500.0,3467500.0,2992500.0,3230000.0,3230000.0,0,0.0,0.0
2019-10-22,3277500.0,3681250.0,3277500.0,3491250.0,3491250.0,0,0.0,0.0
2019-10-23,3491250.0,3800000.0,3467500.0,3776250.0,3776250.0,0,0.0,0.0
2019-10-24,3847500.0,3966250.0,3586250.0,3847500.0,3847500.0,0,0.0,0.0
2019-10-25,3895000.0,3918750.0,3562500.0,3728750.0,3728750.0,0,0.0,0.0
2019-10-28,3705000.0,3800000.0,3610000.0,3610000.0,3610000.0,0,0.0,0.0
2019-10-29,3610000.0,3681250.0,3253750.0,3253750.0,3253750.0,0,0.0,0.0
2019-10-30,3325000.0,3728750.0,3040000.0,3586250.0,3586250.0,0,0.0,0.0
2019-10-31,3562500.0,3776250.0,3538750.0,3586250.0,3586250.0,0,0.0,0.0
2019-11-01,3538750.0,3610000.0,3087500.0,3325000.0,3325000.0,0,0.0,0.0
2019-11-04,3348750.0,3467500.0,3348750.0,3467500.0,3467500.0,0,0.0,0.0
2019-11-05,3443750.0,3610000.0,3396250.0,3610000.0,3610000.0,0,0.0,0.0
2019-11-06,3586250.0,3633750.0,3467500.0,3467500.0,3467500.0,0,0.0,0.0
2019-11-07,3443750.0,4417500.0,3420000.0,3990000.0,3990000.0,0,0.0,0.0
2019-11-08,4132500.0,4156250.0,3918750.0,3918750.0,3918750.0,0,0.0,0.0
2019-11-11,3752500.0,3823750.0,3610000.0,3681250.0,3681250.0,0,0.0,0.0
2019-11-12,3990000.0,4037500.0,3681250.0,3776250.0,3776250.0,0,0.0,0.0
2019-11-13,3633750.0,3800000.0,3610000.0,3610000.0,3610000.0,0,0.0,0.0
2019-11-14,3752500.0,3895000.0,3562500.0,3681250.0,3681250.0,0,0.0,0.0
2019-11-15,3728750.0,3871250.0,3633750.0,3633750.0,3633750.0,0,0.0,0.0
2019-11-18,3562500.0,3681250.0,3158750.0,3681250.0,3681250.0,0,0.0,0.0
2019-11-19,3705000.0,3776250.0,3443750.0,3515000.0,3515000.0,0,0.0,0.0
2019-11-20,3515000.0,3728750.0,3443750.0,3467500.0,3467500.0,0,0.0,0.0
2019-11-21,3467500.0,3467500.0,3206250.0,3206250.0,3206250.0,0,0.0,0.0
2019-11-22,3396250.0,3467500.0,3253750.0,3348750.0,3348750.0,0,0.0,0.0
2019-11-25,3372500.0,3562500.0,3230000.0,3396250.0,3396250.0,0,0.0,0.0
2019-11-26,3325000.0,3538750.0,3277500.0,3443750.0,3443750.0,0,0.0,0.0
2019-11-27,3325000.0,3562500.0,3325000.0,3396250.0,3396250.0,0,0.0,0.0
2019-11-29,3277500.0,3325000.0,2897500.0,3016250.0,3016250.0,0,0.0,0.0
2019-12-02,3040000.0,3182500.0,3040000.0,3158750.0,3158750.0,0,0.0,0.0
2019-12-03,3111250.0,3348750.0,2826250.0,2897500.0,2897500.0,0,0.0,0.0
2019-12-04,2921250.0,3372500.0,2731250.0,3253750.0,3253750.0,0,0.0,0.0
2019-12-05,3325000.0,3325000.0,3087500.0,3111250.0,3111250.0,0,0.0,0.0
2019-12-06,2992500.0,3135000.0,2802500.0,2873750.0,2873750.0,0,0.0,0.0
2019-12-09,2921250.0,2992500.0,2375000.0,2541250.0,2541250.0,0,0.0,0.0
2019-12-10,2636250.0,2636250.0,2351250.0,2375000.0,2375000.0,0,0.0,0.0
2019-12-11,2327500.0,2375000.0,2018750.0,2113750.0,2113750.0,0,0.0,0.0
2019-12-12,2161250.0,2161250.0,2018750.0,2137500.0,2137500.0,0,0.0,0.0
2019-12-13,2137500.0,2161250.0,1805000.0,1876250.0,1876250.0,0,0.0,0.0
2019-12-16,1828750.0,1900000.0,1662500.0,1852500.0,1852500.0,0,0.0,0.0
2019-12-17,1781250.0,1828750.0,1710000.0,1828750.0,1828750.0,0,0.0,0.0
2019-12-18,1852500.0,2090000.0,1733750.0,2066250.0,2066250.0,0,0.0,0.0
2019-12-19,2066250.0,2137500.0,2018750.0,2113750.0,2113750.0,0,0.0,0.0
2019-12-20,2208750.0,2256250.0,1995000.0,2137500.0,2137500.0,0,0.0,0.0
2019-12-23,2137500.0,2137500.0,1995000.0,2066250.0,2066250.0,0,0.0,0.0
2019-12-24,1995000.0,2232500.0,1995000.0,2208750.0,2208750.0,0,0.0,0.0
2019-12-26,2208750.0,2208750.0,2090000.0,2185000.0,2185000.0,0,0.0,0.0
2019-12-27,2208750.0,2208750.0,2066250.0,2113750.0,2113750.0,0,0.0,0.0
2019-12-30,2161250.0,3325000.0,2113750.0,2921250.0,2921250.0,0,0.0,0.0
2019-12-31,2992500.0,3040000.0,2446250.0,2683750.0,2683750.0,0,0.0,0.0
2020-01-02,2612500.0,2707500.0,2375000.0,2660000.0,2660000.0,0,0.0,0.0
2020-01-03,2588750.0,2802500.0,2588750.0,2707500.0,2707500.0,0,0.0,0.0
2020-01-06,2707500.0,3158750.0,2707500.0,2802500.0,2802500.0,0,0.0,0.0
2020-01-07,2778750.0,3538750.0,2731250.0,3158750.0,3158750.0,0,0.0,0.0
2020-01-08,3182500.0,3515000.0,3135000.0,3348750.0,3348750.0,0,0.0,0.0
2020-01-09,3467500.0,3467500.0,3135000.0,3277500.0,3277500.0,0,0.0,0.0
2020-01-10,3325000.0,3657500.0,3325000.0,3633750.0,3633750.0,0,0.0,0.0
2020-01-13,3776250.0,3871250.0,3348750.0,3681250.0,3681250.0,0,0.0,0.0
2020-01-14,3823750.0,3823750.0,3467500.0,3728750.0,3728750.0,0,0.0,0.0
2020-01-15,3847500.0,5106250.0,3728750.0,4821250.0,4821250.0,0,0.0,0.0
2020-01-16,5011250.0,5225000.0,4678750.0,4821250.0,4821250.0,0,0.0,0.0
2020-01-17,4892500.0,4892500.0,3562500.0,4156250.0,4156250.0,0,0.0,0.0
2020-01-21,5225000.0,5462500.0,4370000.0,4987500.0,4987500.0,0,0.0,0.0
2020-01-22,5106250.0,5106250.0,4322500.0,4393750.0,4393750.0,0,0.0,0.0
2020-01-23,4560000.0,4750000.0,4393750.0,4583750.0,4583750.0,0,0.0,0.0
2020-01-24,4655000.0,4845000.0,4322500.0,4536250.0,4536250.0,0,0.0,0.0
2020-01-27,4370000.0,4465000.0,4156250.0,4346250.0,4346250.0,0,0.0,0.0
2020-01-28,4203750.0,4583750.0,4132500.0,4417500.0,4417500.0,0,0.0,0.0
2020-01-29,4275000.0,5106250.0,4275000.0,4726250.0,4726250.0,0,0.0,0.0
2020-01-30,4892500.0,5913750.0,4655000.0,5605000.0,5605000.0,0,0.0,0.0
2020-01-31,5818750.0,6388750.0,5652500.0,5866250.0,5866250.0,0,0.0,0.0
2020-02-03,5985000.0,5985000.0,5581250.0,5842500.0,5842500.0,0,0.0,0.0
2020-02-04,5700000.0,5723750.0,5106250.0,5225000.0,5225000.0,0,0.0,0.0
2020-02-05,5201250.0,5700000.0,5106250.0,5652500.0,5652500.0,0,0.0,0.0
2020-02-06,5866250.0,5961250.0,5391250.0,5913750.0,5913750.0,0,0.0,0.0
2020-02-07,5937500.0,6080000.0,5628750.0,5747500.0,5747500.0,0,0.0,0.0
2020-02-10,5700000.0,5700000.0,5391250.0,5486250.0,5486250.0,0,0.0,0.0
2020-02-11,5581250.0,5605000.0,5510000.0,5605000.0,5605000.0,0,0.0,0.0
2020-02-12,5700000.0,5700000.0,4655000.0,5106250.0,5106250.0,0,0.0,0.0
2020-02-13,5035000.0,5106250.0,4916250.0,5058750.0,5058750.0,0,0.0,0.0
2020-02-14,5248750.0,5320000.0,4940000.0,5011250.0,5011250.0,0,0.0,0.0
2020-02-18,4940000.0,5082500.0,4631250.0,4631250.0,4631250.0,0,0.0,0.0
2020-02-19,4750000.0,4797500.0,4108750.0,4251250.0,4251250.0,0,0.0,0.0
2020-02-20,4393750.0,4607500.0,4037500.0,4037500.0,4037500.0,0,0.0,0.0
2020-02-21,4061250.0,4346250.0,3990000.0,4275000.0,4275000.0,0,0.0,0.0
2020-02-24,4275000.0,4275000.0,3562500.0,3562500.0,3562500.0,0,0.0,0.0
2020-02-25,3705000.0,3966250.0,3562500.0,3562500.0,3562500.0,0,0.0,0.0
2020-02-26,3610000.0,3942500.0,3325000.0,3538750.0,3538750.0,0,0.0,0.0
2020-02-27,3538750.0,3562500.0,3230000.0,3230000.0,3230000.0,0,0.0,0.0
2020-02-28,3253750.0,3610000.0,3253750.0,3443750.0,3443750.0,0,0.0,0.0
2020-03-02,3562500.0,3728750.0,3467500.0,3562500.0,3562500.0,0,0.0,0.0
2020-03-03,3705000.0,3918750.0,2968750.0,2968750.0,2968750.0,0,0.0,0.0
2020-03-04,3087500.0,3633750.0,3087500.0,3420000.0,3420000.0,0,0.0,0.0
2020-03-05,3443750.0,3776250.0,3443750.0,3752500.0,3752500.0,0,0.0,0.0
2020-03-06,3895000.0,3895000.0,3467500.0,3586250.0,3586250.0,0,0.0,0.0
2020-03-09,3562500.0,3562500.0,3016250.0,3562500.0,3562500.0,0,0.0,0.0
2020-03-10,3990000.0,3990000.0,3087500.0,3348750.0,3348750.0,0,0.0,0.0
2020-03-11,3135000.0,3158750.0,2802500.0,2992500.0,2992500.0,0,0.0,0.0
2020-03-12,2778750.0,3087500.0,2660000.0,2968750.0,2968750.0,0,0.0,0.0
2020-03-13,3206250.0,3206250.0,2660000.0,3135000.0,3135000.0,0,0.0,0.0
2020-03-16,2897500.0,3467500.0,2660000.0,2850000.0,2850000.0,0,0.0,0.0
2020-03-17,2683750.0,3348750.0,2541250.0,2541250.0,2541250.0,0,0.0,0.0
2020-03-18,2660000.0,2873750.0,2351250.0,2778750.0,2778750.0,0,0.0,0.0
2020-03-19,2945000.0,2945000.0,2446250.0,2731250.0,2731250.0,0,0.0,0.0
2020-03-20,2778750.0,2921250.0,2137500.0,2541250.0,2541250.0,0,0.0,0.0
2020-03-23,2565000.0,2588750.0,2090000.0,2375000.0,2375000.0,0,0.0,0.0
2020-03-24,2612500.0,2731250.0,2327500.0,2612500.0,2612500.0,0,0.0,0.0
2020-03-25,2850000.0,2850000.0,2303750.0,2612500.0,2612500.0,0,0.0,0.0
2020-03-26,2707500.0,2755000.0,2351250.0,2612500.0,2612500.0,0,0.0,0.0
2020-03-27,2612500.0,2850000.0,2398750.0,2612500.0,2612500.0,0,0.0,0.0
2020-03-30,2565000.0,2731250.0,2422500.0,2422500.0,2422500.0,0,0.0,0.0
2020-03-31,2493750.0,2755000.0,2493750.0,2588750.0,2588750.0,0,0.0,0.0
2020-04-01,2588750.0,3111250.0,2137500.0,3111250.0,3111250.0,0,0.0,0.0
2020-04-02,3158750.0,3158750.0,2422500.0,3158750.0,3158750.0,0,0.0,0.0
2020-04-03,3158750.0,3158750.0,2493750.0,2992500.0,2992500.0,0,0.0,0.0
2020-04-06,2968750.0,2968750.0,2565000.0,2565000.0,2565000.0,0,0.0,0.0
2020-04-07,2660000.0,2826250.0,2493750.0,2612500.0,2612500.0,0,0.0,0.0
2020-04-08,2612500.0,2660000.0,2493750.0,2660000.0,2660000.0,0,0.0,0.0
2020-04-09,2802500.0,2945000.0,2493750.0,2660000.0,2660000.0,0,0.0,0.0
2020-04-13,2541250.0,2588750.0,2446250.0,2470000.0,2470000.0,0,0.0,0.0
2020-04-14,2731250.0,2778750.0,2470000.0,2636250.0,2636250.0,0,0.0,0.0
2020-04-15,2683750.0,3111250.0,2493750.0,2945000.0,2945000.0,0,0.0,0.0
2020-04-16,2897500.0,3230000.0,2398750.0,2707500.0,2707500.0,0,0.0,0.0
2020-04-17,2755000.0,2778750.0,2351250.0,2493750.0,2493750.0,0,0.0,0.0
2020-04-20,2493750.0,2517500.0,2303750.0,2493750.0,2493750.0,0,0.0,0.0
2020-04-21,2375000.0,2470000.0,2256250.0,2375000.0,2375000.0,0,0.0,0.0
2020-04-22,2446250.0,2541250.0,2280000.0,2351250.0,2351250.0,0,0.0,0.0
2020-04-23,2280000.0,2470000.0,2280000.0,2375000.0,2375000.0,0,0.0,0.0
2020-04-24,2398750.0,2493750.0,2351250.0,2375000.0,2375000.0,0,0.0,0.0
2020-04-27,2517500.0,2826250.0,2351250.0,2755000.0,2755000.0,0,0.0,0.0
2020-04-28,2992500.0,2992500.0,2446250.0,2446250.0,2446250.0,0,0.0,0.0
2020-04-29,2683750.0,2755000.0,2470000.0,2541250.0,2541250.0,0,0.0,0.0
2020-04-30,2565000.0,2565000.0,2375000.0,2375000.0,2375000.0,0,0.0,0.0
2020-05-01,2493750.0,2493750.0,2208750.0,2351250.0,2351250.0,0,0.0,0.0
2020-05-04,2280000.0,2351250.0,2018750.0,2280000.0,2280000.0,0,0.0,0.0
2020-05-05,2351250.0,2351250.0,2185000.0,2256250.0,2256250.0,0,0.0,0.0
2020-05-06,2208750.0,2375000.0,2018750.0,2208750.0,2208750.0,0,0.0,0.0
2020-05-07,2327500.0,2327500.0,2042500.0,2303750.0,2303750.0,0,0.0,0.0
2020-05-08,2375000.0,2921250.0,2327500.0,2731250.0,2731250.0,1,0.0,0.0
2020-05-11,2826250.0,2826250.0,2446250.0,2446250.0,2446250.0,0,0.0,0.0
2020-05-12,2470000.0,2565000.0,2446250.0,2493750.0,2493750.0,0,0.0,0.0
2020-05-13,2422500.0,2470000.0,2113750.0,2280000.0,2280000.0,0,0.0,0.0
2020-05-14,1923750.0,2113750.0,1543750.0,2018750.0,2018750.0,0,0.0,0.0
2020-05-15,2018750.0,2232500.0,1805000.0,1852500.0,1852500.0,0,0.0,0.0
2020-05-18,1852500.0,1971250.0,1781250.0,1781250.0,1781250.0,0,0.0,0.0
2020-05-19,1686250.0,1757500.0,1543750.0,1567500.0,1567500.0,1,0.0,0.0
2020-05-20,855000.0,1235000.0,831250.0,1187500.0,1187500.0,21,0.0,0.0
2020-05-21,1187500.0,1211250.0,1021250.0,1140000.0,1140000.0,4,0.0,0.0
2020-05-22,1092500.0,1163750.0,1068750.0,1163750.0,1163750.0,3,0.0,0.0
2020-05-26,1306250.0,1401250.0,1187500.0,1258750.0,1258750.0,5,0.0,0.0
2020-05-27,1235000.0,1258750.0,1092500.0,1187500.0,1187500.0,2,0.0,0.0
2020-05-28,1211250.0,1235000.0,1140000.0,1163750.0,1163750.0,2,0.0,0.0
2020-05-29,1163750.0,1235000.0,1092500.0,1235000.0,1235000.0,3,0.0,0.0
2020-06-01,1235000.0,1282500.0,1163750.0,1211250.0,1211250.0,2,0.0,0.0
2020-06-02,1187500.0,1211250.0,1163750.0,1187500.0,1187500.0,1,0.0,0.0
2020-06-03,1187500.0,1258750.0,1116250.0,1211250.0,1211250.0,3,0.0,0.0
2020-06-04,1235000.0,1425000.0,1235000.0,1306250.0,1306250.0,4,0.0,0.0
2020-06-05,1282500.0,1306250.0,1211250.0,1258750.0,1258750.0,2,0.0,0.0
2020-06-08,1235000.0,1615000.0,1235000.0,1425000.0,1425000.0,6,0.0,0.0
2020-06-09,1520000.0,1520000.0,1330000.0,1448750.0,1448750.0,2,0.0,0.0
2020-06-10,1520000.0,1543750.0,1377500.0,1472500.0,1472500.0,2,0.0,0.0
2020-06-11,1353750.0,1520000.0,1330000.0,1448750.0,1448750.0,3,0.0,0.0
2020-06-12,1448750.0,1591250.0,1353750.0,1448750.0,1448750.0,3,0.0,0.0
2020-06-15,1401250.0,1448750.0,1377500.0,1448750.0,1448750.0,1,0.0,0.0
2020-06-16,1472500.0,1520000.0,1401250.0,1448750.0,1448750.0,1,0.0,0.0
2020-06-17,1425000.0,1543750.0,1353750.0,1496250.0,1496250.0,4,0.0,0.0
2020-06-18,1496250.0,1591250.0,1425000.0,1472500.0,1472500.0,3,0.0,0.0
2020-06-19,1425000.0,1472500.0,1353750.0,1353750.0,1353750.0,1,0.0,0.0
2020-06-22,1401250.0,1448750.0,1211250.0,1377500.0,1377500.0,2,0.0,0.0
2020-06-23,1330000.0,1377500.0,1306250.0,1353750.0,1353750.0,1,0.0,0.0
2020-06-24,1306250.0,1330000.0,1235000.0,1306250.0,1306250.0,1,0.0,0.0
2020-06-25,1235000.0,1258750.0,1187500.0,1235000.0,1235000.0,1,0.0,0.0
2020-06-26,1187500.0,1211250.0,1116250.0,1140000.0,1140000.0,1,0.0,0.0
2020-06-29,1140000.0,1282500.0,1116250.0,1235000.0,1235000.0,2,0.0,0.0
2020-06-30,1163750.0,1211250.0,1140000.0,1163750.0,1163750.0,1,0.0,0.0
2020-07-01,1163750.0,1163750.0,1116250.0,1116250.0,1116250.0,1,0.0,0.0
2020-07-02,1116250.0,1140000.0,1116250.0,1116250.0,1116250.0,0,0.0,0.0
2020-07-06,1116250.0,1140000.0,973750.0,1116250.0,1116250.0,1,0.0,0.0
2020-07-07,1068750.0,1092500.0,997500.0,1068750.0,1068750.0,1,0.0,0.0
2020-07-08,1021250.0,1068750.0,1021250.0,1068750.0,1068750.0,0,0.0,0.0
2020-07-09,1045000.0,1116250.0,1021250.0,1092500.0,1092500.0,1,0.0,0.0
2020-07-10,1092500.0,1140000.0,1045000.0,1068750.0,1068750.0,1,0.0,0.0
2020-07-13,1045000.0,1068750.0,1021250.0,1045000.0,1045000.0,0,0.0,0.0
2020-07-14,1045000.0,1045000.0,950000.0,1021250.0,1021250.0,0,0.0,0.0
2020-07-15,997500.0,1045000.0,997500.0,1045000.0,1045000.0,0,0.0,0.0
2020-07-16,1045000.0,1116250.0,1021250.0,1045000.0,1045000.0,1,0.0,0.0
2020-07-17,950000.0,950000.0,926250.0,950000.0,950000.0,1,0.0,0.0
2020-07-20,926250.0,950000.0,855000.0,926250.0,926250.0,2,0.0,0.0
2020-07-21,926250.0,1045000.0,926250.0,997500.0,997500.0,1,0.0,0.0
2020-07-22,973750.0,1021250.0,950000.0,973750.0,973750.0,1,0.0,0.0
2020-07-23,997500.0,997500.0,902500.0,926250.0,926250.0,0,0.0,0.0
2020-07-24,950000.0,973750.0,902500.0,926250.0,926250.0,0,0.0,0.0
2020-07-27,950000.0,950000.0,902500.0,902500.0,902500.0,1,0.0,0.0
2020-07-28,950000.0,950000.0,855000.0,855000.0,855000.0,1,0.0,0.0
2020-07-29,878750.0,878750.0,783750.0,807500.0,807500.0,1,0.0,0.0
2020-07-30,807500.0,878750.0,665000.0,688750.0,688750.0,10,0.0,0.0
2020-07-31,712500.0,712500.0,665000.0,688750.0,688750.0,3,0.0,0.0
2020-08-03,712500.0,712500.0,665000.0,688750.0,688750.0,3,0.0,0.0
2020-08-04,712500.0,712500.0,688750.0,712500.0,712500.0,3,0.0,0.0
2020-08-05,712500.0,712500.0,665000.0,688750.0,688750.0,2,0.0,0.0
2020-08-06,712500.0,807500.0,712500.0,783750.0,783750.0,10,0.0,0.0
2020-08-07,807500.0,855000.0,736250.0,783750.0,783750.0,7,0.0,0.0
2020-08-10,783750.0,878750.0,760000.0,878750.0,878750.0,6,0.0,0.0
2020-08-11,926250.0,973750.0,807500.0,831250.0,831250.0,11,0.0,0.0
2020-08-12,760000.0,783750.0,736250.0,760000.0,760000.0,4,0.0,0.0
2020-08-13,783750.0,783750.0,736250.0,760000.0,760000.0,2,0.0,0.0
2020-08-14,736250.0,760000.0,736250.0,736250.0,736250.0,2,0.0,0.0
2020-08-17,760000.0,760000.0,712500.0,736250.0,736250.0,2,0.0,0.0
2020-08-18,712500.0,760000.0,688750.0,712500.0,712500.0,2,0.0,0.0
2020-08-19,712500.0,878750.0,712500.0,831250.0,831250.0,9,0.0,0.0
2020-08-20,783750.0,807500.0,736250.0,760000.0,760000.0,3,0.0,0.0
2020-08-21,760000.0,831250.0,712500.0,831250.0,831250.0,4,0.0,0.0
2020-08-24,855000.0,855000.0,783750.0,807500.0,807500.0,5,0.0,0.0
2020-08-25,831250.0,926250.0,783750.0,855000.0,855000.0,6,0.0,0.0
2020-08-26,831250.0,878750.0,783750.0,807500.0,807500.0,3,0.0,0.0
2020-08-27,831250.0,831250.0,783750.0,783750.0,783750.0,2,0.0,0.0
2020-08-28,783750.0,831250.0,736250.0,807500.0,807500.0,2,0.0,0.0
2020-08-31,807500.0,831250.0,760000.0,807500.0,807500.0,2,0.0,0.0
2020-09-01,783750.0,783750.0,736250.0,736250.0,736250.0,2,0.0,0.0
2020-09-02,760000.0,783750.0,688750.0,712500.0,712500.0,2,0.0,0.0
2020-09-03,688750.0,712500.0,617500.0,665000.0,665000.0,2,0.0,0.0
2020-09-04,641250.0,688750.0,617500.0,665000.0,665000.0,3,0.0,0.0
2020-09-08,641250.0,665000.0,617500.0,617500.0,617500.0,2,0.0,0.0
2020-09-09,641250.0,641250.0,546250.0,593750.0,593750.0,2,0.0,0.0
2020-09-10,593750.0,641250.0,570000.0,593750.0,593750.0,4,0.0,0.0
2020-09-11,641250.0,641250.0,570000.0,593750.0,593750.0,2,0.0,0.0
2020-09-14,593750.0,593750.0,570000.0,593750.0,593750.0,1,0.0,0.0
2020-09-15,617500.0,617500.0,593750.0,617500.0,617500.0,1,0.0,0.0
2020-09-16,593750.0,641250.0,593750.0,617500.0,617500.0,1,0.0,0.0
2020-09-17,617500.0,641250.0,593750.0,617500.0,617500.0,1,0.0,0.0
2020-09-18,617500.0,641250.0,593750.0,617500.0,617500.0,1,0.0,0.0
2020-09-21,641250.0,641250.0,593750.0,593750.0,593750.0,1,0.0,0.0
2020-09-22,617500.0,617500.0,593750.0,593750.0,593750.0,1,0.0,0.0
2020-09-23,593750.0,593750.0,546250.0,546250.0,546250.0,1,0.0,0.0
2020-09-24,546250.0,570000.0,498750.0,546250.0,546250.0,1,0.0,0.0
2020-09-25,522500.0,617500.0,522500.0,617500.0,617500.0,2,0.0,0.0
2020-09-28,617500.0,688750.0,570000.0,665000.0,665000.0,3,0.0,0.0
2020-09-29,665000.0,688750.0,593750.0,665000.0,665000.0,4,0.0,0.0
2020-09-30,712500.0,760000.0,665000.0,688750.0,688750.0,8,0.0,0.0
2020-10-01,665000.0,688750.0,617500.0,641250.0,641250.0,3,0.0,0.0
2020-10-02,593750.0,641250.0,570000.0,641250.0,641250.0,2,0.0,0.0
2020-10-05,593750.0,665000.0,593750.0,641250.0,641250.0,1,0.0,0.0
2020-10-06,641250.0,665000.0,617500.0,641250.0,641250.0,1,0.0,0.0
2020-10-07,617500.0,688750.0,617500.0,688750.0,688750.0,2,0.0,0.0
2020-10-08,760000.0,783750.0,665000.0,688750.0,688750.0,5,0.0,0.0
2020-10-09,688750.0,736250.0,665000.0,712500.0,712500.0,2,0.0,0.0
2020-10-12,688750.0,712500.0,641250.0,641250.0,641250.0,1,0.0,0.0
2020-10-13,641250.0,665000.0,617500.0,641250.0,641250.0,1,0.0,0.0
2020-10-14,641250.0,641250.0,617500.0,617500.0,617500.0,2,0.0,0.0
2020-10-15,593750.0,641250.0,593750.0,617500.0,617500.0,1,0.0,0.0
2020-10-16,617500.0,641250.0,593750.0,617500.0,617500.0,1,0.0,0.0
2020-10-19,641250.0,641250.0,593750.0,617500.0,617500.0,1,0.0,0.0
2020-10-20,617500.0,617500.0,570000.0,570000.0,570000.0,1,0.0,0.0
2020-10-21,570000.0,593750.0,570000.0,593750.0,593750.0,1,0.0,0.0
2020-10-22,593750.0,593750.0,546250.0,570000.0,570000.0,1,0.0,0.0
2020-10-23,570000.0,570000.0,522500.0,546250.0,546250.0,1,0.0,0.0
2020-10-26,546250.0,570000.0,522500.0,546250.0,546250.0,1,0.0,0.0
2020-10-27,546250.0,546250.0,522500.0,522500.0,522500.0,1,0.0,0.0
2020-10-28,522500.0,522500.0,451250.0,475000.0,475000.0,1,0.0,0.0
2020-10-29,475000.0,498750.0,475000.0,475000.0,475000.0,1,0.0,0.0
2020-10-30,475000.0,475000.0,427500.0,427500.0,427500.0,1,0.0,0.0
2020-11-02,427500.0,451250.0,403750.0,427500.0,427500.0,1,0.0,0.0
2020-11-03,403750.0,475000.0,403750.0,451250.0,451250.0,1,0.0,0.0
2020-11-04,451250.0,498750.0,427500.0,427500.0,427500.0,1,0.0,0.0
2020-11-05,427500.0,475000.0,427500.0,451250.0,451250.0,1,0.0,0.0
2020-11-06,451250.0,451250.0,427500.0,427500.0,427500.0,0,0.0,0.0
2020-11-09,427500.0,522500.0,427500.0,522500.0,522500.0,1,0.0,0.0
2020-11-10,546250.0,546250.0,451250.0,498750.0,498750.0,1,0.0,0.0
2020-11-11,498750.0,498750.0,475000.0,498750.0,498750.0,0,0.0,0.0
2020-11-12,475000.0,498750.0,451250.0,475000.0,475000.0,1,0.0,0.0
2020-11-13,498750.0,570000.0,451250.0,522500.0,522500.0,2,0.0,0.0
2020-11-16,498750.0,522500.0,475000.0,498750.0,498750.0,2,0.0,0.0
2020-11-17,436050.0,484500.0,406600.0,438900.0,438900.0,9,0.0,0.04
2020-11-18,452200.0,590900.0,450300.0,513950.0,513950.0,17,0.0,0.0
2020-11-19,527250.0,565250.0,517750.0,564300.0,564300.0,3,0.0,0.0
2020-11-20,571900.0,710600.0,571900.0,607050.0,607050.0,11,0.0,0.0
2020-11-23,618450.0,655500.0,612750.0,630800.0,630800.0,3,0.0,0.0
2020-11-24,648850.0,698250.0,604200.0,611800.0,611800.0,4,0.0,0.0
2020-11-25,619400.0,645050.0,617500.0,644100.0,644100.0,1,0.0,0.0
2020-11-27,644100.0,646000.0,614650.0,624150.0,624150.0,1,0.0,0.0
2020-11-30,622250.0,624150.0,532950.0,559550.0,559550.0,3,0.0,0.0
2020-12-01,573800.0,585200.0,556700.0,563350.0,563350.0,1,0.0,0.0
2020-12-02,563350.0,576650.0,535800.0,564300.0,564300.0,1,0.0,0.0
2020-12-03,568100.0,604200.0,566200.0,590900.0,590900.0,1,0.0,0.0
2020-12-04,593750.0,669750.0,591850.0,642200.0,642200.0,2,0.0,0.0
2020-12-07,642200.0,646000.0,589950.0,590900.0,590900.0,1,0.0,0.0
2020-12-08,586150.0,602300.0,572850.0,589950.0,589950.0,1,0.0,0.0
2020-12-09,604200.0,631750.0,592800.0,601350.0,601350.0,1,0.0,0.0
2020-12-10,593750.0,637450.0,593750.0,637450.0,637450.0,1,0.0,0.0
2020-12-11,626050.0,704900.0,610850.0,653600.0,653600.0,4,0.0,0.0
2020-12-14,673550.0,702050.0,632700.0,634600.0,634600.0,1,0.0,0.0
2020-12-15,641250.0,686850.0,636500.0,686850.0,686850.0,1,0.0,0.0
2020-12-16,686850.0,695400.0,650750.0,668800.0,668800.0,1,0.0,0.0
2020-12-17,658350.0,703950.0,658350.0,697300.0,697300.0,1,0.0,0.0
2020-12-18,704900.0,770450.0,703950.0,740050.0,740050.0,10,0.0,0.0
2020-12-21,840750.0,899650.0,750500.0,837900.0,837900.0,21,0.0,0.0
2020-12-22,826500.0,834100.0,689700.0,693500.0,693500.0,7,0.0,0.0
2020-12-23,684950.0,719150.0,663100.0,665000.0,665000.0,3,0.0,0.0
2020-12-24,681150.0,703000.0,668800.0,681150.0,681150.0,2,0.0,0.0
2020-12-28,681150.0,782800.0,648850.0,728650.0,728650.0,12,0.0,0.0
2020-12-29,744800.0,745750.0,665000.0,704900.0,704900.0,4,0.0,0.0
2020-12-30,698250.0,740050.0,684000.0,722000.0,722000.0,2,0.0,0.0
2020-12-31,724850.0,731500.0,685900.0,705850.0,705850.0,2,0.0,0.0
2021-01-04,703950.0,712500.0,669750.0,669750.0,669750.0,1,0.0,0.0
2021-01-05,669750.0,703000.0,664050.0,675450.0,675450.0,3,0.0,0.0
2021-01-06,675450.0,689700.0,605150.0,610850.0,610850.0,4,0.0,0.0
2021-01-07,636500.0,665000.0,607050.0,620350.0,620350.0,2,0.0,0.0
2021-01-08,608950.0,654550.0,608950.0,632700.0,632700.0,1,0.0,0.0
2021-01-11,628900.0,653600.0,618450.0,624150.0,624150.0,1,0.0,0.0
2021-01-12,635550.0,643150.0,618450.0,628900.0,628900.0,2,0.0,0.0
2021-01-13,629850.0,658350.0,618450.0,649800.0,649800.0,2,0.0,0.0
2021-01-14,661200.0,681150.0,646950.0,672600.0,672600.0,3,0.0,0.0
2021-01-15,672600.0,683050.0,646950.0,662150.0,662150.0,3,0.0,0.0
2021-01-19,673550.0,698250.0,659300.0,676400.0,676400.0,3,0.0,0.0
2021-01-20,674500.0,698250.0,653600.0,684000.0,684000.0,3,0.0,0.0
2021-01-21,684000.0,740050.0,665000.0,712500.0,712500.0,4,0.0,0.0
2021-01-22,700150.0,733400.0,689700.0,732450.0,732450.0,3,0.0,0.0
2021-01-25,735300.0,769500.0,687800.0,743850.0,743850.0,3,0.0,0.0
2021-01-26,749550.0,774250.0,735300.0,759050.0,759050.0,3,0.0,0.0
2021-01-27,703000.0,733400.0,647900.0,665000.0,665000.0,4,0.0,0.0
2021-01-28,679250.0,722000.0,667850.0,680200.0,680200.0,5,0.0,0.0
2021-01-29,679250.0,711550.0,626050.0,626050.0,626050.0,5,0.0,0.0
2021-02-01,626050.0,720100.0,623200.0,655500.0,655500.0,12,0.0,0.0
2021-02-02,653600.0,673550.0,631750.0,636500.0,636500.0,6,0.0,0.0
2021-02-03,646950.0,663100.0,623200.0,632700.0,632700.0,3,0.0,0.0
2021-02-04,646000.0,784700.0,644100.0,760950.0,760950.0,18,0.0,0.0
2021-02-05,750500.0,759050.0,680200.0,722950.0,722950.0,3,0.0,0.0
2021-02-08,718200.0,740050.0,703950.0,714400.0,714400.0,2,0.0,0.0
2021-02-09,722000.0,831250.0,722000.0,784700.0,784700.0,15,0.0,0.0
2021-02-10,780900.0,795150.0,730550.0,769500.0,769500.0,3,0.0,0.0
2021-02-11,779000.0,807500.0,748600.0,760000.0,760000.0,3,0.0,0.0
2021-02-12,760000.0,855000.0,750500.0,806550.0,806550.0,4,0.0,0.0
2021-02-16,840750.0,843600.0,809400.0,830300.0,830300.0,3,0.0,0.0
2021-02-17,829350.0,874950.0,799900.0,852150.0,852150.0,3,0.0,0.0
2021-02-18,836000.0,862600.0,803700.0,817950.0,817950.0,4,0.0,0.0
2021-02-19,831250.0,852150.0,808450.0,818900.0,818900.0,3,0.0,0.0
2021-02-22,807500.0,856900.0,778050.0,834100.0,834100.0,2,0.0,0.0
2021-02-23,817950.0,817950.0,712500.0,750500.0,750500.0,7,0.0,0.0
2021-02-24,769500.0,825550.0,731500.0,741000.0,741000.0,6,0.0,0.0
2021-02-25,755250.0,777100.0,682100.0,721050.0,721050.0,5,0.0,0.0
2021-02-26,722950.0,732450.0,645050.0,653600.0,653600.0,3,0.0,0.0
2021-03-01,674500.0,730550.0,666900.0,669750.0,669750.0,5,0.0,0.0
2021-03-02,675450.0,707750.0,671650.0,696350.0,696350.0,4,0.0,0.0
2021-03-03,692550.0,709650.0,668800.0,670700.0,670700.0,3,0.0,0.0
2021-03-04,669750.0,681150.0,538650.0,546250.0,546250.0,5,0.0,0.0
2021-03-05,566200.0,583300.0,492100.0,551000.0,551000.0,3,0.0,0.0
2021-03-08,570000.0,601350.0,532000.0,540550.0,540550.0,2,0.0,0.0
2021-03-09,565250.0,565250.0,534850.0,551950.0,551950.0,2,0.0,0.0
2021-03-10,570950.0,581400.0,545300.0,565250.0,565250.0,1,0.0,0.0
2021-03-11,584250.0,586150.0,553850.0,586150.0,586150.0,1,0.0,0.0
2021-03-12,590900.0,605150.0,574750.0,587100.0,587100.0,1,0.0,0.0
2021-03-15,600400.0,605150.0,555750.0,574750.0,574750.0,2,0.0,0.0
2021-03-16,578550.0,605150.0,563350.0,579500.0,579500.0,5,0.0,0.0
2021-03-17,509200.0,606100.0,498750.0,606100.0,606100.0,2,0.0,0.0
2021-03-18,589000.0,597550.0,559550.0,572850.0,572850.0,0,0.0,0.0
2021-03-19,579500.0,591850.0,551000.0,590900.0,590900.0,1,0.0,0.0
2021-03-22,578550.0,608950.0,572850.0,585200.0,585200.0,2,0.0,0.0
2021-03-23,573800.0,601350.0,532000.0,539600.0,539600.0,5,0.0,0.0
2021-03-24,542450.0,563350.0,494950.0,494950.0,494950.0,1,0.0,0.0
2021-03-25,488300.0,532000.0,488300.0,516800.0,516800.0,5,0.0,0.0
2021-03-26,514900.0,528200.0,485450.0,495900.0,495900.0,5,0.0,0.0
2021-03-29,485450.0,503500.0,482600.0,483550.0,483550.0,4,0.0,0.0
2021-03-30,483550.0,494950.0,434150.0,440800.0,440800.0,3,0.0,0.0
2021-03-31,436050.0,449350.0,436050.0,442700.0,442700.0,1,0.0,0.0
2021-04-01,446500.0,486400.0,434150.0,466450.0,466450.0,5,0.0,0.0
2021-04-05,468350.0,474050.0,447450.0,447450.0,447450.0,3,0.0,0.0
2021-04-06,441750.0,472150.0,441750.0,461700.0,461700.0,4,0.0,0.0
2021-04-07,471200.0,471200.0,438900.0,445550.0,445550.0,1,0.0,0.0
2021-04-08,438900.0,456000.0,422750.0,446500.0,446500.0,2,0.0,0.0
2021-04-09,439850.0,461700.0,435100.0,449350.0,449350.0,3,0.0,0.0
2021-04-12,441750.0,454100.0,403750.0,404700.0,404700.0,6,0.0,0.0
2021-04-13,403750.0,428450.0,376200.0,380950.0,380950.0,3,0.0,0.0
2021-04-14,379050.0,405650.0,371450.0,375250.0,375250.0,4,0.0,0.0
2021-04-15,386650.0,386650.0,361950.0,367650.0,367650.0,1,0.0,0.0
2021-04-16,377150.0,377150.0,351500.0,361950.0,361950.0,2,0.0,0.0
2021-04-19,358150.0,380000.0,342950.0,367650.0,367650.0,5,0.0,0.0
2021-04-20,379050.0,408500.0,342000.0,352450.0,352450.0,5,0.0,0.0
2021-04-21,349600.0,376200.0,346750.0,354350.0,354350.0,2,0.0,0.0
2021-04-22,356250.0,380000.0,350550.0,367650.0,367650.0,1,0.0,0.0
2021-04-23,367650.0,394250.0,361950.0,383800.0,383800.0,2,0.0,0.0
2021-04-26,388550.0,412300.0,380950.0,403750.0,403750.0,6,0.0,0.0
2021-04-27,398050.0,408500.0,397100.0,406600.0,406600.0,2,0.0,0.0
2021-04-28,412300.0,412300.0,387600.0,390450.0,390450.0,1,0.0,0.0
2021-04-29,404700.0,424650.0,380950.0,400900.0,400900.0,9,0.0,0.0
2021-04-30,393300.0,400900.0,368600.0,369550.0,369550.0,4,0.0,0.0
2021-05-03,366700.0,376200.0,353400.0,353400.0,353400.0,4,0.0,0.0
2021-05-04,358150.0,386650.0,337250.0,353400.0,353400.0,16,0.0,0.0
2021-05-05,381900.0,469300.0,329650.0,347700.0,347700.0,51,0.0,0.0
2021-05-06,341050.0,394250.0,323950.0,359100.0,359100.0,43,0.0,0.0
2021-05-07,349600.0,396150.0,334400.0,392350.0,392350.0,14,0.0,0.0
2021-05-10,369550.0,380000.0,342950.0,342950.0,342950.0,5,0.0,0.0
2021-05-11,326800.0,338200.0,308750.0,315400.0,315400.0,7,0.0,0.0
2021-05-12,389500.0,605150.0,337250.0,372400.0,372400.0,799,0.0,0.0
2021-05-13,357200.0,404700.0,335350.0,337250.0,337250.0,43,0.0,0.0
2021-05-14,340100.0,352450.0,318250.0,336300.0,336300.0,21,0.0,0.0
2021-05-17,323000.0,335350.0,302100.0,304950.0,304950.0,16,0.0,0.0
2021-05-18,304950.0,306850.0,286900.0,289750.0,289750.0,10,0.0,0.0
2021-05-19,286900.0,296400.0,270750.0,287850.0,287850.0,12,0.0,0.0
2021-05-20,294500.0,302100.0,278350.0,299250.0,299250.0,28,0.0,0.0
2021-05-21,302100.0,351500.0,299250.0,319200.0,319200.0,40,0.0,0.0
2021-05-24,307800.0,319200.0,295450.0,300200.0,300200.0,21,0.0,0.0
2021-05-25,299250.0,305900.0,290700.0,296400.0,296400.0,11,0.0,0.0
2021-05-26,295450.0,335350.0,285950.0,308750.0,308750.0,26,0.0,0.0
2021-05-27,310650.0,330600.0,305900.0,311600.0,311600.0,14,0.0,0.0
2021-05-28,306850.0,325850.0,304950.0,308750.0,308750.0,10,0.0,0.0
2021-06-01,319200.0,330600.0,311600.0,322050.0,322050.0,14,0.0,0.0
2021-06-02,332500.0,399000.0,322050.0,353400.0,353400.0,40,0.0,0.0
2021-06-03,398050.0,519650.0,372400.0,413250.0,413250.0,124,0.0,0.0
2021-06-04,425600.0,725800.0,401850.0,463600.0,463600.0,394,0.0,0.0
2021-06-07,658350.0,932900.0,610850.0,868300.0,868300.0,1363,0.0,0.0
2021-06-08,839800.0,839800.0,649800.0,698250.0,698250.0,123,0.0,0.0
2021-06-09,718200.0,843600.0,665000.0,673550.0,673550.0,66,0.0,0.0
2021-06-10,643150.0,668800.0,552900.0,627950.0,627950.0,30,0.0,0.0
2021-06-11,593750.0,610850.0,546250.0,565250.0,565250.0,19,0.0,0.0
2021-06-14,608000.0,626050.0,527250.0,536750.0,536750.0,17,0.0,0.0
2021-06-15,533900.0,543400.0,478800.0,496850.0,496850.0,12,0.0,0.0
2021-06-16,501600.0,532000.0,475000.0,511100.0,511100.0,11,0.0,0.0
2021-06-17,494950.0,517750.0,485450.0,494950.0,494950.0,6,0.0,0.0
2021-06-18,494000.0,532000.0,487350.0,495900.0,495900.0,10,0.0,0.0
2021-06-21,496850.0,506350.0,441750.0,454100.0,454100.0,10,0.0,0.0
2021-06-22,457900.0,472150.0,442700.0,468350.0,468350.0,19,0.0,0.0
2021-06-23,464550.0,505400.0,454100.0,494000.0,494000.0,19,0.0,0.0
2021-06-24,492100.0,503500.0,476900.0,487350.0,487350.0,6,0.0,0.0
2021-06-25,489250.0,508250.0,460750.0,496850.0,496850.0,9,0.0,0.0
2021-06-28,494000.0,494000.0,456000.0,472150.0,472150.0,7,0.0,0.0
2021-06-29,489250.0,492100.0,431300.0,440800.0,440800.0,10,0.0,0.0
2021-06-30,441750.0,451250.0,415150.0,415150.0,415150.0,7,0.0,0.0
2021-07-01,422750.0,443650.0,412300.0,420850.0,420850.0,7,0.0,0.0
2021-07-02,418000.0,497800.0,399000.0,448400.0,448400.0,35,0.0,0.0
2021-07-06,446500.0,446500.0,380000.0,380000.0,380000.0,13,0.0,0.0
2021-07-07,390450.0,406600.0,357200.0,360050.0,360050.0,8,0.0,0.0
2021-07-08,352450.0,414200.0,332500.0,399950.0,399950.0,21,0.0,0.0
2021-07-09,389500.0,403750.0,380950.0,387600.0,387600.0,8,0.0,0.0
2021-07-12,391400.0,399000.0,371450.0,381900.0,381900.0,5,0.0,0.0
2021-07-13,379050.0,415150.0,357200.0,363850.0,363850.0,18,0.0,0.0
2021-07-14,363850.0,366700.0,313500.0,337250.0,337250.0,8,0.0,0.0
2021-07-15,340100.0,349600.0,327750.0,334400.0,334400.0,3,0.0,0.0
2021-07-16,332500.0,342000.0,323000.0,327750.0,327750.0,3,0.0,0.0
2021-07-19,323000.0,332500.0,308750.0,318250.0,318250.0,4,0.0,0.0
2021-07-20,316350.0,342950.0,311600.0,335350.0,335350.0,6,0.0,0.0
2021-07-21,334400.0,356250.0,327750.0,355300.0,355300.0,8,0.0,0.0
2021-07-22,369550.0,369550.0,333450.0,347700.0,347700.0,14,0.0,0.0
2021-07-23,346750.0,349600.0,314450.0,320150.0,320150.0,20,0.0,0.0
2021-07-26,319200.0,324900.0,304950.0,308750.0,308750.0,6,0.0,0.0
2021-07-27,305900.0,313500.0,293550.0,307800.0,307800.0,7,0.0,0.0
2021-07-28,308750.0,323950.0,305900.0,320150.0,320150.0,4,0.0,0.0
2021-07-29,318250.0,339150.0,305900.0,320150.0,320150.0,8,0.0,0.0
2021-07-30,327750.0,349600.0,313500.0,325850.0,325850.0,20,0.0,0.0
2021-08-02,344850.0,484500.0,341050.0,386650.0,386650.0,280,0.0,0.0
2021-08-03,360050.0,362900.0,313500.0,318250.0,318250.0,28,0.0,0.0
2021-08-04,315400.0,318250.0,305900.0,311600.0,311600.0,7,0.0,0.0
2021-08-05,304950.0,318250.0,299250.0,311600.0,311600.0,7,0.0,0.0
2021-08-06,319200.0,324900.0,304950.0,318250.0,318250.0,5,0.0,0.0
2021-08-09,315400.0,323000.0,306850.0,316350.0,316350.0,8,0.0,0.0
2021-08-10,314450.0,318250.0,301150.0,308750.0,308750.0,4,0.0,0.0
2021-08-11,307800.0,322050.0,304950.0,319200.0,319200.0,15,0.0,0.0
2021-08-12,319200.0,327750.0,308750.0,315400.0,315400.0,6,0.0,0.0
2021-08-13,315400.0,325850.0,300200.0,312550.0,312550.0,7,0.0,0.0
2021-08-16,314450.0,314450.0,277400.0,284050.0,284050.0,22,0.0,0.0
2021-08-17,266000.0,266950.0,226100.0,234650.0,234650.0,16,0.0,0.0
2021-08-18,247000.0,274550.0,238450.0,253650.0,253650.0,16,0.0,0.0
2021-08-19,248900.0,254600.0,239400.0,243200.0,243200.0,4,0.0,0.0
2021-08-20,240350.0,255550.0,237500.0,255550.0,255550.0,5,0.0,0.0
2021-08-23,256500.0,280250.0,256500.0,278350.0,278350.0,5,0.0,0.0
2021-08-24,284050.0,291650.0,267900.0,282150.0,282150.0,4,0.0,0.0
2021-08-25,282150.0,297350.0,275500.0,287850.0,287850.0,3,0.0,0.0
2021-08-26,292600.0,296400.0,278350.0,285950.0,285950.0,3,0.0,0.0
2021-08-27,284050.0,312550.0,282150.0,298300.0,298300.0,9,0.0,0.0
2021-08-30,298300.0,301150.0,283100.0,286900.0,286900.0,3,0.0,0.0
2021-08-31,285000.0,312550.0,284050.0,310650.0,310650.0,5,0.0,0.0
2021-09-01,305900.0,318250.0,297350.0,298300.0,298300.0,2,0.0,0.0
2021-09-02,294500.0,314450.0,294500.0,309700.0,309700.0,2,0.0,0.0
2021-09-03,310650.0,319200.0,300200.0,303050.0,303050.0,2,0.0,0.0
2021-09-07,302100.0,313500.0,297350.0,297350.0,297350.0,2,0.0,0.0
2021-09-08,300200.0,306850.0,282150.0,288800.0,288800.0,3,0.0,0.0
2021-09-09,284050.0,308750.0,283100.0,295450.0,295450.0,2,0.0,0.0
2021-09-10,296400.0,319200.0,293550.0,300200.0,300200.0,3,0.0,0.0
2021-09-13,299250.0,308750.0,288800.0,294500.0,294500.0,3,0.0,0.0
2021-09-14,293550.0,296400.0,278350.0,279300.0,279300.0,3,0.0,0.0
2021-09-15,279300.0,291650.0,279300.0,286900.0,286900.0,2,0.0,0.0
2021-09-16,283100.0,289750.0,278350.0,283100.0,283100.0,1,0.0,0.0
2021-09-17,283100.0,306850.0,282150.0,297350.0,297350.0,3,0.0,0.0
2021-09-20,284050.0,294500.0,270750.0,274550.0,274550.0,4,0.0,0.0
2021-09-21,282150.0,346750.0,277400.0,305900.0,305900.0,26,0.0,0.0
2021-09-22,299250.0,301150.0,280250.0,285000.0,285000.0,4,0.0,0.0
2021-09-23,294500.0,300200.0,284050.0,295450.0,295450.0,2,0.0,0.0
2021-09-24,285950.0,296400.0,285000.0,288800.0,288800.0,1,0.0,0.0
2021-09-27,288800.0,334400.0,287850.0,318250.0,318250.0,7,0.0,0.0
2021-09-28,318250.0,323000.0,295450.0,302100.0,302100.0,2,0.0,0.0
2021-09-29,302100.0,306850.0,285000.0,288800.0,288800.0,2,0.0,0.0
2021-09-30,295450.0,306850.0,286900.0,298300.0,298300.0,3,0.0,0.0
2021-10-01,297350.0,303050.0,284050.0,285950.0,285950.0,3,0.0,0.0
2021-10-04,290700.0,293550.0,277400.0,279300.0,279300.0,2,0.0,0.0
2021-10-05,282150.0,289750.0,273600.0,282150.0,282150.0,2,0.0,0.0
2021-10-06,285000.0,289750.0,275500.0,285950.0,285950.0,2,0.0,0.0
2021-10-07,288800.0,298300.0,286900.0,287850.0,287850.0,2,0.0,0.0
2021-10-08,295450.0,302100.0,276450.0,277400.0,277400.0,4,0.0,0.0
2021-10-11,290700.0,335350.0,287850.0,317300.0,317300.0,19,0.0,0.0
2021-10-12,315400.0,328700.0,294500.0,317300.0,317300.0,9,0.0,0.0
2021-10-13,312550.0,318250.0,299250.0,304000.0,304000.0,3,0.0,0.0
2021-10-14,309700.0,311600.0,297350.0,303050.0,303050.0,3,0.0,0.0
2021-10-15,299250.0,303050.0,287850.0,289750.0,289750.0,2,0.0,0.0
2021-10-18,292600.0,296400.0,285950.0,291650.0,291650.0,4,0.0,0.0
2021-10-19,294500.0,298300.0,285950.0,293550.0,293550.0,7,0.0,0.0
2021-10-20,286900.0,290700.0,282150.0,285000.0,285000.0,4,0.0,0.0
2021-10-21,305900.0,331550.0,297350.0,305900.0,305900.0,49,0.0,0.0
2021-10-22,300200.0,300200.0,272650.0,285950.0,285950.0,11,0.0,0.0
2021-10-25,284050.0,290700.0,283100.0,285950.0,285950.0,3,0.0,0.0
2021-10-26,284050.0,297350.0,281200.0,290700.0,290700.0,5,0.0,0.0
2021-10-27,291650.0,295450.0,283100.0,285950.0,285950.0,3,0.0,0.0
2021-10-28,285950.0,291650.0,284050.0,289750.0,289750.0,2,0.0,0.0
2021-10-29,285000.0,289750.0,283100.0,285000.0,285000.0,2,0.0,0.0
2021-11-01,284050.0,291650.0,284050.0,286900.0,286900.0,2,0.0,0.0
2021-11-02,285000.0,308750.0,282150.0,296400.0,296400.0,5,0.0,0.0
2021-11-03,301150.0,303050.0,289750.0,297350.0,297350.0,3,0.0,0.0
2021-11-04,294500.0,297350.0,288800.0,293550.0,293550.0,1,0.0,0.0
2021-11-05,291650.0,295450.0,285000.0,287850.0,287850.0,1,0.0,0.0
2021-11-08,285000.0,292600.0,285000.0,285000.0,285000.0,1,0.0,0.0
2021-11-09,290700.0,290700.0,276450.0,279300.0,279300.0,2,0.0,0.0
2021-11-10,279300.0,283100.0,273600.0,278350.0,278350.0,2,0.0,0.0
2021-11-11,284050.0,284050.0,274550.0,277400.0,277400.0,1,0.0,0.0
2021-11-12,274550.0,282150.0,267900.0,270750.0,270750.0,2,0.0,0.0
2021-11-15,275500.0,275500.0,263150.0,264100.0,264100.0,3,0.0,0.0
2021-11-16,256500.0,257450.0,237500.0,251750.0,251750.0,3,0.0,0.0
2021-11-17,246050.0,260300.0,246050.0,252700.0,252700.0,1,0.0,0.0
2021-11-18,250800.0,252700.0,233700.0,239400.0,239400.0,3,0.0,0.0
2021-11-19,238450.0,247000.0,234650.0,242250.0,242250.0,2,0.0,0.0
2021-11-22,241300.0,255550.0,231800.0,248900.0,248900.0,2,0.0,0.0
2021-11-23,234650.0,247950.0,220400.0,229900.0,229900.0,4,0.0,0.0
2021-11-24,243200.0,266000.0,230850.0,244150.0,244150.0,7,0.0,0.0
2021-11-26,237500.0,239400.0,220400.0,232750.0,232750.0,3,0.0,0.0
2021-11-29,226100.0,236550.0,221350.0,225150.0,225150.0,1,0.0,0.0
2021-11-30,225150.0,231800.0,208050.0,211850.0,211850.0,2,0.0,0.0
2021-12-01,211850.0,217550.0,192850.0,196650.0,196650.0,2,0.0,0.0
2021-12-02,194750.0,196650.0,166250.0,178600.0,178600.0,6,0.0,0.0
2021-12-03,178600.0,181450.0,163400.0,165300.0,165300.0,2,0.0,0.0
2021-12-06,163400.0,174800.0,140600.0,172900.0,172900.0,2,0.0,0.0
2021-12-07,172900.0,182400.0,172900.0,175750.0,175750.0,1,0.0,0.0
2021-12-08,175750.0,191900.0,175750.0,189050.0,189050.0,1,0.0,0.0
2021-12-09,189050.0,193800.0,182400.0,184300.0,184300.0,1,0.0,0.0
2021-12-10,182400.0,186200.0,177650.0,182400.0,182400.0,0,0.0,0.0
2021-12-13,185250.0,190950.0,171950.0,172900.0,172900.0,1,0.0,0.0
2021-12-14,171950.0,173850.0,162450.0,166250.0,166250.0,2,0.0,0.0
2021-12-15,167200.0,168150.0,147250.0,156750.0,156750.0,4,0.0,0.0
2021-12-16,156750.0,161500.0,147250.0,147250.0,147250.0,2,0.0,0.0
2021-12-17,146300.0,156750.0,142500.0,156750.0,156750.0,1,0.0,0.0
2021-12-20,155800.0,159600.0,145350.0,150100.0,150100.0,2,0.0,0.0
2021-12-21,152000.0,157700.0,147250.0,152000.0,152000.0,3,0.0,0.0
2021-12-22,152000.0,157700.0,150100.0,156750.0,156750.0,1,0.0,0.0
2021-12-23,159600.0,168150.0,155800.0,164350.0,164350.0,1,0.0,0.0
2021-12-27,161500.0,164350.0,156750.0,159600.0,159600.0,1,0.0,0.0
2021-12-28,159600.0,160550.0,145350.0,149150.0,149150.0,2,0.0,0.0
2021-12-29,151050.0,158650.0,145350.0,153900.0,153900.0,3,0.0,0.0
2021-12-30,151050.0,158650.0,147250.0,154850.0,154850.0,3,0.0,0.0
2021-12-31,153900.0,155800.0,148200.0,148200.0,148200.0,2,0.0,0.0
2022-01-03,150100.0,160550.0,148200.0,159600.0,159600.0,1,0.0,0.0
2022-01-04,158650.0,159600.0,152000.0,153900.0,153900.0,1,0.0,0.0
2022-01-05,152000.0,156750.0,146300.0,147250.0,147250.0,1,0.0,0.0
2022-01-06,145350.0,149150.0,142500.0,143450.0,143450.0,1,0.0,0.0
2022-01-07,144400.0,150100.0,141550.0,143450.0,143450.0,2,0.0,0.0
2022-01-10,140600.0,141550.0,133950.0,139650.0,139650.0,1,0.0,0.0
2022-01-11,138700.0,146300.0,133950.0,145350.0,145350.0,1,0.0,0.0
2022-01-12,145350.0,146300.0,137750.0,139650.0,139650.0,1,0.0,0.0
2022-01-13,137750.0,140600.0,133950.0,133950.0,133950.0,1,0.0,0.0
2022-01-14,133950.0,135850.0,128250.0,131100.0,131100.0,1,0.0,0.0
2022-01-18,121600.0,122550.0,115900.0,117800.0,117800.0,1,0.0,0.0
2022-01-19,116850.0,117800.0,114000.0,114950.0,114950.0,1,0.0,0.0
2022-01-20,115900.0,119700.0,110200.0,110200.0,110200.0,1,0.0,0.0
2022-01-21,116850.0,116850.0,100700.0,100700.0,100700.0,1,0.0,0.0
2022-01-24,95000.0,102600.0,89300.0,97850.0,97850.0,2,0.0,0.0
2022-01-25,95950.0,100700.0,94050.0,99750.0,99750.0,4,0.0,0.0
2022-01-26,104500.0,106400.0,90250.0,92150.0,92150.0,2,0.0,0.0
2022-01-27,92150.0,92150.0,83600.0,84550.0,84550.0,2,0.0,0.0
2022-01-28,85500.0,92150.0,85500.0,91200.0,91200.0,1,0.0,0.0
2022-01-31,95000.0,95000.0,89300.0,90250.0,90250.0,2,0.0,0.0
2022-02-01,90250.0,98800.0,81700.0,87400.0,87400.0,4,0.0,0.0
2022-02-02,87400.0,89300.0,82650.0,82650.0,82650.0,4,0.0,0.0
2022-02-03,77900.0,79800.0,66500.0,66500.0,66500.0,16,0.0,0.0
2022-02-04,31350.0,35150.0,31350.0,34200.0,34200.0,338,0.0,0.0
2022-02-07,36100.0,36100.0,33250.0,34200.0,34200.0,99,0.0,0.0
2022-02-08,34200.0,38000.0,33250.0,35150.0,35150.0,116,0.0,0.0
2022-02-09,37050.0,38000.0,34200.0,37050.0,37050.0,86,0.0,0.0
2022-02-10,36100.0,39900.0,36100.0,38000.0,38000.0,78,0.0,0.0
2022-02-11,40850.0,41800.0,36100.0,38000.0,38000.0,87,0.0,0.0
2022-02-14,38000.0,38000.0,34200.0,36100.0,36100.0,37,0.0,0.0
2022-02-15,36100.0,38950.0,35150.0,38000.0,38000.0,55,0.0,0.0
2022-02-16,38000.0,40850.0,37050.0,39900.0,39900.0,49,0.0,0.0
2022-02-17,39900.0,41800.0,37050.0,37050.0,37050.0,45,0.0,0.0
2022-02-18,38950.0,41800.0,36100.0,36100.0,36100.0,45,0.0,0.0
2022-02-22,35150.0,36100.0,31350.0,34200.0,34200.0,38,0.0,0.0
2022-02-23,33250.0,35150.0,32300.0,32300.0,32300.0,24,0.0,0.0
2022-02-24,31350.0,34200.0,28500.0,33250.0,33250.0,40,0.0,0.0
2022-02-25,36100.0,51300.0,35150.0,39900.0,39900.0,393,0.0,0.0
2022-02-28,38000.0,45600.0,38000.0,40850.0,40850.0,105,0.0,0.0
2022-03-01,41800.0,71250.0,38950.0,47500.0,47500.0,900,0.0,0.0
2022-03-02,44650.0,56050.0,41800.0,46550.0,46550.0,137,0.0,0.0
2022-03-03,47500.0,52250.0,41800.0,42750.0,42750.0,97,0.0,0.0
2022-03-04,43700.0,47500.0,36100.0,39900.0,39900.0,64,0.0,0.0
2022-03-07,37050.0,39900.0,36100.0,37050.0,37050.0,51,0.0,0.0
2022-03-08,36100.0,37050.0,32300.0,36100.0,36100.0,46,0.0,0.0
2022-03-09,38000.0,39900.0,36100.0,36100.0,36100.0,29,0.0,0.0
2022-03-10,37050.0,39900.0,36100.0,38000.0,38000.0,31,0.0,0.0
2022-03-11,37050.0,46550.0,36100.0,38950.0,38950.0,62,0.0,0.0
2022-03-14,43700.0,47500.0,40850.0,41800.0,41800.0,49,0.0,0.0
2022-03-15,41800.0,41800.0,38950.0,41800.0,41800.0,22,0.0,0.0
2022-03-16,40850.0,42750.0,38000.0,39900.0,39900.0,32,0.0,0.0
2022-03-17,40850.0,45600.0,39900.0,43700.0,43700.0,46,0.0,0.0
2022-03-18,43700.0,47500.0,42750.0,44650.0,44650.0,40,0.0,0.0
2022-03-21,47500.0,55100.0,46550.0,49400.0,49400.0,82,0.0,0.0
2022-03-22,51300.0,51300.0,43700.0,48450.0,48450.0,61,0.0,0.0
2022-03-23,49400.0,50350.0,46550.0,48450.0,48450.0,52,0.0,0.0
2022-03-24,40850.0,43700.0,39900.0,41800.0,41800.0,68,0.0,0.0
2022-03-25,39900.0,40850.0,37050.0,38000.0,38000.0,35,0.0,0.0
2022-03-28,38950.0,42750.0,36100.0,40850.0,40850.0,63,0.0,0.0
2022-03-29,42750.0,42750.0,38000.0,39900.0,39900.0,27,0.0,0.0
2022-03-30,39900.0,39900.0,36100.0,38000.0,38000.0,29,0.0,0.0
2022-03-31,38000.0,40850.0,37050.0,38000.0,38000.0,20,0.0,0.0
2022-04-01,38000.0,38950.0,37050.0,38950.0,38950.0,12,0.0,0.0
2022-04-04,38950.0,40850.0,38950.0,39900.0,39900.0,18,0.0,0.0
2022-04-05,40850.0,40850.0,38000.0,38950.0,38950.0,20,0.0,0.0
2022-04-06,38950.0,38950.0,38000.0,38000.0,38000.0,11,0.0,0.0
2022-04-07,38000.0,38000.0,37050.0,37050.0,37050.0,9,0.0,0.0
2022-04-08,37050.0,38950.0,36100.0,38000.0,38000.0,13,0.0,0.0
2022-04-11,38000.0,38000.0,33250.0,35150.0,35150.0,24,0.0,0.0
2022-04-12,36100.0,36100.0,29450.0,32300.0,32300.0,40,0.0,0.0
2022-04-13,33250.0,34200.0,32300.0,33250.0,33250.0,14,0.0,0.0
2022-04-14,33250.0,34200.0,32300.0,33250.0,33250.0,8,0.0,0.0
2022-04-18,32300.0,33250.0,31350.0,31350.0,31350.0,11,0.0,0.0
2022-04-19,32300.0,34200.0,30400.0,32300.0,32300.0,12,0.0,0.0
2022-04-20,31350.0,33250.0,31350.0,33250.0,33250.0,7,0.0,0.0
2022-04-21,32300.0,34200.0,31350.0,31350.0,31350.0,15,0.0,0.0
2022-04-22,31350.0,33250.0,30400.0,30400.0,30400.0,12,0.0,0.0
2022-04-25,30400.0,31350.0,30400.0,30400.0,30400.0,11,0.0,0.0
2022-04-26,30400.0,31350.0,28500.0,29450.0,29450.0,15,0.0,0.0
2022-04-27,28500.0,29450.0,27550.0,28500.0,28500.0,11,0.0,0.0
2022-04-28,28500.0,37050.0,27550.0,35150.0,35150.0,98,0.0,0.0
2022-04-29,37050.0,37050.0,31350.0,31350.0,31350.0,26,0.0,0.0
2022-05-02,31350.0,34200.0,29450.0,33250.0,33250.0,31,0.0,0.0
2022-05-03,34200.0,35150.0,32300.0,35150.0,35150.0,9,0.0,0.0
2022-05-04,35150.0,35150.0,33250.0,35150.0,35150.0,8,0.0,0.0
2022-05-05,35150.0,37050.0,33250.0,34200.0,34200.0,5,0.0,0.0
2022-05-06,34200.0,37050.0,32300.0,34200.0,34200.0,25,0.0,0.0
2022-05-09,31350.0,33250.0,29450.0,29450.0,29450.0,14,0.0,0.0
2022-05-10,30400.0,31350.0,27550.0,29450.0,29450.0,24,0.0,0.0
2022-05-11,29450.0,30400.0,25650.0,25650.0,25650.0,28,0.0,0.0
2022-05-12,26600.0,27550.0,25650.0,26600.0,26600.0,11,0.0,0.0
2022-05-13,27550.0,27550.0,25650.0,26600.0,26600.0,13,0.0,0.0
2022-05-16,26600.0,27550.0,26600.0,26600.0,26600.0,10,0.0,0.0
2022-05-17,27550.0,30400.0,25650.0,27550.0,27550.0,12,0.0,0.0
2022-05-18,26600.0,27550.0,25650.0,26600.0,26600.0,9,0.0,0.0
2022-05-19,25650.0,26600.0,24700.0,26600.0,26600.0,8,0.0,0.0
2022-05-20,26600.0,29450.0,25650.0,28500.0,28500.0,19,0.0,0.0
2022-05-23,29450.0,30400.0,27550.0,29450.0,29450.0,15,0.0,0.0
2022-05-24,28500.0,29450.0,26600.0,27550.0,27550.0,8,0.0,0.0
2022-05-25,27550.0,29450.0,26600.0,27550.0,27550.0,8,0.0,0.0
2022-05-26,27550.0,27550.0,26600.0,27550.0,27550.0,5,0.0,0.0
2022-05-27,28500.0,28500.0,26600.0,27550.0,27550.0,11,0.0,0.0
2022-05-31,28500.0,30400.0,27550.0,29450.0,29450.0,18,0.0,0.0
2022-06-01,30400.0,30400.0,28500.0,29450.0,29450.0,7,0.0,0.0
2022-06-02,28500.0,32300.0,28500.0,31350.0,31350.0,11,0.0,0.0
2022-06-03,31350.0,31350.0,28500.0,29450.0,29450.0,7,0.0,0.0
2022-06-06,29450.0,30400.0,28500.0,29450.0,29450.0,6,0.0,0.0
2022-06-07,29450.0,32300.0,28500.0,31350.0,31350.0,20,0.0,0.0
2022-06-08,31350.0,33250.0,31350.0,32300.0,32300.0,12,0.0,0.0
2022-06-09,32300.0,34200.0,32300.0,32300.0,32300.0,11,0.0,0.0
2022-06-10,30400.0,33250.0,30400.0,32300.0,32300.0,8,0.0,0.0
2022-06-13,32300.0,32300.0,28500.0,29450.0,29450.0,15,0.0,0.0
2022-06-14,28500.0,30400.0,28500.0,29450.0,29450.0,8,0.0,0.0
2022-06-15,29450.0,31350.0,28500.0,29450.0,29450.0,4,0.0,0.0
2022-06-16,28500.0,30400.0,26600.0,28500.0,28500.0,6,0.0,0.0
2022-06-17,29450.0,30400.0,26600.0,26600.0,26600.0,7,0.0,0.0
2022-06-21,28500.0,30400.0,26600.0,27550.0,27550.0,8,0.0,0.0
2022-06-22,27550.0,29450.0,27550.0,28500.0,28500.0,8,0.0,0.0
2022-06-23,28500.0,30400.0,28500.0,28500.0,28500.0,7,0.0,0.0
2022-06-24,29450.0,32300.0,28500.0,31350.0,31350.0,11,0.0,0.0
2022-06-27,30400.0,31350.0,29450.0,30400.0,30400.0,5,0.0,0.0
2022-06-28,30400.0,31350.0,29450.0,29450.0,29450.0,3,0.0,0.0
2022-06-29,29450.0,31350.0,28500.0,30400.0,30400.0,9,0.0,0.0
2022-06-30,29450.0,30400.0,28500.0,29450.0,29450.0,5,0.0,0.0
2022-07-01,28500.0,29450.0,28500.0,29450.0,29450.0,8,0.0,0.0
2022-07-05,42750.0,56050.0,38000.0,40850.0,40850.0,1586,0.0,0.0
2022-07-06,35150.0,39900.0,33250.0,37050.0,37050.0,148,0.0,0.0
2022-07-07,34200.0,37050.0,33250.0,33250.0,33250.0,56,0.0,0.0
2022-07-08,34200.0,36100.0,33250.0,33250.0,33250.0,29,0.0,0.0
2022-07-11,34200.0,34200.0,30400.0,33250.0,33250.0,33,0.0,0.0
2022-07-12,32300.0,34200.0,31350.0,33250.0,33250.0,17,0.0,0.0
2022-07-13,31350.0,35150.0,30400.0,34200.0,34200.0,18,0.0,0.0
2022-07-14,34200.0,34200.0,32300.0,33250.0,33250.0,13,0.0,0.0
2022-07-15,33250.0,34200.0,32300.0,33250.0,33250.0,10,0.0,0.0
2022-07-18,34200.0,36100.0,31350.0,33250.0,33250.0,28,0.0,0.0
2022-07-19,34200.0,35150.0,32300.0,33250.0,33250.0,14,0.0,0.0
2022-07-20,33250.0,35150.0,33250.0,34200.0,34200.0,13,0.0,0.0
2022-07-21,34200.0,35150.0,32300.0,33250.0,33250.0,9,0.0,0.0
2022-07-22,19950.0,20900.0,15200.0,15200.0,15200.0,317,0.0,0.0
2022-07-25,17100.0,18050.0,14250.0,17100.0,17100.0,121,0.0,0.0
2022-07-26,16150.0,16150.0,15200.0,15200.0,15200.0,60,0.0,0.0
2022-07-27,15200.0,17100.0,15200.0,16150.0,16150.0,49,0.0,0.0
2022-07-28,16150.0,16150.0,15200.0,15200.0,15200.0,33,0.0,0.0
2022-07-29,15200.0,16150.0,15200.0,15200.0,15200.0,60,0.0,0.0
2022-08-01,16150.0,16150.0,15200.0,15200.0,15200.0,47,0.0,0.0
2022-08-02,15200.0,16150.0,15200.0,15200.0,15200.0,39,0.0,0.0
2022-08-03,16150.0,18050.0,15200.0,16150.0,16150.0,80,0.0,0.0
2022-08-04,17100.0,20900.0,17100.0,18050.0,18050.0,88,0.0,0.0
2022-08-05,18050.0,19000.0,17100.0,18050.0,18050.0,31,0.0,0.0
2022-08-08,19000.0,19000.0,17100.0,18050.0,18050.0,30,0.0,0.0
2022-08-09,18050.0,18050.0,16150.0,16150.0,16150.0,34,0.0,0.0
2022-08-10,17100.0,18050.0,16150.0,16150.0,16150.0,40,0.0,0.0
2022-08-11,17100.0,18050.0,17100.0,17100.0,17100.0,34,0.0,0.0
2022-08-12,18050.0,18050.0,17100.0,18050.0,18050.0,23,0.0,0.0
2022-08-15,18050.0,18050.0,17100.0,18050.0,18050.0,27,0.0,0.0
2022-08-16,16150.0,16150.0,15200.0,16150.0,16150.0,43,0.0,0.0
2022-08-17,16150.0,17100.0,15200.0,16150.0,16150.0,14,0.0,0.0
2022-08-18,16150.0,17100.0,15200.0,16150.0,16150.0,21,0.0,0.0
2022-08-19,15200.0,16150.0,15200.0,15200.0,15200.0,30,0.0,0.0
2022-08-22,15200.0,16150.0,13300.0,13300.0,13300.0,52,0.0,0.0
2022-08-23,14250.0,15200.0,13300.0,14250.0,14250.0,22,0.0,0.0
2022-08-24,14250.0,14250.0,13300.0,14250.0,14250.0,11,0.0,0.0
2022-08-25,13300.0,15200.0,13300.0,15200.0,15200.0,23,0.0,0.0
2022-08-26,14250.0,15200.0,13300.0,14250.0,14250.0,30,0.0,0.0
2022-08-29,14250.0,15200.0,13300.0,14250.0,14250.0,7,0.0,0.0
2022-08-30,14250.0,15200.0,14250.0,14250.0,14250.0,10,0.0,0.0
2022-08-31,14250.0,16150.0,14250.0,15200.0,15200.0,69,0.0,0.0
2022-09-01,15200.0,16150.0,14250.0,15200.0,15200.0,25,0.0,0.0
2022-09-02,16150.0,16150.0,14250.0,15200.0,15200.0,11,0.0,0.0
2022-09-06,15200.0,15200.0,13300.0,14250.0,14250.0,26,0.0,0.0
2022-09-07,13300.0,15200.0,13300.0,14250.0,14250.0,15,0.0,0.0
2022-09-08,14250.0,14250.0,13300.0,13300.0,13300.0,16,0.0,0.0
2022-09-09,14250.0,15200.0,13300.0,14250.0,14250.0,14,0.0,0.0
2022-09-12,20900.0,20900.0,16150.0,16150.0,16150.0,614,0.0,0.0
2022-09-13,16150.0,17100.0,14250.0,15200.0,15200.0,69,0.0,0.0
2022-09-14,15200.0,17100.0,15200.0,15200.0,15200.0,95,0.0,0.0
2022-09-15,15200.0,17100.0,15200.0,16150.0,16150.0,91,0.0,0.0
2022-09-16,15200.0,15200.0,13300.0,13300.0,13300.0,72,0.0,0.0
2022-09-19,13300.0,14250.0,13300.0,13300.0,13300.0,43,0.0,0.0
2022-09-20,13300.0,13300.0,12350.0,13300.0,13300.0,129,0.0,0.0
2022-09-21,16150.0,17100.0,12350.0,12350.0,12350.0,812,0.0,0.0
2022-09-22,11400.0,12350.0,10450.0,12350.0,12350.0,148,0.0,0.0
2022-09-23,12350.0,12350.0,11400.0,12350.0,12350.0,63,0.0,0.0
2022-09-26,10450.0,12350.0,10450.0,11400.0,11400.0,52,0.0,0.0
2022-09-27,11400.0,13300.0,10450.0,13300.0,13300.0,243,0.0,0.0
2022-09-28,13300.0,13300.0,12350.0,12350.0,12350.0,123,0.0,0.0
2022-09-29,13300.0,13300.0,12350.0,12350.0,12350.0,189,0.0,0.0
2022-09-30,12350.0,13300.0,10450.0,11400.0,11400.0,207,0.0,0.0
2022-10-03,10925.0,13091.0,10336.0,12597.0,12597.0,699,0.0,0.02
2022-10-04,13072.0,13965.0,11457.0,12426.0,12426.0,1110,0.0,0.0
2022-10-05,12350.0,14212.0,11419.0,12255.0,12255.0,2240,0.0,0.0
2022-10-06,12996.0,13129.0,12274.0,12882.0,12882.0,749,0.0,0.0
2022-10-07,12920.0,12920.0,11590.0,11894.0,11894.0,558,0.0,0.0
2022-10-10,11799.0,12445.0,11647.0,12236.0,12236.0,399,0.0,0.0
2022-10-11,12274.0,12274.0,10925.0,11628.0,11628.0,373,0.0,0.0
2022-10-12,11818.0,11818.0,10488.0,10697.0,10697.0,466,0.0,0.0
2022-10-13,9747.0,9861.0,9215.0,9329.0,9329.0,484,0.0,0.0
2022-10-14,9519.0,10146.0,9234.0,9348.0,9348.0,387,0.0,0.0
2022-10-17,9519.0,10640.0,9519.0,10355.0,10355.0,2156,0.0,0.0
2022-10-18,14630.0,14725.0,11267.0,11951.0,11951.0,9153,0.0,0.0
2022-10-19,11495.0,11495.0,9690.0,9785.0,9785.0,807,0.0,0.0
2022-10-20,9405.0,10925.0,8987.0,9443.0,9443.0,647,0.0,0.0
2022-10-21,9177.0,9652.0,9044.0,9367.0,9367.0,156,0.0,0.0
2022-10-24,9272.0,9443.0,8550.0,8759.0,8759.0,160,0.0,0.0
2022-10-25,8531.0,9025.0,8474.0,8759.0,8759.0,154,0.0,0.0
2022-10-26,8645.0,8892.0,8512.0,8645.0,8645.0,61,0.0,0.0
2022-10-27,8607.0,8816.0,7505.0,7505.0,7505.0,178,0.0,0.0
2022-10-28,7543.0,7581.0,6973.0,7106.0,7106.0,133,0.0,0.0
2022-10-31,6935.0,6992.0,6517.0,6745.0,6745.0,89,0.0,0.0
2022-11-01,6631.0,7505.0,6498.0,7258.0,7258.0,201,0.0,0.0
2022-11-02,7182.0,7258.0,6650.0,6707.0,6707.0,104,0.0,0.0
2022-11-03,6593.0,7410.0,6593.0,7087.0,7087.0,237,0.0,0.0
2022-11-04,7125.0,7277.0,6726.0,6859.0,6859.0,65,0.0,0.0
2022-11-07,6764.0,6840.0,6156.0,6422.0,6422.0,67,0.0,0.0
2022-11-08,6384.0,6384.0,5833.0,5871.0,5871.0,71,0.0,0.0
2022-11-09,5719.0,5795.0,5320.0,5396.0,5396.0,122,0.0,0.0
2022-11-10,5510.0,5795.0,5396.0,5776.0,5776.0,63,0.0,0.0
2022-11-11,5795.0,6612.0,5700.0,6517.0,6517.0,103,0.0,0.0
2022-11-14,6251.0,6574.0,6080.0,6080.0,6080.0,57,0.0,0.0
2022-11-15,6156.0,6631.0,5776.0,5966.0,5966.0,77,0.0,0.0
2022-11-16,5928.0,5985.0,5320.0,5510.0,5510.0,64,0.0,0.0
2022-11-17,5358.0,5548.0,5320.0,5415.0,5415.0,23,0.0,0.0
2022-11-18,5586.0,5605.0,5339.0,5377.0,5377.0,55,0.0,0.0
2022-11-21,5358.0,5510.0,5035.0,5073.0,5073.0,35,0.0,0.0
2022-11-22,5035.0,5301.0,4370.0,4465.0,4465.0,96,0.0,0.0
2022-11-23,4541.0,4997.0,4446.0,4845.0,4845.0,88,0.0,0.0
2022-11-25,4864.0,4921.0,4636.0,4712.0,4712.0,23,0.0,0.0
2022-11-28,4598.0,4750.0,4218.0,4237.0,4237.0,63,0.0,0.0
2022-11-29,4408.0,4636.0,3971.0,4009.0,4009.0,79,0.0,0.0
2022-11-30,4123.0,4978.0,3857.0,4655.0,4655.0,454,0.0,0.0
2022-12-01,5852.0,6270.0,5282.0,6023.0,6023.0,12642,0.0,0.0
2022-12-02,7695.0,9443.0,6612.0,8797.0,8797.0,12476,0.0,0.0
2022-12-05,7695.0,8151.0,6821.0,7923.0,7923.0,1699,0.0,0.0
2022-12-06,7315.0,11058.0,7315.0,10545.0,10545.0,11522,0.0,0.0
2022-12-07,9595.0,9956.0,8759.0,9196.0,9196.0,1241,0.0,0.0
2022-12-08,9500.0,10165.0,8018.0,8626.0,8626.0,1075,0.0,0.0
2022-12-09,8398.0,11970.0,8284.0,9443.0,9443.0,2128,0.0,0.0
2022-12-12,9899.0,10925.0,9595.0,10393.0,10393.0,429,0.0,0.0
2022-12-13,10507.0,10583.0,8930.0,8930.0,8930.0,204,0.0,0.0
2022-12-14,8930.0,10355.0,8702.0,10089.0,10089.0,260,0.0,0.0
2022-12-15,9690.0,10488.0,9082.0,9082.0,9082.0,195,0.0,0.0
2022-12-16,9291.0,10450.0,9291.0,10355.0,10355.0,243,0.0,0.0
2022-12-19,10317.0,11495.0,9595.0,10146.0,10146.0,319,0.0,0.0
2022-12-20,10070.0,10184.0,9120.0,9519.0,9519.0,154,0.0,0.0
2022-12-21,9595.0,9975.0,8398.0,8474.0,8474.0,121,0.0,0.0
2022-12-22,8436.0,8436.0,7125.0,7353.0,7353.0,168,0.0,0.0
2022-12-23,7486.0,8702.0,7410.0,8246.0,8246.0,230,0.0,0.0
2022-12-27,8113.0,8246.0,7353.0,7410.0,7410.0,69,0.0,0.0
2022-12-28,7334.0,8968.0,7220.0,8892.0,8892.0,168,0.0,0.0
2022-12-29,8645.0,9481.0,8550.0,9481.0,9481.0,119,0.0,0.0
2022-12-30,9500.0,11343.0,9215.0,11191.0,11191.0,344,0.0,0.0
2023-01-03,11305.0,12046.0,10906.0,11989.0,11989.0,187,0.0,0.0
2023-01-04,12084.0,13775.0,11951.0,12882.0,12882.0,220,0.0,0.0
2023-01-05,12882.0,12996.0,11305.0,12882.0,12882.0,152,0.0,0.0
2023-01-06,13699.0,13699.0,12122.0,12179.0,12179.0,58,0.0,0.0
2023-01-09,12179.0,12179.0,12179.0,12179.0,12179.0,0,0.0,0.0
2023-01-10,12065.0,12160.0,8322.0,8740.0,8740.0,399,0.0,0.0
2023-01-11,8683.0,9348.0,5871.0,5985.0,5985.0,467,0.0,0.0
2023-01-12,7011.0,8512.0,6517.0,7125.0,7125.0,931,0.0,0.0
2023-01-13,6840.0,7790.0,6726.0,7277.0,7277.0,159,0.0,0.0
2023-01-17,7391.0,7505.0,6745.0,6954.0,6954.0,97,0.0,0.0
2023-01-18,7011.0,7695.0,6935.0,7068.0,7068.0,117,0.0,0.0
2023-01-19,7087.0,7125.0,6460.0,6536.0,6536.0,62,0.0,0.0
2023-01-20,6194.0,6631.0,6004.0,6365.0,6365.0,132,0.0,0.0
2023-01-23,6574.0,6992.0,6308.0,6555.0,6555.0,110,0.0,0.0
2023-01-24,6441.0,6745.0,6365.0,6460.0,6460.0,63,0.0,0.0
2023-01-25,6365.0,6612.0,6308.0,6574.0,6574.0,43,0.0,0.0
2023-01-26,6612.0,6821.0,6061.0,6213.0,6213.0,85,0.0,0.0
2023-01-27,6194.0,6251.0,5947.0,6213.0,6213.0,43,0.0,0.0
2023-01-30,6213.0,6213.0,5985.0,6004.0,6004.0,25,0.0,0.0
2023-01-31,6251.0,6251.0,5339.0,5909.0,5909.0,72,0.0,0.0
2023-02-01,5852.0,6080.0,5548.0,5738.0,5738.0,146,0.0,0.0
2023-02-02,5795.0,5947.0,5605.0,5662.0,5662.0,68,0.0,0.0
2023-02-03,5529.0,5966.0,5529.0,5776.0,5776.0,51,0.0,0.0
2023-02-06,5852.0,6118.0,5700.0,5738.0,5738.0,63,0.0,0.0
2023-02-07,5605.0,5890.0,5453.0,5548.0,5548.0,81,0.0,0.0
2023-02-08,5491.0,5909.0,5358.0,5396.0,5396.0,82,0.0,0.0
2023-02-09,5491.0,5719.0,5244.0,5282.0,5282.0,41,0.0,0.0
2023-02-10,5472.0,5510.0,5168.0,5339.0,5339.0,26,0.0,0.0
2023-02-13,5453.0,5795.0,5339.0,5624.0,5624.0,36,0.0,0.0
2023-02-14,5662.0,5928.0,5434.0,5624.0,5624.0,58,0.0,0.0
2023-02-15,5681.0,5681.0,5510.0,5643.0,5643.0,55,0.0,0.0
2023-02-16,5643.0,5681.0,5510.0,5643.0,5643.0,11,0.0,0.0
2023-02-17,5529.0,5681.0,5301.0,5453.0,5453.0,19,0.0,0.0
2023-02-21,5453.0,5510.0,5320.0,5415.0,5415.0,15,0.0,0.0
2023-02-22,5377.0,5491.0,5225.0,5282.0,5282.0,15,0.0,0.0
2023-02-23,5415.0,5453.0,5263.0,5377.0,5377.0,12,0.0,0.0
2023-02-24,5225.0,5567.0,5225.0,5339.0,5339.0,17,0.0,0.0
2023-02-27,5282.0,5339.0,4921.0,5073.0,5073.0,26,0.0,0.0
2023-02-28,5035.0,5320.0,5016.0,5149.0,5149.0,24,0.0,0.0
2023-03-01,5244.0,5320.0,4940.0,4978.0,4978.0,20,0.0,0.0
2023-03-02,4940.0,4959.0,4370.0,4446.0,4446.0,33,0.0,0.0
2023-03-03,4427.0,4655.0,3800.0,4047.0,4047.0,129,0.0,0.0
2023-03-06,4199.0,4503.0,4123.0,4313.0,4313.0,132,0.0,0.0
2023-03-07,4275.0,4427.0,3515.0,3705.0,3705.0,151,0.0,0.0
2023-03-08,3705.0,3990.0,3534.0,3591.0,3591.0,52,0.0,0.0
2023-03-09,3667.0,3781.0,3078.0,3420.0,3420.0,191,0.0,0.0
2023-03-10,3401.0,3458.0,2888.0,3116.0,3116.0,67,0.0,0.0
2023-03-13,3021.0,3420.0,2907.0,3344.0,3344.0,32,0.0,0.0
2023-03-14,3401.0,3572.0,3306.0,3363.0,3363.0,23,0.0,0.0
2023-03-15,3306.0,3439.0,3287.0,3325.0,3325.0,48,0.0,0.0
2023-03-16,3420.0,3724.0,3382.0,3629.0,3629.0,32,0.0,0.0
2023-03-17,3553.0,3724.0,3211.0,3211.0,3211.0,42,0.0,0.0
2023-03-20,3382.0,3401.0,3040.0,3040.0,3040.0,26,0.0,0.0
2023-03-21,3382.0,3420.0,3154.0,3211.0,3211.0,21,0.0,0.0
2023-03-22,3211.0,3230.0,2584.0,2831.0,2831.0,93,0.0,0.0
2023-03-23,2926.0,2926.0,2470.0,2698.0,2698.0,48,0.0,0.0
2023-03-24,2736.0,2774.0,2660.0,2736.0,2736.0,9,0.0,0.0
2023-03-27,2755.0,2907.0,2755.0,2888.0,2888.0,8,0.0,0.0
2023-03-28,2907.0,3116.0,2907.0,2964.0,2964.0,7,0.0,0.0
2023-03-29,3078.0,3078.0,2869.0,2869.0,2869.0,11,0.0,0.0
2023-03-30,2888.0,3002.0,2755.0,2831.0,2831.0,14,0.0,0.0
2023-03-31,2964.0,3021.0,2717.0,2907.0,2907.0,32,0.0,0.0
2023-04-03,3021.0,3040.0,2907.0,2964.0,2964.0,11,0.0,0.0
2023-04-04,3059.0,3059.0,2907.0,2964.0,2964.0,7,0.0,0.0
2023-04-05,2907.0,3021.0,2755.0,2831.0,2831.0,14,0.0,0.0
2023-04-06,2926.0,2964.0,2793.0,2869.0,2869.0,13,0.0,0.0
2023-04-10,2945.0,3230.0,2755.0,2831.0,2831.0,182,0.0,0.0
2023-04-11,2793.0,2831.0,2698.0,2774.0,2774.0,28,0.0,0.0
2023-04-12,2850.0,2850.0,2584.0,2584.0,2584.0,22,0.0,0.0
2023-04-13,2527.0,2679.0,2527.0,2641.0,2641.0,21,0.0,0.0
2023-04-14,2641.0,2774.0,2470.0,2641.0,2641.0,108,0.0,0.0
2023-04-17,2679.0,3002.0,2603.0,2964.0,2964.0,46,0.0,0.0
2023-04-18,3097.0,3097.0,2831.0,2907.0,2907.0,53,0.0,0.0
2023-04-19,2831.0,2850.0,2622.0,2736.0,2736.0,11,0.0,0.0
2023-04-20,2698.0,2755.0,2679.0,2736.0,2736.0,3,0.0,0.0
2023-04-21,2679.0,2812.0,2641.0,2812.0,2812.0,11,0.0,0.0
2023-04-24,2793.0,2945.0,2660.0,2660.0,2660.0,23,0.0,0.0
2023-04-25,2660.0,2698.0,2508.0,2508.0,2508.0,8,0.0,0.0
2023-04-26,2565.0,2698.0,2394.0,2489.0,2489.0,37,0.0,0.0
2023-04-27,2489.0,2660.0,2394.0,2413.0,2413.0,24,0.0,0.0
2023-04-28,2622.0,2622.0,2432.0,2451.0,2451.0,11,0.0,0.0
2023-05-01,2508.0,2508.0,2413.0,2489.0,2489.0,5,0.0,0.0
2023-05-02,2451.0,2527.0,2337.0,2337.0,2337.0,26,0.0,0.0
2023-05-03,2356.0,2394.0,2299.0,2318.0,2318.0,24,0.0,0.0
2023-05-04,2280.0,2356.0,2280.0,2356.0,2356.0,14,0.0,0.0
2023-05-05,2375.0,2508.0,2375.0,2375.0,2375.0,16,0.0,0.0
2023-05-08,2394.0,2451.0,2375.0,2413.0,2413.0,10,0.0,0.0
2023-05-09,2470.0,2470.0,2318.0,2356.0,2356.0,28,0.0,0.0
2023-05-10,2280.0,2489.0,2128.0,2318.0,2318.0,83,0.0,0.0
2023-05-11,2318.0,2375.0,2166.0,2204.0,2204.0,35,0.0,0.0
2023-05-12,2185.0,2527.0,2185.0,2375.0,2375.0,93,0.0,0.0
2023-05-15,2185.0,2375.0,2147.0,2299.0,2299.0,36,0.0,0.0
2023-05-16,2261.0,2261.0,2147.0,2242.0,2242.0,14,0.0,0.0
2023-05-17,2242.0,2375.0,2128.0,2147.0,2147.0,32,0.0,0.0
2023-05-18,2147.0,2280.0,2147.0,2185.0,2185.0,10,0.0,0.0
2023-05-19,2185.0,2261.0,2185.0,2242.0,2242.0,11,0.0,0.0
2023-05-22,2147.0,2318.0,2147.0,2280.0,2280.0,19,0.0,0.0
2023-05-23,2280.0,2508.0,1938.0,2128.0,2128.0,163,0.0,0.0
2023-05-24,2128.0,2147.0,2014.0,2033.0,2033.0,12,0.0,0.0
2023-05-25,2014.0,2147.0,1976.0,2014.0,2014.0,45,0.0,0.0
2023-05-26,2090.0,2090.0,1957.0,2033.0,2033.0,8,0.0,0.0
2023-05-30,1957.0,2014.0,1938.0,1995.0,1995.0,9,0.0,0.0
2023-05-31,1995.0,2033.0,1995.0,1995.0,1995.0,20,0.0,0.0
2023-06-01,2147.0,2147.0,1938.0,2052.0,2052.0,22,0.0,0.0
2023-06-02,2052.0,2071.0,1938.0,1995.0,1995.0,40,0.0,0.0
2023-06-05,2014.0,2071.0,1995.0,2033.0,2033.0,2,0.0,0.0
2023-06-06,2128.0,2432.0,2033.0,2147.0,2147.0,99,0.0,0.0
2023-06-07,2223.0,2223.0,2090.0,2147.0,2147.0,22,0.0,0.0
2023-06-08,2166.0,2166.0,2109.0,2147.0,2147.0,8,0.0,0.0
2023-06-09,2109.0,2223.0,2109.0,2109.0,2109.0,22,0.0,0.0
2023-06-12,2166.0,2470.0,2071.0,2204.0,2204.0,288,0.0,0.0
2023-06-13,2204.0,2261.0,1995.0,2071.0,2071.0,54,0.0,0.0
2023-06-14,2185.0,2223.0,2071.0,2090.0,2090.0,14,0.0,0.0
2023-06-15,2166.0,2166.0,2014.0,2052.0,2052.0,13,0.0,0.0
2023-06-16,2052.0,2147.0,2014.0,2014.0,2014.0,21,0.0,0.0
2023-06-20,2014.0,2128.0,2014.0,2052.0,2052.0,17,0.0,0.0
2023-06-21,2128.0,2128.0,2033.0,2052.0,2052.0,7,0.0,0.0
2023-06-22,2052.0,2128.0,1919.0,1938.0,1938.0,50,0.0,0.0
2023-06-23,1938.0,1976.0,1843.0,1919.0,1919.0,21,0.0,0.0
2023-06-26,1881.0,1938.0,1748.0,1824.0,1824.0,26,0.0,0.0
2023-06-27,1862.0,1900.0,1786.0,1862.0,1862.0,6,0.0,0.0
2023-06-28,1900.0,1900.0,1729.0,1786.0,1786.0,43,0.0,0.0
2023-06-29,1843.0,1900.0,1767.0,1786.0,1786.0,24,0.0,0.0
2023-06-30,1805.0,1805.0,1710.0,1748.0,1748.0,40,0.0,0.0
2023-07-03,2090.0,2166.0,1672.0,1691.0,1691.0,4640,0.0,0.0
2023-07-05,1710.0,1710.0,1520.0,1615.0,1615.0,555,0.0,0.0
2023-07-06,1577.0,1634.0,1501.0,1501.0,1501.0,192,0.0,0.0
2023-07-07,1501.0,1501.0,1387.0,1425.0,1425.0,187,0.0,0.0
2023-07-10,1444.0,1444.0,1311.0,1330.0,1330.0,142,0.0,0.0
2023-07-11,1311.0,1482.0,1254.0,1463.0,1463.0,310,0.0,0.0
2023-07-12,1387.0,1596.0,1349.0,1444.0,1444.0,263,0.0,0.0
2023-07-13,1444.0,1501.0,1368.0,1463.0,1463.0,131,0.0,0.0
2023-07-14,1463.0,1463.0,1254.0,1406.0,1406.0,61,0.0,0.0
2023-07-17,1368.0,1406.0,1311.0,1368.0,1368.0,34,0.0,0.0
2023-07-18,1368.0,1425.0,1311.0,1349.0,1349.0,115,0.0,0.0
2023-07-19,1311.0,1425.0,1311.0,1349.0,1349.0,54,0.0,0.0
2023-07-20,1349.0,1387.0,1292.0,1311.0,1311.0,44,0.0,0.0
2023-07-21,1311.0,1311.0,1254.0,1292.0,1292.0,32,0.0,0.0
2023-07-24,1330.0,1368.0,1159.0,1292.0,1292.0,84,0.0,0.0
2023-07-25,1273.0,1387.0,1254.0,1254.0,1254.0,25,0.0,0.0
2023-07-26,1292.0,1292.0,1216.0,1254.0,1254.0,20,0.0,0.0
2023-07-27,1292.0,1311.0,1178.0,1273.0,1273.0,31,0.0,0.0
2023-07-28,1254.0,1273.0,1159.0,1178.0,1178.0,36,0.0,0.0
2023-07-31,1235.0,1273.0,1197.0,1197.0,1197.0,54,0.0,0.0
2023-08-01,1254.0,1254.0,1178.0,1235.0,1235.0,27,0.0,0.0
2023-08-02,1216.0,1235.0,1178.0,1216.0,1216.0,17,0.0,0.0
2023-08-03,1235.0,1235.0,1197.0,1216.0,1216.0,5,0.0,0.0
2023-08-04,1235.0,1235.0,1159.0,1197.0,1197.0,19,0.0,0.0
2023-08-07,1216.0,1520.0,1216.0,1368.0,1368.0,913,0.0,0.0
2023-08-08,1273.0,1330.0,1197.0,1235.0,1235.0,131,0.0,0.0
2023-08-09,1235.0,1235.0,1159.0,1235.0,1235.0,56,0.0,0.0
2023-08-10,1216.0,1273.0,1178.0,1273.0,1273.0,41,0.0,0.0
2023-08-11,1254.0,1273.0,1178.0,1197.0,1197.0,53,0.0,0.0
2023-08-14,1197.0,1292.0,1102.0,1216.0,1216.0,73,0.0,0.0
2023-08-15,1197.0,1197.0,1102.0,1178.0,1178.0,70,0.0,0.0
2023-08-16,1102.0,1102.0,988.0,1026.0,1026.0,69,0.0,0.0
2023-08-17,1045.0,1121.0,988.0,1121.0,1121.0,39,0.0,0.0
2023-08-18,1140.0,1140.0,988.0,1026.0,1026.0,62,0.0,0.0
2023-08-21,1007.0,1045.0,969.0,1045.0,1045.0,44,0.0,0.0
2023-08-22,1045.0,1064.0,1007.0,1026.0,1026.0,20,0.0,0.0
2023-08-23,1045.0,1064.0,988.0,1064.0,1064.0,9,0.0,0.0
2023-08-24,1026.0,1064.0,1007.0,1064.0,1064.0,22,0.0,0.0
2023-08-25,1064.0,1083.0,931.0,950.0,950.0,57,0.0,0.0
2023-08-28,931.0,950.0,912.0,931.0,931.0,18,0.0,0.0
2023-08-29,931.0,1026.0,931.0,988.0,988.0,26,0.0,0.0
2023-08-30,1045.0,1045.0,950.0,988.0,988.0,12,0.0,0.0
2023-08-31,1045.0,1064.0,988.0,1064.0,1064.0,30,0.0,0.0
2023-09-01,1007.0,1083.0,1007.0,1026.0,1026.0,17,0.0,0.0
2023-09-05,1064.0,1083.0,1007.0,1083.0,1083.0,14,0.0,0.0
2023-09-06,1045.0,1083.0,988.0,1083.0,1083.0,7,0.0,0.0
2023-09-07,1083.0,1083.0,969.0,1083.0,1083.0,11,0.0,0.0
2023-09-08,1064.0,1083.0,950.0,1026.0,1026.0,14,0.0,0.0
2023-09-11,1045.0,1083.0,1045.0,1083.0,1083.0,21,0.0,0.0
2023-09-12,1083.0,1083.0,1045.0,1064.0,1064.0,18,0.0,0.0
2023-09-13,1083.0,1083.0,1007.0,1007.0,1007.0,5,0.0,0.0
2023-09-14,1026.0,1083.0,1007.0,1007.0,1007.0,4,0.0,0.0
2023-09-15,969.0,1083.0,969.0,1083.0,1083.0,22,0.0,0.0
2023-09-18,988.0,1064.0,969.0,1026.0,1026.0,11,0.0,0.0
2023-09-19,988.0,1026.0,969.0,1026.0,1026.0,11,0.0,0.0
2023-09-20,1026.0,1045.0,969.0,1026.0,1026.0,7,0.0,0.0
2023-09-21,1007.0,1026.0,969.0,1007.0,1007.0,24,0.0,0.0
2023-09-22,950.0,1007.0,817.0,912.0,912.0,34,0.0,0.0
2023-09-25,912.0,912.0,874.0,874.0,874.0,8,0.0,0.0
2023-09-26,893.0,931.0,874.0,912.0,912.0,9,0.0,0.0
2023-09-27,912.0,912.0,874.0,874.0,874.0,13,0.0,0.0
2023-09-28,874.0,874.0,855.0,855.0,855.0,5,0.0,0.0
2023-09-29,855.0,893.0,817.0,836.0,836.0,8,0.0,0.0
2023-10-02,836.0,893.0,836.0,855.0,855.0,16,0.0,0.0
2023-10-03,817.0,836.0,703.0,779.0,779.0,51,0.0,0.0
2023-10-04,703.0,760.0,646.0,684.0,684.0,657,0.0,0.0
2023-10-05,665.0,722.0,646.0,684.0,684.0,28,0.0,0.0
2023-10-06,665.0,779.0,665.0,779.0,779.0,64,0.0,0.0
2023-10-09,760.0,855.0,741.0,817.0,817.0,53,0.0,0.0
2023-10-10,817.0,855.0,760.0,836.0,836.0,30,0.0,0.0
2023-10-11,798.0,798.0,760.0,779.0,779.0,13,0.0,0.0
2023-10-12,817.0,855.0,760.0,760.0,760.0,40,0.0,0.0
2023-10-13,817.0,836.0,760.0,760.0,760.0,14,0.0,0.0
2023-10-16,722.0,779.0,722.0,741.0,741.0,9,0.0,0.0
2023-10-17,779.0,817.0,703.0,722.0,722.0,10,0.0,0.0
2023-10-18,741.0,760.0,722.0,741.0,741.0,20,0.0,0.0
2023-10-19,741.0,760.0,722.0,722.0,722.0,16,0.0,0.0
2023-10-20,703.0,760.0,703.0,741.0,741.0,6,0.0,0.0
2023-10-23,741.0,741.0,722.0,722.0,722.0,11,0.0,0.0
2023-10-24,703.0,741.0,703.0,741.0,741.0,13,0.0,0.0
2023-10-25,760.0,760.0,703.0,722.0,722.0,11,0.0,0.0
2023-10-26,779.0,836.0,741.0,741.0,741.0,78,0.0,0.0
2023-10-27,741.0,855.0,722.0,798.0,798.0,23,0.0,0.0
2023-10-30,779.0,798.0,760.0,798.0,798.0,14,0.0,0.0
2023-10-31,798.0,836.0,779.0,836.0,836.0,5,0.0,0.0
2023-11-01,836.0,836.0,760.0,836.0,836.0,3,0.0,0.0
2023-11-02,817.0,874.0,817.0,855.0,855.0,17,0.0,0.0
2023-11-03,836.0,874.0,817.0,855.0,855.0,10,0.0,0.0
2023-11-06,855.0,874.0,798.0,798.0,798.0,20,0.0,0.0
2023-11-07,779.0,836.0,779.0,779.0,779.0,8,0.0,0.0
2023-11-08,817.0,855.0,779.0,836.0,836.0,6,0.0,0.0
2023-11-09,874.0,874.0,798.0,836.0,836.0,4,0.0,0.0
2023-11-10,817.0,855.0,798.0,817.0,817.0,3,0.0,0.0
2023-11-13,760.0,817.0,722.0,817.0,817.0,7,0.0,0.0
2023-11-14,779.0,817.0,779.0,779.0,779.0,5,0.0,0.0
2023-11-15,817.0,855.0,798.0,836.0,836.0,4,0.0,0.0
2023-11-16,836.0,855.0,741.0,855.0,855.0,30,0.0,0.0
2023-11-17,779.0,855.0,779.0,836.0,836.0,10,0.0,0.0
2023-11-20,855.0,855.0,779.0,798.0,798.0,20,0.0,0.0
2023-11-21,836.0,836.0,779.0,779.0,779.0,8,0.0,0.0
2023-11-22,779.0,836.0,779.0,798.0,798.0,4,0.0,0.0
2023-11-24,836.0,893.0,798.0,874.0,874.0,11,0.0,0.0
2023-11-27,893.0,893.0,817.0,836.0,836.0,11,0.0,0.0
2023-11-28,836.0,931.0,798.0,912.0,912.0,33,0.0,0.0
2023-11-29,950.0,1045.0,950.0,969.0,969.0,43,0.0,0.0
2023-11-30,1026.0,1045.0,931.0,950.0,950.0,20,0.0,0.0
2023-12-01,950.0,950.0,874.0,950.0,950.0,11,0.0,0.0
2023-12-04,1007.0,1007.0,874.0,912.0,912.0,6,0.0,0.0
2023-12-05,912.0,931.0,912.0,912.0,912.0,5,0.0,0.0
2023-12-06,893.0,950.0,893.0,893.0,893.0,9,0.0,0.0
2023-12-07,912.0,950.0,874.0,874.0,874.0,6,0.0,0.0
2023-12-08,893.0,931.0,893.0,893.0,893.0,12,0.0,0.0
2023-12-11,912.0,912.0,893.0,893.0,893.0,7,0.0,0.0
2023-12-12,893.0,893.0,893.0,893.0,893.0,6,0.0,0.0
2023-12-13,893.0,893.0,874.0,874.0,874.0,5,0.0,0.0
2023-12-14,874.0,893.0,817.0,893.0,893.0,18,0.0,0.0
2023-12-15,912.0,931.0,836.0,912.0,912.0,28,0.0,0.0
2023-12-18,855.0,874.0,817.0,874.0,874.0,27,0.0,0.0
2023-12-19,874.0,874.0,817.0,836.0,836.0,14,0.0,0.0
2023-12-20,855.0,855.0,741.0,798.0,798.0,37,0.0,0.0
2023-12-21,779.0,798.0,722.0,760.0,760.0,26,0.0,0.0
2023-12-22,760.0,798.0,741.0,798.0,798.0,10,0.0,0.0
2023-12-26,741.0,798.0,741.0,779.0,779.0,24,0.0,0.0
2023-12-27,722.0,779.0,722.0,741.0,741.0,21,0.0,0.0
2023-12-28,741.0,779.0,741.0,760.0,760.0,28,0.0,0.0
2023-12-29,779.0,779.0,741.0,760.0,760.0,12,0.0,0.0
2024-01-02,817.0,836.0,741.0,760.0,760.0,35,0.0,0.0
2024-01-03,798.0,798.0,741.0,760.0,760.0,18,0.0,0.0
2024-01-04,760.0,760.0,741.0,760.0,760.0,8,0.0,0.0
2024-01-05,798.0,798.0,722.0,760.0,760.0,6,0.0,0.0
2024-01-08,798.0,798.0,722.0,741.0,741.0,7,0.0,0.0
2024-01-09,741.0,779.0,741.0,741.0,741.0,6,0.0,0.0
2024-01-10,741.0,760.0,722.0,741.0,741.0,10,0.0,0.0
2024-01-11,760.0,760.0,722.0,741.0,741.0,21,0.0,0.0
2024-01-12,741.0,779.0,722.0,741.0,741.0,12,0.0,0.0
2024-01-16,722.0,741.0,703.0,741.0,741.0,24,0.0,0.0
2024-01-17,722.0,760.0,722.0,760.0,760.0,16,0.0,0.0
2024-01-18,760.0,798.0,741.0,741.0,741.0,14,0.0,0.0
2024-01-19,741.0,855.0,741.0,817.0,817.0,80,0.0,0.0
2024-01-22,836.0,950.0,741.0,912.0,912.0,73,0.0,0.0
2024-01-23,969.0,1216.0,969.0,1045.0,1045.0,215,0.0,0.0
2024-01-24,1121.0,1425.0,855.0,874.0,874.0,173,0.0,0.0
2024-01-25,1064.0,1140.0,969.0,1121.0,1121.0,101,0.0,0.0
2024-01-26,950.0,1121.0,950.0,988.0,988.0,71,0.0,0.0
2024-01-29,988.0,1178.0,969.0,1083.0,1083.0,35,0.0,0.0
2024-01-30,1064.0,1140.0,988.0,1102.0,1102.0,16,0.0,0.0
2024-01-31,1102.0,1102.0,912.0,912.0,912.0,43,0.0,0.0
2024-02-01,874.0,912.0,836.0,893.0,893.0,27,0.0,0.0
2024-02-02,874.0,893.0,874.0,874.0,874.0,12,0.0,0.0
2024-02-05,893.0,893.0,760.0,817.0,817.0,35,0.0,0.0
2024-02-06,798.0,817.0,760.0,798.0,798.0,23,0.0,0.0
2024-02-07,779.0,817.0,760.0,798.0,798.0,15,0.0,0.0
2024-02-08,779.0,817.0,760.0,798.0,798.0,9,0.0,0.0
2024-02-09,779.0,836.0,779.0,779.0,779.0,6,0.0,0.0
2024-02-12,779.0,817.0,760.0,760.0,760.0,17,0.0,0.0
2024-02-13,779.0,798.0,760.0,779.0,779.0,12,0.0,0.0
2024-02-14,779.0,817.0,760.0,798.0,798.0,26,0.0,0.0
2024-02-15,760.0,817.0,760.0,779.0,779.0,16,0.0,0.0
2024-02-16,779.0,855.0,760.0,817.0,817.0,26,0.0,0.0
2024-02-20,817.0,893.0,779.0,798.0,798.0,17,0.0,0.0
2024-02-21,798.0,874.0,798.0,798.0,798.0,11,0.0,0.0
2024-02-22,836.0,836.0,779.0,798.0,798.0,9,0.0,0.0
2024-02-23,760.0,836.0,760.0,779.0,779.0,8,0.0,0.0
2024-02-26,798.0,836.0,798.0,798.0,798.0,9,0.0,0.0
2024-02-27,817.0,874.0,817.0,855.0,855.0,18,0.0,0.0
2024-02-28,874.0,950.0,836.0,931.0,931.0,55,0.0,0.0
2024-02-29,893.0,969.0,893.0,931.0,931.0,24,0.0,0.0
2024-03-01,969.0,988.0,950.0,950.0,950.0,40,0.0,0.0
2024-03-04,969.0,1026.0,912.0,1026.0,1026.0,42,0.0,0.0
2024-03-05,950.0,1026.0,950.0,988.0,988.0,27,0.0,0.0
2024-03-06,1045.0,1064.0,988.0,1064.0,1064.0,32,0.0,0.0
2024-03-07,1064.0,1083.0,1026.0,1083.0,1083.0,13,0.0,0.0
2024-03-08,1083.0,1083.0,1045.0,1083.0,1083.0,14,0.0,0.0
2024-03-11,1083.0,1178.0,1045.0,1159.0,1159.0,43,0.0,0.0
2024-03-12,1121.0,1178.0,1083.0,1102.0,1102.0,10,0.0,0.0
2024-03-13,1102.0,1102.0,950.0,1026.0,1026.0,13,0.0,0.0
2024-03-14,1083.0,1102.0,1026.0,1102.0,1102.0,5,0.0,0.0
2024-03-15,1102.0,1102.0,798.0,798.0,798.0,11,0.0,0.0
2024-03-18,1007.0,1045.0,912.0,969.0,969.0,34,0.0,0.0
2024-03-19,1007.0,1007.0,969.0,969.0,969.0,15,0.0,0.0
2024-03-20,1026.0,1026.0,1007.0,1007.0,1007.0,13,0.0,0.0
2024-03-21,1045.0,1045.0,969.0,988.0,988.0,7,0.0,0.0
2024-03-22,969.0,1045.0,874.0,950.0,950.0,9,0.0,0.0
2024-03-25,1007.0,1026.0,893.0,950.0,950.0,8,0.0,0.0
2024-03-26,1007.0,1007.0,931.0,931.0,931.0,4,0.0,0.0
2024-03-27,988.0,1007.0,931.0,931.0,931.0,5,0.0,0.0
2024-03-28,912.0,1007.0,912.0,931.0,931.0,5,0.0,0.0
2024-04-01,988.0,1007.0,912.0,950.0,950.0,7,0.0,0.0
2024-04-02,912.0,950.0,817.0,950.0,950.0,19,0.0,0.0
2024-04-03,931.0,1007.0,931.0,1007.0,1007.0,13,0.0,0.0
2024-04-04,760.0,988.0,760.0,950.0,950.0,31,0.0,0.0
2024-04-05,950.0,988.0,950.0,969.0,969.0,5,0.0,0.0
2024-04-08,988.0,988.0,950.0,969.0,969.0,9,0.0,0.0
2024-04-09,969.0,988.0,874.0,988.0,988.0,10,0.0,0.0
2024-04-10,1007.0,1007.0,931.0,931.0,931.0,4,0.0,0.0
2024-04-11,931.0,988.0,836.0,855.0,855.0,21,0.0,0.0
2024-04-12,893.0,931.0,817.0,931.0,931.0,17,0.0,0.0
2024-04-15,817.0,912.0,817.0,874.0,874.0,12,0.0,0.0
2024-04-16,874.0,912.0,874.0,874.0,874.0,7,0.0,0.0
2024-04-17,874.0,874.0,836.0,836.0,836.0,10,0.0,0.0
2024-04-18,855.0,950.0,855.0,912.0,912.0,8,0.0,0.0
2024-04-19,912.0,912.0,798.0,836.0,836.0,30,0.0,0.0
2024-04-22,893.0,912.0,836.0,855.0,855.0,5,0.0,0.0
2024-04-23,893.0,893.0,836.0,874.0,874.0,13,0.0,0.0
2024-04-24,931.0,1178.0,893.0,1083.0,1083.0,167,0.0,0.0
2024-04-25,1102.0,1102.0,988.0,1045.0,1045.0,28,0.0,0.0
2024-04-26,1045.0,1140.0,1007.0,1045.0,1045.0,18,0.0,0.0
2024-04-29,1045.0,1121.0,969.0,1064.0,1064.0,11,0.0,0.0
2024-04-30,1045.0,1102.0,988.0,1045.0,1045.0,17,0.0,0.0
2024-05-01,950.0,1064.0,950.0,1007.0,1007.0,4,0.0,0.0
2024-05-02,1083.0,1083.0,1007.0,1007.0,1007.0,8,0.0,0.0
2024-05-03,1064.0,1102.0,1007.0,1064.0,1064.0,20,0.0,0.0
2024-05-06,1064.0,1159.0,1026.0,1045.0,1045.0,20,0.0,0.0
2024-05-07,1045.0,1121.0,1045.0,1064.0,1064.0,36,0.0,0.0
2024-05-08,1026.0,1102.0,1026.0,1102.0,1102.0,32,0.0,0.0
2024-05-09,1102.0,1140.0,1064.0,1083.0,1083.0,9,0.0,0.0
2024-05-10,1140.0,1235.0,1083.0,1140.0,1140.0,56,0.0,0.0
2024-05-13,1235.0,1235.0,1140.0,1159.0,1159.0,17,0.0,0.0
2024-05-14,1102.0,1235.0,1045.0,1140.0,1140.0,46,0.0,0.0
2024-05-15,1102.0,1178.0,1007.0,1121.0,1121.0,37,0.0,0.0
2024-05-16,1083.0,1178.0,1083.0,1159.0,1159.0,12,0.0,0.0
2024-05-17,1159.0,1159.0,1102.0,1102.0,1102.0,28,0.0,0.0
2024-05-20,1121.0,1159.0,1007.0,1083.0,1083.0,14,0.0,0.0
2024-05-21,1083.0,1121.0,912.0,1102.0,1102.0,27,0.0,0.0
2024-05-22,1083.0,1102.0,931.0,1045.0,1045.0,20,0.0,0.0
2024-05-23,1007.0,1045.0,950.0,1007.0,1007.0,11,0.0,0.0
2024-05-24,950.0,1045.0,950.0,1007.0,1007.0,19,0.0,0.0
2024-05-28,1007.0,1007.0,950.0,1007.0,1007.0,28,0.0,0.0
2024-05-29,1007.0,1007.0,912.0,969.0,969.0,14,0.0,0.0
2024-05-30,950.0,1007.0,950.0,950.0,950.0,13,0.0,0.0
2024-05-31,988.0,1007.0,912.0,950.0,950.0,10,0.0,0.0
2024-06-03,988.0,988.0,950.0,988.0,988.0,3,0.0,0.0
2024-06-04,950.0,969.0,912.0,950.0,950.0,16,0.0,0.0
2024-06-05,1007.0,1007.0,931.0,931.0,931.0,5,0.0,0.0
2024-06-06,931.0,1045.0,931.0,1026.0,1026.0,34,0.0,0.0
2024-06-07,1026.0,1026.0,912.0,988.0,988.0,17,0.0,0.0
2024-06-10,988.0,988.0,950.0,969.0,969.0,10,0.0,0.0
2024-06-11,950.0,1121.0,950.0,1045.0,1045.0,59,0.0,0.0
2024-06-12,1045.0,1178.0,1045.0,1140.0,1140.0,745,0.0,0.0
2024-06-13,988.0,1083.0,950.0,1007.0,1007.0,130,0.0,0.0
2024-06-14,969.0,1064.0,969.0,1026.0,1026.0,65,0.0,0.0
2024-06-17,1045.0,1083.0,988.0,988.0,988.0,106,0.0,0.0
2024-06-18,988.0,1064.0,988.0,988.0,988.0,26,0.0,0.0
2024-06-20,1026.0,1045.0,988.0,1007.0,1007.0,25,0.0,0.0
2024-06-21,1045.0,1216.0,1045.0,1140.0,1140.0,267,0.0,0.0
2024-06-24,1140.0,1159.0,1083.0,1159.0,1159.0,39,0.0,0.0
2024-06-25,1159.0,1368.0,1140.0,1216.0,1216.0,151,0.0,0.0
2024-06-26,1254.0,1254.0,1140.0,1197.0,1197.0,105,0.0,0.0
2024-06-27,1159.0,1159.0,1102.0,1121.0,1121.0,18,0.0,0.0
2024-06-28,1121.0,1140.0,1083.0,1121.0,1121.0,28,0.0,0.0
2024-07-01,1140.0,1596.0,722.0,722.0,722.0,937,0.0,0.0
2024-07-02,722.0,760.0,608.0,665.0,665.0,177,0.0,0.0
2024-07-03,665.0,779.0,627.0,722.0,722.0,192,0.0,0.0
2024-07-05,741.0,741.0,608.0,665.0,665.0,138,0.0,0.0
2024-07-08,646.0,703.0,627.0,665.0,665.0,51,0.0,0.0
2024-07-09,684.0,741.0,665.0,703.0,703.0,71,0.0,0.0
2024-07-10,741.0,779.0,722.0,760.0,760.0,100,0.0,0.0
2024-07-11,760.0,912.0,684.0,703.0,703.0,132,0.0,0.0
2024-07-12,760.0,779.0,722.0,722.0,722.0,66,0.0,0.0
2024-07-15,632.700012,701.099976,530.099976,592.799988,592.799988,1372,0.0,0.1
2024-07-16,600.400024,636.5,532.0,598.5,598.5,827,0.0,0.0
2024-07-17,590.900024,596.599976,558.599976,579.5,579.5,238,0.0,0.0
2024-07-18,577.599976,579.5,501.600006,532.0,532.0,253,0.0,0.0
2024-07-19,518.700012,528.200012,484.5,513.0,513.0,51,0.0,0.0
2024-07-22,499.700012,520.599976,475.0,507.299988,507.299988,120,0.0,0.0
2024-07-23,492.100006,579.5,410.399994,427.5,427.5,1788,0.0,0.0
2024-07-24,475.0,480.700012,332.5,345.799988,345.799988,815,0.0,0.0
2024-07-25,357.200012,385.700012,300.200012,315.399994,315.399994,518,0.0,0.0
2024-07-26,326.799988,340.100006,307.799988,330.600006,330.600006,228,0.0,0.0
2024-07-29,324.899994,334.399994,319.200012,324.899994,324.899994,157,0.0,0.0
2024-07-30,326.799988,328.700012,313.5,324.899994,324.899994,144,0.0,0.0
2024-07-31,323.0,328.700012,321.100006,321.100006,321.100006,55,0.0,0.0
2024-08-01,338.200012,338.200012,307.799988,307.799988,307.799988,131,0.0,0.0
2024-08-02,311.600006,315.399994,304.0,311.600006,311.600006,75,0.0,0.0
2024-08-05,298.299988,324.899994,271.700012,298.299988,298.299988,390,0.0,0.0
2024-08-06,290.700012,311.600006,285.0,307.799988,307.799988,186,0.0,0.0
2024-08-07,323.0,323.0,277.399994,292.600006,292.600006,139,0.0,0.0
2024-08-08,283.100006,302.100006,283.100006,296.399994,296.399994,55,0.0,0.0
2024-08-09,300.200012,304.0,237.5,262.200012,262.200012,238,0.0,0.0
2024-08-12,300.200012,304.0,264.100006,273.600006,273.600006,91,0.0,0.0
2024-08-13,269.799988,296.399994,260.299988,296.399994,296.399994,54,0.0,0.0
2024-08-14,298.299988,302.100006,285.0,302.100006,302.100006,28,0.0,0.0
2024-08-15,302.100006,313.5,285.0,305.899994,305.899994,35,0.0,0.0
2024-08-16,300.200012,307.799988,288.799988,302.100006,302.100006,38,0.0,0.0
2024-08-19,294.5,440.799988,273.600006,419.899994,419.899994,3371,0.0,0.0
2024-08-20,410.399994,418.0,304.0,321.100006,321.100006,1231,0.0,0.0
2024-08-21,313.5,473.100006,307.799988,374.299988,374.299988,2277,0.0,0.0
2024-08-22,437.0,437.0,351.5,366.700012,366.700012,353,0.0,0.0
2024-08-23,366.700012,391.399994,343.899994,357.200012,357.200012,96,0.0,0.0
2024-08-26,376.200012,376.200012,351.5,355.299988,355.299988,60,0.0,0.0
2024-08-27,361.0,399.0,347.700012,353.399994,353.399994,61,0.0,0.0
2024-08-28,334.399994,361.0,334.399994,336.299988,336.299988,63,0.0,0.0
2024-08-29,340.100006,427.5,237.5,258.399994,258.399994,1946,0.0,0.0
2024-08-30,207.100006,248.899994,108.300003,112.099998,112.099998,14522,0.0,0.0
2024-09-03,123.5,123.5,91.199997,100.699997,100.699997,4058,0.0,0.0
2024-09-04,108.300003,108.300003,83.599998,91.199997,91.199997,3161,0.0,0.0
2024-09-05,91.199997,91.199997,81.699997,85.5,85.5,1555,0.0,0.0
2024-09-06,83.599998,85.5,74.099998,76.0,76.0,1257,0.0,0.0
2024-09-09,77.900002,79.800003,72.199997,77.900002,77.900002,3016,0.0,0.0
2024-09-10,81.699997,85.5,72.199997,76.0,76.0,1378,0.0,0.0
2024-09-11,76.0,85.5,72.199997,76.0,76.0,1812,0.0,0.0
2024-09-12,72.199997,79.800003,72.199997,79.800003,79.800003,697,0.0,0.0
2024-09-13,77.900002,85.5,76.0,81.699997,81.699997,823,0.0,0.0
2024-09-16,81.699997,89.300003,79.800003,85.5,85.5,1240,0.0,0.0
2024-09-17,85.5,87.400002,81.699997,83.599998,83.599998,300,0.0,0.0
2024-09-18,89.300003,98.800003,79.800003,85.5,85.5,2785,0.0,0.0
2024-09-19,83.599998,91.199997,83.599998,89.300003,89.300003,544,0.0,0.0
2024-09-20,93.099998,95.0,85.5,85.5,85.5,543,0.0,0.0
2024-09-23,87.400002,87.400002,81.699997,87.400002,87.400002,359,0.0,0.0
2024-09-24,85.5,102.599998,85.5,100.699997,100.699997,6978,0.0,0.0
2024-09-25,93.099998,96.900002,77.900002,89.300003,89.300003,3734,0.0,0.0
2024-09-26,89.300003,89.300003,79.800003,81.699997,81.699997,1306,0.0,0.0
2024-09-27,81.699997,85.5,79.800003,81.699997,81.699997,997,0.0,0.0
2024-09-30,83.599998,83.599998,74.099998,76.0,76.0,1243,0.0,0.0
2024-10-01,76.0,77.900002,66.5,74.099998,74.099998,1162,0.0,0.0
2024-10-02,74.099998,74.099998,68.400002,70.300003,70.300003,467,0.0,0.0
2024-10-03,68.400002,74.099998,68.400002,68.400002,68.400002,396,0.0,0.0
2024-10-04,70.300003,70.300003,68.400002,68.400002,68.400002,308,0.0,0.0
2024-10-07,68.400002,68.400002,62.700001,64.599998,64.599998,517,0.0,0.0
2024-10-08,64.599998,64.599998,58.900002,62.700001,62.700001,626,0.0,0.0
2024-10-09,60.799999,66.5,58.900002,62.700001,62.700001,473,0.0,0.0
2024-10-10,62.700001,70.300003,60.799999,66.5,66.5,1499,0.0,0.0
2024-10-11,64.599998,72.199997,64.599998,66.5,66.5,676,0.0,0.0
2024-10-14,66.5,68.400002,64.599998,66.5,66.5,372,0.0,0.0
2024-10-15,66.5,76.0,62.700001,70.300003,70.300003,781,0.0,0.0
2024-10-16,74.099998,83.599998,68.400002,81.699997,81.699997,8314,0.0,0.0
2024-10-17,83.599998,89.300003,74.099998,83.599998,83.599998,57101,0.0,0.0
2024-10-18,248.899994,330.600006,163.399994,172.899994,172.899994,936021,0.0,0.0
2024-10-21,191.899994,201.399994,172.899994,174.800003,174.800003,45549,0.0,0.0
2024-10-22,169.100006,188.100006,167.199997,172.899994,172.899994,12555,0.0,0.0
2024-10-23,167.199997,167.199997,146.300003,150.100006,150.100006,6438,0.0,0.0
2024-10-24,146.300003,171.0,123.5,167.199997,167.199997,19195,0.0,0.0
2024-10-25,129.199997,134.899994,115.900002,117.800003,117.800003,8736,0.0,0.0
2024-10-28,110.199997,112.099998,102.599998,106.400002,106.400002,5058,0.0,0.0
2024-10-29,106.400002,121.599998,104.5,104.5,104.5,3807,0.0,0.0
2024-10-30,106.400002,108.300003,96.900002,96.900002,96.900002,3243,0.0,0.0
2024-10-31,98.800003,98.800003,89.300003,93.099998,93.099998,1430,0.0,0.0
2024-11-01,93.099998,100.699997,93.099998,96.900002,96.900002,880,0.0,0.0
2024-11-04,100.699997,117.800003,93.099998,96.900002,96.900002,10375,0.0,0.0
2024-11-05,96.900002,98.800003,91.199997,93.099998,93.099998,1239,0.0,0.0
2024-11-06,95.0,96.900002,81.699997,89.300003,89.300003,2928,0.0,0.0
2024-11-07,91.199997,100.699997,87.400002,93.099998,93.099998,985,0.0,0.0
2024-11-08,89.300003,91.199997,85.5,91.199997,91.199997,955,0.0,0.0
2024-11-11,91.199997,91.199997,87.400002,87.400002,87.400002,1058,0.0,0.0
2024-11-12,87.400002,87.400002,76.0,81.699997,81.699997,1326,0.0,0.0
2024-11-13,81.699997,108.300003,81.699997,91.199997,91.199997,11163,0.0,0.0
2024-11-14,91.199997,117.800003,91.199997,95.0,95.0,7125,0.0,0.0
2024-11-15,89.300003,95.0,85.5,89.300003,89.300003,1666,0.0,0.0
2024-11-18,93.099998,93.099998,76.0,81.699997,81.699997,1043,0.0,0.0
2024-11-19,79.800003,83.599998,77.900002,83.599998,83.599998,521,0.0,0.0
2024-11-20,79.800003,83.599998,77.900002,79.800003,79.800003,401,0.0,0.0
2024-11-21,83.599998,83.599998,77.900002,81.699997,81.699997,797,0.0,0.0
2024-11-22,77.900002,83.599998,77.900002,79.800003,79.800003,478,0.0,0.0
2024-11-25,79.800003,79.800003,76.0,77.900002,77.900002,809,0.0,0.0
2024-11-26,77.900002,81.699997,76.0,79.800003,79.800003,926,0.0,0.0
2024-11-27,81.699997,81.699997,74.099998,79.800003,79.800003,872,0.0,0.0
2024-11-29,77.900002,83.599998,77.900002,81.699997,81.699997,312,0.0,0.0
2024-12-02,77.900002,81.699997,74.099998,74.099998,74.099998,1327,0.0,0.0
2024-12-03,76.0,77.900002,70.300003,72.199997,72.199997,1092,0.0,0.0
2024-12-04,72.199997,77.900002,68.400002,72.199997,72.199997,1581,0.0,0.0
2024-12-05,70.300003,72.199997,64.599998,68.400002,68.400002,1246,0.0,0.0
2024-12-06,70.300003,70.300003,66.5,66.5,66.5,752,0.0,0.0
2024-12-09,66.5,72.199997,66.5,70.300003,70.300003,632,0.0,0.0
2024-12-10,70.300003,77.900002,66.5,76.0,76.0,945,0.0,0.0
2024-12-11,74.099998,76.0,68.400002,70.300003,70.300003,592,0.0,0.0
2024-12-12,70.300003,70.300003,66.5,70.300003,70.300003,343,0.0,0.0
2024-12-13,70.300003,72.199997,66.5,66.5,66.5,542,0.0,0.0
2024-12-16,70.300003,70.300003,64.599998,66.5,66.5,438,0.0,0.0
2024-12-17,66.5,68.400002,62.700001,64.599998,64.599998,562,0.0,0.0
2024-12-18,70.300003,70.300003,62.700001,62.700001,62.700001,721,0.0,0.0
2024-12-19,58.900002,64.599998,58.900002,62.700001,62.700001,611,0.0,0.0
2024-12-20,58.900002,70.300003,58.900002,62.700001,62.700001,1248,0.0,0.0
2024-12-23,68.400002,68.400002,64.599998,66.5,66.5,419,0.0,0.0
2024-12-24,68.400002,77.900002,64.599998,72.199997,72.199997,3722,0.0,0.0
2024-12-26,76.0,81.699997,74.099998,79.800003,79.800003,1415,0.0,0.0
2024-12-27,83.599998,83.599998,76.0,77.900002,77.900002,877,0.0,0.0
2024-12-30,74.099998,81.699997,72.199997,79.800003,79.800003,825,0.0,0.0
2024-12-31,81.699997,95.0,77.900002,85.5,85.5,4588,0.0,0.0
2025-01-02,87.400002,89.300003,83.599998,85.5,85.5,732,0.0,0.0
2025-01-03,83.599998,106.400002,81.699997,100.699997,100.699997,12735,0.0,0.0
2025-01-06,102.599998,115.900002,96.900002,106.400002,106.400002,7662,0.0,0.0
2025-01-07,102.599998,114.0,91.199997,106.400002,106.400002,4043,0.0,0.0
2025-01-08,100.699997,106.400002,96.900002,100.699997,100.699997,1655,0.0,0.0
2025-01-10,102.599998,104.5,95.0,100.699997,100.699997,1338,0.0,0.0
2025-01-13,104.5,106.400002,77.900002,83.599998,83.599998,5550,0.0,0.0
2025-01-14,83.599998,91.199997,81.699997,89.300003,89.300003,1227,0.0,0.0
2025-01-15,87.400002,89.300003,76.0,85.5,85.5,24740,0.0,0.0
2025-01-16,85.5,96.900002,85.5,89.300003,89.300003,1994,0.0,0.0
2025-01-17,89.300003,91.199997,83.599998,87.400002,87.400002,1175,0.0,0.0
2025-01-21,87.400002,91.199997,79.800003,87.400002,87.400002,827,0.0,0.0
2025-01-22,83.599998,85.5,77.900002,81.699997,81.699997,867,0.0,0.0
2025-01-23,77.900002,83.599998,72.199997,81.699997,81.699997,1063,0.0,0.0
2025-01-24,77.900002,81.699997,76.0,77.900002,77.900002,644,0.0,0.0
2025-01-27,77.900002,81.699997,72.199997,77.900002,77.900002,523,0.0,0.0
2025-01-28,76.0,81.699997,72.199997,79.800003,79.800003,654,0.0,0.0
2025-01-29,79.800003,81.699997,74.099998,79.800003,79.800003,286,0.0,0.0
2025-01-30,76.0,81.699997,74.099998,77.900002,77.900002,211,0.0,0.0
2025-01-31,79.800003,79.800003,76.0,76.0,76.0,282,0.0,0.0
2025-02-03,76.0,76.0,70.300003,74.099998,74.099998,624,0.0,0.0
2025-02-04,70.300003,81.699997,70.300003,72.199997,72.199997,963,0.0,0.0
2025-02-05,72.199997,76.0,70.300003,74.099998,74.099998,483,0.0,0.0
2025-02-06,70.300003,74.099998,70.300003,74.099998,74.099998,504,0.0,0.0
2025-02-07,74.099998,74.099998,72.199997,74.099998,74.099998,299,0.0,0.0
2025-02-10,72.199997,76.0,70.300003,72.199997,72.199997,464,0.0,0.0
2025-02-11,72.199997,74.099998,70.300003,70.300003,70.300003,290,0.0,0.0
2025-02-12,70.300003,70.300003,62.700001,68.400002,68.400002,1806,0.0,0.0
2025-02-13,68.400002,76.0,68.400002,72.199997,72.199997,1981,0.0,0.0
2025-02-14,76.0,81.699997,70.300003,74.099998,74.099998,3122,0.0,0.0
2025-02-18,72.199997,74.099998,68.400002,70.300003,70.300003,905,0.0,0.0
2025-02-19,68.400002,74.099998,68.400002,70.300003,70.300003,478,0.0,0.0
2025-02-20,72.199997,72.199997,68.400002,68.400002,68.400002,535,0.0,0.0
2025-02-21,68.400002,70.300003,64.599998,66.5,66.5,706,0.0,0.0
2025-02-24,68.400002,68.400002,62.700001,68.400002,68.400002,607,0.0,0.0
2025-02-25,66.5,68.400002,62.700001,64.599998,64.599998,767,0.0,0.0
2025-02-26,64.599998,68.400002,62.700001,64.599998,64.599998,436,0.0,0.0
2025-02-27,68.400002,72.199997,62.700001,66.5,66.5,1476,0.0,0.0
2025-02-28,72.199997,72.199997,62.700001,66.5,66.5,483,0.0,0.0
2025-03-03,64.599998,66.5,60.799999,60.799999,60.799999,662,0.0,0.0
2025-03-04,60.799999,64.599998,58.900002,62.700001,62.700001,394,0.0,0.0
2025-03-05,64.599998,64.599998,60.799999,62.700001,62.700001,267,0.0,0.0
2025-03-06,66.5,66.5,60.799999,62.700001,62.700001,173,0.0,0.0
2025-03-07,62.700001,62.700001,58.900002,60.799999,60.799999,457,0.0,0.0
2025-03-10,60.799999,66.5,57.0,64.599998,64.599998,1173,0.0,0.0
2025-03-11,64.599998,79.800003,58.900002,72.199997,72.199997,3786,0.0,0.0
2025-03-12,70.300003,76.0,68.400002,70.300003,70.300003,956,0.0,0.0
2025-03-13,68.400002,74.099998,68.400002,68.400002,68.400002,325,0.0,0.0
2025-03-14,68.400002,79.800003,64.599998,72.199997,72.199997,786,0.0,0.0
2025-03-17,74.099998,77.900002,72.199997,77.900002,77.900002,799,0.0,0.0
2025-03-18,76.0,77.900002,72.199997,76.0,76.0,397,0.0,0.0
2025-03-19,76.0,77.900002,72.199997,74.099998,74.099998,175,0.0,0.0
2025-03-20,72.199997,77.900002,68.400002,70.300003,70.300003,592,0.0,0.0
2025-03-21,68.400002,79.800003,68.400002,79.800003,79.800003,391,0.0,0.0
2025-03-24,76.0,77.900002,72.199997,74.099998,74.099998,134,0.0,0.0
2025-03-25,74.099998,76.0,70.300003,74.099998,74.099998,351,0.0,0.0
2025-03-26,74.099998,74.099998,68.400002,70.300003,70.300003,187,0.0,0.0
2025-03-27,74.099998,76.0,70.300003,72.199997,72.199997,644,0.0,0.0
2025-03-28,72.199997,74.099998,64.599998,66.5,66.5,617,0.0,0.0
2025-03-31,66.5,66.5,62.700001,64.599998,64.599998,271,0.0,0.0
2025-04-01,68.400002,70.300003,62.700001,66.5,66.5,209,0.0,0.0
2025-04-02,64.599998,66.5,64.599998,64.599998,64.599998,101,0.0,0.0
2025-04-03,64.599998,64.599998,62.700001,64.599998,64.599998,177,0.0,0.0
2025-04-04,62.700001,64.599998,60.799999,60.799999,60.799999,621,0.0,0.0
2025-04-07,60.799999,64.599998,45.599998,57.0,57.0,1495,0.0,0.0
2025-04-08,60.799999,62.700001,57.0,57.0,57.0,277,0.0,0.0
2025-04-09,57.0,57.0,55.099998,57.0,57.0,103,0.0,0.0
2025-04-10,55.099998,64.599998,55.099998,58.900002,58.900002,231,0.0,0.0
2025-04-11,62.700001,62.700001,57.0,62.700001,62.700001,147,0.0,0.0
2025-04-14,62.700001,64.599998,58.900002,62.700001,62.700001,831,0.0,0.0
2025-04-15,60.799999,66.5,58.900002,60.799999,60.799999,466,0.0,0.0
2025-04-16,60.799999,64.599998,60.799999,64.599998,64.599998,73,0.0,0.0
2025-04-17,60.799999,64.599998,57.0,60.799999,60.799999,218,0.0,0.0
2025-04-21,60.799999,60.799999,57.0,57.0,57.0,238,0.0,0.0
2025-04-22,57.0,58.900002,55.099998,58.900002,58.900002,734,0.0,0.0
2025-04-23,57.0,74.099998,53.200001,60.799999,60.799999,14246,0.0,0.0
2025-04-24,58.900002,64.599998,53.200001,53.200001,53.200001,2844,0.0,0.0
2025-04-25,53.200001,57.0,53.200001,55.099998,55.099998,407,0.0,0.0
2025-04-28,53.200001,57.0,51.299999,55.099998,55.099998,283,0.0,0.0
2025-04-29,53.200001,55.099998,53.200001,53.200001,53.200001,275,0.0,0.0
2025-04-30,53.200001,55.099998,51.299999,53.200001,53.200001,78,0.0,0.0
2025-05-01,51.299999,55.099998,51.299999,51.299999,51.299999,396,0.0,0.0
2025-05-02,51.299999,55.099998,51.299999,51.299999,51.299999,751,0.0,0.0
2025-05-05,51.299999,53.200001,49.400002,53.200001,53.200001,263,0.0,0.0
2025-05-06,53.200001,53.200001,49.400002,51.299999,51.299999,1770,0.0,0.0
2025-05-07,53.200001,53.200001,49.400002,53.200001,53.200001,327,0.0,0.0
2025-05-08,53.200001,58.900002,49.400002,49.400002,49.400002,805,0.0,0.0
2025-05-09,57.0,57.0,49.400002,55.099998,55.099998,795,0.0,0.0
2025-05-12,57.0,58.900002,53.200001,55.099998,55.099998,12357,0.0,0.0
2025-05-13,57.0,62.700001,53.200001,58.900002,58.900002,2646,0.0,0.0
2025-05-14,58.900002,60.799999,55.099998,57.0,57.0,618,0.0,0.0
2025-05-15,55.099998,58.900002,55.099998,57.0,57.0,407,0.0,0.0
2025-05-16,57.0,60.799999,55.099998,55.099998,55.099998,419,0.0,0.0
2025-05-19,55.099998,57.0,53.200001,53.200001,53.200001,689,0.0,0.0
2025-05-20,53.200001,55.099998,51.299999,53.200001,53.200001,415,0.0,0.0
2025-05-21,53.200001,60.799999,51.299999,57.0,57.0,29218,0.0,0.0
2025-05-22,47.5,47.5,39.900002,39.900002,39.900002,8358,0.0,0.0
2025-05-23,38.0,45.599998,38.0,45.599998,45.599998,46689,0.0,0.0
2025-05-27,43.700001,45.599998,30.4,36.099998,36.099998,21439,0.0,0.0
2025-05-28,36.099998,36.099998,34.200001,36.099998,36.099998,5777,0.0,0.0
2025-05-29,36.099998,39.900002,32.299999,36.099998,36.099998,7462,0.0,0.0
2025-05-30,34.200001,36.099998,34.200001,34.200001,34.200001,1747,0.0,0.0
2025-06-02,36.099998,38.0,34.200001,36.099998,36.099998,2985,0.0,0.0
2025-06-03,36.099998,38.0,34.200001,38.0,38.0,1371,0.0,0.0
2025-06-04,36.099998,39.900002,36.099998,38.0,38.0,5929,0.0,0.0
2025-06-05,38.0,41.799999,38.0,39.900002,39.900002,2802,0.0,0.0
2025-06-06,39.900002,41.799999,39.900002,39.900002,39.900002,1853,0.0,0.0
2025-06-09,41.799999,43.700001,38.0,41.799999,41.799999,6251,0.0,0.0
2025-06-10,41.799999,45.599998,39.900002,43.700001,43.700001,515092,0.0,0.0
2025-06-11,134.899994,157.699997,106.400002,114.0,114.0,3608437,0.0,0.0
2025-06-12,83.599998,93.099998,70.300003,81.699997,81.699997,101735,0.0,0.0
2025-06-13,70.300003,85.5,64.599998,70.300003,70.300003,34369,0.0,0.0
2025-06-16,58.900002,70.300003,47.5,66.5,66.5,19251,0.0,0.0
2025-06-17,64.599998,72.199997,53.200001,62.700001,62.700001,17395,0.0,0.0
2025-06-18,58.900002,68.400002,58.900002,62.700001,62.700001,8299,0.0,0.0
2025-06-20,58.900002,62.700001,55.099998,57.0,57.0,7487,0.0,0.0
2025-06-23,55.099998,57.0,49.400002,51.299999,51.299999,9674,0.0,0.0
2025-06-24,49.400002,49.400002,45.599998,47.5,47.5,11145,0.0,0.0
2025-06-25,45.599998,47.5,45.599998,45.599998,45.599998,3303,0.0,0.0
2025-06-26,45.599998,49.400002,45.599998,47.5,47.5,8428,0.0,0.0
2025-06-27,45.599998,47.5,41.799999,45.599998,45.599998,5803,0.0,0.0
2025-06-30,45.599998,53.200001,43.700001,45.599998,45.599998,38909,0.0,0.0
2025-07-01,43.700001,45.599998,41.799999,43.700001,43.700001,9272,0.0,0.0
2025-07-02,45.599998,45.599998,43.700001,45.599998,45.599998,5505,0.0,0.0
2025-07-03,43.700001,45.599998,43.700001,43.700001,43.700001,3881,0.0,0.0
2025-07-07,47.5,47.5,43.700001,45.599998,45.599998,3204,0.0,0.0
2025-07-08,43.700001,45.599998,43.700001,45.599998,45.599998,3449,0.0,0.0
2025-07-09,45.599998,45.599998,43.700001,45.599998,45.599998,2978,0.0,0.0
2025-07-10,43.700001,45.599998,43.700001,45.599998,45.599998,2204,0.0,0.0
2025-07-11,45.599998,45.599998,43.700001,45.599998,45.599998,3928,0.0,0.0
2025-07-14,43.700001,45.599998,43.700001,45.599998,45.599998,2834,0.0,0.0
2025-07-15,43.700001,43.700001,41.799999,41.799999,41.799999,3181,0.0,0.0
2025-07-16,41.799999,43.700001,41.799999,43.700001,43.700001,3660,0.0,0.0
2025-07-17,43.700001,45.599998,41.799999,41.799999,41.799999,4709,0.0,0.0
2025-07-18,43.700001,45.599998,43.700001,43.700001,43.700001,14718,0.0,0.0
2025-07-21,43.700001,49.400002,43.700001,45.599998,45.599998,61424,0.0,0.0
2025-07-22,45.599998,47.5,43.700001,45.599998,45.599998,28318,0.0,0.0
2025-07-23,41.799999,43.700001,38.0,41.799999,41.799999,12431,0.0,0.0
2025-07-24,41.799999,45.599998,41.799999,43.700001,43.700001,13318,0.0,0.0
2025-07-25,43.700001,43.700001,39.900002,41.799999,41.799999,6078,0.0,0.0
2025-07-28,39.900002,41.799999,39.900002,41.799999,41.799999,7419,0.0,0.0
2025-07-29,38.0,38.0,32.299999,34.200001,34.200001,12725,0.0,0.0
2025-07-30,34.200001,34.200001,30.4,32.299999,32.299999,5043,0.0,0.0
2025-07-31,30.4,32.299999,28.5,30.4,30.4,8302,0.0,0.0
2025-08-01,30.4,32.299999,30.4,32.299999,32.299999,6682,0.0,0.0
2025-08-04,32.299999,32.299999,30.4,32.299999,32.299999,4114,0.0,0.0
2025-08-05,32.299999,32.299999,28.5,30.4,30.4,4977,0.0,0.0
2025-08-06,30.4,30.4,30.4,30.4,30.4,1401,0.0,0.0
2025-08-07,28.5,34.200001,28.5,34.200001,34.200001,11618,0.0,0.0
2025-08-08,34.200001,36.099998,32.299999,36.099998,36.099998,6467,0.0,0.0
2025-08-11,38.0,38.0,28.5,34.200001,34.200001,8481,0.0,0.0
2025-08-12,32.299999,32.299999,30.4,32.299999,32.299999,1958,0.0,0.0
2025-08-13,34.200001,34.200001,32.299999,32.299999,32.299999,5727,0.0,0.0
2025-08-14,30.4,30.4,28.5,28.5,28.5,6316,0.0,0.0
2025-08-15,28.6,28.799999,24.9,26.1,26.1,17360,0.0,0.052632
2025-08-18,40.599998,43.099998,34.099998,42.5,42.5,5990000,0.0,0.0
2025-08-19,33.5,34.0,31.200001,31.6,31.6,121520,0.0,0.0
2025-08-20,30.5,32.0,29.5,30.200001,30.200001,45600,0.0,0.0
2025-08-21,28.299999,30.0,27.0,29.799999,29.799999,27360,0.0,0.0
2025-08-22,29.799999,31.299999,29.299999,30.200001,30.200001,20330,0.0,0.0
2025-08-25,29.9,30.1,29.1,29.4,29.4,9790,0.0,0.0
2025-08-26,28.6,29.5,27.5,27.9,27.9,7090,0.0,0.0
2025-08-27,27.700001,27.9,23.9,24.5,24.5,16370,0.0,0.0
2025-08-28,25.1,26.0,25.1,25.799999,25.799999,9760,0.0,0.0
2025-08-29,25.5,25.6,24.799999,25.0,25.0,3950,0.0,0.0
2025-09-02,25.0,25.4,24.299999,24.799999,24.799999,4470,0.0,0.0
2025-09-03,24.9,26.0,24.799999,25.4,25.4,7350,0.0,0.0
2025-09-04,25.4,25.4,23.9,25.4,25.4,5720,0.0,0.0
2025-09-05,24.9,25.9,24.5,24.700001,24.700001,5610,0.0,0.0
2025-09-08,25.0,25.299999,24.200001,24.799999,24.799999,4140,0.0,0.0
2025-09-09,24.700001,25.0,24.200001,24.4,24.4,3070,0.0,0.0
2025-09-10,24.6,25.5,24.0,24.4,24.4,13100,0.0,0.0
2025-09-11,23.6,25.200001,23.6,25.0,25.0,5280,0.0,0.0
2025-09-12,25.200001,25.200001,24.4,24.5,24.5,1680,0.0,0.0
2025-09-15,24.4,25.799999,24.4,25.299999,25.299999,5500,0.0,0.0
2025-09-16,24.700001,25.799999,24.299999,25.0,25.0,7090,0.0,0.0
2025-09-17,24.799999,27.5,24.799999,26.9,26.9,32400,0.0,0.0
2025-09-18,27.0,27.700001,26.1,26.9,26.9,11120,0.0,0.0
2025-09-19,26.200001,26.5,24.0,24.0,24.0,10780,0.0,0.0
2025-09-22,24.6,24.9,23.9,24.4,24.4,7120,0.0,0.0
2025-09-23,24.4,24.799999,23.6,24.1,24.1,4260,0.0,0.0
2025-09-24,23.4,24.1,23.200001,23.799999,23.799999,4400,0.0,0.0
2025-09-25,23.6,23.799999,22.0,22.6,22.6,5720,0.0,0.0
2025-09-26,22.200001,23.700001,22.1,23.5,23.5,6620,0.0,0.0
2025-09-29,23.9,26.700001,23.5,25.6,25.6,22020,0.0,0.0
2025-09-30,25.5,25.6,24.299999,25.200001,25.200001,16000,0.0,0.0
2025-10-01,25.4,26.5,24.6,26.4,26.4,5070,0.0,0.0
2025-10-02,26.0,26.4,25.6,26.0,26.0,1230,0.0,0.0
2025-10-03,26.0,26.4,25.299999,25.6,25.6,2150,0.0,0.0
2025-10-06,25.799999,26.0,25.4,25.4,25.4,2060,0.0,0.0
2025-10-07,25.4,25.9,25.1,25.5,25.5,3030,0.0,0.0
2025-10-08,25.5,28.200001,25.5,28.1,28.1,635480,0.0,0.0
2025-10-09,26.6,32.0,26.6,28.6,28.6,59030,0.0,0.0
2025-10-10,28.4,31.4,27.5,27.6,27.6,22410,0.0,0.0
2025-10-13,26.799999,27.299999,25.200001,25.799999,25.799999,10660,0.0,0.0
2025-10-14,25.799999,27.4,25.299999,27.200001,27.200001,3710,0.0,0.0
2025-10-15,25.5,28.299999,25.5,26.6,26.6,8150,0.0,0.0
2025-10-16,26.0,27.5,25.799999,26.299999,26.299999,11170,0.0,0.0
2025-10-17,26.1,26.4,25.200001,25.9,25.9,3330,0.0,0.0
2025-10-20,26.4,27.1,25.200001,26.4,26.4,6410,0.0,0.0
2025-10-21,25.6,28.9,25.6,27.0,27.0,7300,0.0,0.0
2025-10-22,26.700001,26.700001,25.5,25.5,25.5,3000,0.0,0.0
2025-10-23,26.0,27.299999,25.299999,26.799999,26.799999,5260,0.0,0.0
2025-10-24,26.799999,26.799999,26.1,26.6,26.6,3190,0.0,0.0
2025-10-27,26.299999,26.9,25.9,26.299999,26.299999,1160,0.0,0.0
2025-10-28,26.1,26.4,25.4,25.6,25.6,1730,0.0,0.0
2025-10-29,26.0,26.0,24.200001,24.4,24.4,2940,0.0,0.0
2025-10-30,24.9,24.9,23.9,24.0,24.0,2520,0.0,0.0
2025-10-31,24.299999,25.6,24.299999,24.5,24.5,3160,0.0,0.0
2025-11-03,24.1,24.4,23.6,24.0,24.0,2420,0.0,0.0
2025-11-04,23.700001,23.9,22.200001,22.700001,22.700001,2940,0.0,0.0
2025-11-05,22.6,23.700001,22.4,22.799999,22.799999,920,0.0,0.0
2025-11-06,22.799999,23.299999,22.0,22.299999,22.299999,1520,0.0,0.0
2025-11-07,22.4,22.4,21.299999,22.200001,22.200001,1460,0.0,0.0
2025-11-10,22.1,22.799999,22.1,22.299999,22.299999,870,0.0,0.0
2025-11-11,22.5,23.799999,22.5,23.200001,23.200001,1860,0.0,0.0
2025-11-12,23.700001,23.700001,22.4,23.1,23.1,1100,0.0,0.0
2025-11-13,24.0,24.0,20.5,20.5,20.5,4110,0.0,0.0
2025-11-14,20.1,20.4,19.0,19.4,19.4,4790,0.0,0.0
2025-11-17,19.299999,19.6,17.700001,18.0,18.0,1690,0.0,0.0
2025-11-18,17.700001,18.0,16.799999,17.700001,17.700001,1410,0.0,0.0
2025-11-19,17.6,17.799999,14.9,17.200001,17.200001,8150,0.0,0.0
2025-11-20,17.200001,17.200001,15.1,15.5,15.5,4810,0.0,0.0
2025-11-21,15.3,15.9,15.0,15.7,15.7,3820,0.0,0.0
2025-11-24,16.5,18.5,16.4,18.5,18.5,3970,0.0,0.0
2025-11-25,18.5,21.5,18.5,20.700001,20.700001,6580,0.0,0.0
2025-11-26,20.9,21.9,20.1,20.5,20.5,4570,0.0,0.0
2025-11-28,21.5,21.5,21.1,21.200001,21.200001,160,0.0,0.0
2025-12-01,21.5,21.5,20.5,20.5,20.5,690,0.0,0.0
2025-12-02,20.5,21.0,20.200001,21.0,21.0,1490,0.0,0.0
2025-12-03,20.6,25.4,20.0,23.799999,23.799999,22500,0.0,0.0
2025-12-04,23.799999,24.200001,23.1,24.200001,24.200001,3850,0.0,0.0
2025-12-05,24.299999,24.700001,22.6,23.799999,23.799999,3340,0.0,0.0
2025-12-08,24.299999,30.5,23.700001,29.5,29.5,17420,0.0,0.0
2025-12-09,27.5,28.799999,27.0,27.9,27.9,4910,0.0,0.0
2025-12-10,28.1,30.6,27.4,30.0,30.0,6890,0.0,0.0
2025-12-11,29.1,29.1,27.0,27.0,27.0,4030,0.0,0.0
2025-12-12,27.700001,27.700001,24.9,25.299999,25.299999,3330,0.0,0.0
2025-12-15,25.5,25.5,21.6,22.4,22.4,6000,0.0,0.0
2025-12-16,24.1,24.1,20.0,21.9,21.9,4070,0.0,0.0
2025-12-17,22.700001,22.799999,21.9,22.0,22.0,1840,0.0,0.0
2025-12-18,21.1,22.799999,21.1,22.200001,22.200001,2610,0.0,0.0
2025-12-19,22.200001,22.5,19.0,19.799999,19.799999,7020,0.0,0.0
2025-12-22,20.6,21.1,18.5,18.6,18.6,7990,0.0,0.0
2025-12-23,18.200001,19.4,17.6,18.1,18.1,2370,0.0,0.0
2025-12-24,18.6,18.700001,17.0,17.799999,17.799999,1880,0.0,0.0
2025-12-26,18.200001,18.5,16.200001,16.799999,16.799999,3050,0.0,0.0
2025-12-29,17.0,17.0,15.5,15.6,15.6,3600,0.0,0.0
2025-12-30,16.0,16.6,15.6,15.6,15.6,3190,0.0,0.0
2025-12-31,15.6,18.700001,15.6,18.299999,18.299999,8960,0.0,0.0
2026-01-02,18.700001,20.200001,18.1,20.1,20.1,1600,0.0,0.0
2026-01-05,20.200001,21.0,19.5,20.4,20.4,1990,0.0,0.0
2026-01-06,20.700001,20.700001,20.1,20.1,20.1,1460,0.0,0.0
2026-01-07,20.6,20.6,19.700001,20.0,20.0,1030,0.0,0.0
2026-01-08,20.200001,20.5,20.0,20.299999,20.299999,1230,0.0,0.0
2026-01-09,20.0,20.4,19.799999,19.799999,19.799999,1390,0.0,0.0
2026-01-12,20.0,20.1,19.799999,20.1,20.1,910,0.0,0.0
2026-01-13,20.0,20.6,19.9,20.5,20.5,1630,0.0,0.0
2026-01-14,20.5,20.5,20.200001,20.200001,20.200001,500,0.0,0.0
2026-01-15,20.799999,23.5,19.799999,22.6,22.6,8740,0.0,0.0
2026-01-16,22.200001,22.200001,21.200001,21.299999,21.299999,1900,0.0,0.0
2026-01-20,20.6,22.0,20.0,20.9,20.9,4200,0.0,0.0
2026-01-21,20.1,21.1,19.9,20.1,20.1,1350,0.0,0.0
2026-01-22,20.799999,22.9,20.799999,22.200001,22.200001,6670,0.0,0.0
2026-01-23,22.200001,23.799999,22.0,23.0,23.0,2220,0.0,0.0
2026-01-26,23.0,23.0,21.299999,22.4,22.4,760,0.0,0.0
2026-01-27,20.5,21.799999,20.5,21.200001,21.200001,1380,0.0,0.0
2026-01-28,21.5,21.9,20.5,20.9,20.9,1790,0.0,0.0
2026-01-29,21.799999,21.9,20.200001,20.799999,20.799999,3720,0.0,0.0
2026-01-30,20.4,20.6,19.4,19.4,19.4,1080,0.0,0.0
2026-02-02,19.799999,19.799999,18.799999,18.799999,18.799999,2100,0.0,0.0
2026-02-03,19.0,19.1,17.700001,18.4,18.4,1880,0.0,0.0
2026-02-04,18.9,19.1,18.0,18.700001,18.700001,1970,0.0,0.0
2026-02-05,18.6,19.4,17.799999,17.799999,17.799999,2620,0.0,0.0
2026-02-06,17.6,18.9,17.5,18.9,18.9,1120,0.0,0.0
2026-02-09,18.299999,19.299999,18.1,19.299999,19.299999,1400,0.0,0.0
2026-02-10,18.6,19.9,18.6,19.5,19.5,620,0.0,0.0
2026-02-11,18.799999,20.0,17.4,19.0,19.0,2450,0.0,0.0
2026-02-12,17.9,17.9,11.4,12.7,12.7,163310,0.0,0.0
2026-02-13,16.5,16.5,13.1,14.3,14.3,115230,0.0,0.0
2026-02-17,13.6,16.0,13.6,16.0,16.0,17670,0.0,0.0
2026-02-18,15.9,17.0,15.4,17.0,17.0,5390,0.0,0.0
2026-02-19,16.4,17.200001,15.1,15.9,15.9,16520,0.0,0.0
2026-02-20,16.0,16.6,15.1,16.6,16.6,1430,0.0,0.0
2026-02-23,16.700001,16.700001,16.0,16.0,16.0,1500,0.0,0.0
2026-02-24,16.0,16.299999,15.5,16.1,16.1,1940,0.0,0.0
2026-02-25,15.8,16.4,15.8,16.299999,16.299999,1150,0.0,0.0
2026-02-26,15.7,16.5,15.6,16.299999,16.299999,2150,0.0,0.0
2026-02-27,15.6,16.6,15.4,16.6,16.6,1150,0.0,0.0
2026-03-02,15.9,16.4,15.7,15.8,15.8,2080,0.0,0.0
2026-03-03,15.6,15.6,14.3,15.5,15.5,3110,0.0,0.0
2026-03-04,14.9,15.1,14.4,14.5,14.5,1330,0.0,0.0
2026-03-05,15.0,15.1,14.1,14.4,14.4,1850,0.0,0.0
2026-03-06,13.7,14.5,13.6,14.1,14.1,2180,0.0,0.0
2026-03-09,14.2,14.2,13.7,13.7,13.7,1460,0.0,0.0
2026-03-10,20.200001,22.5,17.200001,17.200001,17.200001,6007330,0.0,0.0
2026-03-11,17.5,17.5,14.8,16.0,16.0,149530,0.0,0.0
2026-03-12,15.1,15.6,13.8,14.7,14.7,35680,0.0,0.0
2026-03-13,14.0,14.5,13.2,13.6,13.6,16650,0.0,0.0
2026-03-16,13.2,15.2,13.2,14.1,14.1,26980,0.0,0.0
2026-03-17,13.8,14.0,12.3,13.1,13.1,26970,0.0,0.0
2026-03-18,12.8,13.2,12.5,13.0,13.0,11320,0.0,0.0
2026-03-19,12.4,13.2,12.4,13.1,13.1,5570,0.0,0.0
2026-03-20,12.9,13.2,12.0,12.3,12.3,24770,0.0,0.0
2026-03-23,12.8,12.8,11.8,11.9,11.9,12420,0.0,0.0
2026-03-24,12.0,12.3,11.8,12.0,12.0,7270,0.0,0.0
2026-03-25,12.0,12.4,11.5,11.5,11.5,6240,0.0,0.0
2026-03-26,11.5,11.5,10.8,11.1,11.1,14650,0.0,0.0
2026-03-27,11.6,11.6,10.5,10.9,10.9,6760,0.0,0.0
2026-03-30,10.7,10.8,10.2,10.5,10.5,3860,0.0,0.0
2026-03-31,10.9,11.1,10.1,10.1,10.1,11720,0.0,0.0
2026-04-01,10.2,10.6,9.3,9.4,9.4,12090,0.0,0.0
2026-04-02,9.2,9.4,8.5,9.3,9.3,35070,0.0,0.0
2026-04-06,9.1,9.5,9.0,9.5,9.5,3760,0.0,0.0
2026-04-07,9.4,9.4,8.5,8.8,8.8,11090,0.0,0.0
2026-04-08,9.0,9.1,8.6,8.6,8.6,2400,0.0,0.0
2026-04-09,8.7,12.8,8.6,12.1,12.1,177850,0.0,0.0
2026-04-10,12.1,12.3,11.1,11.9,11.9,28660,0.0,0.0
2026-04-13,11.3,12.7,11.2,12.2,12.2,16380,0.0,0.0
2026-04-14,12.3,12.5,11.2,11.3,11.3,8850,0.0,0.0
2026-04-15,11.1,11.1,10.1,10.3,10.3,10780,0.0,0.0
2026-04-16,10.0,10.1,7.9,8.9,8.9,37810,0.0,0.0
2026-04-17,8.6,9.3,8.6,8.8,8.8,9260,0.0,0.0
2026-04-20,8.9,10.5,8.9,9.8,9.8,20480,0.0,0.0
2026-04-21,9.8,9.8,9.5,9.5,9.5,4890,0.0,0.0
2026-04-22,9.5,9.9,9.4,9.6,9.6,2340,0.0,0.0
2026-04-23,9.8,10.2,9.0,9.4,9.4,52340,0.0,0.0
2026-04-24,9.4,9.4,8.8,9.3,9.3,6360,0.0,0.0
2026-04-27,9.2,9.9,9.0,9.0,9.0,4960,0.0,0.0
2026-04-28,8.9,9.7,8.8,9.3,9.3,8680,0.0,0.0
2026-04-29,9.2,9.4,9.2,9.4,9.4,620,0.0,0.0
2026-04-30,9.3,9.5,9.2,9.5,9.5,3820,0.0,0.0
2026-05-01,9.2,9.8,9.2,9.5,9.5,7190,0.0,0.0
2026-05-04,9.3,9.9,9.3,9.4,9.4,6830,0.0,0.0
2026-05-05,9.4,9.5,9.3,9.3,9.3,2310,0.0,0.0
2026-05-06,9.1,9.6,9.1,9.2,9.2,4710,0.0,0.0
2026-05-07,9.2,9.4,8.6,8.9,8.9,8830,0.0,0.0
2026-05-08,8.9,8.9,8.3,8.3,8.3,4330,0.0,0.0
2026-05-11,8.2,8.2,8.1,8.1,8.1,2020,0.0,0.0
2026-05-12,8.2,8.9,7.9,8.9,8.9,6720,0.0,0.0
2026-05-13,8.9,8.9,8.3,8.3,8.3,4310,0.0,0.0
2026-05-14,8.3,8.3,7.7,7.7,7.7,7470,0.0,0.0
2026-05-15,8.3,8.3,7.6,7.6,7.6,3620,0.0,0.0
2026-05-18,7.7,8.5,7.7,8.3,8.3,45140,0.0,0.0
2026-05-19,8.2,9.3,8.1,8.2,8.2,46740,0.0,0.0
2026-05-20,8.1,8.2,7.5,7.8,7.8,9790,0.0,0.0
2026-05-21,8.0,8.0,7.7,7.9,7.9,980,0.0,0.0
2026-05-22,8.5,8.6,7.9,8.5,8.5,3830,0.0,0.0
2026-05-26,8.5,8.9,8.5,8.9,8.9,2840,0.0,0.0
2026-05-27,8.9,9.0,8.5,9.0,9.0,2920,0.0,0.0
2026-05-28,8.8,9.4,8.7,8.9,8.9,3390,0.0,0.0
2026-05-29,8.9,8.9,8.4,8.8,8.8,1610,0.0,0.0
2026-06-01,9.2,9.2,8.1,9.2,9.2,3190,0.0,0.0
2026-06-02,9.2,9.9,9.1,9.6,9.6,11640,0.0,0.0
2026-06-03,9.7,9.9,9.2,9.9,9.9,4870,0.0,0.0
2026-06-04,10.3,10.6,9.5,10.2,10.2,10650,0.0,0.0
2026-06-05,10.6,10.7,9.0,10.3,10.3,4080,0.0,0.0
2026-06-08,10.5,10.9,10.1,10.2,10.2,6720,0.0,0.0
2026-06-09,10.6,10.6,9.5,10.0,10.0,8030,0.0,0.0
2026-06-10,10.1,11.6,9.8,11.0,11.0,21300,0.0,0.0
2026-06-11,10.7,10.7,10.0,10.7,10.7,8280,0.0,0.0
2026-06-12,10.8,10.8,10.1,10.5,10.5,2310,0.0,0.0
2026-06-15,10.3,10.9,10.1,10.5,10.5,10250,0.0,0.0
2026-06-16,10.4,10.4,9.5,9.8,9.8,3790,0.0,0.0
2026-06-17,10.0,10.0,9.4,9.5,9.5,1210,0.0,0.0
2026-06-18,9.7,9.7,8.1,8.4,8.4,7500,0.0,0.0
2026-06-22,8.6,9.6,8.2,8.7,8.7,3243000,0.0,0.0
2026-06-23,11.4,11.6,9.2,9.2,9.2,4704890,0.0,0.0
2026-06-24,14.5,17.9,11.2,11.9,11.9,10013620,0.0,0.0
2026-06-25,10.6,12.5,9.2,12.1,12.1,285770,0.0,0.0
2026-06-26,11.5,13.3,10.7,10.9,10.9,123600,0.0,0.0
2026-06-29,10.8,11.3,9.8,9.8,9.8,56720,0.0,0.0
2026-06-30,9.4,9.4,7.8,8.5,8.5,74160,0.0,0.0
2026-07-01,8.5,8.7,8.0,8.7,8.7,24500,0.0,0.0
2026-07-02,8.4,8.4,7.8,7.9,7.9,25290,0.0,0.0
2026-07-06,7.8,7.8,7.2,7.7,7.7,32030,0.0,0.0
2026-07-07,7.7,7.8,6.1,7.1,7.1,2168660,0.0,0.0
2026-07-08,12.1,17.4,12.0,13.7,13.7,19265370,0.0,0.0
2026-07-09,10.6,12.0,10.3,11.4,11.4,491260,0.0,0.0
2026-07-10,10.9,11.0,7.1,7.9,7.9,248130,0.0,0.0
2026-07-13,7.4,7.4,6.2,6.5,6.5,226610,0.0,0.0
2026-07-14,5.8,7.2,5.5,5.6,5.6,2367870,0.0,0.0
2026-07-15,7.3,7.7,5.8,5.8,5.8,5411160,0.0,0.0
2026-07-16,5.6,6.5,5.6,6.4,6.4,454040,0.0,0.0
2026-07-17,5.8,6.4,5.4,5.6,5.6,240570,0.0,0.0
2026-07-20,5.2,5.3,3.1,5.0,5.0,258150,0.0,0.0
2026-07-21,4.3,5.0,4.2,4.9,4.9,829800,0.0,0.0
2026-07-22,4.0,4.1,3.8,3.9,3.9,190080,0.0,0.0
2026-07-23,3.7,4.2,3.5,4.1,4.1,107660,0.0,0.0
2026-07-24,3.5,3.5,2.3,2.6,2.6,572050,0.0,0.0
2026-07-27,2.7,3.2,2.6,2.9,2.9,3607340,0.0,0.0
2026-07-28,2.9,3.1,2.7,2.8,2.8,239080,0.0,0.0
2026-07-29,2.9,2.9,2.6,2.8,2.8,133510,0.0,0.0
2026-07-30,2.8,2.8,2.7,2.8,2.8,67370,0.0,0.0
2026-07-31,2.8,2.8,2.5,2.5,2.5,71510,0.0,0.0
2026-08-03,2.7,2.7,2.5,2.6,2.6,61850,0.0,0.0
2026-08-04,2.6,2.9,2.6,2.8,2.8,103500,0.0,0.0
2026-08-05,2.8,2.8,2.6,2.8,2.8,34400,0.0,0.0
2026-08-06,2.7,2.8,2.6,2.7,2.7,1458800,0.0,0.0
2026-08-07,2.8,2.9,2.6,2.8,2.8,2000200,0.0,0.0
2026-08-10,2.8,3.1,2.7,3.1,3.1,407620,0.0,0.0
2026-08-11,3.1,3.1,2.8,2.9,2.9,3546830,0.0,0.0
2026-08-12,2.9,2.9,2.7,2.9,2.9,164300,0.0,0.0
2026-08-13,2.7,2.9,2.7,2.9,2.9,91170,0.0,0.0
2026-08-14,2.8,2.9,2.7,2.8,2.8,76700,0.0,0.0
2026-08-17,2.5,2.5,2.3,2.3,2.3,358730,0.0,0.0
2026-08-18,2.3,2.3,2.0,2.2,2.2,345500,0.0,0.0
2026-08-19,2.1,2.2,1.9,2.1,2.1,168790,0.0,0.0
2026-08-20,2.1,2.1,2.0,2.1,2.1,102280,0.0,0.0
2026-08-21,2.1,2.1,2.0,2.1,2.1,44930,0.0,0.0
2026-08-24,2.0,2.1,2.0,2.1,2.1,40370,0.0,0.0
2026-08-25,2.1,2.2,2.1,2.1,2.1,111450,0.0,0.0
2026-08-26,2.1,2.2,2.0,2.1,2.1,95430,0.0,0.0
2026-08-27,2.1,2.1,1.9,2.0,2.0,2237470,0.0,0.0
2026-08-28,2.0,2.1,2.0,2.0,2.0,178250,0.0,0.0
2026-08-31,2.0,2.0,2.0,2.0,2.0,46730,0.0,0.0
2026-09-01,2.0,2.0,2.0,2.0,2.0,51200,0.0,0.0
2026-09-02,2.0,2.0,2.0,2.0,2.0,96900,0.0,0.0
2026-09-03,2.0,2.0,2.0,2.0,2.0,54190,0.0,0.0
2026-09-04,1.9,2.1,1.9,2.1,2.1,87950,0.0,0.0
2026-09-08,2.0,2.0,1.9,1.9,1.9,65650,0.0,0.0
2026-09-09,1.9,1.9,1.7,1.8,1.8,222400,0.0,0.0
2026-09-10,1.7,1.7,1.6,1.7,1.7,90090,0.0,0.0
2026-09-11,1.7,1.8,1.7,1.8,1.8,73620,0.0,0.0
2026-09-14,1.7,1.8,1.7,1.7,1.7,45330,0.0,0.0
2026-09-15,1.6,1.7,1.5,1.5,1.5,144490,0.0,0.0
2026-09-16,1.5,1.6,1.5,1.6,1.6,99650,0.0,0.0
2026-09-17,1.6,1.6,1.5,1.5,1.5,1461260,0.0,0.0
2026-09-18,1.5,1.5,1.4,1.5,1.5,111110,0.0,0.0
2026-09-21,1.5,1.5,1.4,1.5,1.5,58850,0.0,0.0
2026-09-22,1.5,1.5,1.5,1.5,1.5,49490,0.0,0.0
2026-09-23,1.5,1.6,1.5,1.6,1.6,95830,0.0,0.0
2026-09-24,1.6,1.6,1.5,1.6,1.6,67560,0.0,0.0
2026-09-25,1.6,1.6,1.5,1.5,1.5,61840,0.0,0.0
2026-09-28,1.5,1.6,1.3,1.5,1.5,147530,0.0,0.0
2026-09-29,1.5,1.5,1.4,1.4,1.4,44630,0.0,0.0
2026-09-30,1.4,1.6,1.4,1.5,1.5,83910,0.0,0.0
2026-10-01,1.5,1.6,1.5,1.5,1.5,25220,0.0,0.0
2026-10-02,1.5,1.6,1.5,1.5,1.5,130550,0.0,0.0
2026-10-05,1.6,1.7,1.51,1.62,1.62,12569500,0.0,0.1
2026-10-06,1.23,1.27,0.95,1.03,1.03,2416900,0.0,0.0
2026-10-07,0.96,0.98,0.87,0.93,0.93,631000,0.0,0.0
