Date,Open,High,Low,Close,Adj Close,Volume,Dividends,Stock Splits
1993-08-12,14.5,14.5,13.6875,14.3125,2.608985,13086600,0.0,0.0
1993-08-13,14.25,14.25,13.875,13.875,2.529235,1277800,0.0,0.0
1993-08-16,13.875,14.0,13.8125,14.0,2.552021,559000,0.0,0.0
1993-08-17,14.0,14.125,13.9375,14.0625,2.563414,545600,0.0,0.0
1993-08-18,14.0625,14.0625,14.0625,14.0625,2.563414,469200,0.0,0.0
1993-08-19,14.0625,14.0625,13.8125,13.8125,2.517842,409400,0.0,0.0
1993-08-20,13.875,14.0625,13.875,13.9375,2.540629,540800,0.0,0.0
1993-08-23,13.9375,14.0625,13.875,14.0,2.552021,335600,0.0,0.0
1993-08-24,14.0,14.1875,14.0,14.1875,2.586201,234400,0.0,0.0
1993-08-25,14.0625,14.0625,14.0,14.0,2.552021,102600,0.0,0.0
1993-08-26,14.0,14.3125,14.0,14.3125,2.608985,180400,0.0,0.0
1993-08-27,14.3125,14.3125,14.0625,14.125,2.574806,119600,0.0,0.0
1993-08-30,14.0625,14.25,14.0625,14.125,2.574806,71400,0.0,0.0
1993-08-31,14.125,14.4375,14.125,14.375,2.620379,147000,0.0,0.0
1993-09-01,14.4375,14.5,14.3125,14.3125,2.608985,141600,0.0,0.0
1993-09-02,14.5,14.5,14.375,14.5,2.643166,217600,0.0,0.0
1993-09-03,14.4375,14.8125,14.4375,14.625,2.665951,178800,0.0,0.0
1993-09-07,14.5625,14.8125,14.5625,14.6875,2.677345,167600,0.0,0.0
1993-09-08,14.8125,14.875,14.5,14.5,2.643166,276200,0.0,0.0
1993-09-09,14.5,14.875,14.5,14.625,2.665951,74400,0.0,0.0
1993-09-10,14.5625,15.25,14.5625,15.125,2.757094,245000,0.0,0.0
1993-09-13,14.9375,15.0,14.875,15.0,2.734308,251200,0.0,0.0
1993-09-14,14.75,14.8125,14.5625,14.75,2.688737,127000,0.0,0.0
1993-09-15,14.75,14.75,14.5625,14.75,2.688737,162400,0.0,0.0
1993-09-16,14.875,14.875,14.6875,14.875,2.711522,88800,0.0,0.0
1993-09-17,14.8125,15.0625,14.75,15.0625,2.745701,113000,0.0,0.0
1993-09-20,14.8125,14.9375,14.75,14.75,2.707612,15400,0.105,0.0
1993-09-21,14.875,14.875,14.6875,14.8125,2.719085,286000,0.0,0.0
1993-09-22,14.75,14.9375,14.6875,14.9375,2.742029,54800,0.0,0.0
1993-09-23,14.875,14.875,14.6875,14.8125,2.719085,51000,0.0,0.0
1993-09-24,14.75,15.0625,14.75,15.0625,2.764976,265000,0.0,0.0
1993-09-27,15.0625,15.75,15.0625,15.6875,2.879704,675400,0.0,0.0
1993-09-28,15.625,15.8125,15.5,15.75,2.891178,360800,0.0,0.0
1993-09-29,15.75,16.125,15.75,15.75,2.891178,823200,0.0,0.0
1993-09-30,15.6875,15.75,15.5,15.5625,2.85676,138000,0.0,0.0
1993-10-01,15.5625,15.75,15.5625,15.5625,2.85676,31600,0.0,0.0
1993-10-04,15.5,15.5,15.125,15.25,2.799395,27600,0.0,0.0
1993-10-05,15.25,15.4375,15.1875,15.25,2.799395,87600,0.0,0.0
1993-10-06,15.125,15.5625,15.125,15.5,2.845285,327600,0.0,0.0
1993-10-07,15.375,15.75,15.375,15.5625,2.85676,40400,0.0,0.0
1993-10-08,15.6875,17.5,15.6875,17.125,3.143583,1242600,0.0,0.0
1993-10-11,17.0,17.25,17.0,17.0,3.120638,885200,0.0,0.0
1993-10-12,17.0,18.25,17.0,18.0,3.304205,708200,0.0,0.0
1993-10-13,18.125,18.125,17.75,17.75,3.258311,55600,0.0,0.0
1993-10-14,17.75,17.75,17.75,17.75,3.258311,55000,0.0,0.0
1993-10-15,17.75,18.375,17.75,18.125,3.327149,200600,0.0,0.0
1993-10-18,18.0625,18.3125,17.75,18.0625,3.315676,47200,0.0,0.0
1993-10-19,17.9375,17.9375,17.5,17.5,3.21242,173400,0.0,0.0
1993-10-20,17.5,17.5625,17.0625,17.4375,3.200948,141600,0.0,0.0
1993-10-21,17.3125,17.3125,17.1875,17.25,3.166531,32200,0.0,0.0
1993-10-22,17.1875,17.75,17.1875,17.5,3.21242,161000,0.0,0.0
1993-10-25,17.4375,17.625,17.125,17.375,3.189476,48000,0.0,0.0
1993-10-26,17.125,17.125,16.9375,16.9375,3.109163,27000,0.0,0.0
1993-10-27,16.75,16.8125,16.6875,16.75,3.074746,122400,0.0,0.0
1993-10-28,16.75,17.0,16.5,17.0,3.120638,75400,0.0,0.0
1993-10-29,17.125,17.3125,17.0,17.3125,3.178002,224400,0.0,0.0
1993-11-01,17.25,17.375,17.1875,17.375,3.189476,24400,0.0,0.0
1993-11-02,17.25,17.375,17.1875,17.3125,3.178002,68800,0.0,0.0
1993-11-03,17.3125,17.5,17.25,17.5,3.21242,233600,0.0,0.0
1993-11-04,17.4375,17.4375,16.875,16.875,3.097692,267400,0.0,0.0
1993-11-05,16.875,17.5,16.875,17.375,3.189476,333200,0.0,0.0
1993-11-08,17.5,17.9375,17.375,17.9375,3.29273,164600,0.0,0.0
1993-11-09,18.125,18.25,17.9375,17.9375,3.29273,192800,0.0,0.0
1993-11-10,17.8125,17.8125,17.625,17.625,3.235366,6800,0.0,0.0
1993-11-11,17.5,17.5,17.1875,17.375,3.189476,95800,0.0,0.0
1993-11-12,17.5,17.5,17.375,17.4375,3.200948,70400,0.0,0.0
1993-11-15,17.3125,17.3125,16.75,17.25,3.166531,138000,0.0,0.0
1993-11-16,17.1875,17.1875,16.875,16.9375,3.109163,12200,0.0,0.0
1993-11-17,16.8125,16.875,16.3125,16.4375,3.01738,190800,0.0,0.0
1993-11-18,16.25,16.3125,15.5625,15.75,2.891178,310600,0.0,0.0
1993-11-19,15.75,15.8125,15.5625,15.75,2.891178,180200,0.0,0.0
1993-11-22,15.6875,15.6875,15.625,15.6875,2.879704,52200,0.0,0.0
1993-11-23,15.6875,15.75,15.5,15.5625,2.85676,163200,0.0,0.0
1993-11-24,15.4375,15.6875,15.375,15.5625,2.85676,289200,0.0,0.0
1993-11-26,15.5625,15.5625,15.5,15.5,2.845285,19000,0.0,0.0
1993-11-29,15.625,15.75,15.4375,15.5,2.845285,96400,0.0,0.0
1993-11-30,15.4375,16.25,15.4375,16.25,2.982962,162600,0.0,0.0
1993-12-01,16.125,16.125,15.625,15.8125,2.902651,117600,0.0,0.0
1993-12-02,15.625,15.625,15.4375,15.625,2.911501,28200,0.235,0.0
1993-12-03,15.5,15.5,15.3125,15.5,2.888211,34800,0.0,0.0
1993-12-06,15.3125,15.6875,15.3125,15.6875,2.923147,191800,0.0,0.0
1993-12-07,15.6875,15.75,15.5,15.75,2.934794,22600,0.0,0.0
1993-12-08,15.75,15.75,15.5,15.5,2.888211,27000,0.0,0.0
1993-12-09,15.5,15.6875,15.5,15.5625,2.899857,52400,0.0,0.0
1993-12-10,15.6875,15.6875,15.5,15.625,2.911501,146000,0.0,0.0
1993-12-13,15.6875,15.6875,15.5,15.625,2.911501,257200,0.0,0.0
1993-12-14,15.625,15.625,14.875,14.875,2.771749,168800,0.0,0.0
1993-12-15,14.75,15.5,14.5625,15.5,2.888211,409600,0.0,0.0
1993-12-16,15.5,16.125,15.5,15.75,2.934794,119800,0.0,0.0
1993-12-17,15.875,15.875,15.625,15.625,2.911501,59400,0.0,0.0
1993-12-20,15.625,15.75,15.5625,15.625,2.911501,54600,0.0,0.0
1993-12-21,15.75,15.75,15.25,15.375,2.864917,239000,0.0,0.0
1993-12-22,15.5,15.5625,15.5,15.5,2.888211,16600,0.0,0.0
1993-12-23,15.5625,15.75,15.5,15.5,2.888211,51000,0.0,0.0
1993-12-27,15.5,15.5,15.5,15.5,2.888211,50000,0.0,0.0
1993-12-28,15.625,15.9375,15.625,15.9375,2.969733,239000,0.0,0.0
1993-12-29,15.875,15.9375,15.75,15.8125,2.94644,394600,0.0,0.0
1993-12-30,15.75,15.75,15.5,15.75,2.934794,160000,0.0,0.0
1993-12-31,15.8125,15.9375,15.5625,15.9375,2.969733,56000,0.0,0.0
1994-01-03,15.8125,15.8125,15.25,15.25,2.841626,82200,0.0,0.0
1994-01-04,15.375,15.5,15.375,15.4375,2.876564,269000,0.0,0.0
1994-01-05,15.4375,15.4375,14.9375,15.0,2.795041,48000,0.0,0.0
1994-01-06,15.0,15.0,14.875,14.9375,2.783395,56200,0.0,0.0
1994-01-07,14.875,14.875,14.3125,14.4375,2.690226,235600,0.0,0.0
1994-01-10,14.4375,14.5625,14.4375,14.5,2.701874,136400,0.0,0.0
1994-01-11,14.5,14.8125,14.4375,14.625,2.725165,89200,0.0,0.0
1994-01-12,14.75,15.0,14.75,14.875,2.771749,130400,0.0,0.0
1994-01-13,14.9375,15.0,14.9375,15.0,2.795041,67400,0.0,0.0
1994-01-14,15.0625,15.0625,14.875,14.875,2.771749,45800,0.0,0.0
1994-01-17,15.0,15.0,14.5,14.5,2.701874,7000,0.0,0.0
1994-01-18,14.3125,14.5,14.1875,14.375,2.678583,228400,0.0,0.0
1994-01-19,14.25,14.5,14.25,14.5,2.701874,124800,0.0,0.0
1994-01-20,14.625,14.75,14.5625,14.6875,2.736813,430200,0.0,0.0
1994-01-21,14.625,14.6875,14.5625,14.5625,2.71352,765000,0.0,0.0
1994-01-24,14.5625,14.625,14.5,14.5625,2.71352,376000,0.0,0.0
1994-01-25,14.5625,14.5625,14.1875,14.375,2.678583,353000,0.0,0.0
1994-01-26,14.25,14.5,14.25,14.375,2.678583,183400,0.0,0.0
1994-01-27,14.4375,14.5625,14.3125,14.5625,2.71352,264000,0.0,0.0
1994-01-28,14.5625,14.5625,14.375,14.375,2.678583,213600,0.0,0.0
1994-01-31,14.5,14.5625,14.4375,14.5625,2.71352,270800,0.0,0.0
1994-02-01,14.5,14.625,14.4375,14.5625,2.71352,279000,0.0,0.0
1994-02-02,14.5625,14.625,14.5625,14.625,2.725165,184800,0.0,0.0
1994-02-03,14.5625,14.625,14.5,14.5625,2.71352,114600,0.0,0.0
1994-02-04,14.6875,14.6875,14.3125,14.3125,2.666936,136600,0.0,0.0
1994-02-07,14.25,14.5,14.25,14.5,2.701874,32200,0.0,0.0
1994-02-08,14.5,14.5,14.3125,14.5,2.701874,114400,0.0,0.0
1994-02-09,14.5,14.625,14.375,14.5625,2.71352,283400,0.0,0.0
1994-02-10,14.5625,14.75,14.5625,14.625,2.725165,297800,0.0,0.0
1994-02-11,14.625,14.9375,14.625,14.9375,2.783395,90800,0.0,0.0
1994-02-14,14.8125,15.375,14.8125,15.3125,2.853272,305000,0.0,0.0
1994-02-15,15.3125,15.3125,15.1875,15.1875,2.829979,173600,0.0,0.0
1994-02-16,15.1875,15.3125,15.1875,15.3125,2.853272,63400,0.0,0.0
1994-02-17,15.4375,15.9375,15.4375,15.9375,2.969733,309200,0.0,0.0
1994-02-18,16.0,16.375,16.0,16.1875,3.016316,282000,0.0,0.0
1994-02-22,16.3125,16.75,16.3125,16.625,3.097839,115200,0.0,0.0
1994-02-23,16.5,16.625,16.375,16.625,3.097839,192800,0.0,0.0
1994-02-24,16.5,16.5,16.0,16.0,2.981377,170000,0.0,0.0
1994-02-25,16.125,16.125,16.0,16.0625,2.993024,144000,0.0,0.0
1994-02-28,16.0,16.4375,16.0,16.4375,3.062901,125000,0.0,0.0
1994-03-01,16.375,16.375,16.0625,16.3125,3.039609,227400,0.0,0.0
1994-03-02,16.1875,16.25,16.0,16.0,2.981377,175000,0.0,0.0
1994-03-03,15.8125,16.0,15.75,16.0,2.981377,63600,0.0,0.0
1994-03-04,16.0,16.0,15.875,16.0,2.981377,6600,0.0,0.0
1994-03-07,16.0,16.125,15.9375,16.125,3.004669,72600,0.0,0.0
1994-03-08,16.125,16.3125,16.0,16.0,2.981377,38200,0.0,0.0
1994-03-09,15.9375,15.9375,15.5,15.6875,2.923147,33200,0.0,0.0
1994-03-10,15.75,16.125,15.75,15.875,2.958086,13000,0.0,0.0
1994-03-11,16.0,16.0,15.6875,15.9375,2.969733,55600,0.0,0.0
1994-03-14,15.9375,16.25,15.625,16.25,3.027963,65000,0.0,0.0
1994-03-15,16.125,16.125,15.8125,16.0,2.981377,117800,0.0,0.0
1994-03-16,16.0625,16.0625,15.875,15.9375,2.969733,19800,0.0,0.0
1994-03-17,15.9375,16.375,15.9375,16.3125,3.039609,202800,0.0,0.0
1994-03-18,16.375,16.5,16.125,16.375,3.051254,117200,0.0,0.0
1994-03-21,16.125,16.375,16.0,16.375,3.096641,250000,0.24,0.0
1994-03-22,16.375,16.375,16.25,16.25,3.073003,151000,0.0,0.0
1994-03-23,16.375,16.6875,16.375,16.6875,3.155735,66600,0.0,0.0
1994-03-24,16.6875,16.6875,16.4375,16.6875,3.155735,75200,0.0,0.0
1994-03-25,16.5625,16.6875,16.5625,16.6875,3.155735,9600,0.0,0.0
1994-03-28,16.625,16.625,16.25,16.375,3.096641,73000,0.0,0.0
1994-03-29,16.375,16.375,15.5,15.625,2.954808,295800,0.0,0.0
1994-03-30,15.5625,15.5625,14.875,15.25,2.883894,358000,0.0,0.0
1994-03-31,15.3125,15.375,15.0,15.0625,2.848435,189000,0.0,0.0
1994-04-04,14.9375,15.0,14.25,14.875,2.812978,491000,0.0,0.0
1994-04-05,15.0,15.0,14.75,15.0,2.836617,110800,0.0,0.0
1994-04-06,15.0625,15.875,15.0625,15.875,3.002085,53200,0.0,0.0
1994-04-07,16.0,16.625,16.0,16.625,3.143918,97400,0.0,0.0
1994-04-08,16.625,16.625,16.0625,16.0625,3.037543,23000,0.0,0.0
1994-04-11,16.1875,16.625,16.125,16.625,3.143918,121600,0.0,0.0
1994-04-12,16.5625,16.75,16.375,16.375,3.096641,207000,0.0,0.0
1994-04-13,16.25,16.25,15.75,15.75,2.978448,58000,0.0,0.0
1994-04-14,15.875,16.0,15.625,15.625,2.954808,49800,0.0,0.0
1994-04-15,15.625,15.9375,15.625,15.875,3.002085,293800,0.0,0.0
1994-04-18,15.75,16.0,15.75,16.0,3.025724,9600,0.0,0.0
1994-04-19,16.0,16.125,15.8125,16.0,3.025724,33600,0.0,0.0
1994-04-20,15.875,15.875,15.75,15.875,3.002085,91600,0.0,0.0
1994-04-21,15.875,15.9375,15.875,15.875,3.002085,61000,0.0,0.0
1994-04-22,15.875,15.9375,15.8125,15.9375,3.013907,19800,0.0,0.0
1994-04-25,15.8125,16.3125,15.8125,16.3125,3.084821,33400,0.0,0.0
1994-04-26,16.375,16.375,16.1875,16.1875,3.061183,6200,0.0,0.0
1994-04-28,16.1875,16.375,16.125,16.375,3.096641,353000,0.0,0.0
1994-04-29,16.375,16.375,16.25,16.375,3.096641,244400,0.0,0.0
1994-05-02,16.375,16.375,16.25,16.25,3.073003,21200,0.0,0.0
1994-05-03,16.125,16.1875,16.0625,16.1875,3.061183,28000,0.0,0.0
1994-05-04,16.1875,16.25,16.0,16.125,3.049363,27000,0.0,0.0
1994-05-05,16.25,16.25,16.0625,16.125,3.049363,8400,0.0,0.0
1994-05-06,16.125,16.25,16.0625,16.125,3.049363,30000,0.0,0.0
1994-05-09,16.125,16.4375,16.125,16.375,3.096641,270400,0.0,0.0
1994-05-10,16.4375,17.125,16.375,17.0625,3.226653,77000,0.0,0.0
1994-05-11,17.0625,17.375,17.0625,17.375,3.285749,393400,0.0,0.0
1994-05-12,17.5,17.5625,17.375,17.4375,3.297567,227000,0.0,0.0
1994-05-13,17.4375,17.5625,17.4375,17.5625,3.321206,92600,0.0,0.0
1994-05-16,17.5,17.5625,17.5,17.5,3.309388,29400,0.0,0.0
1994-05-17,17.5,17.5625,17.3125,17.3125,3.27393,180200,0.0,0.0
1994-05-18,17.375,17.5,16.8125,17.25,3.309421,141800,0.2475,0.0
1994-05-19,17.125,17.125,17.0,17.0,3.261459,41200,0.0,0.0
1994-05-20,16.875,17.125,16.8125,17.0,3.261459,53600,0.0,0.0
1994-05-23,16.875,17.125,16.75,17.125,3.28544,30600,0.0,0.0
1994-05-24,17.0,17.25,16.9375,17.25,3.309421,69800,0.0,0.0
1994-05-25,17.3125,17.4375,17.1875,17.3125,3.321413,11600,0.0,0.0
1994-05-26,17.3125,17.3125,17.125,17.125,3.28544,55600,0.0,0.0
1994-05-27,17.0625,17.3125,17.0625,17.3125,3.321413,65000,0.0,0.0
1994-05-31,17.3125,17.3125,16.875,16.875,3.237478,76800,0.0,0.0
1994-06-01,17.0,17.25,17.0,17.0,3.261459,78400,0.0,0.0
1994-06-02,17.125,17.25,17.0625,17.1875,3.297432,11800,0.0,0.0
1994-06-03,17.3125,17.375,17.125,17.125,3.28544,25400,0.0,0.0
1994-06-06,17.0,17.3125,17.0,17.3125,3.321413,133800,0.0,0.0
1994-06-07,17.4375,17.5,17.3125,17.5,3.357385,21400,0.0,0.0
1994-06-08,17.5,17.5,17.375,17.375,3.333402,47200,0.0,0.0
1994-06-09,17.25,17.3125,17.125,17.25,3.309421,27000,0.0,0.0
1994-06-10,17.125,17.25,17.0,17.0,3.261459,12800,0.0,0.0
1994-06-13,16.875,17.0,16.75,16.9375,3.249466,53200,0.0,0.0
1994-06-14,16.9375,17.0,16.75,17.0,3.261459,22000,0.0,0.0
1994-06-15,17.125,17.125,16.875,16.875,3.237478,16800,0.0,0.0
1994-06-16,17.0,17.125,16.9375,17.125,3.28544,53400,0.0,0.0
1994-06-17,17.125,17.125,16.8125,16.8125,3.225486,182000,0.0,0.0
1994-06-20,16.5,16.5,15.9375,16.0625,3.12764,140400,0.2475,0.0
1994-06-21,16.1875,16.1875,16.0,16.0625,3.12764,7200,0.0,0.0
1994-06-22,16.1875,16.25,16.0,16.25,3.16415,43600,0.0,0.0
1994-06-23,16.25,16.25,15.5625,15.5625,3.030283,32000,0.0,0.0
1994-06-24,15.5625,15.5625,15.5,15.5,3.018113,73600,0.0,0.0
1994-06-27,15.5,15.5,15.3125,15.375,2.993773,20800,0.0,0.0
1994-06-28,15.375,15.40625,15.0625,15.125,2.945093,300600,0.0,0.0
1994-06-29,15.125,15.1875,15.0,15.0,2.920754,140200,0.0,0.0
1994-06-30,15.0,15.1875,14.875,14.875,2.896415,132200,0.0,0.0
1994-07-01,15.0,15.25,15.0,15.25,2.969433,103600,0.0,0.0
1994-07-05,15.3125,15.625,15.125,15.25,2.969433,95400,0.0,0.0
1994-07-06,15.1875,15.1875,14.5625,15.125,2.945093,112600,0.0,0.0
1994-07-07,15.0,15.375,15.0,15.375,2.993773,122200,0.0,0.0
1994-07-08,15.25,15.4375,15.25,15.4375,3.005943,103600,0.0,0.0
1994-07-11,15.5,15.5,15.3125,15.4375,3.005943,40600,0.0,0.0
1994-07-12,15.3125,15.375,15.3125,15.375,2.993773,23800,0.0,0.0
1994-07-13,15.375,15.375,15.25,15.375,2.993773,105800,0.0,0.0
1994-07-14,15.4375,15.75,15.4375,15.75,3.066792,92000,0.0,0.0
1994-07-15,15.75,16.125,15.75,16.0625,3.12764,77200,0.0,0.0
1994-07-18,16.0,16.0,15.875,15.875,3.091131,136200,0.0,0.0
1994-07-19,15.75,15.75,15.625,15.6875,3.054621,128000,0.0,0.0
1994-07-20,15.625,15.75,15.625,15.625,3.042453,140800,0.0,0.0
1994-07-21,15.65625,16.125,15.625,16.0625,3.12764,6885000,0.0,0.0
1994-07-22,16.125,16.125,15.8125,15.875,3.091131,746200,0.0,0.0
1994-07-25,15.9375,16.1875,15.8125,16.125,3.139812,509600,0.0,0.0
1994-07-26,16.125,16.5625,16.101562,16.125,3.139812,1134200,0.0,0.0
1994-07-27,16.125,16.25,16.0,16.1875,3.151982,69800,0.0,0.0
1994-07-28,16.125,16.1875,15.875,16.125,3.139812,196000,0.0,0.0
1994-07-29,16.1875,16.4375,16.1875,16.375,3.188491,407400,0.0,0.0
1994-08-01,16.375,16.5,16.0625,16.0625,3.12764,92600,0.0,0.0
1994-08-02,16.0,16.25,16.0,16.0,3.11547,34400,0.0,0.0
1994-08-03,16.25,16.3125,15.8125,15.8125,3.078963,56400,0.0,0.0
1994-08-04,15.875,16.0,15.625,16.0,3.11547,110600,0.0,0.0
1994-08-05,16.0,16.0625,15.8125,15.9375,3.103302,292000,0.0,0.0
1994-08-08,16.125,16.125,15.9375,16.125,3.139812,277000,0.0,0.0
1994-08-09,16.0625,16.25,16.0,16.0625,3.12764,154600,0.0,0.0
1994-08-10,16.1875,16.3125,16.1875,16.3125,3.17632,131400,0.0,0.0
1994-08-11,16.3125,16.3125,16.0625,16.0625,3.12764,25000,0.0,0.0
1994-08-12,16.0625,16.1875,16.0625,16.1875,3.151982,96800,0.0,0.0
1994-08-15,16.1875,16.25,16.125,16.25,3.16415,78200,0.0,0.0
1994-08-16,16.25,16.375,16.125,16.375,3.188491,74000,0.0,0.0
1994-08-17,16.375,16.375,16.1875,16.375,3.188491,132400,0.0,0.0
1994-08-18,16.375,16.4375,16.125,16.1875,3.151982,122000,0.0,0.0
1994-08-19,16.25,16.3125,15.8125,16.0,3.11547,141000,0.0,0.0
1994-08-22,16.0,16.1875,16.0,16.1875,3.151982,17400,0.0,0.0
1994-08-23,16.125,16.125,15.875,15.875,3.091131,111800,0.0,0.0
1994-08-24,15.875,16.1875,15.875,16.125,3.139812,75200,0.0,0.0
1994-08-25,16.0625,16.4375,15.9375,16.125,3.139812,103600,0.0,0.0
1994-08-26,16.0625,16.25,16.0625,16.125,3.139812,26800,0.0,0.0
1994-08-29,16.25,16.375,16.0,16.375,3.188491,88200,0.0,0.0
1994-08-30,16.25,16.625,16.25,16.5625,3.224999,61200,0.0,0.0
1994-08-31,16.625,16.75,16.4375,16.5,3.21283,188200,0.0,0.0
1994-09-01,16.25,16.375,16.25,16.3125,3.17632,18800,0.0,0.0
1994-09-02,16.3125,16.4375,16.25,16.4375,3.20066,25600,0.0,0.0
1994-09-06,16.4375,16.4375,16.3125,16.4375,3.20066,23000,0.0,0.0
1994-09-07,16.4375,16.5,16.3125,16.5,3.21283,45600,0.0,0.0
1994-09-08,16.5,16.5,16.25,16.375,3.188491,97000,0.0,0.0
1994-09-09,16.4375,16.5625,16.375,16.4375,3.20066,157000,0.0,0.0
1994-09-12,16.5,16.5,16.4375,16.5,3.21283,34000,0.0,0.0
1994-09-13,16.5,16.5,16.0,16.125,3.139812,136800,0.0,0.0
1994-09-14,16.0,16.0625,15.625,15.75,3.066792,243800,0.0,0.0
1994-09-15,15.8125,16.0625,15.8125,15.9375,3.103302,334200,0.0,0.0
1994-09-16,15.9375,16.1875,15.875,16.0625,3.12764,120000,0.0,0.0
1994-09-19,16.1875,16.375,16.0,16.375,3.188491,52000,0.0,0.0
1994-09-20,16.375,16.375,16.0,16.0,3.11547,21600,0.0,0.0
1994-09-21,16.0,16.25,16.0,16.125,3.139812,34400,0.0,0.0
1994-09-22,16.0625,16.125,16.0625,16.0625,3.12764,112800,0.0,0.0
1994-09-23,16.0625,16.1875,16.0,16.125,3.139812,44400,0.0,0.0
1994-09-26,16.0,16.0625,15.875,15.875,3.138823,204800,0.245,0.0
1994-09-27,15.875,15.875,15.625,15.75,3.114107,209000,0.0,0.0
1994-09-28,15.875,15.875,15.6875,15.6875,3.101752,52200,0.0,0.0
1994-09-29,15.75,15.8125,15.6875,15.8125,3.126465,134600,0.0,0.0
1994-09-30,15.9375,15.9375,15.75,15.875,3.138823,252400,0.0,0.0
1994-10-03,15.875,16.125,15.875,16.0,3.163537,141000,0.0,0.0
1994-10-04,15.9375,16.0,14.5,15.125,2.99053,1754200,0.0,0.0
1994-10-05,15.125,15.25,14.9375,15.0,2.965816,402800,0.0,0.0
1994-10-06,15.0625,15.25,15.0,15.25,3.015248,192400,0.0,0.0
1994-10-07,15.4375,15.5,15.0625,15.4375,3.05232,279800,0.0,0.0
1994-10-10,15.4375,15.5,15.3125,15.5,3.064677,161200,0.0,0.0
1994-10-11,15.5,15.75,15.5,15.75,3.114107,342200,0.0,0.0
1994-10-12,15.6875,15.75,15.25,15.375,3.039961,346600,0.0,0.0
1994-10-13,15.5,15.5,15.25,15.3125,3.027604,165000,0.0,0.0
1994-10-14,15.1875,15.3125,15.0,15.125,2.99053,31400,0.0,0.0
1994-10-17,15.25,15.375,15.25,15.25,3.015248,32200,0.0,0.0
1994-10-18,15.25,15.5,15.25,15.375,3.039961,202600,0.0,0.0
1994-10-19,15.4375,15.5625,15.4375,15.5,3.064677,328400,0.0,0.0
1994-10-20,15.5,15.625,15.5,15.5625,3.077037,268600,0.0,0.0
1994-10-21,15.4375,15.5,15.375,15.375,3.039961,373200,0.0,0.0
1994-10-24,15.4375,15.5,15.375,15.4375,3.05232,104000,0.0,0.0
1994-10-25,15.375,15.4375,15.25,15.375,3.039961,87400,0.0,0.0
1994-10-26,15.375,15.4375,15.3125,15.3125,3.027604,730800,0.0,0.0
1994-10-27,15.3125,15.375,15.3125,15.3125,3.027604,10400,0.0,0.0
1994-10-28,15.375,15.5,15.1875,15.25,3.015248,277800,0.0,0.0
1994-10-31,15.125,15.125,14.875,14.9375,2.953459,157800,0.0,0.0
1994-11-01,14.9375,14.9375,14.5,14.6875,2.904029,379600,0.0,0.0
1994-11-02,14.6875,14.8125,14.625,14.625,2.89167,6000,0.0,0.0
1994-11-03,14.75,14.75,14.25,14.4375,2.854599,89200,0.0,0.0
1994-11-04,14.4375,14.4375,14.25,14.4375,2.854599,101000,0.0,0.0
1994-11-07,14.4375,14.5625,14.375,14.375,2.842242,54200,0.0,0.0
1994-11-08,14.375,14.375,14.3125,14.3125,2.829882,579000,0.0,0.0
1994-11-09,14.375,14.375,14.1875,14.1875,2.805169,47600,0.0,0.0
1994-11-10,14.125,14.125,14.0,14.0,2.768095,517400,0.0,0.0
1994-11-11,13.9375,13.9375,13.5625,13.875,2.743381,123400,0.0,0.0
1994-11-14,14.0,14.0,13.875,14.0,2.768095,101600,0.0,0.0
1994-11-15,14.0625,14.0625,13.75,13.875,2.743381,321000,0.0,0.0
1994-11-16,13.75,13.875,13.75,13.75,2.718664,152600,0.0,0.0
1994-11-17,13.75,13.8125,13.5,13.5,2.669235,96200,0.0,0.0
1994-11-18,13.5,13.5,13.25,13.5,2.669235,288800,0.0,0.0
1994-11-21,13.625,13.625,13.375,13.375,2.644521,210600,0.0,0.0
1994-11-22,13.375,13.4375,12.875,12.9375,2.558017,370800,0.0,0.0
1994-11-23,12.875,13.8125,12.875,13.4375,2.656878,267600,0.0,0.0
1994-11-25,13.4375,13.625,13.4375,13.625,2.693951,189400,0.0,0.0
1994-11-28,13.5,13.625,13.375,13.5,2.669235,172200,0.0,0.0
1994-11-29,13.4375,13.5,13.4375,13.5,2.669235,90400,0.0,0.0
1994-11-30,13.5,13.5625,13.4375,13.5625,2.681593,51800,0.0,0.0
1994-12-01,13.4375,13.5,13.375,13.4375,2.656878,342000,0.0,0.0
1994-12-02,13.4375,13.5625,13.375,13.5625,2.681593,327200,0.0,0.0
1994-12-05,13.5625,13.75,13.375,13.5,2.669235,224800,0.0,0.0
1994-12-06,13.5,13.625,13.0625,13.125,2.595089,177800,0.0,0.0
1994-12-07,13.25,13.375,13.1875,13.375,2.644521,119000,0.0,0.0
1994-12-08,13.5,13.625,13.5,13.5625,2.681593,160400,0.0,0.0
1994-12-09,13.5625,13.9375,13.5625,13.9375,2.755738,133600,0.0,0.0
1994-12-12,14.1875,14.3125,14.125,14.25,2.817526,290800,0.0,0.0
1994-12-13,14.25,14.4375,14.25,14.4375,2.854599,178800,0.0,0.0
1994-12-14,14.4375,14.5,14.25,14.375,2.842242,69200,0.0,0.0
1994-12-15,14.375,14.75,14.375,14.75,2.916386,218400,0.0,0.0
1994-12-16,14.875,15.125,14.875,15.0625,2.978175,147600,0.0,0.0
1994-12-19,15.0625,15.1875,15.0,15.1875,3.002889,40400,0.0,0.0
1994-12-20,15.3125,15.3125,15.0,15.0,2.965816,121800,0.0,0.0
1994-12-21,15.0625,15.125,14.75,14.8125,2.928744,612400,0.0,0.0
1994-12-22,14.875,15.0,14.8125,14.9375,2.953459,37000,0.0,0.0
1994-12-23,14.625,14.9375,14.5625,14.9375,3.005777,38200,0.26,0.0
1994-12-27,14.9375,14.9375,14.6875,14.75,2.968048,196400,0.0,0.0
1994-12-28,14.75,14.75,14.5625,14.5625,2.930319,108800,0.0,0.0
1994-12-29,14.5625,14.625,14.125,14.375,2.89259,82000,0.0,0.0
1994-12-30,14.25,15.0,14.125,15.0,3.018353,383200,0.0,0.0
1995-01-03,15.0,15.0,14.5625,14.5625,2.930319,170400,0.0,0.0
1995-01-04,14.5,14.5625,14.375,14.5625,2.930319,153400,0.0,0.0
1995-01-05,14.5625,14.5625,14.0625,14.125,2.842283,101600,0.0,0.0
1995-01-06,14.25,14.375,14.1875,14.3125,2.880013,87000,0.0,0.0
1995-01-09,14.4375,14.5,14.125,14.125,2.842283,43800,0.0,0.0
1995-01-10,14.125,14.3125,14.125,14.25,2.867436,22600,0.0,0.0
1995-01-11,14.3125,14.375,14.0625,14.125,2.842283,135600,0.0,0.0
1995-01-12,14.0625,14.0625,14.0,14.0,2.817129,52000,0.0,0.0
1995-01-13,14.0,14.0625,13.875,14.0,2.817129,104600,0.0,0.0
1995-01-16,14.125,14.1875,13.8125,13.8125,2.7794,185200,0.0,0.0
1995-01-17,13.875,14.0625,13.8125,14.0625,2.829707,26000,0.0,0.0
1995-01-18,14.1875,14.1875,14.0,14.0,2.817129,34800,0.0,0.0
1995-01-19,14.0,14.0,13.875,13.875,2.791977,465000,0.0,0.0
1995-01-20,14.0,14.0,13.75,13.75,2.766824,279000,0.0,0.0
1995-01-23,13.875,13.875,13.375,13.375,2.691367,30400,0.0,0.0
1995-01-24,13.5,13.8125,13.5,13.5625,2.729095,246200,0.0,0.0
1995-01-25,13.5625,13.6875,13.4375,13.5,2.716519,87000,0.0,0.0
1995-01-26,13.5,13.5,13.4375,13.4375,2.703941,380600,0.0,0.0
1995-01-27,13.5,13.5,13.4375,13.5,2.716519,76000,0.0,0.0
1995-01-30,13.5,13.5,13.25,13.375,2.691367,51200,0.0,0.0
1995-01-31,13.375,13.375,13.3125,13.3125,2.678788,42400,0.0,0.0
1995-02-01,13.4375,13.4375,13.25,13.3125,2.678788,77600,0.0,0.0
1995-02-02,13.375,13.4375,13.1875,13.25,2.666212,83000,0.0,0.0
1995-02-03,13.1875,13.1875,12.5,12.875,2.590754,1265000,0.0,0.0
1995-02-06,12.8125,12.8125,12.6875,12.8125,2.578177,509400,0.0,0.0
1995-02-07,12.8125,13.1875,12.8125,13.0,2.615906,756800,0.0,0.0
1995-02-08,13.0,13.4375,13.0,13.3125,2.678788,884000,0.0,0.0
1995-02-09,13.375,13.5,13.375,13.5,2.716519,319200,0.0,0.0
1995-02-10,13.625,13.875,13.5,13.625,2.741672,245200,0.0,0.0
1995-02-13,13.625,13.6875,13.375,13.5625,2.729095,107400,0.0,0.0
1995-02-14,13.5625,13.875,13.5625,13.875,2.791977,344400,0.0,0.0
1995-02-15,13.875,13.875,13.75,13.75,2.766824,309000,0.0,0.0
1995-02-16,13.8125,13.8125,13.4375,13.5,2.716519,91400,0.0,0.0
1995-02-17,13.4375,13.4375,13.125,13.1875,2.653636,126000,0.0,0.0
1995-02-21,13.1875,13.75,13.1875,13.625,2.741672,322000,0.0,0.0
1995-02-22,13.75,13.75,13.625,13.75,2.766824,772800,0.0,0.0
1995-02-23,13.6875,13.75,13.5,13.625,2.741672,444600,0.0,0.0
1995-02-24,13.5625,13.625,13.5625,13.5625,2.729095,26600,0.0,0.0
1995-02-27,13.5625,13.6875,13.5,13.5,2.716519,232200,0.0,0.0
1995-02-28,13.4375,13.625,13.4375,13.5625,2.729095,257000,0.0,0.0
1995-03-01,13.5625,13.5625,13.5,13.5,2.716519,183400,0.0,0.0
1995-03-02,13.5,13.6875,13.5,13.625,2.741672,55600,0.0,0.0
1995-03-03,13.625,13.625,13.5,13.5,2.716519,167000,0.0,0.0
1995-03-06,13.5625,13.5625,13.4375,13.5,2.716519,27200,0.0,0.0
1995-03-07,13.5,13.5,13.25,13.375,2.691367,43600,0.0,0.0
1995-03-08,13.375,13.4375,13.3125,13.3125,2.678788,30200,0.0,0.0
1995-03-09,13.3125,13.4375,13.25,13.25,2.666212,112600,0.0,0.0
1995-03-10,13.3125,13.3125,13.0625,13.0625,2.628484,32000,0.0,0.0
1995-03-13,13.125,13.375,13.125,13.125,2.641059,152800,0.0,0.0
1995-03-14,13.1875,13.1875,13.0625,13.0625,2.628484,70800,0.0,0.0
1995-03-15,13.0625,13.125,13.0,13.0625,2.628484,104800,0.0,0.0
1995-03-16,13.0,13.0625,12.9375,13.0625,2.628484,290600,0.0,0.0
1995-03-17,13.0625,13.1875,12.9375,12.9375,2.603331,150400,0.0,0.0
1995-03-20,13.0,13.0,12.8125,12.9375,2.603331,309600,0.0,0.0
1995-03-21,12.9375,13.3125,12.9375,13.1875,2.653636,309400,0.0,0.0
1995-03-22,13.3125,13.5625,13.3125,13.5625,2.729095,252800,0.0,0.0
1995-03-23,13.625,13.625,13.4375,13.5,2.716519,133600,0.0,0.0
1995-03-24,13.4375,13.5,13.3125,13.3125,2.678788,80400,0.0,0.0
1995-03-27,13.1875,13.25,13.0,13.125,2.693153,378200,0.2575,0.0
1995-03-28,13.0625,13.125,13.0,13.0,2.667503,36800,0.0,0.0
1995-03-29,13.0,13.125,13.0,13.0,2.667503,312200,0.0,0.0
1995-03-30,12.9375,13.0,12.875,13.0,2.667503,154600,0.0,0.0
1995-03-31,13.0,13.0,12.9375,13.0,2.667503,476600,0.0,0.0
1995-04-03,13.0625,13.25,13.0,13.0,2.667503,91800,0.0,0.0
1995-04-04,13.0625,13.1875,13.0,13.1875,2.705976,206800,0.0,0.0
1995-04-05,13.1875,13.25,13.0,13.125,2.693153,110200,0.0,0.0
1995-04-06,13.125,13.1875,12.8125,12.9375,2.65468,313800,0.0,0.0
1995-04-07,13.0,13.0625,12.8125,13.0,2.667503,110200,0.0,0.0
1995-04-10,12.9375,13.0,12.875,13.0,2.667503,241600,0.0,0.0
1995-04-11,13.0,13.0,12.8125,12.875,2.641854,52400,0.0,0.0
1995-04-12,12.875,12.875,12.6875,12.6875,2.60338,118600,0.0,0.0
1995-04-13,12.8125,12.9375,12.75,12.75,2.616206,111600,0.0,0.0
1995-04-17,12.875,12.9375,12.8125,12.8125,2.629029,69200,0.0,0.0
1995-04-18,12.9375,13.0,12.625,12.8125,2.629029,97800,0.0,0.0
1995-04-19,12.9375,12.9375,12.5625,12.6875,2.60338,283000,0.0,0.0
1995-04-20,12.6875,12.6875,12.4375,12.5,2.564908,160600,0.0,0.0
1995-04-21,12.4375,12.5,12.4375,12.5,2.564908,335600,0.0,0.0
1995-04-24,12.5,12.8125,12.5,12.8125,2.629029,61800,0.0,0.0
1995-04-25,12.75,13.125,12.75,13.125,2.693153,149800,0.0,0.0
1995-04-26,13.1875,13.1875,13.0,13.1875,2.705976,49200,0.0,0.0
1995-04-27,13.25,13.4375,13.25,13.4375,2.757274,45400,0.0,0.0
1995-04-28,13.5,13.5,13.375,13.375,2.744452,41000,0.0,0.0
1995-05-01,13.4375,13.4375,13.3125,13.4375,2.757274,55400,0.0,0.0
1995-05-02,13.4375,13.4375,13.1875,13.1875,2.705976,34800,0.0,0.0
1995-05-03,13.25,13.25,13.1875,13.1875,2.705976,133200,0.0,0.0
1995-05-04,13.1875,13.75,13.1875,13.625,2.795749,522800,0.0,0.0
1995-05-05,13.625,13.9375,13.4375,13.9375,2.859872,205600,0.0,0.0
1995-05-08,13.9375,14.3125,13.9375,14.1875,2.91117,89600,0.0,0.0
1995-05-09,14.3125,14.5,14.125,14.375,2.949642,591200,0.0,0.0
1995-05-10,14.375,14.8125,14.375,14.625,3.00094,895200,0.0,0.0
1995-05-11,14.625,14.625,14.4375,14.5,2.975294,142800,0.0,0.0
1995-05-12,14.4375,14.4375,14.375,14.4375,2.962467,112000,0.0,0.0
1995-05-15,14.4375,14.5,14.375,14.5,2.975294,20600,0.0,0.0
1995-05-16,14.5625,14.625,14.5,14.5625,2.988116,69400,0.0,0.0
1995-05-17,14.5625,14.5625,14.4375,14.5,2.975294,294000,0.0,0.0
1995-05-18,14.4375,14.5625,14.3125,14.4375,2.962467,109000,0.0,0.0
1995-05-19,14.4375,14.4375,14.25,14.3125,2.936818,128000,0.0,0.0
1995-05-22,14.4375,14.625,14.4375,14.5625,2.988116,119000,0.0,0.0
1995-05-23,14.625,14.625,14.4375,14.4375,2.962467,73400,0.0,0.0
1995-05-24,14.4375,14.5,14.4375,14.4375,2.962467,268600,0.0,0.0
1995-05-25,14.5,14.5,14.3125,14.375,2.949642,637200,0.0,0.0
1995-05-26,14.4375,14.4375,14.25,14.375,2.949642,92600,0.0,0.0
1995-05-30,14.3125,14.375,14.3125,14.3125,2.936818,33400,0.0,0.0
1995-05-31,14.375,14.4375,14.25,14.3125,2.936818,186000,0.0,0.0
1995-06-01,14.25,14.625,14.25,14.5625,2.988116,127600,0.0,0.0
1995-06-02,14.5625,14.8125,14.5,14.625,3.00094,248000,0.0,0.0
1995-06-05,14.6875,14.875,14.6875,14.875,3.052239,79800,0.0,0.0
1995-06-06,14.75,14.9375,14.75,14.8125,3.039414,87600,0.0,0.0
1995-06-07,14.875,14.875,14.625,14.75,3.026592,40800,0.0,0.0
1995-06-08,14.6875,14.75,14.5625,14.6875,3.013766,34200,0.0,0.0
1995-06-09,14.75,14.75,14.375,14.4375,2.962467,146200,0.0,0.0
1995-06-12,14.4375,14.4375,14.25,14.3125,2.936818,241400,0.0,0.0
1995-06-13,14.375,14.375,14.25,14.25,2.923994,73000,0.0,0.0
1995-06-14,14.3125,14.375,14.25,14.3125,2.936818,149600,0.0,0.0
1995-06-15,14.4375,14.5625,14.375,14.5,2.975294,67400,0.0,0.0
1995-06-16,14.75,14.8125,14.6875,14.6875,3.013766,57000,0.0,0.0
1995-06-19,14.75,14.875,14.5625,14.5625,2.988116,271200,0.0,0.0
1995-06-20,14.4375,14.625,14.125,14.5,2.975294,313000,0.0,0.0
1995-06-21,14.625,14.625,14.3125,14.5,2.975294,122000,0.0,0.0
1995-06-22,14.5,14.5,14.125,14.1875,2.91117,438200,0.0,0.0
1995-06-23,14.125,14.1875,14.0625,14.125,2.898346,281800,0.0,0.0
1995-06-26,14.0625,14.125,13.875,14.0625,2.885521,64800,0.0,0.0
1995-06-27,14.125,14.125,14.0,14.0,2.872696,508200,0.0,0.0
1995-06-28,13.8125,13.8125,13.5625,13.6875,2.861197,329400,0.2575,0.0
1995-06-29,13.6875,13.6875,13.4375,13.5,2.822005,195600,0.0,0.0
1995-06-30,13.5,13.9375,13.5,13.9375,2.913458,431800,0.0,0.0
1995-07-03,14.0,14.0625,14.0,14.0625,2.939588,60200,0.0,0.0
1995-07-05,14.0,14.125,13.9375,14.0,2.926523,37600,0.0,0.0
1995-07-06,13.9375,14.3125,13.875,14.3125,2.991847,91600,0.0,0.0
1995-07-07,14.4375,14.6875,14.4375,14.6875,3.070236,164000,0.0,0.0
1995-07-10,14.6875,14.75,14.625,14.6875,3.070236,35600,0.0,0.0
1995-07-11,14.75,14.8125,14.6875,14.75,3.083303,90800,0.0,0.0
1995-07-12,14.75,14.8125,14.6875,14.8125,3.096364,72400,0.0,0.0
1995-07-13,14.8125,14.9375,14.6875,14.9375,3.122496,149600,0.0,0.0
1995-07-14,14.8125,14.8125,14.625,14.75,3.083303,24200,0.0,0.0
1995-07-17,14.8125,15.0,14.625,14.9375,3.122496,148400,0.0,0.0
1995-07-18,14.9375,14.9375,14.8125,14.8125,3.096364,54000,0.0,0.0
1995-07-19,14.75,14.75,14.3125,14.375,3.004911,168600,0.0,0.0
1995-07-20,14.375,14.5,14.375,14.375,3.004911,333600,0.0,0.0
1995-07-21,14.375,14.5,14.375,14.375,3.004911,61800,0.0,0.0
1995-07-24,14.3125,14.4375,14.3125,14.4375,3.017977,31400,0.0,0.0
1995-07-25,14.4375,14.4375,14.25,14.375,3.004911,92200,0.0,0.0
1995-07-26,14.375,14.8125,14.25,14.75,3.083303,80000,0.0,0.0
1995-07-27,14.75,14.8125,14.5,14.75,3.083303,166400,0.0,0.0
1995-07-28,14.75,14.75,14.6875,14.75,3.083303,121000,0.0,0.0
1995-07-31,14.75,14.75,14.625,14.75,3.083303,76600,0.0,0.0
1995-08-01,14.75,14.8125,14.5625,14.8125,3.096364,61000,0.0,0.0
1995-08-02,14.8125,14.875,14.8125,14.8125,3.096364,82800,0.0,0.0
1995-08-03,14.9375,14.9375,14.6875,14.6875,3.070236,152400,0.0,0.0
1995-08-04,14.75,14.75,14.625,14.75,3.083303,18000,0.0,0.0
1995-08-07,14.75,14.8125,14.625,14.75,3.083303,220200,0.0,0.0
1995-08-08,14.8125,14.875,14.6875,14.75,3.083303,199000,0.0,0.0
1995-08-09,14.75,14.8125,14.6875,14.6875,3.070236,381600,0.0,0.0
1995-08-10,14.75,14.8125,14.625,14.8125,3.096364,457000,0.0,0.0
1995-08-11,14.9375,14.9375,14.6875,14.75,3.083303,91000,0.0,0.0
1995-08-14,14.75,14.875,14.75,14.8125,3.096364,170000,0.0,0.0
1995-08-15,14.8125,14.875,14.75,14.75,3.083303,64800,0.0,0.0
1995-08-16,14.75,14.8125,14.625,14.6875,3.070236,118800,0.0,0.0
1995-08-17,14.6875,14.75,14.375,14.375,3.004911,309200,0.0,0.0
1995-08-18,14.4375,14.5,14.375,14.4375,3.017977,63000,0.0,0.0
1995-08-21,14.4375,14.5,14.375,14.4375,3.017977,129600,0.0,0.0
1995-08-22,14.4375,14.4375,14.0,14.25,2.978781,275200,0.0,0.0
1995-08-23,14.25,14.4375,14.25,14.25,2.978781,51600,0.0,0.0
1995-08-24,14.25,14.5,14.25,14.4375,3.017977,63200,0.0,0.0
1995-08-25,14.5,14.5,14.375,14.5,3.031042,20200,0.0,0.0
1995-08-28,14.5,14.625,14.5,14.5625,3.044105,73400,0.0,0.0
1995-08-29,14.625,14.875,14.625,14.875,3.109431,187000,0.0,0.0
1995-08-30,14.75,14.875,14.75,14.75,3.083303,23200,0.0,0.0
1995-08-31,14.8125,14.875,14.5,14.75,3.083303,310400,0.0,0.0
1995-09-01,14.75,14.75,14.5625,14.75,3.083303,48600,0.0,0.0
1995-09-05,14.6875,14.9375,14.6875,14.75,3.083303,149800,0.0,0.0
1995-09-06,14.75,14.9375,14.625,14.75,3.083303,315400,0.0,0.0
1995-09-07,14.75,14.8125,14.625,14.8125,3.096364,67600,0.0,0.0
1995-09-08,14.8125,14.8125,14.75,14.75,3.083303,65000,0.0,0.0
1995-09-11,14.875,15.0,14.8125,14.9375,3.122496,157400,0.0,0.0
1995-09-12,15.0,15.0,14.8125,14.875,3.109431,179000,0.0,0.0
1995-09-13,14.875,15.0625,14.875,15.0625,3.148625,134800,0.0,0.0
1995-09-14,15.125,15.3125,15.125,15.25,3.187819,137200,0.0,0.0
1995-09-15,15.125,15.5,15.125,15.375,3.213949,117000,0.0,0.0
1995-09-18,15.375,15.375,15.1875,15.25,3.187819,45200,0.0,0.0
1995-09-19,15.25,15.5625,15.1875,15.5625,3.253145,97800,0.0,0.0
1995-09-20,15.5625,15.5625,15.375,15.4375,3.227014,265400,0.0,0.0
1995-09-21,15.4375,15.5625,15.375,15.5625,3.253145,61600,0.0,0.0
1995-09-22,15.4375,15.5625,15.4375,15.5625,3.253145,65000,0.0,0.0
1995-09-25,15.5625,15.625,15.5,15.5625,3.253145,98800,0.0,0.0
1995-09-26,15.5625,15.625,15.5625,15.625,3.26621,15400,0.0,0.0
1995-09-27,15.4375,15.4375,15.1875,15.1875,3.227953,127400,0.2575,0.0
1995-09-28,15.1875,15.25,15.125,15.25,3.241234,256200,0.0,0.0
1995-09-29,15.25,15.3125,14.875,15.0625,3.201383,46400,0.0,0.0
1995-10-02,15.0625,15.0625,14.75,14.8125,3.148247,28000,0.0,0.0
1995-10-03,14.8125,14.8125,14.625,14.75,3.134967,97200,0.0,0.0
1995-10-04,14.6875,14.8125,14.6875,14.8125,3.148247,122600,0.0,0.0
1995-10-05,14.625,15.0625,14.625,15.0625,3.201383,47800,0.0,0.0
1995-10-06,15.0,15.1875,15.0,15.125,3.214666,42000,0.0,0.0
1995-10-09,15.0,15.0,14.6875,14.875,3.161533,120800,0.0,0.0
1995-10-10,14.8125,14.8125,14.625,14.625,3.108397,208400,0.0,0.0
1995-10-11,14.5,14.8125,14.5,14.625,3.108397,104400,0.0,0.0
1995-10-12,14.5625,14.625,14.5,14.625,3.108397,86800,0.0,0.0
1995-10-13,14.625,14.625,14.5,14.625,3.108397,87600,0.0,0.0
1995-10-16,14.625,14.625,14.4375,14.5,3.081831,137200,0.0,0.0
1995-10-17,14.5,14.625,14.5,14.625,3.108397,57000,0.0,0.0
1995-10-18,14.625,14.625,14.4375,14.4375,3.068546,119000,0.0,0.0
1995-10-19,14.4375,14.4375,14.375,14.4375,3.068546,32000,0.0,0.0
1995-10-20,14.4375,14.4375,14.1875,14.3125,3.041979,344600,0.0,0.0
1995-10-23,14.1875,14.25,14.0625,14.125,3.002128,139000,0.0,0.0
1995-10-24,14.1875,14.1875,14.0625,14.1875,3.015411,182000,0.0,0.0
1995-10-25,14.1875,14.1875,14.125,14.1875,3.015411,94800,0.0,0.0
1995-10-26,14.1875,14.25,14.0625,14.1875,3.015411,126400,0.0,0.0
1995-10-27,14.1875,14.1875,14.0625,14.1875,3.015411,91600,0.0,0.0
1995-10-30,14.1875,14.1875,14.0625,14.0625,2.988844,70600,0.0,0.0
1995-10-31,14.0625,14.1875,14.0,14.0625,2.988844,156800,0.0,0.0
1995-11-01,14.0625,14.1875,14.0625,14.125,3.002128,87800,0.0,0.0
1995-11-02,14.1875,14.25,14.125,14.1875,3.015411,63000,0.0,0.0
1995-11-03,14.1875,14.1875,14.125,14.1875,3.015411,28800,0.0,0.0
1995-11-06,14.125,14.1875,14.0,14.0,2.97556,93600,0.0,0.0
1995-11-07,14.0,14.0,13.875,14.0,2.97556,61800,0.0,0.0
1995-11-08,14.0625,14.0625,13.9375,14.0,2.97556,81200,0.0,0.0
1995-11-09,14.0,14.0,13.9375,14.0,2.97556,56600,0.0,0.0
1995-11-10,13.875,14.0625,13.875,14.0,2.97556,144000,0.0,0.0
1995-11-13,14.0,14.1875,14.0,14.125,3.002128,25800,0.0,0.0
1995-11-14,14.125,14.4375,14.125,14.4375,3.068546,66200,0.0,0.0
1995-11-15,14.3125,14.75,14.3125,14.625,3.108397,83000,0.0,0.0
1995-11-16,14.75,14.75,14.5625,14.5625,3.095112,32800,0.0,0.0
1995-11-17,14.5625,14.875,14.5625,14.875,3.161533,104200,0.0,0.0
1995-11-20,14.875,14.875,14.75,14.8125,3.148247,60200,0.0,0.0
1995-11-21,14.8125,14.84375,14.75,14.8125,3.148247,120200,0.0,0.0
1995-11-22,14.875,15.0,14.8125,14.9375,3.174817,98400,0.0,0.0
1995-11-24,14.9375,14.9375,14.875,14.875,3.161533,8200,0.0,0.0
1995-11-27,14.9375,15.3125,14.875,15.3125,3.25452,136200,0.0,0.0
1995-11-28,15.3125,15.375,15.25,15.3125,3.25452,104400,0.0,0.0
1995-11-29,15.25,15.25,15.0,15.125,3.214666,206400,0.0,0.0
1995-11-30,15.0625,15.5,15.0,15.5,3.29437,314000,0.0,0.0
1995-12-01,15.4375,15.4375,15.375,15.4375,3.281087,145200,0.0,0.0
1995-12-04,15.375,15.5,15.375,15.5,3.29437,137600,0.0,0.0
1995-12-05,15.5,15.5625,15.375,15.5,3.29437,202400,0.0,0.0
1995-12-06,15.5625,15.8125,15.5,15.75,3.347505,247400,0.0,0.0
1995-12-07,15.75,15.875,15.6875,15.6875,3.334219,27000,0.0,0.0
1995-12-08,15.75,15.75,15.625,15.6875,3.334219,99600,0.0,0.0
1995-12-11,15.8125,15.9375,15.75,15.9375,3.387356,50400,0.0,0.0
1995-12-12,15.8125,15.9375,15.75,15.8125,3.360787,43600,0.0,0.0
1995-12-13,15.6875,15.875,15.6875,15.75,3.347505,38600,0.0,0.0
1995-12-14,15.75,15.875,15.5,15.75,3.347505,1044200,0.0,0.0
1995-12-15,15.8125,15.8125,15.5,15.625,3.32094,191400,0.0,0.0
1995-12-18,15.5,15.5625,15.3125,15.5,3.29437,60600,0.0,0.0
1995-12-19,15.375,15.75,15.375,15.6875,3.334219,180600,0.0,0.0
1995-12-20,15.6875,15.75,15.6875,15.75,3.347505,250400,0.0,0.0
1995-12-21,15.6875,15.75,15.4375,15.4375,3.281087,201200,0.0,0.0
1995-12-22,15.4375,15.5625,15.4375,15.5625,3.307654,152200,0.0,0.0
1995-12-26,15.5,15.5625,15.4375,15.5625,3.307654,27600,0.0,0.0
1995-12-27,15.3125,15.5,15.1875,15.3125,3.317404,139800,0.295,0.0
1995-12-28,15.375,15.375,15.25,15.375,3.330943,105400,0.0,0.0
1995-12-29,15.5,15.5,15.0625,15.3125,3.317404,214800,0.0,0.0
1996-01-02,15.3125,15.4375,15.1875,15.3125,3.317404,172800,0.0,0.0
1996-01-03,15.3125,15.3125,15.0625,15.0625,3.263241,134000,0.0,0.0
1996-01-04,15.0625,15.0625,14.625,14.75,3.195541,846400,0.0,0.0
1996-01-05,14.75,14.8125,14.125,14.625,3.168458,588200,0.0,0.0
1996-01-08,14.625,14.625,14.5,14.5,3.141378,86000,0.0,0.0
1996-01-09,14.4375,14.5625,14.25,14.5625,3.154918,780800,0.0,0.0
1996-01-10,14.5625,14.625,14.375,14.5,3.141378,1480000,0.0,0.0
1996-01-11,14.5,14.875,14.5,14.875,3.22262,405600,0.0,0.0
1996-01-12,14.875,15.0625,14.6875,15.0,3.2497,317600,0.0,0.0
1996-01-15,15.0,15.25,14.9375,15.1875,3.290325,182000,0.0,0.0
1996-01-16,15.125,15.1875,14.75,14.75,3.195541,216000,0.0,0.0
1996-01-17,14.8125,14.8125,14.5625,14.625,3.168458,260800,0.0,0.0
1996-01-18,14.6875,14.9375,14.6875,14.875,3.22262,418000,0.0,0.0
1996-01-19,14.9375,15.125,14.875,15.125,3.276781,297200,0.0,0.0
1996-01-22,15.0625,15.125,14.9375,15.0625,3.263241,200800,0.0,0.0
1996-01-23,14.875,15.0,14.875,15.0,3.2497,650800,0.0,0.0
1996-01-24,15.0,15.0,14.875,14.875,3.22262,168800,0.0,0.0
1996-01-25,14.9375,15.125,14.875,15.0,3.2497,356400,0.0,0.0
1996-01-26,15.125,15.125,15.0,15.0625,3.263241,560400,0.0,0.0
1996-01-29,15.0625,15.125,15.0,15.0625,3.263241,428800,0.0,0.0
1996-01-30,15.0625,15.25,15.0625,15.25,3.303863,217200,0.0,0.0
1996-01-31,15.25,15.4375,15.25,15.375,3.330943,175400,0.0,0.0
1996-02-01,15.3125,15.3125,15.1875,15.1875,3.290325,72400,0.0,0.0
1996-02-02,15.125,15.375,15.0625,15.125,3.276781,95200,0.0,0.0
1996-02-05,15.25,15.375,15.125,15.375,3.330943,144800,0.0,0.0
1996-02-06,15.375,15.375,15.125,15.3125,3.317404,266200,0.0,0.0
1996-02-07,15.375,15.4375,15.375,15.4375,3.344484,136000,0.0,0.0
1996-02-08,15.4375,15.5,15.375,15.4375,3.344484,258600,0.0,0.0
1996-02-09,15.5,15.5,15.4375,15.5,3.358026,63000,0.0,0.0
1996-02-12,15.5,15.875,15.4375,15.625,3.385106,359400,0.0,0.0
1996-02-13,15.75,16.25,15.6875,15.8125,3.425724,161600,0.0,0.0
1996-02-14,15.9375,16.25,15.9375,16.125,3.493428,226600,0.0,0.0
1996-02-15,16.125,16.1875,15.875,16.0,3.466347,143200,0.0,0.0
1996-02-16,16.0,16.0625,16.0,16.0625,3.479888,76000,0.0,0.0
1996-02-20,15.9375,16.0,15.875,15.9375,3.452807,122400,0.0,0.0
1996-02-21,15.9375,16.0,15.8125,15.875,3.439267,39200,0.0,0.0
1996-02-22,16.0,16.125,15.5625,15.6875,3.398645,201000,0.0,0.0
1996-02-23,15.75,15.75,15.625,15.625,3.385106,336000,0.0,0.0
1996-02-26,15.6875,15.6875,15.125,15.1875,3.290325,210000,0.0,0.0
1996-02-27,15.25,15.75,15.25,15.75,3.412187,103600,0.0,0.0
1996-02-28,15.75,15.9375,15.5,15.875,3.439267,130600,0.0,0.0
1996-02-29,15.9375,16.0,15.875,15.875,3.439267,239600,0.0,0.0
1996-03-01,16.0,16.125,15.875,16.0,3.466347,156800,0.0,0.0
1996-03-04,16.0,16.0,15.8125,16.0,3.466347,112600,0.0,0.0
1996-03-05,16.0,16.1875,15.96875,16.1875,3.506968,46200,0.0,0.0
1996-03-06,16.1875,16.5,16.1875,16.4375,3.561131,404800,0.0,0.0
1996-03-07,16.4375,16.75,16.375,16.6875,3.615292,412000,0.0,0.0
1996-03-08,16.6875,16.9375,16.25,16.75,3.628833,334200,0.0,0.0
1996-03-11,16.75,16.8125,16.5,16.75,3.628833,348600,0.0,0.0
1996-03-12,16.75,16.75,16.5625,16.625,3.601753,221000,0.0,0.0
1996-03-13,16.5625,16.625,16.375,16.375,3.54759,762800,0.0,0.0
1996-03-14,15.875,16.0,15.8125,15.8125,3.425724,468400,0.0,0.0
1996-03-15,15.8125,15.8125,15.25,15.5,3.358026,216200,0.0,0.0
1996-03-18,15.625,15.875,15.5,15.875,3.439267,144000,0.0,0.0
1996-03-19,16.0625,16.1875,15.875,16.0,3.466347,70000,0.0,0.0
1996-03-20,16.0,16.25,16.0,16.0,3.466347,141200,0.0,0.0
1996-03-21,16.125,16.25,16.0625,16.25,3.520509,145400,0.0,0.0
1996-03-22,16.3125,16.3125,16.125,16.1875,3.506968,80400,0.0,0.0
1996-03-25,16.4375,16.4375,16.1875,16.375,3.54759,91800,0.0,0.0
1996-03-26,16.5,16.625,16.3125,16.3125,3.534051,292600,0.0,0.0
1996-03-27,16.125,16.25,15.9375,15.9375,3.516399,206800,0.295,0.0
1996-03-28,15.9375,16.0,15.8125,15.9375,3.516399,133800,0.0,0.0
1996-03-29,15.9375,15.9375,15.5,15.625,3.44745,338800,0.0,0.0
1996-04-01,15.75,15.75,15.6875,15.75,3.47503,122600,0.0,0.0
1996-04-02,15.6875,15.75,15.625,15.75,3.47503,93200,0.0,0.0
1996-04-03,15.75,15.8125,15.75,15.8125,3.488817,66400,0.0,0.0
1996-04-04,15.8125,15.8125,15.75,15.75,3.47503,98800,0.0,0.0
1996-04-08,15.75,15.75,15.5,15.625,3.44745,292800,0.0,0.0
1996-04-09,15.625,15.8125,15.625,15.75,3.47503,124600,0.0,0.0
1996-04-10,15.875,15.875,15.625,15.75,3.47503,145400,0.0,0.0
1996-04-11,15.875,15.875,15.6875,15.8125,3.488817,93600,0.0,0.0
1996-04-12,15.9375,16.125,15.9375,16.125,3.557768,295000,0.0,0.0
1996-04-15,16.25,16.3125,16.0625,16.1875,3.571558,71800,0.0,0.0
1996-04-16,16.0625,16.4375,16.0625,16.4375,3.626718,89000,0.0,0.0
1996-04-17,16.375,16.5625,16.0,16.1875,3.571558,197600,0.0,0.0
1996-04-18,16.1875,16.375,16.1875,16.3125,3.599138,44000,0.0,0.0
1996-04-19,16.375,16.4375,16.3125,16.375,3.612928,62400,0.0,0.0
1996-04-22,16.4375,16.625,16.375,16.5,3.640508,84000,0.0,0.0
1996-04-23,16.5,16.5,16.125,16.25,3.585349,66400,0.0,0.0
1996-04-24,16.25,16.3125,16.125,16.1875,3.571558,18600,0.0,0.0
1996-04-25,16.1875,16.25,16.125,16.25,3.585349,68400,0.0,0.0
1996-04-26,16.25,16.25,16.0625,16.1875,3.571558,65800,0.0,0.0
1996-04-29,16.1875,16.3125,16.125,16.25,3.585349,120400,0.0,0.0
1996-04-30,16.25,16.25,16.0,16.125,3.557768,132200,0.0,0.0
1996-05-01,16.125,16.25,16.0625,16.25,3.585349,164600,0.0,0.0
1996-05-02,16.125,16.1875,16.0625,16.1875,3.571558,44400,0.0,0.0
1996-05-03,16.25,16.3125,16.125,16.1875,3.571558,62000,0.0,0.0
1996-05-06,16.125,16.1875,16.0,16.125,3.557768,146400,0.0,0.0
1996-05-07,16.125,16.125,15.5,15.875,3.502609,825400,0.0,0.0
1996-05-08,15.875,16.0625,15.875,16.0,3.530188,90200,0.0,0.0
1996-05-09,16.0625,16.25,16.0625,16.25,3.585349,81200,0.0,0.0
1996-05-10,16.375,16.375,16.1875,16.375,3.612928,87600,0.0,0.0
1996-05-13,16.4375,16.5625,16.25,16.375,3.612928,129800,0.0,0.0
1996-05-14,16.4375,16.4375,16.0,16.0,3.530188,256200,0.0,0.0
1996-05-15,16.0625,16.1875,15.9375,16.0,3.530188,115800,0.0,0.0
1996-05-16,16.0,16.0,15.625,15.625,3.44745,279400,0.0,0.0
1996-05-17,15.75,15.75,15.625,15.75,3.47503,127800,0.0,0.0
1996-05-20,15.75,15.75,15.625,15.6875,3.46124,61800,0.0,0.0
1996-05-21,15.75,15.75,15.5625,15.5625,3.433661,305200,0.0,0.0
1996-05-22,15.5625,15.8125,15.5,15.75,3.47503,139000,0.0,0.0
1996-05-23,15.8125,15.8125,15.625,15.75,3.47503,153600,0.0,0.0
1996-05-24,15.75,15.75,15.5,15.625,3.44745,109800,0.0,0.0
1996-05-28,15.5625,15.625,15.5,15.5625,3.433661,133800,0.0,0.0
1996-05-29,15.5625,15.5625,15.4375,15.5,3.419871,144800,0.0,0.0
1996-05-30,15.4375,15.5625,15.4375,15.5625,3.433661,127800,0.0,0.0
1996-05-31,15.5625,15.5625,15.5,15.5,3.419871,142200,0.0,0.0
1996-06-03,15.5,15.5,15.4375,15.5,3.419871,32200,0.0,0.0
1996-06-04,15.5,15.5,15.4375,15.5,3.419871,55600,0.0,0.0
1996-06-05,15.5,15.9375,15.4375,15.9375,3.516399,291000,0.0,0.0
1996-06-06,15.875,16.0,15.625,15.9375,3.516399,376800,0.0,0.0
1996-06-07,15.9375,15.9375,15.8125,15.875,3.502609,58200,0.0,0.0
1996-06-10,15.8125,16.0,15.8125,16.0,3.530188,176800,0.0,0.0
1996-06-11,16.0,16.1875,15.9375,16.125,3.557768,138200,0.0,0.0
1996-06-12,16.125,16.125,16.0,16.0,3.530188,267000,0.0,0.0
1996-06-13,16.0625,16.0625,16.0,16.0625,3.543978,40800,0.0,0.0
1996-06-14,16.125,16.5625,16.125,16.375,3.612928,680600,0.0,0.0
1996-06-17,16.625,16.625,16.4375,16.4375,3.626718,144800,0.0,0.0
1996-06-18,16.4375,16.5,16.25,16.4375,3.626718,191000,0.0,0.0
1996-06-19,16.375,16.5,16.375,16.5,3.640508,130400,0.0,0.0
1996-06-20,16.625,16.625,16.375,16.4375,3.626718,31200,0.0,0.0
1996-06-21,16.5625,16.625,16.3125,16.375,3.612928,129000,0.0,0.0
1996-06-24,16.4375,16.5625,16.375,16.5625,3.654296,83400,0.0,0.0
1996-06-25,16.5625,16.6875,16.375,16.6875,3.681877,933400,0.0,0.0
1996-06-26,16.5625,16.75,16.4375,16.5,3.706023,128600,0.295,0.0
1996-06-27,16.375,16.5625,16.25,16.375,3.677945,112200,0.0,0.0
1996-06-28,16.5,16.5625,16.4375,16.4375,3.691983,146600,0.0,0.0
1996-07-01,16.4375,16.5625,16.4375,16.5625,3.720058,127000,0.0,0.0
1996-07-02,16.5625,16.75,16.5625,16.6875,3.748136,199800,0.0,0.0
1996-07-03,16.75,16.875,16.625,16.6875,3.748136,44000,0.0,0.0
1996-07-05,16.6875,16.6875,16.6875,16.6875,3.748136,35800,0.0,0.0
1996-07-08,16.6875,16.6875,16.625,16.625,3.734096,251800,0.0,0.0
1996-07-09,16.625,16.6875,16.5625,16.625,3.734096,44800,0.0,0.0
1996-07-10,16.6875,16.6875,16.625,16.6875,3.748136,54400,0.0,0.0
1996-07-11,16.5625,16.6875,16.5,16.6875,3.748136,160200,0.0,0.0
1996-07-12,16.6875,16.9375,16.6875,16.9375,3.804287,133800,0.0,0.0
1996-07-15,16.875,17.0625,16.8125,16.875,3.79025,389000,0.0,0.0
1996-07-16,16.8125,16.9375,16.6875,16.875,3.79025,465200,0.0,0.0
1996-07-17,16.875,17.0,16.8125,16.875,3.79025,268000,0.0,0.0
1996-07-18,16.9375,17.0,16.75,16.9375,3.804287,127800,0.0,0.0
1996-07-19,16.9375,17.0,16.875,17.0,3.818326,31400,0.0,0.0
1996-07-22,17.0,17.0,16.875,16.9375,3.804287,62200,0.0,0.0
1996-07-23,16.9375,16.9375,16.8125,16.875,3.79025,41600,0.0,0.0
1996-07-24,16.75,16.875,16.625,16.875,3.79025,117400,0.0,0.0
1996-07-25,16.875,16.9375,16.8125,16.9375,3.804287,75000,0.0,0.0
1996-07-26,17.0,17.0625,16.8125,16.875,3.79025,45000,0.0,0.0
1996-07-29,16.875,17.125,16.8125,17.0,3.818326,87800,0.0,0.0
1996-07-30,17.0,17.0,16.8125,16.8125,3.776212,65600,0.0,0.0
1996-07-31,16.8125,16.875,16.8125,16.875,3.79025,71600,0.0,0.0
1996-08-01,16.9375,17.1875,16.9375,17.0625,3.832365,39600,0.0,0.0
1996-08-02,17.25,17.625,17.125,17.5625,3.944668,127800,0.0,0.0
1996-08-05,17.6875,17.6875,17.375,17.5625,3.944668,63400,0.0,0.0
1996-08-06,17.5,17.5,17.4375,17.5,3.93063,53600,0.0,0.0
1996-08-07,17.5,17.6875,17.375,17.4375,3.91659,419000,0.0,0.0
1996-08-08,17.375,17.375,17.125,17.3125,3.888516,167800,0.0,0.0
1996-08-09,17.375,17.375,17.125,17.1875,3.860439,83600,0.0,0.0
1996-08-12,17.25,17.5,17.125,17.3125,3.888516,159600,0.0,0.0
1996-08-13,17.3125,17.5,17.125,17.375,3.902553,95400,0.0,0.0
1996-08-14,17.4375,17.5,17.375,17.5,3.93063,92800,0.0,0.0
1996-08-15,17.5,17.5,17.25,17.3125,3.888516,92800,0.0,0.0
1996-08-16,17.3125,17.3125,17.125,17.25,3.874477,114400,0.0,0.0
1996-08-19,17.3125,17.375,17.1875,17.375,3.902553,57000,0.0,0.0
1996-08-20,17.375,17.5,17.375,17.5,3.93063,72600,0.0,0.0
1996-08-21,17.4375,17.5,17.4375,17.5,3.93063,56000,0.0,0.0
1996-08-22,17.5,17.5,17.3125,17.5,3.93063,106000,0.0,0.0
1996-08-23,17.5,17.5,17.375,17.5,3.93063,72800,0.0,0.0
1996-08-26,17.5,17.5,17.3125,17.4375,3.91659,68400,0.0,0.0
1996-08-27,17.5,17.5,17.4375,17.5,3.93063,79800,0.0,0.0
1996-08-28,17.5,17.5,17.4375,17.5,3.93063,83800,0.0,0.0
1996-08-29,17.5,17.75,17.4375,17.5625,3.944668,307800,0.0,0.0
1996-08-30,17.6875,17.8125,17.625,17.6875,3.972744,172000,0.0,0.0
1996-09-03,17.625,17.9375,17.5,17.875,4.014857,108200,0.0,0.0
1996-09-04,17.8125,18.0625,17.8125,17.8125,4.000817,96400,0.0,0.0
1996-09-05,17.9375,17.9375,17.625,17.8125,4.000817,197600,0.0,0.0
1996-09-06,17.875,18.0,17.625,17.6875,3.972744,201000,0.0,0.0
1996-09-09,17.6875,17.8125,17.6875,17.75,3.98678,301000,0.0,0.0
1996-09-10,17.75,17.8125,17.6875,17.8125,4.000817,180600,0.0,0.0
1996-09-11,17.875,17.875,17.6875,17.75,3.98678,107000,0.0,0.0
1996-09-12,17.75,17.8125,17.75,17.8125,4.000817,99600,0.0,0.0
1996-09-13,17.8125,17.8125,17.75,17.8125,4.000817,80800,0.0,0.0
1996-09-16,17.8125,17.8125,17.625,17.6875,3.972744,114600,0.0,0.0
1996-09-17,17.6875,17.75,17.6875,17.6875,3.972744,97600,0.0,0.0
1996-09-18,17.6875,17.6875,17.625,17.625,3.958704,250000,0.0,0.0
1996-09-19,17.6875,17.6875,17.5625,17.625,3.958704,215200,0.0,0.0
1996-09-20,17.625,17.6875,17.625,17.6875,3.972744,218600,0.0,0.0
1996-09-23,17.6875,17.75,17.6875,17.6875,3.972744,92000,0.0,0.0
1996-09-24,17.75,17.8125,17.625,17.8125,4.000817,903400,0.0,0.0
1996-09-25,17.625,17.6875,17.5625,17.6875,4.039646,553800,0.295,0.0
1996-09-26,17.625,17.75,17.625,17.75,4.053919,89000,0.0,0.0
1996-09-27,17.75,17.8125,17.75,17.8125,4.068195,112000,0.0,0.0
1996-09-30,17.8125,17.9375,17.75,17.8125,4.068195,299200,0.0,0.0
1996-10-01,17.9375,18.0625,17.875,18.0625,4.125291,127600,0.0,0.0
1996-10-02,18.0625,18.125,17.875,17.9375,4.096741,1054000,0.0,0.0
1996-10-03,17.9375,18.125,17.8125,18.125,4.139565,79000,0.0,0.0
1996-10-04,18.1875,18.25,18.125,18.25,4.168115,100200,0.0,0.0
1996-10-07,18.25,18.25,18.0,18.0625,4.125291,89600,0.0,0.0
1996-10-08,18.1875,18.1875,18.0,18.0625,4.125291,104600,0.0,0.0
1996-10-09,18.0625,18.25,18.0625,18.1875,4.153839,110000,0.0,0.0
1996-10-10,18.125,18.1875,18.0625,18.1875,4.153839,155000,0.0,0.0
1996-10-11,18.25,18.4375,18.25,18.4375,4.210936,366200,0.0,0.0
1996-10-14,18.5,18.5625,18.4375,18.4375,4.210936,310600,0.0,0.0
1996-10-15,18.5,18.5625,18.4375,18.5,4.225211,87400,0.0,0.0
1996-10-16,18.5625,18.6875,18.5,18.625,4.253761,193400,0.0,0.0
1996-10-17,18.5625,18.6875,18.5625,18.6875,4.268034,89200,0.0,0.0
1996-10-18,18.6875,18.75,18.5625,18.6875,4.268034,55800,0.0,0.0
1996-10-21,18.6875,18.6875,18.5,18.5625,4.239489,163600,0.0,0.0
1996-10-22,18.5,18.6875,18.4375,18.6875,4.268034,97200,0.0,0.0
1996-10-23,18.625,18.75,18.625,18.6875,4.268034,53800,0.0,0.0
1996-10-24,18.6875,18.8125,18.625,18.6875,4.268034,259800,0.0,0.0
1996-10-25,18.625,18.6875,18.625,18.6875,4.268034,46400,0.0,0.0
1996-10-28,18.6875,18.75,18.5625,18.5625,4.239489,311000,0.0,0.0
1996-10-29,18.625,18.625,18.4375,18.5,4.225211,181800,0.0,0.0
1996-10-30,18.4375,18.625,18.4375,18.5,4.225211,133800,0.0,0.0
1996-10-31,18.5,18.625,18.3125,18.375,4.196664,286800,0.0,0.0
1996-11-01,18.4375,18.6875,18.375,18.6875,4.268034,251200,0.0,0.0
1996-11-04,18.6875,18.6875,18.4375,18.625,4.253761,155200,0.0,0.0
1996-11-05,18.6875,19.0625,18.625,18.9375,4.325132,104000,0.0,0.0
1996-11-06,19.0,19.5625,19.0,19.375,4.425053,269400,0.0,0.0
1996-11-07,19.25,19.375,19.1875,19.25,4.396504,99800,0.0,0.0
1996-11-08,19.25,19.875,19.1875,19.5625,4.467878,1007200,0.0,0.0
1996-11-11,19.6875,19.875,19.5625,19.625,4.48215,121800,0.0,0.0
1996-11-12,19.6875,19.9375,19.6875,19.875,4.539247,123200,0.0,0.0
1996-11-13,19.75,19.9375,19.6875,19.9375,4.553524,178200,0.0,0.0
1996-11-14,19.9375,19.9375,19.875,19.9375,4.553524,77600,0.0,0.0
1996-11-15,19.875,20.0625,19.8125,20.0,4.567798,341800,0.0,0.0
1996-11-18,20.0,20.25,19.8125,19.9375,4.553524,211800,0.0,0.0
1996-11-19,20.0,20.0625,19.875,19.9375,4.553524,162200,0.0,0.0
1996-11-20,19.9375,20.0,19.75,19.75,4.510699,70200,0.0,0.0
1996-11-21,19.625,19.9375,19.625,19.75,4.510699,58400,0.0,0.0
1996-11-22,19.625,19.875,19.5625,19.75,4.510699,108600,0.0,0.0
1996-11-25,19.6875,20.0,19.6875,19.9375,4.553524,102400,0.0,0.0
1996-11-26,19.875,20.125,19.875,20.0,4.567798,635000,0.0,0.0
1996-11-27,20.0625,20.375,20.0625,20.25,4.624894,433800,0.0,0.0
1996-11-29,20.1875,20.1875,19.9375,20.0625,4.582071,23800,0.0,0.0
1996-12-02,20.0,20.5625,20.0,20.5625,4.696263,154400,0.0,0.0
1996-12-03,20.625,21.125,20.5625,21.0,4.796187,539800,0.0,0.0
1996-12-04,20.9375,21.0,20.75,20.75,4.739088,245200,0.0,0.0
1996-12-05,20.75,20.8125,20.5,20.625,4.710542,78400,0.0,0.0
1996-12-06,20.5,20.8125,20.5,20.6875,4.724813,1081000,0.0,0.0
1996-12-09,20.6875,21.5,20.6875,21.5,4.910379,341600,0.0,0.0
1996-12-10,21.375,21.4375,21.25,21.4375,4.896108,950200,0.0,0.0
1996-12-11,21.3125,21.5625,21.0,21.4375,4.896108,814400,0.0,0.0
1996-12-12,21.5,21.5,21.375,21.4375,4.896108,984000,0.0,0.0
1996-12-13,21.4375,21.4375,21.3125,21.3125,4.867558,921200,0.0,0.0
1996-12-16,21.375,21.375,20.6875,20.9375,4.781912,283200,0.0,0.0
1996-12-17,20.875,20.9375,20.625,20.9375,4.781912,282000,0.0,0.0
1996-12-18,20.8125,21.4375,20.8125,21.4375,4.896108,141600,0.0,0.0
1996-12-19,21.625,21.75,21.5,21.625,4.938931,419200,0.0,0.0
1996-12-20,21.125,21.4375,20.875,21.3125,4.867558,383800,0.0,0.0
1996-12-23,21.1875,21.3125,21.0625,21.3125,4.867558,268800,0.0,0.0
1996-12-24,20.875,21.125,20.875,21.125,4.896531,104200,0.3125,0.0
1996-12-26,21.125,21.125,20.75,20.9375,4.853072,150800,0.0,0.0
1996-12-27,20.75,21.1875,20.6875,21.0625,4.882045,726800,0.0,0.0
1996-12-30,21.125,21.125,20.5,20.5,4.751667,1046400,0.0,0.0
1996-12-31,20.5,20.75,20.5,20.625,4.780636,263600,0.0,0.0
1997-01-02,20.5,20.5,19.875,20.3125,4.708203,307200,0.0,0.0
1997-01-03,20.3125,20.5625,20.3125,20.5,4.751667,314400,0.0,0.0
1997-01-06,20.5,20.9375,20.5,20.9375,4.853072,278000,0.0,0.0
1997-01-07,20.9375,21.0625,20.8125,21.0625,4.882045,184600,0.0,0.0
1997-01-08,21.0,21.3125,20.875,21.25,4.925506,182400,0.0,0.0
1997-01-09,21.125,21.4375,21.0,21.375,4.954482,160200,0.0,0.0
1997-01-10,21.125,21.4375,21.125,21.3125,4.939993,201800,0.0,0.0
1997-01-13,21.4375,21.5,21.3125,21.4375,4.968963,228000,0.0,0.0
1997-01-14,21.375,21.5625,21.375,21.4375,4.968963,334600,0.0,0.0
1997-01-15,21.5,21.625,21.5,21.625,5.012425,228000,0.0,0.0
1997-01-16,21.625,21.75,21.5625,21.6875,5.026915,218600,0.0,0.0
1997-01-17,21.4375,21.5,20.8125,21.1875,4.911016,1381400,0.0,0.0
1997-01-20,21.125,21.125,20.8125,20.9375,4.853072,898000,0.0,0.0
1997-01-21,20.9375,21.0,20.875,21.0,4.867558,965600,0.0,0.0
1997-01-22,20.9375,21.0,20.875,20.9375,4.853072,609400,0.0,0.0
1997-01-23,21.0,21.0,20.8125,20.875,4.838586,654800,0.0,0.0
1997-01-24,20.875,20.875,20.5625,20.625,4.780636,566000,0.0,0.0
1997-01-27,20.625,20.6875,20.625,20.6875,4.795123,585200,0.0,0.0
1997-01-28,20.625,20.8125,20.625,20.75,4.809612,347200,0.0,0.0
1997-01-29,20.75,20.8125,20.75,20.8125,4.824097,190200,0.0,0.0
1997-01-30,20.8125,20.9375,20.75,20.9375,4.853072,304200,0.0,0.0
1997-01-31,20.9375,21.5,20.8125,21.5,4.983454,332400,0.0,0.0
1997-02-03,21.5,21.5,21.25,21.4375,4.968963,596600,0.0,0.0
1997-02-04,21.4375,21.4375,21.25,21.3125,4.939993,251800,0.0,0.0
1997-02-05,21.25,21.3125,21.25,21.3125,4.939993,194000,0.0,0.0
1997-02-06,21.3125,21.3125,21.25,21.3125,4.939993,150200,0.0,0.0
1997-02-07,21.3125,21.375,21.3125,21.375,4.954482,395200,0.0,0.0
1997-02-10,21.375,21.4375,21.25,21.375,4.954482,96000,0.0,0.0
1997-02-11,21.375,21.375,21.125,21.125,4.896531,87200,0.0,0.0
1997-02-12,21.3125,21.4375,21.25,21.4375,4.968963,333800,0.0,0.0
1997-02-13,22.125,22.3125,21.9375,22.25,5.157293,668200,0.0,0.0
1997-02-14,22.375,22.375,22.25,22.25,5.157293,227000,0.0,0.0
1997-02-18,22.375,22.5625,22.375,22.5,5.21524,225000,0.0,0.0
1997-02-19,22.5,22.875,22.4375,22.75,5.27319,447000,0.0,0.0
1997-02-20,22.6875,22.6875,22.5625,22.6875,5.2587,272800,0.0,0.0
1997-02-21,22.75,22.75,22.5625,22.625,5.244215,197600,0.0,0.0
1997-02-24,22.625,22.75,22.5,22.6875,5.2587,174000,0.0,0.0
1997-02-25,22.75,22.8125,22.6875,22.75,5.27319,366600,0.0,0.0
1997-02-26,22.8125,22.875,22.75,22.8125,5.287674,277000,0.0,0.0
1997-02-27,22.8125,22.8125,22.6875,22.75,5.27319,55800,0.0,0.0
1997-02-28,22.6875,22.75,22.625,22.625,5.244215,90400,0.0,0.0
1997-03-03,22.625,22.75,22.5625,22.75,5.27319,217400,0.0,0.0
1997-03-04,22.75,22.8125,22.6875,22.8125,5.287674,190200,0.0,0.0
1997-03-05,22.6875,22.9375,22.6875,22.9375,5.316648,233000,0.0,0.0
1997-03-06,22.9375,23.0625,22.9375,23.0625,5.345623,117600,0.0,0.0
1997-03-07,23.0,24.0,23.0,23.875,5.533953,257400,0.0,0.0
1997-03-10,23.875,24.0,23.625,24.0,5.562923,143000,0.0,0.0
1997-03-11,24.0625,24.1875,24.0,24.1875,5.606385,132200,0.0,0.0
1997-03-12,24.125,24.375,24.125,24.25,5.620872,294000,0.0,0.0
1997-03-13,24.1875,24.4375,24.0,24.0,5.562923,225800,0.0,0.0
1997-03-14,24.0625,24.0625,23.8125,23.8125,5.519461,125800,0.0,0.0
1997-03-17,23.6875,23.8125,23.625,23.8125,5.519461,90000,0.0,0.0
1997-03-18,23.8125,23.875,23.6875,23.6875,5.49049,101600,0.0,0.0
1997-03-19,23.75,23.75,23.5625,23.75,5.504973,308400,0.0,0.0
1997-03-20,23.75,23.875,23.6875,23.875,5.533953,212600,0.0,0.0
1997-03-21,23.875,23.9375,23.625,23.6875,5.49049,143200,0.0,0.0
1997-03-24,23.875,23.875,23.375,23.4375,5.432545,1002600,0.0,0.0
1997-03-25,23.0,23.0,22.75,22.9375,5.388495,184200,0.3125,0.0
1997-03-26,22.875,22.9375,22.75,22.75,5.344448,282000,0.0,0.0
1997-03-27,22.75,22.75,22.5,22.5625,5.3004,427000,0.0,0.0
1997-03-31,22.625,22.6875,22.0,22.21875,5.219643,345200,0.0,0.0
1997-04-01,22.1875,22.25,22.0625,22.1875,5.212305,209600,0.0,0.0
1997-04-02,22.125,22.3125,22.125,22.3125,5.241671,214600,0.0,0.0
1997-04-03,22.1875,22.4375,22.1875,22.3125,5.241671,94400,0.0,0.0
1997-04-04,22.3125,22.375,22.1875,22.3125,5.241671,103400,0.0,0.0
1997-04-07,22.375,22.75,22.375,22.75,5.344448,307400,0.0,0.0
1997-04-08,22.8125,23.0,22.75,22.9375,5.388495,684200,0.0,0.0
1997-04-09,22.9375,22.9375,22.6875,22.8125,5.359128,102800,0.0,0.0
1997-04-10,22.75,22.75,22.5,22.5625,5.3004,51600,0.0,0.0
1997-04-11,22.4375,22.5625,22.375,22.375,5.256351,65800,0.0,0.0
1997-04-14,22.5,22.5,22.1875,22.1875,5.212305,55400,0.0,0.0
1997-04-15,22.25,22.3125,22.0625,22.25,5.226987,69800,0.0,0.0
1997-04-16,22.25,22.25,21.875,21.9375,5.153575,171400,0.0,0.0
1997-04-17,21.8125,21.875,21.5625,21.625,5.080161,88600,0.0,0.0
1997-04-18,21.625,21.625,21.375,21.5625,5.065478,74000,0.0,0.0
1997-04-21,21.625,21.6875,21.5625,21.6875,5.094845,239000,0.0,0.0
1997-04-22,21.6875,21.6875,21.375,21.5,5.050798,83000,0.0,0.0
1997-04-23,21.4375,21.4375,20.8125,21.0,4.933334,322400,0.0,0.0
1997-04-24,20.8125,21.25,20.625,21.1875,4.977384,205400,0.0,0.0
1997-04-25,21.125,21.3125,21.125,21.1875,4.977384,231000,0.0,0.0
1997-04-28,21.3125,21.4375,21.1875,21.375,5.021433,338200,0.0,0.0
1997-04-29,21.5625,21.75,21.5625,21.6875,5.094845,131800,0.0,0.0
1997-04-30,21.6875,22.0,21.6875,21.875,5.138889,354600,0.0,0.0
1997-05-01,21.875,21.9375,21.75,21.75,5.109526,192400,0.0,0.0
1997-05-02,21.8125,21.8125,21.75,21.75,5.109526,410600,0.0,0.0
1997-05-05,21.8125,21.9375,21.75,21.9375,5.153575,332400,0.0,0.0
1997-05-06,21.9375,22.0625,21.5625,21.625,5.080161,368400,0.0,0.0
1997-05-07,21.625,21.625,21.4375,21.5,5.050798,158600,0.0,0.0
1997-05-08,21.4375,21.5,21.375,21.4375,5.036113,70400,0.0,0.0
1997-05-09,21.5625,21.5625,21.375,21.5,5.050798,91600,0.0,0.0
1997-05-12,21.5,21.6875,21.5,21.625,5.080161,131200,0.0,0.0
1997-05-13,21.6875,21.75,21.5,21.5,5.050798,319400,0.0,0.0
1997-05-14,21.6875,21.8125,21.625,21.75,5.109526,273000,0.0,0.0
1997-05-15,21.75,22.125,21.75,22.125,5.197625,343400,0.0,0.0
1997-05-16,22.0625,22.4375,22.0625,22.4375,5.271033,163800,0.0,0.0
1997-05-19,22.5,22.9375,22.4375,22.75,5.344448,159800,0.0,0.0
1997-05-20,22.75,22.8125,22.4375,22.625,5.315082,76600,0.0,0.0
1997-05-21,22.75,22.9375,22.625,22.875,5.373812,364400,0.0,0.0
1997-05-22,22.8125,23.0,22.75,22.875,5.373812,119800,0.0,0.0
1997-05-23,22.875,23.0,22.875,22.9375,5.388495,68000,0.0,0.0
1997-05-27,23.0,23.0625,22.875,23.0,5.403179,210600,0.0,0.0
1997-05-28,22.9375,23.0625,22.875,23.0625,5.417859,411400,0.0,0.0
1997-05-29,23.0,23.0625,22.9375,23.0625,5.417859,255800,0.0,0.0
1997-05-30,23.125,23.625,23.0625,23.625,5.550001,211200,0.0,0.0
1997-06-02,23.625,23.625,23.0625,23.25,5.461906,221400,0.0,0.0
1997-06-03,23.25,23.25,23.125,23.25,5.461906,92000,0.0,0.0
1997-06-04,23.1875,23.25,23.0,23.0625,5.417859,115400,0.0,0.0
1997-06-05,23.0625,23.0625,22.8125,22.8125,5.359128,349400,0.0,0.0
1997-06-06,22.9375,23.5625,22.75,23.4375,5.505957,424600,0.0,0.0
1997-06-09,23.5,23.5,22.9375,22.9375,5.388495,222600,0.0,0.0
1997-06-10,22.75,22.9375,22.625,22.9375,5.388495,1898400,0.0,0.0
1997-06-11,22.875,22.9375,22.875,22.875,5.373812,513400,0.0,0.0
1997-06-12,22.875,23.0,22.875,22.9375,5.388495,355200,0.0,0.0
1997-06-13,22.9375,23.25,22.9375,23.125,5.432543,622400,0.0,0.0
1997-06-16,23.125,23.4375,23.125,23.4375,5.505957,358200,0.0,0.0
1997-06-17,23.3125,23.5625,23.25,23.4375,5.505957,298400,0.0,0.0
1997-06-18,23.375,23.5,23.1875,23.4375,5.505957,222200,0.0,0.0
1997-06-19,23.375,23.5,23.3125,23.4375,5.505957,193400,0.0,0.0
1997-06-20,23.4375,23.5625,23.1875,23.3125,5.47659,662400,0.0,0.0
1997-06-23,23.4375,23.5625,23.375,23.5,5.520638,282800,0.0,0.0
1997-06-24,23.4375,23.4375,23.25,23.34375,5.483932,206200,0.0,0.0
1997-06-25,23.0,23.125,22.875,23.0625,5.491373,419000,0.3125,0.0
1997-06-26,23.1875,23.3125,23.0,23.1875,5.521133,199600,0.0,0.0
1997-06-27,23.1875,23.28125,23.125,23.28125,5.54346,329600,0.0,0.0
1997-06-30,23.3125,23.75,23.28125,23.75,5.655072,245800,0.0,0.0
1997-07-01,23.8125,23.8125,23.5625,23.75,5.655072,184000,0.0,0.0
1997-07-02,23.875,24.0,23.84375,23.96875,5.707158,83000,0.0,0.0
1997-07-03,23.96875,24.0,23.78125,23.875,5.684834,94600,0.0,0.0
1997-07-07,23.96875,24.0,23.8125,24.0,5.714598,110400,0.0,0.0
1997-07-08,24.0,24.53125,24.0,24.46875,5.826212,278200,0.0,0.0
1997-07-09,24.5,24.8125,24.25,24.375,5.803888,120200,0.0,0.0
1997-07-10,24.25,24.75,24.0625,24.6875,5.878299,208400,0.0,0.0
1997-07-11,24.75,25.0,24.6875,25.0,5.952709,204200,0.0,0.0
1997-07-14,25.0,25.0625,24.8125,24.96875,5.945266,194400,0.0,0.0
1997-07-15,25.0625,25.21875,24.875,25.21875,6.004791,288600,0.0,0.0
1997-07-16,25.21875,25.5,25.1875,25.5,6.071765,173400,0.0,0.0
1997-07-17,25.4375,25.5,25.3125,25.5,6.071765,148600,0.0,0.0
1997-07-18,25.40625,25.75,25.40625,25.5,6.071765,381200,0.0,0.0
1997-07-21,25.5,25.5,25.0,25.15625,5.989913,96200,0.0,0.0
1997-07-22,25.1875,25.53125,25.125,25.53125,6.079203,288400,0.0,0.0
1997-07-23,25.65625,25.78125,25.5,25.6875,6.116406,377600,0.0,0.0
1997-07-24,25.6875,25.875,25.65625,25.78125,6.138727,79200,0.0,0.0
1997-07-25,25.78125,26.0625,25.75,25.9375,6.175933,137400,0.0,0.0
1997-07-28,26.0625,26.0625,25.5625,25.84375,6.153612,142200,0.0,0.0
1997-07-29,25.84375,25.84375,25.46875,25.625,6.101525,367800,0.0,0.0
1997-07-30,25.59375,25.59375,25.375,25.4375,6.05688,300600,0.0,0.0
1997-07-31,25.5,25.5,24.6875,25.21875,6.004791,291400,0.0,0.0
1997-08-01,25.25,25.8125,25.25,25.625,6.101525,104800,0.0,0.0
1997-08-04,25.75,25.78125,25.4375,25.75,6.131287,126000,0.0,0.0
1997-08-05,25.75,26.1875,25.65625,26.1875,6.23546,252800,0.0,0.0
1997-08-06,26.5,26.5,26.1875,26.25,6.25034,158000,0.0,0.0
1997-08-07,26.1875,26.25,26.125,26.25,6.25034,193000,0.0,0.0
1997-08-08,26.125,26.3125,26.125,26.25,6.25034,224200,0.0,0.0
1997-08-11,26.25,26.25,25.5,25.71875,6.123847,111600,0.0,0.0
1997-08-12,25.71875,25.8125,25.4375,25.5,6.071765,306600,0.0,0.0
1997-08-13,25.5,25.5,25.0,25.25,6.012237,133800,0.0,0.0
1997-08-14,25.1875,25.4375,25.1875,25.4375,6.05688,125400,0.0,0.0
1997-08-15,25.375,25.625,25.375,25.59375,6.094084,86400,0.0,0.0
1997-08-18,25.625,25.9375,25.5,25.9375,6.175933,148600,0.0,0.0
1997-08-19,25.875,26.09375,25.875,26.0,6.190816,868200,0.0,0.0
1997-08-20,26.0,26.0625,25.96875,26.0625,6.205695,77000,0.0,0.0
1997-08-21,26.0625,26.09375,25.4375,25.53125,6.079203,307400,0.0,0.0
1997-08-22,25.46875,25.5625,25.46875,25.53125,6.079203,45800,0.0,0.0
1997-08-25,25.5,25.625,25.09375,25.21875,6.004791,73000,0.0,0.0
1997-08-26,25.21875,25.46875,25.09375,25.46875,6.06432,71000,0.0,0.0
1997-08-27,25.46875,25.46875,25.0625,25.1875,5.997352,192600,0.0,0.0
1997-08-28,24.875,24.90625,24.125,24.375,5.803888,2715000,0.0,0.0
1997-08-29,24.3125,24.34375,24.25,24.34375,5.796448,752400,0.0,0.0
1997-09-02,24.3125,24.46875,24.3125,24.46875,5.826212,928200,0.0,0.0
1997-09-03,24.46875,24.875,24.46875,24.84375,5.915503,966600,0.0,0.0
1997-09-04,24.875,25.125,24.8125,25.0625,5.967589,441200,0.0,0.0
1997-09-05,25.125,25.15625,24.9375,25.03125,5.960146,697600,0.0,0.0
1997-09-08,25.03125,25.0625,24.8125,25.0,5.952709,339600,0.0,0.0
1997-09-09,25.0,25.0625,24.9375,25.03125,5.960146,181400,0.0,0.0
1997-09-10,25.03125,25.125,24.875,25.125,5.98247,174400,0.0,0.0
1997-09-11,25.125,25.5625,25.125,25.5625,6.086643,156400,0.0,0.0
1997-09-12,25.625,25.75,25.625,25.65625,6.108963,297600,0.0,0.0
1997-09-15,25.65625,25.65625,25.21875,25.375,6.041997,279000,0.0,0.0
1997-09-16,25.25,25.46875,25.0625,25.46875,6.06432,301800,0.0,0.0
1997-09-17,25.34375,25.40625,25.28125,25.40625,6.049439,283000,0.0,0.0
1997-09-18,25.28125,25.4375,25.1875,25.25,6.012237,574400,0.0,0.0
1997-09-19,25.28125,25.28125,25.15625,25.21875,6.004791,358800,0.0,0.0
1997-09-22,25.25,25.28125,25.1875,25.25,6.012237,370600,0.0,0.0
1997-09-23,25.375,25.71875,25.28125,25.6875,6.116406,636600,0.0,0.0
1997-09-24,25.375,25.4375,25.3125,25.40625,6.12394,888200,0.3125,0.0
1997-09-25,25.40625,25.6875,25.34375,25.6875,6.191731,353000,0.0,0.0
1997-09-26,25.6875,26.0,25.6875,25.96875,6.259525,360600,0.0,0.0
1997-09-29,26.0,26.5,25.9375,26.375,6.357447,488200,0.0,0.0
1997-09-30,26.3125,27.28125,26.3125,27.28125,6.575891,429800,0.0,0.0
1997-10-01,27.28125,27.4375,27.28125,27.40625,6.60602,326400,0.0,0.0
1997-10-02,27.375,27.5,27.0625,27.21875,6.560829,269800,0.0,0.0
1997-10-03,27.3125,27.5,27.0625,27.125,6.538227,211200,0.0,0.0
1997-10-06,27.125,27.3125,27.125,27.21875,6.560829,77400,0.0,0.0
1997-10-07,27.3125,27.34375,27.03125,27.28125,6.575891,261200,0.0,0.0
1997-10-08,27.34375,27.46875,27.28125,27.34375,6.590954,346800,0.0,0.0
1997-10-09,27.34375,27.34375,27.15625,27.15625,6.54576,173600,0.0,0.0
1997-10-10,27.0625,27.125,26.9375,27.0,6.508098,123000,0.0,0.0
1997-10-13,26.875,27.0,26.71875,26.71875,6.440305,117600,0.0,0.0
1997-10-14,26.65625,26.84375,26.5,26.53125,6.395109,220000,0.0,0.0
1997-10-15,26.59375,26.625,26.375,26.375,6.357447,200000,0.0,0.0
1997-10-16,26.28125,26.28125,26.0,26.25,6.327317,293600,0.0,0.0
1997-10-17,26.21875,26.46875,26.1875,26.25,6.327317,210800,0.0,0.0
1997-10-20,26.25,26.40625,26.25,26.28125,6.334848,215000,0.0,0.0
1997-10-21,26.375,26.375,26.0625,26.1875,6.312251,152800,0.0,0.0
1997-10-22,26.1875,26.21875,26.15625,26.21875,6.319785,67200,0.0,0.0
1997-10-23,26.1875,26.1875,26.0,26.15625,6.304719,114600,0.0,0.0
1997-10-24,26.125,26.1875,25.90625,25.96875,6.259525,108200,0.0,0.0
1997-10-27,25.75,25.75,25.40625,25.40625,6.12394,487400,0.0,0.0
1997-10-28,23.875,25.1875,23.6875,25.03125,6.033547,684000,0.0,0.0
1997-10-29,25.0625,25.375,25.0625,25.375,6.116406,428400,0.0,0.0
1997-10-30,25.25,25.28125,25.125,25.1875,6.071209,271000,0.0,0.0
1997-10-31,25.21875,25.25,25.15625,25.25,6.086278,306400,0.0,0.0
1997-11-03,25.25,25.25,25.125,25.25,6.086278,144400,0.0,0.0
1997-11-04,25.25,25.28125,25.125,25.125,6.056145,120000,0.0,0.0
1997-11-05,25.1875,25.34375,25.0,25.34375,6.108873,467400,0.0,0.0
1997-11-06,25.375,25.4375,25.28125,25.375,6.116406,407000,0.0,0.0
1997-11-07,25.375,25.375,25.125,25.3125,6.101341,164400,0.0,0.0
1997-11-10,25.25,25.25,24.9375,25.1875,6.071209,149600,0.0,0.0
1997-11-11,25.25,25.3125,24.96875,24.96875,6.018484,280200,0.0,0.0
1997-11-12,24.875,25.0,24.75,24.8125,5.980822,316200,0.0,0.0
1997-11-13,24.875,24.9375,24.4375,24.65625,5.943159,262400,0.0,0.0
1997-11-14,24.625,24.9375,24.34375,24.75,5.965756,301000,0.0,0.0
1997-11-17,24.8125,25.0,24.75,24.84375,5.988352,413000,0.0,0.0
1997-11-18,24.8125,24.9375,24.75,24.84375,5.988352,351400,0.0,0.0
1997-11-19,24.84375,25.0,24.8125,24.875,5.995886,128800,0.0,0.0
1997-11-20,24.84375,25.25,24.84375,25.09375,6.048616,314200,0.0,0.0
1997-11-21,25.0,25.125,24.9375,25.09375,6.048616,271400,0.0,0.0
1997-11-24,25.0625,25.125,24.875,24.875,5.995886,388800,0.0,0.0
1997-11-25,24.9375,24.9375,24.71875,24.78125,5.973285,158200,0.0,0.0
1997-11-26,24.84375,24.875,24.78125,24.8125,5.980822,133800,0.0,0.0
1997-11-28,24.875,25.0,24.875,25.0,6.026016,137400,0.0,0.0
1997-12-01,24.9375,24.96875,24.84375,24.875,5.995886,319200,0.0,0.0
1997-12-02,24.875,24.875,24.3125,24.53125,5.913029,837200,0.0,0.0
1997-12-03,24.5,24.9375,24.5,24.9375,6.010952,204200,0.0,0.0
1997-12-04,25.0,25.03125,24.65625,25.0,6.026016,182400,0.0,0.0
1997-12-05,25.0,25.0,24.75,24.75,5.965756,160400,0.0,0.0
1997-12-08,24.8125,25.03125,24.8125,25.03125,6.033547,256200,0.0,0.0
1997-12-09,25.03125,25.4375,25.0,25.375,6.116406,510800,0.0,0.0
1997-12-10,25.5,25.9375,25.5,25.9375,6.251991,337400,0.0,0.0
1997-12-11,25.59375,25.59375,25.4375,25.53125,6.206472,285600,0.219,0.0
1997-12-12,25.5625,25.625,25.5,25.625,6.229263,206600,0.0,0.0
1997-12-15,25.625,25.65625,25.5,25.53125,6.206472,149400,0.0,0.0
1997-12-16,25.5625,25.6875,25.46875,25.625,6.229263,340400,0.0,0.0
1997-12-17,25.65625,25.75,25.625,25.6875,6.244457,515400,0.0,0.0
1997-12-18,25.6875,25.71875,25.375,25.65625,6.23686,256600,0.0,0.0
1997-12-19,25.65625,25.65625,25.0,25.0,6.077329,326400,0.0,0.0
1997-12-22,25.0,25.1875,24.90625,24.9375,6.062137,328400,0.0,0.0
1997-12-23,24.9375,25.1875,24.9375,25.0625,6.092522,286200,0.0,0.0
1997-12-24,25.125,25.375,25.125,25.3125,6.153295,190000,0.0,0.0
1997-12-26,25.3125,25.34375,25.1875,25.25,6.138105,131200,0.0,0.0
1997-12-29,25.3125,25.4375,25.28125,25.4375,6.183684,259600,0.0,0.0
1997-12-30,25.4375,25.5,25.3125,25.4375,6.183684,218600,0.0,0.0
1997-12-31,25.46875,25.53125,25.28125,25.28125,6.1457,657000,0.0,0.0
1998-01-02,25.3125,25.4375,25.25,25.3125,6.153295,208600,0.0,0.0
1998-01-05,25.3125,25.5,25.25,25.375,6.168488,624800,0.0,0.0
1998-01-06,25.4375,25.5,25.3125,25.34375,6.160892,697400,0.0,0.0
1998-01-07,25.375,25.4375,25.3125,25.34375,6.160892,465600,0.0,0.0
1998-01-08,25.34375,25.5,25.34375,25.46875,6.191278,434400,0.0,0.0
1998-01-09,25.53125,25.90625,25.4375,25.5,6.198877,452400,0.0,0.0
1998-01-12,25.375,25.375,25.125,25.25,6.138105,329200,0.0,0.0
1998-01-13,25.1875,25.3125,25.1875,25.21875,6.130503,303400,0.0,0.0
1998-01-14,25.25,25.375,25.1875,25.34375,6.160892,187800,0.0,0.0
1998-01-15,25.34375,25.78125,25.34375,25.75,6.259648,454000,0.0,0.0
1998-01-16,26.0,26.1875,26.0,26.0625,6.335616,551800,0.0,0.0
1998-01-20,26.1875,26.21875,25.5,25.5625,6.214068,104200,0.0,0.0
1998-01-21,25.5625,25.5625,25.1875,25.21875,6.130503,175000,0.0,0.0
1998-01-22,25.125,25.1875,25.0,25.0625,6.092522,2043000,0.0,0.0
1998-01-23,25.09375,25.1875,25.0,25.03125,6.084924,536800,0.0,0.0
1998-01-26,25.03125,25.125,25.0,25.09375,6.100121,274800,0.0,0.0
1998-01-27,25.125,25.21875,25.03125,25.125,6.107716,226400,0.0,0.0
1998-01-28,25.1875,25.625,25.125,25.625,6.229263,560200,0.0,0.0
1998-01-29,25.59375,25.6875,25.5,25.53125,6.206472,454800,0.0,0.0
1998-01-30,25.5625,25.625,25.5,25.5625,6.214068,293800,0.0,0.0
1998-02-02,25.71875,25.71875,25.53125,25.5625,6.214068,350800,0.0,0.0
1998-02-03,25.53125,25.59375,25.3125,25.40625,6.176085,215400,0.0,0.0
1998-02-04,25.46875,25.46875,25.15625,25.21875,6.130503,259600,0.0,0.0
1998-02-05,25.21875,25.34375,25.1875,25.21875,6.130503,280000,0.0,0.0
1998-02-06,25.21875,25.28125,25.1875,25.25,6.138105,160400,0.0,0.0
1998-02-09,25.1875,25.375,25.125,25.3125,6.153295,558200,0.0,0.0
1998-02-10,25.375,25.375,25.3125,25.34375,6.160892,425200,0.0,0.0
1998-02-11,25.375,25.4375,25.28125,25.28125,6.1457,310800,0.0,0.0
1998-02-12,25.3125,25.3125,25.25,25.25,6.138105,251800,0.0,0.0
1998-02-13,25.1875,25.28125,25.125,25.125,6.107716,683000,0.0,0.0
1998-02-17,25.125,25.28125,25.125,25.1875,6.122907,408200,0.0,0.0
1998-02-18,25.1875,25.21875,24.96875,25.0,6.077329,495800,0.0,0.0
1998-02-19,24.9375,24.9375,24.375,24.5,5.955785,664400,0.0,0.0
1998-02-20,24.5,24.625,24.5,24.53125,5.963379,1015600,0.0,0.0
1998-02-23,24.53125,24.875,24.53125,24.75,6.016557,346800,0.0,0.0
1998-02-24,24.75,24.8125,24.46875,24.5,5.955785,775200,0.0,0.0
1998-02-25,24.5,24.5625,24.46875,24.53125,5.963379,588400,0.0,0.0
1998-02-26,24.53125,24.5625,24.4375,24.5,5.955785,432600,0.0,0.0
1998-02-27,24.5,24.5,23.96875,24.0,5.834237,3267600,0.0,0.0
1998-03-02,23.96875,23.96875,23.46875,23.75,5.773459,1743800,0.0,0.0
1998-03-03,23.75,24.125,23.71875,23.96875,5.826638,998200,0.0,0.0
1998-03-04,23.9375,24.25,23.875,24.25,5.895006,507000,0.0,0.0
1998-03-05,24.125,24.3125,24.0,24.0625,5.849431,313600,0.0,0.0
1998-03-06,24.0625,24.375,24.0625,24.375,5.925397,533600,0.0,0.0
1998-03-09,24.3125,24.40625,24.25,24.34375,5.917801,414600,0.0,0.0
1998-03-10,24.34375,24.4375,24.3125,24.375,5.925397,731800,0.0,0.0
1998-03-11,24.375,24.5625,24.375,24.46875,5.948186,435400,0.0,0.0
1998-03-12,24.5,24.5,24.4375,24.5,5.955785,175600,0.0,0.0
1998-03-13,24.5,24.5,24.25,24.40625,5.932996,634200,0.0,0.0
1998-03-16,24.375,24.46875,24.375,24.375,5.925397,239600,0.0,0.0
1998-03-17,24.40625,24.40625,24.25,24.25,5.895006,642400,0.0,0.0
1998-03-18,24.3125,24.375,24.21875,24.375,5.925397,508400,0.0,0.0
1998-03-19,24.375,24.5,24.34375,24.46875,5.948186,1165200,0.0,0.0
1998-03-20,24.8125,25.0625,24.8125,25.0,6.077329,1860400,0.0,0.0
1998-03-23,25.0625,25.09375,24.875,24.875,6.046943,492400,0.0,0.0
1998-03-24,24.9375,25.0625,24.875,24.9375,6.062137,1366600,0.0,0.0
1998-03-25,24.75,25.3125,24.71875,25.21875,6.213979,2225400,0.335,0.0
1998-03-26,25.15625,25.5,25.0625,25.40625,6.260183,291600,0.0,0.0
1998-03-27,25.25,25.375,25.0625,25.21875,6.213979,231800,0.0,0.0
1998-03-30,25.21875,25.34375,25.1875,25.1875,6.206279,164000,0.0,0.0
1998-03-31,25.1875,25.21875,24.9375,25.125,6.190879,490800,0.0,0.0
1998-04-01,25.125,25.21875,25.0,25.15625,6.198581,318200,0.0,0.0
1998-04-02,25.15625,25.25,25.0625,25.1875,6.206279,577800,0.0,0.0
1998-04-03,25.21875,25.46875,25.1875,25.3125,6.237083,297400,0.0,0.0
1998-04-06,25.375,25.5,25.03125,25.0625,6.175481,403000,0.0,0.0
1998-04-07,25.0,25.3125,25.0,25.28125,6.229383,352800,0.0,0.0
1998-04-08,25.28125,25.4375,25.21875,25.4375,6.26788,329400,0.0,0.0
1998-04-09,25.40625,25.625,25.40625,25.625,6.314084,680400,0.0,0.0
1998-04-13,25.5625,26.28125,25.5625,25.84375,6.367986,483200,0.0,0.0
1998-04-14,25.78125,25.96875,25.71875,25.71875,6.337182,1265400,0.0,0.0
1998-04-15,25.65625,25.75,25.625,25.625,6.314084,385600,0.0,0.0
1998-04-16,25.5,25.5,25.3125,25.34375,6.244782,380400,0.0,0.0
1998-04-17,25.28125,25.28125,24.75,24.9375,6.144681,678400,0.0,0.0
1998-04-20,25.0,25.125,24.90625,24.90625,6.136983,302800,0.0,0.0
1998-04-21,24.875,24.9375,24.65625,24.6875,6.083079,1429800,0.0,0.0
1998-04-22,24.6875,24.84375,24.625,24.71875,6.090781,334600,0.0,0.0
1998-04-23,24.75,24.8125,24.5625,24.5625,6.052278,235200,0.0,0.0
1998-04-24,24.59375,24.59375,24.15625,24.1875,5.959882,146000,0.0,0.0
1998-04-27,24.1875,24.34375,24.0625,24.21875,5.967578,258200,0.0,0.0
1998-04-28,24.28125,24.46875,24.25,24.34375,5.998378,264400,0.0,0.0
1998-04-29,24.34375,24.6875,24.28125,24.5625,6.052278,174800,0.0,0.0
1998-04-30,24.65625,24.6875,24.53125,24.5625,6.052278,546000,0.0,0.0
1998-05-01,24.5625,24.6875,24.5625,24.59375,6.059978,275000,0.0,0.0
1998-05-04,24.59375,24.65625,24.59375,24.59375,6.059978,284400,0.0,0.0
1998-05-05,24.625,24.625,24.53125,24.53125,6.04458,150000,0.0,0.0
1998-05-06,24.59375,24.75,24.53125,24.53125,6.04458,236800,0.0,0.0
1998-05-07,24.53125,24.71875,24.5,24.59375,6.059978,385600,0.0,0.0
1998-05-08,24.625,24.625,24.5,24.5,6.03688,1011800,0.0,0.0
1998-05-11,24.4375,24.6875,24.4375,24.5625,6.052278,309200,0.0,0.0
1998-05-12,24.5625,24.6875,24.5,24.625,6.067682,179800,0.0,0.0
1998-05-13,24.71875,24.71875,24.59375,24.6875,6.083079,697400,0.0,0.0
1998-05-14,24.625,24.75,24.625,24.625,6.067682,459000,0.0,0.0
1998-05-15,24.5625,24.625,24.25,24.25,5.975273,233800,0.0,0.0
1998-05-18,24.1875,24.4375,24.0625,24.375,6.006079,194200,0.0,0.0
1998-05-19,24.25,24.40625,24.1875,24.3125,5.990679,189800,0.0,0.0
1998-05-20,24.3125,24.34375,23.875,24.0,5.91368,275200,0.0,0.0
1998-05-21,24.0,24.21875,24.0,24.0,5.91368,184800,0.0,0.0
1998-05-22,24.25,24.34375,24.15625,24.21875,5.967578,95000,0.0,0.0
1998-05-26,24.125,24.3125,24.09375,24.21875,5.967578,153000,0.0,0.0
1998-05-27,24.28125,24.28125,23.875,23.875,5.882878,143600,0.0,0.0
1998-05-28,23.9375,24.3125,23.9375,24.28125,5.982978,128600,0.0,0.0
1998-05-29,24.21875,24.5,24.21875,24.46875,6.029181,235800,0.0,0.0
1998-06-01,24.375,24.625,24.375,24.46875,6.029181,845400,0.0,0.0
1998-06-02,24.5,24.6875,24.46875,24.5,6.03688,168000,0.0,0.0
1998-06-03,24.375,24.5625,24.375,24.46875,6.029181,104800,0.0,0.0
1998-06-04,24.4375,24.5625,24.40625,24.46875,6.029181,109600,0.0,0.0
1998-06-05,24.53125,24.65625,24.46875,24.53125,6.04458,262800,0.0,0.0
1998-06-08,24.5,24.84375,24.5,24.8125,6.113882,332000,0.0,0.0
1998-06-09,24.8125,24.9375,24.75,24.78125,6.10618,1603800,0.0,0.0
1998-06-10,24.875,24.875,24.78125,24.78125,6.10618,514400,0.0,0.0
1998-06-11,24.78125,24.78125,24.625,24.625,6.067682,313400,0.0,0.0
1998-06-12,24.625,24.625,24.3125,24.34375,5.998378,450400,0.0,0.0
1998-06-15,24.15625,24.1875,23.875,24.15625,5.952179,150400,0.0,0.0
1998-06-16,24.25,24.25,23.84375,23.875,5.882878,202800,0.0,0.0
1998-06-17,23.875,24.0,23.71875,23.875,5.882878,336200,0.0,0.0
1998-06-18,23.8125,23.84375,23.375,23.4375,5.775075,497600,0.0,0.0
1998-06-19,23.4375,23.46875,23.125,23.375,5.759676,658800,0.0,0.0
1998-06-22,23.40625,23.4375,23.125,23.25,5.728877,875200,0.0,0.0
1998-06-23,23.125,23.25,22.8125,22.9375,5.651873,1266000,0.0,0.0
1998-06-24,22.5625,22.6875,22.4375,22.59375,5.649684,893200,0.335,0.0
1998-06-25,22.53125,22.59375,22.25,22.46875,5.618427,643600,0.0,0.0
1998-06-26,22.5625,22.5625,22.25,22.40625,5.602802,172200,0.0,0.0
1998-06-29,22.40625,23.0,22.40625,22.78125,5.696575,668000,0.0,0.0
1998-06-30,22.78125,23.71875,22.78125,23.6875,5.923184,655000,0.0,0.0
1998-07-01,23.5,23.5,23.125,23.34375,5.837231,562400,0.0,0.0
1998-07-02,23.40625,23.53125,23.25,23.28125,5.821601,437400,0.0,0.0
1998-07-06,23.21875,23.5,23.03125,23.21875,5.805967,153800,0.0,0.0
1998-07-07,23.34375,23.6875,23.09375,23.5625,5.891929,571000,0.0,0.0
1998-07-08,23.5625,23.75,23.21875,23.34375,5.837231,818400,0.0,0.0
1998-07-09,23.125,23.125,22.5,22.65625,5.665316,1920800,0.0,0.0
1998-07-10,22.75,23.03125,22.75,23.03125,5.759088,609200,0.0,0.0
1998-07-13,23.03125,23.125,23.0,23.09375,5.774713,399800,0.0,0.0
1998-07-14,23.1875,23.1875,23.0625,23.09375,5.774713,460600,0.0,0.0
1998-07-15,23.09375,23.09375,22.84375,22.9375,5.735642,417400,0.0,0.0
1998-07-16,23.0,23.125,22.875,23.0,5.751276,491200,0.0,0.0
1998-07-17,22.9375,23.1875,22.84375,23.0,5.751276,678200,0.0,0.0
1998-07-20,23.0,23.125,22.9375,23.0,5.751276,156400,0.0,0.0
1998-07-21,23.0,23.125,22.875,22.875,5.720013,128400,0.0,0.0
1998-07-22,22.78125,22.96875,22.78125,22.875,5.720013,97600,0.0,0.0
1998-07-23,22.875,22.9375,22.75,22.75,5.688757,537200,0.0,0.0
1998-07-24,22.75,22.84375,22.6875,22.6875,5.673129,388000,0.0,0.0
1998-07-27,22.625,22.625,21.9375,21.9375,5.485587,580800,0.0,0.0
1998-07-28,21.96875,21.96875,21.0,21.0,5.251161,2248000,0.0,0.0
1998-07-29,21.0,21.03125,20.8125,20.875,5.219904,929000,0.0,0.0
1998-07-30,20.9375,21.03125,20.875,21.0,5.251161,763400,0.0,0.0
1998-07-31,21.0,21.15625,20.9375,21.0,5.251161,456800,0.0,0.0
1998-08-03,21.0,21.0,20.75,20.78125,5.196463,428400,0.0,0.0
1998-08-04,20.875,20.9375,20.34375,20.34375,5.087063,394200,0.0,0.0
1998-08-05,20.28125,20.5,20.0,20.4375,5.110505,557200,0.0,0.0
1998-08-06,20.375,21.1875,20.375,20.9375,5.235532,1363200,0.0,0.0
1998-08-07,20.9375,21.1875,20.9375,21.0625,5.26679,684400,0.0,0.0
1998-08-10,21.0625,21.15625,20.9375,20.9375,5.235532,326600,0.0,0.0
1998-08-11,20.8125,21.0,20.625,20.90625,5.227718,722400,0.0,0.0
1998-08-12,20.9375,21.1875,20.90625,21.09375,5.274603,814600,0.0,0.0
1998-08-13,21.0625,21.0625,20.9375,21.0,5.251161,779200,0.0,0.0
1998-08-14,21.03125,21.0625,20.9375,21.0,5.251161,491600,0.0,0.0
1998-08-17,21.0625,21.125,21.0,21.125,5.282416,309200,0.0,0.0
1998-08-18,21.125,21.5,21.125,21.40625,5.352748,382000,0.0,0.0
1998-08-19,21.40625,21.5,21.1875,21.21875,5.305862,165000,0.0,0.0
1998-08-20,21.15625,21.1875,20.78125,21.0,5.251161,288000,0.0,0.0
1998-08-21,20.875,20.875,20.75,20.78125,5.196463,108400,0.0,0.0
1998-08-24,20.84375,20.90625,20.5,20.625,5.157393,311600,0.0,0.0
1998-08-25,20.5625,20.84375,20.5625,20.65625,5.165205,523000,0.0,0.0
1998-08-26,20.53125,21.0625,20.53125,21.0625,5.26679,470200,0.0,0.0
1998-08-27,20.90625,20.90625,20.625,20.65625,5.165205,300000,0.0,0.0
1998-08-28,20.59375,20.6875,20.5,20.625,5.157393,920200,0.0,0.0
1998-08-31,20.5,20.5625,19.96875,19.96875,4.993291,414200,0.0,0.0
1998-09-01,19.9375,20.0,19.5,19.625,4.907332,516400,0.0,0.0
1998-09-02,19.5,19.625,19.0625,19.21875,4.80575,732000,0.0,0.0
1998-09-03,19.0,19.1875,18.75,19.0625,4.766679,537800,0.0,0.0
1998-09-04,19.09375,19.34375,18.75,18.90625,4.727607,449200,0.0,0.0
1998-09-08,18.9375,19.09375,18.8125,18.84375,4.711981,428000,0.0,0.0
1998-09-09,18.78125,18.875,18.625,18.75,4.688537,503800,0.0,0.0
1998-09-10,18.75,18.75,18.125,18.21875,4.555694,396200,0.0,0.0
1998-09-11,18.1875,18.3125,17.78125,18.0,4.500996,630400,0.0,0.0
1998-09-14,17.5625,17.6875,17.34375,17.46875,4.450991,866000,0.335,0.0
1998-09-15,17.46875,17.71875,17.46875,17.6875,4.506729,814800,0.0,0.0
1998-09-16,17.78125,18.625,17.6875,18.4375,4.697824,611400,0.0,0.0
1998-09-17,18.4375,18.4375,18.09375,18.40625,4.689863,324600,0.0,0.0
1998-09-18,18.40625,19.0625,18.3125,19.0,4.841149,495400,0.0,0.0
1998-09-21,19.0,20.25,18.875,20.09375,5.119833,1018000,0.0,0.0
1998-09-22,20.6875,22.0625,20.6875,21.75,5.541841,1450800,0.0,0.0
1998-09-23,22.375,22.375,21.5625,21.96875,5.59758,1638600,0.0,0.0
1998-09-24,21.9375,22.25,21.8125,22.0625,5.621468,534800,0.0,0.0
1998-09-25,21.96875,21.96875,21.625,21.625,5.509991,458800,0.0,0.0
1998-09-28,21.5,21.71875,21.40625,21.625,5.509991,411400,0.0,0.0
1998-09-29,21.5,21.6875,21.21875,21.375,5.446294,401200,0.0,0.0
1998-09-30,21.25,21.40625,21.0,21.09375,5.374633,986800,0.0,0.0
1998-10-01,21.09375,21.125,20.875,20.9375,5.334819,1276400,0.0,0.0
1998-10-02,20.9375,21.1875,20.90625,21.0625,5.366669,539200,0.0,0.0
1998-10-05,21.0,21.03125,20.40625,20.78125,5.295009,373600,0.0,0.0
1998-10-06,20.90625,21.125,20.4375,20.46875,5.215383,276400,0.0,0.0
1998-10-07,20.5625,20.625,20.25,20.3125,5.175574,223800,0.0,0.0
1998-10-08,20.1875,20.1875,19.375,19.71875,5.024284,215000,0.0,0.0
1998-10-09,19.84375,20.0625,19.78125,20.0,5.095948,180600,0.0,0.0
1998-10-12,20.125,20.65625,20.125,20.1875,5.143723,252400,0.0,0.0
1998-10-13,20.1875,20.3125,20.1875,20.25,5.159645,268600,0.0,0.0
1998-10-14,20.25,20.375,20.09375,20.34375,5.183533,226600,0.0,0.0
1998-10-15,20.25,20.8125,20.25,20.8125,5.302971,332200,0.0,0.0
1998-10-16,20.8125,21.09375,20.71875,20.9375,5.334819,583400,0.0,0.0
1998-10-19,20.875,21.3125,20.875,21.03125,5.358706,510000,0.0,0.0
1998-10-20,21.03125,21.34375,20.96875,21.09375,5.374633,629000,0.0,0.0
1998-10-21,21.125,21.125,20.6875,21.0,5.350744,282400,0.0,0.0
1998-10-22,20.9375,20.96875,20.1875,20.3125,5.175574,309000,0.0,0.0
1998-10-23,20.3125,20.625,19.9375,20.125,5.127797,825400,0.0,0.0
1998-10-26,20.125,20.1875,19.625,19.75,5.032246,671800,0.0,0.0
1998-10-27,19.65625,20.125,19.65625,20.09375,5.119833,1033200,0.0,0.0
1998-10-28,20.09375,20.21875,19.9375,20.1875,5.143723,453400,0.0,0.0
1998-10-29,20.15625,20.5625,20.125,20.53125,5.231305,652200,0.0,0.0
1998-10-30,20.46875,21.0,20.46875,21.0,5.350744,392800,0.0,0.0
1998-11-02,21.0,21.34375,21.0,21.125,5.382593,700000,0.0,0.0
1998-11-03,21.125,21.4375,21.0625,21.28125,5.422405,375200,0.0,0.0
1998-11-04,21.25,21.46875,21.0,21.34375,5.438329,463600,0.0,0.0
1998-11-05,21.4375,21.6875,21.0625,21.25,5.414443,278600,0.0,0.0
1998-11-06,21.125,21.125,20.75,20.9375,5.334819,348200,0.0,0.0
1998-11-09,21.0625,21.125,20.875,20.96875,5.342783,283200,0.0,0.0
1998-11-10,20.875,21.4375,20.75,21.3125,5.43037,563600,0.0,0.0
1998-11-11,21.375,21.5,21.25,21.4375,5.462219,549600,0.0,0.0
1998-11-12,21.3125,21.4375,21.15625,21.375,5.446294,389400,0.0,0.0
1998-11-13,21.28125,21.46875,21.1875,21.25,5.414443,336600,0.0,0.0
1998-11-16,21.3125,21.375,20.90625,20.96875,5.342783,315600,0.0,0.0
1998-11-17,20.84375,21.0625,20.75,20.84375,5.310934,305600,0.0,0.0
1998-11-18,20.8125,21.125,20.8125,20.96875,5.342783,315600,0.0,0.0
1998-11-19,20.84375,21.09375,20.75,21.09375,5.374633,207200,0.0,0.0
1998-11-20,21.0,21.21875,20.9375,21.0625,5.366669,301200,0.0,0.0
1998-11-23,21.0625,21.375,21.0,21.375,5.446294,386200,0.0,0.0
1998-11-24,21.375,21.5,21.25,21.5,5.478145,605600,0.0,0.0
1998-11-25,21.46875,21.59375,21.46875,21.53125,5.486105,490600,0.0,0.0
1998-11-27,21.46875,21.59375,21.3125,21.4375,5.462219,95800,0.0,0.0
1998-11-30,21.5,21.5,21.0625,21.21875,5.406483,567200,0.0,0.0
1998-12-01,21.09375,21.3125,20.875,20.96875,5.342783,325000,0.0,0.0
1998-12-02,20.84375,21.3125,20.84375,21.1875,5.398517,371000,0.0,0.0
1998-12-03,21.09375,21.375,21.09375,21.3125,5.43037,385800,0.0,0.0
1998-12-04,21.3125,21.5,20.9375,21.0625,5.366669,388800,0.0,0.0
1998-12-07,21.09375,21.125,20.875,21.0,5.350744,343000,0.0,0.0
1998-12-08,21.0,21.0,20.75,20.96875,5.342783,237400,0.0,0.0
1998-12-09,20.875,20.96875,20.84375,20.875,5.318894,338400,0.0,0.0
1998-12-10,20.875,20.96875,20.78125,20.8125,5.302971,509800,0.0,0.0
1998-12-11,20.8125,20.875,20.75,20.8125,5.302971,629200,0.0,0.0
1998-12-14,20.75,20.96875,20.75,20.84375,5.310934,945200,0.0,0.0
1998-12-15,20.59375,21.09375,20.5,21.0,5.350744,683200,0.0,0.0
1998-12-16,20.5,20.78125,20.4375,20.6875,5.361759,292800,0.355,0.0
1998-12-17,20.59375,20.78125,20.53125,20.6875,5.361759,530400,0.0,0.0
1998-12-18,20.59375,20.8125,20.53125,20.5625,5.329361,458200,0.0,0.0
1998-12-21,20.4375,20.4375,20.03125,20.28125,5.256469,479000,0.0,0.0
1998-12-22,20.25,20.3125,20.125,20.1875,5.232171,419600,0.0,0.0
1998-12-23,20.34375,20.46875,20.1875,20.1875,5.232171,379400,0.0,0.0
1998-12-24,20.125,20.28125,20.125,20.15625,5.224073,195000,0.0,0.0
1998-12-28,20.25,20.4375,20.125,20.1875,5.232171,637000,0.0,0.0
1998-12-29,20.1875,20.25,20.0625,20.21875,5.24027,371800,0.0,0.0
1998-12-30,20.125,20.25,20.03125,20.0625,5.199772,429000,0.0,0.0
1998-12-31,19.9375,20.3125,19.9375,20.15625,5.224073,494200,0.0,0.0
1999-01-04,20.0625,20.5625,20.0,20.46875,5.305064,607400,0.0,0.0
1999-01-05,20.40625,20.5,20.34375,20.5,5.313164,407800,0.0,0.0
1999-01-06,20.5625,20.875,20.5625,20.8125,5.394157,605400,0.0,0.0
1999-01-07,20.75,20.78125,20.5,20.71875,5.36986,184800,0.0,0.0
1999-01-08,20.6875,20.75,20.5625,20.59375,5.337461,294600,0.0,0.0
1999-01-11,20.6875,20.71875,20.53125,20.6875,5.361759,537800,0.0,0.0
1999-01-12,20.625,20.625,20.5,20.5625,5.329361,455400,0.0,0.0
1999-01-13,20.125,20.65625,20.0,20.5,5.313164,505000,0.0,0.0
1999-01-14,20.5625,20.5625,20.28125,20.3125,5.264571,329000,0.0,0.0
1999-01-15,20.25,20.625,20.09375,20.09375,5.207871,309800,0.0,0.0
1999-01-19,20.3125,20.75,20.28125,20.53125,5.321259,360200,0.0,0.0
1999-01-20,20.65625,20.96875,20.625,20.90625,5.418455,630800,0.0,0.0
1999-01-21,20.78125,20.9375,20.65625,20.875,5.410354,376600,0.0,0.0
1999-01-22,20.75,20.84375,20.28125,20.28125,5.256469,492600,0.0,0.0
1999-01-25,20.25,20.5625,20.25,20.46875,5.305064,538600,0.0,0.0
1999-01-26,20.34375,20.5,20.3125,20.40625,5.288864,413000,0.0,0.0
1999-01-27,20.40625,20.5625,20.3125,20.5,5.313164,984000,0.0,0.0
1999-01-28,20.5,20.5625,20.375,20.5,5.313164,540000,0.0,0.0
1999-01-29,20.40625,20.5,20.25,20.40625,5.288864,1958400,0.0,0.0
1999-02-01,20.28125,20.71875,20.25,20.59375,5.337461,1757600,0.0,0.0
1999-02-02,20.53125,20.53125,20.375,20.375,5.280766,1706800,0.0,0.0
1999-02-03,20.4375,20.46875,20.25,20.25,5.248367,642400,0.0,0.0
1999-02-04,20.21875,20.375,20.0,20.21875,5.24027,423000,0.0,0.0
1999-02-05,20.1875,20.25,20.0,20.125,5.215972,696400,0.0,0.0
1999-02-08,20.125,20.375,19.9375,20.375,5.280766,536200,0.0,0.0
1999-02-09,20.46875,20.5,20.375,20.4375,5.296962,824400,0.0,0.0
1999-02-10,20.5,20.8125,20.34375,20.375,5.280766,807200,0.0,0.0
1999-02-11,20.375,20.4375,20.1875,20.40625,5.288864,339800,0.0,0.0
1999-02-12,20.34375,20.4375,20.1875,20.21875,5.24027,594800,0.0,0.0
1999-02-16,20.25,20.3125,20.03125,20.09375,5.207871,340800,0.0,0.0
1999-02-17,20.1875,20.28125,20.125,20.21875,5.24027,2173800,0.0,0.0
1999-02-18,20.1875,20.375,20.15625,20.21875,5.24027,528600,0.0,0.0
1999-02-19,20.0625,20.375,19.9375,20.21875,5.24027,559800,0.0,0.0
1999-02-22,20.21875,20.375,20.125,20.34375,5.272667,382000,0.0,0.0
1999-02-23,20.25,20.5,20.25,20.46875,5.305064,358800,0.0,0.0
1999-02-24,20.5625,20.65625,20.4375,20.5,5.313164,395400,0.0,0.0
1999-02-25,20.5,20.5625,20.4375,20.46875,5.305064,249400,0.0,0.0
1999-02-26,20.4375,20.5,20.25,20.5,5.313164,247200,0.0,0.0
1999-03-01,20.375,20.4375,20.25,20.3125,5.264571,390000,0.0,0.0
1999-03-02,20.25,20.625,20.21875,20.46875,5.305064,247800,0.0,0.0
1999-03-03,20.46875,20.53125,20.375,20.4375,5.296962,589000,0.0,0.0
1999-03-04,20.4375,20.53125,20.3125,20.5,5.313164,586600,0.0,0.0
1999-03-05,20.5625,20.5625,20.25,20.3125,5.264571,431400,0.0,0.0
1999-03-08,20.25,20.625,20.25,20.53125,5.321259,256600,0.0,0.0
1999-03-09,20.53125,20.625,20.375,20.5625,5.329361,652200,0.0,0.0
1999-03-10,20.5,20.5,20.21875,20.375,5.280766,374800,0.0,0.0
1999-03-11,20.375,20.4375,20.28125,20.375,5.280766,383400,0.0,0.0
1999-03-12,20.3125,20.46875,20.25,20.28125,5.256469,363400,0.0,0.0
1999-03-15,20.25,20.375,20.1875,20.34375,5.272667,245400,0.0,0.0
1999-03-16,20.40625,20.4375,20.25,20.375,5.280766,690800,0.0,0.0
1999-03-17,20.03125,20.375,20.0,20.375,5.374407,708200,0.355,0.0
1999-03-18,20.28125,20.46875,20.21875,20.40625,5.382651,756400,0.0,0.0
1999-03-19,20.40625,20.65625,20.40625,20.625,5.440351,610200,0.0,0.0
1999-03-22,20.5625,20.8125,20.5,20.5,5.407379,323400,0.0,0.0
1999-03-23,20.375,20.59375,20.28125,20.5,5.407379,555400,0.0,0.0
1999-03-24,20.5,20.59375,20.375,20.4375,5.39089,885000,0.0,0.0
1999-03-25,20.25,20.4375,20.25,20.40625,5.382651,687600,0.0,0.0
1999-03-26,20.375,20.8125,20.25,20.6875,5.456837,380200,0.0,0.0
1999-03-29,20.65625,20.6875,20.3125,20.59375,5.432105,294200,0.0,0.0
1999-03-30,20.5,20.65625,20.375,20.59375,5.432105,240400,0.0,0.0
1999-03-31,20.53125,20.75,20.40625,20.625,5.440351,415800,0.0,0.0
1999-04-01,20.59375,20.84375,20.40625,20.4375,5.39089,325800,0.0,0.0
1999-04-05,20.4375,20.71875,20.40625,20.5,5.407379,295200,0.0,0.0
1999-04-06,20.5,20.75,20.40625,20.5,5.407379,377400,0.0,0.0
1999-04-07,20.625,20.6875,20.34375,20.40625,5.382651,964000,0.0,0.0
1999-04-08,20.375,20.375,20.1875,20.3125,5.357922,728200,0.0,0.0
1999-04-09,20.375,20.46875,20.125,20.375,5.374407,600400,0.0,0.0
1999-04-12,20.4375,20.71875,20.28125,20.625,5.440351,364800,0.0,0.0
1999-04-13,20.625,20.65625,20.375,20.5,5.407379,449000,0.0,0.0
1999-04-14,20.5,20.75,20.375,20.6875,5.456837,722000,0.0,0.0
1999-04-15,20.71875,21.5,20.71875,21.28125,5.613451,777600,0.0,0.0
1999-04-16,21.5,22.4375,21.5,22.375,5.901957,844400,0.0,0.0
1999-04-19,22.5,22.96875,22.375,22.6875,5.984384,1136600,0.0,0.0
1999-04-20,22.625,22.65625,22.4375,22.59375,5.959655,602600,0.0,0.0
1999-04-21,22.59375,23.0,22.5625,22.84375,6.025599,1194600,0.0,0.0
1999-04-22,22.84375,23.375,22.84375,23.1875,6.116271,550800,0.0,0.0
1999-04-23,23.15625,23.1875,22.5625,22.71875,5.992629,516800,0.0,0.0
1999-04-26,22.71875,22.875,22.375,22.59375,5.959655,298800,0.0,0.0
1999-04-27,22.5,22.625,21.875,22.1875,5.852499,393600,0.0,0.0
1999-04-28,22.3125,22.625,22.25,22.59375,5.959655,374000,0.0,0.0
1999-04-29,22.65625,22.6875,22.4375,22.4375,5.918442,362400,0.0,0.0
1999-04-30,22.5625,23.25,22.5625,23.125,6.099787,844600,0.0,0.0
1999-05-03,23.09375,23.5,23.0,23.125,6.099787,404800,0.0,0.0
1999-05-04,23.0,23.3125,23.0,23.21875,6.124515,235800,0.0,0.0
1999-05-05,23.125,23.40625,23.0,23.375,6.16573,266600,0.0,0.0
1999-05-06,23.1875,23.59375,23.1875,23.375,6.16573,454800,0.0,0.0
1999-05-07,23.375,23.96875,23.375,23.6875,6.24816,1422800,0.0,0.0
1999-05-10,23.65625,24.125,23.625,23.75,6.264643,764800,0.0,0.0
1999-05-11,23.75,23.875,23.53125,23.5625,6.215191,637000,0.0,0.0
1999-05-12,23.5,23.75,23.34375,23.71875,6.256401,442000,0.0,0.0
1999-05-13,23.6875,23.71875,23.25,23.53125,6.206944,590400,0.0,0.0
1999-05-14,23.40625,23.5625,23.25,23.46875,6.190457,334200,0.0,0.0
1999-05-17,23.1875,23.5625,23.15625,23.375,6.16573,660200,0.0,0.0
1999-05-18,23.3125,23.4375,23.0625,23.1875,6.116271,525000,0.0,0.0
1999-05-19,23.1875,23.5625,23.125,23.53125,6.206944,671200,0.0,0.0
1999-05-20,23.5625,23.6875,23.375,23.5625,6.215191,525000,0.0,0.0
1999-05-21,23.5625,23.6875,23.375,23.59375,6.22343,374400,0.0,0.0
1999-05-24,23.5625,24.0,23.5625,23.8125,6.281131,477800,0.0,0.0
1999-05-25,23.78125,24.0625,23.75,23.96875,6.322347,938600,0.0,0.0
1999-05-26,23.875,23.9375,23.625,23.78125,6.272892,480600,0.0,0.0
1999-05-27,23.6875,24.0625,23.5625,23.9375,6.314103,599800,0.0,0.0
1999-05-28,23.8125,24.0,23.78125,23.96875,6.322347,429000,0.0,0.0
1999-06-01,23.90625,24.0,23.84375,23.9375,6.314103,412200,0.0,0.0
1999-06-02,23.96875,24.0625,23.8125,23.96875,6.322347,344000,0.0,0.0
1999-06-03,23.9375,24.1875,23.90625,23.96875,6.322347,475200,0.0,0.0
1999-06-04,23.875,23.875,23.625,23.71875,6.256401,325800,0.0,0.0
1999-06-07,23.65625,23.75,23.5625,23.71875,6.256401,311000,0.0,0.0
1999-06-08,23.59375,23.71875,23.5,23.5,6.198706,230400,0.0,0.0
1999-06-09,23.5,23.6875,23.5,23.5625,6.215191,152800,0.0,0.0
1999-06-10,23.53125,23.65625,23.28125,23.375,6.16573,371600,0.0,0.0
1999-06-11,23.375,23.59375,23.125,23.21875,6.124515,173000,0.0,0.0
1999-06-14,23.1875,23.1875,23.0,23.0625,6.083298,311200,0.0,0.0
1999-06-15,23.125,23.75,23.0,23.5625,6.215191,852800,0.0,0.0
1999-06-16,23.0625,23.5,22.90625,23.1875,6.209829,1009400,0.355,0.0
1999-06-17,23.125,23.25,22.8125,22.9375,6.142879,372800,0.0,0.0
1999-06-18,22.8125,23.0625,22.75,22.8125,6.109404,2335200,0.0,0.0
1999-06-21,22.8125,23.0,22.5625,22.6875,6.075927,557600,0.0,0.0
1999-06-22,22.5,22.84375,22.375,22.71875,6.084299,315600,0.0,0.0
1999-06-23,22.625,22.78125,22.375,22.5625,6.042454,542800,0.0,0.0
1999-06-24,22.5,22.65625,22.375,22.5625,6.042454,584200,0.0,0.0
1999-06-25,22.375,22.5,22.0,22.125,5.925284,520800,0.0,0.0
1999-06-28,22.0625,22.8125,22.0625,22.6875,6.075927,511600,0.0,0.0
1999-06-29,22.5625,22.6875,22.4375,22.46875,6.017346,302600,0.0,0.0
1999-06-30,22.4375,22.9375,22.4375,22.53125,6.034082,606600,0.0,0.0
1999-07-01,22.46875,22.53125,22.3125,22.46875,6.017346,1412200,0.0,0.0
1999-07-02,22.375,22.5,22.375,22.46875,6.017346,601400,0.0,0.0
1999-07-06,22.46875,22.625,22.25,22.59375,6.050817,828800,0.0,0.0
1999-07-07,22.46875,22.59375,22.09375,22.09375,5.916914,595200,0.0,0.0
1999-07-08,22.09375,22.09375,21.6875,21.8125,5.841597,992800,0.0,0.0
1999-07-09,21.8125,22.46875,21.8125,22.40625,6.000607,529000,0.0,0.0
1999-07-12,22.625,22.625,22.40625,22.53125,6.034082,434600,0.0,0.0
1999-07-13,22.53125,22.53125,22.25,22.40625,6.000607,217200,0.0,0.0
1999-07-14,22.3125,22.375,21.5,21.5,5.757904,4284000,0.0,0.0
1999-07-15,21.59375,21.71875,21.5625,21.625,5.791378,636800,0.0,0.0
1999-07-16,21.71875,21.71875,21.625,21.65625,5.799747,288600,0.0,0.0
1999-07-19,21.625,21.75,21.625,21.6875,5.808118,441400,0.0,0.0
1999-07-20,21.4375,21.5625,21.4375,21.5,5.757904,615600,0.0,0.0
1999-07-21,21.53125,21.53125,21.3125,21.34375,5.716058,1094200,0.0,0.0
1999-07-22,21.21875,21.34375,21.125,21.25,5.690952,383200,0.0,0.0
1999-07-23,21.21875,21.28125,21.21875,21.25,5.690952,260800,0.0,0.0
1999-07-26,21.0,21.21875,20.875,20.90625,5.59889,1441800,0.0,0.0
1999-07-27,21.0,21.03125,20.875,20.90625,5.59889,251600,0.0,0.0
1999-07-28,20.8125,20.84375,20.4375,20.65625,5.531936,944200,0.0,0.0
1999-07-29,20.53125,20.625,20.46875,20.5,5.490093,838000,0.0,0.0
1999-07-30,20.5,20.84375,20.5,20.65625,5.531936,2033600,0.0,0.0
1999-08-02,20.75,20.75,20.34375,20.53125,5.498464,874200,0.0,0.0
1999-08-03,20.53125,20.5625,20.40625,20.40625,5.464985,377200,0.0,0.0
1999-08-04,20.4375,20.59375,20.34375,20.46875,5.481724,578000,0.0,0.0
1999-08-05,20.46875,20.59375,20.4375,20.53125,5.498464,1563400,0.0,0.0
1999-08-06,20.53125,20.8125,20.53125,20.71875,5.548677,866200,0.0,0.0
1999-08-09,20.6875,20.875,20.6875,20.84375,5.582151,568000,0.0,0.0
1999-08-10,21.0625,21.125,20.9375,21.03125,5.632368,678200,0.0,0.0
1999-08-11,20.9375,21.09375,20.75,21.0,5.623999,550000,0.0,0.0
1999-08-12,20.875,21.5,20.875,21.4375,5.74117,1249200,0.0,0.0
1999-08-13,21.46875,21.875,21.46875,21.59375,5.783009,269800,0.0,0.0
1999-08-16,21.5,21.6875,21.375,21.5625,5.774642,195000,0.0,0.0
1999-08-17,21.6875,21.71875,21.4375,21.71875,5.816485,387200,0.0,0.0
1999-08-18,21.625,21.75,21.5,21.71875,5.816485,217800,0.0,0.0
1999-08-19,21.65625,21.9375,21.625,21.9375,5.875074,173000,0.0,0.0
1999-08-20,21.8125,22.0,21.78125,21.875,5.858331,360800,0.0,0.0
1999-08-23,22.0,22.03125,21.875,21.96875,5.883438,240600,0.0,0.0
1999-08-24,21.9375,22.0,21.90625,22.0,5.891808,139800,0.0,0.0
1999-08-25,21.9375,21.96875,21.71875,21.75,5.824855,177800,0.0,0.0
1999-08-26,21.625,21.8125,21.5625,21.625,5.791378,296200,0.0,0.0
1999-08-27,21.625,21.625,21.5,21.5,5.757904,434800,0.0,0.0
1999-08-30,21.59375,21.625,21.34375,21.40625,5.732797,482000,0.0,0.0
1999-08-31,21.4375,22.0,21.375,22.0,5.891808,438200,0.0,0.0
1999-09-01,21.875,22.03125,21.78125,21.96875,5.883438,430600,0.0,0.0
1999-09-02,21.875,21.96875,21.75,21.9375,5.875074,621400,0.0,0.0
1999-09-03,21.9375,22.25,21.9375,22.09375,5.916914,456000,0.0,0.0
1999-09-07,22.15625,22.25,22.125,22.15625,5.933656,239000,0.0,0.0
1999-09-08,22.03125,22.1875,22.0,22.125,5.925284,243400,0.0,0.0
1999-09-09,22.0,22.25,22.0,22.1875,5.942025,145400,0.0,0.0
1999-09-10,22.21875,22.25,22.09375,22.125,5.925284,103000,0.0,0.0
1999-09-13,22.125,22.15625,21.75,21.9375,5.875074,306600,0.0,0.0
1999-09-14,21.96875,22.09375,21.75,21.75,5.824855,139200,0.0,0.0
1999-09-15,21.84375,22.03125,21.71875,21.875,5.858331,620400,0.0,0.0
1999-09-16,21.46875,21.8125,21.46875,21.75,5.927828,870400,0.38,0.0
1999-09-17,21.75,21.875,21.6875,21.84375,5.953383,1125200,0.0,0.0
1999-09-20,21.90625,21.90625,21.75,21.78125,5.936348,1260200,0.0,0.0
1999-09-21,21.75,21.78125,21.4375,21.5,5.859693,343600,0.0,0.0
1999-09-22,21.5,21.5625,21.5,21.53125,5.868211,159000,0.0,0.0
1999-09-23,21.53125,21.75,21.5,21.65625,5.902278,333200,0.0,0.0
1999-09-24,21.625,21.6875,21.3125,21.3125,5.808591,462400,0.0,0.0
1999-09-27,21.375,21.375,21.03125,21.1875,5.774524,235200,0.0,0.0
1999-09-28,21.125,21.21875,21.03125,21.125,5.757491,247000,0.0,0.0
1999-09-29,21.125,21.21875,20.9375,21.0,5.723424,377400,0.0,0.0
1999-09-30,20.96875,21.21875,20.9375,21.1875,5.774524,397400,0.0,0.0
1999-10-01,21.21875,21.25,21.0,21.03125,5.731938,220000,0.0,0.0
1999-10-04,20.9375,21.28125,20.9375,21.25,5.791557,329800,0.0,0.0
1999-10-05,21.3125,21.46875,21.1875,21.3125,5.808591,404800,0.0,0.0
1999-10-06,21.3125,21.5,21.28125,21.5,5.859693,323400,0.0,0.0
1999-10-07,21.5,21.625,21.125,21.25,5.791557,446200,0.0,0.0
1999-10-08,21.0,21.0625,20.75,20.75,5.655288,2180400,0.0,0.0
1999-10-11,20.875,21.1875,20.84375,21.0,5.723424,187000,0.0,0.0
1999-10-12,20.90625,21.125,20.8125,21.0625,5.740459,215600,0.0,0.0
1999-10-13,21.0,21.09375,20.875,20.96875,5.714904,498000,0.0,0.0
1999-10-14,21.0625,21.125,20.875,21.0,5.723424,168000,0.0,0.0
1999-10-15,20.875,20.90625,20.53125,20.53125,5.595667,410200,0.0,0.0
1999-10-18,20.5625,20.65625,20.46875,20.53125,5.595667,187200,0.0,0.0
1999-10-19,20.5625,20.59375,20.375,20.46875,5.578631,182200,0.0,0.0
1999-10-20,20.4375,20.46875,20.15625,20.15625,5.493465,639600,0.0,0.0
1999-10-21,20.125,20.375,20.09375,20.25,5.519018,237400,0.0,0.0
1999-10-22,20.1875,20.25,20.1875,20.25,5.519018,155600,0.0,0.0
1999-10-25,20.25,20.40625,20.1875,20.25,5.519018,185600,0.0,0.0
1999-10-26,20.25,20.28125,20.1875,20.1875,5.501979,427400,0.0,0.0
1999-10-27,20.1875,20.4375,20.1875,20.28125,5.527531,229200,0.0,0.0
1999-10-28,20.1875,20.5,20.15625,20.40625,5.561601,551800,0.0,0.0
1999-10-29,20.5,21.0,20.5,20.90625,5.697873,684200,0.0,0.0
1999-11-01,21.0,21.375,20.9375,21.09375,5.748973,291600,0.0,0.0
1999-11-02,21.0,21.40625,21.0,21.28125,5.800076,256400,0.0,0.0
1999-11-03,21.375,21.46875,21.25,21.28125,5.800076,207800,0.0,0.0
1999-11-04,21.25,21.3125,21.03125,21.03125,5.731938,159800,0.0,0.0
1999-11-05,21.15625,21.25,20.8125,20.90625,5.697873,209200,0.0,0.0
1999-11-08,20.9375,21.0,20.6875,20.8125,5.672318,296000,0.0,0.0
1999-11-09,20.8125,21.125,20.8125,20.875,5.689355,337000,0.0,0.0
1999-11-10,20.8125,21.0,20.78125,20.84375,5.680839,395600,0.0,0.0
1999-11-11,20.84375,20.875,20.625,20.65625,5.629731,225600,0.0,0.0
1999-11-12,20.75,20.75,20.34375,20.59375,5.612701,426800,0.0,0.0
1999-11-15,20.375,20.46875,20.1875,20.34375,5.544565,703400,0.0,0.0
1999-11-16,20.3125,20.375,20.1875,20.21875,5.510497,444000,0.0,0.0
1999-11-17,20.28125,20.40625,20.25,20.25,5.519018,509200,0.0,0.0
1999-11-18,20.25,20.34375,20.09375,20.09375,5.476428,394000,0.0,0.0
1999-11-19,20.1875,20.1875,19.875,19.875,5.416809,779400,0.0,0.0
1999-11-22,20.0,20.125,19.875,19.9375,5.433846,632200,0.0,0.0
1999-11-23,19.9375,20.03125,19.78125,19.875,5.416809,631400,0.0,0.0
1999-11-24,19.875,19.875,19.6875,19.78125,5.391258,472200,0.0,0.0
1999-11-26,19.8125,19.96875,19.78125,19.875,5.416809,136600,0.0,0.0
1999-11-29,19.96875,20.0,19.9375,19.96875,5.44236,258400,0.0,0.0
1999-11-30,20.0,20.09375,19.9375,20.09375,5.476428,423600,0.0,0.0
1999-12-01,20.0,20.5625,20.0,20.4375,5.570113,566800,0.0,0.0
1999-12-02,20.3125,20.5,20.25,20.25,5.519018,356200,0.0,0.0
1999-12-03,20.3125,20.46875,20.25,20.375,5.553082,428600,0.0,0.0
1999-12-06,20.375,20.5625,20.34375,20.46875,5.578631,315200,0.0,0.0
1999-12-07,20.375,20.46875,20.375,20.40625,5.561601,292800,0.0,0.0
1999-12-08,20.53125,20.53125,20.25,20.25,5.519018,643600,0.0,0.0
1999-12-09,20.25,20.25,20.125,20.125,5.484945,282200,0.0,0.0
1999-12-10,20.09375,20.1875,19.8125,19.84375,5.408295,436600,0.0,0.0
1999-12-13,19.96875,20.0,19.75,19.75,5.382743,519600,0.0,0.0
1999-12-14,19.75,20.0,19.65625,19.65625,5.357191,1141800,0.0,0.0
1999-12-15,19.625,19.6875,19.15625,19.59375,5.340158,1301400,0.0,0.0
1999-12-16,19.0625,19.3125,19.0625,19.21875,5.341548,558800,0.38,0.0
1999-12-17,19.1875,20.21875,19.1875,20.125,5.593425,917000,0.0,0.0
1999-12-20,20.125,20.5,20.09375,20.34375,5.654222,996400,0.0,0.0
1999-12-21,20.25,20.40625,20.0,20.25,5.62817,787200,0.0,0.0
1999-12-22,20.0,20.40625,20.0,20.09375,5.58474,385400,0.0,0.0
1999-12-23,20.09375,20.53125,20.0625,20.4375,5.680277,351400,0.0,0.0
1999-12-27,20.3125,20.53125,20.25,20.34375,5.654222,313800,0.0,0.0
1999-12-28,20.40625,20.875,20.21875,20.78125,5.775823,432000,0.0,0.0
1999-12-29,20.875,21.0625,20.75,20.9375,5.819246,334600,0.0,0.0
1999-12-30,20.875,21.1875,20.8125,21.1875,5.888727,289800,0.0,0.0
1999-12-31,21.0625,21.34375,21.0625,21.34375,5.932157,230800,0.0,0.0
2000-01-03,21.21875,21.25,20.9375,21.09375,5.862673,305200,0.0,0.0
2000-01-04,20.9375,20.96875,20.75,20.9375,5.819246,492600,0.0,0.0
2000-01-05,20.75,21.375,20.75,21.375,5.940842,580400,0.0,0.0
2000-01-06,21.25,21.71875,21.25,21.59375,6.001642,687600,0.0,0.0
2000-01-07,21.75,22.15625,21.71875,22.0,6.114552,724400,0.0,0.0
2000-01-10,22.0,22.25,21.9375,22.15625,6.157982,626600,0.0,0.0
2000-01-11,22.1875,22.25,21.90625,22.03125,6.123236,530800,0.0,0.0
2000-01-12,22.03125,22.0625,21.875,21.9375,6.097183,430400,0.0,0.0
2000-01-13,21.9375,21.96875,21.6875,21.6875,6.027698,453200,0.0,0.0
2000-01-14,21.5625,21.8125,21.3125,21.3125,5.923471,437000,0.0,0.0
2000-01-18,21.25,21.28125,20.90625,21.125,5.871359,669600,0.0,0.0
2000-01-19,21.0,21.25,21.0,21.21875,5.897415,673600,0.0,0.0
2000-01-20,21.125,21.4375,21.09375,21.09375,5.862673,439600,0.0,0.0
2000-01-21,21.09375,21.3125,21.0625,21.3125,5.923471,338200,0.0,0.0
2000-01-24,21.25,21.28125,21.03125,21.0625,5.853991,465600,0.0,0.0
2000-01-25,21.03125,21.1875,21.0,21.03125,5.845301,708600,0.0,0.0
2000-01-26,21.0,21.1875,20.625,21.0625,5.853991,875400,0.0,0.0
2000-01-27,21.0,21.125,20.84375,21.125,5.871359,362000,0.0,0.0
2000-01-28,21.15625,21.15625,20.8125,20.9375,5.819246,330800,0.0,0.0
2000-01-31,21.0,21.03125,20.75,20.75,5.767135,419400,0.0,0.0
2000-02-01,20.75,21.0,20.71875,21.0,5.836618,365800,0.0,0.0
2000-02-02,20.875,21.09375,20.875,20.96875,5.827932,374400,0.0,0.0
2000-02-03,20.875,21.03125,20.75,20.84375,5.79319,992000,0.0,0.0
2000-02-04,20.78125,20.96875,20.78125,20.875,5.801875,290800,0.0,0.0
2000-02-07,20.6875,20.9375,20.6875,20.8125,5.784502,254800,0.0,0.0
2000-02-08,20.84375,21.0,20.78125,20.9375,5.819246,533600,0.0,0.0
2000-02-09,20.96875,21.0,20.8125,20.84375,5.79319,282800,0.0,0.0
2000-02-10,20.75,20.84375,20.4375,20.46875,5.688964,554400,0.0,0.0
2000-02-11,20.5,20.6875,20.21875,20.25,5.62817,921000,0.0,0.0
2000-02-14,19.5,20.25,19.5,20.0625,5.576054,693800,0.0,0.0
2000-02-15,20.0,20.125,19.9375,20.09375,5.58474,665400,0.0,0.0
2000-02-16,19.96875,20.0625,19.84375,19.9375,5.54131,741600,0.0,0.0
2000-02-17,19.96875,19.96875,19.8125,19.8125,5.506568,1126000,0.0,0.0
2000-02-18,19.8125,19.90625,19.78125,19.84375,5.515258,524000,0.0,0.0
2000-02-22,19.78125,19.90625,19.78125,19.8125,5.506568,489000,0.0,0.0
2000-02-23,19.9375,20.0,19.8125,19.875,5.523939,408200,0.0,0.0
2000-02-24,19.875,19.96875,19.75,19.75,5.4892,468200,0.0,0.0
2000-02-25,19.78125,19.875,19.6875,19.75,5.4892,718600,0.0,0.0
2000-02-28,19.75,19.75,19.625,19.65625,5.463145,407000,0.0,0.0
2000-02-29,19.625,20.0,19.5,19.96875,5.549995,1129000,0.0,0.0
2000-03-01,20.0,20.0625,19.78125,20.0,5.558686,338600,0.0,0.0
2000-03-02,19.75,20.125,19.71875,20.03125,5.567369,580800,0.0,0.0
2000-03-03,20.0,20.125,19.96875,20.03125,5.567369,715200,0.0,0.0
2000-03-06,19.875,20.0625,19.875,20.03125,5.567369,324800,0.0,0.0
2000-03-07,20.0,20.0625,19.875,20.0625,5.576054,1015200,0.0,0.0
2000-03-08,19.90625,20.0,19.625,19.65625,5.463145,686800,0.0,0.0
2000-03-09,19.65625,19.875,19.65625,19.6875,5.471831,1255400,0.0,0.0
2000-03-10,19.625,19.78125,19.5,19.6875,5.471831,971200,0.0,0.0
2000-03-13,19.5625,19.625,19.4375,19.59375,5.445772,373800,0.0,0.0
2000-03-14,19.65625,19.75,19.5,19.53125,5.428402,648600,0.0,0.0
2000-03-15,19.59375,19.6875,19.5625,19.65625,5.463145,1478200,0.0,0.0
2000-03-16,19.34375,19.75,19.34375,19.625,5.561982,703000,0.38,0.0
2000-03-17,19.65625,19.84375,19.53125,19.84375,5.623983,898200,0.0,0.0
2000-03-20,19.71875,19.9375,19.625,19.75,5.597413,532800,0.0,0.0
2000-03-21,19.6875,20.0,19.5625,20.0,5.668265,270400,0.0,0.0
2000-03-22,20.0625,20.09375,19.9375,19.96875,5.659406,564800,0.0,0.0
2000-03-23,19.96875,20.09375,19.9375,20.09375,5.694833,355200,0.0,0.0
2000-03-24,20.0,20.1875,20.0,20.1875,5.721404,865400,0.0,0.0
2000-03-27,19.96875,20.1875,19.875,19.90625,5.641693,1166400,0.0,0.0
2000-03-28,19.9375,20.09375,19.875,19.9375,5.650548,302200,0.0,0.0
2000-03-29,20.125,20.125,19.96875,20.09375,5.694833,355800,0.0,0.0
2000-03-30,20.15625,20.21875,20.0,20.21875,5.730258,947400,0.0,0.0
2000-03-31,20.15625,20.25,20.0,20.09375,5.694833,678200,0.0,0.0
2000-04-03,20.125,20.5,20.0,20.28125,5.747975,1209000,0.0,0.0
2000-04-04,20.375,20.71875,20.1875,20.4375,5.792255,1061400,0.0,0.0
2000-04-05,20.4375,20.8125,20.4375,20.65625,5.854251,1692000,0.0,0.0
2000-04-06,20.625,20.84375,20.5,20.71875,5.871969,963400,0.0,0.0
2000-04-07,21.0625,21.125,20.84375,21.0625,5.969388,554400,0.0,0.0
2000-04-10,21.3125,21.5,21.0625,21.4375,6.075668,1161600,0.0,0.0
2000-04-11,21.5625,21.5625,21.28125,21.40625,6.066814,1167400,0.0,0.0
2000-04-12,21.4375,21.71875,21.34375,21.6875,6.146522,2401800,0.0,0.0
2000-04-13,21.75,22.09375,21.65625,21.9375,6.217379,1829000,0.0,0.0
2000-04-14,21.96875,22.15625,21.625,21.90625,6.20852,1112000,0.0,0.0
2000-04-17,22.0,22.0,21.375,21.875,6.199664,606000,0.0,0.0
2000-04-18,21.875,22.21875,21.84375,22.1875,6.288231,1607000,0.0,0.0
2000-04-19,22.15625,22.21875,21.9375,22.1875,6.288231,712800,0.0,0.0
2000-04-20,22.0625,22.15625,22.0,22.09375,6.261662,484200,0.0,0.0
2000-04-24,22.125,22.40625,22.125,22.40625,6.350228,919800,0.0,0.0
2000-04-25,22.46875,22.46875,22.28125,22.375,6.341373,452800,0.0,0.0
2000-04-26,22.46875,22.5625,22.375,22.5625,6.394513,1246400,0.0,0.0
2000-04-27,22.375,22.75,22.375,22.625,6.412223,441200,0.0,0.0
2000-04-28,22.5,22.75,22.5,22.75,6.447649,425000,0.0,0.0
2000-05-01,22.71875,23.0,22.6875,22.9375,6.500788,854800,0.0,0.0
2000-05-02,23.0,23.5,22.9375,23.1875,6.571642,961000,0.0,0.0
2000-05-03,23.40625,23.46875,22.53125,23.0,6.518503,1188800,0.0,0.0
2000-05-04,23.0,23.15625,22.75,23.15625,6.562787,731600,0.0,0.0
2000-05-05,23.09375,23.21875,23.0,23.15625,6.562787,709800,0.0,0.0
2000-05-08,23.125,23.21875,23.03125,23.1875,6.571642,382600,0.0,0.0
2000-05-09,23.25,23.34375,23.125,23.28125,6.598215,711800,0.0,0.0
2000-05-10,23.40625,23.40625,23.09375,23.125,6.553931,932000,0.0,0.0
2000-05-11,23.21875,23.34375,22.90625,23.0,6.518503,542800,0.0,0.0
2000-05-12,22.8125,22.90625,22.625,22.84375,6.47422,550000,0.0,0.0
2000-05-15,22.75,22.96875,22.6875,22.96875,6.509644,632600,0.0,0.0
2000-05-16,23.0,23.03125,22.9375,22.96875,6.509644,567600,0.0,0.0
2000-05-17,22.875,23.0625,22.84375,22.96875,6.509644,318800,0.0,0.0
2000-05-18,23.0,23.1875,22.875,23.09375,6.545073,713800,0.0,0.0
2000-05-19,23.0,23.09375,22.90625,22.96875,6.509644,629000,0.0,0.0
2000-05-22,22.96875,23.0,22.78125,22.9375,6.500788,614800,0.0,0.0
2000-05-23,22.90625,22.96875,22.8125,22.875,6.483077,993200,0.0,0.0
2000-05-24,22.8125,22.875,22.375,22.5,6.376798,770000,0.0,0.0
2000-05-25,22.5,22.53125,22.3125,22.375,6.341373,804800,0.0,0.0
2000-05-26,22.3125,22.40625,22.15625,22.28125,6.314796,466400,0.0,0.0
2000-05-30,22.21875,22.3125,22.15625,22.21875,6.297084,640800,0.0,0.0
2000-05-31,22.25,22.34375,22.15625,22.3125,6.323655,446400,0.0,0.0
2000-06-01,22.1875,22.4375,22.1875,22.28125,6.314796,279800,0.0,0.0
2000-06-02,22.21875,22.4375,22.03125,22.28125,6.314796,313200,0.0,0.0
2000-06-05,22.375,22.5625,22.15625,22.46875,6.367941,450800,0.0,0.0
2000-06-06,22.40625,22.78125,22.25,22.65625,6.421079,593800,0.0,0.0
2000-06-07,22.78125,23.125,22.75,23.125,6.553931,850800,0.0,0.0
2000-06-08,23.21875,23.21875,23.03125,23.1875,6.571642,481200,0.0,0.0
2000-06-09,23.1875,23.375,23.1875,23.28125,6.598215,692600,0.0,0.0
2000-06-12,23.21875,23.375,23.21875,23.265625,6.593785,175400,0.0,0.0
2000-06-13,23.40625,23.4375,23.1875,23.390625,6.629214,479000,0.0,0.0
2000-06-14,23.46875,24.25,23.4375,24.078125,6.824056,1422800,0.0,0.0
2000-06-15,24.09375,24.1875,23.59375,23.6875,6.713347,986200,0.0,0.0
2000-06-16,23.3125,23.4375,23.03125,23.4375,6.750795,733200,0.38,0.0
2000-06-19,23.46875,23.46875,23.09375,23.1875,6.678786,631000,0.0,0.0
2000-06-20,23.09375,23.625,23.09375,23.625,6.804797,937200,0.0,0.0
2000-06-21,23.375,23.5,23.25,23.40625,6.741793,488400,0.0,0.0
2000-06-22,23.5,23.59375,23.375,23.5,6.768796,421000,0.0,0.0
2000-06-23,23.375,23.53125,23.375,23.484375,6.764295,294600,0.0,0.0
2000-06-26,23.46875,23.46875,23.25,23.390625,6.737294,419200,0.0,0.0
2000-06-27,23.4375,23.6875,23.40625,23.640625,6.809302,427000,0.0,0.0
2000-06-28,23.71875,23.78125,23.46875,23.640625,6.809302,432200,0.0,0.0
2000-06-29,23.71875,23.78125,23.5,23.640625,6.809302,532600,0.0,0.0
2000-06-30,23.75,23.75,22.8125,22.992188,6.622529,1555600,0.0,0.0
2000-07-03,23.5625,23.625,23.375,23.421875,6.746291,478800,0.0,0.0
2000-07-05,23.5625,24.125,23.4375,24.046875,6.926313,710000,0.0,0.0
2000-07-06,23.96875,24.125,23.875,24.0,6.912814,824200,0.0,0.0
2000-07-07,24.0,24.5,24.0,24.359375,7.016324,748400,0.0,0.0
2000-07-10,24.3125,24.375,24.1875,24.265625,6.989319,333800,0.0,0.0
2000-07-11,24.3125,24.375,24.25,24.375,7.020826,475800,0.0,0.0
2000-07-12,24.3125,24.34375,24.15625,24.171875,6.962317,737600,0.0,0.0
2000-07-13,24.25,24.25,24.0625,24.109375,6.944318,252400,0.0,0.0
2000-07-14,24.1875,24.1875,23.828125,23.828125,6.863307,375600,0.0,0.0
2000-07-17,23.96875,23.96875,23.625,23.6875,6.822803,702200,0.0,0.0
2000-07-18,23.65625,23.71875,23.5625,23.6875,6.822803,303400,0.0,0.0
2000-07-19,23.5625,23.6875,23.5625,23.65625,6.813801,273000,0.0,0.0
2000-07-20,23.65625,23.71875,23.625,23.65625,6.813801,743400,0.0,0.0
2000-07-21,23.75,24.1875,23.71875,24.125,6.948818,744400,0.0,0.0
2000-07-24,24.0625,24.34375,24.0625,24.1875,6.96682,494200,0.0,0.0
2000-07-25,24.125,24.46875,24.0625,24.46875,7.047831,628000,0.0,0.0
2000-07-26,24.375,24.6875,24.3125,24.6875,7.110836,935600,0.0,0.0
2000-07-27,24.5625,24.96875,24.53125,24.96875,7.191845,1025800,0.0,0.0
2000-07-28,24.90625,25.0625,24.875,24.875,7.164844,586400,0.0,0.0
2000-07-31,24.75,24.9375,24.75,24.9375,7.182843,626000,0.0,0.0
2000-08-01,24.84375,25.5,24.75,25.5,7.344865,1067800,0.0,0.0
2000-08-02,25.4375,25.59375,25.28125,25.59375,7.371867,502600,0.0,0.0
2000-08-03,25.5,25.59375,25.03125,25.1875,7.254852,543400,0.0,0.0
2000-08-04,25.3125,25.3125,24.8125,24.9375,7.182843,526000,0.0,0.0
2000-08-07,25.0625,25.0625,24.5625,24.65625,7.101834,427200,0.0,0.0
2000-08-08,24.75,25.25,24.75,25.078125,7.22335,626400,0.0,0.0
2000-08-09,25.21875,25.21875,24.9375,25.0625,7.218851,271200,0.0,0.0
2000-08-10,25.0,25.21875,24.96875,25.21875,7.263853,518000,0.0,0.0
2000-08-11,25.1875,25.4375,25.03125,25.375,7.308861,312200,0.0,0.0
2000-08-14,25.25,25.46875,25.1875,25.40625,7.317859,362000,0.0,0.0
2000-08-15,25.375,25.46875,25.375,25.4375,7.326862,233800,0.0,0.0
2000-08-16,25.4375,25.5,25.375,25.4375,7.326862,680400,0.0,0.0
2000-08-17,25.5625,25.5625,25.4375,25.46875,7.335864,234200,0.0,0.0
2000-08-18,25.4375,25.46875,25.34375,25.375,7.308861,314800,0.0,0.0
2000-08-21,25.25,25.375,25.125,25.3125,7.290857,244400,0.0,0.0
2000-08-22,25.25,25.375,25.125,25.125,7.236852,207600,0.0,0.0
2000-08-23,25.125,25.25,24.53125,24.53125,7.065831,404600,0.0,0.0
2000-08-24,24.5625,24.75,24.125,24.1875,6.96682,492200,0.0,0.0
2000-08-25,24.15625,24.3125,24.0,24.265625,6.989319,388400,0.0,0.0
2000-08-28,24.1875,24.25,24.03125,24.15625,6.957819,369000,0.0,0.0
2000-08-29,24.1875,24.25,23.375,23.375,6.732791,769000,0.0,0.0
2000-08-30,23.40625,24.0,23.40625,24.0,6.912814,957400,0.0,0.0
2000-08-31,24.3125,24.375,24.0,24.0,6.912814,751200,0.0,0.0
2000-09-01,24.25,24.28125,23.9375,23.953125,6.899311,360400,0.0,0.0
2000-09-05,24.0625,24.1875,23.9375,24.125,6.948818,260400,0.0,0.0
2000-09-06,24.15625,24.21875,24.0,24.125,6.948818,493200,0.0,0.0
2000-09-07,24.1875,24.5625,24.125,24.53125,7.065831,2010400,0.0,0.0
2000-09-08,24.53125,25.25,24.5,25.25,7.272855,648800,0.0,0.0
2000-09-11,25.125,25.125,24.8125,24.96875,7.191845,453400,0.0,0.0
2000-09-12,24.90625,25.0625,24.78125,24.96875,7.191845,873800,0.0,0.0
2000-09-13,24.90625,24.9375,24.78125,24.875,7.164844,250200,0.0,0.0
2000-09-14,24.75,24.8125,24.65625,24.75,7.128839,685800,0.0,0.0
2000-09-15,24.8125,24.8125,24.625,24.6875,7.110836,505400,0.0,0.0
2000-09-18,24.28125,24.34375,23.78125,23.78125,6.964771,609400,0.4075,0.0
2000-09-19,23.90625,24.15625,23.90625,24.03125,7.037983,3106400,0.0,0.0
2000-09-20,23.8125,24.0625,23.8125,23.875,6.992228,337000,0.0,0.0
2000-09-21,23.8125,23.8125,23.46875,23.46875,6.873247,1678400,0.0,0.0
2000-09-22,23.375,23.78125,23.375,23.78125,6.964771,1112200,0.0,0.0
2000-09-25,23.65625,23.75,23.375,23.5625,6.900702,449200,0.0,0.0
2000-09-26,23.5625,23.78125,23.5,23.78125,6.964771,1156800,0.0,0.0
2000-09-27,23.90625,24.125,23.71875,24.109375,7.060866,329800,0.0,0.0
2000-09-28,24.09375,24.3125,24.09375,24.1875,7.083746,781800,0.0,0.0
2000-09-29,24.3125,24.3125,24.0,24.0,7.028834,472600,0.0,0.0
2000-10-02,24.125,24.125,23.5625,23.5625,6.900702,909800,0.0,0.0
2000-10-03,23.4375,23.5625,23.375,23.375,6.845789,609200,0.0,0.0
2000-10-04,23.375,23.375,23.0,23.0,6.735966,427600,0.0,0.0
2000-10-05,22.875,23.1875,22.875,23.0,6.735966,1281400,0.0,0.0
2000-10-06,22.9375,23.0,22.90625,23.0,6.735966,839000,0.0,0.0
2000-10-09,22.96875,23.0,22.78125,22.78125,6.671898,228600,0.0,0.0
2000-10-10,22.8125,22.8125,22.6875,22.6875,6.644446,883800,0.0,0.0
2000-10-11,22.65625,23.0,22.65625,23.0,6.735966,1136000,0.0,0.0
2000-10-12,23.0,23.0625,22.65625,22.75,6.662748,413600,0.0,0.0
2000-10-13,22.875,23.0,22.5,22.625,6.626139,493800,0.0,0.0
2000-10-16,22.875,23.1875,22.875,23.15625,6.781725,433000,0.0,0.0
2000-10-17,23.21875,23.21875,22.5625,22.84375,6.690204,268000,0.0,0.0
2000-10-18,22.71875,22.75,22.4375,22.5,6.589533,195800,0.0,0.0
2000-10-19,22.625,22.875,22.625,22.78125,6.671898,399800,0.0,0.0
2000-10-20,22.6875,23.125,22.6875,23.125,6.772572,499400,0.0,0.0
2000-10-23,23.03125,23.1875,22.75,22.84375,6.690204,284600,0.0,0.0
2000-10-24,22.9375,23.0,22.5,22.65625,6.635293,401400,0.0,0.0
2000-10-25,22.65625,22.65625,22.25,22.4375,6.571229,339600,0.0,0.0
2000-10-26,22.375,22.78125,22.28125,22.71875,6.653598,469200,0.0,0.0
2000-10-27,22.625,23.25,22.625,23.21875,6.80003,556000,0.0,0.0
2000-10-30,23.09375,23.3125,23.0625,23.28125,6.818337,1158000,0.0,0.0
2000-10-31,23.5,23.53125,23.28125,23.53125,6.891549,507800,0.0,0.0
2000-11-01,23.5,23.53125,23.375,23.46875,6.873247,253800,0.0,0.0
2000-11-02,23.40625,23.53125,23.40625,23.5,6.882399,678000,0.0,0.0
2000-11-03,23.4375,23.5,23.375,23.5,6.882399,490800,0.0,0.0
2000-11-06,23.625,23.75,23.40625,23.75,6.955616,370400,0.0,0.0
2000-11-07,23.65625,23.75,23.625,23.71875,6.946464,212000,0.0,0.0
2000-11-08,23.8125,23.9375,23.59375,23.90625,7.001378,496800,0.0,0.0
2000-11-09,23.96875,23.96875,23.75,23.8125,6.973921,653400,0.0,0.0
2000-11-10,23.75,23.96875,23.75,23.90625,7.001378,1197200,0.0,0.0
2000-11-13,23.78125,24.03125,23.78125,24.0,7.028834,258200,0.0,0.0
2000-11-14,23.875,24.25,23.875,24.125,7.065436,289200,0.0,0.0
2000-11-15,24.09375,24.375,24.03125,24.34375,7.129508,411600,0.0,0.0
2000-11-16,24.28125,24.40625,24.125,24.21875,7.0929,672600,0.0,0.0
2000-11-17,24.34375,24.53125,24.21875,24.375,7.138662,424000,0.0,0.0
2000-11-20,24.3125,24.59375,24.3125,24.53125,7.184418,876400,0.0,0.0
2000-11-21,24.59375,24.6875,24.53125,24.625,7.211877,474200,0.0,0.0
2000-11-22,24.625,24.6875,24.40625,24.53125,7.184418,577000,0.0,0.0
2000-11-24,24.5,24.71875,24.5,24.71875,7.239336,93400,0.0,0.0
2000-11-27,24.6875,24.75,24.625,24.71875,7.239336,421600,0.0,0.0
2000-11-28,24.96875,24.96875,24.65625,24.75,7.248486,411800,0.0,0.0
2000-11-29,24.75,25.21875,24.65625,25.03125,7.330854,822200,0.0,0.0
2000-11-30,25.0,25.625,24.96875,25.5,7.468136,1375000,0.0,0.0
2000-12-01,25.5,25.5,25.03125,25.15625,7.367462,476000,0.0,0.0
2000-12-04,25.03125,25.5,25.03125,25.5,7.468136,354000,0.0,0.0
2000-12-05,25.4375,26.0,25.4375,25.84375,7.568812,1147400,0.0,0.0
2000-12-06,25.90625,26.46875,25.875,26.375,7.72439,1116000,0.0,0.0
2000-12-07,26.375,26.46875,26.21875,26.3125,7.706094,1032200,0.0,0.0
2000-12-08,26.3125,26.625,26.3125,26.625,7.797615,906200,0.0,0.0
2000-12-11,26.71875,27.0,26.625,27.0,7.90744,536200,0.0,0.0
2000-12-12,26.9375,27.375,26.8125,27.125,7.944045,917400,0.0,0.0
2000-12-13,27.125,27.1875,27.0,27.15625,7.953194,875400,0.0,0.0
2000-12-14,27.15625,27.28125,27.125,27.1875,7.96235,837400,0.0,0.0
2000-12-15,26.75,26.75,26.3125,26.625,7.916263,507600,0.4075,0.0
2000-12-18,26.5625,27.0625,26.46875,27.0625,8.046346,856800,0.0,0.0
2000-12-19,27.0625,27.28125,26.90625,27.28125,8.111385,955200,0.0,0.0
2000-12-20,27.21875,27.5,27.21875,27.3125,8.120671,753200,0.0,0.0
2000-12-21,27.21875,27.3125,27.125,27.125,8.064922,515200,0.0,0.0
2000-12-22,27.3125,27.3125,26.8125,26.875,7.990596,487600,0.0,0.0
2000-12-26,26.8125,27.3125,26.78125,27.15625,8.074216,310600,0.0,0.0
2000-12-27,27.21875,28.0,27.21875,28.0,8.325087,1041000,0.0,0.0
2000-12-28,28.0,28.625,27.75,28.59375,8.501617,1239600,0.0,0.0
2000-12-29,28.46875,28.5625,27.65625,27.65625,8.22288,637400,0.0,0.0
2001-01-02,27.65625,27.65625,27.0625,27.0625,8.046346,898200,0.0,0.0
2001-01-03,27.0625,27.5,26.8125,27.375,8.139258,1108200,0.0,0.0
2001-01-04,27.5,27.5,27.0625,27.1875,8.083513,1660200,0.0,0.0
2001-01-05,27.0625,27.0625,26.375,26.6875,7.934843,1145400,0.0,0.0
2001-01-08,26.6875,26.6875,26.09375,26.46875,7.869807,1108400,0.0,0.0
2001-01-09,26.40625,26.59375,26.34375,26.40625,7.85122,509600,0.0,0.0
2001-01-10,26.34375,26.5625,26.125,26.40625,7.85122,383600,0.0,0.0
2001-01-11,26.53125,26.5625,26.125,26.15625,7.776896,634200,0.0,0.0
2001-01-12,25.9375,26.21875,25.875,26.03125,7.73973,386000,0.0,0.0
2001-01-16,26.0625,26.1875,25.6875,25.84375,7.683981,732800,0.0,0.0
2001-01-17,25.84375,26.03125,25.65625,26.03125,7.73973,886200,0.0,0.0
2001-01-18,26.15625,26.25,25.84375,25.96875,7.721146,793400,0.0,0.0
2001-01-19,25.9375,26.0,25.75,25.90625,7.702565,616400,0.0,0.0
2001-01-22,25.84375,25.875,25.375,25.40625,7.553901,1704000,0.0,0.0
2001-01-23,25.53125,25.53125,25.125,25.15625,7.479567,1808200,0.0,0.0
2001-01-24,25.21875,25.84375,25.21875,25.65625,7.628227,771800,0.0,0.0
2001-01-25,25.65625,26.0,25.5625,26.0,7.730438,869200,0.0,0.0
2001-01-26,25.90625,25.9375,25.75,25.84375,7.683981,593200,0.0,0.0
2001-01-29,25.969999,26.0,25.815001,25.895,7.699217,397400,0.0,0.0
2001-01-30,25.9,26.17,25.9,26.125,7.767602,938400,0.0,0.0
2001-01-31,26.075001,26.225,26.0,26.190001,7.786929,465000,0.0,0.0
2001-02-01,26.065001,26.15,25.82,25.975,7.723005,669400,0.0,0.0
2001-02-02,26.049999,26.075001,25.924999,25.995001,7.728948,216000,0.0,0.0
2001-02-05,26.120001,26.120001,25.84,25.885,7.696243,306600,0.0,0.0
2001-02-06,25.889999,25.924999,25.68,25.9,7.700707,610800,0.0,0.0
2001-02-07,25.9,25.950001,25.754999,25.875,7.693268,591600,0.0,0.0
2001-02-08,25.82,25.950001,25.674999,25.825001,7.678408,569400,0.0,0.0
2001-02-09,25.950001,26.049999,25.450001,25.605,7.612991,919200,0.0,0.0
2001-02-12,25.65,25.674999,25.25,25.264999,7.511906,295600,0.0,0.0
2001-02-13,25.299999,25.629999,25.275,25.584999,7.607043,769200,0.0,0.0
2001-02-14,25.51,25.75,25.5,25.594999,7.610022,321200,0.0,0.0
2001-02-15,25.525,25.85,25.525,25.65,7.626371,656800,0.0,0.0
2001-02-16,25.625,25.75,25.6,25.75,7.656101,490200,0.0,0.0
2001-02-20,25.775,25.875,25.625,25.775,7.663538,932000,0.0,0.0
2001-02-21,25.865,25.870001,25.275,25.309999,7.525282,770200,0.0,0.0
2001-02-22,25.315001,25.379999,24.799999,24.825001,7.381081,762600,0.0,0.0
2001-02-23,24.825001,25.125,24.805,24.85,7.388514,1440000,0.0,0.0
2001-02-26,25.0,25.5,24.9,25.455,7.568391,745400,0.0,0.0
2001-02-27,25.75,25.799999,25.6,25.795,7.669488,405600,0.0,0.0
2001-02-28,25.475,26.049999,25.475,26.049999,7.745303,1018600,0.0,0.0
2001-03-01,26.0,26.575001,26.0,26.545,7.892479,759200,0.0,0.0
2001-03-02,26.545,26.75,26.5,26.635,7.919239,973600,0.0,0.0
2001-03-05,26.620001,26.620001,26.025,26.375,7.841931,560400,0.0,0.0
2001-03-06,26.375,26.375,26.09,26.295,7.818149,553800,0.0,0.0
2001-03-07,26.295,26.4,26.025,26.155001,7.776522,454400,0.0,0.0
2001-03-08,26.405001,26.475,26.225,26.475,7.871665,732000,0.0,0.0
2001-03-09,26.475,26.475,26.299999,26.32,7.825578,253200,0.0,0.0
2001-03-12,26.225,26.75,26.200001,26.549999,7.893963,1004000,0.0,0.0
2001-03-13,27.0,27.0,26.725,26.799999,7.968294,965600,0.0,0.0
2001-03-14,26.805,26.93,26.424999,26.655001,7.925182,443800,0.0,0.0
2001-03-15,26.655001,26.674999,26.325001,26.540001,7.89099,613000,0.0,0.0
2001-03-16,26.4,26.455,26.059999,26.370001,7.96271,690600,0.4075,0.0
2001-03-19,26.625,27.040001,26.5,27.040001,8.165021,717400,0.0,0.0
2001-03-20,27.040001,27.040001,26.465,26.485001,7.997436,498400,0.0,0.0
2001-03-21,26.6,26.75,25.625,25.934999,7.831353,838400,0.0,0.0
2001-03-22,25.809999,26.07,25.475,26.07,7.87212,766800,0.0,0.0
2001-03-23,26.07,26.67,25.879999,25.945,7.834376,1344000,0.0,0.0
2001-03-26,26.0,26.275,25.9,26.1,7.881182,1455800,0.0,0.0
2001-03-27,26.0,26.049999,25.6,25.75,7.775488,1043800,0.0,0.0
2001-03-28,25.75,25.809999,25.4,25.5,7.700002,895400,0.0,0.0
2001-03-29,25.6,26.025,25.525,25.700001,7.760396,1114400,0.0,0.0
2001-03-30,25.700001,26.18,25.674999,26.014999,7.855513,546400,0.0,0.0
2001-04-02,26.174999,26.174999,25.924999,26.059999,7.869104,400200,0.0,0.0
2001-04-03,26.059999,26.059999,25.684999,25.85,7.805687,662200,0.0,0.0
2001-04-04,25.85,26.059999,25.85,26.049999,7.866079,1202800,0.0,0.0
2001-04-05,26.075001,26.25,25.950001,26.139999,7.893257,1326800,0.0,0.0
2001-04-06,26.264999,26.325001,25.995001,26.0,7.850984,768000,0.0,0.0
2001-04-09,26.035,26.125,25.75,25.75,7.775488,467000,0.0,0.0
2001-04-10,25.799999,25.985001,25.795,25.82,7.796628,746400,0.0,0.0
2001-04-11,25.799999,25.805,25.15,25.325001,7.647157,732200,0.0,0.0
2001-04-12,25.424999,25.424999,25.23,25.375,7.662257,594400,0.0,0.0
2001-04-16,25.475,25.67,25.275,25.389999,7.666788,330800,0.0,0.0
2001-04-17,25.4,25.950001,25.325001,25.950001,7.835884,416800,0.0,0.0
2001-04-18,25.950001,26.4,25.174999,26.4,7.971763,1151000,0.0,0.0
2001-04-19,26.450001,26.495001,25.775,26.174999,7.903828,582400,0.0,0.0
2001-04-20,26.275,26.434999,25.975,26.275,7.934021,345400,0.0,0.0
2001-04-23,26.334999,26.450001,26.01,26.254999,7.92798,303400,0.0,0.0
2001-04-24,26.254999,26.299999,25.535,25.584999,7.725667,983800,0.0,0.0
2001-04-25,25.645,26.325001,25.645,26.025,7.858532,425000,0.0,0.0
2001-04-26,26.125,26.415001,26.059999,26.375,7.964217,480000,0.0,0.0
2001-04-27,26.360001,26.725,26.32,26.549999,8.01706,258600,0.0,0.0
2001-04-30,26.549999,26.875,26.245001,26.245001,7.924963,761000,0.0,0.0
2001-05-01,26.25,26.360001,25.700001,26.155001,7.897786,507600,0.0,0.0
2001-05-02,26.155001,26.155001,25.4,25.700001,7.760396,1655200,0.0,0.0
2001-05-03,25.700001,25.950001,25.65,25.885,7.816255,510000,0.0,0.0
2001-05-04,25.735001,25.799999,25.375,25.58,7.724158,712800,0.0,0.0
2001-05-07,25.674999,25.84,25.525,25.59,7.727177,310600,0.0,0.0
2001-05-08,25.615,25.615,25.389999,25.389999,7.666788,341200,0.0,0.0
2001-05-09,25.4,25.545,25.379999,25.434999,7.680372,257600,0.0,0.0
2001-05-10,25.434999,25.495001,25.325001,25.389999,7.666788,280600,0.0,0.0
2001-05-11,25.375,25.65,25.325001,25.495001,7.698488,567200,0.0,0.0
2001-05-14,25.395,25.889999,25.375,25.889999,7.817768,418400,0.0,0.0
2001-05-15,25.889999,25.924999,25.73,25.865,7.810215,467200,0.0,0.0
2001-05-16,25.865,26.125,25.805,26.125,7.888727,458600,0.0,0.0
2001-05-17,26.125,26.305,26.075001,26.24,7.923456,274400,0.0,0.0
2001-05-18,26.290001,26.41,26.1,26.41,7.974787,360400,0.0,0.0
2001-05-21,26.450001,26.5,26.105,26.5,8.001962,994800,0.0,0.0
2001-05-22,26.495001,26.825001,26.495001,26.615,8.036689,397000,0.0,0.0
2001-05-23,26.620001,26.834999,26.51,26.735001,8.072921,1500600,0.0,0.0
2001-05-24,26.735001,26.99,26.655001,26.834999,8.103114,869800,0.0,0.0
2001-05-25,26.834999,26.834999,26.375,26.799999,8.092547,506600,0.0,0.0
2001-05-29,26.780001,26.780001,26.605,26.674999,8.054809,548200,0.0,0.0
2001-05-30,26.715,26.715,26.41,26.540001,8.01404,780400,0.0,0.0
2001-05-31,26.540001,26.865,26.475,26.825001,8.1001,468000,0.0,0.0
2001-06-01,26.85,26.875,26.65,26.875,8.115199,337200,0.0,0.0
2001-06-04,26.875,26.955,26.700001,26.9,8.122747,574200,0.0,0.0
2001-06-05,26.9,26.995001,26.83,26.985001,8.148412,462800,0.0,0.0
2001-06-06,26.995001,27.15,26.92,27.115,8.187667,781400,0.0,0.0
2001-06-07,27.120001,27.15,26.975,27.15,8.198235,751400,0.0,0.0
2001-06-08,27.15,27.25,26.99,27.1,8.183141,402000,0.0,0.0
2001-06-11,27.200001,27.700001,27.200001,27.645,8.347708,706400,0.0,0.0
2001-06-12,27.745001,28.174999,27.74,27.975,8.447353,1304400,0.0,0.0
2001-06-13,27.950001,28.030001,27.889999,28.0,8.454904,770200,0.0,0.0
2001-06-14,27.950001,28.23,27.83,28.09,8.482084,1538600,0.0,0.0
2001-06-15,28.215,28.495001,28.139999,28.459999,8.593809,1555800,0.0,0.0
2001-06-18,28.0,28.6,28.0,28.594999,8.759997,1844600,0.4075,0.0
2001-06-19,28.5,28.75,28.450001,28.620001,8.767656,1085800,0.0,0.0
2001-06-20,28.6,28.635,28.299999,28.540001,8.743153,768000,0.0,0.0
2001-06-21,28.440001,28.625,28.34,28.424999,8.707921,661600,0.0,0.0
2001-06-22,28.35,28.5,28.174999,28.174999,8.631334,343400,0.0,0.0
2001-06-25,28.25,28.385,28.0,28.115,8.612951,550800,0.0,0.0
2001-06-26,28.040001,28.525,27.5,28.495001,8.729361,855000,0.0,0.0
2001-06-27,28.395,28.4,27.799999,28.055,8.594574,1158200,0.0,0.0
2001-06-28,28.055,28.174999,27.9,28.049999,8.59304,937200,0.0,0.0
2001-06-29,28.1,28.450001,28.08,28.275,8.661968,1372600,0.0,0.0
2001-07-02,28.275,28.475,28.174999,28.475,8.723237,937400,0.0,0.0
2001-07-03,28.49,28.549999,28.299999,28.5,8.730898,363200,0.0,0.0
2001-07-05,28.5,28.549999,28.450001,28.475,8.723237,355800,0.0,0.0
2001-07-06,28.475,28.475,28.1,28.245001,8.65278,391000,0.0,0.0
2001-07-09,28.075001,28.174999,27.629999,27.725,8.493476,788200,0.0,0.0
2001-07-10,27.775,27.83,27.74,27.75,8.501136,329400,0.0,0.0
2001-07-11,27.75,27.75,27.459999,27.6,8.455183,503800,0.0,0.0
2001-07-12,27.559999,27.975,27.5,27.975,8.570065,645800,0.0,0.0
2001-07-13,28.1,28.200001,27.955,28.200001,8.638991,452600,0.0,0.0
2001-07-16,28.200001,28.299999,28.15,28.200001,8.638991,666800,0.0,0.0
2001-07-17,28.225,28.25,28.049999,28.25,8.654308,415800,0.0,0.0
2001-07-18,28.225,28.4,28.125,28.299999,8.669624,272600,0.0,0.0
2001-07-19,28.35,28.485001,28.219999,28.379999,8.694134,393400,0.0,0.0
2001-07-20,28.43,28.450001,28.145,28.299999,8.669624,399000,0.0,0.0
2001-07-23,28.25,28.365,28.110001,28.35,8.684948,263000,0.0,0.0
2001-07-24,28.4,28.43,28.15,28.32,8.675757,661000,0.0,0.0
2001-07-25,28.32,28.375,28.190001,28.370001,8.691072,570000,0.0,0.0
2001-07-26,28.325001,28.365,28.290001,28.35,8.684948,317400,0.0,0.0
2001-07-27,28.25,28.389999,28.24,28.315001,8.674222,707200,0.0,0.0
2001-07-30,28.264999,28.434999,28.120001,28.290001,8.666562,620200,0.0,0.0
2001-07-31,28.34,28.459999,28.299999,28.35,8.684948,280400,0.0,0.0
2001-08-01,28.475,28.475,28.200001,28.445,8.714044,590200,0.0,0.0
2001-08-02,28.495001,28.674999,28.405001,28.674999,8.784507,957600,0.0,0.0
2001-08-03,28.625,28.745001,28.625,28.700001,8.792164,821000,0.0,0.0
2001-08-06,28.875,28.9,28.684999,28.885,8.84884,1094600,0.0,0.0
2001-08-07,28.885,28.924999,28.5,28.77,8.813611,1031800,0.0,0.0
2001-08-08,28.77,28.795,28.674999,28.75,8.807484,1331800,0.0,0.0
2001-08-09,28.549999,28.674999,28.285,28.674999,8.784507,814600,0.0,0.0
2001-08-10,28.75,28.799999,28.575001,28.75,8.807484,424000,0.0,0.0
2001-08-13,28.795,28.799999,28.5,28.575001,8.753873,533600,0.0,0.0
2001-08-14,28.58,28.799999,28.549999,28.77,8.813611,632200,0.0,0.0
2001-08-15,28.85,29.344999,28.85,29.264999,8.965251,412600,0.0,0.0
2001-08-16,29.325001,29.325001,28.825001,29.225,8.953001,747000,0.0,0.0
2001-08-17,29.225,29.33,29.025,29.299999,8.975974,594000,0.0,0.0
2001-08-20,29.325001,29.745001,29.325001,29.745001,9.112301,639400,0.0,0.0
2001-08-21,29.844999,30.200001,29.825001,30.200001,9.251691,939600,0.0,0.0
2001-08-22,30.0,30.450001,29.950001,30.35,9.297639,1077000,0.0,0.0
2001-08-23,30.299999,30.299999,29.92,30.045,9.204206,460800,0.0,0.0
2001-08-24,30.0,30.0,29.65,29.684999,9.09392,620200,0.0,0.0
2001-08-27,29.684999,30.025,29.684999,30.004999,9.191951,895200,0.0,0.0
2001-08-28,29.975,30.049999,29.889999,29.975,9.182758,604600,0.0,0.0
2001-08-29,29.934999,29.965,29.424999,29.59,9.064818,827600,0.0,0.0
2001-08-30,29.5,29.799999,29.01,29.215,8.949936,565000,0.0,0.0
2001-08-31,29.264999,29.525,29.25,29.455,9.023459,487600,0.0,0.0
2001-09-04,29.33,29.4,29.155001,29.370001,8.997421,704200,0.0,0.0
2001-09-05,29.295,29.48,29.209999,29.344999,8.989759,408400,0.0,0.0
2001-09-06,29.344999,29.35,28.99,28.99,8.881008,631600,0.0,0.0
2001-09-07,29.0,29.125,28.950001,29.1,8.914707,851400,0.0,0.0
2001-09-10,29.105,29.155001,29.0,29.125,8.922359,727200,0.0,0.0
2001-09-17,28.625,29.365,28.625,28.85,8.83812,1862200,0.0,0.0
2001-09-18,28.615,29.5,28.525,29.24,9.093926,1891400,0.4325,0.0
2001-09-19,29.25,29.389999,28.1,28.625,8.902654,1013200,0.0,0.0
2001-09-20,28.625,28.690001,28.264999,28.35,8.817127,1027600,0.0,0.0
2001-09-21,28.125,28.33,27.795,28.08,8.733152,1078000,0.0,0.0
2001-09-24,28.0,28.549999,27.725,27.775,8.638291,1169200,0.0,0.0
2001-09-25,27.85,28.15,27.75,27.91,8.680279,1076400,0.0,0.0
2001-09-26,28.0,28.6,27.924999,28.41,8.835789,842200,0.0,0.0
2001-09-27,28.525,28.83,28.375,28.700001,8.925977,1013000,0.0,0.0
2001-09-28,28.799999,29.375,28.799999,29.200001,9.081476,704400,0.0,0.0
2001-10-01,29.200001,29.5,28.92,29.120001,9.056602,699800,0.0,0.0
2001-10-02,29.275,29.700001,28.120001,28.139999,8.751814,2460000,0.0,0.0
2001-10-03,27.875,27.879999,26.885,27.355,8.507668,2863600,0.0,0.0
2001-10-04,27.360001,28.174999,27.360001,27.775,8.638291,1975000,0.0,0.0
2001-10-05,27.700001,27.75,27.049999,27.549999,8.56832,841600,0.0,0.0
2001-10-08,27.549999,27.735001,27.450001,27.525,8.560542,503800,0.0,0.0
2001-10-09,27.549999,27.6,27.395,27.49,8.549656,530000,0.0,0.0
2001-10-10,27.4,27.4,27.075001,27.215,8.464127,729200,0.0,0.0
2001-10-11,27.4,27.75,27.4,27.75,8.630517,1316600,0.0,0.0
2001-10-12,28.0,28.0,27.5,27.799999,8.646067,478800,0.0,2.0
2001-10-15,27.889999,27.9,27.549999,27.68,8.608751,699200,0.0,0.0
2001-10-16,27.67,27.790001,27.23,27.4,8.521668,562500,0.0,0.0
2001-10-17,27.049999,27.5,27.0,27.0,8.39726,1219600,0.0,0.0
2001-10-18,27.139999,27.25,26.73,26.75,8.31951,1059600,0.0,0.0
2001-10-19,26.83,26.940001,26.0,26.0,8.086251,945400,0.0,0.0
2001-10-22,25.6,26.1,24.870001,25.25,7.852993,2138200,0.0,0.0
2001-10-23,25.049999,25.75,25.049999,25.75,8.008494,2779400,0.0,0.0
2001-10-24,25.799999,25.85,25.110001,25.389999,7.896536,892100,0.0,0.0
2001-10-25,25.299999,25.59,25.27,25.469999,7.921415,630200,0.0,0.0
2001-10-26,25.469999,25.799999,25.389999,25.65,7.977399,698300,0.0,0.0
2001-10-29,25.879999,25.99,25.41,25.6,7.961846,416500,0.0,0.0
2001-10-30,25.52,25.85,25.41,25.629999,7.971179,534200,0.0,0.0
2001-10-31,25.700001,26.1,25.610001,25.950001,8.070699,592500,0.0,0.0
2001-11-01,26.049999,26.57,25.799999,26.42,8.216878,992500,0.0,0.0
2001-11-02,26.48,26.5,25.92,26.200001,8.148454,440400,0.0,0.0
2001-11-05,26.299999,26.5,26.190001,26.469999,8.232428,393200,0.0,0.0
2001-11-06,26.65,27.040001,26.299999,26.709999,8.30707,753400,0.0,0.0
2001-11-07,27.1,27.1,26.59,26.610001,8.275967,931900,0.0,0.0
2001-11-08,26.799999,26.889999,26.41,26.58,8.26664,719200,0.0,0.0
2001-11-09,26.5,26.6,26.02,26.360001,8.198212,459400,0.0,0.0
2001-11-12,26.4,26.799999,26.25,26.790001,8.33195,427800,0.0,0.0
2001-11-13,26.75,27.25,26.700001,26.92,8.372381,903300,0.0,0.0
2001-11-14,26.9,27.34,26.860001,27.24,8.471905,439300,0.0,0.0
2001-11-15,27.049999,27.549999,27.0,27.549999,8.56832,476300,0.0,0.0
2001-11-16,27.4,27.9,27.4,27.610001,8.586978,344200,0.0,0.0
2001-11-19,27.799999,28.040001,27.450001,27.57,8.574534,392500,0.0,0.0
2001-11-20,27.559999,27.84,27.43,27.48,8.546546,501800,0.0,0.0
2001-11-21,27.6,27.639999,26.799999,27.190001,8.456351,770000,0.0,0.0
2001-11-23,27.32,27.879999,27.190001,27.84,8.65851,246000,0.0,0.0
2001-11-26,27.84,28.0,27.5,27.950001,8.692719,786500,0.0,0.0
2001-11-27,27.85,28.08,27.48,27.93,8.686506,690600,0.0,0.0
2001-11-28,28.75,29.15,28.549999,28.58,8.888657,4870600,0.0,0.0
2001-11-29,28.5,28.639999,28.280001,28.57,8.885549,2694600,0.0,0.0
2001-11-30,28.58,28.98,28.5,28.950001,9.00373,31955700,0.0,0.0
2001-12-03,28.5,28.99,28.5,28.690001,8.922864,2827700,0.0,0.0
2001-12-04,28.549999,28.98,28.549999,28.879999,8.98196,1685700,0.0,0.0
2001-12-05,28.85,29.040001,28.799999,28.9,8.988177,2803500,0.0,0.0
2001-12-06,28.969999,29.17,28.76,29.15,9.065934,1215400,0.0,0.0
2001-12-07,29.16,29.25,28.99,29.200001,9.081476,1182300,0.0,0.0
2001-12-10,28.799999,28.99,28.75,28.860001,8.975741,949700,0.0,0.0
2001-12-11,29.0,29.25,28.870001,29.190001,9.078377,671300,0.0,0.0
2001-12-12,29.219999,29.23,28.67,28.67,8.916652,1099000,0.0,0.0
2001-12-13,28.66,28.700001,28.15,28.299999,8.801573,1135800,0.0,0.0
2001-12-14,28.299999,28.6,28.200001,28.49,8.860665,975800,0.0,0.0
2001-12-17,28.5,28.799999,28.49,28.75,8.941529,1802400,0.0,0.0
2001-12-18,28.4,28.49,28.26,28.48,8.993003,1966400,0.433,0.0
2001-12-19,28.299999,28.43,28.02,28.1,8.873006,1055300,0.0,0.0
2001-12-20,28.0,28.120001,27.950001,27.950001,8.82564,2054700,0.0,0.0
2001-12-21,27.99,28.049999,27.879999,28.049999,8.857219,2283800,0.0,0.0
2001-12-24,28.09,28.469999,28.02,28.389999,8.964576,251900,0.0,0.0
2001-12-26,28.25,28.66,28.200001,28.6,9.030892,488500,0.0,0.0
2001-12-27,28.450001,28.9,28.450001,28.549999,9.015096,785700,0.0,0.0
2001-12-28,28.5,28.85,28.389999,28.77,9.084571,532900,0.0,0.0
2001-12-31,28.75,28.950001,26.5,28.709999,9.065624,824100,0.0,0.0
2002-01-02,28.559999,28.85,28.15,28.75,9.078254,1025000,0.0,0.0
2002-01-03,28.700001,28.940001,28.610001,28.92,9.131931,835500,0.0,0.0
2002-01-04,28.92,28.93,28.51,28.549999,9.015096,565100,0.0,0.0
2002-01-07,28.549999,28.68,28.379999,28.57,9.02142,1190700,0.0,0.0
2002-01-08,28.57,28.6,28.43,28.5,8.999316,782100,0.0,0.0
2002-01-09,28.450001,28.58,28.290001,28.290001,8.933004,1179500,0.0,0.0
2002-01-10,28.16,28.219999,28.1,28.139999,8.88564,875900,0.0,0.0
2002-01-11,28.200001,28.25,27.950001,27.98,8.835118,1202000,0.0,0.0
2002-01-14,28.1,28.129999,27.84,27.969999,8.831954,1254300,0.0,0.0
2002-01-15,27.969999,28.08,27.65,27.74,8.759335,1031800,0.0,0.0
2002-01-16,27.870001,27.940001,27.450001,27.549999,8.699339,848900,0.0,0.0
2002-01-17,27.5,27.51,27.299999,27.360001,8.639341,1289000,0.0,0.0
2002-01-18,27.299999,27.43,26.91,27.200001,8.588818,1207500,0.0,0.0
2002-01-22,27.200001,27.620001,27.15,27.52,8.689863,916900,0.0,0.0
2002-01-23,27.440001,27.65,27.33,27.549999,8.699339,2587000,0.0,0.0
2002-01-24,27.5,27.559999,27.299999,27.450001,8.667761,1353700,0.0,0.0
2002-01-25,27.459999,27.530001,27.26,27.5,8.683549,683400,0.0,0.0
2002-01-28,27.450001,27.49,27.290001,27.440001,8.664603,537600,0.0,0.0
2002-01-29,27.440001,27.440001,26.92,27.139999,8.569872,816900,0.0,0.0
2002-01-30,27.15,27.280001,27.0,27.07,8.547771,899600,0.0,0.0
2002-01-31,27.02,27.049999,26.67,26.780001,8.456193,1548400,0.0,0.0
2002-02-01,26.75,26.75,26.629999,26.75,8.446723,792100,0.0,0.0
2002-02-04,26.75,26.83,26.57,26.799999,8.462511,978300,0.0,0.0
2002-02-05,27.0,27.1,26.870001,26.98,8.519348,884000,0.0,0.0
2002-02-06,26.98,26.98,26.1,26.139999,8.254107,2592100,0.0,0.0
2002-02-07,26.139999,26.219999,26.01,26.02,8.216216,1915000,0.0,0.0
2002-02-08,26.02,26.1,25.84,26.1,8.241478,1447200,0.0,0.0
2002-02-11,26.09,26.450001,26.08,26.4,8.336202,2440400,0.0,0.0
2002-02-12,26.35,26.49,26.299999,26.33,8.314101,1100800,0.0,0.0
2002-02-13,26.299999,26.5,26.26,26.469999,8.35831,1143300,0.0,0.0
2002-02-14,26.5,26.690001,26.450001,26.65,8.415147,1047900,0.0,0.0
2002-02-15,26.65,26.780001,26.629999,26.700001,8.430936,1033600,0.0,0.0
2002-02-19,26.700001,26.700001,26.27,26.450001,8.351991,826800,0.0,0.0
2002-02-20,26.459999,26.799999,26.450001,26.75,8.446723,1085500,0.0,0.0
2002-02-21,26.75,26.75,26.280001,26.33,8.314101,769400,0.0,0.0
2002-02-22,26.35,26.799999,26.299999,26.709999,8.434094,945400,0.0,0.0
2002-02-25,26.719999,27.1,26.629999,27.02,8.531982,736200,0.0,0.0
2002-02-26,27.049999,27.08,26.799999,26.969999,8.516191,484900,0.0,0.0
2002-02-27,27.049999,27.190001,26.76,27.0,8.525662,533100,0.0,0.0
2002-02-28,27.0,27.200001,26.92,26.950001,8.509877,1324100,0.0,0.0
2002-03-01,27.1,27.280001,26.93,27.27,8.610922,572200,0.0,0.0
2002-03-04,27.27,28.0,27.27,27.98,8.835118,645900,0.0,0.0
2002-03-05,27.879999,28.48,27.76,28.4,8.967736,893300,0.0,0.0
2002-03-06,28.49,28.65,28.309999,28.629999,9.040362,677200,0.0,0.0
2002-03-07,28.6,28.68,28.450001,28.6,9.030892,662700,0.0,0.0
2002-03-08,28.65,28.99,28.559999,28.700001,9.062465,955900,0.0,0.0
2002-03-11,28.700001,28.77,28.4,28.530001,9.008787,1096100,0.0,0.0
2002-03-12,28.5,28.610001,28.299999,28.58,9.024572,642800,0.0,0.0
2002-03-13,28.549999,28.59,28.299999,28.549999,9.015096,855200,0.0,0.0
2002-03-14,28.57,29.0,28.559999,28.98,9.15088,1155000,0.0,0.0
2002-03-15,28.98,29.15,28.879999,29.15,9.204564,2384500,0.0,0.0
2002-03-18,28.950001,28.950001,28.540001,28.690001,9.195906,1858400,0.433,0.0
2002-03-19,28.559999,28.85,28.549999,28.74,9.211933,1157700,0.0,0.0
2002-03-20,28.700001,28.969999,28.68,28.799999,9.231164,630100,0.0,0.0
2002-03-21,28.799999,29.120001,28.700001,29.120001,9.333728,1344600,0.0,0.0
2002-03-22,29.0,29.280001,28.870001,29.08,9.320912,953300,0.0,0.0
2002-03-25,29.15,29.15,28.709999,28.83,9.240778,731200,0.0,0.0
2002-03-26,28.65,29.0,28.65,28.85,9.2472,820800,0.0,0.0
2002-03-27,28.9,29.190001,28.85,29.049999,9.311299,1187500,0.0,0.0
2002-03-28,29.200001,29.33,28.65,28.74,9.211933,1207400,0.0,0.0
2002-04-01,28.700001,29.0,28.4,28.98,9.288856,982300,0.0,0.0
2002-04-02,29.049999,29.5,29.01,29.33,9.401045,1128500,0.0,0.0
2002-04-03,29.299999,29.35,29.049999,29.35,9.407456,1001800,0.0,0.0
2002-04-04,29.450001,29.52,29.16,29.48,9.449126,1045900,0.0,0.0
2002-04-05,29.49,29.85,29.49,29.67,9.510023,769800,0.0,0.0
2002-04-08,29.67,30.09,29.67,30.040001,9.628616,1049600,0.0,0.0
2002-04-09,30.1,30.34,29.959999,30.27,9.702337,703400,0.0,0.0
2002-04-10,30.26,30.959999,30.26,30.719999,9.846577,767000,0.0,0.0
2002-04-11,30.75,30.75,30.120001,30.469999,9.766442,773600,0.0,0.0
2002-04-12,30.549999,30.9,30.4,30.9,9.904268,1035700,0.0,0.0
2002-04-15,30.450001,30.65,30.32,30.4,9.744006,1174700,0.0,0.0
2002-04-16,30.200001,30.299999,29.6,29.719999,9.52605,1116500,0.0,0.0
2002-04-17,29.75,29.75,29.200001,29.6,9.487592,1137800,0.0,0.0
2002-04-18,29.6,29.879999,29.4,29.719999,9.52605,1066400,0.0,0.0
2002-04-19,29.889999,29.889999,29.389999,29.4,9.42348,438000,0.0,0.0
2002-04-22,29.4,29.49,28.91,28.959999,9.282446,752800,0.0,0.0
2002-04-23,29.110001,29.110001,27.9,28.24,9.05167,1682000,0.0,0.0
2002-04-24,28.280001,28.6,28.110001,28.18,9.032439,1267300,0.0,0.0
2002-04-25,28.190001,28.42,28.08,28.200001,9.038851,606000,0.0,0.0
2002-04-26,28.25,28.389999,28.110001,28.23,9.048467,953800,0.0,0.0
2002-04-29,28.299999,28.299999,28.0,28.1,9.006796,462000,0.0,0.0
2002-04-30,28.049999,28.360001,28.01,28.200001,9.038851,1076200,0.0,0.0
2002-05-01,28.299999,28.85,28.200001,28.799999,9.231164,1077500,0.0,0.0
2002-05-02,28.799999,29.290001,28.450001,29.219999,9.365783,942100,0.0,0.0
2002-05-03,29.0,29.4,28.809999,29.110001,9.33053,630400,0.0,0.0
2002-05-06,29.110001,29.25,28.75,28.77,9.221552,566000,0.0,0.0
2002-05-07,28.780001,28.780001,28.32,28.6,9.167059,589300,0.0,0.0
2002-05-08,28.75,28.85,28.15,28.5,9.135001,706600,0.0,0.0
2002-05-09,28.15,28.42,28.110001,28.17,9.029231,757300,0.0,0.0
2002-05-10,28.17,28.299999,28.01,28.190001,9.035643,802800,0.0,0.0
2002-05-13,28.16,28.65,28.16,28.299999,9.070897,433100,0.0,0.0
2002-05-14,28.299999,28.93,28.200001,28.74,9.211933,660600,0.0,0.0
2002-05-15,29.0,29.139999,28.91,29.059999,9.3145,724100,0.0,0.0
2002-05-16,29.129999,29.219999,28.92,29.059999,9.3145,570400,0.0,0.0
2002-05-17,29.030001,29.200001,28.99,29.190001,9.35617,394600,0.0,0.0
2002-05-20,29.1,29.1,28.690001,28.950001,9.279244,511500,0.0,0.0
2002-05-21,29.0,29.07,28.700001,28.73,9.208728,302900,0.0,0.0
2002-05-22,28.780001,28.83,28.48,28.799999,9.231164,697400,0.0,0.0
2002-05-23,28.809999,29.49,28.65,29.49,9.452328,614100,0.0,0.0
2002-05-24,29.49,29.5,29.17,29.379999,9.41707,935900,0.0,0.0
2002-05-28,29.309999,29.5,29.02,29.5,9.455535,542500,0.0,0.0
2002-05-29,29.5,29.85,29.290001,29.85,9.567717,478700,0.0,0.0
2002-05-30,29.25,29.5,29.02,29.48,9.449126,917400,0.0,0.0
2002-05-31,29.65,29.65,28.719999,28.940001,9.276036,923100,0.0,0.0
2002-06-03,29.0,29.15,28.629999,28.73,9.208728,660900,0.0,0.0
2002-06-04,28.65,28.98,28.629999,28.809999,9.234374,1051700,0.0,0.0
2002-06-05,28.809999,28.969999,28.65,28.780001,9.224752,781800,0.0,0.0
2002-06-06,28.85,28.9,28.639999,28.74,9.211933,995700,0.0,0.0
2002-06-07,28.74,28.790001,28.49,28.620001,9.173472,576100,0.0,0.0
2002-06-10,28.549999,29.09,28.459999,29.0,9.29527,723800,0.0,0.0
2002-06-11,29.0,29.41,28.91,29.02,9.301681,831900,0.0,0.0
2002-06-12,29.01,29.190001,29.0,29.16,9.346554,1111000,0.0,0.0
2002-06-13,29.17,29.24,29.049999,29.200001,9.359375,700700,0.0,0.0
2002-06-14,29.200001,29.299999,28.91,28.950001,9.279244,784000,0.0,0.0
2002-06-17,28.99,29.17,28.860001,29.17,9.349759,2090500,0.0,0.0
2002-06-18,28.780001,28.9,28.120001,28.18,9.168537,3144100,0.433,0.0
2002-06-19,28.1,28.27,28.01,28.25,9.19131,1208400,0.0,0.0
2002-06-20,28.25,28.49,28.15,28.4,9.240113,865000,0.0,0.0
2002-06-21,28.25,28.6,28.25,28.389999,9.236856,1016200,0.0,0.0
2002-06-24,28.440001,28.540001,28.23,28.25,9.19131,1202700,0.0,0.0
2002-06-25,28.25,28.57,28.219999,28.5,9.272647,1051100,0.0,0.0
2002-06-26,28.5,28.559999,28.16,28.299999,9.207578,1241600,0.0,0.0
2002-06-27,28.25,28.51,27.950001,28.49,9.269399,1777700,0.0,0.0
2002-06-28,28.5,28.940001,28.5,28.75,9.353987,1924800,0.0,0.0
2002-07-01,28.75,28.809999,28.17,28.450001,9.256383,802500,0.0,0.0
2002-07-02,28.450001,28.49,28.01,28.08,9.136002,718600,0.0,0.0
2002-07-03,27.93,28.040001,27.440001,27.84,9.057913,736400,0.0,0.0
2002-07-05,27.85,28.17,27.540001,28.1,9.14251,584800,0.0,0.0
2002-07-08,28.1,28.299999,27.5,27.6,8.97983,847000,0.0,0.0
2002-07-09,27.6,27.75,27.16,27.290001,8.878973,1188900,0.0,0.0
2002-07-10,27.309999,27.5,26.6,26.75,8.703277,1386400,0.0,0.0
2002-07-11,26.709999,26.82,26.01,26.5,8.621937,1741500,0.0,0.0
2002-07-12,26.6,26.93,26.190001,26.35,8.573131,980700,0.0,0.0
2002-07-15,26.34,26.4,25.629999,26.120001,8.498301,1113000,0.0,0.0
2002-07-16,25.98,27.27,25.93,26.4,8.589403,1784300,0.0,0.0
2002-07-17,26.65,26.950001,25.620001,25.65,8.345384,1621900,0.0,0.0
2002-07-18,25.65,25.65,24.940001,25.049999,8.150166,1274200,0.0,0.0
2002-07-19,24.950001,25.049999,24.120001,24.27,7.896396,1364700,0.0,0.0
2002-07-22,24.309999,25.200001,22.99,23.65,7.694674,1842000,0.0,0.0
2002-07-23,23.620001,24.17,23.0,23.040001,7.496209,1623300,0.0,0.0
2002-07-24,22.6,23.93,22.4,23.450001,7.629603,2253400,0.0,0.0
2002-07-25,23.549999,24.35,22.9,24.01,7.811803,1488300,0.0,0.0
2002-07-26,24.26,25.35,24.200001,25.209999,8.202229,1431700,0.0,0.0
2002-07-29,25.35,26.549999,25.290001,26.450001,8.605668,1336900,0.0,0.0
2002-07-30,26.459999,27.5,25.889999,26.860001,8.739066,975500,0.0,0.0
2002-07-31,26.809999,26.98,26.209999,26.75,8.703277,1220400,0.0,0.0
2002-08-01,25.950001,26.49,25.629999,26.049999,8.475527,1354000,0.0,0.0
2002-08-02,26.129999,26.200001,25.25,25.76,8.381177,728900,0.0,0.0
2002-08-05,25.9,25.950001,24.82,24.9,8.101366,688300,0.0,0.0
2002-08-06,24.9,24.969999,24.549999,24.65,8.020028,1228600,0.0,0.0
2002-08-07,24.700001,25.0,24.620001,25.0,8.133903,961200,0.0,0.0
2002-08-08,25.1,25.530001,25.0,25.4,8.264044,604500,0.0,0.0
2002-08-09,25.4,25.5,24.690001,25.07,8.156673,782200,0.0,0.0
2002-08-12,24.75,25.469999,24.75,25.299999,8.231509,1029700,0.0,0.0
2002-08-13,25.4,25.66,25.01,25.01,8.137157,713600,0.0,0.0
2002-08-14,25.15,25.49,24.9,25.49,8.293327,827100,0.0,0.0
2002-08-15,25.440001,25.959999,25.110001,25.790001,8.390936,755100,0.0,0.0
2002-08-16,25.85,26.5,25.690001,26.440001,8.602419,1325300,0.0,0.0
2002-08-19,26.4,26.51,25.85,26.450001,8.605668,1296700,0.0,0.0
2002-08-20,26.35,26.690001,26.27,26.540001,8.634953,702500,0.0,0.0
2002-08-21,26.57,26.99,26.540001,26.93,8.761841,1177300,0.0,0.0
2002-08-22,26.93,27.1,26.540001,26.98,8.778107,793000,0.0,0.0
2002-08-23,26.85,27.299999,26.82,27.09,8.813901,878600,0.0,0.0
2002-08-26,27.18,27.67,27.049999,27.639999,8.992846,901000,0.0,0.0
2002-08-27,27.639999,27.950001,27.5,27.75,9.028637,943500,0.0,0.0
2002-08-28,27.6,28.040001,27.370001,27.99,9.106716,1052400,0.0,0.0
2002-08-29,27.85,28.0,27.530001,27.809999,9.048152,855300,0.0,0.0
2002-08-30,27.82,28.08,27.799999,27.92,9.083942,617400,0.0,0.0
2002-09-03,27.9,27.9,27.09,27.219999,8.856194,965400,0.0,0.0
2002-09-04,27.34,27.58,27.139999,27.23,8.859449,764500,0.0,0.0
2002-09-05,27.23,27.4,27.049999,27.299999,8.882226,831100,0.0,0.0
2002-09-06,27.25,27.25,27.25,27.25,8.865956,663600,0.0,0.0
2002-09-09,27.25,27.290001,27.0,27.25,8.865956,811400,0.0,0.0
2002-09-10,27.26,27.35,27.139999,27.23,8.859449,981600,0.0,0.0
2002-09-11,27.25,27.27,27.049999,27.08,8.810646,576000,0.0,0.0
2002-09-12,27.059999,27.059999,26.549999,26.73,8.696767,1039300,0.0,0.0
2002-09-13,26.719999,26.799999,26.549999,26.77,8.709782,695600,0.0,0.0
2002-09-16,26.780001,26.82,26.4,26.5,8.621937,593700,0.0,0.0
2002-09-17,26.74,26.75,26.309999,26.379999,8.582894,1990200,0.0,0.0
2002-09-18,25.700001,26.0,25.059999,25.290001,8.365567,2940900,0.433,0.0
2002-09-19,25.290001,25.35,24.629999,24.629999,8.147254,1152100,0.0,0.0
2002-09-20,24.629999,25.139999,24.450001,25.059999,8.289486,1722500,0.0,0.0
2002-09-23,24.99,24.99,24.639999,24.74,8.183637,938700,0.0,0.0
2002-09-24,24.74,24.809999,24.440001,24.49,8.100941,1793300,0.0,0.0
2002-09-25,24.5,24.51,24.0,24.129999,7.981857,1895900,0.0,0.0
2002-09-26,24.200001,24.360001,24.110001,24.32,8.044706,1279300,0.0,0.0
2002-09-27,24.32,24.5,24.0,24.0,7.938857,1196600,0.0,0.0
2002-09-30,24.01,24.08,23.74,23.940001,7.919011,1239800,0.0,0.0
2002-10-01,23.93,24.15,23.48,24.0,7.938857,1349000,0.0,0.0
2002-10-02,24.0,24.0,23.049999,23.299999,7.707307,1329600,0.0,0.0
2002-10-03,23.299999,23.440001,23.16,23.4,7.740387,1553300,0.0,0.0
2002-10-04,23.4,23.48,23.049999,23.16,7.660992,1595300,0.0,0.0
2002-10-07,23.23,23.35,22.719999,22.73,7.518757,2111400,0.0,0.0
2002-10-08,22.700001,22.700001,22.200001,22.49,7.439371,3964200,0.0,0.0
2002-10-09,22.530001,22.530001,21.91,21.91,7.247518,1780600,0.0,0.0
2002-10-10,21.700001,23.049999,21.549999,22.9,7.574992,3408500,0.0,0.0
2002-10-11,23.049999,23.9,23.049999,23.73,7.849543,1844600,0.0,0.0
2002-10-14,23.73,23.82,23.290001,23.35,7.723845,1031100,0.0,0.0
2002-10-15,23.4,24.32,23.4,24.139999,7.985165,1144500,0.0,0.0
2002-10-16,24.139999,24.23,23.610001,23.73,7.849543,819400,0.0,0.0
2002-10-17,23.98,24.209999,23.780001,23.82,7.879309,794700,0.0,0.0
2002-10-18,23.82,24.200001,23.5,23.77,7.862772,898600,0.0,0.0
2002-10-21,23.860001,23.99,23.51,23.889999,7.90247,597500,0.0,0.0
2002-10-22,23.84,23.85,23.34,23.4,7.740387,1331300,0.0,0.0
2002-10-23,23.4,23.51,22.950001,23.16,7.660992,868300,0.0,0.0
2002-10-24,23.4,23.58,23.35,23.49,7.770156,1087000,0.0,0.0
2002-10-25,23.549999,24.030001,23.43,24.030001,7.948778,878700,0.0,0.0
2002-10-28,24.35,24.35,23.51,23.68,7.833004,749600,0.0,0.0
2002-10-29,23.51,23.780001,23.049999,23.620001,7.813158,1009900,0.0,0.0
2002-10-30,23.610001,23.85,23.48,23.799999,7.872699,630200,0.0,0.0
2002-10-31,23.99,24.15,23.530001,23.719999,7.846232,740700,0.0,0.0
2002-11-01,23.549999,23.889999,23.48,23.85,7.889239,815500,0.0,0.0
2002-11-04,23.860001,24.65,23.799999,24.459999,8.091018,818100,0.0,0.0
2002-11-05,24.459999,24.6,24.0,24.120001,7.978551,1359500,0.0,0.0
2002-11-06,24.200001,24.5,23.950001,24.360001,8.057938,682700,0.0,0.0
2002-11-07,24.389999,24.610001,24.23,24.27,8.02817,773000,0.0,0.0
2002-11-08,24.299999,24.440001,24.049999,24.17,7.99509,508700,0.0,0.0
2002-11-11,24.129999,24.24,23.959999,24.139999,7.985165,456800,0.0,0.0
2002-11-12,24.25,24.92,24.200001,24.74,8.183637,988100,0.0,0.0
2002-11-13,24.75,25.08,24.559999,24.629999,8.147254,847400,0.0,0.0
2002-11-14,24.799999,25.469999,24.74,25.469999,8.425112,1174200,0.0,0.0
2002-11-15,25.469999,25.6,25.190001,25.27,8.35895,863400,0.0,0.0
2002-11-18,25.27,25.42,25.1,25.17,8.325875,807300,0.0,0.0
2002-11-19,25.139999,25.309999,24.969999,25.030001,8.279565,637600,0.0,0.0
2002-11-20,25.0,25.1,24.42,25.0,8.269642,1128200,0.0,0.0
2002-11-21,25.25,25.559999,24.91,25.559999,8.454881,1241600,0.0,0.0
2002-11-22,25.35,26.23,25.25,26.23,8.676507,1793700,0.0,0.0
2002-11-25,26.01,26.139999,25.75,26.09,8.630198,1395700,0.0,0.0
2002-11-26,26.0,26.200001,25.719999,25.809999,8.53758,1192100,0.0,0.0
2002-11-27,25.82,26.190001,25.700001,26.139999,8.646738,692600,0.0,0.0
2002-11-29,26.1,26.18,26.049999,26.120001,8.640121,421200,0.0,0.0
2002-12-02,26.16,26.700001,26.01,26.700001,8.831979,934700,0.0,0.0
2002-12-03,26.549999,26.559999,26.16,26.190001,8.663277,1600900,0.0,0.0
2002-12-04,26.1,26.32,25.879999,25.98,8.593812,808600,0.0,0.0
2002-12-05,25.969999,25.969999,25.5,25.66,8.487957,1162000,0.0,0.0
2002-12-06,25.549999,25.620001,25.299999,25.450001,8.418495,1342500,0.0,0.0
2002-12-09,25.200001,25.59,25.18,25.48,8.428421,1594200,0.0,0.0
2002-12-10,25.450001,25.459999,24.950001,25.049999,8.286177,1957700,0.0,0.0
2002-12-11,24.9,25.15,24.9,25.0,8.269642,1118500,0.0,0.0
2002-12-12,24.950001,25.040001,24.82,24.99,8.26633,643200,0.0,0.0
2002-12-13,24.959999,25.209999,24.709999,24.809999,8.206792,1397300,0.0,0.0
2002-12-16,24.9,25.129999,24.629999,25.129999,8.312641,837400,0.0,0.0
2002-12-17,25.1,25.110001,24.719999,24.75,8.186944,1939300,0.0,0.0
2002-12-18,24.42,24.48,24.0,24.15,8.130718,2467000,0.433,0.0
2002-12-19,24.0,24.15,23.77,23.870001,8.03645,1257100,0.0,0.0
2002-12-20,23.799999,24.1,23.75,24.030001,8.090322,2769800,0.0,0.0
2002-12-23,24.049999,24.34,24.040001,24.34,8.194689,1591200,0.0,0.0
2002-12-24,24.299999,24.41,24.200001,24.4,8.214892,776500,0.0,0.0
2002-12-26,24.41,24.76,24.41,24.5,8.248558,848000,0.0,0.0
2002-12-27,24.4,24.66,24.32,24.4,8.214892,825400,0.0,0.0
2002-12-30,24.4,24.700001,24.4,24.65,8.299056,1040400,0.0,0.0
2002-12-31,24.6,24.99,24.540001,24.58,8.275493,1090300,0.0,0.0
2003-01-02,24.700001,25.059999,24.629999,25.059999,8.437091,840900,0.0,0.0
2003-01-03,25.0,25.5,24.969999,25.469999,8.575132,898300,0.0,0.0
2003-01-06,25.48,25.99,25.469999,25.91,8.723267,1265200,0.0,0.0
2003-01-07,25.66,25.75,25.33,25.5,8.585232,1171400,0.0,0.0
2003-01-08,25.299999,25.639999,25.299999,25.41,8.554931,1106800,0.0,0.0
2003-01-09,25.35,25.75,25.35,25.639999,8.632369,1105700,0.0,0.0
2003-01-10,25.59,25.690001,25.469999,25.540001,8.598699,911900,0.0,0.0
2003-01-13,25.65,25.690001,25.190001,25.23,8.494332,773400,0.0,0.0
2003-01-14,25.219999,25.25,24.959999,25.1,8.450565,1097000,0.0,0.0
2003-01-15,25.049999,25.1,24.809999,24.9,8.383224,969100,0.0,0.0
2003-01-16,24.9,24.969999,24.540001,24.540001,8.262022,646000,0.0,0.0
2003-01-17,24.540001,24.540001,24.02,24.08,8.107153,1289700,0.0,0.0
2003-01-21,24.190001,24.219999,23.940001,23.99,8.076849,1006300,0.0,0.0
2003-01-22,23.99,24.129999,23.85,23.950001,8.063386,912700,0.0,0.0
2003-01-23,24.15,24.42,24.129999,24.25,8.164386,1336400,0.0,0.0
2003-01-24,24.190001,24.23,23.700001,23.74,7.992682,696200,0.0,0.0
2003-01-27,23.74,24.049999,23.67,23.76,7.999414,741400,0.0,0.0
2003-01-28,23.85,24.1,23.4,23.66,7.965748,2030000,0.0,0.0
2003-01-29,23.66,24.02,23.540001,24.02,8.086949,1289000,0.0,0.0
2003-01-30,24.09,24.25,23.870001,23.879999,8.03982,673900,0.0,0.0
2003-01-31,23.9,24.459999,23.85,24.440001,8.228359,903700,0.0,0.0
2003-02-03,24.299999,24.309999,23.91,23.92,8.05328,1530700,0.0,0.0
2003-02-04,23.83,23.889999,23.58,23.879999,8.03982,1271300,0.0,0.0
2003-02-05,24.0,24.16,23.790001,23.9,8.04655,922900,0.0,0.0
2003-02-06,23.709999,23.940001,23.68,23.75,7.996052,805600,0.0,0.0
2003-02-07,23.799999,23.969999,23.51,23.549999,7.928714,549800,0.0,0.0
2003-02-10,23.559999,23.85,23.469999,23.799999,8.012882,572800,0.0,0.0
2003-02-11,23.85,23.889999,23.42,23.459999,7.898411,813600,0.0,0.0
2003-02-12,23.4,23.530001,23.200001,23.24,7.824343,535700,0.0,0.0
2003-02-13,23.26,23.629999,23.120001,23.629999,7.955646,916300,0.0,0.0
2003-02-14,23.629999,23.76,23.23,23.52,7.918612,609700,0.0,0.0
2003-02-18,23.719999,23.870001,23.42,23.549999,7.928714,587600,0.0,0.0
2003-02-19,23.65,23.809999,23.48,23.799999,8.012882,524200,0.0,0.0
2003-02-20,23.799999,23.879999,23.67,23.83,8.022985,422900,0.0,0.0
2003-02-21,23.83,24.35,23.75,24.27,8.171124,953600,0.0,0.0
2003-02-24,24.25,24.26,23.860001,24.08,8.107153,720700,0.0,0.0
2003-02-25,24.0,24.450001,24.0,24.450001,8.231723,636800,0.0,0.0
2003-02-26,24.4,24.4,24.15,24.280001,8.174488,679800,0.0,0.0
2003-02-27,24.309999,24.6,24.26,24.379999,8.208158,743400,0.0,0.0
2003-02-28,24.450001,24.700001,24.26,24.280001,8.174488,584600,0.0,0.0
2003-03-03,24.5,24.610001,24.35,24.610001,8.28559,805600,0.0,0.0
2003-03-04,24.610001,24.610001,24.120001,24.17,8.137454,801200,0.0,0.0
2003-03-05,24.1,24.35,24.08,24.35,8.198052,1144300,0.0,0.0
2003-03-06,24.35,24.35,24.120001,24.18,8.140819,637100,0.0,0.0
2003-03-07,24.0,24.299999,24.0,24.23,8.157654,649900,0.0,0.0
2003-03-10,24.24,24.24,23.9,23.92,8.05328,493000,0.0,0.0
2003-03-11,24.1,24.200001,23.799999,23.92,8.05328,571000,0.0,0.0
2003-03-12,23.9,24.0,23.719999,23.879999,8.03982,660900,0.0,0.0
2003-03-13,24.030001,24.34,24.030001,24.23,8.157654,1067400,0.0,0.0
2003-03-14,24.200001,24.32,24.0,24.049999,8.09705,1004400,0.0,0.0
2003-03-17,24.129999,24.799999,24.129999,24.790001,8.346195,2276000,0.0,0.0
2003-03-18,24.35,24.59,24.280001,24.450001,8.378057,2292000,0.433,0.0
2003-03-19,24.6,24.9,24.42,24.9,8.532256,966400,0.0,0.0
2003-03-20,24.700001,25.15,24.549999,25.15,8.617924,1233300,0.0,0.0
2003-03-21,25.15,25.389999,25.0,25.25,8.652188,1060500,0.0,0.0
2003-03-24,25.15,25.15,24.23,24.24,8.306103,1016000,0.0,0.0
2003-03-25,24.290001,24.709999,24.280001,24.690001,8.460296,1069700,0.0,0.0
2003-03-26,24.690001,24.83,24.51,24.83,8.508268,685600,0.0,0.0
2003-03-27,24.75,24.809999,24.4,24.58,8.422605,755500,0.0,0.0
2003-03-28,24.6,24.709999,24.309999,24.33,8.336937,566400,0.0,0.0
2003-03-31,24.25,24.32,23.969999,24.07,8.247848,918800,0.0,0.0
2003-04-01,24.1,24.76,24.049999,24.65,8.446591,924100,0.0,0.0
2003-04-02,24.9,25.24,24.9,25.02,8.573381,1186600,0.0,0.0
2003-04-03,25.040001,25.139999,24.9,25.139999,8.614494,691100,0.0,0.0
2003-04-04,25.139999,25.32,25.030001,25.030001,8.576802,1173200,0.0,0.0
2003-04-07,25.48,25.530001,25.290001,25.4,8.703588,1145600,0.0,0.0
2003-04-08,25.57,25.58,25.299999,25.389999,8.700161,812600,0.0,0.0
2003-04-09,25.34,25.6,25.219999,25.370001,8.693308,866600,0.0,0.0
2003-04-10,25.370001,25.370001,24.98,25.01,8.569947,749700,0.0,0.0
2003-04-11,25.1,25.41,24.799999,24.879999,8.5254,711700,0.0,0.0
2003-04-14,25.1,25.200001,24.9,25.200001,8.635057,897100,0.0,0.0
2003-04-15,25.25,25.4,25.17,25.389999,8.700161,1253100,0.0,0.0
2003-04-16,25.34,25.690001,25.27,25.690001,8.802959,981000,0.0,0.0
2003-04-17,25.65,26.200001,25.58,26.200001,8.977715,1104800,0.0,0.0
2003-04-21,26.049999,26.450001,26.02,26.450001,9.063383,735200,0.0,0.0
2003-04-22,26.35,26.709999,26.26,26.65,9.131913,1068700,0.0,0.0
2003-04-23,26.5,26.75,26.299999,26.74,9.162751,671900,0.0,0.0
2003-04-24,26.65,26.719999,26.35,26.51,9.083941,1301600,0.0,0.0
2003-04-25,26.52,26.52,26.200001,26.360001,9.032548,710400,0.0,0.0
2003-04-28,26.059999,26.360001,25.85,26.35,9.029115,1090400,0.0,0.0
2003-04-29,26.25,26.51,26.17,26.34,9.025687,1068500,0.0,0.0
2003-04-30,26.200001,26.4,25.85,25.91,8.878345,961800,0.0,0.0
2003-05-01,25.85,26.299999,25.51,26.200001,8.977715,955000,0.0,0.0
2003-05-02,26.139999,26.639999,26.1,26.540001,9.094218,766000,0.0,0.0
2003-05-05,26.5,26.799999,26.35,26.77,9.173028,670300,0.0,0.0
2003-05-06,26.77,27.27,26.73,27.24,9.334079,1257700,0.0,0.0
2003-05-07,27.24,27.24,26.76,26.91,9.221007,1242900,0.0,0.0
2003-05-08,26.799999,27.059999,26.68,26.99,9.248419,534600,0.0,0.0
2003-05-09,27.07,27.5,27.049999,27.5,9.423175,966700,0.0,0.0
2003-05-12,27.5,27.52,27.370001,27.5,9.423175,611900,0.0,0.0
2003-05-13,27.5,27.629999,27.32,27.6,9.457445,512500,0.0,0.0
2003-05-14,27.610001,27.65,27.299999,27.33,9.364924,529800,0.0,0.0
2003-05-15,27.5,27.59,27.1,27.52,9.430028,853700,0.0,0.0
2003-05-16,27.4,27.5,27.139999,27.27,9.344369,679000,0.0,0.0
2003-05-19,27.280001,27.57,27.07,27.08,9.279262,1087000,0.0,0.0
2003-05-20,27.15,27.540001,27.15,27.360001,9.375205,687400,0.0,0.0
2003-05-21,27.360001,27.4,27.129999,27.32,9.361496,674700,0.0,0.0
2003-05-22,27.379999,27.51,27.18,27.5,9.423175,767100,0.0,0.0
2003-05-23,27.5,27.66,27.32,27.57,9.44716,748500,0.0,0.0
2003-05-27,27.4,27.66,27.299999,27.52,9.430028,759600,0.0,0.0
2003-05-28,27.459999,27.51,26.790001,26.799999,9.183314,1021000,0.0,0.0
2003-05-29,26.799999,26.799999,25.200001,25.950001,8.892052,2095100,0.0,0.0
2003-05-30,26.1,26.49,25.940001,26.48,9.073661,995900,0.0,0.0
2003-06-02,26.549999,26.870001,26.379999,26.57,9.104502,971600,0.0,0.0
2003-06-03,26.370001,26.690001,26.08,26.690001,9.145617,899100,0.0,0.0
2003-06-04,26.690001,27.129999,26.629999,27.02,9.258697,768200,0.0,0.0
2003-06-05,27.059999,27.26,26.92,27.25,9.337514,773900,0.0,0.0
2003-06-06,27.280001,27.950001,27.25,27.75,9.508846,1091000,0.0,0.0
2003-06-09,27.700001,27.700001,27.360001,27.5,9.423175,1358700,0.0,0.0
2003-06-10,27.299999,27.75,27.24,27.74,9.505415,826900,0.0,0.0
2003-06-11,27.74,27.780001,27.5,27.68,9.484852,740700,0.0,0.0
2003-06-12,27.75,27.76,27.190001,27.25,9.337514,715400,0.0,0.0
2003-06-13,27.35,27.4,26.620001,26.74,9.162751,751100,0.0,0.0
2003-06-16,26.799999,27.15,26.74,27.1,9.286111,1085100,0.0,0.0
2003-06-17,27.15,27.24,26.940001,27.049999,9.268979,1996600,0.0,0.0
2003-06-18,26.4,26.52,26.07,26.1,9.088936,2456000,0.433,0.0
2003-06-19,26.15,26.209999,25.9,26.059999,9.075013,972600,0.0,0.0
2003-06-20,26.15,26.219999,26.0,26.049999,9.071529,1248300,0.0,0.0
2003-06-23,26.0,26.01,25.48,25.530001,8.890454,1287000,0.0,0.0
2003-06-24,25.530001,25.85,25.469999,25.75,8.967055,1299400,0.0,0.0
2003-06-25,25.82,25.950001,25.6,25.75,8.967055,1175200,0.0,0.0
2003-06-26,25.690001,26.01,25.65,25.98,9.047155,977500,0.0,0.0
2003-06-27,26.0,26.309999,25.9,26.15,9.106353,634700,0.0,0.0
2003-06-30,26.15,26.26,25.780001,25.950001,9.036706,1255100,0.0,0.0
2003-07-01,25.950001,26.27,25.690001,26.24,9.137696,1050200,0.0,0.0
2003-07-02,26.24,26.780001,26.15,26.780001,9.325741,639700,0.0,0.0
2003-07-03,26.629999,26.75,26.5,26.719999,9.304847,473000,0.0,0.0
2003-07-07,26.799999,27.15,26.66,27.08,9.43021,751400,0.0,0.0
2003-07-08,27.08,27.18,26.91,27.18,9.465034,650800,0.0,0.0
2003-07-09,27.129999,27.200001,26.66,26.93,9.377979,933100,0.0,0.0
2003-07-10,26.870001,26.889999,26.280001,26.379999,9.186444,631200,0.0,0.0
2003-07-11,26.530001,26.969999,26.530001,26.85,9.350117,976200,0.0,0.0
2003-07-14,27.059999,27.190001,26.75,26.83,9.343154,653700,0.0,0.0
2003-07-15,26.9,26.92,26.549999,26.700001,9.297881,665000,0.0,0.0
2003-07-16,26.85,26.860001,26.370001,26.5,9.228236,649500,0.0,0.0
2003-07-17,26.4,26.58,26.08,26.299999,9.158587,610500,0.0,0.0
2003-07-18,26.299999,26.530001,26.200001,26.4,9.19341,535500,0.0,0.0
2003-07-21,26.41,26.52,26.16,26.4,9.19341,565100,0.0,0.0
2003-07-22,26.52,26.85,26.41,26.799999,9.332707,722000,0.0,0.0
2003-07-23,26.799999,26.809999,26.48,26.530001,9.238683,515000,0.0,0.0
2003-07-24,26.6,26.790001,26.51,26.65,9.280468,400600,0.0,0.0
2003-07-25,26.65,27.23,26.65,27.1,9.437179,1029500,0.0,0.0
2003-07-28,27.299999,27.309999,27.040001,27.200001,9.471998,1093100,0.0,0.0
2003-07-29,27.200001,27.43,27.110001,27.299999,9.506824,1276500,0.0,0.0
2003-07-30,27.35,27.77,27.299999,27.65,9.628711,1990400,0.0,0.0
2003-07-31,27.85,28.0,27.65,27.9,9.715766,2048200,0.0,0.0
2003-08-01,27.85,28.1,27.75,28.1,9.78541,1842000,0.0,0.0
2003-08-04,28.0,28.450001,27.82,28.35,9.872471,1295500,0.0,0.0
2003-08-05,28.35,28.65,28.280001,28.459999,9.910775,1325000,0.0,0.0
2003-08-06,28.299999,28.540001,28.1,28.48,9.917743,898200,0.0,0.0
2003-08-07,28.48,28.75,28.299999,28.74,10.008284,928600,0.0,0.0
2003-08-08,28.860001,28.860001,28.559999,28.690001,9.990872,574800,0.0,0.0
2003-08-11,28.629999,28.84,28.610001,28.709999,9.997831,1136200,0.0,0.0
2003-08-12,28.799999,28.83,28.309999,28.639999,9.973461,621900,0.0,0.0
2003-08-13,28.65,28.700001,28.110001,28.309999,9.85854,964100,0.0,0.0
2003-08-14,28.450001,28.75,28.299999,28.690001,9.990872,1144700,0.0,0.0
2003-08-15,28.790001,28.790001,28.469999,28.49,9.921223,437500,0.0,0.0
2003-08-18,28.559999,28.99,28.52,28.700001,9.994349,823800,0.0,0.0
2003-08-19,28.879999,28.92,28.67,28.91,10.067484,657100,0.0,0.0
2003-08-20,28.92,29.23,28.860001,29.129999,10.14409,818500,0.0,0.0
2003-08-21,29.299999,29.32,28.9,29.110001,10.137126,686700,0.0,0.0
2003-08-22,29.23,29.23,28.5,28.51,9.928188,649900,0.0,0.0
2003-08-25,28.549999,28.549999,28.030001,28.35,9.872471,597200,0.0,0.0
2003-08-26,28.35,28.74,28.110001,28.74,10.008284,412000,0.0,0.0
2003-08-27,28.639999,29.07,28.639999,28.959999,10.084891,537100,0.0,0.0
2003-08-28,28.959999,28.99,28.620001,28.9,10.063999,600600,0.0,0.0
2003-08-29,28.9,29.09,28.75,29.08,10.126683,620600,0.0,0.0
2003-09-02,29.200001,29.379999,28.959999,29.35,10.220708,917200,0.0,0.0
2003-09-03,29.450001,29.639999,29.32,29.6,10.307764,1166000,0.0,0.0
2003-09-04,29.6,29.790001,29.540001,29.610001,10.311247,730700,0.0,0.0
2003-09-05,29.5,29.52,29.26,29.4,10.238116,613700,0.0,0.0
2003-09-08,29.389999,29.559999,29.200001,29.4,10.238116,538300,0.0,0.0
2003-09-09,29.299999,29.41,29.1,29.35,10.220708,643400,0.0,0.0
2003-09-10,29.25,29.290001,28.780001,28.98,10.091853,638600,0.0,0.0
2003-09-11,29.15,29.51,29.15,29.4,10.238116,917300,0.0,0.0
2003-09-12,29.4,29.59,29.030001,29.5,10.272943,829100,0.0,0.0
2003-09-15,29.4,29.5,29.23,29.35,10.220708,493300,0.0,0.0
2003-09-16,29.309999,29.6,29.309999,29.59,10.304279,878300,0.0,0.0
2003-09-17,29.25,29.25,28.700001,28.969999,10.238196,1898700,0.433,0.0
2003-09-18,29.1,29.440001,29.030001,29.25,10.337151,1687500,0.0,0.0
2003-09-19,29.35,29.530001,29.299999,29.42,10.39723,1340000,0.0,0.0
2003-09-22,29.4,29.41,29.01,29.299999,10.354815,813800,0.0,0.0
2003-09-23,29.25,29.5,29.200001,29.48,10.418434,544300,0.0,0.0
2003-09-24,29.4,29.49,29.01,29.1,10.284136,527800,0.0,0.0
2003-09-25,29.1,29.280001,28.9,29.110001,10.28767,567400,0.0,0.0
2003-09-26,29.049999,29.1,28.75,29.049999,10.266468,701200,0.0,0.0
2003-09-29,29.049999,29.280001,29.0,29.280001,10.34775,627800,0.0,0.0
2003-09-30,29.120001,29.43,28.84,29.280001,10.34775,1250600,0.0,0.0
2003-10-01,29.4,29.549999,29.18,29.5,10.425499,1018300,0.0,0.0
2003-10-02,29.5,29.65,29.4,29.549999,10.443171,1182900,0.0,0.0
2003-10-03,29.700001,30.01,29.59,29.59,10.457306,1179600,0.0,0.0
2003-10-06,29.690001,30.0,29.67,30.0,10.602201,959000,0.0,0.0
2003-10-07,30.0,30.01,29.700001,29.77,10.520924,758800,0.0,0.0
2003-10-08,29.75,29.879999,29.6,29.870001,10.556262,698100,0.0,0.0
2003-10-09,29.879999,30.07,29.65,29.860001,10.55273,755600,0.0,0.0
2003-10-10,29.99,30.16,29.91,29.950001,10.584532,573300,0.0,0.0
2003-10-13,30.1,30.299999,30.049999,30.049999,10.619873,530100,0.0,0.0
2003-10-14,29.950001,30.059999,29.42,29.700001,10.496183,893800,0.0,0.0
2003-10-15,29.799999,29.85,29.549999,29.65,10.478509,987300,0.0,0.0
2003-10-16,29.67,29.85,29.620001,29.799999,10.531523,586400,0.0,0.0
2003-10-17,29.799999,29.870001,29.17,29.18,10.312407,630700,0.0,0.0
2003-10-20,29.1,29.51,29.1,29.290001,10.351283,475800,0.0,0.0
2003-10-21,29.379999,29.68,29.23,29.549999,10.443171,678500,0.0,0.0
2003-10-22,29.540001,29.540001,28.959999,29.17,10.308875,611200,0.0,0.0
2003-10-23,29.18,29.18,28.67,28.950001,10.231128,583500,0.0,0.0
2003-10-24,28.950001,28.950001,28.52,28.85,10.195789,433300,0.0,0.0
2003-10-27,28.860001,29.58,28.860001,29.110001,10.28767,603400,0.0,0.0
2003-10-28,29.08,29.15,28.030001,28.58,10.100364,960400,0.0,0.0
2003-10-29,28.65,29.049999,28.51,29.02,10.255863,519900,0.0,0.0
2003-10-30,29.040001,29.379999,29.040001,29.379999,10.383089,517300,0.0,0.0
2003-10-31,29.379999,29.620001,29.07,29.25,10.337151,578000,0.0,0.0
2003-11-03,29.25,29.620001,29.25,29.58,10.453769,727200,0.0,0.0
2003-11-04,29.58,29.700001,28.85,29.16,10.305344,1179100,0.0,0.0
2003-11-05,29.16,29.16,28.299999,28.73,10.153375,1063700,0.0,0.0
2003-11-06,28.73,29.030001,28.469999,28.950001,10.231128,926500,0.0,0.0
2003-11-07,28.9,29.27,28.65,28.950001,10.231128,717400,0.0,0.0
2003-11-10,28.9,28.98,28.68,28.799999,10.178114,759000,0.0,0.0
2003-11-11,28.780001,28.85,28.5,28.6,10.107433,471800,0.0,0.0
2003-11-12,28.700001,28.93,28.540001,28.93,10.224061,797600,0.0,0.0
2003-11-13,28.93,28.940001,28.690001,28.85,10.195789,405300,0.0,0.0
2003-11-14,28.77,29.25,28.77,29.110001,10.28767,443500,0.0,0.0
2003-11-17,29.110001,29.110001,28.85,28.950001,10.231128,708400,0.0,0.0
2003-11-18,29.1,29.200001,28.91,29.120001,10.291202,824700,0.0,0.0
2003-11-19,29.15,29.219999,28.99,29.01,10.252323,1025100,0.0,0.0
2003-11-20,29.01,29.02,28.5,28.709999,10.146309,773000,0.0,0.0
2003-11-21,29.0,29.01,28.540001,28.610001,10.11097,1345100,0.0,0.0
2003-11-24,28.75,28.879999,28.57,28.83,10.188724,715100,0.0,0.0
2003-11-25,29.0,29.459999,28.99,29.370001,10.379554,1353000,0.0,0.0
2003-11-26,29.620001,29.639999,29.27,29.5,10.425499,603500,0.0,0.0
2003-11-28,29.58,29.65,29.360001,29.360001,10.376026,172100,0.0,0.0
2003-12-01,29.450001,29.67,29.450001,29.6,10.460841,811000,0.0,0.0
2003-12-02,29.65,29.799999,29.5,29.690001,10.492644,1210300,0.0,0.0
2003-12-03,29.700001,29.799999,29.52,29.540001,10.439633,647900,0.0,0.0
2003-12-04,29.6,29.6,29.219999,29.299999,10.354815,890100,0.0,0.0
2003-12-05,29.299999,29.360001,29.200001,29.24,10.333611,996000,0.0,0.0
2003-12-08,29.25,29.33,29.219999,29.26,10.340682,599700,0.0,0.0
2003-12-09,29.33,29.559999,29.27,29.42,10.39723,640300,0.0,0.0
2003-12-10,29.48,29.530001,29.299999,29.32,10.361882,542100,0.0,0.0
2003-12-11,29.33,29.620001,29.33,29.549999,10.443171,1158000,0.0,0.0
2003-12-12,29.65,29.879999,29.59,29.799999,10.531523,1086200,0.0,0.0
2003-12-15,30.0,30.0,29.6,29.6,10.460841,852200,0.0,0.0
2003-12-16,29.719999,29.98,29.559999,29.950001,10.584532,1698100,0.0,0.0
2003-12-17,29.52,29.6,29.360001,29.5,10.578435,922000,0.433,0.0
2003-12-18,29.48,29.65,29.34,29.440001,10.556919,767600,0.0,0.0
2003-12-19,29.34,29.459999,29.32,29.370001,10.531817,948300,0.0,0.0
2003-12-22,29.370001,29.440001,29.26,29.35,10.52465,752300,0.0,0.0
2003-12-23,29.280001,29.5,29.25,29.32,10.513892,672400,0.0,0.0
2003-12-24,29.309999,29.52,29.309999,29.48,10.571265,548100,0.0,0.0
2003-12-26,29.51,29.610001,29.32,29.4,10.54258,218700,0.0,0.0
2003-12-29,29.559999,29.700001,29.26,29.6,10.614294,677000,0.0,0.0
2003-12-30,29.6,29.85,29.540001,29.65,10.632227,875600,0.0,0.0
2003-12-31,29.68,29.879999,29.49,29.51,10.582022,1024800,0.0,0.0
2004-01-02,29.51,29.68,29.34,29.530001,10.589199,1085400,0.0,0.0
2004-01-05,29.700001,29.9,29.4,29.52,10.585611,1327700,0.0,0.0
2004-01-06,29.52,29.68,29.389999,29.629999,10.625056,782600,0.0,0.0
2004-01-07,29.719999,29.75,29.309999,29.4,10.54258,1089600,0.0,0.0
2004-01-08,29.48,29.530001,29.219999,29.49,10.574851,2202800,0.0,0.0
2004-01-09,29.51,29.51,29.299999,29.4,10.54258,1585200,0.0,0.0
2004-01-12,29.4,29.48,29.15,29.25,10.488791,811500,0.0,0.0
2004-01-13,29.4,29.5,28.75,28.93,10.374045,1672900,0.0,0.0
2004-01-14,28.83,29.1,28.83,29.07,10.424244,912300,0.0,0.0
2004-01-15,29.129999,29.18,28.84,29.15,10.45293,686400,0.0,0.0
2004-01-16,29.299999,29.299999,28.76,28.76,10.313086,671300,0.0,0.0
2004-01-20,28.75,28.91,28.450001,28.49,10.216261,898300,0.0,0.0
2004-01-21,28.370001,28.5,28.35,28.450001,10.201917,750900,0.0,0.0
2004-01-22,28.450001,29.24,28.309999,28.440001,10.198331,1346300,0.0,0.0
2004-01-23,28.969999,28.99,28.709999,28.98,10.391971,894200,0.0,0.0
2004-01-26,28.98,29.09,28.780001,29.07,10.424244,859300,0.0,0.0
2004-01-27,29.15,29.370001,29.1,29.25,10.488791,1010800,0.0,0.0
2004-01-28,29.25,29.6,29.200001,29.33,10.51748,1141000,0.0,0.0
2004-01-29,29.33,29.620001,29.200001,29.549999,10.596367,802800,0.0,0.0
2004-01-30,29.549999,29.549999,29.02,29.1,10.434998,1325900,0.0,0.0
2004-02-02,29.200001,29.440001,29.120001,29.35,10.52465,911500,0.0,0.0
2004-02-03,29.379999,29.66,29.049999,29.09,10.431415,965200,0.0,0.0
2004-02-04,29.09,29.09,28.4,28.440001,10.198331,901200,0.0,0.0
2004-02-05,28.440001,28.950001,28.440001,28.799999,10.327425,892200,0.0,0.0
2004-02-06,28.860001,29.4,28.65,29.34,10.52106,920400,0.0,0.0
2004-02-09,29.25,29.280001,28.9,29.26,10.492373,1393200,0.0,0.0
2004-02-10,29.26,29.620001,29.24,29.549999,10.596367,998600,0.0,0.0
2004-02-11,29.540001,29.74,29.370001,29.700001,10.650154,1579800,0.0,0.0
2004-02-12,29.700001,29.700001,29.32,29.41,10.546162,735100,0.0,0.0
2004-02-13,29.41,29.49,28.870001,28.969999,10.388383,1155100,0.0,0.0
2004-02-17,29.17,29.35,29.030001,29.17,10.460107,630700,0.0,0.0
2004-02-18,29.370001,29.440001,29.1,29.15,10.45293,694400,0.0,0.0
2004-02-19,29.309999,29.34,29.0,29.299999,10.506719,934900,0.0,0.0
2004-02-20,29.49,29.49,29.1,29.23,10.481619,990000,0.0,0.0
2004-02-23,29.309999,29.5,29.15,29.290001,10.503131,633200,0.0,0.0
2004-02-24,28.950001,29.309999,28.92,29.290001,10.503131,1235200,0.0,0.0
2004-02-25,29.27,29.540001,29.27,29.5,10.578435,1911100,0.0,0.0
2004-02-26,29.65,29.790001,29.6,29.719999,10.657327,1716600,0.0,0.0
2004-02-27,29.790001,29.870001,29.67,29.75,10.668086,940300,0.0,0.0
2004-03-01,29.9,30.25,29.860001,30.190001,10.825863,1791600,0.0,0.0
2004-03-02,30.200001,30.52,30.15,30.52,10.944198,1067900,0.0,0.0
2004-03-03,30.5,31.07,30.360001,30.84,11.058947,1883200,0.0,0.0
2004-03-04,30.799999,30.799999,30.48,30.6,10.97289,1123400,0.0,0.0
2004-03-05,30.5,30.870001,30.5,30.719999,11.015917,1173100,0.0,0.0
2004-03-08,30.719999,30.85,30.51,30.74,11.023087,940300,0.0,0.0
2004-03-09,30.73,30.84,30.67,30.84,11.058947,880700,0.0,0.0
2004-03-10,30.780001,31.1,30.4,30.459999,10.922682,1713200,0.0,0.0
2004-03-11,30.459999,30.459999,29.6,29.620001,10.621469,1048700,0.0,0.0
2004-03-12,29.75,29.940001,29.66,29.85,10.703941,749000,0.0,0.0
2004-03-15,29.860001,30.049999,29.549999,29.84,10.700362,660600,0.0,0.0
2004-03-16,29.9,30.07,29.790001,29.99,10.754146,921300,0.0,0.0
2004-03-17,29.65,30.32,29.559999,30.32,11.03176,1894500,0.433,0.0
2004-03-18,30.299999,30.299999,29.959999,30.030001,10.926245,1326400,0.0,0.0
2004-03-19,30.02,30.379999,30.0,30.190001,10.984458,987000,0.0,0.0
2004-03-22,29.75,30.09,29.700001,30.0,10.915331,1096700,0.0,0.0
2004-03-23,30.02,30.1,29.85,30.049999,10.933518,866100,0.0,0.0
2004-03-24,30.02,30.190001,29.65,29.74,10.820729,1066000,0.0,0.0
2004-03-25,29.85,29.959999,29.809999,29.92,10.886226,1066600,0.0,0.0
2004-03-26,29.99,29.99,29.25,29.25,10.642446,1040000,0.0,0.0
2004-03-29,29.299999,29.639999,29.049999,29.5,10.733407,766400,0.0,0.0
2004-03-30,29.549999,29.610001,29.360001,29.610001,10.773429,717100,0.0,0.0
2004-03-31,29.6,29.85,29.389999,29.85,10.860752,1017300,0.0,0.0
2004-04-01,29.99,30.209999,29.870001,30.209999,10.991736,1273200,0.0,0.0
2004-04-02,30.459999,31.110001,30.24,30.870001,11.231874,2173900,0.0,0.0
2004-04-05,30.85,30.860001,29.530001,29.530001,10.744326,2992600,0.0,0.0
2004-04-06,29.5,29.6,28.75,28.959999,10.536926,2301400,0.0,0.0
2004-04-07,28.91,29.700001,28.549999,29.030001,10.5624,2749900,0.0,0.0
2004-04-08,29.040001,29.24,28.610001,28.65,10.424137,1059300,0.0,0.0
2004-04-12,28.629999,28.639999,26.65,27.76,10.100322,2326000,0.0,0.0
2004-04-13,27.950001,28.389999,26.84,27.51,10.009357,2072900,0.0,0.0
2004-04-14,27.25,28.110001,27.0,27.42,9.976611,1852300,0.0,0.0
2004-04-15,27.35,28.040001,27.299999,28.040001,10.202197,1154300,0.0,0.0
2004-04-16,28.040001,28.280001,27.85,28.0,10.187642,1205300,0.0,0.0
2004-04-19,27.65,28.27,27.35,28.120001,10.231301,934800,0.0,0.0
2004-04-20,28.200001,28.200001,27.290001,27.290001,9.929309,1194500,0.0,0.0
2004-04-21,27.15,27.690001,27.01,27.450001,9.987528,1002500,0.0,0.0
2004-04-22,27.299999,28.209999,27.030001,27.719999,10.085767,1191900,0.0,0.0
2004-04-23,27.75,27.77,27.25,27.450001,9.987528,937100,0.0,0.0
2004-04-26,27.440001,28.17,27.440001,27.959999,10.173087,888100,0.0,0.0
2004-04-27,27.889999,28.4,27.889999,28.24,10.274964,1127100,0.0,0.0
2004-04-28,28.25,28.440001,27.889999,28.049999,10.205833,1054900,0.0,0.0
2004-04-29,28.0,28.42,27.280001,27.73,10.089396,1026700,0.0,0.0
2004-04-30,27.98,28.209999,27.440001,27.459999,9.991163,1198600,0.0,0.0
2004-05-03,27.5,28.02,27.26,28.0,10.187642,1517500,0.0,0.0
2004-05-04,27.969999,28.889999,27.91,28.559999,10.391397,1508900,0.0,0.0
2004-05-05,28.459999,28.950001,28.459999,28.52,10.376838,1579100,0.0,0.0
2004-05-06,28.299999,28.370001,27.889999,28.15,10.242218,1227600,0.0,0.0
2004-05-07,28.0,28.110001,27.34,27.35,9.951142,2460300,0.0,0.0
2004-05-10,27.25,27.65,26.68,27.34,9.947502,1538400,0.0,0.0
2004-05-11,27.280001,27.77,27.17,27.440001,9.983889,948900,0.0,0.0
2004-05-12,27.26,27.51,26.92,27.450001,9.987528,986000,0.0,0.0
2004-05-13,27.35,27.59,27.07,27.4,9.969335,1138000,0.0,0.0
2004-05-14,27.4,27.82,27.219999,27.469999,9.994804,1168600,0.0,0.0
2004-05-17,27.219999,27.719999,27.02,27.59,10.038468,1460800,0.0,0.0
2004-05-18,27.6,27.93,27.49,27.93,10.162173,1187300,0.0,0.0
2004-05-19,27.9,28.35,27.15,27.290001,9.929309,1457000,0.0,0.0
2004-05-20,27.620001,28.049999,27.379999,27.75,10.09668,1630900,0.0,0.0
2004-05-21,28.049999,28.25,27.76,27.879999,10.14398,1034400,0.0,0.0
2004-05-24,28.059999,28.309999,27.950001,28.120001,10.231301,848600,0.0,0.0
2004-05-25,28.0,28.77,28.0,28.77,10.467803,1047700,0.0,0.0
2004-05-26,28.77,29.1,28.48,29.049999,10.569678,1036100,0.0,0.0
2004-05-27,29.1,29.700001,28.92,29.200001,10.624252,986000,0.0,0.0
2004-05-28,29.15,29.620001,29.129999,29.440001,10.711577,1067400,0.0,0.0
2004-06-01,29.459999,29.52,28.73,29.200001,10.624252,1054500,0.0,0.0
2004-06-02,29.15,29.67,29.08,29.67,10.795256,952100,0.0,0.0
2004-06-03,29.42,29.77,29.129999,29.24,10.638805,881300,0.0,0.0
2004-06-04,29.450001,29.780001,29.24,29.4,10.697021,797800,0.0,0.0
2004-06-07,29.4,29.620001,29.33,29.51,10.737044,558200,0.0,0.0
2004-06-08,29.610001,29.65,29.209999,29.610001,10.773429,767400,0.0,0.0
2004-06-09,29.559999,29.99,29.51,29.67,10.795256,1002000,0.0,0.0
2004-06-10,29.639999,29.73,29.43,29.49,10.729768,530700,0.0,0.0
2004-06-14,29.1,29.139999,28.860001,28.959999,10.536926,1409500,0.0,0.0
2004-06-15,29.049999,29.450001,29.049999,29.41,10.700658,1249700,0.0,0.0
2004-06-16,28.9,29.200001,28.75,29.129999,10.757164,711100,0.433,0.0
2004-06-17,29.0,29.120001,28.66,28.9,10.672228,1378600,0.0,0.0
2004-06-18,28.620001,28.969999,28.620001,28.77,10.624224,1059100,0.0,0.0
2004-06-21,28.809999,29.370001,28.77,29.27,10.80886,973700,0.0,0.0
2004-06-22,29.370001,29.459999,29.16,29.42,10.864256,701500,0.0,0.0
2004-06-23,29.299999,29.66,29.299999,29.66,10.95288,733200,0.0,0.0
2004-06-24,29.5,29.85,29.5,29.75,10.986117,881800,0.0,0.0
2004-06-25,29.799999,30.02,29.709999,30.0,11.078437,896200,0.0,0.0
2004-06-28,30.23,30.33,29.879999,30.059999,11.100591,814500,0.0,0.0
2004-06-29,29.959999,29.969999,29.41,29.42,10.864256,1066600,0.0,0.0
2004-06-30,29.41,29.92,29.370001,29.73,10.978729,1107500,0.0,0.0
2004-07-01,29.74,29.950001,29.5,29.799999,11.00458,793500,0.0,0.0
2004-07-02,29.889999,30.49,29.889999,30.25,11.170758,952400,0.0,0.0
2004-07-06,30.35,30.5,29.77,30.35,11.207681,657000,0.0,0.0
2004-07-07,30.299999,30.49,30.18,30.42,11.233536,863000,0.0,0.0
2004-07-08,30.42,30.639999,29.870001,29.870001,11.030433,959900,0.0,0.0
2004-07-09,30.120001,30.200001,29.65,30.059999,11.100591,726200,0.0,0.0
2004-07-12,30.120001,30.280001,29.91,30.25,11.170758,428800,0.0,0.0
2004-07-13,30.25,30.25,29.93,30.049999,11.096896,617400,0.0,0.0
2004-07-14,30.049999,30.219999,30.0,30.219999,11.159678,616000,0.0,0.0
2004-07-15,30.219999,30.540001,30.190001,30.530001,11.274151,1310000,0.0,0.0
2004-07-16,30.950001,30.950001,30.43,30.469999,11.252001,639200,0.0,0.0
2004-07-19,30.52,30.780001,30.35,30.610001,11.303699,688500,0.0,0.0
2004-07-20,30.700001,30.700001,30.49,30.559999,11.285233,1461600,0.0,0.0
2004-07-21,30.65,30.82,30.23,30.299999,11.189219,584100,0.0,0.0
2004-07-22,30.200001,30.25,29.67,29.690001,10.963958,964000,0.0,0.0
2004-07-23,29.620001,29.75,29.35,29.35,10.838404,709000,0.0,0.0
2004-07-26,29.299999,29.35,29.049999,29.17,10.771934,523700,0.0,0.0
2004-07-27,29.17,29.549999,28.969999,29.08,10.738691,488600,0.0,0.0
2004-07-28,29.08,29.66,28.74,29.450001,10.875333,749600,0.0,0.0
2004-07-29,29.450001,30.0,29.33,29.360001,10.842094,480700,0.0,0.0
2004-07-30,29.450001,29.790001,29.450001,29.549999,10.912261,997200,0.0,0.0
2004-08-02,29.57,29.93,29.24,29.93,11.052588,946100,0.0,0.0
2004-08-03,29.889999,30.09,29.68,29.82,11.011963,1016700,0.0,0.0
2004-08-04,29.98,30.799999,29.639999,30.74,11.351702,1238900,0.0,0.0
2004-08-05,30.74,30.92,30.49,30.66,11.322164,1022900,0.0,0.0
2004-08-06,30.49,31.08,30.17,30.299999,11.189219,1015100,0.0,0.0
2004-08-09,30.4,30.57,30.200001,30.32,11.196604,697100,0.0,0.0
2004-08-10,30.5,30.639999,30.25,30.280001,11.18184,1323500,0.0,0.0
2004-08-11,30.299999,30.389999,30.25,30.299999,11.189219,1410600,0.0,0.0
2004-08-12,30.299999,30.299999,29.98,30.040001,11.093207,767800,0.0,0.0
2004-08-13,29.950001,30.120001,29.950001,30.0,11.078437,764600,0.0,0.0
2004-08-16,30.049999,30.48,29.969999,30.299999,11.189219,1073500,0.0,0.0
2004-08-17,30.4,30.59,30.15,30.450001,11.244613,1316300,0.0,0.0
2004-08-18,30.5,31.040001,30.48,31.01,11.451407,1113200,0.0,0.0
2004-08-19,30.85,30.93,30.4,30.440001,11.240919,1069400,0.0,0.0
2004-08-20,30.690001,31.16,30.65,31.139999,11.499416,1130400,0.0,0.0
2004-08-23,31.139999,31.299999,31.0,31.129999,11.495726,885000,0.0,0.0
2004-08-24,31.379999,32.189999,31.290001,32.169998,11.879777,1851600,0.0,0.0
2004-08-25,32.16,32.419998,31.93,32.07,11.842848,1465300,0.0,0.0
2004-08-26,32.07,32.349998,32.0,32.299999,11.927786,803100,0.0,0.0
2004-08-27,32.349998,32.400002,32.169998,32.27,11.916702,544000,0.0,0.0
2004-08-30,32.220001,32.43,32.040001,32.32,11.935171,862700,0.0,0.0
2004-08-31,32.32,32.66,32.25,32.389999,11.961019,1178000,0.0,0.0
2004-09-01,32.549999,32.779999,32.099998,32.290001,11.924088,1200300,0.0,0.0
2004-09-02,32.290001,32.389999,32.099998,32.360001,11.949939,837000,0.0,0.0
2004-09-03,32.349998,32.669998,32.209999,32.630001,12.049643,615800,0.0,0.0
2004-09-07,32.880001,33.139999,32.66,33.139999,12.237978,1129400,0.0,0.0
2004-09-08,33.0,33.209999,32.830002,32.939999,12.164123,1079300,0.0,0.0
2004-09-09,32.939999,32.939999,32.150002,32.169998,11.879777,1141800,0.0,0.0
2004-09-10,32.009998,32.16,31.639999,32.110001,11.857618,963400,0.0,0.0
2004-09-13,31.75,31.889999,31.639999,31.889999,11.776376,1319600,0.0,0.0
2004-09-14,31.91,31.940001,31.200001,31.280001,11.551116,1463500,0.0,0.0
2004-09-15,31.0,31.360001,30.790001,31.18,11.675808,1292300,0.433,0.0
2004-09-16,31.18,31.459999,31.120001,31.450001,11.776921,1007800,0.0,0.0
2004-09-17,31.65,31.68,31.17,31.27,11.709514,1173400,0.0,0.0
2004-09-20,31.280001,31.280001,30.92,30.92,11.578456,666200,0.0,0.0
2004-09-21,31.0,31.27,30.83,31.08,11.638368,609600,0.0,0.0
2004-09-22,30.950001,31.059999,30.639999,30.65,11.477349,686300,0.0,0.0
2004-09-23,30.6,30.74,30.32,30.33,11.357517,914400,0.0,0.0
2004-09-24,30.4,30.540001,30.309999,30.42,11.39122,717400,0.0,0.0
2004-09-27,30.549999,30.77,30.299999,30.48,11.413685,629900,0.0,0.0
2004-09-28,30.48,30.68,30.370001,30.68,11.488584,730000,0.0,0.0
2004-09-29,30.6,30.690001,30.35,30.68,11.488584,876700,0.0,0.0
2004-09-30,30.75,31.200001,30.639999,31.0,11.608412,1108000,0.0,0.0
2004-10-01,31.0,31.93,30.860001,31.76,11.893004,1176900,0.0,0.0
2004-10-04,31.77,32.099998,31.76,31.9,11.945421,723800,0.0,0.0
2004-10-05,31.950001,32.189999,31.85,32.02,11.990363,1380800,0.0,0.0
2004-10-06,32.029999,32.150002,32.0,32.150002,12.039049,535700,0.0,0.0
2004-10-07,32.139999,32.200001,31.82,31.860001,11.930448,665900,0.0,0.0
2004-10-08,31.959999,32.139999,31.870001,32.119999,12.027812,801700,0.0,0.0
2004-10-11,32.220001,32.34,31.99,32.07,12.009087,452900,0.0,0.0
2004-10-12,32.0,32.439999,32.0,32.439999,12.147637,594800,0.0,0.0
2004-10-13,32.34,32.48,32.25,32.279999,12.087722,904600,0.0,0.0
2004-10-14,32.43,32.68,32.290001,32.68,12.237509,771700,0.0,0.0
2004-10-15,32.93,33.25,32.700001,33.169998,12.420995,1100500,0.0,0.0
2004-10-18,33.119999,33.560001,33.07,33.380001,12.499636,901800,0.0,0.0
2004-10-19,33.389999,33.939999,32.950001,32.990002,12.353595,1265700,0.0,0.0
2004-10-20,32.900002,33.0,32.220001,32.880001,12.312404,1185000,0.0,0.0
2004-10-21,32.98,33.700001,32.790001,33.700001,12.619464,1247600,0.0,0.0
2004-10-22,33.740002,34.02,33.48,33.540001,12.559552,815300,0.0,0.0
2004-10-25,33.450001,33.459999,32.919998,32.959999,12.342359,720700,0.0,0.0
2004-10-26,32.990002,33.509998,32.91,33.509998,12.548317,870700,0.0,0.0
2004-10-27,33.41,33.790001,33.360001,33.790001,12.653164,710700,0.0,0.0
2004-10-28,33.599998,33.77,33.400002,33.599998,12.582022,907600,0.0,0.0
2004-10-29,33.650002,33.75,33.25,33.349998,12.488397,1059300,0.0,0.0
2004-11-01,33.549999,33.860001,33.509998,33.75,12.638187,1057200,0.0,0.0
2004-11-02,33.75,33.799999,32.900002,32.970001,12.346103,1476400,0.0,0.0
2004-11-03,33.630001,33.630001,32.580002,33.130001,12.40602,1243800,0.0,0.0
2004-11-04,33.32,33.5,33.139999,33.5,12.544571,1218100,0.0,0.0
2004-11-05,33.490002,33.490002,32.360001,33.0,12.35734,1643600,0.0,0.0
2004-11-08,33.099998,33.599998,33.0,33.459999,12.529592,1078500,0.0,0.0
2004-11-09,33.549999,33.57,33.060001,33.240002,12.447213,1104200,0.0,0.0
2004-11-10,33.200001,33.650002,33.09,33.5,12.544571,632600,0.0,0.0
2004-11-11,33.599998,34.0,33.540001,33.939999,12.709332,625100,0.0,0.0
2004-11-12,33.84,34.830002,33.740002,34.73,13.005162,1151200,0.0,0.0
2004-11-15,34.720001,35.349998,34.650002,34.880001,13.061335,1469800,0.0,0.0
2004-11-16,34.880001,35.09,34.5,34.599998,12.956478,1277400,0.0,0.0
2004-11-17,34.599998,35.049999,33.450001,33.57,12.570789,1165900,0.0,0.0
2004-11-18,33.759998,34.060001,33.049999,33.57,12.570789,1167600,0.0,0.0
2004-11-19,33.700001,33.75,33.110001,33.110001,12.398528,818300,0.0,0.0
2004-11-22,32.919998,33.380001,32.900002,33.259998,12.454698,803500,0.0,0.0
2004-11-23,33.27,33.380001,32.91,33.369999,12.495887,1095300,0.0,0.0
2004-11-24,33.470001,34.25,33.43,34.189999,12.802951,1412800,0.0,0.0
2004-11-26,34.290001,34.330002,33.84,33.889999,12.690615,548500,0.0,0.0
2004-11-29,33.950001,34.150002,33.509998,33.759998,12.641932,950300,0.0,0.0
2004-11-30,33.950001,33.950001,33.5,33.709999,12.623206,1084500,0.0,0.0
2004-12-01,33.810001,34.5,33.68,34.380001,12.874101,1084100,0.0,0.0
2004-12-02,34.380001,34.400002,33.84,34.150002,12.787971,1309600,0.0,0.0
2004-12-03,34.150002,34.779999,34.150002,34.779999,13.023883,1277300,0.0,0.0
2004-12-06,34.700001,35.25,34.580002,35.060001,13.128737,1483900,0.0,0.0
2004-12-07,35.060001,35.060001,34.549999,34.619999,12.963971,754100,0.0,0.0
2004-12-08,34.619999,34.990002,34.48,34.98,13.098775,1093100,0.0,0.0
2004-12-09,34.900002,35.57,34.720001,35.52,13.300989,1177400,0.0,0.0
2004-12-10,36.16,36.16,35.279999,35.880001,13.435797,1166600,0.0,0.0
2004-12-13,35.98,36.110001,35.740002,35.900002,13.443288,787100,0.0,0.0
2004-12-14,36.0,36.169998,35.799999,36.02,13.488222,1409000,0.0,0.0
2004-12-15,35.650002,35.98,35.389999,35.75,13.550002,887900,0.433,0.0
2004-12-16,35.75,35.959999,35.27,35.360001,13.402185,993700,0.0,0.0
2004-12-17,35.369999,35.75,34.950001,35.75,13.550002,1585300,0.0,0.0
2004-12-20,35.75,35.77,35.18,35.650002,13.512104,859200,0.0,0.0
2004-12-21,35.599998,36.25,35.48,36.200001,13.720562,1207500,0.0,0.0
2004-12-22,36.23,36.48,36.119999,36.400002,13.796365,877000,0.0,0.0
2004-12-23,36.400002,36.490002,35.959999,36.0,13.644757,826600,0.0,0.0
2004-12-27,36.009998,36.139999,35.650002,36.099998,13.682667,645100,0.0,0.0
2004-12-28,36.040001,36.32,35.959999,36.110001,13.686459,803800,0.0,0.0
2004-12-29,36.119999,36.490002,36.040001,36.450001,13.815321,546300,0.0,0.0
2004-12-30,36.549999,36.630001,36.330002,36.57,13.860799,483400,0.0,0.0
2004-12-31,36.610001,36.75,36.16,36.18,13.712984,1433700,0.0,0.0
2005-01-03,36.02,36.369999,35.299999,35.450001,13.436295,1549200,0.0,0.0
2005-01-04,35.599998,35.939999,35.189999,35.23,13.35291,1101700,0.0,0.0
2005-01-05,35.220001,35.299999,33.689999,34.099998,12.924619,2217500,0.0,0.0
2005-01-06,34.150002,34.59,33.950001,34.099998,12.924619,1489900,0.0,0.0
2005-01-07,34.200001,34.32,33.849998,33.950001,12.867765,1199000,0.0,0.0
2005-01-10,34.049999,34.18,33.740002,33.75,12.791962,928500,0.0,0.0
2005-01-11,33.700001,33.880001,33.34,33.360001,12.644143,1106100,0.0,0.0
2005-01-12,33.310001,33.439999,32.689999,33.330002,12.632775,1091000,0.0,0.0
2005-01-13,33.330002,34.080002,33.330002,33.630001,12.746479,1513000,0.0,0.0
2005-01-14,33.799999,34.189999,33.639999,33.84,12.826074,1020300,0.0,0.0
2005-01-18,33.849998,34.200001,33.57,34.200001,12.96252,785600,0.0,0.0
2005-01-19,34.220001,34.650002,34.009998,34.220001,12.970099,1205500,0.0,0.0
2005-01-20,34.220001,34.330002,33.759998,33.900002,12.848815,950700,0.0,0.0
2005-01-21,33.810001,34.060001,33.619999,33.709999,12.776798,757300,0.0,0.0
2005-01-24,33.779999,34.0,33.209999,33.299999,12.621402,971300,0.0,0.0
2005-01-25,33.310001,33.509998,32.57,32.610001,12.359874,1465200,0.0,0.0
2005-01-26,32.599998,32.91,32.349998,32.48,12.310604,1403600,0.0,0.0
2005-01-27,32.18,32.310001,31.84,31.969999,12.117306,2143900,0.0,0.0
2005-01-28,31.82,32.110001,31.719999,31.83,12.064239,2190700,0.0,0.0
2005-01-31,31.83,32.119999,31.059999,31.540001,11.954327,2048100,0.0,0.0
2005-02-01,31.559999,32.200001,31.440001,32.060001,12.151417,1425700,0.0,0.0
2005-02-02,31.85,32.32,31.610001,32.0,12.128675,1658600,0.0,0.0
2005-02-03,31.799999,32.43,31.75,31.76,12.037709,1036000,0.0,0.0
2005-02-04,32.049999,32.279999,31.24,32.209999,12.20827,2393200,0.0,0.0
2005-02-07,32.110001,32.700001,32.0,32.209999,12.20827,1020500,0.0,0.0
2005-02-08,32.209999,32.349998,32.099998,32.32,12.249966,1053100,0.0,0.0
2005-02-09,32.419998,32.799999,32.310001,32.68,12.386409,1131300,0.0,0.0
2005-02-10,32.740002,32.93,32.5,32.880001,12.462212,833100,0.0,0.0
2005-02-11,32.880001,32.990002,32.529999,32.93,12.481159,759300,0.0,0.0
2005-02-14,32.98,33.150002,32.709999,32.860001,12.454631,697600,0.0,0.0
2005-02-15,32.959999,33.310001,32.860001,33.099998,12.545598,1143800,0.0,0.0
2005-02-16,33.09,33.450001,32.75,33.220001,12.591083,851600,0.0,0.0
2005-02-17,33.34,33.639999,33.240002,33.549999,12.716154,1510600,0.0,0.0
2005-02-18,33.560001,33.709999,33.02,33.389999,12.655519,1258900,0.0,0.0
2005-02-22,33.389999,33.389999,32.5,32.59,12.352294,1230000,0.0,0.0
2005-02-23,32.34,32.700001,31.870001,32.049999,12.147625,1398500,0.0,0.0
2005-02-24,32.049999,32.220001,31.950001,32.150002,12.185531,699300,0.0,0.0
2005-02-25,31.969999,32.860001,31.969999,32.82,12.43947,1189600,0.0,0.0
2005-02-28,32.77,32.849998,32.279999,32.810001,12.435678,1338700,0.0,0.0
2005-03-01,32.810001,33.200001,32.75,33.049999,12.526644,857400,0.0,0.0
2005-03-02,32.950001,33.119999,32.540001,32.93,12.481159,663500,0.0,0.0
2005-03-03,32.950001,33.290001,32.91,33.25,12.60245,614100,0.0,0.0
2005-03-04,33.27,34.060001,33.27,34.009998,12.890507,1307200,0.0,0.0
2005-03-07,34.240002,34.459999,33.799999,34.169998,12.951148,873100,0.0,0.0
2005-03-08,34.150002,34.25,33.880001,34.16,12.947361,934700,0.0,0.0
2005-03-09,33.959999,33.959999,32.900002,32.950001,12.488744,1132700,0.0,0.0
2005-03-10,33.119999,33.529999,32.799999,33.459999,12.682045,1087600,0.0,0.0
2005-03-11,33.369999,33.380001,32.43,32.43,12.291649,1135400,0.0,0.0
2005-03-14,32.529999,33.189999,32.400002,33.189999,12.579705,803500,0.0,0.0
2005-03-15,33.389999,33.669998,32.900002,33.299999,12.621402,1236000,0.0,0.0
2005-03-16,32.939999,32.98,32.049999,32.23,12.376785,1805500,0.433,0.0
2005-03-17,32.25,32.639999,32.25,32.529999,12.491991,796200,0.0,0.0
2005-03-18,32.619999,32.669998,32.119999,32.299999,12.403669,1179500,0.0,0.0
2005-03-21,32.150002,32.290001,31.75,31.870001,12.238538,669600,0.0,0.0
2005-03-22,31.91,32.389999,31.200001,31.200001,11.981248,1208200,0.0,0.0
2005-03-23,31.209999,31.77,30.700001,31.440001,12.073409,1307900,0.0,0.0
2005-03-24,31.59,32.150002,31.27,31.27,12.008128,894500,0.0,0.0
2005-03-28,31.9,31.9,31.389999,31.389999,12.054213,1282500,0.0,0.0
2005-03-29,31.290001,31.83,31.280001,31.549999,12.115657,915300,0.0,0.0
2005-03-30,31.6,32.25,31.6,32.25,12.384463,1065100,0.0,0.0
2005-03-31,32.349998,32.84,32.18,32.209999,12.369105,1226700,0.0,0.0
2005-04-01,33.0,33.0,31.860001,32.099998,12.326861,1422900,0.0,0.0
2005-04-04,31.98,32.060001,31.700001,31.85,12.230856,1837800,0.0,0.0
2005-04-05,31.870001,31.98,31.67,31.860001,12.234698,886000,0.0,0.0
2005-04-06,31.98,32.349998,31.959999,32.200001,12.365262,1111400,0.0,0.0
2005-04-07,32.25,32.66,32.169998,32.619999,12.526546,1154500,0.0,0.0
2005-04-08,32.75,32.799999,32.040001,32.040001,12.303823,1305700,0.0,0.0
2005-04-11,32.209999,32.330002,32.0,32.25,12.384463,527400,0.0,0.0
2005-04-12,32.119999,32.700001,31.940001,32.560001,12.503505,897800,0.0,0.0
2005-04-13,32.5,32.75,32.25,32.43,12.453583,858600,0.0,0.0
2005-04-14,32.360001,32.450001,31.809999,32.049999,12.307661,785500,0.0,0.0
2005-04-15,31.9,32.200001,31.84,31.959999,12.273099,750600,0.0,0.0
2005-04-18,31.959999,32.150002,31.5,31.940001,12.26542,892600,0.0,0.0
2005-04-19,31.74,32.209999,31.73,32.099998,12.326861,969400,0.0,0.0
2005-04-20,32.080002,32.310001,31.809999,31.99,12.284625,709100,0.0,0.0
2005-04-21,32.029999,32.279999,31.73,32.27,12.392143,551100,0.0,0.0
2005-04-22,32.169998,32.939999,32.080002,32.91,12.637916,1392500,0.0,0.0
2005-04-25,32.98,33.419998,32.950001,33.389999,12.822247,1186700,0.0,0.0
2005-04-26,33.389999,33.700001,33.27,33.470001,12.852967,970700,0.0,0.0
2005-04-27,33.389999,33.950001,33.200001,33.75,12.960487,1213100,0.0,0.0
2005-04-28,33.549999,33.599998,33.290001,33.419998,12.833761,1453200,0.0,0.0
2005-04-29,34.119999,34.349998,33.700001,34.349998,13.190897,1487700,0.0,0.0
2005-05-02,34.330002,34.439999,33.189999,34.400002,13.210095,1730600,0.0,0.0
2005-05-03,34.419998,34.490002,34.009998,34.310001,13.175529,736000,0.0,0.0
2005-05-04,34.290001,34.77,34.130001,34.720001,13.33298,815800,0.0,0.0
2005-05-05,34.77,35.029999,34.549999,34.900002,13.4021,902100,0.0,0.0
2005-05-06,34.830002,35.009998,33.950001,34.490002,13.244662,1227700,0.0,0.0
2005-05-09,34.43,35.310001,34.43,35.209999,13.521145,1086800,0.0,0.0
2005-05-10,35.209999,35.27,34.810001,35.110001,13.482741,968500,0.0,0.0
2005-05-11,35.32,35.529999,34.790001,35.529999,13.644033,1323200,0.0,0.0
2005-05-12,35.630001,35.650002,35.080002,35.34,13.571068,1123700,0.0,0.0
2005-05-13,35.450001,35.5,34.68,34.900002,13.4021,1011500,0.0,0.0
2005-05-16,34.869999,35.349998,34.869999,35.349998,13.574908,810300,0.0,0.0
2005-05-17,35.200001,35.439999,34.990002,35.360001,13.578751,961800,0.0,0.0
2005-05-18,35.799999,35.860001,35.380001,35.619999,13.678593,1053800,0.0,0.0
2005-05-19,36.59,36.59,35.970001,36.220001,13.909005,1362900,0.0,0.0
2005-05-20,36.400002,36.599998,35.950001,36.599998,14.054934,1344000,0.0,0.0
2005-05-23,36.470001,36.73,36.310001,36.5,14.016524,924600,0.0,0.0
2005-05-24,36.400002,36.5,35.889999,36.200001,13.90132,1027400,0.0,0.0
2005-05-25,36.0,36.189999,35.599998,35.759998,13.732356,1074600,0.0,0.0
2005-05-26,35.91,36.110001,35.59,35.810001,13.751553,964500,0.0,0.0
2005-05-27,35.970001,36.02,35.700001,35.93,13.797647,593300,0.0,0.0
2005-05-31,35.98,36.169998,35.849998,35.900002,13.786117,1151500,0.0,0.0
2005-06-01,36.040001,36.209999,35.900002,36.189999,13.897479,2826700,0.0,0.0
2005-06-02,36.119999,36.240002,35.98,36.119999,13.870602,722500,0.0,0.0
2005-06-03,36.23,36.450001,35.900002,36.049999,13.843719,1812000,0.0,0.0
2005-06-06,36.09,36.240002,36.0,36.200001,13.90132,927800,0.0,0.0
2005-06-07,36.27,37.110001,36.27,36.560001,14.039568,977500,0.0,0.0
2005-06-08,36.900002,37.139999,36.799999,36.91,14.173972,880100,0.0,0.0
2005-06-09,36.91,36.91,36.490002,36.59,14.051084,1157400,0.0,0.0
2005-06-10,36.560001,36.720001,36.34,36.57,14.043406,584300,0.0,0.0
2005-06-13,36.400002,36.93,36.299999,36.849998,14.150927,1075200,0.0,0.0
2005-06-14,36.799999,37.07,36.689999,36.900002,14.170128,1146800,0.0,0.0
2005-06-15,36.66,36.689999,36.200001,36.549999,14.202384,1851500,0.433,0.0
2005-06-16,36.68,36.720001,36.220001,36.610001,14.225698,647000,0.0,0.0
2005-06-17,36.900002,37.57,36.669998,37.299999,14.493814,2085800,0.0,0.0
2005-06-20,37.099998,37.369999,37.009998,37.200001,14.454957,704900,0.0,0.0
2005-06-21,37.25,37.330002,36.599998,36.790001,14.29564,1034800,0.0,0.0
2005-06-22,36.990002,37.189999,36.5,36.650002,14.241246,876500,0.0,0.0
2005-06-23,36.610001,36.82,36.349998,36.459999,14.167406,902200,0.0,0.0
2005-06-24,36.360001,36.66,36.110001,36.25,14.085805,826100,0.0,0.0
2005-06-27,36.259998,36.5,36.25,36.25,14.085805,566400,0.0,0.0
2005-06-28,36.279999,36.790001,36.169998,36.700001,14.260679,826000,0.0,0.0
2005-06-29,36.790001,37.150002,36.759998,36.91,14.342273,921000,0.0,0.0
2005-06-30,37.16,37.200001,36.700001,36.82,14.3073,1307700,0.0,0.0
2005-07-01,36.919998,37.419998,36.799999,37.380001,14.524906,1051500,0.0,0.0
2005-07-05,37.380001,38.119999,37.200001,38.0,14.765817,1467200,0.0,0.0
2005-07-06,38.040001,38.330002,37.990002,38.0,14.765817,1336800,0.0,0.0
2005-07-07,37.75,38.48,37.509998,38.439999,14.936783,1220400,0.0,0.0
2005-07-08,38.439999,39.130001,38.34,38.91,15.119419,1109100,0.0,0.0
2005-07-11,39.16,39.700001,39.02,39.529999,15.360329,1217300,0.0,0.0
2005-07-12,39.529999,39.849998,39.360001,39.669998,15.414738,857000,0.0,0.0
2005-07-13,39.849998,39.849998,39.310001,39.400002,15.309823,1068700,0.0,0.0
2005-07-14,39.650002,39.779999,38.830002,38.919998,15.123306,1758800,0.0,0.0
2005-07-15,39.0,39.040001,38.59,38.84,15.092212,1614400,0.0,0.0
2005-07-18,38.880001,39.040001,38.619999,38.779999,15.068904,1544200,0.0,0.0
2005-07-19,38.98,39.279999,38.900002,39.169998,15.220444,751100,0.0,0.0
2005-07-20,39.169998,39.549999,38.84,39.400002,15.309823,1000100,0.0,0.0
2005-07-21,39.049999,39.400002,38.75,39.009998,15.158276,1391500,0.0,0.0
2005-07-22,38.990002,39.220001,38.799999,38.970001,15.142735,1105400,0.0,0.0
2005-07-25,38.919998,39.220001,38.91,39.150002,15.212687,795400,0.0,0.0
2005-07-26,39.099998,39.619999,39.02,39.540001,15.364224,1108500,0.0,0.0
2005-07-27,39.599998,39.700001,39.099998,39.549999,15.368104,1001000,0.0,0.0
2005-07-28,39.700001,40.740002,39.59,40.5,15.73725,1553300,0.0,0.0
2005-07-29,40.459999,40.560001,40.23,40.400002,15.698389,1308200,0.0,0.0
2005-08-01,40.48,40.5,40.09,40.16,15.605142,904000,0.0,0.0
2005-08-02,40.240002,40.669998,40.110001,40.580002,15.768339,1386900,0.0,0.0
2005-08-03,40.400002,40.549999,40.099998,40.400002,15.698389,1579600,0.0,0.0
2005-08-04,40.189999,40.189999,39.48,39.509998,15.352568,1048700,0.0,0.0
2005-08-05,39.290001,39.290001,37.360001,38.0,14.765817,1965900,0.0,0.0
2005-08-08,37.400002,37.5,36.349998,36.560001,14.206268,2029300,0.0,0.0
2005-08-09,36.650002,37.349998,36.529999,36.880001,14.330623,1679800,0.0,0.0
2005-08-10,37.049999,37.689999,37.049999,37.25,14.474376,1859700,0.0,0.0
2005-08-11,37.200001,37.380001,36.959999,37.349998,14.513238,849800,0.0,0.0
2005-08-12,37.25,37.759998,37.080002,37.48,14.563755,651900,0.0,0.0
2005-08-15,37.400002,38.240002,37.200001,37.970001,14.754157,807900,0.0,0.0
2005-08-16,38.09,38.669998,38.0,38.299999,14.882389,1639600,0.0,0.0
2005-08-17,38.150002,38.25,37.82,37.889999,14.723071,1171700,0.0,0.0
2005-08-18,37.75,37.830002,37.27,37.540001,14.587068,782600,0.0,0.0
2005-08-19,37.849998,37.849998,37.02,37.130001,14.427755,987000,0.0,0.0
2005-08-22,37.099998,37.419998,36.779999,37.060001,14.400555,1175500,0.0,0.0
2005-08-23,37.060001,37.389999,36.98,37.009998,14.381126,1042100,0.0,0.0
2005-08-24,37.049999,37.560001,37.049999,37.16,14.439408,1307300,0.0,0.0
2005-08-25,37.32,37.639999,36.950001,37.549999,14.590959,1268300,0.0,0.0
2005-08-26,37.560001,37.860001,37.130001,37.139999,14.43164,1454500,0.0,0.0
2005-08-29,37.049999,37.25,36.700001,37.049999,14.396669,1259400,0.0,0.0
2005-08-30,36.790001,37.16,36.709999,37.080002,14.40833,1488400,0.0,0.0
2005-08-31,37.080002,37.830002,37.0,37.77,14.676442,1549500,0.0,0.0
2005-09-01,37.77,38.459999,37.540001,38.0,14.765817,1913500,0.0,0.0
2005-09-02,38.049999,38.459999,37.900002,38.16,14.827987,1389500,0.0,0.0
2005-09-06,38.450001,39.169998,38.349998,39.16,15.216558,1777200,0.0,0.0
2005-09-07,39.099998,39.150002,38.599998,39.119999,15.201021,1621000,0.0,0.0
2005-09-08,38.900002,39.32,38.82,39.0,15.154389,1272500,0.0,0.0
2005-09-09,39.049999,39.419998,39.049999,39.299999,15.270969,1161600,0.0,0.0
2005-09-12,39.299999,39.360001,39.040001,39.130001,15.204907,991900,0.0,0.0
2005-09-13,39.029999,39.110001,38.619999,38.709999,15.041698,1393200,0.0,0.0
2005-09-14,38.709999,38.93,38.57,38.700001,15.037813,1135300,0.0,0.0
2005-09-15,38.119999,38.66,38.119999,38.59,15.164745,1382700,0.433,0.0
2005-09-16,38.599998,38.759998,38.23,38.75,15.227624,1699500,0.0,0.0
2005-09-19,38.599998,38.73,38.18,38.240002,15.027212,776400,0.0,0.0
2005-09-20,38.240002,38.450001,37.830002,37.889999,14.88967,1027500,0.0,0.0
2005-09-21,37.689999,37.830002,37.099998,37.169998,14.606732,1576600,0.0,0.0
2005-09-22,37.169998,37.349998,36.57,37.220001,14.626374,1964300,0.0,0.0
2005-09-23,37.220001,37.400002,36.75,37.23,14.630306,1364000,0.0,0.0
2005-09-26,37.23,37.549999,37.23,37.349998,14.677461,762800,0.0,0.0
2005-09-27,37.360001,37.5,36.740002,37.299999,14.657813,1458200,0.0,0.0
2005-09-28,37.299999,37.400002,36.540001,36.939999,14.516345,1330900,0.0,0.0
2005-09-29,36.700001,37.400002,36.509998,37.029999,14.551714,1461300,0.0,0.0
2005-09-30,37.040001,37.950001,36.990002,37.849998,14.873952,1309100,0.0,0.0
2005-10-03,37.799999,38.43,37.700001,38.290001,15.046852,1599400,0.0,0.0
2005-10-04,38.290001,38.290001,37.720001,37.75,14.834651,1343100,0.0,0.0
2005-10-05,37.549999,37.610001,37.099998,37.400002,14.697112,1977100,0.0,0.0
2005-10-06,37.400002,37.869999,36.939999,37.48,14.728551,1647300,0.0,0.0
2005-10-07,37.150002,37.25,36.619999,36.950001,14.520271,2251500,0.0,0.0
2005-10-10,37.0,37.0,36.41,36.580002,14.374884,1168800,0.0,0.0
2005-10-11,36.75,36.970001,36.330002,36.619999,14.390594,1790800,0.0,0.0
2005-10-12,36.419998,36.57,35.610001,36.0,14.146955,1476800,0.0,0.0
2005-10-13,35.950001,36.48,35.52,36.040001,14.162672,1144300,0.0,0.0
2005-10-14,36.34,37.119999,36.299999,37.049999,14.559571,1171100,0.0,0.0
2005-10-17,37.049999,37.439999,36.880001,37.400002,14.697112,867100,0.0,0.0
2005-10-18,37.299999,37.810001,37.029999,37.310001,14.661743,1129300,0.0,0.0
2005-10-19,37.150002,38.040001,36.810001,38.029999,14.944686,1526900,0.0,0.0
2005-10-20,38.009998,38.189999,37.369999,37.470001,14.724625,1344700,0.0,0.0
2005-10-21,37.599998,38.049999,37.419998,38.040001,14.94861,1705900,0.0,0.0
2005-10-24,38.290001,39.060001,38.240002,38.799999,15.247269,1394100,0.0,0.0
2005-10-25,38.700001,38.970001,38.349998,38.82,15.255131,1777700,0.0,0.0
2005-10-26,38.599998,39.279999,38.5,38.82,15.255131,1311700,0.0,0.0
2005-10-27,38.799999,38.91,38.290001,38.299999,15.050788,1116200,0.0,0.0
2005-10-28,38.639999,39.540001,38.450001,39.48,15.514491,1964800,0.0,0.0
2005-10-31,39.73,39.75,39.119999,39.25,15.424106,2026900,0.0,0.0
2005-11-01,38.25,38.450001,37.5,37.93,14.905386,3406300,0.0,0.0
2005-11-02,38.130001,38.540001,37.709999,38.52,15.137239,1633400,0.0,0.0
2005-11-03,38.5,38.639999,37.77,38.049999,14.952544,1483000,0.0,0.0
2005-11-04,38.099998,38.119999,37.68,37.919998,14.901461,1472200,0.0,0.0
2005-11-07,37.950001,38.200001,37.700001,38.0,14.932896,1706900,0.0,0.0
2005-11-08,37.700001,37.990002,37.310001,37.880001,14.885732,3497700,0.0,0.0
2005-11-09,37.950001,38.84,37.889999,38.610001,15.172603,1435500,0.0,0.0
2005-11-10,38.73,39.5,38.470001,39.450001,15.502701,1770400,0.0,0.0
2005-11-11,39.400002,40.150002,39.200001,39.810001,15.644175,866600,0.0,0.0
2005-11-14,39.810001,40.52,39.66,39.91,15.683467,1437900,0.0,0.0
2005-11-15,39.66,40.0,39.549999,39.68,15.593084,1222700,0.0,0.0
2005-11-16,39.740002,39.860001,39.509998,39.740002,15.616659,1083000,0.0,0.0
2005-11-17,39.75,40.259998,39.639999,40.139999,15.773849,1484400,0.0,0.0
2005-11-18,40.450001,40.450001,40.060001,40.330002,15.848517,1115600,0.0,0.0
2005-11-21,40.330002,40.830002,40.290001,40.830002,16.045004,1063800,0.0,0.0
2005-11-22,40.880001,41.66,40.790001,41.650002,16.367233,1344700,0.0,0.0
2005-11-23,41.849998,42.169998,41.599998,41.990002,16.500845,1747700,0.0,0.0
2005-11-25,42.09,42.110001,41.73,41.880001,16.457623,398900,0.0,0.0
2005-11-28,41.950001,41.950001,41.5,41.529999,16.320086,1073500,0.0,0.0
2005-11-29,41.529999,41.68,41.150002,41.169998,16.17861,1413800,0.0,0.0
2005-11-30,41.419998,41.439999,40.709999,40.759998,16.017504,1345200,0.0,0.0
2005-12-01,41.150002,41.27,40.959999,41.049999,16.131449,1766700,0.0,0.0
2005-12-02,41.0,41.009998,40.650002,40.900002,16.072508,1137900,0.0,0.0
2005-12-05,41.049999,41.049999,40.279999,40.599998,15.954628,1117600,0.0,0.0
2005-12-06,40.799999,40.860001,40.5,40.549999,15.934968,1299000,0.0,0.0
2005-12-07,40.549999,40.650002,40.18,40.400002,15.876027,996800,0.0,0.0
2005-12-08,40.349998,40.75,40.060001,40.369999,15.864239,1732200,0.0,0.0
2005-12-09,40.700001,40.700001,40.25,40.5,15.91532,1138400,0.0,0.0
2005-12-12,40.049999,40.57,40.049999,40.450001,15.895672,1967200,0.0,0.0
2005-12-13,40.5,40.860001,40.349998,40.799999,16.033213,1243200,0.0,0.0
2005-12-14,40.900002,40.939999,40.599998,40.669998,15.982121,1255100,0.0,0.0
2005-12-15,40.02,40.400002,39.5,39.59,15.729049,1518600,0.443,0.0
2005-12-16,39.75,40.130001,39.720001,39.860001,15.836321,1573500,0.0,0.0
2005-12-19,39.77,39.84,39.25,39.299999,15.613836,1058700,0.0,0.0
2005-12-20,39.400002,39.689999,39.279999,39.619999,15.740968,1120300,0.0,0.0
2005-12-21,39.869999,40.07,39.75,39.919998,15.860156,939400,0.0,0.0
2005-12-22,39.919998,40.07,39.439999,39.990002,15.887976,1142800,0.0,0.0
2005-12-23,39.93,40.18,39.900002,40.110001,15.935648,592800,0.0,0.0
2005-12-27,40.110001,40.34,39.310001,40.060001,15.915782,953300,0.0,0.0
2005-12-28,40.299999,40.34,39.52,39.68,15.764804,961100,0.0,0.0
2005-12-29,39.790001,39.970001,39.259998,39.290001,15.609864,919800,0.0,0.0
2005-12-30,39.099998,39.380001,38.950001,39.119999,15.542321,831600,0.0,0.0
2006-01-03,39.299999,40.049999,38.84,39.990002,15.887976,1936600,0.0,0.0
2006-01-04,39.990002,40.34,39.849998,40.130001,15.943588,1261000,0.0,0.0
2006-01-05,40.209999,40.52,40.02,40.209999,15.975375,1771700,0.0,0.0
2006-01-06,40.400002,40.900002,40.400002,40.889999,16.245525,1626800,0.0,0.0
2006-01-09,41.150002,41.299999,40.970001,41.290001,16.404455,1445300,0.0,0.0
2006-01-10,41.200001,41.889999,41.07,41.610001,16.531595,1616400,0.0,0.0
2006-01-11,41.709999,41.709999,41.209999,41.389999,16.444187,1412300,0.0,0.0
2006-01-12,41.450001,41.490002,40.950001,41.0,16.289248,1292300,0.0,0.0
2006-01-13,41.150002,41.150002,40.400002,40.57,16.118393,1723000,0.0,0.0
2006-01-17,40.5,40.650002,40.25,40.490002,16.086613,1154200,0.0,0.0
2006-01-18,40.470001,40.68,40.360001,40.639999,16.14621,1604000,0.0,0.0
2006-01-19,40.759998,41.380001,40.639999,41.25,16.388559,955400,0.0,0.0
2006-01-20,41.25,41.5,40.77,40.790001,16.205809,1166800,0.0,0.0
2006-01-23,40.790001,41.169998,40.790001,40.990002,16.285269,738800,0.0,0.0
2006-01-24,40.990002,41.529999,40.990002,41.349998,16.428301,1088500,0.0,0.0
2006-01-25,41.799999,42.060001,41.459999,41.639999,16.543505,1264500,0.0,0.0
2006-01-26,41.900002,42.02,41.73,41.82,16.615025,1320500,0.0,0.0
2006-01-27,41.919998,42.830002,41.919998,42.59,16.920952,1835400,0.0,0.0
2006-01-30,42.59,42.740002,42.220001,42.450001,16.865313,1149200,0.0,0.0
2006-01-31,42.27,42.689999,42.169998,42.41,16.849434,1396200,0.0,0.0
2006-02-01,42.5,43.349998,42.349998,43.07,17.11165,2255400,0.0,0.0
2006-02-02,43.009998,43.360001,42.950001,43.029999,17.095762,2347300,0.0,0.0
2006-02-03,42.66,43.110001,41.939999,42.799999,17.004377,1685100,0.0,0.0
2006-02-06,42.740002,43.220001,42.740002,43.119999,17.131502,2142000,0.0,0.0
2006-02-07,42.970001,43.470001,42.959999,43.310001,17.206999,1734700,0.0,0.0
2006-02-08,43.25,43.25,42.779999,43.139999,17.139462,1587500,0.0,0.0
2006-02-09,43.099998,43.610001,43.0,43.299999,17.20303,1234300,0.0,0.0
2006-02-10,43.23,43.75,43.080002,43.450001,17.262621,1196600,0.0,0.0
2006-02-13,43.450001,43.790001,43.299999,43.73,17.373865,902700,0.0,0.0
2006-02-14,43.779999,44.110001,43.0,44.080002,17.512911,1404700,0.0,0.0
2006-02-15,44.0,45.0,43.950001,44.869999,17.826784,1668700,0.0,0.0
2006-02-16,44.82,45.119999,44.700001,45.0,17.878439,826900,0.0,0.0
2006-02-17,45.0,45.299999,44.75,45.25,17.977758,1385000,0.0,0.0
2006-02-21,45.25,45.700001,45.07,45.630001,18.128736,1275100,0.0,0.0
2006-02-22,45.799999,46.209999,44.91,46.150002,18.335329,1498400,0.0,0.0
2006-02-23,46.150002,46.27,45.810001,46.060001,18.299576,936500,0.0,0.0
2006-02-24,45.970001,46.099998,45.68,45.91,18.239969,796900,0.0,0.0
2006-02-27,46.0,46.099998,45.650002,45.860001,18.22011,1040800,0.0,0.0
2006-02-28,45.900002,46.0,45.119999,45.279999,17.989679,3048700,0.0,0.0
2006-03-01,45.279999,45.400002,44.5,44.959999,17.862535,1658300,0.0,0.0
2006-03-02,44.799999,44.889999,44.450001,44.650002,17.73938,1571300,0.0,0.0
2006-03-03,44.299999,44.400002,43.740002,44.02,17.489088,2472800,0.0,0.0
2006-03-06,44.02,45.43,44.009998,45.259998,17.981724,1475600,0.0,0.0
2006-03-07,45.259998,45.27,44.220001,44.299999,17.600325,1164300,0.0,0.0
2006-03-08,44.189999,44.330002,43.75,44.32,17.608273,1347100,0.0,0.0
2006-03-09,44.52,44.959999,44.400002,44.740002,17.775133,1319000,0.0,0.0
2006-03-10,44.98,45.209999,44.549999,45.110001,17.922138,976400,0.0,0.0
2006-03-13,45.110001,45.310001,44.419998,44.77,17.787054,792200,0.0,0.0
2006-03-14,44.900002,45.18,44.59,45.0,17.878439,1012700,0.0,0.0
2006-03-15,45.25,45.959999,45.0,45.880001,18.228058,1080700,0.0,0.0
2006-03-16,45.5,46.279999,45.5,45.950001,18.433863,1117900,0.443,0.0
2006-03-17,46.220001,46.720001,45.82,46.709999,18.738749,1870800,0.0,0.0
2006-03-20,46.959999,46.959999,45.849998,46.07,18.481993,1319500,0.0,0.0
2006-03-21,45.900002,46.200001,45.279999,45.599998,18.293449,1307800,0.0,0.0
2006-03-22,45.5,45.900002,45.279999,45.849998,18.393734,1371800,0.0,0.0
2006-03-23,45.639999,46.169998,45.639999,46.009998,18.457928,1111200,0.0,0.0
2006-03-24,46.0,46.189999,45.990002,46.099998,18.494032,1265700,0.0,0.0
2006-03-27,46.150002,46.200001,45.75,46.049999,18.473978,1607200,0.0,0.0
2006-03-28,45.799999,46.919998,45.75,46.560001,18.678572,1429000,0.0,0.0
2006-03-29,46.900002,47.740002,46.900002,47.400002,19.01556,1231900,0.0,0.0
2006-03-30,47.150002,47.369999,46.43,46.75,18.754793,1440100,0.0,0.0
2006-03-31,46.75,46.900002,46.209999,46.790001,18.770847,1204800,0.0,0.0
2006-04-03,47.040001,47.470001,46.040001,46.25,18.554209,1526700,0.0,0.0
2006-04-04,46.0,46.25,45.299999,45.650002,18.313501,1717900,0.0,0.0
2006-04-05,45.900002,46.25,45.59,45.599998,18.293449,1480200,0.0,0.0
2006-04-06,45.599998,45.650002,44.75,44.860001,17.99658,2264400,0.0,0.0
2006-04-07,44.799999,45.060001,43.990002,43.990002,17.647558,1111500,0.0,0.0
2006-04-10,43.990002,43.990002,43.110001,43.290001,17.366737,1478300,0.0,0.0
2006-04-11,43.310001,43.610001,43.18,43.209999,17.334642,1259700,0.0,0.0
2006-04-12,43.209999,43.700001,43.02,43.290001,17.366737,1328200,0.0,0.0
2006-04-13,43.029999,43.290001,42.529999,42.630001,17.101971,1481900,0.0,0.0
2006-04-17,42.529999,42.869999,42.5,42.720001,17.138069,1072200,0.0,0.0
2006-04-18,42.84,44.169998,42.810001,43.84,17.587381,1419700,0.0,0.0
2006-04-19,43.700001,44.5,43.619999,44.490002,17.848145,1568200,0.0,0.0
2006-04-20,44.330002,44.720001,44.09,44.650002,17.912333,1559200,0.0,0.0
2006-04-21,44.900002,45.060001,44.689999,44.950001,18.032684,1676200,0.0,0.0
2006-04-24,44.779999,44.98,44.509998,44.779999,17.964483,1753300,0.0,0.0
2006-04-25,44.77,44.860001,44.299999,44.490002,17.848145,1389100,0.0,0.0
2006-04-26,44.709999,44.91,44.150002,44.310001,17.77594,1210400,0.0,0.0
2006-04-27,43.950001,45.0,43.779999,44.709999,17.936399,1030800,0.0,0.0
2006-04-28,44.73,45.25,44.459999,44.869999,18.000587,1511800,0.0,0.0
2006-05-01,44.799999,45.099998,44.200001,44.34,17.78797,1398700,0.0,0.0
2006-05-02,44.299999,44.310001,43.32,43.669998,17.519182,1565800,0.0,0.0
2006-05-03,43.400002,43.990002,42.68,42.759998,17.154123,1886100,0.0,0.0
2006-05-04,42.900002,44.360001,42.84,43.93,17.623493,2415200,0.0,0.0
2006-05-05,44.150002,44.639999,44.119999,44.25,17.751865,1674400,0.0,0.0
2006-05-08,44.349998,44.740002,44.07,44.740002,17.948439,1018600,0.0,0.0
2006-05-09,44.73,44.880001,44.349998,44.599998,17.892279,743300,0.0,0.0
2006-05-10,44.549999,45.040001,44.349998,44.709999,17.936399,895400,0.0,0.0
2006-05-11,44.610001,44.689999,43.330002,43.470001,17.438946,1042200,0.0,0.0
2006-05-12,43.349998,43.349998,42.380001,42.900002,17.210278,971300,0.0,0.0
2006-05-15,42.950001,43.790001,42.470001,43.630001,17.503134,1874900,0.0,0.0
2006-05-16,43.630001,44.02,43.34,43.619999,17.499126,677200,0.0,0.0
2006-05-17,43.119999,43.400002,42.849998,42.880001,17.202255,1343700,0.0,0.0
2006-05-18,43.09,43.650002,42.369999,42.450001,17.029753,1206500,0.0,0.0
2006-05-19,42.549999,42.849998,41.759998,42.360001,16.993649,1505900,0.0,0.0
2006-05-22,41.950001,42.240002,41.5,42.009998,16.853239,1059000,0.0,0.0
2006-05-23,42.060001,42.439999,41.880001,41.91,16.813124,938300,0.0,0.0
2006-05-24,41.700001,42.560001,41.450001,42.299999,16.969576,1355600,0.0,0.0
2006-05-25,42.849998,43.810001,42.650002,43.490002,17.446966,944800,0.0,0.0
2006-05-26,43.599998,43.919998,43.389999,43.919998,17.619488,692800,0.0,0.0
2006-05-30,43.779999,44.16,43.599998,43.900002,17.611452,1208400,0.0,0.0
2006-05-31,44.099998,44.459999,43.490002,44.099998,17.69169,1536600,0.0,0.0
2006-06-01,44.200001,45.150002,44.150002,45.110001,18.096876,1386700,0.0,0.0
2006-06-02,45.110001,47.060001,44.639999,45.099998,18.092861,1585000,0.0,0.0
2006-06-05,44.950001,45.790001,44.669998,45.009998,18.056755,1142400,0.0,0.0
2006-06-06,45.099998,45.130001,44.360001,44.849998,17.992567,1086000,0.0,0.0
2006-06-07,44.849998,45.139999,44.52,44.93,18.024656,922300,0.0,0.0
2006-06-08,44.869999,44.98,43.880001,44.290001,17.76791,2055300,0.0,0.0
2006-06-09,44.290001,44.759998,44.23,44.639999,17.908318,878500,0.0,0.0
2006-06-12,44.639999,44.639999,44.119999,44.27,17.759882,1444900,0.0,0.0
2006-06-13,44.450001,44.779999,44.130001,44.27,17.759882,1514400,0.0,0.0
2006-06-14,44.080002,44.580002,44.080002,44.52,17.860184,1653500,0.0,0.0
2006-06-15,44.07,44.869999,44.0,44.82,18.161245,1168800,0.443,0.0
2006-06-16,44.580002,44.860001,44.220001,44.490002,18.027525,1347000,0.0,0.0
2006-06-19,44.900002,44.900002,44.16,44.549999,18.05184,1181300,0.0,0.0
2006-06-20,44.560001,44.759998,44.200001,44.48,18.023478,1312200,0.0,0.0
2006-06-21,44.48,44.720001,44.200001,44.610001,18.076153,1417300,0.0,0.0
2006-06-22,44.5,44.610001,44.150002,44.290001,17.946495,559500,0.0,0.0
2006-06-23,44.150002,44.240002,43.669998,43.919998,17.796572,1141700,0.0,0.0
2006-06-26,44.049999,44.450001,43.869999,44.400002,17.991058,851900,0.0,0.0
2006-06-27,44.450001,44.59,43.740002,43.75,17.727676,910800,0.0,0.0
2006-06-28,43.900002,44.23,43.799999,44.040001,17.845188,674400,0.0,0.0
2006-06-29,43.950001,44.459999,43.290001,44.459999,18.015369,2432300,0.0,0.0
2006-06-30,44.560001,44.959999,44.43,44.73,18.124775,1357500,0.0,0.0
2006-07-03,45.049999,45.389999,44.830002,45.330002,18.367899,726900,0.0,0.0
2006-07-05,44.900002,45.48,44.849998,45.279999,18.347643,2076400,0.0,0.0
2006-07-06,45.299999,45.599998,45.049999,45.57,18.465153,1709700,0.0,0.0
2006-07-07,45.43,45.599998,45.099998,45.23,18.327375,1623200,0.0,0.0
2006-07-10,45.41,45.740002,45.349998,45.700001,18.517826,1368300,0.0,0.0
2006-07-11,45.630001,45.98,45.450001,45.810001,18.562391,1137700,0.0,0.0
2006-07-12,46.060001,46.240002,45.75,46.150002,18.700172,1678500,0.0,0.0
2006-07-13,47.09,47.09,45.380001,45.459999,18.420578,1548900,0.0,0.0
2006-07-14,45.380001,45.41,44.529999,44.669998,18.10047,1097100,0.0,0.0
2006-07-17,44.619999,44.880001,44.419998,44.509998,18.035635,1144300,0.0,0.0
2006-07-18,44.700001,44.959999,44.419998,44.91,18.19771,741500,0.0,0.0
2006-07-19,45.110001,46.23,45.0,46.09,18.675856,1494300,0.0,0.0
2006-07-20,46.389999,46.400002,45.73,45.77,18.546196,1127100,0.0,0.0
2006-07-21,45.990002,45.990002,44.900002,44.950001,18.213924,1272800,0.0,0.0
2006-07-24,44.099998,45.630001,44.040001,45.619999,18.485409,1238600,0.0,0.0
2006-07-25,45.419998,45.82,45.369999,45.68,18.509718,1270600,0.0,0.0
2006-07-26,45.68,46.150002,45.630001,46.130001,18.692074,1281400,0.0,0.0
2006-07-27,46.380001,46.599998,45.959999,46.150002,18.700172,1227700,0.0,0.0
2006-07-28,46.98,46.98,46.619999,46.880001,18.995962,1397400,0.0,0.0
2006-07-31,46.59,46.779999,46.349998,46.509998,18.846041,1035400,0.0,0.0
2006-08-01,46.200001,46.610001,45.619999,46.41,18.805519,1247000,0.0,0.0
2006-08-02,48.0,48.5,46.880001,47.07,19.072952,2387800,0.0,0.0
2006-08-03,47.0,47.810001,47.0,47.700001,19.328245,2864200,0.0,0.0
2006-08-04,48.740002,48.740002,48.169998,48.5,19.652393,1717900,0.0,0.0
2006-08-07,48.419998,48.419998,47.66,47.869999,19.397125,1042900,0.0,0.0
2006-08-08,47.779999,47.950001,47.23,47.330002,19.178305,1338200,0.0,0.0
2006-08-09,47.68,47.75,47.139999,47.299999,19.166155,909100,0.0,0.0
2006-08-10,47.259998,47.560001,46.759998,47.349998,19.186411,926900,0.0,0.0
2006-08-11,47.169998,47.419998,47.029999,47.310001,19.170208,908600,0.0,0.0
2006-08-14,47.75,48.389999,47.59,47.84,19.384962,836700,0.0,0.0
2006-08-15,48.5,48.700001,48.27,48.5,19.652393,1085100,0.0,0.0
2006-08-16,47.25,48.02,46.919998,47.639999,19.303921,3719400,0.0,0.0
2006-08-17,47.669998,47.669998,47.07,47.240002,19.141846,2790800,0.0,0.0
2006-08-18,47.349998,47.43,47.099998,47.27,19.153992,1541600,0.0,0.0
2006-08-21,47.889999,48.0,47.470001,47.93,19.421432,1854000,0.0,0.0
2006-08-22,47.900002,48.709999,47.799999,48.599998,19.692917,1662900,0.0,0.0
2006-08-23,48.75,48.75,48.110001,48.349998,19.591618,974400,0.0,0.0
2006-08-24,48.209999,48.790001,48.209999,48.73,19.745602,1522500,0.0,0.0
2006-08-25,48.630001,49.049999,48.549999,48.880001,19.806374,1594400,0.0,0.0
2006-08-28,48.880001,49.490002,48.619999,49.419998,20.025188,1174800,0.0,0.0
2006-08-29,49.419998,49.490002,49.049999,49.360001,20.000874,919000,0.0,0.0
2006-08-30,49.5,49.919998,49.360001,49.869999,20.207525,934500,0.0,0.0
2006-08-31,49.900002,50.02,49.66,49.869999,20.207525,932900,0.0,0.0
2006-09-01,50.07,50.080002,49.299999,49.369999,20.004929,1030700,0.0,0.0
2006-09-05,49.470001,50.150002,49.360001,50.099998,20.300726,1055600,0.0,0.0
2006-09-06,49.799999,50.18,49.57,49.68,20.130539,903800,0.0,0.0
2006-09-07,49.580002,49.709999,49.07,49.220001,19.944149,858700,0.0,0.0
2006-09-08,49.419998,50.119999,48.77,49.970001,20.248047,930900,0.0,0.0
2006-09-11,49.77,50.290001,49.549999,50.290001,20.377716,1005100,0.0,0.0
2006-09-12,50.490002,50.950001,50.060001,50.830002,20.596519,1022700,0.0,0.0
2006-09-13,50.860001,51.349998,50.68,50.93,20.637033,1519100,0.0,0.0
2006-09-14,50.299999,50.52,50.07,50.5,20.642357,978600,0.443,0.0
2006-09-15,50.75,51.02,50.599998,50.810001,20.769083,1237200,0.0,0.0
2006-09-18,50.799999,50.889999,50.349998,50.75,20.744547,872600,0.0,0.0
2006-09-19,50.580002,51.02,50.419998,50.790001,20.760899,919700,0.0,0.0
2006-09-20,50.779999,50.959999,50.150002,50.27,20.548338,1205800,0.0,0.0
2006-09-21,50.369999,50.369999,49.049999,49.290001,20.14776,1546100,0.0,0.0
2006-09-22,49.389999,49.700001,49.009998,49.68,20.307175,966900,0.0,0.0
2006-09-25,49.68,49.93,49.189999,49.689999,20.311262,1084300,0.0,0.0
2006-09-26,49.560001,49.610001,49.139999,49.349998,20.172281,1201900,0.0,0.0
2006-09-27,49.349998,50.529999,49.0,50.529999,20.654623,2625500,0.0,0.0
2006-09-28,50.5,50.509998,50.200001,50.419998,20.609648,1203700,0.0,0.0
2006-09-29,50.5,50.75,50.25,50.580002,20.67507,1184500,0.0,0.0
2006-10-02,50.639999,51.080002,50.02,50.709999,20.728195,740400,0.0,0.0
2006-10-03,50.709999,51.34,50.700001,51.18,20.920322,1650700,0.0,0.0
2006-10-04,51.34,51.68,51.209999,51.650002,21.112427,1807200,0.0,0.0
2006-10-05,51.5,52.32,51.470001,52.259998,21.361771,1074500,0.0,0.0
2006-10-06,52.049999,52.169998,51.450001,51.630001,21.104265,1223100,0.0,0.0
2006-10-09,51.639999,51.970001,51.130001,51.970001,21.243225,874500,0.0,0.0
2006-10-10,51.970001,52.360001,51.23,51.939999,21.230976,1099500,0.0,0.0
2006-10-11,51.700001,52.400002,51.700001,51.93,21.226887,975400,0.0,0.0
2006-10-12,52.220001,52.439999,51.82,52.310001,21.382215,947600,0.0,0.0
2006-10-13,52.310001,53.189999,52.220001,53.060001,21.688776,2061300,0.0,0.0
2006-10-16,53.349998,53.59,53.099998,53.529999,21.880892,864700,0.0,0.0
2006-10-17,53.43,53.560001,53.139999,53.380001,21.819588,1267800,0.0,0.0
2006-10-18,53.880001,54.02,53.509998,53.84,22.00761,1588900,0.0,0.0
2006-10-19,53.860001,53.990002,53.25,53.369999,21.815495,1096200,0.0,0.0
2006-10-20,53.57,53.900002,53.040001,53.740002,21.966747,1191500,0.0,0.0
2006-10-23,53.57,54.41,53.48,54.330002,22.207907,1126400,0.0,0.0
2006-10-24,54.299999,54.48,54.040001,54.099998,22.113894,1006900,0.0,0.0
2006-10-25,54.279999,54.599998,53.939999,54.5,22.277397,860000,0.0,0.0
2006-10-26,54.75,54.91,54.419998,54.73,22.37141,977100,0.0,0.0
2006-10-27,54.549999,54.700001,54.27,54.450001,22.256968,965100,0.0,0.0
2006-10-30,54.549999,54.82,54.110001,54.709999,22.363241,1170000,0.0,0.0
2006-10-31,54.939999,54.970001,54.23,54.610001,22.322369,1195600,0.0,0.0
2006-11-01,54.5,54.5,53.049999,53.139999,21.721476,1730000,0.0,0.0
2006-11-02,52.349998,52.59,51.0,51.41,21.014334,3742000,0.0,0.0
2006-11-03,51.040001,51.330002,49.419998,49.939999,20.413452,3142700,0.0,0.0
2006-11-06,49.799999,50.630001,49.799999,50.470001,20.6301,2256800,0.0,0.0
2006-11-07,50.189999,50.369999,49.860001,49.950001,20.41753,1466900,0.0,0.0
2006-11-08,49.810001,50.380001,49.450001,50.169998,20.507473,1130900,0.0,0.0
2006-11-09,50.209999,50.75,49.880001,50.439999,20.61783,1276400,0.0,0.0
2006-11-10,50.400002,50.880001,49.990002,50.82,20.773163,1362500,0.0,0.0
2006-11-13,50.419998,50.759998,50.220001,50.610001,20.687317,1027400,0.0,0.0
2006-11-14,51.5,51.900002,51.0,51.77,21.161476,2461300,0.0,0.0
2006-11-15,51.799999,51.799999,51.18,51.18,20.920322,1622600,0.0,0.0
2006-11-16,51.18,51.290001,50.990002,51.049999,20.867184,1572700,0.0,0.0
2006-11-17,50.66,50.880001,50.419998,50.57,20.670969,1364200,0.0,0.0
2006-11-20,52.490002,61.5,52.130001,52.27,21.36586,3717000,0.0,0.0
2006-11-21,52.169998,53.529999,52.169998,53.419998,21.835936,2253800,0.0,0.0
2006-11-22,53.650002,53.93,52.779999,53.389999,21.823683,1018700,0.0,0.0
2006-11-24,53.310001,53.82,53.259998,53.619999,21.917688,409400,0.0,0.0
2006-11-27,53.650002,53.650002,51.75,51.830002,21.186014,1411000,0.0,0.0
2006-11-28,51.810001,52.029999,51.200001,51.68,21.124689,1684000,0.0,0.0
2006-11-29,51.82,52.740002,51.759998,52.610001,21.504845,1774200,0.0,0.0
2006-11-30,52.73,53.599998,52.5,53.259998,21.770531,2179400,0.0,0.0
2006-12-01,53.490002,53.560001,52.549999,52.84,21.598854,1600700,0.0,0.0
2006-12-04,53.25,54.049999,53.119999,53.73,21.96265,1792100,0.0,0.0
2006-12-05,53.799999,53.860001,53.09,53.099998,21.705137,1815100,0.0,0.0
2006-12-06,52.950001,53.189999,52.189999,52.950001,21.643816,1849200,0.0,0.0
2006-12-07,53.25,53.25,52.560001,52.68,21.533453,1015100,0.0,0.0
2006-12-08,52.700001,53.080002,52.419998,52.599998,21.500751,1208300,0.0,0.0
2006-12-11,52.5,53.209999,52.41,52.950001,21.643816,1227600,0.0,0.0
2006-12-12,53.139999,53.349998,52.700001,52.939999,21.639734,1180600,0.0,0.0
2006-12-13,53.380001,53.380001,52.049999,52.27,21.36586,1551100,0.0,0.0
2006-12-14,52.490002,52.560001,52.07,52.200001,21.337244,1511000,0.0,0.0
2006-12-15,52.419998,52.59,51.740002,51.889999,21.210535,2083700,0.0,0.0
2006-12-18,52.200001,52.459999,51.599998,51.650002,21.112427,1229200,0.0,0.0
2006-12-19,51.349998,51.610001,50.549999,50.93,20.818113,2017800,0.0,0.0
2006-12-20,50.650002,51.209999,50.5,50.889999,20.992613,1575200,0.463,0.0
2006-12-21,50.990002,51.220001,50.240002,50.299999,20.749239,1113500,0.0,0.0
2006-12-22,50.25,50.25,49.630001,49.779999,20.534725,885300,0.0,0.0
2006-12-26,49.799999,50.59,49.799999,50.400002,20.790485,699300,0.0,0.0
2006-12-27,50.900002,50.98,50.450001,50.610001,20.877113,884500,0.0,0.0
2006-12-28,50.549999,50.740002,50.299999,50.580002,20.86474,997200,0.0,0.0
2006-12-29,50.700001,51.169998,50.52,50.75,20.934856,957000,0.0,0.0
2007-01-03,50.98,51.580002,50.439999,50.82,20.963736,2015600,0.0,0.0
2007-01-04,50.900002,51.310001,50.630001,50.919998,21.004993,2415200,0.0,0.0
2007-01-05,50.75,50.75,49.580002,49.919998,20.592484,2174600,0.0,0.0
2007-01-08,49.869999,50.0,49.540001,49.880001,20.575994,1570700,0.0,0.0
2007-01-09,50.18,50.66,49.869999,50.599998,20.872993,1879300,0.0,0.0
2007-01-10,50.25,51.470001,50.150002,51.400002,21.202995,1632400,0.0,0.0
2007-01-11,51.470001,52.66,51.400002,52.220001,21.541254,1800600,0.0,0.0
2007-01-12,52.0,52.779999,52.0,52.66,21.722761,1224800,0.0,0.0
2007-01-16,52.939999,53.98,52.790001,53.610001,22.114655,1664200,0.0,0.0
2007-01-17,53.310001,53.849998,52.73,53.400002,22.028013,1675500,0.0,0.0
2007-01-18,53.639999,53.990002,53.139999,53.450001,22.048643,947700,0.0,0.0
2007-01-19,53.68,53.869999,53.130001,53.869999,22.221901,1170500,0.0,0.0
2007-01-22,53.799999,53.860001,53.029999,53.16,21.929012,1351300,0.0,0.0
2007-01-23,53.099998,53.5,53.009998,53.25,21.966143,1396000,0.0,0.0
2007-01-24,53.450001,54.470001,53.259998,54.459999,22.465277,1311800,0.0,0.0
2007-01-25,55.02,55.34,54.439999,54.720001,22.572525,2118300,0.0,0.0
2007-01-26,54.650002,55.150002,54.41,55.080002,22.721025,1068500,0.0,0.0
2007-01-29,55.040001,55.450001,54.869999,55.049999,22.708649,991900,0.0,0.0
2007-01-30,55.25,55.689999,54.650002,55.610001,22.939661,1183300,0.0,0.0
2007-01-31,55.450001,56.459999,55.119999,56.279999,23.216043,1581900,0.0,0.0
2007-02-01,56.259998,56.259998,55.48,56.07,23.129414,1671700,0.0,0.0
2007-02-02,55.799999,56.150002,55.400002,55.75,22.99741,2708500,0.0,0.0
2007-02-05,55.82,55.889999,55.5,55.700001,22.976782,1319000,0.0,0.0
2007-02-06,55.799999,56.349998,55.450001,56.349998,23.244923,1577600,0.0,0.0
2007-02-07,54.860001,55.25,53.299999,53.5,22.069258,9416900,0.0,0.0
2007-02-08,53.450001,53.82,52.959999,53.5,22.069258,4516100,0.0,0.0
2007-02-09,53.610001,53.75,51.630001,52.75,21.759886,5085300,0.0,0.0
2007-02-12,53.23,53.23,51.299999,52.060001,21.475256,4148500,0.0,0.0
2007-02-13,52.060001,52.66,51.509998,52.419998,21.623755,3172300,0.0,0.0
2007-02-14,52.220001,52.84,52.029999,52.349998,21.594877,2162500,0.0,0.0
2007-02-15,52.360001,53.139999,52.07,52.919998,21.830011,1463500,0.0,0.0
2007-02-16,52.360001,52.610001,51.709999,52.200001,21.533014,1992100,0.0,0.0
2007-02-20,52.349998,53.459999,51.91,53.450001,22.048643,2585000,0.0,0.0
2007-02-21,53.349998,53.400002,52.66,53.139999,21.920767,2070200,0.0,0.0
2007-02-22,53.290001,53.5,52.740002,53.029999,21.875397,1976800,0.0,0.0
2007-02-23,52.830002,53.080002,51.869999,52.16,21.516504,1034100,0.0,0.0
2007-02-26,52.189999,52.41,50.93,51.740002,21.343254,1967100,0.0,0.0
2007-02-27,51.470001,51.490002,49.310001,49.849998,20.563599,3642200,0.0,0.0
2007-02-28,49.52,50.98,49.419998,50.790001,20.951357,2872900,0.0,0.0
2007-03-01,49.790001,50.669998,49.009998,49.869999,20.571857,3387800,0.0,0.0
2007-03-02,49.720001,49.779999,48.849998,48.950001,20.192352,2514100,0.0,0.0
2007-03-05,48.400002,48.650002,46.700001,46.700001,19.264206,2986300,0.0,0.0
2007-03-06,46.950001,48.400002,46.950001,48.07,19.829344,2145700,0.0,0.0
2007-03-07,48.130001,48.34,47.41,47.5,19.594212,2751800,0.0,0.0
2007-03-08,47.040001,48.139999,47.029999,47.830002,19.730335,3281900,0.0,0.0
2007-03-09,48.380001,48.599998,47.84,48.360001,19.948965,1979200,0.0,0.0
2007-03-12,49.0,49.16,48.040001,48.880001,20.163467,2048100,0.0,0.0
2007-03-13,48.509998,48.509998,47.459999,47.619999,19.643703,2679500,0.0,0.0
2007-03-14,47.43,48.290001,46.880001,48.099998,19.841724,2431500,0.0,0.0
2007-03-15,47.41,48.68,47.389999,48.02,20.001244,2072500,0.463,0.0
2007-03-16,47.889999,48.130001,47.330002,47.630001,19.8388,2971500,0.0,0.0
2007-03-19,47.93,48.48,47.700001,48.0,19.992912,1919600,0.0,0.0
2007-03-20,47.75,48.700001,47.669998,48.34,20.134529,2457500,0.0,0.0
2007-03-21,48.360001,49.189999,47.860001,49.150002,20.471914,1861600,0.0,0.0
2007-03-22,50.040001,50.040001,48.799999,49.299999,20.534382,1359900,0.0,0.0
2007-03-23,49.360001,49.73,49.25,49.32,20.542715,1061200,0.0,0.0
2007-03-26,49.23,49.310001,48.099998,48.299999,20.117868,2612800,0.0,0.0
2007-03-27,48.200001,48.200001,47.419998,47.599998,19.826294,1997200,0.0,0.0
2007-03-28,47.330002,47.720001,46.66,47.119999,19.626375,3135300,0.0,0.0
2007-03-29,47.599998,48.02,47.240002,47.669998,19.855457,2731400,0.0,0.0
2007-03-30,47.740002,48.509998,47.599998,48.23,20.088715,2539700,0.0,0.0
2007-04-02,48.400002,48.860001,47.849998,48.669998,20.271976,1402700,0.0,0.0
2007-04-03,48.900002,49.459999,48.68,49.349998,20.555208,1747000,0.0,0.0
2007-04-04,49.349998,49.459999,48.849998,49.259998,20.517725,1883500,0.0,0.0
2007-04-05,49.110001,49.400002,48.959999,49.330002,20.546883,924400,0.0,0.0
2007-04-09,49.34,49.639999,49.110001,49.369999,20.563545,1140500,0.0,0.0
2007-04-10,49.41,49.830002,49.18,49.549999,20.638517,1293800,0.0,0.0
2007-04-11,49.700001,49.700001,48.32,48.5,20.20116,1705300,0.0,0.0
2007-04-12,48.400002,48.509998,47.919998,48.16,20.059561,1296600,0.0,0.0
2007-04-13,49.029999,49.029999,47.82,48.73,20.29697,1325000,0.0,0.0
2007-04-16,49.119999,49.189999,48.189999,48.720001,20.292801,1489000,0.0,0.0
2007-04-17,48.700001,49.419998,48.470001,48.880001,20.359444,1669200,0.0,0.0
2007-04-18,48.700001,48.959999,48.299999,48.330002,20.130365,1620500,0.0,0.0
2007-04-19,49.0,49.0,47.669998,47.799999,19.909605,2502400,0.0,0.0
2007-04-20,48.029999,48.5,47.790001,47.959999,19.97625,2032500,0.0,0.0
2007-04-23,48.02,48.57,47.98,48.450001,20.180346,1983400,0.0,0.0
2007-04-24,48.630001,48.630001,47.490002,47.669998,19.855457,1842600,0.0,0.0
2007-04-25,48.259998,48.349998,47.32,47.790001,19.905449,2143600,0.0,0.0
2007-04-26,47.759998,47.849998,47.07,47.349998,19.72217,1945200,0.0,0.0
2007-04-27,47.349998,48.060001,47.169998,47.34,19.718014,2833800,0.0,0.0
2007-04-30,47.450001,47.450001,46.419998,46.43,19.338987,1501300,0.0,0.0
2007-05-01,46.439999,46.669998,45.25,46.02,19.168201,3122700,0.0,0.0
2007-05-02,45.959999,46.529999,45.439999,46.349998,19.305651,3372600,0.0,0.0
2007-05-03,46.900002,46.900002,45.560001,46.16,19.226513,4354100,0.0,0.0
2007-05-04,46.150002,46.150002,45.150002,45.59,18.98909,3424800,0.0,0.0
2007-05-07,45.599998,46.02,45.560001,45.939999,19.134882,2260600,0.0,0.0
2007-05-08,45.639999,46.040001,45.459999,45.52,18.959942,4786600,0.0,0.0
2007-05-09,45.529999,46.43,45.419998,46.150002,19.222357,2486500,0.0,0.0
2007-05-10,45.950001,46.130001,45.77,45.880001,19.1099,2594600,0.0,0.0
2007-05-11,46.52,47.91,46.509998,47.610001,19.830463,3385600,0.0,0.0
2007-05-14,47.900002,48.0,47.400002,47.450001,19.763832,1939700,0.0,0.0
2007-05-15,47.200001,48.09,47.119999,47.189999,19.655527,2848800,0.0,0.0
2007-05-16,47.259998,47.330002,46.68,47.009998,19.580555,2158600,0.0,0.0
2007-05-17,46.91,47.049999,46.400002,46.599998,19.409781,2819500,0.0,0.0
2007-05-18,46.580002,46.709999,45.990002,46.139999,19.218176,2502000,0.0,0.0
2007-05-21,46.689999,47.080002,46.110001,46.669998,19.438946,2703800,0.0,0.0
2007-05-22,47.18,47.639999,46.790001,47.189999,19.655527,2479200,0.0,0.0
2007-05-23,47.259998,47.599998,46.650002,46.669998,19.438946,2820200,0.0,0.0
2007-05-24,46.689999,46.73,45.75,46.369999,19.313988,2851100,0.0,0.0
2007-05-25,46.779999,48.669998,46.779999,47.549999,19.805475,3304300,0.0,0.0
2007-05-29,49.310001,51.150002,49.299999,50.75,21.138334,5705900,0.0,0.0
2007-05-30,50.400002,51.869999,50.360001,51.84,21.592339,3596400,0.0,0.0
2007-05-31,52.080002,52.25,50.240002,50.669998,21.105019,3120500,0.0,0.0
2007-06-01,50.700001,51.150002,50.439999,50.889999,21.196646,2979100,0.0,0.0
2007-06-04,50.400002,51.16,50.400002,50.599998,21.075863,1527100,0.0,0.0
2007-06-05,50.389999,50.560001,49.740002,49.970001,20.813448,2283600,0.0,0.0
2007-06-06,49.16,50.0,48.950001,49.52,20.626026,2507100,0.0,0.0
2007-06-07,48.799999,48.93,47.450001,47.540001,19.801308,4137700,0.0,0.0
2007-06-08,47.599998,48.34,47.400002,48.110001,20.038729,2285600,0.0,0.0
2007-06-11,47.610001,48.169998,47.040001,47.080002,19.609713,2314400,0.0,0.0
2007-06-12,46.900002,47.290001,46.25,46.830002,19.505585,3056900,0.0,0.0
2007-06-13,47.080002,48.099998,46.84,47.959999,19.97625,2105700,0.0,0.0
2007-06-14,48.16,48.16,46.869999,46.970001,19.754606,2106300,0.463,0.0
2007-06-15,47.32,47.639999,46.950001,47.110001,19.81349,1708100,0.0,0.0
2007-06-18,47.110001,47.110001,46.389999,46.540001,19.57375,2245900,0.0,0.0
2007-06-19,46.290001,46.889999,45.889999,46.650002,19.620014,2351100,0.0,0.0
2007-06-20,46.84,46.84,45.799999,45.799999,19.262529,2145400,0.0,0.0
2007-06-21,45.799999,46.029999,44.470001,45.82,19.270943,2940500,0.0,0.0
2007-06-22,45.630001,46.16,45.360001,46.130001,19.401318,2901200,0.0,0.0
2007-06-25,46.18,46.43,45.360001,45.619999,19.186813,3377100,0.0,0.0
2007-06-26,45.77,45.860001,45.139999,45.240002,19.027002,2717500,0.0,0.0
2007-06-27,44.849998,46.650002,44.360001,46.360001,19.498049,2746400,0.0,0.0
2007-06-28,45.919998,46.619999,45.509998,45.610001,19.182621,3601000,0.0,0.0
2007-06-29,45.93,46.52,45.189999,45.630001,19.191034,3370400,0.0,0.0
2007-07-02,45.580002,46.23,45.23,46.09,19.384489,2964300,0.0,0.0
2007-07-03,46.09,46.290001,45.66,45.939999,19.321407,1349900,0.0,0.0
2007-07-05,46.580002,46.959999,46.349998,46.380001,19.50646,1908000,0.0,0.0
2007-07-06,45.880001,46.799999,45.849998,46.450001,19.535904,1702000,0.0,0.0
2007-07-09,46.59,46.689999,45.919998,46.09,19.384489,1501300,0.0,0.0
2007-07-10,45.75,46.07,44.82,44.849998,18.86298,2611700,0.0,0.0
2007-07-11,44.869999,44.889999,44.209999,44.799999,18.841953,2663300,0.0,0.0
2007-07-12,45.0,46.080002,44.73,46.040001,19.363462,2157600,0.0,0.0
2007-07-13,46.0,46.799999,45.650002,46.75,19.662081,1283600,0.0,0.0
2007-07-16,46.900002,47.48,46.52,46.669998,19.628429,1623700,0.0,0.0
2007-07-17,46.75,47.009998,45.950001,46.290001,19.468605,1787700,0.0,0.0
2007-07-18,46.099998,46.18,45.09,46.049999,19.367666,1910900,0.0,0.0
2007-07-19,46.400002,47.0,46.029999,46.52,19.56535,1244200,0.0,0.0
2007-07-20,46.5,46.610001,45.619999,45.779999,19.254114,2228200,0.0,0.0
2007-07-23,45.779999,46.09,44.700001,44.700001,18.799889,1657400,0.0,0.0
2007-07-24,44.200001,44.939999,43.209999,43.439999,18.269955,2903100,0.0,0.0
2007-07-25,43.41,43.950001,42.349998,42.970001,18.072289,2206300,0.0,0.0
2007-07-26,42.970001,42.970001,41.169998,42.049999,17.685358,3896000,0.0,0.0
2007-07-27,41.18,42.540001,40.57,40.57,17.062897,4096300,0.0,0.0
2007-07-30,41.439999,41.439999,39.919998,40.490002,17.029245,2698300,0.0,0.0
2007-07-31,41.130001,41.5,39.5,39.810001,16.743261,3210900,0.0,0.0
2007-08-01,37.889999,41.900002,37.470001,40.09,16.861021,4401700,0.0,0.0
2007-08-02,40.400002,40.98,40.0,40.540001,17.05028,3862900,0.0,0.0
2007-08-03,40.25,40.419998,38.580002,38.82,16.326876,3584500,0.0,0.0
2007-08-06,39.59,40.049999,37.759998,40.0,16.823164,3485900,0.0,0.0
2007-08-07,39.5,41.099998,39.209999,40.150002,16.886259,4542500,0.0,0.0
2007-08-08,40.25,41.77,40.0,41.77,17.567596,4794900,0.0,0.0
2007-08-09,39.439999,41.900002,36.419998,41.450001,17.433008,3831200,0.0,0.0
2007-08-10,39.880001,41.18,35.0,39.279999,16.520351,4259900,0.0,0.0
2007-08-13,39.52,39.970001,38.540001,38.75,16.297443,2604500,0.0,0.0
2007-08-14,38.549999,38.849998,36.790001,36.919998,15.527781,3141900,0.0,0.0
2007-08-15,36.849998,38.41,36.490002,37.02,15.569839,2944600,0.0,0.0
2007-08-16,36.599998,39.25,36.5,39.009998,16.406796,4393200,0.0,0.0
2007-08-17,39.740002,42.259998,38.650002,40.470001,17.020842,4818300,0.0,0.0
2007-08-20,40.349998,42.029999,40.189999,41.560001,17.479277,2554100,0.0,0.0
2007-08-21,41.470001,42.049999,41.299999,41.77,17.567596,2511000,0.0,0.0
2007-08-22,42.200001,42.459999,41.27,41.669998,17.525537,2215300,0.0,0.0
2007-08-23,41.549999,41.900002,40.779999,41.139999,17.302631,2044800,0.0,0.0
2007-08-24,40.91,41.349998,40.310001,40.959999,17.226921,1437600,0.0,0.0
2007-08-27,40.880001,41.139999,39.970001,40.02,16.831579,1587600,0.0,0.0
2007-08-28,40.0,40.169998,38.52,38.549999,16.21332,2080100,0.0,0.0
2007-08-29,38.939999,39.439999,38.580002,39.360001,16.553997,1880200,0.0,0.0
2007-08-30,38.900002,39.759998,38.82,39.669998,16.684372,1185700,0.0,0.0
2007-08-31,39.220001,40.630001,39.220001,40.240002,16.924109,2185800,0.0,0.0
2007-09-04,40.23,41.34,39.889999,40.91,17.205896,1656700,0.0,0.0
2007-09-05,40.32,40.529999,39.880001,40.299999,16.94935,2511600,0.0,0.0
2007-09-06,40.360001,40.880001,40.02,40.610001,17.079712,1809500,0.0,0.0
2007-09-07,39.950001,40.209999,39.68,39.77,16.726433,2328400,0.0,0.0
2007-09-10,40.200001,40.48,39.279999,39.779999,16.730642,1961600,0.0,0.0
2007-09-11,39.919998,40.75,39.869999,40.57,17.062897,1757400,0.0,0.0
2007-09-12,40.279999,40.709999,40.099998,40.25,16.928314,1387400,0.0,0.0
2007-09-13,40.139999,40.759998,39.919998,40.32,17.15509,1515800,0.463,0.0
2007-09-14,40.18,40.380001,39.549999,40.23,17.116798,1968400,0.0,0.0
2007-09-17,39.900002,40.400002,39.75,39.970001,17.006172,1131400,0.0,0.0
2007-09-18,40.0,41.43,39.93,41.349998,17.593332,2308400,0.0,0.0
2007-09-19,41.82,42.380001,41.59,42.049999,17.891157,2561500,0.0,0.0
2007-09-20,41.939999,42.02,41.389999,41.52,17.665655,1541800,0.0,0.0
2007-09-21,41.849998,41.939999,41.360001,41.779999,17.776281,2996400,0.0,0.0
2007-09-24,41.919998,42.970001,41.860001,42.73,18.180479,1918400,0.0,0.0
2007-09-25,42.68,42.68,42.110001,42.419998,18.048588,1886400,0.0,0.0
2007-09-26,42.66,43.200001,42.349998,43.189999,18.376196,1937900,0.0,0.0
2007-09-27,43.209999,43.459999,42.959999,43.360001,18.448528,1587500,0.0,0.0
2007-09-28,43.32,43.32,42.139999,42.360001,18.023048,1546800,0.0,0.0
2007-10-01,42.599998,43.0,42.32,42.900002,18.252808,1919000,0.0,0.0
2007-10-02,42.650002,43.43,42.580002,43.299999,18.422998,1855000,0.0,0.0
2007-10-03,43.200001,43.779999,43.040001,43.650002,18.571913,1788100,0.0,0.0
2007-10-04,43.799999,44.09,43.029999,44.080002,18.754877,1549400,0.0,0.0
2007-10-05,44.099998,45.009998,43.66,44.880001,19.095253,1800600,0.0,0.0
2007-10-08,44.549999,44.66,44.0,44.200001,18.805927,958200,0.0,0.0
2007-10-09,44.459999,44.5,43.369999,44.279999,18.83997,1185800,0.0,0.0
2007-10-10,44.34,44.43,43.599998,43.740002,18.61021,1365800,0.0,0.0
2007-10-11,43.889999,44.240002,42.91,42.939999,18.269831,1694400,0.0,0.0
2007-10-12,42.900002,43.310001,41.91,42.119999,17.920933,1420700,0.0,0.0
2007-10-15,42.290001,42.41,41.07,41.32,17.580561,1662400,0.0,0.0
2007-10-16,41.259998,41.349998,40.549999,40.900002,17.401863,1909900,0.0,0.0
2007-10-17,41.200001,41.279999,39.459999,40.169998,17.091267,1900400,0.0,0.0
2007-10-18,40.07,41.150002,39.549999,40.59,17.269968,1543100,0.0,0.0
2007-10-19,40.34,40.389999,39.32,39.52,16.814718,2950600,0.0,0.0
2007-10-22,39.389999,40.02,39.099998,39.669998,16.878536,1802100,0.0,0.0
2007-10-23,40.0,40.43,39.790001,40.43,17.201889,1263700,0.0,0.0
2007-10-24,40.290001,40.310001,38.810001,39.549999,16.827469,1850300,0.0,0.0
2007-10-25,39.66,39.959999,38.549999,39.27,16.70834,2401400,0.0,0.0
2007-10-26,39.619999,40.060001,38.93,39.32,16.729612,1853100,0.0,0.0
2007-10-29,39.330002,39.619999,38.779999,38.900002,16.550915,1693800,0.0,0.0
2007-10-30,39.380001,40.09,38.59,39.869999,16.963617,1750200,0.0,0.0
2007-10-31,40.48,41.950001,40.48,41.779999,17.776281,3285300,0.0,0.0
2007-11-01,40.880001,42.189999,40.09,40.200001,17.104034,3134300,0.0,0.0
2007-11-02,40.080002,40.220001,38.5,39.110001,16.640268,3402800,0.0,0.0
2007-11-05,38.540001,39.009998,38.049999,38.540001,16.397751,2236600,0.0,0.0
2007-11-06,38.91,38.91,37.869999,38.700001,16.465822,1573100,0.0,0.0
2007-11-07,37.91,38.5,37.66,37.73,16.053118,2696200,0.0,0.0
2007-11-08,37.57,38.150002,37.400002,37.849998,16.104164,3316500,0.0,0.0
2007-11-09,37.529999,38.43,37.080002,37.82,16.091404,2885500,0.0,0.0
2007-11-12,37.75,38.73,37.580002,37.68,16.031837,2334100,0.0,0.0
2007-11-13,37.900002,39.450001,37.900002,39.349998,16.74238,2331500,0.0,0.0
2007-11-14,39.240002,40.130001,38.369999,38.43,16.35095,2711600,0.0,0.0
2007-11-15,38.43,38.560001,37.82,38.110001,16.214787,3235700,0.0,0.0
2007-11-16,38.639999,38.950001,37.41,37.759998,16.065878,3219200,0.0,0.0
2007-11-19,37.650002,37.689999,36.279999,36.48,15.521268,2180200,0.0,0.0
2007-11-20,36.419998,37.349998,35.099998,35.93,15.287265,3088400,0.0,0.0
2007-11-21,35.509998,36.169998,35.119999,35.830002,15.244713,2076900,0.0,0.0
2007-11-23,36.369999,37.130001,36.25,36.919998,15.708477,948200,0.0,0.0
2007-11-26,37.150002,37.150002,34.369999,34.490002,14.674583,2844200,0.0,0.0
2007-11-27,33.790001,34.82,33.790001,34.740002,14.780953,3689600,0.0,0.0
2007-11-28,34.93,36.639999,34.93,36.470001,15.517015,4493300,0.0,0.0
2007-11-29,36.25,36.740002,35.459999,36.290001,15.440433,2369600,0.0,0.0
2007-11-30,37.09,37.700001,36.689999,37.209999,15.831866,3791800,0.0,0.0
2007-12-03,37.200001,37.400002,36.540001,37.220001,15.836117,2917900,0.0,0.0
2007-12-04,36.919998,37.290001,36.25,36.25,15.423414,1961100,0.0,0.0
2007-12-05,36.509998,37.869999,36.509998,37.759998,16.065878,1761000,0.0,0.0
2007-12-06,37.75,39.939999,37.5,39.91,16.980642,2566400,0.0,0.0
2007-12-07,40.0,40.889999,39.599998,40.049999,17.040213,2562200,0.0,0.0
2007-12-10,40.080002,40.900002,39.759998,40.700001,17.316772,1856500,0.0,0.0
2007-12-11,40.68,41.07,37.619999,37.790001,16.078642,2765800,0.0,0.0
2007-12-12,38.720001,40.630001,36.099998,36.73,15.627645,3816000,0.0,0.0
2007-12-13,36.48,36.810001,35.220001,35.970001,15.304279,3039100,0.0,0.0
2007-12-14,36.049999,36.349998,34.57,34.619999,14.729884,2266100,0.0,0.0
2007-12-17,34.400002,34.810001,34.009998,34.240002,14.568212,2517300,0.0,0.0
2007-12-18,36.049999,36.049999,34.369999,35.68,15.180895,3768300,0.0,0.0
2007-12-19,36.009998,36.91,35.639999,36.860001,15.682949,3107700,0.0,0.0
2007-12-20,36.540001,37.0,35.32,36.02,15.529039,2715400,0.483,0.0
2007-12-21,37.099998,37.110001,36.5,36.98,15.942919,3083000,0.0,0.0
2007-12-24,37.580002,38.91,37.139999,38.860001,16.753428,909600,0.0,0.0
2007-12-26,38.540001,38.540001,37.57,37.779999,16.287817,1841400,0.0,0.0
2007-12-27,38.080002,38.080002,36.43,36.610001,15.783406,1826400,0.0,0.0
2007-12-28,36.459999,37.57,36.16,36.439999,15.710115,1510300,0.0,0.0
2007-12-31,36.18,37.130001,36.080002,36.470001,15.723043,2862400,0.0,0.0
2008-01-02,36.330002,37.060001,35.970001,36.43,15.705796,2685700,0.0,0.0
2008-01-03,36.16,36.73,34.720001,34.889999,15.041873,2209400,0.0,0.0
2008-01-04,34.66,34.869999,33.259998,33.380001,14.39088,3262200,0.0,0.0
2008-01-07,33.650002,34.099998,32.66,33.880001,14.606437,2668400,0.0,0.0
2008-01-08,34.130001,35.360001,32.970001,33.110001,14.27447,3260300,0.0,0.0
2008-01-09,32.77,33.66,31.48,33.540001,14.459855,3656200,0.0,0.0
2008-01-10,32.650002,34.84,31.860001,34.139999,14.718531,3848200,0.0,0.0
2008-01-11,34.0,34.509998,32.91,33.639999,14.502965,3434600,0.0,0.0
2008-01-14,34.110001,34.43,32.720001,33.689999,14.524517,2336000,0.0,0.0
2008-01-15,33.169998,33.330002,32.279999,32.779999,14.132202,3016400,0.0,0.0
2008-01-16,32.689999,34.0,32.540001,33.400002,14.399504,2764800,0.0,0.0
2008-01-17,33.360001,34.02,32.919998,33.049999,14.248608,3234600,0.0,0.0
2008-01-18,33.299999,34.0,32.02,32.720001,14.106333,3420300,0.0,0.0
2008-01-22,31.07,34.389999,31.07,33.91,14.61937,4141000,0.0,0.0
2008-01-23,32.849998,38.150002,32.540001,37.52,16.175724,7953100,0.0,0.0
2008-01-24,37.560001,37.700001,36.57,37.450001,16.14555,3377000,0.0,0.0
2008-01-25,37.880001,38.400002,37.25,37.610001,16.214533,4168500,0.0,0.0
2008-01-28,37.66,37.830002,36.669998,37.740002,16.270563,4433500,0.0,0.0
2008-01-29,37.91,38.380001,37.330002,37.759998,16.279188,3370000,0.0,0.0
2008-01-30,37.720001,38.5,36.549999,36.82,15.873943,4294700,0.0,0.0
2008-01-31,36.360001,37.849998,35.75,37.369999,16.111059,3633700,0.0,0.0
2008-02-01,37.5,39.0,37.099998,38.75,16.706005,4394700,0.0,0.0
2008-02-04,38.650002,38.650002,37.450001,38.099998,16.425776,2618700,0.0,0.0
2008-02-05,37.529999,38.27,36.220001,36.509998,15.740287,3301300,0.0,0.0
2008-02-06,38.419998,39.0,36.950001,37.490002,16.162788,4522200,0.0,0.0
2008-02-07,37.400002,38.779999,36.919998,38.57,16.628408,3062900,0.0,0.0
2008-02-08,38.18,38.560001,36.860001,37.400002,16.123983,3129100,0.0,0.0
2008-02-11,37.43,37.529999,36.43,36.57,15.766163,1868800,0.0,0.0
2008-02-12,36.720001,38.599998,36.720001,38.59,16.63703,3090200,0.0,0.0
2008-02-13,38.830002,39.220001,38.029999,38.849998,16.749123,2785200,0.0,0.0
2008-02-14,38.889999,39.169998,37.529999,38.139999,16.443024,1906000,0.0,0.0
2008-02-15,38.130001,38.599998,37.75,38.599998,16.641336,2884500,0.0,0.0
2008-02-19,39.110001,39.279999,37.959999,38.259998,16.494759,3156700,0.0,0.0
2008-02-20,38.099998,39.939999,38.009998,39.880001,17.193174,4169900,0.0,0.0
2008-02-21,39.939999,40.599998,39.080002,39.25,16.921562,3624000,0.0,0.0
2008-02-22,39.400002,40.09,38.669998,40.09,17.283707,2810100,0.0,0.0
2008-02-25,40.040001,41.259998,39.43,41.220001,17.770874,3241600,0.0,0.0
2008-02-26,40.830002,40.98,40.029999,40.41,17.421669,3451400,0.0,0.0
2008-02-27,40.110001,40.68,39.66,40.040001,17.262154,2324900,0.0,0.0
2008-02-28,39.689999,39.689999,38.599998,38.82,16.736181,2516300,0.0,0.0
2008-02-29,38.459999,38.889999,38.040001,38.18,16.46026,3417000,0.0,0.0
2008-03-03,38.049999,39.279999,37.939999,39.150002,16.878456,3187900,0.0,0.0
2008-03-04,38.709999,39.060001,37.860001,38.810001,16.731874,2804300,0.0,0.0
2008-03-05,38.830002,39.560001,38.290001,38.740002,16.701694,2134400,0.0,0.0
2008-03-06,38.700001,38.75,36.599998,36.709999,15.826518,3257400,0.0,0.0
2008-03-07,36.200001,37.419998,35.759998,37.209999,16.042076,4017300,0.0,0.0
2008-03-10,37.16,37.330002,36.029999,36.240002,15.623895,2561800,0.0,0.0
2008-03-11,37.139999,38.939999,37.09,38.790001,16.723251,5099800,0.0,0.0
2008-03-12,38.799999,40.189999,38.240002,38.240002,16.486135,3879700,0.0,0.0
2008-03-13,37.57,38.880001,36.52,38.639999,16.871695,4844700,0.483,0.0
2008-03-14,38.849998,39.32,37.16,38.619999,16.862951,4545300,0.0,0.0
2008-03-17,37.669998,38.990002,37.529999,38.259998,16.705765,5347600,0.0,0.0
2008-03-18,39.0,40.610001,38.490002,40.59,17.723129,4780400,0.0,0.0
2008-03-19,41.259998,41.689999,40.279999,40.380001,17.631433,3162900,0.0,0.0
2008-03-20,40.580002,42.439999,40.450001,42.23,18.439215,3855600,0.0,0.0
2008-03-24,42.32,43.77,42.32,43.509998,18.998106,4266000,0.0,0.0
2008-03-25,43.439999,43.779999,42.599998,43.529999,19.006851,4192300,0.0,0.0
2008-03-26,43.5,43.5,41.57,41.580002,18.155397,3722900,0.0,0.0
2008-03-27,42.34,42.34,41.0,41.009998,17.906515,2927000,0.0,0.0
2008-03-28,41.279999,41.310001,40.200001,40.349998,17.618336,3236500,0.0,0.0
2008-03-31,40.259998,42.130001,40.259998,41.490002,18.116102,3439100,0.0,0.0
2008-04-01,42.209999,44.279999,42.029999,44.259998,19.32559,4099500,0.0,0.0
2008-04-02,44.490002,44.560001,42.970001,43.259998,18.888958,3107400,0.0,0.0
2008-04-03,43.330002,43.75,42.830002,43.75,19.102911,3700600,0.0,0.0
2008-04-04,43.990002,44.060001,43.119999,43.290001,18.902046,2595100,0.0,0.0
2008-04-07,43.639999,43.779999,42.689999,43.279999,18.897678,1814600,0.0,0.0
2008-04-08,43.049999,43.049999,42.0,42.110001,18.386829,2540800,0.0,0.0
2008-04-09,42.189999,42.23,40.98,40.98,17.89341,2680400,0.0,0.0
2008-04-10,40.98,41.18,40.459999,40.869999,17.845394,3425700,0.0,0.0
2008-04-11,40.299999,41.0,39.900002,40.349998,17.618336,1759900,0.0,0.0
2008-04-14,40.389999,40.919998,40.110001,40.18,17.544107,1975300,0.0,0.0
2008-04-15,40.360001,40.849998,39.860001,40.57,17.714397,2614200,0.0,0.0
2008-04-16,40.860001,42.400002,40.52,42.290001,18.465412,3255000,0.0,0.0
2008-04-17,41.91,42.490002,41.66,42.389999,18.509073,1708900,0.0,0.0
2008-04-18,42.900002,43.130001,41.919998,42.389999,18.509073,1780400,0.0,0.0
2008-04-21,41.990002,42.200001,41.73,41.959999,18.321329,1733400,0.0,0.0
2008-04-22,41.759998,41.98,41.169998,41.32,18.041874,1751500,0.0,0.0
2008-04-23,41.43,42.419998,41.240002,42.349998,18.491604,1627900,0.0,0.0
2008-04-24,42.52,43.459999,42.169998,43.34,18.923876,1947800,0.0,0.0
2008-04-25,43.639999,43.869999,43.330002,43.799999,19.124731,2097000,0.0,0.0
2008-04-28,43.599998,43.700001,42.849998,42.939999,18.749226,1608700,0.0,0.0
2008-04-29,42.689999,43.07,42.18,42.43,18.526539,1703300,0.0,0.0
2008-04-30,42.619999,43.139999,41.52,41.52,18.129204,1936800,0.0,0.0
2008-05-01,40.389999,43.130001,40.389999,42.990002,18.771061,2035700,0.0,0.0
2008-05-02,43.220001,44.389999,42.630001,43.630001,19.050514,4411700,0.0,0.0
2008-05-05,43.290001,43.439999,42.700001,43.380001,18.941347,1352500,0.0,0.0
2008-05-06,43.099998,44.07,42.950001,43.98,19.203325,2207800,0.0,0.0
2008-05-07,43.830002,44.150002,42.169998,42.279999,18.46105,1920200,0.0,0.0
2008-05-08,42.84,42.84,41.310001,41.849998,18.273287,1426500,0.0,0.0
2008-05-09,40.93,42.18,40.93,41.650002,18.185966,1862700,0.0,0.0
2008-05-12,41.84,43.57,41.84,43.470001,18.980642,1753100,0.0,0.0
2008-05-13,43.639999,43.639999,42.669998,43.310001,18.910782,1391100,0.0,0.0
2008-05-14,43.630001,44.080002,43.27,43.860001,19.15094,1344100,0.0,0.0
2008-05-15,43.610001,44.360001,43.040001,44.25,19.321218,2009000,0.0,0.0
2008-05-16,44.150002,44.459999,43.57,44.07,19.24263,1541800,0.0,0.0
2008-05-19,44.849998,44.889999,44.02,44.450001,19.40855,1455600,0.0,0.0
2008-05-20,44.389999,44.439999,43.080002,43.259998,18.888958,1542200,0.0,0.0
2008-05-21,43.509998,43.740002,41.869999,41.93,18.308214,2141700,0.0,0.0
2008-05-22,41.790001,42.060001,41.549999,41.740002,18.225264,1795700,0.0,0.0
2008-05-23,40.700001,41.349998,40.630001,40.970001,17.889059,1639300,0.0,0.0
2008-05-27,41.18,41.919998,40.959999,41.560001,18.146667,1553200,0.0,0.0
2008-05-28,41.509998,41.82,41.07,41.759998,18.233995,1885400,0.0,0.0
2008-05-29,41.450001,42.740002,41.439999,42.59,18.596399,1860500,0.0,0.0
2008-05-30,42.509998,42.669998,42.060001,42.290001,18.465412,1786800,0.0,0.0
2008-06-02,41.900002,42.009998,41.450001,41.77,18.238361,1621500,0.0,0.0
2008-06-03,42.279999,43.060001,42.119999,42.91,18.736126,2510300,0.0,0.0
2008-06-04,42.900002,43.939999,42.73,43.669998,19.067968,2630500,0.0,0.0
2008-06-05,44.0,44.349998,43.540001,44.16,19.281919,2358600,0.0,0.0
2008-06-06,43.34,43.82,42.330002,42.549999,18.578934,2482700,0.0,0.0
2008-06-09,42.529999,43.240002,41.310001,41.349998,18.054972,2234100,0.0,0.0
2008-06-10,41.009998,42.099998,40.759998,41.779999,18.242725,2150200,0.0,0.0
2008-06-11,41.91,42.080002,41.0,41.330002,18.046251,2539700,0.0,0.0
2008-06-12,41.41,42.209999,40.869999,41.650002,18.401009,2421800,0.483,0.0
2008-06-13,41.869999,42.610001,41.34,42.610001,18.825127,1922200,0.0,0.0
2008-06-16,42.169998,43.43,41.869999,43.299999,19.129984,1955900,0.0,0.0
2008-06-17,43.799999,43.799999,41.5,41.509998,18.339149,1699500,0.0,0.0
2008-06-18,41.07,41.529999,40.48,40.740002,17.998972,2562600,0.0,0.0
2008-06-19,40.849998,41.610001,40.299999,41.610001,18.383337,2060700,0.0,0.0
2008-06-20,41.639999,41.799999,40.290001,40.349998,17.826662,2370000,0.0,0.0
2008-06-23,40.52,40.669998,39.139999,39.259998,17.345106,2056300,0.0,0.0
2008-06-24,39.099998,39.970001,38.630001,39.59,17.490898,2296600,0.0,0.0
2008-06-25,39.669998,41.099998,39.669998,40.189999,17.75598,2438500,0.0,0.0
2008-06-26,39.669998,39.959999,38.240002,38.380001,16.95632,2996700,0.0,0.0
2008-06-27,38.700001,39.009998,38.049999,38.25,16.898882,2476600,0.0,0.0
2008-06-30,38.130001,39.099998,37.759998,38.27,16.907728,2207900,0.0,0.0
2008-07-01,37.610001,38.32,36.84,38.189999,16.872375,3990400,0.0,0.0
2008-07-02,38.099998,38.220001,37.23,37.290001,16.474754,2336800,0.0,0.0
2008-07-03,37.689999,38.290001,37.220001,37.830002,16.713329,1314300,0.0,0.0
2008-07-07,37.860001,38.66,37.470001,37.790001,16.695654,3751200,0.0,0.0
2008-07-08,39.93,41.790001,38.049999,41.119999,18.166851,5536900,0.0,0.0
2008-07-09,40.77,41.02,37.549999,38.099998,16.832613,4453500,0.0,0.0
2008-07-10,37.740002,39.59,37.599998,39.02,17.239075,3742700,0.0,0.0
2008-07-11,38.02,40.360001,37.0,39.27,17.349518,3346700,0.0,0.0
2008-07-14,39.73,40.099998,38.32,38.439999,16.982821,4959500,0.0,0.0
2008-07-15,38.389999,39.43,37.330002,37.599998,16.611708,5827500,0.0,0.0
2008-07-16,37.360001,40.740002,37.0,40.48,17.8841,4945400,0.0,0.0
2008-07-17,40.869999,41.639999,39.66,41.310001,18.250792,5419000,0.0,0.0
2008-07-18,41.259998,41.77,40.360001,41.299999,18.246382,3971400,0.0,0.0
2008-07-21,41.330002,41.959999,41.0,41.759998,18.449602,3056800,0.0,0.0
2008-07-22,41.549999,43.34,40.939999,43.169998,19.072546,3899200,0.0,0.0
2008-07-23,43.27,45.369999,42.790001,44.540001,19.677813,4911300,0.0,0.0
2008-07-24,44.41,44.41,40.919998,41.290001,18.241959,5804300,0.0,0.0
2008-07-25,41.790001,43.18,41.25,42.720001,18.873743,4006000,0.0,0.0
2008-07-28,42.720001,43.299999,41.349998,41.470001,18.32148,3617000,0.0,0.0
2008-07-29,41.59,44.580002,41.59,43.709999,19.311121,4881000,0.0,0.0
2008-07-30,43.810001,44.0,41.77,43.389999,19.169739,3802300,0.0,0.0
2008-07-31,41.689999,44.0,41.27,43.169998,19.072546,3524300,0.0,0.0
2008-08-01,43.650002,44.330002,42.07,44.119999,19.492252,3757900,0.0,0.0
2008-08-04,44.139999,44.57,43.330002,44.110001,19.487835,3490200,0.0,0.0
2008-08-05,44.450001,47.290001,44.349998,46.869999,20.707211,5170700,0.0,0.0
2008-08-06,45.290001,46.48,44.610001,45.959999,20.305176,4214200,0.0,0.0
2008-08-07,44.790001,45.5,43.380001,43.689999,19.302273,5181000,0.0,0.0
2008-08-08,43.900002,45.91,43.400002,45.599998,20.14612,3648900,0.0,0.0
2008-08-11,45.700001,47.720001,45.470001,47.139999,20.826488,4339700,0.0,0.0
2008-08-12,46.310001,46.68,44.970001,45.299999,20.013578,3821500,0.0,0.0
2008-08-13,45.369999,45.68,44.09,44.639999,19.721996,3445400,0.0,0.0
2008-08-14,43.560001,45.900002,43.560001,45.57,20.132866,2642800,0.0,0.0
2008-08-15,45.700001,46.330002,44.610001,44.889999,19.832445,2812500,0.0,0.0
2008-08-18,45.349998,45.349998,43.540001,43.939999,19.412731,3257900,0.0,0.0
2008-08-19,43.380001,43.75,42.200001,42.580002,18.811886,4947800,0.0,0.0
2008-08-20,42.5,43.009998,41.700001,42.41,18.736778,3490900,0.0,0.0
2008-08-21,41.009998,42.0,40.98,41.34,18.264044,4786900,0.0,0.0
2008-08-22,41.889999,42.91,41.369999,42.75,18.886992,3722600,0.0,0.0
2008-08-25,42.93,42.93,41.220001,41.389999,18.286142,2817100,0.0,0.0
2008-08-26,41.43,42.380001,41.02,42.049999,18.577723,2888000,0.0,0.0
2008-08-27,42.009998,42.259998,41.009998,41.830002,18.480532,2569800,0.0,0.0
2008-08-28,42.009998,43.009998,41.759998,42.950001,18.975351,3600800,0.0,0.0
2008-08-29,42.419998,42.919998,42.02,42.200001,18.643999,2252200,0.0,0.0
2008-09-02,42.759998,43.459999,41.599998,42.41,18.736778,2829300,0.0,0.0
2008-09-03,42.59,43.849998,42.02,43.779999,19.342039,3320900,0.0,0.0
2008-09-04,43.740002,43.740002,41.540001,41.650002,18.401009,3573600,0.0,0.0
2008-09-05,41.279999,42.349998,40.950001,42.349998,18.710266,2964100,0.0,0.0
2008-09-08,44.0,44.75,43.029999,44.689999,19.744081,5154400,0.0,0.0
2008-09-09,44.689999,44.740002,41.779999,42.259998,18.670504,5509800,0.0,0.0
2008-09-10,42.900002,43.029999,41.080002,42.459999,18.758865,4691800,0.0,0.0
2008-09-11,41.349998,42.400002,40.84,42.369999,18.934488,3681000,0.483,0.0
2008-09-12,41.77,42.939999,41.529999,42.849998,19.149,2276700,0.0,0.0
2008-09-15,42.580002,42.580002,39.599998,40.0,17.875378,6455200,0.0,0.0
2008-09-16,39.5,41.970001,39.41,41.73,18.648489,6660200,0.0,0.0
2008-09-17,40.540001,41.720001,39.32,39.66,17.723436,5837400,0.0,0.0
2008-09-18,40.130001,49.0,39.290001,49.0,21.897335,9287600,0.0,0.0
2008-09-19,48.299999,49.0,44.490002,47.529999,21.24041,9509900,0.0,0.0
2008-09-22,46.509998,46.650002,43.0,43.450001,19.417124,5080500,0.0,0.0
2008-09-23,43.400002,44.75,42.630001,43.18,19.296469,3908800,0.0,0.0
2008-09-24,43.34,43.77,42.150002,42.740002,19.099838,3259700,0.0,0.0
2008-09-25,43.400002,44.389999,42.349998,43.849998,19.595881,3795700,0.0,0.0
2008-09-26,43.299999,45.580002,42.34,45.509998,20.337708,3723100,0.0,0.0
2008-09-29,44.610001,44.880001,41.0,41.52,18.55464,5469600,0.0,0.0
2008-09-30,42.650002,44.709999,42.18,44.41,19.846142,4838600,0.0,0.0
2008-10-01,43.099998,43.759998,42.630001,43.09,19.256247,3228000,0.0,0.0
2008-10-02,42.509998,42.540001,40.5,40.830002,18.24629,4633300,0.0,0.0
2008-10-03,41.619999,42.110001,38.919998,39.139999,17.491053,5206500,0.0,0.0
2008-10-06,37.610001,39.830002,36.169998,38.669998,17.281008,6613600,0.0,0.0
2008-10-07,38.099998,38.869999,36.02,36.639999,16.373844,8087100,0.0,0.0
2008-10-08,35.57,38.790001,35.080002,36.990002,16.530252,7075600,0.0,0.0
2008-10-09,37.099998,38.240002,33.32,33.380001,14.917002,7359100,0.0,0.0
2008-10-10,32.279999,41.0,32.0,41.0,18.322258,13278500,0.0,0.0
2008-10-13,41.490002,41.490002,36.560001,39.439999,17.625118,7524900,0.0,0.0
2008-10-14,40.490002,41.130001,33.119999,35.91,16.047617,7783100,0.0,0.0
2008-10-15,35.740002,35.740002,29.74,30.280001,13.531658,8150900,0.0,0.0
2008-10-16,31.0,33.060001,29.719999,32.32,14.443303,8321400,0.0,0.0
2008-10-17,31.67,33.810001,30.469999,32.509998,14.528214,4459100,0.0,0.0
2008-10-20,32.560001,33.389999,31.32,33.25,14.858902,3950700,0.0,0.0
2008-10-21,32.759998,34.0,32.18,32.52,14.532681,3620900,0.0,0.0
2008-10-22,32.099998,32.349998,28.959999,29.98,13.397591,6771700,0.0,0.0
2008-10-23,30.08,31.700001,28.200001,31.5,14.076855,7068200,0.0,0.0
2008-10-24,28.889999,32.0,28.690001,30.08,13.442283,5848700,0.0,0.0
2008-10-27,29.690001,31.66,28.379999,28.719999,12.834519,4663500,0.0,0.0
2008-10-28,29.49,33.259998,27.85,31.9,14.25561,7228200,0.0,0.0
2008-10-29,31.82,33.75,30.59,31.93,14.269022,5957900,0.0,0.0
2008-10-30,33.209999,33.25,30.75,32.060001,14.327114,4737400,0.0,0.0
2008-10-31,32.43,35.220001,31.629999,34.93,15.609673,5742300,0.0,0.0
2008-11-03,34.57,35.099998,32.639999,32.970001,14.733782,2989300,0.0,0.0
2008-11-04,33.130001,35.560001,32.919998,35.139999,15.703519,4832100,0.0,0.0
2008-11-05,34.509998,34.93,31.0,31.4,14.032169,6057900,0.0,0.0
2008-11-06,31.16,31.51,29.540001,29.83,13.330557,4710200,0.0,0.0
2008-11-07,29.950001,33.43,29.43,33.060001,14.774001,5389300,0.0,0.0
2008-11-10,33.57,33.57,29.92,30.33,13.554003,4665200,0.0,0.0
2008-11-11,30.030001,31.34,29.35,30.52,13.638913,4329000,0.0,0.0
2008-11-12,31.09,31.23,29.040001,29.15,13.02668,6516700,0.0,0.0
2008-11-13,29.77,32.849998,27.49,32.049999,14.322646,9418200,0.0,0.0
2008-11-14,30.99,31.889999,27.219999,27.66,12.360821,6471600,0.0,0.0
2008-11-17,27.66,28.51,26.48,26.620001,11.896067,6904000,0.0,0.0
2008-11-18,26.700001,27.879999,25.110001,26.5,11.842434,5222700,0.0,0.0
2008-11-19,26.440001,26.65,22.780001,23.209999,10.372188,8113200,0.0,0.0
2008-11-20,23.1,25.530001,21.27,22.129999,9.889553,12193600,0.0,0.0
2008-11-21,22.620001,25.51,21.629999,25.35,11.328522,11909600,0.0,0.0
2008-11-24,26.27,30.76,24.99,29.940001,13.379717,11988300,0.0,0.0
2008-11-25,30.129999,30.83,27.91,29.77,13.303749,11719600,0.0,0.0
2008-11-26,29.059999,31.6,28.33,31.41,14.036636,8237700,0.0,0.0
2008-11-28,31.41,31.84,30.23,30.43,13.598692,4183300,0.0,0.0
2008-12-01,29.83,29.940001,23.75,23.85,10.658194,10673900,0.0,0.0
2008-12-02,25.280001,29.200001,25.07,28.67,12.812171,11695000,0.0,0.0
2008-12-03,27.389999,31.049999,26.889999,30.68,13.710412,10239000,0.0,0.0
2008-12-04,29.629999,32.59,28.92,29.540001,13.200967,9983800,0.0,0.0
2008-12-05,29.940001,34.02,28.889999,33.639999,15.033188,8747500,0.0,0.0
2008-12-08,34.650002,34.869999,32.400002,34.599998,15.4622,9834600,0.0,0.0
2008-12-09,33.880001,34.91,31.4,31.969999,14.28689,7606300,0.0,0.0
2008-12-10,32.639999,34.619999,31.809999,34.48,15.408576,6454900,0.0,0.0
2008-12-11,33.799999,34.040001,27.059999,27.43,12.258041,14001800,0.0,0.0
2008-12-12,26.66,31.75,26.17,31.65,14.143891,10914100,0.0,0.0
2008-12-15,31.33,31.43,28.690001,29.66,13.254589,6673600,0.0,0.0
2008-12-16,29.940001,33.48,29.280001,33.189999,14.832095,12022800,0.0,0.0
2008-12-17,32.110001,34.57,30.790001,33.290001,14.876781,7527100,0.0,0.0
2008-12-18,32.849998,32.869999,28.33,28.860001,13.086961,10460800,0.483,0.0
2008-12-19,29.459999,30.139999,28.4,29.530001,13.390779,6874900,0.0,0.0
2008-12-22,28.92,28.92,27.049999,28.4,12.878362,6683900,0.0,0.0
2008-12-23,28.66,29.15,27.360001,27.52,12.479318,4255900,0.0,0.0
2008-12-24,27.83,28.280001,27.48,27.76,12.588151,1381100,0.0,0.0
2008-12-26,27.77,28.32,27.34,28.110001,12.746861,1393600,0.0,0.0
2008-12-29,27.92,28.0,26.440001,26.98,12.234448,3511200,0.0,0.0
2008-12-30,27.040001,28.389999,27.040001,28.139999,12.760468,3746500,0.0,0.0
2008-12-31,27.85,30.059999,27.639999,29.82,13.522285,4479500,0.0,0.0
2009-01-02,29.870001,29.870001,28.049999,28.23,12.801277,3956500,0.0,0.0
2009-01-05,27.940001,28.389999,26.950001,27.290001,12.37502,4817700,0.0,0.0
2009-01-06,27.57,28.219999,26.690001,27.940001,12.669774,6549700,0.0,0.0
2009-01-07,27.389999,28.17,27.0,27.219999,12.343276,4039000,0.0,0.0
2009-01-08,27.01,27.290001,26.4,26.92,12.207244,4434200,0.0,0.0
2009-01-09,27.129999,27.200001,25.610001,25.82,11.708431,5056600,0.0,0.0
2009-01-12,25.879999,25.9,24.01,24.35,11.041841,5852500,0.0,0.0
2009-01-13,24.25,26.17,24.059999,25.690001,11.649485,6397700,0.0,0.0
2009-01-14,24.84,25.48,24.469999,24.969999,11.322986,7298800,0.0,0.0
2009-01-15,24.91,27.24,24.309999,26.219999,11.889818,7516500,0.0,0.0
2009-01-16,27.01,27.450001,25.26,27.27,12.365952,8853600,0.0,0.0
2009-01-20,26.99,27.27,24.0,24.18,10.96475,9891500,0.0,0.0
2009-01-21,24.65,26.34,23.4,26.190001,11.876211,9158200,0.0,0.0
2009-01-22,24.77,25.59,23.75,24.379999,11.055442,8357000,0.0,0.0
2009-01-23,23.51,25.32,23.42,25.129999,11.395537,5988300,0.0,0.0
2009-01-26,25.540001,25.540001,24.309999,24.709999,11.205083,4876400,0.0,0.0
2009-01-27,24.99,25.469999,24.51,25.02,11.34566,4719400,0.0,0.0
2009-01-28,26.219999,27.52,25.32,27.360001,12.406764,8995500,0.0,0.0
2009-01-29,26.530001,26.68,24.780001,24.98,11.327522,8511800,0.0,0.0
2009-01-30,25.6,25.809999,23.389999,23.93,10.851386,8420700,0.0,0.0
2009-02-02,23.360001,24.26,22.93,24.190001,10.969287,5949700,0.0,0.0
2009-02-03,24.549999,24.549999,23.540001,23.75,10.769761,6045100,0.0,0.0
2009-02-04,24.0,24.790001,23.32,23.42,10.620117,6421300,0.0,0.0
2009-02-05,23.17,23.17,20.790001,21.389999,9.699586,10376200,0.0,0.0
2009-02-06,21.780001,23.27,21.23,23.07,10.461408,7683300,0.0,0.0
2009-02-09,23.15,23.530001,22.49,23.459999,10.638254,4736100,0.0,0.0
2009-02-10,22.690001,23.459999,20.85,21.049999,9.545409,9892600,0.0,0.0
2009-02-11,21.200001,22.450001,20.66,22.290001,10.107702,7852600,0.0,0.0
2009-02-12,21.639999,22.309999,20.4,21.940001,9.94899,8805300,0.0,0.0
2009-02-13,21.77,22.290001,20.99,21.049999,9.545409,7990200,0.0,0.0
2009-02-17,19.9,20.440001,18.969999,19.209999,8.711037,10100700,0.0,0.0
2009-02-18,19.23,19.99,18.65,19.92,9.032994,7209300,0.0,0.0
2009-02-19,20.65,20.74,18.549999,18.83,8.53872,7230300,0.0,0.0
2009-02-20,18.6,20.620001,18.26,20.469999,9.282398,10064300,0.0,0.0
2009-02-23,20.719999,20.719999,18.459999,18.49,8.384544,9466000,0.0,0.0
2009-02-24,18.700001,20.309999,18.49,20.200001,9.159966,10582100,0.0,0.0
2009-02-25,19.540001,20.299999,18.65,19.459999,8.824401,10468500,0.0,0.0
2009-02-26,19.790001,19.870001,17.98,18.1,8.207691,8960100,0.0,0.0
2009-02-27,17.58,18.57,17.51,17.6,7.98096,11621900,0.0,0.0
2009-03-02,17.120001,17.84,16.43,16.719999,7.581912,11334500,0.0,0.0
2009-03-03,17.07,17.860001,16.26,16.959999,7.690742,9435100,0.0,0.0
2009-03-04,17.139999,18.34,16.969999,17.91,8.121533,9349100,0.0,0.0
2009-03-05,17.440001,17.59,16.530001,16.709999,7.577377,9143900,0.0,0.0
2009-03-06,17.0,17.309999,15.68,17.09,7.749695,10491100,0.0,0.0
2009-03-09,16.83,17.690001,16.58,17.59,7.976424,7775400,0.0,0.0
2009-03-10,18.0,20.07,17.559999,20.030001,9.082875,14788000,0.0,0.0
2009-03-11,20.190001,20.530001,19.110001,19.68,8.924164,11420000,0.0,0.0
2009-03-12,19.190001,21.26,18.719999,21.110001,9.813466,11459700,0.483,0.0
2009-03-13,21.110001,21.110001,19.49,20.33,9.450869,7726400,0.0,0.0
2009-03-16,19.889999,20.299999,18.360001,18.530001,8.614095,9891000,0.0,0.0
2009-03-17,18.629999,20.41,18.040001,20.379999,9.474107,8508600,0.0,0.0
2009-03-18,20.110001,21.42,19.219999,21.389999,9.943628,10081900,0.0,0.0
2009-03-19,21.690001,21.76,19.049999,19.200001,8.925561,9279000,0.0,0.0
2009-03-20,19.25,19.26,16.99,16.99,7.89819,11125000,0.0,0.0
2009-03-23,17.540001,20.780001,17.540001,20.559999,9.557784,14607500,0.0,0.0
2009-03-24,19.85,20.299999,18.35,18.629999,8.660582,9926400,0.0,0.0
2009-03-25,19.040001,19.58,17.26,19.17,8.911614,10457400,0.0,0.0
2009-03-26,19.42,19.77,17.73,19.629999,9.125453,9347000,0.0,0.0
2009-03-27,19.209999,19.299999,18.360001,18.5,8.600146,6824100,0.0,0.0
2009-03-30,17.299999,17.84,16.92,17.030001,7.916781,7928400,0.0,0.0
2009-03-31,17.67,18.690001,17.24,18.35,8.530421,11658600,0.0,0.0
2009-04-01,17.879999,18.75,17.73,18.389999,8.549013,7804000,0.0,0.0
2009-04-02,19.049999,19.959999,18.440001,19.709999,9.162644,12955800,0.0,0.0
2009-04-03,19.66,21.700001,19.01,21.67,10.073797,10800100,0.0,0.0
2009-04-06,21.32,21.950001,20.5,21.469999,9.980821,7365300,0.0,0.0
2009-04-07,20.780001,20.98,19.02,19.040001,8.851178,8660700,0.0,0.0
2009-04-08,19.35,19.84,18.780001,19.4,9.018537,8162700,0.0,0.0
2009-04-09,20.040001,22.889999,19.790001,22.74,10.571207,12290000,0.0,0.0
2009-04-13,22.389999,23.5,21.9,22.92,10.654885,7356400,0.0,0.0
2009-04-14,22.389999,22.77,20.25,20.43,9.49735,11695100,0.0,0.0
2009-04-15,20.190001,22.5,20.02,22.4,10.413149,9822000,0.0,0.0
2009-04-16,22.41,23.85,20.700001,22.719999,10.561913,9306700,0.0,0.0
2009-04-17,22.690001,23.65,21.84,22.67,10.538665,8670100,0.0,0.0
2009-04-20,22.15,22.190001,19.59,19.700001,9.157994,10711100,0.0,0.0
2009-04-21,19.35,22.9,19.1,22.9,10.64559,10946300,0.0,0.0
2009-04-22,22.07,22.620001,20.75,20.75,9.64611,9925500,0.0,0.0
2009-04-23,21.0,22.32,20.629999,22.059999,10.255098,6888600,0.0,0.0
2009-04-24,22.0,23.77,21.530001,23.209999,10.7897,8689500,0.0,0.0
2009-04-27,22.49,22.66,20.459999,20.99,9.757677,8252800,0.0,0.0
2009-04-28,20.549999,22.209999,20.5,21.530001,10.008712,5106600,0.0,0.0
2009-04-29,21.74,22.950001,21.450001,22.58,10.496827,7602400,0.0,0.0
2009-04-30,22.799999,23.68,22.1,22.889999,10.640943,6456900,0.0,0.0
2009-05-01,22.700001,22.85,21.25,21.469999,9.980821,6420300,0.0,0.0
2009-05-04,21.83,23.799999,21.58,23.76,11.045381,8188800,0.0,0.0
2009-05-05,23.52,23.629999,22.41,22.99,10.687425,7513400,0.0,0.0
2009-05-06,23.5,23.790001,22.389999,23.629999,10.984942,7938200,0.0,0.0
2009-05-07,23.709999,23.879999,21.16,21.6,10.041257,11395500,0.0,0.0
2009-05-08,22.219999,24.299999,21.76,24.26,11.277817,9450400,0.0,0.0
2009-05-11,23.5,23.82,22.709999,22.790001,10.594453,7301600,0.0,0.0
2009-05-12,23.059999,23.34,21.76,22.65,10.529368,5882000,0.0,0.0
2009-05-13,22.15,22.18,21.02,21.280001,9.892497,8079200,0.0,0.0
2009-05-14,21.559999,22.950001,21.27,22.74,10.571207,7558900,0.0,0.0
2009-05-15,22.559999,22.889999,21.700001,22.040001,10.245804,7331400,0.0,0.0
2009-05-18,22.610001,24.5,22.41,24.379999,11.333599,9228300,0.0,0.0
2009-05-19,23.98,24.15,23.16,23.379999,10.868727,6412400,0.0,0.0
2009-05-20,23.780001,24.34,22.9,22.969999,10.67813,5822400,0.0,0.0
2009-05-21,22.84,23.379999,22.4,23.049999,10.715321,5183500,0.0,0.0
2009-05-22,23.32,23.42,22.34,22.379999,10.403853,4157700,0.0,0.0
2009-05-26,22.219999,23.790001,22.0,23.65,10.994245,8400000,0.0,0.0
2009-05-27,23.530001,23.73,22.4,22.51,10.464286,7691900,0.0,0.0
2009-05-28,22.959999,23.530001,22.370001,23.440001,10.896616,6029400,0.0,0.0
2009-05-29,23.49,24.34,23.040001,24.34,11.315003,5962800,0.0,0.0
2009-06-01,24.57,26.24,24.4,25.25,11.738043,8458000,0.0,0.0
2009-06-02,25.219999,25.43,24.17,24.25,11.273166,6518500,0.0,0.0
2009-06-03,24.17,24.690001,23.950001,24.610001,11.440521,4626000,0.0,0.0
2009-06-04,24.110001,25.379999,24.110001,24.99,11.617171,5896300,0.0,0.0
2009-06-05,25.309999,25.48,24.440001,24.639999,11.454469,6119200,0.0,0.0
2009-06-08,24.559999,25.030001,24.33,24.74,11.500952,4867800,0.0,0.0
2009-06-09,24.82,25.15,24.42,24.98,11.612523,4659900,0.0,0.0
2009-06-10,25.34,25.34,23.440001,24.120001,11.212731,7419900,0.0,0.0
2009-06-11,23.860001,24.08,22.959999,23.059999,10.939023,5304900,0.483,0.0
2009-06-12,23.049999,23.92,22.889999,23.91,11.342237,4855300,0.0,0.0
2009-06-15,23.48,23.5,22.48,22.719999,10.777732,6314100,0.0,0.0
2009-06-16,22.950001,23.17,22.049999,22.33,10.592727,4066300,0.0,0.0
2009-06-17,22.25,22.67,21.84,21.91,10.393494,5222200,0.0,0.0
2009-06-18,22.07,22.709999,21.719999,22.51,10.678115,4512100,0.0,0.0
2009-06-19,23.030001,23.030001,22.059999,22.389999,10.621191,4897400,0.0,0.0
2009-06-22,22.110001,22.309999,21.35,21.48,10.189517,6454000,0.0,0.0
2009-06-23,21.719999,22.059999,21.33,21.65,10.270157,4283100,0.0,0.0
2009-06-24,21.690001,22.18,21.67,21.940001,10.407723,3585300,0.0,0.0
2009-06-25,21.82,22.290001,21.42,22.17,10.516829,3871600,0.0,0.0
2009-06-26,22.059999,22.43,21.690001,22.27,10.564266,3109100,0.0,0.0
2009-06-29,22.299999,22.41,21.879999,22.139999,10.502599,3752800,0.0,0.0
2009-06-30,22.15,22.49,21.959999,22.23,10.545291,3616700,0.0,0.0
2009-07-01,22.34,22.52,22.200001,22.33,10.592727,3471200,0.0,0.0
2009-07-02,22.049999,22.08,20.91,21.0,9.961816,5958200,0.0,0.0
2009-07-06,21.1,21.620001,20.879999,21.57,10.232207,6792300,0.0,0.0
2009-07-07,21.42,21.440001,20.33,20.43,9.691419,6585000,0.0,0.0
2009-07-08,20.65,20.65,19.52,20.040001,9.506421,7221900,0.0,0.0
2009-07-09,20.25,20.41,19.49,19.549999,9.273974,4602100,0.0,0.0
2009-07-10,19.389999,19.66,18.799999,19.26,9.136407,3490300,0.0,0.0
2009-07-13,19.450001,20.32,19.42,20.27,9.615521,6429000,0.0,0.0
2009-07-14,20.17,20.469999,19.620001,20.24,9.601292,3884800,0.0,0.0
2009-07-15,20.450001,21.02,20.139999,20.76,9.847964,5603800,0.0,0.0
2009-07-16,20.58,21.1,20.15,20.92,9.923862,3721100,0.0,0.0
2009-07-17,20.889999,20.889999,19.9,20.030001,9.501673,4728600,0.0,0.0
2009-07-20,20.299999,20.950001,20.190001,20.889999,9.909636,4257500,0.0,0.0
2009-07-21,21.15,21.15,20.200001,20.629999,9.786294,4112200,0.0,0.0
2009-07-22,20.290001,21.139999,20.290001,20.709999,9.824246,3083300,0.0,0.0
2009-07-23,20.889999,21.76,20.6,21.52,10.208489,5476800,0.0,0.0
2009-07-24,21.190001,21.43,20.860001,21.23,10.070917,4206200,0.0,0.0
2009-07-27,21.309999,21.76,20.98,21.75,10.317592,4314100,0.0,0.0
2009-07-28,21.530001,22.360001,21.4,22.200001,10.531058,4327100,0.0,0.0
2009-07-29,22.0,22.1,21.610001,21.870001,10.374516,4147100,0.0,0.0
2009-07-30,22.799999,23.940001,22.549999,23.620001,11.204666,9257700,0.0,0.0
2009-07-31,23.549999,24.209999,23.389999,24.0,11.384933,7228900,0.0,0.0
2009-08-03,24.309999,24.540001,24.17,24.440001,11.59365,5736000,0.0,0.0
2009-08-04,24.370001,26.18,24.219999,26.09,12.376369,9249600,0.0,0.0
2009-08-05,26.120001,27.719999,25.82,27.610001,13.097414,6384600,0.0,0.0
2009-08-06,27.889999,28.969999,27.700001,28.01,13.287164,7426100,0.0,0.0
2009-08-07,28.280001,30.75,28.09,30.049999,14.254885,7473000,0.0,0.0
2009-08-10,29.99,30.040001,28.700001,28.99,13.752048,5154600,0.0,0.0
2009-08-11,28.700001,28.98,27.52,27.76,13.168572,6398200,0.0,0.0
2009-08-12,28.040001,28.51,27.67,27.799999,13.187546,5658000,0.0,0.0
2009-08-13,28.280001,28.35,27.66,27.85,13.211261,3439600,0.0,0.0
2009-08-14,27.48,27.52,26.530001,27.280001,12.940864,4543800,0.0,0.0
2009-08-17,26.42,26.719999,26.02,26.139999,12.400085,5544100,0.0,0.0
2009-08-18,26.299999,26.9,26.17,26.67,12.651508,3385300,0.0,0.0
2009-08-19,26.25,26.48,25.950001,26.4,12.523423,3261300,0.0,0.0
2009-08-20,26.27,27.48,26.27,27.43,13.012025,3752600,0.0,0.0
2009-08-21,27.610001,28.66,27.299999,27.65,13.116387,4455100,0.0,0.0
2009-08-24,27.780001,28.07,27.299999,27.450001,13.021516,3407600,0.0,0.0
2009-08-25,27.799999,28.18,27.16,27.360001,12.978817,4886000,0.0,0.0
2009-08-26,27.43,27.83,27.280001,27.82,13.197031,3534600,0.0,0.0
2009-08-27,27.950001,27.950001,27.120001,27.9,13.234977,3446500,0.0,0.0
2009-08-28,28.110001,28.26,27.25,27.799999,13.187546,4384600,0.0,0.0
2009-08-31,27.360001,27.629999,27.08,27.309999,12.955102,3744700,0.0,0.0
2009-09-01,27.110001,27.51,26.049999,26.120001,12.390603,6034800,0.0,0.0
2009-09-02,26.49,26.49,25.91,25.91,12.290979,4332500,0.0,0.0
2009-09-03,26.190001,26.48,25.719999,26.469999,12.556628,4455100,0.0,0.0
2009-09-04,26.309999,26.67,25.879999,26.66,12.646756,2870200,0.0,0.0
2009-09-08,26.879999,27.58,26.709999,27.57,13.07844,3984700,0.0,0.0
2009-09-09,27.469999,28.77,27.200001,28.77,13.647684,5792000,0.0,0.0
2009-09-10,28.77,29.360001,28.139999,29.24,13.870642,3974100,0.0,0.0
2009-09-11,29.27,29.370001,28.700001,29.15,13.827946,4175000,0.0,0.0
2009-09-14,28.950001,30.02,28.68,30.01,14.235908,2956800,0.0,0.0
2009-09-15,30.129999,30.870001,29.700001,30.559999,14.496806,5167800,0.0,0.0
2009-09-16,30.4,32.009998,30.4,31.99,15.175165,4974100,0.0,0.0
2009-09-17,31.690001,32.91,31.139999,31.610001,15.155027,4615500,0.338,0.0
2009-09-18,32.049999,32.150002,31.309999,31.75,15.222146,6120500,0.0,0.0
2009-09-21,31.549999,32.41,31.389999,31.700001,15.198174,4229000,0.0,0.0
2009-09-22,32.0,33.060001,32.0,32.860001,15.754326,4248800,0.0,0.0
2009-09-23,32.880001,33.02,31.25,31.25,14.98243,4758600,0.0,0.0
2009-09-24,31.49,31.84,29.969999,30.389999,14.570111,5863700,0.0,0.0
2009-09-25,30.24,30.82,29.92,30.24,14.498199,4239700,0.0,0.0
2009-09-28,30.370001,31.469999,30.370001,31.459999,15.083112,4052900,0.0,0.0
2009-09-29,30.74,31.719999,30.59,30.719999,14.728328,4609200,0.0,0.0
2009-09-30,30.780001,31.120001,30.25,30.700001,14.718742,5780700,0.0,0.0
2009-10-01,30.57,30.76,28.799999,28.9,13.855755,6215600,0.0,0.0
2009-10-02,28.34,29.65,28.18,28.620001,13.721509,4708400,0.0,0.0
2009-10-05,28.85,29.65,28.85,29.379999,14.08588,3976600,0.0,0.0
2009-10-06,29.67,29.879999,28.530001,29.0,13.903689,3952400,0.0,0.0
2009-10-07,28.83,29.32,28.52,29.030001,13.918077,2796300,0.0,0.0
2009-10-08,29.309999,30.0,29.200001,29.809999,14.292041,4628000,0.0,0.0
2009-10-09,29.620001,30.290001,29.26,30.209999,14.483811,5047100,0.0,0.0
2009-10-12,30.299999,30.639999,29.959999,30.200001,14.479019,1913000,0.0,0.0
2009-10-13,29.98,30.200001,29.5,29.65,14.215327,3282700,0.0,0.0
2009-10-14,29.99,30.57,29.959999,30.43,14.589294,4591400,0.0,0.0
2009-10-15,30.1,30.35,29.790001,29.969999,14.368752,2621200,0.0,0.0
2009-10-16,29.67,29.719999,28.99,29.059999,13.93246,3786400,0.0,0.0
2009-10-19,29.23,29.709999,28.91,29.610001,14.196155,3937700,0.0,0.0
2009-10-20,29.48,29.58,28.84,29.040001,13.92287,3095800,0.0,0.0
2009-10-21,29.09,29.59,28.27,28.33,13.582472,3791200,0.0,0.0
2009-10-22,28.35,29.190001,28.1,29.16,13.980407,4553000,0.0,0.0
2009-10-23,29.16,29.209999,28.65,28.969999,13.889311,4156900,0.0,0.0
2009-10-26,28.940001,29.809999,28.940001,29.110001,13.956435,4039300,0.0,0.0
2009-10-27,29.08,29.25,28.6,28.74,13.779038,3042900,0.0,0.0
2009-10-28,28.52,29.09,27.540001,27.559999,13.213303,4830900,0.0,0.0
2009-10-29,28.07,29.190001,27.98,29.059999,13.93246,5203600,0.0,0.0
2009-10-30,28.92,29.440001,28.049999,28.879999,13.846162,7614800,0.0,0.0
2009-11-02,29.110001,29.629999,28.049999,28.879999,13.846162,4316700,0.0,0.0
2009-11-03,28.49,29.309999,28.27,29.200001,13.999581,4484200,0.0,0.0
2009-11-04,29.469999,29.6,28.48,28.549999,13.68795,4492700,0.0,0.0
2009-11-05,28.75,29.4,28.629999,29.27,14.03314,3373400,0.0,0.0
2009-11-06,28.84,29.110001,28.469999,28.85,13.831779,3174100,0.0,0.0
2009-11-09,29.049999,30.09,29.049999,30.07,14.416693,6172300,0.0,0.0
2009-11-10,30.1,30.92,29.690001,30.59,14.665998,4411200,0.0,0.0
2009-11-11,30.809999,31.620001,30.809999,31.42,15.063928,3174100,0.0,0.0
2009-11-12,31.25,31.66,31.1,31.110001,14.915306,3026000,0.0,0.0
2009-11-13,31.1,31.82,31.1,31.59,15.145439,2472700,0.0,0.0
2009-11-16,31.73,32.689999,31.73,32.299999,15.485838,3192200,0.0,0.0
2009-11-17,32.16,32.540001,31.799999,31.809999,15.250916,3631500,0.0,0.0
2009-11-18,31.799999,32.91,31.74,32.810001,15.730348,3002300,0.0,0.0
2009-11-19,32.52,32.580002,31.719999,32.119999,15.39954,3991000,0.0,0.0
2009-11-20,31.969999,32.099998,31.66,31.950001,15.318038,2467300,0.0,0.0
2009-11-23,32.43,32.740002,31.83,32.139999,15.409132,3090700,0.0,0.0
2009-11-24,31.9,32.200001,31.42,31.49,15.097494,3601500,0.0,0.0
2009-11-25,31.75,32.110001,31.559999,31.690001,15.193383,2876500,0.0,0.0
2009-11-27,31.219999,31.57,30.67,30.91,14.81942,1771500,0.0,0.0
2009-11-30,30.85,32.27,30.700001,32.209999,15.442691,4302200,0.0,0.0
2009-12-01,32.450001,32.759998,32.02,32.48,15.572131,2594300,0.0,0.0
2009-12-02,32.709999,33.150002,32.470001,32.869999,15.759114,3030500,0.0,0.0
2009-12-03,33.09,33.32,32.080002,32.220001,15.447487,3658900,0.0,0.0
2009-12-04,32.900002,33.52,32.470001,33.040001,15.840619,4873400,0.0,0.0
2009-12-07,32.880001,33.110001,31.959999,32.139999,15.409132,3434800,0.0,0.0
2009-12-08,31.77,32.27,31.41,31.82,15.255706,2832700,0.0,0.0
2009-12-09,31.92,32.25,31.59,31.719999,15.207759,3061900,0.0,0.0
2009-12-10,31.92,31.98,31.35,31.51,15.107082,2178600,0.0,0.0
2009-12-11,31.67,32.16,31.389999,32.119999,15.39954,2607600,0.0,0.0
2009-12-14,32.279999,32.810001,31.75,32.709999,15.682405,2936900,0.0,0.0
2009-12-15,32.450001,32.630001,32.240002,32.32,15.495427,2898800,0.0,0.0
2009-12-16,32.5,32.619999,32.32,32.43,15.548162,3344900,0.0,0.0
2009-12-17,32.060001,32.130001,31.65,31.85,15.430915,4100800,0.338,0.0
2009-12-18,32.0,32.709999,31.700001,32.610001,15.799131,6336500,0.0,0.0
2009-12-21,32.650002,33.580002,32.650002,33.57,16.264233,2547000,0.0,0.0
2009-12-22,33.630001,34.189999,33.380001,34.189999,16.564621,2504300,0.0,0.0
2009-12-23,34.130001,35.18,34.130001,34.919998,16.918291,3742200,0.0,0.0
2009-12-24,35.16,35.5,34.939999,35.290001,17.097557,1755500,0.0,0.0
2009-12-28,35.360001,36.380001,35.23,36.0,17.441547,4298900,0.0,0.0
2009-12-29,36.060001,36.200001,34.939999,34.990002,16.952215,2955100,0.0,0.0
2009-12-30,35.0,35.060001,34.470001,34.970001,16.942524,2256700,0.0,0.0
2009-12-31,35.150002,35.290001,33.639999,33.779999,16.365982,3561600,0.0,0.0
2010-01-04,34.060001,34.529999,33.23,33.400002,16.181875,3299500,0.0,0.0
2010-01-05,33.32,33.490002,32.91,33.27,16.118893,4545400,0.0,0.0
2010-01-06,33.27,33.650002,33.27,33.459999,16.210939,3409700,0.0,0.0
2010-01-07,33.290001,34.18,33.18,33.779999,16.365982,3637300,0.0,0.0
2010-01-08,33.650002,33.869999,33.09,33.349998,16.157648,2325900,0.0,0.0
2010-01-11,33.57,33.849998,33.139999,33.25,16.109205,2320600,0.0,0.0
2010-01-12,32.98,33.290001,32.52,32.77,15.876647,2684400,0.0,0.0
2010-01-13,32.93,33.889999,32.880001,33.810001,16.38052,3128000,0.0,0.0
2010-01-14,33.52,33.860001,33.349998,33.75,16.35145,1810800,0.0,0.0
2010-01-15,33.57,33.669998,33.259998,33.369999,16.167337,2485600,0.0,0.0
2010-01-19,33.799999,34.459999,33.459999,34.419998,16.676048,2517000,0.0,0.0
2010-01-20,34.119999,34.119999,33.639999,33.77,16.361143,2941000,0.0,0.0
2010-01-21,33.790001,34.23,32.880001,32.93,15.954172,4540500,0.0,0.0
2010-01-22,32.959999,33.389999,31.809999,31.93,15.469682,4798300,0.0,0.0
2010-01-25,32.27,32.389999,31.48,31.92,15.464838,3559400,0.0,0.0
2010-01-26,31.790001,32.369999,31.49,31.860001,15.435764,2341200,0.0,0.0
2010-01-27,31.780001,32.490002,31.4,32.439999,15.716769,3021100,0.0,0.0
2010-01-28,32.639999,32.669998,31.889999,32.279999,15.639253,2204700,0.0,0.0
2010-01-29,32.389999,32.709999,31.780001,32.049999,15.527817,3315200,0.0,0.0
2010-02-01,32.32,32.849998,32.25,32.77,15.876647,2502800,0.0,0.0
2010-02-02,32.759998,33.349998,32.43,33.349998,16.157648,3170800,0.0,0.0
2010-02-03,33.139999,33.139999,32.279999,32.369999,15.682851,2429000,0.0,0.0
2010-02-04,33.990002,34.720001,32.689999,32.720001,15.852427,7454100,0.0,0.0
2010-02-05,32.900002,33.32,32.049999,32.970001,15.973549,4661000,0.0,0.0
2010-02-08,32.939999,33.23,32.369999,32.439999,15.716769,3303800,0.0,0.0
2010-02-09,32.84,32.959999,32.119999,32.400002,15.697387,3456700,0.0,0.0
2010-02-10,32.360001,32.84,31.82,32.259998,15.62956,3014900,0.0,0.0
2010-02-11,32.099998,32.779999,31.879999,32.759998,15.871808,2615300,0.0,0.0
2010-02-12,32.450001,33.259998,32.189999,33.200001,16.084972,3192800,0.0,0.0
2010-02-16,33.799999,34.450001,33.560001,34.389999,16.66152,3112600,0.0,0.0
2010-02-17,34.439999,34.669998,34.299999,34.599998,16.763256,2615100,0.0,0.0
2010-02-18,34.389999,35.259998,34.369999,35.07,16.990973,3128900,0.0,0.0
2010-02-19,34.880001,35.59,34.700001,35.459999,17.179922,3696200,0.0,0.0
2010-02-22,35.5,36.23,35.209999,35.919998,17.402779,4216900,0.0,0.0
2010-02-23,35.970001,35.970001,35.48,35.700001,17.2962,4729700,0.0,0.0
2010-02-24,35.84,36.110001,35.48,36.110001,17.494841,3003000,0.0,0.0
2010-02-25,35.669998,36.25,35.34,36.240002,17.557825,2843400,0.0,0.0
2010-02-26,36.209999,36.5,36.009998,36.080002,17.480301,3645800,0.0,0.0
2010-03-01,36.450001,36.450001,35.98,36.099998,17.489992,2461500,0.0,0.0
2010-03-02,36.220001,36.360001,35.93,36.119999,17.499685,2009000,0.0,0.0
2010-03-03,36.200001,36.200001,35.740002,35.84,17.364027,2456600,0.0,0.0
2010-03-04,35.939999,36.189999,35.790001,36.080002,17.480301,2356300,0.0,0.0
2010-03-05,36.27,37.310001,36.029999,37.27,18.056843,3557400,0.0,0.0
2010-03-08,37.25,37.709999,37.150002,37.619999,18.226416,2450200,0.0,0.0
2010-03-09,37.349998,38.630001,37.310001,38.299999,18.555864,5593900,0.0,0.0
2010-03-10,38.41,38.490002,37.900002,38.41,18.609156,3577600,0.0,0.0
2010-03-11,38.009998,38.150002,37.610001,38.139999,18.642393,2073600,0.338,0.0
2010-03-12,38.299999,38.5,37.799999,38.07,18.608183,2517800,0.0,0.0
2010-03-15,37.970001,38.27,37.490002,38.110001,18.627724,2118100,0.0,0.0
2010-03-16,38.380001,39.48,38.200001,39.369999,19.243607,3139400,0.0,0.0
2010-03-17,39.57,39.98,39.290001,39.91,19.507549,2725600,0.0,0.0
2010-03-18,39.91,40.43,39.610001,39.639999,19.37558,3333700,0.0,0.0
2010-03-19,39.310001,39.830002,39.09,39.310001,19.214281,4076800,0.0,0.0
2010-03-22,39.09,39.759998,38.950001,39.650002,19.380466,2609300,0.0,0.0
2010-03-23,39.5,39.619999,39.02,39.540001,19.3267,2193000,0.0,0.0
2010-03-24,39.110001,39.700001,39.049999,39.369999,19.243607,4154300,0.0,0.0
2010-03-25,39.57,40.189999,39.450001,39.5,19.307148,4088900,0.0,0.0
2010-03-26,39.68,39.84,39.080002,39.349998,19.233828,2853700,0.0,0.0
2010-03-29,39.540001,39.560001,39.110001,39.360001,19.23872,2162900,0.0,0.0
2010-03-30,39.380001,39.759998,39.110001,39.490002,19.302256,2619600,0.0,0.0
2010-03-31,39.139999,39.59,39.0,39.150002,19.13607,2559400,0.0,0.0
2010-04-01,39.470001,39.470001,38.84,39.130001,19.126291,2455000,0.0,0.0
2010-04-05,39.259998,40.259998,39.209999,40.23,19.663965,3486200,0.0,0.0
2010-04-06,40.07,41.599998,39.959999,41.560001,20.314051,3894800,0.0,0.0
2010-04-07,41.41,41.610001,40.459999,40.630001,19.859472,3551700,0.0,0.0
2010-04-08,40.330002,40.619999,40.18,40.560001,19.825264,3425600,0.0,0.0
2010-04-09,40.709999,41.959999,40.689999,41.950001,20.504677,3562500,0.0,0.0
2010-04-12,41.91,42.16,41.709999,41.970001,20.51446,2788600,0.0,0.0
2010-04-13,41.959999,43.169998,41.900002,43.029999,21.03257,3347100,0.0,0.0
2010-04-14,43.380001,43.380001,42.799999,43.09,21.061892,2726700,0.0,0.0
2010-04-15,42.98,43.169998,41.93,42.040001,20.548664,3183500,0.0,0.0
2010-04-16,41.75,42.169998,40.959999,41.110001,20.094097,4141400,0.0,0.0
2010-04-19,40.77,41.52,40.540001,41.150002,20.113649,2764300,0.0,0.0
2010-04-20,41.360001,42.009998,41.0,42.009998,20.534016,1986600,0.0,0.0
2010-04-21,41.970001,43.529999,41.849998,42.939999,20.988569,3602600,0.0,0.0
2010-04-22,42.5,43.849998,42.25,43.75,21.384495,3168900,0.0,0.0
2010-04-23,43.849998,44.650002,43.459999,44.599998,21.799974,3670100,0.0,0.0
2010-04-26,45.130001,45.669998,44.860001,45.259998,22.12257,3190400,0.0,0.0
2010-04-27,44.939999,45.380001,43.68,43.700001,21.360062,3517000,0.0,0.0
2010-04-28,44.169998,44.419998,43.759998,43.919998,21.467588,3128700,0.0,0.0
2010-04-29,44.509998,47.380001,44.259998,47.16,23.05127,5231700,0.0,0.0
2010-04-30,45.630001,47.080002,45.130001,45.27,22.127457,4705600,0.0,0.0
2010-05-03,45.639999,48.0,45.639999,47.52,23.227221,4182200,0.0,0.0
2010-05-04,46.98,47.560001,46.5,47.009998,22.977949,3873100,0.0,0.0
2010-05-05,46.700001,47.349998,45.919998,46.27,22.616245,3228800,0.0,0.0
2010-05-06,45.990002,47.450001,41.5,44.330002,21.668003,6124000,0.0,0.0
2010-05-07,44.330002,45.52,42.799999,43.43,21.22809,4620900,0.0,0.0
2010-05-10,45.880001,47.119999,45.360001,47.0,22.973059,4667400,0.0,0.0
2010-05-11,46.279999,47.93,45.950001,47.330002,23.134361,3829600,0.0,0.0
2010-05-12,47.459999,48.459999,47.27,48.099998,23.510729,3339900,0.0,0.0
2010-05-13,48.009998,48.32,46.919998,47.009998,22.977949,2891200,0.0,0.0
2010-05-14,46.43,46.740002,45.0,45.619999,22.29854,3804700,0.0,0.0
2010-05-17,45.709999,46.529999,44.48,45.91,22.440271,3228200,0.0,0.0
2010-05-18,46.82,46.869999,44.43,44.59,21.795088,3734800,0.0,0.0
2010-05-19,44.290001,45.43,43.189999,44.5,21.751085,3753800,0.0,0.0
2010-05-20,43.200001,43.900002,42.200001,42.279999,20.665991,5757100,0.0,0.0
2010-05-21,41.389999,44.009998,41.27,43.959999,21.487144,5660700,0.0,0.0
2010-05-24,44.040001,44.07,42.540001,42.610001,20.82728,3220200,0.0,0.0
2010-05-25,41.439999,43.439999,40.900002,43.400002,21.213419,4319600,0.0,0.0
2010-05-26,44.080002,44.639999,43.119999,43.369999,21.198759,4133800,0.0,0.0
2010-05-27,44.290001,45.830002,43.849998,45.75,22.36208,3851800,0.0,0.0
2010-05-28,45.610001,46.040001,44.990002,45.130001,22.059021,3608300,0.0,0.0
2010-06-01,44.630001,45.389999,44.200001,44.330002,21.668003,3497500,0.0,0.0
2010-06-02,44.75,44.779999,43.700001,44.509998,21.755974,5248800,0.0,0.0
2010-06-03,44.540001,45.040001,43.939999,44.310001,21.65822,3332300,0.0,0.0
2010-06-04,42.970001,43.830002,41.0,41.23,20.152754,5332000,0.0,0.0
2010-06-07,41.549999,42.040001,40.77,40.860001,19.971899,4264800,0.0,0.0
2010-06-08,41.049999,41.970001,39.790001,41.82,20.441137,4228500,0.0,0.0
2010-06-09,42.25,43.380001,41.59,41.810001,20.436255,4334500,0.0,0.0
2010-06-10,42.470001,44.259998,42.290001,44.200001,21.604458,3536300,0.0,0.0
2010-06-11,43.599998,44.610001,43.380001,44.549999,21.775537,2146600,0.0,0.0
2010-06-14,44.970001,45.470001,44.720001,45.220001,22.103016,3884900,0.0,0.0
2010-06-15,45.52,46.48,45.110001,46.43,22.69445,2938400,0.0,0.0
2010-06-16,45.66,46.220001,45.57,45.849998,22.575298,2532600,0.338,0.0
2010-06-17,45.98,46.73,45.939999,46.330002,22.811634,3299500,0.0,0.0
2010-06-18,46.529999,46.669998,45.669998,45.759998,22.530985,3650500,0.0,0.0
2010-06-21,46.490002,46.919998,45.360001,45.560001,22.432516,2183200,0.0,0.0
2010-06-22,45.740002,45.790001,43.799999,43.849998,21.590548,3535100,0.0,0.0
2010-06-23,43.84,44.869999,43.080002,44.34,21.831812,2969800,0.0,0.0
2010-06-24,43.970001,44.119999,42.849998,42.950001,21.147417,3188300,0.0,0.0
2010-06-25,43.43,44.849998,43.080002,44.560001,21.940136,3500400,0.0,0.0
2010-06-28,44.810001,44.830002,43.639999,43.889999,21.610247,1673200,0.0,0.0
2010-06-29,43.240002,43.41,41.889999,42.139999,20.748587,4887400,0.0,0.0
2010-06-30,42.169998,42.950001,41.59,41.639999,20.502407,4034400,0.0,0.0
2010-07-01,41.849998,42.099998,40.529999,41.650002,20.507339,4304700,0.0,0.0
2010-07-02,41.080002,41.580002,39.98,40.669998,20.024803,5050700,0.0,0.0
2010-07-06,41.889999,41.919998,39.689999,40.220001,19.803238,5215800,0.0,0.0
2010-07-07,40.43,42.580002,40.27,42.529999,20.940622,4950300,0.0,0.0
2010-07-08,43.080002,43.82,42.369999,43.310001,21.324675,4442700,0.0,0.0
2010-07-09,43.25,44.119999,43.200001,44.049999,21.689028,2367100,0.0,0.0
2010-07-12,44.139999,44.509998,43.630001,44.310001,21.817045,2235600,0.0,0.0
2010-07-13,44.939999,45.459999,44.77,45.23,22.270021,3037200,0.0,0.0
2010-07-14,44.630001,45.099998,43.900002,44.689999,22.004143,2382400,0.0,0.0
2010-07-15,44.77,44.93,43.529999,44.799999,22.058311,2241000,0.0,0.0
2010-07-16,44.259998,44.68,42.389999,42.689999,21.019403,3822700,0.0,0.0
2010-07-19,42.709999,43.860001,42.290001,43.639999,21.487152,2747500,0.0,0.0
2010-07-20,42.849998,44.209999,42.48,44.119999,21.723492,3978200,0.0,0.0
2010-07-21,44.669998,44.669998,42.709999,42.849998,21.098175,3680600,0.0,0.0
2010-07-22,43.509998,45.25,43.509998,44.919998,22.117386,4437400,0.0,0.0
2010-07-23,44.689999,45.25,43.790001,45.150002,22.230639,3281800,0.0,0.0
2010-07-26,45.150002,46.759998,45.02,46.720001,23.003658,2520800,0.0,0.0
2010-07-27,47.150002,47.150002,45.66,46.439999,22.865801,2295600,0.0,0.0
2010-07-28,46.330002,47.029999,45.939999,46.560001,22.924879,2404700,0.0,0.0
2010-07-29,46.950001,47.5,44.59,45.209999,22.260176,4020200,0.0,0.0
2010-07-30,44.560001,46.07,44.52,45.849998,22.575298,2621700,0.0,0.0
2010-08-02,46.73,47.57,46.310001,47.330002,23.30401,3711900,0.0,0.0
2010-08-03,47.119999,47.279999,46.459999,46.939999,23.11199,2514900,0.0,0.0
2010-08-04,46.98,47.200001,46.549999,46.82,23.0529,2270800,0.0,0.0
2010-08-05,46.450001,46.77,45.880001,45.91,22.604836,2940600,0.0,0.0
2010-08-06,45.209999,46.049999,44.93,45.849998,22.575298,1940900,0.0,0.0
2010-08-09,46.290001,47.049999,45.959999,46.990002,23.1366,2614000,0.0,0.0
2010-08-10,46.580002,47.52,46.380001,47.080002,23.180916,2864800,0.0,0.0
2010-08-11,45.32,46.220001,45.150002,45.43,22.368505,3202000,0.0,0.0
2010-08-12,44.459999,45.080002,44.23,44.669998,21.994305,2459100,0.0,0.0
2010-08-13,44.619999,45.200001,44.619999,44.880001,22.097702,1660900,0.0,0.0
2010-08-16,44.580002,45.34,44.389999,44.880001,22.097702,1493100,0.0,0.0
2010-08-17,45.349998,46.169998,44.950001,45.900002,22.599916,2771500,0.0,0.0
2010-08-18,45.900002,46.119999,45.509998,45.950001,22.624531,1947400,0.0,0.0
2010-08-19,45.82,45.869999,44.310001,44.66,21.989374,2887000,0.0,0.0
2010-08-20,44.259998,45.009998,44.139999,44.849998,22.082914,1690700,0.0,0.0
2010-08-23,45.049999,45.419998,44.889999,44.919998,22.117386,1503500,0.0,0.0
2010-08-24,44.23,45.060001,43.869999,44.610001,21.96476,2406600,0.0,0.0
2010-08-25,44.400002,45.59,44.169998,45.380001,22.343878,2432000,0.0,0.0
2010-08-26,45.560001,46.0,44.93,44.98,22.146935,2369100,0.0,0.0
2010-08-27,45.209999,45.919998,44.189999,45.889999,22.594992,2299200,0.0,0.0
2010-08-30,45.759998,46.07,45.169998,45.200001,22.255249,1832700,0.0,0.0
2010-08-31,45.169998,46.060001,44.900002,45.830002,22.565445,2266300,0.0,0.0
2010-09-01,46.490002,48.139999,46.290001,47.84,23.55512,4911200,0.0,0.0
2010-09-02,47.830002,48.41,47.740002,48.099998,23.683138,2722800,0.0,0.0
2010-09-03,48.610001,49.02,48.07,48.860001,24.057354,2411800,0.0,0.0
2010-09-07,48.419998,48.990002,48.130001,48.209999,23.737303,2536000,0.0,0.0
2010-09-08,48.330002,48.790001,47.959999,48.259998,23.761908,2052200,0.0,0.0
2010-09-09,49.080002,49.080002,47.349998,47.439999,23.358171,2760700,0.0,0.0
2010-09-10,47.43,48.009998,47.240002,47.630001,23.451721,2373300,0.0,0.0
2010-09-13,48.439999,48.439999,47.360001,47.900002,23.584658,3360500,0.0,0.0
2010-09-14,47.759998,48.240002,47.330002,47.98,23.624052,2776300,0.0,0.0
2010-09-15,48.209999,49.150002,47.82,48.959999,24.106583,2773700,0.0,0.0
2010-09-16,48.700001,49.040001,48.369999,48.75,24.17004,1993400,0.338,0.0
2010-09-17,48.830002,49.150002,48.490002,48.869999,24.22953,3088700,0.0,0.0
2010-09-20,49.169998,50.799999,48.98,50.48,25.027756,3573800,0.0,0.0
2010-09-21,49.509998,50.349998,49.049999,49.150002,24.368366,4086500,0.0,0.0
2010-09-22,48.91,49.490002,48.790001,49.040001,24.313824,2899800,0.0,0.0
2010-09-23,48.48,49.07,47.720001,47.799999,23.699026,3172400,0.0,0.0
2010-09-24,48.540001,49.310001,48.470001,49.259998,24.422892,2899200,0.0,0.0
2010-09-27,49.240002,49.259998,48.09,48.119999,23.857691,2905600,0.0,0.0
2010-09-28,48.209999,48.209999,47.16,48.060001,23.82794,3046000,0.0,0.0
2010-09-29,47.709999,47.77,47.18,47.389999,23.495762,2003400,0.0,0.0
2010-09-30,47.740002,48.259998,47.240002,47.57,23.585001,3515900,0.0,0.0
2010-10-01,47.779999,47.98,47.23,47.82,23.708946,2905400,0.0,0.0
2010-10-04,47.720001,48.380001,47.700001,48.23,23.912218,2653600,0.0,0.0
2010-10-05,48.790001,49.049999,48.209999,48.889999,24.239445,2612800,0.0,0.0
2010-10-06,48.849998,49.02,48.119999,48.580002,24.085751,1785100,0.0,0.0
2010-10-07,48.810001,49.16,48.279999,48.509998,24.051052,1362900,0.0,0.0
2010-10-08,48.639999,48.849998,48.200001,48.630001,24.11054,1504800,0.0,0.0
2010-10-11,48.59,48.939999,48.360001,48.549999,24.070881,973000,0.0,0.0
2010-10-12,48.459999,49.669998,48.299999,49.48,24.531967,2485000,0.0,0.0
2010-10-13,49.759998,50.360001,49.389999,49.950001,24.764997,1946900,0.0,0.0
2010-10-14,49.779999,50.18,49.34,49.759998,24.670795,2005000,0.0,0.0
2010-10-15,50.310001,50.490002,49.830002,49.950001,24.764997,2142400,0.0,0.0
2010-10-18,49.950001,50.689999,49.849998,50.669998,25.121964,2231600,0.0,0.0
2010-10-19,50.169998,50.950001,49.91,50.240002,24.90876,2741800,0.0,0.0
2010-10-20,50.470001,52.02,50.470001,51.509998,25.538424,3179400,0.0,0.0
2010-10-21,51.689999,52.200001,51.209999,51.509998,25.538424,1792800,0.0,0.0
2010-10-22,51.689999,51.880001,50.759998,50.830002,25.201302,2598300,0.0,0.0
2010-10-25,51.189999,51.290001,50.419998,50.490002,25.032721,4056500,0.0,0.0
2010-10-26,50.220001,50.57,49.959999,50.150002,24.864162,2507100,0.0,0.0
2010-10-27,49.759998,50.139999,49.34,49.790001,24.685671,2911900,0.0,0.0
2010-10-28,50.0,50.25,48.25,48.75,24.17004,3036500,0.0,0.0
2010-10-29,48.48,48.880001,48.299999,48.630001,24.11054,1568000,0.0,0.0
2010-11-01,48.939999,49.48,48.57,48.93,24.259283,1542200,0.0,0.0
2010-11-02,49.200001,49.610001,48.619999,48.900002,24.244411,1915600,0.0,0.0
2010-11-03,48.950001,49.349998,48.619999,48.84,24.214663,2052900,0.0,0.0
2010-11-04,49.459999,50.599998,48.990002,50.41,24.993061,3222100,0.0,0.0
2010-11-05,50.490002,51.099998,49.939999,50.84,25.206253,3049100,0.0,0.0
2010-11-08,50.619999,50.790001,49.639999,50.169998,24.874071,1520600,0.0,0.0
2010-11-09,50.439999,50.439999,48.110001,48.419998,24.006424,3671200,0.0,0.0
2010-11-10,48.810001,50.080002,48.700001,49.959999,24.769941,2863700,0.0,0.0
2010-11-11,49.490002,50.09,49.34,49.509998,24.546841,1668300,0.0,0.0
2010-11-12,49.139999,49.610001,48.990002,49.310001,24.447681,2242100,0.0,0.0
2010-11-15,49.490002,49.91,49.119999,49.200001,24.39315,1701000,0.0,0.0
2010-11-16,48.540001,48.830002,47.009998,47.360001,23.480881,3032700,0.0,0.0
2010-11-17,47.52,48.389999,47.049999,48.310001,23.951887,2669300,0.0,0.0
2010-11-18,48.970001,49.330002,48.560001,49.220001,24.403065,4965800,0.0,0.0
2010-11-19,49.119999,49.990002,48.82,49.91,24.745153,2380900,0.0,0.0
2010-11-22,49.650002,50.07,49.599998,50.0,24.789782,1809600,0.0,0.0
2010-11-23,49.25,49.759998,49.25,49.630001,24.60634,2296000,0.0,0.0
2010-11-24,50.029999,50.400002,49.82,50.310001,24.943476,2784500,0.0,0.0
2010-11-26,49.959999,50.41,49.830002,50.009998,24.794743,949400,0.0,0.0
2010-11-29,49.689999,50.119999,49.139999,50.0,24.789782,2589400,0.0,0.0
2010-11-30,49.27,50.41,49.27,49.98,24.779865,3801700,0.0,0.0
2010-12-01,50.52,50.849998,50.150002,50.669998,25.121964,2570400,0.0,0.0
2010-12-02,50.810001,51.720001,50.720001,51.66,25.612808,3005600,0.0,0.0
2010-12-03,51.470001,52.09,51.209999,52.0,25.781376,2440200,0.0,0.0
2010-12-06,51.709999,52.099998,51.240002,51.849998,25.707014,1854300,0.0,0.0
2010-12-07,52.43,52.639999,51.919998,52.060001,25.811113,2330700,0.0,0.0
2010-12-08,52.110001,52.18,50.889999,51.279999,25.42441,2169200,0.0,0.0
2010-12-09,51.439999,52.240002,51.009998,51.200001,25.384737,2531000,0.0,0.0
2010-12-10,51.27,51.91,51.110001,51.560001,25.563221,1713400,0.0,0.0
2010-12-13,51.689999,51.720001,51.07,51.220001,25.394663,1933500,0.0,0.0
2010-12-14,51.240002,51.66,50.189999,50.490002,25.032721,1664700,0.0,0.0
2010-12-15,50.380001,50.830002,49.93,49.959999,24.769941,2039100,0.0,0.0
2010-12-16,49.880001,50.02,49.150002,49.5,24.768948,1970200,0.458,0.0
2010-12-17,49.549999,50.02,49.419998,49.830002,24.934078,2966200,0.0,0.0
2010-12-20,50.119999,50.880001,50.119999,50.689999,25.364403,1417900,0.0,0.0
2010-12-21,50.900002,51.110001,50.639999,51.080002,25.559553,1420700,0.0,0.0
2010-12-22,51.220001,51.779999,51.080002,51.48,25.759703,1795300,0.0,0.0
2010-12-23,51.360001,51.779999,51.290001,51.34,25.689663,1277300,0.0,0.0
2010-12-27,51.209999,52.150002,51.130001,52.130001,26.084959,1226500,0.0,0.0
2010-12-28,52.18,52.290001,51.459999,51.970001,26.004904,1124600,0.0,0.0
2010-12-29,52.09,52.380001,51.669998,52.25,26.145006,1159900,0.0,0.0
2010-12-30,52.32,52.580002,52.060001,52.290001,26.165028,1029900,0.0,0.0
2010-12-31,52.290001,52.48,51.860001,51.950001,25.994886,1298100,0.0,0.0
2011-01-03,52.27,52.790001,52.0,52.52,26.280117,2901800,0.0,0.0
2011-01-04,52.540001,52.59,50.84,51.200001,25.619596,3108100,0.0,0.0
2011-01-05,51.009998,51.439999,50.91,51.169998,25.604595,2101200,0.0,0.0
2011-01-06,51.290001,51.290001,50.349998,50.549999,25.294357,1854000,0.0,0.0
2011-01-07,50.73,50.98,49.990002,50.380001,25.20929,2196100,0.0,0.0
2011-01-10,50.0,50.689999,49.650002,50.259998,25.149233,2132500,0.0,0.0
2011-01-11,50.529999,50.599998,49.599998,49.939999,24.989119,1263900,0.0,0.0
2011-01-12,50.139999,50.41,49.790001,50.060001,25.049164,2445800,0.0,0.0
2011-01-13,50.049999,50.400002,49.830002,50.23,25.134232,1810300,0.0,0.0
2011-01-14,50.509998,51.009998,50.25,50.91,25.474495,1738500,0.0,0.0
2011-01-18,50.91,51.630001,50.849998,51.610001,25.824757,1713200,0.0,0.0
2011-01-19,51.48,51.610001,50.68,50.900002,25.469494,1714700,0.0,0.0
2011-01-20,51.080002,51.439999,50.900002,51.18,25.609594,1729500,0.0,0.0
2011-01-21,51.540001,51.560001,51.02,51.48,25.759703,1411700,0.0,0.0
2011-01-24,51.52,51.880001,51.139999,51.740002,25.889812,1278100,0.0,0.0
2011-01-25,51.52,52.689999,51.32,52.599998,26.320133,2218300,0.0,0.0
2011-01-26,52.66,53.279999,52.41,52.950001,26.49527,1694100,0.0,0.0
2011-01-27,53.139999,53.84,52.799999,53.810001,26.925583,2145800,0.0,0.0
2011-01-28,53.860001,53.98,52.630001,52.889999,26.465252,2122800,0.0,0.0
2011-01-31,53.189999,54.34,53.150002,54.189999,27.115751,2283100,0.0,0.0
2011-02-01,54.52,54.73,53.720001,54.599998,27.320902,2258100,0.0,0.0
2011-02-02,54.209999,54.98,54.209999,54.799999,27.42098,1766800,0.0,0.0
2011-02-03,54.650002,55.290001,53.59,54.41,27.22583,2404900,0.0,0.0
2011-02-04,54.419998,54.43,52.990002,53.080002,26.560326,2507700,0.0,0.0
2011-02-07,53.34,53.939999,53.150002,53.709999,26.875563,1154700,0.0,0.0
2011-02-08,53.619999,53.939999,53.490002,53.509998,26.775478,1236200,0.0,0.0
2011-02-09,53.290001,53.880001,53.290001,53.799999,26.920597,1275300,0.0,0.0
2011-02-10,53.490002,54.299999,53.439999,54.16,27.100735,1854800,0.0,0.0
2011-02-11,53.82,54.619999,53.639999,54.549999,27.295877,1538200,0.0,0.0
2011-02-14,54.59,54.689999,54.040001,54.59,27.315901,1032400,0.0,0.0
2011-02-15,54.27,54.740002,54.060001,54.189999,27.115751,1506600,0.0,0.0
2011-02-16,54.509998,54.66,53.279999,53.599998,26.820515,1950800,0.0,0.0
2011-02-17,53.529999,53.900002,53.389999,53.66,26.850548,1114300,0.0,0.0
2011-02-18,53.580002,54.299999,53.490002,54.029999,27.035683,1402200,0.0,0.0
2011-02-22,53.48,54.57,53.310001,53.950001,26.995661,1621800,0.0,0.0
2011-02-23,53.990002,54.389999,52.93,53.32,26.680414,2179200,0.0,0.0
2011-02-24,53.240002,53.529999,52.18,52.549999,26.295124,3093100,0.0,0.0
2011-02-25,52.959999,53.400002,52.849998,53.360001,26.700424,4568900,0.0,0.0
2011-02-28,53.650002,55.439999,53.41,55.110001,27.576097,3259000,0.0,0.0
2011-03-01,55.07,55.07,53.490002,53.57,26.805508,2191400,0.0,0.0
2011-03-02,53.529999,53.669998,52.869999,53.139999,26.590347,1853600,0.0,0.0
2011-03-03,53.669998,54.259998,53.669998,54.209999,27.125746,1833800,0.0,0.0
2011-03-04,54.040001,54.439999,52.990002,53.32,26.680414,2558400,0.0,0.0
2011-03-07,53.470001,53.619999,52.439999,52.619999,26.330154,1736100,0.0,0.0
2011-03-08,52.82,54.0,52.709999,53.880001,26.960623,2051900,0.0,0.0
2011-03-09,53.740002,54.509998,53.41,54.060001,27.050699,1508000,0.0,0.0
2011-03-10,53.669998,53.77,53.220001,53.43,26.735445,1675900,0.0,0.0
2011-03-11,53.43,54.630001,53.27,54.549999,27.295877,1723500,0.0,0.0
2011-03-14,54.240002,54.509998,53.98,54.18,27.110739,1619600,0.0,0.0
2011-03-15,52.700001,54.990002,52.700001,54.549999,27.295877,2715100,0.0,0.0
2011-03-16,54.349998,54.919998,53.52,53.970001,27.005661,2837800,0.0,0.0
2011-03-17,54.68,54.68,53.549999,54.299999,27.342026,1971500,0.338,0.0
2011-03-18,55.07,55.119999,54.389999,54.689999,27.538401,3335500,0.0,0.0
2011-03-21,55.459999,55.459999,54.759998,54.91,27.649183,1726700,0.0,0.0
2011-03-22,54.900002,55.080002,54.27,54.540001,27.462866,1427200,0.0,0.0
2011-03-23,54.110001,54.360001,53.349998,54.009998,27.195997,1857400,0.0,0.0
2011-03-24,54.27,54.369999,53.540001,54.18,27.281597,1832800,0.0,0.0
2011-03-25,54.290001,54.849998,54.099998,54.450001,27.417553,1162100,0.0,0.0
2011-03-28,54.619999,54.849998,54.25,54.630001,27.508196,1227500,0.0,0.0
2011-03-29,54.490002,54.84,53.939999,54.709999,27.548475,1266200,0.0,0.0
2011-03-30,54.990002,55.759998,54.580002,55.59,27.991589,1545000,0.0,0.0
2011-03-31,55.400002,56.43,55.400002,56.41,28.40448,1659600,0.0,0.0
2011-04-01,56.779999,56.93,56.34,56.669998,28.5354,1731000,0.0,0.0
2011-04-04,56.709999,56.869999,56.07,56.310001,28.354139,1190200,0.0,0.0
2011-04-05,56.169998,56.490002,56.119999,56.330002,28.364193,1129200,0.0,0.0
2011-04-06,56.529999,56.529999,56.150002,56.299999,28.349092,1490700,0.0,0.0
2011-04-07,56.25,56.259998,55.5,55.810001,28.102375,1721800,0.0,0.0
2011-04-08,56.189999,56.189999,55.360001,55.57,27.98151,1355600,0.0,0.0
2011-04-11,55.599998,55.900002,55.389999,55.549999,27.971437,1359700,0.0,0.0
2011-04-12,55.360001,55.91,55.310001,55.68,28.036905,1667100,0.0,0.0
2011-04-13,55.849998,56.009998,55.740002,55.84,28.117464,1643100,0.0,0.0
2011-04-14,55.610001,56.48,55.59,56.220001,28.308807,2132700,0.0,0.0
2011-04-15,56.439999,56.869999,56.18,56.799999,28.600864,1833600,0.0,0.0
2011-04-18,56.029999,56.380001,55.84,55.990002,28.193005,1930800,0.0,0.0
2011-04-19,56.02,56.34,55.849998,56.299999,28.349092,1765200,0.0,0.0
2011-04-20,56.970001,57.540001,56.439999,57.400002,28.902985,1652200,0.0,0.0
2011-04-21,57.549999,57.849998,57.0,57.66,29.033905,1708300,0.0,0.0
2011-04-25,57.66,58.43,57.389999,58.310001,29.361198,1156600,0.0,0.0
2011-04-26,58.490002,59.139999,58.23,59.130001,29.774103,1703000,0.0,0.0
2011-04-27,59.209999,59.43,58.669998,59.259998,29.839558,1263800,0.0,0.0
2011-04-28,58.610001,59.59,58.48,59.43,29.925171,2187600,0.0,0.0
2011-04-29,59.599998,59.82,58.509998,59.740002,30.081263,2030000,0.0,0.0
2011-05-02,59.91,60.060001,59.52,59.889999,30.156784,1743300,0.0,0.0
2011-05-03,59.889999,60.049999,58.900002,59.529999,29.975525,2165800,0.0,0.0
2011-05-04,59.450001,59.799999,58.990002,59.259998,29.839558,1302800,0.0,0.0
2011-05-05,58.93,59.790001,58.799999,59.240002,29.829493,1605200,0.0,0.0
2011-05-06,59.93,59.93,58.540001,58.619999,29.517294,1889400,0.0,0.0
2011-05-09,58.709999,59.139999,58.34,59.07,29.743896,1193300,0.0,0.0
2011-05-10,59.119999,60.02,59.119999,60.0,30.212179,1362500,0.0,0.0
2011-05-11,59.82,60.02,59.169998,59.32,29.869768,1426400,0.0,0.0
2011-05-12,59.23,59.540001,58.720001,59.43,29.925171,1128200,0.0,0.0
2011-05-13,59.529999,59.57,58.880001,59.16,29.789211,1322500,0.0,0.0
2011-05-16,59.049999,59.889999,59.009998,59.389999,29.905027,1177200,0.0,0.0
2011-05-17,59.189999,59.549999,59.02,59.450001,29.935228,1472600,0.0,0.0
2011-05-18,59.73,59.939999,59.150002,59.77,30.096359,1444100,0.0,0.0
2011-05-19,59.830002,60.349998,59.68,60.349998,30.388403,1278700,0.0,0.0
2011-05-20,60.299999,60.389999,59.549999,59.919998,30.171902,1968600,0.0,0.0
2011-05-23,59.09,59.73,59.0,59.060001,29.738859,1644000,0.0,0.0
2011-05-24,59.16,59.48,59.009998,59.23,29.824455,1166400,0.0,0.0
2011-05-25,59.169998,60.02,59.009998,59.709999,30.066162,1511200,0.0,0.0
2011-05-26,59.57,60.580002,59.330002,60.490002,30.458912,1822700,0.0,0.0
2011-05-27,60.810001,60.810001,60.150002,60.599998,30.514294,1265300,0.0,0.0
2011-05-31,61.080002,61.860001,60.709999,61.830002,31.133667,3284300,0.0,0.0
2011-06-01,61.619999,61.68,59.68,59.759998,30.091324,2617600,0.0,0.0
2011-06-02,59.900002,60.23,59.18,59.279999,29.849638,1937300,0.0,0.0
2011-06-03,58.57,60.689999,58.57,60.200001,30.312891,2379700,0.0,0.0
2011-06-06,60.07,60.549999,59.689999,59.810001,30.116507,1771600,0.0,0.0
2011-06-07,60.16,61.310001,59.959999,60.77,30.599888,2070300,0.0,0.0
2011-06-08,60.57,61.470001,60.470001,60.98,30.705643,1850400,0.0,0.0
2011-06-09,61.02,61.139999,60.080002,60.540001,30.484093,2193000,0.0,0.0
2011-06-10,60.27,60.43,59.02,59.209999,29.814388,2807700,0.0,0.0
2011-06-13,59.310001,59.869999,58.990002,59.27,29.844603,2086000,0.0,0.0
2011-06-14,59.889999,60.0,59.330002,59.57,29.995659,1964600,0.0,0.0
2011-06-15,59.200001,59.540001,58.459999,59.080002,29.748922,2581900,0.0,0.0
2011-06-16,59.02,59.25,57.709999,58.889999,29.82387,3018800,0.338,0.0
2011-06-17,59.380001,59.610001,58.73,59.080002,29.920099,2619800,0.0,0.0
2011-06-20,58.830002,60.02,58.830002,59.639999,30.203707,1651000,0.0,0.0
2011-06-21,59.869999,59.98,59.580002,59.91,30.340441,1747100,0.0,0.0
2011-06-22,59.810001,60.48,59.549999,59.59,30.178377,1652700,0.0,0.0
2011-06-23,58.759998,58.91,57.919998,58.459999,29.606112,3071700,0.0,0.0
2011-06-24,58.470001,58.860001,58.07,58.360001,29.55546,2123000,0.0,0.0
2011-06-27,58.34,58.939999,58.34,58.709999,29.732719,1229800,0.0,0.0
2011-06-28,58.889999,59.459999,58.48,59.459999,30.112553,1612000,0.0,0.0
2011-06-29,59.709999,60.279999,59.27,60.0,30.386023,1886500,0.0,0.0
2011-06-30,60.23,60.389999,59.959999,60.0,30.386023,1651700,0.0,0.0
2011-07-01,60.130001,61.529999,60.029999,61.349998,31.069706,2265900,0.0,0.0
2011-07-05,61.57,61.98,60.919998,61.619999,31.20644,2184600,0.0,0.0
2011-07-06,61.5,62.189999,61.18,62.18,31.490047,1763300,0.0,0.0
2011-07-07,62.619999,62.91,62.389999,62.82,31.814171,1935400,0.0,0.0
2011-07-08,62.049999,62.880001,61.82,62.830002,31.819223,1990000,0.0,0.0
2011-07-11,62.009998,62.400002,61.450001,62.029999,31.41407,2409100,0.0,0.0
2011-07-12,61.709999,63.380001,61.709999,62.32,31.56094,2135000,0.0,0.0
2011-07-13,62.630001,62.639999,61.41,61.52,31.155804,2307500,0.0,0.0
2011-07-14,61.619999,61.75,60.639999,61.009998,30.897512,2072900,0.0,0.0
2011-07-15,61.279999,61.849998,61.009998,61.75,31.272272,2248300,0.0,0.0
2011-07-18,61.580002,61.73,61.049999,61.5,31.145666,1830400,0.0,0.0
2011-07-19,61.900002,62.240002,61.32,62.16,31.479918,2344900,0.0,0.0
2011-07-20,62.189999,62.77,61.889999,62.639999,31.723009,2150800,0.0,0.0
2011-07-21,63.41,63.52,62.790001,63.07,31.940773,2428900,0.0,0.0
2011-07-22,63.220001,63.860001,62.91,63.68,32.249683,1648600,0.0,0.0
2011-07-25,63.060001,63.740002,62.810001,63.060001,31.935709,1869400,0.0,0.0
2011-07-26,63.099998,63.709999,62.75,63.509998,32.163605,1975700,0.0,0.0
2011-07-27,63.119999,63.419998,62.459999,62.490002,31.647032,3180200,0.0,0.0
2011-07-28,62.330002,62.380001,61.09,61.720001,31.25708,3320400,0.0,0.0
2011-07-29,61.169998,62.049999,60.91,61.82,31.307743,2611000,0.0,0.0
2011-08-01,62.450001,62.529999,61.02,61.41,31.100088,2429800,0.0,0.0
2011-08-02,60.98,61.290001,60.009998,60.009998,30.391088,3766900,0.0,0.0
2011-08-03,59.939999,60.080002,58.610001,59.73,30.249283,4879000,0.0,0.0
2011-08-04,58.959999,59.5,57.130001,57.200001,28.968002,5079300,0.0,0.0
2011-08-05,57.959999,58.02,55.150002,55.66,28.188103,6278700,0.0,0.0
2011-08-08,54.380001,54.880001,51.93,51.950001,26.309231,4841600,0.0,0.0
2011-08-09,52.75,57.299999,52.0,57.27,29.003456,6122200,0.0,0.0
2011-08-10,56.040001,58.68,55.290001,56.009998,28.365345,6145700,0.0,0.0
2011-08-11,56.119999,59.900002,55.790001,58.790001,29.773232,4551300,0.0,0.0
2011-08-12,59.25,60.389999,58.52,59.049999,29.904913,3341200,0.0,0.0
2011-08-15,59.490002,61.0,59.25,60.779999,30.781031,4113000,0.0,0.0
2011-08-16,60.310001,61.310001,60.02,61.080002,30.932966,4345900,0.0,0.0
2011-08-17,61.360001,61.66,60.139999,60.560001,30.669626,2274200,0.0,0.0
2011-08-18,59.189999,59.189999,56.889999,57.540001,29.140194,5385100,0.0,0.0
2011-08-19,56.580002,58.240002,56.330002,56.490002,28.608437,3297500,0.0,0.0
2011-08-22,57.650002,57.669998,55.810001,56.540001,28.633764,2796700,0.0,0.0
2011-08-23,56.560001,57.93,56.150002,57.91,29.327568,2293200,0.0,0.0
2011-08-24,57.75,59.040001,57.450001,59.029999,29.894785,2063300,0.0,0.0
2011-08-25,59.400002,60.0,57.25,57.93,29.337702,2709800,0.0,0.0
2011-08-26,57.400002,58.799999,56.119999,58.650002,29.702322,2204500,0.0,0.0
2011-08-29,59.470001,60.23,59.130001,60.16,30.467051,1640100,0.0,0.0
2011-08-30,60.459999,60.830002,59.099998,60.490002,30.634167,2228000,0.0,0.0
2011-08-31,60.880001,61.439999,60.310001,61.18,30.983612,2538100,0.0,0.0
2011-09-01,61.029999,61.5,60.290001,60.529999,30.654423,2221100,0.0,0.0
2011-09-02,59.509998,60.619999,59.130001,59.709999,30.239161,2186100,0.0,0.0
2011-09-06,58.439999,59.91,57.860001,59.43,30.097361,2106500,0.0,0.0
2011-09-07,60.41,61.43,59.240002,61.389999,31.089958,1849000,0.0,0.0
2011-09-08,61.139999,62.080002,60.700001,61.669998,31.23177,2101600,0.0,0.0
2011-09-09,60.919998,61.43,59.5,59.810001,30.289795,2522900,0.0,0.0
2011-09-12,58.810001,60.080002,58.639999,60.060001,30.416407,2174000,0.0,0.0
2011-09-13,60.240002,60.389999,59.419998,59.810001,30.289795,2504300,0.0,0.0
2011-09-14,60.0,60.080002,58.240002,58.790001,29.773232,3195800,0.0,0.0
2011-09-15,59.459999,59.59,58.16,58.650002,29.702322,3109800,0.0,0.0
2011-09-16,58.139999,58.799999,57.369999,57.799999,29.441534,4319800,0.338,0.0
2011-09-19,56.810001,57.34,56.299999,56.720001,28.891411,2508900,0.0,0.0
2011-09-20,56.970001,57.080002,55.650002,55.669998,28.356575,2939500,0.0,0.0
2011-09-21,55.68,55.990002,52.09,52.330002,26.655294,4771700,0.0,0.0
2011-09-22,50.790001,51.880001,50.380001,51.330002,26.14592,4637000,0.0,0.0
2011-09-23,51.220001,53.279999,51.07,53.130001,27.06278,4408500,0.0,0.0
2011-09-26,53.75,53.82,52.139999,53.34,27.169746,2845200,0.0,0.0
2011-09-27,54.380001,54.450001,53.110001,53.419998,27.210493,2745300,0.0,0.0
2011-09-28,53.419998,54.080002,52.560001,52.720001,26.853943,3581900,0.0,0.0
2011-09-29,53.880001,53.959999,52.689999,53.59,27.297091,2750300,0.0,0.0
2011-09-30,52.869999,53.509998,51.860001,51.869999,26.42098,2715700,0.0,0.0
2011-10-03,51.529999,52.290001,49.619999,49.66,25.295275,3107000,0.0,0.0
2011-10-04,49.389999,52.360001,48.459999,52.220001,26.599257,3300000,0.0,0.0
2011-10-05,52.16,52.220001,48.790001,51.700001,26.334387,3088900,0.0,0.0
2011-10-06,51.240002,53.529999,51.130001,53.470001,27.235971,3081400,0.0,0.0
2011-10-07,53.529999,53.779999,51.919998,51.990002,26.482103,2918200,0.0,0.0
2011-10-10,52.93,54.669998,52.799999,54.619999,27.821732,2334100,0.0,0.0
2011-10-11,54.700001,54.93,52.689999,52.91,26.950735,1762900,0.0,0.0
2011-10-12,53.27,54.580002,52.939999,53.950001,27.480465,2339800,0.0,0.0
2011-10-13,53.32,54.07,52.490002,53.610001,27.307276,1860000,0.0,0.0
2011-10-14,54.419998,55.389999,54.029999,55.32,28.178301,2092100,0.0,0.0
2011-10-17,53.450001,54.650002,53.099998,53.349998,27.174837,3697800,0.0,0.0
2011-10-18,53.5,55.43,53.150002,55.200001,28.117174,2239100,0.0,0.0
2011-10-19,55.189999,55.84,54.369999,54.549999,27.786087,2002100,0.0,0.0
2011-10-20,54.48,54.889999,53.490002,54.599998,27.811552,2041700,0.0,0.0
2011-10-21,55.290001,56.849998,55.240002,56.700001,28.881227,2279800,0.0,0.0
2011-10-24,56.700001,57.77,56.459999,57.150002,29.110449,3145200,0.0,0.0
2011-10-25,56.639999,56.900002,55.779999,56.380001,28.718235,2892600,0.0,0.0
2011-10-26,57.09,57.25,55.849998,57.009998,29.039133,2361800,0.0,0.0
2011-10-27,59.299999,60.32,57.77,59.959999,30.54179,2855300,0.0,0.0
2011-10-28,59.959999,59.959999,58.209999,58.75,29.925442,2788000,0.0,0.0
2011-10-31,57.91,59.240002,57.450001,58.68,29.889788,2533400,0.0,0.0
2011-11-01,56.540001,57.5,55.990002,56.119999,28.585793,3608900,0.0,0.0
2011-11-02,57.119999,58.27,56.939999,58.189999,29.640186,2788600,0.0,0.0
2011-11-03,58.509998,59.110001,57.02,58.939999,30.022219,2615800,0.0,0.0
2011-11-04,58.450001,58.619999,57.639999,58.470001,29.782816,2308500,0.0,0.0
2011-11-07,58.669998,59.419998,57.959999,58.880001,29.99165,1467300,0.0,0.0
2011-11-08,59.169998,59.450001,57.639999,59.360001,30.236147,1465500,0.0,0.0
2011-11-09,58.490002,58.630001,56.630001,56.779999,28.921974,2173800,0.0,0.0
2011-11-10,57.34,57.759998,56.799999,57.290001,29.181759,2362000,0.0,0.0
2011-11-11,58.07,59.119999,57.639999,59.029999,30.06806,1881100,0.0,0.0
2011-11-14,58.549999,58.919998,57.529999,57.759998,29.421158,1904200,0.0,0.0
2011-11-15,57.490002,58.990002,57.349998,58.75,29.925442,1697900,0.0,0.0
2011-11-16,58.139999,58.139999,56.580002,56.650002,28.855757,2914700,0.0,0.0
2011-11-17,56.389999,56.540001,54.02,54.360001,27.68931,3311800,0.0,0.0
2011-11-18,54.720001,54.939999,53.91,54.700001,27.862495,2837600,0.0,0.0
2011-11-21,53.880001,54.290001,53.470001,54.009998,27.511024,2765500,0.0,0.0
2011-11-22,53.82,54.380001,53.68,53.810001,27.409151,1352300,0.0,0.0
2011-11-23,53.34,53.34,52.299999,52.560001,26.772442,1888900,0.0,0.0
2011-11-25,52.330002,53.82,52.099998,52.630001,26.8081,867700,0.0,0.0
2011-11-28,54.389999,54.509998,52.599998,53.09,27.042404,2360800,0.0,0.0
2011-11-29,53.240002,53.43,52.389999,52.900002,26.945631,2327000,0.0,0.0
2011-11-30,54.540001,55.419998,53.900002,55.189999,28.112082,4215900,0.0,0.0
2011-12-01,54.91,54.919998,53.700001,54.130001,27.572153,2779100,0.0,0.0
2011-12-02,54.650002,55.400002,54.169998,54.25,27.633278,1550300,0.0,0.0
2011-12-05,55.119999,55.169998,53.23,53.709999,27.358223,2625700,0.0,0.0
2011-12-06,53.740002,53.93,53.209999,53.560001,27.281809,1742100,0.0,0.0
2011-12-07,53.360001,54.599998,53.009998,54.41,27.714771,2566000,0.0,0.0
2011-12-08,54.25,54.279999,53.349998,53.540001,27.271624,3003700,0.0,0.0
2011-12-09,53.52,54.709999,53.48,54.400002,27.709679,2183000,0.0,0.0
2011-12-12,53.799999,53.880001,52.939999,53.689999,27.348032,2312400,0.0,0.0
2011-12-13,53.950001,54.799999,53.400002,53.709999,27.358223,2527600,0.0,0.0
2011-12-14,53.549999,55.27,53.34,54.720001,27.872669,3041300,0.0,0.0
2011-12-15,54.77,55.540001,54.549999,55.360001,28.494448,2263900,0.568,0.0
2011-12-16,55.799999,56.919998,55.650002,55.849998,28.74666,3022500,0.0,0.0
2011-12-19,56.130001,56.27,55.360001,55.439999,28.535627,2057400,0.0,0.0
2011-12-20,56.349998,57.27,56.09,57.09,29.384909,1984600,0.0,0.0
2011-12-21,57.240002,57.27,56.189999,56.540001,29.101822,1817300,0.0,0.0
2011-12-22,56.77,57.990002,56.630001,57.549999,29.621674,2369000,0.0,0.0
2011-12-23,57.860001,57.880001,57.139999,57.470001,29.580486,1126600,0.0,0.0
2011-12-27,57.259998,57.93,56.91,57.650002,29.673138,928500,0.0,0.0
2011-12-28,57.400002,57.540001,56.59,56.709999,29.189308,1380900,0.0,0.0
2011-12-29,56.779999,57.27,56.639999,57.130001,29.405499,1282200,0.0,0.0
2011-12-30,57.240002,57.709999,57.0,57.029999,29.354021,1272900,0.0,0.0
2012-01-03,57.77,58.369999,56.41,56.599998,29.132692,2780000,0.0,0.0
2012-01-04,56.32,56.43,55.919998,56.150002,28.901073,2405500,0.0,0.0
2012-01-05,56.049999,56.619999,55.84,56.349998,29.004011,1884600,0.0,0.0
2012-01-06,56.419998,56.560001,55.639999,55.689999,28.664301,2283400,0.0,0.0
2012-01-09,55.599998,55.82,54.889999,55.0,28.309151,1767900,0.0,0.0
2012-01-10,55.669998,55.689999,55.099998,55.189999,28.406946,2377400,0.0,0.0
2012-01-11,55.110001,55.290001,54.84,55.049999,28.33489,2570900,0.0,0.0
2012-01-12,54.939999,55.049999,54.009998,54.07,27.830482,2217500,0.0,0.0
2012-01-13,53.560001,55.130001,53.560001,55.0,28.309151,3742300,0.0,0.0
2012-01-17,55.799999,56.049999,55.380001,55.580002,28.607693,3225300,0.0,0.0
2012-01-18,55.669998,56.169998,55.540001,55.889999,28.767256,2929500,0.0,0.0
2012-01-19,55.98,56.080002,55.470001,55.509998,28.571659,3114900,0.0,0.0
2012-01-20,55.470001,55.939999,55.040001,55.77,28.705481,2559400,0.0,0.0
2012-01-23,55.52,56.580002,55.389999,56.459999,29.060633,2154400,0.0,0.0
2012-01-24,56.09,56.669998,55.93,56.599998,29.132692,2627400,0.0,0.0
2012-01-25,56.459999,58.189999,56.299999,58.130001,29.920206,2195900,0.0,0.0
2012-01-26,58.700001,59.689999,58.509998,59.25,30.496677,3578700,0.0,0.0
2012-01-27,59.130001,59.720001,58.810001,59.630001,30.692278,2139000,0.0,0.0
2012-01-30,58.970001,59.32,58.669998,59.299999,30.522421,2159000,0.0,0.0
2012-01-31,59.669998,59.849998,59.169998,59.549999,30.651091,3124400,0.0,0.0
2012-02-01,60.0,60.48,59.450001,60.02,30.893003,2062300,0.0,0.0
2012-02-02,58.369999,59.779999,57.529999,59.700001,30.728315,2702900,0.0,0.0
2012-02-03,60.07,60.57,59.889999,60.25,31.011391,2379400,0.0,0.0
2012-02-06,59.919998,60.240002,59.580002,59.77,30.764326,1569600,0.0,0.0
2012-02-07,59.41,59.869999,59.330002,59.619999,30.687126,2110200,0.0,0.0
2012-02-08,59.490002,59.759998,58.970001,59.5,30.625353,3077400,0.0,0.0
2012-02-09,59.48,59.5,58.529999,58.66,30.193005,1150600,0.0,0.0
2012-02-10,58.18,58.810001,58.040001,58.59,30.156969,1412100,0.0,0.0
2012-02-13,59.02,59.16,58.650002,58.91,30.321672,897900,0.0,0.0
2012-02-14,58.75,58.759998,57.540001,57.77,29.734907,1736500,0.0,0.0
2012-02-15,57.959999,58.009998,57.299999,57.720001,29.709173,2171900,0.0,0.0
2012-02-16,57.639999,58.220001,57.619999,58.220001,29.966513,1600900,0.0,0.0
2012-02-17,58.73,58.73,57.830002,58.509998,30.115803,1602900,0.0,0.0
2012-02-21,58.509998,58.639999,57.34,57.540001,29.616528,1653100,0.0,0.0
2012-02-22,57.48,57.84,56.91,56.91,29.292265,1595500,0.0,0.0
2012-02-23,57.0,57.630001,56.990002,57.599998,29.647398,1558700,0.0,0.0
2012-02-24,57.77,58.18,57.400002,58.060001,29.884167,1397700,0.0,0.0
2012-02-27,57.57,58.02,57.060001,57.709999,29.704018,1262200,0.0,0.0
2012-02-28,57.869999,58.080002,56.880001,57.029999,29.354021,1368400,0.0,0.0
2012-02-29,57.240002,57.59,56.720001,56.889999,29.281963,1688600,0.0,0.0
2012-03-01,56.84,57.5,56.790001,57.41,29.549614,1356200,0.0,0.0
2012-03-02,57.41,57.869999,57.32,57.66,29.678284,953000,0.0,0.0
2012-03-05,57.68,58.650002,57.41,58.630001,30.177549,1266400,0.0,0.0
2012-03-06,58.240002,58.740002,58.110001,58.279999,29.997408,1872400,0.0,0.0
2012-03-07,58.43,58.5,57.75,58.34,30.028292,1895300,0.0,0.0
2012-03-08,58.77,58.849998,57.84,58.220001,29.966513,1721400,0.0,0.0
2012-03-09,58.400002,59.41,58.209999,59.310001,30.527575,2357900,0.0,0.0
2012-03-12,59.41,59.919998,59.27,59.52,30.635662,1813500,0.0,0.0
2012-03-13,59.650002,60.869999,59.650002,60.82,31.304781,2376800,0.0,0.0
2012-03-14,60.869999,60.93,60.02,60.439999,31.109192,1733700,0.0,0.0
2012-03-15,60.419998,60.419998,59.299999,59.549999,30.651091,2645000,0.0,0.0
2012-03-16,59.5,60.150002,59.389999,59.970001,30.867271,2721100,0.0,0.0
2012-03-19,60.009998,61.41,59.720001,61.029999,31.412865,2394800,0.0,0.0
2012-03-20,60.5,61.02,60.450001,60.790001,31.289331,1446800,0.0,0.0
2012-03-21,60.689999,60.689999,60.200001,60.360001,31.241714,1553000,0.338,0.0
2012-03-22,60.099998,60.099998,59.049999,59.5,30.796583,1713400,0.0,0.0
2012-03-23,59.599998,60.560001,59.540001,60.150002,31.133026,1671600,0.0,0.0
2012-03-26,60.759998,60.950001,60.490002,60.950001,31.547087,1694900,0.0,0.0
2012-03-27,61.09,61.27,60.759998,60.799999,31.469463,1709700,0.0,0.0
2012-03-28,60.68,60.939999,60.259998,60.790001,31.464277,2109700,0.0,0.0
2012-03-29,60.450001,61.43,60.09,61.32,31.738605,1994600,0.0,0.0
2012-03-30,61.799999,62.790001,61.630001,62.619999,32.41148,3133900,0.0,0.0
2012-04-02,62.470001,62.740002,62.220001,62.57,32.385578,1957300,0.0,0.0
2012-04-03,62.610001,62.799999,62.080002,62.330002,32.261372,1501600,0.0,0.0
2012-04-04,62.049999,62.16,61.509998,61.709999,31.940449,1558600,0.0,0.0
2012-04-05,61.720001,61.77,61.330002,61.389999,31.774828,1458000,0.0,0.0
2012-04-09,60.709999,61.0,60.130001,60.599998,31.36594,1581800,0.0,0.0
2012-04-10,60.77,60.849998,58.990002,59.279999,30.682726,2402500,0.0,0.0
2012-04-11,59.799999,60.009998,59.490002,59.82,30.962208,1778200,0.0,0.0
2012-04-12,60.02,60.529999,59.830002,60.52,31.324539,1942400,0.0,0.0
2012-04-13,60.439999,61.380001,60.200001,60.849998,31.495335,1553800,0.0,0.0
2012-04-16,61.23,62.41,61.18,62.009998,32.095745,1821200,0.0,0.0
2012-04-17,62.32,62.32,61.57,61.959999,32.069855,1489600,0.0,0.0
2012-04-18,61.580002,61.93,61.41,61.57,31.867998,1121800,0.0,0.0
2012-04-19,61.57,61.869999,61.330002,61.59,31.878357,2369900,0.0,0.0
2012-04-20,61.740002,62.34,61.66,62.110001,32.147499,1998400,0.0,0.0
2012-04-23,61.740002,62.040001,61.330002,61.389999,31.774828,2428000,0.0,0.0
2012-04-24,61.580002,62.5,61.490002,62.450001,32.323486,1900300,0.0,0.0
2012-04-25,62.75,62.77,62.279999,62.689999,32.447697,1924300,0.0,0.0
2012-04-26,62.32,62.34,60.68,61.650002,31.909407,2940500,0.0,0.0
2012-04-27,61.380001,61.759998,61.139999,61.57,31.867998,2064800,0.0,0.0
2012-04-30,61.48,61.599998,60.919998,61.439999,31.800718,1848600,0.0,0.0
2012-05-01,61.509998,62.889999,61.360001,62.580002,32.39077,1501800,0.0,0.0
2012-05-02,62.220001,62.73,61.880001,62.580002,32.39077,1125900,0.0,0.0
2012-05-03,62.599998,62.889999,62.43,62.490002,32.344185,1923700,0.0,0.0
2012-05-04,62.360001,62.82,62.139999,62.689999,32.447697,2486000,0.0,0.0
2012-05-07,62.560001,63.84,62.32,63.669998,32.954937,1912600,0.0,0.0
2012-05-08,63.139999,63.48,62.970001,63.419998,32.825539,1915900,0.0,0.0
2012-05-09,62.790001,63.650002,62.790001,63.130001,32.675434,1871500,0.0,0.0
2012-05-10,63.560001,63.669998,62.759998,63.09,32.654736,1510300,0.0,0.0
2012-05-11,62.73,63.509998,62.59,63.360001,32.794483,1615300,0.0,0.0
2012-05-14,62.75,63.419998,62.57,62.73,32.468399,2159800,0.0,0.0
2012-05-15,62.73,62.939999,62.099998,62.34,32.266548,1700100,0.0,0.0
2012-05-16,62.450001,62.619999,61.470001,61.73,31.950823,1672600,0.0,0.0
2012-05-17,61.610001,61.779999,60.43,60.43,31.277941,2479300,0.0,0.0
2012-05-18,60.709999,61.259998,60.139999,60.349998,31.236547,2330800,0.0,0.0
2012-05-21,60.459999,61.830002,60.43,61.73,31.950823,1931700,0.0,0.0
2012-05-22,61.869999,62.34,61.639999,61.959999,32.069855,1482000,0.0,0.0
2012-05-23,61.68,62.060001,61.099998,61.970001,32.075035,1600000,0.0,0.0
2012-05-24,62.02,62.59,61.389999,62.080002,32.131969,983300,0.0,0.0
2012-05-25,62.380001,62.59,61.59,61.639999,31.904238,2872300,0.0,0.0
2012-05-29,61.959999,62.709999,61.959999,62.529999,32.364883,1994100,0.0,0.0
2012-05-30,61.740002,61.889999,60.549999,60.57,31.350409,2980100,0.0,0.0
2012-05-31,60.709999,61.540001,60.18,61.099998,31.624729,4318000,0.0,0.0
2012-06-01,59.919998,60.470001,59.540001,59.599998,30.848345,2867500,0.0,0.0
2012-06-04,59.779999,59.790001,58.68,59.049999,30.563686,2185200,0.0,0.0
2012-06-05,58.740002,60.779999,58.669998,60.419998,31.272778,2127900,0.0,0.0
2012-06-06,61.049999,61.810001,60.450001,61.73,31.950823,2393200,0.0,0.0
2012-06-07,62.07,62.5,60.91,61.09,31.61956,1823200,0.0,0.0
2012-06-08,60.810001,61.91,60.810001,61.900002,32.038803,1333800,0.0,0.0
2012-06-11,62.34,62.380001,60.599998,60.700001,31.417696,1944600,0.0,0.0
2012-06-12,60.919998,61.029999,60.130001,60.970001,31.557449,1763100,0.0,0.0
2012-06-13,60.369999,61.330002,60.369999,60.759998,31.448748,1951500,0.0,0.0
2012-06-14,60.810001,62.099998,60.709999,61.919998,32.04916,1593000,0.0,0.0
2012-06-15,62.209999,62.27,61.439999,61.93,32.054333,1921200,0.0,0.0
2012-06-18,61.66,62.509998,61.490002,61.93,32.054333,1591200,0.0,0.0
2012-06-19,62.150002,62.299999,61.509998,61.82,31.997404,1883200,0.0,0.0
2012-06-20,61.66,61.77,60.459999,60.880001,31.684099,2108100,0.338,0.0
2012-06-21,61.32,61.389999,59.360001,59.470001,30.950272,2432900,0.0,0.0
2012-06-22,59.810001,59.900002,58.950001,59.34,30.882624,4891400,0.0,0.0
2012-06-25,58.889999,59.580002,58.669998,59.5,30.965893,2150300,0.0,0.0
2012-06-26,59.43,59.790001,59.150002,59.52,30.976305,2414400,0.0,0.0
2012-06-27,59.689999,59.689999,59.099998,59.5,30.965893,1689100,0.0,0.0
2012-06-28,59.209999,60.560001,58.959999,60.529999,31.501944,1572200,0.0,0.0
2012-06-29,61.549999,62.400002,61.189999,62.360001,32.454338,2398000,0.0,0.0
2012-07-02,62.84,62.959999,61.98,62.939999,32.756187,1870100,0.0,0.0
2012-07-03,62.689999,63.509998,62.610001,63.459999,33.026817,1080400,0.0,0.0
2012-07-05,63.240002,63.5,62.73,62.970001,32.771805,970200,0.0,0.0
2012-07-06,62.349998,63.360001,62.23,63.209999,32.896709,1053000,0.0,0.0
2012-07-09,63.18,63.450001,62.900002,63.450001,33.021618,1162900,0.0,0.0
2012-07-10,63.450001,64.379997,62.220001,62.549999,32.553215,1372100,0.0,0.0
2012-07-11,62.5,63.18,62.279999,63.029999,32.803032,1881400,0.0,0.0
2012-07-12,62.689999,63.990002,62.439999,63.639999,33.120487,1647600,0.0,0.0
2012-07-13,63.759998,64.879997,63.720001,64.760002,33.703384,1534500,0.0,0.0
2012-07-16,64.790001,64.980003,64.370003,64.82,33.734619,1048500,0.0,0.0
2012-07-17,65.080002,65.720001,64.510002,65.470001,34.072899,1722600,0.0,0.0
2012-07-18,65.160004,65.440002,64.639999,64.949997,33.802261,1660500,0.0,0.0
2012-07-19,64.970001,65.43,63.82,64.540001,33.588886,1944200,0.0,0.0
2012-07-20,64.019997,64.650002,63.779999,64.089996,33.354702,2115300,0.0,0.0
2012-07-23,63.490002,64.169998,63.25,63.950001,33.281834,1504900,0.0,0.0
2012-07-24,63.91,64.099998,62.849998,63.459999,33.026817,1434500,0.0,0.0
2012-07-25,63.779999,63.98,62.950001,63.490002,33.042435,1207600,0.0,0.0
2012-07-26,64.25,64.440002,62.119999,62.919998,32.745789,2475500,0.0,0.0
2012-07-27,63.259998,63.400002,62.599998,62.98,32.777012,1858300,0.0,0.0
2012-07-30,63.02,63.52,62.869999,63.330002,32.959171,1569700,0.0,0.0
2012-07-31,63.290001,63.560001,63.209999,63.310001,32.948761,1954300,0.0,0.0
2012-08-01,63.369999,63.830002,62.5,62.5,32.527203,1484200,0.0,0.0
2012-08-02,62.110001,62.849998,61.919998,62.790001,32.678116,1423100,0.0,0.0
2012-08-03,63.27,63.43,62.580002,62.709999,32.636497,995600,0.0,0.0
2012-08-06,62.959999,63.009998,62.290001,62.349998,32.449142,806600,0.0,0.0
2012-08-07,62.48,62.529999,61.380001,61.41,31.959936,1157000,0.0,0.0
2012-08-08,61.02,61.23,60.549999,60.830002,31.658079,1394900,0.0,0.0
2012-08-09,60.689999,61.009998,60.18,60.25,31.356222,1685100,0.0,0.0
2012-08-10,60.220001,60.349998,59.919998,60.200001,31.330204,2034200,0.0,0.0
2012-08-13,60.130001,60.41,59.689999,59.759998,31.101202,1665500,0.0,0.0
2012-08-14,59.849998,60.040001,59.169998,59.32,30.872213,1530700,0.0,0.0
2012-08-15,59.23,59.700001,59.16,59.560001,30.997112,1193000,0.0,0.0
2012-08-16,59.48,59.75,59.009998,59.75,31.096003,2120000,0.0,0.0
2012-08-17,60.049999,60.23,59.830002,60.169998,31.314589,1844700,0.0,0.0
2012-08-20,60.009998,60.32,59.669998,60.110001,31.283358,1422100,0.0,0.0
2012-08-21,60.16,60.419998,59.830002,60.32,31.392645,1139400,0.0,0.0
2012-08-22,60.130001,60.98,59.549999,60.93,31.710125,1977100,0.0,0.0
2012-08-23,60.759998,61.610001,60.52,61.27,31.887072,2026100,0.0,0.0
2012-08-24,60.970001,61.040001,60.040001,60.82,31.652874,1825000,0.0,0.0
2012-08-27,60.889999,61.330002,60.560001,61.029999,31.762159,1797400,0.0,0.0
2012-08-28,60.900002,61.369999,60.59,61.119999,31.80901,1106500,0.0,0.0
2012-08-29,61.049999,61.240002,60.889999,60.919998,31.704912,761100,0.0,0.0
2012-08-30,60.650002,60.91,60.459999,60.619999,31.548782,1054400,0.0,0.0
2012-08-31,60.82,60.82,60.040001,60.400002,31.434294,2111400,0.0,0.0
2012-09-04,60.490002,60.68,60.040001,60.599998,31.538372,1217100,0.0,0.0
2012-09-05,60.720001,60.779999,59.950001,60.330002,31.397854,1119900,0.0,0.0
2012-09-06,60.689999,60.900002,60.400002,60.720001,31.600838,1465900,0.0,0.0
2012-09-07,61.150002,61.470001,60.560001,60.560001,31.517565,1850700,0.0,0.0
2012-09-10,60.619999,60.619999,59.459999,59.459999,30.94508,2216000,0.0,0.0
2012-09-11,59.68,59.990002,59.07,59.360001,30.893036,1792800,0.0,0.0
2012-09-12,59.5,59.529999,59.0,59.25,30.835779,1765000,0.0,0.0
2012-09-13,59.290001,60.360001,59.09,60.18,31.319794,2149400,0.0,0.0
2012-09-14,60.490002,61.02,60.049999,60.23,31.345819,2231500,0.0,0.0
2012-09-17,60.119999,60.599998,60.119999,60.240002,31.351017,1093400,0.0,0.0
2012-09-18,60.029999,60.549999,59.439999,59.77,31.106405,1349900,0.0,0.0
2012-09-19,59.279999,59.779999,58.869999,59.110001,30.937874,1478200,0.338,0.0
2012-09-20,58.860001,58.880001,57.459999,57.549999,30.121378,2490100,0.0,0.0
2012-09-21,57.689999,57.689999,57.25,57.43,30.058571,2945800,0.0,0.0
2012-09-24,56.939999,58.119999,56.759998,57.740002,30.220823,1793700,0.0,0.0
2012-09-25,57.810001,57.93,56.959999,56.990002,29.828287,1763300,0.0,0.0
2012-09-26,56.869999,57.830002,56.869999,57.380001,30.032412,1661800,0.0,0.0
2012-09-27,57.48,58.610001,57.27,57.740002,30.220823,2558900,0.0,0.0
2012-09-28,57.450001,57.790001,57.27,57.529999,30.11092,1648600,0.0,0.0
2012-10-01,57.630001,57.799999,56.5,57.209999,29.943428,1593000,0.0,0.0
2012-10-02,57.419998,57.549999,56.689999,57.529999,30.11092,1604000,0.0,0.0
2012-10-03,57.509998,57.970001,56.98,57.130001,29.901556,1173300,0.0,0.0
2012-10-04,57.369999,57.5,56.380001,56.48,29.561352,2029000,0.0,0.0
2012-10-05,56.73,57.27,56.509998,56.880001,29.770714,1584600,0.0,0.0
2012-10-08,56.84,56.889999,56.220001,56.400002,29.519485,1169000,0.0,0.0
2012-10-09,56.450001,56.66,55.830002,55.84,29.226385,1699300,0.0,0.0
2012-10-10,55.93,56.389999,55.66,56.34,29.488073,1463600,0.0,0.0
2012-10-11,56.619999,56.799999,56.119999,56.189999,29.409565,1999200,0.0,0.0
2012-10-12,56.259998,56.93,55.880001,56.02,29.320591,1559500,0.0,0.0
2012-10-15,56.130001,56.299999,55.759998,56.209999,29.420023,1358300,0.0,0.0
2012-10-16,56.369999,56.639999,56.209999,56.369999,29.503771,1239200,0.0,0.0
2012-10-17,57.080002,57.080002,56.130001,56.389999,29.51425,1987700,0.0,0.0
2012-10-18,56.380001,57.52,56.299999,57.48,30.084736,957400,0.0,0.0
2012-10-19,57.5,58.119999,56.950001,57.130001,29.901556,1717900,0.0,0.0
2012-10-22,56.290001,56.790001,55.939999,56.310001,29.472374,1543300,0.0,0.0
2012-10-23,55.849998,56.52,55.639999,56.290001,29.461903,1189800,0.0,0.0
2012-10-24,56.48,56.639999,55.799999,56.119999,29.372932,1243400,0.0,0.0
2012-10-25,56.93,57.049999,55.810001,56.419998,29.529947,1492200,0.0,0.0
2012-10-26,56.419998,56.490002,55.57,56.060001,29.341526,1299500,0.0,0.0
2012-10-31,56.799999,57.529999,56.16,57.41,30.048101,1837100,0.0,0.0
2012-11-01,57.240002,58.150002,57.07,58.150002,30.435423,2537000,0.0,0.0
2012-11-02,58.48,59.610001,58.220001,59.099998,30.932644,2600000,0.0,0.0
2012-11-05,58.82,58.849998,58.139999,58.560001,30.650017,1676600,0.0,0.0
2012-11-06,58.560001,58.849998,57.950001,58.59,30.665709,1811700,0.0,0.0
2012-11-07,58.459999,58.599998,57.939999,58.0,30.356915,1821500,0.0,0.0
2012-11-08,57.82,58.150002,57.130001,57.130001,29.901556,1151800,0.0,0.0
2012-11-09,56.939999,57.330002,56.619999,56.66,29.65556,1672800,0.0,0.0
2012-11-12,56.810001,56.830002,56.049999,56.299999,29.467138,1312300,0.0,0.0
2012-11-13,56.009998,56.349998,55.880001,55.959999,29.289192,1143600,0.0,0.0
2012-11-14,56.139999,56.139999,54.310001,54.509998,28.53026,1872100,0.0,0.0
2012-11-15,54.349998,54.700001,53.990002,54.279999,28.409882,1913200,0.0,0.0
2012-11-16,54.450001,54.700001,53.700001,54.310001,28.425583,2094200,0.0,0.0
2012-11-19,54.779999,55.240002,54.52,54.700001,28.629709,1253900,0.0,0.0
2012-11-20,54.68,54.68,54.07,54.599998,28.57736,1707300,0.0,0.0
2012-11-21,54.349998,54.720001,53.93,54.060001,28.294731,1064100,0.0,0.0
2012-11-23,54.439999,54.52,54.009998,54.459999,28.504084,449800,0.0,0.0
2012-11-26,54.099998,54.990002,53.84,54.43,28.488386,1496100,0.0,0.0
2012-11-27,53.5,56.68,53.25,55.25,28.917585,5447800,0.0,0.0
2012-11-28,54.759998,55.310001,54.200001,55.18,28.880943,3209500,0.0,0.0
2012-11-29,55.790001,56.099998,55.119999,55.75,29.17927,18146200,0.0,0.0
2012-11-30,55.939999,55.98,55.07,55.509998,29.053663,4000900,0.0,0.0
2012-12-03,55.759998,55.869999,55.049999,55.209999,28.896646,2507200,0.0,0.0
2012-12-04,55.34,55.5,54.970001,54.98,28.776257,2519400,0.0,0.0
2012-12-05,55.310001,55.310001,54.34,54.43,28.488386,2750600,0.0,0.0
2012-12-06,54.669998,55.560001,54.43,55.560001,29.079826,3445200,0.0,0.0
2012-12-07,55.48,55.73,54.91,55.110001,28.844307,2157000,0.0,0.0
2012-12-10,54.91,55.48,54.900002,55.09,28.833832,1708800,0.0,0.0
2012-12-11,55.25,55.34,54.77,55.0,28.786722,1764700,0.0,0.0
2012-12-12,55.119999,55.630001,54.790001,55.369999,28.980385,2015100,0.0,0.0
2012-12-13,55.259998,55.700001,54.900002,55.130001,28.854765,1580100,0.0,0.0
2012-12-14,55.16,55.580002,55.130001,55.490002,29.043194,1410600,0.0,0.0
2012-12-17,55.709999,55.91,55.16,55.73,29.168802,1811200,0.0,0.0
2012-12-18,55.77,56.240002,55.689999,56.23,29.430496,1923500,0.0,0.0
2012-12-19,55.549999,55.740002,55.360001,55.389999,29.391771,1806300,0.767,0.0
2012-12-20,55.360001,56.5,55.189999,56.5,29.980768,1978800,0.0,0.0
2012-12-21,55.639999,56.970001,55.639999,56.610001,30.039133,4466600,0.0,0.0
2012-12-24,56.59,56.900002,56.259998,56.68,30.07629,725700,0.0,0.0
2012-12-26,56.779999,56.810001,55.84,56.049999,29.741982,1868300,0.0,0.0
2012-12-27,56.110001,56.529999,55.849998,56.43,29.943626,1217500,0.0,0.0
2012-12-28,56.189999,56.709999,55.880001,55.900002,29.662394,984500,0.0,0.0
2012-12-31,55.860001,56.669998,55.75,56.669998,30.070976,1297200,0.0,0.0
2013-01-02,57.540001,57.630001,56.669998,57.009998,30.25139,1322300,0.0,0.0
2013-01-03,57.080002,57.48,56.779999,57.25,30.378746,1358600,0.0,0.0
2013-01-04,57.279999,58.169998,56.959999,57.23,30.36813,1585300,0.0,0.0
2013-01-07,57.27,57.75,56.869999,57.66,30.596298,1170200,0.0,0.0
2013-01-08,57.91,58.200001,57.630001,57.869999,30.707731,1303700,0.0,0.0
2013-01-09,58.02,58.200001,57.73,58.0,30.776712,1179000,0.0,0.0
2013-01-10,58.209999,58.369999,57.900002,58.369999,30.973049,1040300,0.0,0.0
2013-01-11,58.450001,58.450001,57.709999,58.150002,30.856314,945200,0.0,0.0
2013-01-14,58.150002,58.610001,58.080002,58.419998,30.999588,849400,0.0,0.0
2013-01-15,58.32,58.799999,58.119999,58.740002,31.16938,1122200,0.0,0.0
2013-01-16,58.630001,58.779999,58.25,58.580002,31.08449,1133100,0.0,0.0
2013-01-17,58.720001,58.810001,58.43,58.470001,31.026115,1122900,0.0,0.0
2013-01-18,58.459999,58.709999,58.209999,58.41,30.99427,2114900,0.0,0.0
2013-01-22,58.34,58.509998,58.279999,58.509998,31.047344,1457300,0.0,0.0
2013-01-23,58.360001,58.650002,58.220001,58.389999,30.983664,1028400,0.0,0.0
2013-01-24,58.490002,58.599998,57.73,57.970001,30.760788,1730100,0.0,0.0
2013-01-25,58.139999,58.48,57.880001,58.09,30.824478,1285200,0.0,0.0
2013-01-28,58.5,58.5,57.919998,58.150002,30.856314,1554900,0.0,0.0
2013-01-29,58.049999,58.450001,57.68,57.75,30.64406,2161400,0.0,0.0
2013-01-30,57.759998,57.939999,57.040001,57.07,30.283228,1833900,0.0,0.0
2013-01-31,57.009998,57.060001,55.34,55.389999,29.391771,3774600,0.0,0.0
2013-02-01,55.700001,56.009998,54.360001,54.73,29.041552,4389700,0.0,0.0
2013-02-04,54.790001,55.049999,54.189999,54.459999,28.89827,2516500,0.0,0.0
2013-02-05,54.459999,54.650002,53.639999,54.16,28.739086,3834900,0.0,0.0
2013-02-06,54.169998,55.950001,54.169998,55.23,29.306862,3649400,0.0,0.0
2013-02-07,55.16,55.23,54.299999,54.82,29.089293,2570200,0.0,0.0
2013-02-08,55.060001,55.98,55.060001,55.439999,29.418308,3280200,0.0,0.0
2013-02-11,55.439999,56.68,55.419998,56.459999,29.959553,3843700,0.0,0.0
2013-02-12,56.529999,57.52,56.349998,57.490002,30.5061,2872500,0.0,0.0
2013-02-13,57.439999,57.740002,57.220001,57.650002,30.590992,2078500,0.0,0.0
2013-02-14,57.41,57.919998,57.41,57.560001,30.543245,1985200,0.0,0.0
2013-02-15,57.599998,57.68,57.220001,57.509998,30.516701,3554800,0.0,0.0
2013-02-19,57.599998,58.0,57.290001,57.580002,30.55386,1534600,0.0,0.0
2013-02-20,57.59,58.099998,57.380001,57.439999,30.479561,1627100,0.0,0.0
2013-02-21,57.299999,57.470001,56.740002,57.110001,30.304457,1680700,0.0,0.0
2013-02-22,57.27,57.48,57.099998,57.209999,30.357512,1456700,0.0,0.0
2013-02-25,57.389999,57.41,55.970001,56.0,29.71545,2088200,0.0,0.0
2013-02-26,56.220001,56.560001,55.630001,56.0,29.71545,1550100,0.0,0.0
2013-02-27,55.869999,56.259998,55.77,55.990002,29.710142,1255600,0.0,0.0
2013-02-28,56.0,56.18,55.02,55.040001,29.206043,4089700,0.0,0.0
2013-03-01,55.029999,55.529999,54.790001,55.34,29.365234,2273400,0.0,0.0
2013-03-04,55.169998,55.84,55.139999,55.650002,29.529732,1665000,0.0,0.0
2013-03-05,55.68,56.330002,55.509998,56.139999,29.78974,1641300,0.0,0.0
2013-03-06,56.360001,56.48,55.799999,56.360001,29.906487,1452300,0.0,0.0
2013-03-07,56.240002,56.529999,55.099998,55.240002,29.31217,2669400,0.0,0.0
2013-03-08,55.299999,55.299999,54.509998,54.93,29.147686,2239300,0.0,0.0
2013-03-11,54.919998,54.970001,54.509998,54.82,29.089293,1464600,0.0,0.0
2013-03-12,54.779999,55.110001,54.450001,54.990002,29.17951,2489400,0.0,0.0
2013-03-13,55.110001,55.59,54.77,55.459999,29.428919,2428500,0.0,0.0
2013-03-14,55.599998,56.540001,55.34,56.389999,29.922409,2479600,0.0,0.0
2013-03-15,56.099998,56.369999,55.919998,56.09,29.763212,2493800,0.0,0.0
2013-03-18,55.799999,56.349998,55.299999,55.59,29.497889,2076000,0.0,0.0
2013-03-19,55.619999,55.709999,54.610001,55.049999,29.211348,1733000,0.0,0.0
2013-03-20,54.630001,55.040001,54.48,54.91,29.350328,1400600,0.4,0.0
2013-03-21,54.610001,55.189999,54.369999,54.389999,29.072376,1453100,0.0,0.0
2013-03-22,54.41,54.77,54.209999,54.66,29.2167,1768200,0.0,0.0
2013-03-25,54.82,55.16,54.490002,54.959999,29.377045,1961000,0.0,0.0
2013-03-26,55.080002,55.59,55.07,55.389999,29.606901,2124600,0.0,0.0
2013-03-27,55.360001,55.360001,54.970001,55.060001,29.4305,1281900,0.0,0.0
2013-03-28,55.09,55.32,54.740002,55.060001,29.4305,2042300,0.0,0.0
2013-04-01,54.970001,55.549999,54.700001,55.549999,29.692404,1319000,0.0,0.0
2013-04-02,55.82,56.110001,55.470001,55.529999,29.681721,2049700,0.0,0.0
2013-04-03,55.82,56.029999,55.540001,55.93,29.895538,1180500,0.0,0.0
2013-04-04,56.139999,57.599998,56.049999,57.52,30.745413,1870300,0.0,0.0
2013-04-05,57.169998,58.189999,57.009998,57.880001,30.937845,2109900,0.0,0.0
2013-04-08,57.799999,58.290001,57.599998,58.009998,31.00732,1807800,0.0,0.0
2013-04-09,58.07,58.580002,57.650002,58.310001,31.167696,1456100,0.0,0.0
2013-04-10,58.299999,58.490002,58.040001,58.349998,31.18907,1203300,0.0,0.0
2013-04-11,58.43,59.419998,58.299999,59.02,31.547194,2348200,0.0,0.0
2013-04-12,59.130001,59.139999,58.580002,59.09,31.584604,1500400,0.0,0.0
2013-04-15,58.68,59.09,57.869999,57.900002,30.948532,1579700,0.0,0.0
2013-04-16,58.110001,58.66,57.77,58.529999,31.285282,1597500,0.0,0.0
2013-04-17,58.029999,58.139999,57.259998,57.669998,30.825584,1762000,0.0,0.0
2013-04-18,57.619999,58.32,57.459999,57.84,30.916458,1804300,0.0,0.0
2013-04-19,58.080002,58.27,57.439999,57.970001,30.985945,1665400,0.0,0.0
2013-04-22,58.029999,58.16,57.52,57.599998,30.788168,1191100,0.0,0.0
2013-04-23,57.860001,58.060001,57.310001,57.73,30.85767,1481400,0.0,0.0
2013-04-24,57.799999,58.189999,57.490002,57.689999,30.836285,1411200,0.0,0.0
2013-04-25,57.630001,57.77,57.07,57.200001,30.574358,1802700,0.0,0.0
2013-04-26,57.279999,57.369999,56.419998,56.610001,30.258997,2142100,0.0,0.0
2013-04-29,56.830002,57.290001,56.380001,57.209999,30.579704,1172500,0.0,0.0
2013-04-30,57.169998,58.060001,56.990002,58.060001,31.034054,2161900,0.0,0.0
2013-05-01,57.68,58.509998,56.560001,56.900002,30.414015,2343400,0.0,0.0
2013-05-02,57.060001,57.389999,56.43,56.630001,30.269697,1557200,0.0,0.0
2013-05-03,56.799999,56.860001,55.900002,56.02,29.94363,2222000,0.0,0.0
2013-05-06,55.93,56.380001,55.91,56.290001,30.087954,1630400,0.0,0.0
2013-05-07,56.439999,57.349998,56.150002,57.220001,30.585058,1631000,0.0,0.0
2013-05-08,57.099998,57.779999,57.060001,57.529999,30.750757,1574400,0.0,0.0
2013-05-09,57.630001,57.639999,57.029999,57.240002,30.595755,1926100,0.0,0.0
2013-05-10,57.369999,57.709999,57.009998,57.709999,30.846973,1241100,0.0,0.0
2013-05-13,57.580002,58.77,57.400002,58.73,31.392178,2736700,0.0,0.0
2013-05-14,58.610001,59.529999,58.610001,59.220001,31.654081,4237400,0.0,0.0
2013-05-15,59.27,59.439999,59.0,59.16,31.622028,3136600,0.0,0.0
2013-05-16,58.98,60.0,58.950001,59.610001,31.862553,1739600,0.0,0.0
2013-05-17,59.59,59.830002,59.150002,59.59,31.851854,2497600,0.0,0.0
2013-05-20,59.57,60.259998,59.41,60.18,32.167233,2198300,0.0,0.0
2013-05-21,60.209999,60.970001,60.099998,60.75,32.471905,2838400,0.0,0.0
2013-05-22,60.700001,60.950001,58.740002,59.130001,31.605974,2960800,0.0,0.0
2013-05-23,58.41,60.32,58.049999,60.18,32.167233,10784300,0.0,0.0
2013-05-24,59.970001,60.380001,59.389999,60.299999,32.231365,2630000,0.0,0.0
2013-05-28,60.810001,60.900002,59.150002,59.41,31.755653,3572300,0.0,0.0
2013-05-29,59.029999,59.099998,57.470001,58.540001,31.290627,4289300,0.0,0.0
2013-05-30,58.529999,58.580002,57.259998,57.419998,30.691946,2825400,0.0,0.0
2013-05-31,57.220001,57.93,56.419998,56.549999,30.226938,4255000,0.0,0.0
2013-06-03,56.580002,57.57,56.099998,57.240002,30.595755,3625200,0.0,0.0
2013-06-04,57.34,57.580002,56.759998,57.139999,30.542297,3006900,0.0,0.0
2013-06-05,57.150002,57.490002,56.639999,56.73,30.323151,2159800,0.0,0.0
2013-06-06,56.599998,57.040001,56.0,56.669998,30.291065,1871100,0.0,0.0
2013-06-07,56.880001,56.959999,55.720001,56.689999,30.301754,2320400,0.0,0.0
2013-06-10,56.689999,56.889999,55.900002,56.040001,29.95433,2159600,0.0,0.0
2013-06-11,55.630001,55.82,55.02,55.119999,29.462576,1830100,0.0,0.0
2013-06-12,55.419998,55.419998,54.599998,54.75,29.264807,2008900,0.0,0.0
2013-06-13,54.630001,56.57,54.599998,56.439999,30.168135,1692900,0.0,0.0
2013-06-14,56.5,57.049999,55.970001,56.34,30.114676,1400600,0.0,0.0
2013-06-17,56.700001,56.91,55.970001,56.41,30.152098,1804300,0.0,0.0
2013-06-18,56.459999,57.040001,56.099998,56.610001,30.258997,1612200,0.0,0.0
2013-06-19,56.560001,56.82,54.720001,55.0,29.398424,1871700,0.0,0.0
2013-06-20,54.34,54.34,52.709999,52.91,28.488485,2242900,0.4,0.0
2013-06-21,53.419998,55.34,53.360001,54.73,29.468426,3829400,0.0,0.0
2013-06-24,54.02,56.619999,53.470001,55.59,29.931477,3679900,0.0,0.0
2013-06-25,55.82,56.619999,55.389999,56.400002,30.367617,2971900,0.0,0.0
2013-06-26,56.619999,57.380001,56.580002,57.25,30.825283,2661400,0.0,0.0
2013-06-27,57.639999,58.799999,57.5,58.419998,31.455248,3055200,0.0,0.0
2013-06-28,58.279999,58.73,57.950001,58.060001,31.26141,3592400,0.0,0.0
2013-07-01,58.34,58.700001,57.389999,57.48,30.94912,2431300,0.0,0.0
2013-07-02,57.43,58.18,57.41,57.84,31.142952,2738000,0.0,0.0
2013-07-03,57.560001,57.869999,56.759998,57.439999,30.927574,1273400,0.0,0.0
2013-07-05,57.52,57.77,56.130001,57.360001,30.884502,1536800,0.0,0.0
2013-07-08,57.52,57.98,57.209999,57.349998,30.87912,1447700,0.0,0.0
2013-07-09,57.560001,58.439999,57.32,57.970001,31.212946,1550400,0.0,0.0
2013-07-10,57.849998,57.970001,57.200001,57.91,31.180641,1890400,0.0,0.0
2013-07-11,58.549999,59.279999,58.459999,59.080002,31.810612,1946200,0.0,0.0
2013-07-12,59.099998,59.27,58.41,58.630001,31.568308,1287700,0.0,0.0
2013-07-15,58.169998,58.790001,57.98,58.610001,31.557552,847500,0.0,0.0
2013-07-16,58.610001,59.279999,58.450001,58.740002,31.627544,1917200,0.0,0.0
2013-07-17,58.75,58.98,58.360001,58.75,31.632927,1131500,0.0,0.0
2013-07-18,58.66,59.400002,58.57,59.09,31.815994,1014100,0.0,0.0
2013-07-19,59.080002,59.220001,58.490002,58.740002,31.627544,1471100,0.0,0.0
2013-07-22,58.73,59.060001,58.48,58.849998,31.686769,807900,0.0,0.0
2013-07-23,58.990002,59.189999,58.5,58.75,31.632927,904400,0.0,0.0
2013-07-24,58.77,58.849998,57.119999,57.439999,30.927574,1886100,0.0,0.0
2013-07-25,57.34,58.07,57.150002,57.73,31.083733,1583000,0.0,0.0
2013-07-26,57.630001,58.110001,57.279999,58.09,31.277554,733300,0.0,0.0
2013-07-29,58.099998,58.279999,57.639999,57.779999,31.11064,1427800,0.0,0.0
2013-07-30,58.119999,58.59,57.509998,57.66,31.046024,1487200,0.0,0.0
2013-07-31,57.290001,57.599998,55.080002,56.0,30.152241,3363400,0.0,0.0
2013-08-01,56.259998,56.540001,55.470001,55.66,29.969177,2309900,0.0,0.0
2013-08-02,55.419998,56.0,54.880001,54.950001,29.58688,1993300,0.0,0.0
2013-08-05,55.139999,55.139999,54.549999,54.889999,29.554579,1660800,0.0,0.0
2013-08-06,54.75,55.189999,54.470001,54.740002,29.473804,1688500,0.0,0.0
2013-08-07,54.57,54.799999,54.18,54.25,29.209984,1646400,0.0,0.0
2013-08-08,54.5,54.5,53.91,54.259998,29.215368,1776200,0.0,0.0
2013-08-09,54.009998,54.580002,53.689999,54.209999,29.188433,1628200,0.0,0.0
2013-08-12,54.0,54.099998,53.009998,53.470001,28.790014,1431300,0.0,0.0
2013-08-13,53.470001,53.529999,52.48,52.66,28.35387,1462000,0.0,0.0
2013-08-14,52.560001,52.900002,52.34,52.57,28.305412,1073900,0.0,0.0
2013-08-15,52.139999,52.209999,51.209999,51.790001,27.885437,1811800,0.0,0.0
2013-08-16,51.709999,51.830002,50.57,50.669998,27.282383,3952000,0.0,0.0
2013-08-19,50.439999,50.919998,50.279999,50.450001,27.163937,1936100,0.0,0.0
2013-08-20,50.630001,51.619999,50.59,51.32,27.632376,1947200,0.0,0.0
2013-08-21,51.02,51.98,50.240002,51.279999,27.610842,2208600,0.0,0.0
2013-08-22,51.380001,51.990002,50.82,51.849998,27.917734,1597100,0.0,0.0
2013-08-23,51.82,52.57,51.380001,52.509998,28.273108,1869200,0.0,0.0
2013-08-26,52.57,53.330002,52.52,52.91,28.488485,1824400,0.0,0.0
2013-08-27,52.439999,53.099998,52.169998,52.919998,28.493874,1640300,0.0,0.0
2013-08-28,52.810001,52.810001,51.860001,52.099998,28.052351,1488000,0.0,0.0
2013-08-29,51.939999,52.16,51.400002,52.099998,28.052351,1070800,0.0,0.0
2013-08-30,52.25,52.549999,51.779999,51.889999,27.939274,1818400,0.0,0.0
2013-09-03,52.259998,52.349998,50.77,51.259998,27.600065,1634900,0.0,0.0
2013-09-04,51.41,52.310001,51.0,52.0,27.998497,1579100,0.0,0.0
2013-09-05,51.970001,52.009998,51.299999,51.740002,27.858513,1233900,0.0,0.0
2013-09-06,52.150002,53.25,52.150002,53.040001,28.558474,2166900,0.0,0.0
2013-09-09,53.040001,54.200001,52.98,54.189999,29.17767,2168100,0.0,0.0
2013-09-10,54.220001,54.48,53.970001,54.400002,29.290741,1410800,0.0,0.0
2013-09-11,54.380001,54.91,54.169998,54.91,29.565348,1709200,0.0,0.0
2013-09-12,54.889999,55.23,54.549999,54.720001,29.463043,1384500,0.0,0.0
2013-09-13,54.5,54.860001,54.290001,54.59,29.39304,1381400,0.0,0.0
2013-09-16,55.209999,55.650002,54.470001,54.810001,29.511503,1735600,0.0,0.0
2013-09-17,54.779999,55.380001,54.540001,54.549999,29.3715,1619000,0.0,0.0
2013-09-18,54.669998,56.970001,54.32,56.490002,30.416063,3149900,0.0,0.0
2013-09-19,56.450001,56.950001,56.0,56.310001,30.53537,2451900,0.4,0.0
2013-09-20,56.5,56.630001,55.759998,56.099998,30.421494,5784600,0.0,0.0
2013-09-23,55.77,56.400002,55.110001,55.18,29.922615,1155600,0.0,0.0
2013-09-24,55.25,55.400002,54.220001,54.290001,29.43997,1786200,0.0,0.0
2013-09-25,54.32,54.959999,54.0,54.560001,29.586397,1290700,0.0,0.0
2013-09-26,54.529999,54.889999,54.32,54.669998,29.646053,1218000,0.0,0.0
2013-09-27,54.290001,54.830002,54.040001,54.549999,29.580959,1003100,0.0,0.0
2013-09-30,54.23,54.959999,53.349998,53.57,29.049526,1728400,0.0,0.0
2013-10-01,53.610001,54.619999,53.400002,54.310001,29.450815,2152600,0.0,0.0
2013-10-02,54.099998,54.599998,53.43,54.080002,29.326103,1810200,0.0,0.0
2013-10-03,53.970001,54.18,52.630001,52.860001,28.66452,2069200,0.0,0.0
2013-10-04,52.799999,53.119999,52.18,52.630001,28.539797,1448800,0.0,0.0
2013-10-07,52.220001,53.18,52.189999,53.0,28.740442,1346200,0.0,0.0
2013-10-08,52.91,52.970001,52.130001,52.18,28.295782,1333200,0.0,0.0
2013-10-09,52.189999,52.779999,52.139999,52.220001,28.317476,1095700,0.0,0.0
2013-10-10,52.549999,53.560001,52.34,53.540001,29.033268,1802400,0.0,0.0
2013-10-11,53.540001,53.740002,53.009998,53.720001,29.13089,1265500,0.0,0.0
2013-10-14,53.389999,53.779999,53.23,53.630001,29.082079,1259000,0.0,0.0
2013-10-15,53.34,53.990002,53.220001,53.619999,29.076653,1256700,0.0,0.0
2013-10-16,53.919998,54.82,53.740002,54.77,29.70027,1554500,0.0,0.0
2013-10-17,54.939999,55.709999,54.509998,55.599998,30.150349,1473600,0.0,0.0
2013-10-18,56.02,56.060001,55.040001,55.209999,29.938881,1483900,0.0,0.0
2013-10-21,55.119999,55.279999,54.709999,55.049999,29.852104,1442300,0.0,0.0
2013-10-22,55.23,55.93,55.09,55.470001,30.079861,2067800,0.0,0.0
2013-10-23,55.41,55.669998,54.950001,55.549999,30.12323,1517900,0.0,0.0
2013-10-24,55.41,55.41,53.610001,53.82,29.185114,3471400,0.0,0.0
2013-10-25,53.810001,55.060001,53.610001,54.91,29.776192,2405700,0.0,0.0
2013-10-28,55.0,55.07,53.75,54.369999,29.483355,1684000,0.0,0.0
2013-10-29,54.369999,54.450001,53.470001,53.849998,29.20138,1538400,0.0,0.0
2013-10-30,53.849998,54.110001,52.939999,53.150002,28.821789,2162000,0.0,0.0
2013-10-31,53.599998,53.869999,51.759998,52.360001,28.393393,2930200,0.0,0.0
2013-11-01,52.450001,52.959999,52.330002,52.900002,28.68622,2133700,0.0,0.0
2013-11-04,52.919998,53.389999,52.810001,53.369999,28.941084,1733800,0.0,0.0
2013-11-05,53.23,53.389999,52.470001,52.560001,28.501844,1300700,0.0,0.0
2013-11-06,52.630001,53.009998,52.580002,52.66,28.556072,1190100,0.0,0.0
2013-11-07,52.720001,52.810001,52.32,52.450001,28.442204,1687500,0.0,0.0
2013-11-08,52.200001,52.369999,50.98,51.700001,28.035488,1694400,0.0,0.0
2013-11-11,51.689999,52.009998,51.549999,51.650002,28.008379,1252800,0.0,0.0
2013-11-12,51.439999,51.610001,50.880001,51.290001,27.813164,1265200,0.0,0.0
2013-11-13,51.189999,51.560001,50.93,51.549999,27.954147,1895700,0.0,0.0
2013-11-14,51.98,52.439999,51.740002,52.07,28.236137,1442100,0.0,0.0
2013-11-15,51.970001,52.169998,51.169998,51.380001,27.861959,1609600,0.0,0.0
2013-11-18,51.59,51.73,50.799999,51.220001,27.7752,1691300,0.0,0.0
2013-11-19,51.09,51.209999,50.75,51.049999,27.683012,1316000,0.0,0.0
2013-11-20,51.029999,51.549999,50.43,50.639999,27.460684,1005700,0.0,0.0
2013-11-21,50.66,50.990002,50.470001,50.830002,27.563713,1097000,0.0,0.0
2013-11-22,50.990002,51.009998,50.639999,50.830002,27.563713,2070100,0.0,0.0
2013-11-25,51.200001,51.200001,50.299999,50.599998,27.438992,1440600,0.0,0.0
2013-11-26,50.630001,50.939999,50.080002,50.889999,27.596256,2490300,0.0,0.0
2013-11-27,50.98,52.099998,50.91,52.009998,28.203594,3602800,0.0,0.0
2013-11-29,52.169998,52.169998,51.23,51.540001,27.948729,1665800,0.0,0.0
2013-12-02,51.299999,51.84,51.220001,51.66,28.013792,3862500,0.0,0.0
2013-12-03,51.439999,52.200001,51.349998,52.009998,28.203594,2433500,0.0,0.0
2013-12-04,51.57,53.830002,51.439999,52.93,28.702499,6087300,0.0,0.0
2013-12-05,52.93,53.09,52.25,52.619999,28.534384,1904900,0.0,0.0
2013-12-06,52.959999,53.32,52.57,53.16,28.827213,1860800,0.0,0.0
2013-12-09,52.990002,53.509998,52.990002,53.48,29.000746,1856200,0.0,0.0
2013-12-10,53.470001,54.049999,53.27,54.0,29.282722,3630700,0.0,0.0
2013-12-11,53.889999,53.98,53.049999,53.139999,28.816366,3287200,0.0,0.0
2013-12-12,52.990002,53.5,52.439999,52.450001,28.442204,2765200,0.0,0.0
2013-12-13,52.5,52.720001,51.880001,52.209999,28.312054,2020800,0.0,0.0
2013-12-16,52.279999,52.389999,51.889999,51.91,28.149366,1785000,0.0,0.0
2013-12-17,51.75,51.889999,51.34,51.619999,27.992115,1949100,0.0,0.0
2013-12-18,51.700001,52.509998,50.889999,52.5,28.469305,2711500,0.0,0.0
2013-12-19,52.470001,52.639999,51.610001,52.040001,28.219862,1641600,0.0,0.0
2013-12-20,51.790001,52.119999,51.639999,51.959999,28.176468,2570600,0.0,0.0
2013-12-23,52.049999,52.310001,51.630001,51.849998,28.116829,1706100,0.0,0.0
2013-12-24,51.25,51.66,51.200001,51.509998,28.287066,869200,0.65,0.0
2013-12-26,51.790001,52.02,51.57,51.759998,28.424364,1750700,0.0,0.0
2013-12-27,51.779999,51.970001,51.470001,51.84,28.468292,1290300,0.0,0.0
2013-12-30,51.82,52.240002,51.759998,52.060001,28.589113,1265600,0.0,0.0
2013-12-31,52.02,52.310001,51.720001,51.869999,28.484776,1676400,0.0,0.0
2014-01-02,51.740002,52.310001,51.549999,51.990002,28.550669,1520600,0.0,0.0
2014-01-03,52.07,52.610001,51.91,52.43,28.792299,1300200,0.0,0.0
2014-01-06,52.540001,53.189999,52.43,52.84,29.017448,1562000,0.0,0.0
2014-01-07,52.959999,53.169998,52.77,52.93,29.066874,1180200,0.0,0.0
2014-01-08,52.799999,53.41,52.709999,53.41,29.330467,2038800,0.0,0.0
2014-01-09,53.610001,53.689999,53.02,53.439999,29.346947,2154100,0.0,0.0
2014-01-10,53.709999,53.889999,53.310001,53.57,29.418335,2115300,0.0,0.0
2014-01-13,53.32,53.630001,53.110001,53.220001,29.226131,1917400,0.0,0.0
2014-01-14,53.330002,53.810001,53.25,53.490002,29.374401,1816200,0.0,0.0
2014-01-15,53.759998,53.939999,53.599998,53.779999,29.533655,1926000,0.0,0.0
2014-01-16,53.880001,54.09,53.689999,53.889999,29.594057,1680100,0.0,0.0
2014-01-17,53.939999,54.07,53.619999,53.84,29.566599,1794100,0.0,0.0
2014-01-21,54.130001,54.560001,53.939999,54.419998,29.88513,2155800,0.0,0.0
2014-01-22,54.439999,54.860001,53.950001,53.98,29.64348,2342800,0.0,0.0
2014-01-23,53.709999,53.830002,53.48,53.77,29.528173,2306300,0.0,0.0
2014-01-24,54.740002,54.740002,53.490002,53.700001,29.489723,2667000,0.0,0.0
2014-01-27,53.57,54.07,53.200001,53.360001,29.303017,4027300,0.0,0.0
2014-01-28,53.32,53.950001,53.299999,53.860001,29.577587,2243300,0.0,0.0
2014-01-29,53.610001,54.150002,53.459999,53.950001,29.627012,3138300,0.0,0.0
2014-01-30,54.200001,55.25,54.0,55.139999,30.280508,2690400,0.0,0.0
2014-01-31,54.68,55.610001,54.52,55.380001,30.412308,3483600,0.0,0.0
2014-02-03,55.23,55.25,54.610001,54.799999,30.093805,3092100,0.0,0.0
2014-02-04,55.02,55.5,54.75,55.380001,30.412308,3303500,0.0,0.0
2014-02-05,54.990002,55.950001,54.560001,55.779999,30.631971,3253900,0.0,0.0
2014-02-06,55.669998,56.52,55.650002,56.48,31.016378,3199000,0.0,0.0
2014-02-07,56.799999,57.139999,56.560001,56.869999,31.230545,2175700,0.0,0.0
2014-02-10,56.900002,57.68,56.77,57.599998,31.631437,2247100,0.0,0.0
2014-02-11,57.459999,58.290001,57.380001,58.029999,31.867575,1986000,0.0,0.0
2014-02-12,58.040001,58.209999,57.82,58.209999,31.966434,2510700,0.0,0.0
2014-02-13,57.959999,58.860001,57.860001,58.299999,32.015842,3557200,0.0,0.0
2014-02-14,58.32,58.740002,58.200001,58.580002,32.169609,1835700,0.0,0.0
2014-02-18,58.5,59.02,58.470001,59.0,32.400269,2255500,0.0,0.0
2014-02-19,58.849998,59.34,58.360001,58.490002,32.12019,2621600,0.0,0.0
2014-02-20,58.52,58.830002,58.0,58.73,32.251984,2025000,0.0,0.0
2014-02-21,58.689999,59.009998,58.34,58.709999,32.240997,1424300,0.0,0.0
2014-02-24,58.810001,59.150002,58.549999,58.549999,32.153133,2066800,0.0,0.0
2014-02-25,58.689999,59.09,58.419998,58.790001,32.284939,1594800,0.0,0.0
2014-02-26,59.060001,59.060001,58.43,58.57,32.164108,1551100,0.0,0.0
2014-02-27,58.549999,58.810001,58.0,58.360001,32.048798,1184200,0.0,0.0
2014-02-28,58.369999,58.709999,58.139999,58.470001,32.1092,2544900,0.0,0.0
2014-03-03,58.360001,58.810001,58.200001,58.52,32.136665,1969500,0.0,0.0
2014-03-04,59.110001,59.41,58.889999,59.400002,32.619923,2001500,0.0,0.0
2014-03-05,59.349998,59.400002,58.48,58.75,32.262974,2074300,0.0,0.0
2014-03-06,58.720001,58.740002,58.150002,58.360001,32.048798,2023400,0.0,0.0
2014-03-07,58.169998,58.34,57.52,58.25,31.988388,1842800,0.0,0.0
2014-03-10,58.220001,58.290001,57.5,57.73,31.702841,1643200,0.0,0.0
2014-03-11,57.740002,58.200001,57.689999,58.07,31.889536,1227600,0.0,0.0
2014-03-12,57.919998,58.630001,57.889999,58.630001,32.197063,1625400,0.0,0.0
2014-03-13,58.619999,58.790001,57.82,57.900002,31.796204,1938700,0.0,0.0
2014-03-14,57.900002,58.57,57.900002,58.07,31.889536,1233900,0.0,0.0
2014-03-17,58.32,58.68,58.099998,58.369999,32.054291,920800,0.0,0.0
2014-03-18,58.330002,58.48,58.040001,58.41,32.076244,890300,0.0,0.0
2014-03-19,58.32,58.720001,57.110001,57.279999,31.455706,1848100,0.0,0.0
2014-03-20,56.77,57.220001,56.509998,57.220001,31.699457,1519400,0.5,0.0
2014-03-21,57.400002,57.799999,57.099998,57.189999,31.682848,1971600,0.0,0.0
2014-03-24,57.349998,57.369999,56.560001,56.889999,31.516651,1772100,0.0,0.0
2014-03-25,57.110001,57.950001,57.110001,57.830002,32.037399,1382200,0.0,0.0
2014-03-26,57.880001,57.98,57.130001,57.130001,31.649616,1562600,0.0,0.0
2014-03-27,57.049999,57.349998,56.68,57.189999,31.682848,1135200,0.0,0.0
2014-03-28,57.330002,57.740002,57.130001,57.389999,31.793644,1039200,0.0,0.0
2014-03-31,57.66,58.349998,57.23,57.990002,32.126026,2426100,0.0,0.0
2014-04-01,58.150002,58.580002,57.68,58.560001,32.441811,1922300,0.0,0.0
2014-04-02,58.419998,59.34,58.200001,59.220001,32.807446,2168300,0.0,0.0
2014-04-03,59.220001,59.400002,58.32,58.639999,32.486137,1964600,0.0,0.0
2014-04-04,58.990002,59.400002,58.580002,59.16,32.774216,1343300,0.0,0.0
2014-04-07,59.279999,60.209999,59.130001,59.709999,33.078918,2048600,0.0,0.0
2014-04-08,59.419998,60.099998,59.349998,60.049999,33.267258,1823300,0.0,0.0
2014-04-09,60.150002,60.34,59.66,60.029999,33.256191,1828400,0.0,0.0
2014-04-10,60.029999,60.34,58.990002,59.169998,32.779743,1781900,0.0,0.0
2014-04-11,58.549999,59.150002,57.610001,57.73,31.982008,3851500,0.0,0.0
2014-04-14,58.18,58.400002,57.59,58.080002,32.1759,2024600,0.0,0.0
2014-04-15,57.990002,58.450001,57.810001,58.009998,32.137115,2609000,0.0,0.0
2014-04-16,58.43,58.799999,57.73,58.43,32.369789,3333900,0.0,0.0
2014-04-17,58.18,58.290001,57.189999,57.5,31.854588,3247500,0.0,0.0
2014-04-21,57.540001,58.25,57.34,58.240002,32.264538,3147000,0.0,0.0
2014-04-22,58.200001,58.200001,57.549999,58.130001,32.203606,1574000,0.0,0.0
2014-04-23,58.139999,58.209999,57.619999,57.849998,32.048481,1811600,0.0,0.0
2014-04-24,57.830002,58.560001,57.66,58.540001,32.430729,1243300,0.0,0.0
2014-04-25,58.540001,58.759998,58.380001,58.66,32.497227,1354500,0.0,0.0
2014-04-28,58.860001,59.580002,58.73,59.5,32.962574,1764500,0.0,0.0
2014-04-29,59.720001,59.720001,59.220001,59.32,32.862843,1325100,0.0,0.0
2014-04-30,59.27,59.459999,58.779999,59.439999,32.929329,1318000,0.0,0.0
2014-05-01,58.0,59.639999,58.0,59.59,33.012428,1755200,0.0,0.0
2014-05-02,59.41,60.220001,59.299999,60.209999,33.355907,1721000,0.0,0.0
2014-05-05,59.990002,60.799999,59.93,60.790001,33.677212,2001900,0.0,0.0
2014-05-06,60.57,61.049999,60.299999,60.919998,33.749237,2445600,0.0,0.0
2014-05-07,61.099998,61.900002,60.75,61.540001,34.092712,1575400,0.0,0.0
2014-05-08,61.43,62.049999,61.43,61.720001,34.192432,1208900,0.0,0.0
2014-05-09,61.889999,62.049999,61.470001,61.790001,34.231205,1049500,0.0,0.0
2014-05-12,61.939999,62.349998,61.669998,62.299999,34.513748,1278200,0.0,0.0
2014-05-13,61.919998,62.57,61.48,61.709999,34.18689,1652000,0.0,0.0
2014-05-14,61.740002,61.889999,61.220001,61.599998,34.125957,1436500,0.0,0.0
2014-05-15,61.610001,61.75,61.040001,61.470001,34.053928,1409400,0.0,0.0
2014-05-16,61.380001,61.939999,61.369999,61.849998,34.26445,1531600,0.0,0.0
2014-05-19,61.810001,62.02,61.439999,61.630001,34.142563,1126700,0.0,0.0
2014-05-20,61.759998,61.860001,61.09,61.41,34.020702,1188100,0.0,0.0
2014-05-21,61.470001,61.709999,60.93,61.040001,33.81572,1013900,0.0,0.0
2014-05-22,61.080002,61.209999,60.560001,60.639999,33.59412,1300200,0.0,0.0
2014-05-23,60.830002,61.0,60.540001,60.98,33.782478,1209000,0.0,0.0
2014-05-27,61.130001,61.52,61.040001,61.419998,34.026241,1419800,0.0,0.0
2014-05-28,61.32,61.400002,60.689999,61.189999,33.898819,1491800,0.0,0.0
2014-05-29,61.169998,61.669998,61.07,61.580002,34.11488,1263400,0.0,0.0
2014-05-30,61.630001,61.919998,61.48,61.799999,34.236748,1823500,0.0,0.0
2014-06-02,61.810001,62.389999,61.639999,62.110001,34.408482,1144200,0.0,0.0
2014-06-03,62.040001,62.419998,61.869999,62.200001,34.458355,1029600,0.0,0.0
2014-06-04,62.060001,62.27,61.880001,62.130001,34.419563,854800,0.0,0.0
2014-06-05,62.189999,63.23,61.900002,63.18,35.001251,1280000,0.0,0.0
2014-06-06,63.240002,63.25,62.43,62.650002,34.707649,1069700,0.0,0.0
2014-06-09,62.529999,62.740002,61.5,61.720001,34.192432,1413900,0.0,0.0
2014-06-10,61.57,61.82,60.880001,61.080002,33.837875,1284300,0.0,0.0
2014-06-11,61.0,61.580002,60.77,61.27,33.943127,1002000,0.0,0.0
2014-06-12,61.099998,61.290001,60.52,61.25,33.932056,1145000,0.0,0.0
2014-06-13,61.389999,61.919998,60.689999,61.759998,34.214592,1283600,0.0,0.0
2014-06-16,61.59,61.799999,61.080002,61.310001,33.96529,1366100,0.0,0.0
2014-06-17,61.139999,61.490002,60.939999,61.32,33.970833,1061300,0.0,0.0
2014-06-18,61.23,61.98,60.66,61.810001,34.24229,1694600,0.0,0.0
2014-06-19,61.540001,61.959999,61.209999,61.939999,34.594154,1846900,0.5,0.0
2014-06-20,61.950001,62.189999,61.740002,62.080002,34.672333,2714500,0.0,0.0
2014-06-23,61.939999,62.290001,61.919998,61.959999,34.60532,1588700,0.0,0.0
2014-06-24,61.919998,62.470001,61.900002,62.290001,34.789635,1554400,0.0,0.0
2014-06-25,62.240002,63.049999,62.240002,63.009998,35.191753,1783700,0.0,0.0
2014-06-26,63.16,63.16,62.619999,62.959999,35.16383,1731200,0.0,0.0
2014-06-27,62.75,63.540001,62.75,63.529999,35.482185,1439800,0.0,0.0
2014-06-30,63.330002,63.52,62.630001,63.0,35.186161,2018200,0.0,0.0
2014-07-01,63.209999,63.540001,62.860001,63.310001,35.35931,1389900,0.0,0.0
2014-07-02,63.34,63.470001,62.93,63.450001,35.4375,823000,0.0,0.0
2014-07-03,63.380001,63.419998,62.75,63.189999,35.292282,786400,0.0,0.0
2014-07-07,63.139999,63.389999,63.009998,63.189999,35.292282,1426400,0.0,0.0
2014-07-08,63.369999,63.880001,63.169998,63.509998,35.471024,2663100,0.0,0.0
2014-07-09,63.650002,63.77,63.130001,63.59,35.515697,2147100,0.0,0.0
2014-07-10,63.169998,64.099998,63.07,63.799999,35.632984,3383600,0.0,0.0
2014-07-11,63.900002,64.209999,63.599998,64.190002,35.8508,1105400,0.0,0.0
2014-07-14,64.220001,64.440002,63.900002,64.269997,35.89547,1274700,0.0,0.0
2014-07-15,64.309998,64.690002,64.120003,64.629997,36.096546,1527600,0.0,0.0
2014-07-16,64.720001,64.93,64.440002,64.879997,36.236172,924100,0.0,0.0
2014-07-17,64.540001,64.970001,64.43,64.5,36.023941,974700,0.0,0.0
2014-07-18,64.400002,64.989998,64.300003,64.800003,36.191494,1320400,0.0,0.0
2014-07-21,64.800003,64.919998,64.449997,64.699997,36.135651,857900,0.0,0.0
2014-07-22,64.949997,65.360001,64.790001,65.190002,36.409302,1055000,0.0,0.0
2014-07-23,65.07,65.379997,65.019997,65.32,36.481918,878000,0.0,0.0
2014-07-24,65.400002,65.870003,65.309998,65.839996,36.772354,1749300,0.0,0.0
2014-07-25,65.620003,65.650002,64.809998,64.839996,36.213829,1571700,0.0,0.0
2014-07-28,64.610001,65.870003,64.610001,65.650002,36.666241,1148300,0.0,0.0
2014-07-29,65.949997,65.949997,65.190002,65.400002,36.526592,1028500,0.0,0.0
2014-07-30,65.360001,66.769997,65.089996,66.389999,37.079517,2217100,0.0,0.0
2014-07-31,66.040001,66.239998,64.629997,64.650002,36.107723,3608000,0.0,0.0
2014-08-01,64.43,65.010002,64.110001,64.129997,35.817287,2478100,0.0,0.0
2014-08-04,64.330002,65.339996,63.84,65.110001,36.364628,1567200,0.0,0.0
2014-08-05,64.730003,65.0,64.019997,64.360001,35.945747,1415200,0.0,0.0
2014-08-06,64.669998,64.68,64.080002,64.510002,36.02953,1660000,0.0,0.0
2014-08-07,64.900002,64.900002,64.349998,64.540001,36.046288,1265100,0.0,0.0
2014-08-08,64.830002,65.129997,64.279999,65.019997,36.314369,1368900,0.0,0.0
2014-08-11,65.0,65.540001,64.910004,65.160004,36.392559,1118600,0.0,0.0
2014-08-12,65.059998,65.389999,64.870003,64.900002,36.247341,1092700,0.0,0.0
2014-08-13,65.18,66.099998,65.110001,65.919998,36.817032,1108500,0.0,0.0
2014-08-14,66.110001,66.110001,65.639999,65.769997,36.733246,937600,0.0,0.0
2014-08-15,65.870003,65.970001,65.220001,65.68,36.682987,2729900,0.0,0.0
2014-08-18,66.120003,66.809998,65.93,66.790001,37.302933,1318700,0.0,0.0
2014-08-19,66.82,66.900002,66.239998,66.809998,37.314106,801300,0.0,0.0
2014-08-20,66.800003,67.309998,66.300003,67.089996,37.47047,1069300,0.0,0.0
2014-08-21,67.139999,67.43,66.93,67.099998,37.47607,1196400,0.0,0.0
2014-08-22,66.970001,67.169998,66.199997,66.43,37.10186,1063200,0.0,0.0
2014-08-25,66.730003,66.730003,65.830002,66.269997,37.012497,1063300,0.0,0.0
2014-08-26,66.57,66.639999,66.160004,66.220001,36.98457,850800,0.0,0.0
2014-08-27,66.220001,66.650002,66.010002,66.190002,36.967827,774000,0.0,0.0
2014-08-28,66.150002,66.400002,65.830002,66.190002,36.967827,1049300,0.0,0.0
2014-08-29,66.440002,66.620003,66.139999,66.470001,37.124207,2211200,0.0,0.0
2014-09-02,66.629997,66.68,66.059998,66.300003,37.029274,1363100,0.0,0.0
2014-09-03,66.550003,66.660004,65.75,66.529999,37.157707,1526900,0.0,0.0
2014-09-04,66.43,66.790001,66.010002,66.400002,37.08511,1458500,0.0,0.0
2014-09-05,66.239998,67.279999,66.239998,67.260002,37.565437,1657300,0.0,0.0
2014-09-08,67.419998,67.910004,67.279999,67.650002,37.783245,2142300,0.0,0.0
2014-09-09,67.400002,67.519997,66.970001,67.150002,37.503998,1563500,0.0,0.0
2014-09-10,66.93,66.93,64.519997,64.599998,36.079788,3964100,0.0,0.0
2014-09-11,64.349998,64.879997,64.279999,64.690002,36.13007,2421300,0.0,0.0
2014-09-12,64.690002,64.690002,62.330002,62.639999,34.985123,3324100,0.0,0.0
2014-09-15,62.369999,62.939999,61.919998,62.09,34.677925,2141300,0.0,0.0
2014-09-16,62.119999,62.799999,62.110001,62.509998,34.912506,2374900,0.0,0.0
2014-09-17,62.709999,62.970001,62.23,62.290001,34.789635,2353400,0.0,0.0
2014-09-18,62.919998,62.919998,61.34,61.400002,34.570053,2269100,0.5,0.0
2014-09-19,61.639999,61.959999,61.32,61.939999,34.874088,6185000,0.0,0.0
2014-09-22,61.68,62.349998,61.580002,62.07,34.947273,3196400,0.0,0.0
2014-09-23,62.080002,62.77,61.889999,62.09,34.958534,3133300,0.0,0.0
2014-09-24,61.959999,62.43,60.830002,60.860001,34.266014,3373500,0.0,0.0
2014-09-25,61.029999,61.259998,60.689999,60.799999,34.232227,1922000,0.0,0.0
2014-09-26,60.709999,61.459999,60.439999,61.400002,34.570053,1597900,0.0,0.0
2014-09-29,60.98,61.549999,60.700001,61.540001,34.648884,1442300,0.0,0.0
2014-09-30,61.560001,61.830002,60.919998,61.580002,34.671391,2426200,0.0,0.0
2014-10-01,61.580002,62.169998,61.470001,62.029999,34.924751,3198000,0.0,0.0
2014-10-02,62.119999,62.52,61.900002,62.220001,35.031731,2201500,0.0,0.0
2014-10-03,62.459999,62.82,62.029999,62.610001,35.251316,1871600,0.0,0.0
2014-10-06,62.709999,63.48,62.709999,63.040001,35.493416,2035400,0.0,0.0
2014-10-07,63.07,63.290001,62.580002,62.610001,35.251316,1496800,0.0,0.0
2014-10-08,62.82,63.799999,62.810001,63.57,35.791832,3202600,0.0,0.0
2014-10-09,63.709999,64.620003,63.66,64.099998,36.090229,2538400,0.0,0.0
2014-10-10,64.279999,65.610001,64.150002,65.110001,36.65889,3352100,0.0,0.0
2014-10-13,65.089996,65.970001,64.93,65.559998,36.912251,2920300,0.0,0.0
2014-10-14,65.809998,67.410004,65.559998,66.720001,37.565376,4567500,0.0,0.0
2014-10-15,66.349998,67.400002,65.709999,67.029999,37.739902,4291500,0.0,0.0
2014-10-16,66.510002,66.910004,65.269997,66.279999,37.317642,3237200,0.0,0.0
2014-10-17,66.699997,66.699997,65.290001,65.900002,37.103691,2990500,0.0,0.0
2014-10-20,65.919998,67.199997,65.790001,67.190002,37.829998,1934300,0.0,0.0
2014-10-21,67.260002,67.529999,66.75,67.510002,38.010166,1947500,0.0,0.0
2014-10-22,67.629997,67.949997,67.230003,67.510002,38.010166,1978300,0.0,0.0
2014-10-23,67.760002,68.300003,67.43,68.07,38.325459,2303500,0.0,0.0
2014-10-24,67.940002,68.290001,67.25,67.739998,38.139656,1678700,0.0,0.0
2014-10-27,67.839996,68.150002,67.5,67.839996,38.195965,1840300,0.0,0.0
2014-10-28,67.690002,67.830002,67.019997,67.459999,37.982018,2411000,0.0,0.0
2014-10-29,67.650002,68.360001,67.169998,67.75,38.145287,2662900,0.0,0.0
2014-10-30,67.260002,67.989998,66.82,67.970001,38.269161,2270100,0.0,0.0
2014-10-31,68.580002,69.57,67.970001,69.559998,39.164364,3161700,0.0,0.0
2014-11-03,69.68,70.360001,69.32,70.309998,39.586643,2202900,0.0,0.0
2014-11-04,70.110001,70.300003,69.330002,69.910004,39.361431,1767700,0.0,0.0
2014-11-05,70.059998,70.300003,69.239998,70.059998,39.4459,2132400,0.0,0.0
2014-11-06,70.059998,70.419998,69.300003,69.489998,39.124943,1835100,0.0,0.0
2014-11-07,69.480003,69.760002,69.019997,69.290001,39.01236,2021400,0.0,0.0
2014-11-10,68.989998,70.459999,68.989998,70.459999,39.671101,2287500,0.0,0.0
2014-11-11,70.660004,70.660004,69.669998,69.959999,39.389576,1603600,0.0,0.0
2014-11-12,69.800003,70.010002,69.099998,69.309998,39.023605,1846400,0.0,0.0
2014-11-13,69.5,70.25,69.279999,69.980003,39.400848,1590800,0.0,0.0
2014-11-14,70.089996,70.18,69.040001,69.260002,38.995476,1068200,0.0,0.0
2014-11-17,69.040001,69.949997,69.040001,69.699997,39.243202,1586300,0.0,0.0
2014-11-18,69.5,70.370003,69.25,70.18,39.513451,1943000,0.0,0.0
2014-11-19,69.900002,70.150002,69.209999,69.230003,38.978588,1405100,0.0,0.0
2014-11-20,69.230003,69.589996,68.940002,69.559998,39.164364,1122000,0.0,0.0
2014-11-21,69.919998,70.360001,69.68,70.309998,39.586643,1843900,0.0,0.0
2014-11-24,70.199997,70.800003,69.860001,70.059998,39.4459,1748500,0.0,0.0
2014-11-25,70.199997,70.349998,69.919998,70.040001,39.434624,1727600,0.0,0.0
2014-11-26,70.199997,71.160004,70.040001,71.040001,39.997662,1164200,0.0,0.0
2014-11-28,70.870003,71.919998,70.650002,70.839996,39.885044,1700100,0.0,0.0
2014-12-01,70.93,71.470001,70.57,70.639999,39.772442,1761600,0.0,0.0
2014-12-02,70.769997,71.25,70.230003,71.089996,40.025806,2648000,0.0,0.0
2014-12-03,71.040001,71.209999,70.650002,70.970001,39.958244,1054200,0.0,0.0
2014-12-04,70.970001,71.440002,70.75,71.290001,40.138416,1220800,0.0,0.0
2014-12-05,70.809998,70.940002,69.980003,70.290001,39.575386,2096000,0.0,0.0
2014-12-08,70.580002,71.739998,70.510002,71.57,40.29607,1576600,0.0,0.0
2014-12-09,71.32,72.510002,71.169998,72.230003,40.66766,1063400,0.0,0.0
2014-12-10,72.160004,72.970001,71.970001,72.470001,40.802807,1823400,0.0,0.0
2014-12-11,72.900002,72.949997,72.150002,72.279999,40.695812,1411800,0.0,0.0
2014-12-12,72.089996,72.260002,71.059998,71.080002,40.020184,1824000,0.0,0.0
2014-12-15,71.099998,71.389999,70.129997,70.349998,39.609165,1440000,0.0,0.0
2014-12-16,70.730003,70.949997,69.779999,70.379997,39.626057,1575200,0.0,0.0
2014-12-17,70.629997,72.610001,70.339996,72.269997,40.690186,2408500,0.0,0.0
2014-12-18,72.580002,72.980003,72.209999,72.970001,41.084312,1346100,0.0,0.0
2014-12-19,73.279999,73.980003,72.75,73.360001,41.303886,3722300,0.0,0.0
2014-12-22,73.5,74.599998,73.139999,74.550003,41.973904,1937200,0.0,0.0
2014-12-23,74.290001,74.720001,73.449997,73.720001,41.786854,1737300,0.5,0.0
2014-12-24,73.690002,74.160004,73.120003,73.220001,41.503426,661500,0.0,0.0
2014-12-26,73.220001,73.889999,73.220001,73.589996,41.71315,696100,0.0,0.0
2014-12-29,73.510002,74.230003,73.230003,73.739998,41.798172,1049400,0.0,0.0
2014-12-30,73.610001,73.949997,72.669998,72.889999,41.316372,1301500,0.0,0.0
2014-12-31,73.050003,73.449997,71.779999,71.839996,40.721188,1472400,0.0,0.0
2015-01-02,72.279999,73.690002,72.059998,73.410004,41.61113,1408400,0.0,0.0
2015-01-05,73.239998,74.32,72.940002,74.059998,41.979553,1801800,0.0,0.0
2015-01-06,74.309998,74.980003,74.110001,74.480003,42.217644,2043200,0.0,0.0
2015-01-07,74.779999,75.82,74.559998,75.580002,42.841156,1719400,0.0,0.0
2015-01-08,75.760002,76.480003,75.010002,76.43,43.322956,2122400,0.0,0.0
2015-01-09,76.470001,77.360001,75.959999,77.0,43.646046,1909700,0.0,0.0
2015-01-12,77.269997,78.050003,77.160004,77.889999,44.150524,1803300,0.0,0.0
2015-01-13,77.970001,78.029999,76.790001,77.089996,43.697056,2067900,0.0,0.0
2015-01-14,76.669998,78.190002,76.669998,78.080002,44.258224,1460900,0.0,0.0
2015-01-15,78.419998,78.68,77.790001,78.529999,44.513306,1387300,0.0,0.0
2015-01-16,78.68,79.620003,78.220001,79.389999,45.000763,2204300,0.0,0.0
2015-01-20,79.940002,80.080002,77.440002,77.980003,44.201542,3457200,0.0,0.0
2015-01-21,77.529999,77.919998,76.769997,77.730003,44.059822,2149700,0.0,0.0
2015-01-22,77.779999,79.32,77.699997,79.309998,44.955437,1805100,0.0,0.0
2015-01-23,79.580002,80.099998,78.989998,79.800003,45.233162,2128000,0.0,0.0
2015-01-26,79.669998,80.279999,79.269997,80.099998,45.403221,1792800,0.0,0.0
2015-01-27,79.900002,80.629997,79.800003,80.239998,45.482582,1373400,0.0,0.0
2015-01-28,80.769997,81.029999,79.580002,79.629997,45.136814,1641700,0.0,0.0
2015-01-29,79.349998,79.800003,78.639999,79.339996,44.972431,1768400,0.0,0.0
2015-01-30,78.970001,79.269997,77.540001,77.610001,43.991802,2333100,0.0,0.0
2015-02-02,77.720001,77.779999,75.949997,77.099998,43.702728,2397700,0.0,0.0
2015-02-03,77.129997,77.989998,76.419998,77.989998,44.207214,2193600,0.0,0.0
2015-02-04,80.449997,80.459999,77.639999,78.940002,44.745705,2702200,0.0,0.0
2015-02-05,79.019997,80.519997,78.980003,80.269997,45.499596,2177700,0.0,0.0
2015-02-06,79.879997,80.0,77.760002,78.120003,44.280891,2992400,0.0,0.0
2015-02-09,78.209999,78.489998,77.790001,77.870003,44.139191,1346700,0.0,0.0
2015-02-10,78.25,78.559998,77.209999,77.699997,44.04282,3666900,0.0,0.0
2015-02-11,77.849998,78.410004,77.290001,77.970001,44.195873,2092600,0.0,0.0
2015-02-12,78.080002,80.080002,77.970001,79.860001,45.267174,1950700,0.0,0.0
2015-02-13,79.720001,79.760002,78.349998,78.75,44.638004,1885000,0.0,0.0
2015-02-17,78.419998,79.389999,78.379997,79.010002,44.785378,2024500,0.0,0.0
2015-02-18,79.040001,80.089996,78.580002,79.989998,45.340874,1674700,0.0,0.0
2015-02-19,79.790001,79.809998,77.349998,77.580002,43.974804,1671200,0.0,0.0
2015-02-20,77.709999,78.739998,77.290001,78.650002,44.581306,1835800,0.0,0.0
2015-02-23,79.010002,79.970001,78.709999,79.949997,45.318184,2038800,0.0,0.0
2015-02-24,79.650002,79.650002,77.739998,77.980003,44.201542,2011300,0.0,0.0
2015-02-25,78.010002,79.199997,77.690002,77.699997,44.04282,2130900,0.0,0.0
2015-02-26,77.849998,77.959999,76.800003,76.839996,43.555359,1994800,0.0,0.0
2015-02-27,77.050003,77.339996,76.529999,77.029999,43.663044,2717800,0.0,0.0
2015-03-02,77.279999,78.239998,77.080002,77.580002,43.974804,1735800,0.0,0.0
2015-03-03,77.370003,77.610001,76.779999,77.260002,43.793434,1583500,0.0,0.0
2015-03-04,77.290001,77.449997,76.529999,76.839996,43.555359,1139700,0.0,0.0
2015-03-05,77.709999,78.360001,77.309998,77.330002,43.833118,1670400,0.0,0.0
2015-03-06,75.970001,76.290001,74.82,75.029999,42.529388,1905000,0.0,0.0
2015-03-09,75.57,76.230003,75.410004,75.809998,42.971508,1017300,0.0,0.0
2015-03-10,75.779999,76.589996,75.489998,75.949997,43.050865,1547700,0.0,0.0
2015-03-11,75.860001,76.199997,75.650002,75.760002,42.943176,1033200,0.0,0.0
2015-03-12,76.279999,77.32,76.050003,77.129997,43.719746,2554500,0.0,0.0
2015-03-13,77.360001,77.709999,76.639999,77.019997,43.657375,1503400,0.0,0.0
2015-03-16,77.360001,78.970001,77.25,78.900002,44.72303,1480300,0.0,0.0
2015-03-17,78.660004,78.910004,77.980003,78.620003,44.564316,1649200,0.0,0.0
2015-03-18,78.669998,80.739998,78.129997,80.410004,45.578949,1926100,0.0,0.0
2015-03-19,79.620003,80.610001,79.440002,79.730003,45.50589,1574800,0.552,0.0
2015-03-20,79.709999,81.970001,79.639999,81.730003,46.647381,3097600,0.0,0.0
2015-03-23,81.879997,82.529999,81.400002,81.459999,46.49329,1295900,0.0,0.0
2015-03-24,81.269997,81.790001,80.800003,80.830002,46.133713,2217600,0.0,0.0
2015-03-25,80.760002,81.190002,78.629997,78.809998,44.980778,2605800,0.0,0.0
2015-03-26,79.010002,79.330002,78.279999,78.5,44.803879,2742800,0.0,0.0
2015-03-27,78.449997,79.199997,78.010002,78.449997,44.775333,1861400,0.0,0.0
2015-03-30,78.779999,79.209999,78.300003,78.900002,45.032162,4373000,0.0,0.0
2015-03-31,78.860001,79.019997,77.849998,77.860001,44.438587,3194300,0.0,0.0
2015-04-01,77.940002,78.190002,77.25,77.559998,44.267365,1849600,0.0,0.0
2015-04-02,77.68,78.650002,77.510002,78.309998,44.695415,1461700,0.0,0.0
2015-04-06,78.610001,79.230003,78.400002,79.080002,45.134903,1045800,0.0,0.0
2015-04-07,78.970001,79.160004,77.699997,77.699997,44.347263,1632400,0.0,0.0
2015-04-08,77.800003,78.43,77.720001,78.040001,44.541325,2342000,0.0,0.0
2015-04-09,77.860001,77.879997,75.709999,75.870003,43.302803,1453800,0.0,0.0
2015-04-10,76.059998,76.650002,75.389999,75.620003,43.16011,1331300,0.0,0.0
2015-04-13,75.379997,75.959999,75.32,75.32,42.988869,1185800,0.0,0.0
2015-04-14,76.080002,76.18,75.510002,76.099998,43.434055,1394500,0.0,0.0
2015-04-15,76.07,76.18,75.169998,75.309998,42.983173,1247900,0.0,0.0
2015-04-16,75.32,76.080002,74.830002,75.769997,43.245731,1010000,0.0,0.0
2015-04-17,75.519997,75.82,74.959999,75.32,42.988869,1303300,0.0,0.0
2015-04-20,75.400002,75.709999,75.010002,75.269997,42.960342,1112300,0.0,0.0
2015-04-21,75.529999,76.230003,75.389999,75.769997,43.245731,1668300,0.0,0.0
2015-04-22,76.0,76.82,75.860001,76.25,43.519688,2104100,0.0,0.0
2015-04-23,76.059998,76.709999,76.029999,76.489998,43.656651,946300,0.0,0.0
2015-04-24,76.489998,77.220001,76.32,76.550003,43.69091,835500,0.0,0.0
2015-04-27,76.690002,77.279999,76.449997,76.690002,43.770813,1397000,0.0,0.0
2015-04-28,76.419998,76.800003,75.809998,76.529999,43.679478,1754000,0.0,0.0
2015-04-29,75.760002,76.550003,74.760002,75.419998,43.045933,1894700,0.0,0.0
2015-04-30,74.949997,75.519997,73.330002,73.860001,42.15559,2344800,0.0,0.0
2015-05-01,74.120003,75.470001,73.860001,74.769997,42.67498,1602100,0.0,0.0
2015-05-04,75.139999,75.949997,74.970001,75.199997,42.920391,1267000,0.0,0.0
2015-05-05,74.959999,74.959999,72.870003,73.029999,41.68187,1525300,0.0,0.0
2015-05-06,73.110001,73.239998,72.019997,72.459999,41.356533,2342200,0.0,0.0
2015-05-07,72.650002,74.5,72.650002,74.18,42.338215,1491800,0.0,0.0
2015-05-08,75.510002,75.790001,74.730003,74.839996,42.71492,1512800,0.0,0.0
2015-05-11,74.639999,75.050003,73.269997,73.370003,41.875923,1476800,0.0,0.0
2015-05-12,72.910004,74.389999,72.68,73.809998,42.127048,1444700,0.0,0.0
2015-05-13,74.080002,74.959999,73.209999,73.400002,41.89304,1565800,0.0,0.0
2015-05-14,73.730003,74.980003,73.529999,74.940002,42.771999,986100,0.0,0.0
2015-05-15,75.190002,75.440002,75.019997,75.18,42.908981,1973900,0.0,0.0
2015-05-18,74.889999,75.269997,74.68,74.800003,42.692101,1125400,0.0,0.0
2015-05-19,74.57,75.269997,74.120003,74.620003,42.589348,1066000,0.0,0.0
2015-05-20,74.5,75.349998,74.360001,74.839996,42.71492,1392900,0.0,0.0
2015-05-21,74.919998,75.050003,74.239998,74.540001,42.543694,976700,0.0,0.0
2015-05-22,74.32,75.110001,73.959999,74.620003,42.589348,921500,0.0,0.0
2015-05-26,74.410004,74.529999,73.660004,73.949997,42.206959,997900,0.0,0.0
2015-05-27,74.139999,75.269997,73.760002,75.080002,42.851898,1615300,0.0,0.0
2015-05-28,75.019997,75.370003,74.480003,74.889999,42.743469,1158700,0.0,0.0
2015-05-29,75.019997,75.169998,74.18,74.32,42.418114,2989400,0.0,0.0
2015-06-01,74.639999,75.279999,73.93,75.019997,42.817654,1311200,0.0,0.0
2015-06-02,74.690002,74.790001,73.459999,73.790001,42.115631,1140000,0.0,0.0
2015-06-03,73.790001,74.169998,71.620003,71.910004,41.042629,2297400,0.0,0.0
2015-06-04,71.720001,72.25,71.480003,71.889999,41.031219,1451800,0.0,0.0
2015-06-05,71.199997,72.419998,70.709999,71.489998,40.80291,2034000,0.0,0.0
2015-06-08,71.540001,71.690002,70.949997,71.139999,40.603142,2785300,0.0,0.0
2015-06-09,70.980003,71.290001,70.470001,70.739998,40.374836,1432900,0.0,0.0
2015-06-10,70.400002,71.330002,70.050003,70.889999,40.460457,1895500,0.0,0.0
2015-06-11,71.339996,72.059998,71.32,71.589996,40.859993,1716200,0.0,0.0
2015-06-12,71.620003,71.959999,71.32,71.550003,40.837158,1133000,0.0,0.0
2015-06-15,71.410004,71.639999,70.949997,71.519997,40.820042,1660900,0.0,0.0
2015-06-16,71.610001,72.790001,71.25,72.650002,41.464966,2016100,0.0,0.0
2015-06-17,72.800003,73.760002,72.019997,73.669998,42.047134,1881400,0.0,0.0
2015-06-18,73.519997,75.510002,73.519997,74.769997,42.67498,2738300,0.0,0.0
2015-06-19,74.760002,75.019997,74.050003,74.07,42.275448,2473600,0.0,0.0
2015-06-22,74.260002,74.400002,72.889999,72.959999,41.641911,1878800,0.0,0.0
2015-06-23,72.889999,73.0,71.589996,71.809998,40.98555,2151100,0.0,0.0
2015-06-24,71.339996,71.739998,71.18,71.349998,41.03904,1751900,0.553,0.0
2015-06-25,71.370003,71.660004,70.629997,70.650002,40.636417,1441600,0.0,0.0
2015-06-26,70.5,71.580002,70.18,71.199997,40.952766,1803600,0.0,0.0
2015-06-29,71.260002,71.800003,70.050003,70.120003,40.331577,1969800,0.0,0.0
2015-06-30,71.120003,71.120003,69.940002,70.169998,40.360332,1812400,0.0,0.0
2015-07-01,70.5,71.650002,70.040001,71.639999,41.205853,1936900,0.0,0.0
2015-07-02,72.169998,73.029999,71.849998,72.589996,41.75227,2760000,0.0,0.0
2015-07-06,72.230003,72.949997,72.230003,72.940002,41.953575,1836700,0.0,0.0
2015-07-07,73.419998,74.43,73.120003,74.080002,42.609268,2378400,0.0,0.0
2015-07-08,74.120003,74.419998,73.959999,74.080002,42.609268,1815500,0.0,0.0
2015-07-09,74.339996,74.860001,74.029999,74.190002,42.672554,1714200,0.0,0.0
2015-07-10,74.43,75.269997,74.330002,74.68,42.954395,1458900,0.0,0.0
2015-07-13,74.959999,75.720001,73.989998,74.43,42.810593,1702900,0.0,0.0
2015-07-14,74.550003,75.260002,74.290001,74.809998,43.029156,1185000,0.0,0.0
2015-07-15,74.779999,75.160004,74.330002,74.760002,43.000401,1539400,0.0,0.0
2015-07-16,74.970001,75.510002,74.739998,75.07,43.178696,1219700,0.0,0.0
2015-07-17,75.0,75.360001,74.290001,74.730003,42.983154,1162500,0.0,0.0
2015-07-20,74.510002,75.370003,74.410004,75.279999,43.299484,1080200,0.0,0.0
2015-07-21,75.220001,75.919998,74.709999,74.769997,43.006157,1086000,0.0,0.0
2015-07-22,74.93,75.709999,74.919998,75.349998,43.339756,850900,0.0,0.0
2015-07-23,75.25,75.43,74.230003,74.529999,42.868103,1451100,0.0,0.0
2015-07-24,74.449997,74.75,74.190002,74.580002,42.89687,2369900,0.0,0.0
2015-07-27,74.739998,75.470001,74.739998,75.050003,43.167206,1499700,0.0,0.0
2015-07-28,75.330002,77.010002,74.589996,74.889999,43.075176,1231500,0.0,0.0
2015-07-29,74.800003,75.010002,73.080002,74.449997,42.82209,2176600,0.0,0.0
2015-07-30,74.169998,75.059998,74.050003,74.290001,42.730072,2296800,0.0,0.0
2015-07-31,74.940002,75.989998,74.699997,74.809998,43.029156,1642100,0.0,0.0
2015-08-03,75.0,75.760002,74.889999,75.519997,43.437531,924400,0.0,0.0
2015-08-04,75.309998,75.949997,74.449997,74.57,42.891125,1312700,0.0,0.0
2015-08-05,74.75,75.110001,74.050003,74.5,42.850861,1383200,0.0,0.0
2015-08-06,74.32,74.800003,73.370003,74.769997,43.006157,1523000,0.0,0.0
2015-08-07,74.709999,75.199997,73.989998,75.199997,43.253475,911200,0.0,0.0
2015-08-10,75.400002,75.699997,74.919998,75.279999,43.299484,1139000,0.0,0.0
2015-08-11,75.220001,76.620003,75.019997,76.370003,43.92646,1527400,0.0,0.0
2015-08-12,76.879997,76.879997,75.699997,76.849998,44.202526,2119200,0.0,0.0
2015-08-13,76.550003,77.519997,76.019997,76.800003,44.173767,1109500,0.0,0.0
2015-08-14,76.68,77.160004,76.019997,77.139999,44.369331,979700,0.0,0.0
2015-08-17,77.129997,77.580002,76.639999,77.529999,44.593647,1509600,0.0,0.0
2015-08-18,77.510002,78.0,77.25,77.709999,44.697186,1491700,0.0,0.0
2015-08-19,77.25,77.470001,76.07,76.470001,43.983948,2092700,0.0,0.0
2015-08-20,76.199997,76.669998,75.610001,75.959999,43.690628,1664100,0.0,0.0
2015-08-21,75.769997,75.849998,74.389999,74.389999,42.78759,2577700,0.0,0.0
2015-08-24,70.0,81.980003,61.900002,70.519997,40.561634,2629200,0.0,0.0
2015-08-25,71.989998,72.400002,68.870003,68.949997,39.6586,2883000,0.0,0.0
2015-08-26,70.080002,71.480003,68.849998,71.290001,41.004528,2766400,0.0,0.0
2015-08-27,71.889999,73.580002,71.43,73.120003,42.057102,1961600,0.0,0.0
2015-08-28,73.120003,73.470001,72.389999,72.940002,41.953575,1642900,0.0,0.0
2015-08-31,72.68,72.75,71.160004,71.25,40.981514,3306400,0.0,0.0
2015-09-01,70.050003,70.699997,68.940002,69.480003,39.963451,1872600,0.0,0.0
2015-09-02,70.379997,70.709999,69.580002,70.160004,40.354572,1197900,0.0,0.0
2015-09-03,70.489998,70.919998,70.209999,70.440002,40.515636,1380800,0.0,0.0
2015-09-04,69.800003,69.93,68.449997,69.160004,39.779408,1346200,0.0,0.0
2015-09-08,69.949997,70.470001,69.309998,70.230003,40.394844,1742900,0.0,0.0
2015-09-09,71.209999,71.599998,69.209999,69.339996,39.882927,1503100,0.0,0.0
2015-09-10,68.989998,70.260002,68.989998,69.519997,39.986458,1263300,0.0,0.0
2015-09-11,69.510002,70.910004,69.099998,70.900002,40.780212,2066600,0.0,0.0
2015-09-14,71.120003,71.120003,70.290001,70.580002,40.596161,887300,0.0,0.0
2015-09-15,70.949997,71.879997,70.190002,71.82,41.309353,1258200,0.0,0.0
2015-09-16,71.830002,72.589996,71.559998,72.360001,41.619968,1449800,0.0,0.0
2015-09-17,71.900002,73.980003,71.379997,72.610001,42.085396,1439200,0.553,0.0
2015-09-18,71.480003,73.440002,71.410004,72.110001,41.795605,2933300,0.0,0.0
2015-09-21,72.220001,73.370003,72.099998,73.139999,42.392597,1366000,0.0,0.0
2015-09-22,72.650002,72.959999,72.209999,72.519997,42.033226,1536000,0.0,0.0
2015-09-23,72.540001,73.230003,72.110001,72.860001,42.230305,1430500,0.0,0.0
2015-09-24,72.589996,73.160004,71.720001,72.269997,41.888325,1864900,0.0,0.0
2015-09-25,72.489998,73.300003,71.879997,72.870003,42.236092,1644900,0.0,0.0
2015-09-28,72.540001,72.669998,70.879997,71.330002,41.34351,1800800,0.0,0.0
2015-09-29,71.459999,73.760002,71.349998,73.550003,42.630234,2044800,0.0,0.0
2015-09-30,74.010002,75.339996,73.769997,75.120003,43.540226,2850100,0.0,0.0
2015-10-01,75.519997,75.589996,74.379997,75.269997,43.627163,1378300,0.0,0.0
2015-10-02,75.059998,76.089996,74.620003,76.080002,44.096642,1156100,0.0,0.0
2015-10-05,76.269997,76.550003,75.419998,76.419998,44.293701,1522300,0.0,0.0
2015-10-06,76.379997,76.790001,75.510002,75.669998,43.858994,1620500,0.0,0.0
2015-10-07,75.879997,76.75,75.510002,76.720001,44.467579,1652400,0.0,0.0
2015-10-08,76.910004,77.459999,76.059998,77.349998,44.832745,1228500,0.0,0.0
2015-10-09,77.150002,77.580002,76.809998,77.489998,44.913891,1071300,0.0,0.0
2015-10-12,77.699997,78.389999,77.459999,78.129997,45.284843,873400,0.0,0.0
2015-10-13,77.839996,78.169998,76.809998,77.199997,44.745804,1057600,0.0,0.0
2015-10-14,77.419998,77.5,76.199997,76.389999,44.276325,1238700,0.0,0.0
2015-10-15,76.540001,78.260002,76.540001,78.230003,45.3428,1613400,0.0,0.0
2015-10-16,78.550003,79.209999,78.400002,78.739998,45.638393,1731200,0.0,0.0
2015-10-19,78.690002,80.18,78.489998,80.129997,46.444061,1479700,0.0,0.0
2015-10-20,80.099998,80.970001,79.040001,79.5,46.078892,1831000,0.0,0.0
2015-10-21,79.910004,80.25,79.300003,79.449997,46.049911,1218500,0.0,0.0
2015-10-22,79.860001,80.129997,79.040001,79.720001,46.206417,1919000,0.0,0.0
2015-10-23,79.639999,80.0,78.720001,79.470001,46.061527,1525300,0.0,0.0
2015-10-26,81.330002,81.82,79.650002,80.940002,46.913532,2054800,0.0,0.0
2015-10-27,80.599998,81.25,79.360001,79.639999,46.160053,2584400,0.0,0.0
2015-10-28,79.690002,80.059998,77.290001,78.910004,45.736942,2066100,0.0,0.0
2015-10-29,78.5,78.870003,77.68,78.139999,45.290638,3008100,0.0,0.0
2015-10-30,77.970001,78.389999,77.029999,77.32,44.815353,2660800,0.0,0.0
2015-11-02,77.160004,80.110001,77.089996,80.110001,46.432465,2417300,0.0,0.0
2015-11-03,79.660004,79.870003,78.620003,79.459999,46.055706,2058300,0.0,0.0
2015-11-04,79.57,79.800003,78.769997,79.139999,45.870247,1501900,0.0,0.0
2015-11-05,78.970001,79.209999,78.290001,79.160004,45.881836,1180600,0.0,0.0
2015-11-06,77.970001,78.279999,76.120003,76.900002,44.571922,1432900,0.0,0.0
2015-11-09,76.129997,76.669998,75.370003,76.199997,44.166187,1716100,0.0,0.0
2015-11-10,76.349998,78.089996,76.349998,77.57,44.96027,1754100,0.0,0.0
2015-11-11,77.650002,78.879997,77.559998,78.389999,45.435543,1416500,0.0,0.0
2015-11-12,78.099998,78.650002,77.639999,77.699997,45.035599,1309000,0.0,0.0
2015-11-13,78.059998,78.190002,77.269997,77.290001,44.797958,1244200,0.0,0.0
2015-11-16,77.400002,78.290001,77.07,78.290001,45.377571,1351700,0.0,0.0
2015-11-17,78.580002,79.300003,78.129997,78.650002,45.586243,949100,0.0,0.0
2015-11-18,78.870003,78.970001,77.540001,78.730003,45.632595,1458100,0.0,0.0
2015-11-19,78.970001,79.82,78.760002,79.129997,45.864437,1153700,0.0,0.0
2015-11-20,79.57,79.980003,79.360001,79.639999,46.160053,1633100,0.0,0.0
2015-11-23,79.93,80.480003,79.300003,79.790001,46.246994,1448700,0.0,0.0
2015-11-24,79.150002,79.559998,78.150002,79.120003,45.858662,1448500,0.0,0.0
2015-11-25,79.260002,80.260002,79.040001,79.860001,46.287571,1151800,0.0,0.0
2015-11-27,79.68,81.050003,79.5,80.650002,46.745464,599700,0.0,0.0
2015-11-30,80.75,81.599998,79.43,79.82,46.264362,3296900,0.0,0.0
2015-12-01,80.300003,81.160004,80.0,81.129997,47.023666,1460100,0.0,0.0
2015-12-02,80.830002,81.489998,79.779999,79.93,46.328125,1765100,0.0,0.0
2015-12-03,79.879997,79.959999,77.470001,77.629997,44.995026,1978300,0.0,0.0
2015-12-04,78.160004,79.949997,78.139999,79.660004,46.171646,1646100,0.0,0.0
2015-12-07,79.739998,80.0,78.839996,79.110001,45.852863,1204700,0.0,0.0
2015-12-08,79.099998,79.68,78.529999,78.650002,45.586243,1430000,0.0,0.0
2015-12-09,78.120003,78.68,77.190002,77.57,44.96027,1316400,0.0,0.0
2015-12-10,77.550003,78.0,76.980003,77.209999,44.751598,2031400,0.0,0.0
2015-12-11,76.82,78.300003,76.660004,77.550003,44.948666,2013500,0.0,0.0
2015-12-14,77.290001,78.279999,77.0,78.190002,45.319618,1639400,0.0,0.0
2015-12-15,78.769997,79.940002,78.580002,79.32,45.974567,1233000,0.0,0.0
2015-12-16,79.669998,81.089996,79.410004,80.830002,46.849781,1704100,0.0,0.0
2015-12-17,80.709999,80.889999,80.120003,80.580002,46.704891,2873900,0.0,0.0
2015-12-18,79.93,80.75,79.889999,79.900002,46.310745,3463600,0.0,0.0
2015-12-21,80.669998,80.93,79.68,80.080002,46.415073,1594900,0.0,0.0
2015-12-22,80.699997,81.260002,79.790001,80.029999,46.386101,1858400,0.0,0.0
2015-12-23,79.650002,80.900002,79.620003,80.760002,47.134918,1065600,0.553,0.0
2015-12-24,80.790001,81.190002,80.139999,80.870003,47.199108,505600,0.0,0.0
2015-12-28,80.660004,81.290001,80.339996,81.190002,47.385857,782000,0.0,0.0
2015-12-29,81.720001,82.0,81.150002,81.970001,47.84111,1000000,0.0,0.0
2015-12-30,81.970001,82.25,81.5,81.889999,47.794411,1068400,0.0,0.0
2015-12-31,81.760002,82.389999,81.550003,81.589996,47.619324,1577200,0.0,0.0
2016-01-04,80.790001,80.870003,79.209999,79.900002,46.632965,1727900,0.0,0.0
2016-01-05,80.150002,81.760002,80.0,81.5,47.566803,1379100,0.0,0.0
2016-01-06,80.760002,81.5,80.309998,80.730003,47.117401,1407100,0.0,0.0
2016-01-07,79.559998,80.949997,79.559998,80.480003,46.9715,1675600,0.0,0.0
2016-01-08,81.059998,81.129997,78.690002,78.82,46.002647,1481200,0.0,0.0
2016-01-11,79.150002,80.150002,78.82,79.779999,46.562946,1786200,0.0,0.0
2016-01-12,80.860001,80.959999,79.5,79.940002,46.656322,2004100,0.0,0.0
2016-01-13,80.089996,81.07,79.080002,79.169998,46.206924,1561000,0.0,0.0
2016-01-14,79.330002,79.93,78.489998,78.57,45.856739,2233600,0.0,0.0
2016-01-15,77.139999,78.809998,76.639999,78.580002,45.862583,2136000,0.0,0.0
2016-01-19,78.669998,79.720001,78.32,79.18,46.212746,1647400,0.0,0.0
2016-01-20,78.43,78.669998,75.410004,76.400002,44.590225,2210600,0.0,0.0
2016-01-21,76.779999,77.419998,76.040001,76.440002,44.613548,1654200,0.0,0.0
2016-01-22,77.370003,78.050003,76.769997,77.720001,45.360638,1927000,0.0,0.0
2016-01-25,77.610001,79.199997,77.150002,78.199997,45.640762,1843100,0.0,0.0
2016-01-26,78.349998,79.900002,78.099998,79.739998,46.539612,1744300,0.0,0.0
2016-01-27,79.650002,79.650002,77.610001,78.269997,45.681641,1638300,0.0,0.0
2016-01-28,78.120003,78.379997,75.669998,75.790001,44.234207,2731900,0.0,0.0
2016-01-29,76.629997,77.230003,74.93,77.089996,44.992939,3139600,0.0,0.0
2016-02-01,76.190002,77.800003,75.790001,76.730003,44.782837,2142600,0.0,0.0
2016-02-02,77.0,77.220001,74.790001,75.599998,44.123322,2787600,0.0,0.0
2016-02-03,75.800003,75.919998,73.400002,75.68,44.17001,3099900,0.0,0.0
2016-02-04,75.269997,76.93,74.480003,76.269997,44.514355,2278200,0.0,0.0
2016-02-05,75.940002,76.150002,73.309998,73.589996,42.950191,2222800,0.0,0.0
2016-02-08,73.279999,73.589996,70.910004,72.230003,42.156437,2786900,0.0,0.0
2016-02-09,71.949997,72.440002,71.199997,71.339996,41.636986,2110500,0.0,0.0
2016-02-10,71.860001,72.949997,71.410004,71.769997,41.887966,1222400,0.0,0.0
2016-02-11,70.709999,71.129997,69.870003,70.720001,41.275146,2265600,0.0,0.0
2016-02-12,71.669998,71.669998,70.639999,71.290001,41.607815,1907700,0.0,0.0
2016-02-16,72.029999,72.309998,71.150002,72.18,42.127254,1524600,0.0,0.0
2016-02-17,72.330002,72.879997,72.099998,72.440002,42.279011,2213000,0.0,0.0
2016-02-18,72.32,73.190002,71.889999,72.970001,42.588345,1838800,0.0,0.0
2016-02-19,72.949997,73.739998,72.489998,73.120003,42.675888,1482500,0.0,0.0
2016-02-22,73.68,74.620003,73.629997,74.199997,43.306217,1718700,0.0,0.0
2016-02-23,74.860001,75.230003,73.510002,73.809998,43.07859,1660500,0.0,0.0
2016-02-24,73.5,74.059998,72.160004,73.230003,42.740089,1875900,0.0,0.0
2016-02-25,73.870003,74.550003,73.57,74.5,43.481316,2096400,0.0,0.0
2016-02-26,74.489998,74.900002,73.540001,74.550003,43.510502,3067300,0.0,0.0
2016-02-29,74.660004,75.410004,74.290001,74.489998,43.475483,3181500,0.0,0.0
2016-03-01,67.160004,68.669998,66.620003,68.620003,44.86821,3162900,8.0,0.0
2016-03-02,68.57,70.349998,68.57,70.019997,45.783619,2643300,0.0,0.0
2016-03-03,70.029999,71.0,69.790001,70.970001,46.404781,2169400,0.0,0.0
2016-03-04,70.970001,71.519997,70.459999,71.470001,46.73172,2064500,0.0,0.0
2016-03-07,70.989998,71.830002,70.660004,71.660004,46.855961,1208800,0.0,0.0
2016-03-08,71.709999,71.93,70.839996,70.970001,46.404781,2019900,0.0,0.0
2016-03-09,71.0,72.110001,70.830002,71.68,46.869034,1654100,0.0,0.0
2016-03-10,72.389999,72.720001,70.699997,71.059998,46.463638,2870200,0.0,0.0
2016-03-11,71.970001,72.980003,70.790001,72.900002,47.666744,2515200,0.0,0.0
2016-03-14,72.709999,73.199997,72.190002,72.589996,47.464062,1331800,0.0,0.0
2016-03-15,72.510002,72.900002,72.07,72.690002,47.529434,1272700,0.0,0.0
2016-03-16,72.510002,73.599998,72.139999,73.360001,47.967522,1433100,0.0,0.0
2016-03-17,73.489998,74.559998,73.160004,74.449997,48.680229,1699900,0.0,0.0
2016-03-18,74.699997,75.389999,74.209999,74.260002,48.556011,3298400,0.0,0.0
2016-03-21,74.160004,74.330002,72.82,73.019997,47.745205,2051200,0.0,0.0
2016-03-22,72.470001,73.410004,72.300003,72.739998,47.8927,1785100,0.504,0.0
2016-03-23,72.82,72.93,72.330002,72.540001,47.761005,1698200,0.0,0.0
2016-03-24,72.190002,72.550003,71.769997,72.489998,47.728081,1764900,0.0,0.0
2016-03-28,72.559998,73.870003,72.559998,73.699997,48.524769,1414400,0.0,0.0
2016-03-29,73.639999,75.220001,73.639999,75.209999,49.518963,1696000,0.0,0.0
2016-03-30,74.82,75.300003,74.489998,74.849998,49.281937,1554000,0.0,0.0
2016-03-31,74.959999,75.269997,74.489998,75.029999,49.400448,2229400,0.0,0.0
2016-04-01,74.709999,75.43,74.449997,75.169998,49.492619,1428800,0.0,0.0
2016-04-04,75.260002,75.489998,74.209999,74.669998,49.163414,1730000,0.0,0.0
2016-04-05,74.290001,74.82,73.910004,74.019997,48.735447,1665300,0.0,0.0
2016-04-06,73.889999,74.639999,73.75,74.589996,49.110744,1095700,0.0,0.0
2016-04-07,74.330002,74.559998,73.629997,73.900002,48.656437,1113200,0.0,0.0
2016-04-08,74.220001,74.709999,73.779999,73.910004,48.663033,1282300,0.0,0.0
2016-04-11,73.330002,73.330002,72.199997,72.279999,47.589809,2485200,0.0,0.0
2016-04-12,72.360001,72.510002,71.879997,72.360001,47.642502,2314300,0.0,0.0
2016-04-13,72.739998,72.75,70.400002,70.559998,46.457363,3062800,0.0,0.0
2016-04-14,70.300003,70.43,68.989998,69.370003,45.673855,2704200,0.0,0.0
2016-04-15,69.349998,71.279999,69.050003,70.889999,46.674641,2112000,0.0,0.0
2016-04-18,70.889999,71.269997,70.370003,71.25,46.911671,2088900,0.0,0.0
2016-04-19,71.510002,71.949997,71.18,71.75,47.240864,1789900,0.0,0.0
2016-04-20,71.82,72.0,69.919998,70.139999,46.180813,1198200,0.0,0.0
2016-04-21,70.139999,71.07,69.580002,69.82,45.970139,1636000,0.0,0.0
2016-04-22,70.0,70.879997,69.940002,70.660004,46.523205,1821800,0.0,0.0
2016-04-25,70.470001,71.360001,70.160004,71.260002,46.918255,1566100,0.0,0.0
2016-04-26,71.370003,71.940002,70.059998,70.529999,46.437607,2792500,0.0,0.0
2016-04-27,67.68,69.099998,66.82,68.75,45.26564,3602800,0.0,0.0
2016-04-28,68.290001,69.519997,67.860001,68.940002,45.390736,2273900,0.0,0.0
2016-04-29,68.510002,68.889999,67.449997,68.07,44.817917,2036700,0.0,0.0
2016-05-02,68.720001,69.349998,68.110001,69.150002,45.528996,1484500,0.0,0.0
2016-05-03,68.889999,69.300003,68.720001,69.230003,45.581676,1295500,0.0,0.0
2016-05-04,68.610001,70.660004,68.5,70.440002,46.378357,2227600,0.0,0.0
2016-05-05,70.290001,71.230003,70.089996,70.730003,46.569279,1523300,0.0,0.0
2016-05-06,70.68,71.43,69.910004,71.18,46.865589,1432800,0.0,0.0
2016-05-09,71.260002,72.07,71.129997,71.879997,47.326462,1563700,0.0,0.0
2016-05-10,72.099998,73.050003,71.440002,72.349998,47.63591,2541900,0.0,0.0
2016-05-11,72.269997,72.339996,69.779999,69.860001,45.996464,3002300,0.0,0.0
2016-05-12,69.959999,70.230003,69.050003,69.879997,46.009651,1953600,0.0,0.0
2016-05-13,69.68,69.910004,69.0,69.199997,45.561924,1370400,0.0,0.0
2016-05-16,69.059998,70.18,69.059998,69.75,45.924053,1704300,0.0,0.0
2016-05-17,69.709999,69.709999,67.93,68.160004,44.877178,1905100,0.0,0.0
2016-05-18,68.379997,68.389999,66.900002,67.699997,44.57431,3080900,0.0,0.0
2016-05-19,67.029999,67.309998,66.589996,66.82,43.994911,1955100,0.0,0.0
2016-05-20,67.220001,67.610001,66.809998,67.470001,44.422878,1551100,0.0,0.0
2016-05-23,67.629997,67.949997,67.18,67.540001,44.468964,1491300,0.0,0.0
2016-05-24,68.080002,68.349998,67.639999,67.980003,44.758644,2711000,0.0,0.0
2016-05-25,68.190002,68.93,67.559998,68.839996,45.324913,2357000,0.0,0.0
2016-05-26,68.779999,69.089996,68.339996,68.739998,45.259052,1687300,0.0,0.0
2016-05-27,68.809998,69.269997,68.300003,68.720001,45.245888,1165000,0.0,0.0
2016-05-31,68.889999,69.419998,68.32,69.209999,45.568508,1978800,0.0,0.0
2016-06-01,67.889999,68.43,65.849998,66.370003,43.698627,4515900,0.0,0.0
2016-06-02,66.809998,66.870003,65.650002,66.5,43.784222,4539900,0.0,0.0
2016-06-03,67.010002,67.010002,64.790001,64.970001,42.776859,2643400,0.0,0.0
2016-06-06,64.970001,65.129997,63.110001,63.619999,41.887997,3482000,0.0,0.0
2016-06-07,63.880001,64.290001,63.619999,64.160004,42.243553,2096500,0.0,0.0
2016-06-08,63.650002,64.279999,63.119999,64.279999,42.32254,1775100,0.0,0.0
2016-06-09,64.150002,64.580002,63.990002,64.459999,42.441055,1815500,0.0,0.0
2016-06-10,64.019997,64.559998,63.560001,64.419998,42.414726,2384200,0.0,0.0
2016-06-13,64.5,65.290001,64.169998,64.239998,42.296215,2077500,0.0,0.0
2016-06-14,64.32,64.900002,64.040001,64.550003,42.50032,2542100,0.0,0.0
2016-06-15,64.669998,65.599998,64.410004,65.540001,43.152142,2379000,0.0,0.0
2016-06-16,65.370003,66.43,65.120003,66.25,43.619617,2572400,0.0,0.0
2016-06-17,65.989998,66.110001,65.160004,65.809998,43.329918,3112300,0.0,0.0
2016-06-20,66.589996,67.269997,65.809998,65.839996,43.349667,2466200,0.0,0.0
2016-06-21,66.010002,66.230003,65.730003,66.0,43.455009,2493800,0.0,0.0
2016-06-22,66.209999,66.779999,65.730003,66.370003,43.698627,2976000,0.0,0.0
2016-06-23,66.410004,66.419998,65.809998,66.089996,43.847248,2458600,0.504,0.0
2016-06-24,65.0,65.849998,64.419998,65.5,43.455807,3818200,0.0,0.0
2016-06-27,64.879997,66.040001,64.599998,65.970001,43.767635,2228400,0.0,0.0
2016-06-28,66.489998,67.800003,66.239998,67.790001,44.975109,2614000,0.0,0.0
2016-06-29,68.0,68.879997,67.519997,68.010002,45.121063,1599600,0.0,0.0
2016-06-30,68.050003,68.889999,67.610001,68.879997,45.69825,1993900,0.0,0.0
2016-07-01,69.010002,69.25,68.410004,69.0,45.777878,2266800,0.0,0.0
2016-07-05,68.980003,70.379997,68.839996,69.779999,46.29538,2277200,0.0,0.0
2016-07-06,69.610001,69.82,68.489998,69.220001,45.92384,2586700,0.0,0.0
2016-07-07,69.07,69.32,68.349998,69.300003,45.976921,2037100,0.0,0.0
2016-07-08,69.830002,70.519997,69.459999,70.5,46.773048,2416300,0.0,0.0
2016-07-11,70.610001,70.919998,69.849998,70.769997,46.952168,2312400,0.0,0.0
2016-07-12,70.43,71.129997,70.029999,71.019997,47.118042,1967100,0.0,0.0
2016-07-13,71.309998,71.529999,70.720001,70.910004,47.045059,2041700,0.0,0.0
2016-07-14,70.809998,71.089996,70.150002,70.449997,46.739876,1287400,0.0,0.0
2016-07-15,70.550003,70.550003,69.330002,69.57,46.156036,1462000,0.0,0.0
2016-07-18,69.730003,69.989998,69.43,69.82,46.321892,1418300,0.0,0.0
2016-07-19,69.699997,70.75,69.449997,70.709999,46.912361,1808500,0.0,0.0
2016-07-20,70.629997,70.720001,69.959999,70.089996,46.501034,1626300,0.0,0.0
2016-07-21,70.0,70.099998,69.519997,69.949997,46.408142,1944800,0.0,0.0
2016-07-22,69.959999,70.580002,69.639999,70.32,46.653622,2021300,0.0,0.0
2016-07-25,70.480003,70.75,69.839996,70.160004,46.547462,1665100,0.0,0.0
2016-07-26,69.699997,69.900002,69.370003,69.82,46.321892,1890100,0.0,0.0
2016-07-27,66.370003,67.32,65.379997,65.959999,43.76099,11465800,0.0,0.0
2016-07-28,65.739998,67.260002,65.410004,66.849998,44.351452,4188900,0.0,0.0
2016-07-29,66.849998,68.419998,66.699997,67.989998,45.107788,3395000,0.0,0.0
2016-08-01,67.989998,68.669998,67.900002,68.360001,45.353271,2352800,0.0,0.0
2016-08-02,68.220001,68.220001,66.93,67.269997,44.630108,2884400,0.0,0.0
2016-08-03,66.800003,66.93,65.620003,66.010002,43.794174,3708200,0.0,0.0
2016-08-04,66.040001,66.650002,66.0,66.360001,44.026379,2899500,0.0,0.0
2016-08-05,66.57,67.230003,66.110001,67.230003,44.603577,2018100,0.0,0.0
2016-08-08,67.32,68.550003,67.080002,68.300003,45.313461,2210000,0.0,0.0
2016-08-09,68.300003,68.730003,67.970001,68.639999,45.539043,2477700,0.0,0.0
2016-08-10,68.57,68.800003,66.900002,67.260002,44.623486,2411900,0.0,0.0
2016-08-11,67.330002,67.379997,65.940002,66.339996,44.0131,1486000,0.0,0.0
2016-08-12,66.400002,67.199997,66.080002,66.360001,44.026379,1365400,0.0,0.0
2016-08-15,66.440002,67.0,66.32,66.540001,44.145798,1289000,0.0,0.0
2016-08-16,66.220001,66.550003,65.82,65.989998,43.780884,1399000,0.0,0.0
2016-08-17,66.110001,66.330002,65.019997,66.260002,43.960018,1894000,0.0,0.0
2016-08-18,66.059998,66.610001,65.389999,65.639999,43.548691,1865900,0.0,0.0
2016-08-19,65.379997,65.599998,64.599998,65.379997,43.376194,1599200,0.0,0.0
2016-08-22,65.5,65.669998,64.769997,65.339996,43.349648,1656200,0.0,0.0
2016-08-23,65.68,65.730003,65.050003,65.050003,43.157246,1008000,0.0,0.0
2016-08-24,64.739998,65.220001,64.269997,64.809998,42.998032,1727200,0.0,0.0
2016-08-25,64.769997,66.169998,64.470001,65.610001,43.528797,1839700,0.0,0.0
2016-08-26,65.650002,66.360001,64.160004,64.550003,42.825535,2437700,0.0,0.0
2016-08-29,64.639999,65.559998,64.580002,65.010002,43.130718,1441100,0.0,0.0
2016-08-30,65.0,65.050003,64.169998,64.68,42.911781,1571200,0.0,0.0
2016-08-31,64.650002,65.07,64.400002,64.870003,43.03783,3215300,0.0,0.0
2016-09-01,64.900002,64.959999,64.25,64.410004,42.732655,1900500,0.0,0.0
2016-09-02,64.68,65.360001,64.010002,64.589996,42.852074,1994600,0.0,0.0
2016-09-06,64.68,65.019997,64.089996,65.0,43.124081,2754900,0.0,0.0
2016-09-07,65.0,65.769997,64.419998,65.720001,43.601757,2250700,0.0,0.0
2016-09-08,65.370003,65.370003,64.269997,64.410004,42.732655,4005300,0.0,0.0
2016-09-09,63.759998,64.089996,62.439999,62.799999,41.664501,3197700,0.0,0.0
2016-09-12,62.509998,64.019997,62.389999,63.810001,42.334579,2617700,0.0,0.0
2016-09-13,63.27,63.349998,62.580002,62.73,41.618057,2299200,0.0,0.0
2016-09-14,64.440002,64.440002,63.080002,63.610001,42.201889,2683700,0.0,0.0
2016-09-15,63.560001,64.480003,63.18,64.360001,42.699474,2069900,0.0,0.0
2016-09-16,64.019997,64.459999,63.580002,64.419998,42.739288,4428500,0.0,0.0
2016-09-19,64.559998,65.18,64.370003,65.129997,43.210323,1970200,0.0,0.0
2016-09-20,65.449997,65.559998,65.129997,65.209999,43.263405,2001500,0.0,0.0
2016-09-21,65.309998,66.190002,64.410004,66.010002,43.794174,4050000,0.0,0.0
2016-09-22,63.09,64.400002,62.98,64.360001,45.093151,3080900,3.504,0.0
2016-09-23,64.129997,65.07,63.740002,64.440002,45.1492,3699600,0.0,0.0
2016-09-26,64.190002,64.860001,64.190002,64.489998,45.184231,3146800,0.0,0.0
2016-09-27,64.870003,65.860001,64.209999,64.580002,45.24728,3298000,0.0,0.0
2016-09-28,64.709999,65.589996,64.650002,65.510002,45.898891,2383500,0.0,0.0
2016-09-29,65.160004,65.650002,64.43,64.43,45.1422,2899000,0.0,0.0
2016-09-30,64.93,65.330002,64.18,64.330002,45.072128,3235300,0.0,0.0
2016-10-03,64.080002,64.080002,63.07,63.09,44.203342,2410600,0.0,0.0
2016-10-04,63.400002,63.400002,62.169998,62.509998,43.796963,3049200,0.0,0.0
2016-10-05,62.57,62.860001,61.009998,61.41,43.026264,4150300,0.0,0.0
2016-10-06,61.040001,61.970001,60.25,61.360001,42.991226,3834400,0.0,0.0
2016-10-07,61.66,62.48,60.68,60.799999,42.598873,2462000,0.0,0.0
2016-10-10,60.799999,61.110001,60.68,60.84,42.626896,1945700,0.0,0.0
2016-10-11,60.810001,61.029999,60.41,60.5,42.388691,2561000,0.0,0.0
2016-10-12,60.66,62.009998,60.509998,61.150002,42.844101,3115200,0.0,0.0
2016-10-13,60.830002,61.34,60.5,61.150002,42.844101,2279200,0.0,0.0
2016-10-14,61.27,62.02,60.860001,61.400002,43.01926,2293200,0.0,0.0
2016-10-17,62.209999,62.209999,61.310001,61.34,42.977215,1949900,0.0,0.0
2016-10-18,61.990002,62.18,60.919998,61.080002,42.795052,2222000,0.0,0.0
2016-10-19,61.060001,61.380001,60.860001,61.240002,42.907158,2720100,0.0,0.0
2016-10-20,61.189999,61.619999,60.82,61.029999,42.760021,1866100,0.0,0.0
2016-10-21,60.57,61.240002,60.43,61.029999,42.760021,1867500,0.0,0.0
2016-10-24,61.389999,61.77,60.560001,60.709999,42.535812,1498900,0.0,0.0
2016-10-25,60.040001,60.73,59.860001,60.369999,42.297596,2733400,0.0,0.0
2016-10-26,61.439999,61.560001,60.040001,61.150002,42.844101,2433200,0.0,0.0
2016-10-27,60.970001,60.970001,59.580002,59.849998,41.933262,2064400,0.0,0.0
2016-10-28,59.990002,60.939999,59.869999,60.18,42.164471,1810700,0.0,0.0
2016-10-31,60.540001,61.939999,60.330002,61.75,43.264473,2013800,0.0,0.0
2016-11-01,61.639999,61.82,60.549999,60.82,42.612896,2129200,0.0,0.0
2016-11-02,61.060001,61.98,60.75,60.869999,42.647923,2335500,0.0,0.0
2016-11-03,60.889999,61.73,60.75,61.299999,42.9492,2035400,0.0,0.0
2016-11-04,61.5,61.950001,61.07,61.59,43.152378,1698300,0.0,0.0
2016-11-07,62.330002,62.549999,61.279999,61.610001,43.166397,1760500,0.0,0.0
2016-11-08,61.66,62.82,61.32,62.57,43.839008,1570300,0.0,0.0
2016-11-09,61.41,62.43,60.209999,61.279999,42.935177,2501800,0.0,0.0
2016-11-10,61.439999,61.439999,59.290001,59.98,42.024357,2351300,0.0,0.0
2016-11-11,60.0,61.099998,59.869999,60.049999,42.073399,2325900,0.0,0.0
2016-11-14,60.099998,61.57,59.02,61.0,42.739002,3065800,0.0,0.0
2016-11-15,61.25,61.5,58.599998,59.299999,41.547909,3901700,0.0,0.0
2016-11-16,59.18,60.09,58.91,59.93,41.989319,2089100,0.0,0.0
2016-11-17,59.869999,60.549999,58.860001,58.990002,41.330723,1417000,0.0,0.0
2016-11-18,59.150002,59.389999,58.279999,58.98,41.323719,1740900,0.0,0.0
2016-11-21,59.049999,59.669998,58.709999,58.810001,41.204605,1950700,0.0,0.0
2016-11-22,59.040001,60.240002,58.689999,60.060001,42.080402,2187600,0.0,0.0
2016-11-23,59.77,59.880001,58.450001,59.209999,41.484856,1813000,0.0,0.0
2016-11-25,59.299999,59.740002,58.939999,59.43,41.639,773500,0.0,0.0
2016-11-28,59.34,60.650002,59.330002,59.98,42.024357,2226400,0.0,0.0
2016-11-29,60.119999,60.93,60.049999,60.490002,42.38168,2596600,0.0,0.0
2016-11-30,60.040001,60.700001,59.639999,60.009998,42.045364,3672400,0.0,0.0
2016-12-01,59.599998,60.220001,59.110001,59.700001,41.828163,2996900,0.0,0.0
2016-12-02,60.150002,60.98,60.0,60.5,42.388691,2080300,0.0,0.0
2016-12-05,60.52,61.139999,60.279999,61.09,42.802059,3081400,0.0,0.0
2016-12-06,61.23,62.119999,61.110001,61.790001,43.292503,4399900,0.0,0.0
2016-12-07,61.799999,62.650002,61.740002,62.630001,43.881042,3291600,0.0,0.0
2016-12-08,62.290001,63.099998,61.91,62.900002,44.070206,2003200,0.0,0.0
2016-12-09,62.849998,63.740002,62.73,62.869999,44.049198,2807300,0.0,0.0
2016-12-12,62.759998,63.34,62.549999,63.02,44.154293,1620700,0.0,0.0
2016-12-13,63.610001,63.650002,62.580002,63.150002,44.245384,2083700,0.0,0.0
2016-12-14,63.330002,63.5,62.389999,62.790001,43.993141,2452900,0.0,0.0
2016-12-15,62.740002,63.580002,62.25,63.0,44.140285,2287400,0.0,0.0
2016-12-16,63.459999,64.220001,63.080002,64.050003,44.875957,3408800,0.0,0.0
2016-12-19,64.290001,64.470001,63.790001,64.139999,44.939007,2121800,0.0,0.0
2016-12-20,64.080002,64.629997,63.91,64.410004,45.128181,2303500,0.0,0.0
2016-12-21,64.5,65.139999,63.169998,63.459999,44.462582,4001200,0.0,0.0
2016-12-22,62.950001,63.049999,62.099998,62.970001,44.472446,1577800,0.504,0.0
2016-12-23,63.200001,63.299999,62.700001,62.950001,44.458344,1238500,0.0,0.0
2016-12-27,63.02,63.59,62.779999,63.189999,44.627831,933500,0.0,0.0
2016-12-28,63.389999,63.400002,62.509998,62.919998,44.437141,1206600,0.0,0.0
2016-12-29,63.049999,63.799999,62.82,63.68,44.973892,1301600,0.0,0.0
2016-12-30,63.59,64.440002,63.189999,64.360001,45.454147,1542200,0.0,0.0
2017-01-03,64.870003,64.870003,63.220001,63.630001,44.938583,3005100,0.0,0.0
2017-01-04,63.84,64.419998,63.32,64.279999,45.397644,1934000,0.0,0.0
2017-01-05,63.970001,65.199997,63.34,65.150002,46.012085,1693800,0.0,0.0
2017-01-06,64.970001,65.709999,64.720001,65.379997,46.174515,1638000,0.0,0.0
2017-01-09,65.260002,65.290001,64.459999,64.470001,45.531834,1777900,0.0,0.0
2017-01-10,63.98,64.419998,63.5,63.880001,45.115158,1958800,0.0,0.0
2017-01-11,63.84,64.099998,63.290001,63.310001,44.712585,2235600,0.0,0.0
2017-01-12,63.189999,64.400002,62.759998,64.110001,45.277584,2286700,0.0,0.0
2017-01-13,63.939999,63.98,63.040001,63.389999,44.769085,1534900,0.0,0.0
2017-01-17,63.540001,63.950001,63.080002,63.48,44.832657,2156600,0.0,0.0
2017-01-18,63.509998,64.129997,63.139999,63.599998,44.917397,2113700,0.0,0.0
2017-01-19,63.369999,63.52,62.950001,63.0,44.493656,1940900,0.0,0.0
2017-01-20,63.200001,63.77,62.84,63.360001,44.747902,2100700,0.0,0.0
2017-01-23,63.169998,63.369999,62.650002,63.02,44.507771,2037100,0.0,0.0
2017-01-24,63.080002,63.150002,62.040001,62.290001,43.992207,2848900,0.0,0.0
2017-01-25,62.279999,62.529999,61.540001,61.700001,43.575527,2656300,0.0,0.0
2017-01-26,61.98,62.099998,61.400002,61.52,43.44841,2200700,0.0,0.0
2017-01-27,61.66,61.889999,60.66,61.02,43.095295,2565100,0.0,0.0
2017-01-30,60.82,61.02,60.380001,60.700001,42.869278,3167700,0.0,0.0
2017-01-31,60.77,61.610001,60.48,60.77,42.918713,2923000,0.0,0.0
2017-02-01,60.740002,61.029999,59.490002,59.900002,42.304283,4693200,0.0,0.0
2017-02-02,59.779999,61.0,59.759998,60.759998,42.911644,3153600,0.0,0.0
2017-02-03,61.16,61.5,59.830002,60.380001,42.643276,3078200,0.0,0.0
2017-02-06,60.360001,60.810001,60.060001,60.560001,42.770405,1676800,0.0,0.0
2017-02-07,60.48,60.84,60.18,60.66,42.841038,2088500,0.0,0.0
2017-02-08,60.860001,61.799999,60.650002,61.419998,43.377785,2895000,0.0,0.0
2017-02-09,61.419998,61.610001,61.130001,61.41,43.370724,1490300,0.0,0.0
2017-02-10,61.299999,61.939999,61.080002,61.93,43.737965,1585000,0.0,0.0
2017-02-13,61.900002,62.310001,60.939999,62.139999,43.88628,2307000,0.0,0.0
2017-02-14,61.700001,62.119999,61.110001,62.0,43.787411,1434200,0.0,0.0
2017-02-15,61.610001,61.810001,60.880001,61.66,43.547279,1356700,0.0,0.0
2017-02-16,61.599998,62.25,61.599998,61.880001,43.702644,1041400,0.0,0.0
2017-02-17,62.009998,62.150002,61.130001,61.580002,43.490772,1365600,0.0,0.0
2017-02-21,61.439999,62.549999,61.290001,62.419998,44.084038,1524800,0.0,0.0
2017-02-22,62.509998,62.860001,61.290001,61.93,43.737965,1459100,0.0,0.0
2017-02-23,62.209999,62.759998,62.09,62.759998,44.324146,1310500,0.0,0.0
2017-02-24,62.599998,62.790001,62.279999,62.779999,44.338284,1171500,0.0,0.0
2017-02-27,62.919998,63.599998,62.66,63.259998,44.677277,1456200,0.0,0.0
2017-02-28,63.220001,63.5,62.869999,63.07,44.543087,1805800,0.0,0.0
2017-03-01,62.93,63.779999,62.419998,63.02,44.507771,2442000,0.0,0.0
2017-03-02,62.889999,63.540001,62.610001,63.259998,44.677277,1851000,0.0,0.0
2017-03-03,62.990002,62.990002,61.560001,62.32,44.013393,2087100,0.0,0.0
2017-03-06,62.150002,62.779999,61.889999,62.419998,44.084038,1452200,0.0,0.0
2017-03-07,62.290001,62.57,61.959999,62.549999,44.175846,1374300,0.0,0.0
2017-03-08,62.240002,62.82,62.02,62.669998,44.260586,2444600,0.0,0.0
2017-03-09,62.740002,62.939999,62.07,62.130001,43.879215,2774400,0.0,0.0
2017-03-10,62.130001,63.189999,61.360001,61.959999,43.759151,2780200,0.0,0.0
2017-03-13,62.09,62.919998,62.0,62.57,44.189968,3129200,0.0,0.0
2017-03-14,62.509998,62.900002,62.220001,62.330002,44.02047,2214600,0.0,0.0
2017-03-15,62.259998,63.669998,62.259998,63.419998,44.790276,1659000,0.0,0.0
2017-03-16,63.34,63.959999,63.16,63.389999,44.769085,1518300,0.0,0.0
2017-03-17,63.59,63.98,63.259998,63.43,44.797329,2604200,0.0,0.0
2017-03-20,63.540001,63.740002,63.07,63.189999,44.627831,1118900,0.0,0.0
2017-03-21,63.299999,63.549999,62.970001,62.990002,44.486595,2103400,0.0,0.0
2017-03-22,63.279999,63.459999,62.849998,63.369999,44.754963,1568600,0.0,0.0
2017-03-23,62.889999,63.48,62.689999,63.150002,44.95715,1645000,0.504,0.0
2017-03-24,63.349998,63.560001,62.84,62.939999,44.807648,1738700,0.0,0.0
2017-03-27,62.84,63.060001,61.91,62.200001,44.28083,1361400,0.0,0.0
2017-03-28,62.200001,62.509998,61.419998,62.41,44.430328,1735700,0.0,0.0
2017-03-29,62.360001,62.549999,61.68,62.290001,44.344906,1610200,0.0,0.0
2017-03-30,62.27,62.389999,61.509998,62.189999,44.27372,1133100,0.0,0.0
2017-03-31,62.110001,62.529999,61.900002,62.220001,44.295074,1768100,0.0,0.0
2017-04-03,62.240002,62.400002,61.59,62.139999,44.238113,1313500,0.0,0.0
2017-04-04,62.189999,63.200001,62.0,62.330002,44.373383,1889100,0.0,0.0
2017-04-05,62.400002,63.209999,62.099998,63.009998,44.857479,1867500,0.0,0.0
2017-04-06,62.959999,63.209999,62.48,62.900002,44.779163,1201600,0.0,0.0
2017-04-07,62.990002,63.360001,62.810001,63.040001,44.878834,1475000,0.0,0.0
2017-04-10,62.919998,63.59,62.82,63.490002,45.199203,1016600,0.0,0.0
2017-04-11,63.439999,63.919998,63.400002,63.919998,45.50531,1550500,0.0,0.0
2017-04-12,63.950001,64.199997,63.380001,63.439999,45.163597,1536100,0.0,0.0
2017-04-13,63.419998,63.59,63.16,63.240002,45.021214,1301600,0.0,0.0
2017-04-17,63.330002,64.110001,63.240002,64.110001,45.640583,1247000,0.0,0.0
2017-04-18,63.919998,64.610001,63.830002,64.389999,45.839905,1615200,0.0,0.0
2017-04-19,64.300003,64.68,63.919998,64.339996,45.804317,1832100,0.0,0.0
2017-04-20,64.470001,64.470001,63.959999,64.400002,45.847027,1663600,0.0,0.0
2017-04-21,64.199997,64.580002,64.099998,64.279999,45.761597,1797700,0.0,0.0
2017-04-24,64.800003,64.900002,63.23,64.199997,45.704647,2358700,0.0,0.0
2017-04-25,64.309998,64.980003,63.849998,64.93,46.224354,2800700,0.0,0.0
2017-04-26,64.760002,65.900002,64.389999,65.279999,46.473515,3491100,0.0,0.0
2017-04-27,65.279999,65.349998,64.449997,64.529999,45.939579,1845700,0.0,0.0
2017-04-28,64.360001,64.720001,64.099998,64.580002,45.97517,1920300,0.0,0.0
2017-05-01,64.769997,65.260002,64.459999,64.830002,46.153156,1898800,0.0,0.0
2017-05-02,64.900002,65.139999,64.540001,64.730003,46.081978,1645700,0.0,0.0
2017-05-03,64.870003,65.019997,63.830002,63.919998,45.50531,1846500,0.0,0.0
2017-05-04,63.75,64.5,63.490002,64.410004,45.854153,2423400,0.0,0.0
2017-05-05,64.639999,65.540001,64.580002,65.489998,46.62302,1749900,0.0,0.0
2017-05-08,65.629997,65.75,64.68,65.019997,46.28841,1500100,0.0,0.0
2017-05-09,64.93,65.099998,64.470001,64.839996,46.160267,1379300,0.0,0.0
2017-05-10,64.730003,65.459999,64.589996,65.150002,46.38097,1065400,0.0,0.0
2017-05-11,64.790001,64.949997,64.160004,64.809998,46.138924,1075000,0.0,0.0
2017-05-12,65.089996,65.290001,64.830002,64.900002,46.202984,1249600,0.0,0.0
2017-05-15,64.82,65.449997,64.68,64.839996,46.160267,1263000,0.0,0.0
2017-05-16,64.650002,64.980003,64.440002,64.519997,45.932461,1283500,0.0,0.0
2017-05-17,64.550003,64.919998,64.239998,64.339996,45.804317,2535200,0.0,0.0
2017-05-18,64.459999,65.599998,64.339996,65.410004,46.566063,2086600,0.0,0.0
2017-05-19,65.410004,65.599998,64.760002,65.550003,46.665726,1908800,0.0,0.0
2017-05-22,65.5,65.980003,65.32,65.360001,46.530468,1435800,0.0,0.0
2017-05-23,65.269997,65.519997,64.769997,64.93,46.224354,1728300,0.0,0.0
2017-05-24,65.139999,65.25,64.739998,65.199997,46.416557,1325100,0.0,0.0
2017-05-25,65.470001,65.529999,64.699997,65.07,46.324013,1242700,0.0,0.0
2017-05-26,65.199997,65.269997,64.849998,65.169998,46.395199,799900,0.0,0.0
2017-05-30,65.160004,65.470001,64.959999,65.309998,46.494873,1004600,0.0,0.0
2017-05-31,65.330002,65.68,65.050003,65.089996,46.338253,2252800,0.0,0.0
2017-06-01,65.059998,65.080002,64.400002,64.93,46.224354,1762300,0.0,0.0
2017-06-02,65.290001,66.730003,65.269997,66.720001,47.498657,2351300,0.0,0.0
2017-06-05,66.410004,67.5,66.129997,67.419998,47.99699,1597400,0.0,0.0
2017-06-06,67.389999,67.389999,66.730003,66.900002,47.626812,1546500,0.0,0.0
2017-06-07,66.900002,67.239998,66.760002,67.089996,47.762062,1867500,0.0,0.0
2017-06-08,67.089996,67.5,66.379997,67.440002,48.011257,1427900,0.0,0.0
2017-06-09,67.309998,67.68,66.93,67.629997,48.146507,1703500,0.0,0.0
2017-06-12,67.419998,67.589996,66.709999,66.949997,47.662407,1761700,0.0,0.0
2017-06-13,67.059998,67.550003,66.720001,67.110001,47.776321,935700,0.0,0.0
2017-06-14,67.559998,67.68,66.910004,67.190002,47.83326,999000,0.0,0.0
2017-06-15,67.040001,68.110001,67.0,67.769997,48.246181,1127000,0.0,0.0
2017-06-16,68.290001,68.779999,68.110001,68.57,48.815693,2652700,0.0,0.0
2017-06-19,68.75,68.830002,67.93,68.129997,48.502449,1507000,0.0,0.0
2017-06-20,68.18,68.57,67.400002,68.160004,48.523823,1595900,0.0,0.0
2017-06-21,68.029999,68.190002,67.260002,68.010002,48.417034,1285200,0.0,0.0
2017-06-22,67.370003,67.419998,66.57,67.040001,48.08279,1908900,0.504,0.0
2017-06-23,67.010002,67.330002,66.68,67.209999,48.204727,2129100,0.0,0.0
2017-06-26,67.389999,67.550003,67.019997,67.139999,48.15453,877700,0.0,0.0
2017-06-27,66.900002,67.400002,66.349998,66.410004,47.630959,1464400,0.0,0.0
2017-06-28,66.519997,66.690002,66.059998,66.370003,47.602264,1349600,0.0,0.0
2017-06-29,66.199997,66.5,65.669998,66.300003,47.552063,1722100,0.0,0.0
2017-06-30,66.279999,66.790001,65.830002,65.830002,47.214947,2061900,0.0,0.0
2017-07-03,66.040001,66.709999,65.660004,66.57,47.745705,1044600,0.0,0.0
2017-07-05,66.669998,67.129997,66.449997,66.779999,47.896324,2157200,0.0,0.0
2017-07-06,66.129997,66.220001,64.839996,64.889999,46.540768,2827500,0.0,0.0
2017-07-07,64.919998,65.349998,64.589996,64.980003,46.605316,1446600,0.0,0.0
2017-07-10,65.150002,65.199997,64.57,64.730003,46.426025,1394200,0.0,0.0
2017-07-11,64.900002,65.029999,63.98,64.410004,46.196495,1048600,0.0,0.0
2017-07-12,64.660004,65.349998,64.660004,65.050003,46.655525,1162600,0.0,0.0
2017-07-13,64.980003,65.379997,64.599998,65.010002,46.626839,1098700,0.0,0.0
2017-07-14,65.32,65.669998,65.139999,65.459999,46.949593,1311200,0.0,0.0
2017-07-17,65.470001,66.419998,65.269997,66.25,47.516197,1212200,0.0,0.0
2017-07-18,66.139999,66.339996,65.669998,66.050003,47.372742,1722200,0.0,0.0
2017-07-19,66.050003,67.18,65.989998,67.160004,48.168873,1774300,0.0,0.0
2017-07-20,67.129997,67.720001,67.059998,67.160004,48.168873,1491300,0.0,0.0
2017-07-21,67.129997,67.379997,66.779999,67.160004,48.168873,1187500,0.0,0.0
2017-07-24,67.18,67.339996,66.360001,66.650002,47.803074,1683500,0.0,0.0
2017-07-25,66.660004,66.660004,65.620003,66.07,47.387081,1942900,0.0,0.0
2017-07-26,66.080002,67.68,65.849998,67.360001,48.312309,1929100,0.0,0.0
2017-07-27,67.230003,67.529999,66.550003,67.5,48.412731,1584000,0.0,0.0
2017-07-28,67.620003,67.879997,67.339996,67.709999,48.563343,1084200,0.0,0.0
2017-07-31,67.730003,68.099998,67.290001,68.059998,48.814358,1315000,0.0,0.0
2017-08-01,68.199997,68.199997,67.629997,67.839996,48.656582,1330700,0.0,0.0
2017-08-02,67.639999,68.059998,67.290001,67.760002,48.599201,1638800,0.0,0.0
2017-08-03,67.639999,67.830002,67.110001,67.300003,48.269279,1276100,0.0,0.0
2017-08-04,67.309998,67.75,67.029999,67.32,48.283615,1057300,0.0,0.0
2017-08-07,67.209999,67.599998,66.940002,67.239998,48.226246,1108200,0.0,0.0
2017-08-08,67.110001,67.330002,66.779999,67.150002,48.161697,2096600,0.0,0.0
2017-08-09,67.330002,67.440002,67.029999,67.349998,48.305141,1865400,0.0,0.0
2017-08-10,67.169998,67.379997,66.959999,67.080002,48.111488,1642100,0.0,0.0
2017-08-11,66.870003,67.389999,66.709999,66.980003,48.039768,1260500,0.0,0.0
2017-08-14,67.230003,68.029999,67.139999,67.980003,48.757004,1597900,0.0,0.0
2017-08-15,67.82,68.339996,67.529999,68.309998,48.993664,1491600,0.0,0.0
2017-08-16,68.440002,68.709999,67.709999,67.910004,48.706795,1275400,0.0,0.0
2017-08-17,67.800003,68.080002,67.529999,67.650002,48.520313,1441900,0.0,0.0
2017-08-18,67.529999,67.529999,66.919998,67.169998,48.176041,2942300,0.0,0.0
2017-08-21,67.290001,68.050003,67.019997,67.769997,48.60638,975800,0.0,0.0
2017-08-22,67.769997,68.059998,67.449997,67.739998,48.584866,1021500,0.0,0.0
2017-08-23,67.75,68.099998,67.709999,67.980003,48.757004,1251400,0.0,0.0
2017-08-24,68.129997,68.470001,67.879997,67.970001,48.749821,1484300,0.0,0.0
2017-08-25,68.07,68.25,67.889999,67.940002,48.728313,1191200,0.0,0.0
2017-08-28,67.989998,68.089996,66.93,67.370003,48.319492,915500,0.0,0.0
2017-08-29,67.410004,67.730003,67.010002,67.150002,48.161697,1039400,0.0,0.0
2017-08-30,67.07,67.309998,66.529999,67.309998,48.276451,1323700,0.0,0.0
2017-08-31,67.330002,67.43,66.82,67.150002,48.161697,2363000,0.0,0.0
2017-09-01,67.150002,67.559998,66.900002,66.989998,48.046928,1399500,0.0,0.0
2017-09-05,67.099998,67.209999,66.449997,67.139999,48.15453,1641600,0.0,0.0
2017-09-06,67.400002,67.529999,66.949997,67.220001,48.211899,1904600,0.0,0.0
2017-09-07,67.379997,67.849998,67.25,67.720001,48.570518,3078200,0.0,0.0
2017-09-08,67.580002,68.589996,67.580002,68.089996,48.83588,1463800,0.0,0.0
2017-09-11,68.199997,68.769997,68.059998,68.610001,49.208851,1257700,0.0,0.0
2017-09-12,68.379997,68.529999,66.970001,67.610001,48.491623,1257200,0.0,0.0
2017-09-13,67.550003,67.589996,67.139999,67.309998,48.276451,1050000,0.0,0.0
2017-09-14,67.379997,67.599998,66.980003,67.389999,48.333828,1631100,0.0,0.0
2017-09-15,67.239998,67.879997,67.080002,67.879997,48.685272,3190200,0.0,0.0
2017-09-18,67.82,68.160004,67.160004,67.339996,48.29797,1518600,0.0,0.0
2017-09-19,67.639999,67.639999,66.709999,66.830002,47.932175,1854000,0.0,0.0
2017-09-20,66.879997,67.190002,66.410004,66.720001,47.853294,1278400,0.0,0.0
2017-09-21,66.730003,66.910004,66.410004,66.470001,47.673985,1611900,0.0,0.0
2017-09-22,66.099998,66.269997,65.459999,65.879997,47.611824,1822600,0.504,0.0
2017-09-25,66.0,66.419998,65.889999,66.080002,47.756371,1637700,0.0,0.0
2017-09-26,66.150002,66.309998,65.989998,66.029999,47.720234,1520700,0.0,0.0
2017-09-27,65.839996,65.849998,65.440002,65.620003,47.423923,1284100,0.0,0.0
2017-09-28,65.669998,65.919998,65.470001,65.839996,47.582916,1281400,0.0,0.0
2017-09-29,65.75,66.099998,65.489998,65.93,47.647968,1729200,0.0,0.0
2017-10-02,66.089996,66.25,65.57,65.599998,47.409466,1410200,0.0,0.0
2017-10-03,65.650002,65.839996,65.169998,65.550003,47.373333,1595900,0.0,0.0
2017-10-04,65.639999,66.550003,65.459999,66.519997,48.07436,1254100,0.0,0.0
2017-10-05,66.699997,67.199997,66.360001,66.57,48.110493,1377100,0.0,0.0
2017-10-06,66.470001,66.470001,65.650002,66.419998,48.002094,1327100,0.0,0.0
2017-10-09,66.440002,66.57,66.110001,66.440002,48.016552,1251100,0.0,0.0
2017-10-10,66.540001,66.940002,66.279999,66.400002,47.98764,1356200,0.0,0.0
2017-10-11,66.400002,66.830002,66.360001,66.470001,48.038227,1017200,0.0,0.0
2017-10-12,66.480003,67.269997,66.339996,67.230003,48.587494,1343600,0.0,0.0
2017-10-13,67.610001,67.720001,67.239998,67.489998,48.775383,1250600,0.0,0.0
2017-10-16,67.410004,67.540001,66.900002,67.269997,48.616383,1654000,0.0,0.0
2017-10-17,67.059998,67.239998,66.510002,66.879997,48.334534,1293600,0.0,0.0
2017-10-18,66.760002,66.93,66.440002,66.720001,48.218903,1757200,0.0,0.0
2017-10-19,66.910004,66.910004,65.919998,66.059998,47.741917,1728600,0.0,0.0
2017-10-20,66.18,66.18,65.800003,66.139999,47.799747,1067700,0.0,0.0
2017-10-23,66.419998,66.709999,65.959999,66.669998,48.182777,1143200,0.0,0.0
2017-10-24,66.370003,66.559998,65.269997,65.790001,47.546787,2009700,0.0,0.0
2017-10-25,67.739998,67.739998,66.330002,66.879997,48.334534,2108200,0.0,0.0
2017-10-26,67.68,67.68,66.57,67.150002,48.529667,1886800,0.0,0.0
2017-10-27,66.900002,67.660004,66.709999,67.650002,48.891022,1561700,0.0,0.0
2017-10-30,67.599998,67.779999,66.959999,67.019997,48.435703,1934300,0.0,0.0
2017-10-31,66.889999,67.290001,66.660004,67.260002,48.609169,1347300,0.0,0.0
2017-11-01,67.32,68.040001,67.010002,67.809998,49.006653,880700,0.0,0.0
2017-11-02,68.0,68.160004,66.510002,66.849998,48.312859,1241600,0.0,0.0
2017-11-03,66.400002,68.269997,66.360001,68.209999,49.295731,1754500,0.0,0.0
2017-11-06,68.68,69.629997,68.360001,69.209999,50.018425,1544300,0.0,0.0
2017-11-07,69.389999,69.769997,69.209999,69.559998,50.271378,1213700,0.0,0.0
2017-11-08,69.639999,70.400002,69.639999,70.370003,50.856781,1684300,0.0,0.0
2017-11-09,70.099998,70.459999,69.879997,69.879997,50.502659,1431900,0.0,0.0
2017-11-10,69.57,70.029999,69.230003,69.25,50.047352,1411000,0.0,0.0
2017-11-13,69.150002,70.25,68.800003,70.150002,50.697777,1377500,0.0,0.0
2017-11-14,70.089996,70.349998,69.57,69.980003,50.574928,1520100,0.0,0.0
2017-11-15,69.970001,70.089996,68.900002,69.029999,49.888359,1072900,0.0,0.0
2017-11-16,69.07,69.419998,68.529999,69.220001,50.025669,1025500,0.0,0.0
2017-11-17,68.980003,69.300003,68.169998,68.32,49.375237,1630400,0.0,0.0
2017-11-20,68.269997,68.370003,67.720001,67.919998,49.086159,1771100,0.0,0.0
2017-11-21,68.220001,68.580002,68.029999,68.099998,49.216244,2298000,0.0,0.0
2017-11-22,67.989998,68.5,67.860001,68.139999,49.245152,1318300,0.0,0.0
2017-11-24,68.309998,68.480003,68.150002,68.209999,49.295731,655800,0.0,0.0
2017-11-27,68.129997,68.389999,67.599998,67.629997,48.876556,1281000,0.0,0.0
2017-11-28,67.550003,67.800003,66.650002,66.900002,48.348988,2552700,0.0,0.0
2017-11-29,66.779999,66.93,66.010002,66.739998,48.233349,2073300,0.0,0.0
2017-11-30,67.019997,67.129997,66.589996,66.82,48.291176,2518300,0.0,0.0
2017-12-01,67.019997,67.389999,66.290001,66.529999,48.081596,1130200,0.0,0.0
2017-12-04,66.720001,66.830002,66.050003,66.300003,47.915375,1696000,0.0,0.0
2017-12-05,66.300003,66.379997,65.470001,65.510002,47.344421,1134000,0.0,0.0
2017-12-06,65.550003,65.809998,65.150002,65.400002,47.264942,1064600,0.0,0.0
2017-12-07,65.5,65.5,64.959999,65.150002,47.084259,2219200,0.0,0.0
2017-12-08,65.360001,65.82,64.980003,65.809998,47.56123,1356200,0.0,0.0
2017-12-11,65.940002,66.089996,65.370003,65.919998,47.640739,1083200,0.0,0.0
2017-12-12,65.970001,66.410004,65.57,66.300003,47.915375,1687400,0.0,0.0
2017-12-13,66.449997,66.620003,65.540001,65.629997,47.43116,1335600,0.0,0.0
2017-12-14,65.550003,65.660004,65.32,65.400002,47.264942,2811000,0.0,0.0
2017-12-15,65.739998,66.099998,65.540001,65.660004,47.452847,3601100,0.0,0.0
2017-12-18,65.769997,65.93,65.459999,65.599998,47.409466,1595700,0.0,0.0
2017-12-19,65.540001,65.629997,63.740002,64.300003,46.469944,2474500,0.0,0.0
2017-12-20,64.199997,64.669998,63.740002,63.810001,46.115829,2072000,0.0,0.0
2017-12-21,64.059998,64.059998,63.200001,63.389999,45.812298,1653000,0.0,0.0
2017-12-22,63.619999,63.91,63.34,63.799999,46.108597,1068600,0.0,0.0
2017-12-26,63.970001,64.290001,63.68,64.099998,46.325417,879000,0.0,0.0
2017-12-27,64.269997,64.330002,63.799999,64.080002,46.31097,1623200,0.0,0.0
2017-12-28,64.099998,64.379997,63.740002,64.25,46.433826,1765600,0.0,0.0
2017-12-29,63.860001,64.169998,63.66,63.77,46.451298,1752300,0.504,0.0
2018-01-02,63.970001,64.019997,63.459999,63.509998,46.261909,1238500,0.0,0.0
2018-01-03,63.509998,63.880001,63.389999,63.84,46.502281,1408200,0.0,0.0
2018-01-04,63.759998,63.779999,62.630001,62.740002,45.701031,1917000,0.0,0.0
2018-01-05,62.689999,62.860001,62.52,62.689999,45.664604,2226800,0.0,0.0
2018-01-08,62.66,63.32,62.52,63.110001,45.970543,1814100,0.0,0.0
2018-01-09,63.0,63.040001,62.09,62.349998,45.416935,1614200,0.0,0.0
2018-01-10,62.0,62.009998,61.049999,61.459999,44.76865,1781800,0.0,0.0
2018-01-11,61.779999,62.049999,60.889999,60.959999,44.404438,1677600,0.0,0.0
2018-01-12,60.860001,60.990002,60.130001,60.419998,44.011093,1459500,0.0,0.0
2018-01-16,60.650002,61.759998,60.450001,60.669998,44.193207,2277800,0.0,0.0
2018-01-17,61.02,61.07,60.52,60.849998,44.324318,1745400,0.0,0.0
2018-01-18,60.59,60.779999,59.880001,60.450001,44.032944,2043400,0.0,0.0
2018-01-19,60.439999,60.689999,60.18,60.470001,44.047516,1929200,0.0,0.0
2018-01-22,60.529999,61.220001,60.400002,61.18,44.564697,1692100,0.0,0.0
2018-01-23,61.32,61.849998,61.279999,61.790001,45.009029,1845100,0.0,0.0
2018-01-24,61.73,61.860001,61.290001,61.439999,44.754086,1136600,0.0,0.0
2018-01-25,61.389999,61.57,60.630001,61.209999,44.586552,1574200,0.0,0.0
2018-01-26,61.389999,61.549999,60.919998,61.540001,44.82692,1568500,0.0,0.0
2018-01-29,61.619999,61.68,60.759998,61.209999,44.586552,2031000,0.0,0.0
2018-01-30,61.060001,61.380001,60.57,60.57,44.120361,2620900,0.0,0.0
2018-01-31,59.950001,61.669998,59.509998,61.610001,44.877907,5601000,0.0,0.0
2018-02-01,61.459999,61.740002,60.040001,60.330002,43.945541,2124200,0.0,0.0
2018-02-02,59.669998,60.360001,58.959999,59.950001,43.668739,2488600,0.0,0.0
2018-02-05,59.740002,60.400002,57.919998,58.049999,42.284744,3428800,0.0,0.0
2018-02-06,56.919998,58.18,56.07,57.709999,42.037071,3580000,0.0,0.0
2018-02-07,57.66,58.57,56.849998,56.860001,41.417931,2799100,0.0,0.0
2018-02-08,56.900002,57.779999,55.25,55.259998,40.252457,3417000,0.0,0.0
2018-02-09,55.560001,57.0,55.209999,56.650002,41.264954,3152200,0.0,0.0
2018-02-12,56.830002,57.119999,54.970001,56.610001,41.235817,2982800,0.0,0.0
2018-02-13,56.549999,57.330002,56.209999,56.990002,41.512623,2242300,0.0,0.0
2018-02-14,56.400002,56.880001,55.84,56.669998,41.279522,2759100,0.0,0.0
2018-02-15,56.950001,58.0,56.919998,57.91,42.182766,2179800,0.0,0.0
2018-02-16,57.900002,58.59,57.619999,57.970001,42.226471,2186800,0.0,0.0
2018-02-20,57.759998,58.34,57.549999,57.639999,41.986088,3020600,0.0,0.0
2018-02-21,57.700001,57.779999,55.849998,55.869999,40.696789,2923300,0.0,0.0
2018-02-22,56.060001,56.630001,55.880001,56.169998,40.915321,2015000,0.0,0.0
2018-02-23,56.369999,56.990002,56.099998,56.990002,41.512623,1894500,0.0,0.0
2018-02-26,57.130001,57.369999,56.709999,57.130001,41.614594,2000100,0.0,0.0
2018-02-27,57.119999,57.240002,55.610001,55.830002,40.667652,2340500,0.0,0.0
2018-02-28,56.09,56.959999,56.02,56.23,40.95903,4556600,0.0,0.0
2018-03-01,56.080002,57.029999,55.810001,56.32,41.024574,2380400,0.0,0.0
2018-03-02,56.189999,56.43,55.5,55.959999,40.762352,2085300,0.0,0.0
2018-03-05,55.810001,56.599998,55.599998,56.470001,41.133839,2832900,0.0,0.0
2018-03-06,56.43,56.98,56.0,56.889999,41.439781,2268100,0.0,0.0
2018-03-07,56.650002,58.040001,56.650002,57.830002,42.1245,3176300,0.0,0.0
2018-03-08,57.900002,58.290001,57.610001,58.27,42.444992,2162100,0.0,0.0
2018-03-09,58.310001,59.52,58.040001,59.509998,43.348236,2828600,0.0,0.0
2018-03-12,59.330002,59.740002,58.849998,59.5,43.340939,2951200,0.0,0.0
2018-03-13,59.77,60.049999,59.18,59.369999,43.246258,1577200,0.0,0.0
2018-03-14,59.580002,59.830002,59.209999,59.540001,43.370087,2082300,0.0,0.0
2018-03-15,59.66,59.919998,59.330002,59.720001,43.501198,1924500,0.0,0.0
2018-03-16,59.759998,60.470001,59.689999,60.23,43.872704,2819100,0.0,0.0
2018-03-19,60.709999,60.779999,59.799999,60.32,43.938255,2762300,0.0,0.0
2018-03-20,60.299999,60.68,59.919998,60.27,43.901833,3513400,0.0,0.0
2018-03-21,60.209999,60.529999,59.639999,60.130001,43.799854,2940600,0.0,0.0
2018-03-22,59.880001,60.619999,59.48,59.75,43.523064,4788200,0.0,0.0
2018-03-23,59.189999,59.259998,57.959999,58.360001,42.898254,4554400,0.54,0.0
2018-03-26,58.740002,59.049999,58.060001,58.98,43.353992,2320000,0.0,0.0
2018-03-27,59.009998,60.09,58.490002,59.349998,43.625977,2560400,0.0,0.0
2018-03-28,59.610001,61.790001,59.380001,61.549999,45.243103,3856200,0.0,0.0
2018-03-29,61.790001,62.220001,61.23,61.619999,45.294556,5297500,0.0,0.0
2018-04-02,61.48,61.709999,60.5,61.040001,44.868221,3466300,0.0,0.0
2018-04-03,61.130001,62.580002,60.82,62.349998,45.831142,4343300,0.0,0.0
2018-04-04,62.009998,63.209999,61.889999,63.150002,46.419205,4093600,0.0,0.0
2018-04-05,63.209999,63.34,62.700001,63.290001,46.522106,2901300,0.0,0.0
2018-04-06,63.369999,63.709999,62.82,63.049999,46.345695,2491800,0.0,0.0
2018-04-09,63.07,63.09,62.209999,62.299999,45.794395,4295800,0.0,0.0
2018-04-10,62.509998,62.869999,62.349998,62.700001,46.088425,2922900,0.0,0.0
2018-04-11,62.66,63.23,62.400002,62.529999,45.963467,3249900,0.0,0.0
2018-04-12,62.630001,62.73,61.299999,61.450001,45.169598,2712500,0.0,0.0
2018-04-13,61.619999,61.84,61.380001,61.650002,45.316612,2171100,0.0,0.0
2018-04-16,61.889999,62.310001,61.5,61.68,45.338657,1736800,0.0,0.0
2018-04-17,61.830002,62.799999,61.68,62.43,45.889946,1824200,0.0,0.0
2018-04-18,62.540001,62.639999,61.970001,61.98,45.559181,1282400,0.0,0.0
2018-04-19,61.82,61.869999,60.439999,60.700001,44.618301,2685700,0.0,0.0
2018-04-20,60.720001,60.889999,60.009998,60.110001,44.184608,2443100,0.0,0.0
2018-04-23,60.220001,60.52,59.889999,60.41,44.405132,1307900,0.0,0.0
2018-04-24,60.549999,60.959999,60.169998,60.709999,44.625645,1998800,0.0,0.0
2018-04-25,60.290001,60.950001,59.869999,60.310001,44.331631,1821600,0.0,0.0
2018-04-26,60.5,61.560001,60.290001,61.130001,44.934376,1528900,0.0,0.0
2018-04-27,61.110001,62.279999,60.830002,61.950001,45.537128,1712200,0.0,0.0
2018-04-30,62.029999,62.34,61.689999,61.709999,45.360714,2946600,0.0,0.0
2018-05-01,61.779999,62.400002,61.5,62.220001,45.735603,4162900,0.0,0.0
2018-05-02,62.0,62.220001,61.32,61.509998,45.213699,2034400,0.0,0.0
2018-05-03,61.48,62.150002,61.240002,61.599998,45.27985,1654000,0.0,0.0
2018-05-04,61.52,62.330002,61.34,62.099998,45.647396,1531900,0.0,0.0
2018-05-07,62.310001,62.59,61.959999,62.5,45.94141,1781500,0.0,0.0
2018-05-08,61.880001,62.48,61.779999,62.139999,45.676785,1707300,0.0,0.0
2018-05-09,62.150002,62.619999,62.110001,62.560001,45.985523,1890800,0.0,0.0
2018-05-10,63.470001,63.700001,62.52,62.91,46.24279,3002200,0.0,0.0
2018-05-11,63.07,63.220001,62.439999,62.549999,45.978161,1440500,0.0,0.0
2018-05-14,62.57,62.740002,61.799999,62.290001,45.787048,1274500,0.0,0.0
2018-05-15,61.82,62.009998,60.84,61.0,44.83881,2389800,0.0,0.0
2018-05-16,61.049999,61.23,60.209999,60.25,44.287525,1585700,0.0,0.0
2018-05-17,60.259998,60.560001,59.529999,59.740002,43.912647,1645000,0.0,0.0
2018-05-18,59.720001,59.900002,59.290001,59.630001,43.831791,1892200,0.0,0.0
2018-05-21,59.900002,60.66,59.299999,60.290001,44.316917,1239300,0.0,0.0
2018-05-22,60.25,60.52,60.009998,60.419998,44.412476,1948600,0.0,0.0
2018-05-23,60.580002,62.110001,60.580002,61.75,45.390106,2209700,0.0,0.0
2018-05-24,61.720001,62.0,60.830002,61.200001,44.98584,2883400,0.0,0.0
2018-05-25,61.349998,62.060001,61.290001,61.759998,45.397472,1131700,0.0,0.0
2018-05-29,61.59,62.290001,61.169998,61.860001,45.470974,1454400,0.0,0.0
2018-05-30,61.630001,63.91,61.630001,63.82,46.911694,2321600,0.0,0.0
2018-05-31,63.52,64.25,63.200001,63.990002,47.036659,4653000,0.0,0.0
2018-06-01,64.110001,64.199997,63.650002,63.830002,46.919048,1981400,0.0,0.0
2018-06-04,64.129997,64.620003,63.73,64.610001,47.492409,2124600,0.0,0.0
2018-06-05,64.93,64.93,63.990002,64.019997,47.058704,2019700,0.0,0.0
2018-06-06,63.849998,64.489998,63.810001,64.330002,47.286579,1705400,0.0,0.0
2018-06-07,64.459999,64.489998,63.880001,64.110001,47.124863,2031300,0.0,0.0
2018-06-08,64.379997,64.82,64.25,64.599998,47.485035,1670100,0.0,0.0
2018-06-11,64.599998,64.839996,64.040001,64.040001,47.073418,1216400,0.0,0.0
2018-06-12,64.040001,64.540001,63.900002,64.209999,47.198364,2533600,0.0,0.0
2018-06-13,64.440002,64.75,62.939999,63.200001,46.455952,2127900,0.0,0.0
2018-06-14,63.43,64.43,63.279999,63.75,46.860233,1725400,0.0,0.0
2018-06-15,63.84,64.239998,63.290001,63.48,46.661781,3552300,0.0,0.0
2018-06-18,63.360001,63.619999,62.23,62.419998,45.88261,2124000,0.0,0.0
2018-06-19,62.130001,62.82,61.939999,62.009998,45.581226,2462500,0.0,0.0
2018-06-20,62.32,62.73,61.669998,62.66,46.059021,1518200,0.0,0.0
2018-06-21,62.77,62.889999,62.07,62.860001,46.206024,1555700,0.0,0.0
2018-06-22,62.509998,63.389999,62.169998,63.119999,46.799179,4756400,0.54,0.0
2018-06-25,63.25,63.919998,63.029999,63.66,47.199551,1804500,0.0,0.0
2018-06-26,63.639999,63.639999,63.0,63.029999,46.732452,1884000,0.0,0.0
2018-06-27,63.189999,63.41,62.66,62.689999,46.480366,1699100,0.0,0.0
2018-06-28,62.689999,63.509998,62.599998,63.299999,46.932648,1834000,0.0,0.0
2018-06-29,62.970001,63.939999,62.610001,63.689999,47.221802,3031500,0.0,0.0
2018-07-02,63.68,63.939999,62.639999,63.470001,47.058681,1859100,0.0,0.0
2018-07-03,63.48,64.339996,63.189999,63.599998,47.155067,992300,0.0,0.0
2018-07-05,63.639999,64.360001,63.349998,64.349998,47.711151,1719300,0.0,0.0
2018-07-06,64.550003,64.900002,64.279999,64.790001,48.037361,1959100,0.0,0.0
2018-07-09,64.790001,64.989998,64.129997,64.550003,47.859425,2413300,0.0,0.0
2018-07-10,64.559998,64.959999,64.269997,64.870003,48.09668,2185600,0.0,0.0
2018-07-11,64.830002,65.209999,64.68,64.870003,48.09668,1411700,0.0,0.0
2018-07-12,65.110001,65.309998,64.790001,65.129997,48.289452,1518100,0.0,0.0
2018-07-13,65.220001,65.480003,64.459999,64.5,47.822365,1229800,0.0,0.0
2018-07-16,64.309998,64.610001,63.82,64.43,47.770462,1233300,0.0,0.0
2018-07-17,64.589996,64.589996,63.75,63.860001,47.347843,1534400,0.0,0.0
2018-07-18,63.75,64.339996,63.68,64.050003,47.488712,2125300,0.0,0.0
2018-07-19,63.84,64.889999,63.75,64.290001,47.666641,1631300,0.0,0.0
2018-07-20,64.010002,64.169998,63.119999,63.220001,46.873322,1511600,0.0,0.0
2018-07-23,63.279999,63.279999,62.709999,63.23,46.880745,1445800,0.0,0.0
2018-07-24,63.169998,63.639999,62.68,63.5,47.080921,2486100,0.0,0.0
2018-07-25,64.110001,65.610001,63.5,64.610001,47.903923,1901600,0.0,0.0
2018-07-26,65.260002,65.260002,64.300003,64.5,47.822365,1700700,0.0,0.0
2018-07-27,64.669998,64.769997,63.880001,64.029999,47.473873,1514000,0.0,0.0
2018-07-30,64.010002,64.089996,63.380001,63.77,47.281109,1524100,0.0,0.0
2018-07-31,64.239998,65.940002,63.990002,65.43,48.511894,3097400,0.0,0.0
2018-08-01,64.980003,66.010002,64.669998,65.910004,48.867771,2065600,0.0,0.0
2018-08-02,65.699997,66.419998,65.68,65.970001,48.912266,1386700,0.0,0.0
2018-08-03,65.989998,66.940002,65.730003,66.910004,49.609203,1314500,0.0,0.0
2018-08-06,66.849998,67.410004,66.660004,67.0,49.67593,1042100,0.0,0.0
2018-08-07,67.0,67.0,66.339996,66.910004,49.609203,942900,0.0,0.0
2018-08-08,67.040001,67.040001,66.489998,66.550003,49.3423,948700,0.0,0.0
2018-08-09,66.580002,66.949997,66.360001,66.889999,49.594383,699500,0.0,0.0
2018-08-10,66.769997,67.050003,65.940002,65.959999,48.904842,958200,0.0,0.0
2018-08-13,65.910004,66.470001,65.809998,66.349998,49.194,1062300,0.0,0.0
2018-08-14,65.639999,67.07,65.629997,66.599998,49.379368,1178400,0.0,0.0
2018-08-15,66.57,67.360001,66.480003,67.160004,49.794567,1440900,0.0,0.0
2018-08-16,67.160004,67.489998,66.919998,67.389999,49.965096,802000,0.0,0.0
2018-08-17,67.449997,67.879997,67.260002,67.849998,50.306137,1341500,0.0,0.0
2018-08-20,68.0,68.190002,67.57,67.75,50.23201,1112600,0.0,0.0
2018-08-21,67.629997,67.699997,66.900002,66.980003,49.661106,1133900,0.0,0.0
2018-08-22,66.980003,67.199997,66.599998,66.900002,49.601791,1095200,0.0,0.0
2018-08-23,67.019997,67.25,66.800003,66.860001,49.572132,1023000,0.0,0.0
2018-08-24,66.769997,67.529999,66.769997,67.43,49.994762,1905000,0.0,0.0
2018-08-27,67.529999,67.580002,66.779999,67.480003,50.031837,1802800,0.0,0.0
2018-08-28,67.440002,67.940002,67.07,67.93,50.365463,1379000,0.0,0.0
2018-08-29,67.910004,68.139999,67.760002,67.919998,50.358055,1218300,0.0,0.0
2018-08-30,68.18,68.18,67.550003,67.660004,50.165283,982300,0.0,0.0
2018-08-31,67.839996,68.050003,67.32,67.75,50.23201,1261200,0.0,0.0
2018-09-04,67.449997,67.870003,66.849998,67.019997,49.690754,1475100,0.0,0.0
2018-09-05,67.050003,67.879997,66.760002,67.43,49.994762,1611700,0.0,0.0
2018-09-06,67.669998,68.269997,67.489998,67.989998,50.409954,1531600,0.0,0.0
2018-09-07,67.540001,67.660004,66.879997,67.239998,49.853878,1228500,0.0,0.0
2018-09-10,67.629997,68.089996,67.230003,67.800003,50.269085,1125400,0.0,0.0
2018-09-11,67.5,68.309998,67.480003,68.0,50.417362,2886000,0.0,0.0
2018-09-12,67.93,68.089996,67.620003,67.760002,50.239422,1463600,0.0,0.0
2018-09-13,68.120003,68.349998,67.769997,68.139999,50.521172,1132600,0.0,0.0
2018-09-14,67.959999,67.959999,66.940002,67.830002,50.29134,1400200,0.0,0.0
2018-09-17,67.800003,68.580002,67.610001,68.400002,50.71394,1640900,0.0,0.0
2018-09-18,68.309998,68.419998,67.440002,67.769997,50.246845,1427700,0.0,0.0
2018-09-19,67.839996,67.839996,66.870003,67.010002,49.683346,1057000,0.0,0.0
2018-09-20,67.059998,67.940002,66.879997,67.919998,50.358055,1027100,0.0,0.0
2018-09-21,67.360001,68.300003,67.169998,67.690002,50.589737,3188900,0.54,0.0
2018-09-24,67.669998,67.82,65.910004,66.099998,49.401409,1392500,0.0,0.0
2018-09-25,66.18,66.449997,65.629997,66.239998,49.506054,1466000,0.0,0.0
2018-09-26,66.339996,66.529999,64.949997,64.989998,48.571831,2051800,0.0,0.0
2018-09-27,65.040001,65.419998,64.860001,64.949997,48.541927,2142800,0.0,0.0
2018-09-28,65.07,66.279999,65.029999,66.260002,49.520988,2580900,0.0,0.0
2018-10-01,66.209999,66.580002,65.790001,66.040001,49.356575,1268200,0.0,0.0
2018-10-02,66.139999,66.57,66.019997,66.239998,49.506054,964100,0.0,0.0
2018-10-03,66.279999,66.550003,65.089996,65.360001,48.848362,1245900,0.0,0.0
2018-10-04,64.980003,65.239998,64.269997,64.959999,48.549412,1098500,0.0,0.0
2018-10-05,65.059998,65.550003,64.82,64.889999,48.497101,1559800,0.0,0.0
2018-10-08,64.989998,66.07,64.989998,65.300003,48.803516,2430600,0.0,0.0
2018-10-09,65.410004,65.800003,65.059998,65.550003,48.99036,1661200,0.0,0.0
2018-10-10,65.5,65.93,64.650002,64.690002,48.347614,1567600,0.0,0.0
2018-10-11,64.949997,64.949997,62.82,62.869999,46.987396,1988600,0.0,0.0
2018-10-12,63.119999,63.84,62.400002,62.669998,46.837921,1736500,0.0,0.0
2018-10-15,62.5,63.700001,62.419998,62.98,47.069599,1440100,0.0,0.0
2018-10-16,63.240002,64.599998,62.790001,64.379997,48.115925,2653100,0.0,0.0
2018-10-17,64.290001,64.559998,63.77,64.07,47.884235,2265500,0.0,0.0
2018-10-18,64.120003,64.720001,63.889999,64.410004,48.138351,1453900,0.0,0.0
2018-10-19,64.410004,64.980003,64.389999,64.870003,48.482143,1743000,0.0,0.0
2018-10-22,64.989998,65.029999,63.509998,63.540001,47.488136,1558100,0.0,0.0
2018-10-23,63.400002,64.0,62.779999,63.740002,47.637619,2075700,0.0,0.0
2018-10-24,64.040001,66.050003,64.040001,65.43,48.900684,3064300,0.0,0.0
2018-10-25,65.510002,66.480003,64.870003,66.059998,49.371525,1626500,0.0,0.0
2018-10-26,65.919998,65.940002,64.599998,64.839996,48.459717,2238200,0.0,0.0
2018-10-29,65.43,66.459999,65.43,66.220001,49.4911,1494500,0.0,0.0
2018-10-30,66.449997,66.949997,65.629997,65.779999,49.162258,2052400,0.0,0.0
2018-10-31,65.699997,66.040001,64.900002,64.959999,48.549412,3099800,0.0,0.0
2018-11-01,65.269997,65.269997,64.220001,64.82,48.444782,2233800,0.0,0.0
2018-11-02,64.510002,65.010002,63.619999,64.440002,48.16077,2228400,0.0,0.0
2018-11-05,64.589996,65.860001,64.559998,65.669998,49.080048,1512200,0.0,0.0
2018-11-06,65.879997,66.910004,65.639999,66.519997,49.715317,2327200,0.0,0.0
2018-11-07,66.910004,67.739998,66.300003,67.470001,50.425316,1681800,0.0,0.0
2018-11-08,67.239998,67.519997,66.660004,67.300003,50.29826,872500,0.0,0.0
2018-11-09,67.389999,67.709999,67.0,67.480003,50.4328,1105900,0.0,0.0
2018-11-12,67.550003,68.220001,67.120003,68.029999,50.843838,1007300,0.0,0.0
2018-11-13,68.160004,68.43,67.540001,68.139999,50.92606,1215400,0.0,0.0
2018-11-14,68.349998,68.93,67.970001,68.760002,51.389435,2222300,0.0,0.0
2018-11-15,68.360001,68.360001,67.010002,67.779999,50.657005,2349900,0.0,0.0
2018-11-16,67.720001,69.459999,67.720001,69.360001,51.837864,1785700,0.0,0.0
2018-11-19,69.360001,69.919998,68.589996,69.400002,51.86776,1792800,0.0,0.0
2018-11-20,69.449997,69.879997,68.800003,69.550003,51.979855,1552200,0.0,0.0
2018-11-21,69.449997,70.269997,69.080002,69.5,51.94249,1327800,0.0,0.0
2018-11-23,69.470001,69.540001,68.739998,69.110001,51.651012,377800,0.0,0.0
2018-11-26,69.449997,69.550003,68.690002,69.449997,51.905121,1558300,0.0,0.0
2018-11-27,69.480003,69.970001,68.959999,69.849998,52.204075,1859600,0.0,0.0
2018-11-28,69.68,70.410004,69.599998,70.220001,52.480595,1730300,0.0,0.0
2018-11-29,69.989998,70.580002,69.32,70.269997,52.517963,1975800,0.0,0.0
2018-11-30,70.610001,71.290001,70.18,71.25,53.250374,2534500,0.0,0.0
2018-12-03,71.5,71.889999,71.199997,71.879997,53.72123,2157900,0.0,0.0
2018-12-04,71.739998,71.93,70.589996,70.760002,52.884167,2057100,0.0,0.0
2018-12-06,70.449997,72.75,69.589996,72.650002,54.296719,2593000,0.0,0.0
2018-12-07,72.389999,72.620003,71.32,71.669998,53.564281,2114200,0.0,0.0
2018-12-10,71.900002,71.940002,70.480003,71.510002,53.444717,1795500,0.0,0.0
2018-12-11,71.839996,72.099998,71.379997,71.419998,53.377426,1262700,0.0,0.0
2018-12-12,71.790001,71.989998,69.400002,69.5,51.94249,1795000,0.0,0.0
2018-12-13,69.629997,70.589996,69.629997,70.019997,52.33112,1936300,0.0,0.0
2018-12-14,69.860001,70.169998,69.580002,69.940002,52.271336,1732600,0.0,0.0
2018-12-17,70.139999,70.419998,67.57,67.739998,50.62711,2097900,0.0,0.0
2018-12-18,68.209999,69.0,67.809998,68.32,51.060581,1783000,0.0,0.0
2018-12-19,68.650002,69.370003,67.879997,68.230003,50.99332,1539900,0.0,0.0
2018-12-20,68.349998,68.919998,67.540001,68.120003,50.91111,1777700,0.0,0.0
2018-12-21,68.120003,70.059998,67.220001,67.239998,50.253418,3744100,0.0,0.0
2018-12-24,67.239998,67.440002,63.68,63.68,47.592773,731500,0.0,0.0
2018-12-26,63.84,65.419998,63.169998,65.419998,48.893188,1606400,0.0,0.0
2018-12-27,65.059998,66.059998,63.939999,66.059998,49.371525,1850100,0.0,0.0
2018-12-28,66.68,67.080002,65.410004,66.239998,49.506054,1398800,0.0,0.0
2018-12-31,65.779999,66.019997,64.739998,66.010002,49.739643,1266000,0.54,0.0
2019-01-02,65.419998,65.43,63.41,63.759998,48.044228,1300000,0.0,0.0
2019-01-03,63.669998,65.059998,63.669998,64.160004,48.345642,1744700,0.0,0.0
2019-01-04,64.330002,65.199997,64.160004,64.559998,48.647041,1462500,0.0,0.0
2019-01-07,64.769997,65.559998,64.660004,65.099998,49.053944,1792200,0.0,0.0
2019-01-08,65.330002,66.410004,65.190002,66.32,49.973236,2047900,0.0,0.0
2019-01-09,66.489998,66.519997,65.68,66.32,49.973236,1119500,0.0,0.0
2019-01-10,66.550003,67.550003,66.120003,67.410004,50.794567,1211900,0.0,0.0
2019-01-11,67.300003,67.779999,67.110001,67.550003,50.900055,1606100,0.0,0.0
2019-01-14,67.269997,67.910004,66.959999,67.629997,50.960335,1590400,0.0,0.0
2019-01-15,67.760002,68.709999,67.699997,68.459999,51.585751,1354900,0.0,0.0
2019-01-16,68.330002,69.190002,67.800003,69.080002,52.052944,1911000,0.0,0.0
2019-01-17,69.019997,69.940002,69.019997,69.910004,52.678356,2684300,0.0,0.0
2019-01-18,70.169998,70.32,69.5,70.120003,52.836601,1741900,0.0,0.0
2019-01-22,70.080002,70.43,69.639999,70.400002,53.047581,1858000,0.0,0.0
2019-01-23,70.139999,70.599998,69.949997,70.339996,53.002373,2299100,0.0,0.0
2019-01-24,70.32,70.580002,69.610001,70.349998,53.009892,919900,0.0,0.0
2019-01-25,70.470001,70.879997,70.290001,70.669998,53.251034,2190700,0.0,0.0
2019-01-28,70.379997,71.730003,70.379997,71.720001,54.042217,1647200,0.0,0.0
2019-01-29,71.43,72.379997,71.43,72.370003,54.532017,1966700,0.0,0.0
2019-01-30,72.089996,72.68,71.610001,72.0,54.253212,2494600,0.0,0.0
2019-01-31,71.400002,72.669998,71.0,72.559998,54.675167,2403900,0.0,0.0
2019-02-01,72.790001,72.940002,70.779999,72.019997,54.26828,1528400,0.0,0.0
2019-02-04,71.620003,72.809998,71.410004,72.790001,54.84848,1518800,0.0,0.0
2019-02-05,72.330002,73.0,71.830002,72.949997,54.969044,1334100,0.0,0.0
2019-02-06,72.82,73.010002,72.440002,73.0,55.006706,1192300,0.0,0.0
2019-02-07,72.860001,73.629997,72.459999,73.540001,55.413616,1470000,0.0,0.0
2019-02-08,73.290001,73.839996,73.160004,73.440002,55.338284,1695300,0.0,0.0
2019-02-11,73.480003,73.849998,73.190002,73.459999,55.35334,1587600,0.0,0.0
2019-02-12,73.400002,73.400002,72.360001,72.540001,54.660099,2018300,0.0,0.0
2019-02-13,72.279999,73.370003,72.129997,73.290001,55.225235,1246800,0.0,0.0
2019-02-14,73.360001,73.470001,72.830002,73.120003,55.097157,1037100,0.0,0.0
2019-02-15,73.720001,73.739998,72.970001,73.209999,55.164967,1968900,0.0,0.0
2019-02-19,73.07,73.580002,73.040001,73.529999,55.406082,1393500,0.0,0.0
2019-02-20,73.419998,73.449997,71.870003,72.68,54.765598,1888900,0.0,0.0
2019-02-21,72.279999,73.900002,72.059998,73.860001,55.654739,1487600,0.0,0.0
2019-02-22,74.0,74.43,73.559998,74.230003,55.933544,1395400,0.0,0.0
2019-02-25,74.370003,74.459999,73.400002,73.5,55.38348,1292000,0.0,0.0
2019-02-26,73.730003,73.900002,73.230003,73.720001,55.549259,1004800,0.0,0.0
2019-02-27,73.269997,73.639999,72.870003,73.330002,55.255383,1123100,0.0,0.0
2019-02-28,73.239998,74.68,73.059998,73.690002,55.526646,2830700,0.0,0.0
2019-03-01,73.650002,73.68,72.639999,73.5,55.38348,1374700,0.0,0.0
2019-03-04,73.720001,74.120003,73.209999,73.980003,55.745171,1805200,0.0,0.0
2019-03-05,73.919998,74.459999,73.830002,73.93,55.707481,1278600,0.0,0.0
2019-03-06,74.010002,74.18,73.529999,73.550003,55.421158,1065000,0.0,0.0
2019-03-07,73.660004,74.199997,73.169998,73.43,55.330727,1422000,0.0,0.0
2019-03-08,73.449997,73.980003,73.120003,73.639999,55.488956,957100,0.0,0.0
2019-03-11,73.889999,74.540001,73.459999,74.440002,56.091793,1271000,0.0,0.0
2019-03-12,74.5,75.169998,74.360001,75.050003,56.551422,1622300,0.0,0.0
2019-03-13,75.129997,75.650002,74.879997,74.910004,56.445942,1201500,0.0,0.0
2019-03-14,74.839996,75.059998,74.540001,75.059998,56.558952,1321400,0.0,0.0
2019-03-15,75.059998,75.25,74.449997,74.760002,56.332905,2416000,0.0,0.0
2019-03-18,74.849998,75.129997,73.540001,73.980003,55.745171,1361700,0.0,0.0
2019-03-19,73.910004,74.150002,73.25,73.5,55.38348,1441900,0.0,0.0
2019-03-20,73.459999,74.139999,72.779999,73.620003,55.473896,1208700,0.0,0.0
2019-03-21,73.370003,74.919998,73.32,74.790001,56.355507,1159500,0.0,0.0
2019-03-22,74.510002,75.709999,74.400002,74.400002,56.490665,1484800,0.568,0.0
2019-03-25,74.57,74.849998,74.150002,74.470001,56.543808,803900,0.0,0.0
2019-03-26,74.739998,75.18,74.559998,75.139999,57.052547,1177200,0.0,0.0
2019-03-27,75.550003,75.550003,74.449997,74.980003,56.931053,1152600,0.0,0.0
2019-03-28,75.300003,75.660004,74.809998,75.629997,57.42458,1015800,0.0,0.0
2019-03-29,75.489998,75.690002,75.040001,75.32,57.189217,1995900,0.0,0.0
2019-04-01,75.029999,75.32,73.739998,74.980003,56.931053,1465200,0.0,0.0
2019-04-02,75.089996,75.879997,74.230003,75.690002,57.47015,1665400,0.0,0.0
2019-04-03,75.449997,75.75,74.889999,75.389999,57.24234,1282900,0.0,0.0
2019-04-04,75.57,75.57,74.790001,75.279999,57.158848,762400,0.0,0.0
2019-04-05,75.25,75.75,75.029999,75.610001,57.409416,761400,0.0,0.0
2019-04-08,75.5,75.830002,75.07,75.559998,57.371433,831600,0.0,0.0
2019-04-09,75.690002,75.800003,75.129997,75.389999,57.24234,877200,0.0,0.0
2019-04-10,75.75,76.389999,75.419998,76.349998,57.971264,1746000,0.0,0.0
2019-04-11,76.489998,76.919998,76.230003,76.690002,58.229424,1926900,0.0,0.0
2019-04-12,76.5,77.459999,75.919998,77.449997,58.806477,1659300,0.0,0.0
2019-04-15,77.540001,77.639999,76.949997,77.599998,58.920368,1791400,0.0,0.0
2019-04-16,77.589996,77.589996,75.339996,75.730003,57.500504,1732800,0.0,0.0
2019-04-17,75.709999,75.849998,74.040001,74.290001,56.407143,2010000,0.0,0.0
2019-04-18,74.260002,75.18,73.910004,75.07,56.999393,1584600,0.0,0.0
2019-04-22,74.699997,74.830002,73.290001,74.169998,56.316029,1543500,0.0,0.0
2019-04-23,74.470001,75.129997,74.190002,74.959999,56.915871,1009400,0.0,0.0
2019-04-24,75.239998,75.839996,74.760002,75.470001,57.303085,1230800,0.0,0.0
2019-04-25,75.099998,76.190002,74.949997,75.970001,57.682747,769100,0.0,0.0
2019-04-26,76.370003,76.580002,75.860001,76.199997,57.857368,836800,0.0,0.0
2019-04-29,75.949997,76.470001,75.190002,75.300003,57.174019,693400,0.0,0.0
2019-04-30,75.410004,76.68,75.080002,76.419998,58.024429,1516700,0.0,0.0
2019-05-01,76.260002,77.690002,76.260002,76.519997,58.100338,1244500,0.0,0.0
2019-05-02,76.519997,77.449997,75.879997,76.400002,58.009235,907100,0.0,0.0
2019-05-03,76.550003,76.769997,75.849998,76.589996,58.153484,1862300,0.0,0.0
2019-05-06,76.43,76.650002,75.900002,76.209999,57.864983,928800,0.0,0.0
2019-05-07,76.010002,76.199997,74.290001,74.769997,56.771591,841300,0.0,0.0
2019-05-08,74.870003,75.519997,74.379997,74.440002,56.521046,802700,0.0,0.0
2019-05-09,74.389999,74.870003,73.849998,74.82,56.809563,770800,0.0,0.0
2019-05-10,74.720001,76.120003,74.720001,75.830002,57.576447,819800,0.0,0.0
2019-05-13,75.330002,76.0,75.0,75.839996,57.58403,979700,0.0,0.0
2019-05-14,75.900002,76.309998,75.660004,75.809998,57.561245,807900,0.0,0.0
2019-05-15,75.919998,76.589996,75.809998,76.190002,57.849792,555000,0.0,0.0
2019-05-16,75.669998,77.059998,75.669998,76.809998,58.320549,945200,0.0,0.0
2019-05-17,76.5,76.989998,76.160004,76.620003,58.176266,1174000,0.0,0.0
2019-05-20,76.580002,76.849998,75.309998,75.75,57.515717,799300,0.0,0.0
2019-05-21,76.0,76.800003,76.0,76.360001,57.978874,776000,0.0,0.0
2019-05-22,76.339996,76.800003,76.019997,76.639999,58.191448,561700,0.0,0.0
2019-05-23,76.510002,77.120003,76.339996,77.110001,58.548325,897400,0.0,0.0
2019-05-24,77.379997,77.639999,77.110001,77.190002,58.60907,779900,0.0,0.0
2019-05-28,77.57,77.830002,76.209999,76.209999,57.864983,1721900,0.0,0.0
2019-05-29,76.419998,76.599998,75.290001,75.669998,57.454971,1793200,0.0,0.0
2019-05-30,75.800003,76.239998,75.589996,75.82,57.568844,1178900,0.0,0.0
2019-05-31,76.209999,77.279999,75.540001,76.57,58.138294,1676500,0.0,0.0
2019-06-03,76.75,77.169998,75.650002,76.239998,57.887753,1524600,0.0,0.0
2019-06-04,76.139999,76.209999,74.730003,75.480003,57.310692,1633300,0.0,0.0
2019-06-05,76.089996,77.370003,75.489998,77.25,58.654625,1872700,0.0,0.0
2019-06-06,77.349998,78.0,77.050003,77.790001,59.064621,906900,0.0,0.0
2019-06-07,78.099998,78.540001,77.790001,77.980003,59.208897,738900,0.0,0.0
2019-06-10,78.050003,78.050003,76.93,77.830002,59.094994,1159800,0.0,0.0
2019-06-11,77.949997,78.029999,77.07,77.800003,59.072231,726800,0.0,0.0
2019-06-12,77.830002,78.330002,77.18,77.650002,58.958328,998900,0.0,0.0
2019-06-13,77.540001,77.93,77.389999,77.93,59.170933,1126000,0.0,0.0
2019-06-14,78.0,78.519997,77.800003,78.260002,59.421513,1153500,0.0,0.0
2019-06-17,78.489998,79.150002,78.309998,78.669998,59.732807,958000,0.0,0.0
2019-06-18,79.199997,79.309998,77.389999,78.050003,59.262039,1450000,0.0,0.0
2019-06-19,77.699997,78.720001,77.510002,78.43,59.550575,1065200,0.0,0.0
2019-06-20,78.669998,79.470001,78.650002,78.830002,59.85429,1250600,0.0,0.0
2019-06-21,79.040001,79.160004,77.489998,78.029999,59.246857,2764100,0.0,0.0
2019-06-24,78.339996,78.449997,77.709999,78.269997,59.429077,794300,0.0,0.0
2019-06-25,78.360001,78.760002,76.839996,76.910004,58.396461,956000,0.0,0.0
2019-06-26,76.839996,76.910004,75.040001,75.650002,57.439762,1558100,0.0,0.0
2019-06-27,75.57,76.480003,75.260002,75.610001,57.843716,876300,0.568,0.0
2019-06-28,75.68,76.660004,75.629997,75.919998,58.080849,1934500,0.0,0.0
2019-07-01,76.370003,76.410004,74.830002,76.139999,58.249187,891700,0.0,0.0
2019-07-02,76.349998,77.720001,76.349998,77.43,59.23605,1266400,0.0,0.0
2019-07-03,77.709999,78.57,77.610001,78.339996,59.932224,530100,0.0,0.0
2019-07-05,77.889999,78.150002,76.629997,77.919998,59.610924,639500,0.0,0.0
2019-07-08,78.050003,78.900002,78.0,78.830002,60.307091,802200,0.0,0.0
2019-07-09,78.75,79.470001,78.440002,79.32,60.681961,1084200,0.0,0.0
2019-07-10,79.449997,79.870003,79.07,79.57,60.873207,1202800,0.0,0.0
2019-07-11,79.830002,79.849998,78.629997,79.290001,60.659031,1554300,0.0,0.0
2019-07-12,79.440002,79.440002,78.730003,78.849998,60.322392,939400,0.0,0.0
2019-07-15,79.0,79.589996,78.550003,79.129997,60.536598,794400,0.0,0.0
2019-07-16,78.959999,79.18,78.57,78.849998,60.322392,732900,0.0,0.0
2019-07-17,78.980003,79.300003,77.830002,78.639999,60.161743,1138100,0.0,0.0
2019-07-18,78.559998,78.849998,77.739998,78.589996,60.123474,711300,0.0,0.0
2019-07-19,78.779999,79.080002,76.93,77.150002,59.021854,1212600,0.0,0.0
2019-07-22,77.199997,77.470001,76.760002,76.879997,58.815285,1318100,0.0,0.0
2019-07-23,76.889999,77.989998,76.379997,77.959999,59.641525,984600,0.0,0.0
2019-07-24,78.110001,78.18,77.370003,77.43,59.23605,1443900,0.0,0.0
2019-07-25,77.809998,78.239998,77.260002,78.099998,59.748623,1505500,0.0,0.0
2019-07-26,78.230003,78.699997,78.059998,78.559998,60.100536,1289900,0.0,0.0
2019-07-29,78.75,80.07,78.739998,79.610001,60.903809,1482000,0.0,0.0
2019-07-30,79.550003,80.620003,79.209999,79.540001,60.850273,1768000,0.0,0.0
2019-07-31,79.93,81.879997,78.830002,78.889999,60.352978,2469100,0.0,0.0
2019-08-01,78.82,79.980003,77.5,79.580002,60.880871,2317100,0.0,0.0
2019-08-02,79.610001,81.099998,79.379997,80.480003,61.569389,1551500,0.0,0.0
2019-08-05,80.480003,80.540001,77.480003,78.18,59.809841,1572800,0.0,0.0
2019-08-06,78.330002,79.400002,77.730003,79.139999,60.544254,1296700,0.0,0.0
2019-08-07,79.040001,80.43,77.919998,79.779999,61.033875,1150300,0.0,0.0
2019-08-08,79.900002,80.93,79.019997,80.839996,61.844803,1331800,0.0,0.0
2019-08-09,80.769997,81.440002,80.050003,81.269997,62.173759,1939500,0.0,0.0
2019-08-12,81.190002,81.739998,80.739998,81.220001,62.135529,833900,0.0,0.0
2019-08-13,81.110001,81.190002,79.550003,80.889999,61.883045,1339600,0.0,0.0
2019-08-14,81.050003,81.160004,79.790001,79.82,61.064461,916900,0.0,0.0
2019-08-15,80.110001,81.379997,79.910004,81.150002,62.081955,1282500,0.0,0.0
2019-08-16,81.360001,81.989998,79.910004,81.639999,62.456833,1098000,0.0,0.0
2019-08-19,82.0,82.910004,81.529999,82.769997,63.321301,1036600,0.0,0.0
2019-08-20,82.949997,83.110001,82.279999,82.440002,63.06884,1068200,0.0,0.0
2019-08-21,82.400002,82.860001,82.010002,82.629997,63.214176,625600,0.0,0.0
2019-08-22,82.720001,83.080002,82.18,83.0,63.497246,830300,0.0,0.0
2019-08-23,82.959999,83.800003,82.529999,82.75,63.306004,2343300,0.0,0.0
2019-08-26,83.190002,83.610001,82.480003,83.610001,63.963917,1728100,0.0,0.0
2019-08-27,83.989998,84.230003,83.540001,83.779999,64.093971,1933200,0.0,0.0
2019-08-28,83.849998,84.050003,83.339996,83.629997,63.979218,1749600,0.0,0.0
2019-08-29,83.849998,84.410004,83.489998,84.269997,64.468826,874600,0.0,0.0
2019-08-30,84.5,84.93,84.029999,84.760002,64.843712,1510100,0.0,0.0
2019-09-03,84.639999,85.849998,84.620003,85.790001,65.631676,1565100,0.0,0.0
2019-09-04,86.209999,86.360001,85.610001,86.290001,66.014183,1364900,0.0,0.0
2019-09-05,86.120003,86.370003,85.470001,85.989998,65.784683,1234900,0.0,0.0
2019-09-06,86.25,87.089996,86.089996,86.849998,66.442627,1614800,0.0,0.0
2019-09-09,86.519997,86.529999,85.0,85.110001,65.111465,2185100,0.0,0.0
2019-09-10,84.709999,84.82,83.019997,84.459999,64.614204,1585800,0.0,0.0
2019-09-11,84.25,84.779999,83.360001,84.769997,64.851357,1486100,0.0,0.0
2019-09-12,85.599998,86.080002,84.32,85.360001,65.302719,1374900,0.0,0.0
2019-09-13,85.050003,85.440002,84.07,84.550003,64.683044,1549800,0.0,0.0
2019-09-16,84.519997,85.269997,84.150002,85.050003,65.065575,1507600,0.0,0.0
2019-09-17,85.290001,86.139999,84.849998,85.870003,65.692894,1659000,0.0,0.0
2019-09-18,85.860001,85.949997,84.699997,85.269997,65.233879,1848700,0.0,0.0
2019-09-19,85.25,85.860001,85.25,85.510002,65.417465,1247500,0.0,0.0
2019-09-20,85.809998,85.809998,84.93,85.169998,65.157356,7515200,0.0,0.0
2019-09-23,84.470001,85.800003,84.239998,85.230003,65.20327,1519200,0.0,0.0
2019-09-24,85.43,86.32,85.160004,85.470001,65.386879,1272500,0.0,0.0
2019-09-25,85.599998,86.300003,85.489998,86.089996,65.861191,966600,0.0,0.0
2019-09-26,86.43,87.169998,86.300003,86.760002,66.373779,999400,0.0,0.0
2019-09-27,86.440002,86.599998,85.550003,86.25,66.418427,1108900,0.568,0.0
2019-09-30,86.129997,86.720001,86.129997,86.260002,66.426125,1469200,0.0,0.0
2019-10-01,86.110001,86.559998,85.279999,86.169998,66.356812,995000,0.0,0.0
2019-10-02,86.150002,86.610001,84.900002,86.099998,66.302917,1468600,0.0,0.0
2019-10-03,85.949997,87.239998,85.82,87.080002,67.057587,1429900,0.0,0.0
2019-10-04,87.080002,87.610001,87.0,87.470001,67.357895,1567200,0.0,0.0
2019-10-07,87.059998,88.080002,87.050003,87.760002,67.581223,1428000,0.0,0.0
2019-10-08,87.690002,88.330002,87.129997,87.550003,67.419525,1943600,0.0,0.0
2019-10-09,87.730003,88.389999,87.339996,87.580002,67.442612,1275700,0.0,0.0
2019-10-10,87.290001,88.379997,87.089996,88.160004,67.889236,1055400,0.0,0.0
2019-10-11,88.129997,88.489998,87.050003,87.629997,67.481094,1298700,0.0,0.0
2019-10-14,87.43,87.919998,87.150002,87.580002,67.442612,1310500,0.0,0.0
2019-10-15,87.580002,87.949997,87.139999,87.559998,67.427208,1988300,0.0,0.0
2019-10-16,87.629997,88.050003,86.82,88.019997,67.781433,1139000,0.0,0.0
2019-10-17,87.669998,88.239998,87.57,87.75,67.573524,1902900,0.0,0.0
2019-10-18,87.620003,88.459999,87.389999,88.370003,68.050987,1640400,0.0,0.0
2019-10-21,88.110001,88.75,87.720001,88.720001,68.320488,1327900,0.0,0.0
2019-10-22,89.110001,89.120003,88.169998,88.440002,68.104874,1356600,0.0,0.0
2019-10-23,88.300003,88.650002,85.940002,87.839996,67.642815,2968200,0.0,0.0
2019-10-24,87.849998,88.120003,86.889999,87.580002,67.442612,1195400,0.0,0.0
2019-10-25,87.379997,87.809998,87.010002,87.68,67.519615,931800,0.0,0.0
2019-10-28,87.580002,87.650002,87.029999,87.449997,67.342484,1244500,0.0,0.0
2019-10-29,87.199997,87.93,87.010002,87.57,67.434914,1571200,0.0,0.0
2019-10-30,87.949997,88.900002,87.610001,88.849998,68.420601,1125000,0.0,0.0
2019-10-31,88.940002,89.550003,88.519997,88.660004,68.274292,1453100,0.0,0.0
2019-11-01,88.669998,89.199997,87.510002,88.139999,67.873833,1270400,0.0,0.0
2019-11-04,87.870003,87.940002,86.739998,87.029999,67.019081,1279700,0.0,0.0
2019-11-05,86.470001,86.470001,83.900002,84.809998,65.309509,2275400,0.0,0.0
2019-11-06,85.029999,85.779999,85.029999,85.580002,65.902473,1237800,0.0,0.0
2019-11-07,85.120003,85.169998,83.650002,84.07,64.73967,2025900,0.0,0.0
2019-11-08,83.830002,84.440002,83.769997,83.980003,64.670372,978300,0.0,0.0
2019-11-11,84.110001,84.620003,83.669998,84.160004,64.808975,856700,0.0,0.0
2019-11-12,84.260002,85.040001,83.279999,83.410004,64.23143,1435600,0.0,0.0
2019-11-13,83.769997,84.989998,83.769997,84.870003,65.355728,1375600,0.0,0.0
2019-11-14,85.199997,85.809998,84.889999,85.779999,66.056496,1309500,0.0,0.0
2019-11-15,85.800003,86.5,85.57,86.459999,66.580139,1412300,0.0,0.0
2019-11-18,86.68,87.610001,86.540001,86.989998,66.988266,927000,0.0,0.0
2019-11-19,87.089996,87.349998,86.470001,87.07,67.049889,982800,0.0,0.0
2019-11-20,87.07,87.57,86.629997,86.660004,66.734146,954000,0.0,0.0
2019-11-21,86.32,86.400002,84.870003,85.050003,65.494347,1969300,0.0,0.0
2019-11-22,85.230003,85.470001,84.32,84.790001,65.294098,2695100,0.0,0.0
2019-11-25,85.029999,85.709999,84.339996,84.519997,65.086212,1808100,0.0,0.0
2019-11-26,84.730003,85.739998,84.580002,85.370003,65.740761,3606600,0.0,0.0
2019-11-27,85.190002,85.93,84.919998,85.629997,65.940971,1316400,0.0,0.0
2019-11-29,85.769997,86.279999,85.07,85.099998,65.532845,762900,0.0,0.0
2019-12-02,84.860001,85.150002,83.410004,83.5,64.300743,2634400,0.0,0.0
2019-12-03,83.620003,84.360001,83.519997,83.849998,64.570244,1802400,0.0,0.0
2019-12-04,83.360001,84.800003,83.360001,84.25,64.878281,1985200,0.0,0.0
2019-12-05,84.059998,84.589996,83.730003,84.540001,65.101601,1489000,0.0,0.0
2019-12-06,84.540001,85.040001,84.169998,84.440002,65.024605,1223800,0.0,0.0
2019-12-09,84.540001,84.690002,83.860001,84.550003,65.109299,1066400,0.0,0.0
2019-12-10,84.849998,84.989998,83.879997,84.139999,64.793571,1096700,0.0,0.0
2019-12-11,84.150002,84.43,82.410004,82.68,63.669285,1376700,0.0,0.0
2019-12-12,82.599998,83.0,81.269997,81.779999,62.976219,2147400,0.0,0.0
2019-12-13,81.940002,82.43,80.550003,81.010002,62.383255,1762300,0.0,0.0
2019-12-16,81.190002,81.639999,80.389999,81.5,62.760609,1991900,0.0,0.0
2019-12-17,81.779999,81.879997,80.029999,80.110001,61.690201,1603800,0.0,0.0
2019-12-18,79.480003,80.620003,79.220001,80.290001,61.828804,2775400,0.0,0.0
2019-12-19,80.360001,80.540001,80.029999,80.360001,61.882702,2198600,0.0,0.0
2019-12-20,79.470001,80.779999,79.019997,80.300003,61.836517,5480000,0.0,0.0
2019-12-23,80.720001,80.720001,79.559998,79.709999,61.382172,1087000,0.0,0.0
2019-12-24,79.839996,80.419998,79.660004,80.379997,61.898109,409400,0.0,0.0
2019-12-26,80.589996,80.650002,80.199997,80.589996,62.059841,833900,0.0,0.0
2019-12-27,80.940002,81.160004,80.599998,80.949997,62.337051,1008400,0.0,0.0
2019-12-30,80.699997,81.160004,80.5,80.720001,62.159924,1166000,0.0,0.0
2019-12-31,80.290001,80.919998,80.050003,80.919998,62.75555,1265600,0.568,0.0
2020-01-02,81.32,81.480003,79.349998,79.769997,61.863701,1797800,0.0,0.0
2020-01-03,79.449997,80.919998,79.410004,80.800003,62.662491,1326500,0.0,0.0
2020-01-06,80.639999,81.449997,80.169998,81.029999,62.840858,1764300,0.0,0.0
2020-01-07,79.860001,80.860001,79.510002,79.830002,61.910225,1194800,0.0,0.0
2020-01-08,79.919998,80.449997,79.639999,80.0,62.042068,2388900,0.0,0.0
2020-01-09,79.93,80.489998,79.769997,80.410004,62.360039,892800,0.0,0.0
2020-01-10,80.580002,81.300003,80.160004,81.260002,63.019238,1291000,0.0,0.0
2020-01-13,81.059998,82.309998,81.059998,82.279999,63.810257,1397500,0.0,0.0
2020-01-14,81.889999,82.0,80.68,81.160004,62.941673,1223500,0.0,0.0
2020-01-15,81.629997,82.25,81.239998,82.07,63.647404,1228100,0.0,0.0
2020-01-16,82.190002,82.529999,81.629997,82.510002,63.988636,1021600,0.0,0.0
2020-01-17,82.449997,82.790001,81.989998,82.5,63.980858,1797400,0.0,0.0
2020-01-21,82.940002,83.32,82.379997,83.300003,64.601303,1577300,0.0,0.0
2020-01-22,83.629997,83.779999,82.099998,82.389999,63.895592,1427400,0.0,0.0
2020-01-23,82.419998,83.110001,82.050003,83.080002,64.430695,1308500,0.0,0.0
2020-01-24,83.25,83.279999,82.269997,82.760002,64.182526,1117900,0.0,0.0
2020-01-27,82.449997,83.010002,82.120003,82.339996,63.856792,1198900,0.0,0.0
2020-01-28,82.480003,83.07,82.230003,82.720001,64.151497,1473500,0.0,0.0
2020-01-29,86.199997,87.529999,81.209999,82.269997,63.802498,2311000,0.0,0.0
2020-01-30,81.959999,83.989998,81.830002,83.970001,65.120903,1820300,0.0,0.0
2020-01-31,83.989998,84.239998,82.879997,83.080002,64.430695,1514200,0.0,0.0
2020-02-03,83.349998,83.870003,82.660004,82.839996,64.244553,1560500,0.0,0.0
2020-02-04,83.0,83.989998,82.959999,83.639999,64.864983,815100,0.0,0.0
2020-02-05,83.559998,84.209999,83.029999,83.309998,64.609039,976500,0.0,0.0
2020-02-06,83.519997,84.040001,83.470001,83.870003,65.043358,1141500,0.0,0.0
2020-02-07,84.120003,84.449997,83.82,84.199997,65.299278,1517500,0.0,0.0
2020-02-10,84.739998,84.970001,84.339996,84.940002,65.873184,1477800,0.0,0.0
2020-02-11,84.849998,85.290001,84.5,84.790001,65.756828,1265200,0.0,0.0
2020-02-12,84.650002,85.269997,84.230003,84.790001,65.756828,1418200,0.0,0.0
2020-02-13,84.620003,85.419998,84.620003,85.220001,66.090309,1202500,0.0,0.0
2020-02-14,85.57,86.459999,85.449997,86.459999,67.051971,939200,0.0,0.0
2020-02-18,86.68,86.860001,85.440002,86.269997,66.904594,879800,0.0,0.0
2020-02-19,86.190002,86.269997,85.330002,85.339996,66.183372,1068500,0.0,0.0
2020-02-20,85.400002,86.470001,85.080002,86.400002,67.005424,1023800,0.0,0.0
2020-02-21,86.18,87.139999,86.099998,87.010002,67.4785,1517400,0.0,0.0
2020-02-24,86.370003,87.190002,85.730003,85.790001,66.532356,1059000,0.0,0.0
2020-02-25,86.040001,86.209999,83.389999,83.510002,64.764153,1270500,0.0,0.0
2020-02-26,83.919998,84.580002,83.349998,83.360001,64.647842,1997300,0.0,0.0
2020-02-27,82.400002,83.370003,78.449997,78.459999,60.847748,2179500,0.0,0.0
2020-02-28,77.160004,77.160004,73.300003,75.099998,58.241997,3257500,0.0,0.0
2020-03-02,75.559998,79.099998,75.230003,79.07,61.320824,2325400,0.0,0.0
2020-03-03,79.089996,81.07,78.0,78.559998,60.925304,2805400,0.0,0.0
2020-03-04,79.690002,81.18,78.830002,81.029999,62.840858,2379500,0.0,0.0
2020-03-05,79.919998,80.459999,78.220001,79.370003,61.55349,1623600,0.0,0.0
2020-03-06,77.300003,78.199997,75.330002,77.639999,60.211815,2233500,0.0,0.0
2020-03-09,73.150002,75.580002,73.099998,74.470001,57.753399,3436000,0.0,0.0
2020-03-10,76.150002,79.93,75.129997,79.93,61.987782,4259800,0.0,0.0
2020-03-11,78.010002,78.029999,74.669998,75.099998,58.241997,3700900,0.0,0.0
2020-03-12,70.360001,75.93,68.300003,70.010002,54.294559,5119200,0.0,0.0
2020-03-13,74.0,74.220001,69.290001,73.610001,57.086441,4670800,0.0,0.0
2020-03-16,68.57,68.839996,61.099998,61.16,47.431152,4111800,0.0,0.0
2020-03-17,63.060001,66.879997,60.849998,66.459999,51.541435,3220800,0.0,0.0
2020-03-18,62.200001,64.709999,58.610001,60.869999,47.206257,3663700,0.0,0.0
2020-03-19,60.5,62.93,59.009998,60.610001,47.004612,3510900,0.0,0.0
2020-03-20,60.290001,61.209999,54.619999,55.290001,43.3097,3495100,0.603,0.0
2020-03-23,55.290001,55.400002,49.619999,51.389999,40.254757,3682000,0.0,0.0
2020-03-24,53.09,54.450001,50.639999,52.150002,40.850082,3835100,0.0,0.0
2020-03-25,51.68,57.880001,50.18,54.57,42.745724,3843900,0.0,0.0
2020-03-26,54.57,59.380001,53.34,59.23,46.395973,3252400,0.0,0.0
2020-03-27,57.279999,64.43,57.009998,62.68,49.098434,2830600,0.0,0.0
2020-03-30,63.490002,63.889999,59.34,62.580002,49.020092,3550300,0.0,0.0
2020-03-31,61.709999,62.52,59.040001,61.709999,48.338615,5240400,0.0,0.0
2020-04-01,59.07,59.959999,54.880001,57.700001,45.197502,2907300,0.0,0.0
2020-04-02,56.259998,58.060001,53.240002,54.57,42.745724,3175700,0.0,0.0
2020-04-03,53.970001,55.419998,52.790001,54.259998,42.502884,2757900,0.0,0.0
2020-04-06,57.099998,60.470001,56.48,60.110001,47.085293,2530800,0.0,0.0
2020-04-07,62.549999,63.75,60.59,60.68,47.531792,2742400,0.0,0.0
2020-04-08,61.330002,65.790001,60.66,65.25,51.111565,3264600,0.0,0.0
2020-04-09,66.269997,70.610001,66.269997,69.419998,54.378002,3806000,0.0,0.0
2020-04-13,68.620003,68.940002,66.139999,66.5,52.09071,1482700,0.0,0.0
2020-04-14,68.269997,69.889999,67.860001,68.919998,53.986343,1580600,0.0,0.0
2020-04-15,66.860001,67.970001,65.059998,65.989998,51.691212,2252300,0.0,0.0
2020-04-16,66.089996,67.059998,64.57,65.230003,51.09589,2300400,0.0,0.0
2020-04-17,66.839996,70.150002,66.330002,69.790001,54.667824,1790400,0.0,0.0
2020-04-20,68.510002,69.279999,65.540001,65.610001,51.393566,2056000,0.0,0.0
2020-04-21,63.549999,65.459999,63.52,63.810001,49.983582,2757700,0.0,0.0
2020-04-22,64.970001,66.129997,64.599998,65.660004,51.432739,1703500,0.0,0.0
2020-04-23,65.830002,65.93,63.279999,63.810001,49.983582,1989100,0.0,0.0
2020-04-24,62.02,64.580002,61.150002,63.990002,50.12458,2210600,0.0,0.0
2020-04-27,64.849998,65.709999,64.150002,65.300003,51.15073,1375600,0.0,0.0
2020-04-28,67.07,67.489998,64.360001,64.870003,50.813896,1962100,0.0,0.0
2020-04-29,65.690002,67.080002,64.550003,65.82,51.55806,2047000,0.0,0.0
2020-04-30,65.089996,65.220001,63.560001,65.059998,50.962734,1843100,0.0,0.0
2020-05-01,63.34,64.089996,62.060001,62.310001,48.808605,2073100,0.0,0.0
2020-05-04,61.560001,62.549999,60.150002,62.5,48.957428,2262600,0.0,0.0
2020-05-05,63.209999,63.560001,62.040001,62.41,48.88694,2763300,0.0,0.0
2020-05-06,62.669998,63.41,60.82,61.02,47.798122,2807300,0.0,0.0
2020-05-07,61.880001,64.099998,61.16,63.049999,49.388256,5138300,0.0,0.0
2020-05-08,64.220001,65.07,63.200001,64.220001,50.304737,2169300,0.0,0.0
2020-05-11,64.660004,64.660004,62.27,63.509998,49.748581,2387200,0.0,0.0
2020-05-12,63.849998,64.040001,59.610001,60.110001,47.085293,3823600,0.0,0.0
2020-05-13,59.619999,60.189999,58.459999,58.619999,45.918152,3524500,0.0,0.0
2020-05-14,57.52,57.869999,55.799999,57.52,45.056507,3291300,0.0,0.0
2020-05-15,57.080002,57.330002,55.490002,57.130001,44.751011,5298400,0.0,0.0
2020-05-18,59.240002,61.27,59.220001,60.459999,47.359455,2779600,0.0,0.0
2020-05-19,59.959999,60.330002,57.700001,57.720001,45.213173,3056400,0.0,0.0
2020-05-20,58.5,59.470001,57.669998,58.93,46.160984,3141400,0.0,0.0
2020-05-21,58.709999,59.599998,57.889999,57.93,45.377666,2463200,0.0,0.0
2020-05-22,58.02,58.259998,56.790001,57.400002,44.962505,2835300,0.0,0.0
2020-05-26,59.470001,61.209999,58.93,60.27,47.210632,3796700,0.0,0.0
2020-05-27,62.299999,62.389999,59.389999,60.130001,47.100964,4037600,0.0,0.0
2020-05-28,61.25,61.279999,59.57,60.869999,47.680618,4583200,0.0,0.0
2020-05-29,60.400002,60.990002,59.619999,60.560001,47.437794,5723700,0.0,0.0
2020-06-01,60.540001,61.610001,59.799999,61.099998,47.860786,3035300,0.0,0.0
2020-06-02,61.689999,61.830002,60.310001,60.459999,47.359455,3076700,0.0,0.0
2020-06-03,61.189999,62.310001,60.959999,61.630001,48.275955,6278700,0.0,0.0
2020-06-04,61.200001,62.220001,60.049999,61.66,48.299442,3720700,0.0,0.0
2020-06-05,64.330002,66.720001,64.330002,66.400002,52.012379,4172300,0.0,0.0
2020-06-08,67.550003,68.510002,66.389999,68.169998,53.398846,3252400,0.0,0.0
2020-06-09,65.68,66.379997,65.0,65.389999,51.221218,2145300,0.0,0.0
2020-06-10,65.07,65.660004,63.639999,64.620003,50.618073,2025300,0.0,0.0
2020-06-11,61.619999,62.779999,61.110001,61.66,48.299442,2959500,0.0,0.0
2020-06-12,63.810001,63.91,60.869999,63.57,49.795582,4423900,0.0,0.0
2020-06-15,61.259998,64.209999,61.080002,63.34,49.615421,2981500,0.0,0.0
2020-06-16,65.699997,66.43,64.07,64.690002,50.672901,2406800,0.0,0.0
2020-06-17,65.029999,65.459999,62.459999,62.52,48.973103,1665400,0.0,0.0
2020-06-18,61.790001,62.619999,61.279999,61.939999,48.518772,3533600,0.0,0.0
2020-06-19,62.259998,62.52,59.560001,59.580002,47.128956,6981700,0.603,0.0
2020-06-22,59.549999,59.91,58.889999,59.290001,46.899551,2840500,0.0,0.0
2020-06-23,59.950001,59.950001,58.360001,58.77,46.48822,2805900,0.0,0.0
2020-06-24,57.970001,58.349998,56.650002,57.48,45.467815,4946900,0.0,0.0
2020-06-25,57.119999,58.48,56.869999,58.400002,46.195545,3591200,0.0,0.0
2020-06-26,58.189999,58.610001,56.779999,57.0,45.088123,3305400,0.0,0.0
2020-06-29,57.16,57.700001,56.310001,57.669998,45.618111,2309600,0.0,0.0
2020-06-30,57.799999,58.98,57.349998,58.82,46.527786,3317000,0.0,0.0
2020-07-01,58.939999,60.939999,58.549999,60.830002,48.117725,1901600,0.0,0.0
2020-07-02,61.68,62.189999,60.200001,60.59,47.927879,1509500,0.0,0.0
2020-07-06,61.82,62.029999,59.360001,59.59,47.136856,3345900,0.0,0.0
2020-07-07,58.560001,59.080002,57.52,57.59,45.554832,1762800,0.0,0.0
2020-07-08,57.669998,57.830002,57.139999,57.48,45.467815,3393400,0.0,0.0
2020-07-09,57.310001,57.610001,56.32,56.709999,44.858723,2638000,0.0,0.0
2020-07-10,56.599998,57.5,56.490002,56.700001,44.850822,3866600,0.0,0.0
2020-07-13,57.110001,57.450001,56.470001,57.02,45.103943,1679900,0.0,0.0
2020-07-14,56.900002,58.049999,56.599998,57.02,45.103943,1745800,0.0,0.0
2020-07-15,58.009998,58.419998,57.32,57.720001,45.657658,2094600,0.0,0.0
2020-07-16,57.290001,57.700001,56.900002,57.220001,45.26215,1733900,0.0,0.0
2020-07-17,57.279999,57.5,56.689999,56.98,45.072292,2035900,0.0,0.0
2020-07-20,56.5,56.799999,55.040001,55.169998,43.640553,3426100,0.0,0.0
2020-07-21,55.279999,55.849998,54.459999,54.57,43.165939,2954900,0.0,0.0
2020-07-22,54.18,55.889999,53.790001,55.700001,44.059792,2916900,0.0,0.0
2020-07-23,55.439999,55.919998,54.07,54.830002,43.371605,2014500,0.0,0.0
2020-07-24,54.740002,54.970001,53.830002,54.34,42.984005,3184900,0.0,0.0
2020-07-27,54.080002,54.080002,52.720001,53.330002,42.185078,2045700,0.0,0.0
2020-07-28,53.09,55.060001,53.080002,54.66,43.237137,2456400,0.0,0.0
2020-07-29,54.259998,54.830002,52.669998,53.59,42.390747,3319300,0.0,0.0
2020-07-30,52.799999,54.02,52.689999,53.950001,42.67551,2100900,0.0,0.0
2020-07-31,53.810001,53.990002,52.580002,53.630001,42.42239,2452200,0.0,0.0
2020-08-03,52.619999,53.0,52.150002,52.330002,41.39407,2292600,0.0,0.0
2020-08-04,52.349998,53.700001,51.689999,53.459999,42.28791,4036200,0.0,0.0
2020-08-05,54.279999,54.32,53.18,53.32,42.17717,2921000,0.0,0.0
2020-08-06,53.150002,54.040001,53.150002,53.639999,42.430298,2047600,0.0,0.0
2020-08-07,53.32,55.5,53.32,55.189999,43.656368,3007100,0.0,0.0
2020-08-10,55.279999,55.970001,54.849998,55.360001,43.790855,2269200,0.0,0.0
2020-08-11,55.98,56.279999,54.48,54.75,43.308319,2467400,0.0,0.0
2020-08-12,54.959999,55.279999,54.07,54.82,43.363693,2303300,0.0,0.0
2020-08-13,54.419998,54.900002,53.330002,53.509998,42.327454,1841300,0.0,0.0
2020-08-14,53.59,55.080002,53.029999,54.389999,43.023552,2100100,0.0,0.0
2020-08-17,54.419998,55.400002,54.040001,55.389999,43.814583,2656200,0.0,0.0
2020-08-18,55.459999,55.549999,54.450001,55.369999,43.798759,2148200,0.0,0.0
2020-08-19,55.290001,55.290001,53.939999,54.150002,42.833714,2642800,0.0,0.0
2020-08-20,54.040001,55.509998,53.919998,55.25,43.703842,1570600,0.0,0.0
2020-08-21,55.369999,55.57,53.779999,54.689999,43.260872,1969300,0.0,0.0
2020-08-24,54.599998,56.02,53.959999,55.91,44.225906,2327200,0.0,0.0
2020-08-25,55.869999,56.580002,55.68,56.560001,44.740078,1784300,0.0,0.0
2020-08-26,56.209999,56.209999,54.630001,54.919998,43.442806,1703500,0.0,0.0
2020-08-27,55.040001,56.779999,55.040001,56.630001,44.795444,1802800,0.0,0.0
2020-08-28,56.959999,57.060001,56.09,57.029999,45.111855,1711600,0.0,0.0
2020-08-31,56.759998,56.880001,56.009998,56.450001,44.653065,2143500,0.0,0.0
2020-09-01,56.68,56.830002,55.759998,56.779999,44.914097,2320300,0.0,0.0
2020-09-02,56.810001,57.759998,56.360001,57.689999,45.633934,2137200,0.0,0.0
2020-09-03,57.91,59.099998,57.040001,57.400002,45.40453,1990800,0.0,0.0
2020-09-04,57.689999,58.810001,57.25,58.110001,45.966164,2128700,0.0,0.0
2020-09-08,57.810001,57.950001,56.82,57.389999,45.396614,2133700,0.0,0.0
2020-09-09,57.43,58.139999,56.5,56.84,44.961559,2433000,0.0,0.0
2020-09-10,56.549999,56.700001,55.169998,55.810001,44.146809,6098400,0.0,0.0
2020-09-11,55.77,55.98,54.25,54.669998,43.245037,2723900,0.0,0.0
2020-09-14,55.009998,57.130001,55.0,56.93,45.032764,2311300,0.0,0.0
2020-09-15,56.830002,57.41,55.939999,56.330002,44.55814,2556500,0.0,0.0
2020-09-16,56.540001,57.380001,56.419998,56.869999,44.985291,3449900,0.0,0.0
2020-09-17,56.349998,57.32,55.389999,55.779999,44.123077,3366100,0.0,0.0
2020-09-18,55.419998,56.0,54.27,54.330002,42.976101,4987100,0.0,0.0
2020-09-21,53.580002,53.93,51.889999,52.029999,41.156765,4023200,0.0,0.0
2020-09-22,52.0,53.220001,52.0,52.66,41.655106,4262500,0.0,0.0
2020-09-23,52.5,53.310001,51.16,51.25,40.539757,3268200,0.0,0.0
2020-09-24,50.720001,51.279999,50.009998,50.509998,40.430099,3578800,0.603,0.0
2020-09-25,50.400002,51.580002,50.110001,51.57,41.278557,2776000,0.0,0.0
2020-09-28,52.400002,52.91,51.869999,52.540001,42.054989,2193500,0.0,0.0
2020-09-29,52.299999,52.459999,50.630001,51.09,40.894348,2947700,0.0,0.0
2020-09-30,51.529999,51.950001,50.689999,51.330002,41.086452,3102100,0.0,0.0
2020-10-01,51.509998,53.5,51.279999,53.439999,42.775379,3141800,0.0,0.0
2020-10-02,52.310001,55.439999,52.029999,55.09,44.096107,6450200,0.0,0.0
2020-10-05,56.0,56.41,54.580002,55.599998,44.504318,2751400,0.0,0.0
2020-10-06,55.810001,56.16,54.869999,55.189999,44.176132,2367100,0.0,0.0
2020-10-07,55.450001,55.599998,54.330002,54.759998,43.831963,1748400,0.0,0.0
2020-10-08,55.18,56.200001,55.0,56.189999,44.976582,2096200,0.0,0.0
2020-10-09,56.32,56.41,55.240002,55.66,44.552345,1666200,0.0,0.0
2020-10-12,55.740002,55.799999,54.720001,55.349998,44.304218,1254300,0.0,0.0
2020-10-13,54.779999,55.34,53.34,53.5,42.823406,1864100,0.0,0.0
2020-10-14,53.470001,53.610001,52.470001,52.810001,42.271095,1711800,0.0,0.0
2020-10-15,52.48,53.209999,52.119999,52.310001,41.870892,1820800,0.0,0.0
2020-10-16,52.509998,52.650002,51.619999,51.849998,41.502682,2609100,0.0,0.0
2020-10-19,52.119999,52.299999,50.66,50.709999,40.590187,1738600,0.0,0.0
2020-10-20,51.23,51.389999,50.68,50.91,40.750275,1683500,0.0,0.0
2020-10-21,50.509998,51.189999,50.279999,50.509998,40.430099,2626100,0.0,0.0
2020-10-22,50.610001,50.990002,50.110001,50.75,40.6222,3159000,0.0,0.0
2020-10-23,51.330002,51.439999,50.419998,51.310001,41.070446,2574000,0.0,0.0
2020-10-26,51.07,51.290001,49.810001,50.700001,40.582184,2212200,0.0,0.0
2020-10-27,50.549999,50.959999,49.689999,49.689999,39.773735,2135500,0.0,0.0
2020-10-28,48.389999,48.389999,45.540001,46.240002,37.01223,6954800,0.0,0.0
2020-10-29,46.0,46.759998,45.43,46.259998,37.028233,4435500,0.0,0.0
2020-10-30,46.240002,47.139999,46.139999,46.98,37.604546,2926500,0.0,0.0
2020-11-02,47.200001,49.360001,46.52,49.310001,39.469574,3289300,0.0,0.0
2020-11-03,50.0,52.970001,50.0,52.529999,42.04697,3740200,0.0,0.0
2020-11-04,52.130001,52.18,50.450001,50.759998,40.630207,2851900,0.0,0.0
2020-11-05,51.080002,52.52,50.709999,52.060001,41.670788,3021600,0.0,0.0
2020-11-06,51.970001,52.32,51.139999,51.52,41.238537,2433200,0.0,0.0
2020-11-09,57.599998,67.419998,57.580002,59.279999,47.449932,10968000,0.0,0.0
2020-11-10,59.630001,62.779999,59.630001,61.439999,49.178879,9555200,0.0,0.0
2020-11-11,61.0,61.450001,59.0,59.59,47.698071,4562400,0.0,0.0
2020-11-12,59.209999,59.529999,57.75,58.52,46.84161,2484000,0.0,0.0
2020-11-13,58.700001,60.43,58.380001,60.150002,48.146317,1928000,0.0,0.0
2020-11-16,61.970001,62.939999,60.720001,62.75,50.227451,3103100,0.0,0.0
2020-11-17,61.84,62.93,60.919998,62.5,50.02734,3169600,0.0,0.0
2020-11-18,62.689999,63.009998,59.939999,59.959999,47.994232,2116900,0.0,0.0
2020-11-19,59.59,60.209999,58.560001,59.860001,47.914185,3092600,0.0,0.0
2020-11-20,59.950001,60.709999,59.77,60.560001,48.474495,2894900,0.0,0.0
2020-11-23,61.0,61.380001,60.040001,60.330002,48.290394,2688800,0.0,0.0
2020-11-24,61.369999,62.310001,60.669998,61.279999,49.050808,3999000,0.0,0.0
2020-11-25,61.0,61.16,60.09,60.450001,48.38644,1706700,0.0,0.0
2020-11-27,60.310001,60.349998,58.799999,59.200001,47.385899,1470000,0.0,0.0
2020-11-30,59.09,59.34,57.57,57.919998,46.361347,5918900,0.0,0.0
2020-12-01,58.970001,59.459999,58.439999,58.990002,47.217812,2048700,0.0,0.0
2020-12-02,58.990002,60.91,58.689999,60.360001,48.314415,2927800,0.0,0.0
2020-12-03,60.459999,62.369999,60.189999,61.950001,49.587097,3164200,0.0,0.0
2020-12-04,62.419998,63.560001,62.310001,63.369999,50.723724,3159500,0.0,0.0
2020-12-07,62.810001,63.41,62.439999,62.709999,50.195435,2013700,0.0,0.0
2020-12-08,62.34,62.849998,61.91,62.389999,49.939289,2034700,0.0,0.0
2020-12-09,62.560001,62.810001,60.709999,61.27,49.042793,2260600,0.0,0.0
2020-12-10,60.799999,61.580002,59.759998,59.790001,47.858166,2850600,0.0,0.0
2020-12-11,59.310001,59.990002,58.509998,58.939999,47.177773,2352400,0.0,0.0
2020-12-14,59.369999,59.900002,57.900002,57.900002,46.345333,2201500,0.0,0.0
2020-12-15,58.209999,59.330002,57.389999,59.32,47.481941,3224600,0.0,0.0
2020-12-16,59.200001,60.200001,58.25,59.049999,47.265831,4229000,0.0,0.0
2020-12-17,59.5,60.200001,58.639999,59.639999,47.738102,3216400,0.0,0.0
2020-12-18,59.369999,59.860001,57.150002,57.650002,46.145229,5468700,0.0,0.0
2020-12-21,56.650002,57.959999,56.080002,57.860001,46.313316,3801700,0.0,0.0
2020-12-22,57.880001,58.0,57.27,57.849998,46.305317,2737400,0.0,0.0
2020-12-23,58.0,58.759998,57.02,57.07,45.680969,1332400,0.0,0.0
2020-12-24,57.48,58.27,57.049999,58.200001,46.585464,638100,0.0,0.0
2020-12-28,58.380001,59.450001,58.119999,59.419998,47.561989,1648200,0.0,0.0
2020-12-29,59.52,59.82,58.290001,58.360001,46.713531,2182000,0.0,0.0
2020-12-30,58.389999,59.16,58.349998,58.959999,47.193787,1357300,0.0,0.0
2020-12-31,58.639999,59.330002,57.82,59.279999,47.940239,1423100,0.603,0.0
2021-01-04,59.380001,60.080002,57.220001,57.5,46.500725,4564500,0.0,0.0
2021-01-05,57.439999,57.720001,56.790001,57.049999,46.136818,2481700,0.0,0.0
2021-01-06,57.599998,59.049999,57.299999,58.610001,47.398392,2667600,0.0,0.0
2021-01-07,58.290001,58.330002,57.52,57.900002,46.824219,2243700,0.0,0.0
2021-01-08,57.990002,58.389999,57.59,58.259998,47.115353,2095600,0.0,0.0
2021-01-11,58.150002,58.369999,57.080002,58.049999,46.945515,2628800,0.0,0.0
2021-01-12,58.049999,58.779999,57.43,58.549999,47.349876,2550500,0.0,0.0
2021-01-13,58.709999,59.779999,58.369999,59.57,48.174763,1679700,0.0,0.0
2021-01-14,59.93,60.880001,59.57,60.389999,48.837898,3212700,0.0,0.0
2021-01-15,60.459999,61.68,60.080002,61.59,49.808353,3297400,0.0,0.0
2021-01-19,61.959999,61.959999,60.259998,60.310001,48.773205,2090800,0.0,0.0
2021-01-20,60.310001,62.43,59.880001,61.669998,49.873043,2321300,0.0,0.0
2021-01-21,61.110001,62.0,60.610001,61.810001,49.986263,2282400,0.0,0.0
2021-01-22,61.5,62.209999,61.18,61.560001,49.784084,1721700,0.0,0.0
2021-01-25,61.220001,62.169998,60.59,61.669998,49.873043,1626200,0.0,0.0
2021-01-26,61.810001,63.099998,61.669998,62.630001,50.649403,2258400,0.0,0.0
2021-01-27,62.110001,62.830002,60.540001,60.799999,49.169464,2372300,0.0,0.0
2021-01-28,60.860001,63.389999,60.630001,62.360001,50.431049,2493700,0.0,0.0
2021-01-29,61.830002,63.080002,61.09,61.639999,49.848785,3771700,0.0,0.0
2021-02-01,61.860001,62.169998,60.369999,62.169998,50.277393,2432400,0.0,0.0
2021-02-02,62.27,62.709999,61.59,61.880001,50.042877,1897100,0.0,0.0
2021-02-03,61.57,63.209999,61.09,63.080002,51.013329,2651400,0.0,0.0
2021-02-04,62.869999,64.720001,62.23,64.120003,51.854378,4483700,0.0,0.0
2021-02-05,64.489998,65.129997,63.82,64.959999,52.533695,3066400,0.0,0.0
2021-02-08,64.959999,66.360001,64.330002,66.080002,53.439445,3881000,0.0,0.0
2021-02-09,67.510002,67.510002,65.720001,65.940002,53.326229,1925700,0.0,0.0
2021-02-10,66.0,67.07,65.629997,66.809998,54.029797,2179800,0.0,0.0
2021-02-11,67.389999,67.82,65.110001,67.760002,54.798092,3302600,0.0,0.0
2021-02-12,67.209999,67.779999,66.669998,67.480003,54.571644,1974100,0.0,0.0
2021-02-16,67.480003,67.5,66.540001,67.18,54.329014,1983200,0.0,0.0
2021-02-17,67.059998,67.059998,66.260002,66.860001,54.070244,1479800,0.0,0.0
2021-02-18,66.550003,66.879997,66.150002,66.489998,53.771019,1202000,0.0,0.0
2021-02-19,66.610001,67.389999,66.339996,66.970001,54.159195,2193200,0.0,0.0
2021-02-22,66.809998,67.599998,66.360001,66.879997,54.086418,2122200,0.0,0.0
2021-02-23,67.419998,68.93,66.879997,68.519997,55.412693,2543300,0.0,0.0
2021-02-24,68.68,69.800003,68.239998,69.349998,56.083927,2713700,0.0,0.0
2021-02-25,69.25,69.5,66.32,66.730003,53.965115,2885300,0.0,0.0
2021-02-26,66.730003,66.910004,65.370003,65.410004,52.89761,3725400,0.0,0.0
2021-03-01,66.580002,67.75,66.330002,66.75,53.981281,2725900,0.0,0.0
2021-03-02,66.339996,67.410004,65.93,67.0,54.183456,2957800,0.0,0.0
2021-03-03,67.080002,69.07,67.019997,68.57,55.453133,4312100,0.0,0.0
2021-03-04,68.599998,69.050003,66.949997,67.720001,54.765736,2336100,0.0,0.0
2021-03-05,68.059998,69.07,67.010002,68.860001,55.687668,1889000,0.0,0.0
2021-03-08,69.260002,71.650002,68.629997,70.93,57.361671,3717600,0.0,0.0
2021-03-09,70.910004,71.720001,70.529999,70.830002,57.280811,2493300,0.0,0.0
2021-03-10,71.160004,71.93,69.279999,71.419998,57.757957,1830900,0.0,0.0
2021-03-11,70.889999,72.550003,70.889999,71.610001,57.911598,2377500,0.0,0.0
2021-03-12,72.029999,73.489998,72.029999,73.440002,59.391544,2740800,0.0,0.0
2021-03-15,73.57,75.510002,72.949997,75.059998,60.701645,3464500,0.0,0.0
2021-03-16,76.129997,76.129997,73.330002,73.779999,59.666504,4730300,0.0,0.0
2021-03-17,73.790001,74.330002,73.089996,73.879997,59.747379,2773900,0.0,0.0
2021-03-18,73.589996,73.959999,73.120003,73.5,59.440052,2998100,0.0,0.0
2021-03-19,73.269997,73.290001,71.379997,71.43,57.766041,4741400,0.0,0.0
2021-03-22,71.150002,72.260002,70.760002,72.029999,58.251263,1873400,0.0,0.0
2021-03-23,72.260002,72.400002,71.379997,71.809998,58.073349,2899500,0.0,0.0
2021-03-24,70.489998,72.57,70.099998,71.529999,57.846905,3121500,0.0,0.0
2021-03-25,71.260002,72.32,70.639999,72.110001,58.315964,2669100,0.0,0.0
2021-03-26,71.940002,72.769997,71.5,72.68,59.272572,3082000,0.603,0.0
2021-03-29,72.269997,72.75,71.599998,72.279999,58.946362,2530900,0.0,0.0
2021-03-30,72.300003,73.0,72.139999,72.830002,59.39489,1344700,0.0,0.0
2021-03-31,72.160004,72.660004,71.410004,71.629997,58.416256,2316700,0.0,0.0
2021-04-01,72.010002,72.620003,71.43,72.510002,59.133938,1753800,0.0,0.0
2021-04-05,72.82,72.949997,71.269997,72.150002,58.840355,2412300,0.0,0.0
2021-04-06,71.910004,72.129997,71.220001,71.599998,58.391796,3748400,0.0,0.0
2021-04-07,71.900002,72.559998,71.379997,72.339996,58.995293,1717700,0.0,0.0
2021-04-08,72.110001,72.440002,71.580002,71.760002,58.522293,1482500,0.0,0.0
2021-04-09,71.779999,72.089996,71.290001,71.690002,58.465202,1621000,0.0,0.0
2021-04-12,71.82,72.029999,70.900002,71.779999,58.538601,1713000,0.0,0.0
2021-04-13,71.339996,72.209999,71.010002,72.139999,58.832207,1344200,0.0,0.0
2021-04-14,72.120003,72.510002,71.339996,71.389999,58.220535,1089000,0.0,0.0
2021-04-15,71.709999,72.349998,71.589996,72.230003,58.905594,1974100,0.0,0.0
2021-04-16,72.589996,72.82,71.889999,72.620003,59.223648,2071200,0.0,0.0
2021-04-19,72.93,73.089996,72.309998,73.029999,59.558006,1429400,0.0,0.0
2021-04-20,72.870003,74.339996,72.830002,74.089996,60.422459,2100500,0.0,0.0
2021-04-21,74.230003,75.150002,73.639999,74.870003,61.058586,1626800,0.0,0.0
2021-04-22,74.879997,75.099998,73.889999,73.980003,60.332767,1688200,0.0,0.0
2021-04-23,74.059998,74.910004,73.550003,74.580002,60.822075,2009000,0.0,0.0
2021-04-26,75.0,75.43,74.639999,74.720001,60.936264,1609200,0.0,0.0
2021-04-27,74.75,74.75,73.900002,74.379997,60.658962,2088500,0.0,0.0
2021-04-28,74.230003,74.400002,73.400002,73.629997,60.047325,1747400,0.0,0.0
2021-04-29,74.07,74.599998,73.010002,73.540001,59.97393,3295500,0.0,0.0
2021-04-30,73.43,74.360001,73.110001,74.230003,60.536667,1872900,0.0,0.0
2021-05-03,74.730003,74.779999,73.190002,73.400002,59.859753,1641400,0.0,0.0
2021-05-04,73.449997,73.940002,71.870003,72.330002,58.987129,2865100,0.0,0.0
2021-05-05,72.0,72.050003,70.980003,71.93,58.660931,1971900,0.0,0.0
2021-05-06,72.290001,73.769997,72.190002,73.580002,60.006554,1499600,0.0,0.0
2021-05-07,73.290001,74.400002,73.279999,74.050003,60.389851,1593000,0.0,0.0
2021-05-10,74.529999,75.269997,74.169998,74.599998,60.838387,1089600,0.0,0.0
2021-05-11,74.169998,74.760002,73.449997,74.190002,60.504028,1464100,0.0,0.0
2021-05-12,74.510002,74.510002,71.620003,71.980003,58.701714,2618700,0.0,0.0
2021-05-13,72.0,74.379997,71.910004,73.82,60.20229,1951000,0.0,0.0
2021-05-14,73.949997,74.360001,73.529999,74.07,60.406158,1652100,0.0,0.0
2021-05-17,74.050003,74.339996,73.57,73.970001,60.324608,1709300,0.0,0.0
2021-05-18,73.519997,74.870003,73.220001,74.489998,60.748672,2147900,0.0,0.0
2021-05-19,74.059998,74.120003,72.660004,73.5,59.941296,1792500,0.0,0.0
2021-05-20,73.449997,74.690002,73.269997,74.519997,60.773136,1304700,0.0,0.0
2021-05-21,74.599998,75.169998,74.43,75.0,61.164604,2522700,0.0,0.0
2021-05-24,75.529999,76.739998,75.370003,76.18,62.126934,2591900,0.0,0.0
2021-05-25,76.209999,76.480003,75.839996,76.160004,62.110611,2043500,0.0,0.0
2021-05-26,76.0,76.860001,75.910004,76.389999,62.298199,1902000,0.0,0.0
2021-05-27,76.68,76.959999,76.480003,76.690002,62.542839,8639200,0.0,0.0
2021-05-28,77.089996,77.769997,76.699997,77.449997,63.16264,2286500,0.0,0.0
2021-06-01,78.230003,79.25,77.830002,79.220001,64.606117,2165200,0.0,0.0
2021-06-02,79.620003,80.080002,79.129997,80.0,65.242241,2736600,0.0,0.0
2021-06-03,79.739998,79.940002,79.230003,79.510002,64.842644,2279100,0.0,0.0
2021-06-04,79.650002,79.800003,78.779999,78.879997,64.328842,2774400,0.0,0.0
2021-06-07,79.18,79.769997,78.889999,79.459999,64.801849,2459400,0.0,0.0
2021-06-08,79.739998,80.470001,79.550003,79.669998,64.973114,1471500,0.0,0.0
2021-06-09,80.059998,80.059998,79.18,79.349998,64.712158,1510000,0.0,0.0
2021-06-10,79.519997,82.050003,79.209999,80.800003,65.894669,3180300,0.0,0.0
2021-06-11,80.800003,80.910004,80.190002,80.75,65.853882,1974000,0.0,0.0
2021-06-14,80.209999,80.940002,80.029999,80.910004,65.98436,1285100,0.0,0.0
2021-06-15,80.629997,80.849998,79.660004,79.709999,65.00573,1640600,0.0,0.0
2021-06-16,79.730003,80.120003,79.120003,79.190002,64.581665,3237000,0.0,0.0
2021-06-17,79.169998,79.18,78.349998,78.989998,64.418549,2450900,0.0,0.0
2021-06-18,78.629997,79.529999,77.540001,77.629997,63.309448,4093000,0.0,0.0
2021-06-21,78.110001,79.769997,77.879997,79.360001,64.720291,1898200,0.0,0.0
2021-06-22,79.440002,79.559998,78.779999,79.059998,64.475655,2144700,0.0,0.0
2021-06-23,79.129997,79.440002,78.839996,79.040001,64.459328,1571400,0.0,0.0
2021-06-24,78.980003,79.220001,78.029999,78.5,64.018951,1921200,0.0,0.0
2021-06-25,77.900002,78.599998,77.629997,78.57,64.572052,2378700,0.603,0.0
2021-06-28,78.57,78.699997,77.040001,77.739998,63.889919,1358700,0.0,0.0
2021-06-29,77.639999,78.169998,77.5,77.559998,63.741989,1593800,0.0,0.0
2021-06-30,77.739998,78.279999,76.809998,77.0,63.281757,2074900,0.0,0.0
2021-07-01,77.120003,78.709999,76.889999,78.019997,64.120033,1867600,0.0,0.0
2021-07-02,78.199997,78.879997,78.010002,78.449997,64.473434,1661800,0.0,0.0
2021-07-06,78.410004,79.059998,77.620003,78.910004,64.851471,2081300,0.0,0.0
2021-07-07,78.599998,79.800003,78.330002,79.57,65.39389,2264800,0.0,0.0
2021-07-08,79.199997,80.379997,78.559998,80.360001,66.043159,1388200,0.0,0.0
2021-07-09,80.949997,81.760002,80.480003,81.709999,67.152626,1431400,0.0,0.0
2021-07-12,81.540001,82.489998,81.279999,82.410004,67.727928,1266500,0.0,0.0
2021-07-13,82.239998,82.239998,80.720001,81.25,66.774597,1054700,0.0,0.0
2021-07-14,81.349998,82.910004,81.349998,82.760002,68.015556,1556100,0.0,0.0
2021-07-15,82.75,83.379997,82.5,83.220001,68.3936,1165900,0.0,0.0
2021-07-16,83.449997,84.029999,83.400002,83.760002,68.837395,1985100,0.0,0.0
2021-07-19,82.860001,83.300003,81.610001,82.400002,67.719711,1890600,0.0,0.0
2021-07-20,82.75,85.260002,82.449997,84.879997,69.757858,2260800,0.0,0.0
2021-07-21,85.029999,85.470001,84.550003,84.709999,69.618134,1300400,0.0,0.0
2021-07-22,84.269997,84.5,83.510002,83.900002,68.952469,1587100,0.0,0.0
2021-07-23,84.300003,84.919998,83.970001,84.82,69.708565,1191900,0.0,0.0
2021-07-26,84.550003,85.199997,83.860001,84.489998,69.437347,1210200,0.0,0.0
2021-07-27,84.580002,85.32,83.910004,84.839996,69.724991,1425100,0.0,0.0
2021-07-28,84.830002,85.830002,84.0,84.160004,69.166145,2267800,0.0,0.0
2021-07-29,84.519997,85.019997,84.18,84.470001,69.420883,1256400,0.0,0.0
2021-07-30,84.82,85.75,84.120003,84.129997,69.141464,2843600,0.0,0.0
2021-08-02,84.769997,85.489998,83.720001,83.919998,68.968887,1906400,0.0,0.0
2021-08-03,84.0,84.379997,83.360001,84.339996,69.314056,1066500,0.0,0.0
2021-08-04,84.25,84.449997,83.739998,84.0,69.03463,975800,0.0,0.0
2021-08-05,84.82,84.93,83.730003,84.620003,69.544182,1218500,0.0,0.0
2021-08-06,85.290001,85.580002,84.440002,84.68,69.593475,875200,0.0,0.0
2021-08-09,84.260002,84.43,83.400002,83.629997,68.730553,816000,0.0,0.0
2021-08-10,83.559998,83.730003,82.059998,82.099998,67.473145,1430400,0.0,0.0
2021-08-11,82.510002,82.550003,81.489998,81.940002,67.34166,1436600,0.0,0.0
2021-08-12,82.239998,82.379997,81.68,81.989998,67.382744,1057300,0.0,0.0
2021-08-13,82.139999,82.809998,81.82,82.660004,67.933372,735600,0.0,0.0
2021-08-16,82.389999,83.330002,81.949997,82.629997,67.908714,707200,0.0,0.0
2021-08-17,82.150002,82.620003,81.610001,82.540001,67.834755,758000,0.0,0.0
2021-08-18,82.260002,82.510002,81.660004,81.730003,67.169067,1026100,0.0,0.0
2021-08-19,81.360001,82.849998,81.059998,82.379997,67.703262,1119100,0.0,0.0
2021-08-20,82.160004,83.050003,81.599998,82.510002,67.810097,1418800,0.0,0.0
2021-08-23,82.599998,83.040001,81.900002,82.339996,67.670372,959100,0.0,0.0
2021-08-24,82.480003,82.480003,81.040001,81.769997,67.201942,942300,0.0,0.0
2021-08-25,81.769997,82.639999,81.269997,81.959999,67.358086,1876600,0.0,0.0
2021-08-26,82.330002,83.290001,82.160004,82.790001,68.040207,1282500,0.0,0.0
2021-08-27,83.360001,83.860001,82.580002,83.349998,68.500435,1013100,0.0,0.0
2021-08-30,83.379997,84.529999,83.209999,84.360001,69.330498,1172200,0.0,0.0
2021-08-31,84.230003,84.410004,83.849998,84.07,69.092155,2131600,0.0,0.0
2021-09-01,84.0,85.620003,83.739998,85.559998,70.316711,2072400,0.0,0.0
2021-09-02,85.800003,86.040001,84.839996,85.980003,70.66188,2007800,0.0,0.0
2021-09-03,85.650002,85.839996,84.459999,85.589996,70.341377,1227900,0.0,0.0
2021-09-07,85.480003,85.480003,82.599998,83.339996,68.492226,1468700,0.0,0.0
2021-09-08,82.879997,84.489998,82.599998,84.019997,69.051086,1452900,0.0,0.0
2021-09-09,83.529999,83.68,82.360001,82.470001,67.777229,1273700,0.0,0.0
2021-09-10,82.75,82.75,81.400002,81.410004,66.90609,1411000,0.0,0.0
2021-09-13,81.940002,83.010002,81.75,81.949997,67.349869,1338800,0.0,0.0
2021-09-14,82.25,82.589996,81.339996,81.779999,67.210159,1322400,0.0,0.0
2021-09-15,81.839996,82.580002,81.559998,81.980003,67.37455,1384500,0.0,0.0
2021-09-16,81.980003,82.410004,81.32,81.779999,67.210159,1602200,0.0,0.0
2021-09-17,81.5,82.190002,80.230003,80.260002,65.96096,4448400,0.0,0.0
2021-09-20,79.709999,80.800003,79.300003,80.620003,66.256836,2692600,0.0,0.0
2021-09-21,81.150002,81.900002,80.639999,80.699997,66.322556,1508400,0.0,0.0
2021-09-22,81.540001,82.129997,81.260002,81.370003,66.873222,1649400,0.0,0.0
2021-09-23,82.120003,83.269997,81.959999,82.43,67.744339,1639000,0.0,0.0
2021-09-24,81.440002,82.610001,81.440002,81.540001,67.506744,1283400,0.603,0.0
2021-09-27,81.82,82.449997,80.059998,80.089996,66.306297,1810700,0.0,0.0
2021-09-28,79.550003,80.790001,78.860001,80.370003,66.538109,1662400,0.0,0.0
2021-09-29,80.559998,82.510002,80.559998,81.550003,67.51503,1426400,0.0,0.0
2021-09-30,81.870003,81.989998,80.120003,80.919998,66.993446,1999900,0.0,0.0
2021-10-01,81.620003,81.800003,80.209999,81.550003,67.51503,1804700,0.0,0.0
2021-10-04,81.349998,83.349998,81.279999,82.989998,68.707199,1796100,0.0,0.0
2021-10-05,83.389999,83.699997,82.290001,83.18,68.864494,2115600,0.0,0.0
2021-10-06,82.839996,83.919998,81.010002,83.739998,69.32811,1496600,0.0,0.0
2021-10-07,84.0,84.669998,83.43,83.629997,69.237053,1605800,0.0,0.0
2021-10-08,83.489998,84.139999,82.589996,82.730003,68.491966,1092600,0.0,0.0
2021-10-11,83.139999,83.309998,81.730003,82.739998,68.500237,1225600,0.0,0.0
2021-10-12,82.760002,83.910004,82.639999,83.230003,68.905891,1389700,0.0,0.0
2021-10-13,83.07,84.220001,82.459999,84.029999,69.568207,1064700,0.0,0.0
2021-10-14,84.519997,85.370003,84.459999,85.239998,70.569969,982600,0.0,0.0
2021-10-15,85.639999,85.870003,84.089996,84.580002,70.023552,1540300,0.0,0.0
2021-10-18,84.089996,85.18,84.010002,84.809998,70.213982,2212900,0.0,0.0
2021-10-19,84.900002,84.900002,83.910004,84.0,69.543373,803800,0.0,0.0
2021-10-20,84.269997,85.279999,83.900002,85.239998,70.569969,941200,0.0,0.0
2021-10-21,85.360001,85.360001,84.589996,85.089996,70.445786,792600,0.0,0.0
2021-10-22,85.449997,86.089996,85.099998,85.410004,70.710709,1341700,0.0,0.0
2021-10-25,85.57,85.730003,84.599998,85.260002,70.586525,1037800,0.0,0.0
2021-10-26,85.220001,86.470001,84.68,86.010002,71.207466,947000,0.0,0.0
2021-10-27,85.639999,87.779999,85.639999,87.150002,72.151253,2257500,0.0,0.0
2021-10-28,87.260002,88.080002,86.959999,88.010002,72.863243,2357500,0.0,0.0
2021-10-29,87.790001,88.040001,86.010002,86.400002,71.530327,1978200,0.0,0.0
2021-11-01,86.209999,86.389999,84.150002,85.139999,70.487152,1272200,0.0,0.0
2021-11-02,85.440002,85.669998,83.660004,84.419998,69.89109,1571200,0.0,0.0
2021-11-03,84.550003,85.029999,84.059998,84.620003,70.056671,1292700,0.0,0.0
2021-11-04,84.75,84.889999,83.139999,83.540001,69.162529,1145600,0.0,0.0
2021-11-05,84.510002,85.43,84.120003,84.459999,69.92421,1543100,0.0,0.0
2021-11-08,84.580002,84.75,83.379997,84.739998,70.156036,977700,0.0,0.0
2021-11-09,84.919998,85.709999,84.449997,85.660004,70.917686,967400,0.0,0.0
2021-11-10,85.540001,85.980003,85.290001,85.489998,70.776947,791700,0.0,0.0
2021-11-11,85.660004,86.029999,85.089996,86.010002,71.207466,621500,0.0,0.0
2021-11-12,86.260002,86.959999,85.769997,86.440002,71.563438,927500,0.0,0.0
2021-11-15,86.470001,88.019997,86.339996,88.0,72.854965,768500,0.0,0.0
2021-11-16,88.0,88.089996,86.519997,86.690002,71.770424,1227900,0.0,0.0
2021-11-17,86.379997,87.290001,83.75,87.169998,72.167809,1512300,0.0,0.0
2021-11-18,87.25,88.07,86.849998,88.010002,72.863243,1275900,0.0,0.0
2021-11-19,87.879997,87.879997,85.470001,86.040001,71.232277,1511300,0.0,0.0
2021-11-22,86.0,86.389999,85.199997,85.220001,70.553398,1581800,0.0,0.0
2021-11-23,85.480003,87.139999,85.190002,86.660004,71.745583,881800,0.0,0.0
2021-11-24,86.599998,88.080002,86.510002,87.82,72.705956,1067900,0.0,0.0
2021-11-26,86.449997,86.779999,84.019997,84.269997,69.766899,1231100,0.0,0.0
2021-11-29,85.110001,86.779999,84.660004,86.220001,71.38131,1837300,0.0,0.0
2021-11-30,85.589996,86.760002,85.040001,85.309998,70.62793,3748200,0.0,0.0
2021-12-01,86.389999,86.5,82.599998,82.660004,68.433983,2299000,0.0,0.0
2021-12-02,83.089996,85.839996,82.690002,85.510002,70.79348,2023400,0.0,0.0
2021-12-03,85.529999,85.830002,84.110001,85.040001,70.404388,1395500,0.0,0.0
2021-12-06,85.839996,87.059998,85.139999,86.160004,71.331635,1081600,0.0,0.0
2021-12-07,86.43,86.989998,83.699997,86.150002,71.323341,2564600,0.0,0.0
2021-12-08,86.339996,87.830002,85.849998,87.589996,72.515518,1475900,0.0,0.0
2021-12-09,87.540001,87.540001,86.440002,86.629997,71.720734,1573400,0.0,0.0
2021-12-10,87.120003,87.43,86.260002,86.860001,71.911163,1344600,0.0,0.0
2021-12-13,86.769997,88.360001,86.379997,87.970001,72.830124,1853800,0.0,0.0
2021-12-14,88.169998,88.349998,86.160004,87.059998,72.076721,2905400,0.0,0.0
2021-12-15,87.459999,89.550003,87.150002,89.230003,73.873276,2099100,0.0,0.0
2021-12-16,90.0,90.0,87.43,88.129997,72.962601,1673700,0.0,0.0
2021-12-17,88.160004,88.629997,87.290001,87.650002,72.565201,2847200,0.0,0.0
2021-12-20,86.660004,87.510002,85.910004,86.730003,71.803543,1338200,0.0,0.0
2021-12-21,87.209999,88.709999,87.209999,87.980003,72.838409,1195300,0.0,0.0
2021-12-22,88.120003,88.879997,87.82,88.449997,73.227516,1307400,0.0,0.0
2021-12-23,88.610001,89.110001,87.57,88.18,73.00399,1276000,0.0,0.0
2021-12-27,88.379997,89.410004,87.900002,89.379997,73.997459,986100,0.0,0.0
2021-12-28,89.260002,90.139999,89.099998,89.900002,74.427979,752500,0.0,0.0
2021-12-29,90.110001,90.68,89.220001,90.550003,74.966125,668800,0.0,0.0
2021-12-30,90.449997,91.139999,90.230003,90.540001,74.957825,793800,0.0,0.0
2021-12-31,90.099998,91.199997,90.059998,90.5,75.427055,1113400,0.603,0.0
2022-01-03,90.779999,91.190002,89.190002,91.059998,75.893791,1430500,0.0,0.0
2022-01-04,91.519997,93.029999,91.379997,92.25,76.88559,1551500,0.0,0.0
2022-01-05,92.25,92.5,90.25,90.459999,75.3937,1949500,0.0,0.0
2022-01-06,91.040001,91.449997,90.25,90.720001,75.610413,1509700,0.0,0.0
2022-01-07,90.239998,90.800003,89.43,89.650002,74.71862,1426700,0.0,0.0
2022-01-10,89.330002,90.610001,88.940002,89.68,74.743622,1698900,0.0,0.0
2022-01-11,89.93,90.720001,88.760002,90.550003,75.468742,1969900,0.0,0.0
2022-01-12,90.370003,91.559998,90.07,90.980003,75.82711,1095900,0.0,0.0
2022-01-13,91.330002,92.129997,91.190002,91.470001,76.235497,1509300,0.0,0.0
2022-01-14,91.019997,91.220001,89.800003,90.830002,75.702095,1379600,0.0,0.0
2022-01-18,90.660004,90.68,89.129997,90.25,75.218689,1363400,0.0,0.0
2022-01-19,90.459999,91.139999,89.150002,89.220001,74.360245,1650700,0.0,0.0
2022-01-20,88.959999,90.290001,88.330002,88.349998,73.635124,1902300,0.0,0.0
2022-01-21,88.790001,89.080002,87.849998,88.059998,73.39344,1070900,0.0,0.0
2022-01-24,88.029999,88.620003,85.550003,88.339996,73.626793,2786400,0.0,0.0
2022-01-25,87.239998,88.489998,85.720001,87.620003,73.026726,3154000,0.0,0.0
2022-01-26,87.870003,89.379997,86.910004,87.389999,72.835045,2131100,0.0,0.0
2022-01-27,88.019997,89.110001,86.529999,86.669998,72.23494,2949800,0.0,0.0
2022-01-28,86.720001,88.900002,85.160004,88.889999,74.085197,2692600,0.0,0.0
2022-01-31,88.32,89.169998,87.400002,88.730003,73.951851,3499500,0.0,0.0
2022-02-01,88.230003,89.150002,87.639999,88.099998,73.426781,1971400,0.0,0.0
2022-02-02,88.809998,92.540001,88.739998,92.0,76.677231,3965700,0.0,0.0
2022-02-03,92.040001,92.400002,91.300003,91.589996,76.335518,2247000,0.0,0.0
2022-02-04,91.07,91.43,89.330002,90.120003,75.110352,1718900,0.0,0.0
2022-02-07,89.879997,90.690002,89.260002,89.550003,74.635292,2600200,0.0,0.0
2022-02-08,89.870003,89.949997,87.139999,87.190002,72.66835,1830400,0.0,0.0
2022-02-09,88.510002,90.440002,88.480003,90.32,75.277039,2114600,0.0,0.0
2022-02-10,89.040001,90.0,86.360001,86.970001,72.484993,1953800,0.0,0.0
2022-02-11,87.269997,87.660004,85.709999,86.379997,71.99324,2174400,0.0,0.0
2022-02-14,86.660004,87.43,85.279999,85.919998,71.609863,1588400,0.0,0.0
2022-02-15,86.580002,87.239998,86.059998,86.32,71.943237,1370800,0.0,0.0
2022-02-16,86.690002,86.919998,85.199997,86.230003,71.868233,1048100,0.0,0.0
2022-02-17,85.809998,86.010002,84.650002,84.93,70.78476,1453300,0.0,0.0
2022-02-18,84.75,85.739998,84.239998,84.360001,70.309685,3433500,0.0,0.0
2022-02-22,84.269997,85.440002,83.889999,84.660004,70.559723,2123800,0.0,0.0
2022-02-23,85.010002,85.650002,83.660004,83.730003,69.784599,1096500,0.0,0.0
2022-02-24,82.690002,84.989998,81.980003,84.629997,70.534691,2081900,0.0,0.0
2022-02-25,85.370003,87.360001,85.160004,87.260002,72.726692,1513200,0.0,0.0
2022-02-28,86.019997,86.849998,84.449997,85.300003,71.093132,1969800,0.0,0.0
2022-03-01,85.470001,86.040001,83.089996,83.629997,69.701263,1919400,0.0,0.0
2022-03-02,84.029999,86.080002,83.900002,85.5,71.259804,2354100,0.0,0.0
2022-03-03,86.019997,86.760002,85.199997,86.690002,72.251617,1346300,0.0,0.0
2022-03-04,85.879997,88.739998,85.809998,88.610001,73.851837,2325200,0.0,0.0
2022-03-07,88.779999,90.349998,87.660004,87.769997,73.151749,1720600,0.0,0.0
2022-03-08,87.339996,87.809998,85.839996,86.080002,71.743225,1364500,0.0,0.0
2022-03-09,87.389999,88.650002,87.099998,87.779999,73.160072,1157700,0.0,0.0
2022-03-10,86.870003,87.690002,86.400002,87.5,72.926735,718200,0.0,0.0
2022-03-11,88.220001,88.720001,86.669998,86.800003,72.343285,931000,0.0,0.0
2022-03-14,87.0,87.709999,85.839996,86.379997,71.99324,1286300,0.0,0.0
2022-03-15,87.550003,88.07,86.660004,87.389999,72.835045,1291800,0.0,0.0
2022-03-16,88.029999,89.080002,86.349998,88.220001,73.526794,1613700,0.0,0.0
2022-03-17,87.800003,89.360001,87.800003,89.32,74.443588,1129400,0.0,0.0
2022-03-18,90.0,90.419998,88.809998,89.0,74.176872,2992800,0.0,0.0
2022-03-21,89.089996,89.669998,88.489998,88.889999,74.085197,815400,0.0,0.0
2022-03-22,89.709999,89.980003,87.739998,88.099998,73.426781,1434300,0.0,0.0
2022-03-23,88.089996,88.32,87.230003,87.440002,72.876694,1342100,0.0,0.0
2022-03-24,87.300003,88.18,87.07,88.099998,73.426781,1102700,0.0,0.0
2022-03-25,88.279999,89.050003,87.540001,89.019997,74.723663,854400,0.625,0.0
2022-03-28,89.160004,90.18,88.760002,90.080002,75.613411,1195300,0.0,0.0
2022-03-29,90.959999,93.029999,90.730003,92.879997,77.963753,2144400,0.0,0.0
2022-03-30,92.290001,92.660004,90.720001,91.5,76.805382,916900,0.0,0.0
2022-03-31,92.0,92.309998,89.889999,89.919998,75.479103,2414000,0.0,0.0
2022-04-01,90.449997,92.309998,89.940002,92.160004,77.359383,1141500,0.0,0.0
2022-04-04,92.18,92.419998,90.089996,91.050003,76.427643,870300,0.0,0.0
2022-04-05,90.949997,92.410004,90.360001,90.800003,76.217789,1139500,0.0,0.0
2022-04-06,90.800003,92.699997,90.080002,92.620003,77.745522,1136100,0.0,0.0
2022-04-07,91.68,92.169998,90.489998,91.660004,76.939697,1162900,0.0,0.0
2022-04-08,91.82,92.169998,91.059998,91.769997,77.032005,1177400,0.0,0.0
2022-04-11,91.849998,92.379997,89.669998,89.849998,75.420364,992100,0.0,0.0
2022-04-12,89.720001,90.709999,89.029999,90.260002,75.764511,1335700,0.0,0.0
2022-04-13,90.57,91.18,89.790001,90.360001,75.848457,860800,0.0,0.0
2022-04-14,90.610001,91.220001,90.059998,90.43,75.907219,1650100,0.0,0.0
2022-04-18,90.599998,91.139999,89.080002,89.620003,75.22731,1121200,0.0,0.0
2022-04-19,90.269997,91.360001,90.269997,90.959999,76.352089,1261100,0.0,0.0
2022-04-20,91.199997,93.150002,91.129997,92.779999,77.879807,1361000,0.0,0.0
2022-04-21,93.410004,94.32,92.919998,93.239998,78.265945,1410100,0.0,0.0
2022-04-22,93.089996,93.139999,91.029999,91.150002,76.511597,1620500,0.0,0.0
2022-04-25,91.150002,91.449997,89.040001,90.279999,75.781296,1512000,0.0,0.0
2022-04-26,90.059998,90.949997,88.940002,89.089996,74.782417,1398900,0.0,0.0
2022-04-27,87.540001,88.300003,85.919998,86.089996,72.264198,2333300,0.0,0.0
2022-04-28,86.400002,86.510002,84.589996,86.050003,72.230629,2154600,0.0,0.0
2022-04-29,85.739998,85.870003,81.25,81.5,68.411346,2796400,0.0,0.0
2022-05-02,81.949997,82.5,78.050003,80.0,67.152245,2658300,0.0,0.0
2022-05-03,79.839996,80.93,79.440002,80.199997,67.320122,1454700,0.0,0.0
2022-05-04,80.07,80.480003,77.699997,80.230003,67.345322,1803000,0.0,0.0
2022-05-05,80.230003,80.230003,77.18,77.82,65.32235,1909500,0.0,0.0
2022-05-06,77.290001,77.330002,75.25,76.470001,64.189156,1828300,0.0,0.0
2022-05-09,75.790001,75.949997,72.879997,73.260002,61.494678,2214200,0.0,0.0
2022-05-10,73.900002,74.449997,71.860001,72.790001,61.100132,3045800,0.0,0.0
2022-05-11,73.029999,75.239998,72.809998,73.830002,61.973133,2020000,0.0,0.0
2022-05-12,73.809998,74.349998,72.949997,74.120003,62.216553,1979000,0.0,0.0
2022-05-13,74.57,75.139999,73.550003,74.959999,62.921646,1569500,0.0,0.0
2022-05-16,74.910004,75.190002,73.980003,74.32,62.38443,1069200,0.0,0.0
2022-05-17,75.230003,75.839996,74.0,75.82,63.643532,2010400,0.0,0.0
2022-05-18,75.870003,75.980003,73.540001,73.760002,61.914364,1347900,0.0,0.0
2022-05-19,73.129997,73.970001,72.389999,73.339996,61.561817,1910800,0.0,0.0
2022-05-20,74.32,74.779999,72.959999,74.019997,62.13261,2265900,0.0,0.0
2022-05-23,74.540001,75.970001,73.610001,75.82,63.643532,2051200,0.0,0.0
2022-05-24,75.699997,76.360001,74.269997,76.220001,63.979301,1931000,0.0,0.0
2022-05-25,75.760002,76.529999,75.099998,76.239998,63.996094,2027500,0.0,0.0
2022-05-26,76.769997,77.190002,76.260002,76.360001,64.096825,1556100,0.0,0.0
2022-05-27,76.580002,78.279999,76.410004,78.129997,65.582558,1164100,0.0,0.0
2022-05-31,77.18,77.949997,76.669998,76.830002,64.491333,3846500,0.0,0.0
2022-06-01,77.110001,77.589996,75.300003,76.940002,64.583672,1783100,0.0,0.0
2022-06-02,76.57,77.870003,76.139999,77.839996,65.339119,2177800,0.0,0.0
2022-06-03,77.199997,77.43,75.839996,76.07,63.853378,1601400,0.0,0.0
2022-06-06,76.550003,76.559998,73.730003,73.849998,61.989895,1833400,0.0,0.0
2022-06-07,73.57,75.910004,73.32,75.849998,63.668716,2265900,0.0,0.0
2022-06-08,75.440002,75.970001,73.82,74.150002,62.241734,1443400,0.0,0.0
2022-06-09,73.919998,74.18,72.099998,72.220001,60.621693,1859800,0.0,0.0
2022-06-10,71.18,73.110001,70.739998,72.25,60.646877,1910100,0.0,0.0
2022-06-13,71.279999,71.379997,68.910004,69.330002,58.195812,1829600,0.0,0.0
2022-06-14,69.400002,69.93,68.459999,68.779999,57.734135,1539800,0.0,0.0
2022-06-15,69.279999,70.120003,68.25,69.150002,58.044712,2153400,0.0,0.0
2022-06-16,67.68,69.169998,67.480003,68.739998,57.700569,1594300,0.0,0.0
2022-06-17,70.099998,70.610001,68.910004,70.389999,59.085571,4488700,0.0,0.0
2022-06-21,70.75,72.339996,70.57,71.260002,59.815865,2555500,0.0,0.0
2022-06-22,70.93,72.370003,70.669998,71.360001,59.899807,2335600,0.0,0.0
2022-06-23,71.599998,73.199997,71.370003,72.660004,60.991028,1980700,0.0,0.0
2022-06-24,72.510002,72.550003,71.459999,71.82,60.808983,3067200,0.625,0.0
2022-06-27,71.639999,74.019997,71.300003,73.209999,61.985878,1932300,0.0,0.0
2022-06-28,73.480003,74.379997,72.43,72.550003,61.427074,1343200,0.0,0.0
2022-06-29,72.279999,72.459999,71.690002,72.400002,61.300064,1065200,0.0,0.0
2022-06-30,71.830002,73.540001,71.209999,72.220001,61.147667,1946900,0.0,0.0
2022-07-01,72.290001,73.18,71.849998,72.93,61.748802,1165800,0.0,0.0
2022-07-05,72.43,72.5,70.540001,72.260002,61.181534,2014500,0.0,0.0
2022-07-06,72.5,73.160004,71.669998,72.309998,61.223866,1023700,0.0,0.0
2022-07-07,72.389999,73.260002,71.57,71.919998,60.893654,1270100,0.0,0.0
2022-07-08,71.82,71.980003,70.830002,71.370003,60.427986,1644800,0.0,0.0
2022-07-11,71.169998,71.580002,70.650002,71.209999,60.2925,1067500,0.0,0.0
2022-07-12,70.610001,71.860001,70.610001,71.290001,60.360233,968000,0.0,0.0
2022-07-13,70.730003,71.32,69.870003,70.790001,59.936893,865900,0.0,0.0
2022-07-14,69.459999,70.489998,69.459999,70.050003,59.310349,1126900,0.0,0.0
2022-07-15,71.080002,71.660004,70.269997,71.32,60.385651,1134600,0.0,0.0
2022-07-18,71.550003,71.779999,70.540001,70.870003,60.004635,1213000,0.0,0.0
2022-07-19,71.360001,72.639999,71.080002,72.57,61.444019,1018800,0.0,0.0
2022-07-20,71.879997,72.769997,71.5,72.169998,61.10532,1507200,0.0,0.0
2022-07-21,72.160004,72.690002,71.629997,72.68,61.537144,1523600,0.0,0.0
2022-07-22,72.889999,73.699997,72.809998,73.309998,62.070549,1087400,0.0,0.0
2022-07-25,73.18,74.239998,72.919998,73.5,62.231426,1393100,0.0,0.0
2022-07-26,73.589996,73.959999,73.260002,73.540001,62.265289,1065300,0.0,0.0
2022-07-27,74.989998,76.230003,74.330002,75.709999,64.1026,2112800,0.0,0.0
2022-07-28,76.209999,77.879997,76.209999,77.75,65.829842,1761600,0.0,0.0
2022-07-29,77.949997,78.870003,77.809998,78.389999,66.371712,1817400,0.0,0.0
2022-08-01,78.0,78.660004,76.389999,76.480003,64.754555,1730800,0.0,0.0
2022-08-02,76.449997,77.07,75.330002,75.529999,63.950188,1897900,0.0,0.0
2022-08-03,75.739998,76.620003,74.279999,74.510002,63.086575,2073100,0.0,0.0
2022-08-04,73.989998,74.959999,73.339996,74.93,63.442188,2387600,0.0,0.0
2022-08-05,74.580002,75.269997,73.959999,75.220001,63.687725,1402600,0.0,0.0
2022-08-08,75.629997,76.339996,75.360001,75.75,64.136475,1139700,0.0,0.0
2022-08-09,75.870003,77.529999,75.739998,77.459999,65.58429,1601300,0.0,0.0
2022-08-10,78.279999,78.75,77.470001,78.629997,66.574913,1149400,0.0,0.0
2022-08-11,79.029999,79.889999,78.550003,78.629997,66.574913,1194500,0.0,0.0
2022-08-12,79.029999,79.989998,79.029999,79.959999,67.701027,914800,0.0,0.0
2022-08-15,80.0,80.290001,79.449997,79.980003,67.717949,758300,0.0,0.0
2022-08-16,79.720001,80.650002,79.68,80.169998,67.878815,847700,0.0,0.0
2022-08-17,79.480003,80.879997,79.419998,80.57,68.217491,808600,0.0,0.0
2022-08-18,80.519997,80.889999,78.849998,79.129997,66.998253,1032700,0.0,0.0
2022-08-19,78.82,79.260002,78.099998,78.459999,66.430977,1031500,0.0,0.0
2022-08-22,77.839996,78.230003,75.129997,76.730003,64.966217,966700,0.0,0.0
2022-08-23,76.610001,76.720001,74.980003,75.330002,63.780842,891700,0.0,0.0
2022-08-24,75.260002,76.970001,75.260002,76.699997,64.940811,1444700,0.0,0.0
2022-08-25,77.059998,77.830002,76.800003,77.699997,65.787483,900700,0.0,0.0
2022-08-26,77.830002,77.919998,76.010002,76.029999,64.373535,1250800,0.0,0.0
2022-08-29,75.620003,75.620003,74.699997,74.720001,63.264385,895300,0.0,0.0
2022-08-30,74.669998,74.980003,73.550003,73.720001,62.417694,950800,0.0,0.0
2022-08-31,74.389999,74.610001,73.160004,73.18,61.960487,1831600,0.0,0.0
2022-09-01,72.650002,74.25,72.050003,74.199997,62.824093,1327600,0.0,0.0
2022-09-02,74.709999,75.25,73.599998,73.800003,62.48542,1103900,0.0,0.0
2022-09-06,74.220001,75.150002,73.879997,74.919998,63.433716,1205100,0.0,0.0
2022-09-07,74.889999,76.260002,74.889999,76.25,64.559807,972000,0.0,0.0
2022-09-08,75.889999,76.970001,75.470001,76.779999,65.00853,785200,0.0,0.0
2022-09-09,76.879997,77.849998,76.370003,77.220001,65.381096,1443700,0.0,0.0
2022-09-12,77.470001,77.919998,77.209999,77.559998,65.668968,1339200,0.0,0.0
2022-09-13,76.589996,76.760002,74.720001,74.989998,63.49297,1049300,0.0,0.0
2022-09-14,74.589996,74.699997,73.129997,74.209999,62.832565,1955400,0.0,0.0
2022-09-15,74.339996,74.339996,72.879997,72.93,61.748802,947800,0.0,0.0
2022-09-16,73.040001,73.190002,71.730003,73.110001,61.901215,2838700,0.0,0.0
2022-09-19,72.260002,72.489998,70.860001,72.290001,61.206928,1078200,0.0,0.0
2022-09-20,71.540001,71.650002,69.470001,69.860001,59.149471,2127900,0.0,0.0
2022-09-21,70.43,70.559998,68.68,68.690002,58.158867,1643500,0.0,0.0
2022-09-22,68.480003,69.269997,67.720001,68.839996,58.285854,1753200,0.0,0.0
2022-09-23,67.919998,70.110001,67.660004,68.389999,58.435387,1989600,0.625,0.0
2022-09-26,68.110001,68.110001,65.589996,66.279999,56.632519,2452900,0.0,0.0
2022-09-27,66.589996,67.330002,65.599998,65.660004,56.102764,1370100,0.0,0.0
2022-09-28,66.470001,67.669998,65.669998,67.379997,57.572399,1823300,0.0,0.0
2022-09-29,66.870003,67.169998,65.580002,66.220001,56.581245,1298100,0.0,0.0
2022-09-30,66.980003,67.68,66.529999,67.220001,57.435692,2496000,0.0,0.0
2022-10-03,68.050003,68.529999,67.190002,68.089996,58.17905,3118900,0.0,0.0
2022-10-04,68.190002,69.07,67.57,68.480003,58.512306,1727600,0.0,0.0
2022-10-05,67.660004,67.709999,65.629997,66.529999,56.846127,1218500,0.0,0.0
2022-10-06,66.010002,66.489998,64.220001,64.449997,55.068882,2078600,0.0,0.0
2022-10-07,64.0,64.269997,62.139999,62.529999,53.428341,2391700,0.0,0.0
2022-10-10,62.91,63.09,62.009998,62.099998,53.060944,2514000,0.0,0.0
2022-10-11,61.869999,63.419998,61.700001,63.049999,53.872658,2322200,0.0,0.0
2022-10-12,63.07,63.080002,61.810001,61.990002,52.966949,1924000,0.0,0.0
2022-10-13,61.060001,64.110001,60.75,63.939999,54.633121,2133900,0.0,0.0
2022-10-14,64.620003,64.980003,61.73,61.830002,52.830254,1816100,0.0,0.0
2022-10-17,63.09,64.389999,62.77,64.18,54.838184,1984700,0.0,0.0
2022-10-18,64.980003,65.660004,64.400002,65.010002,55.547371,1483800,0.0,0.0
2022-10-19,64.160004,64.68,63.18,63.630001,54.36824,1472500,0.0,0.0
2022-10-20,64.029999,64.610001,63.290001,63.610001,54.351158,1281900,0.0,0.0
2022-10-21,63.560001,64.510002,62.82,64.209999,54.863811,1266600,0.0,0.0
2022-10-24,64.849998,65.07,63.619999,64.150002,54.812553,1560500,0.0,0.0
2022-10-25,64.510002,66.620003,64.419998,66.209999,56.572704,1937400,0.0,0.0
2022-10-26,65.230003,66.800003,63.25,63.84,54.547672,3778800,0.0,0.0
2022-10-27,64.330002,64.43,61.93,62.240002,53.180569,2897100,0.0,0.0
2022-10-28,61.919998,63.27,61.669998,63.130001,53.941017,2671600,0.0,0.0
2022-10-31,62.619999,63.540001,62.349998,63.02,53.847031,2219100,0.0,0.0
2022-11-01,63.509998,63.849998,63.07,63.25,54.043545,1600200,0.0,0.0
2022-11-02,62.900002,64.089996,61.810001,61.849998,52.847332,1848900,0.0,0.0
2022-11-03,61.0,62.09,60.060001,61.380001,52.445744,1671100,0.0,0.0
2022-11-04,61.82,61.82,59.32,61.259998,52.343208,2285400,0.0,0.0
2022-11-07,61.740002,61.740002,59.68,60.189999,51.428955,2022600,0.0,0.0
2022-11-08,60.619999,60.830002,59.68,60.060001,51.317875,1742200,0.0,0.0
2022-11-09,60.080002,60.349998,59.419998,59.68,50.993191,2375400,0.0,0.0
2022-11-10,61.650002,64.040001,61.650002,63.970001,54.65876,2137300,0.0,0.0
2022-11-11,64.18,64.529999,62.34,62.779999,53.64196,2304800,0.0,0.0
2022-11-14,62.52,63.240002,61.57,61.57,52.608086,1581900,0.0,0.0
2022-11-15,62.619999,62.919998,61.5,62.299999,53.231827,1989400,0.0,0.0
2022-11-16,62.34,63.0,61.5,61.549999,52.590996,2077500,0.0,0.0
2022-11-17,60.849998,61.790001,60.650002,61.779999,52.787525,2170600,0.0,0.0
2022-11-18,62.630001,63.25,62.139999,62.93,53.770126,1999500,0.0,0.0
2022-11-21,62.720001,63.57,62.349998,62.810001,53.667595,2046700,0.0,0.0
2022-11-22,63.07,63.169998,62.630001,62.959999,53.795765,1496300,0.0,0.0
2022-11-23,62.720001,63.470001,62.310001,62.509998,53.411263,1148200,0.0,0.0
2022-11-25,62.950001,63.529999,62.700001,63.529999,54.282795,801200,0.0,0.0
2022-11-28,63.240002,63.720001,61.990002,62.189999,53.13784,1797600,0.0,0.0
2022-11-29,62.110001,63.630001,61.860001,63.580002,54.325516,1542100,0.0,0.0
2022-11-30,62.970001,64.940002,62.700001,64.860001,55.419197,2310000,0.0,0.0
2022-12-01,65.220001,65.809998,63.709999,64.650002,55.239773,1211100,0.0,0.0
2022-12-02,63.959999,64.489998,63.68,64.110001,54.77837,1234400,0.0,0.0
2022-12-05,63.639999,63.93,62.860001,62.970001,53.804298,1330500,0.0,0.0
2022-12-06,63.130001,63.189999,61.130001,61.700001,52.719162,1838100,0.0,0.0
2022-12-07,61.560001,62.490002,61.560001,61.959999,52.941319,1551500,0.0,0.0
2022-12-08,62.09,63.41,61.959999,62.709999,53.582153,1870700,0.0,0.0
2022-12-09,62.639999,63.459999,62.560001,62.73,53.599239,1704200,0.0,0.0
2022-12-12,62.860001,63.560001,61.84,63.540001,54.29134,2251000,0.0,0.0
2022-12-13,65.599998,65.599998,63.459999,64.160004,54.821098,1860200,0.0,0.0
2022-12-14,64.150002,65.360001,63.549999,63.93,54.624577,1722300,0.0,0.0
2022-12-15,63.310001,63.740002,62.57,62.759998,53.62487,1802300,0.0,0.0
2022-12-16,60.779999,61.419998,59.82,60.830002,51.975792,6664000,0.0,0.0
2022-12-19,60.599998,60.599998,58.93,59.650002,50.967556,2854600,0.0,0.0
2022-12-20,59.169998,59.48,58.630001,58.950001,50.369446,3096300,0.0,0.0
2022-12-21,59.419998,59.68,58.759998,59.110001,50.506149,2961600,0.0,0.0
2022-12-22,58.860001,59.200001,58.150002,59.02,50.429256,3978600,0.0,0.0
2022-12-23,58.82,59.82,58.639999,59.439999,50.788124,2517100,0.0,0.0
2022-12-27,59.439999,59.599998,58.799999,59.470001,50.813755,2641500,0.0,0.0
2022-12-28,59.720001,59.950001,58.700001,58.779999,50.22419,2040300,0.0,0.0
2022-12-29,59.25,59.939999,58.860001,59.84,51.129906,4038800,0.0,0.0
2022-12-30,58.990002,59.360001,58.400002,59.0,50.944252,2267100,0.625,0.0
2023-01-03,59.439999,59.630001,58.299999,58.84,50.806099,2186500,0.0,0.0
2023-01-04,59.279999,60.349998,59.16,59.849998,51.678192,2646700,0.0,0.0
2023-01-05,59.169998,59.470001,57.380001,57.470001,49.623154,2632900,0.0,0.0
2023-01-06,57.630001,59.700001,57.59,59.360001,51.255104,2691300,0.0,0.0
2023-01-09,58.889999,59.639999,58.380001,58.599998,50.598866,7408900,0.0,0.0
2023-01-10,58.75,59.07,58.25,58.75,50.728394,2802400,0.0,0.0
2023-01-11,59.09,61.439999,59.0,61.389999,53.007927,2258100,0.0,0.0
2023-01-12,61.779999,61.900002,60.900002,61.52,53.120174,2077900,0.0,0.0
2023-01-13,60.759998,61.18,60.169998,60.619999,52.343056,2144300,0.0,0.0
2023-01-17,61.389999,61.98,60.779999,61.369999,52.990658,3148500,0.0,0.0
2023-01-18,61.560001,61.779999,60.43,60.73,52.438046,2376000,0.0,0.0
2023-01-19,60.509998,61.599998,60.400002,60.709999,52.420769,1932700,0.0,0.0
2023-01-20,60.700001,61.380001,59.919998,61.330002,52.956123,2211700,0.0,0.0
2023-01-23,61.48,61.73,60.799999,61.599998,53.189251,1965100,0.0,0.0
2023-01-24,61.669998,63.0,61.200001,62.599998,54.052715,2325000,0.0,0.0
2023-01-25,62.349998,62.790001,61.84,62.139999,53.655521,2118000,0.0,0.0
2023-01-26,62.459999,62.93,62.040001,62.23,53.733234,4090300,0.0,0.0
2023-01-27,62.150002,63.689999,62.150002,63.360001,54.708958,2430600,0.0,0.0
2023-01-30,62.900002,63.349998,61.93,62.060001,53.586445,2269100,0.0,0.0
2023-01-31,62.09,63.650002,62.009998,63.650002,54.959354,9337300,0.0,0.0
2023-02-01,63.349998,64.540001,62.790001,64.0,55.261562,2327100,0.0,0.0
2023-02-02,64.709999,67.050003,64.660004,66.349998,57.290699,2333500,0.0,0.0
2023-02-03,65.010002,65.300003,63.970001,64.730003,55.891899,1817300,0.0,0.0
2023-02-06,63.950001,64.139999,63.43,63.98,55.244289,1990000,0.0,0.0
2023-02-07,63.509998,65.230003,63.16,64.739998,55.900528,2324800,0.0,0.0
2023-02-08,64.849998,65.410004,64.300003,65.230003,56.32362,2436800,0.0,0.0
2023-02-09,65.279999,65.980003,63.869999,64.339996,55.555138,2305900,0.0,0.0
2023-02-10,65.040001,65.610001,63.73,64.82,55.969601,2644300,0.0,0.0
2023-02-13,65.150002,66.5,64.93,66.129997,57.100727,2357600,0.0,0.0
2023-02-14,66.029999,66.580002,65.470001,66.300003,57.247532,1838100,0.0,0.0
2023-02-15,65.93,66.660004,65.760002,66.589996,57.497925,1459700,0.0,0.0
2023-02-16,65.919998,66.830002,65.559998,65.989998,56.979858,1545500,0.0,0.0
2023-02-17,65.949997,65.949997,64.800003,65.879997,56.884869,5156000,0.0,0.0
2023-02-21,65.129997,65.57,64.059998,64.389999,55.598305,1942500,0.0,0.0
2023-02-22,64.830002,64.959999,64.029999,64.279999,55.50333,1691400,0.0,0.0
2023-02-23,64.580002,65.0,63.93,64.650002,55.822815,983300,0.0,0.0
2023-02-24,63.84,64.379997,63.259998,63.669998,54.97662,1365400,0.0,0.0
2023-02-27,64.480003,64.650002,62.560001,62.810001,54.234047,1815500,0.0,0.0
2023-02-28,62.740002,63.470001,62.509998,62.52,53.983639,2803000,0.0,0.0
2023-03-01,61.990002,62.349998,60.209999,60.939999,52.61937,1849700,0.0,0.0
2023-03-02,60.529999,61.560001,60.310001,61.389999,53.007927,1245300,0.0,0.0
2023-03-03,61.810001,62.849998,61.369999,62.57,54.02681,1461800,0.0,0.0
2023-03-06,62.98,63.380001,62.48,62.700001,54.139057,1259300,0.0,0.0
2023-03-07,62.669998,62.799999,60.98,61.16,52.809334,1533500,0.0,0.0
2023-03-08,61.099998,62.450001,60.93,61.939999,53.482834,1187400,0.0,0.0
2023-03-09,62.02,62.310001,60.639999,60.860001,52.550297,1515000,0.0,0.0
2023-03-10,60.959999,61.049999,57.959999,58.470001,50.486622,2171400,0.0,0.0
2023-03-13,58.23,60.16,58.150002,59.240002,51.151489,2187400,0.0,0.0
2023-03-14,60.060001,60.610001,59.490002,59.919998,51.73864,2369700,0.0,0.0
2023-03-15,59.5,60.27,59.0,59.970001,51.781811,1612800,0.0,0.0
2023-03-16,59.529999,59.529999,58.110001,58.91,50.866547,1362600,0.0,0.0
2023-03-17,58.900002,59.110001,57.5,57.580002,49.718143,3106100,0.0,0.0
2023-03-20,57.619999,58.259998,57.080002,58.16,50.218948,2357200,0.0,0.0
2023-03-21,58.43,58.709999,57.18,57.43,49.588615,2079700,0.0,0.0
2023-03-22,57.200001,57.389999,55.810001,55.959999,48.319328,2050200,0.0,0.0
2023-03-23,56.080002,56.439999,55.25,55.459999,47.8876,2986600,0.0,0.0
2023-03-24,54.599998,56.02,54.599998,55.990002,48.93018,2421500,0.663,0.0
2023-03-27,56.419998,56.880001,56.099998,56.18,49.096214,1675500,0.0,0.0
2023-03-28,55.599998,56.419998,55.470001,55.919998,48.868988,1373600,0.0,0.0
2023-03-29,56.509998,57.66,56.380001,57.580002,50.319691,1774300,0.0,0.0
2023-03-30,58.189999,58.709999,58.119999,58.529999,51.149902,1324500,0.0,0.0
2023-03-31,58.73,60.080002,58.73,60.0,52.434551,2367600,0.0,0.0
2023-04-03,59.889999,60.709999,59.279999,59.630001,52.111202,1674300,0.0,0.0
2023-04-04,59.869999,59.869999,58.5,59.389999,51.901463,1476800,0.0,0.0
2023-04-05,59.27,59.950001,59.049999,59.610001,52.093727,1438000,0.0,0.0
2023-04-06,60.02,60.18,59.330002,60.139999,52.556892,1054600,0.0,0.0
2023-04-10,59.779999,60.130001,59.34,60.099998,52.521935,1462400,0.0,0.0
2023-04-11,60.279999,60.759998,59.849998,60.27,52.670502,1420300,0.0,0.0
2023-04-12,60.849998,61.16,59.68,59.810001,52.268513,1887900,0.0,0.0
2023-04-13,59.830002,60.330002,59.259998,60.040001,52.469505,1378400,0.0,0.0
2023-04-14,60.310001,60.52,59.470001,60.040001,52.469505,1489100,0.0,0.0
2023-04-17,60.209999,61.349998,59.98,61.32,53.588112,1458800,0.0,0.0
2023-04-18,61.150002,61.810001,61.0,61.43,53.684235,1218200,0.0,0.0
2023-04-19,61.279999,62.139999,61.16,62.099998,54.269753,1141600,0.0,0.0
2023-04-20,62.0,62.16,61.119999,61.27,53.544403,1860600,0.0,0.0
2023-04-21,61.369999,61.540001,60.369999,61.299999,53.570633,1832300,0.0,0.0
2023-04-24,61.529999,61.68,60.810001,61.200001,53.483246,1542900,0.0,0.0
2023-04-25,60.990002,61.099998,60.380001,60.52,52.888985,1855100,0.0,0.0
2023-04-26,60.259998,61.919998,60.119999,60.25,52.653027,1902700,0.0,0.0
2023-04-27,60.599998,62.169998,60.57,61.810001,54.016327,1677300,0.0,0.0
2023-04-28,62.049999,63.549999,61.810001,63.25,55.27475,3662300,0.0,0.0
2023-05-01,63.330002,63.98,63.189999,63.66,55.633057,1687600,0.0,0.0
2023-05-02,63.66,63.66,61.57,62.41,54.540665,2185900,0.0,0.0
2023-05-03,63.0,63.169998,62.009998,62.330002,54.47076,1883300,0.0,0.0
2023-05-04,62.049999,62.82,61.549999,62.48,54.601845,1412900,0.0,0.0
2023-05-05,62.790001,63.650002,62.740002,63.380001,55.388359,1264600,0.0,0.0
2023-05-08,62.84,63.619999,62.720001,62.98,55.038795,1478200,0.0,0.0
2023-05-09,62.470001,62.82,61.799999,62.360001,54.496975,2094300,0.0,0.0
2023-05-10,62.98,63.209999,62.23,62.650002,54.750412,1684700,0.0,0.0
2023-05-11,62.189999,62.970001,61.889999,62.91,54.977627,1432900,0.0,0.0
2023-05-12,62.990002,63.0,62.34,62.799999,54.881489,2094700,0.0,0.0
2023-05-15,62.700001,62.900002,62.07,62.459999,54.584366,1370700,0.0,0.0
2023-05-16,62.43,62.43,61.119999,61.130001,53.422066,1261500,0.0,0.0
2023-05-17,61.349998,61.759998,60.889999,61.57,53.806583,1296600,0.0,0.0
2023-05-18,61.450001,61.790001,60.740002,61.34,53.605583,1176200,0.0,0.0
2023-05-19,61.790001,62.259998,61.200001,61.450001,53.701717,1544800,0.0,0.0
2023-05-22,61.450001,62.189999,61.259998,61.799999,54.007584,1244700,0.0,0.0
2023-05-23,61.830002,62.220001,60.919998,60.93,53.24728,1110200,0.0,0.0
2023-05-24,60.700001,60.740002,59.59,59.630001,52.111202,1559100,0.0,0.0
2023-05-25,59.869999,60.029999,58.860001,59.470001,51.971375,1535700,0.0,0.0
2023-05-26,58.650002,59.810001,58.310001,59.639999,52.119938,1838500,0.0,0.0
2023-05-30,59.950001,60.299999,59.470001,60.02,52.452026,1822600,0.0,0.0
2023-05-31,60.32,61.43,60.299999,60.799999,53.133671,3556700,0.0,0.0
2023-06-01,60.740002,61.669998,60.27,61.610001,53.841549,1586200,0.0,0.0
2023-06-02,62.299999,63.360001,62.23,63.09,55.13493,1486700,0.0,0.0
2023-06-05,63.349998,64.110001,63.169998,63.41,55.414574,2108400,0.0,0.0
2023-06-06,63.380001,64.099998,63.110001,63.93,55.869007,1064200,0.0,0.0
2023-06-07,64.150002,65.010002,63.93,64.800003,56.629318,1523400,0.0,0.0
2023-06-08,64.5,65.449997,63.860001,65.230003,57.005093,1260000,0.0,0.0
2023-06-09,65.879997,66.220001,65.489998,66.18,57.835316,1711000,0.0,0.0
2023-06-12,66.279999,66.279999,65.559998,65.650002,57.372135,2442100,0.0,0.0
2023-06-13,65.389999,66.190002,65.089996,65.989998,57.669266,2412600,0.0,0.0
2023-06-14,66.099998,66.629997,65.910004,66.370003,58.00135,2239200,0.0,0.0
2023-06-15,66.279999,66.639999,65.650002,66.349998,57.983875,1828100,0.0,0.0
2023-06-16,66.519997,67.129997,66.410004,66.720001,58.30722,3801700,0.0,0.0
2023-06-20,66.57,66.580002,65.830002,66.040001,57.712955,2175800,0.0,0.0
2023-06-21,65.669998,66.0,65.089996,65.510002,57.249794,1818000,0.0,0.0
2023-06-22,65.610001,65.75,63.32,64.18,56.08749,2341600,0.0,0.0
2023-06-23,63.400002,63.700001,62.27,62.360001,55.065823,2369600,0.663,0.0
2023-06-26,62.150002,64.480003,61.919998,64.459999,56.920185,1769000,0.0,0.0
2023-06-27,64.559998,65.419998,64.18,65.230003,57.600121,1653700,0.0,0.0
2023-06-28,65.010002,65.639999,64.360001,64.769997,57.193924,1638900,0.0,0.0
2023-06-29,64.529999,65.43,64.400002,65.419998,57.767895,1738200,0.0,0.0
2023-06-30,66.059998,66.410004,64.919998,65.970001,58.253574,2790600,0.0,0.0
2023-07-03,65.57,66.800003,65.57,66.489998,58.712734,787800,0.0,0.0
2023-07-05,66.209999,67.260002,65.620003,66.540001,58.756889,1485900,0.0,0.0
2023-07-06,65.809998,67.239998,64.75,67.040001,59.198406,2113300,0.0,0.0
2023-07-07,66.68,66.809998,66.260002,66.540001,58.756889,1300200,0.0,0.0
2023-07-10,66.160004,66.860001,65.919998,66.860001,59.039463,1020300,0.0,0.0
2023-07-11,67.160004,67.57,66.690002,67.510002,59.61343,1057200,0.0,0.0
2023-07-12,68.269997,68.620003,67.400002,67.419998,59.533951,1641400,0.0,0.0
2023-07-13,67.330002,68.050003,67.220001,68.019997,60.06377,1434200,0.0,0.0
2023-07-14,67.910004,68.57,67.610001,68.510002,60.49646,1208600,0.0,0.0
2023-07-17,68.269997,68.75,67.690002,67.849998,59.913651,1924300,0.0,0.0
2023-07-18,67.660004,67.970001,66.889999,67.360001,59.480976,1891700,0.0,0.0
2023-07-19,67.760002,68.110001,67.360001,68.059998,60.099094,1667300,0.0,0.0
2023-07-20,68.269997,68.599998,67.400002,68.57,60.549438,1543100,0.0,0.0
2023-07-21,68.790001,69.160004,68.379997,69.059998,60.982128,1428200,0.0,0.0
2023-07-24,69.120003,69.449997,68.410004,68.639999,60.611267,1563700,0.0,0.0
2023-07-25,68.480003,68.68,67.019997,67.220001,59.357349,1937500,0.0,0.0
2023-07-26,67.239998,67.860001,66.93,67.370003,59.489803,1571900,0.0,0.0
2023-07-27,67.809998,67.809998,65.519997,65.669998,57.988651,2338400,0.0,0.0
2023-07-28,66.349998,66.459999,64.459999,64.809998,57.229237,2796400,0.0,0.0
2023-07-31,64.93,66.360001,64.699997,65.940002,58.227074,5147200,0.0,0.0
2023-08-01,65.809998,66.169998,65.330002,65.739998,58.050465,1890600,0.0,0.0
2023-08-02,65.440002,66.239998,65.269997,65.82,58.121109,1624300,0.0,0.0
2023-08-03,65.709999,65.970001,63.98,65.440002,57.785557,2121700,0.0,0.0
2023-08-04,65.550003,66.529999,65.190002,65.400002,57.750233,1410000,0.0,0.0
2023-08-07,65.639999,66.300003,65.260002,66.129997,58.394844,2125700,0.0,0.0
2023-08-08,65.68,65.809998,64.989998,65.57,57.900352,1188800,0.0,0.0
2023-08-09,65.360001,65.839996,65.029999,65.610001,57.93568,1227500,0.0,0.0
2023-08-10,65.730003,66.699997,65.379997,65.559998,57.891521,871400,0.0,0.0
2023-08-11,65.309998,66.440002,65.269997,66.419998,58.650921,1377000,0.0,0.0
2023-08-14,66.489998,66.489998,64.629997,64.830002,57.246906,1429600,0.0,0.0
2023-08-15,64.32,64.550003,63.77,64.010002,56.522827,988500,0.0,0.0
2023-08-16,64.029999,64.199997,63.5,63.849998,56.381531,954700,0.0,0.0
2023-08-17,63.849998,64.620003,63.66,63.759998,56.302059,903200,0.0,0.0
2023-08-18,63.310001,63.990002,63.169998,63.849998,56.381531,982700,0.0,0.0
2023-08-21,63.75,63.779999,62.560001,63.009998,55.63979,1249200,0.0,0.0
2023-08-22,63.349998,63.560001,62.939999,63.220001,55.825226,905400,0.0,0.0
2023-08-23,63.5,64.239998,63.240002,64.169998,56.664101,1191400,0.0,0.0
2023-08-24,64.169998,65.449997,64.080002,64.099998,56.602295,1192500,0.0,0.0
2023-08-25,64.239998,64.800003,64.209999,64.32,56.796566,981700,0.0,0.0
2023-08-28,64.620003,65.290001,64.5,64.57,57.017319,673700,0.0,0.0
2023-08-29,64.519997,65.18,64.150002,65.150002,57.529472,975600,0.0,0.0
2023-08-30,65.349998,65.879997,65.080002,65.5,57.838535,1140100,0.0,0.0
2023-08-31,65.389999,65.5,64.75,64.830002,57.246906,1677900,0.0,0.0
2023-09-01,65.059998,65.150002,63.970001,64.0,56.513988,1163100,0.0,0.0
2023-09-05,64.720001,64.919998,63.560001,63.799999,56.337391,1783800,0.0,0.0
2023-09-06,63.799999,63.919998,63.189999,63.610001,56.169613,1941000,0.0,0.0
2023-09-07,63.0,64.309998,62.720001,63.599998,56.160786,1385100,0.0,0.0
2023-09-08,63.860001,63.950001,62.43,62.650002,55.321903,1406200,0.0,0.0
2023-09-11,62.779999,62.91,62.080002,62.580002,55.260082,1357700,0.0,0.0
2023-09-12,62.52,63.259998,62.09,63.139999,55.754589,1389800,0.0,0.0
2023-09-13,63.279999,63.310001,61.939999,62.5,55.189445,2305500,0.0,0.0
2023-09-14,62.810001,63.369999,62.669998,63.209999,55.816387,1550400,0.0,0.0
2023-09-15,62.970001,63.490002,62.77,63.16,55.772247,2479200,0.0,0.0
2023-09-18,63.060001,63.060001,61.939999,62.23,54.951019,1301100,0.0,0.0
2023-09-19,62.279999,62.470001,61.880001,62.060001,54.800911,928000,0.0,0.0
2023-09-20,62.57,63.009998,62.259998,62.419998,55.118801,635800,0.0,0.0
2023-09-21,62.029999,62.290001,60.98,61.009998,53.873722,1140000,0.0,0.0
2023-09-22,60.93,61.049999,60.0,60.130001,53.096661,1739900,0.0,0.0
2023-09-25,59.200001,59.560001,59.040001,59.299999,52.94754,1418300,0.663,0.0
2023-09-26,58.860001,59.310001,58.349998,58.630001,52.349323,1822600,0.0,0.0
2023-09-27,58.779999,59.330002,58.060001,58.439999,52.17968,2888800,0.0,0.0
2023-09-28,58.610001,59.139999,58.360001,58.77,52.474323,1319900,0.0,0.0
2023-09-29,59.389999,59.759998,58.150002,58.709999,52.420757,2078700,0.0,0.0
2023-10-02,58.41,58.790001,57.48,57.869999,51.670738,1393400,0.0,0.0
2023-10-03,57.419998,57.75,56.93,57.189999,51.06358,1369900,0.0,0.0
2023-10-04,57.59,58.049999,56.93,58.049999,51.831455,1947000,0.0,0.0
2023-10-05,58.049999,58.790001,58.0,58.470001,52.206467,1777200,0.0,0.0
2023-10-06,58.049999,59.73,57.580002,59.299999,52.94754,1517200,0.0,0.0
2023-10-09,58.860001,60.419998,58.860001,60.029999,53.59935,1439100,0.0,0.0
2023-10-10,59.919998,60.82,59.529999,59.77,53.367199,1687000,0.0,0.0
2023-10-11,60.209999,60.939999,60.099998,60.740002,54.233292,1544800,0.0,0.0
2023-10-12,60.529999,60.580002,59.919998,60.290001,53.831497,1689700,0.0,0.0
2023-10-13,60.700001,60.869999,59.459999,59.889999,53.47435,1935700,0.0,0.0
2023-10-16,60.23,60.48,59.450001,60.09,53.652916,1964000,0.0,0.0
2023-10-17,59.700001,60.619999,59.700001,60.16,53.715424,1504700,0.0,0.0
2023-10-18,59.830002,59.98,58.91,59.0,52.679684,1157700,0.0,0.0
2023-10-19,58.77,59.650002,58.16,58.490002,52.224319,1382300,0.0,0.0
2023-10-20,58.75,58.880001,57.419998,57.48,51.322517,1901200,0.0,0.0
2023-10-23,56.970001,57.389999,56.279999,56.34,50.304638,2293900,0.0,0.0
2023-10-24,56.689999,57.169998,56.509998,57.080002,50.965374,1686500,0.0,0.0
2023-10-25,56.700001,57.07,55.709999,55.75,49.777843,1446300,0.0,0.0
2023-10-26,55.84,56.630001,55.189999,55.869999,49.884983,2531200,0.0,0.0
2023-10-27,55.939999,55.939999,54.150002,54.23,48.420666,2418300,0.0,0.0
2023-10-30,54.73,55.040001,53.669998,54.459999,48.626034,2710300,0.0,0.0
2023-10-31,54.639999,55.34,53.93,55.330002,49.40284,2770700,0.0,0.0
2023-11-01,53.77,54.27,52.57,53.189999,47.492081,4128400,0.0,0.0
2023-11-02,54.110001,54.700001,53.279999,54.189999,48.38496,4278500,0.0,0.0
2023-11-03,54.799999,56.669998,54.799999,55.720001,49.751057,2293500,0.0,0.0
2023-11-06,55.48,55.52,53.959999,54.59,48.7421,2988300,0.0,0.0
2023-11-07,54.709999,54.950001,53.689999,53.860001,48.090309,2013700,0.0,0.0
2023-11-08,54.009998,54.880001,53.919998,54.73,48.867104,1846200,0.0,0.0
2023-11-09,54.98,54.98,53.650002,53.709999,47.956375,2238900,0.0,0.0
2023-11-10,54.169998,54.720001,53.48,54.540001,48.697464,2469500,0.0,0.0
2023-11-13,54.189999,54.41,53.740002,54.18,48.376022,2022400,0.0,0.0
2023-11-14,55.700001,57.439999,55.52,56.439999,50.393917,3207600,0.0,0.0
2023-11-15,56.25,56.82,55.880001,55.919998,49.929623,1746200,0.0,0.0
2023-11-16,56.200001,56.419998,55.41,55.439999,49.501053,1783500,0.0,0.0
2023-11-17,56.09,56.110001,54.540001,55.43,49.492123,2366800,0.0,0.0
2023-11-20,55.43,56.330002,54.700001,56.09,50.081421,2672900,0.0,0.0
2023-11-21,56.0,56.299999,55.779999,56.139999,50.12606,2475900,0.0,0.0
2023-11-22,56.779999,56.830002,56.259998,56.490002,50.438568,1796000,0.0,0.0
2023-11-24,56.34,56.849998,56.290001,56.830002,50.742149,798900,0.0,0.0
2023-11-27,56.779999,56.919998,56.400002,56.509998,50.456429,2068400,0.0,0.0
2023-11-28,56.450001,57.299999,56.049999,56.990002,50.885006,2031700,0.0,0.0
2023-11-29,57.560001,57.860001,56.540001,56.580002,50.518932,2446600,0.0,0.0
2023-11-30,56.709999,57.009998,56.400002,56.84,50.75108,3485500,0.0,0.0
2023-12-01,56.889999,58.540001,56.810001,58.540001,52.268963,2933500,0.0,0.0
2023-12-04,58.02,58.830002,57.91,58.689999,52.402897,2525500,0.0,0.0
2023-12-05,58.299999,58.400002,57.650002,58.25,52.010029,2838700,0.0,0.0
2023-12-06,58.400002,58.740002,58.220001,58.27,52.027885,2107100,0.0,0.0
2023-12-07,58.27,58.970001,57.810001,58.700001,52.411819,1963400,0.0,0.0
2023-12-08,58.450001,58.849998,58.150002,58.82,52.518967,1652200,0.0,0.0
2023-12-11,58.200001,58.66,57.869999,58.169998,51.938599,1992300,0.0,0.0
2023-12-12,58.119999,58.439999,57.75,58.18,51.947533,1705100,0.0,0.0
2023-12-13,58.349998,61.240002,58.25,60.950001,54.420799,2451100,0.0,0.0
2023-12-14,62.07,63.02,61.939999,62.310001,55.635109,4794800,0.0,0.0
2023-12-15,61.389999,61.799999,60.700001,61.310001,54.742233,4398300,0.0,0.0
2023-12-18,61.549999,61.740002,60.91,61.580002,54.983311,2544500,0.0,0.0
2023-12-19,61.75,61.939999,61.189999,61.48,54.89402,2043000,0.0,0.0
2023-12-20,61.419998,61.669998,60.700001,60.720001,54.215443,2658900,0.0,0.0
2023-12-21,61.25,61.25,60.080002,60.82,54.304722,2552600,0.0,0.0
2023-12-22,61.25,61.869999,61.0,61.139999,54.590443,3261100,0.0,0.0
2023-12-26,61.150002,61.66,61.049999,61.41,54.831512,1343700,0.0,0.0
2023-12-27,61.48,62.0,61.16,61.869999,55.242237,1695500,0.0,0.0
2023-12-28,61.73,62.540001,61.73,62.5,55.804756,1505300,0.0,0.0
2023-12-29,61.509998,61.919998,61.150002,61.16,55.193798,1962300,0.663,0.0
2024-01-02,60.970001,62.200001,60.759998,62.150002,56.087219,2115700,0.0,0.0
2024-01-03,61.75,61.990002,60.57,60.66,54.742573,1864100,0.0,0.0
2024-01-04,60.630001,61.349998,60.380001,60.75,54.823788,1732100,0.0,0.0
2024-01-05,60.369999,61.150002,60.07,60.700001,54.778667,1850900,0.0,0.0
2024-01-08,60.52,61.830002,60.32,61.73,55.708195,1831200,0.0,0.0
2024-01-09,61.110001,61.84,60.650002,61.529999,55.527699,1611100,0.0,0.0
2024-01-10,61.889999,61.950001,61.490002,61.709999,55.69014,1539900,0.0,0.0
2024-01-11,61.43,62.09,61.02,61.790001,55.762337,2130500,0.0,0.0
2024-01-12,62.290001,62.860001,62.009998,62.16,56.096241,2280800,0.0,0.0
2024-01-16,62.029999,62.110001,61.119999,61.439999,55.446476,1895700,0.0,0.0
2024-01-17,60.619999,61.599998,59.389999,60.200001,54.327446,1634900,0.0,0.0
2024-01-18,60.040001,60.43,59.419998,59.720001,53.894268,2619900,0.0,0.0
2024-01-19,59.990002,60.560001,59.279999,60.560001,54.652328,3195200,0.0,0.0
2024-01-22,60.77,61.009998,60.139999,60.299999,54.417683,2120900,0.0,0.0
2024-01-23,60.32,60.630001,59.369999,59.529999,53.722809,3109600,0.0,0.0
2024-01-24,60.02,60.169998,58.610001,58.759998,53.027912,3223700,0.0,0.0
2024-01-25,59.360001,59.689999,58.599998,58.860001,53.118164,3087500,0.0,0.0
2024-01-26,58.950001,59.18,58.459999,59.16,53.388908,1930000,0.0,0.0
2024-01-29,58.93,59.799999,58.889999,59.48,53.677681,2093100,0.0,0.0
2024-01-30,59.060001,59.75,58.880001,59.299999,53.515236,2836300,0.0,0.0
2024-01-31,61.18,61.799999,59.759998,60.189999,54.31842,5436800,0.0,0.0
2024-02-01,59.599998,60.990002,59.110001,60.959999,55.013313,4260800,0.0,0.0
2024-02-02,60.27,60.68,59.299999,60.169998,54.300373,3127700,0.0,0.0
2024-02-05,59.5,59.549999,58.400002,58.509998,52.802307,2666700,0.0,0.0
2024-02-06,58.470001,59.32,58.299999,59.18,53.406944,1909600,0.0,0.0
2024-02-07,59.299999,59.369999,58.459999,58.82,53.082066,1625900,0.0,0.0
2024-02-08,58.700001,59.23,58.57,59.200001,53.424999,1502600,0.0,0.0
2024-02-09,59.09,59.279999,58.650002,58.860001,53.118164,1557300,0.0,0.0
2024-02-12,59.0,59.470001,58.639999,59.200001,53.424999,1620800,0.0,0.0
2024-02-13,58.09,58.290001,57.330002,58.130001,52.459377,1964400,0.0,0.0
2024-02-14,58.27,59.060001,58.099998,58.650002,52.92865,1557000,0.0,0.0
2024-02-15,59.049999,60.369999,58.869999,60.349998,54.462811,1529000,0.0,0.0
2024-02-16,59.869999,60.43,59.5,60.029999,54.174023,2659500,0.0,0.0
2024-02-20,59.73,60.5,59.32,60.119999,54.255241,1798100,0.0,0.0
2024-02-21,60.310001,61.290001,60.080002,61.23,55.256966,1756400,0.0,0.0
2024-02-22,61.400002,61.400002,60.380001,60.439999,54.544033,1799200,0.0,0.0
2024-02-23,60.34,60.669998,60.099998,60.200001,54.327446,1406100,0.0,0.0
2024-02-26,60.099998,60.349998,58.810001,58.82,53.082066,2631900,0.0,0.0
2024-02-27,59.200001,59.759998,58.93,59.470001,53.668655,1849200,0.0,0.0
2024-02-28,59.119999,60.32,59.02,59.720001,53.894268,1877500,0.0,0.0
2024-02-29,60.189999,60.630001,59.799999,60.209999,54.336464,3415200,0.0,0.0
2024-03-01,59.919998,60.77,59.189999,60.740002,54.814766,3094800,0.0,0.0
2024-03-04,60.799999,62.900002,60.34,62.860001,56.727959,1997800,0.0,0.0
2024-03-05,62.610001,63.099998,61.869999,62.279999,56.204544,1966900,0.0,0.0
2024-03-06,62.75,62.759998,62.150002,62.610001,56.502346,1275000,0.0,0.0
2024-03-07,62.880001,63.080002,62.349998,62.93,56.791134,1643300,0.0,0.0
2024-03-08,63.400002,63.709999,62.939999,63.41,57.224304,1388700,0.0,0.0
2024-03-11,63.400002,63.77,62.700001,62.860001,56.727959,1302300,0.0,0.0
2024-03-12,62.639999,63.07,62.029999,62.330002,56.24966,1797700,0.0,0.0
2024-03-13,62.389999,63.52,62.389999,63.299999,57.125034,1847400,0.0,0.0
2024-03-14,63.009998,63.09,61.73,62.369999,56.285759,2559900,0.0,0.0
2024-03-15,61.450001,63.150002,61.450001,63.029999,56.881378,3247400,0.0,0.0
2024-03-18,63.150002,63.41,62.25,62.380001,56.294788,1730800,0.0,0.0
2024-03-19,62.610001,62.720001,62.009998,62.220001,56.150394,1377200,0.0,0.0
2024-03-20,62.0,63.060001,61.849998,62.68,56.565525,1499000,0.0,0.0
2024-03-21,62.84,63.779999,62.68,63.450001,57.260403,2505200,0.0,0.0
2024-03-22,62.98,63.040001,61.919998,62.169998,56.708546,1510100,0.675,0.0
2024-03-25,62.259998,62.470001,61.52,61.529999,56.124771,1967100,0.0,0.0
2024-03-26,61.549999,61.709999,61.220001,61.259998,55.87849,1610700,0.0,0.0
2024-03-27,61.889999,62.619999,61.66,62.57,57.073418,1527100,0.0,0.0
2024-03-28,62.84,63.450001,62.759998,63.110001,57.565968,2133800,0.0,0.0
2024-04-01,63.02,63.220001,61.439999,61.450001,56.0518,1630000,0.0,0.0
2024-04-02,61.029999,61.23,60.439999,60.84,55.495392,1515200,0.0,0.0
2024-04-03,60.639999,61.57,60.349998,61.419998,56.024437,1439000,0.0,0.0
2024-04-04,61.880001,62.27,61.080002,61.259998,55.87849,1182300,0.0,0.0
2024-04-05,61.029999,61.990002,61.029999,61.790001,56.361935,1461100,0.0,0.0
2024-04-08,62.5,63.84,62.41,63.799999,58.195362,2324500,0.0,0.0
2024-04-09,64.129997,64.800003,64.07,64.470001,58.806507,2536100,0.0,0.0
2024-04-10,63.169998,63.490002,62.650002,62.959999,57.429153,2038900,0.0,0.0
2024-04-11,63.369999,63.5,62.209999,62.790001,57.27409,1681100,0.0,0.0
2024-04-12,62.580002,62.689999,61.290001,61.689999,56.270714,1400600,0.0,0.0
2024-04-15,62.119999,62.220001,60.290001,60.66,55.331207,1242900,0.0,0.0
2024-04-16,60.5,60.5,59.48,59.68,54.437286,1358300,0.0,0.0
2024-04-17,59.82,61.07,59.509998,60.41,55.103161,2744800,0.0,0.0
2024-04-18,60.540001,61.139999,60.099998,60.990002,55.632217,1789400,0.0,0.0
2024-04-19,61.330002,61.900002,61.200001,61.540001,56.133892,1826300,0.0,0.0
2024-04-22,62.25,62.849998,61.860001,62.540001,57.046051,2465600,0.0,0.0
2024-04-23,62.52,63.580002,62.52,63.09,57.547729,2479400,0.0,0.0
2024-04-24,62.290001,65.209999,62.240002,64.610001,58.934204,3166200,0.0,0.0
2024-04-25,64.07,64.959999,63.959999,64.879997,59.180481,3344600,0.0,0.0
2024-04-26,65.0,66.07,65.0,65.139999,59.417648,2793600,0.0,0.0
2024-04-29,65.699997,65.889999,64.800003,65.300003,59.563595,2927600,0.0,0.0
2024-04-30,64.940002,65.050003,64.360001,64.400002,58.742653,1986600,0.0,0.0
2024-05-01,63.959999,64.800003,63.740002,64.040001,58.41428,2357000,0.0,0.0
2024-05-02,64.489998,65.669998,63.759998,65.559998,59.800743,2438300,0.0,0.0
2024-05-03,66.32,66.709999,65.449997,65.910004,60.120003,1639200,0.0,0.0
2024-05-06,66.349998,66.779999,65.830002,66.720001,60.858849,1444000,0.0,0.0
2024-05-07,67.139999,67.290001,66.589996,66.699997,60.840599,1616900,0.0,0.0
2024-05-08,66.720001,66.989998,66.080002,66.099998,60.293312,1591100,0.0,0.0
2024-05-09,66.279999,67.18,66.029999,67.040001,61.150734,1635300,0.0,0.0
2024-05-10,67.209999,67.32,66.75,66.800003,60.93182,1123700,0.0,0.0
2024-05-13,66.480003,67.589996,66.370003,66.75,60.886211,1411600,0.0,0.0
2024-05-14,66.970001,67.459999,66.75,67.389999,61.469986,1176100,0.0,0.0
2024-05-15,68.309998,68.550003,67.379997,67.57,61.634178,1320000,0.0,0.0
2024-05-16,67.470001,67.690002,67.089996,67.089996,61.196342,1010500,0.0,0.0
2024-05-17,67.349998,67.349998,66.809998,67.129997,61.232826,1606200,0.0,0.0
2024-05-20,67.120003,67.18,66.370003,66.470001,60.63081,1656700,0.0,0.0
2024-05-21,66.330002,66.889999,66.25,66.800003,60.93182,1453400,0.0,0.0
2024-05-22,66.699997,67.540001,65.919998,66.260002,60.439266,1679500,0.0,0.0
2024-05-23,65.980003,66.160004,65.300003,65.379997,59.636559,1552100,0.0,0.0
2024-05-24,65.690002,65.860001,65.440002,65.699997,59.928448,1427900,0.0,0.0
2024-05-28,66.0,66.050003,64.529999,64.639999,58.961567,1865900,0.0,0.0
2024-05-29,63.830002,63.830002,62.240002,63.380001,57.81226,3213300,0.0,0.0
2024-05-30,63.669998,64.0,63.439999,63.900002,58.286583,1586900,0.0,0.0
2024-05-31,64.279999,65.07,63.82,65.029999,59.317307,4933600,0.0,0.0
2024-06-03,65.410004,65.709999,64.849998,65.419998,59.673054,2248500,0.0,0.0
2024-06-04,65.419998,65.989998,65.089996,65.610001,59.846363,2933600,0.0,0.0
2024-06-05,65.5,65.860001,65.010002,65.739998,59.964928,1505100,0.0,0.0
2024-06-06,65.480003,65.800003,65.120003,65.269997,59.536232,1232800,0.0,0.0
2024-06-07,64.389999,65.279999,64.32,65.07,59.353786,2168400,0.0,0.0
2024-06-10,65.029999,66.540001,64.779999,66.050003,60.247707,1294400,0.0,0.0
2024-06-11,65.599998,66.07,65.370003,65.550003,59.791626,1229000,0.0,0.0
2024-06-12,66.75,66.870003,65.660004,65.790001,60.010548,1183500,0.0,0.0
2024-06-13,65.980003,66.440002,65.480003,65.959999,60.165615,1115100,0.0,0.0
2024-06-14,65.830002,66.839996,65.660004,66.709999,60.84972,1287900,0.0,0.0
2024-06-17,66.120003,67.199997,65.889999,67.010002,61.123371,1349000,0.0,0.0
2024-06-18,67.230003,67.93,67.029999,67.82,61.862221,1281300,0.0,0.0
2024-06-20,67.540001,67.940002,67.419998,67.849998,61.889576,1658000,0.0,0.0
2024-06-21,68.169998,68.419998,67.480003,68.309998,62.309166,2973900,0.0,0.0
2024-06-24,68.529999,69.57,68.349998,69.190002,63.111866,1646700,0.0,0.0
2024-06-25,69.160004,69.18,68.379997,68.589996,62.564575,1946700,0.0,0.0
2024-06-26,67.940002,68.440002,67.459999,68.019997,62.044643,1198700,0.0,0.0
2024-06-27,68.099998,68.470001,67.660004,68.309998,62.309166,1179500,0.0,0.0
2024-06-28,69.339996,69.650002,68.510002,69.339996,63.248684,2723100,0.0,0.0
2024-07-01,68.519997,68.730003,67.790001,68.139999,62.765106,1054900,0.675,0.0
2024-07-02,68.139999,68.559998,67.93,68.199997,62.820366,963500,0.0,0.0
2024-07-03,68.209999,68.300003,67.470001,67.489998,62.16637,713300,0.0,0.0
2024-07-05,67.68,68.160004,67.290001,67.870003,62.516399,1357100,0.0,0.0
2024-07-08,67.889999,68.360001,67.699997,67.989998,62.626934,1347300,0.0,0.0
2024-07-09,68.019997,68.470001,67.519997,67.949997,62.590088,1176200,0.0,0.0
2024-07-10,68.400002,68.410004,67.440002,67.839996,62.488766,1038200,0.0,0.0
2024-07-11,68.870003,69.349998,67.400002,67.699997,62.359802,1528800,0.0,0.0
2024-07-12,68.010002,68.040001,66.610001,67.190002,61.890034,1969200,0.0,0.0
2024-07-15,67.5,68.989998,67.260002,67.93,62.571663,2224200,0.0,0.0
2024-07-16,68.139999,69.150002,67.870003,69.040001,63.594101,1508900,0.0,0.0
2024-07-17,68.949997,69.940002,68.949997,69.669998,64.174416,1490800,0.0,0.0
2024-07-18,69.330002,71.169998,69.190002,70.07,64.542854,1824200,0.0,0.0
2024-07-19,70.589996,70.589996,69.910004,70.139999,64.607338,1708300,0.0,0.0
2024-07-22,70.0,71.139999,69.970001,71.040001,65.436356,1269700,0.0,0.0
2024-07-23,71.0,71.400002,70.470001,70.860001,65.270538,1604200,0.0,0.0
2024-07-24,71.050003,71.400002,69.860001,70.010002,64.487595,1682200,0.0,0.0
2024-07-25,70.209999,71.349998,69.040001,69.519997,64.036247,2569800,0.0,0.0
2024-07-26,69.93,71.209999,69.610001,70.769997,65.187645,1415700,0.0,0.0
2024-07-29,70.900002,71.779999,70.330002,71.290001,65.666634,1809600,0.0,0.0
2024-07-30,71.5,71.5,68.5,69.57,64.082291,3479100,0.0,0.0
2024-07-31,70.230003,70.400002,69.349998,69.629997,64.137566,4233400,0.0,0.0
2024-08-01,70.18,71.120003,69.959999,70.669998,65.095528,2562800,0.0,0.0
2024-08-02,70.550003,72.330002,69.620003,70.220001,64.681023,3207500,0.0,0.0
2024-08-05,69.489998,70.669998,68.870003,69.169998,63.713852,4061400,0.0,0.0
2024-08-06,69.18,71.860001,69.099998,71.419998,65.786377,2710100,0.0,0.0
2024-08-07,71.75,72.129997,69.949997,70.040001,64.515228,2253800,0.0,0.0
2024-08-08,70.0,70.5,69.260002,70.389999,64.837608,2382300,0.0,0.0
2024-08-09,70.650002,71.470001,70.209999,71.349998,65.721893,1206100,0.0,0.0
2024-08-12,70.889999,71.190002,70.32,70.849998,65.26133,1186700,0.0,0.0
2024-08-13,71.580002,71.580002,70.75,71.150002,65.537674,1064500,0.0,0.0
2024-08-14,71.239998,71.75,70.860001,71.190002,65.574509,1515300,0.0,0.0
2024-08-15,71.199997,71.599998,70.620003,71.239998,65.620567,1536800,0.0,0.0
2024-08-16,71.300003,71.470001,70.699997,71.410004,65.777168,1442800,0.0,0.0
2024-08-19,71.529999,71.970001,71.25,71.589996,65.942963,770200,0.0,0.0
2024-08-20,71.589996,71.989998,71.339996,71.980003,66.3022,875100,0.0,0.0
2024-08-21,72.0,72.389999,71.610001,72.309998,66.606178,1529800,0.0,0.0
2024-08-22,72.410004,72.620003,71.93,72.589996,66.864075,1101900,0.0,0.0
2024-08-23,72.800003,73.830002,72.540001,73.629997,67.822052,1099300,0.0,0.0
2024-08-26,73.190002,73.709999,72.760002,72.93,67.177269,1710000,0.0,0.0
2024-08-27,72.559998,73.730003,72.230003,73.440002,67.647041,1306800,0.0,0.0
2024-08-28,73.510002,74.379997,73.389999,74.190002,68.337875,1399400,0.0,0.0
2024-08-29,74.050003,74.459999,73.82,74.040001,68.199707,1264100,0.0,0.0
2024-08-30,74.5,75.110001,73.860001,74.879997,68.973442,2030100,0.0,0.0
2024-09-03,74.550003,75.919998,74.489998,75.660004,69.691925,1539100,0.0,0.0
2024-09-04,75.580002,76.75,74.980003,75.480003,69.526115,2129600,0.0,0.0
2024-09-05,76.220001,76.309998,74.769997,75.400002,69.452431,1502000,0.0,0.0
2024-09-06,75.120003,75.220001,73.760002,74.339996,68.476044,2268900,0.0,0.0
2024-09-09,74.559998,75.290001,73.839996,75.099998,69.176086,1698900,0.0,0.0
2024-09-10,76.269997,76.940002,75.330002,76.879997,70.815689,1309300,0.0,0.0
2024-09-11,76.169998,76.790001,75.269997,76.730003,70.677528,1195500,0.0,0.0
2024-09-12,76.709999,77.459999,76.160004,77.379997,71.276245,1162200,0.0,0.0
2024-09-13,77.529999,78.110001,77.239998,78.080002,71.921021,1015500,0.0,0.0
2024-09-16,78.68,78.830002,77.730003,77.769997,71.635483,1457700,0.0,0.0
2024-09-17,77.760002,78.260002,77.059998,77.339996,71.23941,1544000,0.0,0.0
2024-09-18,77.650002,78.370003,76.989998,77.080002,70.999901,2018700,0.0,0.0
2024-09-19,77.660004,77.660004,76.5,77.059998,70.981483,1558300,0.0,0.0
2024-09-20,77.010002,77.160004,76.279999,76.580002,70.539345,4481100,0.0,0.0
2024-09-23,76.910004,77.75,76.910004,77.440002,71.331528,1561500,0.0,0.0
2024-09-24,75.349998,76.110001,75.260002,75.279999,69.95163,1620300,0.675,0.0
2024-09-25,75.480003,75.82,74.910004,75.190002,69.867989,1482700,0.0,0.0
2024-09-26,75.129997,75.169998,74.150002,74.309998,69.050285,1360000,0.0,0.0
2024-09-27,74.769997,74.769997,73.830002,73.970001,68.734352,2952400,0.0,0.0
2024-09-30,73.599998,74.559998,73.470001,74.459999,69.189659,3073300,0.0,0.0
2024-10-01,74.860001,75.080002,73.459999,73.879997,68.650711,1508200,0.0,0.0
2024-10-02,73.400002,74.07,73.0,73.860001,68.632133,1610500,0.0,0.0
2024-10-03,73.839996,73.860001,72.809998,73.339996,68.148933,1223100,0.0,0.0
2024-10-04,72.809998,73.650002,72.5,73.529999,68.325485,1050200,0.0,0.0
2024-10-07,73.080002,73.080002,72.470001,72.889999,67.730789,1055400,0.0,0.0
2024-10-08,73.269997,73.279999,72.5,72.870003,67.712204,986200,0.0,0.0
2024-10-09,73.010002,73.110001,72.019997,72.620003,67.479904,1495700,0.0,0.0
2024-10-10,72.440002,73.040001,71.769997,72.160004,67.05246,1133400,0.0,0.0
2024-10-11,72.629997,73.169998,72.220001,73.089996,67.916634,1045000,0.0,0.0
2024-10-14,73.0,73.809998,72.68,73.629997,68.418411,903000,0.0,0.0
2024-10-15,74.029999,74.849998,73.809998,73.959999,68.725052,1249600,0.0,0.0
2024-10-16,74.129997,74.760002,74.120003,74.690002,69.403389,920700,0.0,0.0
2024-10-17,74.529999,74.940002,73.980003,74.870003,69.570648,2033300,0.0,0.0
2024-10-18,75.279999,75.769997,74.889999,75.629997,70.276855,1260200,0.0,0.0
2024-10-21,75.290001,75.5,73.970001,74.160004,68.910904,1419700,0.0,0.0
2024-10-22,73.989998,74.690002,73.940002,74.150002,68.901604,1220900,0.0,0.0
2024-10-23,74.220001,75.980003,74.220001,75.860001,70.490578,1392300,0.0,0.0
2024-10-24,76.160004,76.459999,75.699997,76.059998,70.676414,1255100,0.0,0.0
2024-10-25,76.32,76.419998,74.57,74.669998,69.384796,1056500,0.0,0.0
2024-10-28,75.110001,75.550003,74.809998,75.010002,69.700737,1241800,0.0,0.0
2024-10-29,74.870003,75.18,74.010002,74.239998,68.985222,1167400,0.0,0.0
2024-10-30,74.129997,74.690002,73.769997,73.949997,68.715767,1660900,0.0,0.0
2024-10-31,71.279999,72.25,70.220001,70.370003,65.38916,4134500,0.0,0.0
2024-11-01,70.199997,70.699997,68.93,69.120003,64.227631,2350500,0.0,0.0
2024-11-04,69.360001,70.220001,69.209999,70.220001,65.249771,1566000,0.0,0.0
2024-11-05,69.779999,72.040001,69.730003,72.029999,66.931656,1273600,0.0,0.0
2024-11-06,73.489998,73.489998,70.900002,71.379997,66.32766,2442700,0.0,0.0
2024-11-07,71.370003,71.940002,70.879997,71.790001,66.708649,1796500,0.0,0.0
2024-11-08,72.110001,73.910004,71.970001,73.529999,68.325485,1366100,0.0,0.0
2024-11-11,73.580002,74.410004,73.309998,73.5,68.297615,932800,0.0,0.0
2024-11-12,73.330002,73.690002,72.720001,73.050003,67.879471,1360000,0.0,0.0
2024-11-13,73.980003,74.779999,73.900002,74.639999,69.356918,1382100,0.0,0.0
2024-11-14,74.330002,74.410004,72.989998,73.07,67.898033,1834900,0.0,0.0
2024-11-15,72.75,73.809998,72.529999,73.589996,68.381248,1486700,0.0,0.0
2024-11-18,73.309998,74.540001,73.150002,74.419998,69.152496,1924200,0.0,0.0
2024-11-19,74.010002,74.68,73.589996,74.5,69.22683,1240800,0.0,0.0
2024-11-20,74.120003,74.220001,73.379997,73.919998,68.687881,1360200,0.0,0.0
2024-11-21,74.150002,75.279999,73.879997,75.050003,69.737907,1275700,0.0,0.0
2024-11-22,75.110001,76.269997,74.760002,75.790001,70.425529,1049600,0.0,0.0
2024-11-25,76.540001,77.220001,76.260002,76.410004,71.00164,2317000,0.0,0.0
2024-11-26,76.510002,77.360001,76.379997,77.099998,71.642807,1071500,0.0,0.0
2024-11-27,77.809998,78.32,77.309998,77.480003,71.995911,1234600,0.0,0.0
2024-11-29,77.459999,77.75,76.589996,76.660004,71.233948,1464600,0.0,0.0
2024-12-02,76.169998,76.389999,74.919998,75.239998,69.914452,1705400,0.0,0.0
2024-12-03,75.309998,75.470001,74.010002,74.029999,68.790085,1479000,0.0,0.0
2024-12-04,74.089996,74.190002,73.489998,73.790001,68.567093,1303200,0.0,0.0
2024-12-05,73.260002,73.639999,72.900002,73.379997,68.186104,1180200,0.0,0.0
2024-12-06,73.620003,73.970001,73.220001,73.75,68.529915,1029000,0.0,0.0
2024-12-09,73.690002,73.910004,72.830002,73.660004,68.446289,1302900,0.0,0.0
2024-12-10,73.839996,73.839996,72.760002,72.900002,67.740074,1092600,0.0,0.0
2024-12-11,73.129997,73.419998,72.510002,72.779999,67.628578,1309800,0.0,0.0
2024-12-12,72.730003,74.389999,72.639999,73.790001,68.567093,1479400,0.0,0.0
2024-12-13,73.43,74.019997,72.949997,73.279999,68.093185,1029800,0.0,0.0
2024-12-16,73.18,74.370003,73.120003,73.459999,68.260437,1116300,0.0,0.0
2024-12-17,73.150002,73.589996,72.730003,72.769997,67.619286,1551700,0.0,0.0
2024-12-18,72.5,73.209999,70.150002,70.190002,65.221901,1402700,0.0,0.0
2024-12-19,70.330002,71.389999,69.349998,69.489998,64.571442,1458300,0.0,0.0
2024-12-20,70.519997,72.120003,69.940002,71.349998,66.299782,5177000,0.0,0.0
2024-12-23,70.75,71.610001,70.510002,71.440002,66.383423,1300900,0.0,0.0
2024-12-24,71.220001,72.339996,71.07,72.220001,67.108215,568700,0.0,0.0
2024-12-26,72.050003,72.550003,71.800003,72.370003,67.247597,747200,0.0,0.0
2024-12-27,71.720001,72.660004,71.410004,71.580002,66.513504,946100,0.0,0.0
2024-12-30,71.169998,71.419998,70.330002,71.160004,66.123238,894200,0.0,0.0
2024-12-31,71.919998,71.959999,70.900002,71.760002,66.680771,1684500,0.0,0.0
2025-01-02,70.75,71.330002,69.870003,70.07,65.728653,1183800,0.675,0.0
2025-01-03,69.919998,70.970001,69.82,70.900002,66.507225,1096800,0.0,0.0
2025-01-06,70.639999,71.019997,68.330002,68.389999,64.152733,1654700,0.0,0.0
2025-01-07,68.769997,69.07,67.18,67.449997,63.270981,2072000,0.0,0.0
2025-01-08,67.580002,67.669998,66.669998,67.519997,63.336647,1735200,0.0,0.0
2025-01-10,67.150002,68.0,66.639999,66.980003,62.830112,2038100,0.0,0.0
2025-01-13,67.199997,69.389999,67.0,69.209999,64.921936,2270300,0.0,0.0
2025-01-14,69.339996,70.110001,68.889999,69.919998,65.587944,1417500,0.0,0.0
2025-01-15,71.639999,72.0,69.410004,69.459999,65.156448,1777800,0.0,0.0
2025-01-16,69.68,70.32,69.110001,70.25,65.897507,1331300,0.0,0.0
2025-01-17,69.93,70.540001,69.57,69.769997,65.447243,1346300,0.0,0.0
2025-01-21,69.879997,70.669998,69.559998,70.129997,65.784935,1438000,0.0,0.0
2025-01-22,69.510002,69.669998,68.239998,68.379997,64.143356,1608100,0.0,0.0
2025-01-23,68.550003,68.849998,67.720001,68.190002,63.965134,1533900,0.0,0.0
2025-01-24,67.919998,68.739998,67.809998,68.25,64.021423,1632200,0.0,0.0
2025-01-27,68.379997,70.410004,68.150002,70.139999,65.794319,1527400,0.0,0.0
2025-01-28,70.019997,70.360001,69.059998,69.260002,64.968849,1675200,0.0,0.0
2025-01-29,69.269997,69.769997,68.290001,68.480003,64.237175,2498600,0.0,0.0
2025-01-30,69.57,70.449997,69.25,69.739998,65.41909,1515000,0.0,0.0
2025-01-31,69.699997,70.949997,69.43,70.629997,66.25396,2584200,0.0,0.0
2025-02-03,70.089996,70.660004,69.089996,70.330002,65.972557,2594400,0.0,0.0
2025-02-04,70.5,71.389999,69.110001,70.620003,66.244583,2609800,0.0,0.0
2025-02-05,71.209999,72.300003,70.720001,71.93,67.473419,1629100,0.0,0.0
2025-02-06,72.209999,72.57,71.709999,72.120003,67.651642,1962400,0.0,0.0
2025-02-07,72.269997,72.440002,70.959999,71.330002,66.910599,1374700,0.0,0.0
2025-02-10,71.190002,71.220001,69.970001,70.910004,66.516609,1015700,0.0,0.0
2025-02-11,70.400002,71.480003,70.339996,71.440002,67.013779,1235000,0.0,0.0
2025-02-12,70.190002,71.5,70.099998,70.970001,66.572899,931300,0.0,0.0
2025-02-13,70.949997,71.75,70.779999,71.519997,67.088821,796000,0.0,0.0
2025-02-14,71.900002,72.519997,71.220001,71.230003,66.816788,1901200,0.0,0.0
2025-02-18,71.040001,71.629997,70.529999,71.260002,66.844933,1850700,0.0,0.0
2025-02-19,70.959999,71.389999,70.529999,71.120003,66.713608,993100,0.0,0.0
2025-02-20,71.050003,71.900002,70.709999,71.660004,67.220146,1105800,0.0,0.0
2025-02-21,71.699997,71.93,70.879997,71.559998,67.126335,1115000,0.0,0.0
2025-02-24,71.669998,72.690002,71.300003,72.209999,67.736061,997000,0.0,0.0
2025-02-25,72.440002,73.57,72.440002,72.980003,68.458366,1236300,0.0,0.0
2025-02-26,72.970001,73.580002,72.610001,72.82,68.308273,1456600,0.0,0.0
2025-02-27,72.620003,74.389999,72.529999,73.68,69.114983,1816700,0.0,0.0
2025-02-28,74.279999,74.919998,73.209999,74.169998,69.574638,2851600,0.0,0.0
2025-03-03,74.169998,75.620003,73.790001,75.019997,70.371964,1779200,0.0,0.0
2025-03-04,75.300003,75.860001,73.410004,73.440002,68.88987,2141700,0.0,0.0
2025-03-05,72.669998,73.910004,72.209999,73.669998,69.105606,1387700,0.0,0.0
2025-03-06,73.089996,73.160004,71.370003,71.910004,67.454659,1715100,0.0,0.0
2025-03-07,72.139999,72.720001,71.379997,71.970001,67.510941,1811700,0.0,0.0
2025-03-10,72.110001,73.139999,70.620003,70.879997,66.488472,2076100,0.0,0.0
2025-03-11,71.199997,71.339996,69.209999,69.779999,65.456635,2180600,0.0,0.0
2025-03-12,69.620003,69.980003,68.760002,68.970001,64.696815,1245900,0.0,0.0
2025-03-13,68.970001,69.68,68.139999,68.279999,64.049561,1912100,0.0,0.0
2025-03-14,68.529999,68.970001,67.760002,68.940002,64.668671,2577200,0.0,0.0
2025-03-17,68.709999,70.610001,68.709999,70.059998,65.719269,1600700,0.0,0.0
2025-03-18,69.879997,70.400002,69.110001,69.510002,65.203354,1553200,0.0,0.0
2025-03-19,69.300003,70.110001,68.800003,69.769997,65.447243,1248000,0.0,0.0
2025-03-20,69.910004,70.389999,69.220001,70.169998,65.822464,1501200,0.0,0.0
2025-03-21,69.849998,70.190002,68.919998,69.809998,65.484764,3054300,0.0,0.0
2025-03-24,70.120003,71.550003,69.900002,71.360001,66.938728,1375000,0.0,0.0
2025-03-25,71.419998,72.169998,70.43,71.029999,66.629173,1646700,0.0,0.0
2025-03-26,71.559998,71.889999,71.040001,71.57,67.135712,1111100,0.0,0.0
2025-03-27,71.730003,72.650002,71.129997,71.260002,66.844933,1374200,0.0,0.0
2025-03-28,71.809998,71.809998,70.739998,71.379997,66.957481,1163200,0.0,0.0
2025-03-31,71.160004,72.099998,70.889999,71.580002,67.803368,2257500,0.693,0.0
2025-04-01,71.580002,71.959999,70.449997,71.279999,67.519203,1379200,0.0,0.0
2025-04-02,70.860001,71.970001,70.599998,71.629997,67.850739,1376700,0.0,0.0
2025-04-03,70.970001,71.540001,68.239998,68.550003,64.933235,1816200,0.0,0.0
2025-04-04,67.629997,68.199997,63.630001,63.790001,60.424381,2449900,0.0,0.0
2025-04-07,62.73,64.800003,60.68,62.52,59.22139,3494500,0.0,0.0
2025-04-08,64.370003,64.370003,60.91,61.82,58.558323,2515000,0.0,0.0
2025-04-09,60.610001,67.470001,59.41,66.860001,63.332409,5593300,0.0,0.0
2025-04-10,65.650002,66.989998,62.540001,64.269997,60.879055,2599100,0.0,0.0
2025-04-11,63.900002,65.230003,62.27,64.639999,61.229534,2335800,0.0,0.0
2025-04-14,65.32,67.360001,65.139999,66.919998,63.38924,1884000,0.0,0.0
2025-04-15,67.18,67.470001,66.440002,67.019997,63.483963,1900700,0.0,0.0
2025-04-16,66.879997,67.940002,66.650002,67.050003,63.512383,1978400,0.0,0.0
2025-04-17,67.110001,69.239998,67.040001,68.239998,64.639587,2743800,0.0,0.0
2025-04-21,67.639999,68.080002,66.519997,67.5,63.938637,1531900,0.0,0.0
2025-04-22,68.459999,69.269997,68.080002,68.93,65.29319,1709200,0.0,0.0
2025-04-23,69.550003,70.639999,68.879997,69.379997,65.719437,1666300,0.0,0.0
2025-04-24,69.239998,69.730003,68.790001,69.309998,65.653137,1145800,0.0,0.0
2025-04-25,69.110001,69.300003,68.360001,68.529999,64.914291,1318700,0.0,0.0
2025-04-28,68.57,69.449997,68.449997,69.309998,65.653137,1949200,0.0,0.0
2025-04-29,68.940002,69.870003,68.309998,69.529999,65.861526,2841500,0.0,0.0
2025-04-30,69.410004,70.599998,68.419998,70.260002,66.553024,3164000,0.0,0.0
2025-05-01,70.019997,71.18,69.330002,70.620003,66.894028,2366700,0.0,0.0
2025-05-02,71.5,72.400002,71.330002,71.720001,67.935997,2103200,0.0,0.0
2025-05-05,71.150002,71.440002,70.419998,70.830002,67.092941,2079000,0.0,0.0
2025-05-06,70.480003,70.940002,69.959999,70.540001,66.818245,1586300,0.0,0.0
2025-05-07,70.589996,71.040001,70.309998,70.559998,66.837189,2220900,0.0,0.0
2025-05-08,70.800003,70.93,69.620003,69.68,66.003616,2324800,0.0,0.0
2025-05-09,69.760002,70.160004,69.480003,69.940002,66.249908,1135000,0.0,0.0
2025-05-12,70.699997,71.050003,70.459999,70.900002,67.159248,1557100,0.0,0.0
2025-05-13,70.769997,71.019997,69.279999,69.589996,65.918373,2416100,0.0,0.0
2025-05-14,68.959999,69.669998,68.349998,69.059998,65.416328,2106200,0.0,0.0
2025-05-15,69.290001,70.949997,69.209999,70.860001,67.121361,1772900,0.0,0.0
2025-05-16,71.089996,71.800003,70.68,71.559998,67.784424,5064700,0.0,0.0
2025-05-19,70.830002,71.519997,70.580002,71.349998,67.585503,1571700,0.0,0.0
2025-05-20,70.980003,71.389999,70.540001,71.110001,67.358177,1355700,0.0,0.0
2025-05-21,70.760002,70.970001,68.910004,68.93,65.29319,1515000,0.0,0.0
2025-05-22,68.919998,69.160004,67.849998,68.300003,64.696434,1646300,0.0,0.0
2025-05-23,67.980003,68.43,66.949997,67.610001,64.042839,1354800,0.0,0.0
2025-05-27,68.559998,68.879997,67.370003,68.620003,64.99955,2025600,0.0,0.0
2025-05-28,68.690002,69.129997,68.169998,69.010002,65.36898,2230100,0.0,0.0
2025-05-29,69.089996,70.309998,68.919998,69.980003,66.287796,1818900,0.0,0.0
2025-05-30,69.510002,70.300003,69.160004,70.139999,66.439354,3122800,0.0,0.0
2025-06-02,69.480003,70.050003,68.660004,69.93,66.240425,1486800,0.0,0.0
2025-06-03,69.540001,69.730003,68.260002,68.900002,65.264771,2043300,0.0,0.0
2025-06-04,68.790001,69.260002,68.0,69.010002,65.36898,1938500,0.0,0.0
2025-06-05,69.019997,69.139999,68.300003,68.459999,64.847992,1545100,0.0,0.0
2025-06-06,68.879997,69.410004,67.989998,68.5,64.885887,1288000,0.0,0.0
2025-06-09,68.25,69.860001,68.209999,69.32,65.662621,1739200,0.0,0.0
2025-06-10,69.639999,70.199997,69.419998,70.0,66.306732,1257600,0.0,0.0
2025-06-11,70.209999,70.209999,68.809998,69.269997,65.615257,1441200,0.0,0.0
2025-06-12,69.5,70.18,69.120003,70.169998,66.467773,1291700,0.0,0.0
2025-06-13,69.529999,70.160004,68.290001,68.879997,65.245827,1586500,0.0,0.0
2025-06-16,69.400002,69.839996,68.919998,69.099998,65.454216,1362800,0.0,0.0
2025-06-17,69.379997,69.379997,68.440002,68.730003,65.103745,1667400,0.0,0.0
2025-06-18,68.989998,69.419998,68.360001,68.870003,65.236359,1480200,0.0,0.0
2025-06-20,68.970001,69.410004,68.529999,68.989998,65.350021,2959900,0.0,0.0
2025-06-23,69.169998,69.870003,68.400002,69.059998,65.416328,1777200,0.0,0.0
2025-06-24,68.370003,68.75,67.279999,67.540001,64.625023,2826700,0.693,0.0
2025-06-25,66.309998,66.860001,65.190002,65.639999,62.80703,4190700,0.0,0.0
2025-06-26,66.0,67.470001,65.540001,67.459999,64.548477,2914000,0.0,0.0
2025-06-27,67.790001,68.110001,66.989998,67.349998,64.443222,2081600,0.0,0.0
2025-06-30,67.190002,67.540001,66.239998,67.489998,64.577187,2407900,0.0,0.0
2025-07-01,67.199997,68.089996,66.580002,67.260002,64.357109,3192800,0.0,0.0
2025-07-02,66.889999,67.360001,65.870003,66.669998,63.792572,1715000,0.0,0.0
2025-07-03,66.559998,67.260002,66.360001,66.879997,63.9935,1362200,0.0,0.0
2025-07-07,67.239998,67.989998,66.309998,66.720001,63.840408,2884400,0.0,0.0
2025-07-08,66.290001,67.080002,66.040001,66.620003,63.744736,1763600,0.0,0.0
2025-07-09,66.620003,67.07,66.43,66.529999,63.658615,1737000,0.0,0.0
2025-07-10,66.339996,67.540001,66.290001,67.080002,64.184875,1811100,0.0,0.0
2025-07-11,66.290001,67.010002,66.110001,66.790001,63.907394,1284600,0.0,0.0
2025-07-14,66.889999,67.32,66.550003,67.019997,64.127472,1215700,0.0,0.0
2025-07-15,66.860001,66.970001,65.709999,66.129997,63.275875,1293900,0.0,0.0
2025-07-16,66.400002,67.07,66.160004,66.949997,64.060486,1263700,0.0,0.0
2025-07-17,67.050003,67.489998,66.830002,67.279999,64.376251,1497800,0.0,0.0
2025-07-18,67.230003,67.540001,66.779999,67.169998,64.270996,1787700,0.0,0.0
2025-07-21,67.230003,67.559998,66.610001,66.980003,64.089195,1611900,0.0,0.0
2025-07-22,67.029999,68.379997,66.870003,68.32,65.371361,1801900,0.0,0.0
2025-07-23,68.379997,68.510002,67.889999,68.339996,65.390495,1625100,0.0,0.0
2025-07-24,68.339996,68.5,67.519997,67.650002,64.730278,2218200,0.0,0.0
2025-07-25,67.620003,68.07,67.080002,67.370003,64.462364,1507300,0.0,0.0
2025-07-28,67.449997,67.489998,66.110001,66.209999,63.352425,1540900,0.0,0.0
2025-07-29,66.540001,67.830002,66.290001,67.779999,64.854668,1730000,0.0,0.0
2025-07-30,67.339996,67.480003,64.519997,65.300003,62.481705,3933600,0.0,0.0
2025-07-31,64.949997,65.099998,62.98,63.200001,60.472332,5288500,0.0,0.0
2025-08-01,63.93,63.93,61.709999,62.75,60.041756,3720100,0.0,0.0
2025-08-04,62.720001,63.639999,62.529999,62.669998,59.965206,2858500,0.0,0.0
2025-08-05,64.470001,64.470001,63.07,63.41,60.673271,2982600,0.0,0.0
2025-08-06,63.540001,64.019997,63.110001,63.400002,60.663708,2212200,0.0,0.0
2025-08-07,63.59,64.330002,63.560001,63.889999,61.132553,2492600,0.0,0.0
2025-08-08,64.010002,64.099998,63.099998,63.200001,60.472332,1337600,0.0,0.0
2025-08-11,62.869999,63.220001,62.240002,62.299999,59.611176,1850000,0.0,0.0
2025-08-12,62.32,62.720001,62.09,62.700001,59.993916,1612600,0.0,0.0
2025-08-13,62.84,64.029999,62.650002,63.990002,61.228241,1710500,0.0,0.0
2025-08-14,63.360001,63.700001,63.189999,63.509998,60.768959,1690200,0.0,0.0
2025-08-15,63.48,64.379997,63.48,64.120003,61.352631,3890300,0.0,0.0
2025-08-18,64.269997,64.449997,63.189999,63.240002,60.510612,2562800,0.0,0.0
2025-08-19,63.470001,64.660004,63.32,64.440002,61.658817,1841100,0.0,0.0
2025-08-20,64.760002,65.370003,64.290001,64.480003,61.697098,1840600,0.0,0.0
2025-08-21,64.129997,64.690002,64.0,64.269997,61.496151,1325100,0.0,0.0
2025-08-22,64.690002,65.699997,64.480003,65.260002,62.443432,1486800,0.0,0.0
2025-08-25,65.239998,65.43,64.43,64.800003,62.003288,1206000,0.0,0.0
2025-08-26,64.940002,65.199997,64.330002,64.480003,61.697098,5972500,0.0,0.0
2025-08-27,64.699997,65.260002,64.449997,65.139999,62.328606,1412400,0.0,0.0
2025-08-28,65.43,65.43,64.669998,65.290001,62.472137,1069500,0.0,0.0
2025-08-29,65.18,66.199997,65.07,66.120003,63.266315,1412900,0.0,0.0
2025-09-02,65.660004,65.699997,63.650002,64.010002,61.247379,1802000,0.0,0.0
2025-09-03,63.650002,64.690002,63.610001,64.669998,61.878891,1370000,0.0,0.0
2025-09-04,65.0,65.620003,64.739998,65.589996,62.759182,1391200,0.0,0.0
2025-09-05,66.0,67.07,65.849998,66.809998,63.926533,2171200,0.0,0.0
2025-09-08,66.220001,66.660004,65.809998,66.389999,63.524654,2189500,0.0,0.0
2025-09-09,66.040001,66.760002,66.019997,66.620003,63.744736,1371600,0.0,0.0
2025-09-10,66.620003,67.120003,65.730003,65.860001,63.017529,1560900,0.0,0.0
2025-09-11,65.889999,67.050003,65.559998,66.889999,64.003075,1448800,0.0,0.0
2025-09-12,66.919998,67.110001,66.389999,66.440002,63.572498,1264500,0.0,0.0
2025-09-15,66.720001,66.839996,65.199997,65.279999,62.462566,1827100,0.0,0.0
2025-09-16,65.150002,65.489998,64.620003,64.75,61.955437,2576900,0.0,0.0
2025-09-17,64.540001,65.720001,64.540001,64.629997,61.840614,2283000,0.0,0.0
2025-09-18,64.849998,65.080002,64.290001,64.870003,62.070259,2044300,0.0,0.0
2025-09-19,64.82,65.620003,64.519997,65.050003,62.242489,5032300,0.0,0.0
2025-09-22,64.919998,65.339996,64.389999,65.290001,62.472137,1938900,0.0,0.0
2025-09-23,65.279999,65.760002,64.989998,65.68,62.845303,1916200,0.0,0.0
2025-09-24,65.470001,65.720001,64.830002,65.160004,62.347744,2675600,0.0,0.0
2025-09-25,64.470001,64.839996,63.619999,63.740002,61.644642,2297200,0.693,0.0
2025-09-26,64.010002,64.839996,63.720001,64.529999,62.408672,2124500,0.0,0.0
2025-09-29,64.18,64.610001,63.93,64.120003,62.012154,1990900,0.0,0.0
2025-09-30,63.91,64.769997,63.84,64.730003,62.6021,2771400,0.0,0.0
2025-10-01,64.57,64.860001,64.029999,64.099998,61.992809,2258600,0.0,0.0
2025-10-02,63.84,64.0,63.110001,63.48,61.393192,1686500,0.0,0.0
2025-10-03,63.599998,64.110001,63.290001,63.299999,61.219105,1839700,0.0,0.0
2025-10-06,63.349998,63.43,62.18,62.220001,60.174614,1856700,0.0,0.0
2025-10-07,62.439999,63.040001,62.200001,62.470001,60.416393,1603100,0.0,0.0
2025-10-08,62.080002,62.419998,61.93,62.330002,60.280998,1345700,0.0,0.0
2025-10-09,62.52,62.759998,61.82,61.970001,59.932831,1557200,0.0,0.0
2025-10-10,62.110001,62.5,61.09,61.669998,59.642689,1645200,0.0,0.0
2025-10-13,61.59,62.130001,61.41,62.009998,59.971512,1459700,0.0,0.0
2025-10-14,61.959999,62.349998,61.720001,62.299999,60.25198,1382800,0.0,0.0
2025-10-15,62.439999,62.860001,61.790001,62.09,60.048885,2073100,0.0,0.0
2025-10-16,62.299999,62.299999,61.16,61.5,59.478279,4880900,0.0,0.0
2025-10-17,61.630001,62.279999,61.389999,62.209999,60.164936,5073600,0.0,0.0
2025-10-20,62.619999,62.98,62.209999,62.349998,60.300335,2558800,0.0,0.0
2025-10-21,62.619999,63.490002,62.369999,62.82,60.754883,2335500,0.0,0.0
2025-10-22,63.09,63.889999,62.57,63.740002,61.644642,2758400,0.0,0.0
2025-10-23,63.889999,63.939999,62.82,63.330002,61.248123,1742000,0.0,0.0
2025-10-24,63.720001,63.779999,63.169998,63.419998,61.335159,2462900,0.0,0.0
2025-10-27,63.349998,63.509998,62.59,63.310001,61.228779,2160900,0.0,0.0
2025-10-28,63.040001,63.529999,61.439999,61.459999,59.439594,2323500,0.0,0.0
2025-10-29,59.900002,60.700001,58.509998,58.91,56.973423,6319500,0.0,0.0
2025-10-30,59.0,60.5,58.599998,60.310001,58.3274,4546100,0.0,0.0
2025-10-31,60.110001,60.700001,59.41,59.439999,57.485996,3669200,0.0,0.0
2025-11-03,58.759998,60.060001,58.380001,59.080002,57.137836,3530100,0.0,0.0
2025-11-04,58.93,59.459999,58.470001,59.380001,57.427971,3783200,0.0,0.0
2025-11-05,59.68,59.919998,58.799999,59.77,57.805153,2998300,0.0,0.0
2025-11-06,59.700001,59.900002,58.650002,58.700001,56.770325,2467000,0.0,0.0
2025-11-07,59.029999,59.790001,58.889999,59.709999,57.747124,2352100,0.0,0.0
2025-11-10,59.630001,59.759998,58.790001,59.509998,57.553696,2003600,0.0,0.0
2025-11-11,59.849998,60.57,59.610001,60.490002,58.501484,1987100,0.0,0.0
2025-11-12,60.07,60.57,59.57,59.619999,57.660084,1955800,0.0,0.0
2025-11-13,59.16,59.82,59.060001,59.279999,57.331261,2306000,0.0,0.0
2025-11-14,59.630001,60.02,59.25,59.419998,57.466656,1923700,0.0,0.0
2025-11-17,59.66,59.720001,58.849998,59.049999,57.108822,1922700,0.0,0.0
2025-11-18,59.080002,59.529999,58.799999,59.18,57.234547,1932600,0.0,0.0
2025-11-19,59.150002,59.209999,58.66,58.939999,57.002434,1932300,0.0,0.0
2025-11-20,59.380001,59.939999,59.0,59.16,57.215206,1726400,0.0,0.0
2025-11-21,59.41,60.860001,59.389999,60.549999,58.559509,2948200,0.0,0.0
2025-11-24,60.259998,60.91,59.959999,60.549999,58.559509,3265300,0.0,0.0
2025-11-25,60.82,61.639999,60.779999,61.099998,59.091427,1933200,0.0,0.0
2025-11-26,60.889999,61.950001,60.84,61.580002,59.555653,2186600,0.0,0.0
2025-11-28,61.5,62.040001,61.450001,61.75,59.720062,941800,0.0,0.0
2025-12-01,61.279999,62.130001,61.02,61.439999,59.42025,1963900,0.0,0.0
2025-12-02,61.66,62.16,61.099998,61.98,59.942497,1867200,0.0,0.0
2025-12-03,61.869999,62.299999,61.77,62.029999,59.990856,2300300,0.0,0.0
2025-12-04,61.900002,62.419998,61.5,61.610001,59.58466,2796200,0.0,0.0
2025-12-05,61.380001,61.84,60.98,61.060001,59.052742,2214100,0.0,0.0
2025-12-08,61.209999,61.25,60.02,60.599998,58.607868,2540300,0.0,0.0
2025-12-09,60.91,61.439999,60.009998,60.049999,58.075947,1955100,0.0,0.0
2025-12-10,60.07,61.119999,60.07,60.669998,58.675564,2669600,0.0,0.0
2025-12-11,60.860001,61.389999,60.419998,60.630001,58.636879,2189100,0.0,0.0
2025-12-12,60.900002,61.220001,60.610001,60.950001,58.946362,1952600,0.0,0.0
2025-12-15,61.150002,61.290001,60.73,61.099998,59.091427,2019600,0.0,0.0
2025-12-16,61.259998,61.299999,60.470001,60.73,58.733589,2780200,0.0,0.0
2025-12-17,60.959999,62.27,60.779999,61.98,59.942497,3384300,0.0,0.0
2025-12-18,61.990002,62.639999,61.759998,62.09,60.048885,2855700,0.0,0.0
2025-12-19,62.259998,62.259998,61.360001,61.369999,59.352551,4432800,0.0,0.0
2025-12-22,61.189999,62.52,60.889999,62.290001,60.242313,3086300,0.0,0.0
2025-12-23,62.450001,62.450001,61.669998,62.330002,60.280998,2037900,0.0,0.0
2025-12-24,62.59,62.990002,62.349998,62.73,60.667847,693600,0.0,0.0
2025-12-26,62.700001,63.139999,62.599998,63.09,61.01601,1567600,0.0,0.0
2025-12-29,63.25,63.310001,62.869999,63.279999,61.199764,1231900,0.0,0.0
2025-12-30,63.880001,64.199997,63.110001,63.5,61.412533,1316800,0.0,0.0
2025-12-31,63.5,63.650002,63.0,63.040001,60.967655,1592700,0.0,0.0
2026-01-02,62.32,62.34,61.57,62.029999,60.657665,1840300,0.693,0.0
2026-01-05,61.560001,61.880001,60.889999,60.919998,59.572224,2524500,0.0,0.0
2026-01-06,60.669998,62.560001,60.549999,62.41,61.029259,2072300,0.0,0.0
2026-01-07,62.549999,63.0,61.900002,61.939999,60.569656,4999600,0.0,0.0
2026-01-08,61.689999,63.389999,61.689999,62.869999,61.47908,1660700,0.0,0.0
2026-01-09,62.360001,62.869999,60.110001,60.439999,59.10284,2772000,0.0,0.0
2026-01-12,60.560001,60.880001,60.080002,60.259998,58.926823,3161400,0.0,0.0
2026-01-13,60.360001,60.619999,59.099998,60.189999,58.858372,1936100,0.0,0.0
2026-01-14,60.150002,61.310001,60.150002,61.200001,59.846031,2087500,0.0,0.0
2026-01-15,61.32,61.900002,61.09,61.169998,59.816692,1739000,0.0,0.0
2026-01-16,60.919998,62.119999,60.310001,62.040001,60.667446,2176800,0.0,0.0
2026-01-20,61.200001,61.59,60.580002,61.02,59.67001,1866700,0.0,0.0
2026-01-21,61.130001,61.57,60.779999,61.349998,59.99271,2126500,0.0,0.0
2026-01-22,61.310001,61.779999,60.630001,60.959999,59.61134,2546400,0.0,0.0
2026-01-23,60.91,62.139999,60.700001,62.09,60.716343,2789200,0.0,0.0
2026-01-26,62.41,62.5,61.48,62.119999,60.745674,2585800,0.0,0.0
2026-01-27,62.23,62.66,61.990002,62.150002,60.775013,3322200,0.0,0.0
2026-01-28,62.169998,62.459999,60.610001,60.759998,59.415764,2405500,0.0,0.0
2026-01-29,61.209999,62.02,60.919998,61.860001,60.491428,2621500,0.0,0.0
2026-01-30,61.98,62.419998,61.27,62.32,60.941254,2599600,0.0,0.0
2026-02-02,62.580002,62.580002,61.509998,61.610001,60.24696,2163800,0.0,0.0
2026-02-03,61.529999,62.400002,61.32,61.790001,60.422977,2029900,0.0,0.0
2026-02-04,61.830002,63.48,61.830002,63.080002,61.684437,2548000,0.0,0.0
2026-02-05,63.200001,63.200001,61.290001,61.77,60.403419,3362600,0.0,0.0
2026-02-06,61.450001,65.0,61.450001,63.889999,62.476513,3802300,0.0,0.0
2026-02-09,64.139999,64.75,63.66,64.669998,63.239262,3375000,0.0,0.0
2026-02-10,64.68,65.730003,64.68,65.57,64.119347,6663300,0.0,0.0
2026-02-11,65.5,66.209999,64.639999,64.650002,63.219704,3402200,0.0,0.0
2026-02-12,64.949997,65.080002,62.16,63.049999,61.655098,5050400,0.0,0.0
2026-02-13,63.189999,64.25,62.709999,63.860001,62.447182,3251500,0.0,0.0
2026-02-17,64.519997,65.110001,62.630001,63.48,62.075584,2948500,0.0,0.0
2026-02-18,63.470001,63.93,63.09,63.59,62.183155,1872600,0.0,0.0
2026-02-19,63.119999,63.970001,62.459999,63.049999,61.655098,1811600,0.0,0.0
2026-02-20,63.34,63.57,62.549999,62.599998,61.215054,3988600,0.0,0.0
2026-02-23,63.09,63.970001,62.5,63.32,61.919128,3822400,0.0,0.0
2026-02-24,63.18,63.91,62.669998,63.560001,62.15382,2002200,0.0,0.0
2026-02-25,63.5,63.889999,62.799999,63.400002,61.99736,2100800,0.0,0.0
2026-02-26,63.619999,64.459999,63.380001,64.120003,62.701431,2287600,0.0,0.0
2026-02-27,63.73,63.900002,62.75,63.209999,61.811562,3378200,0.0,0.0
2026-03-02,63.209999,63.630001,62.560001,63.130001,61.733334,2488600,0.0,0.0
2026-03-03,62.380001,63.189999,61.580002,62.720001,61.332405,1713600,0.0,0.0
2026-03-04,62.369999,62.98,61.959999,62.779999,61.391071,1676700,0.0,0.0
2026-03-05,62.209999,63.240002,61.98,63.110001,61.713776,2733700,0.0,0.0
2026-03-06,62.419998,62.830002,61.540001,62.720001,61.332405,1864300,0.0,0.0
2026-03-09,62.09,62.52,60.950001,62.18,60.804348,2416300,0.0,0.0
2026-03-10,61.830002,62.34,60.830002,61.48,60.119835,2202600,0.0,0.0
2026-03-11,61.18,61.18,59.380001,60.16,58.829037,2757800,0.0,0.0
2026-03-12,59.830002,61.02,59.580002,60.27,58.936607,2093100,0.0,0.0
2026-03-13,61.0,61.580002,59.73,59.990002,58.6628,1830100,0.0,0.0
2026-03-16,60.549999,60.740002,60.040001,60.060001,58.731251,2050200,0.0,0.0
2026-03-17,60.619999,61.25,60.439999,61.02,59.67001,2107200,0.0,0.0
2026-03-18,60.48,60.580002,59.549999,59.849998,58.525894,2516100,0.0,0.0
2026-03-19,59.57,60.07,59.139999,59.310001,57.997845,2032100,0.0,0.0
2026-03-20,59.32,59.509998,57.57,57.98,56.697266,4113000,0.0,0.0
2026-03-23,59.0,59.279999,58.259998,58.41,57.117752,2715700,0.0,0.0
2026-03-24,58.200001,59.16,57.849998,58.669998,57.372002,2716300,0.0,0.0
2026-03-25,58.77,59.220001,58.259998,58.459999,57.166649,2381200,0.0,0.0
2026-03-26,58.619999,59.689999,58.57,59.509998,58.193417,3298800,0.0,0.0
2026-03-27,59.400002,59.610001,58.5,58.75,57.450233,2333800,0.0,0.0
2026-03-30,58.459999,59.200001,58.080002,58.580002,57.977753,2532200,0.703,0.0
2026-03-31,59.380001,59.669998,58.529999,59.150002,58.541893,3370200,0.0,0.0
2026-04-01,59.029999,59.77,58.93,59.549999,58.937778,2169100,0.0,0.0
2026-04-02,59.560001,60.540001,59.240002,60.27,59.650379,1751000,0.0,0.0
2026-04-06,60.16,60.639999,59.799999,60.060001,59.442535,2097900,0.0,0.0
2026-04-07,60.16,60.889999,60.060001,60.209999,59.590992,2287800,0.0,0.0
2026-04-08,60.849998,61.279999,60.490002,60.799999,60.174927,2264700,0.0,0.0
2026-04-09,60.400002,61.049999,60.349998,60.459999,59.838421,1521500,0.0,0.0
2026-04-10,60.5,61.290001,60.369999,61.139999,60.511433,2461800,0.0,0.0
2026-04-13,60.939999,60.959999,59.959999,60.779999,60.155132,1923700,0.0,0.0
2026-04-14,60.709999,61.560001,60.599998,61.360001,60.729172,2594800,0.0,0.0
2026-04-15,61.360001,61.540001,60.82,61.299999,60.669788,2694200,0.0,0.0
2026-04-16,61.200001,61.700001,60.34,60.490002,59.868118,2458400,0.0,0.0
2026-04-17,61.02,62.990002,60.779999,62.68,62.035599,3408900,0.0,0.0
2026-04-20,62.360001,63.470001,62.310001,63.43,62.777889,2082500,0.0,0.0
2026-04-21,63.32,63.419998,61.849998,61.849998,61.21413,2510600,0.0,0.0
2026-04-22,61.950001,62.34,61.330002,61.700001,61.065678,2387500,0.0,0.0
2026-04-23,61.849998,62.84,61.849998,62.650002,62.005909,2695700,0.0,0.0
2026-04-24,62.66,62.66,61.939999,62.259998,61.619915,2269100,0.0,0.0
2026-04-27,62.200001,62.869999,62.200001,62.32,61.679302,2547300,0.0,0.0
2026-04-28,62.639999,65.269997,62.59,65.150002,64.480209,3763600,0.0,0.0
2026-04-29,64.300003,66.5,64.209999,65.43,64.757332,5544400,0.0,0.0
2026-04-30,65.459999,65.830002,64.919998,65.379997,64.70784,3595000,0.0,0.0
2026-05-01,65.459999,66.279999,64.809998,65.169998,64.5,2334000,0.0,0.0
2026-05-04,64.900002,65.830002,64.510002,65.239998,64.569283,2192800,0.0,0.0
2026-05-05,65.75,66.949997,65.139999,66.25,65.568901,2733300,0.0,0.0
2026-05-06,66.709999,66.860001,66.059998,66.160004,65.479828,2801200,0.0,0.0
2026-05-07,66.139999,66.489998,65.779999,65.860001,65.182907,3924200,0.0,0.0
2026-05-08,65.889999,66.059998,65.410004,65.540001,64.866196,1772300,0.0,0.0
2026-05-11,65.900002,66.25,65.629997,66.18,65.499619,2052200,0.0,0.0
2026-05-12,66.370003,66.400002,65.290001,65.889999,65.212601,4306900,0.0,0.0
2026-05-13,65.510002,66.010002,65.129997,65.830002,65.153221,2917100,0.0,0.0
2026-05-14,66.199997,66.199997,65.019997,65.019997,64.35154,2717300,0.0,0.0
2026-05-15,65.480003,65.480003,63.869999,63.880001,63.223263,2146900,0.0,0.0
2026-05-18,63.990002,65.470001,63.990002,65.43,64.757332,1820600,0.0,0.0
2026-05-19,65.160004,65.940002,64.720001,65.739998,65.06414,3500600,0.0,0.0
2026-05-20,65.489998,66.510002,65.139999,66.279999,65.598587,2104600,0.0,0.0
2026-05-21,65.75,66.110001,64.129997,65.760002,65.083939,4637600,0.0,0.0
2026-05-22,65.669998,66.589996,65.559998,66.199997,65.519409,2035000,0.0,0.0
2026-05-26,66.07,66.769997,65.879997,66.129997,65.450127,2050000,0.0,0.0
2026-05-27,66.620003,67.519997,66.370003,66.629997,65.944992,3284300,0.0,0.0
2026-05-28,66.589996,66.860001,66.199997,66.260002,65.578796,2420400,0.0,0.0
2026-05-29,65.860001,65.860001,64.760002,65.449997,64.777122,8077900,0.0,0.0
2026-06-01,65.279999,66.93,65.279999,65.809998,65.133415,3933800,0.0,0.0
2026-06-02,65.900002,66.260002,65.330002,66.209999,65.529305,3562400,0.0,0.0
2026-06-03,65.900002,66.660004,65.879997,66.139999,65.46003,2744300,0.0,0.0
2026-06-04,67.029999,67.940002,66.690002,67.900002,67.201935,2840700,0.0,0.0
2026-06-05,67.629997,68.75,67.610001,68.190002,67.488953,2159700,0.0,0.0
2026-06-08,69.029999,69.029999,67.080002,67.339996,66.64769,2652000,0.0,0.0
2026-06-09,67.089996,68.050003,66.699997,67.860001,67.162346,3209400,0.0,0.0
2026-06-10,67.889999,68.230003,67.279999,67.610001,66.914917,3952200,0.0,0.0
2026-06-11,67.75,68.059998,66.559998,66.650002,65.96479,2971300,0.0,0.0
2026-06-12,67.050003,67.349998,66.75,67.339996,66.64769,2315500,0.0,0.0
2026-06-15,67.160004,67.68,65.959999,66.18,65.499619,4916100,0.0,0.0
2026-06-16,66.199997,67.080002,66.120003,66.400002,65.717354,2551600,0.0,0.0
2026-06-17,66.419998,66.559998,64.339996,64.629997,63.965549,3555900,0.0,0.0
2026-06-18,65.470001,65.470001,63.810001,64.089996,63.431099,5776800,0.0,0.0
2026-06-22,63.990002,65.120003,63.619999,64.730003,64.064529,2811500,0.0,0.0
2026-06-23,65.139999,65.839996,64.849998,65.699997,65.024551,3187600,0.0,0.0
2026-06-24,65.910004,66.43,65.599998,66.220001,65.539207,2919400,0.0,0.0
2026-06-25,66.580002,67.620003,66.529999,67.169998,66.479439,2011600,0.0,0.0
2026-06-26,67.639999,68.529999,67.410004,68.379997,67.676994,3391700,0.0,0.0
2026-06-29,67.480003,68.349998,67.309998,68.339996,68.339996,2922200,0.703,0.0
2026-06-30,67.480003,68.459999,67.110001,67.93,67.93,3988000,0.0,0.0
2026-07-01,68.150002,69.489998,68.150002,68.629997,68.629997,2851700,0.0,0.0
2026-07-02,68.800003,69.830002,68.639999,69.830002,69.830002,2534600,0.0,0.0
2026-07-06,69.809998,70.190002,69.230003,69.93,69.93,2343200,0.0,0.0
2026-07-07,70.5,71.5,70.019997,70.150002,70.150002,2518100,0.0,0.0
2026-07-08,69.870003,69.93,68.230003,68.309998,68.309998,2840600,0.0,0.0
2026-07-09,68.599998,68.900002,67.970001,68.089996,68.089996,2285800,0.0,0.0
2026-07-10,68.540001,69.019997,68.050003,68.690002,68.690002,2380600,0.0,0.0
2026-07-13,69.059998,70.110001,69.059998,69.720001,69.720001,2299500,0.0,0.0
2026-07-14,69.68,69.709999,68.669998,68.720001,68.720001,2942600,0.0,0.0
2026-07-15,69.169998,69.389999,68.099998,68.260002,68.260002,2351400,0.0,0.0
2026-07-16,68.489998,70.129997,68.489998,70.0,70.0,2187500,0.0,0.0
2026-07-17,70.239998,70.75,68.559998,69.0,69.0,2321500,0.0,0.0
2026-07-20,69.0,69.32,68.559998,68.800003,68.800003,2213700,0.0,0.0
2026-07-21,68.709999,68.860001,68.190002,68.290001,68.290001,2641500,0.0,0.0
2026-07-22,68.610001,68.760002,67.949997,68.290001,68.290001,2869000,0.0,0.0
2026-07-23,69.0,69.290001,67.949997,68.279999,68.279999,5285100,0.0,0.0
2026-07-24,68.440002,68.980003,67.480003,67.860001,67.860001,5065500,0.0,0.0
2026-07-27,67.580002,68.139999,67.209999,67.239998,67.239998,3352600,0.0,0.0
2026-07-28,67.790001,68.629997,67.370003,68.089996,68.089996,4454300,0.0,0.0
2026-07-29,68.610001,68.970001,68.269997,68.849998,68.849998,2824200,0.0,0.0
2026-07-30,68.230003,69.470001,66.629997,67.120003,67.120003,2579100,0.0,0.0
2026-07-31,66.93,67.169998,66.290001,66.449997,66.449997,3905100,0.0,0.0
2026-08-03,66.220001,67.660004,66.169998,67.57,67.57,2640100,0.0,0.0
2026-08-04,67.209999,67.82,66.739998,67.690002,67.690002,2201500,0.0,0.0
2026-08-05,67.860001,68.190002,67.309998,67.739998,67.739998,2399700,0.0,0.0
2026-08-06,67.75,68.510002,66.459999,66.699997,66.699997,1900700,0.0,0.0
2026-08-07,66.5,67.440002,66.260002,67.07,67.07,2136000,0.0,0.0
2026-08-10,66.529999,66.660004,65.5,65.830002,65.830002,1875900,0.0,0.0
2026-08-11,65.589996,65.940002,65.040001,65.089996,65.089996,2283700,0.0,0.0
2026-08-12,65.040001,65.269997,64.300003,64.419998,64.419998,7042800,0.0,0.0
2026-08-13,65.089996,66.650002,64.75,65.970001,65.970001,4154300,0.0,0.0
2026-08-14,66.129997,66.449997,65.410004,65.970001,65.970001,7322800,0.0,0.0
2026-08-17,65.959999,66.099998,63.259998,63.66,63.66,17443300,0.0,0.0
2026-08-18,64.160004,65.050003,63.689999,64.029999,64.029999,6385300,0.0,0.0
2026-08-19,64.269997,64.989998,63.68,64.349998,64.349998,6131900,0.0,0.0
2026-08-20,65.330002,66.0,64.720001,65.139999,65.139999,4329600,0.0,0.0
2026-08-21,65.279999,66.910004,65.279999,66.790001,66.790001,7163100,0.0,0.0
2026-08-24,67.360001,68.620003,67.360001,68.139999,68.139999,6268000,0.0,0.0
2026-08-25,68.019997,68.32,67.330002,67.620003,67.620003,5788400,0.0,0.0
2026-08-26,67.629997,67.769997,66.82,66.830002,66.830002,4954100,0.0,0.0
2026-08-27,66.32,67.260002,65.480003,65.5,65.5,4311100,0.0,0.0
2026-08-28,65.889999,66.099998,65.080002,65.540001,65.540001,4749500,0.0,0.0
2026-08-31,65.279999,65.540001,64.639999,65.139999,65.139999,6279100,0.0,0.0
2026-09-01,65.0,65.699997,64.949997,65.279999,65.279999,5556500,0.0,0.0
2026-09-02,65.580002,65.620003,64.25,64.910004,64.910004,4378700,0.0,0.0
2026-09-03,65.629997,65.720001,64.449997,64.959999,64.959999,3641600,0.0,0.0
2026-09-04,64.815002,65.900002,64.699997,65.349998,65.349998,6404757,0.0,0.0
