Date,Open,High,Low,Close,Adj Close,Volume,Dividends,Stock Splits
2016-10-06,255987.0,280611.0,189810.0,214947.0,214947.0,2,0.0,0.0
2016-10-07,225207.0,241110.0,220590.0,238545.0,238545.0,2,0.0,0.0
2016-10-10,243675.0,243675.0,223155.0,223155.0,223155.0,1,0.0,0.0
2016-10-11,225720.0,225720.0,197197.203125,211356.0,211356.0,1,0.0,0.0
2016-10-12,205200.0,233312.40625,195453.0,227772.0,227772.0,2,0.0,0.0
2016-10-13,224694.0,242136.0,214177.5,215973.0,215973.0,1,0.0,0.0
2016-10-14,212895.0,229311.0,205200.0,205200.0,205200.0,1,0.0,0.0
2016-10-17,212382.0,223155.0,200070.0,205713.0,205713.0,0,0.0,0.0
2016-10-18,200583.0,209457.90625,199864.796875,204687.0,204687.0,0,0.0,0.0
2016-10-19,219564.0,220590.0,198838.796875,208278.0,208278.0,0,0.0,0.0
2016-10-20,214947.0,214947.0,204379.203125,205097.40625,205097.40625,0,0.0,0.0
2016-10-21,204174.0,204276.59375,200070.0,202788.90625,202788.90625,0,0.0,0.0
2016-10-24,206739.0,206739.0,182628.0,182628.0,182628.0,0,0.0,0.0
2016-10-25,192375.0,205200.0,190374.296875,192375.0,192375.0,0,0.0,0.0
2016-10-26,199044.0,205200.0,197505.0,197505.0,197505.0,0,0.0,0.0
2016-10-27,204687.0,205148.703125,194940.0,198018.0,198018.0,0,0.0,0.0
2016-10-28,205200.0,205200.0,200583.0,204687.0,204687.0,0,0.0,0.0
2016-10-31,205200.0,206226.0,201147.296875,203661.0,203661.0,1,0.0,0.0
2016-11-01,205200.0,205200.0,197505.0,200070.0,200070.0,1,0.0,0.0
2016-11-02,201403.796875,205200.0,195453.0,201609.0,201609.0,0,0.0,0.0
2016-11-03,202635.0,214947.0,202635.0,207765.0,207765.0,0,0.0,0.0
2016-11-04,197505.0,220590.0,197505.0,215460.0,215460.0,0,0.0,0.0
2016-11-07,207765.0,235980.0,207765.0,235980.0,235980.0,1,0.0,0.0
2016-11-08,235980.0,243675.0,220590.0,227772.0,227772.0,1,0.0,0.0
2016-11-09,224694.0,224694.0,205507.796875,208278.0,208278.0,1,0.0,0.0
2016-11-10,208585.796875,228285.0,205200.0,208278.0,208278.0,0,0.0,0.0
2016-11-11,217512.0,217512.0,202635.0,213408.0,213408.0,0,0.0,0.0
2016-11-14,212382.0,225720.0,205200.0,208791.0,208791.0,1,0.0,0.0
2016-11-15,212382.0,218230.203125,210330.0,213408.0,213408.0,0,0.0,0.0
2016-11-16,213408.0,216999.0,209304.0,211612.5,211612.5,0,0.0,0.0
2016-11-17,207765.0,218025.0,205200.0,218025.0,218025.0,0,0.0,0.0
2016-11-18,218025.0,231876.0,212895.0,219051.0,219051.0,1,0.0,0.0
2016-11-21,220077.0,223155.0,207765.0,213921.0,213921.0,0,0.0,0.0
2016-11-22,210330.0,215460.0,205713.0,209304.0,209304.0,0,0.0,0.0
2016-11-23,207765.0,207765.0,195966.0,197505.0,197505.0,1,0.0,0.0
2016-11-25,211869.0,212895.0,200583.0,210843.0,210843.0,0,0.0,0.0
2016-11-28,211869.0,217512.0,205200.0,205200.0,205200.0,0,0.0,0.0
2016-11-29,209304.0,209304.0,195247.796875,205713.0,205713.0,0,0.0,0.0
2016-11-30,212382.0,215460.0,205713.0,214434.0,214434.0,0,0.0,0.0
2016-12-01,210330.0,210330.0,200070.0,203148.0,203148.0,0,0.0,0.0
2016-12-02,205200.0,209817.0,198018.0,209817.0,209817.0,0,0.0,0.0
2016-12-05,202122.0,214947.0,202122.0,205200.0,205200.0,0,0.0,0.0
2016-12-06,204481.796875,207252.0,197505.0,200583.0,200583.0,0,0.0,0.0
2016-12-07,203712.296875,204687.0,198018.0,198531.0,198531.0,0,0.0,0.0
2016-12-08,202635.0,203148.0,188784.0,196992.0,196992.0,0,0.0,0.0
2016-12-09,196992.0,204584.40625,194940.0,194940.0,194940.0,0,0.0,0.0
2016-12-12,196530.296875,207765.0,196530.296875,202635.0,202635.0,1,0.0,0.0
2016-12-13,202635.0,205200.0,197505.0,205200.0,205200.0,0,0.0,0.0
2016-12-14,202635.0,205200.0,200070.0,204687.0,204687.0,0,0.0,0.0
2016-12-15,203661.0,204174.0,195966.0,204174.0,204174.0,0,0.0,0.0
2016-12-16,195966.0,196992.0,183141.0,183141.0,183141.0,0,0.0,0.0
2016-12-19,184680.0,197043.296875,182115.0,182628.0,182628.0,0,0.0,0.0
2016-12-20,188271.0,191605.5,180576.0,191297.703125,191297.703125,0,0.0,0.0
2016-12-21,182115.0,188681.40625,182115.0,188271.0,188271.0,0,0.0,0.0
2016-12-22,191862.0,191862.0,185193.0,185193.0,185193.0,0,0.0,0.0
2016-12-23,182628.0,186988.5,182115.0,182115.0,182115.0,0,0.0,0.0
2016-12-27,185193.0,185193.0,182115.0,182115.0,182115.0,0,0.0,0.0
2016-12-28,180063.0,182115.0,167238.0,176985.0,176985.0,1,0.0,0.0
2016-12-29,169803.0,178524.0,169290.0,174420.0,174420.0,0,0.0,0.0
2016-12-30,174471.296875,187245.0,174420.0,186732.0,186732.0,0,0.0,0.0
2017-01-03,187245.0,192375.0,182115.0,192375.0,192375.0,1,0.0,0.0
2017-01-04,193401.0,193401.0,187245.0,191349.0,191349.0,0,0.0,0.0
2017-01-05,194221.796875,200070.0,179909.09375,196479.0,196479.0,1,0.0,0.0
2017-01-06,194940.0,197505.0,187604.09375,195966.0,195966.0,0,0.0,0.0
2017-01-09,192375.0,198736.203125,192375.0,198736.203125,198736.203125,0,0.0,0.0
2017-01-10,199044.0,204840.90625,190836.0,203661.0,203661.0,0,0.0,0.0
2017-01-11,200583.0,202635.0,196479.0,199044.0,199044.0,0,0.0,0.0
2017-01-12,199044.0,204174.0,194940.0,197505.0,197505.0,1,0.0,0.0
2017-01-13,197248.5,197505.0,193965.296875,195453.0,195453.0,0,0.0,0.0
2017-01-17,199044.0,199557.0,192375.0,192375.0,192375.0,0,0.0,0.0
2017-01-18,192888.0,199044.0,192375.0,197505.0,197505.0,1,0.0,0.0
2017-01-19,200070.0,200070.0,196530.296875,198531.0,198531.0,0,0.0,0.0
2017-01-20,200070.0,200070.0,192375.0,192375.0,192375.0,0,0.0,0.0
2017-01-23,192375.0,194888.703125,192375.0,192375.0,192375.0,0,0.0,0.0
2017-01-24,189810.0,192375.0,165186.0,191349.0,191349.0,1,0.0,0.0
2017-01-25,192375.0,200070.0,187911.90625,194940.0,194940.0,1,0.0,0.0
2017-01-26,192888.0,192888.0,191092.5,191092.5,191092.5,0,0.0,0.0
2017-01-27,188784.0,188784.0,184167.0,184167.0,184167.0,0,0.0,0.0
2017-01-30,184167.0,188271.0,172368.0,182115.0,182115.0,0,0.0,0.0
2017-01-31,182115.0,184680.0,174420.0,177498.0,177498.0,1,0.0,0.0
2017-02-01,184680.0,191862.0,182115.0,182115.0,182115.0,0,0.0,0.0
2017-02-02,184680.0,189810.0,183141.0,184167.0,184167.0,0,0.0,0.0
2017-02-03,183654.0,186013.796875,175446.0,175446.0,175446.0,1,0.0,0.0
2017-02-06,175446.0,182166.296875,170316.0,173394.0,173394.0,1,0.0,0.0
2017-02-07,173394.0,179550.0,171855.0,175446.0,175446.0,0,0.0,0.0
2017-02-08,177498.0,178934.40625,166725.0,169290.0,169290.0,0,0.0,0.0
2017-02-09,173855.703125,173855.703125,166725.0,168777.0,168777.0,0,0.0,0.0
2017-02-10,165699.0,167340.59375,144666.0,150822.0,150822.0,1,0.0,0.0
2017-02-13,152874.0,169290.0,149283.0,163647.0,163647.0,1,0.0,0.0
2017-02-14,168777.0,168777.0,149796.0,151335.0,151335.0,0,0.0,0.0
2017-02-15,150309.0,161492.40625,148821.296875,155952.0,155952.0,1,0.0,0.0
2017-02-16,152361.0,156465.0,147231.0,147744.0,147744.0,0,0.0,0.0
2017-02-17,148770.0,156465.0,146718.0,156465.0,156465.0,0,0.0,0.0
2017-02-21,156465.0,159286.5,147744.0,147744.0,147744.0,0,0.0,0.0
2017-02-22,157439.703125,157439.703125,146718.0,150822.0,150822.0,0,0.0,0.0
2017-02-23,152874.0,152874.0,149283.0,152361.0,152361.0,0,0.0,0.0
2017-02-24,153694.796875,156465.0,151335.0,153900.0,153900.0,0,0.0,0.0
2017-02-27,151591.5,161595.0,151591.5,153900.0,153900.0,0,0.0,0.0
2017-02-28,152566.203125,156978.0,146718.0,146718.0,146718.0,1,0.0,0.0
2017-03-01,152771.40625,156465.0,146205.0,155952.0,155952.0,2,0.0,0.0
2017-03-02,158517.0,163647.0,158311.796875,160056.0,160056.0,0,0.0,0.0
2017-03-03,164160.0,164160.0,156465.0,156465.0,156465.0,1,0.0,0.0
2017-03-06,156465.0,156721.5,143127.0,143127.0,143127.0,1,0.0,0.0
2017-03-07,149796.0,149796.0,133380.0,141075.0,141075.0,1,0.0,0.0
2017-03-08,143640.0,157491.0,135432.0,142101.0,142101.0,2,0.0,0.0
2017-03-09,143640.0,145179.0,141588.0,142614.0,142614.0,1,0.0,0.0
2017-03-10,145692.0,151848.0,144666.0,146718.0,146718.0,0,0.0,0.0
2017-03-13,149283.0,151335.0,143127.0,143127.0,143127.0,1,0.0,0.0
2017-03-14,147231.0,147231.0,133380.0,141075.0,141075.0,0,0.0,0.0
2017-03-15,135432.0,144153.0,128763.0,133380.0,133380.0,1,0.0,0.0
2017-03-16,131841.0,135945.0,131841.0,135432.0,135432.0,0,0.0,0.0
2017-03-17,135432.0,147231.0,135432.0,147231.0,147231.0,0,0.0,0.0
2017-03-20,146718.0,149283.0,146205.0,148770.0,148770.0,0,0.0,0.0
2017-03-21,153900.0,153900.0,146205.0,146205.0,146205.0,0,0.0,0.0
2017-03-22,144666.0,148257.0,143127.0,143127.0,143127.0,0,0.0,0.0
2017-03-23,143127.0,144512.09375,131328.0,142614.0,142614.0,1,0.0,0.0
2017-03-24,141075.0,152874.0,139023.0,143640.0,143640.0,0,0.0,0.0
2017-03-27,147744.0,147744.0,140049.0,143127.0,143127.0,1,0.0,0.0
2017-03-28,141075.0,144666.0,134919.0,135945.0,135945.0,1,0.0,0.0
2017-03-29,136458.0,140562.0,136458.0,139023.0,139023.0,0,0.0,0.0
2017-03-30,140562.0,140562.0,136458.0,138510.0,138510.0,0,0.0,0.0
2017-03-31,136458.0,136971.0,134919.0,135945.0,135945.0,0,0.0,0.0
2017-04-03,137637.90625,137637.90625,133380.0,134919.0,134919.0,0,0.0,0.0
2017-04-04,134406.0,134406.0,133380.0,133380.0,133380.0,0,0.0,0.0
2017-04-05,133380.0,136663.203125,127224.0,133893.0,133893.0,0,0.0,0.0
2017-04-06,136971.0,138510.0,133380.0,134406.0,134406.0,0,0.0,0.0
2017-04-07,136458.0,136458.0,129276.0,133380.0,133380.0,0,0.0,0.0
2017-04-10,137997.0,138510.0,131841.0,131841.0,131841.0,0,0.0,0.0
2017-04-11,137484.0,173394.0,135945.0,137484.0,137484.0,4,0.0,0.0
2017-04-12,137484.0,137484.0,124146.0,130815.0,130815.0,1,0.0,0.0
2017-04-13,126300.601562,131481.90625,95931.0,114912.0,114912.0,1,0.0,0.0
2017-04-17,113373.0,113373.0,96444.0,110808.0,110808.0,1,0.0,0.0
2017-04-18,110295.0,112347.0,103626.0,104139.0,104139.0,1,0.0,0.0
2017-04-19,98496.0,102600.0,91827.0,92853.0,92853.0,2,0.0,0.0
2017-04-20,92853.0,92853.0,87210.0,89262.0,89262.0,2,0.0,0.0
2017-04-21,88236.0,88236.0,84645.0,86697.0,86697.0,0,0.0,0.0
2017-04-24,84645.0,84850.203125,68742.0,79002.0,79002.0,2,0.0,0.0
2017-04-25,82490.398438,82490.398438,69255.0,71820.0,71820.0,1,0.0,0.0
2017-04-26,74385.0,79002.0,70794.0,79002.0,79002.0,1,0.0,0.0
2017-04-27,81054.0,81054.0,71307.0,71820.0,71820.0,1,0.0,0.0
2017-04-28,75308.398438,78078.601562,70281.0,70281.0,70281.0,1,0.0,0.0
2017-05-01,76950.0,76950.0,61560.0,61560.0,61560.0,1,0.0,0.0
2017-05-02,61560.0,72333.0,61560.0,69768.0,69768.0,1,0.0,0.0
2017-05-03,80028.0,81567.0,69255.0,75975.296875,75975.296875,3,0.0,0.0
2017-05-04,82080.0,101420.101562,77976.0,90288.0,90288.0,6,0.0,0.0
2017-05-05,90801.0,99522.0,84645.0,86697.0,86697.0,3,0.0,0.0
2017-05-08,91314.0,95418.0,78437.703125,81567.0,81567.0,1,0.0,0.0
2017-05-09,83619.0,83619.0,77463.0,78489.0,78489.0,1,0.0,0.0
2017-05-10,82080.0,82080.0,76950.0,77514.296875,77514.296875,1,0.0,0.0
2017-05-11,79002.0,80028.0,66690.0,73872.0,73872.0,1,0.0,0.0
2017-05-12,73359.0,73359.0,63612.0,68690.703125,68690.703125,1,0.0,0.0
2017-05-15,68742.0,68742.0,61560.0,66690.0,66690.0,1,0.0,0.0
2017-05-16,66690.0,66690.0,62073.0,64278.898438,64278.898438,0,0.0,0.0
2017-05-17,63099.0,64125.0,60021.0,63099.0,63099.0,1,0.0,0.0
2017-05-18,61047.0,63099.0,61047.0,61560.0,61560.0,0,0.0,0.0
2017-05-19,61560.0,64125.0,61560.0,64125.0,64125.0,1,0.0,0.0
2017-05-22,64125.0,65664.0,61560.0,65664.0,65664.0,1,0.0,0.0
2017-05-23,65664.0,67203.0,62073.0,66177.0,66177.0,0,0.0,0.0
2017-05-24,64125.0,69768.0,64125.0,67203.0,67203.0,1,0.0,0.0
2017-05-25,67716.0,67716.0,62586.0,63355.5,63355.5,0,0.0,0.0
2017-05-26,63201.601562,67203.0,61560.0,64740.601562,64740.601562,1,0.0,0.0
2017-05-30,66946.5,66946.5,58841.101562,60482.699219,60482.699219,1,0.0,0.0
2017-05-31,57456.0,62073.0,54788.398438,61560.0,61560.0,1,0.0,0.0
2017-06-01,61560.0,66690.0,58995.0,61560.0,61560.0,1,0.0,0.0
2017-06-02,64125.0,65099.699219,64125.0,64125.0,64125.0,0,0.0,0.0
2017-06-05,66177.0,66177.0,61560.0,61560.0,61560.0,0,0.0,0.0
2017-06-06,64125.0,64125.0,60534.0,63099.0,63099.0,0,0.0,0.0
2017-06-07,61560.0,61560.0,57969.0,58328.101562,58328.101562,1,0.0,0.0
2017-06-08,57969.0,59405.398438,53095.5,58789.800781,58789.800781,0,0.0,0.0
2017-06-09,56430.0,60021.0,54891.0,58430.699219,58430.699219,1,0.0,0.0
2017-06-12,56943.0,58482.0,55917.0,55917.0,55917.0,1,0.0,0.0
2017-06-13,56430.0,61354.800781,55917.0,58995.0,58995.0,1,0.0,0.0
2017-06-14,58995.0,61560.0,56943.0,60021.0,60021.0,1,0.0,0.0
2017-06-15,60021.0,61560.0,57969.0,60534.0,60534.0,1,0.0,0.0
2017-06-16,60021.0,64125.0,57456.0,59508.0,59508.0,1,0.0,0.0
2017-06-19,60021.0,62586.0,58482.0,60021.0,60021.0,1,0.0,0.0
2017-06-20,61047.0,61047.0,56430.0,56943.0,56943.0,1,0.0,0.0
2017-06-21,57969.0,60021.0,56943.0,56943.0,56943.0,1,0.0,0.0
2017-06-22,56430.0,57969.0,54378.0,55404.0,55404.0,1,0.0,0.0
2017-06-23,55404.0,57456.0,51300.0,52326.0,52326.0,2,0.0,0.0
2017-06-26,51300.0,53762.398438,46170.0,48683.699219,48683.699219,1,0.0,0.0
2017-06-27,49248.0,49248.0,46170.0,47709.0,47709.0,1,0.0,0.0
2017-06-28,47657.699219,47709.0,44631.0,45657.0,45657.0,0,0.0,0.0
2017-06-29,44118.0,51043.5,43605.0,50274.0,50274.0,2,0.0,0.0
2017-06-30,49761.0,54891.0,49761.0,54378.0,54378.0,1,0.0,0.0
2017-07-03,55917.0,55917.0,50787.0,50787.0,50787.0,0,0.0,0.0
2017-07-05,56430.0,56430.0,50787.0,52326.0,52326.0,0,0.0,0.0
2017-07-06,51300.0,60021.0,51300.0,55917.0,55917.0,1,0.0,0.0
2017-07-07,53352.0,55917.0,51300.0,52326.0,52326.0,1,0.0,0.0
2017-07-10,53352.0,53762.398438,50274.0,53352.0,53352.0,0,0.0,0.0
2017-07-11,56430.0,56430.0,51813.0,52839.0,52839.0,0,0.0,0.0
2017-07-12,54378.0,54378.0,52326.0,52839.0,52839.0,0,0.0,0.0
2017-07-13,52941.601562,53865.0,51813.0,53865.0,53865.0,0,0.0,0.0
2017-07-14,53352.0,53352.0,51300.0,52839.0,52839.0,0,0.0,0.0
2017-07-17,52326.0,52839.0,51813.0,51813.0,51813.0,0,0.0,0.0
2017-07-18,53352.0,53352.0,51813.0,51813.0,51813.0,0,0.0,0.0
2017-07-19,52172.101562,52326.0,51864.300781,52326.0,52326.0,0,0.0,0.0
2017-07-20,51300.0,52839.0,50274.0,50787.0,50787.0,0,0.0,0.0
2017-07-21,51300.0,51300.0,50787.0,50787.0,50787.0,0,0.0,0.0
2017-07-24,48735.0,50684.398438,43656.300781,50684.398438,50684.398438,1,0.0,0.0
2017-07-25,50222.699219,56430.0,48735.0,53865.0,53865.0,2,0.0,0.0
2017-07-26,51966.898438,73872.0,51966.898438,55917.0,55917.0,16,0.0,0.0
2017-07-27,56430.0,61560.0,53249.398438,55917.0,55917.0,1,0.0,0.0
2017-07-28,56430.0,58430.699219,49248.0,49248.0,49248.0,1,0.0,0.0
2017-07-31,50274.0,63047.699219,50274.0,54891.0,54891.0,3,0.0,0.0
2017-08-01,54378.0,61047.0,51813.0,57969.0,57969.0,4,0.0,0.0
2017-08-02,59508.0,61560.0,54378.0,55917.0,55917.0,3,0.0,0.0
2017-08-03,56430.0,63509.398438,54891.0,55917.0,55917.0,3,0.0,0.0
2017-08-04,58995.0,60021.0,54891.0,54891.0,54891.0,2,0.0,0.0
2017-08-07,55557.898438,59354.101562,55455.300781,58482.0,58482.0,1,0.0,0.0
2017-08-08,58482.0,65151.0,57456.0,64638.0,64638.0,5,0.0,0.0
2017-08-09,65151.0,69255.0,62073.0,66690.0,66690.0,6,0.0,0.0
2017-08-10,66177.0,66177.0,61560.0,61560.0,61560.0,1,0.0,0.0
2017-08-11,64638.0,65920.5,59559.300781,60380.101562,60380.101562,1,0.0,0.0
2017-08-14,61560.0,68742.0,61047.0,68742.0,68742.0,1,0.0,0.0
2017-08-15,71820.0,71820.0,65664.0,67203.0,67203.0,1,0.0,0.0
2017-08-16,69255.0,69255.0,62073.0,67203.0,67203.0,1,0.0,0.0
2017-08-17,67203.0,69408.898438,63971.101562,65664.0,65664.0,0,0.0,0.0
2017-08-18,65664.0,67716.0,64689.300781,66690.0,66690.0,0,0.0,0.0
2017-08-21,67716.0,71820.0,67716.0,70127.101562,70127.101562,1,0.0,0.0
2017-08-22,71820.0,71820.0,67716.0,70281.0,70281.0,0,0.0,0.0
2017-08-23,69255.0,70794.0,69049.796875,70794.0,70794.0,0,0.0,0.0
2017-08-24,88749.0,94905.0,69255.0,83106.0,83106.0,7,0.0,0.0
2017-08-25,87210.0,87210.0,73359.0,77463.0,77463.0,1,0.0,0.0
2017-08-28,77463.0,81054.0,70794.0,74385.0,74385.0,0,0.0,0.0
2017-08-29,73359.0,76950.0,71358.296875,76437.0,76437.0,0,0.0,0.0
2017-08-30,75924.0,75924.0,67100.398438,74898.0,74898.0,1,0.0,0.0
2017-08-31,75924.0,75924.0,70794.0,74385.0,74385.0,1,0.0,0.0
2017-09-01,73256.398438,74128.5,68998.5,71307.0,71307.0,0,0.0,0.0
2017-09-05,73359.0,73359.0,68229.0,68229.0,68229.0,2,0.0,0.0
2017-09-06,68229.0,68229.0,64125.0,64125.0,64125.0,1,0.0,0.0
2017-09-07,66023.101562,69255.0,66023.101562,66177.0,66177.0,0,0.0,0.0
2017-09-08,67203.0,67203.0,64638.0,64638.0,64638.0,0,0.0,0.0
2017-09-11,66074.398438,66177.0,64125.0,64125.0,64125.0,0,0.0,0.0
2017-09-12,66177.0,67716.0,64638.0,64638.0,64638.0,0,0.0,0.0
2017-09-13,65151.0,71820.0,64638.0,65151.0,65151.0,0,0.0,0.0
2017-09-14,65151.0,65151.0,64125.0,64125.0,64125.0,0,0.0,0.0
2017-09-15,65151.0,65151.0,64125.0,65151.0,65151.0,0,0.0,0.0
2017-09-18,64125.0,65151.0,57456.0,60534.0,60534.0,1,0.0,0.0
2017-09-19,58995.0,62586.0,56430.0,60021.0,60021.0,1,0.0,0.0
2017-09-20,58995.0,59508.0,56430.0,58482.0,58482.0,0,0.0,0.0
2017-09-21,56943.0,58482.0,56943.0,57969.0,57969.0,0,0.0,0.0
2017-09-22,58482.0,61713.898438,56430.0,59508.0,59508.0,0,0.0,0.0
2017-09-25,60534.0,60534.0,57456.0,57969.0,57969.0,0,0.0,0.0
2017-09-26,60534.0,64125.0,60380.101562,63612.0,63612.0,1,0.0,0.0
2017-09-27,62586.0,66690.0,60021.0,65664.0,65664.0,1,0.0,0.0
2017-09-28,69255.0,157491.0,69255.0,123120.0,123120.0,179,0.0,0.0
2017-09-29,129173.398438,147744.0,108243.0,112654.796875,112654.796875,59,0.0,0.0
2017-10-02,110295.0,111321.0,100035.0,105165.0,105165.0,8,0.0,0.0
2017-10-03,104139.0,106191.0,83106.0,99522.0,99522.0,12,0.0,0.0
2017-10-04,99522.0,99522.0,87210.0,87210.0,87210.0,2,0.0,0.0
2017-10-05,93366.0,94392.0,79515.0,92340.0,92340.0,1,0.0,0.0
2017-10-06,92340.0,92340.0,76950.0,80541.0,80541.0,2,0.0,0.0
2017-10-09,82080.0,87210.0,78489.0,80028.0,80028.0,1,0.0,0.0
2017-10-10,78489.0,92853.0,78489.0,90801.0,90801.0,11,0.0,0.0
2017-10-11,92853.0,122094.0,92340.0,100548.0,100548.0,33,0.0,0.0
2017-10-12,99522.0,99522.0,91314.0,91314.0,91314.0,3,0.0,0.0
2017-10-13,90288.0,92340.0,84080.703125,87210.0,87210.0,3,0.0,0.0
2017-10-16,87723.0,92186.101562,77976.0,87928.203125,87928.203125,2,0.0,0.0
2017-10-17,87723.0,95879.703125,84645.0,88236.0,88236.0,3,0.0,0.0
2017-10-18,88236.0,93366.0,86184.0,92340.0,92340.0,4,0.0,0.0
2017-10-19,89775.0,90441.898438,86440.5,88236.0,88236.0,2,0.0,0.0
2017-10-20,88236.0,88236.0,82080.0,85671.0,85671.0,1,0.0,0.0
2017-10-23,86697.0,90801.0,84132.0,85158.0,85158.0,0,0.0,0.0
2017-10-24,86697.0,86697.0,81567.0,81823.5,81823.5,1,0.0,0.0
2017-10-25,83619.0,89775.0,83619.0,85671.0,85671.0,1,0.0,0.0
2017-10-26,82490.398438,87723.0,82080.0,83106.0,83106.0,0,0.0,0.0
2017-10-27,83106.0,85158.0,82593.0,85158.0,85158.0,1,0.0,0.0
2017-10-30,84645.0,87210.0,82593.0,83157.296875,83157.296875,1,0.0,0.0
2017-10-31,83106.0,83619.0,80028.0,82952.101562,82952.101562,1,0.0,0.0
2017-11-01,82593.0,92340.0,80028.0,81105.296875,81105.296875,4,0.0,0.0
2017-11-02,81567.0,86184.0,79002.0,80541.0,80541.0,1,0.0,0.0
2017-11-03,83619.0,85158.0,77976.0,79515.0,79515.0,1,0.0,0.0
2017-11-06,84645.0,84645.0,79515.0,81054.0,81054.0,1,0.0,0.0
2017-11-07,80541.0,85158.0,79515.0,83619.0,83619.0,1,0.0,0.0
2017-11-08,83106.0,84132.0,81054.0,81054.0,81054.0,1,0.0,0.0
2017-11-09,79822.796875,81977.398438,79515.0,81567.0,81567.0,0,0.0,0.0
2017-11-10,82080.0,89262.0,77463.0,82080.0,82080.0,2,0.0,0.0
2017-11-13,83619.0,83619.0,80028.0,81054.0,81054.0,1,0.0,0.0
2017-11-14,89775.0,90801.0,81054.0,81567.0,81567.0,2,0.0,0.0
2017-11-15,81567.0,82080.0,76950.0,76950.0,76950.0,3,0.0,0.0
2017-11-16,79463.703125,82080.0,72333.0,81054.0,81054.0,1,0.0,0.0
2017-11-17,82080.0,82080.0,75051.898438,81567.0,81567.0,1,0.0,0.0
2017-11-20,81567.0,81567.0,78540.296875,79515.0,79515.0,1,0.0,0.0
2017-11-21,79515.0,79515.0,75411.0,75411.0,75411.0,1,0.0,0.0
2017-11-22,74898.0,79515.0,74898.0,77873.398438,77873.398438,1,0.0,0.0
2017-11-24,79002.0,79002.0,77668.203125,79002.0,79002.0,0,0.0,0.0
2017-11-27,79002.0,79002.0,76950.0,76950.0,76950.0,1,0.0,0.0
2017-11-28,76950.0,76950.0,67203.0,74898.0,74898.0,1,0.0,0.0
2017-11-29,74898.0,76437.0,73872.0,74385.0,74385.0,1,0.0,0.0
2017-11-30,75411.0,76950.0,71820.0,72333.0,72333.0,1,0.0,0.0
2017-12-01,72846.0,75411.0,71820.0,73872.0,73872.0,1,0.0,0.0
2017-12-04,73872.0,86697.0,73872.0,78489.0,78489.0,7,0.0,0.0
2017-12-05,80541.0,80541.0,76950.0,79515.0,79515.0,1,0.0,0.0
2017-12-06,78489.0,79515.0,76950.0,77463.0,77463.0,2,0.0,0.0
2017-12-07,78489.0,78489.0,76950.0,78489.0,78489.0,1,0.0,0.0
2017-12-08,77976.0,77976.0,74898.0,76437.0,76437.0,0,0.0,0.0
2017-12-11,75924.0,76950.0,75411.0,75924.0,75924.0,1,0.0,0.0
2017-12-12,76847.398438,76847.398438,75411.0,75411.0,75411.0,0,0.0,0.0
2017-12-13,71820.0,74898.0,71820.0,74385.0,74385.0,1,0.0,0.0
2017-12-14,72846.0,74898.0,71820.0,74898.0,74898.0,0,0.0,0.0
2017-12-15,74590.203125,76950.0,71820.0,76950.0,76950.0,1,0.0,0.0
2017-12-18,76950.0,76950.0,71820.0,72333.0,72333.0,0,0.0,0.0
2017-12-19,72333.0,74385.0,72333.0,73359.0,73359.0,1,0.0,0.0
2017-12-20,72333.0,72743.398438,71820.0,71820.0,71820.0,0,0.0,0.0
2017-12-21,71820.0,71820.0,57609.898438,66690.0,66690.0,1,0.0,0.0
2017-12-22,67716.0,68742.0,58995.0,61560.0,61560.0,1,0.0,0.0
2017-12-26,71820.0,71820.0,61560.0,61560.0,61560.0,1,0.0,0.0
2017-12-27,61560.0,66125.703125,60534.0,63047.699219,63047.699219,1,0.0,0.0
2017-12-28,61047.0,63099.0,61047.0,61560.0,61560.0,1,0.0,0.0
2017-12-29,61560.0,61560.0,58995.0,59508.0,59508.0,2,0.0,0.0
2018-01-02,60534.0,68742.0,60534.0,64125.0,64125.0,1,0.0,0.0
2018-01-03,66690.0,74385.0,66690.0,70794.0,70794.0,1,0.0,0.0
2018-01-04,78489.0,78489.0,71820.0,74898.0,74898.0,1,0.0,0.0
2018-01-05,76437.0,79002.0,74898.0,76950.0,76950.0,2,0.0,0.0
2018-01-08,76437.0,76437.0,64638.0,73359.0,73359.0,2,0.0,0.0
2018-01-09,45657.0,45657.0,40321.800781,43605.0,43605.0,38,0.0,0.0
2018-01-10,44118.0,44118.0,42066.0,43348.5,43348.5,11,0.0,0.0
2018-01-11,45657.0,45657.0,41040.0,42579.0,42579.0,8,0.0,0.0
2018-01-12,43092.0,43092.0,41553.0,42579.0,42579.0,4,0.0,0.0
2018-01-16,43553.699219,48222.0,42630.300781,44631.0,44631.0,32,0.0,0.0
2018-01-17,48222.0,48222.0,42579.0,45144.0,45144.0,17,0.0,0.0
2018-01-18,45657.0,45657.0,43092.0,44631.0,44631.0,6,0.0,0.0
2018-01-19,44118.0,45605.699219,43399.800781,45144.0,45144.0,4,0.0,0.0
2018-01-22,45144.0,46067.398438,43092.0,44118.0,44118.0,2,0.0,0.0
2018-01-23,43092.0,44118.0,42579.0,42732.898438,42732.898438,3,0.0,0.0
2018-01-24,42989.398438,44579.699219,42066.0,42425.101562,42425.101562,6,0.0,0.0
2018-01-25,41553.0,43605.0,41553.0,42476.398438,42476.398438,2,0.0,0.0
2018-01-26,43605.0,43605.0,41706.898438,42579.0,42579.0,3,0.0,0.0
2018-01-29,43605.0,47709.0,42271.199219,44118.0,44118.0,12,0.0,0.0
2018-01-30,45657.0,45657.0,42579.0,43399.800781,43399.800781,5,0.0,0.0
2018-01-31,44579.699219,46170.0,42579.0,43399.800781,43399.800781,13,0.0,0.0
2018-02-01,43605.0,43605.0,41040.0,42373.800781,42373.800781,5,0.0,0.0
2018-02-02,41706.898438,43348.5,34371.0,37962.0,37962.0,6,0.0,0.0
2018-02-05,37962.0,40475.699219,35961.300781,37449.0,37449.0,3,0.0,0.0
2018-02-06,37449.0,39962.699219,37449.0,37705.5,37705.5,2,0.0,0.0
2018-02-07,39603.601562,39603.601562,34524.898438,34884.0,34884.0,4,0.0,0.0
2018-02-08,34884.0,37449.0,33447.601562,33601.5,33601.5,3,0.0,0.0
2018-02-09,33858.0,34678.800781,28779.300781,32319.0,32319.0,3,0.0,0.0
2018-02-12,31806.0,33345.0,30831.300781,31293.0,31293.0,3,0.0,0.0
2018-02-13,32421.599609,34678.800781,31446.900391,34114.5,34114.5,2,0.0,0.0
2018-02-14,34832.699219,36423.0,34371.0,34884.0,34884.0,2,0.0,0.0
2018-02-15,35858.699219,36269.101562,34884.0,34935.300781,34935.300781,1,0.0,0.0
2018-02-16,36423.0,36423.0,34268.398438,34371.0,34371.0,0,0.0,0.0
2018-02-20,34884.0,35807.398438,33858.0,34371.0,34371.0,1,0.0,0.0
2018-02-21,33909.300781,35397.0,33858.0,35140.5,35140.5,1,0.0,0.0
2018-02-22,34114.5,35910.0,30831.300781,33345.0,33345.0,1,0.0,0.0
2018-02-23,31857.300781,35345.699219,31857.300781,33858.0,33858.0,1,0.0,0.0
2018-02-26,33960.601562,35089.199219,27702.0,31806.0,31806.0,3,0.0,0.0
2018-02-27,30267.0,32832.0,28984.5,30780.0,30780.0,1,0.0,0.0
2018-02-28,33345.0,38475.0,28984.5,29907.900391,29907.900391,24,0.0,0.0
2018-03-01,31293.0,31293.0,28779.300781,29035.800781,29035.800781,2,0.0,0.0
2018-03-02,29035.800781,30267.0,28215.0,29241.0,29241.0,3,0.0,0.0
2018-03-05,29907.900391,29907.900391,28215.0,29035.800781,29035.800781,1,0.0,0.0
2018-03-06,30215.699219,30215.699219,28779.300781,28830.599609,28830.599609,2,0.0,0.0
2018-03-07,30113.099609,30113.099609,28266.300781,28728.0,28728.0,1,0.0,0.0
2018-03-08,28728.0,28728.0,26163.0,27702.0,27702.0,1,0.0,0.0
2018-03-09,28163.699219,28215.0,26214.300781,27189.0,27189.0,3,0.0,0.0
2018-03-12,28368.900391,29754.0,26676.0,28215.0,28215.0,6,0.0,0.0
2018-03-13,33345.0,40937.398438,32832.0,34371.0,34371.0,46,0.0,0.0
2018-03-14,35910.0,36423.0,31806.0,33345.0,33345.0,7,0.0,0.0
2018-03-15,32832.0,34884.0,31806.0,31806.0,31806.0,6,0.0,0.0
2018-03-16,32832.0,33037.199219,27189.0,31806.0,31806.0,5,0.0,0.0
2018-03-19,30626.099609,30677.400391,28728.0,29651.400391,29651.400391,2,0.0,0.0
2018-03-20,29754.0,29754.0,27394.199219,28625.400391,28625.400391,3,0.0,0.0
2018-03-21,27702.0,29754.0,27189.0,28009.800781,28009.800781,4,0.0,0.0
2018-03-22,27189.0,28728.0,26676.0,27240.300781,27240.300781,2,0.0,0.0
2018-03-23,27189.0,27342.900391,26214.300781,27137.699219,27137.699219,2,0.0,0.0
2018-03-26,27137.699219,27137.699219,24521.400391,24624.0,24624.0,5,0.0,0.0
2018-03-27,23598.0,24931.800781,23085.0,23598.0,23598.0,3,0.0,0.0
2018-03-28,23598.0,24624.0,20520.0,22931.099609,22931.099609,1,0.0,0.0
2018-03-29,22059.0,24111.0,22059.0,23341.5,23341.5,2,0.0,0.0
2018-04-02,23598.0,25598.699219,23598.0,24264.900391,24264.900391,3,0.0,0.0
2018-04-03,25650.0,25650.0,23085.0,25650.0,25650.0,3,0.0,0.0
2018-04-04,25547.400391,25650.0,22059.0,24624.0,24624.0,1,0.0,0.0
2018-04-05,25393.5,27291.599609,24264.900391,26111.699219,26111.699219,2,0.0,0.0
2018-04-06,26163.0,27291.599609,24675.300781,25137.0,25137.0,2,0.0,0.0
2018-04-09,25085.699219,25085.699219,23341.5,24111.0,24111.0,1,0.0,0.0
2018-04-10,23598.0,24111.0,23085.0,23392.800781,23392.800781,1,0.0,0.0
2018-04-11,23085.0,24624.0,23085.0,23649.300781,23649.300781,2,0.0,0.0
2018-04-12,24572.699219,25085.699219,23085.0,23085.0,23085.0,2,0.0,0.0
2018-04-13,24008.400391,24367.5,21033.0,23033.699219,23033.699219,2,0.0,0.0
2018-04-16,22572.0,23187.599609,21546.0,21853.800781,21853.800781,2,0.0,0.0
2018-04-17,21853.800781,23495.400391,21853.800781,22674.599609,22674.599609,2,0.0,0.0
2018-04-18,22059.0,23085.0,21546.0,21546.0,21546.0,1,0.0,0.0
2018-04-19,21546.0,22469.400391,21340.800781,21494.699219,21494.699219,1,0.0,0.0
2018-04-20,21033.0,21648.599609,19596.599609,20007.0,20007.0,3,0.0,0.0
2018-04-23,20007.0,20263.5,19596.599609,19750.5,19750.5,1,0.0,0.0
2018-04-24,20930.400391,20930.400391,17955.0,17955.0,17955.0,2,0.0,0.0
2018-04-25,18468.0,18468.0,16416.0,17339.400391,17339.400391,1,0.0,0.0
2018-04-26,17955.0,17955.0,15903.0,15903.0,15903.0,2,0.0,0.0
2018-04-27,16723.800781,17595.900391,15903.0,16262.099609,16262.099609,1,0.0,0.0
2018-04-30,16416.0,17955.0,16416.0,17749.800781,17749.800781,3,0.0,0.0
2018-05-01,16980.300781,20981.699219,16929.0,19853.099609,19853.099609,8,0.0,0.0
2018-05-02,21033.0,22828.5,20007.0,21494.699219,21494.699219,6,0.0,0.0
2018-05-03,21546.0,21546.0,20520.0,20571.300781,20571.300781,2,0.0,0.0
2018-05-04,20520.0,21546.0,19545.300781,20520.0,20520.0,1,0.0,0.0
2018-05-07,20930.400391,20930.400391,19596.599609,20007.0,20007.0,1,0.0,0.0
2018-05-08,19596.599609,21033.0,18468.0,20007.0,20007.0,1,0.0,0.0
2018-05-09,20520.0,20520.0,19032.300781,19904.400391,19904.400391,1,0.0,0.0
2018-05-10,19494.0,20212.199219,19237.5,19699.199219,19699.199219,1,0.0,0.0
2018-05-11,19237.5,19955.699219,17955.0,17955.0,17955.0,1,0.0,0.0
2018-05-14,19340.099609,19750.5,18057.599609,18775.800781,18775.800781,0,0.0,0.0
2018-05-15,19494.0,19699.199219,19288.800781,19494.0,19494.0,1,0.0,0.0
2018-05-16,19494.0,19494.0,19032.300781,19032.300781,19032.300781,1,0.0,0.0
2018-05-17,19032.300781,19494.0,19032.300781,19032.300781,19032.300781,1,0.0,0.0
2018-05-18,19032.300781,19494.0,19032.300781,19237.5,19237.5,0,0.0,0.0
2018-05-21,19494.0,46170.0,18468.0,31857.300781,31857.300781,112,0.0,0.0
2018-05-22,30780.0,37449.0,23598.0,25650.0,25650.0,60,0.0,0.0
2018-05-23,25650.0,27702.0,22059.0,23598.0,23598.0,14,0.0,0.0
2018-05-24,24624.0,24624.0,22059.0,22572.0,22572.0,3,0.0,0.0
2018-05-25,22572.0,25085.699219,22110.300781,24624.0,24624.0,5,0.0,0.0
2018-05-29,26676.0,26676.0,20622.599609,22572.0,22572.0,11,0.0,0.0
2018-05-30,21546.0,24111.0,21033.0,22007.699219,22007.699219,5,0.0,0.0
2018-05-31,21546.0,21546.0,16980.300781,18724.5,18724.5,21,0.0,0.0
2018-06-01,18570.599609,19494.0,17442.0,18314.099609,18314.099609,8,0.0,0.0
2018-06-04,19237.5,19494.0,17955.0,18468.0,18468.0,9,0.0,0.0
2018-06-05,18981.0,19391.400391,18057.599609,18621.900391,18621.900391,5,0.0,0.0
2018-06-06,18468.0,18878.400391,17647.199219,17698.5,17698.5,5,0.0,0.0
2018-06-07,18570.599609,18570.599609,17082.900391,18160.199219,18160.199219,4,0.0,0.0
2018-06-08,18057.599609,20520.0,17082.900391,19494.0,19494.0,13,0.0,0.0
2018-06-11,20468.699219,20468.699219,18468.0,18775.800781,18775.800781,3,0.0,0.0
2018-06-12,18468.0,18981.0,17442.0,17955.0,17955.0,4,0.0,0.0
2018-06-13,17955.0,24162.300781,17544.599609,18724.5,18724.5,47,0.0,0.0
2018-06-14,18981.0,19494.0,17082.900391,17801.099609,17801.099609,9,0.0,0.0
2018-06-15,17852.400391,18365.400391,16672.5,17647.199219,17647.199219,3,0.0,0.0
2018-06-18,18006.300781,18006.300781,16416.0,17134.199219,17134.199219,3,0.0,0.0
2018-06-19,17442.0,17903.699219,16467.300781,16723.800781,16723.800781,3,0.0,0.0
2018-06-20,16929.0,17442.0,16569.900391,17288.099609,17288.099609,1,0.0,0.0
2018-06-21,17698.5,17698.5,16416.0,17442.0,17442.0,4,0.0,0.0
2018-06-22,16929.0,17442.0,16929.0,17442.0,17442.0,1,0.0,0.0
2018-06-25,16929.0,17852.400391,16159.5,16313.400391,16313.400391,2,0.0,0.0
2018-06-26,17134.199219,17134.199219,15390.0,16159.5,16159.5,2,0.0,0.0
2018-06-27,15749.099609,18929.699219,15646.5,15903.0,15903.0,17,0.0,0.0
2018-06-28,16159.5,22572.0,14364.0,19545.300781,19545.300781,41,0.0,0.0
2018-06-29,20263.5,20263.5,16416.0,17031.599609,17031.599609,19,0.0,0.0
2018-07-02,17442.0,17442.0,16159.5,16210.799805,16210.799805,4,0.0,0.0
2018-07-03,17031.599609,17031.599609,15390.0,15595.200195,15595.200195,3,0.0,0.0
2018-07-05,16364.700195,16364.700195,15390.0,15800.400391,15800.400391,2,0.0,0.0
2018-07-06,16929.0,16929.0,15390.0,15441.299805,15441.299805,2,0.0,0.0
2018-07-09,15954.299805,18981.0,15543.900391,18108.900391,18108.900391,22,0.0,0.0
2018-07-10,17698.5,17749.800781,15954.299805,16364.700195,16364.700195,4,0.0,0.0
2018-07-11,16672.5,17390.699219,16005.599609,16467.300781,16467.300781,2,0.0,0.0
2018-07-12,16159.5,18262.800781,15697.799805,15903.0,15903.0,45,0.0,0.0
2018-07-13,16929.0,16929.0,15492.599609,16364.700195,16364.700195,17,0.0,0.0
2018-07-16,16621.199219,16621.199219,12825.0,14569.200195,14569.200195,15,0.0,0.0
2018-07-17,13338.0,14107.5,8618.400391,10054.799805,10054.799805,27,0.0,0.0
2018-07-18,9234.0,11799.0,9080.099609,10516.5,10516.5,14,0.0,0.0
2018-07-19,11029.5,12004.200195,9747.0,10773.0,10773.0,6,0.0,0.0
2018-07-20,9747.0,11645.099609,9747.0,10362.599609,10362.599609,5,0.0,0.0
2018-07-23,11542.5,12312.0,10362.599609,10721.700195,10721.700195,10,0.0,0.0
2018-07-24,10619.099609,11080.799805,10362.599609,10567.799805,10567.799805,5,0.0,0.0
2018-07-25,10362.599609,10773.0,10157.400391,10260.0,10260.0,3,0.0,0.0
2018-07-26,10157.400391,10978.200195,9747.0,10003.5,10003.5,1,0.0,0.0
2018-07-27,10208.700195,11696.400391,9849.599609,10773.0,10773.0,10,0.0,0.0
2018-07-30,10311.299805,10773.0,9747.0,10054.799805,10054.799805,2,0.0,0.0
2018-07-31,10260.0,10260.0,8772.299805,9490.5,9490.5,3,0.0,0.0
2018-08-01,9490.5,9747.0,8874.900391,8977.5,8977.5,1,0.0,0.0
2018-08-02,9131.400391,9131.400391,7695.0,8977.5,8977.5,3,0.0,0.0
2018-08-03,9131.400391,9131.400391,8105.399902,8721.0,8721.0,2,0.0,0.0
2018-08-06,8977.5,9028.799805,7951.5,8259.299805,8259.299805,2,0.0,0.0
2018-08-07,8721.0,9131.400391,8105.399902,8926.200195,8926.200195,2,0.0,0.0
2018-08-08,8977.5,9387.900391,8259.299805,8721.0,8721.0,0,0.0,0.0
2018-08-09,8515.799805,8977.5,8310.599609,8772.299805,8772.299805,1,0.0,0.0
2018-08-10,8926.200195,9182.700195,8721.0,8926.200195,8926.200195,1,0.0,0.0
2018-08-13,8464.5,9644.400391,8464.5,8567.099609,8567.099609,4,0.0,0.0
2018-08-14,8515.799805,9234.0,8464.5,8721.0,8721.0,1,0.0,0.0
2018-08-15,9131.400391,9131.400391,8259.299805,8310.599609,8310.599609,1,0.0,0.0
2018-08-16,8721.0,11799.0,8361.900391,9952.200195,9952.200195,13,0.0,0.0
2018-08-17,10260.0,10260.0,8772.299805,9747.0,9747.0,3,0.0,0.0
2018-08-20,10260.0,10260.0,9285.299805,9490.5,9490.5,1,0.0,0.0
2018-08-21,9952.200195,10157.400391,9285.299805,9695.700195,9695.700195,1,0.0,0.0
2018-08-22,9900.900391,11542.5,9747.0,10260.0,10260.0,13,0.0,0.0
2018-08-23,10567.799805,10567.799805,9747.0,10003.5,10003.5,3,0.0,0.0
2018-08-24,15697.799805,31806.0,15697.799805,21546.0,21546.0,419,0.0,0.0
2018-08-27,24111.0,24111.0,16929.0,18673.199219,18673.199219,91,0.0,0.0
2018-08-28,18673.199219,19494.0,17442.0,18724.5,18724.5,30,0.0,0.0
2018-08-29,18775.800781,18775.800781,15903.0,17442.0,17442.0,19,0.0,0.0
2018-08-30,17442.0,17442.0,16005.599609,16467.300781,16467.300781,13,0.0,0.0
2018-08-31,16877.699219,16877.699219,15390.0,15390.0,15390.0,14,0.0,0.0
2018-09-04,15492.599609,15903.0,13851.0,14004.900391,14004.900391,10,0.0,0.0
2018-09-05,13851.0,14517.900391,12825.0,13594.5,13594.5,9,0.0,0.0
2018-09-06,13338.0,16877.699219,12876.299805,16877.699219,16877.699219,18,0.0,0.0
2018-09-07,17031.599609,18416.699219,14877.0,16005.599609,16005.599609,22,0.0,0.0
2018-09-10,15903.0,16262.099609,10516.5,13902.299805,13902.299805,16,0.0,0.0
2018-09-11,14261.400391,19853.099609,12825.0,18416.699219,18416.699219,48,0.0,0.0
2018-09-12,18929.699219,18981.0,15390.0,16416.0,16416.0,9,0.0,0.0
2018-09-13,16056.900391,16416.0,15287.400391,16108.200195,16108.200195,7,0.0,0.0
2018-09-14,15903.0,16005.599609,14364.0,14877.0,14877.0,5,0.0,0.0
2018-09-17,15492.599609,15749.099609,14364.0,14877.0,14877.0,4,0.0,0.0
2018-09-18,14877.0,15903.0,14620.5,14774.400391,14774.400391,9,0.0,0.0
2018-09-19,14979.599609,15851.700195,14620.5,14620.5,14620.5,4,0.0,0.0
2018-09-20,14415.299805,15287.400391,14364.0,14620.5,14620.5,3,0.0,0.0
2018-09-21,15236.099609,15236.099609,13491.900391,13543.200195,13543.200195,6,0.0,0.0
2018-09-24,14877.0,14877.0,13389.299805,13851.0,13851.0,4,0.0,0.0
2018-09-25,14569.200195,16929.0,13594.5,15903.0,15903.0,16,0.0,0.0
2018-09-26,14979.599609,15390.0,14107.5,14620.5,14620.5,4,0.0,0.0
2018-09-27,14877.0,14877.0,13440.599609,13799.700195,13799.700195,4,0.0,0.0
2018-09-28,13851.0,14364.0,13440.599609,13697.099609,13697.099609,3,0.0,0.0
2018-10-01,14364.0,15390.0,13697.099609,14158.799805,14158.799805,18,0.0,0.0
2018-10-02,13953.599609,14415.299805,13594.5,13799.700195,13799.700195,5,0.0,0.0
2018-10-03,14364.0,17442.0,12773.700195,13851.0,13851.0,20,0.0,0.0
2018-10-04,13851.0,15390.0,13645.799805,14671.799805,14671.799805,9,0.0,0.0
2018-10-05,15338.700195,21546.0,13491.900391,19288.800781,19288.800781,95,0.0,0.0
2018-10-08,18519.300781,18519.300781,15543.900391,16929.0,16929.0,26,0.0,0.0
2018-10-09,15903.0,16929.0,14107.5,16929.0,16929.0,27,0.0,0.0
2018-10-10,14877.0,16416.0,14877.0,15390.0,15390.0,8,0.0,0.0
2018-10-11,14877.0,15390.0,13851.0,14107.5,14107.5,7,0.0,0.0
2018-10-12,14774.400391,14774.400391,13902.299805,14569.200195,14569.200195,2,0.0,0.0
2018-10-15,14620.5,14620.5,13953.599609,14569.200195,14569.200195,4,0.0,0.0
2018-10-16,14364.0,14517.900391,13594.5,14517.900391,14517.900391,4,0.0,0.0
2018-10-17,13851.0,14517.900391,13645.799805,14364.0,14364.0,3,0.0,0.0
2018-10-18,13645.799805,18365.400391,13645.799805,17955.0,17955.0,37,0.0,0.0
2018-10-19,17236.800781,18468.0,14364.0,15390.0,15390.0,12,0.0,0.0
2018-10-22,15390.0,15390.0,13851.0,14877.0,14877.0,10,0.0,0.0
2018-10-23,13851.0,14877.0,13748.400391,14261.400391,14261.400391,2,0.0,0.0
2018-10-24,14620.5,16416.0,14004.900391,14004.900391,14004.900391,19,0.0,0.0
2018-10-25,14877.0,16775.099609,13030.200195,14364.0,14364.0,9,0.0,0.0
2018-10-26,13645.799805,15851.700195,13645.799805,14107.5,14107.5,12,0.0,0.0
2018-10-29,15082.200195,15184.799805,13851.0,14107.5,14107.5,4,0.0,0.0
2018-10-30,14774.400391,14774.400391,13338.0,13851.0,13851.0,4,0.0,0.0
2018-10-31,14056.200195,14261.400391,13440.599609,14107.5,14107.5,3,0.0,0.0
2018-11-01,13594.5,14364.0,13132.799805,14158.799805,14158.799805,6,0.0,0.0
2018-11-02,14312.700195,14877.0,13851.0,14107.5,14107.5,5,0.0,0.0
2018-11-05,13902.299805,14620.5,13902.299805,14004.900391,14004.900391,1,0.0,0.0
2018-11-06,14364.0,16929.0,13953.599609,16159.5,16159.5,31,0.0,0.0
2018-11-07,15441.299805,18929.699219,15441.299805,17955.0,17955.0,52,0.0,0.0
2018-11-08,16416.0,17852.400391,14877.0,15595.200195,15595.200195,21,0.0,0.0
2018-11-09,16364.700195,16775.099609,14877.0,15082.200195,15082.200195,7,0.0,0.0
2018-11-12,15800.400391,15800.400391,13851.0,14312.700195,14312.700195,11,0.0,0.0
2018-11-13,14723.099609,15133.5,14364.0,14671.799805,14671.799805,6,0.0,0.0
2018-11-14,15133.5,15133.5,14107.5,14364.0,14364.0,5,0.0,0.0
2018-11-15,14877.0,14877.0,14107.5,14312.700195,14312.700195,4,0.0,0.0
2018-11-16,15390.0,15390.0,14107.5,14569.200195,14569.200195,2,0.0,0.0
2018-11-19,14825.700195,14825.700195,13851.0,14210.099609,14210.099609,3,0.0,0.0
2018-11-20,13851.0,14569.200195,13851.0,14056.200195,14056.200195,3,0.0,0.0
2018-11-21,14056.200195,14056.200195,12825.0,13543.200195,13543.200195,6,0.0,0.0
2018-11-23,13338.0,14620.5,13338.0,13851.0,13851.0,3,0.0,0.0
2018-11-26,13851.0,14312.700195,13338.0,13799.700195,13799.700195,3,0.0,0.0
2018-11-27,13440.599609,14056.200195,13235.400391,13491.900391,13491.900391,3,0.0,0.0
2018-11-28,13851.0,14056.200195,12978.900391,13543.200195,13543.200195,3,0.0,0.0
2018-11-29,13851.0,13851.0,11645.099609,12517.200195,12517.200195,4,0.0,0.0
2018-11-30,12825.0,13286.700195,10619.099609,12825.0,12825.0,6,0.0,0.0
2018-12-03,13338.0,13338.0,11952.900391,12722.400391,12722.400391,2,0.0,0.0
2018-12-04,12414.599609,12825.0,11799.0,11901.599609,11901.599609,2,0.0,0.0
2018-12-06,12106.799805,12825.0,11542.5,11799.0,11799.0,1,0.0,0.0
2018-12-07,12414.599609,12517.200195,11286.0,11286.0,11286.0,2,0.0,0.0
2018-12-10,11029.5,11850.299805,11029.5,11286.0,11286.0,1,0.0,0.0
2018-12-11,10824.299805,11593.799805,10311.299805,10670.400391,10670.400391,2,0.0,0.0
2018-12-12,10567.799805,11286.0,10311.299805,10670.400391,10670.400391,2,0.0,0.0
2018-12-13,10773.0,11234.700195,9747.0,9798.299805,9798.299805,3,0.0,0.0
2018-12-14,9747.0,10773.0,9234.0,9952.200195,9952.200195,2,0.0,0.0
2018-12-17,10311.299805,10773.0,10208.700195,10311.299805,10311.299805,2,0.0,0.0
2018-12-18,10260.0,10619.099609,9234.0,9285.299805,9285.299805,4,0.0,0.0
2018-12-19,9387.900391,10003.5,9234.0,9747.0,9747.0,3,0.0,0.0
2018-12-20,9644.400391,14877.0,7695.0,10773.0,10773.0,73,0.0,0.0
2018-12-21,10773.0,11029.5,8464.5,10260.0,10260.0,30,0.0,0.0
2018-12-24,9336.599609,9747.0,8721.0,8823.599609,8823.599609,6,0.0,0.0
2018-12-26,9285.299805,9695.700195,8156.700195,8413.200195,8413.200195,8,0.0,0.0
2018-12-27,8721.0,9234.0,6771.600098,8618.400391,8618.400391,20,0.0,0.0
2018-12-28,8208.0,9747.0,7746.299805,8669.700195,8669.700195,15,0.0,0.0
2018-12-31,9182.700195,9182.700195,7951.5,8310.599609,8310.599609,9,0.0,0.0
2019-01-02,8721.0,10260.0,8054.100098,9490.5,9490.5,23,0.0,0.0
2019-01-03,9490.5,9747.0,8310.599609,8977.5,8977.5,9,0.0,0.0
2019-01-04,8926.200195,9439.200195,8464.5,8977.5,8977.5,6,0.0,0.0
2019-01-07,8618.400391,10773.0,8464.5,9900.900391,9900.900391,15,0.0,0.0
2019-01-08,9900.900391,11388.599609,9234.0,10362.599609,10362.599609,14,0.0,0.0
2019-01-09,10260.0,10773.0,9747.0,10670.400391,10670.400391,6,0.0,0.0
2019-01-10,10260.0,11234.700195,9644.400391,10157.400391,10157.400391,3,0.0,0.0
2019-01-11,10670.400391,10773.0,10003.5,10516.5,10516.5,1,0.0,0.0
2019-01-14,9849.599609,10516.5,9336.599609,9336.599609,9336.599609,5,0.0,0.0
2019-01-15,9798.299805,10260.0,8977.5,9234.0,9234.0,5,0.0,0.0
2019-01-16,9234.0,9490.5,8977.5,9439.200195,9439.200195,3,0.0,0.0
2019-01-17,9234.0,9900.900391,9234.0,9234.0,9234.0,2,0.0,0.0
2019-01-18,9490.5,10773.0,9234.0,10003.5,10003.5,6,0.0,0.0
2019-01-22,10260.0,10260.0,8977.5,9234.0,9234.0,5,0.0,0.0
2019-01-23,9695.700195,9747.0,8721.0,9028.799805,9028.799805,3,0.0,0.0
2019-01-24,9028.799805,9234.0,8721.0,8874.900391,8874.900391,2,0.0,0.0
2019-01-25,9182.700195,9182.700195,8259.299805,8721.0,8721.0,6,0.0,0.0
2019-01-28,8772.299805,9490.5,8721.0,8874.900391,8874.900391,6,0.0,0.0
2019-01-29,8772.299805,9490.5,8721.0,9182.700195,9182.700195,6,0.0,0.0
2019-01-30,9387.900391,16929.0,8772.299805,14825.700195,14825.700195,137,0.0,0.0
2019-01-31,14364.0,14364.0,10773.0,11286.0,11286.0,59,0.0,0.0
2019-02-01,12825.0,12825.0,10773.0,11901.599609,11901.599609,26,0.0,0.0
2019-02-04,8640.0,10773.0,7155.0,9909.0,9909.0,4,0.0,0.052632
2019-02-05,10881.0,30753.0,10827.0,19386.0,19386.0,742,0.0,0.0
2019-02-06,22545.0,26352.0,18090.0,18900.0,18900.0,469,0.0,0.0
2019-02-07,18171.0,19710.0,12717.0,14850.0,14850.0,121,0.0,0.0
2019-02-08,14580.0,15066.0,12717.0,13365.0,13365.0,43,0.0,0.0
2019-02-11,13149.0,17280.0,12933.0,15930.0,15930.0,310,0.0,0.0
2019-02-12,19710.0,26190.0,17496.0,19170.0,19170.0,1705,0.0,0.0
2019-02-13,18738.0,18943.199219,17145.0,17523.0,17523.0,116,0.0,0.0
2019-02-14,17091.0,17091.0,15147.0,16146.0,16146.0,84,0.0,0.0
2019-02-15,16713.0,16758.900391,15268.5,15633.0,15633.0,20,0.0,0.0
2019-02-19,15120.0,15635.700195,14652.900391,15201.0,15201.0,31,0.0,0.0
2019-02-20,17577.0,18225.0,15660.0,16740.0,16740.0,194,0.0,0.0
2019-02-21,16659.0,16740.0,14979.599609,15228.0,15228.0,24,0.0,0.0
2019-02-22,15282.0,15525.0,14852.700195,15120.0,15120.0,24,0.0,0.0
2019-02-25,17118.0,17118.0,14877.0,15768.0,15768.0,33,0.0,0.0
2019-02-26,15741.0,15741.0,14715.0,15147.0,15147.0,18,0.0,0.0
2019-02-27,14931.0,14931.0,13905.0,14472.0,14472.0,14,0.0,0.0
2019-02-28,14472.0,14596.200195,13905.0,14175.0,14175.0,9,0.0,0.0
2019-03-01,14175.0,14512.5,13554.0,14310.0,14310.0,16,0.0,0.0
2019-03-04,14202.0,14639.400391,12933.0,13230.0,13230.0,11,0.0,0.0
2019-03-05,14752.799805,14823.0,13554.0,14013.0,14013.0,13,0.0,0.0
2019-03-06,13878.0,14445.0,13473.0,13878.0,13878.0,12,0.0,0.0
2019-03-07,13878.0,16686.0,13878.0,16092.0,16092.0,80,0.0,0.0
2019-03-08,16200.0,18446.400391,15916.5,18225.0,18225.0,54,0.0,0.0
2019-03-11,18900.0,19818.0,18435.599609,19818.0,19818.0,32,0.0,0.0
2019-03-12,20169.0,20169.0,17955.0,18765.0,18765.0,19,0.0,0.0
2019-03-13,19872.0,20217.599609,18360.0,19467.0,19467.0,42,0.0,0.0
2019-03-14,19278.0,19656.0,18090.0,19386.0,19386.0,11,0.0,0.0
2019-03-15,19278.0,19980.0,18616.5,19629.0,19629.0,13,0.0,0.0
2019-03-18,19494.0,20925.0,18657.0,20898.0,20898.0,15,0.0,0.0
2019-03-19,20763.0,22005.0,19872.0,19872.0,19872.0,25,0.0,0.0
2019-03-20,19980.0,20520.0,19278.0,20520.0,20520.0,14,0.0,0.0
2019-03-21,20223.0,20223.0,19305.0,19413.0,19413.0,3,0.0,0.0
2019-03-22,19278.0,20501.099609,19035.0,20223.0,20223.0,4,0.0,0.0
2019-03-25,20223.0,20255.400391,18927.0,19656.0,19656.0,4,0.0,0.0
2019-03-26,19386.0,19548.0,19105.199219,19170.0,19170.0,1,0.0,0.0
2019-03-27,19143.0,19845.0,19078.199219,19197.0,19197.0,3,0.0,0.0
2019-03-28,19278.0,19467.0,18927.0,19440.0,19440.0,4,0.0,0.0
2019-03-29,19440.0,20115.0,18370.800781,19278.0,19278.0,12,0.0,0.0
2019-04-01,18495.0,19791.0,17280.0,19089.0,19089.0,11,0.0,0.0
2019-04-02,18927.0,19089.0,17828.099609,18616.5,18616.5,14,0.0,0.0
2019-04-03,18576.0,18967.5,17334.0,18468.0,18468.0,4,0.0,0.0
2019-04-04,18468.0,19656.0,18063.0,19656.0,19656.0,7,0.0,0.0
2019-04-05,19656.0,21330.0,19656.0,20628.0,20628.0,45,0.0,0.0
2019-04-08,20520.0,20798.099609,19737.0,20763.0,20763.0,3,0.0,0.0
2019-04-09,20493.0,20790.0,19575.0,19575.0,19575.0,3,0.0,0.0
2019-04-10,19602.0,20476.800781,19602.0,20331.0,20331.0,5,0.0,0.0
2019-04-11,20196.0,20385.0,18900.0,19818.0,19818.0,11,0.0,0.0
2019-04-12,19764.0,20061.0,18927.0,19710.0,19710.0,7,0.0,0.0
2019-04-15,19818.0,20250.0,19251.0,20250.0,20250.0,2,0.0,0.0
2019-04-16,20304.0,20385.0,19197.0,20385.0,20385.0,1,0.0,0.0
2019-04-17,20277.0,20439.0,19332.0,19494.0,19494.0,3,0.0,0.0
2019-04-18,19575.0,20385.0,19332.0,20088.0,20088.0,1,0.0,0.0
2019-04-22,19899.0,20439.0,19440.0,20439.0,20439.0,1,0.0,0.0
2019-04-23,20088.0,20088.0,18900.0,18900.0,18900.0,3,0.0,0.0
2019-04-24,19116.0,19980.0,18927.0,19899.0,19899.0,2,0.0,0.0
2019-04-25,19602.0,19602.0,18846.0,18900.0,18900.0,6,0.0,0.0
2019-04-26,18900.0,18929.699219,17550.0,18090.0,18090.0,4,0.0,0.0
2019-04-29,17955.0,18252.0,17374.5,17604.0,17604.0,2,0.0,0.0
2019-04-30,17577.0,18360.0,17361.0,18360.0,18360.0,6,0.0,0.0
2019-05-01,18225.0,18225.0,16740.0,17253.0,17253.0,2,0.0,0.0
2019-05-02,17037.0,17037.0,15525.0,15525.0,15525.0,2,0.0,0.0
2019-05-03,15525.0,17201.699219,15525.0,16983.0,16983.0,1,0.0,0.0
2019-05-06,16470.0,17820.0,16470.0,17163.900391,17163.900391,2,0.0,0.0
2019-05-07,16556.400391,16977.599609,15228.0,15984.0,15984.0,2,0.0,0.0
2019-05-08,15984.0,15984.0,15147.0,15390.0,15390.0,2,0.0,0.0
2019-05-09,15003.900391,16785.900391,15003.900391,16011.0,16011.0,2,0.0,0.0
2019-05-10,15279.299805,16688.699219,15255.0,16092.0,16092.0,1,0.0,0.0
2019-05-13,16119.0,17739.0,16119.0,17739.0,17739.0,0,0.0,0.0
2019-05-14,15930.0,16632.0,15336.0,15741.0,15741.0,3,0.0,0.0
2019-05-15,16362.0,16362.0,15687.0,15687.0,15687.0,0,0.0,0.0
2019-05-16,16497.0,17415.0,16497.0,17415.0,17415.0,1,0.0,0.0
2019-05-17,17280.0,17280.0,15660.0,16605.0,16605.0,1,0.0,0.0
2019-05-20,16740.0,16848.0,15066.0,15660.0,15660.0,1,0.0,0.0
2019-05-21,16200.0,16200.0,15525.0,15660.0,15660.0,2,0.0,0.0
2019-05-22,16038.0,16038.0,15533.099609,15660.0,15660.0,2,0.0,0.0
2019-05-23,15249.599609,15660.0,15249.599609,15660.0,15660.0,2,0.0,0.0
2019-05-24,15228.0,15660.0,15228.0,15390.0,15390.0,1,0.0,0.0
2019-05-28,15174.0,15390.0,14175.0,14175.0,14175.0,3,0.0,0.0
2019-05-29,15120.0,15336.0,13230.0,13230.0,13230.0,3,0.0,0.0
2019-05-30,13608.0,15120.0,13365.0,13770.0,13770.0,6,0.0,0.0
2019-05-31,14202.0,14202.0,13297.5,13365.0,13365.0,4,0.0,0.0
2019-06-03,13770.0,13770.0,11512.799805,11512.799805,11512.799805,3,0.0,0.0
2019-06-04,12042.0,19440.0,12042.0,17334.0,17334.0,317,0.0,0.0
2019-06-05,15039.0,16740.0,14202.0,16605.0,16605.0,124,0.0,0.0
2019-06-06,16227.0,16740.0,14904.0,15660.0,15660.0,23,0.0,0.0
2019-06-07,16335.0,16335.0,15579.0,15984.0,15984.0,8,0.0,0.0
2019-06-10,16200.0,16416.0,15147.0,15201.0,15201.0,8,0.0,0.0
2019-06-11,15849.0,15849.0,14752.799805,14777.099609,14777.099609,4,0.0,0.0
2019-06-12,15093.0,15282.0,14418.0,14418.0,14418.0,3,0.0,0.0
2019-06-13,14796.0,15552.0,13797.0,14472.0,14472.0,7,0.0,0.0
2019-06-14,14499.0,15552.0,13689.0,14067.0,14067.0,8,0.0,0.0
2019-06-17,14283.0,14985.0,13959.0,14472.0,14472.0,3,0.0,0.0
2019-06-18,14823.0,14985.0,13689.0,13905.0,13905.0,5,0.0,0.0
2019-06-19,13905.0,15309.0,13905.0,14067.0,14067.0,1,0.0,0.0
2019-06-20,14499.0,15201.0,14067.0,14067.0,14067.0,6,0.0,0.0
2019-06-21,14148.0,16092.0,13824.0,15930.0,15930.0,5,0.0,0.0
2019-06-24,15093.0,16038.0,14148.0,14148.0,14148.0,6,0.0,0.0
2019-06-25,14458.5,14674.5,13905.0,14202.0,14202.0,4,0.0,0.0
2019-06-26,14418.0,15147.0,13770.0,14148.0,14148.0,3,0.0,0.0
2019-06-27,14391.0,14539.5,13867.200195,14283.0,14283.0,5,0.0,0.0
2019-06-28,14553.0,16011.0,14148.0,16011.0,16011.0,7,0.0,0.0
2019-07-01,15228.0,15228.0,13845.599609,14418.0,14418.0,5,0.0,0.0
2019-07-02,13932.0,14715.0,13932.0,14121.0,14121.0,5,0.0,0.0
2019-07-03,14256.0,14823.0,13770.0,13905.0,13905.0,7,0.0,0.0
2019-07-05,13770.0,14175.0,13770.0,13878.0,13878.0,1,0.0,0.0
2019-07-08,13824.0,13824.0,13122.0,13311.0,13311.0,2,0.0,0.0
2019-07-09,13311.0,13959.0,13311.0,13419.0,13419.0,1,0.0,0.0
2019-07-10,13365.0,14642.099609,13311.0,13543.200195,13543.200195,9,0.0,0.0
2019-07-11,13419.0,13473.0,13095.0,13149.0,13149.0,4,0.0,0.0
2019-07-12,11907.0,12555.0,11745.0,12096.0,12096.0,6,0.0,0.0
2019-07-15,11326.5,12042.0,9644.400391,9855.0,9855.0,17,0.0,0.0
2019-07-16,10179.0,10494.900391,9720.0,10206.0,10206.0,7,0.0,0.0
2019-07-17,10314.0,10935.0,10152.0,10449.0,10449.0,3,0.0,0.0
2019-07-18,10395.0,10964.700195,10395.0,10395.0,10395.0,2,0.0,0.0
2019-07-19,10203.299805,10800.0,10152.0,10800.0,10800.0,3,0.0,0.0
2019-07-22,10557.0,10854.0,10152.0,10152.0,10152.0,3,0.0,0.0
2019-07-23,10557.0,10557.0,10152.0,10422.0,10422.0,1,0.0,0.0
2019-07-24,10395.0,10422.0,10152.0,10422.0,10422.0,1,0.0,0.0
2019-07-25,10341.0,10341.0,9504.0,9720.0,9720.0,2,0.0,0.0
2019-07-26,9882.0,9990.0,9855.0,9855.0,9855.0,0,0.0,0.0
2019-07-29,9855.0,10616.400391,9855.0,10616.400391,10616.400391,2,0.0,0.0
2019-07-30,10503.0,11097.0,9936.0,10014.299805,10014.299805,2,0.0,0.0
2019-07-31,11043.0,11043.0,10395.0,10395.0,10395.0,1,0.0,0.0
2019-08-01,10125.0,10125.0,8780.400391,9342.0,9342.0,2,0.0,0.0
2019-08-02,9342.0,9450.0,8478.0,8883.0,8883.0,2,0.0,0.0
2019-08-05,8775.0,9855.0,8505.0,9045.0,9045.0,3,0.0,0.0
2019-08-06,9261.0,9585.0,9180.0,9342.0,9342.0,2,0.0,0.0
2019-08-07,8910.0,9180.0,8127.0,8478.0,8478.0,5,0.0,0.0
2019-08-08,8559.0,8559.0,8127.0,8235.0,8235.0,13,0.0,0.0
2019-08-09,8235.0,8316.0,6939.0,8208.0,8208.0,6,0.0,0.0
2019-08-12,7317.0,8091.899902,7303.5,7452.0,7452.0,12,0.0,0.0
2019-08-13,7479.0,8100.0,6534.0,6534.0,6534.0,28,0.0,0.0
2019-08-14,6615.0,6615.0,5173.200195,5724.0,5724.0,10,0.0,0.0
2019-08-15,5940.0,5964.299805,5526.899902,5670.0,5670.0,5,0.0,0.0
2019-08-16,5888.700195,6399.0,5130.0,5535.0,5535.0,13,0.0,0.0
2019-08-19,5940.0,6615.0,5805.0,5805.0,5805.0,23,0.0,0.0
2019-08-20,6318.0,11853.0,5670.0,10071.0,10071.0,291,0.0,0.0
2019-08-21,9639.0,10686.599609,8100.0,9180.0,9180.0,98,0.0,0.0
2019-08-22,9126.0,10476.0,8532.0,10152.0,10152.0,53,0.0,0.0
2019-08-23,9693.0,9825.299805,8127.0,9450.0,9450.0,58,0.0,0.0
2019-08-26,9531.0,9720.0,8912.700195,9625.5,9625.5,23,0.0,0.0
2019-08-27,9639.0,10057.5,9099.0,9099.0,9099.0,7,0.0,0.0
2019-08-28,9153.0,9234.0,8775.0,9207.0,9207.0,6,0.0,0.0
2019-08-29,8910.0,9242.099609,8553.599609,9018.0,9018.0,3,0.0,0.0
2019-08-30,8383.5,9261.0,8383.5,9261.0,9261.0,3,0.0,0.0
2019-09-03,9018.0,9104.400391,8758.799805,8829.0,8829.0,2,0.0,0.0
2019-09-04,8467.200195,9450.0,8451.0,9207.0,9207.0,10,0.0,0.0
2019-09-05,9215.099609,9990.0,8707.5,8991.0,8991.0,22,0.0,0.0
2019-09-06,9112.5,9369.0,8910.0,9018.0,9018.0,4,0.0,0.0
2019-09-09,9045.0,9720.0,8667.0,8748.0,8748.0,9,0.0,0.0
2019-09-10,9423.0,9774.0,8977.5,9585.0,9585.0,10,0.0,0.0
2019-09-11,9207.0,9909.0,9072.0,9747.0,9747.0,10,0.0,0.0
2019-09-12,9720.0,10881.0,9531.0,10791.900391,10791.900391,48,0.0,0.0
2019-09-13,11016.0,11205.0,10503.0,10719.0,10719.0,45,0.0,0.0
2019-09-16,10719.0,11367.0,9450.0,11313.0,11313.0,25,0.0,0.0
2019-09-17,10881.0,11340.0,10611.0,10719.0,10719.0,9,0.0,0.0
2019-09-18,10854.0,10989.0,10071.0,10071.0,10071.0,13,0.0,0.0
2019-09-19,10098.0,10800.0,9990.0,10800.0,10800.0,9,0.0,0.0
2019-09-20,10800.0,10989.0,9585.0,9585.0,9585.0,16,0.0,0.0
2019-09-23,9558.0,10341.0,8640.0,8775.0,8775.0,10,0.0,0.0
2019-09-24,8694.0,8721.0,7344.0,7452.0,7452.0,12,0.0,0.0
2019-09-25,7614.0,8613.0,7614.0,7749.0,7749.0,5,0.0,0.0
2019-09-26,7749.0,7749.0,7195.5,7195.5,7195.5,4,0.0,0.0
2019-09-27,7452.0,7722.0,6858.0,7695.0,7695.0,3,0.0,0.0
2019-09-30,7587.0,7587.0,6183.0,6480.0,6480.0,7,0.0,0.0
2019-10-01,6507.0,7020.0,6507.0,6642.0,6642.0,5,0.0,0.0
2019-10-02,6642.0,6642.0,5805.0,6156.0,6156.0,2,0.0,0.0
2019-10-03,6210.0,6318.0,5967.0,6183.0,6183.0,7,0.0,0.0
2019-10-04,6210.0,6858.0,6102.0,6237.0,6237.0,8,0.0,0.0
2019-10-07,6156.0,6493.5,6156.0,6264.0,6264.0,2,0.0,0.0
2019-10-08,6156.0,6156.0,5940.0,5940.0,5940.0,0,0.0,0.0
2019-10-09,5967.0,6507.0,5967.0,6210.0,6210.0,8,0.0,0.0
2019-10-10,6102.0,6345.0,5967.0,5994.0,5994.0,9,0.0,0.0
2019-10-11,5994.0,6372.0,5967.0,5967.0,5967.0,5,0.0,0.0
2019-10-14,5940.0,6947.100098,5940.0,6669.0,6669.0,27,0.0,0.0
2019-10-15,6615.0,7446.600098,6480.0,6885.0,6885.0,12,0.0,0.0
2019-10-16,6858.0,8505.0,6858.0,8127.0,8127.0,10,0.0,0.0
2019-10-17,7506.0,9463.5,7506.0,8640.0,8640.0,12,0.0,0.0
2019-10-18,8343.0,9072.0,8343.0,9072.0,9072.0,4,0.0,0.0
2019-10-21,9072.0,9072.0,7776.0,7938.0,7938.0,12,0.0,0.0
2019-10-22,8073.0,8775.0,8073.0,8775.0,8775.0,3,0.0,0.0
2019-10-23,8775.0,9072.0,8532.0,8775.0,8775.0,2,0.0,0.0
2019-10-24,8532.0,9234.0,8424.0,9234.0,9234.0,6,0.0,0.0
2019-10-25,9153.0,9153.0,8667.0,8775.0,8775.0,1,0.0,0.0
2019-10-28,8810.099609,9450.0,8775.0,8802.0,8802.0,6,0.0,0.0
2019-10-29,8748.0,9099.0,8748.0,8923.5,8923.5,3,0.0,0.0
2019-10-30,8964.0,8964.0,8154.0,8154.0,8154.0,4,0.0,0.0
2019-10-31,8154.0,8480.700195,7965.0,7965.0,7965.0,3,0.0,0.0
2019-11-01,7938.0,8283.599609,7938.0,8127.0,8127.0,3,0.0,0.0
2019-11-04,8586.0,9396.0,8586.0,9288.0,9288.0,20,0.0,0.0
2019-11-05,8683.200195,8791.200195,8100.0,8775.0,8775.0,6,0.0,0.0
2019-11-06,8775.0,8775.0,8208.0,8370.0,8370.0,3,0.0,0.0
2019-11-07,8370.0,8370.0,7722.0,7803.0,7803.0,8,0.0,0.0
2019-11-08,8046.0,8289.0,7873.200195,8289.0,8289.0,4,0.0,0.0
2019-11-11,7884.0,8154.0,7884.0,7884.0,7884.0,1,0.0,0.0
2019-11-12,7803.0,8043.299805,7803.0,7965.0,7965.0,2,0.0,0.0
2019-11-13,7965.0,7981.200195,7803.0,7803.0,7803.0,2,0.0,0.0
2019-11-14,8154.0,8640.0,7857.0,8640.0,8640.0,14,0.0,0.0
2019-11-15,8262.0,10125.0,7830.0,7884.0,7884.0,98,0.0,0.0
2019-11-18,7830.0,7892.100098,6966.0,7695.0,7695.0,9,0.0,0.0
2019-11-19,7560.0,8145.899902,7560.0,7884.0,7884.0,16,0.0,0.0
2019-11-20,7929.899902,8505.0,7911.0,7911.0,7911.0,20,0.0,0.0
2019-11-21,7965.0,7992.0,7560.0,7560.0,7560.0,5,0.0,0.0
2019-11-22,7705.799805,7830.0,7290.0,7654.5,7654.5,10,0.0,0.0
2019-11-25,7722.0,7722.0,7209.0,7209.0,7209.0,2,0.0,0.0
2019-11-26,7074.0,7614.0,6372.0,7128.0,7128.0,10,0.0,0.0
2019-11-27,7128.0,7128.0,7128.0,7128.0,7128.0,0,0.0,0.0
2019-11-29,7803.0,8100.0,7560.0,7560.0,7560.0,4,0.0,0.0
2019-12-02,7816.5,7816.5,6831.0,7060.5,7060.5,25,0.0,0.0
2019-12-03,7290.0,7722.0,6885.0,7290.0,7290.0,26,0.0,0.0
2019-12-04,7479.0,7938.0,7101.0,7101.0,7101.0,11,0.0,0.0
2019-12-05,7349.399902,7857.0,7155.0,7290.0,7290.0,4,0.0,0.0
2019-12-06,7290.0,7695.0,7290.0,7695.0,7695.0,16,0.0,0.0
2019-12-09,7641.0,7911.0,7587.0,7695.0,7695.0,4,0.0,0.0
2019-12-10,7641.0,7862.399902,7479.0,7803.0,7803.0,8,0.0,0.0
2019-12-11,7533.0,8937.0,7506.0,8640.0,8640.0,63,0.0,0.0
2019-12-12,8883.0,9288.0,8154.0,8316.0,8316.0,42,0.0,0.0
2019-12-13,8424.0,8883.0,7884.0,8640.0,8640.0,27,0.0,0.0
2019-12-16,8181.0,8910.0,8127.0,8316.0,8316.0,34,0.0,0.0
2019-12-17,8262.0,9080.099609,8262.0,8532.0,8532.0,25,0.0,0.0
2019-12-18,8721.0,8910.0,8370.0,8532.0,8532.0,14,0.0,0.0
2019-12-19,8397.0,8775.0,8397.0,8505.0,8505.0,10,0.0,0.0
2019-12-20,8586.0,8586.0,8100.0,8586.0,8586.0,24,0.0,0.0
2019-12-23,8262.0,8262.0,7722.0,7722.0,7722.0,15,0.0,0.0
2019-12-24,8019.0,8019.0,7587.0,7938.0,7938.0,2,0.0,0.0
2019-12-26,7776.0,8359.200195,7614.0,7722.0,7722.0,3,0.0,0.0
2019-12-27,7668.0,7857.0,7668.0,7722.0,7722.0,4,0.0,0.0
2019-12-30,7587.0,7803.0,7290.0,7452.0,7452.0,16,0.0,0.0
2019-12-31,7695.0,8316.0,7614.0,7749.0,7749.0,9,0.0,0.0
2020-01-02,8235.0,8235.0,7668.0,7886.700195,7886.700195,2,0.0,0.0
2020-01-03,7873.200195,8100.0,7533.0,7830.0,7830.0,9,0.0,0.0
2020-01-06,7830.0,7938.0,7560.0,7884.0,7884.0,2,0.0,0.0
2020-01-07,8208.0,8748.0,7951.5,8370.0,8370.0,36,0.0,0.0
2020-01-08,7695.0,8640.0,7695.0,7965.0,7965.0,6,0.0,0.0
2020-01-09,8113.5,8351.099609,8100.0,8181.0,8181.0,1,0.0,0.0
2020-01-10,8235.0,8640.0,8086.5,8478.0,8478.0,13,0.0,0.0
2020-01-13,8505.0,8613.0,7913.700195,7965.0,7965.0,14,0.0,0.0
2020-01-14,8019.0,8445.599609,7884.0,7884.0,7884.0,6,0.0,0.0
2020-01-15,7857.0,8262.0,7857.0,7911.0,7911.0,1,0.0,0.0
2020-01-16,7965.0,8046.0,7857.0,8046.0,8046.0,6,0.0,0.0
2020-01-17,8019.0,8019.0,7884.0,7884.0,7884.0,1,0.0,0.0
2020-01-21,7857.0,8181.0,7722.0,8181.0,8181.0,4,0.0,0.0
2020-01-22,7911.0,8073.0,7803.0,7884.0,7884.0,2,0.0,0.0
2020-01-23,7857.0,7857.0,7722.0,7776.0,7776.0,1,0.0,0.0
2020-01-24,7722.0,7773.299805,6885.0,7371.0,7371.0,8,0.0,0.0
2020-01-27,7236.0,7263.0,6355.799805,6372.0,6372.0,6,0.0,0.0
2020-01-28,6777.0,7398.0,6183.0,7236.0,7236.0,16,0.0,0.0
2020-01-29,7209.0,7425.0,6858.0,6885.0,6885.0,12,0.0,0.0
2020-01-30,6928.200195,6928.200195,6507.0,6507.0,6507.0,3,0.0,0.0
2020-01-31,6509.700195,7300.799805,6507.0,6561.0,6561.0,4,0.0,0.0
2020-02-03,6345.0,6642.0,5940.0,5967.0,5967.0,2,0.0,0.0
2020-02-04,6534.0,6534.0,5967.0,5994.0,5994.0,4,0.0,0.0
2020-02-05,6075.0,6477.299805,5454.0,5454.0,5454.0,11,0.0,0.0
2020-02-06,5751.0,6426.0,5589.0,5670.0,5670.0,9,0.0,0.0
2020-02-07,5805.0,5805.0,5400.0,5400.0,5400.0,7,0.0,0.0
2020-02-10,5400.0,6250.5,5400.0,5670.0,5670.0,16,0.0,0.0
2020-02-11,5994.0,6809.399902,5670.0,6507.0,6507.0,33,0.0,0.0
2020-02-12,6804.0,7452.0,6615.0,6642.0,6642.0,22,0.0,0.0
2020-02-13,7263.0,9153.0,5616.0,5805.0,5805.0,683,0.0,0.0
2020-02-14,5724.0,7141.5,5724.0,6237.0,6237.0,29,0.0,0.0
2020-02-18,6750.0,6993.0,6237.0,6588.0,6588.0,33,0.0,0.0
2020-02-19,6345.0,7020.0,6264.0,6777.0,6777.0,12,0.0,0.0
2020-02-20,6804.0,6858.0,6750.0,6804.0,6804.0,5,0.0,0.0
2020-02-21,6588.0,6993.0,6588.0,6858.0,6858.0,9,0.0,0.0
2020-02-24,6399.0,6804.0,6399.0,6696.0,6696.0,3,0.0,0.0
2020-02-25,6566.399902,6723.0,6318.0,6696.0,6696.0,6,0.0,0.0
2020-02-26,6156.0,6714.899902,6156.0,6453.0,6453.0,7,0.0,0.0
2020-02-27,6075.0,6426.0,6075.0,6345.0,6345.0,13,0.0,0.0
2020-02-28,6301.799805,6912.0,5832.0,6777.0,6777.0,22,0.0,0.0
2020-03-02,6237.0,6345.0,5940.0,6129.0,6129.0,11,0.0,0.0
2020-03-03,5940.0,6582.600098,5818.5,5818.5,5818.5,5,0.0,0.0
2020-03-04,6021.0,6858.0,5886.0,6858.0,6858.0,18,0.0,0.0
2020-03-05,6615.0,6615.0,6156.0,6399.0,6399.0,10,0.0,0.0
2020-03-06,6018.299805,6345.0,5913.0,5913.0,5913.0,7,0.0,0.0
2020-03-09,5778.0,5778.0,5688.899902,5697.0,5697.0,4,0.0,0.0
2020-03-10,5643.0,6480.0,5643.0,6237.0,6237.0,26,0.0,0.0
2020-03-11,5994.0,6318.0,5994.0,6196.5,6196.5,8,0.0,0.0
2020-03-12,5753.700195,6534.0,5724.0,6534.0,6534.0,14,0.0,0.0
2020-03-13,6210.0,6210.0,5805.0,5886.0,5886.0,7,0.0,0.0
2020-03-16,5697.0,6210.0,4185.0,4185.0,4185.0,12,0.0,0.0
2020-03-17,4860.0,6056.100098,4185.0,4212.0,4212.0,16,0.0,0.0
2020-03-18,4347.0,4671.0,4320.0,4320.0,4320.0,10,0.0,0.0
2020-03-19,4212.0,4819.5,4212.0,4819.5,4819.5,4,0.0,0.0
2020-03-20,5319.0,7830.0,5170.5,6480.0,6480.0,98,0.0,0.0
2020-03-23,6480.0,6480.0,5670.0,6345.0,6345.0,9,0.0,0.0
2020-03-24,6237.0,6237.0,5481.0,5751.0,5751.0,5,0.0,0.0
2020-03-25,5562.0,6045.299805,5562.0,5697.0,5697.0,3,0.0,0.0
2020-03-26,5589.0,6345.0,5589.0,6129.0,6129.0,6,0.0,0.0
2020-03-27,7830.0,9774.0,4914.0,5751.0,5751.0,634,0.0,0.0
2020-03-30,6021.0,7560.0,5427.0,6129.0,6129.0,209,0.0,0.0
2020-03-31,6210.0,6539.399902,5967.0,6075.0,6075.0,33,0.0,0.0
2020-04-01,6021.0,6750.0,5805.0,6345.0,6345.0,22,0.0,0.0
2020-04-02,6156.0,6318.0,5535.0,5643.0,5643.0,16,0.0,0.0
2020-04-03,5751.0,5913.0,5481.0,5805.0,5805.0,16,0.0,0.0
2020-04-06,5697.0,5805.0,5400.0,5751.0,5751.0,23,0.0,0.0
2020-04-07,5667.299805,6277.5,5562.0,5832.0,5832.0,13,0.0,0.0
2020-04-08,5659.200195,6679.799805,5659.200195,6399.0,6399.0,43,0.0,0.0
2020-04-09,6417.899902,6417.899902,5994.0,6075.0,6075.0,8,0.0,0.0
2020-04-13,17415.0,40176.0,14715.0,32454.0,32454.0,35623,0.0,0.0
2020-04-14,26730.0,29700.0,21627.0,22815.0,22815.0,6788,0.0,0.0
2020-04-15,23382.0,26730.0,17820.0,18738.0,18738.0,6156,0.0,0.0
2020-04-16,18063.0,19305.0,14877.0,18765.0,18765.0,2978,0.0,0.0
2020-04-17,20979.0,21060.0,15633.0,18144.0,18144.0,5458,0.0,0.0
2020-04-20,15687.0,17253.0,14985.0,16605.0,16605.0,813,0.0,0.0
2020-04-21,16038.0,16632.0,15147.0,15538.5,15538.5,578,0.0,0.0
2020-04-22,15538.5,15538.5,15538.5,15538.5,15538.5,0,0.0,0.0
2020-04-23,15538.5,15538.5,15538.5,15538.5,15538.5,0,0.0,0.0
2020-04-24,15538.5,15538.5,15538.5,15538.5,15538.5,0,0.0,0.0
2020-04-27,15538.5,15538.5,15538.5,15538.5,15538.5,0,0.0,0.0
2020-04-28,15538.5,15538.5,15538.5,15538.5,15538.5,0,0.0,0.0
2020-04-29,15538.5,15538.5,15538.5,15538.5,15538.5,0,0.0,0.0
2020-04-30,15538.5,15538.5,15538.5,15538.5,15538.5,0,0.0,0.0
2020-05-01,15538.5,15538.5,15538.5,15538.5,15538.5,0,0.0,0.0
2020-05-04,15538.5,15538.5,15538.5,15538.5,15538.5,0,0.0,0.0
2020-05-05,15538.5,15538.5,15538.5,15538.5,15538.5,0,0.0,0.0
2020-05-06,15538.5,15538.5,15538.5,15538.5,15538.5,0,0.0,0.0
2020-05-07,15538.5,15538.5,15538.5,15538.5,15538.5,0,0.0,0.0
2020-05-08,15538.5,15538.5,15538.5,15538.5,15538.5,0,0.0,0.0
2020-05-11,15538.5,15538.5,15538.5,15538.5,15538.5,0,0.0,0.0
2020-05-12,15538.5,15538.5,15538.5,15538.5,15538.5,0,0.0,0.0
2020-05-13,15538.5,15538.5,15538.5,15538.5,15538.5,0,0.0,0.0
2020-05-14,15538.5,15538.5,15538.5,15538.5,15538.5,0,0.0,0.0
2020-05-15,15538.5,15538.5,15538.5,15538.5,15538.5,0,0.0,0.0
2020-05-18,15538.5,15538.5,15538.5,15538.5,15538.5,0,0.0,0.0
2020-05-19,15538.5,15538.5,15538.5,15538.5,15538.5,0,0.0,0.0
2020-05-20,15538.5,15538.5,15538.5,15538.5,15538.5,0,0.0,0.0
2020-05-21,15538.5,15538.5,15538.5,15538.5,15538.5,0,0.0,0.0
2020-05-22,15538.5,15538.5,15538.5,15538.5,15538.5,0,0.0,0.0
2020-05-26,15538.5,15538.5,15538.5,15538.5,15538.5,0,0.0,0.0
2020-05-27,15538.5,15538.5,15538.5,15538.5,15538.5,0,0.0,0.0
2020-05-28,15538.5,15538.5,15538.5,15538.5,15538.5,0,0.0,0.0
2020-05-29,15538.5,15538.5,15538.5,15538.5,15538.5,0,0.0,0.0
2020-06-01,15538.5,15538.5,15538.5,15538.5,15538.5,0,0.0,0.0
2020-06-02,15538.5,15538.5,15538.5,15538.5,15538.5,0,0.0,0.0
2020-06-03,15538.5,15538.5,15538.5,15538.5,15538.5,0,0.0,0.0
2020-06-04,15538.5,15538.5,15538.5,15538.5,15538.5,0,0.0,0.0
2020-06-05,15538.5,15538.5,15538.5,15538.5,15538.5,0,0.0,0.0
2020-06-08,15538.5,15538.5,15538.5,15538.5,15538.5,0,0.0,0.0
2020-06-09,15538.5,15538.5,15538.5,15538.5,15538.5,0,0.0,0.0
2020-06-10,15538.5,15538.5,15538.5,15538.5,15538.5,0,0.0,0.0
2020-06-11,15538.5,15538.5,15538.5,15538.5,15538.5,0,0.0,0.0
2020-06-12,15538.5,15538.5,15538.5,15538.5,15538.5,0,0.0,0.0
2020-06-15,15538.5,15538.5,15538.5,15538.5,15538.5,0,0.0,0.0
2020-06-16,15538.5,15538.5,15538.5,15538.5,15538.5,0,0.0,0.0
2020-06-17,15538.5,15538.5,15538.5,15538.5,15538.5,0,0.0,0.0
2020-06-18,15538.5,15538.5,15538.5,15538.5,15538.5,0,0.0,0.0
2020-06-19,15538.5,15538.5,15538.5,15538.5,15538.5,0,0.0,0.0
2020-06-22,15538.5,15538.5,15538.5,15538.5,15538.5,0,0.0,0.0
2020-06-23,15538.5,15538.5,15538.5,15538.5,15538.5,0,0.0,0.0
2020-06-24,15538.5,15538.5,15538.5,15538.5,15538.5,0,0.0,0.0
2020-06-25,15538.5,15538.5,15538.5,15538.5,15538.5,0,0.0,0.0
2020-06-26,15538.5,15538.5,15538.5,15538.5,15538.5,0,0.0,0.0
2020-06-29,15538.5,15538.5,15538.5,15538.5,15538.5,0,0.0,0.0
2020-06-30,15538.5,15538.5,15538.5,15538.5,15538.5,0,0.0,0.0
2020-07-01,15538.5,15538.5,15538.5,15538.5,15538.5,0,0.0,0.0
2020-07-02,15538.5,15538.5,15538.5,15538.5,15538.5,0,0.0,0.0
2020-07-06,15538.5,15538.5,15538.5,15538.5,15538.5,0,0.0,0.0
2020-07-07,15538.5,15538.5,15538.5,15538.5,15538.5,0,0.0,0.0
2020-07-08,15538.5,15538.5,15538.5,15538.5,15538.5,0,0.0,0.0
2020-07-09,15538.5,15538.5,15538.5,15538.5,15538.5,0,0.0,0.0
2020-07-10,15538.5,15538.5,15538.5,15538.5,15538.5,0,0.0,0.0
2020-07-13,15538.5,15538.5,15538.5,15538.5,15538.5,0,0.0,0.0
2020-07-14,15538.5,15538.5,15538.5,15538.5,15538.5,0,0.0,0.0
2020-07-15,15538.5,15538.5,15538.5,15538.5,15538.5,0,0.0,0.0
2020-07-16,15538.5,15538.5,15538.5,15538.5,15538.5,0,0.0,0.0
2020-07-17,15538.5,15538.5,15538.5,15538.5,15538.5,0,0.0,0.0
2020-07-20,15538.5,15538.5,15538.5,15538.5,15538.5,0,0.0,0.0
2020-07-21,15538.5,15538.5,15538.5,15538.5,15538.5,0,0.0,0.0
2020-07-22,15538.5,15538.5,15538.5,15538.5,15538.5,0,0.0,0.0
2020-07-23,15538.5,15538.5,15538.5,15538.5,15538.5,0,0.0,0.0
2020-07-24,15538.5,15538.5,15538.5,15538.5,15538.5,0,0.0,0.0
2020-07-27,15538.5,15538.5,15538.5,15538.5,15538.5,0,0.0,0.0
2020-07-28,15538.5,15538.5,15538.5,15538.5,15538.5,0,0.0,0.0
2020-07-29,15538.5,15538.5,15538.5,15538.5,15538.5,0,0.0,0.0
2020-07-30,15538.5,15538.5,15538.5,15538.5,15538.5,0,0.0,0.0
2020-07-31,15538.5,15538.5,15538.5,15538.5,15538.5,0,0.0,0.0
2020-08-03,15538.5,15538.5,15538.5,15538.5,15538.5,0,0.0,0.0
2020-08-04,15538.5,15538.5,15538.5,15538.5,15538.5,0,0.0,0.0
2020-08-05,15538.5,15538.5,15538.5,15538.5,15538.5,0,0.0,0.0
2020-08-06,15538.5,15538.5,15538.5,15538.5,15538.5,0,0.0,0.0
2020-08-07,15538.5,15538.5,15538.5,15538.5,15538.5,0,0.0,0.0
2020-08-10,7101.0,10854.0,6129.0,8370.0,8370.0,2302,0.0,0.0
2020-08-11,7425.0,7776.0,6507.0,6507.0,6507.0,338,0.0,0.0
2020-08-12,6588.0,6615.0,5400.0,5589.0,5589.0,391,0.0,0.0
2020-08-13,6696.0,7317.0,6021.0,6345.0,6345.0,953,0.0,0.0
2020-08-14,5967.0,6210.0,5670.0,5778.0,5778.0,208,0.0,0.0
2020-08-17,5643.0,5724.0,5400.0,5454.0,5454.0,131,0.0,0.0
2020-08-18,5319.0,5454.0,4698.0,4806.0,4806.0,161,0.0,0.0
2020-08-19,4779.0,5805.0,4320.0,4833.0,4833.0,1287,0.0,0.0
2020-08-20,4644.0,4779.0,4509.0,4563.0,4563.0,122,0.0,0.0
2020-08-21,4590.0,4625.100098,4050.0,4158.0,4158.0,168,0.0,0.0
2020-08-24,3942.0,4563.0,3672.0,3915.0,3915.0,803,0.0,0.0
2020-08-25,3807.0,4455.0,3672.0,4401.0,4401.0,2555,0.0,0.0
2020-08-26,5294.700195,7371.0,5292.0,5710.5,5710.5,38259,0.0,0.0
2020-08-27,5400.0,5994.0,5049.0,5940.0,5940.0,1315,0.0,0.0
2020-08-28,5697.0,5913.0,5346.0,5589.0,5589.0,319,0.0,0.0
2020-08-31,5481.0,5508.0,4644.0,4752.0,4752.0,357,0.0,0.0
2020-09-01,4617.0,4654.799805,4320.0,4374.0,4374.0,188,0.0,0.0
2020-09-02,4320.0,4455.0,4182.299805,4347.0,4347.0,232,0.0,0.0
2020-09-03,4306.5,4311.899902,3915.0,3969.0,3969.0,150,0.0,0.0
2020-09-04,3888.0,4131.0,3672.0,4104.0,4104.0,593,0.0,0.0
2020-09-08,4320.0,6480.0,4131.0,5022.0,5022.0,8475,0.0,0.0
2020-09-09,4644.0,4725.0,4455.0,4563.0,4563.0,423,0.0,0.0
2020-09-10,4455.0,4509.0,4131.0,4158.0,4158.0,207,0.0,0.0
2020-09-11,4212.0,4266.0,4023.0,4158.0,4158.0,135,0.0,0.0
2020-09-14,4131.0,4185.0,3861.0,4023.0,4023.0,302,0.0,0.0
2020-09-15,4077.0,4185.0,3807.0,3942.0,3942.0,236,0.0,0.0
2020-09-16,3834.0,4563.0,3807.0,4131.0,4131.0,989,0.0,0.0
2020-09-17,4131.0,4131.0,3915.0,4077.0,4077.0,119,0.0,0.0
2020-09-18,4104.0,4104.0,3969.0,4050.0,4050.0,92,0.0,0.0
2020-09-21,3888.0,4001.399902,3807.0,3834.0,3834.0,180,0.0,0.0
2020-09-22,3861.0,3969.0,3672.0,3942.0,3942.0,914,0.0,0.0
2020-09-23,4185.0,4401.0,3753.0,3807.0,3807.0,718,0.0,0.0
2020-09-24,3699.0,3834.0,3429.0,3564.0,3564.0,393,0.0,0.0
2020-09-25,3537.0,3564.0,3348.0,3483.0,3483.0,171,0.0,0.0
2020-09-28,3429.0,3672.0,3402.0,3537.0,3537.0,186,0.0,0.0
2020-09-29,3564.0,3618.0,3429.0,3564.0,3564.0,87,0.0,0.0
2020-09-30,3564.0,4212.0,3537.0,4090.5,4090.5,1279,0.0,0.0
2020-10-01,4117.5,4131.0,3726.0,3861.0,3861.0,437,0.0,0.0
2020-10-02,3726.0,3915.0,3645.0,3834.0,3834.0,208,0.0,0.0
2020-10-05,3780.0,4293.0,3726.0,3780.0,3780.0,663,0.0,0.0
2020-10-06,3834.0,3877.199951,3618.0,3753.0,3753.0,146,0.0,0.0
2020-10-07,3780.0,3996.0,3645.0,3969.0,3969.0,444,0.0,0.0
2020-10-08,4131.0,4185.0,3807.0,3888.0,3888.0,327,0.0,0.0
2020-10-09,3942.0,4509.0,3780.0,4293.0,4293.0,1326,0.0,0.0
2020-10-12,4158.0,4252.5,3942.0,3969.0,3969.0,286,0.0,0.0
2020-10-13,3969.0,4158.0,3861.0,3915.0,3915.0,223,0.0,0.0
2020-10-14,3969.0,3996.0,3834.0,3942.0,3942.0,108,0.0,0.0
2020-10-15,3834.0,3915.0,3834.0,3877.199951,3877.199951,55,0.0,0.0
2020-10-16,3861.0,4185.0,3726.0,3969.0,3969.0,603,0.0,0.0
2020-10-19,4023.0,4104.0,3834.0,3915.0,3915.0,123,0.0,0.0
2020-10-20,3942.0,3958.199951,3755.699951,3807.0,3807.0,103,0.0,0.0
2020-10-21,3726.0,3761.100098,3510.0,3618.0,3618.0,228,0.0,0.0
2020-10-22,3564.0,3672.0,3483.0,3537.0,3537.0,111,0.0,0.0
2020-10-23,3564.0,3726.0,3510.0,3591.0,3591.0,53,0.0,0.0
2020-10-26,3564.0,3645.0,3537.0,3537.0,3537.0,41,0.0,0.0
2020-10-27,3510.0,3618.0,3388.5,3537.0,3537.0,156,0.0,0.0
2020-10-28,3429.0,3483.0,3186.0,3213.0,3213.0,144,0.0,0.0
2020-10-29,3240.0,3240.0,2943.0,3051.0,3051.0,102,0.0,0.0
2020-10-30,3051.0,3051.0,2781.0,2889.0,2889.0,117,0.0,0.0
2020-11-02,2862.0,2943.0,2727.0,2772.899902,2772.899902,53,0.0,0.0
2020-11-03,2835.0,2889.0,2754.0,2862.0,2862.0,52,0.0,0.0
2020-11-04,2862.0,2894.399902,2754.0,2781.0,2781.0,52,0.0,0.0
2020-11-05,2781.0,2997.0,2700.0,2889.0,2889.0,199,0.0,0.0
2020-11-06,2862.0,2889.0,2754.0,2835.0,2835.0,65,0.0,0.0
2020-11-09,2781.0,3429.0,2781.0,3024.0,3024.0,614,0.0,0.0
2020-11-10,3024.0,3059.100098,2889.0,2916.0,2916.0,63,0.0,0.0
2020-11-11,2916.0,3051.0,2886.300049,3024.0,3024.0,46,0.0,0.0
2020-11-12,2970.0,3105.0,2943.0,2997.0,2997.0,63,0.0,0.0
2020-11-13,2970.0,3051.0,2943.0,3024.0,3024.0,44,0.0,0.0
2020-11-16,3024.0,3034.800049,2889.0,2916.0,2916.0,44,0.0,0.0
2020-11-17,2889.0,2970.0,2889.0,2970.0,2970.0,62,0.0,0.0
2020-11-18,2970.0,3024.0,2940.300049,2997.0,2997.0,51,0.0,0.0
2020-11-19,2943.0,2970.0,2835.0,2970.0,2970.0,57,0.0,0.0
2020-11-20,2970.0,2970.0,2835.0,2916.0,2916.0,95,0.0,0.0
2020-11-23,2943.0,3132.0,2889.0,2997.0,2997.0,168,0.0,0.0
2020-11-24,3078.0,3591.0,3051.0,3132.0,3132.0,350,0.0,0.0
2020-11-25,3186.0,3483.0,3132.0,3375.0,3375.0,1688,0.0,0.0
2020-11-27,6561.0,7101.0,5562.0,5994.0,5994.0,31285,0.0,0.0
2020-11-30,5670.0,5670.0,4887.0,5670.0,5670.0,2097,0.0,0.0
2020-12-01,5373.0,5413.5,4563.0,4590.0,4590.0,565,0.0,0.0
2020-12-02,4320.0,5292.0,4320.0,4941.0,4941.0,556,0.0,0.0
2020-12-03,4779.0,5211.0,4644.0,5130.0,5130.0,299,0.0,0.0
2020-12-04,5076.0,5076.0,4725.0,4725.0,4725.0,208,0.0,0.0
2020-12-07,4671.0,4806.0,4509.0,4590.0,4590.0,125,0.0,0.0
2020-12-08,4536.0,4563.0,4347.0,4455.0,4455.0,116,0.0,0.0
2020-12-09,4428.0,4779.0,4212.0,4347.0,4347.0,357,0.0,0.0
2020-12-10,4455.0,4590.0,4401.0,4563.0,4563.0,122,0.0,0.0
2020-12-11,4536.0,4536.0,4320.0,4320.0,4320.0,91,0.0,0.0
2020-12-14,4320.0,4374.0,4117.5,4131.0,4131.0,85,0.0,0.0
2020-12-15,4185.0,4239.0,4077.0,4212.0,4212.0,54,0.0,0.0
2020-12-16,4158.0,4374.0,4077.0,4266.0,4266.0,108,0.0,0.0
2020-12-17,4239.0,4428.0,4212.0,4293.0,4293.0,79,0.0,0.0
2020-12-18,4347.0,4455.0,4239.0,4266.0,4266.0,72,0.0,0.0
2020-12-21,4185.0,4239.0,4077.0,4158.0,4158.0,104,0.0,0.0
2020-12-22,4158.0,4239.0,4104.0,4158.0,4158.0,62,0.0,0.0
2020-12-23,4239.0,4293.0,4131.0,4158.0,4158.0,92,0.0,0.0
2020-12-24,4077.0,4158.0,4050.0,4104.0,4104.0,59,0.0,0.0
2020-12-28,4104.0,4158.0,3780.0,3780.0,3780.0,160,0.0,0.0
2020-12-29,3780.0,3807.0,3510.0,3510.0,3510.0,162,0.0,0.0
2020-12-30,3537.0,4131.0,3429.0,4077.0,4077.0,677,0.0,0.0
2020-12-31,3834.0,3915.0,3564.0,3645.0,3645.0,332,0.0,0.0
2021-01-04,3672.0,4131.0,3537.0,3942.0,3942.0,417,0.0,0.0
2021-01-05,3915.0,4239.0,3780.0,4104.0,4104.0,313,0.0,0.0
2021-01-06,3996.0,4158.0,3871.800049,3888.0,3888.0,171,0.0,0.0
2021-01-07,4050.0,4374.0,3982.5,4266.0,4266.0,2706,0.0,0.0
2021-01-08,6102.0,6129.0,4806.0,5265.0,5265.0,6257,0.0,0.0
2021-01-11,4860.0,5184.0,4779.0,5076.0,5076.0,955,0.0,0.0
2021-01-12,4887.0,5022.0,4617.0,4698.0,4698.0,387,0.0,0.0
2021-01-13,4644.0,5157.0,4509.0,4833.0,4833.0,799,0.0,0.0
2021-01-14,4887.0,4887.0,4671.0,4833.0,4833.0,207,0.0,0.0
2021-01-15,4671.0,4806.0,4590.0,4644.0,4644.0,154,0.0,0.0
2021-01-19,4725.0,4779.0,4382.100098,4671.0,4671.0,208,0.0,0.0
2021-01-20,4698.0,4833.0,4590.0,4698.0,4698.0,169,0.0,0.0
2021-01-21,4752.0,5427.0,4671.0,5292.0,5292.0,1027,0.0,0.0
2021-01-22,5130.0,5211.0,4887.0,5076.0,5076.0,429,0.0,0.0
2021-01-25,5049.0,5238.0,4563.0,4860.0,4860.0,381,0.0,0.0
2021-01-26,4995.0,5265.0,4860.0,4941.0,4941.0,465,0.0,0.0
2021-01-27,4887.0,5022.0,4617.0,4644.0,4644.0,297,0.0,0.0
2021-01-28,4860.0,4865.399902,4428.0,4563.0,4563.0,229,0.0,0.0
2021-01-29,4617.0,5859.0,4617.0,5481.0,5481.0,2437,0.0,0.0
2021-02-01,5562.0,6183.0,5103.0,5589.0,5589.0,1163,0.0,0.0
2021-02-02,5724.0,6480.0,5292.0,6102.0,6102.0,1671,0.0,0.0
2021-02-03,6210.0,6426.0,5508.0,6048.0,6048.0,744,0.0,0.0
2021-02-04,6102.0,6102.0,5724.0,5913.0,5913.0,282,0.0,0.0
2021-02-05,5940.0,6156.0,5578.200195,6129.0,6129.0,361,0.0,0.0
2021-02-08,6409.799805,6966.0,6237.0,6480.0,6480.0,692,0.0,0.0
2021-02-09,6750.0,7128.0,6399.0,6642.0,6642.0,498,0.0,0.0
2021-02-10,7209.0,8154.0,6642.0,7236.0,7236.0,1163,0.0,0.0
2021-02-11,7695.0,7776.0,6534.0,6777.0,6777.0,503,0.0,0.0
2021-02-12,6885.0,7290.0,6561.0,7074.0,7074.0,410,0.0,0.0
2021-02-16,7182.0,8316.0,7047.0,7857.0,7857.0,1131,0.0,0.0
2021-02-17,7776.0,7884.0,7082.100098,7371.0,7371.0,330,0.0,0.0
2021-02-18,7182.0,7357.5,6831.0,6966.0,6966.0,258,0.0,0.0
2021-02-19,6966.0,7560.0,6777.0,7344.0,7344.0,379,0.0,0.0
2021-02-22,6966.0,7668.0,6885.0,7047.0,7047.0,251,0.0,0.0
2021-02-23,6777.0,6858.0,5724.0,6075.0,6075.0,311,0.0,0.0
2021-02-24,6264.0,6534.0,6169.5,6291.0,6291.0,119,0.0,0.0
2021-02-25,6210.0,6415.200195,5616.0,5778.0,5778.0,123,0.0,0.0
2021-02-26,5670.0,5805.0,5049.0,5400.0,5400.0,212,0.0,0.0
2021-03-01,5562.0,5562.0,5238.0,5265.0,5265.0,184,0.0,0.0
2021-03-02,5346.0,5400.0,4914.0,4995.0,4995.0,210,0.0,0.0
2021-03-03,5076.0,5130.0,4671.0,4779.0,4779.0,627,0.0,0.0
2021-03-04,4833.0,5057.100098,4050.0,4158.0,4158.0,494,0.0,0.0
2021-03-05,4266.0,4320.0,3461.399902,4050.0,4050.0,278,0.0,0.0
2021-03-08,4239.0,4293.0,3834.0,3915.0,3915.0,232,0.0,0.0
2021-03-09,4104.0,4860.0,4077.0,4644.0,4644.0,635,0.0,0.0
2021-03-10,4806.0,5022.0,4617.0,4752.0,4752.0,339,0.0,0.0
2021-03-11,5751.0,6615.0,4995.0,6102.0,6102.0,2214,0.0,0.0
2021-03-12,5616.0,5886.0,5157.0,5697.0,5697.0,275,0.0,0.0
2021-03-15,5643.0,5859.0,5454.0,5670.0,5670.0,226,0.0,0.0
2021-03-16,5697.0,5778.0,5427.0,5697.0,5697.0,186,0.0,0.0
2021-03-17,5319.0,5859.0,5319.0,5778.0,5778.0,141,0.0,0.0
2021-03-18,5589.0,5805.0,5400.0,5481.0,5481.0,95,0.0,0.0
2021-03-19,5427.0,5805.0,5265.0,5805.0,5805.0,180,0.0,0.0
2021-03-22,5643.0,6399.0,5551.200195,6129.0,6129.0,331,0.0,0.0
2021-03-23,6183.0,6399.0,5832.0,6237.0,6237.0,245,0.0,0.0
2021-03-24,6372.0,6993.0,5575.5,5697.0,5697.0,580,0.0,0.0
2021-03-25,5562.0,5805.0,5265.0,5589.0,5589.0,212,0.0,0.0
2021-03-26,5616.0,5913.0,5346.0,5562.0,5562.0,82,0.0,0.0
2021-03-29,5589.0,5697.0,5400.0,5481.0,5481.0,43,0.0,0.0
2021-03-30,5589.0,5605.200195,5159.700195,5319.0,5319.0,73,0.0,0.0
2021-03-31,5373.0,5508.0,5278.5,5346.0,5346.0,45,0.0,0.0
2021-04-01,5481.0,5697.0,5346.0,5508.0,5508.0,68,0.0,0.0
2021-04-05,5562.0,5643.0,5238.0,5319.0,5319.0,64,0.0,0.0
2021-04-06,5211.0,5778.0,5076.0,5562.0,5562.0,156,0.0,0.0
2021-04-07,5535.0,5616.0,5319.0,5427.0,5427.0,44,0.0,0.0
2021-04-08,5373.0,5643.0,5319.0,5589.0,5589.0,36,0.0,0.0
2021-04-09,5562.0,5616.0,5292.0,5319.0,5319.0,61,0.0,0.0
2021-04-12,5400.0,5472.899902,5130.0,5184.0,5184.0,70,0.0,0.0
2021-04-13,5184.0,5270.399902,4941.0,4995.0,4995.0,57,0.0,0.0
2021-04-14,4914.0,4941.0,4563.0,4644.0,4644.0,84,0.0,0.0
2021-04-15,4752.0,4752.0,4320.0,4482.0,4482.0,465,0.0,0.0
2021-04-16,4239.0,4293.0,3942.0,4293.0,4293.0,128,0.0,0.0
2021-04-19,4212.0,4314.600098,4077.0,4131.0,4131.0,44,0.0,0.0
2021-04-20,4131.0,4266.0,3780.0,3807.0,3807.0,94,0.0,0.0
2021-04-21,3780.0,4114.799805,3645.0,4050.0,4050.0,73,0.0,0.0
2021-04-22,4050.0,4455.0,3944.699951,4293.0,4293.0,128,0.0,0.0
2021-04-23,4266.0,4428.0,4101.299805,4374.0,4374.0,72,0.0,0.0
2021-04-26,4212.0,4590.0,4131.0,4347.0,4347.0,100,0.0,0.0
2021-04-27,4374.0,4436.100098,4293.0,4374.0,4374.0,35,0.0,0.0
2021-04-28,4374.0,4482.0,4322.700195,4455.0,4455.0,24,0.0,0.0
2021-04-29,4455.0,4455.0,4320.0,4401.0,4401.0,28,0.0,0.0
2021-04-30,4401.0,4644.0,4320.0,4401.0,4401.0,65,0.0,0.0
2021-05-03,4401.0,4509.0,4185.0,4239.0,4239.0,65,0.0,0.0
2021-05-04,4266.0,4266.0,3834.0,3942.0,3942.0,55,0.0,0.0
2021-05-05,3942.0,4293.0,3753.0,4104.0,4104.0,84,0.0,0.0
2021-05-06,4131.0,4131.0,3753.0,3861.0,3861.0,66,0.0,0.0
2021-05-07,3915.0,4023.0,3780.0,3807.0,3807.0,46,0.0,0.0
2021-05-10,3888.0,3888.0,3591.0,3699.0,3699.0,35,0.0,0.0
2021-05-11,3510.0,3780.0,3456.0,3780.0,3780.0,31,0.0,0.0
2021-05-12,3726.0,3915.0,3653.100098,3699.0,3699.0,25,0.0,0.0
2021-05-13,3645.0,3780.0,3483.0,3564.0,3564.0,39,0.0,0.0
2021-05-14,3699.0,3834.0,3566.699951,3699.0,3699.0,17,0.0,0.0
2021-05-17,3672.0,3996.0,3593.699951,3969.0,3969.0,33,0.0,0.0
2021-05-18,3915.0,4293.0,3888.0,4104.0,4104.0,38,0.0,0.0
2021-05-19,4023.0,4239.0,3996.0,4185.0,4185.0,22,0.0,0.0
2021-05-20,4185.0,4293.0,4077.0,4239.0,4239.0,19,0.0,0.0
2021-05-21,4320.0,4320.0,4050.0,4293.0,4293.0,30,0.0,0.0
2021-05-24,4239.0,4428.0,4077.0,4239.0,4239.0,24,0.0,0.0
2021-05-25,4185.0,4320.0,4077.0,4158.0,4158.0,23,0.0,0.0
2021-05-26,4131.0,4320.0,4104.0,4104.0,4104.0,19,0.0,0.0
2021-05-27,4158.0,4590.0,4023.0,4455.0,4455.0,45,0.0,0.0
2021-05-28,3996.0,4401.0,3996.0,4131.0,4131.0,67,0.0,0.0
2021-06-01,4131.0,4320.0,4131.0,4239.0,4239.0,49,0.0,0.0
2021-06-02,4617.0,4617.0,4347.0,4590.0,4590.0,80,0.0,0.0
2021-06-03,4482.0,4563.0,4401.0,4509.0,4509.0,36,0.0,0.0
2021-06-04,4590.0,4590.0,4428.0,4536.0,4536.0,27,0.0,0.0
2021-06-07,4482.0,4563.0,4374.0,4455.0,4455.0,32,0.0,0.0
2021-06-08,4428.0,5103.0,4401.0,4860.0,4860.0,416,0.0,0.0
2021-06-09,5535.0,6723.0,5076.0,5994.0,5994.0,3103,0.0,0.0
2021-06-10,5508.0,5697.0,5076.0,5319.0,5319.0,251,0.0,0.0
2021-06-11,5265.0,5508.0,4860.0,5427.0,5427.0,193,0.0,0.0
2021-06-14,5481.0,5481.0,5022.0,5130.0,5130.0,75,0.0,0.0
2021-06-15,5076.0,5076.0,4887.0,4914.0,4914.0,125,0.0,0.0
2021-06-16,4860.0,4905.899902,4374.0,4509.0,4509.0,177,0.0,0.0
2021-06-17,4617.0,4752.0,4536.0,4590.0,4590.0,32,0.0,0.0
2021-06-18,4617.0,4698.0,4428.0,4509.0,4509.0,40,0.0,0.0
2021-06-21,4428.0,4455.0,4131.0,4212.0,4212.0,121,0.0,0.0
2021-06-22,4212.0,4428.0,4050.0,4293.0,4293.0,72,0.0,0.0
2021-06-23,4374.0,4482.0,4212.0,4347.0,4347.0,74,0.0,0.0
2021-06-24,4320.0,4428.0,4293.0,4401.0,4401.0,67,0.0,0.0
2021-06-25,4428.0,4590.0,4320.0,4401.0,4401.0,62,0.0,0.0
2021-06-28,4563.0,4563.0,4266.0,4509.0,4509.0,335,0.0,0.0
2021-06-29,4725.0,4860.0,4422.600098,4644.0,4644.0,383,0.0,0.0
2021-06-30,4725.0,4887.0,4347.0,4698.0,4698.0,352,0.0,0.0
2021-07-01,4590.0,4644.0,4428.0,4590.0,4590.0,104,0.0,0.0
2021-07-02,4671.0,4725.0,4374.0,4509.0,4509.0,123,0.0,0.0
2021-07-06,4455.0,4536.0,4293.0,4482.0,4482.0,117,0.0,0.0
2021-07-07,4455.0,4455.0,4050.0,4320.0,4320.0,80,0.0,0.0
2021-07-08,4104.0,4266.0,3915.0,4212.0,4212.0,81,0.0,0.0
2021-07-09,4239.0,4590.0,4185.0,4509.0,4509.0,152,0.0,0.0
2021-07-12,4455.0,8991.0,4455.0,7182.0,7182.0,29486,0.0,0.0
2021-07-13,10665.0,12960.0,7695.0,8586.0,8586.0,43138,0.0,0.0
2021-07-14,7376.399902,7722.0,6507.0,7263.0,7263.0,3422,0.0,0.0
2021-07-15,7074.0,7101.0,5886.0,6507.0,6507.0,1235,0.0,0.0
2021-07-16,6318.0,7236.0,6264.0,7209.0,7209.0,879,0.0,0.0
2021-07-19,6291.0,7020.0,6264.0,6858.0,6858.0,346,0.0,0.0
2021-07-20,6723.0,6966.0,6507.0,6696.0,6696.0,302,0.0,0.0
2021-07-21,6507.0,6993.0,5580.899902,5670.0,5670.0,1086,0.0,0.0
2021-07-22,5670.0,6291.0,5508.0,5670.0,5670.0,472,0.0,0.0
2021-07-23,5535.0,5602.5,5076.0,5211.0,5211.0,292,0.0,0.0
2021-07-26,4968.0,5346.0,4941.0,4941.0,4941.0,260,0.0,0.0
2021-07-27,5062.5,5751.0,4860.0,5292.0,5292.0,796,0.0,0.0
2021-07-28,5211.0,5373.0,4914.0,5130.0,5130.0,355,0.0,0.0
2021-07-29,5076.0,5805.0,4941.0,5400.0,5400.0,586,0.0,0.0
2021-07-30,5562.0,7236.0,5562.0,5967.0,5967.0,11539,0.0,0.0
2021-08-02,5967.0,6345.0,5562.0,6345.0,6345.0,1232,0.0,0.0
2021-08-03,6075.0,6615.0,5832.0,6237.0,6237.0,907,0.0,0.0
2021-08-04,6183.0,8640.0,6183.0,7425.0,7425.0,7864,0.0,0.0
2021-08-05,7128.0,7344.0,6561.0,6885.0,6885.0,915,0.0,0.0
2021-08-06,6858.0,9396.0,6642.0,8694.0,8694.0,8820,0.0,0.0
2021-08-09,11016.0,13500.0,10125.0,10314.0,10314.0,55631,0.0,0.0
2021-08-10,9369.0,9666.0,8478.0,8667.0,8667.0,3813,0.0,0.0
2021-08-11,8370.0,9153.0,8046.0,8073.0,8073.0,1208,0.0,0.0
2021-08-12,7938.0,8748.0,7587.0,8100.0,8100.0,1284,0.0,0.0
2021-08-13,8100.0,9018.0,7317.0,7371.0,7371.0,1428,0.0,0.0
2021-08-16,7425.0,8397.0,7357.5,7884.0,7884.0,681,0.0,0.0
2021-08-17,7830.0,8343.0,7560.0,7695.0,7695.0,482,0.0,0.0
2021-08-18,7776.0,8802.0,7560.0,8262.0,8262.0,742,0.0,0.0
2021-08-19,8316.0,8910.0,8156.700195,8505.0,8505.0,673,0.0,0.0
2021-08-20,8775.0,8775.0,7344.0,7425.0,7425.0,577,0.0,0.0
2021-08-23,7452.0,7776.0,7155.0,7371.0,7371.0,489,0.0,0.0
2021-08-24,7371.0,7630.200195,7101.0,7128.0,7128.0,315,0.0,0.0
2021-08-25,7128.0,7479.0,7020.0,7155.0,7155.0,367,0.0,0.0
2021-08-26,7182.0,7371.0,6750.0,6858.0,6858.0,335,0.0,0.0
2021-08-27,6885.0,8046.0,6804.0,7722.0,7722.0,1132,0.0,0.0
2021-08-30,7965.0,8100.0,7371.0,7749.0,7749.0,523,0.0,0.0
2021-08-31,7560.0,8802.0,7425.0,8181.0,8181.0,982,0.0,0.0
2021-09-01,8235.0,8505.0,7533.0,7560.0,7560.0,563,0.0,0.0
2021-09-02,7587.0,7992.0,7479.0,7857.0,7857.0,215,0.0,0.0
2021-09-03,7695.0,7857.0,7371.0,7506.0,7506.0,150,0.0,0.0
2021-09-07,7506.0,7884.0,7155.0,7209.0,7209.0,490,0.0,0.0
2021-09-08,7236.0,7263.0,6885.0,7020.0,7020.0,312,0.0,0.0
2021-09-09,6912.0,7317.0,6885.0,7263.0,7263.0,205,0.0,0.0
2021-09-10,7344.0,7452.0,7074.0,7182.0,7182.0,188,0.0,0.0
2021-09-13,7101.0,7236.0,6696.0,6750.0,6750.0,281,0.0,0.0
2021-09-14,6750.0,6750.0,5994.0,6048.0,6048.0,240,0.0,0.0
2021-09-15,6021.0,6399.0,5940.0,6048.0,6048.0,259,0.0,0.0
2021-09-16,5994.0,6210.0,5967.0,6048.0,6048.0,137,0.0,0.0
2021-09-17,6102.0,6291.0,6021.0,6291.0,6291.0,104,0.0,0.0
2021-09-20,5967.0,5994.0,5643.0,5832.0,5832.0,152,0.0,0.0
2021-09-21,5724.0,6102.0,5715.899902,5886.0,5886.0,115,0.0,0.0
2021-09-22,5994.0,6453.0,5940.0,6129.0,6129.0,366,0.0,0.0
2021-09-23,6156.0,6696.0,5886.0,6156.0,6156.0,562,0.0,0.0
2021-09-24,6156.0,6318.0,5967.0,6102.0,6102.0,151,0.0,0.0
2021-09-27,6102.0,6561.0,6007.5,6318.0,6318.0,231,0.0,0.0
2021-09-28,6210.0,6372.0,6021.0,6156.0,6156.0,112,0.0,0.0
2021-09-29,6156.0,6156.0,5537.700195,5589.0,5589.0,146,0.0,0.0
2021-09-30,5562.0,5940.0,5562.0,5805.0,5805.0,102,0.0,0.0
2021-10-01,5832.0,6156.0,5616.0,5913.0,5913.0,218,0.0,0.0
2021-10-04,5859.0,5861.700195,5427.0,5481.0,5481.0,115,0.0,0.0
2021-10-05,5535.0,5670.0,5454.0,5508.0,5508.0,55,0.0,0.0
2021-10-06,5454.0,5524.200195,5184.0,5373.0,5373.0,99,0.0,0.0
2021-10-07,5319.0,5724.0,5319.0,5670.0,5670.0,166,0.0,0.0
2021-10-08,5481.0,5697.0,5454.0,5508.0,5508.0,54,0.0,0.0
2021-10-11,5481.0,5591.700195,5405.399902,5481.0,5481.0,41,0.0,0.0
2021-10-12,5427.0,5535.0,5400.0,5481.0,5481.0,36,0.0,0.0
2021-10-13,5427.0,6156.0,5427.0,6048.0,6048.0,636,0.0,0.0
2021-10-14,5859.0,5913.0,5346.0,5481.0,5481.0,322,0.0,0.0
2021-10-15,5400.0,5562.0,5346.0,5346.0,5346.0,84,0.0,0.0
2021-10-18,5346.0,5508.0,4995.0,4995.0,4995.0,208,0.0,0.0
2021-10-19,5022.0,5373.0,4914.0,5184.0,5184.0,604,0.0,0.0
2021-10-20,5184.0,5278.5,5049.0,5157.0,5157.0,144,0.0,0.0
2021-10-21,5238.0,5481.0,5148.899902,5373.0,5373.0,196,0.0,0.0
2021-10-22,5211.0,5224.5,4941.0,4995.0,4995.0,136,0.0,0.0
2021-10-25,5022.0,5157.0,4887.0,5076.0,5076.0,113,0.0,0.0
2021-10-26,5049.0,5111.100098,4455.0,4941.0,4941.0,241,0.0,0.0
2021-10-27,4833.0,4941.0,4779.0,4779.0,4779.0,54,0.0,0.0
2021-10-28,4779.0,4873.5,4617.0,4617.0,4617.0,118,0.0,0.0
2021-10-29,4698.0,4752.0,4563.0,4617.0,4617.0,59,0.0,0.0
2021-11-01,4617.0,5103.0,4617.0,4779.0,4779.0,293,0.0,0.0
2021-11-02,4779.0,4927.5,4752.0,4806.0,4806.0,55,0.0,0.0
2021-11-03,4779.0,4914.0,4752.0,4806.0,4806.0,55,0.0,0.0
2021-11-04,4806.0,4914.0,4698.0,4725.0,4725.0,44,0.0,0.0
2021-11-05,4752.0,4914.0,4671.0,4752.0,4752.0,52,0.0,0.0
2021-11-08,4752.0,4860.0,4752.0,4806.0,4806.0,46,0.0,0.0
2021-11-09,4757.399902,4779.0,4644.0,4671.0,4671.0,85,0.0,0.0
2021-11-10,4617.0,4698.0,4509.0,4536.0,4536.0,47,0.0,0.0
2021-11-11,4509.0,4563.0,4482.0,4509.0,4509.0,20,0.0,0.0
2021-11-12,4563.0,4563.0,4460.399902,4536.0,4536.0,29,0.0,0.0
2021-11-15,4563.0,4563.0,4347.0,4347.0,4347.0,34,0.0,0.0
2021-11-16,4374.0,4428.0,4212.0,4212.0,4212.0,64,0.0,0.0
2021-11-17,4401.0,4695.299805,4104.0,4185.0,4185.0,537,0.0,0.0
2021-11-18,4185.0,4428.0,4050.0,4050.0,4050.0,135,0.0,0.0
2021-11-19,4023.0,4104.0,3780.0,3780.0,3780.0,101,0.0,0.0
2021-11-22,3780.0,4293.0,3780.0,3996.0,3996.0,577,0.0,0.0
2021-11-23,3915.0,3942.0,3780.0,3834.0,3834.0,61,0.0,0.0
2021-11-24,3915.0,4131.0,3834.0,4131.0,4131.0,57,0.0,0.0
2021-11-26,3958.199951,4536.0,3958.199951,4158.0,4158.0,317,0.0,0.0
2021-11-29,4104.0,4374.0,3942.0,4131.0,4131.0,179,0.0,0.0
2021-11-30,4104.0,4158.0,3861.0,4050.0,4050.0,126,0.0,0.0
2021-12-01,4455.0,4968.0,4077.0,4320.0,4320.0,3134,0.0,0.0
2021-12-02,4239.0,4320.0,3780.0,3807.0,3807.0,323,0.0,0.0
2021-12-03,3807.0,3901.5,3591.0,3699.0,3699.0,138,0.0,0.0
2021-12-06,3564.0,3604.5,3402.0,3456.0,3456.0,129,0.0,0.0
2021-12-07,3564.0,3699.0,3429.0,3645.0,3645.0,215,0.0,0.0
2021-12-08,3645.0,3861.0,3537.0,3726.0,3726.0,176,0.0,0.0
2021-12-09,3699.0,3780.0,3429.0,3483.0,3483.0,97,0.0,0.0
2021-12-10,3483.0,3780.0,3483.0,3591.0,3591.0,90,0.0,0.0
2021-12-13,3591.0,3672.0,3402.0,3456.0,3456.0,125,0.0,0.0
2021-12-14,3429.0,3591.0,3280.5,3321.0,3321.0,113,0.0,0.0
2021-12-15,3240.0,3483.0,3132.0,3375.0,3375.0,156,0.0,0.0
2021-12-16,3375.0,3537.0,3294.0,3402.0,3402.0,87,0.0,0.0
2021-12-17,3294.0,3528.899902,3294.0,3429.0,3429.0,77,0.0,0.0
2021-12-20,3321.0,3477.600098,3318.300049,3402.0,3402.0,40,0.0,0.0
2021-12-21,3402.0,3618.0,3402.0,3510.0,3510.0,94,0.0,0.0
2021-12-22,3429.0,3510.0,3348.0,3483.0,3483.0,60,0.0,0.0
2021-12-23,3510.0,3699.0,3402.0,3699.0,3699.0,91,0.0,0.0
2021-12-27,3793.5,3807.0,3537.0,3645.0,3645.0,113,0.0,0.0
2021-12-28,3564.0,3645.0,3240.0,3240.0,3240.0,135,0.0,0.0
2021-12-29,3267.0,3429.0,3267.0,3294.0,3294.0,76,0.0,0.0
2021-12-30,3321.0,3672.0,3280.5,3537.0,3537.0,188,0.0,0.0
2021-12-31,3510.0,3510.0,3383.100098,3483.0,3483.0,89,0.0,0.0
2022-01-03,3483.0,3726.0,3456.0,3726.0,3726.0,34,0.0,0.0
2022-01-04,3726.0,3726.0,3564.0,3645.0,3645.0,30,0.0,0.0
2022-01-05,3618.0,3645.0,3402.0,3483.0,3483.0,57,0.0,0.0
2022-01-06,3402.0,3564.0,3375.0,3537.0,3537.0,32,0.0,0.0
2022-01-07,3504.600098,3510.0,3402.0,3480.300049,3480.300049,29,0.0,0.0
2022-01-10,3375.0,3510.0,3375.0,3483.0,3483.0,34,0.0,0.0
2022-01-11,3402.0,3483.0,3402.0,3456.0,3456.0,42,0.0,0.0
2022-01-12,3429.0,3645.0,3429.0,3645.0,3645.0,60,0.0,0.0
2022-01-13,3726.0,3726.0,3537.0,3537.0,3537.0,44,0.0,0.0
2022-01-14,3510.0,3564.0,3402.0,3564.0,3564.0,35,0.0,0.0
2022-01-18,3510.0,3510.0,3429.0,3483.0,3483.0,16,0.0,0.0
2022-01-19,3537.0,3642.300049,3456.0,3456.0,3456.0,34,0.0,0.0
2022-01-20,3429.0,3456.0,3186.0,3186.0,3186.0,47,0.0,0.0
2022-01-21,3132.0,3375.0,3078.0,3240.0,3240.0,56,0.0,0.0
2022-01-24,3159.0,3240.0,2781.0,3051.0,3051.0,60,0.0,0.0
2022-01-25,3051.0,3186.0,3051.0,3078.0,3078.0,5,0.0,0.0
2022-01-26,3078.0,3345.300049,3024.0,3159.0,3159.0,20,0.0,0.0
2022-01-27,3159.0,3267.0,2997.0,3078.0,3078.0,9,0.0,0.0
2022-01-28,2997.0,3078.0,2997.0,2997.0,2997.0,12,0.0,0.0
2022-01-31,2997.0,3186.0,2997.0,3132.0,3132.0,22,0.0,0.0
2022-02-01,3159.0,3240.0,3078.0,3121.199951,3121.199951,12,0.0,0.0
2022-02-02,3159.0,3510.0,3024.0,3105.0,3105.0,147,0.0,0.0
2022-02-03,3051.0,3075.300049,2943.0,3024.0,3024.0,30,0.0,0.0
2022-02-04,3105.0,3105.0,2916.0,3024.0,3024.0,31,0.0,0.0
2022-02-07,3051.0,3051.0,2916.0,2970.0,2970.0,17,0.0,0.0
2022-02-08,2889.0,3024.0,2889.0,2970.0,2970.0,14,0.0,0.0
2022-02-09,2997.0,3051.0,2997.0,2997.0,2997.0,12,0.0,0.0
2022-02-10,2916.0,3078.0,2916.0,3024.0,3024.0,23,0.0,0.0
2022-02-11,3051.0,3051.0,2889.0,2970.0,2970.0,27,0.0,0.0
2022-02-14,2916.0,2916.0,2781.0,2862.0,2862.0,14,0.0,0.0
2022-02-15,2862.0,2913.300049,2835.0,2867.399902,2867.399902,25,0.0,0.0
2022-02-16,2862.0,2883.600098,2781.0,2808.0,2808.0,23,0.0,0.0
2022-02-17,2781.0,2826.899902,2481.300049,2524.5,2524.5,49,0.0,0.0
2022-02-18,2511.0,2538.0,2430.0,2511.0,2511.0,13,0.0,0.0
2022-02-22,2295.0,2511.0,2295.0,2324.699951,2324.699951,20,0.0,0.0
2022-02-23,2295.0,2535.300049,2295.0,2400.300049,2400.300049,31,0.0,0.0
2022-02-24,2119.5,2457.0,2025.0,2457.0,2457.0,43,0.0,0.0
2022-02-25,2430.0,2511.0,2430.0,2457.0,2457.0,13,0.0,0.0
2022-02-28,2427.300049,2484.0,2376.0,2408.399902,2408.399902,12,0.0,0.0
2022-03-01,2484.0,2484.0,2403.0,2408.399902,2408.399902,14,0.0,0.0
2022-03-02,2403.0,2440.800049,2295.0,2376.0,2376.0,12,0.0,0.0
2022-03-03,2349.0,2389.5,2292.300049,2295.0,2295.0,5,0.0,0.0
2022-03-04,2295.0,2376.0,2160.0,2319.300049,2319.300049,22,0.0,0.0
2022-03-07,2214.0,2268.0,2003.400024,2003.400024,2003.400024,33,0.0,0.0
2022-03-08,1971.0,2081.699951,1917.0,2025.0,2025.0,33,0.0,0.0
2022-03-09,2079.0,2211.300049,1968.300049,2181.600098,2181.600098,39,0.0,0.0
2022-03-10,2133.0,2646.0,2052.0,2224.800049,2224.800049,192,0.0,0.0
2022-03-11,2224.800049,2224.800049,1998.0,2065.5,2065.5,37,0.0,0.0
2022-03-14,2079.0,2106.0,1852.199951,1890.0,1890.0,17,0.0,0.0
2022-03-15,1917.0,2205.899902,1917.0,1930.5,1930.5,3,0.0,0.0
2022-03-16,1911.599976,2127.600098,1911.599976,2052.0,2052.0,41,0.0,0.0
2022-03-17,1989.900024,2181.600098,1989.900024,2181.600098,2181.600098,9,0.0,0.0
2022-03-18,2184.300049,2362.5,2133.0,2187.0,2187.0,70,0.0,0.0
2022-03-21,2214.0,2292.300049,2100.600098,2268.0,2268.0,26,0.0,0.0
2022-03-22,2268.0,3510.0,2216.699951,3105.0,3105.0,832,0.0,0.0
2022-03-23,3159.0,3240.0,2862.0,3051.0,3051.0,205,0.0,0.0
2022-03-24,3105.0,3213.0,2916.0,3024.0,3024.0,60,0.0,0.0
2022-03-25,2889.0,3024.0,2578.5,2656.800049,2656.800049,90,0.0,0.0
2022-03-28,2727.0,2997.0,2727.0,2889.0,2889.0,41,0.0,0.0
2022-03-29,2889.0,2970.0,2889.0,2916.0,2916.0,22,0.0,0.0
2022-03-30,2916.0,3105.0,2864.699951,2889.0,2889.0,25,0.0,0.0
2022-03-31,2970.0,3051.0,2727.0,3024.0,3024.0,51,0.0,0.0
2022-04-01,3024.0,3051.0,2916.0,2916.0,2916.0,17,0.0,0.0
2022-04-04,2943.0,3078.0,2916.0,3051.0,3051.0,29,0.0,0.0
2022-04-05,3024.0,3051.0,2862.0,2943.0,2943.0,31,0.0,0.0
2022-04-06,2891.699951,2970.0,2754.0,2835.0,2835.0,17,0.0,0.0
2022-04-07,2862.0,2970.0,2727.0,2754.0,2754.0,12,0.0,0.0
2022-04-08,2754.0,2781.0,2565.0,2592.0,2592.0,23,0.0,0.0
2022-04-11,2600.100098,2970.0,2529.899902,2538.0,2538.0,18,0.0,0.0
2022-04-12,2511.0,2556.899902,2376.0,2486.699951,2486.699951,33,0.0,0.0
2022-04-13,2554.199951,2554.199951,2376.0,2403.0,2403.0,18,0.0,0.0
2022-04-14,2551.5,3996.0,2376.0,3024.0,3024.0,2826,0.0,0.0
2022-04-18,2808.0,2808.0,2551.5,2559.600098,2559.600098,165,0.0,0.0
2022-04-19,2540.699951,2781.0,2540.699951,2700.0,2700.0,71,0.0,0.0
2022-04-20,2646.0,2727.0,2565.0,2619.0,2619.0,27,0.0,0.0
2022-04-21,2559.600098,3609.899902,2494.800049,2727.0,2727.0,709,0.0,0.0
2022-04-22,2700.0,2754.0,2430.0,2619.0,2619.0,120,0.0,0.0
2022-04-25,2540.699951,2835.0,2489.399902,2754.0,2754.0,73,0.0,0.0
2022-04-26,2781.0,2781.0,2513.699951,2565.0,2565.0,49,0.0,0.0
2022-04-27,2646.0,2646.0,2457.0,2565.0,2565.0,24,0.0,0.0
2022-04-28,2565.0,2586.600098,2457.0,2538.0,2538.0,12,0.0,0.0
2022-04-29,2484.0,2619.0,2484.0,2511.0,2511.0,7,0.0,0.0
2022-05-02,2619.0,2619.0,2457.0,2513.699951,2513.699951,6,0.0,0.0
2022-05-03,2551.5,2610.899902,2497.5,2608.199951,2608.199951,5,0.0,0.0
2022-05-04,2556.899902,2862.0,2556.899902,2592.0,2592.0,64,0.0,0.0
2022-05-05,2592.0,2781.0,2565.0,2565.0,2565.0,28,0.0,0.0
2022-05-06,2565.0,2673.0,2440.800049,2551.5,2551.5,15,0.0,0.0
2022-05-09,2511.0,2565.0,2376.0,2548.800049,2548.800049,57,0.0,0.0
2022-05-10,2484.0,2524.5,2324.699951,2381.399902,2381.399902,20,0.0,0.0
2022-05-11,2484.0,2484.0,2081.699951,2084.399902,2084.399902,29,0.0,0.0
2022-05-12,2079.0,2203.199951,2079.0,2151.899902,2151.899902,23,0.0,0.0
2022-05-13,2160.0,2367.899902,2100.600098,2241.0,2241.0,26,0.0,0.0
2022-05-16,2168.100098,2430.0,2168.100098,2241.0,2241.0,10,0.0,0.0
2022-05-17,2108.699951,2373.300049,2108.699951,2249.100098,2249.100098,22,0.0,0.0
2022-05-18,2241.0,2295.0,2187.0,2214.0,2214.0,9,0.0,0.0
2022-05-19,2322.0,2322.0,2160.0,2216.699951,2216.699951,5,0.0,0.0
2022-05-20,2160.0,2349.0,2087.100098,2116.800049,2116.800049,23,0.0,0.0
2022-05-23,2146.5,2149.199951,2027.699951,2100.600098,2100.600098,24,0.0,0.0
2022-05-24,2127.600098,2197.800049,1944.0,2041.199951,2041.199951,31,0.0,0.0
2022-05-25,2000.699951,2052.0,1903.5,2052.0,2052.0,16,0.0,0.0
2022-05-26,2038.5,2133.0,2025.0,2025.0,2025.0,15,0.0,0.0
2022-05-27,2025.0,2141.100098,1971.0,2025.0,2025.0,6,0.0,0.0
2022-05-31,2041.199951,2079.0,2011.5,2079.0,2079.0,32,0.0,0.0
2022-06-01,2052.0,2133.0,2025.0,2052.0,2052.0,21,0.0,0.0
2022-06-02,2030.400024,2079.0,2011.5,2027.699951,2027.699951,15,0.0,0.0
2022-06-03,2133.0,2133.0,1998.0,2038.5,2038.5,11,0.0,0.0
2022-06-06,2133.0,2133.0,1998.0,2038.5,2038.5,12,0.0,0.0
2022-06-07,1984.5,2079.0,1800.900024,1998.0,1998.0,34,0.0,0.0
2022-06-08,1944.0,2052.0,1944.0,2033.099976,2033.099976,31,0.0,0.0
2022-06-09,1998.0,2119.5,1998.0,2106.0,2106.0,9,0.0,0.0
2022-06-10,2068.199951,2106.0,1998.0,2025.0,2025.0,14,0.0,0.0
2022-06-13,1949.400024,2025.0,1892.699951,1930.5,1930.5,25,0.0,0.0
2022-06-14,1930.5,2052.0,1890.0,1914.300049,1914.300049,14,0.0,0.0
2022-06-15,1914.300049,1914.300049,1800.900024,1809.0,1809.0,27,0.0,0.0
2022-06-16,1809.0,1884.599976,1674.0,1884.599976,1884.599976,20,0.0,0.0
2022-06-17,1884.599976,1890.0,1695.599976,1822.5,1822.5,17,0.0,0.0
2022-06-21,1822.5,1868.400024,1757.699951,1822.5,1822.5,27,0.0,0.0
2022-06-22,1757.699951,1944.0,1757.699951,1944.0,1944.0,17,0.0,0.0
2022-06-23,1971.0,1971.0,1849.5,1876.5,1876.5,14,0.0,0.0
2022-06-24,1935.900024,1971.0,1782.0,1900.800049,1900.800049,16,0.0,0.0
2022-06-27,1998.0,1998.0,1836.0,1944.0,1944.0,10,0.0,0.0
2022-06-28,1922.400024,1971.0,1846.800049,1863.0,1863.0,2,0.0,0.0
2022-06-29,1863.0,1944.0,1863.0,1873.800049,1873.800049,1,0.0,0.0
2022-06-30,1944.0,1944.0,1674.0,1755.0,1755.0,32,0.0,0.0
2022-07-01,1803.599976,1803.599976,1674.0,1701.0,1701.0,4,0.0,0.0
2022-07-05,1728.0,1773.900024,1649.699951,1674.0,1674.0,27,0.0,0.0
2022-07-06,2538.0,2943.0,1995.300049,1998.0,1998.0,11398,0.0,0.0
2022-07-07,1809.0,2160.0,1755.0,2124.899902,2124.899902,549,0.0,0.0
2022-07-08,1917.0,2157.300049,1917.0,2108.699951,2108.699951,148,0.0,0.0
2022-07-11,2014.199951,2214.0,1973.699951,2214.0,2214.0,150,0.0,0.0
2022-07-12,2214.0,2214.0,2054.699951,2108.699951,2108.699951,53,0.0,0.0
2022-07-13,1917.0,2157.300049,1917.0,1998.0,1998.0,50,0.0,0.0
2022-07-14,1998.0,2038.5,1925.099976,1965.599976,1965.599976,73,0.0,0.0
2022-07-15,1971.0,2025.0,1890.0,1890.0,1890.0,13,0.0,0.0
2022-07-18,1922.400024,2052.0,1900.800049,1981.800049,1981.800049,17,0.0,0.0
2022-07-19,1965.599976,2781.0,1890.0,2324.699951,2324.699951,2872,0.0,0.0
2022-07-20,2189.699951,2295.0,2062.800049,2187.0,2187.0,200,0.0,0.0
2022-07-21,2154.600098,2214.0,2106.0,2154.600098,2154.600098,54,0.0,0.0
2022-07-22,2160.0,2160.0,1933.199951,1971.0,1971.0,61,0.0,0.0
2022-07-25,1971.0,2133.0,1971.0,2025.0,2025.0,18,0.0,0.0
2022-07-26,1998.0,2127.600098,1944.0,2025.0,2025.0,29,0.0,0.0
2022-07-27,1984.5,2127.600098,1979.099976,2095.199951,2095.199951,17,0.0,0.0
2022-07-28,2106.0,2181.600098,1998.0,2106.0,2106.0,35,0.0,0.0
2022-07-29,2146.5,2187.0,2025.0,2081.699951,2081.699951,8,0.0,0.0
2022-08-01,2025.0,2079.0,1998.0,2025.0,2025.0,10,0.0,0.0
2022-08-02,2025.0,2025.0,1998.0,1998.0,1998.0,24,0.0,0.0
2022-08-03,1998.0,2141.100098,1984.5,2052.0,2052.0,21,0.0,0.0
2022-08-04,2052.0,2322.0,1973.699951,2052.0,2052.0,87,0.0,0.0
2022-08-05,2151.899902,2151.899902,1971.0,2060.100098,2060.100098,28,0.0,0.0
2022-08-08,2025.0,2235.600098,2025.0,2052.0,2052.0,18,0.0,0.0
2022-08-09,2052.0,2149.199951,2025.0,2079.0,2079.0,16,0.0,0.0
2022-08-10,2038.5,2108.699951,2038.5,2079.0,2079.0,6,0.0,0.0
2022-08-11,2184.300049,2184.300049,2079.0,2079.0,2079.0,16,0.0,0.0
2022-08-12,2100.600098,2135.699951,2092.5,2135.699951,2135.699951,6,0.0,0.0
2022-08-15,2092.5,2187.0,2079.0,2114.100098,2114.100098,30,0.0,0.0
2022-08-16,2065.5,2106.0,2065.5,2103.300049,2103.300049,10,0.0,0.0
2022-08-17,2052.0,2079.0,2025.0,2079.0,2079.0,12,0.0,0.0
2022-08-18,2025.0,2025.0,1917.0,1987.199951,1987.199951,20,0.0,0.0
2022-08-19,1998.0,2025.0,1900.800049,1900.800049,1900.800049,12,0.0,0.0
2022-08-22,1892.699951,2025.0,1892.699951,1962.900024,1962.900024,5,0.0,0.0
2022-08-23,1892.699951,1998.0,1892.699951,1925.099976,1925.099976,9,0.0,0.0
2022-08-24,1892.699951,1935.900024,1790.099976,1881.900024,1881.900024,23,0.0,0.0
2022-08-25,1930.5,1930.5,1809.0,1863.0,1863.0,10,0.0,0.0
2022-08-26,1836.0,1879.199951,1755.0,1755.0,1755.0,23,0.0,0.0
2022-08-29,1795.5,1795.5,1625.400024,1728.0,1728.0,38,0.0,0.0
2022-08-30,1798.199951,2268.0,1728.0,1944.0,1944.0,450,0.0,0.0
2022-08-31,1798.199951,1863.0,1728.0,1765.800049,1765.800049,47,0.0,0.0
2022-09-01,1728.0,1814.400024,1728.0,1741.5,1741.5,16,0.0,0.0
2022-09-02,1728.0,1782.0,1593.0,1625.400024,1625.400024,47,0.0,0.0
2022-09-06,1633.5,2052.0,1541.699951,1701.0,1701.0,114,0.0,0.0
2022-09-07,1728.0,1730.699951,1620.0,1647.0,1647.0,20,0.0,0.0
2022-09-08,1663.199951,1755.0,1606.5,1709.099976,1709.099976,23,0.0,0.0
2022-09-09,1674.0,1795.5,1606.5,1782.0,1782.0,16,0.0,0.0
2022-09-12,1703.699951,1876.5,1703.699951,1863.0,1863.0,25,0.0,0.0
2022-09-13,1782.0,1890.0,1350.0,1890.0,1890.0,56,0.0,0.0
2022-09-14,1865.699951,1989.900024,1757.699951,1890.0,1890.0,20,0.0,0.0
2022-09-15,1809.0,1944.0,1809.0,1890.0,1890.0,18,0.0,0.0
2022-09-16,1846.800049,1944.0,1846.800049,1884.599976,1884.599976,10,0.0,0.0
2022-09-19,1863.0,1925.099976,1809.0,1849.5,1849.5,48,0.0,0.0
2022-09-20,1836.0,1890.0,1809.0,1890.0,1890.0,10,0.0,0.0
2022-09-21,1876.5,1917.0,1836.0,1863.0,1863.0,7,0.0,0.0
2022-09-22,1836.0,1863.0,1757.699951,1863.0,1863.0,21,0.0,0.0
2022-09-23,1863.0,1873.800049,1795.5,1822.5,1822.5,22,0.0,0.0
2022-09-26,1728.0,1863.0,1728.0,1836.0,1836.0,6,0.0,0.0
2022-09-27,1863.0,2079.0,1863.0,1890.0,1890.0,20,0.0,0.0
2022-09-28,1876.5,1938.599976,1863.0,1900.800049,1900.800049,39,0.0,0.0
2022-09-29,1857.599976,2025.0,1857.599976,1944.0,1944.0,13,0.0,0.0
2022-09-30,1825.199951,1944.0,1825.199951,1917.0,1917.0,25,0.0,0.0
2022-10-03,1917.0,1944.0,1863.0,1933.199951,1933.199951,24,0.0,0.0
2022-10-04,1908.900024,2025.0,1908.900024,1971.0,1971.0,30,0.0,0.0
2022-10-05,1868.400024,1965.599976,1863.0,1890.0,1890.0,6,0.0,0.0
2022-10-06,1946.699951,1971.0,1811.699951,1900.800049,1900.800049,17,0.0,0.0
2022-10-07,1790.099976,1890.0,1790.099976,1863.0,1863.0,6,0.0,0.0
2022-10-10,1836.0,1908.900024,1836.0,1863.0,1863.0,6,0.0,0.0
2022-10-11,1755.0,1881.900024,1755.0,1863.0,1863.0,14,0.0,0.0
2022-10-12,1809.0,1836.0,1722.599976,1738.800049,1738.800049,11,0.0,0.0
2022-10-13,1825.199951,1827.900024,1687.5,1728.0,1728.0,10,0.0,0.0
2022-10-14,1701.0,1795.5,1701.0,1701.0,1701.0,9,0.0,0.0
2022-10-17,1744.199951,1744.199951,1674.0,1703.699951,1703.699951,6,0.0,0.0
2022-10-18,1809.0,1809.0,1733.400024,1755.0,1755.0,2,0.0,0.0
2022-10-19,1809.0,1863.0,1701.0,1725.300049,1725.300049,4,0.0,0.0
2022-10-20,1863.0,1863.0,1674.0,1728.0,1728.0,14,0.0,0.0
2022-10-21,1701.0,1714.5,1674.0,1701.0,1701.0,10,0.0,0.0
2022-10-24,1717.199951,1717.199951,1674.0,1674.0,1674.0,6,0.0,0.0
2022-10-25,1687.5,1919.699951,1674.0,1755.0,1755.0,57,0.0,0.0
2022-10-26,1722.599976,1755.0,1674.0,1674.0,1674.0,36,0.0,0.0
2022-10-27,1717.199951,1952.099976,1717.199951,1717.199951,1717.199951,2,0.0,0.0
2022-10-28,1782.0,1782.0,1674.0,1690.199951,1690.199951,4,0.0,0.0
2022-10-31,1701.0,1830.599976,1625.400024,1625.400024,1625.400024,21,0.0,0.0
2022-11-01,1620.0,1692.900024,1620.0,1620.0,1620.0,6,0.0,0.0
2022-11-02,1687.5,1687.5,1620.0,1620.0,1620.0,3,0.0,0.0
2022-11-03,1620.0,1711.800049,1620.0,1620.0,1620.0,3,0.0,0.0
2022-11-04,1647.0,1701.0,1593.0,1593.0,1593.0,15,0.0,0.0
2022-11-07,1593.0,1728.0,1593.0,1701.0,1701.0,1,0.0,0.0
2022-11-08,1593.0,1695.599976,1593.0,1633.5,1633.5,2,0.0,0.0
2022-11-09,1598.400024,1625.400024,1512.0,1555.199951,1555.199951,10,0.0,0.0
2022-11-10,1549.800049,1603.800049,1539.0,1576.800049,1576.800049,11,0.0,0.0
2022-11-11,1593.0,1593.0,1539.0,1539.0,1539.0,7,0.0,0.0
2022-11-14,1620.0,1620.0,1539.0,1539.0,1539.0,1,0.0,0.0
2022-11-15,1512.0,1593.0,1512.0,1525.5,1525.5,4,0.0,0.0
2022-11-16,1512.0,1514.699951,1512.0,1512.0,1512.0,8,0.0,0.0
2022-11-17,1485.0,1503.900024,1417.5,1417.5,1417.5,7,0.0,0.0
2022-11-18,1487.699951,1487.699951,1436.400024,1436.400024,1436.400024,2,0.0,0.0
2022-11-21,1404.0,1479.599976,1328.400024,1395.900024,1395.900024,6,0.0,0.0
2022-11-22,1352.699951,1422.900024,1323.0,1323.0,1323.0,2,0.0,0.0
2022-11-23,1501.199951,1593.0,1355.400024,1417.5,1417.5,10,0.0,0.0
2022-11-25,1485.0,1485.0,1449.900024,1449.900024,1449.900024,8,0.0,0.0
2022-11-28,1350.0,1439.099976,1341.900024,1341.900024,1341.900024,11,0.0,0.0
2022-11-29,1323.0,1336.5,1188.0,1301.400024,1301.400024,14,0.0,0.0
2022-11-30,1309.5,1312.199951,1215.0,1242.0,1242.0,8,0.0,0.0
2022-12-01,1215.0,1323.0,1215.0,1242.0,1242.0,32,0.0,0.0
2022-12-02,1279.800049,1617.300049,1279.800049,1517.400024,1517.400024,65,0.0,0.0
2022-12-05,1539.0,1960.199951,1525.5,1795.5,1795.5,151,0.0,0.0
2022-12-06,2187.0,2214.0,1865.699951,1971.0,1971.0,659,0.0,0.0
2022-12-07,1738.800049,1738.800049,1296.0,1566.0,1566.0,141,0.0,0.0
2022-12-08,1296.0,1539.0,1296.0,1428.300049,1428.300049,30,0.0,0.0
2022-12-09,1377.0,1485.0,1366.199951,1377.0,1377.0,18,0.0,0.0
2022-12-12,1377.0,1620.0,1350.0,1377.0,1377.0,21,0.0,0.0
2022-12-13,1444.5,1530.900024,1377.0,1377.0,1377.0,8,0.0,0.0
2022-12-14,1485.0,1512.0,1377.0,1431.0,1431.0,18,0.0,0.0
2022-12-15,1485.0,1485.0,1312.199951,1323.0,1323.0,19,0.0,0.0
2022-12-16,1312.199951,1422.900024,1269.0,1296.0,1296.0,21,0.0,0.0
2022-12-19,1190.699951,1350.0,1155.599976,1155.599976,1155.599976,32,0.0,0.0
2022-12-20,1188.0,1188.0,1134.0,1134.0,1134.0,24,0.0,0.0
2022-12-21,1109.699951,1161.0,1080.0,1144.800049,1144.800049,43,0.0,0.0
2022-12-22,1120.5,1120.5,1026.0,1026.0,1026.0,28,0.0,0.0
2022-12-23,1050.300049,1139.400024,1050.300049,1107.0,1107.0,4,0.0,0.0
2022-12-27,1107.0,1139.400024,1107.0,1107.0,1107.0,16,0.0,0.0
2022-12-28,1107.0,1107.0,1058.400024,1088.099976,1088.099976,8,0.0,0.0
2022-12-29,1053.0,1107.0,1042.199951,1107.0,1107.0,16,0.0,0.0
2022-12-30,1096.199951,1096.199951,1047.599976,1069.199951,1069.199951,28,0.0,0.0
2023-01-03,1071.900024,1098.900024,1026.0,1050.300049,1050.300049,10,0.0,0.0
2023-01-04,1050.300049,1377.0,1012.5,1328.400024,1328.400024,115,0.0,0.0
2023-01-05,1228.5,1296.0,1228.5,1242.0,1242.0,25,0.0,0.0
2023-01-06,1217.699951,1247.400024,1166.400024,1188.0,1188.0,22,0.0,0.0
2023-01-09,1223.099976,1296.0,1166.400024,1215.0,1215.0,8,0.0,0.0
2023-01-10,1161.0,1296.0,1161.0,1271.699951,1271.699951,2,0.0,0.0
2023-01-11,1255.5,1323.0,1215.0,1269.0,1269.0,12,0.0,0.0
2023-01-12,1228.5,1323.0,1188.0,1215.0,1215.0,17,0.0,0.0
2023-01-13,1217.699951,1293.300049,1155.599976,1188.0,1188.0,8,0.0,0.0
2023-01-17,1323.0,1323.0,1166.400024,1190.699951,1190.699951,15,0.0,0.0
2023-01-18,1236.599976,1323.0,1155.599976,1190.699951,1190.699951,36,0.0,0.0
2023-01-19,1323.0,1323.0,804.599976,1171.800049,1171.800049,92,0.0,0.0
2023-01-20,1198.800049,1215.0,1101.599976,1136.699951,1136.699951,12,0.0,0.0
2023-01-23,1142.099976,1177.199951,1047.599976,1053.0,1053.0,47,0.0,0.0
2023-01-24,1107.0,1188.0,1107.0,1136.699951,1136.699951,8,0.0,0.0
2023-01-25,1080.0,1161.0,1053.0,1055.699951,1055.699951,30,0.0,0.0
2023-01-26,1053.0,1107.0,1053.0,1080.0,1080.0,5,0.0,0.0
2023-01-27,1120.5,1161.0,1066.5,1080.0,1080.0,12,0.0,0.0
2023-01-30,1152.900024,1350.0,1082.699951,1120.5,1120.5,72,0.0,0.0
2023-01-31,1082.699951,1166.400024,1080.0,1080.0,1080.0,15,0.0,0.0
2023-02-01,1085.400024,1215.0,1085.400024,1134.0,1134.0,9,0.0,0.0
2023-02-02,1161.0,1215.0,1128.599976,1188.0,1188.0,28,0.0,0.0
2023-02-03,1120.5,1215.0,1120.5,1188.0,1188.0,14,0.0,0.0
2023-02-06,1215.0,1247.400024,1188.0,1188.0,1188.0,32,0.0,0.0
2023-02-07,1134.0,1296.0,1134.0,1188.0,1188.0,14,0.0,0.0
2023-02-08,1125.900024,1269.0,1125.900024,1190.699951,1190.699951,26,0.0,0.0
2023-02-09,1142.099976,1266.300049,1142.099976,1177.199951,1177.199951,9,0.0,0.0
2023-02-10,1223.099976,1269.0,1109.699951,1177.199951,1177.199951,9,0.0,0.0
2023-02-13,1260.900024,1260.900024,1123.199951,1196.099976,1196.099976,5,0.0,0.0
2023-02-14,1134.0,1190.699951,1120.5,1190.699951,1190.699951,1,0.0,0.0
2023-02-15,1150.199951,1188.0,1134.0,1171.800049,1171.800049,2,0.0,0.0
2023-02-16,1242.0,1242.0,1134.0,1212.300049,1212.300049,4,0.0,0.0
2023-02-17,1177.199951,1209.599976,1161.0,1209.599976,1209.599976,5,0.0,0.0
2023-02-21,1161.0,1215.0,1161.0,1169.099976,1169.099976,5,0.0,0.0
2023-02-22,1182.599976,1269.0,1182.599976,1242.0,1242.0,10,0.0,0.0
2023-02-23,1217.699951,1217.699951,1134.0,1215.0,1215.0,6,0.0,0.0
2023-02-24,1215.0,1217.699951,1161.0,1161.0,1161.0,7,0.0,0.0
2023-02-27,1161.0,1182.599976,1053.0,1107.0,1107.0,20,0.0,0.0
2023-02-28,1163.699951,1163.699951,1053.0,1107.0,1107.0,15,0.0,0.0
2023-03-01,1269.0,1269.0,1112.400024,1112.400024,1112.400024,4,0.0,0.0
2023-03-02,1169.099976,1171.800049,1053.0,1090.800049,1090.800049,7,0.0,0.0
2023-03-03,1131.300049,1142.099976,1090.800049,1107.0,1107.0,2,0.0,0.0
2023-03-06,1055.699951,1120.5,1055.699951,1090.800049,1090.800049,8,0.0,0.0
2023-03-07,1080.0,1190.699951,1066.5,1188.0,1188.0,21,0.0,0.0
2023-03-08,1080.0,1134.0,1080.0,1134.0,1134.0,6,0.0,0.0
2023-03-09,1058.400024,1090.800049,891.0,999.0,999.0,38,0.0,0.0
2023-03-10,972.0,990.900024,891.0,969.299988,969.299988,16,0.0,0.0
2023-03-13,988.200012,1117.800049,815.400024,1080.0,1080.0,23,0.0,0.0
2023-03-14,980.099976,1080.0,972.0,972.0,972.0,5,0.0,0.0
2023-03-15,972.0,996.299988,826.200012,963.900024,963.900024,11,0.0,0.0
2023-03-16,896.400024,974.700012,896.400024,961.200012,961.200012,3,0.0,0.0
2023-03-17,945.0,969.299988,945.0,969.299988,969.299988,1,0.0,0.0
2023-03-20,945.0,945.0,850.5,891.0,891.0,14,0.0,0.0
2023-03-21,907.200012,945.0,869.400024,882.900024,882.900024,3,0.0,0.0
2023-03-22,885.599976,885.599976,864.0,864.0,864.0,1,0.0,0.0
2023-03-23,885.599976,945.0,864.0,869.400024,869.400024,2,0.0,0.0
2023-03-24,869.400024,939.599976,864.0,891.0,891.0,12,0.0,0.0
2023-03-27,837.0,901.799988,837.0,901.799988,901.799988,7,0.0,0.0
2023-03-28,896.400024,961.200012,864.0,864.0,864.0,12,0.0,0.0
2023-03-29,891.0,920.700012,877.5,920.700012,920.700012,17,0.0,0.0
2023-03-30,915.299988,915.299988,885.599976,891.0,891.0,7,0.0,0.0
2023-03-31,912.599976,945.0,912.599976,945.0,945.0,8,0.0,0.0
2023-04-03,1026.0,1026.0,923.400024,966.599976,966.599976,4,0.0,0.0
2023-04-04,864.0,972.0,864.0,945.0,945.0,2,0.0,0.0
2023-04-05,972.0,972.0,945.0,945.0,945.0,2,0.0,0.0
2023-04-06,837.0,1007.099976,837.0,1007.099976,1007.099976,2,0.0,0.0
2023-04-10,999.0,999.0,918.0,953.099976,953.099976,2,0.0,0.0
2023-04-11,953.099976,988.200012,893.700012,972.0,972.0,12,0.0,0.0
2023-04-12,945.0,985.5,904.5,972.0,972.0,5,0.0,0.0
2023-04-13,947.700012,972.0,945.0,972.0,972.0,3,0.0,0.0
2023-04-14,969.299988,1017.900024,945.0,972.0,972.0,4,0.0,0.0
2023-04-17,972.0,1036.800049,945.0,1026.0,1026.0,2,0.0,0.0
2023-04-18,945.0,1053.0,945.0,961.200012,961.200012,2,0.0,0.0
2023-04-19,988.200012,988.200012,945.0,945.0,945.0,6,0.0,0.0
2023-04-20,945.0,999.0,904.5,953.099976,953.099976,24,0.0,0.0
2023-04-21,891.0,999.0,837.0,866.700012,866.700012,17,0.0,0.0
2023-04-24,872.099976,923.400024,837.0,923.400024,923.400024,6,0.0,0.0
2023-04-25,909.900024,958.5,837.0,864.0,864.0,10,0.0,0.0
2023-04-26,864.0,891.0,837.0,837.0,837.0,4,0.0,0.0
2023-04-27,839.700012,864.0,742.5,747.900024,747.900024,21,0.0,0.0
2023-04-28,756.0,783.0,731.700012,772.200012,772.200012,8,0.0,0.0
2023-05-01,756.0,788.400024,729.0,729.0,729.0,13,0.0,0.0
2023-05-02,756.0,756.0,707.400024,731.700012,731.700012,28,0.0,0.0
2023-05-03,729.0,791.099976,707.400024,715.5,715.5,15,0.0,0.0
2023-05-04,750.599976,756.0,715.5,718.200012,718.200012,11,0.0,0.0
2023-05-05,707.400024,864.0,707.400024,756.0,756.0,85,0.0,0.0
2023-05-08,731.700012,753.299988,707.400024,715.5,715.5,20,0.0,0.0
2023-05-09,750.599976,769.5,707.400024,747.900024,747.900024,26,0.0,0.0
2023-05-10,729.0,918.0,723.599976,783.0,783.0,92,0.0,0.0
2023-05-11,769.5,845.099976,769.5,810.0,810.0,39,0.0,0.0
2023-05-12,845.099976,877.5,780.299988,780.299988,780.299988,22,0.0,0.0
2023-05-15,799.200012,837.0,731.700012,731.700012,731.700012,23,0.0,0.0
2023-05-16,750.599976,810.0,720.900024,807.299988,807.299988,6,0.0,0.0
2023-05-17,783.0,801.900024,715.5,783.0,783.0,15,0.0,0.0
2023-05-18,745.200012,777.599976,734.400024,772.200012,772.200012,2,0.0,0.0
2023-05-19,756.0,772.200012,734.400024,737.099976,737.099976,2,0.0,0.0
2023-05-22,707.400024,764.099976,707.400024,737.099976,737.099976,14,0.0,0.0
2023-05-23,737.099976,796.5,704.700012,756.0,756.0,17,0.0,0.0
2023-05-24,810.0,810.0,718.200012,718.200012,718.200012,17,0.0,0.0
2023-05-25,745.200012,801.900024,702.0,750.599976,750.599976,41,0.0,0.0
2023-05-26,766.799988,766.799988,729.0,729.0,729.0,5,0.0,0.0
2023-05-30,766.799988,766.799988,702.0,710.099976,710.099976,31,0.0,0.0
2023-05-31,710.099976,729.0,675.0,696.599976,696.599976,37,0.0,0.0
2023-06-01,696.599976,715.5,675.0,688.5,688.5,29,0.0,0.0
2023-06-02,653.400024,702.0,545.400024,688.5,688.5,62,0.0,0.0
2023-06-05,675.0,688.5,623.700012,637.200012,637.200012,19,0.0,0.0
2023-06-06,637.200012,669.599976,567.0,572.400024,572.400024,30,0.0,0.0
2023-06-07,602.099976,637.200012,572.400024,634.5,634.5,20,0.0,0.0
2023-06-08,621.0,801.900024,599.400024,648.0,648.0,55,0.0,0.0
2023-06-09,723.599976,723.599976,588.599976,612.900024,612.900024,12,0.0,0.0
2023-06-12,642.599976,653.400024,594.0,639.900024,639.900024,5,0.0,0.0
2023-06-13,648.0,650.700012,558.900024,580.5,580.5,25,0.0,0.0
2023-06-14,610.200012,621.0,550.799988,594.0,594.0,22,0.0,0.0
2023-06-15,783.0,2430.0,729.0,1015.200012,1015.200012,34450,0.0,0.0
2023-06-16,912.599976,2592.0,828.900024,1782.0,1782.0,35135,0.0,0.0
2023-06-20,1803.599976,2149.199951,1352.699951,1485.0,1485.0,4673,0.0,0.0
2023-06-21,1377.0,1458.0,1085.400024,1161.0,1161.0,805,0.0,0.0
2023-06-22,999.0,1161.0,947.700012,969.299988,969.299988,416,0.0,0.0
2023-06-23,1196.099976,1800.900024,1055.699951,1409.400024,1409.400024,25489,0.0,0.0
2023-06-26,1266.300049,1417.5,1215.0,1323.0,1323.0,961,0.0,0.0
2023-06-27,1220.400024,1536.300049,1220.400024,1377.0,1377.0,1002,0.0,0.0
2023-06-28,1277.099976,1404.0,1215.0,1269.0,1269.0,275,0.0,0.0
2023-06-29,1247.400024,1266.300049,1134.0,1169.099976,1169.099976,273,0.0,0.0
2023-06-30,1177.199951,1177.199951,1026.0,1080.0,1080.0,257,0.0,0.0
2023-07-03,1074.599976,1093.5,972.0,1026.0,1026.0,113,0.0,0.0
2023-07-05,996.299988,1012.5,901.799988,928.799988,928.799988,339,0.0,0.0
2023-07-06,918.0,939.599976,783.0,793.799988,793.799988,340,0.0,0.0
2023-07-07,837.0,1242.0,823.5,942.299988,942.299988,6805,0.0,0.0
2023-07-10,918.0,931.5,837.0,869.400024,869.400024,557,0.0,0.0
2023-07-11,869.400024,885.599976,823.5,837.0,837.0,161,0.0,0.0
2023-07-12,891.0,891.0,810.0,834.299988,834.299988,154,0.0,0.0
2023-07-13,864.0,864.0,810.0,828.900024,828.900024,258,0.0,0.0
2023-07-14,815.400024,837.0,575.099976,745.200012,745.200012,319,0.0,0.0
2023-07-17,780.299988,791.099976,742.5,769.5,769.5,118,0.0,0.0
2023-07-18,785.700012,785.700012,704.700012,718.200012,718.200012,102,0.0,0.0
2023-07-19,704.700012,747.900024,688.5,688.5,688.5,78,0.0,0.0
2023-07-20,680.400024,710.099976,648.0,699.299988,699.299988,95,0.0,0.0
2023-07-21,685.799988,710.099976,637.200012,688.5,688.5,129,0.0,0.0
2023-07-24,675.0,691.200012,621.0,648.0,648.0,79,0.0,0.0
2023-07-25,664.200012,675.0,631.799988,672.299988,672.299988,82,0.0,0.0
2023-07-26,683.099976,1228.5,675.0,893.700012,893.700012,14329,0.0,0.0
2023-07-27,837.0,907.200012,718.200012,753.299988,753.299988,828,0.0,0.0
2023-07-28,753.299988,796.5,731.700012,793.799988,793.799988,370,0.0,0.0
2023-07-31,807.299988,807.299988,774.900024,788.400024,788.400024,143,0.0,0.0
2023-08-01,783.0,810.0,731.700012,731.700012,731.700012,164,0.0,0.0
2023-08-02,772.200012,772.200012,723.599976,723.599976,723.599976,119,0.0,0.0
2023-08-03,720.900024,729.0,688.5,720.900024,720.900024,110,0.0,0.0
2023-08-04,726.299988,756.0,726.299988,753.299988,753.299988,55,0.0,0.0
2023-08-07,729.0,753.299988,702.0,729.0,729.0,84,0.0,0.0
2023-08-08,742.5,750.599976,702.0,729.0,729.0,68,0.0,0.0
2023-08-09,712.799988,742.5,704.700012,726.299988,726.299988,22,0.0,0.0
2023-08-10,704.700012,769.5,702.0,737.099976,737.099976,83,0.0,0.0
2023-08-11,734.400024,742.5,712.799988,737.099976,737.099976,53,0.0,0.0
2023-08-14,712.799988,756.0,702.0,729.0,729.0,71,0.0,0.0
2023-08-15,704.700012,726.299988,685.799988,685.799988,685.799988,64,0.0,0.0
2023-08-16,704.700012,723.599976,688.5,688.5,688.5,71,0.0,0.0
2023-08-17,685.799988,710.099976,621.0,710.099976,710.099976,101,0.0,0.0
2023-08-18,693.900024,710.099976,648.0,677.700012,677.700012,24,0.0,0.0
2023-08-21,677.700012,702.0,621.0,653.400024,653.400024,122,0.0,0.0
2023-08-22,653.400024,688.5,580.5,621.0,621.0,327,0.0,0.0
2023-08-23,661.5,661.5,580.5,615.599976,615.599976,214,0.0,0.0
2023-08-24,615.599976,648.0,594.0,618.299988,618.299988,107,0.0,0.0
2023-08-25,618.299988,626.400024,548.099976,548.099976,548.099976,187,0.0,0.0
2023-08-28,577.799988,591.299988,513.0,540.0,540.0,65,0.0,0.0
2023-08-29,521.099976,569.700012,513.0,529.200012,529.200012,208,0.0,0.0
2023-08-30,540.0,561.599976,531.900024,548.099976,548.099976,77,0.0,0.0
2023-08-31,553.5,553.5,488.700012,488.700012,488.700012,79,0.0,0.0
2023-09-01,513.0,720.900024,499.5,594.0,594.0,1220,0.0,0.0
2023-09-05,545.400024,599.400024,502.200012,502.200012,502.200012,190,0.0,0.0
2023-09-06,491.399994,561.599976,491.399994,513.0,513.0,116,0.0,0.0
2023-09-07,515.700012,550.799988,499.5,502.200012,502.200012,74,0.0,0.0
2023-09-08,521.099976,521.099976,486.0,494.100006,494.100006,42,0.0,0.0
2023-09-11,486.0,537.299988,486.0,507.600006,507.600006,51,0.0,0.0
2023-09-12,523.799988,540.0,499.5,499.5,499.5,41,0.0,0.0
2023-09-13,540.0,540.0,499.5,513.0,513.0,17,0.0,0.0
2023-09-14,499.5,523.799988,491.399994,507.600006,507.600006,27,0.0,0.0
2023-09-15,491.399994,529.200012,491.399994,510.299988,510.299988,679,0.0,0.0
2023-09-18,845.099976,1134.0,612.900024,707.400024,707.400024,43938,0.0,0.0
2023-09-19,612.900024,621.0,540.0,607.5,607.5,1550,0.0,0.0
2023-09-20,577.799988,639.900024,572.400024,626.400024,626.400024,404,0.0,0.0
2023-09-21,572.400024,621.0,558.900024,599.400024,599.400024,188,0.0,0.0
2023-09-22,567.0,621.0,542.700012,558.900024,558.900024,265,0.0,0.0
2023-09-25,540.0,558.900024,513.0,529.200012,529.200012,294,0.0,0.0
2023-09-26,529.200012,558.900024,513.0,537.299988,537.299988,101,0.0,0.0
2023-09-27,531.900024,558.900024,531.900024,540.0,540.0,88,0.0,0.0
2023-09-28,529.200012,607.5,529.200012,542.700012,542.700012,150,0.0,0.0
2023-09-29,550.799988,567.0,526.5,542.700012,542.700012,107,0.0,0.0
2023-10-02,556.200012,556.200012,529.200012,548.099976,548.099976,50,0.0,0.0
2023-10-03,534.599976,607.5,534.599976,550.799988,550.799988,152,0.0,0.0
2023-10-04,567.0,594.0,534.599976,567.0,567.0,124,0.0,0.0
2023-10-05,548.099976,567.0,529.200012,550.799988,550.799988,66,0.0,0.0
2023-10-06,542.700012,594.0,534.599976,580.5,580.5,93,0.0,0.0
2023-10-09,567.0,577.799988,545.400024,564.299988,564.299988,65,0.0,0.0
2023-10-10,540.0,602.099976,526.5,540.0,540.0,526,0.0,0.0
2023-10-11,496.799988,522.719971,421.200012,424.799988,424.799988,755,0.0,0.066667
2023-10-12,401.399994,425.700012,369.0,376.559998,376.559998,915,0.0,0.0
2023-10-13,367.200012,405.0,356.399994,374.399994,374.399994,671,0.0,0.0
2023-10-16,396.0,412.200012,376.200012,397.799988,397.799988,594,0.0,0.0
2023-10-17,399.600006,477.0,399.600006,455.399994,455.399994,1430,0.0,0.0
2023-10-18,442.799988,446.399994,399.600006,419.399994,419.399994,245,0.0,0.0
2023-10-19,406.799988,420.299988,396.0,403.200012,403.200012,144,0.0,0.0
2023-10-20,400.140015,422.820007,383.399994,401.399994,401.399994,103,0.0,0.0
2023-10-23,432.0,475.200012,376.200012,378.0,378.0,924,0.0,0.0
2023-10-24,403.200012,403.200012,352.799988,363.959991,363.959991,408,0.0,0.0
2023-10-25,354.600006,372.059998,342.0,342.0,342.0,113,0.0,0.0
2023-10-26,354.600006,356.399994,324.0,325.799988,325.799988,215,0.0,0.0
2023-10-27,327.600006,327.600006,301.5,302.399994,302.399994,157,0.0,0.0
2023-10-30,306.0,307.799988,297.0,297.0,297.0,42,0.0,0.0
2023-10-31,307.799988,309.600006,302.399994,302.399994,302.399994,12,0.0,0.0
2023-11-01,304.920013,369.0,304.920013,367.200012,367.200012,867,0.0,0.0
2023-11-02,372.600006,372.600006,340.200012,345.600006,345.600006,44,0.0,0.0
2023-11-03,347.399994,358.200012,345.600006,345.600006,345.600006,54,0.0,0.0
2023-11-06,342.359985,361.079987,342.0,349.200012,349.200012,9,0.0,0.0
2023-11-07,342.0,342.0,325.799988,333.359985,333.359985,48,0.0,0.0
2023-11-08,330.119995,330.119995,304.380005,320.399994,320.399994,71,0.0,0.0
2023-11-09,315.0,333.0,315.0,331.200012,331.200012,10,0.0,0.0
2023-11-10,319.859985,319.859985,297.0,307.799988,307.799988,42,0.0,0.0
2023-11-13,306.0,336.600006,295.200012,317.160004,317.160004,36,0.0,0.0
2023-11-14,319.5,343.619995,319.5,338.220001,338.220001,39,0.0,0.0
2023-11-15,333.899994,338.399994,322.200012,338.399994,338.399994,67,0.0,0.0
2023-11-16,325.799988,336.779999,324.0,336.779999,336.779999,28,0.0,0.0
2023-11-17,324.0,333.0,309.420013,315.0,315.0,24,0.0,0.0
2023-11-20,316.079987,322.200012,315.0,322.200012,322.200012,14,0.0,0.0
2023-11-21,315.0,315.0,309.600006,315.0,315.0,14,0.0,0.0
2023-11-22,303.119995,313.73999,303.119995,306.0,306.0,37,0.0,0.0
2023-11-24,311.399994,315.0,311.399994,315.0,315.0,4,0.0,0.0
2023-11-27,311.399994,331.200012,311.399994,316.799988,316.799988,36,0.0,0.0
2023-11-28,327.059998,327.059998,313.200012,314.640015,314.640015,12,0.0,0.0
2023-11-29,311.579987,327.600006,311.579987,315.0,315.0,33,0.0,0.0
2023-11-30,326.700012,419.399994,326.700012,369.0,369.0,1229,0.0,0.0
2023-12-01,358.200012,410.399994,356.040009,403.200012,403.200012,271,0.0,0.0
2023-12-04,381.600006,419.399994,369.0,413.100006,413.100006,213,0.0,0.0
2023-12-05,406.799988,437.399994,383.399994,396.0,396.0,130,0.0,0.0
2023-12-06,399.600006,414.0,381.600006,383.399994,383.399994,19,0.0,0.0
2023-12-07,390.600006,414.0,376.200012,378.540009,378.540009,101,0.0,0.0
2023-12-08,391.5,391.5,363.600006,363.600006,363.600006,81,0.0,0.0
2023-12-11,368.100006,376.920013,365.399994,365.399994,365.399994,26,0.0,0.0
2023-12-12,360.0,370.799988,343.799988,357.299988,357.299988,88,0.0,0.0
2023-12-13,345.420013,350.100006,297.0,313.019989,313.019989,347,0.0,0.0
2023-12-14,311.399994,325.799988,295.380005,318.779999,318.779999,104,0.0,0.0
2023-12-15,310.140015,320.399994,306.0,306.0,306.0,161,0.0,0.0
2023-12-18,313.200012,316.799988,299.519989,302.399994,302.399994,156,0.0,0.0
2023-12-19,293.399994,308.519989,293.399994,300.600006,300.600006,62,0.0,0.0
2023-12-20,298.26001,357.839996,297.0,318.600006,318.600006,486,0.0,0.0
2023-12-21,320.579987,336.600006,309.779999,315.0,315.0,227,0.0,0.0
2023-12-22,322.200012,322.200012,303.660004,315.0,315.0,201,0.0,0.0
2023-12-26,363.600006,493.200012,345.600006,415.799988,415.799988,26173,0.0,0.0
2023-12-27,379.799988,388.799988,342.0,381.600006,381.600006,1242,0.0,0.0
2023-12-28,367.200012,414.0,343.799988,361.799988,361.799988,2104,0.0,0.0
2023-12-29,392.399994,394.200012,324.0,331.200012,331.200012,549,0.0,0.0
2024-01-02,333.0,343.799988,327.600006,329.399994,329.399994,312,0.0,0.0
2024-01-03,329.399994,334.799988,306.0,313.200012,313.200012,281,0.0,0.0
2024-01-04,315.359985,327.600006,309.600006,326.519989,326.519989,92,0.0,0.0
2024-01-05,331.200012,333.0,314.100006,331.920013,331.920013,144,0.0,0.0
2024-01-08,340.200012,340.200012,318.600006,331.200012,331.200012,123,0.0,0.0
2024-01-09,322.200012,327.420013,314.100006,318.600006,318.600006,138,0.0,0.0
2024-01-10,334.799988,334.799988,315.0,316.799988,316.799988,59,0.0,0.0
2024-01-11,311.399994,315.0,297.0,309.420013,309.420013,89,0.0,0.0
2024-01-12,316.799988,322.200012,295.200012,303.299988,303.299988,60,0.0,0.0
2024-01-16,301.5,301.5,259.200012,259.200012,259.200012,240,0.0,0.0
2024-01-17,252.0,270.0,217.080002,246.600006,246.600006,104,0.0,0.0
2024-01-18,243.0,275.399994,243.0,253.800003,253.800003,148,0.0,0.0
2024-01-19,253.800003,271.619995,246.600006,246.600006,246.600006,12,0.0,0.0
2024-01-22,236.160004,281.160004,235.800003,248.399994,248.399994,207,0.0,0.0
2024-01-23,243.0,282.600006,243.0,261.720001,261.720001,73,0.0,0.0
2024-01-24,257.399994,262.980011,257.399994,261.0,261.0,19,0.0,0.0
2024-01-25,253.800003,271.799988,252.0,253.800003,253.800003,24,0.0,0.0
2024-01-26,273.600006,273.600006,252.0,252.0,252.0,19,0.0,0.0
2024-01-29,250.199997,257.399994,239.399994,248.399994,248.399994,101,0.0,0.0
2024-01-30,255.600006,255.600006,235.800003,243.0,243.0,9,0.0,0.0
2024-01-31,235.800003,239.399994,234.0,239.399994,239.399994,22,0.0,0.0
2024-02-01,243.0,250.199997,241.199997,241.199997,241.199997,19,0.0,0.0
2024-02-02,241.199997,241.199997,217.800003,221.399994,221.399994,87,0.0,0.0
2024-02-05,219.600006,225.0,216.0,219.600006,219.600006,25,0.0,0.0
2024-02-06,216.0,232.740005,207.0,232.740005,232.740005,14,0.0,0.0
2024-02-07,225.0,233.460007,225.0,233.460007,233.460007,6,0.0,0.0
2024-02-08,234.0,234.0,205.199997,226.440002,226.440002,103,0.0,0.0
2024-02-09,210.600006,233.820007,210.600006,215.820007,215.820007,91,0.0,0.0
2024-02-12,216.0,216.0,208.800003,216.0,216.0,39,0.0,0.0
2024-02-13,225.0,225.0,214.199997,219.600006,219.600006,47,0.0,0.0
2024-02-14,223.559998,243.0,217.979996,234.0,234.0,96,0.0,0.0
2024-02-15,223.199997,279.0,220.5,248.399994,248.399994,132,0.0,0.0
2024-02-16,259.200012,273.600006,252.0,266.399994,266.399994,81,0.0,0.0
2024-02-20,232.380005,302.399994,232.380005,262.799988,262.799988,210,0.0,0.0
2024-02-21,282.600006,282.600006,271.799988,271.799988,271.799988,8,0.0,0.0
2024-02-22,258.839996,259.559998,216.0,249.119995,249.119995,130,0.0,0.0
2024-02-23,244.800003,244.800003,234.0,234.0,234.0,17,0.0,0.0
2024-02-26,236.339996,264.600006,236.339996,253.259995,253.259995,68,0.0,0.0
2024-02-27,262.799988,298.799988,252.0,253.800003,253.800003,939,0.0,0.0
2024-02-28,252.0,259.200012,242.639999,259.200012,259.200012,107,0.0,0.0
2024-02-29,261.0,291.600006,249.119995,291.600006,291.600006,351,0.0,0.0
2024-03-01,291.600006,291.600006,259.200012,279.0,279.0,40,0.0,0.0
2024-03-04,297.0,297.0,271.799988,273.600006,273.600006,35,0.0,0.0
2024-03-05,286.019989,288.0,261.0,264.600006,264.600006,93,0.0,0.0
2024-03-06,259.559998,314.459991,253.800003,314.459991,314.459991,13734,0.0,0.0
2024-03-07,300.600006,327.600006,262.799988,304.200012,304.200012,4097,0.0,0.0
2024-03-08,282.600006,309.600006,270.0,289.799988,289.799988,456,0.0,0.0
2024-03-11,280.799988,342.0,270.0,337.5,337.5,9500,0.0,0.0
2024-03-12,309.600006,514.799988,291.959991,369.0,369.0,24157,0.0,0.0
2024-03-13,351.0,372.600006,299.160004,316.799988,316.799988,1443,0.0,0.0
2024-03-14,315.0,355.5,307.799988,320.399994,320.399994,1145,0.0,0.0
2024-03-15,304.200012,322.200012,302.399994,309.600006,309.600006,444,0.0,0.0
2024-03-18,300.600006,351.0,300.600006,338.399994,338.399994,3524,0.0,0.0
2024-03-19,432.0,750.599976,430.380005,511.200012,511.200012,462914,0.0,0.0
2024-03-20,604.799988,799.200012,567.0,700.200012,700.200012,226763,0.0,0.0
2024-03-21,684.0,698.400024,558.0,586.799988,586.799988,10631,0.0,0.0
2024-03-22,612.0,633.599976,568.799988,621.0,621.0,2499,0.0,0.0
2024-03-25,626.400024,674.640015,567.0,610.200012,610.200012,2262,0.0,0.0
2024-03-26,666.0,666.0,480.600006,538.200012,538.200012,1927,0.0,0.0
2024-03-27,516.599976,534.599976,480.600006,525.599976,525.599976,1110,0.0,0.0
2024-03-28,505.799988,567.0,504.0,541.799988,541.799988,903,0.0,0.0
2024-04-01,531.0,604.799988,504.0,604.799988,604.799988,793,0.0,0.0
2024-04-02,597.599976,718.200012,590.76001,680.400024,680.400024,2013,0.0,0.0
2024-04-03,662.400024,799.200012,567.0,594.0,594.0,2756,0.0,0.0
2024-04-04,586.799988,619.02002,583.559998,594.0,594.0,256,0.0,0.0
2024-04-05,581.400024,606.419983,509.399994,536.400024,536.400024,372,0.0,0.0
2024-04-08,538.200012,558.0,486.0,491.399994,491.399994,214,0.0,0.0
2024-04-09,484.200012,487.799988,442.799988,459.0,459.0,310,0.0,0.0
2024-04-10,468.0,469.799988,435.600006,435.600006,435.600006,173,0.0,0.0
2024-04-11,435.059998,439.200012,415.799988,432.0,432.0,73,0.0,0.0
2024-04-12,421.200012,435.600006,397.799988,397.799988,397.799988,68,0.0,0.0
2024-04-15,383.399994,394.200012,369.0,369.0,369.0,92,0.0,0.0
2024-04-16,354.600006,379.619995,354.600006,378.0,378.0,51,0.0,0.0
2024-04-17,388.799988,432.0,379.799988,417.600006,417.600006,299,0.0,0.0
2024-04-18,437.399994,471.600006,421.200012,423.0,423.0,778,0.0,0.0
2024-04-19,410.399994,419.399994,371.339996,394.200012,394.200012,114,0.0,0.0
2024-04-22,401.399994,405.0,377.279999,392.399994,392.399994,62,0.0,0.0
2024-04-23,365.399994,383.399994,361.799988,361.799988,361.799988,132,0.0,0.0
2024-04-24,363.420013,372.600006,361.799988,365.399994,365.399994,71,0.0,0.0
2024-04-25,361.799988,540.0,358.200012,496.799988,496.799988,3508,0.0,0.0
2024-04-26,448.200012,459.0,416.700012,421.200012,421.200012,522,0.0,0.0
2024-04-29,408.600006,408.600006,369.899994,388.799988,388.799988,233,0.0,0.0
2024-04-30,374.399994,388.799988,360.0,374.399994,374.399994,111,0.0,0.0
2024-05-01,385.200012,390.600006,369.0,378.0,378.0,84,0.0,0.0
2024-05-02,376.200012,390.600006,365.399994,387.0,387.0,109,0.0,0.0
2024-05-03,383.399994,404.100006,361.799988,387.899994,387.899994,473,0.0,0.0
2024-05-06,387.0,417.600006,383.399994,414.0,414.0,223,0.0,0.0
2024-05-07,417.600006,426.600006,401.399994,419.399994,419.399994,146,0.0,0.0
2024-05-08,423.0,432.0,414.0,423.0,423.0,91,0.0,0.0
2024-05-09,417.600006,417.600006,405.0,406.799988,406.799988,43,0.0,0.0
2024-05-10,414.0,414.0,387.0,387.0,387.0,44,0.0,0.0
2024-05-13,381.600006,387.0,376.200012,376.200012,376.200012,39,0.0,0.0
2024-05-14,370.799988,401.399994,370.799988,383.399994,383.399994,62,0.0,0.0
2024-05-15,394.200012,423.0,394.200012,421.200012,421.200012,106,0.0,0.0
2024-05-16,412.200012,421.200012,394.200012,394.200012,394.200012,104,0.0,0.0
2024-05-17,397.799988,398.880005,376.200012,383.399994,383.399994,58,0.0,0.0
2024-05-20,388.799988,388.799988,370.799988,387.0,387.0,67,0.0,0.0
2024-05-21,392.399994,392.399994,370.799988,378.0,378.0,109,0.0,0.0
2024-05-22,383.399994,383.399994,342.0,342.0,342.0,178,0.0,0.0
2024-05-23,343.799988,419.399994,338.399994,338.399994,338.399994,437,0.0,0.0
2024-05-24,462.600006,556.200012,315.0,356.399994,356.399994,20088,0.0,0.0
2024-05-28,345.600006,387.0,320.399994,363.600006,363.600006,1193,0.0,0.0
2024-05-29,352.799988,412.200012,342.0,403.200012,403.200012,612,0.0,0.0
2024-05-30,392.399994,406.799988,383.940002,387.0,387.0,102,0.0,0.0
2024-05-31,397.799988,403.200012,379.799988,383.399994,383.399994,73,0.0,0.0
2024-06-03,387.0,388.799988,347.399994,374.399994,374.399994,76,0.0,0.0
2024-06-04,385.200012,385.200012,352.26001,369.0,369.0,51,0.0,0.0
2024-06-05,363.600006,377.640015,352.799988,358.200012,358.200012,97,0.0,0.0
2024-06-06,356.399994,360.0,345.600006,345.600006,345.600006,66,0.0,0.0
2024-06-07,342.0,378.0,338.399994,363.600006,363.600006,491,0.0,0.0
2024-06-10,372.600006,375.839996,352.799988,367.200012,367.200012,31,0.0,0.0
2024-06-11,361.799988,363.600006,354.600006,354.600006,354.600006,36,0.0,0.0
2024-06-12,360.0,369.0,354.600006,369.0,369.0,90,0.0,0.0
2024-06-13,367.200012,370.799988,361.799988,370.799988,370.799988,122,0.0,0.0
2024-06-14,370.799988,370.799988,331.200012,360.0,360.0,259,0.0,0.0
2024-06-17,349.200012,353.700012,338.399994,347.399994,347.399994,61,0.0,0.0
2024-06-18,362.339996,369.0,345.600006,345.600006,345.600006,20,0.0,0.0
2024-06-20,349.200012,349.200012,333.0,334.799988,334.799988,62,0.0,0.0
2024-06-21,333.0,336.600006,315.0,331.200012,331.200012,130,0.0,0.0
2024-06-24,320.399994,330.299988,315.0,318.600006,318.600006,102,0.0,0.0
2024-06-25,306.179993,343.799988,306.0,309.600006,309.600006,768,0.0,0.0
2024-06-26,318.600006,333.0,316.799988,316.799988,316.799988,11,0.0,0.0
2024-06-27,319.5,319.5,309.600006,309.600006,309.600006,9,0.0,0.0
2024-06-28,313.200012,313.200012,298.799988,306.0,306.0,21,0.0,0.0
2024-07-01,309.600006,329.399994,291.600006,291.600006,291.600006,98,0.0,0.0
2024-07-02,304.200012,304.200012,288.0,289.619995,289.619995,45,0.0,0.0
2024-07-03,288.0,293.399994,288.0,288.0,288.0,49,0.0,0.0
2024-07-05,288.0,288.0,286.200012,286.200012,286.200012,6,0.0,0.0
2024-07-08,284.399994,286.200012,284.399994,284.399994,284.399994,9,0.0,0.0
2024-07-09,284.399994,288.540009,270.359985,270.359985,270.359985,28,0.0,0.0
2024-07-10,270.0,279.0,250.199997,279.0,279.0,108,0.0,0.0
2024-07-11,268.200012,268.200012,253.800003,257.399994,257.399994,46,0.0,0.0
2024-07-12,257.399994,291.600006,255.600006,264.600006,264.600006,549,0.0,0.0
2024-07-15,270.0,315.0,244.800003,253.800003,253.800003,286,0.0,0.0
2024-07-16,248.399994,273.600006,248.399994,261.0,261.0,92,0.0,0.0
2024-07-17,261.0,266.399994,248.399994,255.600006,255.600006,83,0.0,0.0
2024-07-18,257.399994,259.200012,243.0,245.699997,245.699997,78,0.0,0.0
2024-07-19,244.800003,244.800003,216.0,219.600006,219.600006,109,0.0,0.0
2024-07-22,221.399994,226.619995,210.779999,214.020004,214.020004,146,0.0,0.0
2024-07-23,214.199997,221.399994,203.399994,210.600006,210.600006,189,0.0,0.0
2024-07-24,210.600006,394.200012,210.600006,288.0,288.0,89683,0.0,0.0
2024-07-25,248.399994,271.799988,239.399994,248.399994,248.399994,2590,0.0,0.0
2024-07-26,241.199997,288.0,241.199997,275.399994,275.399994,1698,0.0,0.0
2024-07-29,266.399994,271.799988,239.399994,243.0,243.0,405,0.0,0.0
2024-07-30,244.800003,244.800003,216.360001,232.199997,232.199997,212,0.0,0.0
2024-07-31,241.199997,241.199997,228.600006,235.800003,235.800003,104,0.0,0.0
2024-08-01,232.380005,238.139999,217.800003,228.779999,228.779999,76,0.0,0.0
2024-08-02,225.0,225.0,216.0,217.800003,217.800003,112,0.0,0.0
2024-08-05,214.199997,216.0,194.399994,201.600006,201.600006,159,0.0,0.0
2024-08-06,192.600006,198.0,180.539993,196.199997,196.199997,117,0.0,0.0
2024-08-07,196.199997,206.820007,180.0,181.979996,181.979996,412,0.0,0.0
2024-08-08,183.600006,192.600006,180.0,184.5,184.5,57,0.0,0.0
2024-08-09,180.0,188.100006,180.0,187.199997,187.199997,55,0.0,0.0
2024-08-12,194.399994,194.399994,181.080002,183.600006,183.600006,37,0.0,0.0
2024-08-13,185.399994,185.399994,176.399994,176.399994,176.399994,71,0.0,0.0
2024-08-14,180.0,210.960007,174.600006,190.800003,190.800003,438,0.0,0.0
2024-08-15,198.899994,204.300003,176.759995,182.699997,182.699997,105,0.0,0.0
2024-08-16,183.600006,187.199997,180.0,183.600006,183.600006,27,0.0,0.0
2024-08-19,185.399994,190.800003,181.800003,186.300003,186.300003,47,0.0,0.0
2024-08-20,185.399994,192.600006,185.399994,192.600006,192.600006,131,0.0,0.0
2024-08-21,201.600006,264.600006,196.199997,198.0,198.0,2161,0.0,0.0
2024-08-22,192.600006,225.0,183.600006,199.800003,199.800003,442,0.0,0.0
2024-08-23,198.0,225.0,185.399994,207.0,207.0,740,0.0,0.0
2024-08-26,205.199997,216.0,190.979996,201.600006,201.600006,451,0.0,0.0
2024-08-27,196.199997,232.199997,196.199997,226.800003,226.800003,528,0.0,0.0
2024-08-28,226.800003,226.800003,208.800003,208.800003,208.800003,153,0.0,0.0
2024-08-29,207.0,215.639999,198.0,199.800003,199.800003,182,0.0,0.0
2024-08-30,206.100006,241.199997,205.199997,217.800003,217.800003,644,0.0,0.0
2024-09-03,217.800003,219.600006,176.399994,181.800003,181.800003,358,0.0,0.0
2024-09-04,181.800003,203.399994,181.800003,189.0,189.0,61,0.0,0.0
2024-09-05,189.0,248.399994,185.940002,219.600006,219.600006,2208,0.0,0.0
2024-09-06,214.199997,214.199997,194.399994,194.399994,194.399994,302,0.0,0.0
2024-09-09,204.119995,210.600006,194.399994,198.360001,198.360001,26,0.0,0.0
2024-09-10,196.199997,201.600006,194.399994,196.199997,196.199997,81,0.0,0.0
2024-09-11,199.800003,210.600006,197.100006,205.199997,205.199997,108,0.0,0.0
2024-09-12,207.179993,219.600006,198.0,207.0,207.0,112,0.0,0.0
2024-09-13,207.899994,221.399994,201.600006,214.199997,214.199997,161,0.0,0.0
2024-09-16,214.380005,243.0,214.380005,224.100006,224.100006,276,0.0,0.0
2024-09-17,224.100006,232.199997,214.199997,222.300003,222.300003,126,0.0,0.0
2024-09-18,219.600006,228.059998,203.399994,203.399994,203.399994,110,0.0,0.0
2024-09-19,214.199997,254.699997,207.0,246.600006,246.600006,1394,0.0,0.0
2024-09-20,246.600006,259.200012,207.0,228.600006,228.600006,1374,0.0,0.0
2024-09-23,234.899994,234.899994,210.600006,214.199997,214.199997,323,0.0,0.0
2024-09-24,214.199997,243.0,208.800003,214.199997,214.199997,443,0.0,0.0
2024-09-25,232.199997,232.199997,212.399994,214.199997,214.199997,195,0.0,0.0
2024-09-26,221.039993,222.300003,203.399994,212.399994,212.399994,59,0.0,0.0
2024-09-27,208.800003,223.199997,208.800003,214.199997,214.199997,46,0.0,0.0
2024-09-30,215.279999,219.600006,210.600006,211.5,211.5,74,0.0,0.0
2024-10-01,212.399994,219.240005,208.800003,208.800003,208.800003,83,0.0,0.0
2024-10-02,207.0,217.800003,203.399994,210.600006,210.600006,266,0.0,0.0
2024-10-03,208.800003,212.399994,199.800003,201.960007,201.960007,89,0.0,0.0
2024-10-04,216.0,216.0,207.0,207.0,207.0,69,0.0,0.0
2024-10-07,210.600006,212.399994,203.399994,210.600006,210.600006,66,0.0,0.0
2024-10-08,208.080002,214.199997,207.0,214.199997,214.199997,6,0.0,0.0
2024-10-09,205.199997,207.0,199.800003,207.0,207.0,48,0.0,0.0
2024-10-10,205.199997,212.399994,201.600006,205.199997,205.199997,63,0.0,0.0
2024-10-11,201.600006,214.199997,201.600006,207.899994,207.899994,17,0.0,0.0
2024-10-14,207.0,211.139999,199.800003,199.979996,199.979996,26,0.0,0.0
2024-10-15,199.800003,219.600006,199.800003,217.619995,217.619995,210,0.0,0.0
2024-10-16,223.559998,235.800003,219.600006,225.0,225.0,468,0.0,0.0
2024-10-17,226.800003,266.399994,224.820007,243.0,243.0,1849,0.0,0.0
2024-10-18,243.0,257.220001,230.399994,248.399994,248.399994,565,0.0,0.0
2024-10-21,250.199997,250.919998,212.399994,222.119995,222.119995,324,0.0,0.0
2024-10-22,225.360001,234.0,225.0,234.0,234.0,77,0.0,0.0
2024-10-23,234.0,234.0,221.399994,230.399994,230.399994,37,0.0,0.0
2024-10-24,216.179993,226.800003,207.0,221.399994,221.399994,209,0.0,0.0
2024-10-25,221.399994,234.0,221.399994,221.399994,221.399994,75,0.0,0.0
2024-10-28,225.0,239.399994,207.0,214.199997,214.199997,249,0.0,0.0
2024-10-29,210.600006,223.199997,208.800003,212.580002,212.580002,60,0.0,0.0
2024-10-30,221.399994,221.399994,207.0,207.0,207.0,110,0.0,0.0
2024-10-31,208.800003,210.600006,199.800003,201.600006,201.600006,134,0.0,0.0
2024-11-01,201.600006,210.600006,199.800003,199.800003,199.800003,161,0.0,0.0
2024-11-04,199.800003,212.399994,199.800003,205.199997,205.199997,207,0.0,0.0
2024-11-05,205.199997,214.199997,203.399994,205.199997,205.199997,201,0.0,0.0
2024-11-06,216.0,216.0,205.199997,210.600006,210.600006,82,0.0,0.0
2024-11-07,210.600006,210.600006,201.600006,207.0,207.0,62,0.0,0.0
2024-11-08,207.0,211.679993,205.199997,211.679993,211.679993,31,0.0,0.0
2024-11-11,207.0,210.600006,196.199997,198.360001,198.360001,180,0.0,0.0
2024-11-12,198.0,207.179993,198.0,203.399994,203.399994,132,0.0,0.0
2024-11-13,205.199997,208.800003,194.399994,198.0,198.0,109,0.0,0.0
2024-11-14,198.0,201.600006,181.800003,192.600006,192.600006,179,0.0,0.0
2024-11-15,188.820007,189.0,135.720001,161.100006,161.100006,678,0.0,0.0
2024-11-18,162.0,176.399994,158.399994,176.399994,176.399994,362,0.0,0.0
2024-11-19,171.179993,176.399994,163.800003,172.080002,172.080002,88,0.0,0.0
2024-11-20,174.600006,176.399994,167.399994,176.399994,176.399994,12189,0.0,0.0
2024-11-21,298.799988,495.0,284.399994,381.600006,381.600006,802143,0.0,0.0
2024-11-22,360.0,392.399994,315.0,378.0,378.0,15058,0.0,0.0
2024-11-25,378.0,595.799988,378.0,540.0,540.0,23628,0.0,0.0
2024-11-26,518.400024,525.599976,383.399994,428.399994,428.399994,3523,0.0,0.0
2024-11-27,457.200012,529.200012,452.700012,464.399994,464.399994,2387,0.0,0.0
2024-11-29,471.600006,471.600006,423.0,428.399994,428.399994,828,0.0,0.0
2024-12-02,414.0,422.100006,378.0,394.200012,394.200012,673,0.0,0.0
2024-12-03,401.399994,401.399994,367.200012,370.799988,370.799988,544,0.0,0.0
2024-12-04,360.0,385.200012,333.179993,356.399994,356.399994,676,0.0,0.0
2024-12-05,361.799988,374.399994,342.0,342.0,342.0,1257,0.0,0.0
2024-12-06,331.200012,360.0,324.0,329.399994,329.399994,1140,0.0,0.0
2024-12-09,331.200012,372.959991,329.399994,367.200012,367.200012,929,0.0,0.0
2024-12-10,388.799988,388.799988,325.799988,333.0,333.0,675,0.0,0.0
2024-12-11,338.399994,338.399994,289.799988,298.799988,298.799988,406,0.0,0.0
2024-12-12,295.200012,300.600006,288.179993,297.0,297.0,145,0.0,0.0
2024-12-13,291.600006,295.200012,284.399994,291.600006,291.600006,132,0.0,0.0
2024-12-16,293.399994,293.399994,275.399994,275.399994,275.399994,235,0.0,0.0
2024-12-17,279.0,279.0,257.399994,268.200012,268.200012,153,0.0,0.0
2024-12-18,268.200012,288.0,253.800003,253.800003,253.800003,423,0.0,0.0
2024-12-19,253.800003,262.799988,253.800003,255.600006,255.600006,122,0.0,0.0
2024-12-20,279.0,300.600006,268.559998,289.799988,289.799988,705,0.0,0.0
2024-12-23,304.200012,311.399994,289.799988,293.399994,293.399994,396,0.0,0.0
2024-12-24,293.399994,293.399994,280.799988,284.399994,284.399994,98,0.0,0.0
2024-12-26,286.200012,309.600006,286.200012,309.600006,309.600006,209,0.0,0.0
2024-12-27,309.600006,331.200012,292.5,302.399994,302.399994,322,0.0,0.0
2024-12-30,295.200012,327.600006,280.799988,325.799988,325.799988,702,0.0,0.0
2024-12-31,325.799988,325.799988,295.200012,304.200012,304.200012,372,0.0,0.0
2025-01-02,306.0,320.399994,300.600006,311.399994,311.399994,154,0.0,0.0
2025-01-03,322.200012,367.200012,320.579987,356.399994,356.399994,748,0.0,0.0
2025-01-06,354.600006,363.600006,315.0,331.200012,331.200012,494,0.0,0.0
2025-01-07,336.600006,340.200012,309.600006,336.600006,336.600006,220,0.0,0.0
2025-01-08,327.600006,327.600006,298.799988,304.200012,304.200012,90,0.0,0.0
2025-01-10,295.200012,342.0,295.200012,332.820007,332.820007,407,0.0,0.0
2025-01-13,333.0,333.0,306.0,307.799988,307.799988,209,0.0,0.0
2025-01-14,309.600006,323.100006,298.799988,306.0,306.0,216,0.0,0.0
2025-01-15,311.399994,338.399994,311.399994,317.700012,317.700012,310,0.0,0.0
2025-01-16,322.200012,327.600006,311.399994,318.600006,318.600006,76,0.0,0.0
2025-01-17,323.279999,329.399994,313.920013,323.100006,323.100006,128,0.0,0.0
2025-01-21,324.0,342.0,324.0,329.399994,329.399994,168,0.0,0.0
2025-01-22,333.0,336.600006,324.0,331.200012,331.200012,76,0.0,0.0
2025-01-23,324.0,331.200012,311.579987,331.200012,331.200012,93,0.0,0.0
2025-01-24,331.200012,331.200012,313.200012,314.100006,314.100006,98,0.0,0.0
2025-01-27,311.399994,329.579987,302.399994,311.399994,311.399994,152,0.0,0.0
2025-01-28,306.359985,311.399994,297.899994,300.600006,300.600006,117,0.0,0.0
2025-01-29,295.200012,307.799988,279.0,291.600006,291.600006,263,0.0,0.0
2025-01-30,307.799988,307.799988,279.0,280.799988,280.799988,113,0.0,0.0
2025-01-31,282.600006,286.380005,264.600006,268.200012,268.200012,267,0.0,0.0
2025-02-03,268.200012,273.600006,239.399994,252.0,252.0,531,0.0,0.0
2025-02-04,252.0,253.800003,234.0,248.399994,248.399994,156,0.0,0.0
2025-02-05,248.399994,250.919998,237.600006,243.0,243.0,170,0.0,0.0
2025-02-06,243.0,248.399994,235.800003,243.0,243.0,128,0.0,0.0
2025-02-07,230.399994,239.399994,228.600006,228.600006,228.600006,159,0.0,0.0
2025-02-10,228.600006,228.600006,217.800003,225.0,225.0,107,0.0,0.0
2025-02-11,225.0,241.199997,225.0,234.0,234.0,150,0.0,0.0
2025-02-12,239.399994,241.199997,225.0,234.0,234.0,158,0.0,0.0
2025-02-13,228.600006,230.399994,225.0,225.0,225.0,92,0.0,0.0
2025-02-14,226.800003,231.660004,223.199997,228.600006,228.600006,76,0.0,0.0
2025-02-18,232.199997,235.979996,221.399994,226.800003,226.800003,117,0.0,0.0
2025-02-19,226.800003,261.0,225.0,260.279999,260.279999,547,0.0,0.0
2025-02-20,248.399994,261.0,243.0,257.399994,257.399994,235,0.0,0.0
2025-02-21,257.399994,257.399994,235.800003,244.800003,244.800003,83,0.0,0.0
2025-02-24,237.600006,237.600006,226.800003,228.600006,228.600006,226,0.0,0.0
2025-02-25,228.600006,228.600006,201.600006,207.0,207.0,787,0.0,0.0
2025-02-26,205.199997,205.199997,176.399994,180.0,180.0,579,0.0,0.0
2025-02-27,180.0,181.800003,162.0,167.399994,167.399994,422,0.0,0.0
2025-02-28,171.0,171.0,162.0,171.0,171.0,170,0.0,0.0
2025-03-03,162.0,169.199997,160.199997,160.199997,160.199997,195,0.0,0.0
2025-03-04,160.199997,167.399994,153.0,162.0,162.0,262,0.0,0.0
2025-03-05,160.740005,171.0,160.740005,171.0,171.0,224,0.0,0.0
2025-03-06,171.0,180.0,154.800003,165.600006,165.600006,204,0.0,0.0
2025-03-07,165.600006,170.639999,155.160004,166.320007,166.320007,116,0.0,0.0
2025-03-10,168.479996,168.479996,144.720001,145.440002,145.440002,559,0.0,0.0
2025-03-11,144.539993,145.619995,133.380005,135.0,135.0,273,0.0,0.0
2025-03-12,136.800003,147.600006,122.400002,142.199997,142.199997,186,0.0,0.0
2025-03-13,143.820007,143.820007,132.300003,140.220001,140.220001,46,0.0,0.0
2025-03-14,138.600006,147.600006,135.0,139.679993,139.679993,43,0.0,0.0
2025-03-17,139.679993,139.679993,132.300003,139.679993,139.679993,82,0.0,0.0
2025-03-18,132.839996,136.259995,132.300003,132.839996,132.839996,67,0.0,0.0
2025-03-19,136.440002,136.440002,124.739998,130.860001,130.860001,242,0.0,0.0
2025-03-20,127.800003,130.5,124.379997,130.139999,130.139999,117,0.0,0.0
2025-03-21,129.600006,138.600006,126.0,138.419998,138.419998,99,0.0,0.0
2025-03-24,143.820007,144.0,138.600006,140.220001,140.220001,69,0.0,0.0
2025-03-25,144.0,147.240005,128.699997,136.080002,136.080002,33,0.0,0.0
2025-03-26,132.839996,133.740005,126.0,126.0,126.0,71,0.0,0.0
2025-03-27,127.800003,138.600006,127.800003,137.699997,137.699997,459,0.0,0.0
2025-03-28,136.800003,139.5,133.199997,135.360001,135.360001,185,0.0,0.0
2025-03-31,139.5,142.919998,119.879997,122.400002,122.400002,402,0.0,0.0
2025-04-01,122.400002,122.400002,109.440002,118.800003,118.800003,71,0.0,0.0
2025-04-02,122.040001,147.600006,115.379997,140.759995,140.759995,1461,0.0,0.0
2025-04-03,145.259995,150.839996,135.0,140.399994,140.399994,662,0.0,0.0
2025-04-04,142.199997,142.199997,126.0,135.720001,135.720001,198,0.0,0.0
2025-04-07,137.699997,144.0,122.400002,133.559998,133.559998,389,0.0,0.0
2025-04-08,128.160004,156.600006,126.0,143.279999,143.279999,24908,0.0,0.0
2025-04-09,198.0,246.600006,162.0,179.460007,179.460007,337326,0.0,0.0
2025-04-10,152.279999,196.199997,144.0,178.199997,178.199997,6366,0.0,0.0
2025-04-11,165.779999,178.199997,130.5,135.0,135.0,2286,0.0,0.0
2025-04-14,131.039993,136.800003,122.400002,126.0,126.0,2103,0.0,0.0
2025-04-15,124.019997,124.199997,106.559998,107.099998,107.099998,2293,0.0,0.0
2025-04-16,104.400002,106.199997,91.980003,99.0,99.0,1526,0.0,0.0
2025-04-17,95.400002,100.620003,95.400002,97.199997,97.199997,563,0.0,0.0
2025-04-21,96.839996,109.800003,88.559998,102.059998,102.059998,5531,0.0,0.0
2025-04-22,100.080002,131.399994,99.0,117.720001,117.720001,7189,0.0,0.0
2025-04-23,115.559998,117.0,104.940002,109.440002,109.440002,1154,0.0,0.0
2025-04-24,108.720001,120.779999,106.199997,117.0,117.0,1431,0.0,0.0
2025-04-25,113.580002,113.580002,100.800003,102.599998,102.599998,1224,0.0,0.0
2025-04-28,102.059998,109.080002,102.059998,107.639999,107.639999,179,0.0,0.0
2025-04-29,105.300003,108.0,101.519997,106.199997,106.199997,308,0.0,0.0
2025-04-30,102.599998,108.0,101.699997,102.599998,102.599998,374,0.0,0.0
2025-05-01,101.339996,108.0,101.160004,108.0,108.0,104,0.0,0.0
2025-05-02,104.580002,108.0,102.419998,102.779999,102.779999,136,0.0,0.0
2025-05-05,108.0,108.0,96.480003,106.019997,106.019997,505,0.0,0.0
2025-05-06,100.080002,104.400002,97.379997,101.699997,101.699997,547,0.0,0.0
2025-05-07,103.139999,103.139999,95.400002,100.800003,100.800003,572,0.0,0.0
2025-05-08,97.379997,102.599998,92.699997,98.639999,98.639999,55683,0.0,0.0
2025-05-09,132.300003,156.600006,102.959999,109.080002,109.080002,178643,0.0,0.0
2025-05-12,86.040001,107.459999,85.139999,106.379997,106.379997,14955,0.0,0.0
2025-05-13,102.599998,107.639999,97.379997,102.239998,102.239998,5727,0.0,0.0
2025-05-14,97.739998,107.099998,91.800003,95.400002,95.400002,4434,0.0,0.0
2025-05-15,93.599998,100.800003,89.099998,93.779999,93.779999,2179,0.0,0.0
2025-05-16,92.699997,94.860001,88.559998,91.080002,91.080002,1809,0.0,0.0
2025-05-19,88.379997,90.0,82.080002,88.379997,88.379997,1334,0.0,0.0
2025-05-20,86.400002,88.199997,83.160004,83.879997,83.879997,711,0.0,0.0
2025-05-21,82.080002,82.800003,74.699997,75.599998,75.599998,2088,0.0,0.0
2025-05-22,73.800003,75.599998,70.379997,72.360001,72.360001,1473,0.0,0.0
2025-05-23,70.199997,75.419998,70.199997,72.540001,72.540001,116864,0.0,0.0
2025-05-27,137.520004,144.179993,106.199997,122.400002,122.400002,907136,0.0,0.0
2025-05-28,107.099998,114.300003,90.720001,97.739998,97.739998,17316,0.0,0.0
2025-05-29,90.0,114.120003,86.040001,95.580002,95.580002,9640,0.0,0.0
2025-05-30,93.599998,99.900002,87.300003,95.220001,95.220001,3459,0.0,0.0
2025-06-02,93.059998,100.620003,87.660004,93.599998,93.599998,16878,0.0,0.0
2025-06-03,95.040001,100.800003,87.660004,90.18,90.18,4268,0.0,0.0
2025-06-04,87.839996,91.800003,87.839996,90.900002,90.900002,1326,0.0,0.0
2025-06-05,90.0,90.360001,88.019997,88.739998,88.739998,1917,0.0,0.0
2025-06-06,93.599998,93.599998,86.400002,87.839996,87.839996,917,0.0,0.0
2025-06-09,86.940002,88.199997,82.440002,86.760002,86.760002,1694,0.0,0.0
2025-06-10,88.379997,95.220001,84.599998,90.900002,90.900002,4330,0.0,0.0
2025-06-11,93.599998,94.860001,85.68,93.239998,93.239998,3593,0.0,0.0
2025-06-12,93.599998,95.400002,87.120003,89.099998,89.099998,1608,0.0,0.0
2025-06-13,87.300003,88.919998,79.379997,82.800003,82.800003,3127,0.0,0.0
2025-06-16,81.0,83.339996,80.639999,81.720001,81.720001,1422,0.0,0.0
2025-06-17,79.199997,81.18,79.199997,80.459999,80.459999,592,0.0,0.0
2025-06-18,81.0,82.620003,76.5,77.400002,77.400002,1238,0.0,0.0
2025-06-20,73.800003,79.739998,73.800003,75.959999,75.959999,639,0.0,0.0
2025-06-23,76.68,78.120003,74.339996,76.5,76.5,499,0.0,0.0
2025-06-24,74.879997,76.5,74.699997,76.5,76.5,532,0.0,0.0
2025-06-25,75.599998,78.300003,74.699997,77.040001,77.040001,407,0.0,0.0
2025-06-26,77.220001,77.220001,74.699997,75.779999,75.779999,501,0.0,0.0
2025-06-27,75.779999,77.220001,72.18,75.419998,75.419998,1246,0.0,0.0
2025-06-30,73.080002,81.0,72.18,77.940002,77.940002,2574,0.0,0.0
2025-07-01,77.400002,79.019997,74.160004,78.480003,78.480003,835,0.0,0.0
2025-07-02,78.300003,87.120003,78.300003,83.519997,83.519997,4496,0.0,0.0
2025-07-03,82.260002,82.440002,77.220001,79.199997,79.199997,703,0.0,0.0
2025-07-07,78.120003,79.199997,73.980003,77.220001,77.220001,1845,0.0,0.0
2025-07-08,75.779999,79.199997,75.599998,77.760002,77.760002,1296,0.0,0.0
2025-07-09,76.139999,79.199997,75.959999,79.199997,79.199997,1324,0.0,0.0
2025-07-10,79.019997,79.019997,76.5,78.480003,78.480003,1052,0.0,0.0
2025-07-11,76.32,77.400002,72.0,73.980003,73.980003,2290,0.0,0.0
2025-07-14,72.900002,83.699997,72.900002,79.379997,79.379997,4577,0.0,0.0
2025-07-15,77.400002,80.459999,75.599998,77.940002,77.940002,1823,0.0,0.0
2025-07-16,78.300003,78.839996,75.959999,76.139999,76.139999,1606,0.0,0.0
2025-07-17,76.139999,79.019997,75.599998,77.940002,77.940002,902,0.0,0.0
2025-07-18,74.160004,78.839996,73.800003,74.339996,74.339996,912,0.0,0.0
2025-07-21,75.419998,77.580002,74.699997,75.959999,75.959999,1142,0.0,0.0
2025-07-22,76.139999,76.139999,74.699997,75.419998,75.419998,778,0.0,0.0
2025-07-23,73.800003,77.940002,73.800003,77.400002,77.400002,1337,0.0,0.0
2025-07-24,77.400002,86.400002,74.699997,79.559998,79.559998,3299,0.0,0.0
2025-07-25,77.040001,78.300003,76.5,76.860001,76.860001,406,0.0,0.0
2025-07-28,76.5,78.120003,75.419998,75.599998,75.599998,603,0.0,0.0
2025-07-29,77.220001,78.120003,75.599998,77.580002,77.580002,1895,0.0,0.0
2025-07-30,78.300003,78.300003,52.200001,67.139999,67.139999,3424,0.0,0.0
2025-07-31,66.419998,69.480003,55.799999,61.740002,61.740002,11974,0.0,0.0
2025-08-01,61.02,61.560001,54.0,59.040001,59.040001,3678,0.0,0.0
2025-08-04,55.439999,59.040001,48.779999,56.700001,56.700001,6954,0.0,0.0
2025-08-05,57.599998,57.959999,53.459999,54.0,54.0,2442,0.0,0.0
2025-08-06,56.16,76.860001,49.68,51.66,51.66,54587,0.0,0.0
2025-08-07,50.400002,67.32,50.400002,58.139999,58.139999,27483,0.0,0.0
2025-08-08,57.599998,63.0,51.84,54.18,54.18,4573,0.0,0.0
2025-08-11,55.619999,62.82,52.200001,56.52,56.52,4759,0.0,0.0
2025-08-12,57.599998,59.040001,54.540001,57.599998,57.599998,2027,0.0,0.0
2025-08-13,55.799999,59.400002,54.360001,57.779999,57.779999,1382,0.0,0.0
2025-08-14,54.540001,61.200001,51.84,57.240002,57.240002,4549,0.0,0.0
2025-08-15,55.080002,60.66,54.540001,58.32,58.32,2224,0.0,0.0
2025-08-18,56.700001,56.700001,54.18,54.540001,54.540001,1041,0.0,0.0
2025-08-19,52.919998,53.639999,49.5,50.400002,50.400002,2634,0.0,0.0
2025-08-20,50.220001,50.220001,47.52,49.5,49.5,1350,0.0,0.0
2025-08-21,48.599998,50.400002,47.880001,49.860001,49.860001,1382,0.0,0.0
2025-08-22,48.959999,58.860001,48.060001,57.240002,57.240002,10619,0.0,0.0
2025-08-25,52.200001,57.599998,48.779999,52.380001,52.380001,3975,0.0,0.0
2025-08-26,51.66,113.940002,51.66,68.580002,68.580002,811812,0.0,0.0
2025-08-27,64.440002,65.699997,57.959999,59.759998,59.759998,23074,0.0,0.0
2025-08-28,58.139999,63.0,54.0,62.459999,62.459999,11414,0.0,0.0
2025-08-29,59.040001,66.419998,57.419998,59.040001,59.040001,5418,0.0,0.0
2025-09-02,55.619999,60.299999,55.439999,59.220001,59.220001,4444,0.0,0.0
2025-09-03,56.700001,63.900002,56.52,62.099998,62.099998,4203,0.0,0.0
2025-09-04,59.400002,61.740002,53.82,55.98,55.98,4007,0.0,0.0
2025-09-05,55.080002,59.939999,54.540001,56.52,56.52,1952,0.0,0.0
2025-09-08,54.0,57.779999,53.099998,54.0,54.0,2508,0.0,0.0
2025-09-09,51.84,55.799999,50.580002,54.0,54.0,7353,0.0,0.0
2025-09-10,51.119999,54.0,51.119999,53.82,53.82,2772,0.0,0.0
2025-09-11,51.66,56.34,51.66,55.98,55.98,2640,0.0,0.0
2025-09-12,57.240002,57.959999,54.900002,56.52,56.52,804,0.0,0.0
2025-09-15,55.439999,56.16,54.18,56.16,56.16,1217,0.0,0.0
2025-09-16,54.720001,57.599998,53.279999,56.52,56.52,3337,0.0,0.0
2025-09-17,55.080002,56.52,53.099998,54.0,54.0,1716,0.0,0.0
2025-09-18,52.740002,54.540001,52.740002,54.360001,54.360001,1349,0.0,0.0
2025-09-19,53.099998,55.799999,50.400002,51.119999,51.119999,3148,0.0,0.0
2025-09-22,54.540001,54.540001,50.759998,53.459999,53.459999,1466,0.0,0.0
2025-09-23,52.200001,55.799999,51.299999,53.279999,53.279999,3136,0.0,0.0
2025-09-24,52.02,53.639999,52.02,52.740002,52.740002,2141,0.0,0.0
2025-09-25,52.200001,53.279999,51.66,53.279999,53.279999,1228,0.0,0.0
2025-09-26,52.200001,53.099998,50.759998,52.200001,52.200001,1617,0.0,0.0
2025-09-29,51.48,52.740002,50.759998,51.84,51.84,1034,0.0,0.0
2025-09-30,50.400002,53.82,50.400002,52.200001,52.200001,2238,0.0,0.0
2025-10-01,51.299999,54.360001,51.119999,52.740002,52.740002,3264,0.0,0.0
2025-10-02,52.200001,53.279999,50.580002,51.84,51.84,1978,0.0,0.0
2025-10-03,50.759998,61.380001,50.759998,57.959999,57.959999,201877,0.0,0.0
2025-10-06,55.259998,72.0,54.540001,57.599998,57.599998,134825,0.0,0.0
2025-10-07,54.720001,58.32,52.380001,54.720001,54.720001,17083,0.0,0.0
2025-10-08,53.099998,58.5,53.099998,55.080002,55.080002,14010,0.0,0.0
2025-10-09,54.360001,57.599998,53.099998,55.799999,55.799999,6354,0.0,0.0
2025-10-10,56.34,57.240002,49.139999,49.5,49.5,8557,0.0,0.0
2025-10-13,50.580002,52.02,49.32,49.5,49.5,4830,0.0,0.0
2025-10-14,46.799999,55.799999,46.799999,53.639999,53.639999,34058,0.0,0.0
2025-10-15,56.880001,59.939999,54.0,57.240002,57.240002,15289,0.0,0.0
2025-10-16,57.419998,63.0,51.84,53.099998,53.099998,16187,0.0,0.0
2025-10-17,51.119999,52.02,47.52,50.220001,50.220001,7192,0.0,0.0
2025-10-20,49.68,51.66,49.139999,49.32,49.32,4203,0.0,0.0
2025-10-21,48.599998,66.599998,47.700001,63.720001,63.720001,110767,0.0,0.0
2025-10-22,54.0,54.540001,48.599998,49.68,49.68,26136,0.0,0.0
2025-10-23,48.959999,51.119999,48.240002,48.779999,48.779999,7937,0.0,0.0
2025-10-24,48.959999,54.360001,48.419998,51.66,51.66,17787,0.0,0.0
2025-10-27,50.580002,53.099998,49.68,51.119999,51.119999,8763,0.0,0.0
2025-10-28,51.299999,57.959999,51.299999,57.240002,57.240002,19444,0.0,0.0
2025-10-29,55.98,57.240002,52.200001,53.459999,53.459999,10683,0.0,0.0
2025-10-30,52.560001,60.299999,52.560001,59.939999,59.939999,15353,0.0,0.0
2025-10-31,57.419998,57.599998,54.0,54.900002,54.900002,6224,0.0,0.0
2025-11-03,54.900002,55.799999,50.220001,51.119999,51.119999,8744,0.0,0.0
2025-11-04,49.860001,51.119999,49.32,50.580002,50.580002,7417,0.0,0.0
2025-11-05,50.580002,53.82,50.580002,52.02,52.02,5020,0.0,0.0
2025-11-06,61.200001,118.260002,59.939999,69.300003,69.300003,4251845,0.0,0.0
2025-11-07,54.720001,55.619999,47.700001,54.540001,54.540001,95121,0.0,0.0
2025-11-10,48.599998,54.0,48.599998,51.48,51.48,25321,0.0,0.0
2025-11-11,48.779999,60.299999,48.779999,55.080002,55.080002,44964,0.0,0.0
2025-11-12,54.0,59.400002,52.200001,52.200001,52.200001,15276,0.0,0.0
2025-11-13,52.200001,63.0,52.200001,57.060001,57.060001,25613,0.0,0.0
2025-11-14,54.0,57.599998,51.119999,51.84,51.84,8949,0.0,0.0
2025-11-17,51.84,54.900002,50.400002,51.84,51.84,8377,0.0,0.0
2025-11-18,49.5,51.84,49.5,50.580002,50.580002,7334,0.0,0.0
2025-11-19,49.32,51.299999,48.060001,48.419998,48.419998,7478,0.0,0.0
2025-11-20,47.52,49.860001,41.400002,41.939999,41.939999,12398,0.0,0.0
2025-11-21,43.380001,44.82,40.68,43.740002,43.740002,6208,0.0,0.0
2025-11-24,44.099998,46.439999,43.919998,43.919998,43.919998,3544,0.0,0.0
2025-11-25,43.200001,46.259998,43.200001,45.0,45.0,1971,0.0,0.0
2025-11-26,45.0,47.700001,44.099998,45.900002,45.900002,5436,0.0,0.0
2025-11-28,44.099998,46.080002,44.099998,45.0,45.0,3051,0.0,0.0
2025-12-01,45.0,45.0,42.66,43.02,43.02,4381,0.0,0.0
2025-12-02,42.84,43.02,41.759998,42.299999,42.299999,4202,0.0,0.0
2025-12-03,42.66,45.0,41.580002,45.0,45.0,4607,0.0,0.0
2025-12-04,45.0,45.720001,43.560001,44.279999,44.279999,2237,0.0,0.0
2025-12-05,43.560001,44.099998,42.84,42.84,42.84,4670,0.0,0.0
2025-12-08,42.48,45.540001,42.48,43.560001,43.560001,3251,0.0,0.0
2025-12-09,42.48,45.0,42.48,43.740002,43.740002,4774,0.0,0.0
2025-12-10,43.740002,43.919998,41.939999,42.84,42.84,3100,0.0,0.0
2025-12-11,41.220001,42.66,39.060001,39.060001,39.060001,5795,0.0,0.0
2025-12-12,40.5,40.5,36.18,36.18,36.18,4938,0.0,0.0
2025-12-15,37.259998,41.040001,33.48,38.880001,38.880001,14708,0.0,0.0
2025-12-16,37.439999,38.34,35.279999,37.259998,37.259998,7369,0.0,0.0
2025-12-17,36.0,38.700001,35.099998,36.900002,36.900002,6534,0.0,0.0
2025-12-18,37.799999,37.799999,34.02,35.099998,35.099998,3468,0.0,0.0
2025-12-19,34.380001,39.060001,34.380001,39.060001,39.060001,2294,0.0,0.0
2025-12-22,37.98,38.700001,36.360001,36.540001,36.540001,1409,0.0,0.0
2025-12-23,36.540001,39.599998,36.0,37.259998,37.259998,6978,0.0,0.0
2025-12-24,36.0,37.98,35.82,36.540001,36.540001,6337,0.0,0.0
2025-12-26,37.439999,38.880001,35.639999,37.98,37.98,2562,0.0,0.0
2025-12-29,37.259998,37.619999,35.099998,36.720001,36.720001,4368,0.0,0.0
2025-12-30,37.799999,37.799999,35.279999,35.279999,35.279999,4098,0.0,0.0
2025-12-31,36.0,36.0,33.299999,33.299999,33.299999,6971,0.0,0.0
2026-01-02,34.560001,37.619999,33.48,36.540001,36.540001,6197,0.0,0.0
2026-01-05,37.98,38.34,36.0,37.799999,37.799999,2707,0.0,0.0
2026-01-06,39.060001,39.060001,36.360001,37.080002,37.080002,1305,0.0,0.0
2026-01-07,36.18,37.799999,35.639999,35.82,35.82,2038,0.0,0.0
2026-01-08,36.0,36.18,35.099998,35.279999,35.279999,2594,0.0,0.0
2026-01-09,35.459999,36.900002,35.099998,35.099998,35.099998,1748,0.0,0.0
2026-01-12,35.099998,35.099998,33.84,34.560001,34.560001,2462,0.0,0.0
2026-01-13,35.099998,35.099998,33.48,33.48,33.48,1634,0.0,0.0
2026-01-14,34.560001,34.560001,33.119999,33.48,33.48,2140,0.0,0.0
2026-01-15,33.48,35.099998,32.939999,33.119999,33.119999,1846,0.0,0.0
2026-01-16,32.939999,34.740002,32.939999,33.84,33.84,2088,0.0,0.0
2026-01-20,33.299999,33.299999,32.580002,32.939999,32.939999,1285,0.0,0.0
2026-01-21,32.939999,34.380001,32.040001,32.400002,32.400002,3416,0.0,0.0
2026-01-22,34.560001,34.560001,32.580002,32.759998,32.759998,13401,0.0,0.0
2026-01-23,40.68,57.060001,35.459999,43.200001,43.200001,1233996,0.0,0.0
2026-01-26,36.540001,39.959999,33.299999,36.18,36.18,39895,0.0,0.0
2026-01-27,36.0,36.0,32.939999,36.0,36.0,11862,0.0,0.0
2026-01-28,36.0,36.0,32.400002,36.0,36.0,8143,0.0,0.0
2026-01-29,34.200001,36.900002,33.299999,36.360001,36.360001,12335,0.0,0.0
2026-01-30,36.360001,36.360001,33.84,35.639999,35.639999,11709,0.0,0.0
2026-02-02,36.0,36.0,31.860001,32.400002,32.400002,6149,0.0,0.0
2026-02-03,32.400002,34.380001,32.400002,33.66,33.66,3998,0.0,0.0
2026-02-04,33.299999,33.84,30.42,31.139999,31.139999,4994,0.0,0.0
2026-02-05,30.6,32.759998,28.98,29.16,29.16,2207,0.0,0.0
2026-02-06,29.700001,32.400002,29.700001,30.780001,30.780001,2380,0.0,0.0
2026-02-09,30.780001,32.400002,30.780001,32.220001,32.220001,1603,0.0,0.0
2026-02-10,32.400002,33.84,31.68,31.68,31.68,3325,0.0,0.0
2026-02-11,31.139999,34.919998,30.959999,33.48,33.48,21544,0.0,0.0
2026-02-12,40.32,65.879997,36.720001,45.540001,45.540001,1710021,0.0,0.0
2026-02-13,44.459999,54.0,41.400002,50.400002,50.400002,49766,0.0,0.0
2026-02-17,50.759998,54.0,46.799999,51.66,51.66,16751,0.0,0.0
2026-02-18,49.32,73.080002,49.32,70.199997,70.199997,104089,0.0,0.0
2026-02-19,67.860001,84.599998,65.699997,77.220001,77.220001,31456,0.0,0.0
2026-02-20,81.360001,82.080002,71.279999,76.5,76.5,9257,0.0,0.0
2026-02-23,75.599998,88.199997,61.200001,63.0,63.0,13683,0.0,0.0
2026-02-24,61.380001,67.139999,54.0,58.32,58.32,5936,0.0,0.0
2026-02-25,59.400002,69.300003,57.060001,57.060001,57.060001,4683,0.0,0.0
2026-02-26,58.5,61.560001,57.060001,57.060001,57.060001,2588,0.0,0.0
2026-02-27,56.700001,60.299999,53.459999,60.119999,60.119999,4115,0.0,0.0
2026-03-02,56.880001,60.66,54.720001,58.5,58.5,1640,0.0,0.0
2026-03-03,57.779999,58.32,31.68,32.220001,32.220001,102756,0.0,0.0
2026-03-04,21.42,29.700001,20.34,24.120001,24.120001,219999,0.0,0.0
2026-03-05,22.68,24.299999,21.6,22.68,22.68,27128,0.0,0.0
2026-03-06,23.219999,23.58,21.780001,21.959999,21.959999,10438,0.0,0.0
2026-03-09,22.32,23.4,20.879999,23.040001,23.040001,9143,0.0,0.0
2026-03-10,22.68,23.4,21.959999,22.860001,22.860001,160166,0.0,0.0
2026-03-11,30.6,31.5,25.200001,26.280001,26.280001,522362,0.0,0.0
2026-03-12,22.5,27.0,21.059999,25.74,25.74,46793,0.0,0.0
2026-03-13,25.02,29.16,24.48,25.200001,25.200001,34707,0.0,0.0
2026-03-16,24.299999,27.360001,24.299999,25.74,25.74,26522,0.0,0.0
2026-03-17,25.200001,25.74,24.120001,24.120001,24.120001,10325,0.0,0.0
2026-03-18,23.58,28.799999,23.58,24.84,24.84,36902,0.0,0.0
2026-03-19,25.200001,27.0,24.66,24.66,24.66,8708,0.0,0.0
2026-03-20,24.66,25.200001,22.5,24.299999,24.299999,9226,0.0,0.0
2026-03-23,23.58,25.02,23.4,23.76,23.76,4934,0.0,0.0
2026-03-24,23.58,23.76,22.68,22.860001,22.860001,4690,0.0,0.0
2026-03-25,22.68,24.120001,22.68,23.219999,23.219999,3624,0.0,0.0
2026-03-26,23.219999,25.02,22.68,23.940001,23.940001,8796,0.0,0.0
2026-03-27,23.940001,24.120001,22.139999,22.139999,22.139999,4487,0.0,0.0
2026-03-30,22.5,22.860001,19.799999,20.879999,20.879999,3983,0.0,0.0
2026-03-31,21.42,23.040001,21.059999,22.68,22.68,3781,0.0,0.0
2026-04-01,23.040001,23.040001,21.42,21.42,21.42,2502,0.0,0.0
2026-04-02,21.6,22.139999,20.700001,21.6,21.6,1732,0.0,0.0
2026-04-06,20.16,22.5,20.16,22.32,22.32,4970,0.0,0.0
2026-04-07,22.32,27.719999,18.360001,20.34,20.34,84057,0.0,0.0
2026-04-08,21.6,23.4,20.34,21.24,21.24,11290,0.0,0.0
2026-04-09,21.6,21.6,19.26,19.620001,19.620001,12431,0.0,0.0
2026-04-10,19.799999,20.280001,17.4,18.360001,18.360001,33967,0.0,0.066667
2026-04-13,17.219999,18.360001,12.24,12.72,12.72,145450,0.0,0.0
2026-04-14,9.768,13.68,9.12,13.32,13.32,23733,0.0,0.0
2026-04-15,12.24,13.92,11.952,13.32,13.32,9050,0.0,0.0
2026-04-16,12.36,13.8,11.016,13.44,13.44,3842,0.0,0.0
2026-04-17,12.72,13.62,12.24,13.62,13.62,2058,0.0,0.0
2026-04-20,12.0,12.72,11.52,12.6,12.6,633,0.0,0.0
2026-04-21,11.76,13.08,11.04,12.6,12.6,1775,0.0,0.0
2026-04-22,12.6,13.08,10.8,12.756,12.756,1433,0.0,0.0
2026-04-23,13.08,13.08,12.0,12.6,12.6,775,0.0,0.0
2026-04-24,12.6,12.72,10.26,12.0,12.0,1100,0.0,0.0
2026-04-27,12.24,12.24,8.1,10.584,10.584,3492,0.0,0.0
2026-04-28,8.04,10.572,4.2,6.348,6.348,16342,0.0,0.0
2026-04-29,6.12,6.6,5.508,5.508,5.508,2183,0.0,0.0
2026-04-30,5.508,5.508,5.508,5.508,5.508,108,0.0,0.0
2026-05-01,5.508,5.76,5.508,5.508,5.508,158,0.0,0.0
2026-05-04,5.508,8.868,5.508,8.868,8.868,183,0.0,0.0
2026-05-05,5.508,5.94,5.508,5.94,5.94,542,0.0,0.0
2026-05-06,5.88,5.892,5.508,5.892,5.892,1025,0.0,0.0
2026-05-07,5.448,5.82,4.956,4.956,4.956,158,0.0,0.0
2026-05-08,4.956,5.376,4.8,4.8,4.8,358,0.0,0.0
2026-05-11,4.8,5.292,4.56,4.68,4.68,975,0.0,0.0
2026-05-12,4.524,4.68,4.464,4.68,4.68,175,0.0,0.0
2026-05-13,4.428,4.656,4.38,4.38,4.38,242,0.0,0.0
2026-05-14,4.188,5.34,4.008,5.34,5.34,583,0.0,0.0
2026-05-15,4.404,4.404,4.008,4.32,4.32,1075,0.0,0.0
2026-05-18,4.008,4.32,3.684,4.08,4.08,183,0.0,0.0
2026-05-19,3.684,3.684,3.6,3.6,3.6,758,0.0,0.0
2026-05-20,3.48,3.48,3.48,3.48,3.48,217,0.0,0.0
2026-05-21,3.36,3.84,3.36,3.6,3.6,2175,0.0,0.0
2026-05-22,3.84,5.136,3.384,4.44,4.44,4158,0.0,0.0
2026-05-26,3.384,4.44,3.384,3.552,3.552,400,0.0,0.0
2026-05-27,3.36,3.36,3.168,3.168,3.168,100,0.0,0.0
2026-05-28,3.168,3.168,3.12,3.12,3.12,125,0.0,0.0
2026-05-29,3.456,5.136,3.456,5.136,5.136,742,0.0,0.0
2026-06-01,3.384,4.8,3.384,3.6,3.6,600,0.0,0.0
2026-06-02,3.384,4.2,3.384,4.2,4.2,50,0.0,0.0
2026-06-03,3.84,4.416,3.384,3.6,3.6,917,0.0,0.0
2026-06-04,3.384,4.2,3.384,4.2,4.2,267,0.0,0.0
2026-06-05,4.2,4.2,4.2,4.2,4.2,0,0.0,0.0
2026-06-08,3.528,3.6,3.528,3.6,3.6,100,0.0,0.0
2026-06-09,3.18,3.528,3.18,3.18,3.18,250,0.0,0.0
2026-06-10,4.8,4.8,3.18,4.68,4.68,867,0.0,0.0
2026-06-11,4.26,4.26,3.18,3.624,3.624,83,0.0,0.0
2026-06-12,3.18,3.18,3.18,3.18,3.18,33,0.0,0.0
2026-06-15,3.18,3.6,3.18,3.6,3.6,267,0.0,0.0
2026-06-16,3.6,3.6,3.48,3.54,3.54,75,0.0,0.0
2026-06-17,3.54,3.792,3.54,3.792,3.792,142,0.0,0.0
2026-06-18,3.84,3.84,3.84,3.84,3.84,450,0.0,0.0
2026-06-22,3.84,3.84,3.84,3.84,3.84,0,0.0,0.0
2026-06-23,4.644,8.988,4.56,8.28,8.28,8667,0.0,0.0
2026-06-24,8.4,8.676,7.128,7.2,7.2,1592,0.0,0.0
2026-06-25,6.0,7.248,6.0,7.248,7.248,100,0.0,0.0
2026-06-26,5.52,5.52,4.968,4.968,4.968,808,0.0,0.0
2026-06-29,4.2,4.2,4.2,4.2,4.2,25,0.0,0.0
2026-06-30,4.2,4.2,4.2,4.2,4.2,0,0.0,0.0
2026-07-01,4.2,4.2,4.2,4.2,4.2,0,0.0,0.0
2026-07-02,6.276,6.552,3.996,3.996,3.996,83,0.0,0.0
2026-07-06,4.056,4.056,3.996,3.996,3.996,75,0.0,0.0
2026-07-07,3.996,3.996,3.996,3.996,3.996,33,0.0,0.0
2026-07-08,4.44,4.44,4.02,4.02,4.02,442,0.0,0.0
2026-07-09,5.712,7.884,5.712,7.884,7.884,2033,0.0,0.0
2026-07-10,7.884,8.52,6.96,8.52,8.52,733,0.0,0.0
2026-07-13,8.208,8.52,7.08,8.52,8.52,725,0.0,0.0
2026-07-14,6.612,8.496,6.012,8.496,8.496,375,0.0,0.0
2026-07-15,6.024,8.484,6.024,8.484,8.484,125,0.0,0.0
2026-07-16,6.48,7.8,6.48,7.8,7.8,783,0.0,0.0
2026-07-17,7.8,8.04,7.8,8.04,8.04,92,0.0,0.0
2026-07-20,8.04,8.04,8.04,8.04,8.04,0,0.0,0.0
2026-07-21,6.756,6.78,6.756,6.78,6.78,50,0.0,0.0
2026-07-22,6.96,6.96,6.84,6.852,6.852,367,0.0,0.0
2026-07-23,5.94,7.2,5.94,6.6,6.6,2592,0.0,0.0
2026-07-24,6.6,7.2,6.6,7.08,7.08,183,0.0,0.0
2026-07-27,7.08,7.08,7.08,7.08,7.08,0,0.0,0.0
2026-07-28,8.076,8.076,7.32,7.32,7.32,125,0.0,0.0
2026-07-29,7.32,7.86,7.32,7.44,7.44,800,0.0,0.0
2026-07-30,7.08,8.388,7.08,7.44,7.44,1375,0.0,0.0
2026-07-31,7.56,8.76,7.5,8.712,8.712,1358,0.0,0.0
2026-08-03,7.62,7.62,5.352,5.4,5.4,2675,0.0,0.0
2026-08-04,3.0,7.0,3.0,4.5,4.5,400,0.0,0.083333
2026-08-05,4.5,4.55,3.59,4.55,4.55,2300,0.0,0.0
2026-08-06,4.55,4.55,4.55,4.55,4.55,0,0.0,0.0
2026-08-07,4.75,5.5,4.749,5.5,5.5,1100,0.0,0.0
2026-08-10,5.401,5.5,5.401,5.5,5.5,400,0.0,0.0
2026-08-11,5.5,5.5,5.5,5.5,5.5,0,0.0,0.0
2026-08-12,4.76,5.5,4.76,5.5,5.5,1900,0.0,0.0
2026-08-13,5.5,5.5,5.5,5.5,5.5,0,0.0,0.0
2026-08-14,5.5,5.5,5.5,5.5,5.5,0,0.0,0.0
2026-08-17,4.89,5.0,4.89,4.89,4.89,1200,0.0,0.0
2026-08-18,4.91,4.91,4.91,4.91,4.91,200,0.0,0.0
2026-08-19,4.951,4.951,4.951,4.951,4.951,200,0.0,0.0
2026-08-20,4.951,4.951,4.951,4.951,4.951,0,0.0,0.0
2026-08-21,4.951,4.951,4.951,4.951,4.951,0,0.0,0.0
2026-08-24,4.98,4.98,3.59,4.41,4.41,1600,0.0,0.0
2026-08-25,5.0,5.0,5.0,5.0,5.0,300,0.0,0.0
2026-08-26,5.0,5.0,5.0,5.0,5.0,400,0.0,0.0
2026-08-27,5.3,5.405,5.3,5.3,5.3,900,0.0,0.0
2026-08-28,5.0,5.25,5.0,5.25,5.25,300,0.0,0.0
2026-08-31,5.25,5.25,5.25,5.25,5.25,0,0.0,0.0
2026-09-01,5.25,5.7,5.25,5.7,5.7,500,0.0,0.0
2026-09-02,5.25,5.25,5.0,5.0,5.0,500,0.0,0.0
2026-09-03,5.05,5.05,5.05,5.05,5.05,100,0.0,0.0
2026-09-04,5.05,5.05,5.05,5.05,5.05,0,0.0,0.0
2026-09-14,2.9,3.0,2.85,3.0,3.0,1700,0.0,0.0
2026-09-15,2.7,2.7,2.4,2.554,2.554,900,0.0,0.0
2026-09-16,2.458,2.69,2.3,2.69,2.69,1500,0.0,0.0
2026-09-17,2.6,2.66,2.584,2.63,2.63,11800,0.0,0.0
2026-09-18,2.63,2.63,2.63,2.63,2.63,500,0.0,0.0
2026-09-21,2.62,2.62,2.62,2.62,2.62,100,0.0,0.0
2026-09-22,2.606,2.606,2.606,2.606,2.606,200,0.0,0.0
2026-09-23,2.55,2.62,2.55,2.6,2.6,1200,0.0,0.0
2026-09-24,2.98,3.5,2.98,3.5,3.5,800,0.0,0.0
2026-09-25,3.5,3.5,3.5,3.5,3.5,0,0.0,0.0
2026-09-28,3.4,3.735,3.4,3.583,3.583,900,0.0,0.0
2026-09-29,3.403,3.9,3.39,3.4,3.4,1600,0.0,0.0
2026-09-30,4.43,4.43,4.43,4.43,4.43,200,0.0,0.0
2026-10-01,3.502,3.713,3.502,3.713,3.713,400,0.0,0.0
2026-10-02,4.01,4.18,4.01,4.15,4.15,4000,0.0,0.0
2026-10-05,4.0,5.8,3.59,5.52,5.52,38600,0.0,0.0
2026-10-06,5.7,7.48,5.26,7.25,7.25,76400,0.0,0.0
2026-10-07,5.878,6.2,4.75,,,156221,0.0,0.0
