Date,Open,High,Low,Close,Adj Close,Volume,Dividends,Stock Splits
2018-01-25,73800.0,111960.0,73800.0,103356.0,58340.714844,1459,0.0,0.0
2018-01-26,100764.0,109008.0,99036.0,102636.0,57934.300781,271,0.0,0.0
2018-01-29,102636.0,123120.0,102240.0,120204.0,67850.796875,140,0.0,0.0
2018-01-30,119340.0,127980.0,111888.0,125172.0,70655.054688,66,0.0,0.0
2018-01-31,125388.0,137160.0,123876.0,132480.0,74780.15625,77,0.0,0.0
2018-02-01,133200.0,133830.0,122140.796875,126000.0,71122.429688,42,0.0,0.0
2018-02-02,125136.0,125136.0,108000.0,110016.0,62100.042969,70,0.0,0.0
2018-02-05,107532.0,117093.601562,107532.0,110556.0,62404.851562,32,0.0,0.0
2018-02-06,109368.0,143496.0,107820.0,125064.0,70594.09375,32,0.0,0.0
2018-02-07,126000.0,131400.0,119718.0,131256.0,74089.25,35,0.0,0.0
2018-02-08,129060.0,135633.59375,125172.0,131364.0,74150.210938,35,0.0,0.0
2018-02-09,131832.0,134280.0,115549.203125,128340.0,72443.273438,19,0.0,0.0
2018-02-12,115740.0,131652.0,115740.0,128700.0,72646.484375,12,0.0,0.0
2018-02-13,129276.0,129276.0,124434.0,127800.0,72138.46875,11,0.0,0.0
2018-02-14,126972.0,133200.0,126072.0,127980.0,72240.070312,12,0.0,0.0
2018-02-15,129600.0,131724.0,122403.601562,127152.0,71772.695312,13,0.0,0.0
2018-02-16,126144.0,128592.0,118692.0,125568.0,70878.585938,15,0.0,0.0
2018-02-20,123264.0,128448.0,120484.796875,122256.0,69009.078125,17,0.0,0.0
2018-02-21,120528.0,126900.0,119196.0,125640.0,70919.226562,60,0.0,0.0
2018-02-22,126828.0,136512.0,119916.0,129600.0,73154.5,49,0.0,0.0
2018-02-23,129960.0,136728.0,121230.0,125028.0,70573.773438,34,0.0,0.0
2018-02-26,124200.0,129528.0,121572.0,125100.0,70614.414062,14,0.0,0.0
2018-02-27,121500.0,136440.0,119520.0,122040.0,68887.15625,36,0.0,0.0
2018-02-28,122976.0,126864.0,120312.0,124020.0,70004.789062,10,0.0,0.0
2018-03-01,122400.0,122508.0,116100.0,116748.0,65900.015625,23,0.0,0.0
2018-03-02,116748.0,126756.0,112320.0,120060.0,67769.515625,30,0.0,0.0
2018-03-05,120816.0,122472.0,117000.0,119304.0,67342.78125,30,0.0,0.0
2018-03-06,119628.0,119628.0,112500.0,118800.0,67058.289062,30,0.0,0.0
2018-03-07,118188.0,121374.0,113688.0,117360.0,66245.460938,17,0.0,0.0
2018-03-08,118800.0,118800.0,112932.0,115200.0,65026.222656,14,0.0,0.0
2018-03-09,115992.0,122652.0,114192.0,118800.0,67058.289062,39,0.0,0.0
2018-03-12,118368.0,126432.0,116046.0,118800.0,67058.289062,40,0.0,0.0
2018-03-13,119772.0,122364.0,115632.0,120240.0,67871.117188,27,0.0,0.0
2018-03-14,120204.0,122400.0,111999.601562,113112.0,63847.621094,41,0.0,0.0
2018-03-15,112824.0,116730.0,111996.0,113508.0,64071.148438,59,0.0,0.0
2018-03-16,113256.0,118818.0,108756.0,113544.0,64091.46875,260,0.0,0.0
2018-03-19,112932.0,113724.0,110340.0,110736.0,62506.457031,20,0.0,0.0
2018-03-20,110520.0,111056.398438,106650.0,107280.0,60555.667969,40,0.0,0.0
2018-03-21,107244.0,115704.0,106020.0,114840.0,64823.015625,21,0.0,0.0
2018-03-22,113616.0,127764.0,108108.0,123336.0,69618.695312,31,0.0,0.0
2018-03-23,123660.0,127404.0,122364.0,126000.0,71122.429688,26,0.0,0.0
2018-03-26,127980.0,127980.0,120420.0,127404.0,71914.9375,17,0.0,0.0
2018-03-27,127476.0,131400.0,124704.0,129132.0,72890.328125,7,0.0,0.0
2018-03-28,128556.0,139766.40625,119232.0,136152.0,76852.867188,30,0.0,0.0
2018-03-29,134280.0,136836.0,127332.0,135288.0,76365.171875,45,0.0,0.0
2018-04-02,134928.0,138618.0,132120.0,132840.0,74983.359375,11,0.0,0.0
2018-04-03,133272.0,135360.0,128844.0,133164.0,75166.25,10,0.0,0.0
2018-04-04,131436.0,133344.0,130032.0,131364.0,74150.210938,36,0.0,0.0
2018-04-05,132516.0,132516.0,129060.0,130392.0,73601.554688,9,0.0,0.0
2018-04-06,129204.0,131328.0,122886.0,126792.0,71569.484375,24,0.0,0.0
2018-04-09,40860.0,42620.398438,28584.0,29412.0,16602.007812,852,0.0,0.0
2018-04-10,29736.0,33120.0,29160.0,29736.0,16784.894531,399,0.0,0.0
2018-04-11,29700.0,32220.0,29520.0,31860.0,17983.814453,117,0.0,0.0
2018-04-12,32040.0,34898.398438,31370.400391,33948.0,19162.414062,164,0.0,0.0
2018-04-13,34200.0,35712.0,32943.601562,33876.0,19121.773438,58,0.0,0.0
2018-04-16,34164.0,34992.0,32868.0,34236.0,19324.980469,48,0.0,0.0
2018-04-17,34344.0,35172.0,33624.0,33912.0,19142.09375,25,0.0,0.0
2018-04-18,33840.0,34300.800781,33300.0,33624.0,18979.529297,22,0.0,0.0
2018-04-19,33516.0,33876.0,32148.0,32436.0,18308.945312,66,0.0,0.0
2018-04-20,32292.0,32796.0,31320.0,31788.0,17943.173828,17,0.0,0.0
2018-04-23,31716.0,31716.0,30096.0,30924.0,17455.476562,64,0.0,0.0
2018-04-24,31068.0,32004.0,28440.0,28836.0,16276.875977,54,0.0,0.0
2018-04-25,28548.0,28800.0,25164.0,28476.0,16073.668945,115,0.0,0.0
2018-04-26,28692.0,30564.0,28368.0,29124.0,16439.441406,49,0.0,0.0
2018-04-27,29232.0,29592.0,27396.0,28296.0,15972.06543,35,0.0,0.0
2018-04-30,28440.0,30096.0,27612.0,28836.0,16276.875977,56,0.0,0.0
2018-05-01,28728.0,29628.0,27720.0,28728.0,16215.914062,42,0.0,0.0
2018-05-02,28548.0,31068.0,28332.0,30744.0,17353.873047,37,0.0,0.0
2018-05-03,30636.0,30952.800781,29340.0,30564.0,17252.269531,18,0.0,0.0
2018-05-04,30312.0,31464.0,30060.0,31212.0,17618.042969,20,0.0,0.0
2018-05-07,31464.0,33012.0,30924.0,32688.0,18451.191406,41,0.0,0.0
2018-05-08,32724.0,32904.0,30888.0,32004.0,18065.097656,34,0.0,0.0
2018-05-09,32076.0,33048.0,31860.0,32400.0,18288.625,46,0.0,0.0
2018-05-10,31392.0,34956.0,30780.0,34956.0,19731.394531,46,0.0,0.0
2018-05-11,35100.0,36720.0,34416.0,36504.0,20605.183594,42,0.0,0.0
2018-05-14,36720.0,36720.0,33768.0,34308.0,19365.621094,45,0.0,0.0
2018-05-15,34200.0,36144.0,33876.0,35532.0,20056.525391,56,0.0,0.0
2018-05-16,35820.0,37080.0,34380.0,35424.0,19995.5625,95,0.0,0.0
2018-05-17,35280.0,36900.0,34920.0,35460.0,20015.884766,89,0.0,0.0
2018-05-18,35568.0,36032.398438,33444.0,33552.0,18938.886719,19,0.0,0.0
2018-05-21,33804.0,34200.0,30816.0,32400.0,18288.625,78,0.0,0.0
2018-05-22,32940.0,34236.0,31572.0,31968.0,18044.777344,44,0.0,0.0
2018-05-23,31968.0,33264.0,31968.0,32832.0,18532.472656,13,0.0,0.0
2018-05-24,32976.0,33444.0,32148.0,32616.0,18410.548828,9,0.0,0.0
2018-05-25,32436.0,33156.0,32040.0,32400.0,18288.625,16,0.0,0.0
2018-05-29,32580.0,32940.0,31860.0,32328.0,18247.984375,8,0.0,0.0
2018-05-30,32364.0,33264.0,30672.0,31680.0,17882.210938,14,0.0,0.0
2018-05-31,31608.0,32616.0,29988.0,30132.0,17008.421875,20,0.0,0.0
2018-06-01,30312.0,31860.0,30312.0,31608.0,17841.570312,12,0.0,0.0
2018-06-04,31428.0,31572.0,28332.0,28620.0,16154.952148,36,0.0,0.0
2018-06-05,28800.0,30240.0,28638.0,29916.0,16886.498047,57,0.0,0.0
2018-06-06,30060.0,30124.800781,28764.0,29124.0,16439.441406,21,0.0,0.0
2018-06-07,29268.0,29304.0,28620.0,28800.0,16256.555664,12,0.0,0.0
2018-06-08,28656.0,29124.0,26100.0,28188.0,15911.103516,37,0.0,0.0
2018-06-11,28044.0,28620.0,27792.0,28044.0,15829.821289,14,0.0,0.0
2018-06-12,27936.0,28764.0,27648.0,28440.0,16053.348633,24,0.0,0.0
2018-06-13,28368.0,28656.0,27828.0,28368.0,16012.707031,15,0.0,0.0
2018-06-14,28476.0,29304.0,28260.0,28620.0,16154.952148,10,0.0,0.0
2018-06-15,28440.0,30276.0,28440.0,29196.0,16480.083984,27,0.0,0.0
2018-06-18,28944.0,30024.0,28890.0,29268.0,16520.724609,14,0.0,0.0
2018-06-19,29160.0,30096.0,28620.0,29196.0,16480.083984,37,0.0,0.0
2018-06-20,29592.0,30924.0,29052.0,30816.0,17394.513672,17,0.0,0.0
2018-06-21,30780.0,31572.0,28638.0,28800.0,16256.555664,22,0.0,0.0
2018-06-22,28764.0,29988.0,28620.0,29772.0,16805.214844,77,0.0,0.0
2018-06-25,29628.0,30384.0,28980.0,29088.0,16419.121094,13,0.0,0.0
2018-06-26,29124.0,31608.0,29052.0,30348.0,17130.345703,45,0.0,0.0
2018-06-27,30420.0,30564.0,28512.0,28656.0,16175.272461,11,0.0,0.0
2018-06-28,28692.0,30283.199219,28620.0,28656.0,16175.272461,10,0.0,0.0
2018-06-29,28656.0,29556.0,28512.0,29232.0,16500.404297,15,0.0,0.0
2018-07-02,28908.0,29988.0,28512.0,29844.0,16845.855469,9,0.0,0.0
2018-07-03,29880.0,31518.0,29088.0,29916.0,16886.498047,14,0.0,0.0
2018-07-05,30060.0,31320.0,29484.0,30600.0,17272.589844,15,0.0,0.0
2018-07-06,30528.0,31676.400391,29880.0,30240.0,17069.382812,14,0.0,0.0
2018-07-09,30456.0,31608.0,30348.0,30780.0,17374.193359,22,0.0,0.0
2018-07-10,30708.0,30942.0,29052.0,29340.0,16561.365234,34,0.0,0.0
2018-07-11,29793.599609,30060.0,28548.0,29592.0,16703.611328,20,0.0,0.0
2018-07-12,29556.0,30042.0,29268.0,29808.0,16825.535156,7,0.0,0.0
2018-07-13,30600.0,30636.0,29880.0,30240.0,17069.382812,10,0.0,0.0
2018-07-16,30312.0,30312.0,28620.0,28728.0,16215.914062,14,0.0,0.0
2018-07-17,28800.0,28908.0,28224.0,28692.0,16195.59375,89,0.0,0.0
2018-07-18,28947.599609,28947.599609,28260.0,28476.0,16073.668945,42,0.0,0.0
2018-07-19,28620.0,29232.0,27756.0,27936.0,15768.859375,37,0.0,0.0
2018-07-20,27900.0,28260.0,26748.0,26820.0,15138.916992,40,0.0,0.0
2018-07-23,26856.0,28728.0,26604.0,27000.0,15240.520508,33,0.0,0.0
2018-07-24,30132.0,30420.0,27036.0,27612.0,15585.972656,493,0.0,0.0
2018-07-25,28080.0,30816.0,28080.0,30636.0,17292.910156,63,0.0,0.0
2018-07-26,30420.0,32281.199219,29016.0,29232.0,16500.404297,40,0.0,0.0
2018-07-27,29052.0,29340.0,27396.0,27432.0,15484.369141,28,0.0,0.0
2018-07-30,28548.0,29088.0,27720.0,28692.0,16195.59375,21,0.0,0.0
2018-07-31,29088.0,30132.0,28620.0,29376.0,16581.6875,34,0.0,0.0
2018-08-01,29160.0,30420.0,29019.599609,29844.0,16845.855469,29,0.0,0.0
2018-08-02,30564.0,31500.0,29347.199219,30384.0,17150.666016,70,0.0,0.0
2018-08-03,29088.0,29412.0,28278.0,28620.0,16154.952148,300,0.0,0.0
2018-08-06,28800.0,29448.0,28440.0,28584.0,16134.631836,29,0.0,0.0
2018-08-07,28800.0,29016.0,28224.0,28440.0,16053.348633,34,0.0,0.0
2018-08-08,28404.0,29664.0,28008.0,29232.0,16500.404297,18,0.0,0.0
2018-08-09,29304.0,29484.0,28620.0,29376.0,16581.6875,20,0.0,0.0
2018-08-10,29340.0,29340.0,28152.0,28476.0,16073.668945,20,0.0,0.0
2018-08-13,28476.0,29196.0,28044.0,29196.0,16480.083984,32,0.0,0.0
2018-08-14,29448.0,32076.0,29016.0,31716.0,17902.53125,27,0.0,0.0
2018-08-15,31572.0,31608.0,28368.0,28476.0,16073.668945,58,0.0,0.0
2018-08-16,28692.0,29448.0,28152.0,28476.0,16073.668945,28,0.0,0.0
2018-08-17,28332.0,28368.0,27108.0,27756.0,15667.255859,35,0.0,0.0
2018-08-20,27720.0,29340.0,27471.599609,29124.0,16439.441406,65,0.0,0.0
2018-08-21,29124.0,29700.0,28188.0,28476.0,16073.668945,64,0.0,0.0
2018-08-22,28512.0,30348.0,28188.0,28800.0,16256.555664,56,0.0,0.0
2018-08-23,28800.0,29736.0,28188.0,28764.0,16236.234375,84,0.0,0.0
2018-08-24,28728.0,29484.0,28134.0,28908.0,16317.517578,39,0.0,0.0
2018-08-27,29124.0,29484.0,28368.0,29304.0,16541.044922,67,0.0,0.0
2018-08-28,29160.0,29991.599609,28836.0,29448.0,16622.328125,34,0.0,0.0
2018-08-29,29484.0,30186.0,28908.0,28944.0,16337.837891,38,0.0,0.0
2018-08-30,28944.0,29448.0,28512.0,28764.0,16236.234375,16,0.0,0.0
2018-08-31,28692.0,28890.0,27540.0,27648.0,15606.292969,31,0.0,0.0
2018-09-04,27144.0,28368.0,27144.0,28008.0,15809.5,79,0.0,0.0
2018-09-05,28044.0,28764.0,27180.0,27360.0,15443.727539,56,0.0,0.0
2018-09-06,27180.0,27972.0,27036.0,27468.0,15504.689453,37,0.0,0.0
2018-09-07,28332.0,29196.0,27363.599609,27900.0,15748.538086,64,0.0,0.0
2018-09-10,28296.0,28908.0,27720.0,28908.0,16317.517578,40,0.0,0.0
2018-09-11,28872.0,30600.0,28872.0,30312.0,17110.025391,50,0.0,0.0
2018-09-12,30240.0,33516.0,30240.0,32940.0,18593.435547,68,0.0,0.0
2018-09-13,33192.0,38340.0,32526.0,37152.0,20970.957031,200,0.0,0.0
2018-09-14,36756.0,39240.0,36036.0,37908.0,21397.691406,156,0.0,0.0
2018-09-17,37044.0,38988.0,36792.0,38196.0,21560.255859,74,0.0,0.0
2018-09-18,38196.0,39132.0,36756.0,38376.0,21661.859375,36,0.0,0.0
2018-09-19,38160.0,43196.398438,37944.0,39672.0,22393.40625,97,0.0,0.0
2018-09-20,39636.0,42300.0,39600.0,41688.0,23531.363281,89,0.0,0.0
2018-09-21,41688.0,42516.0,40284.0,40932.0,23104.628906,224,0.0,0.0
2018-09-24,41040.0,43020.0,41004.0,41796.0,23592.326172,106,0.0,0.0
2018-09-25,41508.0,41713.199219,38314.800781,40068.0,22616.933594,113,0.0,0.0
2018-09-26,40068.0,40194.0,36972.0,37116.0,20950.636719,35,0.0,0.0
2018-09-27,37116.0,37548.0,34704.0,35928.0,20280.052734,69,0.0,0.0
2018-09-28,35928.0,36036.0,34416.0,35460.0,20015.884766,76,0.0,0.0
2018-10-01,35532.0,36576.0,34524.0,34812.0,19650.111328,31,0.0,0.0
2018-10-02,34740.0,34956.0,33660.0,34956.0,19731.394531,32,0.0,0.0
2018-10-03,34956.0,37008.0,33696.0,36396.0,20544.222656,24,0.0,0.0
2018-10-04,36216.0,36540.0,34596.0,36180.0,20422.298828,31,0.0,0.0
2018-10-05,36252.0,36828.0,35352.0,36576.0,20645.826172,20,0.0,0.0
2018-10-08,27180.0,27180.0,20268.0,22104.0,12476.90625,369,0.0,0.0
2018-10-09,22392.0,23040.0,21186.0,22536.0,12720.754883,96,0.0,0.0
2018-10-10,22284.0,22608.0,20880.0,22320.0,12598.830078,76,0.0,0.0
2018-10-11,22212.0,23936.400391,22212.0,23148.0,13066.206055,52,0.0,0.0
2018-10-12,23400.0,24804.0,23040.0,23508.0,13269.413086,41,0.0,0.0
2018-10-15,23436.0,24246.0,22266.0,23004.0,12984.923828,21,0.0,0.0
2018-10-16,23112.0,23814.0,22392.0,23436.0,13228.772461,33,0.0,0.0
2018-10-17,23400.0,23652.0,21924.0,22320.0,12598.830078,35,0.0,0.0
2018-10-18,21960.0,23148.0,20592.0,21672.0,12233.057617,67,0.0,0.0
2018-10-19,21672.0,21672.0,19440.0,20340.0,11481.192383,47,0.0,0.0
2018-10-22,20412.0,21564.0,20358.0,20952.0,11826.644531,24,0.0,0.0
2018-10-23,20664.0,21204.0,19836.0,20628.0,11643.757812,32,0.0,0.0
2018-10-24,20592.0,20952.0,19620.0,20232.0,11420.230469,28,0.0,0.0
2018-10-25,20412.0,21312.0,19800.0,20772.0,11725.041016,23,0.0,0.0
2018-10-26,21024.0,21024.0,19926.0,20484.0,11562.475586,28,0.0,0.0
2018-10-29,20559.599609,21672.0,19692.0,20088.0,11338.947266,27,0.0,0.0
2018-10-30,20858.400391,21312.0,20520.0,20844.0,11765.681641,20,0.0,0.0
2018-10-31,21132.0,22104.0,20880.0,21960.0,12395.624023,50,0.0,0.0
2018-11-01,22068.0,23904.0,20988.0,23616.0,13330.375977,16,0.0,0.0
2018-11-02,23727.599609,25200.0,23328.0,24912.0,14061.920898,28,0.0,0.0
2018-11-05,24912.0,25920.0,23868.0,24444.0,13797.751953,18,0.0,0.0
2018-11-06,24228.0,25344.0,23760.0,24840.0,14021.279297,20,0.0,0.0
2018-11-07,24840.0,26928.0,23976.0,25596.0,14448.013672,21,0.0,0.0
2018-11-08,25308.0,25668.0,23616.0,25272.0,14265.12793,28,0.0,0.0
2018-11-09,25200.0,26892.0,25002.0,26460.0,14935.709961,24,0.0,0.0
2018-11-12,26604.0,27108.0,24408.0,24840.0,14021.279297,22,0.0,0.0
2018-11-13,25128.0,26532.0,23580.0,24120.0,13614.865234,26,0.0,0.0
2018-11-14,24516.0,24516.0,22932.0,23040.0,13005.244141,9,0.0,0.0
2018-11-15,23040.0,25056.0,22608.0,24552.0,13858.713867,16,0.0,0.0
2018-11-16,24264.0,25596.0,23724.0,25092.0,14163.524414,8,0.0,0.0
2018-11-19,24948.0,26640.0,23292.0,23652.0,13350.696289,11,0.0,0.0
2018-11-20,23112.0,24012.0,22788.0,23004.0,12984.923828,22,0.0,0.0
2018-11-21,22968.0,24660.0,22896.0,23040.0,13005.244141,23,0.0,0.0
2018-11-23,22680.0,23436.0,22680.0,23328.0,13167.80957,11,0.0,0.0
2018-11-26,23688.0,24282.0,22932.0,23148.0,13066.206055,19,0.0,0.0
2018-11-27,23760.0,23760.0,20520.0,20628.0,11643.757812,12,0.0,0.0
2018-11-28,21888.0,22334.400391,20991.599609,22104.0,12476.90625,23,0.0,0.0
2018-11-29,21816.0,23112.0,20559.599609,21672.0,12233.057617,9,0.0,0.0
2018-11-30,21600.0,22338.0,21164.400391,21636.0,12212.737305,12,0.0,0.0
2018-12-03,21816.0,24192.0,20970.0,21744.0,12273.699219,30,0.0,0.0
2018-12-04,21600.0,22140.0,20088.0,20376.0,11501.512695,36,0.0,0.0
2018-12-06,20232.0,22032.0,18828.0,19944.0,11257.665039,109,0.0,0.0
2018-12-07,19692.0,21672.0,19080.0,20412.0,11521.833984,9,0.0,0.0
2018-12-10,20304.0,20988.0,19080.0,19836.0,11196.703125,39,0.0,0.0
2018-12-11,20232.0,24408.0,19800.0,20520.0,11582.795898,20,0.0,0.0
2018-12-12,20664.0,21384.0,19728.0,19980.0,11277.985352,15,0.0,0.0
2018-12-13,19872.0,21060.0,19080.0,19908.0,11237.34375,35,0.0,0.0
2018-12-14,19764.0,20088.0,19548.0,19620.0,11074.77832,21,0.0,0.0
2018-12-17,19692.0,20628.0,18720.0,18828.0,10627.723633,37,0.0,0.0
2018-12-18,19080.0,19512.0,18180.0,18252.0,10302.591797,29,0.0,0.0
2018-12-19,18432.0,18612.0,17460.0,18000.0,10160.347656,36,0.0,0.0
2018-12-20,18108.0,18612.0,17172.0,17640.0,9957.140625,17,0.0,0.0
2018-12-21,17676.0,17874.0,15120.0,15120.0,8534.691406,125,0.0,0.0
2018-12-24,15084.0,15516.0,14976.0,15156.0,8555.012695,12,0.0,0.0
2018-12-26,15552.0,17874.0,13824.0,14076.0,7945.391602,68,0.0,0.0
2018-12-27,14004.0,14238.0,13500.0,13644.0,7701.542969,97,0.0,0.0
2018-12-28,13644.0,14760.0,13644.0,14148.0,7986.032715,135,0.0,0.0
2018-12-31,14148.0,15192.0,13464.0,14832.0,8372.125977,91,0.0,0.0
2019-01-02,14724.0,17820.0,14040.0,17388.0,9814.895508,41,0.0,0.0
2019-01-03,17280.0,17352.0,16092.0,16776.0,9469.443359,16,0.0,0.0
2019-01-04,17064.0,18396.0,16740.0,18108.0,10221.30957,18,0.0,0.0
2019-01-07,18216.0,18864.0,17892.0,18684.0,10546.44043,18,0.0,0.0
2019-01-08,18720.0,18720.0,16236.0,18288.0,10322.913086,14,0.0,0.0
2019-01-09,18828.0,18828.0,18000.0,18180.0,10261.951172,7,0.0,0.0
2019-01-10,18072.0,18576.0,17640.0,18108.0,10221.30957,17,0.0,0.0
2019-01-11,18000.0,18468.0,17712.0,18036.0,10180.667969,41,0.0,0.0
2019-01-14,18036.0,18162.0,17784.0,17928.0,10119.706055,18,0.0,0.0
2019-01-15,18180.0,21204.0,18180.0,19836.0,11196.703125,47,0.0,0.0
2019-01-16,20232.0,20916.0,19728.0,20880.0,11786.00293,24,0.0,0.0
2019-01-17,20628.0,20628.0,19530.0,19872.0,11217.023438,30,0.0,0.0
2019-01-18,19908.0,20556.0,19764.0,20052.0,11318.626953,28,0.0,0.0
2019-01-22,19980.0,21060.0,19548.0,20556.0,11603.116211,25,0.0,0.0
2019-01-23,20592.0,20592.0,19458.0,19620.0,11074.77832,15,0.0,0.0
2019-01-24,19764.0,19800.0,19350.0,19728.0,11135.740234,8,0.0,0.0
2019-01-25,20052.0,20160.0,19620.0,20016.0,11298.305664,4,0.0,0.0
2019-01-28,19800.0,19944.0,19692.0,19764.0,11156.061523,10,0.0,0.0
2019-01-29,19656.0,19656.0,19080.0,19080.0,10769.967773,10,0.0,0.0
2019-01-30,19332.0,19620.0,19022.400391,19188.0,10830.929688,11,0.0,0.0
2019-01-31,19188.0,19620.0,19044.0,19260.0,10871.571289,6,0.0,0.0
2019-02-01,19152.0,20052.0,19080.0,20016.0,11298.305664,4,0.0,0.0
2019-02-04,19980.0,20340.0,19800.0,20052.0,11318.626953,7,0.0,0.0
2019-02-05,20052.0,20700.0,19692.0,20448.0,11542.154297,12,0.0,0.0
2019-02-06,20376.0,20916.0,19800.0,20700.0,11684.399414,29,0.0,0.0
2019-02-07,20700.0,21204.0,19800.0,20628.0,11643.757812,7,0.0,0.0
2019-02-08,20520.0,23220.0,19602.0,23148.0,13066.206055,29,0.0,0.0
2019-02-11,23148.0,24120.0,21744.0,22104.0,12476.90625,14,0.0,0.0
2019-02-12,22320.0,22896.0,21852.0,22212.0,12537.868164,9,0.0,0.0
2019-02-13,22248.0,23256.0,22068.0,22896.0,12923.961914,7,0.0,0.0
2019-02-14,22824.0,24264.0,22824.0,23976.0,13533.582031,25,0.0,0.0
2019-02-15,24156.0,26280.0,24156.0,25488.0,14387.051758,24,0.0,0.0
2019-02-19,25452.0,28062.0,25056.0,25776.0,14549.617188,15,0.0,0.0
2019-02-20,26244.0,26640.0,25740.0,26424.0,14915.389648,12,0.0,0.0
2019-02-21,26460.0,26928.0,25920.0,26244.0,14813.786133,23,0.0,0.0
2019-02-22,26280.0,29484.0,26136.0,29484.0,16642.648438,20,0.0,0.0
2019-02-25,29772.0,31248.0,27720.0,29088.0,16419.121094,21,0.0,0.0
2019-02-26,29124.0,31446.0,29052.0,30492.0,17211.628906,22,0.0,0.0
2019-02-27,30456.0,31032.0,29160.0,30456.0,17191.306641,25,0.0,0.0
2019-02-28,30456.0,31356.0,29772.0,30636.0,17292.910156,19,0.0,0.0
2019-03-01,30636.0,31514.400391,29700.0,30528.0,17231.949219,54,0.0,0.0
2019-03-04,31392.0,32511.599609,30348.0,30564.0,17252.269531,37,0.0,0.0
2019-03-05,30636.0,31834.800781,29412.0,30420.0,17170.986328,80,0.0,0.0
2019-03-06,30456.0,30636.0,27180.0,28620.0,16154.952148,22,0.0,0.0
2019-03-07,28620.0,30384.0,27684.0,29736.0,16784.894531,11,0.0,0.0
2019-03-08,28620.0,28908.0,26604.0,26604.0,15016.993164,21,0.0,0.0
2019-03-11,26604.0,27864.0,25956.0,26352.0,14874.748047,15,0.0,0.0
2019-03-12,26352.0,27000.0,25452.0,26352.0,14874.748047,52,0.0,0.0
2019-03-13,26424.0,27180.0,26100.0,26856.0,15159.238281,28,0.0,0.0
2019-03-14,26784.0,28116.0,26100.0,27144.0,15321.803711,62,0.0,0.0
2019-03-15,27180.0,28206.0,26784.0,28116.0,15870.461914,80,0.0,0.0
2019-03-18,28260.0,29340.0,27864.0,28800.0,16256.555664,66,0.0,0.0
2019-03-19,29016.0,29700.0,28224.0,29664.0,16744.251953,59,0.0,0.0
2019-03-20,29628.0,29628.0,28170.0,28188.0,15911.103516,27,0.0,0.0
2019-03-21,28008.0,29016.0,27792.0,28332.0,15992.386719,48,0.0,0.0
2019-03-22,28260.0,28800.0,27324.0,27936.0,15768.859375,43,0.0,0.0
2019-03-25,27972.0,28656.0,27360.0,27792.0,15687.576172,35,0.0,0.0
2019-03-26,28080.0,28332.0,27288.0,27612.0,15585.972656,21,0.0,0.0
2019-03-27,27648.0,28188.0,27144.0,27972.0,15789.179688,37,0.0,0.0
2019-03-28,28008.0,28656.0,27720.0,28368.0,16012.707031,31,0.0,0.0
2019-03-29,28260.0,28908.0,27936.0,28260.0,15951.745117,51,0.0,0.0
2019-04-01,28476.0,28872.0,28008.0,28548.0,16114.310547,29,0.0,0.0
2019-04-02,28530.0,29268.0,27792.0,28188.0,15911.103516,20,0.0,0.0
2019-04-03,28224.0,28692.0,28152.0,28332.0,15992.386719,32,0.0,0.0
2019-04-04,28368.0,28764.0,28008.0,28368.0,16012.707031,19,0.0,0.0
2019-04-05,28404.0,28800.0,27576.0,28080.0,15850.141602,42,0.0,0.0
2019-04-08,27864.0,28332.0,27648.0,27720.0,15646.93457,15,0.0,0.0
2019-04-09,27720.0,28188.0,27432.0,27432.0,15484.369141,59,0.0,0.0
2019-04-10,27432.0,28260.0,27432.0,27684.0,15626.614258,23,0.0,0.0
2019-04-11,27756.0,27954.0,27432.0,27756.0,15667.255859,18,0.0,0.0
2019-04-12,27756.0,28224.0,26640.0,27000.0,15240.520508,30,0.0,0.0
2019-04-15,27036.0,27036.0,25776.0,26640.0,15037.313477,9,0.0,0.0
2019-04-16,26604.0,27144.0,26316.0,26568.0,14996.672852,16,0.0,0.0
2019-04-17,26676.0,26676.0,25632.0,26208.0,14793.46582,11,0.0,0.0
2019-04-18,26100.0,27072.0,25164.0,26388.0,14895.069336,10,0.0,0.0
2019-04-22,26136.0,26568.0,25344.0,25668.0,14488.655273,23,0.0,0.0
2019-04-23,25380.0,26820.0,25380.0,26136.0,14752.824219,18,0.0,0.0
2019-04-24,25668.0,26388.0,25416.0,26100.0,14732.503906,19,0.0,0.0
2019-04-25,26064.0,26568.0,25362.0,25992.0,14671.541016,8,0.0,0.0
2019-04-26,26028.0,26460.0,25596.0,25740.0,14529.296875,8,0.0,0.0
2019-04-29,25704.0,26532.0,25380.0,25956.0,14651.220703,7,0.0,0.0
2019-04-30,25992.0,26208.0,25344.0,25920.0,14630.900391,11,0.0,0.0
2019-05-01,25884.0,26640.0,25110.0,25380.0,14326.089844,21,0.0,0.0
2019-05-02,25380.0,25704.0,24192.0,25200.0,14224.486328,7,0.0,0.0
2019-05-03,24984.0,25812.0,24480.0,25056.0,14143.203125,32,0.0,0.0
2019-05-06,24444.0,25776.0,24444.0,25200.0,14224.486328,16,0.0,0.0
2019-05-07,25416.0,25416.0,24480.0,24804.0,14000.958008,8,0.0,0.0
2019-05-08,24768.0,25272.0,24048.0,25056.0,14143.203125,9,0.0,0.0
2019-05-09,24624.0,25200.0,24120.0,24480.0,13818.072266,7,0.0,0.0
2019-05-10,24372.0,24912.0,23976.0,24480.0,13818.072266,12,0.0,0.0
2019-05-13,24336.0,25200.0,23652.0,24300.0,13716.46875,11,0.0,0.0
2019-05-14,24624.0,24768.0,23832.0,24696.0,13939.996094,8,0.0,0.0
2019-05-15,24516.0,25020.0,24300.0,24948.0,14082.241211,7,0.0,0.0
2019-05-16,24984.0,25272.0,24660.0,25200.0,14224.486328,13,0.0,0.0
2019-05-17,25272.0,25272.0,24588.0,24840.0,14021.279297,7,0.0,0.0
2019-05-20,23760.0,25164.0,23760.0,24876.0,14041.599609,13,0.0,0.0
2019-05-21,24264.0,25236.0,24264.0,25200.0,14224.486328,13,0.0,0.0
2019-05-22,25128.0,25344.0,24696.0,25092.0,14163.524414,6,0.0,0.0
2019-05-23,23904.0,25236.0,23904.0,24300.0,13716.46875,8,0.0,0.0
2019-05-24,24228.0,24876.0,23760.0,24228.0,13675.827148,5,0.0,0.0
2019-05-28,24228.0,24228.0,23328.0,23688.0,13371.016602,6,0.0,0.0
2019-05-29,23580.0,23958.0,23328.0,23724.0,13391.337891,10,0.0,0.0
2019-05-30,24624.0,25200.0,23580.0,25164.0,14204.165039,13,0.0,0.0
2019-05-31,24804.0,25092.0,23598.0,24228.0,13675.827148,12,0.0,0.0
2019-06-03,24156.0,24984.0,23580.0,24300.0,13716.46875,9,0.0,0.0
2019-06-04,24804.0,24876.0,23544.0,23868.0,13472.620117,11,0.0,0.0
2019-06-05,23760.0,24048.0,22356.0,22572.0,12741.075195,12,0.0,0.0
2019-06-06,23220.0,23220.0,21600.0,22320.0,12598.830078,6,0.0,0.0
2019-06-07,21870.0,22572.0,21823.199219,22284.0,12578.509766,10,0.0,0.0
2019-06-10,22932.0,23184.0,22212.0,22680.0,12802.037109,18,0.0,0.0
2019-06-11,22824.0,22824.0,21708.0,22032.0,12436.264648,10,0.0,0.0
2019-06-12,21762.0,22500.0,21600.0,21960.0,12395.624023,10,0.0,0.0
2019-06-13,22824.0,23004.0,22212.0,22716.0,12822.358398,14,0.0,0.0
2019-06-14,24264.0,24894.0,21996.0,22464.0,12680.113281,9,0.0,0.0
2019-06-17,23400.0,23400.0,22320.0,22752.0,12842.678711,8,0.0,0.0
2019-06-18,25020.0,25020.0,22860.0,23184.0,13086.527344,11,0.0,0.0
2019-06-19,23112.0,24084.0,22788.0,23472.0,13249.092773,7,0.0,0.0
2019-06-20,23904.0,24084.0,23364.0,23544.0,13289.734375,9,0.0,0.0
2019-06-21,23292.0,24084.0,22356.0,22464.0,12680.113281,10,0.0,0.0
2019-06-24,23760.0,23760.0,21960.0,21960.0,12395.624023,8,0.0,0.0
2019-06-25,21636.0,22284.0,21636.0,21672.0,12233.057617,10,0.0,0.0
2019-06-26,23004.0,23004.0,20232.0,20484.0,11562.475586,13,0.0,0.0
2019-06-27,20556.0,20700.0,19908.0,20016.0,11298.305664,15,0.0,0.0
2019-06-28,20088.0,21654.0,20088.0,21564.0,12172.095703,175,0.0,0.0
2019-07-01,21600.0,22752.0,21312.0,21564.0,12172.095703,15,0.0,0.0
2019-07-02,21960.0,21960.0,20880.0,21204.0,11968.888672,19,0.0,0.0
2019-07-03,21060.0,21402.0,19980.0,20160.0,11379.588867,14,0.0,0.0
2019-07-05,20160.0,21600.0,19296.0,19440.0,10973.174805,17,0.0,0.0
2019-07-08,19404.0,19800.0,18504.0,18828.0,10627.723633,7,0.0,0.0
2019-07-09,18648.0,18900.0,18036.0,18576.0,10485.478516,15,0.0,0.0
2019-07-10,18900.0,19188.0,17820.0,17928.0,10119.706055,10,0.0,0.0
2019-07-11,17640.0,18000.0,16884.0,16992.0,9591.368164,8,0.0,0.0
2019-07-12,17424.0,18684.0,17424.0,17748.0,10018.102539,16,0.0,0.0
2019-07-15,18000.0,18216.0,17802.0,17964.0,10140.026367,5,0.0,0.0
2019-07-16,18000.0,18036.0,17172.0,17676.0,9977.460938,20,0.0,0.0
2019-07-17,17100.0,17568.0,16236.0,16236.0,9164.632812,16,0.0,0.0
2019-07-18,16200.0,16578.0,15372.0,15624.0,8819.181641,5,0.0,0.0
2019-07-19,15480.0,15732.0,15300.0,15552.0,8778.540039,5,0.0,0.0
2019-07-22,15516.0,15552.0,15228.0,15300.0,8636.294922,4,0.0,0.0
2019-07-23,15264.0,15336.0,14940.0,14976.0,8453.40918,4,0.0,0.0
2019-07-24,14904.0,15084.0,14580.0,14868.0,8392.447266,7,0.0,0.0
2019-07-25,14760.0,14868.0,13824.0,13932.0,7864.108887,9,0.0,0.0
2019-07-26,13932.0,14580.0,13824.0,14004.0,7904.75,30,0.0,0.0
2019-07-29,14184.0,14976.0,14076.0,14688.0,8290.84375,17,0.0,0.0
2019-07-30,14652.0,15660.0,14652.0,15084.0,8514.371094,16,0.0,0.0
2019-07-31,14976.0,15336.0,13464.0,13644.0,7701.542969,22,0.0,0.0
2019-08-01,13536.0,14652.0,12384.0,12492.0,7051.280762,34,0.0,0.0
2019-08-02,12492.0,13500.0,12132.0,12456.0,7030.960449,13,0.0,0.0
2019-08-05,12348.0,12348.0,11196.0,11232.0,6340.056641,9,0.0,0.0
2019-08-06,11232.0,12744.0,11232.0,11412.0,6441.660156,9,0.0,0.0
2019-08-07,11196.0,12384.0,10548.0,11340.0,6401.018555,19,0.0,0.0
2019-08-08,11941.200195,11941.200195,11167.200195,11664.0,6583.904785,10,0.0,0.0
2019-08-09,11556.0,12528.0,11232.0,11232.0,6340.056641,6,0.0,0.0
2019-08-12,11088.0,11844.0,11052.0,11376.0,6421.339355,4,0.0,0.0
2019-08-13,12024.0,12024.0,11304.0,11592.0,6543.263672,7,0.0,0.0
2019-08-14,11304.0,12420.0,9684.0,11628.0,6563.584473,16,0.0,0.0
2019-08-15,11152.799805,12060.0,11152.799805,11772.0,6644.867188,6,0.0,0.0
2019-08-16,11808.0,12420.0,11736.0,12312.0,6949.677734,9,0.0,0.0
2019-08-19,12384.0,13662.0,12384.0,13644.0,7701.542969,10,0.0,0.0
2019-08-20,13680.0,15804.0,13680.0,14904.0,8412.767578,20,0.0,0.0
2019-08-21,15228.0,16804.800781,14976.0,16380.0,9245.916016,23,0.0,0.0
2019-08-22,16560.0,18648.0,16560.0,17028.0,9611.688477,28,0.0,0.0
2019-08-23,16776.0,17424.0,16200.0,16236.0,9164.632812,45,0.0,0.0
2019-08-26,16560.0,17388.0,16002.0,17136.0,9672.650391,14,0.0,0.0
2019-08-27,17424.0,18576.0,17172.0,17856.0,10079.064453,32,0.0,0.0
2019-08-28,19404.0,19404.0,17568.0,18216.0,10282.271484,15,0.0,0.0
2019-08-29,18504.0,18864.0,17352.0,17892.0,10099.384766,6,0.0,0.0
2019-08-30,17892.0,19224.0,17532.0,17712.0,9997.78125,8,0.0,0.0
2019-09-03,17676.0,17748.0,17262.0,17424.0,9835.21582,7,0.0,0.0
2019-09-04,17528.400391,17964.0,16956.0,17352.0,9794.575195,6,0.0,0.0
2019-09-05,17532.0,18216.0,17532.0,17892.0,10099.384766,4,0.0,0.0
2019-09-06,17820.0,18036.0,16956.0,17172.0,9692.97168,7,0.0,0.0
2019-09-09,16992.0,18108.0,16884.0,17964.0,10140.026367,8,0.0,0.0
2019-09-10,17820.0,19098.0,17316.0,18756.0,10587.082031,8,0.0,0.0
2019-09-11,18972.0,19944.0,17784.0,19224.0,10851.250977,14,0.0,0.0
2019-09-12,19296.0,20016.0,18090.0,18864.0,10648.043945,9,0.0,0.0
2019-09-13,19116.0,19404.0,18396.0,19152.0,10810.609375,7,0.0,0.0
2019-09-16,19080.0,19548.0,18324.0,18900.0,10668.364258,14,0.0,0.0
2019-09-17,18648.0,19692.0,18234.0,19296.0,10891.892578,15,0.0,0.0
2019-09-18,19404.0,19440.0,18288.0,18288.0,10322.913086,9,0.0,0.0
2019-09-19,18432.0,18792.0,18000.0,18072.0,10200.988281,8,0.0,0.0
2019-09-20,18036.0,20844.0,16560.0,17136.0,9672.650391,41,0.0,0.0
2019-09-23,17496.0,17496.0,16380.0,16560.0,9347.519531,11,0.0,0.0
2019-09-24,16452.0,17064.0,16128.0,16344.0,9225.595703,15,0.0,0.0
2019-09-25,16488.0,17172.0,16020.0,16920.0,9550.726562,13,0.0,0.0
2019-09-26,16812.0,16812.0,15912.0,16020.0,9042.708984,8,0.0,0.0
2019-09-27,16596.0,16956.0,15984.0,16056.0,9063.029297,6,0.0,0.0
2019-09-30,16884.0,17604.0,16002.0,16128.0,9103.670898,5,0.0,0.0
2019-10-01,16308.0,16560.0,15516.0,15696.0,8859.823242,11,0.0,0.0
2019-10-02,16236.0,16236.0,14976.0,15552.0,8778.540039,7,0.0,0.0
2019-10-03,15300.0,16023.599609,15300.0,15696.0,8859.823242,3,0.0,0.0
2019-10-04,15624.0,16200.0,15516.0,15732.0,8880.143555,4,0.0,0.0
2019-10-07,16956.0,17028.0,15840.0,16200.0,9144.3125,12,0.0,0.0
2019-10-08,15804.0,17388.0,15336.0,15768.0,8900.463867,18,0.0,0.0
2019-10-09,16776.0,17388.0,15696.0,16488.0,9306.87793,6,0.0,0.0
2019-10-10,16740.0,17208.0,16272.0,16740.0,9449.123047,6,0.0,0.0
2019-10-11,16740.0,17640.0,16596.0,17064.0,9632.008789,12,0.0,0.0
2019-10-14,16776.0,16776.0,15948.0,16308.0,9205.274414,6,0.0,0.0
2019-10-15,15696.0,16812.0,15696.0,16560.0,9347.519531,3,0.0,0.0
2019-10-16,16308.0,17056.800781,16308.0,16632.0,9388.161133,3,0.0,0.0
2019-10-17,16740.0,16920.0,16488.0,16488.0,9306.87793,7,0.0,0.0
2019-10-18,18540.0,20880.0,18000.0,18072.0,10200.988281,18,0.0,0.0
2019-10-21,18072.0,18630.0,17982.0,18396.0,10383.875,13,0.0,0.0
2019-10-22,18396.0,18450.0,17496.0,17892.0,10099.384766,3,0.0,0.0
2019-10-23,17640.0,18180.0,17604.0,17820.0,10058.744141,2,0.0,0.0
2019-10-24,17236.800781,18324.0,17236.800781,17640.0,9957.140625,7,0.0,0.0
2019-10-25,18288.0,18432.0,17280.0,17280.0,9753.933594,3,0.0,0.0
2019-10-28,17172.0,17748.0,15969.599609,17676.0,9977.460938,183,0.0,0.0
2019-10-29,18288.0,18324.0,17496.0,17496.0,9875.857422,19,0.0,0.0
2019-10-30,17460.0,18324.0,17460.0,18108.0,10221.30957,16,0.0,0.0
2019-10-31,17892.0,18504.0,17892.0,18252.0,10302.591797,4,0.0,0.0
2019-11-01,18288.0,20196.0,18288.0,18900.0,10668.364258,30,0.0,0.0
2019-11-04,19188.0,19332.0,18720.0,18900.0,10668.364258,5,0.0,0.0
2019-11-05,18572.400391,18662.400391,18180.0,18576.0,10485.478516,4,0.0,0.0
2019-11-06,18090.0,18720.0,17964.0,18468.0,10424.516602,9,0.0,0.0
2019-11-07,18684.0,19044.0,18036.0,18936.0,10688.685547,47,0.0,0.0
2019-11-08,18126.0,19620.0,18126.0,18792.0,10607.402344,4,0.0,0.0
2019-11-11,18324.0,19332.0,16740.0,17460.0,9855.537109,53,0.0,0.0
2019-11-12,17352.0,17460.0,16632.0,17244.0,9733.612305,46,0.0,0.0
2019-11-13,17208.0,17460.0,16740.0,16848.0,9510.084961,15,0.0,0.0
2019-11-14,16920.0,16920.0,15264.0,15696.0,8859.823242,18,0.0,0.0
2019-11-15,16020.0,16632.0,15516.0,15696.0,8859.823242,10,0.0,0.0
2019-11-18,15375.599609,15516.0,14184.0,14328.0,8087.63623,27,0.0,0.0
2019-11-19,14076.0,15480.0,14076.0,14796.0,8351.805664,13,0.0,0.0
2019-11-20,14976.0,15408.0,14580.0,14652.0,8270.522461,10,0.0,0.0
2019-11-21,14079.599609,14958.0,13741.200195,14040.0,7925.070801,7,0.0,0.0
2019-11-22,14634.0,14634.0,13536.0,14220.0,8026.674316,7,0.0,0.0
2019-11-25,14112.0,15019.200195,14032.799805,14652.0,8270.522461,7,0.0,0.0
2019-11-26,14688.0,14688.0,13284.0,13428.0,7579.619141,14,0.0,0.0
2019-11-27,13392.0,13932.0,13356.0,13644.0,7701.542969,5,0.0,0.0
2019-11-29,13824.0,15138.0,13824.0,14256.0,8046.995117,30,0.0,0.0
2019-12-02,14652.0,15552.0,14652.0,15084.0,8514.371094,23,0.0,0.0
2019-12-03,15228.0,16884.0,14724.0,15696.0,8859.823242,28,0.0,0.0
2019-12-04,15912.0,16560.0,14256.0,14328.0,8087.63623,46,0.0,0.0
2019-12-05,14709.599609,15588.0,14220.0,14868.0,8392.447266,24,0.0,0.0
2019-12-06,15120.0,15984.0,15120.0,15660.0,8839.501953,9,0.0,0.0
2019-12-09,15840.0,17172.0,15840.0,16200.0,9144.3125,17,0.0,0.0
2019-12-10,16164.0,16524.0,15372.0,15624.0,8819.181641,11,0.0,0.0
2019-12-11,15660.0,16596.0,15408.0,16272.0,9184.954102,25,0.0,0.0
2019-12-12,16236.0,17496.0,15120.0,15912.0,8981.74707,50,0.0,0.0
2019-12-13,15660.0,16200.0,15192.0,15696.0,8859.823242,28,0.0,0.0
2019-12-16,15732.0,17136.0,15120.0,16884.0,9530.405273,24,0.0,0.0
2019-12-17,16632.0,17964.0,16200.0,17496.0,9875.857422,85,0.0,0.0
2019-12-18,17784.0,17784.0,16056.0,17280.0,9753.933594,33,0.0,0.0
2019-12-19,17510.400391,17856.0,16596.0,17604.0,9936.819336,20,0.0,0.0
2019-12-20,17604.0,19058.400391,16848.0,18180.0,10261.951172,35,0.0,0.0
2019-12-23,18752.400391,20412.0,17964.0,19152.0,10810.609375,47,0.0,0.0
2019-12-24,19368.0,20844.0,18720.0,20484.0,11562.475586,27,0.0,0.0
2019-12-26,20736.0,22356.0,19584.0,19620.0,11074.77832,57,0.0,0.0
2019-12-27,19620.0,20012.400391,17820.0,18000.0,10160.347656,33,0.0,0.0
2019-12-30,17892.0,17892.0,16344.0,16776.0,9469.443359,40,0.0,0.0
2019-12-31,16704.0,18648.0,16380.0,16704.0,9428.801758,88,0.0,0.0
2020-01-02,17064.0,17262.0,15120.0,15480.0,8737.898438,70,0.0,0.0
2020-01-03,15300.0,15372.0,14364.0,14652.0,8270.522461,35,0.0,0.0
2020-01-06,14508.0,16668.0,14508.0,15300.0,8636.294922,56,0.0,0.0
2020-01-07,15300.0,16740.0,15264.0,16632.0,9388.161133,49,0.0,0.0
2020-01-08,16848.0,18576.0,16671.599609,18180.0,10261.951172,46,0.0,0.0
2020-01-09,18540.0,19584.0,17964.0,18900.0,10668.364258,367,0.0,0.0
2020-01-10,18684.0,20448.0,18018.0,20196.0,11399.90918,42,0.0,0.0
2020-01-13,20412.0,20570.400391,19080.0,20160.0,11379.588867,67,0.0,0.0
2020-01-14,20160.0,23184.0,19800.0,21996.0,12415.944336,87,0.0,0.0
2020-01-15,22176.0,25488.0,21384.0,24984.0,14102.561523,182,0.0,0.0
2020-01-16,25128.0,25164.0,23544.0,24012.0,13553.90332,38,0.0,0.0
2020-01-17,24336.0,26928.0,23796.0,24048.0,13574.223633,38,0.0,0.0
2020-01-21,24156.0,24156.0,22356.0,23220.0,13106.847656,22,0.0,0.0
2020-01-22,24336.0,24336.0,21456.0,21852.0,12334.661133,37,0.0,0.0
2020-01-23,21528.0,21996.0,21096.0,21600.0,12192.416992,20,0.0,0.0
2020-01-24,21996.0,22140.0,19440.0,19728.0,11135.740234,48,0.0,0.0
2020-01-27,18936.0,20545.199219,18936.0,19818.0,11186.541992,43,0.0,0.0
2020-01-28,19908.0,19944.0,18936.0,19512.0,11013.816406,52,0.0,0.0
2020-01-29,19584.0,20412.0,17460.0,17640.0,9957.140625,67,0.0,0.0
2020-01-30,17568.0,17762.400391,16776.0,16920.0,9550.726562,44,0.0,0.0
2020-01-31,16956.0,17316.0,16318.799805,16560.0,9347.519531,54,0.0,0.0
2020-02-03,16308.0,17172.0,16308.0,16632.0,9388.161133,31,0.0,0.0
2020-02-04,16740.0,17262.0,16380.0,16740.0,9449.123047,52,0.0,0.0
2020-02-05,17568.0,19692.0,17568.0,18144.0,10241.629883,82,0.0,0.0
2020-02-06,18180.0,18900.0,17521.199219,18504.0,10444.836914,42,0.0,0.0
2020-02-07,18468.0,18792.0,17568.0,18504.0,10444.836914,47,0.0,0.0
2020-02-10,18432.0,18770.400391,17640.0,18000.0,10160.347656,65,0.0,0.0
2020-02-11,18072.0,19548.0,18072.0,18792.0,10607.402344,37,0.0,0.0
2020-02-12,19044.0,19728.0,18324.0,18360.0,10363.553711,92,0.0,0.0
2020-02-13,18216.0,18612.0,17892.0,17964.0,10140.026367,22,0.0,0.0
2020-02-14,17892.0,18468.0,17820.0,18252.0,10302.591797,46,0.0,0.0
2020-02-18,18432.0,19404.0,18381.599609,19224.0,10851.250977,51,0.0,0.0
2020-02-19,20052.0,21024.0,19800.0,19908.0,11237.34375,85,0.0,0.0
2020-02-20,20160.0,20696.400391,18792.0,18936.0,10688.685547,82,0.0,0.0
2020-02-21,19440.0,19620.0,18432.0,18720.0,10566.760742,129,0.0,0.0
2020-02-24,18504.0,18504.0,17640.0,17892.0,10099.384766,62,0.0,0.0
2020-02-25,17964.0,18284.400391,15228.0,15840.0,8941.105469,102,0.0,0.0
2020-02-26,12780.0,13320.0,10483.200195,10728.0,6055.566895,296,0.0,0.0
2020-02-27,9972.0,10476.0,9396.0,9756.0,5506.908203,574,0.0,0.0
2020-02-28,9720.0,12492.0,9468.0,10620.0,5994.60498,88,0.0,0.0
2020-03-02,10908.0,11937.599609,10260.0,10476.0,5913.322266,77,0.0,0.0
2020-03-03,10584.0,10836.0,9752.400391,9900.0,5588.190918,63,0.0,0.0
2020-03-04,9720.0,11556.0,9720.0,11088.0,6258.773926,96,0.0,0.0
2020-03-05,10872.0,11988.0,10584.0,11772.0,6644.867188,67,0.0,0.0
2020-03-06,11196.0,16164.0,11196.0,14940.0,8433.087891,1165,0.0,0.0
2020-03-09,13752.0,14724.0,11880.0,12780.0,7213.84668,306,0.0,0.0
2020-03-10,13176.0,14580.0,12636.0,13536.0,7640.581055,503,0.0,0.0
2020-03-11,12996.0,13860.0,11484.0,11880.0,6705.829102,199,0.0,0.0
2020-03-12,9180.0,12834.0,8964.0,9540.0,5384.983887,326,0.0,0.0
2020-03-13,10008.0,11052.0,9036.0,10872.0,6136.849609,249,0.0,0.0
2020-03-16,9324.0,11484.0,8388.0,9756.0,5506.908203,155,0.0,0.0
2020-03-17,9756.0,10296.0,8964.0,9216.0,5202.097656,459,0.0,0.0
2020-03-18,9324.0,9792.0,6732.0,7848.0,4429.911621,266,0.0,0.0
2020-03-19,7812.0,10080.0,7632.0,9612.0,5425.625488,223,0.0,0.0
2020-03-20,9360.0,12564.0,7560.0,12564.0,7091.922363,535,0.0,0.0
2020-03-23,12060.0,12960.0,10800.0,11268.0,6360.377441,261,0.0,0.0
2020-03-24,11556.0,12528.0,10134.0,11016.0,6218.132324,198,0.0,0.0
2020-03-25,10620.0,11455.200195,10368.0,10656.0,6014.925781,227,0.0,0.0
2020-03-26,10800.0,11862.0,10440.0,11304.0,6380.698242,435,0.0,0.0
2020-03-27,10872.0,11138.400391,10152.0,10368.0,5852.359863,349,0.0,0.0
2020-03-30,10152.0,10476.0,9180.0,9468.0,5344.342773,107,0.0,0.0
2020-03-31,9540.0,10152.0,8640.0,9648.0,5445.946289,133,0.0,0.0
2020-04-01,9216.0,10116.0,8568.0,8604.0,4856.645996,119,0.0,0.0
2020-04-02,8604.0,9576.0,8388.0,9504.0,5364.663574,125,0.0,0.0
2020-04-03,9504.0,10008.0,8712.0,9324.0,5263.060059,130,0.0,0.0
2020-04-06,5040.0,5292.0,4608.0,5040.0,2844.897217,2800,0.0,0.0
2020-04-07,5400.0,5436.0,3672.0,3708.0,2093.031494,2385,0.0,0.0
2020-04-08,3852.0,4104.0,3600.0,3816.0,2153.993652,1423,0.0,0.0
2020-04-09,4068.0,4428.0,3960.0,4320.0,2438.483398,1127,0.0,0.0
2020-04-13,4320.0,4968.0,4320.0,4716.0,2662.010986,1222,0.0,0.0
2020-04-14,5148.0,5508.0,4896.0,5184.0,2926.179932,1510,0.0,0.0
2020-04-15,5148.0,5436.0,4788.0,5004.0,2824.576416,957,0.0,0.0
2020-04-16,5256.0,5256.0,4536.0,4680.0,2641.690186,977,0.0,0.0
2020-04-17,4968.0,4968.0,4356.0,4680.0,2641.690186,852,0.0,0.0
2020-04-20,4572.0,5004.0,4500.0,4752.0,2682.331787,657,0.0,0.0
2020-04-21,4716.0,4716.0,4500.0,4644.0,2621.369629,460,0.0,0.0
2020-04-22,4680.0,4860.0,4608.0,4752.0,2682.331787,411,0.0,0.0
2020-04-23,4968.0,5508.0,4752.0,5220.0,2946.500732,964,0.0,0.0
2020-04-24,5220.0,5400.0,4950.0,5076.0,2865.218018,404,0.0,0.0
2020-04-27,5256.0,6732.0,5256.0,6336.0,3576.442139,1666,0.0,0.0
2020-04-28,6768.0,7128.0,6120.0,6192.0,3495.159424,1443,0.0,0.0
2020-04-29,6588.0,6660.0,6228.0,6552.0,3698.366455,861,0.0,0.0
2020-04-30,6516.0,7092.0,6228.0,6552.0,3698.366455,881,0.0,0.0
2020-05-01,6480.0,6732.0,6120.0,6372.0,3596.762939,606,0.0,0.0
2020-05-04,6300.0,6408.0,5040.0,6336.0,3576.442139,576,0.0,0.0
2020-05-05,6480.0,6696.0,6300.0,6552.0,3698.366455,404,0.0,0.0
2020-05-06,6624.0,7272.0,6552.0,7020.0,3962.5354,1307,0.0,0.0
2020-05-07,7200.0,7488.0,6840.0,7092.0,4003.176758,1238,0.0,0.0
2020-05-08,7344.0,7380.0,6840.0,7020.0,3962.5354,945,0.0,0.0
2020-05-11,6444.0,6840.0,5832.0,6624.0,3739.007812,1479,0.0,0.0
2020-05-12,6804.0,6948.0,6480.0,6516.0,3678.045654,639,0.0,0.0
2020-05-13,6516.0,6660.0,5688.0,6120.0,3454.518066,1123,0.0,0.0
2020-05-14,6048.0,6300.0,5868.0,6156.0,3474.838867,461,0.0,0.0
2020-05-15,6120.0,6192.0,5940.0,6084.0,3434.197266,497,0.0,0.0
2020-05-18,6192.0,6300.0,6012.0,6084.0,3434.197266,898,0.0,0.0
2020-05-19,6300.0,6948.0,6292.799805,6552.0,3698.366455,1957,0.0,0.0
2020-05-20,6912.0,7344.0,6573.600098,7074.0,3993.016357,2352,0.0,0.0
2020-05-21,7380.0,8100.0,7020.0,7920.0,4470.552734,2152,0.0,0.0
2020-05-22,8316.0,8460.0,7416.0,8064.0,4551.835449,1786,0.0,0.0
2020-05-26,9000.0,9252.0,8460.0,8640.0,4876.966797,2594,0.0,0.0
2020-05-27,8964.0,9180.0,8280.0,8748.0,4937.928711,1301,0.0,0.0
2020-05-28,8928.0,9540.0,8568.0,9036.0,5100.494141,3055,0.0,0.0
2020-05-29,9360.0,10368.0,7920.0,8604.0,4856.645996,7300,0.0,0.0
2020-06-01,8424.0,8928.0,7992.0,8532.0,4816.004395,1575,0.0,0.0
2020-06-02,8748.0,8856.0,7776.0,8028.0,4531.514648,2245,0.0,0.0
2020-06-03,8172.0,8280.0,7380.0,7668.0,4328.308105,1801,0.0,0.0
2020-06-04,7524.0,8028.0,7416.0,7956.0,4490.873535,1488,0.0,0.0
2020-06-05,6876.0,7560.0,6840.0,7416.0,4186.062988,5418,0.0,0.0
2020-06-08,7272.0,8100.0,7128.0,8028.0,4531.514648,1942,0.0,0.0
2020-06-09,7956.0,7956.0,7344.0,7524.0,4247.024902,1342,0.0,0.0
2020-06-10,7740.0,7808.399902,7452.0,7524.0,4247.024902,953,0.0,0.0
2020-06-11,6948.0,7164.0,6444.0,6516.0,3678.045654,1662,0.0,0.0
2020-06-12,7020.0,7776.0,6912.0,7488.0,4226.70459,2663,0.0,0.0
2020-06-15,7308.0,8064.0,7020.0,7920.0,4470.552734,1939,0.0,0.0
2020-06-16,8244.0,8424.0,7776.0,8280.0,4673.759766,1464,0.0,0.0
2020-06-17,8136.0,8352.0,7740.0,7920.0,4470.552734,950,0.0,0.0
2020-06-18,7956.0,8244.0,7758.0,8010.0,4521.354492,877,0.0,0.0
2020-06-19,8028.0,8532.0,7992.0,8388.0,4734.72168,3267,0.0,0.0
2020-06-22,8172.0,8388.0,7614.0,7776.0,4389.27002,1229,0.0,0.0
2020-06-23,7848.0,7848.0,7200.0,7308.0,4125.101074,1548,0.0,0.0
2020-06-24,7308.0,7416.0,6768.0,6948.0,3921.894043,1889,0.0,0.0
2020-06-25,7092.0,7236.0,6786.0,6984.0,3942.214844,1516,0.0,0.0
2020-06-26,6948.0,6994.799805,6228.0,6300.0,3556.121582,3998,0.0,0.0
2020-06-29,6660.0,6804.0,6408.0,6516.0,3678.045654,915,0.0,0.0
2020-06-30,6552.0,6552.0,5976.0,6228.0,3515.480225,1589,0.0,0.0
2020-07-01,6156.0,6552.0,6156.0,6228.0,3515.480225,975,0.0,0.0
2020-07-02,6336.0,6375.600098,6012.0,6084.0,3434.197266,1058,0.0,0.0
2020-07-06,6156.0,6228.0,5832.0,5940.0,3352.914551,934,0.0,0.0
2020-07-07,5976.0,6300.0,5904.0,6228.0,3515.480225,749,0.0,0.0
2020-07-08,6300.0,6336.0,5976.0,6120.0,3454.518066,579,0.0,0.0
2020-07-09,6084.0,6228.0,5832.0,6048.0,3413.876709,575,0.0,0.0
2020-07-10,6012.0,6228.0,5868.0,6012.0,3393.555908,726,0.0,0.0
2020-07-13,6012.0,6336.0,5832.0,5832.0,3291.952393,869,0.0,0.0
2020-07-14,5940.0,5976.0,5436.0,5652.0,3190.349121,1126,0.0,0.0
2020-07-15,5796.0,6012.0,5652.0,5832.0,3291.952393,657,0.0,0.0
2020-07-16,5796.0,6084.0,5580.0,6084.0,3434.197266,681,0.0,0.0
2020-07-17,6120.0,6624.0,6084.0,6480.0,3657.725098,851,0.0,0.0
2020-07-20,6552.0,6570.0,6084.0,6264.0,3535.800781,689,0.0,0.0
2020-07-21,6336.0,6588.0,6264.0,6408.0,3617.083496,527,0.0,0.0
2020-07-22,6336.0,6390.0,6156.0,6246.0,3525.640381,369,0.0,0.0
2020-07-23,6444.0,6447.600098,5940.0,6012.0,3393.555908,577,0.0,0.0
2020-07-24,6012.0,6120.0,5868.0,5904.0,3332.593994,395,0.0,0.0
2020-07-27,6012.0,6192.0,5904.0,6120.0,3454.518066,429,0.0,0.0
2020-07-28,6192.0,6192.0,5976.0,6120.0,3454.518066,412,0.0,0.0
2020-07-29,6156.0,6192.0,5976.0,6012.0,3393.555908,606,0.0,0.0
2020-07-30,5976.0,6012.0,5724.0,5904.0,3332.593994,584,0.0,0.0
2020-07-31,5940.0,5976.0,5652.0,5796.0,3271.631836,687,0.0,0.0
2020-08-03,5904.0,6192.0,5688.0,6192.0,3495.159424,538,0.0,0.0
2020-08-04,6192.0,6408.0,6030.0,6372.0,3596.762939,661,0.0,0.0
2020-08-05,6408.0,6660.0,6264.0,6642.0,3749.168213,585,0.0,0.0
2020-08-06,5832.0,6120.0,5508.0,5724.0,3230.990479,1298,0.0,0.0
2020-08-07,5832.0,5976.0,5724.0,5814.0,3281.792236,480,0.0,0.0
2020-08-10,5868.0,6048.0,5724.0,5940.0,3352.914551,608,0.0,0.0
2020-08-11,5976.0,6156.0,5796.0,5832.0,3291.952393,608,0.0,0.0
2020-08-12,5868.0,6012.0,5580.0,5724.0,3230.990479,559,0.0,0.0
2020-08-13,5724.0,5868.0,5688.0,5832.0,3291.952393,266,0.0,0.0
2020-08-14,5832.0,5904.0,5724.0,5796.0,3271.631836,280,0.0,0.0
2020-08-17,5832.0,5976.0,5724.0,5904.0,3332.593994,389,0.0,0.0
2020-08-18,5940.0,5976.0,5760.0,5832.0,3291.952393,343,0.0,0.0
2020-08-19,5688.0,5940.0,5688.0,5868.0,3312.273193,337,0.0,0.0
2020-08-20,5832.0,5940.0,5616.0,5652.0,3190.349121,366,0.0,0.0
2020-08-21,5760.0,5796.0,5436.0,5472.0,3088.745605,586,0.0,0.0
2020-08-24,5580.0,5688.0,5256.0,5364.0,3027.783447,569,0.0,0.0
2020-08-25,5328.0,5436.0,5220.0,5400.0,3048.104248,326,0.0,0.0
2020-08-26,5436.0,5472.0,4896.0,5256.0,2966.821289,1147,0.0,0.0
2020-08-27,5184.0,5256.0,5004.0,5148.0,2905.859375,543,0.0,0.0
2020-08-28,5076.0,5436.0,5040.0,5328.0,3007.462891,530,0.0,0.0
2020-08-31,5364.0,5724.0,5220.0,5508.0,3109.066162,634,0.0,0.0
2020-09-01,5544.0,5616.0,5076.0,5220.0,2946.500732,485,0.0,0.0
2020-09-02,5184.0,5256.0,5040.0,5112.0,2885.538574,344,0.0,0.0
2020-09-03,5112.0,5292.0,4860.0,4968.0,2804.255859,415,0.0,0.0
2020-09-04,4932.0,5004.0,4680.0,4860.0,2743.293701,434,0.0,0.0
2020-09-08,4716.0,5328.0,4716.0,5292.0,2987.14209,276,0.0,0.0
2020-09-09,5328.0,5868.0,5328.0,5346.0,3017.623047,835,0.0,0.0
2020-09-10,5436.0,5544.0,5076.0,5256.0,2966.821289,385,0.0,0.0
2020-09-11,5328.0,5436.0,5112.0,5436.0,3068.424805,600,0.0,0.0
2020-09-14,5508.0,6264.0,5508.0,5940.0,3352.914551,1073,0.0,0.0
2020-09-15,6084.0,6552.0,5976.0,6156.0,3474.838867,688,0.0,0.0
2020-09-16,6408.0,6660.0,6156.0,6192.0,3495.159424,683,0.0,0.0
2020-09-17,6336.0,6660.0,6228.0,6516.0,3678.045654,711,0.0,0.0
2020-09-18,6660.0,7020.0,6516.0,6588.0,3718.687012,1986,0.0,0.0
2020-09-21,6624.0,6688.799805,5904.0,6156.0,3474.838867,625,0.0,0.0
2020-09-22,6264.0,6372.0,6048.0,6120.0,3454.518066,300,0.0,0.0
2020-09-23,6192.0,6192.0,5436.0,5472.0,3088.745605,595,0.0,0.0
2020-09-24,5364.0,6624.0,5184.0,5832.0,3291.952393,1237,0.0,0.0
2020-09-25,5904.0,5940.0,5292.0,5472.0,3088.745605,1204,0.0,0.0
2020-09-28,5724.0,5724.0,5436.0,5652.0,3190.349121,446,0.0,0.0
2020-09-29,5724.0,6030.0,5580.0,5940.0,3352.914551,491,0.0,0.0
2020-09-30,6012.0,6102.0,5724.0,5976.0,3373.235352,468,0.0,0.0
2020-10-01,5940.0,6084.0,5760.0,5832.0,3291.952393,487,0.0,0.0
2020-10-02,5580.0,6120.0,5544.0,5796.0,3271.631836,434,0.0,0.0
2020-10-05,5976.0,6516.0,5850.0,6444.0,3637.404297,954,0.0,0.0
2020-10-06,6588.0,6876.0,6228.0,6300.0,3556.121582,703,0.0,0.0
2020-10-07,6444.0,6912.0,6318.0,6804.0,3840.611328,885,0.0,0.0
2020-10-08,6876.0,7092.0,6804.0,6948.0,3921.894043,619,0.0,0.0
2020-10-09,7020.0,7020.0,6552.0,6732.0,3799.969971,401,0.0,0.0
2020-10-12,6804.0,7092.0,6588.0,6804.0,3840.611328,407,0.0,0.0
2020-10-13,6876.0,7038.0,6768.0,6840.0,3860.931885,307,0.0,0.0
2020-10-14,6912.0,6984.0,6588.0,6624.0,3739.007812,445,0.0,0.0
2020-10-15,6624.0,6912.0,6480.0,6912.0,3901.573242,402,0.0,0.0
2020-10-16,6840.0,7308.0,6822.0,7092.0,4003.176758,754,0.0,0.0
2020-10-19,7164.0,7200.0,6912.0,6948.0,3921.894043,263,0.0,0.0
2020-10-20,7020.0,7092.0,6876.0,6984.0,3942.214844,240,0.0,0.0
2020-10-21,6840.0,6948.0,6480.0,6552.0,3698.366455,405,0.0,0.0
2020-10-22,6552.0,6948.0,6480.0,6912.0,3901.573242,297,0.0,0.0
2020-10-23,6912.0,6912.0,6642.0,6768.0,3820.290527,271,0.0,0.0
2020-10-26,6660.0,6840.0,6336.0,6552.0,3698.366455,485,0.0,0.0
2020-10-27,6516.0,6624.0,6336.0,6480.0,3657.725098,220,0.0,0.0
2020-10-28,6228.0,6444.0,5832.0,5868.0,3312.273193,540,0.0,0.0
2020-10-29,5868.0,6192.0,5832.0,6192.0,3495.159424,275,0.0,0.0
2020-10-30,6120.0,6192.0,5688.0,5760.0,3251.311035,412,0.0,0.0
2020-11-02,5904.0,6048.0,5778.0,6012.0,3393.555908,289,0.0,0.0
2020-11-03,6192.0,6480.0,6048.0,6408.0,3617.083496,527,0.0,0.0
2020-11-04,6228.0,6552.0,6120.0,6192.0,3495.159424,379,0.0,0.0
2020-11-05,6480.0,6631.200195,6048.0,6372.0,3596.762939,422,0.0,0.0
2020-11-06,6300.0,6310.799805,5904.0,6030.0,3403.716309,358,0.0,0.0
2020-11-09,6156.0,6552.0,6120.0,6228.0,3515.480225,508,0.0,0.0
2020-11-10,6120.0,6300.0,5940.0,6228.0,3515.480225,372,0.0,0.0
2020-11-11,6300.0,6336.0,6062.399902,6336.0,3576.442139,281,0.0,0.0
2020-11-12,6192.0,6300.0,5976.0,6012.0,3393.555908,350,0.0,0.0
2020-11-13,6120.0,6156.0,5940.0,6084.0,3434.197266,296,0.0,0.0
2020-11-16,6120.0,6264.0,5976.0,6120.0,3454.518066,419,0.0,0.0
2020-11-17,6120.0,6264.0,6019.200195,6048.0,3413.876709,382,0.0,0.0
2020-11-18,6084.0,6192.0,5976.0,5976.0,3373.235352,287,0.0,0.0
2020-11-19,6048.0,6084.0,5868.0,5904.0,3332.593994,307,0.0,0.0
2020-11-20,5904.0,6012.0,5760.0,6012.0,3393.555908,385,0.0,0.0
2020-11-23,6012.0,6084.0,5868.0,5904.0,3332.593994,382,0.0,0.0
2020-11-24,6012.0,6048.0,5868.0,5904.0,3332.593994,349,0.0,0.0
2020-11-25,5832.0,6030.0,5832.0,5940.0,3352.914551,197,0.0,0.0
2020-11-27,6012.0,6228.0,5940.0,6192.0,3495.159424,285,0.0,0.0
2020-11-30,6192.0,6192.0,5886.0,6120.0,3454.518066,305,0.0,0.0
2020-12-01,6120.0,6228.0,6012.0,6012.0,3393.555908,386,0.0,0.0
2020-12-02,6084.0,6192.0,5976.0,6120.0,3454.518066,262,0.0,0.0
2020-12-03,6084.0,6264.0,6048.0,6084.0,3434.197266,268,0.0,0.0
2020-12-04,6192.0,6228.0,6062.399902,6120.0,3454.518066,219,0.0,0.0
2020-12-07,6084.0,6156.0,5940.0,6084.0,3434.197266,393,0.0,0.0
2020-12-08,6372.0,6516.0,6228.0,6444.0,3637.404297,705,0.0,0.0
2020-12-09,6552.0,6552.0,5976.0,6156.0,3474.838867,416,0.0,0.0
2020-12-10,6156.0,6264.0,6012.0,6264.0,3535.800781,427,0.0,0.0
2020-12-11,6192.0,6228.0,6048.0,6120.0,3454.518066,268,0.0,0.0
2020-12-14,6192.0,6228.0,6120.0,6120.0,3454.518066,240,0.0,0.0
2020-12-15,6228.0,6444.0,6138.0,6336.0,3576.442139,396,0.0,0.0
2020-12-16,6552.0,6552.0,6264.0,6264.0,3535.800781,294,0.0,0.0
2020-12-17,6501.600098,6501.600098,6210.0,6264.0,3535.800781,607,0.0,0.0
2020-12-18,6408.0,6804.0,6336.0,6444.0,3637.404297,1752,0.0,0.0
2020-12-21,6696.0,6768.0,6444.0,6660.0,3759.328369,764,0.0,0.0
2020-12-22,6624.0,6696.0,6300.0,6372.0,3596.762939,548,0.0,0.0
2020-12-23,6372.0,6588.0,6156.0,6552.0,3698.366455,619,0.0,0.0
2020-12-24,6552.0,6588.0,6372.0,6372.0,3596.762939,208,0.0,0.0
2020-12-28,6408.0,6472.799805,5940.0,5976.0,3373.235352,714,0.0,0.0
2020-12-29,6048.0,6127.200195,5616.0,5724.0,3230.990479,818,0.0,0.0
2020-12-30,5760.0,6012.0,5688.0,5796.0,3271.631836,441,0.0,0.0
2020-12-31,5832.0,5832.0,5652.0,5688.0,3210.669678,405,0.0,0.0
2021-01-04,5724.0,5976.0,5670.0,5832.0,3291.952393,469,0.0,0.0
2021-01-05,5832.0,5940.0,5724.0,5832.0,3291.952393,369,0.0,0.0
2021-01-06,5868.0,6084.0,5796.0,5904.0,3332.593994,486,0.0,0.0
2021-01-07,5940.0,6066.0,5832.0,5976.0,3373.235352,343,0.0,0.0
2021-01-08,5940.0,5976.0,5796.0,5904.0,3332.593994,382,0.0,0.0
2021-01-11,5868.0,5940.0,5742.0,5832.0,3291.952393,498,0.0,0.0
2021-01-12,5904.0,6012.0,5832.0,5940.0,3352.914551,365,0.0,0.0
2021-01-13,5976.0,6048.0,5796.0,5868.0,3312.273193,288,0.0,0.0
2021-01-14,5868.0,5976.0,5796.0,5940.0,3352.914551,353,0.0,0.0
2021-01-15,5940.0,6048.0,5850.0,6012.0,3393.555908,437,0.0,0.0
2021-01-19,6156.0,6516.0,6084.0,6408.0,3617.083496,1072,0.0,0.0
2021-01-20,6624.0,6768.0,6336.0,6552.0,3698.366455,819,0.0,0.0
2021-01-21,6840.0,7164.0,6660.0,6732.0,3799.969971,1459,0.0,0.0
2021-01-22,6660.0,6768.0,6444.0,6768.0,3820.290527,788,0.0,0.0
2021-01-25,10404.0,10764.0,8460.0,9504.0,5364.663574,24159,0.0,0.0
2021-01-26,9180.0,9360.0,8640.0,9000.0,5080.173828,11826,0.0,0.0
2021-01-27,8604.0,8892.0,8100.0,8244.0,4653.438965,5016,0.0,0.0
2021-01-28,8604.0,8820.0,7740.0,8028.0,4531.514648,3054,0.0,0.0
2021-01-29,8064.0,8496.0,7020.0,7128.0,4023.497559,4132,0.0,0.0
2021-02-01,7560.0,8460.0,7128.0,8280.0,4673.759766,5215,0.0,0.0
2021-02-02,9612.0,9720.0,8514.0,9468.0,5344.342773,12947,0.0,0.0
2021-02-03,9558.0,10800.0,9558.0,10296.0,5811.71875,7220,0.0,0.0
2021-02-04,10728.0,10764.0,9756.0,10368.0,5852.359863,4433,0.0,0.0
2021-02-05,10224.0,10368.0,9504.0,9900.0,5588.190918,2953,0.0,0.0
2021-02-08,10004.400391,10044.0,9540.0,9972.0,5628.83252,2913,0.0,0.0
2021-02-09,10080.0,11880.0,9792.0,11412.0,6441.660156,7190,0.0,0.0
2021-02-10,11592.0,11628.0,9900.0,10584.0,5974.28418,4322,0.0,0.0
2021-02-11,9720.0,10224.0,9468.0,9576.0,5405.304688,4167,0.0,0.0
2021-02-12,9468.0,10080.0,9288.0,9540.0,5384.983887,2667,0.0,0.0
2021-02-16,8712.0,10080.0,8685.0,9108.0,5141.135742,4445,0.0,0.25
2021-02-17,8919.0,9027.0,8136.0,8145.0,4597.557129,4817,0.0,0.0
2021-02-18,8036.100098,8082.0,7650.0,7686.0,4338.468262,4527,0.0,0.0
2021-02-19,7830.0,8046.0,7704.0,7740.0,4368.949219,2421,0.0,0.0
2021-02-22,7659.0,7819.200195,7434.0,7497.0,4231.784668,2268,0.0,0.0
2021-02-23,7200.0,7245.0,6300.0,7200.0,4064.138916,3039,0.0,0.0
2021-02-24,7218.0,7686.0,7137.0,7551.0,4262.265625,1585,0.0,0.0
2021-02-25,7389.0,7560.0,6943.5,7101.0,4008.25708,1553,0.0,0.0
2021-02-26,6913.799805,7166.700195,6651.0,6714.0,3789.80957,1678,0.0,0.0
2021-03-01,6984.0,7173.0,6660.0,6696.0,3779.64917,1607,0.0,0.0
2021-03-02,6804.0,7020.0,6534.0,6552.0,3698.366455,1640,0.0,0.0
2021-03-03,6588.0,6930.0,6426.0,6660.0,3759.328369,1740,0.0,0.0
2021-03-04,6435.0,6552.0,5760.0,6012.0,3393.555908,2416,0.0,0.0
2021-03-05,5967.0,6061.5,5400.0,6012.0,3393.555908,2045,0.0,0.0
2021-03-08,6039.0,6066.0,5679.0,5706.0,3220.830078,1316,0.0,0.0
2021-03-09,5922.0,6295.5,5688.0,6228.0,3515.480225,1277,0.0,0.0
2021-03-10,6390.0,6615.0,6111.0,6255.0,3530.720703,1079,0.0,0.0
2021-03-11,6381.0,6606.0,6286.5,6606.0,3728.847412,808,0.0,0.0
2021-03-12,6525.0,6705.0,6354.0,6651.0,3754.248291,628,0.0,0.0
2021-03-15,6633.0,6768.0,6516.0,6579.0,3713.606934,785,0.0,0.0
2021-03-16,6615.0,6885.0,6552.0,6651.0,3754.248291,1316,0.0,0.0
2021-03-17,6741.0,7083.0,6669.0,7002.0,3952.375,1513,0.0,0.0
2021-03-18,6894.0,7011.0,6579.0,6660.0,3759.328369,1020,0.0,0.0
2021-03-19,6741.0,7074.0,6552.0,7038.0,3972.695801,1656,0.0,0.0
2021-03-22,6984.0,7065.0,6624.0,6687.0,3774.569092,783,0.0,0.0
2021-03-23,6759.0,6759.0,6255.0,6381.0,3601.843018,810,0.0,0.0
2021-03-24,6435.0,6696.0,6102.0,6111.0,3449.437988,1102,0.0,0.0
2021-03-25,5994.0,6264.0,5949.0,6192.0,3495.159424,795,0.0,0.0
2021-03-26,6210.0,6273.0,5931.0,6165.0,3479.918945,731,0.0,0.0
2021-03-29,6084.0,6104.700195,5643.0,5769.0,3256.391357,1029,0.0,0.0
2021-03-30,5715.0,5998.5,5625.0,5931.0,3347.834473,732,0.0,0.0
2021-03-31,5940.0,6219.0,5796.0,6160.5,3477.378906,1008,0.0,0.0
2021-04-01,6183.0,6354.0,6093.0,6228.0,3515.480225,527,0.0,0.0
2021-04-05,6219.0,6336.0,6039.0,6066.0,3424.037109,525,0.0,0.0
2021-04-06,6057.0,6165.0,5881.5,6043.5,3411.33667,598,0.0,0.0
2021-04-07,6111.0,6111.0,5787.0,5800.5,3274.171875,698,0.0,0.0
2021-04-08,5805.0,5850.899902,5652.0,5733.0,3236.070557,456,0.0,0.0
2021-04-09,5679.0,5805.0,5202.0,5404.5,3050.644287,1921,0.0,0.0
2021-04-12,5400.0,5445.0,5184.0,5364.0,3027.783447,988,0.0,0.0
2021-04-13,5355.0,5373.0,4959.0,5067.0,2860.137695,1164,0.0,0.0
2021-04-14,5040.0,5283.0,5040.0,5076.0,2865.218018,830,0.0,0.0
2021-04-15,5058.0,5143.5,4837.5,4914.0,2773.774902,960,0.0,0.0
2021-04-16,4887.0,4887.0,4635.0,4810.5,2715.352783,1095,0.0,0.0
2021-04-19,4770.0,4815.0,4482.0,4608.0,2601.048828,1074,0.0,0.0
2021-04-20,4572.0,4572.0,4266.0,4329.0,2443.563477,1219,0.0,0.0
2021-04-21,4329.0,4653.0,4230.0,4635.0,2616.289307,1049,0.0,0.0
2021-04-22,4662.0,4851.0,4518.0,4716.0,2662.010986,804,0.0,0.0
2021-04-23,4734.0,4765.5,4563.0,4662.0,2631.530029,599,0.0,0.0
2021-04-26,4680.0,4896.0,4680.0,4797.0,2707.732422,424,0.0,0.0
2021-04-27,4860.0,4923.0,4671.0,4698.0,2651.850586,769,0.0,0.0
2021-04-28,4689.0,4770.0,4572.0,4689.0,2646.770508,420,0.0,0.0
2021-04-29,4752.0,4770.0,4459.5,4617.0,2606.12915,948,0.0,0.0
2021-04-30,4554.0,4671.0,4383.0,4446.0,2509.605713,769,0.0,0.0
2021-05-03,4473.0,4581.0,4414.5,4518.0,2550.24707,668,0.0,0.0
2021-05-04,4446.0,4491.0,4060.800049,4167.0,2352.120361,1290,0.0,0.0
2021-05-05,4185.0,4216.5,4052.699951,4068.0,2296.238525,991,0.0,0.0
2021-05-06,3780.0,3834.0,3150.0,3204.0,1808.541748,5051,0.0,0.0
2021-05-07,3276.0,3375.0,3150.0,3267.0,1844.103027,2029,0.0,0.0
2021-05-10,3348.0,3348.0,2925.0,2988.0,1686.617676,2388,0.0,0.0
2021-05-11,2826.0,3159.0,2799.0,3060.0,1727.259033,972,0.0,0.0
2021-05-12,3051.0,3193.199951,2952.899902,3150.0,1778.060791,1217,0.0,0.0
2021-05-13,3150.0,3240.0,2862.0,2916.0,1645.976196,1310,0.0,0.0
2021-05-14,2961.0,3276.0,2961.0,3177.0,1793.30127,1173,0.0,0.0
2021-05-17,3159.0,3285.899902,3123.0,3267.0,1844.103027,645,0.0,0.0
2021-05-18,3267.0,3482.100098,3240.0,3402.0,1920.305664,721,0.0,0.0
2021-05-19,3285.0,3393.0,3213.0,3276.0,1849.183228,550,0.0,0.0
2021-05-20,3348.0,3366.0,3231.0,3348.0,1889.824585,516,0.0,0.0
2021-05-21,3393.0,3465.0,3267.0,3294.0,1859.343506,627,0.0,0.0
2021-05-24,3280.5,3357.0,3118.5,3195.0,1803.46167,686,0.0,0.0
2021-05-25,3195.0,3231.0,3096.0,3096.0,1747.579712,565,0.0,0.0
2021-05-26,3150.0,3330.0,3132.0,3267.0,1844.103027,506,0.0,0.0
2021-05-27,3330.0,3370.5,3252.600098,3330.0,1879.664185,510,0.0,0.0
2021-05-28,3402.0,3726.0,3366.0,3555.0,2006.668579,1027,0.0,0.0
2021-06-01,3690.0,3690.0,3438.0,3582.0,2021.909058,843,0.0,0.0
2021-06-02,3573.0,3631.5,3465.0,3564.0,2011.748779,666,0.0,0.0
2021-06-03,3555.0,3600.0,3456.0,3546.0,2001.588379,582,0.0,0.0
2021-06-04,3591.0,3591.0,3393.0,3447.0,1945.706543,591,0.0,0.0
2021-06-07,3456.0,3705.300049,3438.0,3600.0,2032.069458,996,0.0,0.0
2021-06-08,3735.0,3816.0,3586.5,3699.0,2087.951416,1079,0.0,0.0
2021-06-09,3690.0,3780.0,3555.0,3690.0,2082.871094,903,0.0,0.0
2021-06-10,3699.0,3726.0,3537.0,3672.0,2072.710938,935,0.0,0.0
2021-06-11,3643.199951,3750.300049,3573.0,3591.0,2026.989258,819,0.0,0.0
2021-06-14,3600.0,3618.0,3429.0,3429.0,1935.546143,1095,0.0,0.0
2021-06-15,3456.0,3465.0,3240.0,3276.0,1849.183228,1134,0.0,0.0
2021-06-16,3267.0,3366.0,3223.800049,3348.0,1889.824585,1030,0.0,0.0
2021-06-17,3348.0,3384.0,3249.0,3303.0,1864.423706,695,0.0,0.0
2021-06-18,3258.0,3316.5,3177.0,3276.0,1849.183228,1529,0.0,0.0
2021-06-21,3276.0,3276.0,3069.0,3222.0,1818.702148,952,0.0,0.0
2021-06-22,3195.0,3258.0,3123.0,3231.0,1823.782349,702,0.0,0.0
2021-06-23,3231.0,3293.100098,3159.0,3231.0,1823.782349,901,0.0,0.0
2021-06-24,3321.0,3339.0,3267.899902,3339.0,1884.744385,770,0.0,0.0
2021-06-25,3384.899902,3438.0,3312.0,3366.0,1899.984985,6121,0.0,0.0
2021-06-28,3402.0,3438.0,3240.0,3276.0,1849.183228,713,0.0,0.0
2021-06-29,3294.0,3321.0,3150.0,3231.0,1823.782349,802,0.0,0.0
2021-06-30,3249.0,3249.0,3132.0,3159.0,1783.140991,650,0.0,0.0
2021-07-01,3150.0,3186.0,3042.0,3123.0,1762.82019,629,0.0,0.0
2021-07-02,3105.0,3141.0,2889.0,2943.0,1661.216797,1034,0.0,0.0
2021-07-06,2934.0,2972.699951,2808.0,2844.0,1605.334839,1102,0.0,0.0
2021-07-07,2826.0,2844.0,2655.0,2781.0,1569.773682,1039,0.0,0.0
2021-07-08,2700.0,2772.0,2540.699951,2745.0,1549.453003,957,0.0,0.0
2021-07-09,2772.0,2817.0,2700.0,2790.0,1574.85376,426,0.0,0.0
2021-07-12,2790.0,2826.0,2682.0,2727.0,1539.292603,525,0.0,0.0
2021-07-13,2736.0,2736.0,2628.0,2673.0,1508.811523,526,0.0,0.0
2021-07-14,2682.0,2682.0,2565.0,2619.0,1478.330566,791,0.0,0.0
2021-07-15,2583.0,2637.0,2403.0,2475.0,1397.047729,1110,0.0,0.0
2021-07-16,2520.0,2520.0,2358.0,2421.0,1366.56665,651,0.0,0.0
2021-07-19,2403.0,2511.0,2353.5,2475.0,1397.047729,637,0.0,0.0
2021-07-20,2538.0,2587.5,2439.0,2520.0,1422.448608,345,0.0,0.0
2021-07-21,2646.0,2754.0,2610.0,2655.0,1498.651245,473,0.0,0.0
2021-07-22,2646.0,2646.0,2497.5,2511.0,1417.368408,253,0.0,0.0
2021-07-23,2493.0,2502.0,2405.699951,2430.0,1371.646851,313,0.0,0.0
2021-07-26,2439.0,2529.0,2371.5,2430.0,1371.646851,342,0.0,0.0
2021-07-27,2448.0,2493.0,2403.0,2439.0,1376.727051,447,0.0,0.0
2021-07-28,2475.0,2547.0,2430.0,2448.0,1381.807251,537,0.0,0.0
2021-07-29,2484.0,2551.5,2403.0,2511.0,1417.368408,617,0.0,0.0
2021-07-30,2466.0,2493.0,2367.0,2430.0,1371.646851,369,0.0,0.0
2021-08-02,2475.0,2574.0,2475.0,2475.0,1397.047729,408,0.0,0.0
2021-08-03,2484.0,2493.0,2340.0,2421.0,1366.56665,402,0.0,0.0
2021-08-04,2430.0,2452.5,2385.0,2403.0,1356.406372,446,0.0,0.0
2021-08-05,2376.0,2475.0,2349.0,2358.0,1331.005493,418,0.0,0.0
2021-08-06,2403.0,2403.0,2322.0,2349.0,1325.925293,348,0.0,0.0
2021-08-09,2322.0,2484.0,2300.399902,2484.0,1402.12793,445,0.0,0.0
2021-08-10,2520.0,2520.0,2376.0,2466.0,1391.967529,399,0.0,0.0
2021-08-11,2484.0,2619.0,2409.300049,2601.0,1468.170166,793,0.0,0.0
2021-08-12,2115.0,2196.0,1773.0,1791.0,1010.954529,5845,0.0,0.0
2021-08-13,1809.900024,1809.900024,1575.0,1602.0,904.270874,3686,0.0,0.0
2021-08-16,1584.0,1638.0,1494.0,1602.0,904.270874,2070,0.0,0.0
2021-08-17,1566.0,1580.400024,1440.0,1485.0,838.228638,1833,0.0,0.0
2021-08-18,1512.0,1512.0,1368.0,1377.0,777.266541,1503,0.0,0.0
2021-08-19,1368.0,1395.0,1242.0,1269.0,716.304504,1721,0.0,0.0
2021-08-20,1269.0,1341.0,1233.0,1287.0,726.464844,1178,0.0,0.0
2021-08-23,1328.400024,1372.5,1287.0,1359.0,767.106201,1073,0.0,0.0
2021-08-24,1341.0,1476.0,1332.900024,1431.0,807.74762,1163,0.0,0.0
2021-08-25,1440.0,1480.5,1404.0,1422.0,802.667419,663,0.0,0.0
2021-08-26,1440.0,1476.0,1341.0,1368.0,772.186401,841,0.0,0.0
2021-08-27,1395.0,1503.0,1368.0,1485.0,838.228638,1129,0.0,0.0
2021-08-30,1536.300049,1539.0,1440.0,1530.0,863.629517,900,0.0,0.0
2021-08-31,1530.0,1575.0,1516.5,1530.0,863.629517,813,0.0,0.0
2021-09-01,1521.0,1561.5,1494.0,1521.0,858.549316,606,0.0,0.0
2021-09-02,1565.099976,1566.0,1494.0,1512.0,853.469177,857,0.0,0.0
2021-09-03,1512.0,1521.0,1449.0,1503.0,848.388977,641,0.0,0.0
2021-09-07,1503.0,1548.0,1440.0,1476.0,833.148499,720,0.0,0.0
2021-09-08,1476.0,1476.0,1398.599976,1431.0,807.74762,562,0.0,0.0
2021-09-09,1431.0,1467.0,1386.0,1431.0,807.74762,644,0.0,0.0
2021-09-10,1431.0,1449.0,1395.0,1413.0,797.58728,643,0.0,0.0
2021-09-13,1440.0,1449.0,1350.0,1368.0,772.186401,759,0.0,0.0
2021-09-14,1368.0,1381.5,1296.0,1332.0,751.865723,1037,0.0,0.0
2021-09-15,1314.0,1341.0,1287.0,1332.0,751.865723,524,0.0,0.0
2021-09-16,1341.0,1413.0,1305.0,1413.0,797.58728,696,0.0,0.0
2021-09-17,1395.0,1422.0,1359.0,1413.0,797.58728,888,0.0,0.0
2021-09-20,1350.0,1377.0,1305.0,1332.0,751.865723,764,0.0,0.0
2021-09-21,1332.0,1368.0,1296.0,1323.0,746.785522,690,0.0,0.0
2021-09-22,1350.0,1350.0,1314.0,1332.0,751.865723,302,0.0,0.0
2021-09-23,1350.0,1368.0,1305.0,1359.0,767.106201,508,0.0,0.0
2021-09-24,1368.0,1377.0,1341.0,1341.0,756.945862,465,0.0,0.0
2021-09-27,1359.0,1395.0,1323.0,1368.0,772.186401,672,0.0,0.0
2021-09-28,1368.0,1368.0,1323.0,1341.0,756.945862,445,0.0,0.0
2021-09-29,1359.0,1359.0,1242.0,1251.0,706.144104,859,0.0,0.0
2021-09-30,1251.0,1260.0,1224.0,1251.0,706.144104,608,0.0,0.0
2021-10-01,1224.0,1278.0,1224.0,1260.0,711.224304,444,0.0,0.0
2021-10-04,1233.0,1242.0,1134.0,1134.0,640.101868,954,0.0,0.0
2021-10-05,1161.0,1179.0,1062.0,1071.0,604.540649,1136,0.0,0.0
2021-10-06,1080.0,1179.0,1062.0,1107.0,624.861328,753,0.0,0.0
2021-10-07,1134.0,1170.0,1107.0,1143.0,645.182068,487,0.0,0.0
2021-10-08,1161.0,1170.0,1098.0,1116.0,629.941528,392,0.0,0.0
2021-10-11,1134.0,1152.0,1116.0,1134.0,640.101868,454,0.0,0.0
2021-10-12,1143.0,1161.0,1125.0,1134.0,640.101868,219,0.0,0.0
2021-10-13,1134.0,1170.0,1107.0,1170.0,660.422546,220,0.0,0.0
2021-10-14,1206.0,1215.0,1134.0,1143.0,645.182068,288,0.0,0.0
2021-10-15,1143.0,1161.0,1098.0,1098.0,619.781189,250,0.0,0.0
2021-10-18,1107.0,1134.0,981.0,1026.0,579.139771,2358,0.0,0.0
2021-10-19,1017.0,1062.0,981.0,999.0,563.899292,2457,0.0,0.0
2021-10-20,1008.0,1080.0,999.0,1044.0,589.30011,1282,0.0,0.0
2021-10-21,1017.0,1062.0,1017.0,1044.0,589.30011,492,0.0,0.0
2021-10-22,1035.0,1062.0,972.0,1026.0,579.139771,958,0.0,0.0
2021-10-25,1008.0,1080.0,1008.0,1062.0,599.46051,795,0.0,0.0
2021-10-26,1062.0,1368.0,1062.0,1215.0,685.823425,4429,0.0,0.0
2021-10-27,1197.0,1260.0,1116.0,1134.0,640.101868,1544,0.0,0.0
2021-10-28,1134.0,1161.0,1125.0,1152.0,650.262207,406,0.0,0.0
2021-10-29,1144.800049,1246.5,1144.800049,1206.0,680.743286,784,0.0,0.0
2021-11-01,1215.0,1278.0,1170.0,1260.0,711.224304,638,0.0,0.0
2021-11-02,1269.0,1278.0,1224.0,1269.0,716.304504,542,0.0,0.0
2021-11-03,1260.0,1332.0,1255.5,1278.0,721.384644,484,0.0,0.0
2021-11-04,1350.0,1359.0,1242.0,1242.0,701.063965,738,0.0,0.0
2021-11-05,1260.0,1278.0,1215.0,1233.0,695.983765,492,0.0,0.0
2021-11-08,1224.0,1260.0,1206.0,1224.0,690.903625,490,0.0,0.0
2021-11-09,1233.0,1269.0,1197.0,1224.0,690.903625,555,0.0,0.0
2021-11-10,1179.0,1233.0,1152.0,1179.0,665.502747,632,0.0,0.0
2021-11-11,1188.0,1215.0,1173.599976,1206.0,680.743286,356,0.0,0.0
2021-11-12,1206.0,1206.0,1161.0,1170.0,660.422546,348,0.0,0.0
2021-11-15,1179.0,1179.0,1134.0,1152.0,650.262207,488,0.0,0.0
2021-11-16,1161.0,1161.0,1089.0,1107.0,624.861328,550,0.0,0.0
2021-11-17,1125.0,1125.0,1035.0,1053.0,594.38031,755,0.0,0.0
2021-11-18,1035.0,1080.0,992.700012,999.0,563.899292,598,0.0,0.0
2021-11-19,990.0,1014.299988,954.0,963.0,543.578552,855,0.0,0.0
2021-11-22,1008.0,1017.0,909.0,945.0,533.418213,809,0.0,0.0
2021-11-23,963.0,963.0,882.0,900.0,508.017365,712,0.0,0.0
2021-11-24,918.0,954.0,898.200012,954.0,538.498413,512,0.0,0.0
2021-11-26,963.0,979.200012,900.0,927.0,523.257874,369,0.0,0.0
2021-11-29,945.0,945.0,884.700012,900.0,508.017365,699,0.0,0.0
2021-11-30,882.0,932.400024,864.0,927.0,523.257874,577,0.0,0.0
2021-12-01,936.0,936.0,837.0,862.200012,486.680634,1112,0.0,0.0
2021-12-02,843.299988,880.200012,810.900024,839.700012,473.980194,605,0.0,0.0
2021-12-03,837.0,846.0,810.0,819.0,462.295807,545,0.0,0.0
2021-12-06,945.0,1170.0,900.0,1080.0,609.62085,48200,0.0,0.0
2021-12-07,1008.0,1044.0,954.0,1026.0,579.139771,7067,0.0,0.0
2021-12-08,990.0,1089.0,963.0,1089.0,614.700989,2258,0.0,0.0
2021-12-09,1080.0,1305.0,1044.0,1242.0,701.063965,4985,0.0,0.0
2021-12-10,1350.0,1575.0,1269.0,1350.0,762.026062,46665,0.0,0.0
2021-12-13,1297.800049,1323.0,1071.0,1098.0,619.781189,7617,0.0,0.0
2021-12-14,1045.800049,1134.0,1017.0,1053.0,594.38031,3531,0.0,0.0
2021-12-15,1053.0,1053.0,936.0,1026.0,579.139771,2461,0.0,0.0
2021-12-16,990.0,1026.0,954.0,972.0,548.658752,1643,0.0,0.0
2021-12-17,954.0,1012.5,900.0,972.0,548.658752,1716,0.0,0.0
2021-12-20,936.0,1017.0,927.0,999.0,563.899292,1181,0.0,0.0
2021-12-21,990.0,1107.0,990.0,1035.0,584.219971,3743,0.0,0.0
2021-12-22,1008.0,1017.0,981.0,981.0,553.738953,781,0.0,0.0
2021-12-23,1026.0,1026.0,945.0,1008.0,568.979431,1380,0.0,0.0
2021-12-27,990.0,999.0,963.0,981.0,553.738953,1045,0.0,0.0
2021-12-28,954.0,981.0,918.0,927.0,523.257874,1159,0.0,0.0
2021-12-29,936.0,954.0,882.0,900.0,508.017365,1207,0.0,0.0
2021-12-30,891.0,999.0,882.900024,972.0,548.658752,1477,0.0,0.0
2021-12-31,954.0,990.0,918.0,918.0,518.177734,1095,0.0,0.0
2022-01-03,918.0,1035.0,918.0,1017.0,574.059631,1019,0.0,0.0
2022-01-04,1026.0,1062.0,963.0,1035.0,584.219971,1108,0.0,0.0
2022-01-05,1017.0,1035.0,936.0,936.0,528.338074,674,0.0,0.0
2022-01-06,936.0,981.0,909.0,918.0,518.177734,544,0.0,0.0
2022-01-07,927.0,954.0,918.0,918.0,518.177734,476,0.0,0.0
2022-01-10,909.0,922.5,882.900024,909.0,513.097534,897,0.0,0.0
2022-01-11,927.0,954.0,909.0,936.0,528.338074,481,0.0,0.0
2022-01-12,954.0,954.0,900.0,900.0,508.017365,415,0.0,0.0
2022-01-13,972.0,981.0,693.0,707.400024,399.301666,18088,0.0,0.0
2022-01-14,676.799988,693.0,586.799988,618.299988,349.007935,6954,0.0,0.0
2022-01-18,639.0,650.700012,612.0,620.099976,350.023956,1686,0.0,0.0
2022-01-19,629.099976,648.0,560.700012,594.0,335.291473,1777,0.0,0.0
2022-01-20,585.0,612.0,567.0,579.599976,327.163177,1781,0.0,0.0
2022-01-21,576.0,632.700012,558.900024,567.0,320.050934,1483,0.0,0.0
2022-01-24,549.0,579.599976,524.700012,567.0,320.050934,1376,0.0,0.0
2022-01-25,558.0,597.599976,549.0,563.400024,318.01889,680,0.0,0.0
2022-01-26,577.799988,590.400024,531.0,540.0,304.810425,971,0.0,0.0
2022-01-27,548.099976,576.0,486.899994,490.5,276.869476,2243,0.0,0.0
2022-01-28,491.399994,509.399994,473.399994,508.5,287.029816,1276,0.0,0.0
2022-01-31,510.299988,567.0,498.600006,558.900024,315.47879,1810,0.0,0.0
2022-02-01,562.5,579.599976,541.799988,558.0,314.970764,1224,0.0,0.0
2022-02-02,580.5,588.599976,522.900024,529.200012,298.714203,810,0.0,0.0
2022-02-03,532.799988,540.0,495.0,506.700012,286.013794,592,0.0,0.0
2022-02-04,522.0,522.0,477.0,508.5,287.029816,943,0.0,0.0
2022-02-07,522.0,531.0,504.0,513.0,289.569885,563,0.0,0.0
2022-02-08,529.200012,530.099976,502.200012,505.799988,285.505737,448,0.0,0.0
2022-02-09,512.099976,547.200012,496.799988,524.700012,296.174133,2754,0.0,0.0
2022-02-10,522.0,531.0,504.0,509.399994,287.537811,726,0.0,0.0
2022-02-11,509.399994,509.399994,457.200012,459.899994,259.596863,1378,0.0,0.0
2022-02-14,471.600006,471.600006,459.0,459.0,259.088867,898,0.0,0.0
2022-02-15,462.600006,520.200012,462.600006,512.099976,289.061859,932,0.0,0.0
2022-02-16,513.0,517.5,486.899994,495.0,279.409546,539,0.0,0.0
2022-02-17,490.5,495.0,475.200012,478.799988,270.265228,427,0.0,0.0
2022-02-18,478.799988,493.200012,459.0,493.200012,278.393524,522,0.0,0.0
2022-02-22,486.0,503.100006,459.0,473.399994,267.217133,519,0.0,0.0
2022-02-23,473.399994,473.399994,450.899994,451.799988,255.024704,746,0.0,0.0
2022-02-24,418.5,473.399994,414.0,465.299988,262.644958,1072,0.0,0.0
2022-02-25,450.0,493.200012,441.0,483.299988,272.805328,493,0.0,0.0
2022-02-28,486.0,504.0,460.799988,487.799988,275.345398,424,0.0,0.0
2022-03-01,495.899994,504.899994,487.799988,499.5,281.949646,395,0.0,0.0
2022-03-02,506.700012,522.0,487.799988,499.5,281.949646,234,0.0,0.0
2022-03-03,504.0,521.099976,469.799988,472.5,266.709106,243,0.0,0.0
2022-03-04,477.0,486.0,444.600006,455.399994,257.056793,424,0.0,0.0
2022-03-07,458.100006,477.0,439.200012,459.0,259.088867,541,0.0,0.0
2022-03-08,459.0,490.5,450.0,479.700012,270.773254,611,0.0,0.0
2022-03-09,500.399994,517.5,468.0,514.799988,290.585938,623,0.0,0.0
2022-03-10,505.799988,566.099976,494.100006,565.200012,319.034912,433,0.0,0.0
2022-03-11,573.299988,573.299988,522.0,540.0,304.810425,386,0.0,0.0
2022-03-14,549.0,549.0,486.0,490.5,276.869476,382,0.0,0.0
2022-03-15,510.299988,532.799988,489.600006,504.0,284.489716,199,0.0,0.0
2022-03-16,513.0,540.0,496.799988,517.5,292.109985,278,0.0,0.0
2022-03-17,517.5,563.400024,503.100006,549.0,309.890594,756,0.0,0.0
2022-03-18,558.0,675.0,549.0,636.299988,359.168274,1840,0.0,0.0
2022-03-21,672.299988,675.0,612.0,630.0,355.612152,697,0.0,0.0
2022-03-22,639.0,680.400024,617.400024,666.0,375.932861,411,0.0,0.0
2022-03-23,693.0,693.0,630.0,676.799988,382.029053,403,0.0,0.0
2022-03-24,670.5,688.5,648.0,657.0,370.852661,274,0.0,0.0
2022-03-25,657.0,675.0,630.0,648.0,365.772491,394,0.0,0.0
2022-03-28,643.5,657.0,563.400024,628.200012,354.59613,558,0.0,0.0
2022-03-29,612.0,647.099976,612.0,613.799988,346.467834,269,0.0,0.0
2022-03-30,609.299988,675.0,609.299988,657.0,370.852661,781,0.0,0.0
2022-03-31,639.0,675.0,585.0,585.0,330.211273,855,0.0,0.0
2022-04-01,619.200012,711.0,612.0,636.299988,359.168274,1958,0.0,0.0
2022-04-04,630.900024,675.0,619.200012,630.0,355.612152,673,0.0,0.0
2022-04-05,630.0,639.0,589.5,596.700012,336.815521,538,0.0,0.0
2022-04-06,603.0,603.0,540.0,549.0,309.890594,620,0.0,0.0
2022-04-07,621.0,680.400024,576.0,601.200012,339.355591,11021,0.0,0.0
2022-04-08,581.400024,604.799988,532.799988,532.799988,300.746277,1559,0.0,0.0
2022-04-11,532.799988,540.0,481.5,495.899994,279.917572,800,0.0,0.0
2022-04-12,504.0,504.0,477.899994,488.700012,275.853424,1053,0.0,0.0
2022-04-13,486.0,513.900024,486.0,508.5,287.029816,756,0.0,0.0
2022-04-14,509.399994,517.5,469.799988,476.100006,268.74118,790,0.0,0.0
2022-04-18,481.5,495.0,424.799988,441.899994,249.436523,977,0.0,0.0
2022-04-19,442.799988,472.5,436.5,444.600006,250.960587,842,0.0,0.0
2022-04-20,448.200012,448.200012,423.899994,440.100006,248.420486,432,0.0,0.0
2022-04-21,441.899994,455.399994,392.399994,404.100006,228.099792,906,0.0,0.0
2022-04-22,414.0,425.700012,400.5,413.100006,233.179977,360,0.0,0.0
2022-04-25,405.0,415.799988,366.299988,382.5,215.907379,1014,0.0,0.0
2022-04-26,373.5,400.5,370.799988,383.399994,216.41539,353,0.0,0.0
2022-04-27,378.899994,404.100006,378.0,398.700012,225.051697,212,0.0,0.0
2022-04-28,398.700012,398.700012,373.5,378.0,213.367294,423,0.0,0.0
2022-04-29,393.299988,396.0,377.100006,378.0,213.367294,342,0.0,0.0
2022-05-02,392.399994,396.0,351.0,373.5,210.827209,696,0.0,0.0
2022-05-03,393.299988,414.0,373.5,412.200012,232.671951,665,0.0,0.0
2022-05-04,397.799988,421.200012,387.0,397.799988,224.543671,367,0.0,0.0
2022-05-05,400.5,423.0,370.799988,376.200012,212.351257,307,0.0,0.0
2022-05-06,369.899994,388.799988,356.399994,368.100006,207.779099,385,0.0,0.0
2022-05-09,367.200012,379.799988,342.0,347.399994,196.094696,481,0.0,0.0
2022-05-10,351.0,378.0,337.5,348.299988,196.602707,437,0.0,0.0
2022-05-11,360.0,369.0,328.5,341.100006,192.538589,319,0.0,0.0
2022-05-12,333.0,360.0,306.0,333.899994,188.474442,791,0.0,0.0
2022-05-13,331.200012,378.0,331.200012,358.200012,202.190918,697,0.0,0.0
2022-05-16,364.5,364.5,351.899994,351.899994,198.634781,199,0.0,0.0
2022-05-17,373.5,376.200012,353.700012,369.0,208.287125,285,0.0,0.0
2022-05-18,343.799988,382.5,343.799988,360.0,203.20694,406,0.0,0.0
2022-05-19,374.399994,378.0,351.0,360.0,203.20694,317,0.0,0.0
2022-05-20,374.399994,378.0,342.899994,360.0,203.20694,581,0.0,0.0
2022-05-23,378.0,378.0,352.799988,354.600006,200.158844,303,0.0,0.0
2022-05-24,352.799988,353.700012,337.5,342.0,193.0466,198,0.0,0.0
2022-05-25,351.0,351.0,337.5,342.0,193.0466,198,0.0,0.0
2022-05-26,344.700012,365.399994,341.100006,347.399994,196.094696,335,0.0,0.0
2022-05-27,360.0,360.0,340.200012,341.100006,192.538589,305,0.0,0.0
2022-05-31,351.899994,368.100006,337.5,366.299988,206.763062,907,0.0,0.0
2022-06-01,360.0,378.0,345.600006,352.799988,199.142792,678,0.0,0.0
2022-06-02,360.0,369.0,347.399994,369.0,208.287125,321,0.0,0.0
2022-06-03,360.0,403.200012,355.5,401.399994,226.575745,573,0.0,0.0
2022-06-06,401.399994,424.799988,378.0,415.799988,234.70401,444,0.0,0.0
2022-06-07,423.0,423.0,396.0,396.0,223.527634,344,0.0,0.0
2022-06-08,412.200012,468.0,396.0,450.0,254.008682,568,0.0,0.0
2022-06-09,441.0,495.0,432.899994,467.100006,263.661011,927,0.0,0.0
2022-06-10,486.0,491.399994,432.0,433.799988,244.864365,339,0.0,0.0
2022-06-13,434.700012,434.700012,405.0,423.0,238.768158,346,0.0,0.0
2022-06-14,423.0,431.100006,405.899994,412.200012,232.671951,145,0.0,0.0
2022-06-15,423.899994,486.0,423.0,468.0,264.169037,906,0.0,0.0
2022-06-16,467.100006,483.299988,443.700012,459.0,259.088867,390,0.0,0.0
2022-06-17,486.0,486.0,450.899994,458.100006,258.580841,523,0.0,0.0
2022-06-21,477.0,486.0,441.899994,441.899994,249.436523,326,0.0,0.0
2022-06-22,459.0,477.0,450.0,450.0,254.008682,349,0.0,0.0
2022-06-23,459.0,472.5,450.899994,459.0,259.088867,216,0.0,0.0
2022-06-24,472.5,478.799988,450.0,450.0,254.008682,422,0.0,0.0
2022-06-27,450.0,459.0,432.0,436.5,246.388428,344,0.0,0.0
2022-06-28,433.799988,450.899994,405.0,405.0,228.607819,590,0.0,0.0
2022-06-29,405.0,427.5,379.799988,379.799988,214.383316,419,0.0,0.0
2022-06-30,383.399994,383.399994,348.299988,350.100006,197.618759,714,0.0,0.0
2022-07-01,385.200012,399.600006,354.600006,393.299988,222.003586,309,0.0,0.0
2022-07-05,396.0,414.0,379.799988,408.600006,230.639893,177,0.0,0.0
2022-07-06,387.899994,423.0,387.899994,411.299988,232.163925,154,0.0,0.0
2022-07-07,414.0,427.5,414.0,414.0,233.687988,176,0.0,0.0
2022-07-08,423.0,445.5,419.399994,438.299988,247.404449,147,0.0,0.0
2022-07-11,441.0,445.5,418.5,428.399994,241.816254,157,0.0,0.0
2022-07-12,432.0,441.0,405.899994,414.0,233.687988,80,0.0,0.0
2022-07-13,400.5,432.0,400.5,414.899994,234.195999,106,0.0,0.0
2022-07-14,419.399994,432.0,413.100006,414.899994,234.195999,57,0.0,0.0
2022-07-15,432.0,441.0,396.899994,405.0,228.607819,283,0.0,0.0
2022-07-18,408.600006,432.0,395.100006,414.899994,234.195999,128,0.0,0.0
2022-07-19,414.0,421.200012,406.799988,414.0,233.687988,131,0.0,0.0
2022-07-20,416.700012,432.0,413.100006,428.399994,241.816254,213,0.0,0.0
2022-07-21,425.700012,436.5,423.899994,433.799988,244.864365,98,0.0,0.0
2022-07-22,432.0,432.0,414.0,427.5,241.308243,270,0.0,0.0
2022-07-25,432.0,438.299988,396.899994,417.600006,235.720062,126,0.0,0.0
2022-07-26,415.799988,420.299988,396.0,397.799988,224.543671,101,0.0,0.0
2022-07-27,393.299988,396.899994,384.299988,391.5,220.987549,113,0.0,0.0
2022-07-28,396.0,423.0,390.600006,414.0,233.687988,161,0.0,0.0
2022-07-29,421.200012,432.0,369.0,388.799988,219.463486,270,0.0,0.0
2022-08-01,375.299988,385.200012,375.299988,378.0,213.367294,188,0.0,0.0
2022-08-02,360.899994,378.0,360.899994,366.299988,206.763062,297,0.0,0.0
2022-08-03,378.0,387.0,377.100006,385.200012,217.431442,114,0.0,0.0
2022-08-04,378.899994,396.0,366.299988,370.799988,209.303146,355,0.0,0.0
2022-08-05,387.0,387.0,361.799988,373.5,210.827209,132,0.0,0.0
2022-08-08,374.399994,387.0,360.0,363.600006,205.239014,466,0.0,0.0
2022-08-09,369.0,377.100006,360.0,364.5,205.747025,242,0.0,0.0
2022-08-10,288.0,306.0,230.399994,280.799988,158.501404,5366,0.0,0.0
2022-08-11,270.0,279.0,252.0,273.600006,154.437286,1083,0.0,0.0
2022-08-12,273.600006,287.100006,270.0,284.399994,160.533478,694,0.0,0.0
2022-08-15,284.399994,288.0,270.899994,288.0,162.565552,470,0.0,0.0
2022-08-16,306.0,315.0,288.0,309.600006,174.75798,601,0.0,0.0
2022-08-17,315.0,315.0,291.600006,307.799988,173.741928,509,0.0,0.0
2022-08-18,312.299988,312.299988,288.899994,298.799988,168.661758,329,0.0,0.0
2022-08-19,297.0,313.200012,282.600006,288.0,162.565552,255,0.0,0.0
2022-08-22,280.799988,288.0,253.800003,264.600006,149.357101,781,0.0,0.0
2022-08-23,261.0,276.299988,261.0,272.700012,153.92926,180,0.0,0.0
2022-08-24,265.5,295.200012,265.5,288.0,162.565552,116,0.0,0.0
2022-08-25,288.899994,297.0,288.0,294.299988,166.121674,180,0.0,0.0
2022-08-26,288.0,297.0,271.799988,291.600006,164.597626,207,0.0,0.0
2022-08-29,288.0,291.600006,271.799988,276.299988,155.961319,144,0.0,0.0
2022-08-30,270.0,288.0,266.399994,286.200012,161.54953,478,0.0,0.0
2022-08-31,280.799988,288.0,270.899994,281.700012,159.009445,106,0.0,0.0
2022-09-01,286.200012,288.0,261.0,269.100006,151.897202,136,0.0,0.0
2022-09-02,272.700012,286.200012,256.5,261.899994,147.833054,278,0.0,0.0
2022-09-06,274.5,277.200012,261.0,264.600006,149.357101,94,0.0,0.0
2022-09-07,274.5,274.5,259.200012,269.100006,151.897202,178,0.0,0.0
2022-09-08,270.0,273.600006,252.899994,262.799988,148.341064,212,0.0,0.0
2022-09-09,270.0,270.0,251.100006,261.0,147.325027,534,0.0,0.0
2022-09-12,268.200012,270.0,252.899994,255.600006,144.276932,289,0.0,0.0
2022-09-13,267.299988,267.299988,247.5,256.5,144.784943,435,0.0,0.0
2022-09-14,261.0,265.5,252.0,252.0,142.244858,227,0.0,0.0
2022-09-15,260.100006,264.600006,243.0,254.699997,143.768906,253,0.0,0.0
2022-09-16,252.899994,259.200012,245.699997,246.600006,139.196762,157,0.0,0.0
2022-09-19,243.0,252.0,240.300003,242.100006,136.656677,227,0.0,0.0
2022-09-20,235.800003,248.399994,234.0,234.0,132.084518,167,0.0,0.0
2022-09-21,242.100006,242.100006,227.699997,230.399994,130.052444,191,0.0,0.0
2022-09-22,225.0,234.0,214.199997,216.0,121.924164,254,0.0,0.0
2022-09-23,216.0,229.5,202.5,216.0,121.924164,257,0.0,0.0
2022-09-26,225.0,228.600006,206.100006,213.300003,120.400116,125,0.0,0.0
2022-09-27,207.0,215.100006,202.5,203.399994,114.81192,85,0.0,0.0
2022-09-28,202.5,224.100006,202.5,207.899994,117.352005,124,0.0,0.0
2022-09-29,213.300003,225.0,198.899994,211.5,119.384079,111,0.0,0.0
2022-09-30,217.800003,225.0,200.699997,200.699997,113.287872,121,0.0,0.0
2022-10-03,198.899994,220.5,198.899994,207.0,116.843994,309,0.0,0.0
2022-10-04,207.0,225.0,207.0,216.0,121.924164,354,0.0,0.0
2022-10-05,238.5,261.0,217.800003,237.600006,134.116592,294,0.0,0.0
2022-10-06,255.600006,255.600006,238.5,241.199997,136.148651,123,0.0,0.0
2022-10-07,242.100006,244.800003,216.0,216.0,121.924164,102,0.0,0.0
2022-10-10,216.0,231.300003,198.0,218.699997,123.448219,181,0.0,0.0
2022-10-11,216.0,247.5,207.899994,216.0,121.924164,303,0.0,0.0
2022-10-12,218.699997,242.100006,207.0,214.199997,120.908127,107,0.0,0.0
2022-10-13,211.5,222.300003,211.5,216.0,121.924164,78,0.0,0.0
2022-10-14,207.0,227.699997,207.0,218.699997,123.448219,72,0.0,0.0
2022-10-17,225.0,234.0,216.0,218.699997,123.448219,147,0.0,0.0
2022-10-18,218.699997,234.0,218.699997,225.0,127.004341,64,0.0,0.0
2022-10-19,228.600006,243.0,221.399994,225.0,127.004341,165,0.0,0.0
2022-10-20,225.0,240.300003,216.0,225.0,127.004341,126,0.0,0.0
2022-10-21,216.0,225.0,216.0,216.0,121.924164,97,0.0,0.0
2022-10-24,216.0,224.100006,216.0,219.600006,123.956238,100,0.0,0.0
2022-10-25,216.0,235.800003,216.0,235.800003,133.100555,205,0.0,0.0
2022-10-26,235.800003,236.699997,223.199997,223.199997,125.988304,121,0.0,0.0
2022-10-27,216.0,234.0,216.0,233.100006,131.576508,174,0.0,0.0
2022-10-28,225.899994,243.0,216.0,226.800003,128.02037,178,0.0,0.0
2022-10-31,225.899994,241.199997,220.5,230.399994,130.052444,144,0.0,0.0
2022-11-01,241.199997,254.699997,226.800003,240.300003,135.64064,265,0.0,0.0
2022-11-02,242.100006,247.5,234.0,243.899994,137.672699,164,0.0,0.0
2022-11-03,243.0,256.5,243.0,245.699997,138.688736,209,0.0,0.0
2022-11-04,252.0,270.0,249.300003,250.199997,141.228821,598,0.0,0.0
2022-11-07,252.0,252.0,233.100006,234.0,132.084518,120,0.0,0.0
2022-11-08,230.399994,244.800003,225.899994,243.0,137.164688,109,0.0,0.0
2022-11-09,248.399994,248.399994,216.0,221.399994,124.972267,141,0.0,0.0
2022-11-10,240.300003,240.300003,218.699997,225.0,127.004341,148,0.0,0.0
2022-11-11,225.0,261.0,216.0,243.0,137.164688,202,0.0,0.0
2022-11-14,225.0,243.0,213.300003,239.399994,135.132614,527,0.0,0.0
2022-11-15,232.199997,243.0,214.199997,221.399994,124.972267,237,0.0,0.0
2022-11-16,208.800003,225.0,202.5,206.100006,116.335976,301,0.0,0.0
2022-11-17,215.100006,215.100006,198.0,202.5,114.303909,434,0.0,0.0
2022-11-18,212.399994,212.399994,207.0,209.699997,118.368042,79,0.0,0.0
2022-11-21,218.699997,218.699997,202.5,202.5,114.303909,199,0.0,0.0
2022-11-22,204.300003,211.5,198.899994,198.899994,112.271835,180,0.0,0.0
2022-11-23,201.600006,207.899994,198.899994,207.0,116.843994,80,0.0,0.0
2022-11-25,204.300003,207.0,200.699997,206.100006,116.335976,39,0.0,0.0
2022-11-28,204.300003,207.899994,202.5,207.0,116.843994,110,0.0,0.0
2022-11-29,205.199997,207.0,204.300003,206.100006,116.335976,63,0.0,0.0
2022-11-30,207.0,211.5,198.0,209.699997,118.368042,347,0.0,0.0
2022-12-01,211.5,211.5,198.0,203.399994,114.81192,328,0.0,0.0
2022-12-02,201.600006,207.0,198.899994,204.300003,115.319946,154,0.0,0.0
2022-12-05,204.300003,207.0,193.5,193.5,109.223732,517,0.0,0.0
2022-12-06,198.0,198.0,180.899994,188.100006,106.175629,160,0.0,0.0
2022-12-07,189.0,189.0,171.0,179.100006,101.095459,377,0.0,0.0
2022-12-08,180.0,188.100006,171.899994,182.699997,103.127525,229,0.0,0.0
2022-12-09,180.0,191.699997,180.0,187.199997,105.66761,145,0.0,0.0
2022-12-12,189.0,189.0,159.300003,159.300003,89.919075,595,0.0,0.0
2022-12-13,164.699997,171.0,154.800003,160.199997,90.427086,519,0.0,0.0
2022-12-14,166.5,168.300003,149.399994,151.199997,85.346916,487,0.0,0.0
2022-12-15,151.199997,156.600006,142.199997,153.0,86.362953,426,0.0,0.0
2022-12-16,153.0,153.0,142.199997,152.100006,85.854935,473,0.0,0.0
2022-12-19,147.600006,153.0,140.399994,148.5,83.822868,231,0.0,0.0
2022-12-20,144.899994,148.5,133.199997,133.199997,75.186569,265,0.0,0.0
2022-12-21,135.0,139.5,117.0,125.099998,70.61441,432,0.0,0.0
2022-12-22,123.300003,126.0,112.5,114.300003,64.518204,349,0.0,0.0
2022-12-23,121.5,121.5,99.900002,107.099998,60.454063,884,0.0,0.0
2022-12-27,115.199997,123.300003,103.5,122.400002,69.090363,805,0.0,0.0
2022-12-28,117.0,126.0,117.0,126.0,71.122429,415,0.0,0.0
2022-12-29,117.0,138.600006,115.199997,123.300003,69.598381,676,0.0,0.0
2022-12-30,119.699997,138.600006,119.699997,135.0,76.202606,759,0.0,0.0
2023-01-03,135.0,135.0,119.699997,123.300003,69.598381,537,0.0,0.0
2023-01-04,126.900002,328.5,126.900002,214.199997,120.908127,15455,0.0,0.0
2023-01-05,207.0,207.0,154.800003,160.199997,90.427086,1995,0.0,0.0
2023-01-06,144.0,207.0,144.0,203.399994,114.81192,1780,0.0,0.0
2023-01-09,180.0,188.100006,171.0,172.800003,97.539337,6117,0.0,0.0
2023-01-10,270.899994,343.799988,245.699997,252.0,142.244858,37673,0.0,0.0
2023-01-11,234.0,237.600006,209.699997,228.600006,129.036407,2386,0.0,0.0
2023-01-12,234.0,261.0,228.600006,254.699997,143.768906,1587,0.0,0.0
2023-01-13,254.699997,260.100006,231.300003,241.199997,136.148651,1066,0.0,0.0
2023-01-17,242.100006,243.0,225.0,238.5,134.624603,653,0.0,0.0
2023-01-18,256.5,256.5,225.0,225.0,127.004341,604,0.0,0.0
2023-01-19,234.0,234.0,188.100006,191.699997,108.207695,1095,0.0,0.0
2023-01-20,198.0,214.199997,191.699997,207.0,116.843994,452,0.0,0.0
2023-01-23,210.600006,211.5,197.100006,204.300003,115.319946,246,0.0,0.0
2023-01-24,198.0,207.0,198.0,203.399994,114.81192,234,0.0,0.0
2023-01-25,198.0,207.0,198.0,207.0,116.843994,197,0.0,0.0
2023-01-26,216.0,216.0,200.699997,213.300003,120.400116,182,0.0,0.0
2023-01-27,223.199997,229.5,201.600006,229.5,129.544434,540,0.0,0.0
2023-01-30,230.399994,234.0,212.399994,220.5,124.464256,290,0.0,0.0
2023-01-31,220.5,234.0,216.0,234.0,132.084518,387,0.0,0.0
2023-02-01,243.0,243.0,220.5,222.300003,125.480293,224,0.0,0.0
2023-02-02,234.0,234.0,224.100006,233.100006,131.576508,507,0.0,0.0
2023-02-03,243.0,243.0,228.600006,229.5,129.544434,270,0.0,0.0
2023-02-06,235.800003,242.100006,229.5,238.5,134.624603,257,0.0,0.0
2023-02-07,238.5,260.100006,234.0,243.0,137.164688,595,0.0,0.0
2023-02-08,247.5,252.899994,230.399994,234.0,132.084518,392,0.0,0.0
2023-02-09,232.199997,243.0,220.5,225.0,127.004341,315,0.0,0.0
2023-02-10,216.0,223.199997,198.0,201.600006,113.795891,611,0.0,0.0
2023-02-13,197.0,197.0,168.5,193.5,109.223732,1378,0.0,0.055556
2023-02-14,187.5,187.5,173.449997,175.0,98.781151,946,0.0,0.0
2023-02-15,178.5,199.0,175.0,175.5,99.063385,1186,0.0,0.0
2023-02-16,177.5,180.550003,175.0,177.0,99.91008,350,0.0,0.0
2023-02-17,176.5,180.300003,175.0,179.0,101.039009,266,0.0,0.0
2023-02-21,175.0,178.5,167.5,171.5,96.805527,288,0.0,0.0
2023-02-22,171.0,173.399994,165.5,169.5,95.676605,110,0.0,0.0
2023-02-23,167.0,175.0,166.0,174.5,98.498924,396,0.0,0.0
2023-02-24,171.75,174.5,163.0,168.699997,95.225029,254,0.0,0.0
2023-02-27,171.0,174.25,167.5,167.5,94.547676,130,0.0,0.0
2023-02-28,166.899994,168.5,165.0,166.75,94.124329,148,0.0,0.0
2023-03-01,165.0,165.0,144.0,149.0,84.105095,544,0.0,0.0
2023-03-02,145.0,155.899994,145.0,151.0,85.234024,324,0.0,0.0
2023-03-03,154.5,157.399994,150.949997,155.5,87.774109,148,0.0,0.0
2023-03-06,159.0,162.5,153.5,153.5,86.64518,338,0.0,0.0
2023-03-07,153.5,160.5,153.0,157.5,88.903038,170,0.0,0.0
2023-03-08,157.5,158.399994,150.0,153.0,86.362953,208,0.0,0.0
2023-03-09,151.0,153.0,147.600006,150.0,84.669563,262,0.0,0.0
2023-03-10,148.5,148.5,126.5,130.5,73.662514,348,0.0,0.0
2023-03-13,130.0,130.0,120.349998,120.5,68.017883,300,0.0,0.0
2023-03-14,127.0,130.449997,120.099998,120.5,68.017883,372,0.0,0.0
2023-03-15,123.5,131.0,115.0,127.5,71.969124,318,0.0,0.0
2023-03-16,122.5,128.449997,121.0,126.5,71.404663,398,0.0,0.0
2023-03-17,127.5,130.0,122.0,125.0,70.557968,802,0.0,0.0
2023-03-20,123.0,130.0,121.150002,127.5,71.969124,1056,0.0,0.0
2023-03-21,133.5,135.5,128.0,135.5,76.484833,692,0.0,0.0
2023-03-22,134.5,135.0,123.5,126.5,71.404663,228,0.0,0.0
2023-03-23,130.0,130.0,121.0,121.0,68.30011,366,0.0,0.0
2023-03-24,124.75,129.5,124.75,129.5,73.098053,164,0.0,0.0
2023-03-27,133.949997,134.0,130.0,134.0,75.638138,240,0.0,0.0
2023-03-28,134.350006,135.5,130.0,131.5,74.226982,238,0.0,0.0
2023-03-29,132.0,132.75,129.050003,129.75,73.239166,154,0.0,0.0
2023-03-30,133.0,151.0,133.0,151.0,85.234024,1514,0.0,0.0
2023-03-31,156.5,160.0,147.5,154.0,86.927414,564,0.0,0.0
2023-04-03,152.5,152.5,145.5,148.0,83.540634,360,0.0,0.0
2023-04-04,146.5,156.5,139.300003,142.949997,80.690086,242,0.0,0.0
2023-04-05,140.5,145.5,129.0,129.0,72.815819,348,0.0,0.0
2023-04-06,135.0,142.0,128.899994,136.0,76.767067,586,0.0,0.0
2023-04-10,147.0,147.0,134.75,135.0,76.202606,198,0.0,0.0
2023-04-11,134.5,141.350006,134.5,136.5,77.049301,140,0.0,0.0
2023-04-12,136.0,142.0,131.0,137.0,77.331535,440,0.0,0.0
2023-04-13,134.0,140.0,134.0,140.0,79.024925,128,0.0,0.0
2023-04-14,136.5,137.0,135.0,136.0,76.767067,128,0.0,0.0
2023-04-17,140.399994,148.5,137.0,146.5,82.693939,740,0.0,0.0
2023-04-18,150.0,159.0,150.0,156.5,88.338577,254,0.0,0.0
2023-04-19,167.5,252.5,167.5,223.0,125.875412,797814,0.0,0.0
2023-04-20,207.0,227.5,203.0,219.0,123.617561,19876,0.0,0.0
2023-04-21,221.0,235.0,205.0,207.5,117.126228,16840,0.0,0.0
2023-04-24,199.5,225.5,195.0,217.0,122.488632,5430,0.0,0.0
2023-04-25,210.5,226.0,201.5,223.5,126.157646,3308,0.0,0.0
2023-04-26,214.5,280.0,214.5,280.0,158.04985,9712,0.0,0.0
2023-04-27,259.5,274.5,243.5,266.5,150.429581,3908,0.0,0.0
2023-04-28,260.5,267.0,256.5,263.0,148.453964,1208,0.0,0.0
2023-05-01,263.0,312.0,259.149994,302.0,170.468048,5768,0.0,0.0
2023-05-02,309.5,309.5,284.0,305.0,172.161438,1756,0.0,0.0
2023-05-03,300.5,314.5,296.549988,311.5,175.83046,2390,0.0,0.0
2023-05-04,308.0,370.0,308.0,366.5,206.875961,3548,0.0,0.0
2023-05-05,339.0,409.5,332.0,398.0,224.65657,4118,0.0,0.0
2023-05-08,396.0,433.0,396.0,433.0,244.412796,2970,0.0,0.0
2023-05-09,436.5,436.5,369.0,389.5,219.858627,3454,0.0,0.0
2023-05-10,390.5,394.0,278.5,299.0,168.774658,4262,0.0,0.0
2023-05-11,299.0,336.5,290.5,305.0,172.161438,3030,0.0,0.0
2023-05-12,336.0,372.5,331.450012,361.5,204.053635,3256,0.0,0.0
2023-05-15,362.0,385.75,361.0,384.0,216.754074,1078,0.0,0.0
2023-05-16,368.5,379.5,339.5,352.5,198.973465,946,0.0,0.0
2023-05-17,345.5,360.5,342.100006,359.0,202.642487,396,0.0,0.0
2023-05-18,351.0,353.75,320.0,339.0,191.35321,1010,0.0,0.0
2023-05-19,339.0,347.5,318.0,345.0,194.73999,938,0.0,0.0
2023-05-22,345.0,361.299988,341.0,352.0,198.691238,642,0.0,0.0
2023-05-23,350.0,386.25,350.0,369.0,208.287125,1326,0.0,0.0
2023-05-24,365.5,365.5,331.5,347.5,196.151154,432,0.0,0.0
2023-05-25,350.0,374.0,336.5,353.0,199.255692,826,0.0,0.0
2023-05-26,356.5,356.5,325.0,330.0,186.273026,646,0.0,0.0
2023-05-30,335.0,335.0,315.5,326.5,184.297409,348,0.0,0.0
2023-05-31,330.0,330.0,312.5,314.5,177.523849,410,0.0,0.0
2023-06-01,312.5,321.25,303.0,305.0,172.161438,572,0.0,0.0
2023-06-02,301.0,321.0,290.0,303.0,171.032516,1102,0.0,0.0
2023-06-05,301.0,310.0,291.0,291.0,164.258942,298,0.0,0.0
2023-06-06,291.0,304.5,291.0,301.0,169.90358,192,0.0,0.0
2023-06-07,300.0,304.5,292.5,297.5,167.927963,322,0.0,0.0
2023-06-08,290.149994,299.5,280.5,289.5,163.412247,172,0.0,0.0
2023-06-09,280.0,291.899994,263.5,263.5,148.736191,336,0.0,0.0
2023-06-12,263.5,269.0,254.5,261.5,147.607269,324,0.0,0.0
2023-06-13,256.5,275.0,249.5,263.0,148.453964,888,0.0,0.0
2023-06-14,261.799988,270.0,260.0,260.0,146.760574,404,0.0,0.0
2023-06-15,259.5,259.5,230.5,238.350006,134.539932,558,0.0,0.0
2023-06-16,235.0,244.5,235.0,244.5,138.011383,232,0.0,0.0
2023-06-20,244.5,251.5,240.5,250.5,141.398163,232,0.0,0.0
2023-06-21,249.0,267.5,249.0,260.5,147.042801,166,0.0,0.0
2023-06-22,268.5,268.5,241.0,241.5,136.317993,150,0.0,0.0
2023-06-23,241.5,249.25,236.0,241.5,136.317993,148,0.0,0.0
2023-06-26,239.0,241.5,231.0,234.5,132.366745,110,0.0,0.0
2023-06-27,234.5,236.0,225.0,229.0,129.262192,168,0.0,0.0
2023-06-28,230.0,230.0,222.0,222.0,125.310951,146,0.0,0.0
2023-06-29,221.5,221.5,206.5,209.0,117.972923,314,0.0,0.0
2023-06-30,206.0,213.0,200.5,205.0,115.715065,328,0.0,0.0
2023-07-03,202.0,204.5,200.5,202.5,114.303909,64,0.0,0.0
2023-07-05,201.5,209.0,201.5,208.5,117.690689,50,0.0,0.0
2023-07-06,207.5,209.5,202.5,209.0,117.972923,150,0.0,0.0
2023-07-07,209.5,212.0,199.0,203.5,114.86837,230,0.0,0.0
2023-07-10,212.0,215.0,207.0,212.5,119.948547,200,0.0,0.0
2023-07-11,214.5,235.0,213.0,232.5,131.237823,210,0.0,0.0
2023-07-12,230.0,247.5,230.0,247.5,139.704773,254,0.0,0.0
2023-07-13,241.0,245.0,205.0,205.0,115.715065,994,0.0,0.0
2023-07-14,218.0,218.0,206.449997,211.0,119.101845,154,0.0,0.0
2023-07-17,207.5,220.0,207.5,219.5,123.899788,126,0.0,0.0
2023-07-18,223.199997,226.0,220.0,224.0,126.43988,108,0.0,0.0
2023-07-19,221.600006,228.0,218.149994,226.0,127.568802,294,0.0,0.0
2023-07-20,227.0,235.0,217.5,217.5,122.770859,372,0.0,0.0
2023-07-21,219.5,219.5,202.0,202.0,114.021675,348,0.0,0.0
2023-07-24,199.0,209.0,196.0,200.0,112.892746,400,0.0,0.0
2023-07-25,196.0,198.699997,185.0,185.0,104.425789,356,0.0,0.0
2023-07-26,185.5,192.5,181.649994,184.5,104.143562,84,0.0,0.0
2023-07-27,191.75,191.75,182.5,188.0,106.119179,108,0.0,0.0
2023-07-28,184.5,217.5,184.5,207.0,116.843994,812,0.0,0.0
2023-07-31,214.0,237.75,214.0,232.5,131.237823,470,0.0,0.0
2023-08-01,237.5,260.0,237.5,246.5,139.140305,852,0.0,0.0
2023-08-02,256.0,285.25,247.0,280.049988,158.078064,450,0.0,0.0
2023-08-03,286.5,339.450012,265.5,266.5,150.429581,2496,0.0,0.0
2023-08-04,270.0,276.5,247.300003,247.5,139.704773,396,0.0,0.0
2023-08-07,237.050003,245.0,222.0,235.5,132.931213,438,0.0,0.0
2023-08-08,235.0,261.0,227.399994,260.100006,146.817017,854,0.0,0.0
2023-08-09,255.75,263.0,253.5,259.5,146.478333,170,0.0,0.0
2023-08-10,257.0,275.25,250.0,269.5,152.122971,262,0.0,0.0
2023-08-11,269.5,275.0,258.5,275.0,155.227524,196,0.0,0.0
2023-08-14,275.0,318.5,270.75,300.5,169.621353,890,0.0,0.0
2023-08-15,305.5,305.5,230.0,242.5,136.882462,842,0.0,0.0
2023-08-16,245.5,257.049988,245.5,250.0,141.115936,312,0.0,0.0
2023-08-17,246.25,246.25,230.0,236.0,133.21344,354,0.0,0.0
2023-08-18,236.0,238.0,231.0,237.300003,133.94725,186,0.0,0.0
2023-08-21,243.0,243.0,223.0,225.0,127.004341,170,0.0,0.0
2023-08-22,222.5,232.649994,222.0,228.0,128.697739,68,0.0,0.0
2023-08-23,223.0,227.5,212.5,212.5,119.948547,226,0.0,0.0
2023-08-24,215.0,225.0,208.0,211.5,119.384079,256,0.0,0.0
2023-08-25,214.5,231.0,214.5,224.0,126.43988,310,0.0,0.0
2023-08-28,210.0,230.0,208.699997,230.0,129.82666,234,0.0,0.0
2023-08-29,225.5,232.75,219.0,231.0,130.391129,236,0.0,0.0
2023-08-30,226.5,231.0,216.0,218.0,123.053093,122,0.0,0.0
2023-08-31,218.0,225.5,213.199997,217.5,122.770859,310,0.0,0.0
2023-09-01,223.0,223.0,210.5,217.0,122.488632,70,0.0,0.0
2023-09-05,215.5,226.5,210.5,217.5,122.770859,138,0.0,0.0
2023-09-06,220.5,220.5,209.5,220.5,124.464256,40,0.0,0.0
2023-09-07,207.5,220.5,202.0,219.5,123.899788,226,0.0,0.0
2023-09-08,212.0,212.5,206.5,207.0,116.843994,66,0.0,0.0
2023-09-11,203.0,214.75,203.0,206.0,116.279526,210,0.0,0.0
2023-09-12,203.0,210.0,202.5,204.0,115.150604,196,0.0,0.0
2023-09-13,200.0,210.0,200.0,201.5,113.739441,106,0.0,0.0
2023-09-14,203.5,203.5,192.5,193.5,109.223732,62,0.0,0.0
2023-09-15,198.5,209.0,188.0,192.5,108.659271,266,0.0,0.0
2023-09-18,188.5,188.5,178.5,185.0,104.425789,216,0.0,0.0
2023-09-19,185.0,185.0,180.0,182.5,103.014633,84,0.0,0.0
2023-09-20,177.5,184.050003,176.25,179.25,101.180122,118,0.0,0.0
2023-09-21,182.0,187.0,171.0,171.0,96.5233,134,0.0,0.0
2023-09-22,172.5,180.0,170.600006,171.5,96.805527,78,0.0,0.0
2023-09-25,170.0,173.449997,166.0,166.0,93.700981,100,0.0,0.0
2023-09-26,165.0,179.949997,165.0,179.949997,101.575249,162,0.0,0.0
2023-09-27,191.0,210.0,191.0,206.5,116.56176,640,0.0,0.0
2023-09-28,203.0,206.0,193.0,200.5,113.17498,166,0.0,0.0
2023-09-29,207.5,214.649994,196.0,202.0,114.021675,228,0.0,0.0
2023-10-02,195.5,202.5,188.5,191.5,108.094803,146,0.0,0.0
2023-10-03,188.5,189.5,180.149994,184.0,103.861328,74,0.0,0.0
2023-10-04,181.5,188.75,180.0,185.0,104.425789,162,0.0,0.0
2023-10-05,180.5,197.0,175.5,177.5,100.192314,602,0.0,0.0
2023-10-06,177.5,178.5,177.5,177.5,100.192314,58,0.0,0.0
2023-10-09,179.0,179.0,170.5,170.5,96.241066,78,0.0,0.0
2023-10-10,171.5,173.899994,151.5,155.5,87.774109,720,0.0,0.0
2023-10-11,155.0,162.5,150.0,151.0,85.234024,252,0.0,0.0
2023-10-12,151.0,154.050003,136.0,139.0,78.460457,550,0.0,0.0
2023-10-13,144.0,144.0,135.0,137.5,77.613762,398,0.0,0.0
2023-10-16,138.0,138.600006,136.0,136.0,76.767067,84,0.0,0.0
2023-10-17,134.0,147.5,127.5,143.5,81.000549,776,0.0,0.0
2023-10-18,142.5,142.5,136.0,136.0,76.767067,46,0.0,0.0
2023-10-19,133.0,138.0,127.0,137.5,77.613762,82,0.0,0.0
2023-10-20,134.5,134.5,124.75,131.5,74.226982,620,0.0,0.0
2023-10-23,130.5,138.5,125.5,128.0,72.251358,312,0.0,0.0
2023-10-24,128.0,128.0,113.0,113.0,63.784401,148,0.0,0.0
2023-10-25,117.5,117.550003,113.0,117.0,66.042259,284,0.0,0.0
2023-10-26,120.0,120.0,113.5,114.0,64.348869,66,0.0,0.0
2023-10-27,117.0,117.5,109.099998,112.25,63.361053,208,0.0,0.0
2023-10-30,157.5,172.5,129.0,138.5,78.17823,396422,0.0,0.0
2023-10-31,132.5,156.5,127.5,152.5,86.080719,12150,0.0,0.0
2023-11-01,150.5,164.0,146.0,149.5,84.387329,3976,0.0,0.0
2023-11-02,149.0,155.5,142.0,152.0,85.798485,1724,0.0,0.0
2023-11-03,149.0,154.5,135.0,151.5,85.516258,1180,0.0,0.0
2023-11-06,155.0,175.0,150.5,163.0,92.007591,3212,0.0,0.0
2023-11-07,169.0,182.5,159.0,175.5,99.063385,1444,0.0,0.0
2023-11-08,168.0,180.0,159.050003,169.5,95.676605,1746,0.0,0.0
2023-11-09,166.5,169.149994,150.0,152.25,85.939606,352,0.0,0.0
2023-11-10,170.5,177.5,151.600006,175.5,99.063385,1088,0.0,0.0
2023-11-13,157.5,180.0,157.5,174.0,98.21669,2592,0.0,0.0
2023-11-14,170.5,185.0,166.0,178.5,100.756775,2738,0.0,0.0
2023-11-15,180.0,224.050003,173.0,206.0,116.279526,3612,0.0,0.0
2023-11-16,210.0,215.0,193.0,199.0,112.328285,1264,0.0,0.0
2023-11-17,195.5,198.5,185.0,195.5,110.352661,342,0.0,0.0
2023-11-20,200.0,207.899994,197.5,197.5,111.48159,826,0.0,0.0
2023-11-21,195.0,212.0,195.0,201.0,113.457214,500,0.0,0.0
2023-11-22,199.5,200.0,193.100006,195.0,110.070427,808,0.0,0.0
2023-11-24,194.5,200.5,186.199997,200.5,113.17498,360,0.0,0.0
2023-11-27,200.0,204.25,194.5,198.5,112.046051,490,0.0,0.0
2023-11-28,197.5,204.5,193.050003,200.0,112.892746,682,0.0,0.0
2023-11-29,199.5,200.0,175.0,178.0,100.474548,786,0.0,0.0
2023-11-30,181.5,183.0,165.5,165.5,93.418747,1516,0.0,0.0
2023-12-01,175.0,180.0,167.050003,173.5,97.934456,714,0.0,0.0
2023-12-04,173.5,175.550003,162.5,169.0,95.394371,934,0.0,0.0
2023-12-05,175.0,175.0,165.5,174.5,98.498924,602,0.0,0.0
2023-12-06,175.0,177.5,160.100006,177.5,100.192314,1288,0.0,0.0
2023-12-07,175.5,181.0,161.0,162.0,91.443123,1048,0.0,0.0
2023-12-08,160.0,169.25,145.5,149.5,84.387329,1636,0.0,0.0
2023-12-11,150.0,150.0,130.5,131.5,74.226982,1514,0.0,0.0
2023-12-12,128.0,134.0,117.0,129.0,72.815819,2130,0.0,0.0
2023-12-13,127.5,139.0,125.0,135.0,76.202606,1098,0.0,0.0
2023-12-14,134.5,144.5,131.5,138.5,78.17823,1334,0.0,0.0
2023-12-15,142.0,152.5,133.0,137.0,77.331535,9512,0.0,0.0
2023-12-18,147.5,147.5,125.5,127.0,71.686897,1458,0.0,0.0
2023-12-19,126.5,130.25,120.5,124.5,70.275734,686,0.0,0.0
2023-12-20,129.5,132.0,121.25,130.0,73.380287,1454,0.0,0.0
2023-12-21,134.0,134.0,121.5,127.0,71.686897,1126,0.0,0.0
2023-12-22,129.0,133.850006,126.25,130.0,73.380287,672,0.0,0.0
2023-12-26,131.5,134.199997,123.0,125.5,70.840202,1110,0.0,0.0
2023-12-27,129.0,132.5,119.0,128.0,72.251358,1268,0.0,0.0
2023-12-28,124.5,129.0,123.5,125.0,70.557968,804,0.0,0.0
2023-12-29,123.5,129.0,113.0,116.5,65.760025,1884,0.0,0.0
2024-01-02,120.0,125.5,113.0,114.0,64.348869,1710,0.0,0.0
2024-01-03,113.0,116.0,110.25,115.5,65.195564,870,0.0,0.0
2024-01-04,115.5,117.0,101.5,108.0,60.962082,10670,0.0,0.0
2024-01-05,107.0,114.5,100.0,108.0,60.962082,12400,0.0,0.0
2024-01-08,108.0,115.0,100.5,114.0,64.348869,13542,0.0,0.0
2024-01-09,114.0,116.449997,111.0,113.5,64.066635,858,0.0,0.0
2024-01-10,113.5,119.0,109.75,112.0,63.21994,5646,0.0,0.0
2024-01-11,112.0,114.150002,101.0,106.0,59.833157,1472,0.0,0.0
2024-01-12,107.0,109.300003,101.0,103.0,58.139763,942,0.0,0.0
2024-01-16,103.0,105.150002,99.5,101.5,57.293068,1328,0.0,0.0
2024-01-17,100.5,103.0,92.699997,99.5,56.164143,1404,0.0,0.0
2024-01-18,99.0,99.0,90.5,93.5,52.777359,1534,0.0,0.0
2024-01-19,96.0,96.0,85.5,89.0,50.237274,1090,0.0,0.0
2024-01-22,90.0,98.0,89.5,95.5,53.906288,968,0.0,0.0
2024-01-23,96.5,96.5,93.0,95.5,53.906288,658,0.0,0.0
2024-01-24,97.0,97.0,89.0,90.5,51.083969,1294,0.0,0.0
2024-01-25,90.5,92.0,84.0,89.0,50.237274,1320,0.0,0.0
2024-01-26,87.0,91.5,87.0,90.5,51.083969,3122,0.0,0.0
2024-01-29,92.5,92.5,86.0,90.0,50.801735,1740,0.0,0.0
2024-01-30,90.0,90.0,86.75,89.5,50.519505,924,0.0,0.0
2024-01-31,89.0,90.0,83.5,85.5,48.26165,1740,0.0,0.0
2024-02-01,85.5,91.5,85.5,91.0,51.366199,1400,0.0,0.0
2024-02-02,89.0,95.0,88.5,95.0,53.624054,2930,0.0,0.0
2024-02-05,97.0,114.0,93.0,105.0,59.268692,6318,0.0,0.0
2024-02-06,107.0,110.0,102.5,105.5,59.550922,1118,0.0,0.0
2024-02-07,106.5,107.5,101.0,107.5,60.679852,756,0.0,0.0
2024-02-08,109.0,109.0,103.0,107.0,60.397621,1046,0.0,0.0
2024-02-09,105.0,108.099998,104.5,107.0,60.397621,1020,0.0,0.0
2024-02-12,105.0,107.0,103.0,103.5,58.421997,896,0.0,0.0
2024-02-13,101.5,103.5,96.5,100.5,56.728607,1106,0.0,0.0
2024-02-14,101.5,103.5,99.0,103.5,58.421997,556,0.0,0.0
2024-02-15,103.0,112.5,101.0,108.0,60.962082,1496,0.0,0.0
2024-02-16,107.5,114.0,107.5,113.5,64.066635,1002,0.0,0.0
2024-02-20,113.5,116.5,108.0,111.5,62.937706,1528,0.0,0.0
2024-02-21,111.0,111.0,105.5,108.5,61.244316,718,0.0,0.0
2024-02-22,108.5,110.5,105.0,108.5,61.244316,766,0.0,0.0
2024-02-23,114.0,116.199997,107.0,113.0,63.784401,1628,0.0,0.0
2024-02-26,115.0,120.0,113.5,117.5,66.324486,2136,0.0,0.0
2024-02-27,117.0,119.0,114.75,118.5,66.888954,2860,0.0,0.0
2024-02-28,119.5,120.0,113.0,116.5,65.760025,1418,0.0,0.0
2024-02-29,116.5,118.300003,108.0,111.5,62.937706,1794,0.0,0.0
2024-03-01,111.0,112.5,105.5,111.0,62.655476,1820,0.0,0.0
2024-03-04,105.0,115.5,105.0,114.0,64.348869,1466,0.0,0.0
2024-03-05,111.5,114.0,108.0,112.5,63.502171,1188,0.0,0.0
2024-03-06,113.5,119.25,110.5,117.5,66.324486,2144,0.0,0.0
2024-03-07,118.0,119.650002,112.5,116.0,65.477791,2434,0.0,0.0
2024-03-08,116.5,116.5,109.0,112.25,63.361053,1324,0.0,0.0
2024-03-11,111.5,111.5,103.5,107.0,60.397621,986,0.0,0.0
2024-03-12,107.0,107.0,98.5,105.0,59.268692,1624,0.0,0.0
2024-03-13,108.0,108.0,101.0,103.0,58.139763,1056,0.0,0.0
2024-03-14,104.5,107.349998,101.0,103.0,58.139763,1392,0.0,0.0
2024-03-15,104.5,104.5,100.0,100.5,56.728607,784,0.0,0.0
2024-03-18,100.5,101.25,96.0,96.0,54.188519,1484,0.0,0.0
2024-03-19,96.0,109.199997,95.0,104.5,58.986462,856,0.0,0.0
2024-03-20,105.0,109.0,102.699997,109.0,61.526546,326,0.0,0.0
2024-03-21,109.0,116.5,107.5,116.5,65.760025,1378,0.0,0.0
2024-03-22,116.5,121.0,109.949997,121.0,68.30011,1380,0.0,0.0
2024-03-25,123.0,158.0,110.0,123.5,69.711273,23352,0.0,0.0
2024-03-26,129.0,142.5,119.0,141.5,79.87162,2566,0.0,0.0
2024-03-27,142.5,154.0,140.0,148.0,83.540634,5768,0.0,0.0
2024-03-28,149.0,154.5,143.0,153.5,86.64518,6170,0.0,0.0
2024-04-01,156.5,158.5,150.5,154.0,86.927414,3914,0.0,0.0
2024-04-02,157.0,157.0,145.699997,151.0,85.234024,2574,0.0,0.0
2024-04-03,150.0,155.0,149.5,155.0,87.491882,1072,0.0,0.0
2024-04-04,153.0,155.5,140.5,142.0,80.153847,8608,0.0,0.0
2024-04-05,143.0,148.5,138.0,141.5,79.87162,1518,0.0,0.0
2024-04-08,139.0,140.800003,132.5,137.0,77.331535,1428,0.0,0.0
2024-04-09,137.75,140.0,134.5,138.0,77.895996,568,0.0,0.0
2024-04-10,135.0,142.0,127.5,134.0,75.638138,1216,0.0,0.0
2024-04-11,133.5,151.0,128.0,150.0,84.669563,2092,0.0,0.0
2024-04-12,146.5,146.5,134.399994,138.5,78.17823,572,0.0,0.0
2024-04-15,142.5,142.5,121.5,128.5,72.533592,1170,0.0,0.0
2024-04-16,125.0,125.0,119.0,121.0,68.30011,660,0.0,0.0
2024-04-17,116.650002,125.0,116.650002,120.0,67.735649,626,0.0,0.0
2024-04-18,119.5,119.5,112.5,115.0,64.91333,222,0.0,0.0
2024-04-19,113.0,117.0,112.5,112.5,63.502171,380,0.0,0.0
2024-04-22,112.0,121.5,112.0,117.5,66.324486,554,0.0,0.0
2024-04-23,115.5,118.0,112.0,116.0,65.477791,606,0.0,0.0
2024-04-24,120.0,136.550003,114.75,128.5,72.533592,7696,0.0,0.0
2024-04-25,126.0,140.0,120.5,123.5,69.711273,1550,0.0,0.0
2024-04-26,126.5,128.75,121.0,125.0,70.557968,318,0.0,0.0
2024-04-29,127.0,131.5,126.5,131.5,74.226982,386,0.0,0.0
2024-04-30,130.5,130.5,120.0,126.0,71.122429,788,0.0,0.0
2024-05-01,125.0,128.5,125.0,126.5,71.404663,1672,0.0,0.0
2024-05-02,126.5,126.5,120.0,125.0,70.557968,584,0.0,0.0
2024-05-03,127.0,138.399994,126.5,131.0,73.944748,694,0.0,0.0
2024-05-06,132.0,137.5,129.0,135.5,76.484833,714,0.0,0.0
2024-05-07,137.0,155.0,135.5,144.5,81.56501,2402,0.0,0.0
2024-05-08,143.0,146.0,133.0,136.0,76.767067,614,0.0,0.0
2024-05-09,138.5,138.5,128.0,132.5,74.791443,860,0.0,0.0
2024-05-10,133.5,138.5,132.5,133.5,75.355911,462,0.0,0.0
2024-05-13,133.5,142.699997,133.5,141.5,79.87162,2196,0.0,0.0
2024-05-14,143.0,148.5,141.5,144.5,81.56501,680,0.0,0.0
2024-05-15,146.149994,150.0,137.399994,138.0,77.895996,634,0.0,0.0
2024-05-16,142.199997,142.199997,133.5,135.0,76.202606,356,0.0,0.0
2024-05-17,135.0,142.0,135.0,138.5,78.17823,666,0.0,0.0
2024-05-20,140.0,142.5,136.5,136.5,77.049301,200,0.0,0.0
2024-05-21,136.100006,136.5,132.5,135.0,76.202606,296,0.0,0.0
2024-05-22,133.5,137.0,132.5,133.0,75.073677,394,0.0,0.0
2024-05-23,136.0,137.5,129.0,131.5,74.226982,542,0.0,0.0
2024-05-24,132.5,132.5,125.5,129.0,72.815819,454,0.0,0.0
2024-05-28,125.5,131.050003,125.0,129.5,73.098053,342,0.0,0.0
2024-05-29,128.5,128.75,121.150002,126.5,71.404663,1346,0.0,0.0
2024-05-30,128.0,129.5,125.0,127.5,71.969124,950,0.0,0.0
2024-05-31,129.800003,133.0,125.5,127.0,71.686897,676,0.0,0.0
2024-06-03,129.0,132.0,121.5,123.5,69.711273,510,0.0,0.0
2024-06-04,124.0,124.0,120.5,120.5,68.017883,122,0.0,0.0
2024-06-05,120.5,120.5,116.75,119.0,67.171181,456,0.0,0.0
2024-06-06,121.0,122.0,117.5,119.0,67.171181,160,0.0,0.0
2024-06-07,119.0,120.5,112.5,112.5,63.502171,428,0.0,0.0
2024-06-10,112.5,118.25,106.949997,114.0,64.348869,812,0.0,0.0
2024-06-11,115.800003,117.5,110.0,114.5,64.631096,574,0.0,0.0
2024-06-12,114.5,118.0,105.5,107.5,60.679852,1894,0.0,0.0
2024-06-13,110.75,115.400002,100.0,110.0,62.091011,1940,0.0,0.0
2024-06-14,109.5,115.5,102.5,115.0,64.91333,464,0.0,0.0
2024-06-17,116.5,121.0,107.5,118.0,66.60672,1362,0.0,0.0
2024-06-18,119.099998,119.099998,110.5,110.5,62.373241,358,0.0,0.0
2024-06-20,110.5,113.0,85.550003,87.0,49.108345,9456,0.0,0.0
2024-06-21,87.5,95.0,87.0,91.0,51.366199,2324,0.0,0.0
2024-06-24,91.5,97.5,86.0,86.5,48.826115,2336,0.0,0.0
2024-06-25,92.0,96.5,86.0,86.5,48.826115,1108,0.0,0.0
2024-06-26,85.5,87.75,79.5,80.0,45.157097,1282,0.0,0.0
2024-06-27,81.0,99.0,78.5,98.5,55.599678,2022,0.0,0.0
2024-06-28,95.0,99.0,87.5,98.5,55.599678,1462,0.0,0.0
2024-07-01,97.5,97.5,95.0,96.0,54.188519,164,0.0,0.0
2024-07-02,93.0,96.5,90.5,90.5,51.083969,570,0.0,0.0
2024-07-03,92.0,95.449997,87.5,91.5,51.64843,436,0.0,0.0
2024-07-05,87.800003,92.5,87.550003,92.0,51.930664,336,0.0,0.0
2024-07-08,95.0,98.0,93.0,98.0,55.317448,534,0.0,0.0
2024-07-09,98.5,98.5,94.050003,98.0,55.317448,212,0.0,0.0
2024-07-10,95.0,104.900002,95.0,96.5,54.470749,742,0.0,0.0
2024-07-11,96.5,105.0,95.0,103.5,58.421997,1676,0.0,0.0
2024-07-12,104.0,107.0,103.0,107.0,60.397621,1098,0.0,0.0
2024-07-15,107.0,115.0,106.0,112.5,63.502171,2874,0.0,0.0
2024-07-16,113.5,117.0,109.5,111.5,62.937706,2794,0.0,0.0
2024-07-17,113.0,113.0,108.5,112.5,63.502171,974,0.0,0.0
2024-07-18,112.0,112.5,106.5,107.5,60.679852,374,0.0,0.0
2024-07-19,107.5,110.0,102.25,106.5,60.115387,828,0.0,0.0
2024-07-22,105.5,106.599998,100.0,105.0,59.268692,254,0.0,0.0
2024-07-23,105.0,105.0,100.5,104.5,58.986462,944,0.0,0.0
2024-07-24,105.0,105.0,99.0,100.0,56.446373,274,0.0,0.0
2024-07-25,98.5,106.5,98.0,105.0,59.268692,318,0.0,0.0
2024-07-26,106.5,106.5,100.5,104.5,58.986462,264,0.0,0.0
2024-07-29,104.0,104.0,94.5,94.5,53.341824,1416,0.0,0.0
2024-07-30,95.0,97.5,92.0,95.0,53.624054,850,0.0,0.0
2024-07-31,95.0,99.0,93.5,95.0,53.624054,1010,0.0,0.0
2024-08-01,92.5,95.5,90.5,91.0,51.366199,444,0.0,0.0
2024-08-02,90.0,90.5,85.75,90.0,50.801735,1024,0.0,0.0
2024-08-05,85.0,88.5,82.5,88.5,49.95504,928,0.0,0.0
2024-08-06,88.5,94.5,86.0,88.5,49.95504,1022,0.0,0.0
2024-08-07,89.0,89.0,84.099998,85.0,47.979416,536,0.0,0.0
2024-08-08,84.0,89.5,82.5,88.5,49.95504,898,0.0,0.0
2024-08-09,88.0,91.75,81.0,81.5,46.003796,2042,0.0,0.0
2024-08-12,82.0,89.0,82.0,84.0,47.414955,2064,0.0,0.0
2024-08-13,84.0,86.5,83.5,85.5,48.26165,1224,0.0,0.0
2024-08-14,84.5,93.0,84.5,86.5,48.826115,2000,0.0,0.0
2024-08-15,86.5,93.5,86.5,93.0,52.495129,878,0.0,0.0
2024-08-16,92.5,93.900002,92.25,93.0,52.495129,198,0.0,0.0
2024-08-19,92.5,93.5,89.75,92.5,52.212894,966,0.0,0.0
2024-08-20,91.5,93.0,90.5,91.5,51.64843,162,0.0,0.0
2024-08-21,92.25,93.75,89.5,93.5,52.777359,442,0.0,0.0
2024-08-22,92.5,94.5,90.0,94.0,53.059589,638,0.0,0.0
2024-08-23,94.5,94.5,90.5,93.5,52.777359,448,0.0,0.0
2024-08-26,93.5,94.5,90.75,92.5,52.212894,176,0.0,0.0
2024-08-27,91.0,92.849998,87.0,90.0,50.801735,418,0.0,0.0
2024-08-28,90.5,90.5,88.5,90.0,50.801735,154,0.0,0.0
2024-08-29,90.0,94.0,90.0,90.5,51.083969,256,0.0,0.0
2024-08-30,89.5,92.0,88.5,91.0,51.366199,400,0.0,0.0
2024-09-03,89.5,91.5,89.0,89.5,50.519505,260,0.0,0.0
2024-09-04,88.5,99.0,88.5,94.5,53.341824,2170,0.0,0.0
2024-09-05,91.0,97.0,91.0,96.5,54.470749,364,0.0,0.0
2024-09-06,96.5,102.5,92.5,95.0,53.624054,950,0.0,0.0
2024-09-09,92.0,94.0,88.0,89.0,50.237274,304,0.0,0.0
2024-09-10,88.5,96.0,88.5,95.0,53.624054,590,0.0,0.0
2024-09-11,92.0,93.5,89.5,92.5,52.212894,348,0.0,0.0
2024-09-12,92.5,93.5,86.5,89.5,50.519505,2692,0.0,0.0
2024-09-13,98.5,98.5,89.0,92.0,51.930664,216,0.0,0.0
2024-09-16,92.5,98.150002,92.5,94.0,53.059589,670,0.0,0.0
2024-09-17,92.0,94.5,91.5,91.5,51.64843,216,0.0,0.0
2024-09-18,92.5,97.349998,92.25,93.0,52.495129,1242,0.0,0.0
2024-09-19,94.449997,97.0,93.550003,95.0,53.624054,652,0.0,0.0
2024-09-20,94.0,99.5,94.0,99.5,56.164143,1328,0.0,0.0
2024-09-23,95.5,98.0,92.0,92.5,52.212894,744,0.0,0.0
2024-09-24,93.0,95.5,91.75,92.0,51.930664,448,0.0,0.0
2024-09-25,92.0,94.0,92.0,93.349998,52.692688,110,0.0,0.0
2024-09-26,93.25,94.5,91.449997,94.0,53.059589,374,0.0,0.0
2024-09-27,95.0,95.0,90.0,92.0,51.930664,572,0.0,0.0
2024-09-30,89.5,94.0,89.5,94.0,53.059589,850,0.0,0.0
2024-10-01,94.0,104.900002,90.5,103.5,58.421997,2894,0.0,0.0
2024-10-02,98.5,102.0,92.75,94.5,53.341824,1270,0.0,0.0
2024-10-03,95.0,98.0,93.5,94.5,53.341824,686,0.0,0.0
2024-10-04,93.0,102.25,92.5,94.5,53.341824,222,0.0,0.0
2024-10-07,95.0,96.400002,91.0,93.0,52.495129,624,0.0,0.0
2024-10-08,93.0,93.0,90.0,91.0,51.366199,644,0.0,0.0
2024-10-09,92.5,92.5,90.0,92.5,52.212894,564,0.0,0.0
2024-10-10,91.550003,92.5,90.0,92.0,51.930664,350,0.0,0.0
2024-10-11,90.5,98.0,90.0,95.5,53.906288,816,0.0,0.0
2024-10-14,96.5,104.5,92.5,100.5,56.728607,856,0.0,0.0
2024-10-15,101.5,105.0,96.0,100.0,56.446373,1646,0.0,0.0
2024-10-16,100.0,109.0,99.5,108.5,61.244316,1202,0.0,0.0
2024-10-17,110.5,116.25,107.5,109.5,61.808781,2704,0.0,0.0
2024-10-18,108.5,114.5,106.099998,110.75,62.514359,1714,0.0,0.0
2024-10-21,109.5,121.0,109.5,120.0,67.735649,4468,0.0,0.0
2024-10-22,119.5,128.75,115.25,120.0,67.735649,4920,0.0,0.0
2024-10-23,118.5,121.5,116.5,118.5,66.888954,2806,0.0,0.0
2024-10-24,119.5,137.5,117.5,134.5,75.920372,6254,0.0,0.0
2024-10-25,133.5,139.5,130.800003,133.5,75.355911,2784,0.0,0.0
2024-10-28,137.5,142.5,134.5,142.0,80.153847,2740,0.0,0.0
2024-10-29,142.0,142.0,130.0,134.5,75.920372,1940,0.0,0.0
2024-10-30,135.5,140.0,135.0,136.5,77.049301,766,0.0,0.0
2024-10-31,137.0,137.0,128.5,136.0,76.767067,720,0.0,0.0
2024-11-01,137.0,137.0,130.699997,132.5,74.791443,864,0.0,0.0
2024-11-04,134.5,157.0,131.0,149.5,84.387329,6016,0.0,0.0
2024-11-05,150.5,165.0,148.0,164.0,92.572052,3858,0.0,0.0
2024-11-06,169.0,171.5,152.5,156.5,88.338577,2164,0.0,0.0
2024-11-07,156.5,165.0,156.0,157.75,89.044151,3704,0.0,0.0
2024-11-08,157.5,162.5,155.5,158.0,89.185272,1622,0.0,0.0
2024-11-11,160.5,160.5,145.050003,151.0,85.234024,4054,0.0,0.0
2024-11-12,149.5,151.0,143.0,150.0,84.669563,3412,0.0,0.0
2024-11-13,150.0,152.5,145.0,145.5,82.129471,2212,0.0,0.0
2024-11-14,145.5,149.5,142.0,142.0,80.153847,514,0.0,0.0
2024-11-15,143.0,143.0,133.5,135.0,76.202606,2212,0.0,0.0
2024-11-18,142.0,142.0,132.5,136.0,76.767067,1358,0.0,0.0
2024-11-19,135.0,143.600006,135.0,136.5,77.049301,562,0.0,0.0
2024-11-20,135.5,144.5,135.5,141.0,79.589386,1154,0.0,0.0
2024-11-21,140.5,147.5,139.5,145.0,81.847244,2124,0.0,0.0
2024-11-22,144.0,156.0,144.0,151.5,85.516258,1348,0.0,0.0
2024-11-25,155.0,155.0,145.0,147.5,83.2584,1246,0.0,0.0
2024-11-26,144.800003,146.5,138.5,144.5,81.56501,1928,0.0,0.0
2024-11-27,148.5,148.5,144.0,147.5,83.2584,1558,0.0,0.0
2024-11-29,148.5,151.0,145.5,148.0,83.540634,484,0.0,0.0
2024-12-02,145.5,146.600006,143.0,144.0,81.282776,680,0.0,0.0
2024-12-03,141.5,146.0,141.5,141.5,79.87162,1360,0.0,0.0
2024-12-04,142.0,143.5,133.0,136.5,77.049301,1752,0.0,0.0
2024-12-05,135.0,138.050003,125.5,128.0,72.251358,1658,0.0,0.0
2024-12-06,128.0,138.0,128.0,134.0,75.638138,1432,0.0,0.0
2024-12-09,134.0,139.5,132.0,137.5,77.613762,876,0.0,0.0
2024-12-10,138.0,138.0,129.75,132.0,74.509216,1378,0.0,0.0
2024-12-11,130.0,133.0,122.0,127.5,71.969124,3942,0.0,0.0
2024-12-12,128.0,128.0,117.0,120.0,67.735649,1238,0.0,0.0
2024-12-13,118.0,128.550003,118.0,128.0,72.251358,2012,0.0,0.0
2024-12-16,130.0,131.5,121.150002,128.0,72.251358,1206,0.0,0.0
2024-12-17,129.0,134.5,124.5,132.0,74.509216,960,0.0,0.0
2024-12-18,134.0,134.0,120.0,121.0,68.30011,1574,0.0,0.0
2024-12-19,123.5,124.349998,117.150002,119.5,67.453415,994,0.0,0.0
2024-12-20,118.0,127.5,118.0,125.0,70.557968,694,0.0,0.0
2024-12-23,130.0,140.0,125.0,128.5,72.533592,4982,0.0,0.0
2024-12-24,128.0,153.699997,126.5,148.5,83.822868,3598,0.0,0.0
2024-12-26,144.5,166.0,142.5,161.5,91.160896,4828,0.0,0.0
2024-12-27,161.5,168.0,154.0,158.5,89.467499,4868,0.0,0.0
2024-12-30,155.5,169.800003,154.75,159.5,90.031967,2578,0.0,0.0
2024-12-31,158.0,167.5,154.5,167.5,94.547676,1590,0.0,0.0
2025-01-02,168.5,174.0,162.75,166.5,93.983215,2008,0.0,0.0
2025-01-03,165.5,180.5,165.0,173.0,97.652229,1842,0.0,0.0
2025-01-06,175.0,200.0,175.0,200.0,112.892746,5690,0.0,0.0
2025-01-07,197.0,214.5,187.5,214.0,120.795242,5622,0.0,0.0
2025-01-08,215.0,215.0,185.0,196.0,110.634895,5580,0.0,0.0
2025-01-10,201.0,201.0,170.550003,171.5,96.805527,2078,0.0,0.0
2025-01-13,170.0,170.199997,142.5,151.0,85.234024,5644,0.0,0.0
2025-01-14,153.0,155.0,134.0,137.5,77.613762,2056,0.0,0.0
2025-01-15,141.0,149.199997,133.0,138.0,77.895996,2006,0.0,0.0
2025-01-16,137.0,144.0,128.5,129.0,72.815819,1078,0.0,0.0
2025-01-17,141.0,144.5,134.5,135.0,76.202606,2178,0.0,0.0
2025-01-21,136.0,154.0,132.5,138.5,78.17823,3674,0.0,0.0
2025-01-22,140.75,147.0,136.0,136.0,76.767067,1120,0.0,0.0
2025-01-23,136.5,147.0,133.0,133.5,75.355911,1124,0.0,0.0
2025-01-24,132.5,150.0,132.5,138.0,77.895996,752,0.0,0.0
2025-01-27,136.5,145.0,135.0,137.5,77.613762,1634,0.0,0.0
2025-01-28,138.0,143.5,133.5,135.0,76.202606,1270,0.0,0.0
2025-01-29,135.0,135.050003,120.0,125.0,70.557968,4820,0.0,0.0
2025-01-30,122.5,128.5,117.0,118.0,66.60672,1642,0.0,0.0
2025-01-31,120.0,126.0,117.5,117.5,66.324486,2110,0.0,0.0
2025-02-03,115.5,120.0,112.5,116.0,65.477791,1388,0.0,0.0
2025-02-04,115.5,126.5,115.5,118.0,66.60672,1524,0.0,0.0
2025-02-05,118.0,127.5,117.5,120.5,68.017883,2050,0.0,0.0
2025-02-06,121.0,125.5,118.0,121.0,68.30011,1936,0.0,0.0
2025-02-07,121.5,124.550003,116.900002,120.5,68.017883,1298,0.0,0.0
2025-02-10,116.5,122.5,113.0,121.5,68.582344,1944,0.0,0.0
2025-02-11,120.0,125.0,113.0,123.5,69.711273,1370,0.0,0.0
2025-02-12,120.5,128.0,117.5,125.5,70.840202,846,0.0,0.0
2025-02-13,127.0,127.0,118.0,124.25,70.134621,1664,0.0,0.0
2025-02-14,124.0,132.399994,122.5,123.5,69.711273,2204,0.0,0.0
2025-02-18,123.0,127.849998,119.5,125.0,70.557968,1004,0.0,0.0
2025-02-19,127.5,131.0,122.0,126.0,71.122429,580,0.0,0.0
2025-02-20,128.5,138.5,125.199997,135.0,76.202606,3032,0.0,0.0
2025-02-21,137.5,147.0,131.0,137.0,77.331535,1354,0.0,0.0
2025-02-24,138.0,143.0,133.5,140.0,79.024925,1368,0.0,0.0
2025-02-25,141.5,141.5,129.649994,132.5,74.791443,990,0.0,0.0
2025-02-26,130.0,137.25,123.5,127.5,71.969124,1298,0.0,0.0
2025-02-27,125.0,128.5,123.0,125.0,70.557968,546,0.0,0.0
2025-02-28,112.5,128.0,112.5,126.0,71.122429,672,0.0,0.0
2025-03-03,126.0,130.100006,111.5,117.5,66.324486,2322,0.0,0.0
2025-03-04,118.0,124.75,115.5,115.5,65.195564,742,0.0,0.0
2025-03-05,116.0,128.5,111.0,119.5,67.453415,774,0.0,0.0
2025-03-06,118.0,119.5,112.5,116.5,65.760025,182,0.0,0.0
2025-03-07,113.5,117.449997,108.0,109.5,61.808781,896,0.0,0.0
2025-03-10,110.0,112.0,99.0,99.0,55.881908,1942,0.0,0.0
2025-03-11,100.5,102.5,91.75,94.0,53.059589,1876,0.0,0.0
2025-03-12,99.5,99.5,92.0,92.5,52.212894,3796,0.0,0.0
2025-03-13,94.75,98.5,88.5,95.0,53.624054,1366,0.0,0.0
2025-03-14,93.5,99.0,92.0,92.5,52.212894,1668,0.0,0.0
2025-03-17,91.0,94.5,91.0,93.5,52.777359,868,0.0,0.0
2025-03-18,95.0,95.0,87.150002,88.0,49.67281,1364,0.0,0.0
2025-03-19,88.5,90.5,87.0,88.5,49.95504,1652,0.0,0.0
2025-03-20,88.5,90.199997,82.0,84.0,47.414955,2948,0.0,0.0
2025-03-21,81.5,92.5,81.5,86.0,48.54388,17098,0.0,0.0
2025-03-24,87.5,90.0,86.0,87.5,49.390575,5780,0.0,0.0
2025-03-25,86.5,97.5,84.0,87.0,49.108345,2776,0.0,0.0
2025-03-26,86.0,91.75,81.5,85.5,48.26165,16178,0.0,0.0
2025-03-27,85.0,92.75,85.0,89.0,50.237274,4418,0.0,0.0
2025-03-28,90.5,91.5,81.0,85.0,47.979416,6154,0.0,0.0
2025-03-31,82.5,86.5,79.0,79.0,44.592636,4624,0.0,0.0
2025-04-01,80.0,83.5,76.5,76.5,43.181477,3496,0.0,0.0
2025-04-02,77.0,84.5,77.0,82.0,46.286026,1212,0.0,0.0
2025-04-03,80.699997,86.199997,78.5,83.5,47.132721,2044,0.0,0.0
2025-04-04,81.0,82.0,77.0,78.0,44.028172,2002,0.0,0.0
2025-04-07,77.0,80.5,72.0,77.0,43.463707,3320,0.0,0.0
2025-04-08,81.5,89.5,74.550003,75.5,42.617012,2370,0.0,0.0
2025-04-09,75.0,84.0,73.0,81.0,45.721561,4492,0.0,0.0
2025-04-10,82.0,83.300003,73.0,74.0,41.770317,2082,0.0,0.0
2025-04-11,76.0,77.75,73.150002,77.75,43.887054,1330,0.0,0.0
2025-04-14,78.0,89.25,78.0,87.5,49.390575,3562,0.0,0.0
2025-04-15,89.0,96.5,89.0,91.0,51.366199,2920,0.0,0.0
2025-04-16,91.5,94.099998,88.0,90.25,50.942852,2302,0.0,0.0
2025-04-17,90.0,94.5,90.0,92.5,52.212894,1586,0.0,0.0
2025-04-21,92.0,94.0,87.5,89.5,50.519505,1188,0.0,0.0
2025-04-22,91.0,94.5,88.5,93.0,52.495129,2660,0.0,0.0
2025-04-23,95.0,99.0,91.5,92.0,51.930664,1204,0.0,0.0
2025-04-24,99.650002,99.650002,91.5,94.0,53.059589,2436,0.0,0.0
2025-04-25,73.0,75.0,64.0,71.5,40.359158,33378,0.0,0.0
2025-04-28,72.5,77.0,68.0,72.0,40.641388,4254,0.0,0.0
2025-04-29,71.0,74.75,68.5,70.5,39.794693,3242,0.0,0.0
2025-04-30,70.0,70.0,63.5,66.5,37.536839,7908,0.0,0.0
2025-05-01,66.0,67.5,64.5,67.0,37.819069,1936,0.0,0.0
2025-05-02,67.5,69.5,67.0,68.5,38.665768,2690,0.0,0.0
2025-05-05,69.0,72.0,66.0,71.5,40.359158,2772,0.0,0.0
2025-05-06,70.0,71.5,66.0,67.5,38.101303,2328,0.0,0.0
2025-05-07,68.0,68.5,66.5,68.5,38.665768,5266,0.0,0.0
2025-05-08,70.5,70.5,64.0,65.0,36.690144,4386,0.0,0.0
2025-05-09,63.5,66.5,63.0,65.0,36.690144,1636,0.0,0.0
2025-05-12,65.0,65.0,59.0,62.5,35.278984,5544,0.0,0.0
2025-05-13,62.5,66.5,61.0,65.5,36.972374,3740,0.0,0.0
2025-05-14,65.0,66.0,62.5,63.0,35.561214,1582,0.0,0.0
2025-05-15,63.0,66.0,61.5,62.5,35.278984,1492,0.0,0.0
2025-05-16,63.0,63.5,60.5,61.0,34.432289,2024,0.0,0.0
2025-05-19,61.5,63.0,59.0,61.0,34.432289,5234,0.0,0.0
2025-05-20,61.0,62.5,57.0,57.5,32.456665,5018,0.0,0.0
2025-05-21,57.5,57.5,49.900002,50.0,28.223186,15080,0.0,0.0
2025-05-22,51.0,53.0,49.5,50.0,28.223186,5650,0.0,0.0
2025-05-23,49.0,54.0,48.049999,52.0,29.352114,26588,0.0,0.0
2025-05-27,54.0,54.5,49.450001,50.0,28.223186,6362,0.0,0.0
2025-05-28,50.0,51.0,48.5,48.75,27.517607,2154,0.0,0.0
2025-05-29,49.299999,49.5,48.0,48.25,27.235374,2314,0.0,0.0
2025-05-30,48.0,49.5,47.5,47.5,26.812027,1838,0.0,0.0
2025-06-02,48.25,48.950001,46.0,46.400002,26.191118,4748,0.0,0.0
2025-06-03,46.0,52.0,45.5,49.900002,28.16674,6990,0.0,0.0
2025-06-04,50.0,51.0,47.450001,49.5,27.940954,2554,0.0,0.0
2025-06-05,50.5,51.0,47.950001,50.0,28.223186,1702,0.0,0.0
2025-06-06,50.0,51.0,48.049999,50.0,28.223186,5304,0.0,0.0
2025-06-09,51.0,51.0,47.5,47.950001,27.066036,5164,0.0,0.0
2025-06-10,49.25,50.200001,47.950001,48.0,27.094259,10320,0.0,0.0
2025-06-11,48.0,49.349998,46.099998,46.099998,26.021778,22246,0.0,0.0
2025-06-12,46.5,48.299999,44.049999,44.5,25.118637,6130,0.0,0.0
2025-06-13,44.0,45.549999,44.0,44.950001,25.372644,2208,0.0,0.0
2025-06-16,46.5,48.099998,44.0,45.549999,25.711323,5670,0.0,0.0
2025-06-17,46.0,47.400002,44.5,45.950001,25.937109,3524,0.0,0.0
2025-06-18,47.0,48.0,45.099998,47.0,26.529795,3068,0.0,0.0
2025-06-20,48.25,48.25,42.5,44.5,25.118637,8284,0.0,0.0
2025-06-23,44.5,46.5,44.5,45.700001,25.795994,3178,0.0,0.0
2025-06-24,46.349998,55.5,46.0,53.0,29.916578,22002,0.0,0.0
2025-06-25,55.0,79.5,54.0,68.5,38.665768,150742,0.0,0.0
2025-06-26,69.5,87.5,68.0,81.0,45.721561,99550,0.0,0.0
2025-06-27,81.0,86.0,70.0,71.0,40.076923,24762,0.0,0.0
2025-06-30,73.5,84.5,72.5,82.5,46.568256,21272,0.0,0.0
2025-07-01,82.5,98.0,82.050003,88.5,49.95504,37760,0.0,0.0
2025-07-02,83.0,86.0,73.5,75.5,42.617012,52776,0.0,0.0
2025-07-03,74.5,74.5,66.0,71.25,40.21804,21488,0.0,0.0
2025-07-07,70.5,72.199997,60.0,64.5,36.407909,19552,0.0,0.0
2025-07-08,65.5,74.5,65.0,69.0,38.947998,12870,0.0,0.0
2025-07-09,69.0,74.0,69.0,72.0,40.641388,8002,0.0,0.0
2025-07-10,72.0,74.900002,68.5,69.0,38.947998,7822,0.0,0.0
2025-07-11,69.0,73.0,67.0,71.0,40.076923,13422,0.0,0.0
2025-07-14,71.0,73.0,64.0,66.5,37.536839,12896,0.0,0.0
2025-07-15,66.0,68.5,64.0,64.5,36.407909,5316,0.0,0.0
2025-07-16,66.0,67.0,62.25,63.0,35.561214,5842,0.0,0.0
2025-07-17,64.5,69.0,59.0,60.0,33.867825,9840,0.0,0.0
2025-07-18,60.5,62.5,56.5,58.0,32.738895,15098,0.0,0.0
2025-07-21,57.5,63.25,55.0,60.5,34.150055,21642,0.0,0.0
2025-07-22,61.0,61.5,56.0,56.0,31.60997,10830,0.0,0.0
2025-07-23,57.0,74.5,57.0,72.5,40.923622,39474,0.0,0.0
2025-07-24,73.0,73.0,66.0,67.0,37.819069,9288,0.0,0.0
2025-07-25,68.0,73.050003,64.800003,73.0,41.205853,8246,0.0,0.0
2025-07-28,75.0,79.75,70.5,72.5,40.923622,12878,0.0,0.0
2025-07-29,73.5,74.449997,69.5,72.0,40.641388,5840,0.0,0.0
2025-07-30,19.0,22.25,18.0,19.9,11.232828,769020,0.0,0.0
2025-07-31,20.0,20.5,17.0,18.299999,10.329686,129058,0.0,0.0
2025-08-01,17.200001,18.25,17.200001,17.65,9.962785,59154,0.0,0.0
2025-08-04,18.5,18.9,16.75,18.25,10.301463,81878,0.0,0.0
2025-08-05,19.0,19.5,18.0,18.0,10.160347,96630,0.0,0.0
2025-08-06,18.0,18.799999,17.25,18.25,10.301463,58958,0.0,0.0
2025-08-07,18.5,20.200001,17.700001,18.85,10.640141,93452,0.0,0.0
2025-08-08,18.5,18.5,17.25,17.85,10.075678,54302,0.0,0.0
2025-08-11,17.9,17.9,16.5,17.049999,9.624106,40586,0.0,0.0
2025-08-12,16.75,17.4,16.5,17.4,9.821669,28568,0.0,0.0
2025-08-13,16.700001,18.0,16.700001,17.4,9.821669,18940,0.0,0.0
2025-08-14,17.4,17.700001,16.6,17.5,9.878116,29066,0.0,0.0
2025-08-15,17.0,19.9,16.6,17.549999,9.906338,72336,0.0,0.0
2025-08-18,17.799999,18.25,16.950001,17.200001,9.708776,41974,0.0,0.0
2025-08-19,17.200001,17.5,16.549999,16.65,9.398321,37778,0.0,0.0
2025-08-20,16.950001,17.0,16.049999,16.35,9.228982,34524,0.0,0.0
2025-08-21,16.15,16.799999,16.0,16.15,9.116089,26952,0.0,0.0
2025-08-22,15.95,16.75,15.9,16.700001,9.426545,29658,0.0,0.0
2025-08-25,17.0,17.0,16.1,16.25,9.172536,22258,0.0,0.0
2025-08-26,16.1,16.4,15.65,15.9,8.974973,74954,0.0,0.0
2025-08-27,16.0,16.9,15.65,16.299999,9.200758,44146,0.0,0.0
2025-08-28,15.85,16.950001,15.75,16.5,9.313652,21330,0.0,0.0
2025-08-29,16.4,16.4,15.8,16.049999,9.059643,13640,0.0,0.0
2025-09-02,16.15,16.299999,15.5,16.15,9.116089,51550,0.0,0.0
2025-09-03,16.049999,16.35,15.5,15.9,8.974973,25420,0.0,0.0
2025-09-04,15.8,15.8,15.25,15.55,8.777411,35856,0.0,0.0
2025-09-05,15.65,15.65,14.55,14.95,8.438733,41884,0.0,0.0
2025-09-08,14.95,15.25,14.6,14.6,8.241171,31626,0.0,0.0
2025-09-09,14.5,14.8,14.05,14.35,8.100055,31138,0.0,0.0
2025-09-10,14.15,15.5,14.15,15.35,8.664518,26488,0.0,0.0
2025-09-11,14.65,16.5,14.65,15.8,8.918527,44268,0.0,0.0
2025-09-12,15.8,15.9,15.0,15.55,8.777411,24276,0.0,0.0
2025-09-15,15.55,15.85,14.75,15.3,8.636295,34956,0.0,0.0
2025-09-16,15.55,15.85,15.1,15.3,8.636295,45298,0.0,0.0
2025-09-17,15.25,15.4,14.7,15.2,8.579848,28292,0.0,0.0
2025-09-18,15.3,15.5,14.7,15.5,8.749187,41188,0.0,0.0
2025-09-19,15.9,16.1,15.2,15.2,8.579848,54444,0.0,0.0
2025-09-22,15.3,16.0,14.75,16.0,9.03142,34562,0.0,0.0
2025-09-23,15.95,16.85,15.0,16.700001,9.426545,74786,0.0,0.0
2025-09-24,16.549999,16.65,15.8,16.15,9.116089,26776,0.0,0.0
2025-09-25,16.0,16.25,15.8,15.8,8.918527,19932,0.0,0.0
2025-09-26,16.35,16.75,16.0,16.6,9.370098,29286,0.0,0.0
2025-09-29,16.9,16.9,16.25,16.450001,9.285429,18668,0.0,0.0
2025-09-30,16.15,17.25,16.15,16.75,9.454767,36048,0.0,0.0
2025-10-01,16.5,17.25,16.5,16.950001,9.56766,35002,0.0,0.0
2025-10-02,17.0,17.0,16.15,16.15,9.116089,24100,0.0,0.0
2025-10-03,16.0,18.799999,16.0,18.6,10.499025,245276,0.0,0.0
2025-10-06,18.950001,18.950001,17.549999,18.0,10.160347,65460,0.0,0.0
2025-10-07,18.5,20.75,18.0,20.299999,11.458613,159968,0.0,0.0
2025-10-08,22.0,22.85,20.049999,21.5,12.13597,191348,0.0,0.0
2025-10-09,21.15,21.4,20.0,20.65,11.656176,51622,0.0,0.0
2025-10-10,20.5,20.6,17.450001,18.5,10.442579,63172,0.0,0.0
2025-10-13,17.75,19.25,17.75,18.4,10.386132,52614,0.0,0.0
2025-10-14,18.25,19.5,17.200001,19.5,11.007043,58258,0.0,0.0
2025-10-15,19.5,20.35,18.799999,18.950001,10.696589,39800,0.0,0.0
2025-10-16,18.950001,20.25,17.799999,18.049999,10.18857,33742,0.0,0.0
2025-10-17,17.65,18.950001,17.5,18.9,10.668365,25354,0.0,0.0
2025-10-20,18.35,19.299999,18.25,18.799999,10.611917,21764,0.0,0.0
2025-10-21,18.9,19.0,17.65,18.15,10.245016,26282,0.0,0.0
2025-10-22,18.25,18.700001,16.85,17.5,9.878116,44620,0.0,0.0
2025-10-23,17.15,18.75,17.15,18.5,10.442579,28970,0.0,0.0
2025-10-24,18.5,19.049999,18.25,18.65,10.527248,17126,0.0,0.0
2025-10-27,18.5,19.15,18.0,18.049999,10.18857,17806,0.0,0.0
2025-10-28,17.85,18.5,17.5,17.6,9.934562,19744,0.0,0.0
2025-10-29,17.5,17.9,16.549999,17.35,9.793446,61324,0.0,0.0
2025-10-30,17.15,19.450001,16.85,18.299999,10.329686,104382,0.0,0.0
2025-10-31,18.15,18.35,17.5,17.799999,10.047454,23304,0.0,0.0
2025-11-03,17.85,18.299999,17.0,17.299999,9.765223,21288,0.0,0.0
2025-11-04,16.75,17.299999,16.25,16.4,9.257205,22774,0.0,0.0
2025-11-05,16.049999,17.549999,16.049999,16.9,9.539437,10258,0.0,0.0
2025-11-06,17.25,18.299999,16.65,17.65,9.962785,68442,0.0,0.0
2025-11-07,18.0,19.1,17.1,17.6,9.934562,64350,0.0,0.0
2025-11-10,17.5,18.5,17.35,18.15,10.245016,22098,0.0,0.0
2025-11-11,17.6,18.15,17.450001,17.9,10.103901,18272,0.0,0.0
2025-11-12,17.65,18.049999,17.35,17.6,9.934562,14824,0.0,0.0
2025-11-13,17.549999,18.9,17.5,18.450001,10.414356,33014,0.0,0.0
2025-11-14,17.75,19.35,17.65,18.700001,10.555472,31198,0.0,0.0
2025-11-17,18.450001,20.0,18.049999,18.549999,10.470802,48344,0.0,0.0
2025-11-18,18.25,19.200001,17.5,19.049999,10.753034,28626,0.0,0.0
2025-11-19,18.6,19.65,17.799999,18.0,10.160347,12350,0.0,0.0
2025-11-20,18.0,18.4,17.1,17.4,9.821669,24720,0.0,0.0
2025-11-21,17.1,18.299999,17.1,17.6,9.934562,5050,0.0,0.0
2025-11-24,17.15,18.5,17.15,18.25,10.301463,13594,0.0,0.0
2025-11-25,17.5,19.4,17.5,19.15,10.809481,15638,0.0,0.0
2025-11-26,19.25,20.0,18.0,18.799999,10.611917,20822,0.0,0.0
2025-11-28,18.799999,19.75,18.75,19.25,10.865927,7430,0.0,0.0
2025-12-01,19.15,19.15,17.5,18.25,10.301463,14802,0.0,0.0
2025-12-02,18.25,18.5,17.700001,17.9,10.103901,11800,0.0,0.0
2025-12-03,17.950001,19.1,17.950001,18.75,10.583695,7692,0.0,0.0
2025-12-04,18.950001,19.25,18.5,18.700001,10.555472,7906,0.0,0.0
2025-12-05,19.15,19.450001,18.299999,18.5,10.442579,7580,0.0,0.0
2025-12-08,18.9,19.0,18.5,18.700001,10.555472,7624,0.0,0.0
2025-12-09,18.5,19.5,18.5,18.85,10.640141,10536,0.0,0.0
2025-12-10,18.0,20.75,18.0,20.200001,11.402168,40270,0.0,0.0
2025-12-11,21.0,21.049999,19.799999,20.25,11.43039,20324,0.0,0.0
2025-12-12,20.25,20.700001,18.65,18.799999,10.611917,24788,0.0,0.0
2025-12-15,18.700001,18.75,17.6,18.0,10.160347,31538,0.0,0.0
2025-12-16,17.65,20.200001,17.65,20.15,11.373944,49742,0.0,0.0
2025-12-17,35.849998,37.5,28.049999,30.0,16.933912,5206904,0.0,0.0
2025-12-18,31.0,32.0,28.200001,29.25,16.510565,208416,0.0,0.0
2025-12-19,29.700001,31.25,27.799999,29.299999,16.538788,147478,0.0,0.0
2025-12-22,28.700001,30.6,28.15,28.799999,16.256556,67778,0.0,0.0
2025-12-23,28.299999,28.700001,27.75,28.4,16.030769,43974,0.0,0.0
2025-12-24,28.0,29.15,28.0,29.15,16.454117,19158,0.0,0.0
2025-12-26,28.65,29.450001,27.799999,29.4,16.595234,30652,0.0,0.0
2025-12-29,28.65,29.15,27.6,28.1,15.861431,30006,0.0,0.0
2025-12-30,28.1,29.0,27.549999,28.15,15.889654,21746,0.0,0.0
2025-12-31,28.0,30.0,27.9,29.0,16.369448,27954,0.0,0.0
2026-01-02,28.6,29.0,28.15,29.0,16.369448,10154,0.0,0.0
2026-01-05,28.5,28.950001,27.65,28.25,15.9461,8954,0.0,0.0
2026-01-06,28.25,28.299999,27.5,27.700001,15.635646,21696,0.0,0.0
2026-01-07,27.5,28.299999,27.5,27.799999,15.692091,8060,0.0,0.0
2026-01-08,27.9,29.299999,27.9,28.450001,16.058994,14214,0.0,0.0
2026-01-09,28.450001,29.1,27.799999,28.5,16.087217,8098,0.0,0.0
2026-01-12,28.549999,29.0,27.799999,28.0,15.804985,6062,0.0,0.0
2026-01-13,28.0,29.0,27.9,28.25,15.9461,7900,0.0,0.0
2026-01-14,28.15,28.4,27.799999,28.35,16.002546,4646,0.0,0.0
2026-01-15,27.9,28.9,27.9,28.35,16.002546,4506,0.0,0.0
2026-01-16,28.700001,29.0,28.200001,28.35,16.002546,4700,0.0,0.0
2026-01-20,28.0,28.75,27.799999,28.700001,16.200109,5008,0.0,0.0
2026-01-21,28.299999,29.200001,27.85,29.0,16.369448,8122,0.0,0.0
2026-01-22,28.5,29.5,28.1,29.0,16.369448,14964,0.0,0.0
2026-01-23,29.0,29.450001,28.049999,29.049999,16.397671,3846,0.0,0.0
2026-01-26,29.0,29.1,27.85,28.85,16.284779,3596,0.0,0.0
2026-01-27,28.15,28.75,28.15,28.5,16.087217,23216,0.0,0.0
2026-01-28,28.25,28.450001,28.0,28.25,15.9461,6112,0.0,0.0
2026-01-29,28.5,28.65,27.85,28.35,16.002546,20460,0.0,0.0
2026-01-30,28.049999,28.299999,27.5,28.299999,15.974323,17104,0.0,0.0
2026-02-02,27.700001,28.75,27.700001,28.549999,16.115438,7064,0.0,0.0
2026-02-03,28.5,29.25,27.85,28.700001,16.200109,7404,0.0,0.0
2026-02-04,28.700001,29.35,28.299999,28.85,16.284779,13948,0.0,0.0
2026-02-05,28.9,29.0,27.799999,27.85,15.720315,7916,0.0,0.0
2026-02-06,27.9,28.25,27.799999,28.0,15.804985,3674,0.0,0.0
2026-02-09,28.0,28.200001,27.6,27.9,15.748538,2926,0.0,0.0
2026-02-10,28.450001,28.450001,27.6,27.85,15.720315,5240,0.0,0.0
2026-02-11,27.85,28.0,27.5,27.9,15.748538,3770,0.0,0.0
2026-02-12,27.950001,28.1,27.549999,27.85,15.720315,3208,0.0,0.0
2026-02-13,28.0,29.25,27.65,28.5,16.087217,6094,0.0,0.0
2026-02-17,28.75,30.25,28.25,29.65,16.736349,38832,0.0,0.0
2026-02-18,29.5,30.25,28.9,30.200001,17.046804,7208,0.0,0.0
2026-02-19,29.450001,30.15,28.299999,30.0,16.933912,5820,0.0,0.0
2026-02-20,29.950001,30.15,29.5,29.75,16.792795,5980,0.0,0.0
2026-02-23,30.0,30.1,29.5,29.799999,16.821018,5506,0.0,0.0
2026-02-24,30.0,30.0,28.65,28.75,16.228333,5810,0.0,0.0
2026-02-25,28.450001,29.5,28.450001,29.299999,16.538788,910,0.0,0.0
2026-02-26,28.25,29.9,28.25,29.700001,16.764574,3042,0.0,0.0
2026-02-27,29.200001,30.25,28.5,30.0,16.933912,8306,0.0,0.0
2026-03-02,30.0,30.4,29.799999,30.25,17.075027,12932,0.0,0.0
2026-03-03,29.950001,29.950001,29.0,29.35,16.567011,3978,0.0,0.0
2026-03-04,30.5,30.5,29.1,29.65,16.736349,4064,0.0,0.0
2026-03-05,29.65,29.950001,29.0,29.15,16.454117,1080,0.0,0.0
2026-03-06,29.0,30.0,28.5,29.75,16.792795,918,0.0,0.0
2026-03-09,29.5,30.0,29.0,29.5,16.65168,1402,0.0,0.0
2026-03-10,29.25,30.450001,29.25,30.1,16.990358,2286,0.0,0.0
2026-03-11,30.0,30.450001,29.25,30.0,16.933912,3442,0.0,0.0
2026-03-12,29.75,30.200001,29.1,29.35,16.567011,2852,0.0,0.0
2026-03-13,29.5,30.35,28.950001,29.549999,16.679903,4898,0.0,0.0
2026-03-16,30.0,30.9,29.25,30.450001,17.187922,7486,0.0,0.0
2026-03-17,30.450001,30.6,29.25,30.6,17.272591,3126,0.0,0.0
2026-03-18,30.15,30.75,29.049999,29.25,16.510565,3038,0.0,0.0
2026-03-19,29.5,31.450001,29.0,31.25,17.639492,10104,0.0,0.0
2026-03-20,30.75,31.5,30.200001,31.5,17.780607,5624,0.0,0.0
2026-03-23,31.0,31.0,30.25,30.75,17.35726,1764,0.0,0.0
2026-03-24,30.75,30.950001,30.200001,30.25,17.075027,3978,0.0,0.0
2026-03-25,31.0,31.5,30.200001,30.799999,17.385483,3798,0.0,0.0
2026-03-26,30.85,31.5,30.200001,30.9,17.441929,5044,0.0,0.0
2026-03-27,30.85,30.9,29.549999,29.549999,16.679903,2850,0.0,0.0
2026-03-30,29.35,29.5,28.65,29.4,16.595234,2664,0.0,0.0
2026-03-31,29.0,30.25,29.0,29.9,16.877466,2976,0.0,0.0
2026-04-01,30.0,31.0,29.5,30.299999,17.103251,2414,0.0,0.0
2026-04-02,30.299999,30.700001,29.6,30.049999,16.962135,2514,0.0,0.0
2026-04-06,30.35,30.950001,30.049999,30.200001,17.046804,3414,0.0,0.0
2026-04-07,30.049999,30.9,29.65,29.65,16.736349,950,0.0,0.0
2026-04-08,29.700001,31.299999,29.6,30.5,17.216145,1912,0.0,0.0
2026-04-09,30.9,31.15,30.1,30.65,17.300814,768,0.0,0.0
2026-04-10,30.65,30.65,30.25,30.5,17.216145,2020,0.0,0.0
2026-04-13,30.5,31.25,30.299999,31.25,17.639492,838,0.0,0.0
2026-04-14,30.450001,31.5,30.450001,31.15,17.583046,1846,0.0,0.0
2026-04-15,31.0,31.450001,30.0,31.0,17.498375,1192,0.0,0.0
2026-04-16,30.65,31.450001,30.5,30.9,17.441929,1706,0.0,0.0
2026-04-17,31.15,31.5,30.5,30.5,17.216145,3698,0.0,0.0
2026-04-20,30.5,31.75,30.5,31.65,17.865276,8830,0.0,0.0
2026-04-21,31.700001,32.450001,31.4,32.0,18.06284,2970,0.0,0.0
2026-04-22,31.75,32.400002,31.75,32.349998,18.260401,904,0.0,0.0
2026-04-23,32.349998,32.450001,31.950001,32.0,18.06284,658,0.0,0.0
2026-04-24,32.099998,32.450001,31.5,32.25,18.203955,1538,0.0,0.0
2026-04-27,32.5,32.5,31.9,31.950001,18.034616,534,0.0,0.0
2026-04-28,31.75,32.450001,31.0,32.0,18.06284,2216,0.0,0.0
2026-04-29,31.5,32.400002,31.5,31.799999,17.949945,652,0.0,0.0
2026-04-30,31.1,32.400002,31.1,31.85,17.97817,752,0.0,0.0
2026-05-01,32.25,32.25,31.9,32.049999,18.091063,2092,0.0,0.0
2026-05-04,31.799999,33.0,31.799999,32.799999,18.51441,31344,0.0,0.0
2026-05-05,33.25,34.5,33.0,33.299999,18.796642,9070,0.0,0.0
2026-05-06,33.5,33.849998,32.5,33.5,18.909534,3792,0.0,0.0
2026-05-07,33.5,34.0,33.5,33.700001,19.022429,4652,0.0,0.0
2026-05-08,33.0,33.75,32.549999,33.049999,18.655525,1444,0.0,0.0
2026-05-11,33.0,33.299999,33.0,33.25,18.768419,2474,0.0,0.0
2026-05-12,33.0,33.900002,32.549999,33.0,18.627304,2790,0.0,0.0
2026-05-13,32.400002,33.900002,32.25,33.5,18.909534,5564,0.0,0.0
2026-05-14,33.5,33.75,33.0,33.5,18.909534,2214,0.0,0.0
2026-05-15,33.5,33.599998,32.799999,33.5,18.909534,2128,0.0,0.0
2026-05-18,33.5,34.099998,33.5,33.799999,19.078875,14564,0.0,0.0
2026-05-19,33.549999,34.200001,33.0,34.049999,19.21999,2930,0.0,0.0
2026-05-20,34.200001,34.200001,33.299999,33.849998,19.107096,2500,0.0,0.0
2026-05-21,33.099998,34.099998,33.0,33.900002,19.135321,1916,0.0,0.0
2026-05-22,33.049999,34.0,33.049999,33.549999,18.937757,1570,0.0,0.0
2026-05-26,34.0,34.200001,33.0,34.0,19.191767,2448,0.0,0.0
2026-05-27,33.049999,34.0,33.0,34.0,19.191767,2472,0.0,0.0
2026-05-28,33.5,34.400002,33.099998,34.349998,19.389328,1438,0.0,0.0
2026-05-29,34.0,34.450001,33.450001,34.099998,19.248213,1502,0.0,0.0
2026-06-01,34.450001,34.450001,34.099998,34.150002,19.276438,3840,0.0,0.0
2026-06-02,34.5,34.5,33.650002,33.799999,19.078875,1466,0.0,0.0
2026-06-03,33.5,33.849998,32.650002,32.799999,18.51441,2926,0.0,0.0
2026-06-04,32.299999,33.5,31.15,33.25,18.768419,946,0.0,0.0
2026-06-05,32.5,33.5,31.5,32.799999,18.51441,1020,0.0,0.0
2026-06-08,33.450001,33.700001,32.5,32.950001,18.599081,2764,0.0,0.0
2026-06-09,33.5,33.549999,31.549999,33.549999,18.937757,1538,0.0,0.0
2026-06-10,32.849998,33.599998,32.75,32.950001,18.599081,434,0.0,0.0
2026-06-11,33.0,33.700001,33.0,33.25,18.768419,672,0.0,0.0
2026-06-12,33.25,33.25,32.25,32.450001,18.316849,1652,0.0,0.0
2026-06-15,32.450001,32.900002,30.5,31.1,17.554823,11044,0.0,0.0
2026-06-16,30.5,32.5,30.5,31.65,17.865276,2436,0.0,0.0
2026-06-17,32.099998,32.5,31.15,31.549999,17.80883,510,0.0,0.0
2026-06-18,31.35,33.049999,31.15,31.75,17.921724,4954,0.0,0.0
2026-06-22,32.150002,32.950001,32.0,32.5,18.345072,908,0.0,0.0
2026-06-23,32.25,32.75,32.25,32.5,18.345072,770,0.0,0.0
2026-06-24,33.0,33.849998,32.549999,32.549999,18.373295,3250,0.0,0.0
2026-06-25,31.200001,33.150002,31.200001,32.599998,18.401516,2152,0.0,0.0
2026-06-26,31.6,33.099998,31.200001,32.400002,18.288626,2406,0.0,0.0
2026-06-29,32.0,33.0,31.5,32.400002,18.288626,2338,0.0,0.0
2026-06-30,32.599998,33.099998,32.349998,32.549999,18.373295,1186,0.0,0.0
2026-07-01,32.5,34.75,32.5,34.049999,19.21999,13860,0.0,0.0
2026-07-02,34.0,34.5,33.5,34.0,19.191767,10404,0.0,0.0
2026-07-06,34.25,34.25,32.549999,33.400002,18.85309,1708,0.0,0.0
2026-07-07,33.200001,33.5,32.400002,33.5,18.909534,1018,0.0,0.0
2026-07-08,32.5,33.349998,31.65,32.5,18.345072,444,0.0,0.0
2026-07-09,32.349998,33.950001,32.349998,33.599998,18.965981,542,0.0,0.0
2026-07-10,31.25,32.900002,30.6,31.9,18.006393,321862,0.0,0.0
2026-07-13,31.75,34.599998,31.75,32.900002,18.570858,59040,0.0,0.0
2026-07-14,32.5,36.0,32.5,35.549999,20.066685,28806,0.0,0.0
2026-07-15,35.799999,38.75,35.799999,37.849998,21.364952,43890,0.0,0.0
2026-07-16,37.349998,39.5,37.25,38.400002,21.675407,30746,0.0,0.0
2026-07-17,38.0,39.0,37.049999,38.049999,21.477844,20104,0.0,0.0
2026-07-20,38.5,40.849998,37.75,40.400002,22.804337,44870,0.0,0.0
2026-07-21,39.200001,44.950001,38.900002,44.650002,25.203306,108202,0.0,0.0
2026-07-22,42.75,45.5,42.5,44.900002,25.344423,24212,0.0,0.0
2026-07-23,43.700001,46.950001,40.900002,46.150002,26.050003,19760,0.0,0.0
2026-07-24,24.35,27.450001,23.5,25.450001,25.450001,59064,20.1,0.0
2026-07-27,25.5,28.559999,23.370001,28.559999,28.559999,93300,0.0,0.02
2026-07-28,28.940001,28.940001,26.471001,28.049999,28.049999,28000,0.0,0.0
2026-07-29,28.0,32.099998,27.545,30.450001,30.450001,15800,0.0,0.0
2026-07-30,30.09,34.355,29.799999,32.990002,32.990002,22100,0.0,0.0
2026-07-31,34.790001,35.955002,31.549999,35.02,35.02,18500,0.0,0.0
2026-08-03,35.549999,37.150002,32.387001,33.59,33.59,16100,0.0,0.0
2026-08-04,34.439999,39.990002,34.439999,37.955002,37.955002,39700,0.0,0.0
2026-08-05,39.0,39.354,37.48,37.700001,37.700001,26000,0.0,0.0
2026-08-06,37.02,42.5,37.02,41.634998,41.634998,18500,0.0,0.0
2026-08-07,42.060001,44.2757,41.330002,41.43,41.43,23677,0.0,0.0
